model,date,y_true,y_pred
sarimax,2014-01-01,365.0,1796.429350112064
sarimax,2014-02-01,453.0,1989.1303483193183
sarimax,2014-03-01,957.0,2000.8325750102535
sarimax,2014-04-01,708.0,951.9612034251614
sarimax,2014-05-01,459.0,311.88054377085024
sarimax,2014-06-01,379.0,144.57396310605253
sarimax,2014-07-01,192.0,0.0
sarimax,2014-08-01,156.0,0.0
sarimax,2014-09-01,148.0,0.0
sarimax,2014-10-01,131.0,0.0
sarimax,2014-11-01,227.0,0.0
sarimax,2014-12-01,165.0,0.0
sarimax,2014-02-01,453.0,114.421089069456
sarimax,2014-03-01,957.0,335.28520421719276
sarimax,2014-04-01,708.0,0.0
sarimax,2014-05-01,459.0,0.0
sarimax,2014-06-01,379.0,0.0
sarimax,2014-07-01,192.0,0.0
sarimax,2014-08-01,156.0,0.0
sarimax,2014-09-01,148.0,0.0
sarimax,2014-10-01,131.0,0.0
sarimax,2014-11-01,227.0,0.0
sarimax,2014-12-01,165.0,0.0
sarimax,2015-01-01,231.0,0.0
sarimax,2014-03-01,957.0,775.422904113299
sarimax,2014-04-01,708.0,0.0
sarimax,2014-05-01,459.0,0.0
sarimax,2014-06-01,379.0,0.0
sarimax,2014-07-01,192.0,0.0
sarimax,2014-08-01,156.0,0.0
sarimax,2014-09-01,148.0,0.0
sarimax,2014-10-01,131.0,0.0
sarimax,2014-11-01,227.0,0.0
sarimax,2014-12-01,165.0,0.0
sarimax,2015-01-01,231.0,0.0
sarimax,2015-02-01,335.0,0.0
sarimax,2014-04-01,708.0,0.0
sarimax,2014-05-01,459.0,0.0
sarimax,2014-06-01,379.0,0.0
sarimax,2014-07-01,192.0,0.0
sarimax,2014-08-01,156.0,0.0
sarimax,2014-09-01,148.0,0.0
sarimax,2014-10-01,131.0,0.0
sarimax,2014-11-01,227.0,0.0
sarimax,2014-12-01,165.0,0.0
sarimax,2015-01-01,231.0,0.0
sarimax,2015-02-01,335.0,0.0
sarimax,2015-03-01,517.0,244.66840381487663
sarimax,2014-05-01,459.0,410.8222019797547
sarimax,2014-06-01,379.0,77.23074481776183
sarimax,2014-07-01,192.0,0.0
sarimax,2014-08-01,156.0,0.0
sarimax,2014-09-01,148.0,0.0
sarimax,2014-10-01,131.0,0.0
sarimax,2014-11-01,227.0,0.0
sarimax,2014-12-01,165.0,0.0
sarimax,2015-01-01,231.0,743.2001937360384
sarimax,2015-02-01,335.0,845.417758111103
sarimax,2015-03-01,517.0,1350.839105894872
sarimax,2015-04-01,251.0,630.2443870535737
sarimax,2014-06-01,379.0,141.15453349543878
sarimax,2014-07-01,192.0,0.0
sarimax,2014-08-01,156.0,0.0
sarimax,2014-09-01,148.0,0.0
sarimax,2014-10-01,131.0,0.0
sarimax,2014-11-01,227.0,0.0
sarimax,2014-12-01,165.0,27.008994895069577
sarimax,2015-01-01,231.0,801.5362469817624
sarimax,2015-02-01,335.0,903.8302945894375
sarimax,2015-03-01,517.0,1409.2109760873154
sarimax,2015-04-01,251.0,688.7054745758628
sarimax,2015-05-01,377.0,215.43051495187015
sarimax,2014-07-01,192.0,280.40624854367735
sarimax,2014-08-01,156.0,27.953378343467463
sarimax,2014-09-01,148.0,126.41250018008384
sarimax,2014-10-01,131.0,26.76629573837979
sarimax,2014-11-01,227.0,49.07679198593427
sarimax,2014-12-01,165.0,316.64874036547246
sarimax,2015-01-01,231.0,1094.064527179764
sarimax,2015-02-01,335.0,1195.6556438405735
sarimax,2015-03-01,517.0,1701.4135152245208
sarimax,2015-04-01,251.0,979.8050508538004
sarimax,2015-05-01,377.0,506.1952043994611
sarimax,2015-06-01,255.0,348.03190824132
sarimax,2014-08-01,156.0,0.0
sarimax,2014-09-01,148.0,23.669612773878512
sarimax,2014-10-01,131.0,0.0
sarimax,2014-11-01,227.0,0.0
sarimax,2014-12-01,165.0,208.10288362806233
sarimax,2015-01-01,231.0,986.6625528329414
sarimax,2015-02-01,335.0,1087.7156023637908
sarimax,2015-03-01,517.0,1593.7507743707263
sarimax,2015-04-01,251.0,871.9425026491092
sarimax,2015-05-01,377.0,398.3783272989809
sarimax,2015-06-01,255.0,240.16802380248413
sarimax,2015-07-01,263.0,0.0
sarimax,2014-09-01,148.0,351.6056415913521
sarimax,2014-10-01,131.0,202.0641586565651
sarimax,2014-11-01,227.0,250.0633345081846
sarimax,2014-12-01,165.0,504.6583158620116
sarimax,2015-01-01,231.0,1289.674503740611
sarimax,2015-02-01,335.0,1387.8137093704108
sarimax,2015-03-01,517.0,1895.35388487724
sarimax,2015-04-01,251.0,1172.3038077725976
sarimax,2015-05-01,377.0,698.9127333799003
sarimax,2015-06-01,255.0,540.4211642773134
sarimax,2015-07-01,263.0,268.808468407942
sarimax,2015-08-01,267.0,176.54581956005308
sarimax,2014-10-01,131.0,0.0
sarimax,2014-11-01,227.0,13.563616206557612
sarimax,2014-12-01,165.0,250.27296416662233
sarimax,2015-01-01,231.0,1045.016527311248
sarimax,2015-02-01,335.0,1138.399300587775
sarimax,2015-03-01,517.0,1648.3933776508097
sarimax,2015-04-01,251.0,923.7878110041761
sarimax,2015-05-01,377.0,450.9075059860281
sarimax,2015-06-01,255.0,292.03293211452007
sarimax,2015-07-01,263.0,20.540006858708693
sarimax,2015-08-01,267.0,0.0
sarimax,2015-09-01,290.0,0.0
sarimax,2014-11-01,227.0,280.7508152451027
sarimax,2014-12-01,165.0,483.14206024009496
sarimax,2015-01-01,231.0,1295.9458864600067
sarimax,2015-02-01,335.0,1380.2064948937993
sarimax,2015-03-01,517.0,1894.9044418724493
sarimax,2015-04-01,251.0,1167.6625589981359
sarimax,2015-05-01,377.0,695.9293454496692
sarimax,2015-06-01,255.0,536.3763073040706
sarimax,2015-07-01,263.0,265.17658156514307
sarimax,2015-08-01,267.0,172.59443887965932
sarimax,2015-09-01,290.0,186.0795255292957
sarimax,2015-10-01,164.0,150.8248304630659
sarimax,2014-12-01,165.0,411.39950171499873
sarimax,2015-01-01,231.0,1233.5657946982665
sarimax,2015-02-01,335.0,1313.033628527654
sarimax,2015-03-01,517.0,1830.2053929968206
sarimax,2015-04-01,251.0,1101.642752758924
sarimax,2015-05-01,377.0,630.5470058007196
sarimax,2015-06-01,255.0,470.64682048593363
sarimax,2015-07-01,263.0,199.6144706514304
sarimax,2015-08-01,267.0,106.93659060276143
sarimax,2015-09-01,290.0,120.47035141096363
sarimax,2015-10-01,164.0,85.18987039588964
sarimax,2015-11-01,192.0,129.20169245518534
sarimax,2015-01-01,231.0,904.4662724427777
sarimax,2015-02-01,335.0,1026.0241818010152
sarimax,2015-03-01,517.0,1521.513587305805
sarimax,2015-04-01,251.0,804.687012115468
sarimax,2015-05-01,377.0,328.11597992871134
sarimax,2015-06-01,255.0,171.2700028276251
sarimax,2015-07-01,263.0,0.0
sarimax,2015-08-01,267.0,0.0
sarimax,2015-09-01,290.0,0.0
sarimax,2015-10-01,164.0,0.0
sarimax,2015-11-01,192.0,0.0
sarimax,2015-12-01,312.0,0.0
sarimax,2015-02-01,335.0,128.48541315932306
sarimax,2015-03-01,517.0,738.6478384932788
sarimax,2015-04-01,251.0,0.0
sarimax,2015-05-01,377.0,0.0
sarimax,2015-06-01,255.0,0.0
sarimax,2015-07-01,263.0,0.0
sarimax,2015-08-01,267.0,0.0
sarimax,2015-09-01,290.0,0.0
sarimax,2015-10-01,164.0,0.0
sarimax,2015-11-01,192.0,0.0
sarimax,2015-12-01,312.0,0.0
sarimax,2016-01-01,1205.0,0.0
sarimax,2015-03-01,517.0,1013.9696274705276
sarimax,2015-04-01,251.0,207.53203748210365
sarimax,2015-05-01,377.0,0.0
sarimax,2015-06-01,255.0,0.0
sarimax,2015-07-01,263.0,0.0
sarimax,2015-08-01,267.0,0.0
sarimax,2015-09-01,290.0,0.0
sarimax,2015-10-01,164.0,0.0
sarimax,2015-11-01,192.0,0.0
sarimax,2015-12-01,312.0,0.0
sarimax,2016-01-01,1205.0,0.0
sarimax,2016-02-01,1494.0,0.0
sarimax,2015-04-01,251.0,0.0
sarimax,2015-05-01,377.0,0.0
sarimax,2015-06-01,255.0,0.0
sarimax,2015-07-01,263.0,0.0
sarimax,2015-08-01,267.0,0.0
sarimax,2015-09-01,290.0,0.0
sarimax,2015-10-01,164.0,0.0
sarimax,2015-11-01,192.0,0.0
sarimax,2015-12-01,312.0,0.0
sarimax,2016-01-01,1205.0,0.0
sarimax,2016-02-01,1494.0,0.0
sarimax,2016-03-01,1207.0,0.0
sarimax,2015-05-01,377.0,138.04015079368864
sarimax,2015-06-01,255.0,0.0
sarimax,2015-07-01,263.0,0.0
sarimax,2015-08-01,267.0,0.0
sarimax,2015-09-01,290.0,0.0
sarimax,2015-10-01,164.0,0.0
sarimax,2015-11-01,192.0,0.0
sarimax,2015-12-01,312.0,0.0
sarimax,2016-01-01,1205.0,0.0
sarimax,2016-02-01,1494.0,0.0
sarimax,2016-03-01,1207.0,0.0
sarimax,2016-04-01,1552.0,0.0
sarimax,2015-06-01,255.0,113.63358346860085
sarimax,2015-07-01,263.0,0.0
sarimax,2015-08-01,267.0,0.0
sarimax,2015-09-01,290.0,0.0
sarimax,2015-10-01,164.0,0.0
sarimax,2015-11-01,192.0,0.0
sarimax,2015-12-01,312.0,0.0
sarimax,2016-01-01,1205.0,0.0
sarimax,2016-02-01,1494.0,0.0
sarimax,2016-03-01,1207.0,249.90054014269876
sarimax,2016-04-01,1552.0,0.0
sarimax,2016-05-01,1118.0,0.0
sarimax,2015-07-01,263.0,85.5294394911843
sarimax,2015-08-01,267.0,0.0
sarimax,2015-09-01,290.0,0.0
sarimax,2015-10-01,164.0,0.0
sarimax,2015-11-01,192.0,0.0
sarimax,2015-12-01,312.0,0.0
sarimax,2016-01-01,1205.0,31.525684424738778
sarimax,2016-02-01,1494.0,129.12271703652715
sarimax,2016-03-01,1207.0,421.76077926101834
sarimax,2016-04-01,1552.0,161.33321045922338
sarimax,2016-05-01,1118.0,159.163292510718
sarimax,2016-06-01,620.0,51.4684250443855
sarimax,2015-08-01,267.0,177.66374783058126
sarimax,2015-09-01,290.0,187.58152942984984
sarimax,2015-10-01,164.0,154.3062945718309
sarimax,2015-11-01,192.0,198.544849977372
sarimax,2015-12-01,312.0,197.16565884763008
sarimax,2016-01-01,1205.0,246.19415348926995
sarimax,2016-02-01,1494.0,344.82511760501944
sarimax,2016-03-01,1207.0,636.9472325453063
sarimax,2016-04-01,1552.0,376.79184077113314
sarimax,2016-05-01,1118.0,374.466594085094
sarimax,2016-06-01,620.0,266.84476492236166
sarimax,2016-07-01,371.0,208.11930094017964
sarimax,2015-09-01,290.0,306.21028645646436
sarimax,2015-10-01,164.0,257.91318760166155
sarimax,2015-11-01,192.0,309.8728463769363
sarimax,2015-12-01,312.0,304.5242017999496
sarimax,2016-01-01,1205.0,355.5847010662656
sarimax,2016-02-01,1494.0,453.1773450156543
sarimax,2016-03-01,1207.0,745.8024465562581
sarimax,2016-04-01,1552.0,485.37192054379204
sarimax,2016-05-01,1118.0,483.22228881034505
sarimax,2016-06-01,620.0,375.5245489343032
sarimax,2016-07-01,371.0,316.8543575152819
sarimax,2016-08-01,211.0,307.15463369003146
sarimax,2015-10-01,164.0,236.20252707226882
sarimax,2015-11-01,192.0,290.9867237328178
sarimax,2015-12-01,312.0,284.18745521544304
sarimax,2016-01-01,1205.0,335.9912417229591
sarimax,2016-02-01,1494.0,433.20340429858516
sarimax,2016-03-01,1207.0,726.0178124492148
sarimax,2016-04-01,1552.0,465.4867905908312
sarimax,2016-05-01,1118.0,463.3955345879789
sarimax,2016-06-01,620.0,355.6706556886762
sarimax,2016-07-01,371.0,297.01761853962796
sarimax,2016-08-01,211.0,287.31170655337746
sarimax,2016-09-01,193.0,299.72043597010514
sarimax,2015-11-01,192.0,195.19234616643288
sarimax,2015-12-01,312.0,200.5050455181785
sarimax,2016-01-01,1205.0,246.094296900016
sarimax,2016-02-01,1494.0,346.494279662155
sarimax,2016-03-01,1207.0,637.6851934175194
sarimax,2016-04-01,1552.0,377.99470294085813
sarimax,2016-05-01,1118.0,375.45737464384524
sarimax,2016-06-01,620.0,267.95539905977984
sarimax,2016-07-01,371.0,209.181006294664
sarimax,2016-08-01,211.0,199.5317601723509
sarimax,2016-09-01,193.0,211.90934066271032
sarimax,2016-10-01,218.0,123.20618327425966
sarimax,2015-12-01,312.0,196.12233614896627
sarimax,2016-01-01,1205.0,242.321499083943
sarimax,2016-02-01,1494.0,342.4092080938169
sarimax,2016-03-01,1207.0,633.7566588953196
sarimax,2016-04-01,1552.0,373.98381976923514
sarimax,2016-05-01,1118.0,371.49290390668114
sarimax,2016-06-01,620.0,263.9688475778564
sarimax,2016-07-01,371.0,205.20775982486742
sarimax,2016-08-01,211.0,195.55329157745336
sarimax,2016-09-01,193.0,207.93413856994152
sarimax,2016-10-01,218.0,119.22824199795633
sarimax,2016-11-01,220.0,170.48568537170098
sarimax,2016-01-01,1205.0,396.6729133315921
sarimax,2016-02-01,1494.0,477.0162493697922
sarimax,2016-03-01,1207.0,778.499019848974
sarimax,2016-04-01,1552.0,513.5266018572944
sarimax,2016-05-01,1118.0,513.700645616965
sarimax,2016-06-01,620.0,404.80760006591146
sarimax,2016-07-01,371.0,346.747457951065
sarimax,2016-08-01,211.0,336.73199054121915
sarimax,2016-09-01,193.0,349.2976220353084
sarimax,2016-10-01,218.0,260.4977529271598
sarimax,2016-11-01,220.0,311.80456007545655
sarimax,2016-12-01,250.0,369.521610833871
sarimax,2016-02-01,1494.0,1553.351333663063
sarimax,2016-03-01,1207.0,1716.525573748514
sarimax,2016-04-01,1552.0,1522.9267750951851
sarimax,2016-05-01,1118.0,1486.2703770241992
sarimax,2016-06-01,620.0,1396.3849204226933
sarimax,2016-07-01,371.0,1328.51686307054
sarimax,2016-08-01,211.0,1323.5637665519732
sarimax,2016-09-01,193.0,1333.517238156453
sarimax,2016-10-01,218.0,1246.0648089086512
sarimax,2016-11-01,220.0,1296.6754552207474
sarimax,2016-12-01,250.0,1354.7527118482096
sarimax,2017-01-01,737.0,1964.6781416401177
sarimax,2016-03-01,1207.0,1637.577383625888
sarimax,2016-04-01,1552.0,1454.227704093301
sarimax,2016-05-01,1118.0,1412.2095068375024
sarimax,2016-06-01,620.0,1325.1257465519302
sarimax,2016-07-01,371.0,1255.7917679438767
sarimax,2016-08-01,211.0,1251.6036087726875
sarimax,2016-09-01,193.0,1261.1569090953903
sarimax,2016-10-01,218.0,1173.9143569138948
sarimax,2016-11-01,220.0,1224.4164148409454
sarimax,2016-12-01,250.0,1282.5491534488335
sarimax,2017-01-01,737.0,1892.4377865318065
sarimax,2017-02-01,594.0,2118.2563245695496
sarimax,2016-04-01,1552.0,880.0169314838778
sarimax,2016-05-01,1118.0,912.2963293064532
sarimax,2016-06-01,620.0,786.9289951719336
sarimax,2016-07-01,371.0,737.431230349006
sarimax,2016-08-01,211.0,723.0655975582874
sarimax,2016-09-01,193.0,737.8947167611013
sarimax,2016-10-01,218.0,647.8883875054499
sarimax,2016-11-01,220.0,699.7628521485209
sarimax,2016-12-01,250.0,757.2512401495013
sarimax,2017-01-01,737.0,1367.8740298141008
sarimax,2017-02-01,594.0,1593.5804077527318
sarimax,2017-03-01,563.0,1466.8611099148825
sarimax,2016-05-01,1118.0,1808.1691990055751
sarimax,2016-06-01,620.0,1566.9669479742238
sarimax,2016-07-01,371.0,1577.4603229658146
sarimax,2016-08-01,211.0,1532.08134826578
sarimax,2016-09-01,193.0,1562.9735327572755
sarimax,2016-10-01,218.0,1464.6314227069213
sarimax,2016-11-01,220.0,1520.7896626819456
sarimax,2016-12-01,250.0,1576.0967710360778
sarimax,2017-01-01,737.0,2188.072470047471
sarimax,2017-02-01,594.0,2413.227761698071
sarimax,2017-03-01,563.0,2286.7028884309684
sarimax,2017-04-01,604.0,2422.9182325620914
sarimax,2016-06-01,620.0,650.9376214375602
sarimax,2016-07-01,371.0,779.9763337278955
sarimax,2016-08-01,211.0,672.2565532241653
sarimax,2016-09-01,193.0,735.861040161017
sarimax,2016-10-01,218.0,620.3905925523985
sarimax,2016-11-01,220.0,685.6107492119261
sarimax,2016-12-01,250.0,736.0805743871164
sarimax,2017-01-01,737.0,1350.0960146853645
sarimax,2017-02-01,594.0,1573.8449981075742
sarimax,2017-03-01,563.0,1448.2598564603657
sarimax,2017-04-01,604.0,1583.7842544836494
sarimax,2017-05-01,266.0,1341.5609939167211
sarimax,2016-07-01,371.0,739.2186467051937
sarimax,2016-08-01,211.0,636.6427499626473
sarimax,2016-09-01,193.0,697.5549892479704
sarimax,2016-10-01,218.0,583.4924962679709
sarimax,2016-11-01,220.0,647.9733623238099
sarimax,2016-12-01,250.0,698.832759791736
sarimax,2017-01-01,737.0,1312.6600869413257
sarimax,2017-02-01,594.0,1536.5181741558265
sarimax,2017-03-01,563.0,1410.8695178659373
sarimax,2017-04-01,604.0,1546.4334476432575
sarimax,2017-05-01,266.0,1304.1853650346502
sarimax,2017-06-01,202.0,934.6128501740232
sarimax,2016-08-01,211.0,148.74611988367394
sarimax,2016-09-01,193.0,272.0567114492382
sarimax,2016-10-01,218.0,125.4774946298501
sarimax,2016-11-01,220.0,206.94763581877157
sarimax,2016-12-01,250.0,248.90970661437905
sarimax,2017-01-01,737.0,867.1409923981116
sarimax,2017-02-01,594.0,1088.5447145923476
sarimax,2017-03-01,563.0,964.2713359944876
sarimax,2017-04-01,604.0,1099.0242881908393
sarimax,2017-05-01,266.0,857.2608990014974
sarimax,2017-06-01,202.0,487.606593635255
sarimax,2017-07-01,244.0,326.71567756916136
sarimax,2016-09-01,193.0,354.66510687083064
sarimax,2016-10-01,218.0,197.4609179411353
sarimax,2016-11-01,220.0,284.47970632402433
sarimax,2016-12-01,250.0,323.54297241917675
sarimax,2017-01-01,737.0,943.274539758706
sarimax,2017-02-01,594.0,1163.8862830149715
sarimax,2017-03-01,563.0,1040.031643654883
sarimax,2017-04-01,604.0,1174.5607989553446
sarimax,2017-05-01,266.0,932.9176614127931
sarimax,2017-06-01,202.0,563.21005092154
sarimax,2017-07-01,244.0,402.3533884102388
sarimax,2017-08-01,258.0,298.3724373794453
sarimax,2016-10-01,218.0,0.0
sarimax,2016-11-01,220.0,97.70124539627065
sarimax,2016-12-01,250.0,122.5802782817992
sarimax,2017-01-01,737.0,749.6413575789442
sarimax,2017-02-01,594.0,966.4065941833151
sarimax,2017-03-01,563.0,844.573280067322
sarimax,2017-04-01,604.0,978.0309764893609
sarimax,2017-05-01,266.0,736.9583688760222
sarimax,2017-06-01,202.0,366.99007813800733
sarimax,2017-07-01,244.0,206.29353790631149
sarimax,2017-08-01,258.0,102.2454045781123
sarimax,2017-09-01,290.0,98.37114754770255
sarimax,2016-11-01,220.0,408.0920342554861
sarimax,2016-12-01,250.0,393.5979871214006
sarimax,2017-01-01,737.0,1040.978757962127
sarimax,2017-02-01,594.0,1247.120697331638
sarimax,2017-03-01,563.0,1130.8477940978455
sarimax,2017-04-01,604.0,1261.3734686610276
sarimax,2017-05-01,266.0,1021.8530707573716
sarimax,2017-06-01,202.0,651.1628553639353
sarimax,2017-07-01,244.0,490.8977370434022
sarimax,2017-08-01,258.0,386.6630240054946
sarimax,2017-09-01,290.0,382.9014274232394
sarimax,2017-10-01,210.0,356.096995105252
sarimax,2016-12-01,250.0,144.71753754238784
sarimax,2017-01-01,737.0,823.5743051429494
sarimax,2017-02-01,594.0,1013.3841646953842
sarimax,2017-03-01,563.0,905.5872118298905
sarimax,2017-04-01,604.0,1031.7086631379789
sarimax,2017-05-01,266.0,794.4783754187158
sarimax,2017-06-01,202.0,422.6220919856802
sarimax,2017-07-01,244.0,262.97538842298525
sarimax,2017-08-01,258.0,158.42945746287901
sarimax,2017-09-01,290.0,154.83307904606053
sarimax,2017-10-01,210.0,127.93897520109701
sarimax,2017-11-01,123.0,138.94006870593984
sarimax,2017-01-01,737.0,962.9716694818406
sarimax,2017-02-01,594.0,1135.13342472727
sarimax,2017-03-01,563.0,1036.4640160804643
sarimax,2017-04-01,604.0,1157.8710958030351
sarimax,2017-05-01,266.0,923.0738323153031
sarimax,2017-06-01,202.0,549.9331965533432
sarimax,2017-07-01,244.0,390.93535129015277
sarimax,2017-08-01,258.0,286.0425694875056
sarimax,2017-09-01,290.0,282.6212766383498
sarimax,2017-10-01,210.0,255.64119216071964
sarimax,2017-11-01,123.0,266.68871208050956
sarimax,2017-12-01,163.0,327.42733132879016
sarimax,2017-02-01,594.0,836.2767234879839
sarimax,2017-03-01,563.0,775.4390103519888
sarimax,2017-04-01,604.0,877.127697458274
sarimax,2017-05-01,266.0,652.6321989478636
sarimax,2017-06-01,202.0,274.4796320068074
sarimax,2017-07-01,244.0,118.28185109653333
sarimax,2017-08-01,258.0,12.080942391480882
sarimax,2017-09-01,290.0,9.394174085180968
sarimax,2017-10-01,210.0,0.0
sarimax,2017-11-01,123.0,0.0
sarimax,2017-12-01,163.0,53.906591123959004
sarimax,2018-01-01,154.0,680.1924511235363
sarimax,2017-03-01,563.0,455.20057747540295
sarimax,2017-04-01,604.0,597.2873922505541
sarimax,2017-05-01,266.0,351.8539970079772
sarimax,2017-06-01,202.0,0.0
sarimax,2017-07-01,244.0,0.0
sarimax,2017-08-01,258.0,0.0
sarimax,2017-09-01,290.0,0.0
sarimax,2017-10-01,210.0,0.0
sarimax,2017-11-01,123.0,0.0
sarimax,2017-12-01,163.0,0.0
sarimax,2018-01-01,154.0,386.40342035334686
sarimax,2018-02-01,170.0,391.4862829543922
sarimax,2017-04-01,604.0,739.7186522052682
sarimax,2017-05-01,266.0,476.2866709990607
sarimax,2017-06-01,202.0,118.33029353323684
sarimax,2017-07-01,244.0,0.0
sarimax,2017-08-01,258.0,0.0
sarimax,2017-09-01,290.0,0.0
sarimax,2017-10-01,210.0,0.0
sarimax,2017-11-01,123.0,0.0
sarimax,2017-12-01,163.0,0.0
sarimax,2018-01-01,154.0,517.0615568410954
sarimax,2018-02-01,170.0,522.2254421980348
sarimax,2018-03-01,248.0,403.42894367890733
sarimax,2017-05-01,266.0,296.8305032853494
sarimax,2017-06-01,202.0,0.0
sarimax,2017-07-01,244.0,0.0
sarimax,2017-08-01,258.0,0.0
sarimax,2017-09-01,290.0,0.0
sarimax,2017-10-01,210.0,0.0
sarimax,2017-11-01,123.0,0.0
sarimax,2017-12-01,163.0,0.0
sarimax,2018-01-01,154.0,352.8016042947154
sarimax,2018-02-01,170.0,358.1777272681222
sarimax,2018-03-01,248.0,239.26436513140104
sarimax,2018-04-01,351.0,384.59703943229215
sarimax,2017-06-01,202.0,0.0
sarimax,2017-07-01,244.0,0.0
sarimax,2017-08-01,258.0,0.0
sarimax,2017-09-01,290.0,0.0
sarimax,2017-10-01,210.0,0.0
sarimax,2017-11-01,123.0,0.0
sarimax,2017-12-01,163.0,0.0
sarimax,2018-01-01,154.0,315.2916767049555
sarimax,2018-02-01,170.0,320.5824549592486
sarimax,2018-03-01,248.0,201.71574242135839
sarimax,2018-04-01,351.0,347.0122242171417
sarimax,2018-05-01,252.0,0.0
sarimax,2017-07-01,244.0,120.72207839399394
sarimax,2017-08-01,258.0,0.0
sarimax,2017-09-01,290.0,0.0
sarimax,2017-10-01,210.0,0.0
sarimax,2017-11-01,123.0,0.0
sarimax,2017-12-01,163.0,29.772087809765853
sarimax,2018-01-01,154.0,657.587066839126
sarimax,2018-02-01,170.0,661.9313195117847
sarimax,2018-03-01,248.0,543.5568137145627
sarimax,2018-04-01,351.0,688.5975207116785
sarimax,2018-05-01,252.0,317.78761124972664
sarimax,2018-06-01,250.0,104.8810100419891
sarimax,2017-08-01,258.0,139.18383188662906
sarimax,2017-09-01,290.0,135.8124857692698
sarimax,2017-10-01,210.0,108.71493156235488
sarimax,2017-11-01,123.0,119.78714572174547
sarimax,2017-12-01,163.0,180.5851941436341
sarimax,2018-01-01,154.0,806.9167412082113
sarimax,2018-02-01,170.0,812.105797216031
sarimax,2018-03-01,248.0,693.2885089380892
sarimax,2018-04-01,351.0,838.5789695968107
sarimax,2018-05-01,252.0,467.64632325516675
sarimax,2018-06-01,250.0,254.74813379845395
sarimax,2018-07-01,305.0,196.91273386140819
sarimax,2017-09-01,290.0,293.65199621656694
sarimax,2017-10-01,210.0,246.2750951455016
sarimax,2017-11-01,123.0,267.8901350438618
sarimax,2017-12-01,163.0,323.2045012624067
sarimax,2018-01-01,154.0,952.370495528488
sarimax,2018-02-01,170.0,956.0636412896322
sarimax,2018-03-01,248.0,838.0250158515413
sarimax,2018-04-01,351.0,982.9047296362148
sarimax,2018-05-01,252.0,612.1834057955864
sarimax,2018-06-01,250.0,399.19237715517977
sarimax,2018-07-01,305.0,341.4233865829818
sarimax,2018-08-01,212.0,295.70399225329464
sarimax,2017-10-01,210.0,241.36226114443912
sarimax,2017-11-01,123.0,263.6351588060357
sarimax,2017-12-01,163.0,318.6054337711462
sarimax,2018-01-01,154.0,947.9457453662226
sarimax,2018-02-01,170.0,951.5408411440408
sarimax,2018-03-01,248.0,833.5536708964487
sarimax,2018-04-01,351.0,978.4046594505087
sarimax,2018-05-01,252.0,607.6976123140827
sarimax,2018-06-01,250.0,394.70454220404963
sarimax,2018-07-01,305.0,336.94238656351536
sarimax,2018-08-01,212.0,291.22306318632127
sarimax,2018-09-01,185.0,306.0877643828621
sarimax,2017-11-01,123.0,222.0341857910236
sarimax,2017-12-01,163.0,282.3278467690917
sarimax,2018-01-01,154.0,908.903771656501
sarimax,2018-02-01,170.0,913.9402600668607
sarimax,2018-03-01,248.0,795.2035578091777
sarimax,2018-04-01,351.0,940.4453405453586
sarimax,2018-05-01,252.0,569.5355500370798
sarimax,2018-06-01,250.0,356.6446427443302
sarimax,2018-07-01,305.0,298.82592278167505
sarimax,2018-08-01,212.0,253.13383017325364
sarimax,2018-09-01,185.0,267.98343613885623
sarimax,2018-10-01,131.0,224.00181397523454
sarimax,2017-12-01,163.0,150.69965118634613
sarimax,2018-01-01,154.0,794.1949609478736
sarimax,2018-02-01,170.0,790.3995245429327
sarimax,2018-03-01,248.0,676.2560567002146
sarimax,2018-04-01,351.0,819.1003747106679
sarimax,2018-05-01,252.0,449.4334872401968
sarimax,2018-06-01,250.0,235.92351875474574
sarimax,2018-07-01,305.0,178.45555333632404
sarimax,2018-08-01,212.0,132.59932298403152
sarimax,2018-09-01,185.0,147.54212275019518
sarimax,2018-10-01,131.0,103.50762876298174
sarimax,2018-11-01,97.0,47.05808844931293
sarimax,2018-01-01,154.0,810.5776232724618
sarimax,2018-02-01,170.0,804.641798458249
sarimax,2018-03-01,248.0,691.6127140639962
sarimax,2018-04-01,351.0,833.8728751636331
sarimax,2018-05-01,252.0,464.50831538816675
sarimax,2018-06-01,250.0,250.85345052609728
sarimax,2018-07-01,305.0,193.4741077946054
sarimax,2018-08-01,212.0,147.5801045215462
sarimax,2018-09-01,185.0,162.54615589880487
sarimax,2018-10-01,131.0,118.49754162116045
sarimax,2018-11-01,97.0,62.05166873783267
sarimax,2018-12-01,153.0,98.60606100703909
sarimax,2018-02-01,170.0,0.0
sarimax,2018-03-01,248.0,0.0
sarimax,2018-04-01,351.0,14.93571596904529
sarimax,2018-05-01,252.0,0.0
sarimax,2018-06-01,250.0,0.0
sarimax,2018-07-01,305.0,0.0
sarimax,2018-08-01,212.0,0.0
sarimax,2018-09-01,185.0,0.0
sarimax,2018-10-01,131.0,0.0
sarimax,2018-11-01,97.0,0.0
sarimax,2018-12-01,153.0,0.0
sarimax,2019-01-01,128.0,0.0
sarimax,2018-03-01,248.0,246.93438229050037
sarimax,2018-04-01,351.0,290.33912511008526
sarimax,2018-05-01,252.0,0.0
sarimax,2018-06-01,250.0,0.0
sarimax,2018-07-01,305.0,0.0
sarimax,2018-08-01,212.0,0.0
sarimax,2018-09-01,185.0,0.0
sarimax,2018-10-01,131.0,0.0
sarimax,2018-11-01,97.0,0.0
sarimax,2018-12-01,153.0,0.0
sarimax,2019-01-01,128.0,0.0
sarimax,2019-02-01,212.0,0.0
sarimax,2018-04-01,351.0,291.61378009185705
sarimax,2018-05-01,252.0,0.0
sarimax,2018-06-01,250.0,0.0
sarimax,2018-07-01,305.0,0.0
sarimax,2018-08-01,212.0,0.0
sarimax,2018-09-01,185.0,0.0
sarimax,2018-10-01,131.0,0.0
sarimax,2018-11-01,97.0,0.0
sarimax,2018-12-01,153.0,0.0
sarimax,2019-01-01,128.0,0.0
sarimax,2019-02-01,212.0,0.0
sarimax,2019-03-01,197.0,0.0
sarimax,2018-05-01,252.0,52.337497336937325
sarimax,2018-06-01,250.0,0.0
sarimax,2018-07-01,305.0,0.0
sarimax,2018-08-01,212.0,0.0
sarimax,2018-09-01,185.0,0.0
sarimax,2018-10-01,131.0,0.0
sarimax,2018-11-01,97.0,0.0
sarimax,2018-12-01,153.0,0.0
sarimax,2019-01-01,128.0,0.0
sarimax,2019-02-01,212.0,0.0
sarimax,2019-03-01,197.0,0.0
sarimax,2019-04-01,242.0,0.0
sarimax,2018-06-01,250.0,66.91104318407375
sarimax,2018-07-01,305.0,0.0
sarimax,2018-08-01,212.0,0.0
sarimax,2018-09-01,185.0,0.0
sarimax,2018-10-01,131.0,0.0
sarimax,2018-11-01,97.0,0.0
sarimax,2018-12-01,153.0,0.0
sarimax,2019-01-01,128.0,65.88579891546937
sarimax,2019-02-01,212.0,27.624103977119553
sarimax,2019-03-01,197.0,68.24707214278952
sarimax,2019-04-01,242.0,150.07081600864603
sarimax,2019-05-01,211.0,0.0
sarimax,2018-07-01,305.0,238.08380794819863
sarimax,2018-08-01,212.0,168.86156177774802
sarimax,2018-09-01,185.0,196.07369328942966
sarimax,2018-10-01,131.0,145.59176671987285
sarimax,2018-11-01,97.0,92.35943495507105
sarimax,2018-12-01,153.0,127.211721880229
sarimax,2019-01-01,128.0,288.7712831046624
sarimax,2019-02-01,212.0,249.91738917933418
sarimax,2019-03-01,197.0,290.87495405329645
sarimax,2019-04-01,242.0,372.54133221984785
sarimax,2019-05-01,211.0,191.85413752778766
sarimax,2019-06-01,322.0,168.61238828367675
sarimax,2018-08-01,212.0,257.6205083783998
sarimax,2018-09-01,185.0,273.4935043459004
sarimax,2018-10-01,131.0,228.89763657113582
sarimax,2018-11-01,97.0,172.5985395442163
sarimax,2018-12-01,153.0,209.04184615707348
sarimax,2019-01-01,128.0,369.74463842583145
sarimax,2019-02-01,212.0,331.32978187348454
sarimax,2019-03-01,197.0,372.07104747677806
sarimax,2019-04-01,242.0,453.8570971744481
sarimax,2019-05-01,211.0,273.12441891943513
sarimax,2019-06-01,322.0,249.91775462435493
sarimax,2019-07-01,213.0,300.4731645321379
sarimax,2018-09-01,185.0,212.9808373789329
sarimax,2018-10-01,131.0,176.13018278727668
sarimax,2018-11-01,97.0,115.80111142369067
sarimax,2018-12-01,153.0,154.34020932633356
sarimax,2019-01-01,128.0,313.94813834341664
sarimax,2019-02-01,212.0,276.10180148631724
sarimax,2019-03-01,197.0,316.5492183639982
sarimax,2019-04-01,242.0,398.489261704107
sarimax,2019-05-01,211.0,217.6791173897056
sarimax,2019-06-01,322.0,194.51455394364035
sarimax,2019-07-01,213.0,245.0485046360776
sarimax,2019-08-01,153.0,188.65190577707088
sarimax,2018-10-01,131.0,138.9085946349738
sarimax,2018-11-01,97.0,83.3854234866674
sarimax,2018-12-01,153.0,119.42457161735608
sarimax,2019-01-01,128.0,280.3305795690003
sarimax,2019-02-01,212.0,241.80859166450085
sarimax,2019-03-01,197.0,282.60833271982256
sarimax,2019-04-01,242.0,364.3656632495534
sarimax,2019-05-01,211.0,183.65180931066703
sarimax,2019-06-01,322.0,160.43802092389834
sarimax,2019-07-01,213.0,210.99778484995292
sarimax,2019-08-01,153.0,154.5872963978453
sarimax,2019-09-01,150.0,147.76592604379385
sarimax,2018-11-01,97.0,72.92182318620895
sarimax,2018-12-01,153.0,110.28940757092053
sarimax,2019-01-01,128.0,270.4959366387666
sarimax,2019-02-01,212.0,232.33609791947077
sarimax,2019-03-01,197.0,272.9507584486687
sarimax,2019-04-01,242.0,354.8064085817375
sarimax,2019-05-01,211.0,174.04608290877678
sarimax,2019-06-01,322.0,150.85967744173797
sarimax,2019-07-01,213.0,201.40597675288564
sarimax,2019-08-01,153.0,145.000765795706
sarimax,2019-09-01,150.0,138.1746752748997
sarimax,2019-10-01,124.0,75.28465263385984
sarimax,2018-12-01,153.0,142.25380390307333
sarimax,2019-01-01,128.0,298.34952403269585
sarimax,2019-02-01,212.0,262.32746588984025
sarimax,2019-03-01,197.0,301.8323879460692
sarimax,2019-04-01,242.0,384.2672107541347
sarimax,2019-05-01,211.0,203.20934596120688
sarimax,2019-06-01,322.0,180.18042038945887
sarimax,2019-07-01,213.0,230.6454127865611
sarimax,2019-08-01,153.0,174.28108926184882
sarimax,2019-09-01,150.0,167.43209343115507
sarimax,2019-10-01,124.0,104.55392351544648
sarimax,2019-11-01,121.0,52.42380660937655
sarimax,2019-01-01,128.0,312.65915099539234
sarimax,2019-02-01,212.0,274.78153137184523
sarimax,2019-03-01,197.0,315.2545604474106
sarimax,2019-04-01,242.0,397.18721387763213
sarimax,2019-05-01,211.0,216.39427918818495
sarimax,2019-06-01,322.0,193.22998758737222
sarimax,2019-07-01,213.0,243.76602284744305
sarimax,2019-08-01,153.0,187.3633923937435
sarimax,2019-09-01,150.0,180.53279695352495
sarimax,2019-10-01,124.0,117.64498953879503
sarimax,2019-11-01,121.0,65.52077669191678
sarimax,2019-12-01,112.0,116.05044663712933
sarimax,2019-02-01,212.0,29.291186438665818
sarimax,2019-03-01,197.0,101.44950336325476
sarimax,2019-04-01,242.0,166.92807811332315
sarimax,2019-05-01,211.0,0.0
sarimax,2019-06-01,322.0,0.0
sarimax,2019-07-01,213.0,20.006575191434965
sarimax,2019-08-01,153.0,0.0
sarimax,2019-09-01,150.0,0.0
sarimax,2019-10-01,124.0,0.0
sarimax,2019-11-01,121.0,0.0
sarimax,2019-12-01,112.0,0.0
sarimax,2020-01-01,205.0,0.0
sarimax,2019-03-01,197.0,344.3947935420766
sarimax,2019-04-01,242.0,378.5513395569567
sarimax,2019-05-01,211.0,222.71393832949514
sarimax,2019-06-01,322.0,186.63647425106222
sarimax,2019-07-01,213.0,243.90716692729868
sarimax,2019-08-01,153.0,183.9636382384113
sarimax,2019-09-01,150.0,178.93240764555802
sarimax,2019-10-01,124.0,115.10677103180097
sarimax,2019-11-01,121.0,63.495223967805906
sarimax,2019-12-01,112.0,113.77442074638313
sarimax,2020-01-01,205.0,94.37253782278052
sarimax,2020-02-01,289.0,155.0767172087165
sarimax,2019-04-01,242.0,182.60006528725307
sarimax,2019-05-01,211.0,52.046128222290704
sarimax,2019-06-01,322.0,2.8133448162863672
sarimax,2019-07-01,213.0,66.93319134606938
sarimax,2019-08-01,153.0,3.421435719235678
sarimax,2019-09-01,150.0,0.24414716458584707
sarimax,2019-10-01,124.0,0.0
sarimax,2019-11-01,121.0,0.0
sarimax,2019-12-01,112.0,0.0
sarimax,2020-01-01,205.0,0.0
sarimax,2020-02-01,289.0,0.0
sarimax,2020-03-01,368.0,0.0
sarimax,2019-05-01,211.0,131.05088787566402
sarimax,2019-06-01,322.0,71.61779759146052
sarimax,2019-07-01,213.0,141.0500775730597
sarimax,2019-08-01,153.0,74.76871524362602
sarimax,2019-09-01,150.0,73.02917455069428
sarimax,2019-10-01,124.0,7.4896233935520815
sarimax,2019-11-01,121.0,0.0
sarimax,2019-12-01,112.0,6.590080838371087
sarimax,2020-01-01,205.0,0.0
sarimax,2020-02-01,289.0,48.01190114841545
sarimax,2020-03-01,368.0,64.87308329056751
sarimax,2020-04-01,114.0,129.6272564349432
sarimax,2019-06-01,322.0,177.79666665423878
sarimax,2019-07-01,213.0,233.58134826109492
sarimax,2019-08-01,153.0,174.3975180457751
sarimax,2019-09-01,150.0,168.95935874833975
sarimax,2019-10-01,124.0,105.34431003595498
sarimax,2019-11-01,121.0,53.630957017653586
sarimax,2019-12-01,112.0,103.96783402775938
sarimax,2020-01-01,205.0,84.53516744615611
sarimax,2020-02-01,289.0,145.26199650553218
sarimax,2020-03-01,368.0,162.04560093234764
sarimax,2020-04-01,114.0,226.8353633370442
sarimax,2020-05-01,227.0,172.62400316363627
sarimax,2019-07-01,213.0,425.2912904066154
sarimax,2019-08-01,153.0,341.39075773645135
sarimax,2019-09-01,150.0,348.80559001870034
sarimax,2019-10-01,124.0,278.5042842021066
sarimax,2019-11-01,121.0,230.27172347078562
sarimax,2019-12-01,112.0,278.7996298818445
sarimax,2020-01-01,205.0,260.30767842271007
sarimax,2020-02-01,289.0,320.5475108670037
sarimax,2020-03-01,368.0,337.5821705693187
sarimax,2020-04-01,114.0,402.2371296066954
sarimax,2020-05-01,227.0,348.09738904839696
sarimax,2020-06-01,218.0,420.47749641694935
sarimax,2019-08-01,153.0,59.171606400370266
sarimax,2019-09-01,150.0,102.93534181183068
sarimax,2019-10-01,124.0,13.73849205560505
sarimax,2019-11-01,121.0,0.0
sarimax,2019-12-01,112.0,18.751675142449105
sarimax,2020-01-01,205.0,2.913841772917582
sarimax,2020-02-01,289.0,61.77506479468825
sarimax,2020-03-01,368.0,79.52531655396908
sarimax,2020-04-01,114.0,143.80633450340764
sarimax,2020-05-01,227.0,89.86167609158025
sarimax,2020-06-01,218.0,162.14309475646877
sarimax,2020-07-01,202.0,109.2054826175267
sarimax,2019-09-01,150.0,227.68485930569403
sarimax,2019-10-01,124.0,122.40884286824497
sarimax,2019-11-01,121.0,92.36058004414767
sarimax,2019-12-01,112.0,131.43448475645516
sarimax,2020-01-01,205.0,117.85775763571797
sarimax,2020-02-01,289.0,175.5424794720207
sarimax,2020-03-01,368.0,193.90520522867763
sarimax,2020-04-01,114.0,257.86899482809395
sarimax,2020-05-01,227.0,204.08884831886013
sarimax,2020-06-01,218.0,276.2829580444847
sarimax,2020-07-01,202.0,223.39199673041972
sarimax,2020-08-01,169.0,152.06421165744382
sarimax,2019-10-01,124.0,19.124446253137208
sarimax,2019-11-01,121.0,2.3847039741873637
sarimax,2019-12-01,112.0,34.54125858630375
sarimax,2020-01-01,205.0,24.56021942464544
sarimax,2020-02-01,289.0,80.3768724369599
sarimax,2020-03-01,368.0,99.70964026134735
sarimax,2020-04-01,114.0,163.16727516337343
sarimax,2020-05-01,227.0,109.65091798314738
sarimax,2020-06-01,218.0,181.71055441068057
sarimax,2020-07-01,202.0,128.88761458373943
sarimax,2020-08-01,169.0,57.52353620620249
sarimax,2020-09-01,73.0,46.38115134250656
sarimax,2019-11-01,121.0,141.7877059069544
sarimax,2019-12-01,112.0,156.00463433671206
sarimax,2020-01-01,205.0,155.34486713165333
sarimax,2020-02-01,289.0,206.31930779365098
sarimax,2020-03-01,368.0,228.16700982527803
sarimax,2020-04-01,114.0,290.315906737764
sarimax,2020-05-01,227.0,237.48027369025763
sarimax,2020-06-01,218.0,309.18897042920594
sarimax,2020-07-01,202.0,256.5464167325871
sarimax,2020-08-01,169.0,185.08763715817702
sarimax,2020-09-01,73.0,173.99522551563737
sarimax,2020-10-01,69.0,138.38450700885576
sarimax,2019-12-01,112.0,128.31240039211553
sarimax,2020-01-01,205.0,131.24218573287166
sarimax,2020-02-01,289.0,180.3510773249261
sarimax,2020-03-01,368.0,203.16804813407043
sarimax,2020-04-01,114.0,264.81187820984394
sarimax,2020-05-01,227.0,212.23923582289575
sarimax,2020-06-01,218.0,283.8128063965859
sarimax,2020-07-01,202.0,231.23936795928347
sarimax,2020-08-01,169.0,159.74409145707457
sarimax,2020-09-01,73.0,148.6710987140971
sarimax,2020-10-01,69.0,113.05072138332267
sarimax,2020-11-01,204.0,99.50082212917866
sarimax,2020-01-01,205.0,109.6361933678752
sarimax,2020-02-01,289.0,161.49550979385094
sarimax,2020-03-01,368.0,182.88300326586034
sarimax,2020-04-01,114.0,245.2676136229876
sarimax,2020-05-01,227.0,192.31081320645424
sarimax,2020-06-01,218.0,264.0862657202566
sarimax,2020-07-01,202.0,211.40630088142208
sarimax,2020-08-01,169.0,139.96552628815581
sarimax,2020-09-01,73.0,128.8648778641847
sarimax,2020-10-01,69.0,93.25950637668791
sarimax,2020-11-01,204.0,79.7025353223789
sarimax,2020-12-01,185.0,92.87719353860078
sarimax,2020-02-01,289.0,288.165987696434
sarimax,2020-03-01,368.0,293.2668836166561
sarimax,2020-04-01,114.0,364.12220459299897
sarimax,2020-05-01,227.0,306.75949987386093
sarimax,2020-06-01,218.0,380.8291145708227
sarimax,2020-07-01,202.0,326.95415909034386
sarimax,2020-08-01,169.0,256.13424072594506
sarimax,2020-09-01,73.0,244.71123521059286
sarimax,2020-10-01,69.0,209.27415674796228
sarimax,2020-11-01,204.0,195.63031775972806
sarimax,2020-12-01,185.0,208.84943727265784
sarimax,2021-01-01,392.0,261.5553388177151
sarimax,2020-03-01,368.0,294.41406822262456
sarimax,2020-04-01,114.0,365.10547915072283
sarimax,2020-05-01,227.0,307.82828005481383
sarimax,2020-06-01,218.0,381.8559701167909
sarimax,2020-07-01,202.0,328.0010474083784
sarimax,2020-08-01,169.0,257.16992504560085
sarimax,2020-09-01,73.0,245.7533776409819
sarimax,2020-10-01,69.0,210.31359917427682
sarimax,2020-11-01,204.0,196.67188413065978
sarimax,2020-12-01,185.0,209.88912314156957
sarimax,2021-01-01,392.0,262.5973434943392
sarimax,2021-02-01,674.0,346.60592845045204
sarimax,2020-04-01,114.0,462.91090289013937
sarimax,2020-05-01,227.0,393.0203388746776
sarimax,2020-06-01,218.0,473.6159714293252
sarimax,2020-07-01,202.0,416.3412056527667
sarimax,2020-08-01,169.0,347.291402143994
sarimax,2020-09-01,73.0,334.94692182784866
sarimax,2020-10-01,69.0,299.9901501733491
sarimax,2020-11-01,204.0,286.09661601969395
sarimax,2020-12-01,185.0,299.4452951253092
sarimax,2021-01-01,392.0,352.08455251438716
sarimax,2021-02-01,674.0,436.128679052046
sarimax,2021-03-01,1007.0,483.0214317080521
sarimax,2020-05-01,227.0,0.0
sarimax,2020-06-01,218.0,69.7685326195645
sarimax,2020-07-01,202.0,0.0
sarimax,2020-08-01,169.0,0.0
sarimax,2020-09-01,73.0,0.0
sarimax,2020-10-01,69.0,0.0
sarimax,2020-11-01,204.0,0.0
sarimax,2020-12-01,185.0,0.0
sarimax,2021-01-01,392.0,0.0
sarimax,2021-02-01,674.0,11.811729504606383
sarimax,2021-03-01,1007.0,58.53302837596431
sarimax,2021-04-01,886.0,0.0
sarimax,2020-06-01,218.0,465.42398581092334
sarimax,2020-07-01,202.0,325.4888320811954
sarimax,2020-08-01,169.0,299.7273858669698
sarimax,2020-09-01,73.0,264.7137722913451
sarimax,2020-10-01,69.0,241.63048169647638
sarimax,2020-11-01,204.0,221.52030220016272
sarimax,2020-12-01,185.0,238.12297518134255
sarimax,2021-01-01,392.0,289.0610451100208
sarimax,2021-02-01,674.0,373.99826922911507
sarimax,2021-03-01,1007.0,420.4266084815683
sarimax,2021-04-01,886.0,268.72828646623844
sarimax,2021-05-01,838.0,332.44847104939646
sarimax,2020-07-01,202.0,0.0
sarimax,2020-08-01,169.0,13.921769556641507
sarimax,2020-09-01,73.0,0.0
sarimax,2020-10-01,69.0,0.0
sarimax,2020-11-01,204.0,0.0
sarimax,2020-12-01,185.0,0.0
sarimax,2021-01-01,392.0,0.0
sarimax,2021-02-01,674.0,73.79160804885952
sarimax,2021-03-01,1007.0,119.73673986128699
sarimax,2021-04-01,886.0,0.0
sarimax,2021-05-01,838.0,31.888569393977598
sarimax,2021-06-01,601.0,63.99148133070638
sarimax,2020-08-01,169.0,285.82929094660784
sarimax,2020-09-01,73.0,193.1328274739236
sarimax,2020-10-01,69.0,200.39845945672715
sarimax,2020-11-01,204.0,164.30779822420695
sarimax,2020-12-01,185.0,189.329829369077
sarimax,2021-01-01,392.0,235.82091185731645
sarimax,2021-02-01,674.0,323.086356790811
sarimax,2021-03-01,1007.0,368.2712633984107
sarimax,2021-04-01,886.0,217.27562088751318
sarimax,2021-05-01,838.0,280.6286103190325
sarimax,2021-06-01,601.0,312.8552529836047
sarimax,2021-07-01,488.0,264.96673072666977
sarimax,2020-09-01,73.0,38.1666774755778
sarimax,2020-10-01,69.0,65.49406959060406
sarimax,2020-11-01,204.0,18.847698568075124
sarimax,2020-12-01,185.0,49.424569056753526
sarimax,2021-01-01,392.0,92.99047889802684
sarimax,2021-02-01,674.0,181.79267310929612
sarimax,2021-03-01,1007.0,226.16590209700718
sarimax,2021-04-01,886.0,75.60582489542095
sarimax,2021-05-01,838.0,138.73012827406285
sarimax,2021-06-01,601.0,171.07859521226104
sarimax,2021-07-01,488.0,123.12495943441463
sarimax,2021-08-01,380.0,81.00538751399793
sarimax,2020-10-01,69.0,111.75661135681291
sarimax,2020-11-01,204.0,59.09970281477425
sarimax,2020-12-01,185.0,92.83728473241386
sarimax,2021-01-01,392.0,134.74152974923072
sarimax,2021-02-01,674.0,224.41808989437465
sarimax,2021-03-01,1007.0,268.33216853977365
sarimax,2021-04-01,886.0,118.01171649536977
sarimax,2021-05-01,838.0,181.00989757506775
sarimax,2021-06-01,601.0,213.42436642776727
sarimax,2021-07-01,488.0,165.43624063895987
sarimax,2021-08-01,380.0,123.33537102053756
sarimax,2021-09-01,182.0,59.032562194221484
sarimax,2020-11-01,204.0,2.3521886292489427
sarimax,2020-12-01,185.0,43.44067894964994
sarimax,2021-01-01,392.0,81.48291207438263
sarimax,2021-02-01,674.0,173.18885666813105
sarimax,2021-03-01,1007.0,216.03698429330856
sarimax,2021-04-01,886.0,66.27574163872026
sarimax,2021-05-01,838.0,128.9800590625483
sarimax,2021-06-01,601.0,161.54877623021827
sarimax,2021-07-01,488.0,113.47970890471882
sarimax,2021-08-01,380.0,71.42162883172549
sarimax,2021-09-01,182.0,7.096066015943158
sarimax,2021-10-01,136.0,0.0
sarimax,2020-12-01,185.0,310.7692170482231
sarimax,2021-01-01,392.0,314.35511688225677
sarimax,2021-02-01,674.0,424.13562172182645
sarimax,2021-03-01,1007.0,457.500906581598
sarimax,2021-04-01,886.0,312.7173573254895
sarimax,2021-05-01,838.0,372.8106131485828
sarimax,2021-06-01,601.0,406.7496097278303
sarimax,2021-07-01,488.0,357.96133938469745
sarimax,2021-08-01,380.0,316.2795905455039
sarimax,2021-09-01,182.0,251.7575996960501
sarimax,2021-10-01,136.0,240.39279597239693
sarimax,2021-11-01,96.0,328.185543106523
sarimax,2021-01-01,392.0,147.60536348126925
sarimax,2021-02-01,674.0,278.87341403579774
sarimax,2021-03-01,1007.0,300.9733964489989
sarimax,2021-04-01,886.0,162.09374444764336
sarimax,2021-05-01,838.0,219.0913423564451
sarimax,2021-06-01,601.0,254.6529645098339
sarimax,2021-07-01,488.0,205.01424968609274
sarimax,2021-08-01,380.0,163.77922464409784
sarimax,2021-09-01,182.0,99.022154326803
sarimax,2021-10-01,136.0,87.78031644527442
sarimax,2021-11-01,96.0,175.51021182119706
sarimax,2021-12-01,75.0,159.99993762702547
sarimax,2021-02-01,674.0,602.7251408723878
sarimax,2021-03-01,1007.0,583.2326846843807
sarimax,2021-04-01,886.0,466.1131323364588
sarimax,2021-05-01,838.0,511.71803034961863
sarimax,2021-06-01,601.0,553.2413965514086
sarimax,2021-07-01,488.0,500.4833358253899
sarimax,2021-08-01,380.0,460.88579424246683
sarimax,2021-09-01,182.0,395.2668444962619
sarimax,2021-10-01,136.0,384.4746548794448
sarimax,2021-11-01,96.0,471.97791113233234
sarimax,2021-12-01,75.0,456.5899340789472
sarimax,2022-01-01,232.0,624.5614650642782
sarimax,2021-03-01,1007.0,677.5408242570982
sarimax,2021-04-01,886.0,548.3584696732345
sarimax,2021-05-01,838.0,600.2780059607545
sarimax,2021-06-01,601.0,638.4947924116328
sarimax,2021-07-01,488.0,587.4683106762311
sarimax,2021-08-01,380.0,546.965761548113
sarimax,2021-09-01,182.0,481.81904790780163
sarimax,2021-10-01,136.0,470.77912490629444
sarimax,2021-11-01,96.0,558.4149764151656
sarimax,2021-12-01,75.0,542.9587966164922
sarimax,2022-01-01,232.0,710.9681465500919
sarimax,2022-02-01,231.0,925.4010751484219
sarimax,2021-04-01,886.0,984.8383228314242
sarimax,2021-05-01,838.0,980.8751985790664
sarimax,2021-06-01,601.0,1048.267801635685
sarimax,2021-07-01,488.0,982.0095062908202
sarimax,2021-08-01,380.0,949.4664870230722
sarimax,2021-09-01,182.0,880.1572299324383
sarimax,2021-10-01,136.0,871.2886085563891
sarimax,2021-11-01,96.0,957.8029506825579
sarimax,2021-12-01,75.0,942.9374436352091
sarimax,2022-01-01,232.0,1110.6472785454162
sarimax,2022-02-01,231.0,1325.2576739993674
sarimax,2022-03-01,295.0,1571.4529926946748
sarimax,2021-05-01,838.0,849.8995722244326
sarimax,2021-06-01,601.0,934.062652648118
sarimax,2021-07-01,488.0,859.0534982193809
sarimax,2021-08-01,380.0,831.0847211349505
sarimax,2021-09-01,182.0,759.3809557380772
sarimax,2021-10-01,136.0,751.759836945435
sarimax,2021-11-01,96.0,837.6361765714303
sarimax,2021-12-01,75.0,823.1091342322437
sarimax,2022-01-01,232.0,990.6518688160031
sarimax,2022-02-01,231.0,1205.3721236236302
sarimax,2022-03-01,295.0,1451.5415188885515
sarimax,2022-04-01,226.0,1285.2331589901837
sarimax,2021-06-01,601.0,918.4007446130333
sarimax,2021-07-01,488.0,845.3514630430577
sarimax,2021-08-01,380.0,816.3626731611524
sarimax,2021-09-01,182.0,745.1893702355059
sarimax,2021-10-01,136.0,737.2917093644866
sarimax,2021-11-01,96.0,823.3135724178554
sarimax,2021-12-01,75.0,808.711358220909
sarimax,2022-01-01,232.0,976.2943312379994
sarimax,2022-02-01,231.0,1190.996204015541
sarimax,2022-03-01,295.0,1437.178744709189
sarimax,2022-04-01,226.0,1270.8661922046915
sarimax,2022-05-01,317.0,1277.76874064128
sarimax,2021-07-01,488.0,424.92785297555844
sarimax,2021-08-01,380.0,449.57036414997714
sarimax,2021-09-01,182.0,350.46878585961827
sarimax,2021-10-01,136.0,357.09904339164734
sarimax,2021-11-01,96.0,435.5949992556256
sarimax,2021-12-01,75.0,424.9235349614362
sarimax,2022-01-01,232.0,590.4860373950156
sarimax,2022-02-01,231.0,806.2987058926315
sarimax,2022-03-01,295.0,1051.985535035248
sarimax,2022-04-01,226.0,885.9921061942744
sarimax,2022-05-01,317.0,892.707416037077
sarimax,2022-06-01,142.0,733.5574910886714
sarimax,2021-08-01,380.0,533.179951512177
sarimax,2021-09-01,182.0,423.390884657142
sarimax,2021-10-01,136.0,435.5804685204498
sarimax,2021-11-01,96.0,511.1893235987524
sarimax,2021-12-01,75.0,502.0220305933194
sarimax,2022-01-01,232.0,666.8057467661262
sarimax,2022-02-01,231.0,883.0324923928041
sarimax,2022-03-01,295.0,1128.5162578379402
sarimax,2022-04-01,226.0,962.6376546460423
sarimax,2022-05-01,317.0,969.2900471275155
sarimax,2022-06-01,142.0,810.1620601015056
sarimax,2022-07-01,136.0,730.170731142751
sarimax,2021-09-01,182.0,220.4638387604813
sarimax,2021-10-01,136.0,258.49875690819437
sarimax,2021-11-01,96.0,320.6877035852296
sarimax,2021-12-01,75.0,318.49634050350676
sarimax,2022-01-01,232.0,479.66173337480905
sarimax,2022-02-01,231.0,697.7828254849372
sarimax,2022-03-01,295.0,942.3023619119117
sarimax,2022-04-01,226.0,776.9395763612672
sarimax,2022-05-01,317.0,783.3188237764208
sarimax,2022-06-01,142.0,624.3152897539924
sarimax,2022-07-01,136.0,544.2472291961749
sarimax,2022-08-01,90.0,461.8884608656227
sarimax,2021-10-01,136.0,207.64536870506373
sarimax,2021-11-01,96.0,276.27403314732095
sarimax,2021-12-01,75.0,270.7381254801361
sarimax,2022-01-01,232.0,433.6431961937115
sarimax,2022-02-01,231.0,650.8652966063067
sarimax,2022-03-01,295.0,895.8586124887892
sarimax,2022-04-01,226.0,730.2546673764284
sarimax,2022-05-01,317.0,736.7574765664268
sarimax,2022-06-01,142.0,577.6838814427526
sarimax,2022-07-01,136.0,497.64816469231664
sarimax,2022-08-01,90.0,415.2702322752201
sarimax,2022-09-01,103.0,252.01473171012617
sarimax,2021-11-01,96.0,181.3034994829904
sarimax,2021-12-01,75.0,187.88941353602172
sarimax,2022-01-01,232.0,344.49850240803227
sarimax,2022-02-01,231.0,564.9986715971879
sarimax,2022-03-01,295.0,808.2977212681956
sarimax,2022-04-01,226.0,643.5808951754557
sarimax,2022-05-01,317.0,649.6204011908058
sarimax,2022-06-01,142.0,490.77961418361645
sarimax,2022-07-01,136.0,410.6174413479534
sarimax,2022-08-01,90.0,328.30202579188375
sarimax,2022-09-01,103.0,165.0104520578783
sarimax,2022-10-01,146.0,133.3595169598606
sarimax,2021-12-01,75.0,74.92075630150919
sarimax,2022-01-01,232.0,245.91387542621487
sarimax,2022-02-01,231.0,458.9287135885723
sarimax,2022-03-01,295.0,706.1127508750567
sarimax,2022-04-01,226.0,539.3700972673324
sarimax,2022-05-01,317.0,546.4649964430504
sarimax,2022-06-01,142.0,387.081940383664
sarimax,2022-07-01,136.0,307.20628732966503
sarimax,2022-08-01,90.0,224.74451360273417
sarimax,2022-09-01,103.0,61.53201232661256
sarimax,2022-10-01,146.0,29.841956018492674
sarimax,2022-11-01,110.0,49.50419308669075
sarimax,2022-01-01,232.0,245.96924184018533
sarimax,2022-02-01,231.0,459.0005687783255
sarimax,2022-03-01,295.0,706.1819413352458
sarimax,2022-04-01,226.0,539.4449724448078
sarimax,2022-05-01,317.0,546.5354325319071
sarimax,2022-06-01,142.0,387.14957604670275
sarimax,2022-07-01,136.0,307.27185853188905
sarimax,2022-08-01,90.0,224.80910380898075
sarimax,2022-09-01,103.0,61.59480774462554
sarimax,2022-10-01,146.0,29.904129434542476
sarimax,2022-11-01,110.0,49.563470641503734
sarimax,2022-12-01,96.0,29.24309660419893
sarimax,2022-02-01,231.0,440.5215966696218
sarimax,2022-03-01,295.0,690.0528946104935
sarimax,2022-04-01,226.0,522.0940677894312
sarimax,2022-05-01,317.0,529.8201101315755
sarimax,2022-06-01,142.0,370.101536290988
sarimax,2022-07-01,136.0,290.39577560404626
sarimax,2022-08-01,90.0,207.84276366519606
sarimax,2022-09-01,103.0,44.674632293612824
sarimax,2022-10-01,146.0,12.95936387695508
sarimax,2022-11-01,110.0,32.63035607588571
sarimax,2022-12-01,96.0,12.303371977734251
sarimax,2023-01-01,166.0,186.35197965171722
sarimax,2022-03-01,295.0,411.9833445363177
sarimax,2022-04-01,226.0,279.6468648087823
sarimax,2022-05-01,317.0,268.8596737908165
sarimax,2022-06-01,142.0,118.77316151669157
sarimax,2022-07-01,136.0,34.06714742886377
sarimax,2022-08-01,90.0,0.0
sarimax,2022-09-01,103.0,0.0
sarimax,2022-10-01,146.0,0.0
sarimax,2022-11-01,110.0,0.0
sarimax,2022-12-01,96.0,0.0
sarimax,2023-01-01,166.0,0.0
sarimax,2023-02-01,173.0,27.24044679318267
sarimax,2022-04-01,226.0,124.42062793007346
sarimax,2022-05-01,317.0,133.5163308518264
sarimax,2022-06-01,142.0,0.0
sarimax,2022-07-01,136.0,0.0
sarimax,2022-08-01,90.0,0.0
sarimax,2022-09-01,103.0,0.0
sarimax,2022-10-01,146.0,0.0
sarimax,2022-11-01,110.0,0.0
sarimax,2022-12-01,96.0,0.0
sarimax,2023-01-01,166.0,0.0
sarimax,2023-02-01,173.0,0.0
sarimax,2023-03-01,305.0,40.86571499150473
sarimax,2022-05-01,317.0,268.3134487593607
sarimax,2022-06-01,142.0,90.61510924007683
sarimax,2022-07-01,136.0,20.279725042413894
sarimax,2022-08-01,90.0,0.0
sarimax,2022-09-01,103.0,0.0
sarimax,2022-10-01,146.0,0.0
sarimax,2022-11-01,110.0,0.0
sarimax,2022-12-01,96.0,0.0
sarimax,2023-01-01,166.0,0.0
sarimax,2023-02-01,173.0,8.51061294924088
sarimax,2023-03-01,305.0,164.27622176216323
sarimax,2023-04-01,341.0,77.52026410293206
sarimax,2022-06-01,142.0,155.27555647868718
sarimax,2022-07-01,136.0,76.6259703978869
sarimax,2022-08-01,90.0,0.0
sarimax,2022-09-01,103.0,0.0
sarimax,2022-10-01,146.0,0.0
sarimax,2022-11-01,110.0,0.0
sarimax,2022-12-01,96.0,0.0
sarimax,2023-01-01,166.0,0.0
sarimax,2023-02-01,173.0,67.72903459301921
sarimax,2023-03-01,305.0,223.4487962192571
sarimax,2023-04-01,341.0,136.7163370405435
sarimax,2023-05-01,288.0,180.32751746841979
sarimax,2022-07-01,136.0,58.9746310883647
sarimax,2022-08-01,90.0,0.0
sarimax,2022-09-01,103.0,0.0
sarimax,2022-10-01,146.0,0.0
sarimax,2022-11-01,110.0,0.0
sarimax,2022-12-01,96.0,0.0
sarimax,2023-01-01,166.0,0.0
sarimax,2023-02-01,173.0,51.572288584587035
sarimax,2023-03-01,305.0,207.26209193895963
sarimax,2023-04-01,341.0,120.54310127117944
sarimax,2023-05-01,288.0,164.15127321680097
sarimax,2023-06-01,226.0,0.0
sarimax,2022-08-01,90.0,80.47995678713747
sarimax,2022-09-01,103.0,0.0
sarimax,2022-10-01,146.0,0.0
sarimax,2022-11-01,110.0,0.0
sarimax,2022-12-01,96.0,0.0
sarimax,2023-01-01,166.0,49.39606642498188
sarimax,2023-02-01,173.0,145.40562788576125
sarimax,2023-03-01,305.0,300.831812687602
sarimax,2023-04-01,341.0,214.24903312847897
sarimax,2023-05-01,288.0,257.7880889046513
sarimax,2023-06-01,226.0,61.690994703825396
sarimax,2023-07-01,386.0,19.19378424948591
sarimax,2022-09-01,103.0,0.0
sarimax,2022-10-01,146.0,0.0
sarimax,2022-11-01,110.0,0.0
sarimax,2022-12-01,96.0,0.0
sarimax,2023-01-01,166.0,61.02959959301181
sarimax,2023-02-01,173.0,156.9161600081527
sarimax,2023-03-01,305.0,312.39916952178964
sarimax,2023-04-01,341.0,225.78532550700075
sarimax,2023-05-01,288.0,269.3433898645751
sarimax,2023-06-01,226.0,73.2387158566473
sarimax,2023-07-01,386.0,30.74783930275415
sarimax,2023-08-01,271.0,0.0
sarimax,2022-10-01,146.0,138.46794161118225
sarimax,2022-11-01,110.0,123.20613689921498
sarimax,2022-12-01,96.0,121.04724579413299
sarimax,2023-01-01,166.0,285.6490651817032
sarimax,2023-02-01,173.0,386.0354783848305
sarimax,2023-03-01,305.0,539.1846936088215
sarimax,2023-04-01,341.0,453.7857481677637
sarimax,2023-05-01,288.0,496.7095912351858
sarimax,2023-06-01,226.0,300.9327268357011
sarimax,2023-07-01,386.0,258.2693211454059
sarimax,2023-08-01,271.0,191.23044177980583
sarimax,2023-09-01,263.0,132.24935564221713
sarimax,2022-11-01,110.0,133.18142224471666
sarimax,2022-12-01,96.0,129.75245312231388
sarimax,2023-01-01,166.0,295.01306417211754
sarimax,2023-02-01,173.0,395.0528999098994
sarimax,2023-03-01,305.0,548.3760576446
sarimax,2023-04-01,341.0,462.8855162788682
sarimax,2023-05-01,288.0,505.85932928416355
sarimax,2023-06-01,226.0,310.05846137840126
sarimax,2023-07-01,386.0,267.4095376615492
sarimax,2023-08-01,271.0,200.36484210786017
sarimax,2023-09-01,263.0,141.39030104600067
sarimax,2023-10-01,135.0,154.07565750254255
sarimax,2022-12-01,96.0,98.98289738352537
sarimax,2023-01-01,166.0,268.18784014865525
sarimax,2023-02-01,173.0,366.16850465170364
sarimax,2023-03-01,305.0,520.5513567680342
sarimax,2023-04-01,341.0,434.50746436785744
sarimax,2023-05-01,288.0,477.7734122430521
sarimax,2023-06-01,226.0,281.8242005063158
sarimax,2023-07-01,386.0,239.25610498840916
sarimax,2023-08-01,271.0,172.17249978819794
sarimax,2023-09-01,263.0,113.22464106694466
sarimax,2023-10-01,135.0,125.90139266418853
sarimax,2023-11-01,114.0,88.53092742501116
sarimax,2023-01-01,166.0,264.20236341910385
sarimax,2023-02-01,173.0,362.6993293979374
sarimax,2023-03-01,305.0,516.8060931100007
sarimax,2023-04-01,341.0,430.90432731710786
sarimax,2023-05-01,288.0,474.0992524654323
sarimax,2023-06-01,226.0,278.18938679852016
sarimax,2023-07-01,386.0,235.60328438322207
sarimax,2023-08-01,271.0,168.5311382659826
sarimax,2023-09-01,263.0,109.5816309428305
sarimax,2023-10-01,135.0,122.26276714920105
sarimax,2023-11-01,114.0,84.89091256435907
sarimax,2023-12-01,1974.0,68.50941092135149
sarimax,2023-02-01,173.0,232.22863014571305
sarimax,2023-03-01,305.0,403.11181170039384
sarimax,2023-04-01,341.0,308.4758240092368
sarimax,2023-05-01,288.0,356.2227848654912
sarimax,2023-06-01,226.0,157.94930695292737
sarimax,2023-07-01,386.0,116.59880498157162
sarimax,2023-08-01,271.0,48.88831174015819
sarimax,2023-09-01,263.0,0.0
sarimax,2023-10-01,135.0,2.7918059414303045
sarimax,2023-11-01,114.0,0.0
sarimax,2023-12-01,1974.0,0.0
sarimax,2024-01-01,3786.0,48.75438073455208
sarimax,2023-03-01,305.0,324.3863456740514
sarimax,2023-04-01,341.0,239.89211240742688
sarimax,2023-05-01,288.0,282.3699892493077
sarimax,2023-06-01,226.0,86.84576220947756
sarimax,2023-07-01,386.0,44.07191638571916
sarimax,2023-08-01,271.0,0.0
sarimax,2023-09-01,263.0,0.0
sarimax,2023-10-01,135.0,0.0
sarimax,2023-11-01,114.0,0.0
sarimax,2023-12-01,1974.0,0.0
sarimax,2024-01-01,3786.0,0.0
sarimax,2024-02-01,1870.0,0.0
sarimax,2023-04-01,341.0,214.14039446639856
sarimax,2023-05-01,288.0,259.9352923461998
sarimax,2023-06-01,226.0,62.68872898996697
sarimax,2023-07-01,386.0,20.815037566549144
sarimax,2023-08-01,271.0,0.0
sarimax,2023-09-01,263.0,0.0
sarimax,2023-10-01,135.0,0.0
sarimax,2023-11-01,114.0,0.0
sarimax,2023-12-01,1974.0,0.0
sarimax,2024-01-01,3786.0,0.0
sarimax,2024-02-01,1870.0,0.0
sarimax,2024-03-01,1376.0,66.27438293488966
sarimax,2023-05-01,288.0,428.5406577892935
sarimax,2023-06-01,226.0,209.56779166250772
sarimax,2023-07-01,386.0,179.0110851680021
sarimax,2023-08-01,271.0,105.69636203415459
sarimax,2023-09-01,263.0,50.03727470801806
sarimax,2023-10-01,135.0,61.03872486509845
sarimax,2023-11-01,114.0,24.5496929128826
sarimax,2023-12-01,1974.0,7.7101304497887995
sarimax,2024-01-01,3786.0,107.58582930417384
sarimax,2024-02-01,1870.0,111.7371513486822
sarimax,2024-03-01,1376.0,220.63526029086538
sarimax,2024-04-01,640.0,220.8307376300554
sarimax,2023-06-01,226.0,22.787640285387397
sarimax,2023-07-01,386.0,16.32310903015823
sarimax,2023-08-01,271.0,0.0
sarimax,2023-09-01,263.0,0.0
sarimax,2023-10-01,135.0,0.0
sarimax,2023-11-01,114.0,0.0
sarimax,2023-12-01,1974.0,0.0
sarimax,2024-01-01,3786.0,0.0
sarimax,2024-02-01,1870.0,0.0
sarimax,2024-03-01,1376.0,49.73211335352456
sarimax,2024-04-01,640.0,49.857581250829575
sarimax,2024-05-01,343.0,45.97048860939348
sarimax,2023-07-01,386.0,286.3454294760748
sarimax,2023-08-01,271.0,165.62829512552537
sarimax,2023-09-01,263.0,134.69359182390303
sarimax,2023-10-01,135.0,132.80519843289323
sarimax,2023-11-01,114.0,103.03901920639589
sarimax,2023-12-01,1974.0,82.69372662056725
sarimax,2024-01-01,3786.0,184.3960877239278
sarimax,2024-02-01,1870.0,187.59413504245887
sarimax,2024-03-01,1376.0,296.9906989231467
sarimax,2024-04-01,640.0,296.92883103157266
sarimax,2024-05-01,343.0,293.136309512759
sarimax,2024-06-01,377.0,192.5622937146312
sarimax,2023-08-01,271.0,298.02096377679874
sarimax,2023-09-01,263.0,250.02822619382704
sarimax,2023-10-01,135.0,257.0467911136368
sarimax,2023-11-01,114.0,222.63876490093705
sarimax,2023-12-01,1974.0,204.71461958398191
sarimax,2024-01-01,3786.0,305.1495593776676
sarimax,2024-02-01,1870.0,309.0063649849166
sarimax,2024-03-01,1376.0,418.0635987636364
sarimax,2024-04-01,640.0,418.18685289547494
sarimax,2024-05-01,343.0,414.2926040355932
sarimax,2024-06-01,377.0,313.77384138804507
sarimax,2024-07-01,250.0,417.2502236740046
sarimax,2023-09-01,263.0,214.13859086971863
sarimax,2023-10-01,135.0,225.77922154262302
sarimax,2023-11-01,114.0,188.96187743689956
sarimax,2023-12-01,1974.0,172.29352116871422
sarimax,2024-01-01,3786.0,272.0741439634574
sarimax,2024-02-01,1870.0,276.2721091559581
sarimax,2024-03-01,1376.0,385.15131040844113
sarimax,2024-04-01,640.0,385.3669542359029
sarimax,2024-05-01,343.0,381.42480734418996
sarimax,2024-06-01,377.0,280.93090084818226
sarimax,2024-07-01,250.0,384.3936760512216
sarimax,2024-08-01,213.0,292.89377493775453
sarimax,2023-10-01,135.0,290.7058805574199
sarimax,2023-11-01,114.0,245.51466877972214
sarimax,2023-12-01,1974.0,233.21299567589853
sarimax,2024-01-01,3786.0,330.7123649746637
sarimax,2024-02-01,1870.0,336.0978075257967
sarimax,2024-03-01,1376.0,444.3616852130024
sarimax,2024-04-01,640.0,444.90562983976247
sarimax,2024-05-01,343.0,440.78755991893615
sarimax,2024-06-01,377.0,340.3873966556835
sarimax,2024-07-01,250.0,443.81324952347313
sarimax,2024-08-01,213.0,352.3335331153948
sarimax,2024-09-01,197.0,351.47346278410026
sarimax,2023-11-01,114.0,38.57559304186775
sarimax,2023-12-01,1974.0,53.008179239681354
sarimax,2024-01-01,3786.0,136.55662129917755
sarimax,2024-02-01,1870.0,149.22157128924553
sarimax,2024-03-01,1376.0,253.68743981565666
sarimax,2024-04-01,640.0,256.21428461894806
sarimax,2024-05-01,343.0,251.0608454597333
sarimax,2024-06-01,377.0,151.20123411334927
sarimax,2024-07-01,250.0,254.34669618669315
sarimax,2024-08-01,213.0,163.0134228132275
sarimax,2024-09-01,197.0,162.07651170081607
sarimax,2024-10-01,207.0,92.35544041239814
sarimax,2023-12-01,1974.0,153.2532869573751
sarimax,2024-01-01,3786.0,223.8354556455906
sarimax,2024-02-01,1870.0,243.27231972256865
sarimax,2024-03-01,1376.0,344.20247317496995
sarimax,2024-04-01,640.0,348.57895418879286
sarimax,2024-05-01,343.0,342.4576016183779
sarimax,2024-06-01,377.0,243.1043197455184
sarimax,2024-07-01,250.0,345.98984378897075
sarimax,2024-08-01,213.0,254.79269981379758
sarimax,2024-09-01,197.0,253.7835358152148
sarimax,2024-10-01,207.0,184.09653929256106
sarimax,2024-11-01,199.0,157.9450575594357
sarimax,2024-01-01,3786.0,2647.523190645154
sarimax,2024-02-01,1870.0,2354.179971413452
sarimax,2024-03-01,1376.0,2617.3634476245775
sarimax,2024-04-01,640.0,2537.558222731508
sarimax,2024-05-01,343.0,2575.1141122592912
sarimax,2024-06-01,377.0,2453.0996850581705
sarimax,2024-07-01,250.0,2567.7242256546965
sarimax,2024-08-01,213.0,2470.435969301594
sarimax,2024-09-01,197.0,2472.5909460056114
sarimax,2024-10-01,207.0,2401.276125360181
sarimax,2024-11-01,199.0,2375.974639109549
sarimax,2024-12-01,179.0,3597.275562422138
lgbm,2014-01-01,365.0,921.2916666666666
lgbm,2014-02-01,453.0,921.2916666666666
lgbm,2014-03-01,957.0,921.2916666666666
lgbm,2014-04-01,708.0,921.2916666666666
lgbm,2014-05-01,459.0,921.2916666666666
lgbm,2014-06-01,379.0,921.2916666666666
lgbm,2014-07-01,192.0,921.2916666666666
lgbm,2014-08-01,156.0,921.2916666666666
lgbm,2014-09-01,148.0,921.2916666666666
lgbm,2014-10-01,131.0,921.2916666666666
lgbm,2014-11-01,227.0,921.2916666666666
lgbm,2014-12-01,165.0,921.2916666666666
lgbm,2014-02-01,453.0,899.04
lgbm,2014-03-01,957.0,899.04
lgbm,2014-04-01,708.0,899.04
lgbm,2014-05-01,459.0,899.04
lgbm,2014-06-01,379.0,899.04
lgbm,2014-07-01,192.0,899.04
lgbm,2014-08-01,156.0,899.04
lgbm,2014-09-01,148.0,899.04
lgbm,2014-10-01,131.0,899.04
lgbm,2014-11-01,227.0,899.04
lgbm,2014-12-01,165.0,899.04
lgbm,2015-01-01,231.0,899.04
lgbm,2014-03-01,957.0,881.8846153846154
lgbm,2014-04-01,708.0,881.8846153846154
lgbm,2014-05-01,459.0,881.8846153846154
lgbm,2014-06-01,379.0,881.8846153846154
lgbm,2014-07-01,192.0,881.8846153846154
lgbm,2014-08-01,156.0,881.8846153846154
lgbm,2014-09-01,148.0,881.8846153846154
lgbm,2014-10-01,131.0,881.8846153846154
lgbm,2014-11-01,227.0,881.8846153846154
lgbm,2014-12-01,165.0,881.8846153846154
lgbm,2015-01-01,231.0,881.8846153846154
lgbm,2015-02-01,335.0,881.8846153846154
lgbm,2014-04-01,708.0,884.6666666666666
lgbm,2014-05-01,459.0,884.6666666666666
lgbm,2014-06-01,379.0,884.6666666666666
lgbm,2014-07-01,192.0,884.6666666666666
lgbm,2014-08-01,156.0,884.6666666666666
lgbm,2014-09-01,148.0,884.6666666666666
lgbm,2014-10-01,131.0,884.6666666666666
lgbm,2014-11-01,227.0,884.6666666666666
lgbm,2014-12-01,165.0,884.6666666666666
lgbm,2015-01-01,231.0,884.6666666666666
lgbm,2015-02-01,335.0,884.6666666666666
lgbm,2015-03-01,517.0,884.6666666666666
lgbm,2014-05-01,459.0,878.3571428571429
lgbm,2014-06-01,379.0,878.3571428571429
lgbm,2014-07-01,192.0,878.3571428571429
lgbm,2014-08-01,156.0,878.3571428571429
lgbm,2014-09-01,148.0,878.3571428571429
lgbm,2014-10-01,131.0,878.3571428571429
lgbm,2014-11-01,227.0,878.3571428571429
lgbm,2014-12-01,165.0,878.3571428571429
lgbm,2015-01-01,231.0,878.3571428571429
lgbm,2015-02-01,335.0,878.3571428571429
lgbm,2015-03-01,517.0,878.3571428571429
lgbm,2015-04-01,251.0,878.3571428571429
lgbm,2014-06-01,379.0,863.8965517241379
lgbm,2014-07-01,192.0,863.8965517241379
lgbm,2014-08-01,156.0,863.8965517241379
lgbm,2014-09-01,148.0,863.8965517241379
lgbm,2014-10-01,131.0,863.8965517241379
lgbm,2014-11-01,227.0,863.8965517241379
lgbm,2014-12-01,165.0,863.8965517241379
lgbm,2015-01-01,231.0,863.8965517241379
lgbm,2015-02-01,335.0,863.8965517241379
lgbm,2015-03-01,517.0,863.8965517241379
lgbm,2015-04-01,251.0,863.8965517241379
lgbm,2015-05-01,377.0,863.8965517241379
lgbm,2014-07-01,192.0,847.7333333333333
lgbm,2014-08-01,156.0,847.7333333333333
lgbm,2014-09-01,148.0,847.7333333333333
lgbm,2014-10-01,131.0,847.7333333333333
lgbm,2014-11-01,227.0,847.7333333333333
lgbm,2014-12-01,165.0,847.7333333333333
lgbm,2015-01-01,231.0,847.7333333333333
lgbm,2015-02-01,335.0,847.7333333333333
lgbm,2015-03-01,517.0,847.7333333333333
lgbm,2015-04-01,251.0,847.7333333333333
lgbm,2015-05-01,377.0,847.7333333333333
lgbm,2015-06-01,255.0,847.7333333333333
lgbm,2014-08-01,156.0,826.5806451612904
lgbm,2014-09-01,148.0,826.5806451612904
lgbm,2014-10-01,131.0,826.5806451612904
lgbm,2014-11-01,227.0,826.5806451612904
lgbm,2014-12-01,165.0,826.5806451612904
lgbm,2015-01-01,231.0,826.5806451612904
lgbm,2015-02-01,335.0,826.5806451612904
lgbm,2015-03-01,517.0,826.5806451612904
lgbm,2015-04-01,251.0,826.5806451612904
lgbm,2015-05-01,377.0,826.5806451612904
lgbm,2015-06-01,255.0,826.5806451612904
lgbm,2015-07-01,263.0,826.5806451612904
lgbm,2014-09-01,148.0,805.625
lgbm,2014-10-01,131.0,805.625
lgbm,2014-11-01,227.0,805.625
lgbm,2014-12-01,165.0,805.625
lgbm,2015-01-01,231.0,805.625
lgbm,2015-02-01,335.0,805.625
lgbm,2015-03-01,517.0,805.625
lgbm,2015-04-01,251.0,805.625
lgbm,2015-05-01,377.0,805.625
lgbm,2015-06-01,255.0,805.625
lgbm,2015-07-01,263.0,805.625
lgbm,2015-08-01,267.0,805.625
lgbm,2014-10-01,131.0,785.6969696969697
lgbm,2014-11-01,227.0,785.6969696969697
lgbm,2014-12-01,165.0,785.6969696969697
lgbm,2015-01-01,231.0,785.6969696969697
lgbm,2015-02-01,335.0,785.6969696969697
lgbm,2015-03-01,517.0,785.6969696969697
lgbm,2015-04-01,251.0,785.6969696969697
lgbm,2015-05-01,377.0,785.6969696969697
lgbm,2015-06-01,255.0,785.6969696969697
lgbm,2015-07-01,263.0,785.6969696969697
lgbm,2015-08-01,267.0,785.6969696969697
lgbm,2015-09-01,290.0,785.6969696969697
lgbm,2014-11-01,227.0,766.4411764705883
lgbm,2014-12-01,165.0,766.4411764705883
lgbm,2015-01-01,231.0,766.4411764705883
lgbm,2015-02-01,335.0,766.4411764705883
lgbm,2015-03-01,517.0,766.4411764705883
lgbm,2015-04-01,251.0,766.4411764705883
lgbm,2015-05-01,377.0,766.4411764705883
lgbm,2015-06-01,255.0,766.4411764705883
lgbm,2015-07-01,263.0,766.4411764705883
lgbm,2015-08-01,267.0,766.4411764705883
lgbm,2015-09-01,290.0,766.4411764705883
lgbm,2015-10-01,164.0,766.4411764705883
lgbm,2014-12-01,165.0,751.0285714285715
lgbm,2015-01-01,231.0,751.0285714285715
lgbm,2015-02-01,335.0,751.0285714285715
lgbm,2015-03-01,517.0,751.0285714285715
lgbm,2015-04-01,251.0,751.0285714285715
lgbm,2015-05-01,377.0,751.0285714285715
lgbm,2015-06-01,255.0,751.0285714285715
lgbm,2015-07-01,263.0,751.0285714285715
lgbm,2015-08-01,267.0,751.0285714285715
lgbm,2015-09-01,290.0,751.0285714285715
lgbm,2015-10-01,164.0,751.0285714285715
lgbm,2015-11-01,192.0,751.0285714285715
lgbm,2015-01-01,231.0,734.75
lgbm,2015-02-01,335.0,734.75
lgbm,2015-03-01,517.0,734.75
lgbm,2015-04-01,251.0,734.75
lgbm,2015-05-01,377.0,734.75
lgbm,2015-06-01,255.0,734.75
lgbm,2015-07-01,263.0,734.75
lgbm,2015-08-01,267.0,734.75
lgbm,2015-09-01,290.0,734.75
lgbm,2015-10-01,164.0,734.75
lgbm,2015-11-01,192.0,734.75
lgbm,2015-12-01,312.0,734.75
lgbm,2015-02-01,335.0,721.1351351351351
lgbm,2015-03-01,517.0,721.1351351351351
lgbm,2015-04-01,251.0,721.1351351351351
lgbm,2015-05-01,377.0,721.1351351351351
lgbm,2015-06-01,255.0,721.1351351351351
lgbm,2015-07-01,263.0,721.1351351351351
lgbm,2015-08-01,267.0,721.1351351351351
lgbm,2015-09-01,290.0,721.1351351351351
lgbm,2015-10-01,164.0,721.1351351351351
lgbm,2015-11-01,192.0,721.1351351351351
lgbm,2015-12-01,312.0,721.1351351351351
lgbm,2016-01-01,1205.0,721.1351351351351
lgbm,2015-03-01,517.0,710.9736842105264
lgbm,2015-04-01,251.0,710.9736842105264
lgbm,2015-05-01,377.0,710.9736842105264
lgbm,2015-06-01,255.0,710.9736842105264
lgbm,2015-07-01,263.0,710.9736842105264
lgbm,2015-08-01,267.0,710.9736842105264
lgbm,2015-09-01,290.0,710.9736842105264
lgbm,2015-10-01,164.0,710.9736842105264
lgbm,2015-11-01,192.0,710.9736842105264
lgbm,2015-12-01,312.0,710.9736842105264
lgbm,2016-01-01,1205.0,710.9736842105264
lgbm,2016-02-01,1494.0,710.9736842105264
lgbm,2015-04-01,251.0,706.0
lgbm,2015-05-01,377.0,706.0
lgbm,2015-06-01,255.0,706.0
lgbm,2015-07-01,263.0,706.0
lgbm,2015-08-01,267.0,706.0
lgbm,2015-09-01,290.0,706.0
lgbm,2015-10-01,164.0,706.0
lgbm,2015-11-01,192.0,706.0
lgbm,2015-12-01,312.0,706.0
lgbm,2016-01-01,1205.0,706.0
lgbm,2016-02-01,1494.0,706.0
lgbm,2016-03-01,1207.0,706.0
lgbm,2015-05-01,377.0,627.7017770099637
lgbm,2015-06-01,255.0,627.7017770099637
lgbm,2015-07-01,263.0,627.7017770099637
lgbm,2015-08-01,267.0,627.7017770099637
lgbm,2015-09-01,290.0,627.7017770099637
lgbm,2015-10-01,164.0,627.7017770099637
lgbm,2015-11-01,192.0,761.5482182312012
lgbm,2015-12-01,312.0,761.5482182312012
lgbm,2016-01-01,1205.0,627.7017770099637
lgbm,2016-02-01,1494.0,627.7017770099637
lgbm,2016-03-01,1207.0,627.7017770099637
lgbm,2016-04-01,1552.0,627.7017770099637
lgbm,2015-06-01,255.0,437.20724388191906
lgbm,2015-07-01,263.0,686.2608173554404
lgbm,2015-08-01,267.0,422.7789853968061
lgbm,2015-09-01,290.0,500.071388456493
lgbm,2015-10-01,164.0,842.9119719814952
lgbm,2015-11-01,192.0,609.2671459332513
lgbm,2015-12-01,312.0,842.9119719814952
lgbm,2016-01-01,1205.0,1067.5770987382507
lgbm,2016-02-01,1494.0,833.6335410525097
lgbm,2016-03-01,1207.0,388.4669820637768
lgbm,2016-04-01,1552.0,815.5651402432272
lgbm,2016-05-01,1118.0,375.3235882475101
lgbm,2015-07-01,263.0,0.0
lgbm,2015-08-01,267.0,0.0
lgbm,2015-09-01,290.0,0.0
lgbm,2015-10-01,164.0,178.09537421422655
lgbm,2015-11-01,192.0,25.007785410892023
lgbm,2015-12-01,312.0,231.83994370656671
lgbm,2016-01-01,1205.0,189.9783926369623
lgbm,2016-02-01,1494.0,357.13740128854204
lgbm,2016-03-01,1207.0,694.3413316262925
lgbm,2016-04-01,1552.0,972.0036918944021
lgbm,2016-05-01,1118.0,532.9234644468879
lgbm,2016-06-01,620.0,532.9234644468879
lgbm,2015-08-01,267.0,0.0
lgbm,2015-09-01,290.0,0.0
lgbm,2015-10-01,164.0,0.0
lgbm,2015-11-01,192.0,260.3665123928616
lgbm,2015-12-01,312.0,418.07037866179456
lgbm,2016-01-01,1205.0,970.0415353792769
lgbm,2016-02-01,1494.0,1117.268323991984
lgbm,2016-03-01,1207.0,1126.7804737149684
lgbm,2016-04-01,1552.0,814.1677491817048
lgbm,2016-05-01,1118.0,682.2875094366849
lgbm,2016-06-01,620.0,562.693108300683
lgbm,2016-07-01,371.0,463.325594043737
lgbm,2015-09-01,290.0,0.0
lgbm,2015-10-01,164.0,334.6291500504817
lgbm,2015-11-01,192.0,280.13748042201934
lgbm,2015-12-01,312.0,960.0210096276495
lgbm,2016-01-01,1205.0,1140.076062732973
lgbm,2016-02-01,1494.0,1174.8356348185737
lgbm,2016-03-01,1207.0,1357.5049420332502
lgbm,2016-04-01,1552.0,1066.002900094755
lgbm,2016-05-01,1118.0,816.4776907093808
lgbm,2016-06-01,620.0,816.4776907093808
lgbm,2016-07-01,371.0,816.4776907093808
lgbm,2016-08-01,211.0,239.21379067842147
lgbm,2015-10-01,164.0,326.57571904106624
lgbm,2015-11-01,192.0,515.0797382890319
lgbm,2015-12-01,312.0,1255.1513378678414
lgbm,2016-01-01,1205.0,1251.1195657463104
lgbm,2016-02-01,1494.0,1696.308095365782
lgbm,2016-03-01,1207.0,1007.7780562572401
lgbm,2016-04-01,1552.0,1253.9471257526686
lgbm,2016-05-01,1118.0,813.2983392965657
lgbm,2016-06-01,620.0,628.859979773167
lgbm,2016-07-01,371.0,411.6777044340406
lgbm,2016-08-01,211.0,303.4154488275025
lgbm,2016-09-01,193.0,0.0
lgbm,2015-11-01,192.0,568.1895772573541
lgbm,2015-12-01,312.0,1336.402524339558
lgbm,2016-01-01,1205.0,1330.990122121556
lgbm,2016-02-01,1494.0,1737.9989341858866
lgbm,2016-03-01,1207.0,1220.4106216912521
lgbm,2016-04-01,1552.0,1118.5083478863828
lgbm,2016-05-01,1118.0,1082.5691406182168
lgbm,2016-06-01,620.0,704.0955628210572
lgbm,2016-07-01,371.0,391.86123055625904
lgbm,2016-08-01,211.0,423.636495490935
lgbm,2016-09-01,193.0,313.8799832419061
lgbm,2016-10-01,218.0,0.0
lgbm,2015-12-01,312.0,524.3292931319979
lgbm,2016-01-01,1205.0,1250.1566445316826
lgbm,2016-02-01,1494.0,1775.5552541667369
lgbm,2016-03-01,1207.0,988.0260377927522
lgbm,2016-04-01,1552.0,1266.155580010176
lgbm,2016-05-01,1118.0,1116.6344634570926
lgbm,2016-06-01,620.0,947.3696611015455
lgbm,2016-07-01,371.0,603.9447227275385
lgbm,2016-08-01,211.0,572.0008231411456
lgbm,2016-09-01,193.0,405.650679761406
lgbm,2016-10-01,218.0,436.84429492262035
lgbm,2016-11-01,220.0,723.9737669652673
lgbm,2016-01-01,1205.0,471.0828337586389
lgbm,2016-02-01,1494.0,1669.542209534832
lgbm,2016-03-01,1207.0,1187.1007602496952
lgbm,2016-04-01,1552.0,1207.2612281096926
lgbm,2016-05-01,1118.0,881.5880856920237
lgbm,2016-06-01,620.0,867.6623553838227
lgbm,2016-07-01,371.0,711.8112353940352
lgbm,2016-08-01,211.0,693.0163168409563
lgbm,2016-09-01,193.0,460.5347827205927
lgbm,2016-10-01,218.0,645.865423409241
lgbm,2016-11-01,220.0,633.3830467464895
lgbm,2016-12-01,250.0,383.1205497378407
lgbm,2016-02-01,1494.0,1308.6724183542055
lgbm,2016-03-01,1207.0,1129.5779767702581
lgbm,2016-04-01,1552.0,1460.953296708334
lgbm,2016-05-01,1118.0,1026.6002453718766
lgbm,2016-06-01,620.0,958.7139070960826
lgbm,2016-07-01,371.0,711.8487672437552
lgbm,2016-08-01,211.0,706.049815782471
lgbm,2016-09-01,193.0,419.4863245297152
lgbm,2016-10-01,218.0,660.892829386156
lgbm,2016-11-01,220.0,494.4061798769647
lgbm,2016-12-01,250.0,413.41740498436786
lgbm,2017-01-01,737.0,619.9902494999903
lgbm,2016-03-01,1207.0,756.6209889449601
lgbm,2016-04-01,1552.0,1236.5030863425925
lgbm,2016-05-01,1118.0,1112.36066634542
lgbm,2016-06-01,620.0,956.650286962946
lgbm,2016-07-01,371.0,717.0427293857471
lgbm,2016-08-01,211.0,686.9470782150141
lgbm,2016-09-01,193.0,479.6597345291082
lgbm,2016-10-01,218.0,649.6524039263936
lgbm,2016-11-01,220.0,433.71096610239795
lgbm,2016-12-01,250.0,504.8497532726271
lgbm,2017-01-01,737.0,433.71096610239795
lgbm,2017-02-01,594.0,590.1584977179241
lgbm,2016-04-01,1552.0,1180.5046237496176
lgbm,2016-05-01,1118.0,1031.681929865879
lgbm,2016-06-01,620.0,932.1708993704899
lgbm,2016-07-01,371.0,757.8806057907876
lgbm,2016-08-01,211.0,749.2234193807076
lgbm,2016-09-01,193.0,620.9734304126143
lgbm,2016-10-01,218.0,697.6549840073455
lgbm,2016-11-01,220.0,684.715520043215
lgbm,2016-12-01,250.0,469.56009298227895
lgbm,2017-01-01,737.0,1068.7054081289975
lgbm,2017-02-01,594.0,704.1445788416501
lgbm,2017-03-01,563.0,800.7870477744648
lgbm,2016-05-01,1118.0,891.4015922788114
lgbm,2016-06-01,620.0,877.8846562937854
lgbm,2016-07-01,371.0,737.7130058103389
lgbm,2016-08-01,211.0,713.3123460203706
lgbm,2016-09-01,193.0,606.594616341297
lgbm,2016-10-01,218.0,656.8423799384659
lgbm,2016-11-01,220.0,773.9984409627325
lgbm,2016-12-01,250.0,486.47527793875037
lgbm,2017-01-01,737.0,1031.745090840285
lgbm,2017-02-01,594.0,1024.0948091928797
lgbm,2017-03-01,563.0,876.851084262525
lgbm,2017-04-01,604.0,775.963741787667
lgbm,2016-06-01,620.0,714.1837183298064
lgbm,2016-07-01,371.0,692.281491882315
lgbm,2016-08-01,211.0,950.4917467699825
lgbm,2016-09-01,193.0,539.810157782071
lgbm,2016-10-01,218.0,869.5110154441302
lgbm,2016-11-01,220.0,817.8261282656074
lgbm,2016-12-01,250.0,773.5428332951006
lgbm,2017-01-01,737.0,1201.4006976864591
lgbm,2017-02-01,594.0,965.7079995968269
lgbm,2017-03-01,563.0,1006.811315462621
lgbm,2017-04-01,604.0,921.2430626812187
lgbm,2017-05-01,266.0,548.5737473012522
lgbm,2016-07-01,371.0,629.7858509125954
lgbm,2016-08-01,211.0,760.703952918283
lgbm,2016-09-01,193.0,660.1535041629678
lgbm,2016-10-01,218.0,732.1339685374114
lgbm,2016-11-01,220.0,1024.8885309718653
lgbm,2016-12-01,250.0,721.4485681368533
lgbm,2017-01-01,737.0,1199.6221216051708
lgbm,2017-02-01,594.0,1031.2662494771816
lgbm,2017-03-01,563.0,1160.4104456979908
lgbm,2017-04-01,604.0,1052.8491662670729
lgbm,2017-05-01,266.0,770.7970644546754
lgbm,2017-06-01,202.0,589.2954113975927
lgbm,2016-08-01,211.0,43.89008236962434
lgbm,2016-09-01,193.0,0.0
lgbm,2016-10-01,218.0,50.305683479446806
lgbm,2016-11-01,220.0,233.62301939074885
lgbm,2016-12-01,250.0,8.54088100646251
lgbm,2017-01-01,737.0,428.65096765254617
lgbm,2017-02-01,594.0,604.426160700265
lgbm,2017-03-01,563.0,1283.5374705413205
lgbm,2017-04-01,604.0,1146.8638097452526
lgbm,2017-05-01,266.0,958.9086158057908
lgbm,2017-06-01,202.0,932.460616591194
lgbm,2017-07-01,244.0,932.460616591194
lgbm,2016-09-01,193.0,0.0
lgbm,2016-10-01,218.0,57.24470976661594
lgbm,2016-11-01,220.0,213.2201123057761
lgbm,2016-12-01,250.0,6.963608592976782
lgbm,2017-01-01,737.0,452.86724493638263
lgbm,2017-02-01,594.0,1077.2947222242854
lgbm,2017-03-01,563.0,1289.393139257441
lgbm,2017-04-01,604.0,1167.6980664751145
lgbm,2017-05-01,266.0,942.904085199226
lgbm,2017-06-01,202.0,952.197803330761
lgbm,2017-07-01,244.0,952.197803330761
lgbm,2017-08-01,258.0,734.0708048345547
lgbm,2016-10-01,218.0,67.94128816509556
lgbm,2016-11-01,220.0,204.79849985924955
lgbm,2016-12-01,250.0,0.9421698899261042
lgbm,2017-01-01,737.0,444.84325698440637
lgbm,2017-02-01,594.0,719.4961007406645
lgbm,2017-03-01,563.0,1327.0247280392803
lgbm,2017-04-01,604.0,1236.3666402266647
lgbm,2017-05-01,266.0,999.1825899463191
lgbm,2017-06-01,202.0,1051.2005998852885
lgbm,2017-07-01,244.0,1063.6611358660568
lgbm,2017-08-01,258.0,669.4700641378809
lgbm,2017-09-01,290.0,705.0529422232511
lgbm,2016-11-01,220.0,290.8789888562725
lgbm,2016-12-01,250.0,45.35679368257998
lgbm,2017-01-01,737.0,516.1490013199646
lgbm,2017-02-01,594.0,1152.376640229107
lgbm,2017-03-01,563.0,1319.2763865299805
lgbm,2017-04-01,604.0,1220.288518162318
lgbm,2017-05-01,266.0,1095.0697588141009
lgbm,2017-06-01,202.0,894.1480268876861
lgbm,2017-07-01,244.0,933.2536645038107
lgbm,2017-08-01,258.0,679.2868243742512
lgbm,2017-09-01,290.0,703.5725128524373
lgbm,2017-10-01,210.0,682.2279928687966
lgbm,2016-12-01,250.0,27.62292432221095
lgbm,2017-01-01,737.0,262.5449148886124
lgbm,2017-02-01,594.0,454.9329475624962
lgbm,2017-03-01,563.0,1279.9399886242709
lgbm,2017-04-01,604.0,1189.9850777647246
lgbm,2017-05-01,266.0,1077.6168290061935
lgbm,2017-06-01,202.0,992.1877024712124
lgbm,2017-07-01,244.0,992.1877024712124
lgbm,2017-08-01,258.0,788.087695697269
lgbm,2017-09-01,290.0,686.5075332759789
lgbm,2017-10-01,210.0,923.4417350644434
lgbm,2017-11-01,123.0,960.2579671016917
lgbm,2017-01-01,737.0,112.48664477615202
lgbm,2017-02-01,594.0,461.70949863371084
lgbm,2017-03-01,563.0,832.8319925743393
lgbm,2017-04-01,604.0,1248.3564814226768
lgbm,2017-05-01,266.0,1075.8194207505387
lgbm,2017-06-01,202.0,1038.5756069446345
lgbm,2017-07-01,244.0,1038.5756069446345
lgbm,2017-08-01,258.0,771.811245465319
lgbm,2017-09-01,290.0,671.8027399193264
lgbm,2017-10-01,210.0,858.6806581357364
lgbm,2017-11-01,123.0,1171.7649304543804
lgbm,2017-12-01,163.0,1273.5812173898971
lgbm,2017-02-01,594.0,1077.0434705717698
lgbm,2017-03-01,563.0,1204.5130322734242
lgbm,2017-04-01,604.0,1173.0482873453814
lgbm,2017-05-01,266.0,1073.6906215546903
lgbm,2017-06-01,202.0,921.1575452026703
lgbm,2017-07-01,244.0,921.1575452026703
lgbm,2017-08-01,258.0,680.6466180230377
lgbm,2017-09-01,290.0,644.682735211892
lgbm,2017-10-01,210.0,807.4292349552366
lgbm,2017-11-01,123.0,1034.330768096526
lgbm,2017-12-01,163.0,1406.3288946850184
lgbm,2018-01-01,154.0,1565.8599814083475
lgbm,2017-03-01,563.0,1113.7960197904067
lgbm,2017-04-01,604.0,1056.6329833499512
lgbm,2017-05-01,266.0,974.0080374708631
lgbm,2017-06-01,202.0,895.0445536647841
lgbm,2017-07-01,244.0,866.1881691786547
lgbm,2017-08-01,258.0,708.973669239865
lgbm,2017-09-01,290.0,594.488909884294
lgbm,2017-10-01,210.0,647.2664059799764
lgbm,2017-11-01,123.0,889.4393510647656
lgbm,2017-12-01,163.0,1183.926559395011
lgbm,2018-01-01,154.0,1438.1122119651068
lgbm,2018-02-01,170.0,1556.2741251033178
lgbm,2017-04-01,604.0,1223.7367101907957
lgbm,2017-05-01,266.0,1049.9907409113207
lgbm,2017-06-01,202.0,963.4698553176815
lgbm,2017-07-01,244.0,1003.3246953956524
lgbm,2017-08-01,258.0,742.1031957050955
lgbm,2017-09-01,290.0,793.4914739977415
lgbm,2017-10-01,210.0,848.6191755250427
lgbm,2017-11-01,123.0,1046.0250395105745
lgbm,2017-12-01,163.0,1368.363306822164
lgbm,2018-01-01,154.0,1450.0746850948537
lgbm,2018-02-01,170.0,1611.3735893561538
lgbm,2018-03-01,248.0,1730.9246031007592
lgbm,2017-05-01,266.0,845.5518032311908
lgbm,2017-06-01,202.0,900.8631907686106
lgbm,2017-07-01,244.0,924.120222601459
lgbm,2017-08-01,258.0,809.4803600431167
lgbm,2017-09-01,290.0,850.2590483792645
lgbm,2017-10-01,210.0,1038.3438890803238
lgbm,2017-11-01,123.0,1239.9769157901478
lgbm,2017-12-01,163.0,1642.120598520705
lgbm,2018-01-01,154.0,1669.8626693545468
lgbm,2018-02-01,170.0,1784.502531912889
lgbm,2018-03-01,248.0,1906.5892392551632
lgbm,2018-04-01,351.0,1453.7597675862182
lgbm,2017-06-01,202.0,47.17469162530895
lgbm,2017-07-01,244.0,130.89344902991712
lgbm,2017-08-01,258.0,110.56995250757971
lgbm,2017-09-01,290.0,76.66252506617163
lgbm,2017-10-01,210.0,59.34836187896004
lgbm,2017-11-01,123.0,226.00128994271284
lgbm,2017-12-01,163.0,607.2793989291217
lgbm,2018-01-01,154.0,1532.8006473135313
lgbm,2018-02-01,170.0,1851.106801378354
lgbm,2018-03-01,248.0,2198.0175482939853
lgbm,2018-04-01,351.0,1658.1818399410938
lgbm,2018-05-01,252.0,959.2228864887095
lgbm,2017-07-01,244.0,306.96220474275776
lgbm,2017-08-01,258.0,114.74607656507834
lgbm,2017-09-01,290.0,139.80038096240705
lgbm,2017-10-01,210.0,70.51670758247427
lgbm,2017-11-01,123.0,274.99599009149483
lgbm,2017-12-01,163.0,714.3174183929837
lgbm,2018-01-01,154.0,1565.842593027419
lgbm,2018-02-01,170.0,1916.9427104105719
lgbm,2018-03-01,248.0,2204.5759229831424
lgbm,2018-04-01,351.0,1852.553639784631
lgbm,2018-05-01,252.0,1117.1996469979695
lgbm,2018-06-01,250.0,822.4795593156779
lgbm,2017-08-01,258.0,95.03135611656154
lgbm,2017-09-01,290.0,172.29575841627215
lgbm,2017-10-01,210.0,147.77106368775557
lgbm,2017-11-01,123.0,289.9703079205926
lgbm,2017-12-01,163.0,652.941178904637
lgbm,2018-01-01,154.0,1691.7252622622266
lgbm,2018-02-01,170.0,1943.731375139758
lgbm,2018-03-01,248.0,2196.094806475204
lgbm,2018-04-01,351.0,1745.1718481713351
lgbm,2018-05-01,252.0,1093.8077534817558
lgbm,2018-06-01,250.0,870.7695964401765
lgbm,2018-07-01,305.0,671.5203453493525
lgbm,2017-09-01,290.0,102.92316828414317
lgbm,2017-10-01,210.0,120.02641789226186
lgbm,2017-11-01,123.0,249.88866326089513
lgbm,2017-12-01,163.0,640.1192161533426
lgbm,2018-01-01,154.0,1473.227964592831
lgbm,2018-02-01,170.0,1807.670325937916
lgbm,2018-03-01,248.0,2133.25974225079
lgbm,2018-04-01,351.0,1699.8423766138899
lgbm,2018-05-01,252.0,1010.510684701121
lgbm,2018-06-01,250.0,796.9901904096
lgbm,2018-07-01,305.0,628.4729351819132
lgbm,2018-08-01,212.0,578.1116914234289
lgbm,2017-10-01,210.0,154.011727014343
lgbm,2017-11-01,123.0,274.804250160534
lgbm,2017-12-01,163.0,609.725441036572
lgbm,2018-01-01,154.0,1528.8561443253066
lgbm,2018-02-01,170.0,1935.4492052408427
lgbm,2018-03-01,248.0,2197.9840178940726
lgbm,2018-04-01,351.0,1730.6901095205985
lgbm,2018-05-01,252.0,1118.16019550537
lgbm,2018-06-01,250.0,887.8884609752843
lgbm,2018-07-01,305.0,663.1658608691596
lgbm,2018-08-01,212.0,594.7523894328156
lgbm,2018-09-01,185.0,1057.0554446161589
lgbm,2017-11-01,123.0,274.1029265935932
lgbm,2017-12-01,163.0,601.7066826674043
lgbm,2018-01-01,154.0,1543.7802272440374
lgbm,2018-02-01,170.0,1919.359641870109
lgbm,2018-03-01,248.0,2201.309790037949
lgbm,2018-04-01,351.0,1739.8120062541066
lgbm,2018-05-01,252.0,1005.8951544941307
lgbm,2018-06-01,250.0,815.6990876698252
lgbm,2018-07-01,305.0,664.1748134211521
lgbm,2018-08-01,212.0,610.0103612378621
lgbm,2018-09-01,185.0,1023.3189912148404
lgbm,2018-10-01,131.0,1078.9217054970698
lgbm,2017-12-01,163.0,617.4555466970842
lgbm,2018-01-01,154.0,1524.9541614091681
lgbm,2018-02-01,170.0,1910.2477615214568
lgbm,2018-03-01,248.0,2157.541904078094
lgbm,2018-04-01,351.0,1666.5663412589615
lgbm,2018-05-01,252.0,1133.4628914732878
lgbm,2018-06-01,250.0,828.4622769122848
lgbm,2018-07-01,305.0,642.245014242307
lgbm,2018-08-01,212.0,601.6539226887235
lgbm,2018-09-01,185.0,1006.666026660001
lgbm,2018-10-01,131.0,1100.1235603332743
lgbm,2018-11-01,97.0,1326.3565672615405
lgbm,2018-01-01,154.0,679.5416855638847
lgbm,2018-02-01,170.0,1979.1682623771953
lgbm,2018-03-01,248.0,2194.3148380514203
lgbm,2018-04-01,351.0,1743.027356384227
lgbm,2018-05-01,252.0,1084.6590985103758
lgbm,2018-06-01,250.0,929.2623228634725
lgbm,2018-07-01,305.0,665.6822369921457
lgbm,2018-08-01,212.0,640.4870827517113
lgbm,2018-09-01,185.0,1150.9493517254994
lgbm,2018-10-01,131.0,1335.3422411377924
lgbm,2018-11-01,97.0,1483.0425452833088
lgbm,2018-12-01,153.0,1354.5676542645274
lgbm,2018-02-01,170.0,948.600816867482
lgbm,2018-03-01,248.0,2093.4753896048296
lgbm,2018-04-01,351.0,1547.49405080847
lgbm,2018-05-01,252.0,1080.8579918153457
lgbm,2018-06-01,250.0,958.1998930642803
lgbm,2018-07-01,305.0,615.4351690952105
lgbm,2018-08-01,212.0,559.6159395758714
lgbm,2018-09-01,185.0,1181.268818628479
lgbm,2018-10-01,131.0,1302.970887412089
lgbm,2018-11-01,97.0,1445.6124015456141
lgbm,2018-12-01,153.0,1232.0789939980689
lgbm,2019-01-01,128.0,1093.9174341948608
lgbm,2018-03-01,248.0,1236.413979167457
lgbm,2018-04-01,351.0,1500.158157516251
lgbm,2018-05-01,252.0,1049.3712436522594
lgbm,2018-06-01,250.0,1047.3451288251788
lgbm,2018-07-01,305.0,628.9208969567735
lgbm,2018-08-01,212.0,591.9230746368453
lgbm,2018-09-01,185.0,1244.095978217883
lgbm,2018-10-01,131.0,1342.9564818969416
lgbm,2018-11-01,97.0,1517.6267262870301
lgbm,2018-12-01,153.0,1433.8576111419334
lgbm,2019-01-01,128.0,1120.6276713681557
lgbm,2019-02-01,212.0,1124.7738686535888
lgbm,2018-04-01,351.0,636.837388479671
lgbm,2018-05-01,252.0,1151.263765060921
lgbm,2018-06-01,250.0,762.7527022565947
lgbm,2018-07-01,305.0,783.8678241274578
lgbm,2018-08-01,212.0,734.8190200990427
lgbm,2018-09-01,185.0,1203.5429799139745
lgbm,2018-10-01,131.0,1256.6176786652568
lgbm,2018-11-01,97.0,1476.0735963829652
lgbm,2018-12-01,153.0,1516.744842303907
lgbm,2019-01-01,128.0,1138.6728049747414
lgbm,2019-02-01,212.0,1024.26571826828
lgbm,2019-03-01,197.0,807.305565654345
lgbm,2018-05-01,252.0,395.17064611611295
lgbm,2018-06-01,250.0,202.19147800937333
lgbm,2018-07-01,305.0,0.0
lgbm,2018-08-01,212.0,0.0
lgbm,2018-09-01,185.0,191.53178431357338
lgbm,2018-10-01,131.0,125.83824006723411
lgbm,2018-11-01,97.0,321.5382808169502
lgbm,2018-12-01,153.0,625.4113053462899
lgbm,2019-01-01,128.0,1260.5053897726848
lgbm,2019-02-01,212.0,1215.478354684531
lgbm,2019-03-01,197.0,848.0771719075268
lgbm,2019-04-01,242.0,945.5922203791388
lgbm,2018-06-01,250.0,241.85726749973415
lgbm,2018-07-01,305.0,97.32804222253783
lgbm,2018-08-01,212.0,144.4872787118463
lgbm,2018-09-01,185.0,410.25833288750425
lgbm,2018-10-01,131.0,580.1129189511636
lgbm,2018-11-01,97.0,1441.0713541861244
lgbm,2018-12-01,153.0,1440.3813117571026
lgbm,2019-01-01,128.0,1220.843870941494
lgbm,2019-02-01,212.0,1023.1668181797077
lgbm,2019-03-01,197.0,1026.4052704883522
lgbm,2019-04-01,242.0,986.9762100516458
lgbm,2019-05-01,211.0,977.0539677980667
lgbm,2018-07-01,305.0,150.58138547474093
lgbm,2018-08-01,212.0,83.46054971298496
lgbm,2018-09-01,185.0,417.43767122667424
lgbm,2018-10-01,131.0,789.3012144715755
lgbm,2018-11-01,97.0,1337.2873734414188
lgbm,2018-12-01,153.0,1435.0099224216115
lgbm,2019-01-01,128.0,1248.0722049001286
lgbm,2019-02-01,212.0,939.9556430208446
lgbm,2019-03-01,197.0,966.1264782584453
lgbm,2019-04-01,242.0,971.4365144031304
lgbm,2019-05-01,211.0,899.2297291459345
lgbm,2019-06-01,322.0,895.1614088027774
lgbm,2018-08-01,212.0,70.13946354657259
lgbm,2018-09-01,185.0,447.6742326448201
lgbm,2018-10-01,131.0,808.998253522267
lgbm,2018-11-01,97.0,1359.9038110347392
lgbm,2018-12-01,153.0,1515.5095351523348
lgbm,2019-01-01,128.0,1390.4448221895052
lgbm,2019-02-01,212.0,1019.732433392146
lgbm,2019-03-01,197.0,1045.3596000854895
lgbm,2019-04-01,242.0,894.8263660677575
lgbm,2019-05-01,211.0,902.8313071980613
lgbm,2019-06-01,322.0,866.1923295503323
lgbm,2019-07-01,213.0,788.4785828550124
lgbm,2018-09-01,185.0,296.57136011546606
lgbm,2018-10-01,131.0,569.0560802027527
lgbm,2018-11-01,97.0,1003.166413826695
lgbm,2018-12-01,153.0,1453.0313894679123
lgbm,2019-01-01,128.0,1376.1248257082618
lgbm,2019-02-01,212.0,1146.1808852723543
lgbm,2019-03-01,197.0,987.0978627154682
lgbm,2019-04-01,242.0,1041.9796655173639
lgbm,2019-05-01,211.0,943.4066962604611
lgbm,2019-06-01,322.0,904.3018395655589
lgbm,2019-07-01,213.0,986.9777755549219
lgbm,2019-08-01,153.0,659.6888716392817
lgbm,2018-10-01,131.0,360.7981085425452
lgbm,2018-11-01,97.0,611.4422385808031
lgbm,2018-12-01,153.0,1454.8340411378535
lgbm,2019-01-01,128.0,1461.0431686404631
lgbm,2019-02-01,212.0,1064.198493366747
lgbm,2019-03-01,197.0,938.0449341408296
lgbm,2019-04-01,242.0,968.2406227029142
lgbm,2019-05-01,211.0,913.6445369747678
lgbm,2019-06-01,322.0,908.9533640144864
lgbm,2019-07-01,213.0,978.0896476949306
lgbm,2019-08-01,153.0,726.3327192813181
lgbm,2019-09-01,150.0,835.8684566839842
lgbm,2018-11-01,97.0,305.07809523236074
lgbm,2018-12-01,153.0,483.1352658745715
lgbm,2019-01-01,128.0,752.6451969337963
lgbm,2019-02-01,212.0,1180.088471366549
lgbm,2019-03-01,197.0,1111.3262031991246
lgbm,2019-04-01,242.0,1065.9759082195676
lgbm,2019-05-01,211.0,863.0143041499288
lgbm,2019-06-01,322.0,863.0143041499288
lgbm,2019-07-01,213.0,928.955463236595
lgbm,2019-08-01,153.0,739.2863737728987
lgbm,2019-09-01,150.0,895.042260507393
lgbm,2019-10-01,124.0,863.1450876095616
lgbm,2018-12-01,153.0,159.96023732382292
lgbm,2019-01-01,128.0,199.12630767208802
lgbm,2019-02-01,212.0,168.3615900031121
lgbm,2019-03-01,197.0,140.27576871081317
lgbm,2019-04-01,242.0,316.95703312938156
lgbm,2019-05-01,211.0,311.5213854748882
lgbm,2019-06-01,322.0,357.2673092142959
lgbm,2019-07-01,213.0,494.9477185866741
lgbm,2019-08-01,153.0,394.2472307641272
lgbm,2019-09-01,150.0,538.3420328787046
lgbm,2019-10-01,124.0,482.0536704786009
lgbm,2019-11-01,121.0,389.11797719537316
lgbm,2019-01-01,128.0,73.58821011774697
lgbm,2019-02-01,212.0,0.0
lgbm,2019-03-01,197.0,59.96510014920008
lgbm,2019-04-01,242.0,284.8975256733747
lgbm,2019-05-01,211.0,402.02322409705073
lgbm,2019-06-01,322.0,611.2822297985972
lgbm,2019-07-01,213.0,1098.012844724643
lgbm,2019-08-01,153.0,859.4664357059868
lgbm,2019-09-01,150.0,983.4344688987792
lgbm,2019-10-01,124.0,845.7416066703174
lgbm,2019-11-01,121.0,874.8927942145641
lgbm,2019-12-01,112.0,893.1266234387418
lgbm,2019-02-01,212.0,44.60668825619863
lgbm,2019-03-01,197.0,28.31822927702445
lgbm,2019-04-01,242.0,174.83775483118345
lgbm,2019-05-01,211.0,227.25343388381276
lgbm,2019-06-01,322.0,241.0419757678314
lgbm,2019-07-01,213.0,333.2360970575446
lgbm,2019-08-01,153.0,277.8630680763051
lgbm,2019-09-01,150.0,287.559707682233
lgbm,2019-10-01,124.0,439.7281272961623
lgbm,2019-11-01,121.0,621.6986842466861
lgbm,2019-12-01,112.0,1014.2375632437675
lgbm,2020-01-01,205.0,1082.229099811002
lgbm,2019-03-01,197.0,85.55434002148954
lgbm,2019-04-01,242.0,279.4459109499636
lgbm,2019-05-01,211.0,291.31210409407703
lgbm,2019-06-01,322.0,376.7038211318624
lgbm,2019-07-01,213.0,476.9116275926303
lgbm,2019-08-01,153.0,477.86088947312453
lgbm,2019-09-01,150.0,516.409660342264
lgbm,2019-10-01,124.0,493.00642908696307
lgbm,2019-11-01,121.0,350.4386777703567
lgbm,2019-12-01,112.0,238.56224007930717
lgbm,2020-01-01,205.0,267.46530726130584
lgbm,2020-02-01,289.0,381.4403575649831
lgbm,2019-04-01,242.0,252.71336324935206
lgbm,2019-05-01,211.0,290.4873095531915
lgbm,2019-06-01,322.0,311.42024346465655
lgbm,2019-07-01,213.0,496.8451465662794
lgbm,2019-08-01,153.0,447.79011681762773
lgbm,2019-09-01,150.0,500.12398851188107
lgbm,2019-10-01,124.0,618.2719256360133
lgbm,2019-11-01,121.0,1056.5194214571925
lgbm,2019-12-01,112.0,994.1110635977356
lgbm,2020-01-01,205.0,978.7451304259105
lgbm,2020-02-01,289.0,978.7451304259105
lgbm,2020-03-01,368.0,968.4915304063903
lgbm,2019-05-01,211.0,384.15466574262825
lgbm,2019-06-01,322.0,352.38263735877103
lgbm,2019-07-01,213.0,534.1051760163435
lgbm,2019-08-01,153.0,466.06220188559774
lgbm,2019-09-01,150.0,485.6328889790274
lgbm,2019-10-01,124.0,564.1164793720778
lgbm,2019-11-01,121.0,574.4836955834066
lgbm,2019-12-01,112.0,463.661921037876
lgbm,2020-01-01,205.0,381.79830802680215
lgbm,2020-02-01,289.0,299.0464513017234
lgbm,2020-03-01,368.0,330.74018289513765
lgbm,2020-04-01,114.0,458.6173153043064
lgbm,2019-06-01,322.0,233.78001592489943
lgbm,2019-07-01,213.0,300.5689028225343
lgbm,2019-08-01,153.0,272.21167878847166
lgbm,2019-09-01,150.0,458.5591367350235
lgbm,2019-10-01,124.0,696.9187285293923
lgbm,2019-11-01,121.0,993.6177015828532
lgbm,2019-12-01,112.0,1024.3515394988049
lgbm,2020-01-01,205.0,944.5845207435417
lgbm,2020-02-01,289.0,926.2476661036854
lgbm,2020-03-01,368.0,886.9644400888993
lgbm,2020-04-01,114.0,957.6845118640309
lgbm,2020-05-01,227.0,957.6845118640309
lgbm,2019-07-01,213.0,546.1981944380567
lgbm,2019-08-01,153.0,935.9577307982742
lgbm,2019-09-01,150.0,1089.15769110378
lgbm,2019-10-01,124.0,1030.5150940539615
lgbm,2019-11-01,121.0,923.7414639998339
lgbm,2019-12-01,112.0,1026.9431898336293
lgbm,2020-01-01,205.0,917.3816358904156
lgbm,2020-02-01,289.0,908.8048226346685
lgbm,2020-03-01,368.0,846.3582381542133
lgbm,2020-04-01,114.0,892.2150957057734
lgbm,2020-05-01,227.0,835.8479182208725
lgbm,2020-06-01,218.0,847.0747684509199
lgbm,2019-08-01,153.0,80.62413441046343
lgbm,2019-09-01,150.0,242.19276936626042
lgbm,2019-10-01,124.0,307.6867045518599
lgbm,2019-11-01,121.0,395.5779898071998
lgbm,2019-12-01,112.0,524.6383912390002
lgbm,2020-01-01,205.0,1046.6209664156906
lgbm,2020-02-01,289.0,974.5193633308211
lgbm,2020-03-01,368.0,849.0955978952727
lgbm,2020-04-01,114.0,965.2801786996866
lgbm,2020-05-01,227.0,975.6524741215409
lgbm,2020-06-01,218.0,1055.1115941251153
lgbm,2020-07-01,202.0,1034.0267432177095
lgbm,2019-09-01,150.0,365.1585609781754
lgbm,2019-10-01,124.0,353.45186861535166
lgbm,2019-11-01,121.0,333.94865490413514
lgbm,2019-12-01,112.0,539.116532957068
lgbm,2020-01-01,205.0,404.1255826969943
lgbm,2020-02-01,289.0,443.2158832634546
lgbm,2020-03-01,368.0,524.5178686082788
lgbm,2020-04-01,114.0,390.3051829581101
lgbm,2020-05-01,227.0,487.5378021343605
lgbm,2020-06-01,218.0,406.3460610976628
lgbm,2020-07-01,202.0,459.17635242760485
lgbm,2020-08-01,169.0,600.0614567778313
lgbm,2019-10-01,124.0,220.08189060399786
lgbm,2019-11-01,121.0,201.20507658760636
lgbm,2019-12-01,112.0,111.11066070970027
lgbm,2020-01-01,205.0,1.211230392538635
lgbm,2020-02-01,289.0,46.2369891534623
lgbm,2020-03-01,368.0,70.31326900103669
lgbm,2020-04-01,114.0,52.38156530541833
lgbm,2020-05-01,227.0,124.5558715301628
lgbm,2020-06-01,218.0,174.56548629878398
lgbm,2020-07-01,202.0,137.37471847000998
lgbm,2020-08-01,169.0,126.70605269609742
lgbm,2020-09-01,73.0,126.70605269609742
lgbm,2019-11-01,121.0,191.9559763028143
lgbm,2019-12-01,112.0,183.8280524586495
lgbm,2020-01-01,205.0,25.17397011259301
lgbm,2020-02-01,289.0,131.16115965775077
lgbm,2020-03-01,368.0,102.78941259133184
lgbm,2020-04-01,114.0,150.27151202825468
lgbm,2020-05-01,227.0,181.23913963801576
lgbm,2020-06-01,218.0,230.56798365346373
lgbm,2020-07-01,202.0,183.96858010851122
lgbm,2020-08-01,169.0,214.17108480042742
lgbm,2020-09-01,73.0,173.19947904558643
lgbm,2020-10-01,69.0,171.33723119698664
lgbm,2019-12-01,112.0,177.20274045089042
lgbm,2020-01-01,205.0,28.047441959376616
lgbm,2020-02-01,289.0,138.37617260000343
lgbm,2020-03-01,368.0,113.34633607837281
lgbm,2020-04-01,114.0,105.64097191987464
lgbm,2020-05-01,227.0,185.52718468000074
lgbm,2020-06-01,218.0,226.76299437307947
lgbm,2020-07-01,202.0,148.50832538068198
lgbm,2020-08-01,169.0,159.65518428327266
lgbm,2020-09-01,73.0,167.98308992835064
lgbm,2020-10-01,69.0,164.9344778402167
lgbm,2020-11-01,204.0,187.19420631784533
lgbm,2020-01-01,205.0,0.0
lgbm,2020-02-01,289.0,109.87513969710456
lgbm,2020-03-01,368.0,92.1536101619161
lgbm,2020-04-01,114.0,77.19180504806923
lgbm,2020-05-01,227.0,144.413093961745
lgbm,2020-06-01,218.0,163.5278201672686
lgbm,2020-07-01,202.0,86.55661944352565
lgbm,2020-08-01,169.0,150.38492189007758
lgbm,2020-09-01,73.0,129.00225459748248
lgbm,2020-10-01,69.0,131.8775921231545
lgbm,2020-11-01,204.0,129.00225459748248
lgbm,2020-12-01,185.0,89.29208309573256
lgbm,2020-02-01,289.0,191.37457792279568
lgbm,2020-03-01,368.0,158.74412185543252
lgbm,2020-04-01,114.0,156.43370825448733
lgbm,2020-05-01,227.0,152.10527508285782
lgbm,2020-06-01,218.0,211.97094513818303
lgbm,2020-07-01,202.0,181.92109812224135
lgbm,2020-08-01,169.0,148.66333271917722
lgbm,2020-09-01,73.0,169.99839833314175
lgbm,2020-10-01,69.0,171.58888308730457
lgbm,2020-11-01,204.0,171.0157940581693
lgbm,2020-12-01,185.0,169.88738681794825
lgbm,2021-01-01,392.0,160.01211607763636
lgbm,2020-03-01,368.0,327.63041585988583
lgbm,2020-04-01,114.0,366.77170912372935
lgbm,2020-05-01,227.0,309.0023925216932
lgbm,2020-06-01,218.0,419.2468903341083
lgbm,2020-07-01,202.0,515.5764446610033
lgbm,2020-08-01,169.0,938.535898514477
lgbm,2020-09-01,73.0,947.8546334111902
lgbm,2020-10-01,69.0,925.0937063191918
lgbm,2020-11-01,204.0,918.8417957184004
lgbm,2020-12-01,185.0,967.7123413776537
lgbm,2021-01-01,392.0,981.4329860696126
lgbm,2021-02-01,674.0,895.7726674176982
lgbm,2020-04-01,114.0,296.5506645289784
lgbm,2020-05-01,227.0,441.3513367212324
lgbm,2020-06-01,218.0,611.1536235164363
lgbm,2020-07-01,202.0,909.5610666848934
lgbm,2020-08-01,169.0,911.3920843608181
lgbm,2020-09-01,73.0,913.3028269548086
lgbm,2020-10-01,69.0,882.9379495995215
lgbm,2020-11-01,204.0,928.4711476616473
lgbm,2020-12-01,185.0,913.4740147130566
lgbm,2021-01-01,392.0,896.3449855142036
lgbm,2021-02-01,674.0,930.4339888165924
lgbm,2021-03-01,1007.0,884.964604226698
lgbm,2020-05-01,227.0,191.26124150488693
lgbm,2020-06-01,218.0,218.435357485479
lgbm,2020-07-01,202.0,215.76586360428044
lgbm,2020-08-01,169.0,212.65131506447398
lgbm,2020-09-01,73.0,225.13087917180354
lgbm,2020-10-01,69.0,272.6829559065375
lgbm,2020-11-01,204.0,354.45072206152514
lgbm,2020-12-01,185.0,250.52203851666215
lgbm,2021-01-01,392.0,345.3591226213503
lgbm,2021-02-01,674.0,448.68403908476853
lgbm,2021-03-01,1007.0,584.0072939556117
lgbm,2021-04-01,886.0,1064.3492072392355
lgbm,2020-06-01,218.0,294.7482715777616
lgbm,2020-07-01,202.0,259.57449479665695
lgbm,2020-08-01,169.0,401.2489621258317
lgbm,2020-09-01,73.0,552.217377281673
lgbm,2020-10-01,69.0,1016.9273098175687
lgbm,2020-11-01,204.0,922.0299135558529
lgbm,2020-12-01,185.0,972.7783667605406
lgbm,2021-01-01,392.0,906.2725301190919
lgbm,2021-02-01,674.0,918.7634885213166
lgbm,2021-03-01,1007.0,988.9611793141615
lgbm,2021-04-01,886.0,965.7401879494308
lgbm,2021-05-01,838.0,1027.8888074093468
lgbm,2020-07-01,202.0,200.05550086287334
lgbm,2020-08-01,169.0,185.96392309357535
lgbm,2020-09-01,73.0,215.652074558373
lgbm,2020-10-01,69.0,249.49630550782646
lgbm,2020-11-01,204.0,334.27859049692097
lgbm,2020-12-01,185.0,346.0234349147283
lgbm,2021-01-01,392.0,261.45071602452725
lgbm,2021-02-01,674.0,411.8675306595224
lgbm,2021-03-01,1007.0,360.7247110762658
lgbm,2021-04-01,886.0,271.9434906546038
lgbm,2021-05-01,838.0,528.8600895623792
lgbm,2021-06-01,601.0,994.5864709110574
lgbm,2020-08-01,169.0,203.08998478690143
lgbm,2020-09-01,73.0,210.8665038285925
lgbm,2020-10-01,69.0,267.654652638718
lgbm,2020-11-01,204.0,213.63441042944632
lgbm,2020-12-01,185.0,221.30455368709008
lgbm,2021-01-01,392.0,115.55551736091512
lgbm,2021-02-01,674.0,205.8562040362667
lgbm,2021-03-01,1007.0,160.45927989394679
lgbm,2021-04-01,886.0,180.51320150792222
lgbm,2021-05-01,838.0,238.02301219856795
lgbm,2021-06-01,601.0,275.7220303011087
lgbm,2021-07-01,488.0,179.99472166202364
lgbm,2020-09-01,73.0,159.64959389278027
lgbm,2020-10-01,69.0,265.2369481958383
lgbm,2020-11-01,204.0,211.82544541063794
lgbm,2020-12-01,185.0,205.5662549931702
lgbm,2021-01-01,392.0,165.54583169987595
lgbm,2021-02-01,674.0,221.6445989780067
lgbm,2021-03-01,1007.0,143.91530521456505
lgbm,2021-04-01,886.0,216.46334488546466
lgbm,2021-05-01,838.0,227.2834408940654
lgbm,2021-06-01,601.0,256.0054002282815
lgbm,2021-07-01,488.0,274.9769586044708
lgbm,2021-08-01,380.0,166.80628288111583
lgbm,2020-10-01,69.0,248.33296930544492
lgbm,2020-11-01,204.0,218.0072913693171
lgbm,2020-12-01,185.0,238.06052563962632
lgbm,2021-01-01,392.0,140.04610477525205
lgbm,2021-02-01,674.0,240.8985819826503
lgbm,2021-03-01,1007.0,158.76490512444101
lgbm,2021-04-01,886.0,159.15073812599218
lgbm,2021-05-01,838.0,196.20238944878048
lgbm,2021-06-01,601.0,245.77211064731134
lgbm,2021-07-01,488.0,205.30413714091407
lgbm,2021-08-01,380.0,187.8140911243947
lgbm,2021-09-01,182.0,252.94599937500863
lgbm,2020-11-01,204.0,182.33951287203513
lgbm,2020-12-01,185.0,235.01543998764024
lgbm,2021-01-01,392.0,138.42548730692064
lgbm,2021-02-01,674.0,229.48810439950742
lgbm,2021-03-01,1007.0,197.41561897469094
lgbm,2021-04-01,886.0,192.57924643331825
lgbm,2021-05-01,838.0,211.80907216692773
lgbm,2021-06-01,601.0,226.75058984107542
lgbm,2021-07-01,488.0,115.99141066576166
lgbm,2021-08-01,380.0,103.88474994904797
lgbm,2021-09-01,182.0,230.2261923336626
lgbm,2021-10-01,136.0,158.50741524742364
lgbm,2020-12-01,185.0,230.28685848159176
lgbm,2021-01-01,392.0,131.41110502262134
lgbm,2021-02-01,674.0,240.41497884641223
lgbm,2021-03-01,1007.0,168.432890849256
lgbm,2021-04-01,886.0,194.0182946636523
lgbm,2021-05-01,838.0,164.21999398123987
lgbm,2021-06-01,601.0,158.17603171919316
lgbm,2021-07-01,488.0,52.203019599657004
lgbm,2021-08-01,380.0,106.93665169884483
lgbm,2021-09-01,182.0,139.70685942235124
lgbm,2021-10-01,136.0,133.94267200909175
lgbm,2021-11-01,96.0,149.1549492496674
lgbm,2021-01-01,392.0,106.58662564927933
lgbm,2021-02-01,674.0,165.76952114420627
lgbm,2021-03-01,1007.0,122.23578884019007
lgbm,2021-04-01,886.0,167.73288755766052
lgbm,2021-05-01,838.0,175.35605738204086
lgbm,2021-06-01,601.0,133.03466115034732
lgbm,2021-07-01,488.0,91.55100993034809
lgbm,2021-08-01,380.0,120.83032572443996
lgbm,2021-09-01,182.0,112.57469744170375
lgbm,2021-10-01,136.0,65.21501468526576
lgbm,2021-11-01,96.0,111.08972065503566
lgbm,2021-12-01,75.0,128.07487976390456
lgbm,2021-02-01,674.0,311.7140369980535
lgbm,2021-03-01,1007.0,277.90998045154186
lgbm,2021-04-01,886.0,334.7989732209433
lgbm,2021-05-01,838.0,422.0855537466242
lgbm,2021-06-01,601.0,526.748910575026
lgbm,2021-07-01,488.0,360.69321672165495
lgbm,2021-08-01,380.0,67.08758001016287
lgbm,2021-09-01,182.0,198.95099347472274
lgbm,2021-10-01,136.0,196.7974922342274
lgbm,2021-11-01,96.0,134.76703437852905
lgbm,2021-12-01,75.0,248.1096194286628
lgbm,2022-01-01,232.0,456.19360243632804
lgbm,2021-03-01,1007.0,994.9541160263516
lgbm,2021-04-01,886.0,983.0590076456836
lgbm,2021-05-01,838.0,996.1482643336745
lgbm,2021-06-01,601.0,974.7291060451361
lgbm,2021-07-01,488.0,758.308101835155
lgbm,2021-08-01,380.0,952.4054897000262
lgbm,2021-09-01,182.0,965.5602638512131
lgbm,2021-10-01,136.0,940.9714632325337
lgbm,2021-11-01,96.0,941.1873898305059
lgbm,2021-12-01,75.0,954.4324680634362
lgbm,2022-01-01,232.0,954.4324680634362
lgbm,2022-02-01,231.0,982.4921804066141
lgbm,2021-04-01,886.0,992.7796313513275
lgbm,2021-05-01,838.0,908.611035977083
lgbm,2021-06-01,601.0,907.3590925455082
lgbm,2021-07-01,488.0,696.2051554086895
lgbm,2021-08-01,380.0,834.9551587777565
lgbm,2021-09-01,182.0,888.9229378235593
lgbm,2021-10-01,136.0,846.4182475759757
lgbm,2021-11-01,96.0,797.2905896774062
lgbm,2021-12-01,75.0,846.0420320043287
lgbm,2022-01-01,232.0,862.1846770605197
lgbm,2022-02-01,231.0,883.5118364829324
lgbm,2022-03-01,295.0,862.1846770605197
lgbm,2021-05-01,838.0,1005.1415927424885
lgbm,2021-06-01,601.0,999.9557876232691
lgbm,2021-07-01,488.0,789.2351877270538
lgbm,2021-08-01,380.0,947.3867048459841
lgbm,2021-09-01,182.0,975.8282577605178
lgbm,2021-10-01,136.0,975.8282577605178
lgbm,2021-11-01,96.0,1016.6765439594425
lgbm,2021-12-01,75.0,971.5522667537002
lgbm,2022-01-01,232.0,981.6838303386935
lgbm,2022-02-01,231.0,981.6838303386935
lgbm,2022-03-01,295.0,1074.1755746274741
lgbm,2022-04-01,226.0,1087.1430922918505
lgbm,2021-06-01,601.0,969.7105755074167
lgbm,2021-07-01,488.0,731.423821648979
lgbm,2021-08-01,380.0,903.872813534646
lgbm,2021-09-01,182.0,941.9072186053207
lgbm,2021-10-01,136.0,931.6341002736716
lgbm,2021-11-01,96.0,975.0672861481979
lgbm,2021-12-01,75.0,964.6633934352487
lgbm,2022-01-01,232.0,1014.5770683750628
lgbm,2022-02-01,231.0,908.2819100199882
lgbm,2022-03-01,295.0,1001.0237982249467
lgbm,2022-04-01,226.0,1025.0946091249853
lgbm,2022-05-01,317.0,801.2529964293358
lgbm,2021-07-01,488.0,61.46773606584652
lgbm,2021-08-01,380.0,81.08699278348332
lgbm,2021-09-01,182.0,224.0896144926577
lgbm,2021-10-01,136.0,184.92825386785316
lgbm,2021-11-01,96.0,175.52074546746297
lgbm,2021-12-01,75.0,226.47340733211976
lgbm,2022-01-01,232.0,322.4434905043897
lgbm,2022-02-01,231.0,420.2867852697117
lgbm,2022-03-01,295.0,711.018908680026
lgbm,2022-04-01,226.0,1063.9274055288563
lgbm,2022-05-01,317.0,914.9007247662919
lgbm,2022-06-01,142.0,842.6147131946475
lgbm,2021-08-01,380.0,500.6265479714331
lgbm,2021-09-01,182.0,617.8957092274558
lgbm,2021-10-01,136.0,454.23870373829993
lgbm,2021-11-01,96.0,495.49302373747116
lgbm,2021-12-01,75.0,622.5241206015131
lgbm,2022-01-01,232.0,580.7068455747038
lgbm,2022-02-01,231.0,518.5220962531012
lgbm,2022-03-01,295.0,727.3933238126215
lgbm,2022-04-01,226.0,1155.2601946554519
lgbm,2022-05-01,317.0,847.390781097846
lgbm,2022-06-01,142.0,813.3161643518798
lgbm,2022-07-01,136.0,802.1050920608524
lgbm,2021-09-01,182.0,277.07960347004973
lgbm,2021-10-01,136.0,225.18007735199828
lgbm,2021-11-01,96.0,226.26681002735816
lgbm,2021-12-01,75.0,308.604937927943
lgbm,2022-01-01,232.0,525.7530877986574
lgbm,2022-02-01,231.0,617.8371097496927
lgbm,2022-03-01,295.0,441.80635935097087
lgbm,2022-04-01,226.0,710.0826289020144
lgbm,2022-05-01,317.0,968.8774077408644
lgbm,2022-06-01,142.0,840.9353504551393
lgbm,2022-07-01,136.0,879.9199624631627
lgbm,2022-08-01,90.0,867.9289359061727
lgbm,2021-10-01,136.0,104.79820487255498
lgbm,2021-11-01,96.0,163.8605716085314
lgbm,2021-12-01,75.0,310.44733102422396
lgbm,2022-01-01,232.0,466.71288240906813
lgbm,2022-02-01,231.0,623.9617404729747
lgbm,2022-03-01,295.0,1037.4839121671935
lgbm,2022-04-01,226.0,1062.65921549426
lgbm,2022-05-01,317.0,817.4847611393049
lgbm,2022-06-01,142.0,774.8749190014563
lgbm,2022-07-01,136.0,855.8186088653798
lgbm,2022-08-01,90.0,805.2408799061842
lgbm,2022-09-01,103.0,952.5170635480403
lgbm,2021-11-01,96.0,181.37062831985654
lgbm,2021-12-01,75.0,329.83229218086956
lgbm,2022-01-01,232.0,467.63176384482665
lgbm,2022-02-01,231.0,698.0430367882354
lgbm,2022-03-01,295.0,1030.0928201157308
lgbm,2022-04-01,226.0,1005.9825928278658
lgbm,2022-05-01,317.0,839.3303303047055
lgbm,2022-06-01,142.0,758.6948645933091
lgbm,2022-07-01,136.0,854.171367832055
lgbm,2022-08-01,90.0,797.9751332351302
lgbm,2022-09-01,103.0,888.3394291251166
lgbm,2022-10-01,146.0,951.049102092066
lgbm,2021-12-01,75.0,298.8481173986946
lgbm,2022-01-01,232.0,473.9473193588502
lgbm,2022-02-01,231.0,706.2813610544492
lgbm,2022-03-01,295.0,1047.5580209414934
lgbm,2022-04-01,226.0,981.3000031464894
lgbm,2022-05-01,317.0,836.0602883954964
lgbm,2022-06-01,142.0,782.1201658627768
lgbm,2022-07-01,136.0,870.5498364689113
lgbm,2022-08-01,90.0,807.5929320918048
lgbm,2022-09-01,103.0,911.6698843391218
lgbm,2022-10-01,146.0,910.179550540023
lgbm,2022-11-01,110.0,1015.9530172983087
lgbm,2022-01-01,232.0,355.2649193861452
lgbm,2022-02-01,231.0,520.7792469315262
lgbm,2022-03-01,295.0,765.4674667966293
lgbm,2022-04-01,226.0,1030.626456226982
lgbm,2022-05-01,317.0,807.5057931039048
lgbm,2022-06-01,142.0,758.7460565918753
lgbm,2022-07-01,136.0,877.026969662125
lgbm,2022-08-01,90.0,796.6301694349332
lgbm,2022-09-01,103.0,929.9833057244331
lgbm,2022-10-01,146.0,960.8424866018411
lgbm,2022-11-01,110.0,1092.00208351273
lgbm,2022-12-01,96.0,977.476729704638
lgbm,2022-02-01,231.0,382.66961800143736
lgbm,2022-03-01,295.0,572.9323477284564
lgbm,2022-04-01,226.0,678.900990255605
lgbm,2022-05-01,317.0,917.2219762700144
lgbm,2022-06-01,142.0,807.4045394313231
lgbm,2022-07-01,136.0,863.1772808498636
lgbm,2022-08-01,90.0,808.8763449786743
lgbm,2022-09-01,103.0,982.8678256818328
lgbm,2022-10-01,146.0,1001.960918203347
lgbm,2022-11-01,110.0,1104.2981380542665
lgbm,2022-12-01,96.0,996.9537285607713
lgbm,2023-01-01,166.0,1688.4204345843673
lgbm,2022-03-01,295.0,296.2693323032955
lgbm,2022-04-01,226.0,331.51760653475145
lgbm,2022-05-01,317.0,371.905995764537
lgbm,2022-06-01,142.0,331.9748897824857
lgbm,2022-07-01,136.0,372.00534323653926
lgbm,2022-08-01,90.0,219.0093884347368
lgbm,2022-09-01,103.0,193.89161157938892
lgbm,2022-10-01,146.0,200.1154106636326
lgbm,2022-11-01,110.0,307.2945539957347
lgbm,2022-12-01,96.0,389.10977499964883
lgbm,2023-01-01,166.0,962.960389397647
lgbm,2023-02-01,173.0,1401.9649146412626
lgbm,2022-04-01,226.0,382.1617767109028
lgbm,2022-05-01,317.0,444.3412869489607
lgbm,2022-06-01,142.0,439.11805048521603
lgbm,2022-07-01,136.0,472.02289881578554
lgbm,2022-08-01,90.0,267.9395234921172
lgbm,2022-09-01,103.0,201.71515344799883
lgbm,2022-10-01,146.0,181.12242353797848
lgbm,2022-11-01,110.0,290.3179101596093
lgbm,2022-12-01,96.0,334.1531299942859
lgbm,2023-01-01,166.0,565.5809469217553
lgbm,2023-02-01,173.0,436.12124385185814
lgbm,2023-03-01,305.0,410.9305467267964
lgbm,2022-05-01,317.0,303.6935680482603
lgbm,2022-06-01,142.0,290.63805437762153
lgbm,2022-07-01,136.0,392.3885664540835
lgbm,2022-08-01,90.0,388.0669913697403
lgbm,2022-09-01,103.0,316.42285868269914
lgbm,2022-10-01,146.0,296.6258564169648
lgbm,2022-11-01,110.0,290.7452132014554
lgbm,2022-12-01,96.0,384.4386006379651
lgbm,2023-01-01,166.0,684.5329056265243
lgbm,2023-02-01,173.0,955.1792213073231
lgbm,2023-03-01,305.0,1496.6628949481237
lgbm,2023-04-01,341.0,1204.3009911974405
lgbm,2022-06-01,142.0,362.8527980828569
lgbm,2022-07-01,136.0,436.039203609544
lgbm,2022-08-01,90.0,590.5718737367251
lgbm,2022-09-01,103.0,521.741659820063
lgbm,2022-10-01,146.0,453.16785376235543
lgbm,2022-11-01,110.0,561.6626340802634
lgbm,2022-12-01,96.0,752.2403850641177
lgbm,2023-01-01,166.0,1930.056832952774
lgbm,2023-02-01,173.0,1428.2160874714257
lgbm,2023-03-01,305.0,1480.2013503163812
lgbm,2023-04-01,341.0,1152.350409814203
lgbm,2023-05-01,288.0,970.9084062017577
lgbm,2022-07-01,136.0,131.86632710664693
lgbm,2022-08-01,90.0,145.27099286959907
lgbm,2022-09-01,103.0,196.35499077540734
lgbm,2022-10-01,146.0,214.76553482212566
lgbm,2022-11-01,110.0,312.4276169951314
lgbm,2022-12-01,96.0,373.6483197298148
lgbm,2023-01-01,166.0,455.2108948206617
lgbm,2023-02-01,173.0,567.3755334108159
lgbm,2023-03-01,305.0,575.7409847327921
lgbm,2023-04-01,341.0,580.205476822944
lgbm,2023-05-01,288.0,341.4021273842344
lgbm,2023-06-01,226.0,201.2270435834333
lgbm,2022-08-01,90.0,150.6970060937786
lgbm,2022-09-01,103.0,193.29571826601818
lgbm,2022-10-01,146.0,198.68423880141276
lgbm,2022-11-01,110.0,326.9907638412434
lgbm,2022-12-01,96.0,427.0574757453925
lgbm,2023-01-01,166.0,899.6323943929482
lgbm,2023-02-01,173.0,1400.144299388278
lgbm,2023-03-01,305.0,1465.7628116112996
lgbm,2023-04-01,341.0,1276.5556902964488
lgbm,2023-05-01,288.0,1088.2006415575781
lgbm,2023-06-01,226.0,1058.3812910629583
lgbm,2023-07-01,386.0,956.3000653053605
lgbm,2022-09-01,103.0,165.62769712220148
lgbm,2022-10-01,146.0,103.62154826661285
lgbm,2022-11-01,110.0,233.92420976469492
lgbm,2022-12-01,96.0,359.4588293179255
lgbm,2023-01-01,166.0,479.0539950675696
lgbm,2023-02-01,173.0,590.5442748158706
lgbm,2023-03-01,305.0,575.2879618135325
lgbm,2023-04-01,341.0,530.5513960653942
lgbm,2023-05-01,288.0,336.9713105371849
lgbm,2023-06-01,226.0,181.1101693070503
lgbm,2023-07-01,386.0,161.7301162333009
lgbm,2023-08-01,271.0,116.65082695133582
lgbm,2022-10-01,146.0,96.62809146936465
lgbm,2022-11-01,110.0,262.401528989923
lgbm,2022-12-01,96.0,428.38462800985
lgbm,2023-01-01,166.0,996.5816390973657
lgbm,2023-02-01,173.0,1532.8628663870365
lgbm,2023-03-01,305.0,1508.505285978591
lgbm,2023-04-01,341.0,1367.372087760698
lgbm,2023-05-01,288.0,1121.7440394048622
lgbm,2023-06-01,226.0,1072.6369141790829
lgbm,2023-07-01,386.0,941.8279775372841
lgbm,2023-08-01,271.0,907.0487114636873
lgbm,2023-09-01,263.0,924.8370566388504
lgbm,2022-11-01,110.0,240.6231678328306
lgbm,2022-12-01,96.0,431.90870077156205
lgbm,2023-01-01,166.0,987.4299589025536
lgbm,2023-02-01,173.0,1560.9568841015737
lgbm,2023-03-01,305.0,1455.582033816751
lgbm,2023-04-01,341.0,1263.6627972720119
lgbm,2023-05-01,288.0,1102.913471913929
lgbm,2023-06-01,226.0,1079.919513170298
lgbm,2023-07-01,386.0,925.4440727830676
lgbm,2023-08-01,271.0,917.914578765705
lgbm,2023-09-01,263.0,914.541374359864
lgbm,2023-10-01,135.0,887.6531075629769
lgbm,2022-12-01,96.0,345.58828391428716
lgbm,2023-01-01,166.0,494.48546761365947
lgbm,2023-02-01,173.0,694.3685781388033
lgbm,2023-03-01,305.0,1541.436566219242
lgbm,2023-04-01,341.0,1357.435980541919
lgbm,2023-05-01,288.0,1132.8638610543712
lgbm,2023-06-01,226.0,1074.2582613915054
lgbm,2023-07-01,386.0,933.375529775457
lgbm,2023-08-01,271.0,933.1842339555677
lgbm,2023-09-01,263.0,960.1313603728537
lgbm,2023-10-01,135.0,952.2873897126573
lgbm,2023-11-01,114.0,981.0881180809
lgbm,2023-01-01,166.0,430.45623376170494
lgbm,2023-02-01,173.0,676.6923673473526
lgbm,2023-03-01,305.0,1453.3829762132855
lgbm,2023-04-01,341.0,1292.9652102292778
lgbm,2023-05-01,288.0,1101.931119848811
lgbm,2023-06-01,226.0,1021.8061985228328
lgbm,2023-07-01,386.0,897.6569680953344
lgbm,2023-08-01,271.0,886.5463183493077
lgbm,2023-09-01,263.0,909.2114102759509
lgbm,2023-10-01,135.0,898.8265998031305
lgbm,2023-11-01,114.0,913.8436842807911
lgbm,2023-12-01,1974.0,876.5094624711711
lgbm,2023-02-01,173.0,17.16429960573248
lgbm,2023-03-01,305.0,32.66502252690411
lgbm,2023-04-01,341.0,82.88917677944616
lgbm,2023-05-01,288.0,11.285613325007434
lgbm,2023-06-01,226.0,55.2594292060505
lgbm,2023-07-01,386.0,101.32880300881524
lgbm,2023-08-01,271.0,96.26040757021835
lgbm,2023-09-01,263.0,157.56254886667475
lgbm,2023-10-01,135.0,148.72859459443626
lgbm,2023-11-01,114.0,222.51017107200767
lgbm,2023-12-01,1974.0,191.32095332535874
lgbm,2024-01-01,3786.0,252.0789377981585
lgbm,2023-03-01,305.0,134.7542583793831
lgbm,2023-04-01,341.0,9.733413356738101
lgbm,2023-05-01,288.0,54.39214021904404
lgbm,2023-06-01,226.0,119.92740375683697
lgbm,2023-07-01,386.0,35.755200812696515
lgbm,2023-08-01,271.0,71.61430070809106
lgbm,2023-09-01,263.0,177.9616929372156
lgbm,2023-10-01,135.0,191.9199588014251
lgbm,2023-11-01,114.0,267.17934091041695
lgbm,2023-12-01,1974.0,268.2995360626237
lgbm,2024-01-01,3786.0,310.8535792437647
lgbm,2024-02-01,1870.0,289.75893736070805
lgbm,2023-04-01,341.0,277.20378002438605
lgbm,2023-05-01,288.0,176.22253507145197
lgbm,2023-06-01,226.0,146.87016775843907
lgbm,2023-07-01,386.0,95.66566503871636
lgbm,2023-08-01,271.0,102.33827136381247
lgbm,2023-09-01,263.0,196.28877108635348
lgbm,2023-10-01,135.0,216.96666497770616
lgbm,2023-11-01,114.0,249.62195428393193
lgbm,2023-12-01,1974.0,281.7189285490938
lgbm,2024-01-01,3786.0,282.7376450061186
lgbm,2024-02-01,1870.0,277.30563346742053
lgbm,2024-03-01,1376.0,244.2075699568158
lgbm,2023-05-01,288.0,162.44882178634887
lgbm,2023-06-01,226.0,51.757511031737295
lgbm,2023-07-01,386.0,103.64511083817673
lgbm,2023-08-01,271.0,99.11742915496608
lgbm,2023-09-01,263.0,168.06213700945057
lgbm,2023-10-01,135.0,190.9507367759533
lgbm,2023-11-01,114.0,258.06294756557435
lgbm,2023-12-01,1974.0,281.6194906235984
lgbm,2024-01-01,3786.0,255.82986676784418
lgbm,2024-02-01,1870.0,339.88471648949366
lgbm,2024-03-01,1376.0,365.16878977650225
lgbm,2024-04-01,640.0,320.3425607763519
lgbm,2023-06-01,226.0,167.5300733546954
lgbm,2023-07-01,386.0,83.27996379294216
lgbm,2023-08-01,271.0,67.71184444546189
lgbm,2023-09-01,263.0,179.774512206782
lgbm,2023-10-01,135.0,190.93458152455432
lgbm,2023-11-01,114.0,276.31487651520627
lgbm,2023-12-01,1974.0,377.03907876279055
lgbm,2024-01-01,3786.0,465.6217120512488
lgbm,2024-02-01,1870.0,726.7163781957601
lgbm,2024-03-01,1376.0,1074.2872156742544
lgbm,2024-04-01,640.0,965.3373781057612
lgbm,2024-05-01,343.0,985.9704968480006
lgbm,2023-07-01,386.0,87.62913763329215
lgbm,2023-08-01,271.0,72.68198374094713
lgbm,2023-09-01,263.0,182.21281713562186
lgbm,2023-10-01,135.0,210.59352987810675
lgbm,2023-11-01,114.0,270.0759914087258
lgbm,2023-12-01,1974.0,372.24908324505714
lgbm,2024-01-01,3786.0,410.380168416639
lgbm,2024-02-01,1870.0,524.0582784048925
lgbm,2024-03-01,1376.0,659.4103649176539
lgbm,2024-04-01,640.0,505.56080960085666
lgbm,2024-05-01,343.0,419.75544243730195
lgbm,2024-06-01,377.0,366.76524074718844
lgbm,2023-08-01,271.0,277.677059371132
lgbm,2023-09-01,263.0,314.3835830800604
lgbm,2023-10-01,135.0,333.9875509426463
lgbm,2023-11-01,114.0,428.0480369179719
lgbm,2023-12-01,1974.0,683.1087225569759
lgbm,2024-01-01,3786.0,598.2164044526407
lgbm,2024-02-01,1870.0,534.2526689562497
lgbm,2024-03-01,1376.0,559.5697407525479
lgbm,2024-04-01,640.0,588.8200556072005
lgbm,2024-05-01,343.0,629.8312824623181
lgbm,2024-06-01,377.0,529.7448829951118
lgbm,2024-07-01,250.0,424.5581591112823
lgbm,2023-09-01,263.0,298.9159849147951
lgbm,2023-10-01,135.0,222.96873035165106
lgbm,2023-11-01,114.0,297.7844866980914
lgbm,2023-12-01,1974.0,280.9274316702866
lgbm,2024-01-01,3786.0,333.09116660274566
lgbm,2024-02-01,1870.0,374.89292513786324
lgbm,2024-03-01,1376.0,356.16881670529904
lgbm,2024-04-01,640.0,378.81680053129475
lgbm,2024-05-01,343.0,440.48191544681595
lgbm,2024-06-01,377.0,655.9099938341918
lgbm,2024-07-01,250.0,1017.2003917228888
lgbm,2024-08-01,213.0,976.6805235687264
lgbm,2023-10-01,135.0,220.90851367222004
lgbm,2023-11-01,114.0,258.6378304423839
lgbm,2023-12-01,1974.0,315.496820251639
lgbm,2024-01-01,3786.0,368.8954183236338
lgbm,2024-02-01,1870.0,451.5231214788371
lgbm,2024-03-01,1376.0,632.3891508399397
lgbm,2024-04-01,640.0,1063.2070394568757
lgbm,2024-05-01,343.0,956.0973364346986
lgbm,2024-06-01,377.0,1010.5885290668967
lgbm,2024-07-01,250.0,912.7192414631871
lgbm,2024-08-01,213.0,859.1977981979736
lgbm,2024-09-01,197.0,899.4818466125246
lgbm,2023-11-01,114.0,259.0835001243228
lgbm,2023-12-01,1974.0,292.5783376217081
lgbm,2024-01-01,3786.0,299.88447970127584
lgbm,2024-02-01,1870.0,268.25574043406033
lgbm,2024-03-01,1376.0,349.1513262386907
lgbm,2024-04-01,640.0,336.6520248632442
lgbm,2024-05-01,343.0,379.18079766497465
lgbm,2024-06-01,377.0,389.83515653142973
lgbm,2024-07-01,250.0,539.4064035104085
lgbm,2024-08-01,213.0,288.97341012639436
lgbm,2024-09-01,197.0,124.0264069152038
lgbm,2024-10-01,207.0,127.9175142246136
lgbm,2023-12-01,1974.0,220.03890418411186
lgbm,2024-01-01,3786.0,295.5437642066464
lgbm,2024-02-01,1870.0,283.6922662747559
lgbm,2024-03-01,1376.0,292.5004801980161
lgbm,2024-04-01,640.0,261.6948942318177
lgbm,2024-05-01,343.0,316.8820434309946
lgbm,2024-06-01,377.0,332.83489605977013
lgbm,2024-07-01,250.0,235.887548156628
lgbm,2024-08-01,213.0,203.38371920538188
lgbm,2024-09-01,197.0,215.00132488786633
lgbm,2024-10-01,207.0,225.76403944689253
lgbm,2024-11-01,199.0,183.81998363448315
lgbm,2024-01-01,3786.0,1143.2407248153281
lgbm,2024-02-01,1870.0,1050.5511111042135
lgbm,2024-03-01,1376.0,1077.9442704810588
lgbm,2024-04-01,640.0,1031.1010627458877
lgbm,2024-05-01,343.0,1026.4154314033528
lgbm,2024-06-01,377.0,1025.785566820365
lgbm,2024-07-01,250.0,926.2630614613767
lgbm,2024-08-01,213.0,905.3102706732468
lgbm,2024-09-01,197.0,938.386779998178
lgbm,2024-10-01,207.0,883.4593497705129
lgbm,2024-11-01,199.0,848.4249477378893
lgbm,2024-12-01,179.0,925.5310355000266
xgboost,2014-01-01,365.0,495.0060119628906
xgboost,2014-02-01,453.0,401.6530456542969
xgboost,2014-03-01,957.0,386.1172790527344
xgboost,2014-04-01,708.0,377.5605163574219
xgboost,2014-05-01,459.0,381.3450012207031
xgboost,2014-06-01,379.0,313.2864990234375
xgboost,2014-07-01,192.0,204.1312255859375
xgboost,2014-08-01,156.0,292.8144836425781
xgboost,2014-09-01,148.0,249.99703979492188
xgboost,2014-10-01,131.0,333.63751220703125
xgboost,2014-11-01,227.0,268.24066162109375
xgboost,2014-12-01,165.0,253.95016479492188
xgboost,2014-02-01,453.0,345.9440002441406
xgboost,2014-03-01,957.0,282.07708740234375
xgboost,2014-04-01,708.0,232.32534790039062
xgboost,2014-05-01,459.0,256.64813232421875
xgboost,2014-06-01,379.0,275.58935546875
xgboost,2014-07-01,192.0,262.7413330078125
xgboost,2014-08-01,156.0,291.7890930175781
xgboost,2014-09-01,148.0,214.77188110351562
xgboost,2014-10-01,131.0,297.2731628417969
xgboost,2014-11-01,227.0,280.17822265625
xgboost,2014-12-01,165.0,326.667724609375
xgboost,2015-01-01,231.0,468.237548828125
xgboost,2014-03-01,957.0,276.9817810058594
xgboost,2014-04-01,708.0,253.76626586914062
xgboost,2014-05-01,459.0,253.55484008789062
xgboost,2014-06-01,379.0,273.3921203613281
xgboost,2014-07-01,192.0,268.0711669921875
xgboost,2014-08-01,156.0,276.2290954589844
xgboost,2014-09-01,148.0,254.96826171875
xgboost,2014-10-01,131.0,257.0734558105469
xgboost,2014-11-01,227.0,273.5493469238281
xgboost,2014-12-01,165.0,358.9237365722656
xgboost,2015-01-01,231.0,533.1182250976562
xgboost,2015-02-01,335.0,622.2296142578125
xgboost,2014-04-01,708.0,794.861328125
xgboost,2014-05-01,459.0,728.4080200195312
xgboost,2014-06-01,379.0,761.7228393554688
xgboost,2014-07-01,192.0,345.41937255859375
xgboost,2014-08-01,156.0,598.74609375
xgboost,2014-09-01,148.0,347.5317687988281
xgboost,2014-10-01,131.0,239.1833953857422
xgboost,2014-11-01,227.0,241.04290771484375
xgboost,2014-12-01,165.0,339.3774719238281
xgboost,2015-01-01,231.0,496.6316223144531
xgboost,2015-02-01,335.0,626.6942749023438
xgboost,2015-03-01,517.0,871.8994750976562
xgboost,2014-05-01,459.0,814.5980224609375
xgboost,2014-06-01,379.0,851.7254638671875
xgboost,2014-07-01,192.0,346.21734619140625
xgboost,2014-08-01,156.0,569.713623046875
xgboost,2014-09-01,148.0,341.474365234375
xgboost,2014-10-01,131.0,263.09423828125
xgboost,2014-11-01,227.0,240.8251953125
xgboost,2014-12-01,165.0,315.71026611328125
xgboost,2015-01-01,231.0,427.5655822753906
xgboost,2015-02-01,335.0,518.325927734375
xgboost,2015-03-01,517.0,703.0211791992188
xgboost,2015-04-01,251.0,480.034912109375
xgboost,2014-06-01,379.0,674.4661254882812
xgboost,2014-07-01,192.0,421.3295593261719
xgboost,2014-08-01,156.0,494.9840393066406
xgboost,2014-09-01,148.0,272.28948974609375
xgboost,2014-10-01,131.0,254.49224853515625
xgboost,2014-11-01,227.0,218.1591339111328
xgboost,2014-12-01,165.0,318.8145751953125
xgboost,2015-01-01,231.0,575.21484375
xgboost,2015-02-01,335.0,597.0194702148438
xgboost,2015-03-01,517.0,687.3200073242188
xgboost,2015-04-01,251.0,513.6093139648438
xgboost,2015-05-01,377.0,624.9747314453125
xgboost,2014-07-01,192.0,237.9694061279297
xgboost,2014-08-01,156.0,655.2734375
xgboost,2014-09-01,148.0,638.859130859375
xgboost,2014-10-01,131.0,672.5404052734375
xgboost,2014-11-01,227.0,668.0277709960938
xgboost,2014-12-01,165.0,559.0543212890625
xgboost,2015-01-01,231.0,851.3302612304688
xgboost,2015-02-01,335.0,819.174560546875
xgboost,2015-03-01,517.0,897.7957763671875
xgboost,2015-04-01,251.0,697.5999755859375
xgboost,2015-05-01,377.0,762.618896484375
xgboost,2015-06-01,255.0,788.6061401367188
xgboost,2014-08-01,156.0,794.9593505859375
xgboost,2014-09-01,148.0,606.7662353515625
xgboost,2014-10-01,131.0,505.3905944824219
xgboost,2014-11-01,227.0,366.9872131347656
xgboost,2014-12-01,165.0,277.8303527832031
xgboost,2015-01-01,231.0,482.5867614746094
xgboost,2015-02-01,335.0,777.0303955078125
xgboost,2015-03-01,517.0,687.6505126953125
xgboost,2015-04-01,251.0,564.1585693359375
xgboost,2015-05-01,377.0,1059.3699951171875
xgboost,2015-06-01,255.0,490.3471374511719
xgboost,2015-07-01,263.0,337.385986328125
xgboost,2014-09-01,148.0,250.9774932861328
xgboost,2014-10-01,131.0,383.25701904296875
xgboost,2014-11-01,227.0,347.28125
xgboost,2014-12-01,165.0,388.6282653808594
xgboost,2015-01-01,231.0,707.6671142578125
xgboost,2015-02-01,335.0,1016.61279296875
xgboost,2015-03-01,517.0,1055.968994140625
xgboost,2015-04-01,251.0,741.3638305664062
xgboost,2015-05-01,377.0,1065.3214111328125
xgboost,2015-06-01,255.0,1115.3323974609375
xgboost,2015-07-01,263.0,572.3848266601562
xgboost,2015-08-01,267.0,519.1791381835938
xgboost,2014-10-01,131.0,200.45877075195312
xgboost,2014-11-01,227.0,346.02459716796875
xgboost,2014-12-01,165.0,507.87518310546875
xgboost,2015-01-01,231.0,656.7882690429688
xgboost,2015-02-01,335.0,689.9244384765625
xgboost,2015-03-01,517.0,774.9368896484375
xgboost,2015-04-01,251.0,624.6359252929688
xgboost,2015-05-01,377.0,1281.8292236328125
xgboost,2015-06-01,255.0,1557.6903076171875
xgboost,2015-07-01,263.0,1414.0655517578125
xgboost,2015-08-01,267.0,898.2164916992188
xgboost,2015-09-01,290.0,680.2774658203125
xgboost,2014-11-01,227.0,308.72265625
xgboost,2014-12-01,165.0,540.126953125
xgboost,2015-01-01,231.0,819.533203125
xgboost,2015-02-01,335.0,819.528076171875
xgboost,2015-03-01,517.0,867.39892578125
xgboost,2015-04-01,251.0,707.8699951171875
xgboost,2015-05-01,377.0,1490.73828125
xgboost,2015-06-01,255.0,1414.386474609375
xgboost,2015-07-01,263.0,1188.366455078125
xgboost,2015-08-01,267.0,1241.9058837890625
xgboost,2015-09-01,290.0,774.7379150390625
xgboost,2015-10-01,164.0,761.4957275390625
xgboost,2014-12-01,165.0,336.6779479980469
xgboost,2015-01-01,231.0,590.0159301757812
xgboost,2015-02-01,335.0,911.1392211914062
xgboost,2015-03-01,517.0,921.7523803710938
xgboost,2015-04-01,251.0,744.3961181640625
xgboost,2015-05-01,377.0,1210.4705810546875
xgboost,2015-06-01,255.0,1586.7352294921875
xgboost,2015-07-01,263.0,1212.7442626953125
xgboost,2015-08-01,267.0,1089.8201904296875
xgboost,2015-09-01,290.0,628.498779296875
xgboost,2015-10-01,164.0,678.9769287109375
xgboost,2015-11-01,192.0,678.233642578125
xgboost,2015-01-01,231.0,722.7512817382812
xgboost,2015-02-01,335.0,919.0658569335938
xgboost,2015-03-01,517.0,917.7698974609375
xgboost,2015-04-01,251.0,775.7730102539062
xgboost,2015-05-01,377.0,1212.2545166015625
xgboost,2015-06-01,255.0,1067.0108642578125
xgboost,2015-07-01,263.0,1178.2686767578125
xgboost,2015-08-01,267.0,1132.2591552734375
xgboost,2015-09-01,290.0,648.8462524414062
xgboost,2015-10-01,164.0,1122.8941650390625
xgboost,2015-11-01,192.0,659.4439086914062
xgboost,2015-12-01,312.0,634.6289672851562
xgboost,2015-02-01,335.0,651.4935913085938
xgboost,2015-03-01,517.0,776.6229858398438
xgboost,2015-04-01,251.0,610.6467895507812
xgboost,2015-05-01,377.0,1082.3592529296875
xgboost,2015-06-01,255.0,1040.7545166015625
xgboost,2015-07-01,263.0,1000.541748046875
xgboost,2015-08-01,267.0,1087.9974365234375
xgboost,2015-09-01,290.0,620.6300048828125
xgboost,2015-10-01,164.0,1084.8756103515625
xgboost,2015-11-01,192.0,613.6572265625
xgboost,2015-12-01,312.0,618.7890625
xgboost,2016-01-01,1205.0,625.7401733398438
xgboost,2015-03-01,517.0,326.0283203125
xgboost,2015-04-01,251.0,278.2117004394531
xgboost,2015-05-01,377.0,716.3152465820312
xgboost,2015-06-01,255.0,1053.5556640625
xgboost,2015-07-01,263.0,918.4086303710938
xgboost,2015-08-01,267.0,1206.867919921875
xgboost,2015-09-01,290.0,747.7054443359375
xgboost,2015-10-01,164.0,874.9922485351562
xgboost,2015-11-01,192.0,756.4422607421875
xgboost,2015-12-01,312.0,754.413330078125
xgboost,2016-01-01,1205.0,741.7631225585938
xgboost,2016-02-01,1494.0,970.06689453125
xgboost,2015-04-01,251.0,561.2891235351562
xgboost,2015-05-01,377.0,1010.1557006835938
xgboost,2015-06-01,255.0,1085.6724853515625
xgboost,2015-07-01,263.0,972.048095703125
xgboost,2015-08-01,267.0,1062.6595458984375
xgboost,2015-09-01,290.0,582.3345947265625
xgboost,2015-10-01,164.0,1032.4334716796875
xgboost,2015-11-01,192.0,598.092529296875
xgboost,2015-12-01,312.0,558.9321899414062
xgboost,2016-01-01,1205.0,593.864013671875
xgboost,2016-02-01,1494.0,864.4996337890625
xgboost,2016-03-01,1207.0,1021.3922729492188
xgboost,2015-05-01,377.0,801.9857177734375
xgboost,2015-06-01,255.0,1156.54443359375
xgboost,2015-07-01,263.0,938.044677734375
xgboost,2015-08-01,267.0,840.8023071289062
xgboost,2015-09-01,290.0,335.7196350097656
xgboost,2015-10-01,164.0,700.6301879882812
xgboost,2015-11-01,192.0,355.271240234375
xgboost,2015-12-01,312.0,295.5992431640625
xgboost,2016-01-01,1205.0,275.284912109375
xgboost,2016-02-01,1494.0,284.38604736328125
xgboost,2016-03-01,1207.0,373.3829040527344
xgboost,2016-04-01,1552.0,531.0641479492188
xgboost,2015-06-01,255.0,551.172119140625
xgboost,2015-07-01,263.0,414.5865478515625
xgboost,2015-08-01,267.0,306.1751708984375
xgboost,2015-09-01,290.0,257.1670837402344
xgboost,2015-10-01,164.0,264.12310791015625
xgboost,2015-11-01,192.0,293.36700439453125
xgboost,2015-12-01,312.0,270.1471252441406
xgboost,2016-01-01,1205.0,224.3437042236328
xgboost,2016-02-01,1494.0,363.8571472167969
xgboost,2016-03-01,1207.0,569.554931640625
xgboost,2016-04-01,1552.0,539.3385620117188
xgboost,2016-05-01,1118.0,989.923583984375
xgboost,2015-07-01,263.0,331.473876953125
xgboost,2015-08-01,267.0,207.83900451660156
xgboost,2015-09-01,290.0,182.73475646972656
xgboost,2015-10-01,164.0,201.6033935546875
xgboost,2015-11-01,192.0,252.7112579345703
xgboost,2015-12-01,312.0,306.8127136230469
xgboost,2016-01-01,1205.0,275.1119079589844
xgboost,2016-02-01,1494.0,342.2824401855469
xgboost,2016-03-01,1207.0,386.213134765625
xgboost,2016-04-01,1552.0,440.5953063964844
xgboost,2016-05-01,1118.0,843.2263793945312
xgboost,2016-06-01,620.0,1100.1173095703125
xgboost,2015-08-01,267.0,256.8507385253906
xgboost,2015-09-01,290.0,251.23057556152344
xgboost,2015-10-01,164.0,274.469482421875
xgboost,2015-11-01,192.0,335.61492919921875
xgboost,2015-12-01,312.0,305.2464599609375
xgboost,2016-01-01,1205.0,305.6998291015625
xgboost,2016-02-01,1494.0,326.8081970214844
xgboost,2016-03-01,1207.0,346.5208435058594
xgboost,2016-04-01,1552.0,331.49530029296875
xgboost,2016-05-01,1118.0,733.7285766601562
xgboost,2016-06-01,620.0,1066.929931640625
xgboost,2016-07-01,371.0,1110.0048828125
xgboost,2015-09-01,290.0,259.69189453125
xgboost,2015-10-01,164.0,255.13697814941406
xgboost,2015-11-01,192.0,302.0422668457031
xgboost,2015-12-01,312.0,284.50482177734375
xgboost,2016-01-01,1205.0,290.708740234375
xgboost,2016-02-01,1494.0,317.7948303222656
xgboost,2016-03-01,1207.0,340.10675048828125
xgboost,2016-04-01,1552.0,323.8741455078125
xgboost,2016-05-01,1118.0,742.7003173828125
xgboost,2016-06-01,620.0,1073.4403076171875
xgboost,2016-07-01,371.0,1123.9345703125
xgboost,2016-08-01,211.0,1123.1160888671875
xgboost,2015-10-01,164.0,268.709716796875
xgboost,2015-11-01,192.0,326.43743896484375
xgboost,2015-12-01,312.0,315.3675231933594
xgboost,2016-01-01,1205.0,316.0460510253906
xgboost,2016-02-01,1494.0,345.4468688964844
xgboost,2016-03-01,1207.0,339.9540710449219
xgboost,2016-04-01,1552.0,344.58941650390625
xgboost,2016-05-01,1118.0,719.3275756835938
xgboost,2016-06-01,620.0,1085.0242919921875
xgboost,2016-07-01,371.0,1132.0435791015625
xgboost,2016-08-01,211.0,1131.3721923828125
xgboost,2016-09-01,193.0,536.8810424804688
xgboost,2015-11-01,192.0,241.73292541503906
xgboost,2015-12-01,312.0,261.1408996582031
xgboost,2016-01-01,1205.0,277.6388244628906
xgboost,2016-02-01,1494.0,378.6048889160156
xgboost,2016-03-01,1207.0,310.2690734863281
xgboost,2016-04-01,1552.0,309.61077880859375
xgboost,2016-05-01,1118.0,597.9417114257812
xgboost,2016-06-01,620.0,906.614501953125
xgboost,2016-07-01,371.0,990.2713623046875
xgboost,2016-08-01,211.0,1139.06201171875
xgboost,2016-09-01,193.0,586.2389526367188
xgboost,2016-10-01,218.0,661.0983276367188
xgboost,2015-12-01,312.0,182.69444274902344
xgboost,2016-01-01,1205.0,195.33619689941406
xgboost,2016-02-01,1494.0,300.95233154296875
xgboost,2016-03-01,1207.0,327.7670593261719
xgboost,2016-04-01,1552.0,307.2437438964844
xgboost,2016-05-01,1118.0,593.9249267578125
xgboost,2016-06-01,620.0,815.7447509765625
xgboost,2016-07-01,371.0,846.0596313476562
xgboost,2016-08-01,211.0,1014.8075561523438
xgboost,2016-09-01,193.0,745.9803466796875
xgboost,2016-10-01,218.0,687.5114135742188
xgboost,2016-11-01,220.0,683.3349609375
xgboost,2016-01-01,1205.0,272.5696105957031
xgboost,2016-02-01,1494.0,358.0162048339844
xgboost,2016-03-01,1207.0,333.3482666015625
xgboost,2016-04-01,1552.0,326.8194885253906
xgboost,2016-05-01,1118.0,613.2745361328125
xgboost,2016-06-01,620.0,985.7416381835938
xgboost,2016-07-01,371.0,1039.1927490234375
xgboost,2016-08-01,211.0,1157.0072021484375
xgboost,2016-09-01,193.0,723.4718017578125
xgboost,2016-10-01,218.0,828.1339721679688
xgboost,2016-11-01,220.0,645.0093994140625
xgboost,2016-12-01,250.0,393.236328125
xgboost,2016-02-01,1494.0,765.3848266601562
xgboost,2016-03-01,1207.0,739.3458862304688
xgboost,2016-04-01,1552.0,606.0460205078125
xgboost,2016-05-01,1118.0,1136.4036865234375
xgboost,2016-06-01,620.0,1130.077392578125
xgboost,2016-07-01,371.0,1080.2158203125
xgboost,2016-08-01,211.0,996.4767456054688
xgboost,2016-09-01,193.0,900.4642333984375
xgboost,2016-10-01,218.0,1075.890869140625
xgboost,2016-11-01,220.0,784.4703369140625
xgboost,2016-12-01,250.0,649.6204223632812
xgboost,2017-01-01,737.0,680.2817993164062
xgboost,2016-03-01,1207.0,1218.7923583984375
xgboost,2016-04-01,1552.0,1232.3975830078125
xgboost,2016-05-01,1118.0,1286.3277587890625
xgboost,2016-06-01,620.0,1274.094482421875
xgboost,2016-07-01,371.0,1306.8984375
xgboost,2016-08-01,211.0,1292.92529296875
xgboost,2016-09-01,193.0,1259.344970703125
xgboost,2016-10-01,218.0,1282.473388671875
xgboost,2016-11-01,220.0,1310.89501953125
xgboost,2016-12-01,250.0,1216.09033203125
xgboost,2017-01-01,737.0,1312.783447265625
xgboost,2017-02-01,594.0,1283.0335693359375
xgboost,2016-04-01,1552.0,1288.9893798828125
xgboost,2016-05-01,1118.0,1269.3682861328125
xgboost,2016-06-01,620.0,1202.8017578125
xgboost,2016-07-01,371.0,1161.127197265625
xgboost,2016-08-01,211.0,1134.4764404296875
xgboost,2016-09-01,193.0,675.0514526367188
xgboost,2016-10-01,218.0,931.3372802734375
xgboost,2016-11-01,220.0,602.16162109375
xgboost,2016-12-01,250.0,421.3606262207031
xgboost,2017-01-01,737.0,389.1092529296875
xgboost,2017-02-01,594.0,466.6951904296875
xgboost,2017-03-01,563.0,544.1424560546875
xgboost,2016-05-01,1118.0,1467.2764892578125
xgboost,2016-06-01,620.0,1248.677978515625
xgboost,2016-07-01,371.0,1249.67041015625
xgboost,2016-08-01,211.0,1231.0384521484375
xgboost,2016-09-01,193.0,1222.1385498046875
xgboost,2016-10-01,218.0,1165.2001953125
xgboost,2016-11-01,220.0,746.9120483398438
xgboost,2016-12-01,250.0,440.3365783691406
xgboost,2017-01-01,737.0,435.85809326171875
xgboost,2017-02-01,594.0,401.0068054199219
xgboost,2017-03-01,563.0,426.4853515625
xgboost,2017-04-01,604.0,624.1168823242188
xgboost,2016-06-01,620.0,1130.205078125
xgboost,2016-07-01,371.0,1061.7877197265625
xgboost,2016-08-01,211.0,1035.8123779296875
xgboost,2016-09-01,193.0,618.2765502929688
xgboost,2016-10-01,218.0,965.7192993164062
xgboost,2016-11-01,220.0,628.731689453125
xgboost,2016-12-01,250.0,362.72784423828125
xgboost,2017-01-01,737.0,391.09442138671875
xgboost,2017-02-01,594.0,422.5702819824219
xgboost,2017-03-01,563.0,386.4783935546875
xgboost,2017-04-01,604.0,599.9137573242188
xgboost,2017-05-01,266.0,614.5149536132812
xgboost,2016-07-01,371.0,633.3467407226562
xgboost,2016-08-01,211.0,657.2785034179688
xgboost,2016-09-01,193.0,398.2130432128906
xgboost,2016-10-01,218.0,578.8405151367188
xgboost,2016-11-01,220.0,345.3560485839844
xgboost,2016-12-01,250.0,380.8957824707031
xgboost,2017-01-01,737.0,394.2591247558594
xgboost,2017-02-01,594.0,590.8662109375
xgboost,2017-03-01,563.0,486.8431091308594
xgboost,2017-04-01,604.0,408.4001770019531
xgboost,2017-05-01,266.0,324.7462158203125
xgboost,2017-06-01,202.0,345.2494201660156
xgboost,2016-08-01,211.0,423.5133056640625
xgboost,2016-09-01,193.0,325.0564270019531
xgboost,2016-10-01,218.0,610.7537841796875
xgboost,2016-11-01,220.0,317.1492614746094
xgboost,2016-12-01,250.0,567.9833984375
xgboost,2017-01-01,737.0,548.5240478515625
xgboost,2017-02-01,594.0,654.2804565429688
xgboost,2017-03-01,563.0,627.6011352539062
xgboost,2017-04-01,604.0,451.0779724121094
xgboost,2017-05-01,266.0,343.630126953125
xgboost,2017-06-01,202.0,291.2186584472656
xgboost,2017-07-01,244.0,205.65708923339844
xgboost,2016-09-01,193.0,280.1482238769531
xgboost,2016-10-01,218.0,276.5018615722656
xgboost,2016-11-01,220.0,274.787841796875
xgboost,2016-12-01,250.0,593.3128662109375
xgboost,2017-01-01,737.0,707.2357788085938
xgboost,2017-02-01,594.0,715.515625
xgboost,2017-03-01,563.0,760.4066162109375
xgboost,2017-04-01,604.0,782.2396850585938
xgboost,2017-05-01,266.0,693.8139038085938
xgboost,2017-06-01,202.0,378.3947448730469
xgboost,2017-07-01,244.0,185.92288208007812
xgboost,2017-08-01,258.0,244.43353271484375
xgboost,2016-10-01,218.0,218.62652587890625
xgboost,2016-11-01,220.0,192.59130859375
xgboost,2016-12-01,250.0,599.8294677734375
xgboost,2017-01-01,737.0,835.4012451171875
xgboost,2017-02-01,594.0,862.6547241210938
xgboost,2017-03-01,563.0,897.7529296875
xgboost,2017-04-01,604.0,726.5953979492188
xgboost,2017-05-01,266.0,624.0704345703125
xgboost,2017-06-01,202.0,368.0610656738281
xgboost,2017-07-01,244.0,245.00938415527344
xgboost,2017-08-01,258.0,208.03189086914062
xgboost,2017-09-01,290.0,193.19192504882812
xgboost,2016-11-01,220.0,197.27818298339844
xgboost,2016-12-01,250.0,546.7831420898438
xgboost,2017-01-01,737.0,827.1735229492188
xgboost,2017-02-01,594.0,838.0673217773438
xgboost,2017-03-01,563.0,864.8375244140625
xgboost,2017-04-01,604.0,757.36962890625
xgboost,2017-05-01,266.0,645.8447875976562
xgboost,2017-06-01,202.0,391.8120422363281
xgboost,2017-07-01,244.0,226.46560668945312
xgboost,2017-08-01,258.0,191.40818786621094
xgboost,2017-09-01,290.0,162.40225219726562
xgboost,2017-10-01,210.0,149.9567413330078
xgboost,2016-12-01,250.0,561.63037109375
xgboost,2017-01-01,737.0,816.7835083007812
xgboost,2017-02-01,594.0,857.7822875976562
xgboost,2017-03-01,563.0,861.3519897460938
xgboost,2017-04-01,604.0,777.9383544921875
xgboost,2017-05-01,266.0,692.8921508789062
xgboost,2017-06-01,202.0,367.8986511230469
xgboost,2017-07-01,244.0,226.21604919433594
xgboost,2017-08-01,258.0,187.0256805419922
xgboost,2017-09-01,290.0,176.73658752441406
xgboost,2017-10-01,210.0,159.28713989257812
xgboost,2017-11-01,123.0,262.9905090332031
xgboost,2017-01-01,737.0,260.1650695800781
xgboost,2017-02-01,594.0,365.29827880859375
xgboost,2017-03-01,563.0,584.4884033203125
xgboost,2017-04-01,604.0,952.5320434570312
xgboost,2017-05-01,266.0,834.1921997070312
xgboost,2017-06-01,202.0,486.2882385253906
xgboost,2017-07-01,244.0,324.408935546875
xgboost,2017-08-01,258.0,252.3304901123047
xgboost,2017-09-01,290.0,177.2235107421875
xgboost,2017-10-01,210.0,162.86729431152344
xgboost,2017-11-01,123.0,180.3927001953125
xgboost,2017-12-01,163.0,220.60476684570312
xgboost,2017-02-01,594.0,545.2242431640625
xgboost,2017-03-01,563.0,868.8626708984375
xgboost,2017-04-01,604.0,908.9495849609375
xgboost,2017-05-01,266.0,605.3853759765625
xgboost,2017-06-01,202.0,366.30426025390625
xgboost,2017-07-01,244.0,225.22344970703125
xgboost,2017-08-01,258.0,239.41925048828125
xgboost,2017-09-01,290.0,207.8903350830078
xgboost,2017-10-01,210.0,180.6405792236328
xgboost,2017-11-01,123.0,205.204833984375
xgboost,2017-12-01,163.0,231.5301971435547
xgboost,2018-01-01,154.0,445.63427734375
xgboost,2017-03-01,563.0,813.7780151367188
xgboost,2017-04-01,604.0,925.150390625
xgboost,2017-05-01,266.0,630.90380859375
xgboost,2017-06-01,202.0,341.9208068847656
xgboost,2017-07-01,244.0,211.47216796875
xgboost,2017-08-01,258.0,239.74383544921875
xgboost,2017-09-01,290.0,198.9795684814453
xgboost,2017-10-01,210.0,142.92689514160156
xgboost,2017-11-01,123.0,176.05911254882812
xgboost,2017-12-01,163.0,231.0464630126953
xgboost,2018-01-01,154.0,416.0772399902344
xgboost,2018-02-01,170.0,630.8385620117188
xgboost,2017-04-01,604.0,734.9100952148438
xgboost,2017-05-01,266.0,645.2965698242188
xgboost,2017-06-01,202.0,416.4345703125
xgboost,2017-07-01,244.0,279.251708984375
xgboost,2017-08-01,258.0,224.4768829345703
xgboost,2017-09-01,290.0,151.7921142578125
xgboost,2017-10-01,210.0,149.1781768798828
xgboost,2017-11-01,123.0,171.8280792236328
xgboost,2017-12-01,163.0,222.0703125
xgboost,2018-01-01,154.0,401.24920654296875
xgboost,2018-02-01,170.0,505.87469482421875
xgboost,2018-03-01,248.0,787.3281860351562
xgboost,2017-05-01,266.0,510.8826904296875
xgboost,2017-06-01,202.0,305.1029052734375
xgboost,2017-07-01,244.0,258.5178527832031
xgboost,2017-08-01,258.0,240.7508087158203
xgboost,2017-09-01,290.0,200.90379333496094
xgboost,2017-10-01,210.0,178.3543243408203
xgboost,2017-11-01,123.0,182.78329467773438
xgboost,2017-12-01,163.0,190.3800811767578
xgboost,2018-01-01,154.0,364.2569885253906
xgboost,2018-02-01,170.0,443.7552185058594
xgboost,2018-03-01,248.0,628.1026611328125
xgboost,2018-04-01,351.0,387.91912841796875
xgboost,2017-06-01,202.0,260.2087707519531
xgboost,2017-07-01,244.0,248.4740447998047
xgboost,2017-08-01,258.0,292.0143127441406
xgboost,2017-09-01,290.0,229.9364013671875
xgboost,2017-10-01,210.0,168.07115173339844
xgboost,2017-11-01,123.0,197.20358276367188
xgboost,2017-12-01,163.0,272.99810791015625
xgboost,2018-01-01,154.0,485.1005859375
xgboost,2018-02-01,170.0,398.8008728027344
xgboost,2018-03-01,248.0,453.2471618652344
xgboost,2018-04-01,351.0,359.74920654296875
xgboost,2018-05-01,252.0,291.0897216796875
xgboost,2017-07-01,244.0,213.2328338623047
xgboost,2017-08-01,258.0,213.38726806640625
xgboost,2017-09-01,290.0,158.14581298828125
xgboost,2017-10-01,210.0,172.7661590576172
xgboost,2017-11-01,123.0,169.12425231933594
xgboost,2017-12-01,163.0,230.1120147705078
xgboost,2018-01-01,154.0,448.7587585449219
xgboost,2018-02-01,170.0,549.2760009765625
xgboost,2018-03-01,248.0,559.694091796875
xgboost,2018-04-01,351.0,441.55792236328125
xgboost,2018-05-01,252.0,276.07830810546875
xgboost,2018-06-01,250.0,317.4960021972656
xgboost,2017-08-01,258.0,233.5154571533203
xgboost,2017-09-01,290.0,185.69912719726562
xgboost,2017-10-01,210.0,159.97018432617188
xgboost,2017-11-01,123.0,201.94981384277344
xgboost,2017-12-01,163.0,260.122314453125
xgboost,2018-01-01,154.0,366.83770751953125
xgboost,2018-02-01,170.0,367.9649963378906
xgboost,2018-03-01,248.0,383.55560302734375
xgboost,2018-04-01,351.0,327.4513244628906
xgboost,2018-05-01,252.0,301.85504150390625
xgboost,2018-06-01,250.0,309.8562316894531
xgboost,2018-07-01,305.0,225.94361877441406
xgboost,2017-09-01,290.0,222.8740997314453
xgboost,2017-10-01,210.0,177.36134338378906
xgboost,2017-11-01,123.0,188.30335998535156
xgboost,2017-12-01,163.0,246.26622009277344
xgboost,2018-01-01,154.0,393.288330078125
xgboost,2018-02-01,170.0,382.3448791503906
xgboost,2018-03-01,248.0,398.0240783691406
xgboost,2018-04-01,351.0,383.84228515625
xgboost,2018-05-01,252.0,316.4327392578125
xgboost,2018-06-01,250.0,357.9299011230469
xgboost,2018-07-01,305.0,224.74456787109375
xgboost,2018-08-01,212.0,207.47506713867188
xgboost,2017-10-01,210.0,216.0904998779297
xgboost,2017-11-01,123.0,214.2478485107422
xgboost,2017-12-01,163.0,274.3532409667969
xgboost,2018-01-01,154.0,366.07867431640625
xgboost,2018-02-01,170.0,433.0679626464844
xgboost,2018-03-01,248.0,351.43597412109375
xgboost,2018-04-01,351.0,338.4070129394531
xgboost,2018-05-01,252.0,304.5169677734375
xgboost,2018-06-01,250.0,278.32330322265625
xgboost,2018-07-01,305.0,240.1691131591797
xgboost,2018-08-01,212.0,208.20265197753906
xgboost,2018-09-01,185.0,179.67140197753906
xgboost,2017-11-01,123.0,193.4542999267578
xgboost,2017-12-01,163.0,222.28448486328125
xgboost,2018-01-01,154.0,327.58062744140625
xgboost,2018-02-01,170.0,414.3342590332031
xgboost,2018-03-01,248.0,372.0416259765625
xgboost,2018-04-01,351.0,286.9188232421875
xgboost,2018-05-01,252.0,305.1603088378906
xgboost,2018-06-01,250.0,302.0123596191406
xgboost,2018-07-01,305.0,246.90199279785156
xgboost,2018-08-01,212.0,228.57626342773438
xgboost,2018-09-01,185.0,206.66099548339844
xgboost,2018-10-01,131.0,198.0215606689453
xgboost,2017-12-01,163.0,229.1859588623047
xgboost,2018-01-01,154.0,332.40618896484375
xgboost,2018-02-01,170.0,480.27886962890625
xgboost,2018-03-01,248.0,379.6520080566406
xgboost,2018-04-01,351.0,491.9278564453125
xgboost,2018-05-01,252.0,315.2862243652344
xgboost,2018-06-01,250.0,267.4032897949219
xgboost,2018-07-01,305.0,225.70260620117188
xgboost,2018-08-01,212.0,210.56626892089844
xgboost,2018-09-01,185.0,247.0550537109375
xgboost,2018-10-01,131.0,243.9403076171875
xgboost,2018-11-01,97.0,302.0049743652344
xgboost,2018-01-01,154.0,281.766845703125
xgboost,2018-02-01,170.0,368.2796325683594
xgboost,2018-03-01,248.0,361.8434143066406
xgboost,2018-04-01,351.0,492.4825744628906
xgboost,2018-05-01,252.0,315.9044189453125
xgboost,2018-06-01,250.0,380.74407958984375
xgboost,2018-07-01,305.0,228.0412139892578
xgboost,2018-08-01,212.0,187.6296844482422
xgboost,2018-09-01,185.0,234.21246337890625
xgboost,2018-10-01,131.0,213.09593200683594
xgboost,2018-11-01,97.0,223.98834228515625
xgboost,2018-12-01,153.0,209.44970703125
xgboost,2018-02-01,170.0,286.1522521972656
xgboost,2018-03-01,248.0,302.4870300292969
xgboost,2018-04-01,351.0,469.413818359375
xgboost,2018-05-01,252.0,376.6971740722656
xgboost,2018-06-01,250.0,318.834228515625
xgboost,2018-07-01,305.0,261.39874267578125
xgboost,2018-08-01,212.0,211.26231384277344
xgboost,2018-09-01,185.0,226.76641845703125
xgboost,2018-10-01,131.0,218.36708068847656
xgboost,2018-11-01,97.0,255.09353637695312
xgboost,2018-12-01,153.0,309.7738037109375
xgboost,2019-01-01,128.0,294.98846435546875
xgboost,2018-03-01,248.0,198.33474731445312
xgboost,2018-04-01,351.0,385.1307678222656
xgboost,2018-05-01,252.0,326.3470764160156
xgboost,2018-06-01,250.0,466.4446105957031
xgboost,2018-07-01,305.0,337.81353759765625
xgboost,2018-08-01,212.0,300.79388427734375
xgboost,2018-09-01,185.0,248.67092895507812
xgboost,2018-10-01,131.0,290.1938171386719
xgboost,2018-11-01,97.0,260.8495178222656
xgboost,2018-12-01,153.0,287.7293395996094
xgboost,2019-01-01,128.0,272.7654724121094
xgboost,2019-02-01,212.0,940.9012451171875
xgboost,2018-04-01,351.0,436.0342102050781
xgboost,2018-05-01,252.0,343.38720703125
xgboost,2018-06-01,250.0,343.2690124511719
xgboost,2018-07-01,305.0,290.5350646972656
xgboost,2018-08-01,212.0,242.55650329589844
xgboost,2018-09-01,185.0,257.5823669433594
xgboost,2018-10-01,131.0,248.32029724121094
xgboost,2018-11-01,97.0,247.88180541992188
xgboost,2018-12-01,153.0,264.89349365234375
xgboost,2019-01-01,128.0,209.25338745117188
xgboost,2019-02-01,212.0,905.0698852539062
xgboost,2019-03-01,197.0,601.2633056640625
xgboost,2018-05-01,252.0,307.74310302734375
xgboost,2018-06-01,250.0,366.9541015625
xgboost,2018-07-01,305.0,310.0682678222656
xgboost,2018-08-01,212.0,270.1085205078125
xgboost,2018-09-01,185.0,245.260498046875
xgboost,2018-10-01,131.0,255.02159118652344
xgboost,2018-11-01,97.0,245.2194366455078
xgboost,2018-12-01,153.0,264.5687561035156
xgboost,2019-01-01,128.0,291.65618896484375
xgboost,2019-02-01,212.0,948.1350708007812
xgboost,2019-03-01,197.0,571.580078125
xgboost,2019-04-01,242.0,470.5799560546875
xgboost,2018-06-01,250.0,396.8035888671875
xgboost,2018-07-01,305.0,308.68963623046875
xgboost,2018-08-01,212.0,275.30389404296875
xgboost,2018-09-01,185.0,229.2925262451172
xgboost,2018-10-01,131.0,235.3148651123047
xgboost,2018-11-01,97.0,238.3355712890625
xgboost,2018-12-01,153.0,244.3848876953125
xgboost,2019-01-01,128.0,232.34130859375
xgboost,2019-02-01,212.0,1000.599853515625
xgboost,2019-03-01,197.0,618.4164428710938
xgboost,2019-04-01,242.0,581.7544555664062
xgboost,2019-05-01,211.0,447.372802734375
xgboost,2018-07-01,305.0,268.84161376953125
xgboost,2018-08-01,212.0,237.7106475830078
xgboost,2018-09-01,185.0,216.19744873046875
xgboost,2018-10-01,131.0,222.6040802001953
xgboost,2018-11-01,97.0,225.68910217285156
xgboost,2018-12-01,153.0,217.95567321777344
xgboost,2019-01-01,128.0,209.52040100097656
xgboost,2019-02-01,212.0,1024.4326171875
xgboost,2019-03-01,197.0,621.1922607421875
xgboost,2019-04-01,242.0,559.2806396484375
xgboost,2019-05-01,211.0,373.561279296875
xgboost,2019-06-01,322.0,376.2588195800781
xgboost,2018-08-01,212.0,211.9146728515625
xgboost,2018-09-01,185.0,204.36456298828125
xgboost,2018-10-01,131.0,228.71575927734375
xgboost,2018-11-01,97.0,179.53594970703125
xgboost,2018-12-01,153.0,197.69407653808594
xgboost,2019-01-01,128.0,187.54742431640625
xgboost,2019-02-01,212.0,1000.3990478515625
xgboost,2019-03-01,197.0,617.10986328125
xgboost,2019-04-01,242.0,536.155029296875
xgboost,2019-05-01,211.0,445.8523254394531
xgboost,2019-06-01,322.0,395.1177978515625
xgboost,2019-07-01,213.0,242.11700439453125
xgboost,2018-09-01,185.0,218.11328125
xgboost,2018-10-01,131.0,195.8681640625
xgboost,2018-11-01,97.0,181.38243103027344
xgboost,2018-12-01,153.0,211.4208984375
xgboost,2019-01-01,128.0,240.16444396972656
xgboost,2019-02-01,212.0,999.5447998046875
xgboost,2019-03-01,197.0,568.3892211914062
xgboost,2019-04-01,242.0,528.2987670898438
xgboost,2019-05-01,211.0,401.1968078613281
xgboost,2019-06-01,322.0,442.84783935546875
xgboost,2019-07-01,213.0,239.87625122070312
xgboost,2019-08-01,153.0,271.2452087402344
xgboost,2018-10-01,131.0,219.32830810546875
xgboost,2018-11-01,97.0,212.5231170654297
xgboost,2018-12-01,153.0,220.0033721923828
xgboost,2019-01-01,128.0,235.28695678710938
xgboost,2019-02-01,212.0,1039.24658203125
xgboost,2019-03-01,197.0,608.2820434570312
xgboost,2019-04-01,242.0,500.59112548828125
xgboost,2019-05-01,211.0,380.6678466796875
xgboost,2019-06-01,322.0,387.7619934082031
xgboost,2019-07-01,213.0,275.374755859375
xgboost,2019-08-01,153.0,243.42095947265625
xgboost,2019-09-01,150.0,296.93841552734375
xgboost,2018-11-01,97.0,175.33001708984375
xgboost,2018-12-01,153.0,175.19061279296875
xgboost,2019-01-01,128.0,208.57666015625
xgboost,2019-02-01,212.0,945.0596313476562
xgboost,2019-03-01,197.0,609.0181274414062
xgboost,2019-04-01,242.0,572.864990234375
xgboost,2019-05-01,211.0,417.2644958496094
xgboost,2019-06-01,322.0,432.1644287109375
xgboost,2019-07-01,213.0,276.8388671875
xgboost,2019-08-01,153.0,245.79922485351562
xgboost,2019-09-01,150.0,263.771728515625
xgboost,2019-10-01,124.0,249.70956420898438
xgboost,2018-12-01,153.0,165.0972442626953
xgboost,2019-01-01,128.0,282.322265625
xgboost,2019-02-01,212.0,935.3125610351562
xgboost,2019-03-01,197.0,583.4293823242188
xgboost,2019-04-01,242.0,481.55682373046875
xgboost,2019-05-01,211.0,448.9178161621094
xgboost,2019-06-01,322.0,409.33642578125
xgboost,2019-07-01,213.0,249.36094665527344
xgboost,2019-08-01,153.0,256.5478210449219
xgboost,2019-09-01,150.0,301.0054626464844
xgboost,2019-10-01,124.0,243.9842987060547
xgboost,2019-11-01,121.0,281.8544006347656
xgboost,2019-01-01,128.0,231.39732360839844
xgboost,2019-02-01,212.0,980.343994140625
xgboost,2019-03-01,197.0,655.1351318359375
xgboost,2019-04-01,242.0,563.713623046875
xgboost,2019-05-01,211.0,509.78387451171875
xgboost,2019-06-01,322.0,429.3426208496094
xgboost,2019-07-01,213.0,261.0364990234375
xgboost,2019-08-01,153.0,246.91403198242188
xgboost,2019-09-01,150.0,294.22442626953125
xgboost,2019-10-01,124.0,231.5360870361328
xgboost,2019-11-01,121.0,277.29638671875
xgboost,2019-12-01,112.0,303.57269287109375
xgboost,2019-02-01,212.0,853.7060546875
xgboost,2019-03-01,197.0,527.718505859375
xgboost,2019-04-01,242.0,372.240966796875
xgboost,2019-05-01,211.0,410.3188781738281
xgboost,2019-06-01,322.0,421.1736755371094
xgboost,2019-07-01,213.0,241.22171020507812
xgboost,2019-08-01,153.0,243.40145874023438
xgboost,2019-09-01,150.0,252.70547485351562
xgboost,2019-10-01,124.0,262.4994812011719
xgboost,2019-11-01,121.0,258.8155822753906
xgboost,2019-12-01,112.0,252.77328491210938
xgboost,2020-01-01,205.0,977.6712646484375
xgboost,2019-03-01,197.0,926.5609741210938
xgboost,2019-04-01,242.0,528.4131469726562
xgboost,2019-05-01,211.0,989.3336791992188
xgboost,2019-06-01,322.0,658.2232055664062
xgboost,2019-07-01,213.0,378.477783203125
xgboost,2019-08-01,153.0,322.51263427734375
xgboost,2019-09-01,150.0,337.6746520996094
xgboost,2019-10-01,124.0,234.7747344970703
xgboost,2019-11-01,121.0,231.9502716064453
xgboost,2019-12-01,112.0,241.5892791748047
xgboost,2020-01-01,205.0,344.0343933105469
xgboost,2020-02-01,289.0,982.2991333007812
xgboost,2019-04-01,242.0,847.2146606445312
xgboost,2019-05-01,211.0,923.7988891601562
xgboost,2019-06-01,322.0,957.5706787109375
xgboost,2019-07-01,213.0,547.5984497070312
xgboost,2019-08-01,153.0,338.921142578125
xgboost,2019-09-01,150.0,261.9593505859375
xgboost,2019-10-01,124.0,251.28558349609375
xgboost,2019-11-01,121.0,282.8291931152344
xgboost,2019-12-01,112.0,237.45431518554688
xgboost,2020-01-01,205.0,331.1267395019531
xgboost,2020-02-01,289.0,475.8754577636719
xgboost,2020-03-01,368.0,1070.406982421875
xgboost,2019-05-01,211.0,875.9462890625
xgboost,2019-06-01,322.0,655.9419555664062
xgboost,2019-07-01,213.0,519.0116577148438
xgboost,2019-08-01,153.0,326.845703125
xgboost,2019-09-01,150.0,311.8907165527344
xgboost,2019-10-01,124.0,247.56471252441406
xgboost,2019-11-01,121.0,261.3130187988281
xgboost,2019-12-01,112.0,278.4327697753906
xgboost,2020-01-01,205.0,358.7740173339844
xgboost,2020-02-01,289.0,396.7300720214844
xgboost,2020-03-01,368.0,654.7919921875
xgboost,2020-04-01,114.0,813.2994384765625
xgboost,2019-06-01,322.0,422.4403076171875
xgboost,2019-07-01,213.0,350.2785949707031
xgboost,2019-08-01,153.0,306.8878173828125
xgboost,2019-09-01,150.0,284.2984619140625
xgboost,2019-10-01,124.0,240.36648559570312
xgboost,2019-11-01,121.0,231.20602416992188
xgboost,2019-12-01,112.0,246.34994506835938
xgboost,2020-01-01,205.0,464.04888916015625
xgboost,2020-02-01,289.0,452.94561767578125
xgboost,2020-03-01,368.0,806.2646484375
xgboost,2020-04-01,114.0,803.3746337890625
xgboost,2020-05-01,227.0,653.9498291015625
xgboost,2019-07-01,213.0,385.328125
xgboost,2019-08-01,153.0,341.84429931640625
xgboost,2019-09-01,150.0,305.2555236816406
xgboost,2019-10-01,124.0,271.23931884765625
xgboost,2019-11-01,121.0,260.7857666015625
xgboost,2019-12-01,112.0,279.3265686035156
xgboost,2020-01-01,205.0,639.7031860351562
xgboost,2020-02-01,289.0,738.9660034179688
xgboost,2020-03-01,368.0,757.4091796875
xgboost,2020-04-01,114.0,879.193359375
xgboost,2020-05-01,227.0,587.422607421875
xgboost,2020-06-01,218.0,379.2931213378906
xgboost,2019-08-01,153.0,247.8369598388672
xgboost,2019-09-01,150.0,285.0484619140625
xgboost,2019-10-01,124.0,231.54978942871094
xgboost,2019-11-01,121.0,238.356201171875
xgboost,2019-12-01,112.0,227.33932495117188
xgboost,2020-01-01,205.0,563.9500122070312
xgboost,2020-02-01,289.0,839.4656982421875
xgboost,2020-03-01,368.0,680.6328125
xgboost,2020-04-01,114.0,859.6190795898438
xgboost,2020-05-01,227.0,617.6624145507812
xgboost,2020-06-01,218.0,329.83062744140625
xgboost,2020-07-01,202.0,281.21160888671875
xgboost,2019-09-01,150.0,179.15818786621094
xgboost,2019-10-01,124.0,163.2230224609375
xgboost,2019-11-01,121.0,148.7459716796875
xgboost,2019-12-01,112.0,169.0464324951172
xgboost,2020-01-01,205.0,525.8024291992188
xgboost,2020-02-01,289.0,874.0697631835938
xgboost,2020-03-01,368.0,689.3580322265625
xgboost,2020-04-01,114.0,861.8801879882812
xgboost,2020-05-01,227.0,616.93798828125
xgboost,2020-06-01,218.0,330.0030822753906
xgboost,2020-07-01,202.0,255.02406311035156
xgboost,2020-08-01,169.0,254.6082305908203
xgboost,2019-10-01,124.0,130.26171875
xgboost,2019-11-01,121.0,145.71571350097656
xgboost,2019-12-01,112.0,152.70225524902344
xgboost,2020-01-01,205.0,378.6010437011719
xgboost,2020-02-01,289.0,931.1697998046875
xgboost,2020-03-01,368.0,678.4874267578125
xgboost,2020-04-01,114.0,878.8825073242188
xgboost,2020-05-01,227.0,595.7525024414062
xgboost,2020-06-01,218.0,308.028076171875
xgboost,2020-07-01,202.0,227.54269409179688
xgboost,2020-08-01,169.0,153.01083374023438
xgboost,2020-09-01,73.0,139.58026123046875
xgboost,2019-11-01,121.0,128.70706176757812
xgboost,2019-12-01,112.0,172.7974395751953
xgboost,2020-01-01,205.0,422.8584899902344
xgboost,2020-02-01,289.0,925.7306518554688
xgboost,2020-03-01,368.0,713.94384765625
xgboost,2020-04-01,114.0,946.7064208984375
xgboost,2020-05-01,227.0,668.5198364257812
xgboost,2020-06-01,218.0,328.30853271484375
xgboost,2020-07-01,202.0,273.7782287597656
xgboost,2020-08-01,169.0,224.4802703857422
xgboost,2020-09-01,73.0,161.91236877441406
xgboost,2020-10-01,69.0,160.16326904296875
xgboost,2019-12-01,112.0,155.60862731933594
xgboost,2020-01-01,205.0,381.9115905761719
xgboost,2020-02-01,289.0,913.8644409179688
xgboost,2020-03-01,368.0,723.4483642578125
xgboost,2020-04-01,114.0,898.7774047851562
xgboost,2020-05-01,227.0,618.2173461914062
xgboost,2020-06-01,218.0,332.54302978515625
xgboost,2020-07-01,202.0,242.55149841308594
xgboost,2020-08-01,169.0,228.4901885986328
xgboost,2020-09-01,73.0,170.44100952148438
xgboost,2020-10-01,69.0,165.62901306152344
xgboost,2020-11-01,204.0,204.53810119628906
xgboost,2020-01-01,205.0,264.0805969238281
xgboost,2020-02-01,289.0,845.5916137695312
xgboost,2020-03-01,368.0,653.8248291015625
xgboost,2020-04-01,114.0,828.5277099609375
xgboost,2020-05-01,227.0,577.513427734375
xgboost,2020-06-01,218.0,311.14251708984375
xgboost,2020-07-01,202.0,252.50875854492188
xgboost,2020-08-01,169.0,258.1749267578125
xgboost,2020-09-01,73.0,240.9512481689453
xgboost,2020-10-01,69.0,208.66592407226562
xgboost,2020-11-01,204.0,255.23927307128906
xgboost,2020-12-01,185.0,541.1781005859375
xgboost,2020-02-01,289.0,360.8080139160156
xgboost,2020-03-01,368.0,884.8695068359375
xgboost,2020-04-01,114.0,850.2340087890625
xgboost,2020-05-01,227.0,770.385986328125
xgboost,2020-06-01,218.0,558.9204711914062
xgboost,2020-07-01,202.0,371.8479309082031
xgboost,2020-08-01,169.0,288.03997802734375
xgboost,2020-09-01,73.0,234.72207641601562
xgboost,2020-10-01,69.0,261.216064453125
xgboost,2020-11-01,204.0,459.1292419433594
xgboost,2020-12-01,185.0,791.2627563476562
xgboost,2021-01-01,392.0,1023.8203125
xgboost,2020-03-01,368.0,810.5457153320312
xgboost,2020-04-01,114.0,811.8660278320312
xgboost,2020-05-01,227.0,721.8656005859375
xgboost,2020-06-01,218.0,622.3857421875
xgboost,2020-07-01,202.0,393.0453796386719
xgboost,2020-08-01,169.0,282.8958435058594
xgboost,2020-09-01,73.0,228.240478515625
xgboost,2020-10-01,69.0,161.72447204589844
xgboost,2020-11-01,204.0,258.11395263671875
xgboost,2020-12-01,185.0,531.0990600585938
xgboost,2021-01-01,392.0,974.5396118164062
xgboost,2021-02-01,674.0,842.4547119140625
xgboost,2020-04-01,114.0,844.3002319335938
xgboost,2020-05-01,227.0,783.6795654296875
xgboost,2020-06-01,218.0,674.2416381835938
xgboost,2020-07-01,202.0,377.5941162109375
xgboost,2020-08-01,169.0,249.98338317871094
xgboost,2020-09-01,73.0,229.09259033203125
xgboost,2020-10-01,69.0,155.94900512695312
xgboost,2020-11-01,204.0,157.3008575439453
xgboost,2020-12-01,185.0,301.5998229980469
xgboost,2021-01-01,392.0,888.3866577148438
xgboost,2021-02-01,674.0,972.8187255859375
xgboost,2021-03-01,1007.0,896.4505004882812
xgboost,2020-05-01,227.0,258.7632751464844
xgboost,2020-06-01,218.0,353.3705139160156
xgboost,2020-07-01,202.0,362.99884033203125
xgboost,2020-08-01,169.0,191.57289123535156
xgboost,2020-09-01,73.0,141.06649780273438
xgboost,2020-10-01,69.0,123.89857482910156
xgboost,2020-11-01,204.0,137.02523803710938
xgboost,2020-12-01,185.0,188.01727294921875
xgboost,2021-01-01,392.0,272.6611328125
xgboost,2021-02-01,674.0,548.7162475585938
xgboost,2021-03-01,1007.0,608.7048950195312
xgboost,2021-04-01,886.0,627.8682250976562
xgboost,2020-06-01,218.0,280.98577880859375
xgboost,2020-07-01,202.0,384.8800048828125
xgboost,2020-08-01,169.0,209.6295166015625
xgboost,2020-09-01,73.0,174.6120147705078
xgboost,2020-10-01,69.0,131.82640075683594
xgboost,2020-11-01,204.0,169.45150756835938
xgboost,2020-12-01,185.0,191.12197875976562
xgboost,2021-01-01,392.0,229.55328369140625
xgboost,2021-02-01,674.0,299.5587158203125
xgboost,2021-03-01,1007.0,538.86962890625
xgboost,2021-04-01,886.0,541.7124633789062
xgboost,2021-05-01,838.0,295.8911437988281
xgboost,2020-07-01,202.0,267.64013671875
xgboost,2020-08-01,169.0,202.5150909423828
xgboost,2020-09-01,73.0,169.84442138671875
xgboost,2020-10-01,69.0,142.4535675048828
xgboost,2020-11-01,204.0,200.03077697753906
xgboost,2020-12-01,185.0,204.81472778320312
xgboost,2021-01-01,392.0,243.73069763183594
xgboost,2021-02-01,674.0,326.93572998046875
xgboost,2021-03-01,1007.0,515.7256469726562
xgboost,2021-04-01,886.0,533.5008544921875
xgboost,2021-05-01,838.0,259.5489501953125
xgboost,2021-06-01,601.0,233.10751342773438
xgboost,2020-08-01,169.0,172.49916076660156
xgboost,2020-09-01,73.0,159.3689422607422
xgboost,2020-10-01,69.0,122.53669738769531
xgboost,2020-11-01,204.0,146.43565368652344
xgboost,2020-12-01,185.0,184.11947631835938
xgboost,2021-01-01,392.0,279.9834289550781
xgboost,2021-02-01,674.0,401.79290771484375
xgboost,2021-03-01,1007.0,514.684326171875
xgboost,2021-04-01,886.0,503.29803466796875
xgboost,2021-05-01,838.0,260.5627136230469
xgboost,2021-06-01,601.0,238.3473358154297
xgboost,2021-07-01,488.0,271.6565246582031
xgboost,2020-09-01,73.0,146.4818878173828
xgboost,2020-10-01,69.0,120.31829071044922
xgboost,2020-11-01,204.0,142.28797912597656
xgboost,2020-12-01,185.0,171.11837768554688
xgboost,2021-01-01,392.0,280.15655517578125
xgboost,2021-02-01,674.0,390.4767761230469
xgboost,2021-03-01,1007.0,555.9434814453125
xgboost,2021-04-01,886.0,586.2308349609375
xgboost,2021-05-01,838.0,275.3149108886719
xgboost,2021-06-01,601.0,237.7262420654297
xgboost,2021-07-01,488.0,246.14942932128906
xgboost,2021-08-01,380.0,277.4040832519531
xgboost,2020-10-01,69.0,127.27931213378906
xgboost,2020-11-01,204.0,153.70094299316406
xgboost,2020-12-01,185.0,160.259765625
xgboost,2021-01-01,392.0,242.02255249023438
xgboost,2021-02-01,674.0,350.6708068847656
xgboost,2021-03-01,1007.0,565.1798706054688
xgboost,2021-04-01,886.0,509.5191955566406
xgboost,2021-05-01,838.0,254.9634246826172
xgboost,2021-06-01,601.0,218.9666748046875
xgboost,2021-07-01,488.0,187.93484497070312
xgboost,2021-08-01,380.0,211.5917510986328
xgboost,2021-09-01,182.0,253.3004913330078
xgboost,2020-11-01,204.0,156.05227661132812
xgboost,2020-12-01,185.0,198.9723358154297
xgboost,2021-01-01,392.0,265.13153076171875
xgboost,2021-02-01,674.0,391.6774597167969
xgboost,2021-03-01,1007.0,546.9869995117188
xgboost,2021-04-01,886.0,592.0304565429688
xgboost,2021-05-01,838.0,288.0923156738281
xgboost,2021-06-01,601.0,224.84030151367188
xgboost,2021-07-01,488.0,149.65628051757812
xgboost,2021-08-01,380.0,141.5968475341797
xgboost,2021-09-01,182.0,155.9207000732422
xgboost,2021-10-01,136.0,128.5222930908203
xgboost,2020-12-01,185.0,222.56809997558594
xgboost,2021-01-01,392.0,290.8204650878906
xgboost,2021-02-01,674.0,715.6235961914062
xgboost,2021-03-01,1007.0,649.1927490234375
xgboost,2021-04-01,886.0,639.9652709960938
xgboost,2021-05-01,838.0,354.95166015625
xgboost,2021-06-01,601.0,214.87045288085938
xgboost,2021-07-01,488.0,208.30003356933594
xgboost,2021-08-01,380.0,187.4474639892578
xgboost,2021-09-01,182.0,178.7121124267578
xgboost,2021-10-01,136.0,155.54034423828125
xgboost,2021-11-01,96.0,171.70474243164062
xgboost,2021-01-01,392.0,212.55653381347656
xgboost,2021-02-01,674.0,285.0842590332031
xgboost,2021-03-01,1007.0,254.50274658203125
xgboost,2021-04-01,886.0,295.7312927246094
xgboost,2021-05-01,838.0,241.8053741455078
xgboost,2021-06-01,601.0,249.13177490234375
xgboost,2021-07-01,488.0,253.56845092773438
xgboost,2021-08-01,380.0,298.6180114746094
xgboost,2021-09-01,182.0,184.3401336669922
xgboost,2021-10-01,136.0,166.85623168945312
xgboost,2021-11-01,96.0,105.40800476074219
xgboost,2021-12-01,75.0,201.91497802734375
xgboost,2021-02-01,674.0,705.2299194335938
xgboost,2021-03-01,1007.0,704.4872436523438
xgboost,2021-04-01,886.0,703.7078857421875
xgboost,2021-05-01,838.0,356.255126953125
xgboost,2021-06-01,601.0,242.24639892578125
xgboost,2021-07-01,488.0,253.83848571777344
xgboost,2021-08-01,380.0,335.880615234375
xgboost,2021-09-01,182.0,253.78164672851562
xgboost,2021-10-01,136.0,235.19822692871094
xgboost,2021-11-01,96.0,206.46365356445312
xgboost,2021-12-01,75.0,247.1729736328125
xgboost,2022-01-01,232.0,410.1798400878906
xgboost,2021-03-01,1007.0,629.2333374023438
xgboost,2021-04-01,886.0,571.6968383789062
xgboost,2021-05-01,838.0,275.6322326660156
xgboost,2021-06-01,601.0,251.1527099609375
xgboost,2021-07-01,488.0,223.31497192382812
xgboost,2021-08-01,380.0,182.52178955078125
xgboost,2021-09-01,182.0,195.72216796875
xgboost,2021-10-01,136.0,196.76272583007812
xgboost,2021-11-01,96.0,240.20111083984375
xgboost,2021-12-01,75.0,445.45660400390625
xgboost,2022-01-01,232.0,765.8680419921875
xgboost,2022-02-01,231.0,803.6336669921875
xgboost,2021-04-01,886.0,646.2664184570312
xgboost,2021-05-01,838.0,377.7101745605469
xgboost,2021-06-01,601.0,300.6507263183594
xgboost,2021-07-01,488.0,216.22169494628906
xgboost,2021-08-01,380.0,230.09967041015625
xgboost,2021-09-01,182.0,263.24212646484375
xgboost,2021-10-01,136.0,235.86911010742188
xgboost,2021-11-01,96.0,209.86758422851562
xgboost,2021-12-01,75.0,304.9930114746094
xgboost,2022-01-01,232.0,815.837646484375
xgboost,2022-02-01,231.0,980.87841796875
xgboost,2022-03-01,295.0,576.3211059570312
xgboost,2021-05-01,838.0,495.11383056640625
xgboost,2021-06-01,601.0,347.710693359375
xgboost,2021-07-01,488.0,196.69895935058594
xgboost,2021-08-01,380.0,222.24005126953125
xgboost,2021-09-01,182.0,205.0306396484375
xgboost,2021-10-01,136.0,195.23387145996094
xgboost,2021-11-01,96.0,213.55404663085938
xgboost,2021-12-01,75.0,222.94244384765625
xgboost,2022-01-01,232.0,331.61138916015625
xgboost,2022-02-01,231.0,813.5214233398438
xgboost,2022-03-01,295.0,678.8584594726562
xgboost,2022-04-01,226.0,659.7800903320312
xgboost,2021-06-01,601.0,773.2588500976562
xgboost,2021-07-01,488.0,784.3407592773438
xgboost,2021-08-01,380.0,892.51611328125
xgboost,2021-09-01,182.0,849.8275146484375
xgboost,2021-10-01,136.0,734.0983276367188
xgboost,2021-11-01,96.0,780.3673095703125
xgboost,2021-12-01,75.0,713.1970825195312
xgboost,2022-01-01,232.0,846.3872680664062
xgboost,2022-02-01,231.0,891.4415283203125
xgboost,2022-03-01,295.0,661.9030151367188
xgboost,2022-04-01,226.0,452.8546447753906
xgboost,2022-05-01,317.0,505.4246826171875
xgboost,2021-07-01,488.0,432.17486572265625
xgboost,2021-08-01,380.0,562.6940307617188
xgboost,2021-09-01,182.0,583.898681640625
xgboost,2021-10-01,136.0,712.8472290039062
xgboost,2021-11-01,96.0,793.4078979492188
xgboost,2021-12-01,75.0,554.1940307617188
xgboost,2022-01-01,232.0,563.547607421875
xgboost,2022-02-01,231.0,618.8009033203125
xgboost,2022-03-01,295.0,375.8740539550781
xgboost,2022-04-01,226.0,289.95782470703125
xgboost,2022-05-01,317.0,273.4120788574219
xgboost,2022-06-01,142.0,263.0594482421875
xgboost,2021-08-01,380.0,511.11358642578125
xgboost,2021-09-01,182.0,587.6460571289062
xgboost,2021-10-01,136.0,612.0044555664062
xgboost,2021-11-01,96.0,623.3486938476562
xgboost,2021-12-01,75.0,570.7569580078125
xgboost,2022-01-01,232.0,662.2999267578125
xgboost,2022-02-01,231.0,747.4067993164062
xgboost,2022-03-01,295.0,550.3710327148438
xgboost,2022-04-01,226.0,462.093017578125
xgboost,2022-05-01,317.0,469.3606872558594
xgboost,2022-06-01,142.0,531.976318359375
xgboost,2022-07-01,136.0,531.2537231445312
xgboost,2021-09-01,182.0,324.12255859375
xgboost,2021-10-01,136.0,288.4030456542969
xgboost,2021-11-01,96.0,262.6193542480469
xgboost,2021-12-01,75.0,477.00323486328125
xgboost,2022-01-01,232.0,722.2432861328125
xgboost,2022-02-01,231.0,804.444091796875
xgboost,2022-03-01,295.0,738.1068725585938
xgboost,2022-04-01,226.0,708.0226440429688
xgboost,2022-05-01,317.0,550.3153686523438
xgboost,2022-06-01,142.0,372.46234130859375
xgboost,2022-07-01,136.0,225.20628356933594
xgboost,2022-08-01,90.0,178.8854217529297
xgboost,2021-10-01,136.0,112.12010955810547
xgboost,2021-11-01,96.0,115.2470474243164
xgboost,2021-12-01,75.0,458.6182861328125
xgboost,2022-01-01,232.0,803.63525390625
xgboost,2022-02-01,231.0,967.7664184570312
xgboost,2022-03-01,295.0,767.4270629882812
xgboost,2022-04-01,226.0,783.4881591796875
xgboost,2022-05-01,317.0,608.7265625
xgboost,2022-06-01,142.0,446.68719482421875
xgboost,2022-07-01,136.0,374.254150390625
xgboost,2022-08-01,90.0,207.4990692138672
xgboost,2022-09-01,103.0,195.13380432128906
xgboost,2021-11-01,96.0,151.61981201171875
xgboost,2021-12-01,75.0,414.6893310546875
xgboost,2022-01-01,232.0,763.986083984375
xgboost,2022-02-01,231.0,923.3857421875
xgboost,2022-03-01,295.0,793.7688598632812
xgboost,2022-04-01,226.0,745.157470703125
xgboost,2022-05-01,317.0,640.1377563476562
xgboost,2022-06-01,142.0,445.6161804199219
xgboost,2022-07-01,136.0,351.479736328125
xgboost,2022-08-01,90.0,229.06838989257812
xgboost,2022-09-01,103.0,215.34571838378906
xgboost,2022-10-01,146.0,230.81146240234375
xgboost,2021-12-01,75.0,567.9263305664062
xgboost,2022-01-01,232.0,753.3220825195312
xgboost,2022-02-01,231.0,930.18359375
xgboost,2022-03-01,295.0,807.054443359375
xgboost,2022-04-01,226.0,720.9583740234375
xgboost,2022-05-01,317.0,578.756591796875
xgboost,2022-06-01,142.0,387.0384826660156
xgboost,2022-07-01,136.0,221.59893798828125
xgboost,2022-08-01,90.0,188.4142303466797
xgboost,2022-09-01,103.0,157.04537963867188
xgboost,2022-10-01,146.0,140.96005249023438
xgboost,2022-11-01,110.0,140.0462188720703
xgboost,2022-01-01,232.0,431.936279296875
xgboost,2022-02-01,231.0,741.342529296875
xgboost,2022-03-01,295.0,814.4349975585938
xgboost,2022-04-01,226.0,880.136962890625
xgboost,2022-05-01,317.0,741.312255859375
xgboost,2022-06-01,142.0,581.2781372070312
xgboost,2022-07-01,136.0,406.5723876953125
xgboost,2022-08-01,90.0,306.87158203125
xgboost,2022-09-01,103.0,229.0672607421875
xgboost,2022-10-01,146.0,209.452880859375
xgboost,2022-11-01,110.0,164.65786743164062
xgboost,2022-12-01,96.0,149.44180297851562
xgboost,2022-02-01,231.0,352.0498046875
xgboost,2022-03-01,295.0,274.4736328125
xgboost,2022-04-01,226.0,283.84722900390625
xgboost,2022-05-01,317.0,279.94464111328125
xgboost,2022-06-01,142.0,308.6397705078125
xgboost,2022-07-01,136.0,325.0633544921875
xgboost,2022-08-01,90.0,238.37136840820312
xgboost,2022-09-01,103.0,237.18960571289062
xgboost,2022-10-01,146.0,255.25343322753906
xgboost,2022-11-01,110.0,212.66864013671875
xgboost,2022-12-01,96.0,179.96775817871094
xgboost,2023-01-01,166.0,265.2072448730469
xgboost,2022-03-01,295.0,281.8970642089844
xgboost,2022-04-01,226.0,246.77490234375
xgboost,2022-05-01,317.0,270.7989807128906
xgboost,2022-06-01,142.0,281.7328186035156
xgboost,2022-07-01,136.0,278.4216003417969
xgboost,2022-08-01,90.0,239.0946807861328
xgboost,2022-09-01,103.0,242.24398803710938
xgboost,2022-10-01,146.0,230.71961975097656
xgboost,2022-11-01,110.0,215.5601348876953
xgboost,2022-12-01,96.0,158.82603454589844
xgboost,2023-01-01,166.0,246.87503051757812
xgboost,2023-02-01,173.0,558.3474731445312
xgboost,2022-04-01,226.0,275.4978332519531
xgboost,2022-05-01,317.0,239.41542053222656
xgboost,2022-06-01,142.0,252.9700164794922
xgboost,2022-07-01,136.0,278.60748291015625
xgboost,2022-08-01,90.0,229.5164337158203
xgboost,2022-09-01,103.0,201.7249298095703
xgboost,2022-10-01,146.0,194.80416870117188
xgboost,2022-11-01,110.0,159.82339477539062
xgboost,2022-12-01,96.0,132.0203857421875
xgboost,2023-01-01,166.0,192.448486328125
xgboost,2023-02-01,173.0,661.585205078125
xgboost,2023-03-01,305.0,750.6279296875
xgboost,2022-05-01,317.0,206.87171936035156
xgboost,2022-06-01,142.0,213.1327362060547
xgboost,2022-07-01,136.0,221.96473693847656
xgboost,2022-08-01,90.0,212.58151245117188
xgboost,2022-09-01,103.0,274.10516357421875
xgboost,2022-10-01,146.0,312.0191345214844
xgboost,2022-11-01,110.0,182.9600067138672
xgboost,2022-12-01,96.0,139.19137573242188
xgboost,2023-01-01,166.0,235.37733459472656
xgboost,2023-02-01,173.0,710.0218505859375
xgboost,2023-03-01,305.0,841.57275390625
xgboost,2023-04-01,341.0,861.9029541015625
xgboost,2022-06-01,142.0,300.5975036621094
xgboost,2022-07-01,136.0,291.3096618652344
xgboost,2022-08-01,90.0,227.063720703125
xgboost,2022-09-01,103.0,212.93344116210938
xgboost,2022-10-01,146.0,219.71690368652344
xgboost,2022-11-01,110.0,204.5161895751953
xgboost,2022-12-01,96.0,196.1071014404297
xgboost,2023-01-01,166.0,344.65521240234375
xgboost,2023-02-01,173.0,655.3324584960938
xgboost,2023-03-01,305.0,596.4451293945312
xgboost,2023-04-01,341.0,642.1664428710938
xgboost,2023-05-01,288.0,419.748779296875
xgboost,2022-07-01,136.0,127.6681137084961
xgboost,2022-08-01,90.0,140.11431884765625
xgboost,2022-09-01,103.0,139.74588012695312
xgboost,2022-10-01,146.0,200.0080108642578
xgboost,2022-11-01,110.0,175.263427734375
xgboost,2022-12-01,96.0,166.54336547851562
xgboost,2023-01-01,166.0,239.1111602783203
xgboost,2023-02-01,173.0,557.7131958007812
xgboost,2023-03-01,305.0,736.8611450195312
xgboost,2023-04-01,341.0,844.837890625
xgboost,2023-05-01,288.0,920.9703979492188
xgboost,2023-06-01,226.0,941.8860473632812
xgboost,2022-08-01,90.0,158.95010375976562
xgboost,2022-09-01,103.0,161.88563537597656
xgboost,2022-10-01,146.0,203.87466430664062
xgboost,2022-11-01,110.0,159.59231567382812
xgboost,2022-12-01,96.0,129.42958068847656
xgboost,2023-01-01,166.0,232.62767028808594
xgboost,2023-02-01,173.0,679.6598510742188
xgboost,2023-03-01,305.0,753.2914428710938
xgboost,2023-04-01,341.0,718.0113525390625
xgboost,2023-05-01,288.0,891.1302490234375
xgboost,2023-06-01,226.0,970.9888305664062
xgboost,2023-07-01,386.0,629.4061889648438
xgboost,2022-09-01,103.0,234.83590698242188
xgboost,2022-10-01,146.0,317.3916320800781
xgboost,2022-11-01,110.0,236.8507843017578
xgboost,2022-12-01,96.0,205.77761840820312
xgboost,2023-01-01,166.0,396.9367980957031
xgboost,2023-02-01,173.0,619.1434936523438
xgboost,2023-03-01,305.0,796.7116088867188
xgboost,2023-04-01,341.0,710.9135131835938
xgboost,2023-05-01,288.0,972.6657104492188
xgboost,2023-06-01,226.0,889.5820922851562
xgboost,2023-07-01,386.0,626.9398803710938
xgboost,2023-08-01,271.0,348.6222229003906
xgboost,2022-10-01,146.0,140.57955932617188
xgboost,2022-11-01,110.0,165.02627563476562
xgboost,2022-12-01,96.0,156.75115966796875
xgboost,2023-01-01,166.0,358.92327880859375
xgboost,2023-02-01,173.0,827.6943359375
xgboost,2023-03-01,305.0,898.016357421875
xgboost,2023-04-01,341.0,876.687255859375
xgboost,2023-05-01,288.0,982.7337646484375
xgboost,2023-06-01,226.0,885.607421875
xgboost,2023-07-01,386.0,609.5872192382812
xgboost,2023-08-01,271.0,355.567138671875
xgboost,2023-09-01,263.0,276.4909362792969
xgboost,2022-11-01,110.0,134.47998046875
xgboost,2022-12-01,96.0,158.9043731689453
xgboost,2023-01-01,166.0,329.4284362792969
xgboost,2023-02-01,173.0,730.1348266601562
xgboost,2023-03-01,305.0,785.0716552734375
xgboost,2023-04-01,341.0,818.1184692382812
xgboost,2023-05-01,288.0,968.3018188476562
xgboost,2023-06-01,226.0,880.1547241210938
xgboost,2023-07-01,386.0,633.6782836914062
xgboost,2023-08-01,271.0,350.237548828125
xgboost,2023-09-01,263.0,257.2268371582031
xgboost,2023-10-01,135.0,452.2106018066406
xgboost,2022-12-01,96.0,142.23126220703125
xgboost,2023-01-01,166.0,408.1982421875
xgboost,2023-02-01,173.0,670.5447998046875
xgboost,2023-03-01,305.0,745.9584350585938
xgboost,2023-04-01,341.0,820.9226684570312
xgboost,2023-05-01,288.0,941.9473876953125
xgboost,2023-06-01,226.0,867.9503173828125
xgboost,2023-07-01,386.0,603.5427856445312
xgboost,2023-08-01,271.0,356.0445861816406
xgboost,2023-09-01,263.0,288.3663330078125
xgboost,2023-10-01,135.0,422.9420471191406
xgboost,2023-11-01,114.0,668.8258666992188
xgboost,2023-01-01,166.0,242.96548461914062
xgboost,2023-02-01,173.0,524.990478515625
xgboost,2023-03-01,305.0,654.9241943359375
xgboost,2023-04-01,341.0,684.1749877929688
xgboost,2023-05-01,288.0,992.4921264648438
xgboost,2023-06-01,226.0,967.2440185546875
xgboost,2023-07-01,386.0,617.9600219726562
xgboost,2023-08-01,271.0,350.6795654296875
xgboost,2023-09-01,263.0,331.92486572265625
xgboost,2023-10-01,135.0,583.77294921875
xgboost,2023-11-01,114.0,680.0867309570312
xgboost,2023-12-01,1974.0,810.322265625
xgboost,2023-02-01,173.0,576.408447265625
xgboost,2023-03-01,305.0,620.238525390625
xgboost,2023-04-01,341.0,503.86944580078125
xgboost,2023-05-01,288.0,402.82037353515625
xgboost,2023-06-01,226.0,457.629638671875
xgboost,2023-07-01,386.0,453.7777404785156
xgboost,2023-08-01,271.0,596.6640625
xgboost,2023-09-01,263.0,399.8856201171875
xgboost,2023-10-01,135.0,370.501953125
xgboost,2023-11-01,114.0,491.7002258300781
xgboost,2023-12-01,1974.0,640.3577880859375
xgboost,2024-01-01,3786.0,716.9539184570312
xgboost,2023-03-01,305.0,586.6618041992188
xgboost,2023-04-01,341.0,827.8755493164062
xgboost,2023-05-01,288.0,780.4172973632812
xgboost,2023-06-01,226.0,920.1448364257812
xgboost,2023-07-01,386.0,796.7066040039062
xgboost,2023-08-01,271.0,549.3172607421875
xgboost,2023-09-01,263.0,478.6313781738281
xgboost,2023-10-01,135.0,351.27862548828125
xgboost,2023-11-01,114.0,429.705810546875
xgboost,2023-12-01,1974.0,442.3619079589844
xgboost,2024-01-01,3786.0,546.18359375
xgboost,2024-02-01,1870.0,594.1770629882812
xgboost,2023-04-01,341.0,504.5319519042969
xgboost,2023-05-01,288.0,302.1532897949219
xgboost,2023-06-01,226.0,263.1831359863281
xgboost,2023-07-01,386.0,276.6854553222656
xgboost,2023-08-01,271.0,248.7764892578125
xgboost,2023-09-01,263.0,243.23870849609375
xgboost,2023-10-01,135.0,269.8122253417969
xgboost,2023-11-01,114.0,487.4262390136719
xgboost,2023-12-01,1974.0,658.6090698242188
xgboost,2024-01-01,3786.0,638.754638671875
xgboost,2024-02-01,1870.0,572.7952880859375
xgboost,2024-03-01,1376.0,568.8460693359375
xgboost,2023-05-01,288.0,317.9112548828125
xgboost,2023-06-01,226.0,266.2788391113281
xgboost,2023-07-01,386.0,276.9234619140625
xgboost,2023-08-01,271.0,262.91156005859375
xgboost,2023-09-01,263.0,277.6404724121094
xgboost,2023-10-01,135.0,316.2024841308594
xgboost,2023-11-01,114.0,488.48626708984375
xgboost,2023-12-01,1974.0,636.7655029296875
xgboost,2024-01-01,3786.0,614.2618408203125
xgboost,2024-02-01,1870.0,491.7944030761719
xgboost,2024-03-01,1376.0,483.0555114746094
xgboost,2024-04-01,640.0,413.2339172363281
xgboost,2023-06-01,226.0,302.0912170410156
xgboost,2023-07-01,386.0,266.7948303222656
xgboost,2023-08-01,271.0,230.19989013671875
xgboost,2023-09-01,263.0,206.466064453125
xgboost,2023-10-01,135.0,221.21539306640625
xgboost,2023-11-01,114.0,455.954833984375
xgboost,2023-12-01,1974.0,519.0966796875
xgboost,2024-01-01,3786.0,658.7507934570312
xgboost,2024-02-01,1870.0,557.0143432617188
xgboost,2024-03-01,1376.0,536.6558227539062
xgboost,2024-04-01,640.0,493.0780944824219
xgboost,2024-05-01,343.0,421.6658020019531
xgboost,2023-07-01,386.0,221.6785430908203
xgboost,2023-08-01,271.0,206.0808868408203
xgboost,2023-09-01,263.0,176.38116455078125
xgboost,2023-10-01,135.0,241.45997619628906
xgboost,2023-11-01,114.0,311.84588623046875
xgboost,2023-12-01,1974.0,507.5303955078125
xgboost,2024-01-01,3786.0,608.52978515625
xgboost,2024-02-01,1870.0,721.6734619140625
xgboost,2024-03-01,1376.0,687.9103393554688
xgboost,2024-04-01,640.0,722.21240234375
xgboost,2024-05-01,343.0,513.5949096679688
xgboost,2024-06-01,377.0,502.4683532714844
xgboost,2023-08-01,271.0,292.0458679199219
xgboost,2023-09-01,263.0,199.6936492919922
xgboost,2023-10-01,135.0,236.13467407226562
xgboost,2023-11-01,114.0,664.865234375
xgboost,2023-12-01,1974.0,741.9408569335938
xgboost,2024-01-01,3786.0,678.6282958984375
xgboost,2024-02-01,1870.0,732.2606201171875
xgboost,2024-03-01,1376.0,746.36669921875
xgboost,2024-04-01,640.0,652.6033935546875
xgboost,2024-05-01,343.0,466.0401306152344
xgboost,2024-06-01,377.0,392.2466735839844
xgboost,2024-07-01,250.0,416.4827880859375
xgboost,2023-09-01,263.0,205.0719451904297
xgboost,2023-10-01,135.0,260.4643859863281
xgboost,2023-11-01,114.0,651.9544677734375
xgboost,2023-12-01,1974.0,841.719970703125
xgboost,2024-01-01,3786.0,678.2923583984375
xgboost,2024-02-01,1870.0,750.505126953125
xgboost,2024-03-01,1376.0,758.3926391601562
xgboost,2024-04-01,640.0,604.7214965820312
xgboost,2024-05-01,343.0,481.65631103515625
xgboost,2024-06-01,377.0,409.11712646484375
xgboost,2024-07-01,250.0,413.9998474121094
xgboost,2024-08-01,213.0,354.1517333984375
xgboost,2023-10-01,135.0,317.90496826171875
xgboost,2023-11-01,114.0,592.0824584960938
xgboost,2023-12-01,1974.0,732.1973266601562
xgboost,2024-01-01,3786.0,688.6500854492188
xgboost,2024-02-01,1870.0,746.8494262695312
xgboost,2024-03-01,1376.0,584.1492919921875
xgboost,2024-04-01,640.0,480.9634094238281
xgboost,2024-05-01,343.0,420.5274658203125
xgboost,2024-06-01,377.0,482.95452880859375
xgboost,2024-07-01,250.0,435.37322998046875
xgboost,2024-08-01,213.0,655.7973022460938
xgboost,2024-09-01,197.0,373.9928894042969
xgboost,2023-11-01,114.0,293.8935546875
xgboost,2023-12-01,1974.0,623.9395141601562
xgboost,2024-01-01,3786.0,626.72412109375
xgboost,2024-02-01,1870.0,718.337890625
xgboost,2024-03-01,1376.0,743.7928466796875
xgboost,2024-04-01,640.0,740.6669921875
xgboost,2024-05-01,343.0,625.3450927734375
xgboost,2024-06-01,377.0,506.5919494628906
xgboost,2024-07-01,250.0,415.08514404296875
xgboost,2024-08-01,213.0,356.78375244140625
xgboost,2024-09-01,197.0,221.2207794189453
xgboost,2024-10-01,207.0,166.32130432128906
xgboost,2023-12-01,1974.0,211.1873321533203
xgboost,2024-01-01,3786.0,289.34661865234375
xgboost,2024-02-01,1870.0,523.794189453125
xgboost,2024-03-01,1376.0,766.7881469726562
xgboost,2024-04-01,640.0,981.3018798828125
xgboost,2024-05-01,343.0,833.0440673828125
xgboost,2024-06-01,377.0,813.8636474609375
xgboost,2024-07-01,250.0,571.8361206054688
xgboost,2024-08-01,213.0,390.6995849609375
xgboost,2024-09-01,197.0,204.4076385498047
xgboost,2024-10-01,207.0,153.48228454589844
xgboost,2024-11-01,199.0,102.90390014648438
xgboost,2024-01-01,3786.0,1168.404296875
xgboost,2024-02-01,1870.0,1053.328369140625
xgboost,2024-03-01,1376.0,907.8285522460938
xgboost,2024-04-01,640.0,761.2574462890625
xgboost,2024-05-01,343.0,606.7062377929688
xgboost,2024-06-01,377.0,490.1114196777344
xgboost,2024-07-01,250.0,433.4666442871094
xgboost,2024-08-01,213.0,774.6502685546875
xgboost,2024-09-01,197.0,569.18896484375
xgboost,2024-10-01,207.0,519.6416625976562
xgboost,2024-11-01,199.0,685.142578125
xgboost,2024-12-01,179.0,526.66357421875
catboost,2014-01-01,365.0,758.5166311727216
catboost,2014-02-01,453.0,748.5919436126148
catboost,2014-03-01,957.0,742.2505059080929
catboost,2014-04-01,708.0,555.6358407810494
catboost,2014-05-01,459.0,490.6399903855642
catboost,2014-06-01,379.0,476.8173477050163
catboost,2014-07-01,192.0,422.3309003853314
catboost,2014-08-01,156.0,420.1626424638139
catboost,2014-09-01,148.0,389.44269480776404
catboost,2014-10-01,131.0,382.86863637804595
catboost,2014-11-01,227.0,383.3257744171708
catboost,2014-12-01,165.0,740.9719769395059
catboost,2014-02-01,453.0,562.4068357579217
catboost,2014-03-01,957.0,737.797405592602
catboost,2014-04-01,708.0,593.5792542459383
catboost,2014-05-01,459.0,595.7008779973328
catboost,2014-06-01,379.0,596.9099812650626
catboost,2014-07-01,192.0,566.2404204328378
catboost,2014-08-01,156.0,518.1670635950411
catboost,2014-09-01,148.0,503.591368464214
catboost,2014-10-01,131.0,472.95862140797715
catboost,2014-11-01,227.0,449.87115019459355
catboost,2014-12-01,165.0,742.4261430438415
catboost,2015-01-01,231.0,1306.9808071738098
catboost,2014-03-01,957.0,556.0562615137753
catboost,2014-04-01,708.0,519.834780185419
catboost,2014-05-01,459.0,558.8654930453733
catboost,2014-06-01,379.0,612.3420576508338
catboost,2014-07-01,192.0,491.944590216321
catboost,2014-08-01,156.0,434.54610252424294
catboost,2014-09-01,148.0,392.9992153041858
catboost,2014-10-01,131.0,408.9969890404154
catboost,2014-11-01,227.0,441.3483605467923
catboost,2014-12-01,165.0,805.3974698113154
catboost,2015-01-01,231.0,1445.4604686041062
catboost,2015-02-01,335.0,2062.9245455033256
catboost,2014-04-01,708.0,550.8505373251053
catboost,2014-05-01,459.0,597.1263265521976
catboost,2014-06-01,379.0,600.8576996734591
catboost,2014-07-01,192.0,510.42615025109137
catboost,2014-08-01,156.0,481.65277460744335
catboost,2014-09-01,148.0,410.09682622149916
catboost,2014-10-01,131.0,403.6543617662809
catboost,2014-11-01,227.0,451.4768612463154
catboost,2014-12-01,165.0,803.0180727119327
catboost,2015-01-01,231.0,1402.641508982304
catboost,2015-02-01,335.0,2009.8476784160544
catboost,2015-03-01,517.0,1862.5256900600539
catboost,2014-05-01,459.0,607.2082520453058
catboost,2014-06-01,379.0,633.3897844769801
catboost,2014-07-01,192.0,540.7264015738809
catboost,2014-08-01,156.0,553.7817263694672
catboost,2014-09-01,148.0,499.1229804262109
catboost,2014-10-01,131.0,439.999803530518
catboost,2014-11-01,227.0,479.09722184985395
catboost,2014-12-01,165.0,797.715049339388
catboost,2015-01-01,231.0,1294.1344111121182
catboost,2015-02-01,335.0,2014.8732346391325
catboost,2015-03-01,517.0,1774.6252831124948
catboost,2015-04-01,251.0,951.5767488037354
catboost,2014-06-01,379.0,561.3733681254739
catboost,2014-07-01,192.0,510.53436599430785
catboost,2014-08-01,156.0,532.3992337082292
catboost,2014-09-01,148.0,450.49621009679896
catboost,2014-10-01,131.0,447.5762675850235
catboost,2014-11-01,227.0,459.6364918073442
catboost,2014-12-01,165.0,797.370164399249
catboost,2015-01-01,231.0,1254.098437133262
catboost,2015-02-01,335.0,1867.0930665167057
catboost,2015-03-01,517.0,1867.9646886198775
catboost,2015-04-01,251.0,1109.3831021216292
catboost,2015-05-01,377.0,807.668877489486
catboost,2014-07-01,192.0,446.9330732666873
catboost,2014-08-01,156.0,490.89030505939843
catboost,2014-09-01,148.0,347.6862418667424
catboost,2014-10-01,131.0,311.3501877528166
catboost,2014-11-01,227.0,334.3455514952998
catboost,2014-12-01,165.0,579.0636089966823
catboost,2015-01-01,231.0,1222.529790731317
catboost,2015-02-01,335.0,2075.595138887621
catboost,2015-03-01,517.0,1996.6093380476818
catboost,2015-04-01,251.0,1186.0514562914314
catboost,2015-05-01,377.0,873.0163327262851
catboost,2015-06-01,255.0,672.0657888917488
catboost,2014-08-01,156.0,443.8854531951786
catboost,2014-09-01,148.0,387.2708394429823
catboost,2014-10-01,131.0,378.7439512106364
catboost,2014-11-01,227.0,454.53257965852674
catboost,2014-12-01,165.0,769.3823663810203
catboost,2015-01-01,231.0,1357.0802557611328
catboost,2015-02-01,335.0,2225.3830322727426
catboost,2015-03-01,517.0,2058.207019354473
catboost,2015-04-01,251.0,1151.411768925448
catboost,2015-05-01,377.0,956.3336036355707
catboost,2015-06-01,255.0,683.2413019233851
catboost,2015-07-01,263.0,499.96214308260335
catboost,2014-09-01,148.0,311.3060796112038
catboost,2014-10-01,131.0,325.9647495228898
catboost,2014-11-01,227.0,406.0214138951904
catboost,2014-12-01,165.0,762.6141266094688
catboost,2015-01-01,231.0,1537.9692626605474
catboost,2015-02-01,335.0,2226.548003114649
catboost,2015-03-01,517.0,1984.3718837390809
catboost,2015-04-01,251.0,1206.8078158794501
catboost,2015-05-01,377.0,890.8739764862316
catboost,2015-06-01,255.0,690.2654032440553
catboost,2015-07-01,263.0,525.1351343979725
catboost,2015-08-01,267.0,438.43402335118947
catboost,2014-10-01,131.0,308.21041213653945
catboost,2014-11-01,227.0,415.95980233268085
catboost,2014-12-01,165.0,830.4729202692606
catboost,2015-01-01,231.0,1461.1334295076986
catboost,2015-02-01,335.0,2375.474443428515
catboost,2015-03-01,517.0,2082.4520975284704
catboost,2015-04-01,251.0,1195.9318872618405
catboost,2015-05-01,377.0,925.1720582516759
catboost,2015-06-01,255.0,692.6533038117477
catboost,2015-07-01,263.0,523.026287849788
catboost,2015-08-01,267.0,451.55297255618115
catboost,2015-09-01,290.0,355.8018810878807
catboost,2014-11-01,227.0,342.416069940764
catboost,2014-12-01,165.0,721.7777080339771
catboost,2015-01-01,231.0,1574.0750762308903
catboost,2015-02-01,335.0,2377.2284516958357
catboost,2015-03-01,517.0,2259.4253753791145
catboost,2015-04-01,251.0,1279.8689894373913
catboost,2015-05-01,377.0,939.6356677099283
catboost,2015-06-01,255.0,691.9742623033793
catboost,2015-07-01,263.0,593.2127066592916
catboost,2015-08-01,267.0,488.35093986186786
catboost,2015-09-01,290.0,392.3341189163147
catboost,2015-10-01,164.0,344.34205853326347
catboost,2014-12-01,165.0,659.9635133793024
catboost,2015-01-01,231.0,1351.3291073526293
catboost,2015-02-01,335.0,2248.4303445672026
catboost,2015-03-01,517.0,2209.860899910942
catboost,2015-04-01,251.0,1347.0363797309424
catboost,2015-05-01,377.0,984.1309953358663
catboost,2015-06-01,255.0,789.6068487421235
catboost,2015-07-01,263.0,599.1389912508522
catboost,2015-08-01,267.0,455.5172306519408
catboost,2015-09-01,290.0,366.00856635993875
catboost,2015-10-01,164.0,317.9967040917759
catboost,2015-11-01,192.0,335.66802354251473
catboost,2015-01-01,231.0,830.6935857540755
catboost,2015-02-01,335.0,1825.1302896731036
catboost,2015-03-01,517.0,1934.654294448251
catboost,2015-04-01,251.0,1462.93003135157
catboost,2015-05-01,377.0,1137.8605411152255
catboost,2015-06-01,255.0,842.904711594304
catboost,2015-07-01,263.0,722.6288199547454
catboost,2015-08-01,267.0,575.7306227855472
catboost,2015-09-01,290.0,395.42253503876987
catboost,2015-10-01,164.0,347.8161272838728
catboost,2015-11-01,192.0,327.08473270926413
catboost,2015-12-01,312.0,293.4033718516768
catboost,2015-02-01,335.0,852.6080493454233
catboost,2015-03-01,517.0,1615.838438410302
catboost,2015-04-01,251.0,1012.5640410089998
catboost,2015-05-01,377.0,977.7589576431199
catboost,2015-06-01,255.0,914.4928429310789
catboost,2015-07-01,263.0,814.9588042730068
catboost,2015-08-01,267.0,710.4978742080593
catboost,2015-09-01,290.0,535.8095109896939
catboost,2015-10-01,164.0,419.34161539138734
catboost,2015-11-01,192.0,369.74357623191213
catboost,2015-12-01,312.0,342.6748442353522
catboost,2016-01-01,1205.0,313.59321613697904
catboost,2015-03-01,517.0,1216.2011579588413
catboost,2015-04-01,251.0,796.296935516714
catboost,2015-05-01,377.0,826.9166539526166
catboost,2015-06-01,255.0,803.759838655706
catboost,2015-07-01,263.0,711.9636911850072
catboost,2015-08-01,267.0,626.9123017344621
catboost,2015-09-01,290.0,469.2413499219104
catboost,2015-10-01,164.0,399.8491384756313
catboost,2015-11-01,192.0,344.62159350282593
catboost,2015-12-01,312.0,349.99094592830056
catboost,2016-01-01,1205.0,327.1492921941716
catboost,2016-02-01,1494.0,352.76251879272957
catboost,2015-04-01,251.0,699.5179152690616
catboost,2015-05-01,377.0,764.3732482657264
catboost,2015-06-01,255.0,751.7323502228616
catboost,2015-07-01,263.0,737.8199667656617
catboost,2015-08-01,267.0,706.092329410811
catboost,2015-09-01,290.0,575.5326219760398
catboost,2015-10-01,164.0,503.5001196565283
catboost,2015-11-01,192.0,433.6693876296147
catboost,2015-12-01,312.0,362.6929445192755
catboost,2016-01-01,1205.0,350.93655923867203
catboost,2016-02-01,1494.0,344.4061146273236
catboost,2016-03-01,1207.0,371.1023938658702
catboost,2015-05-01,377.0,524.1308408402263
catboost,2015-06-01,255.0,571.022950557901
catboost,2015-07-01,263.0,548.0072446952793
catboost,2015-08-01,267.0,575.8505353195864
catboost,2015-09-01,290.0,480.8313859474051
catboost,2015-10-01,164.0,420.45403580152777
catboost,2015-11-01,192.0,397.69807741027137
catboost,2015-12-01,312.0,372.31825306091645
catboost,2016-01-01,1205.0,364.4191118657698
catboost,2016-02-01,1494.0,389.1648891699919
catboost,2016-03-01,1207.0,390.5131005030073
catboost,2016-04-01,1552.0,405.1188233813754
catboost,2015-06-01,255.0,463.9500069289635
catboost,2015-07-01,263.0,511.3030851023172
catboost,2015-08-01,267.0,495.9891556100446
catboost,2015-09-01,290.0,474.6209489055498
catboost,2015-10-01,164.0,408.6720840174261
catboost,2015-11-01,192.0,384.1927192956657
catboost,2015-12-01,312.0,351.27506398870497
catboost,2016-01-01,1205.0,316.415907828301
catboost,2016-02-01,1494.0,357.09106173178975
catboost,2016-03-01,1207.0,363.71210647856145
catboost,2016-04-01,1552.0,410.79770836277163
catboost,2016-05-01,1118.0,639.8983652721332
catboost,2015-07-01,263.0,405.5483931148105
catboost,2015-08-01,267.0,386.4332075666679
catboost,2015-09-01,290.0,358.7891374495134
catboost,2015-10-01,164.0,355.1798264838583
catboost,2015-11-01,192.0,372.2350203706262
catboost,2015-12-01,312.0,360.88082655641256
catboost,2016-01-01,1205.0,400.2590783694093
catboost,2016-02-01,1494.0,458.7182193701012
catboost,2016-03-01,1207.0,457.37188802853916
catboost,2016-04-01,1552.0,468.1220426651855
catboost,2016-05-01,1118.0,659.6804924220714
catboost,2016-06-01,620.0,671.9247420783049
catboost,2015-08-01,267.0,307.4114611894191
catboost,2015-09-01,290.0,309.1855897804572
catboost,2015-10-01,164.0,316.98701331577774
catboost,2015-11-01,192.0,321.70583289242836
catboost,2015-12-01,312.0,356.7645467743275
catboost,2016-01-01,1205.0,382.9750127773629
catboost,2016-02-01,1494.0,422.560479011785
catboost,2016-03-01,1207.0,432.3163952397466
catboost,2016-04-01,1552.0,423.66818208378174
catboost,2016-05-01,1118.0,624.3899365222868
catboost,2016-06-01,620.0,656.9841308874608
catboost,2016-07-01,371.0,677.6829241724596
catboost,2015-09-01,290.0,325.0532155851085
catboost,2015-10-01,164.0,321.96840139276037
catboost,2015-11-01,192.0,329.2816375569446
catboost,2015-12-01,312.0,370.07163221363703
catboost,2016-01-01,1205.0,369.9377260442925
catboost,2016-02-01,1494.0,413.9726548756754
catboost,2016-03-01,1207.0,450.8199390439138
catboost,2016-04-01,1552.0,428.02889270990977
catboost,2016-05-01,1118.0,565.9487996454262
catboost,2016-06-01,620.0,648.255630470743
catboost,2016-07-01,371.0,643.3571953933846
catboost,2016-08-01,211.0,663.2300060879834
catboost,2015-10-01,164.0,317.08880789707115
catboost,2015-11-01,192.0,319.56794281259016
catboost,2015-12-01,312.0,382.889050648506
catboost,2016-01-01,1205.0,375.33533479402513
catboost,2016-02-01,1494.0,423.5688913599736
catboost,2016-03-01,1207.0,421.06497041336246
catboost,2016-04-01,1552.0,409.41471914208336
catboost,2016-05-01,1118.0,576.3712550607576
catboost,2016-06-01,620.0,627.5917793987785
catboost,2016-07-01,371.0,652.9668323312239
catboost,2016-08-01,211.0,657.9171542480539
catboost,2016-09-01,193.0,434.03594751112166
catboost,2015-11-01,192.0,327.9668274230544
catboost,2015-12-01,312.0,336.8693293251426
catboost,2016-01-01,1205.0,350.8549443889577
catboost,2016-02-01,1494.0,392.1474231431347
catboost,2016-03-01,1207.0,419.1254361860799
catboost,2016-04-01,1552.0,451.8935437443162
catboost,2016-05-01,1118.0,634.0408392121735
catboost,2016-06-01,620.0,732.997173054346
catboost,2016-07-01,371.0,668.413393441302
catboost,2016-08-01,211.0,697.4456840123626
catboost,2016-09-01,193.0,465.5403281795691
catboost,2016-10-01,218.0,569.5237883103213
catboost,2015-12-01,312.0,228.44613294237632
catboost,2016-01-01,1205.0,255.67606753910866
catboost,2016-02-01,1494.0,327.11202349388554
catboost,2016-03-01,1207.0,367.4965237604082
catboost,2016-04-01,1552.0,380.67201209529105
catboost,2016-05-01,1118.0,523.8588990874858
catboost,2016-06-01,620.0,640.932327377286
catboost,2016-07-01,371.0,630.6392882663163
catboost,2016-08-01,211.0,630.1748877358998
catboost,2016-09-01,193.0,450.59940865171217
catboost,2016-10-01,218.0,494.9621221031255
catboost,2016-11-01,220.0,396.1834222162459
catboost,2016-01-01,1205.0,300.79114955723117
catboost,2016-02-01,1494.0,328.74999530791644
catboost,2016-03-01,1207.0,347.30038626092767
catboost,2016-04-01,1552.0,358.11176037265705
catboost,2016-05-01,1118.0,562.1206569560997
catboost,2016-06-01,620.0,670.3201060174158
catboost,2016-07-01,371.0,642.4194231932094
catboost,2016-08-01,211.0,637.1658307222358
catboost,2016-09-01,193.0,457.4012554008983
catboost,2016-10-01,218.0,549.6653561689544
catboost,2016-11-01,220.0,460.7009043098615
catboost,2016-12-01,250.0,402.64081427675956
catboost,2016-02-01,1494.0,835.8264568821895
catboost,2016-03-01,1207.0,693.4775295158828
catboost,2016-04-01,1552.0,601.7872588775982
catboost,2016-05-01,1118.0,681.8394070096678
catboost,2016-06-01,620.0,746.2765238291395
catboost,2016-07-01,371.0,699.9443131037189
catboost,2016-08-01,211.0,687.583216889826
catboost,2016-09-01,193.0,455.53149061310774
catboost,2016-10-01,218.0,582.0777226958492
catboost,2016-11-01,220.0,481.6513286446214
catboost,2016-12-01,250.0,476.1740872224969
catboost,2017-01-01,737.0,484.32367345974455
catboost,2016-03-01,1207.0,1020.2245602078862
catboost,2016-04-01,1552.0,722.1719086479808
catboost,2016-05-01,1118.0,699.3470503871442
catboost,2016-06-01,620.0,662.3898290513664
catboost,2016-07-01,371.0,673.1697201521114
catboost,2016-08-01,211.0,632.8909886565234
catboost,2016-09-01,193.0,466.1041554310566
catboost,2016-10-01,218.0,601.3390678222144
catboost,2016-11-01,220.0,486.4726017097469
catboost,2016-12-01,250.0,445.4095467894548
catboost,2017-01-01,737.0,505.1765479441838
catboost,2017-02-01,594.0,583.7117467853233
catboost,2016-04-01,1552.0,995.0738346486528
catboost,2016-05-01,1118.0,876.027208497218
catboost,2016-06-01,620.0,778.9530136678901
catboost,2016-07-01,371.0,710.5184412327266
catboost,2016-08-01,211.0,611.2672675341104
catboost,2016-09-01,193.0,430.525994979117
catboost,2016-10-01,218.0,536.2964821886906
catboost,2016-11-01,220.0,453.99590205294805
catboost,2016-12-01,250.0,399.96349182472073
catboost,2017-01-01,737.0,463.9802809794955
catboost,2017-02-01,594.0,599.9261045995304
catboost,2017-03-01,563.0,643.7131084319929
catboost,2016-05-01,1118.0,1091.4963636761865
catboost,2016-06-01,620.0,882.8347602274347
catboost,2016-07-01,371.0,858.3635346189292
catboost,2016-08-01,211.0,719.0712450851715
catboost,2016-09-01,193.0,503.26931941560747
catboost,2016-10-01,218.0,560.3576503816454
catboost,2016-11-01,220.0,515.4664146897846
catboost,2016-12-01,250.0,421.43485529889267
catboost,2017-01-01,737.0,466.3219275633073
catboost,2017-02-01,594.0,516.1498627457473
catboost,2017-03-01,563.0,609.8777738671524
catboost,2017-04-01,604.0,660.8373703656604
catboost,2016-06-01,620.0,916.433596557051
catboost,2016-07-01,371.0,836.256699621928
catboost,2016-08-01,211.0,799.0971352332251
catboost,2016-09-01,193.0,508.35255660682935
catboost,2016-10-01,218.0,642.041884535208
catboost,2016-11-01,220.0,541.7401942723907
catboost,2016-12-01,250.0,481.3120936018611
catboost,2017-01-01,737.0,520.5072887909178
catboost,2017-02-01,594.0,617.9522171823077
catboost,2017-03-01,563.0,649.2947146314792
catboost,2017-04-01,604.0,745.781180425498
catboost,2017-05-01,266.0,671.8471455397034
catboost,2016-07-01,371.0,641.9408331969701
catboost,2016-08-01,211.0,600.9502109865995
catboost,2016-09-01,193.0,454.50972876522246
catboost,2016-10-01,218.0,537.7402609816857
catboost,2016-11-01,220.0,493.3080557271529
catboost,2016-12-01,250.0,440.19370952544693
catboost,2017-01-01,737.0,474.64091622378976
catboost,2017-02-01,594.0,573.1711736450254
catboost,2017-03-01,563.0,689.0872216778544
catboost,2017-04-01,604.0,731.4388250085178
catboost,2017-05-01,266.0,584.7688082847466
catboost,2017-06-01,202.0,474.7112326900076
catboost,2016-08-01,211.0,444.02633115496405
catboost,2016-09-01,193.0,407.3548920267532
catboost,2016-10-01,218.0,422.11072714833034
catboost,2016-11-01,220.0,465.7918521425712
catboost,2016-12-01,250.0,456.1536526643466
catboost,2017-01-01,737.0,513.9039639551787
catboost,2017-02-01,594.0,670.7550082327623
catboost,2017-03-01,563.0,765.021661003521
catboost,2017-04-01,604.0,706.6252308327973
catboost,2017-05-01,266.0,554.562535117983
catboost,2017-06-01,202.0,430.566879283181
catboost,2017-07-01,244.0,332.33538840690017
catboost,2016-09-01,193.0,307.09175754027706
catboost,2016-10-01,218.0,343.6758544455177
catboost,2016-11-01,220.0,344.54867533707625
catboost,2016-12-01,250.0,410.71313130671945
catboost,2017-01-01,737.0,501.3946836452353
catboost,2017-02-01,594.0,637.1372072979307
catboost,2017-03-01,563.0,744.7593704181553
catboost,2017-04-01,604.0,723.6273217605108
catboost,2017-05-01,266.0,549.0286485984769
catboost,2017-06-01,202.0,378.5420005535607
catboost,2017-07-01,244.0,281.4491560572359
catboost,2017-08-01,258.0,218.99280983343544
catboost,2016-10-01,218.0,351.9390794690052
catboost,2016-11-01,220.0,368.6761185258499
catboost,2016-12-01,250.0,430.8607333544232
catboost,2017-01-01,737.0,512.4543879594511
catboost,2017-02-01,594.0,673.7580149755074
catboost,2017-03-01,563.0,784.4233923996701
catboost,2017-04-01,604.0,726.1142785421861
catboost,2017-05-01,266.0,528.5895359122025
catboost,2017-06-01,202.0,356.598633565287
catboost,2017-07-01,244.0,268.6576362065176
catboost,2017-08-01,258.0,229.40295932112014
catboost,2017-09-01,290.0,245.8133588602579
catboost,2016-11-01,220.0,299.87579354805166
catboost,2016-12-01,250.0,377.16402936612184
catboost,2017-01-01,737.0,495.5750475973174
catboost,2017-02-01,594.0,667.8916279781135
catboost,2017-03-01,563.0,910.028579836555
catboost,2017-04-01,604.0,856.7634901223073
catboost,2017-05-01,266.0,563.0668034897533
catboost,2017-06-01,202.0,379.2737968928098
catboost,2017-07-01,244.0,261.3394217759287
catboost,2017-08-01,258.0,181.3619546683762
catboost,2017-09-01,290.0,173.09259090743922
catboost,2017-10-01,210.0,155.2532362554175
catboost,2016-12-01,250.0,342.8151215236908
catboost,2017-01-01,737.0,388.7550861530857
catboost,2017-02-01,594.0,591.5942553077172
catboost,2017-03-01,563.0,833.2654218724155
catboost,2017-04-01,604.0,917.9243412670098
catboost,2017-05-01,266.0,633.7556437955532
catboost,2017-06-01,202.0,457.515738142438
catboost,2017-07-01,244.0,321.8938142983839
catboost,2017-08-01,258.0,188.1927344040664
catboost,2017-09-01,290.0,153.85371263166405
catboost,2017-10-01,210.0,157.58669820236173
catboost,2017-11-01,123.0,224.41871334176955
catboost,2017-01-01,737.0,385.94744206460734
catboost,2017-02-01,594.0,577.3883445069611
catboost,2017-03-01,563.0,823.2386334062103
catboost,2017-04-01,604.0,868.1968456760015
catboost,2017-05-01,266.0,646.9542758439915
catboost,2017-06-01,202.0,435.7700472630863
catboost,2017-07-01,244.0,320.69273701919525
catboost,2017-08-01,258.0,214.85606607119564
catboost,2017-09-01,290.0,165.1217354291527
catboost,2017-10-01,210.0,160.56657931999234
catboost,2017-11-01,123.0,197.8422714473307
catboost,2017-12-01,163.0,311.3188313011136
catboost,2017-02-01,594.0,726.4688042381431
catboost,2017-03-01,563.0,893.4373338956455
catboost,2017-04-01,604.0,834.2701754968768
catboost,2017-05-01,266.0,639.7856438606817
catboost,2017-06-01,202.0,440.3886008539747
catboost,2017-07-01,244.0,335.77860196848826
catboost,2017-08-01,258.0,228.07152590103675
catboost,2017-09-01,290.0,165.8149173321264
catboost,2017-10-01,210.0,139.79217163131364
catboost,2017-11-01,123.0,198.99180144389356
catboost,2017-12-01,163.0,364.13086708066413
catboost,2018-01-01,154.0,508.7125740885929
catboost,2017-03-01,563.0,761.5264347211843
catboost,2017-04-01,604.0,762.3400166150954
catboost,2017-05-01,266.0,581.5531969255755
catboost,2017-06-01,202.0,421.43997792319317
catboost,2017-07-01,244.0,306.09533254546295
catboost,2017-08-01,258.0,190.1845200956147
catboost,2017-09-01,290.0,163.82170830790284
catboost,2017-10-01,210.0,160.31066234324317
catboost,2017-11-01,123.0,223.03260381560688
catboost,2017-12-01,163.0,297.16783338238815
catboost,2018-01-01,154.0,501.6863220627308
catboost,2018-02-01,170.0,713.1389037834143
catboost,2017-04-01,604.0,679.693553331471
catboost,2017-05-01,266.0,572.0511684674358
catboost,2017-06-01,202.0,420.5859859328982
catboost,2017-07-01,244.0,307.6969496919133
catboost,2017-08-01,258.0,208.39004324951657
catboost,2017-09-01,290.0,161.8199663807806
catboost,2017-10-01,210.0,144.5127762082207
catboost,2017-11-01,123.0,208.31794632565362
catboost,2017-12-01,163.0,298.6670186836746
catboost,2018-01-01,154.0,416.1356149083588
catboost,2018-02-01,170.0,672.5384962546892
catboost,2018-03-01,248.0,842.4419042459156
catboost,2017-05-01,266.0,521.7803189735939
catboost,2017-06-01,202.0,392.7225954653779
catboost,2017-07-01,244.0,312.60150536203616
catboost,2017-08-01,258.0,228.42158075973413
catboost,2017-09-01,290.0,170.492347634672
catboost,2017-10-01,210.0,146.62245067986817
catboost,2017-11-01,123.0,210.30618065352917
catboost,2017-12-01,163.0,309.8298820405335
catboost,2018-01-01,154.0,481.8764672805511
catboost,2018-02-01,170.0,647.9895772272778
catboost,2018-03-01,248.0,783.5616658609581
catboost,2018-04-01,351.0,726.2528443056714
catboost,2017-06-01,202.0,289.9637256069428
catboost,2017-07-01,244.0,266.91296885030783
catboost,2017-08-01,258.0,255.00229122791006
catboost,2017-09-01,290.0,186.17587447792482
catboost,2017-10-01,210.0,176.51436611509786
catboost,2017-11-01,123.0,236.71762316150227
catboost,2017-12-01,163.0,387.08733888811344
catboost,2018-01-01,154.0,568.1982234286945
catboost,2018-02-01,170.0,671.9535632988052
catboost,2018-03-01,248.0,805.2542275617282
catboost,2018-04-01,351.0,724.3299716325339
catboost,2018-05-01,252.0,573.8509507914829
catboost,2017-07-01,244.0,253.69166392793068
catboost,2017-08-01,258.0,229.6032485326025
catboost,2017-09-01,290.0,178.40089858264832
catboost,2017-10-01,210.0,163.7861740139653
catboost,2017-11-01,123.0,224.18548682357147
catboost,2017-12-01,163.0,371.92114785732
catboost,2018-01-01,154.0,531.9803953769219
catboost,2018-02-01,170.0,698.1598305115266
catboost,2018-03-01,248.0,833.8079242901608
catboost,2018-04-01,351.0,869.7592716902243
catboost,2018-05-01,252.0,660.4638342809578
catboost,2018-06-01,250.0,450.0572270161915
catboost,2017-08-01,258.0,236.4771983980969
catboost,2017-09-01,290.0,188.82023092036042
catboost,2017-10-01,210.0,175.8356788403608
catboost,2017-11-01,123.0,274.86170991532606
catboost,2017-12-01,163.0,390.1112027859056
catboost,2018-01-01,154.0,552.066282293389
catboost,2018-02-01,170.0,666.9988017890261
catboost,2018-03-01,248.0,802.6276642231155
catboost,2018-04-01,351.0,790.1380226714962
catboost,2018-05-01,252.0,611.1848774308377
catboost,2018-06-01,250.0,394.2578621490553
catboost,2018-07-01,305.0,272.7183701484527
catboost,2017-09-01,290.0,176.77473657824567
catboost,2017-10-01,210.0,176.54093736985396
catboost,2017-11-01,123.0,241.2652184449114
catboost,2017-12-01,163.0,367.7074957614235
catboost,2018-01-01,154.0,526.9511066389775
catboost,2018-02-01,170.0,687.0071119796072
catboost,2018-03-01,248.0,837.6894965759941
catboost,2018-04-01,351.0,846.3278930283203
catboost,2018-05-01,252.0,664.3756924881801
catboost,2018-06-01,250.0,499.5671459478465
catboost,2018-07-01,305.0,314.75463617567897
catboost,2018-08-01,212.0,167.31470717997428
catboost,2017-10-01,210.0,219.52422915843692
catboost,2017-11-01,123.0,263.0552239126831
catboost,2017-12-01,163.0,375.9552928219337
catboost,2018-01-01,154.0,555.1187596165187
catboost,2018-02-01,170.0,690.654990309615
catboost,2018-03-01,248.0,862.8752257749702
catboost,2018-04-01,351.0,833.1823961520154
catboost,2018-05-01,252.0,656.6783553524709
catboost,2018-06-01,250.0,486.82756526654157
catboost,2018-07-01,305.0,337.86659505027296
catboost,2018-08-01,212.0,217.06708403658308
catboost,2018-09-01,185.0,162.8535926751967
catboost,2017-11-01,123.0,252.96157625764192
catboost,2017-12-01,163.0,370.17367359752484
catboost,2018-01-01,154.0,499.4292032550172
catboost,2018-02-01,170.0,714.0875156095327
catboost,2018-03-01,248.0,844.5676037686123
catboost,2018-04-01,351.0,875.4000904739378
catboost,2018-05-01,252.0,696.156201715582
catboost,2018-06-01,250.0,521.8805742227111
catboost,2018-07-01,305.0,307.14827653399965
catboost,2018-08-01,212.0,237.1651135338197
catboost,2018-09-01,185.0,225.97154025926613
catboost,2018-10-01,131.0,216.95315243022338
catboost,2017-12-01,163.0,333.38454073242303
catboost,2018-01-01,154.0,513.4422739634625
catboost,2018-02-01,170.0,707.260886559098
catboost,2018-03-01,248.0,855.3653831790137
catboost,2018-04-01,351.0,946.6998542684524
catboost,2018-05-01,252.0,749.2144949386208
catboost,2018-06-01,250.0,547.3867138315921
catboost,2018-07-01,305.0,336.2421545015546
catboost,2018-08-01,212.0,219.5038675171715
catboost,2018-09-01,185.0,189.61414992001744
catboost,2018-10-01,131.0,212.8879364809963
catboost,2018-11-01,97.0,317.63399873438175
catboost,2018-01-01,154.0,440.70703329164644
catboost,2018-02-01,170.0,747.1524039917147
catboost,2018-03-01,248.0,974.9006397092912
catboost,2018-04-01,351.0,877.6644744025111
catboost,2018-05-01,252.0,673.8830397692087
catboost,2018-06-01,250.0,535.5628903645837
catboost,2018-07-01,305.0,327.83168387261605
catboost,2018-08-01,212.0,232.32172195941098
catboost,2018-09-01,185.0,206.5682418025243
catboost,2018-10-01,131.0,163.8530551776189
catboost,2018-11-01,97.0,270.68143900052337
catboost,2018-12-01,153.0,480.07684613198904
catboost,2018-02-01,170.0,457.53619297855846
catboost,2018-03-01,248.0,646.6794696201226
catboost,2018-04-01,351.0,669.4438088168599
catboost,2018-05-01,252.0,591.6220529318705
catboost,2018-06-01,250.0,473.0917125087949
catboost,2018-07-01,305.0,347.4582228748013
catboost,2018-08-01,212.0,248.22207620023318
catboost,2018-09-01,185.0,236.4990767229633
catboost,2018-10-01,131.0,217.1620344593527
catboost,2018-11-01,97.0,287.8751320135851
catboost,2018-12-01,153.0,388.5158676335077
catboost,2019-01-01,128.0,492.4952258714237
catboost,2018-03-01,248.0,432.52773158841245
catboost,2018-04-01,351.0,513.9940636087758
catboost,2018-05-01,252.0,565.2210788867183
catboost,2018-06-01,250.0,522.1888227337917
catboost,2018-07-01,305.0,389.7973817228258
catboost,2018-08-01,212.0,304.0795658710991
catboost,2018-09-01,185.0,298.3436790553381
catboost,2018-10-01,131.0,262.74082636769447
catboost,2018-11-01,97.0,281.233838381249
catboost,2018-12-01,153.0,372.88819457963467
catboost,2019-01-01,128.0,442.0755225633709
catboost,2019-02-01,212.0,617.7958342212027
catboost,2018-04-01,351.0,457.7072364752456
catboost,2018-05-01,252.0,488.0876129052699
catboost,2018-06-01,250.0,479.29160769233727
catboost,2018-07-01,305.0,394.48485589672543
catboost,2018-08-01,212.0,332.69443367742724
catboost,2018-09-01,185.0,279.6318991435209
catboost,2018-10-01,131.0,311.06826075653305
catboost,2018-11-01,97.0,290.73141849009386
catboost,2018-12-01,153.0,393.8373841356984
catboost,2019-01-01,128.0,408.0305334917514
catboost,2019-02-01,212.0,561.469001355505
catboost,2019-03-01,197.0,773.4777129011362
catboost,2018-05-01,252.0,453.5248863681622
catboost,2018-06-01,250.0,452.1170999328453
catboost,2018-07-01,305.0,415.43819445757657
catboost,2018-08-01,212.0,311.40253360610257
catboost,2018-09-01,185.0,302.7708638496696
catboost,2018-10-01,131.0,283.593690601685
catboost,2018-11-01,97.0,328.6421317194913
catboost,2018-12-01,153.0,397.65668667235013
catboost,2019-01-01,128.0,448.7549881495084
catboost,2019-02-01,212.0,562.7819778428264
catboost,2019-03-01,197.0,730.9849465600345
catboost,2019-04-01,242.0,863.1183312461328
catboost,2018-06-01,250.0,343.1182454132652
catboost,2018-07-01,305.0,331.1962618840646
catboost,2018-08-01,212.0,291.8565143108836
catboost,2018-09-01,185.0,276.39945340361436
catboost,2018-10-01,131.0,320.6718201516475
catboost,2018-11-01,97.0,352.6084744561746
catboost,2018-12-01,153.0,497.3532396714685
catboost,2019-01-01,128.0,511.56411768233187
catboost,2019-02-01,212.0,635.1398279467594
catboost,2019-03-01,197.0,848.4482903658513
catboost,2019-04-01,242.0,860.6008217703122
catboost,2019-05-01,211.0,827.7372325361684
catboost,2018-07-01,305.0,274.8442805334598
catboost,2018-08-01,212.0,261.42547969426346
catboost,2018-09-01,185.0,313.8518962176313
catboost,2018-10-01,131.0,309.365421057583
catboost,2018-11-01,97.0,356.9131015850246
catboost,2018-12-01,153.0,442.88678234457893
catboost,2019-01-01,128.0,463.06243584037304
catboost,2019-02-01,212.0,563.842720546077
catboost,2019-03-01,197.0,760.8494980163708
catboost,2019-04-01,242.0,774.4532043596128
catboost,2019-05-01,211.0,745.4943126922304
catboost,2019-06-01,322.0,750.2045658895339
catboost,2018-08-01,212.0,243.66990008515228
catboost,2018-09-01,185.0,226.12078316965784
catboost,2018-10-01,131.0,254.36781075390456
catboost,2018-11-01,97.0,349.44829620819854
catboost,2018-12-01,153.0,437.2913810180302
catboost,2019-01-01,128.0,487.99219621571024
catboost,2019-02-01,212.0,597.9753977367311
catboost,2019-03-01,197.0,759.7283774042054
catboost,2019-04-01,242.0,833.889628265227
catboost,2019-05-01,211.0,778.4830303146839
catboost,2019-06-01,322.0,740.0621232926533
catboost,2019-07-01,213.0,619.256919501678
catboost,2018-09-01,185.0,227.83823995859342
catboost,2018-10-01,131.0,253.69937942467902
catboost,2018-11-01,97.0,318.95147541519214
catboost,2018-12-01,153.0,368.94031850927803
catboost,2019-01-01,128.0,394.9892816619721
catboost,2019-02-01,212.0,519.2506371956836
catboost,2019-03-01,197.0,748.893795372981
catboost,2019-04-01,242.0,849.4228269580506
catboost,2019-05-01,211.0,821.0955897448989
catboost,2019-06-01,322.0,806.0334575214963
catboost,2019-07-01,213.0,626.987520256851
catboost,2019-08-01,153.0,463.95862781791743
catboost,2018-10-01,131.0,238.38605834744703
catboost,2018-11-01,97.0,347.8978721961157
catboost,2018-12-01,153.0,456.750308668035
catboost,2019-01-01,128.0,533.434844460541
catboost,2019-02-01,212.0,627.4975992257541
catboost,2019-03-01,197.0,919.861448041016
catboost,2019-04-01,242.0,859.7596607518649
catboost,2019-05-01,211.0,753.299782877886
catboost,2019-06-01,322.0,706.9458521847084
catboost,2019-07-01,213.0,546.0754907476352
catboost,2019-08-01,153.0,426.6632695100028
catboost,2019-09-01,150.0,394.64979800360203
catboost,2018-11-01,97.0,226.81010839142368
catboost,2018-12-01,153.0,321.03341986011264
catboost,2019-01-01,128.0,362.48342830334036
catboost,2019-02-01,212.0,520.3117850107753
catboost,2019-03-01,197.0,752.3169066262612
catboost,2019-04-01,242.0,843.1244887093119
catboost,2019-05-01,211.0,786.1138868007326
catboost,2019-06-01,322.0,758.4947714264558
catboost,2019-07-01,213.0,574.5628798730569
catboost,2019-08-01,153.0,395.4194519641619
catboost,2019-09-01,150.0,364.4091957717967
catboost,2019-10-01,124.0,353.62388584379147
catboost,2018-12-01,153.0,251.41084494045458
catboost,2019-01-01,128.0,320.2650886502219
catboost,2019-02-01,212.0,548.1817277838104
catboost,2019-03-01,197.0,749.3159181055119
catboost,2019-04-01,242.0,776.6309286489299
catboost,2019-05-01,211.0,779.1626078346342
catboost,2019-06-01,322.0,749.1328945453885
catboost,2019-07-01,213.0,536.3007405141568
catboost,2019-08-01,153.0,362.328987531793
catboost,2019-09-01,150.0,281.4840558829437
catboost,2019-10-01,124.0,272.969256417212
catboost,2019-11-01,121.0,290.6009935905452
catboost,2019-01-01,128.0,250.31156766143948
catboost,2019-02-01,212.0,487.81274945960433
catboost,2019-03-01,197.0,688.8473517376015
catboost,2019-04-01,242.0,777.7495969429411
catboost,2019-05-01,211.0,724.6856155584582
catboost,2019-06-01,322.0,738.7529864892541
catboost,2019-07-01,213.0,594.2433582234164
catboost,2019-08-01,153.0,389.2756844987009
catboost,2019-09-01,150.0,331.0899984241546
catboost,2019-10-01,124.0,279.43350381792084
catboost,2019-11-01,121.0,331.6403883795174
catboost,2019-12-01,112.0,366.95745074558164
catboost,2019-02-01,212.0,368.8529476144972
catboost,2019-03-01,197.0,644.708630574389
catboost,2019-04-01,242.0,713.4589631633297
catboost,2019-05-01,211.0,712.0764747136484
catboost,2019-06-01,322.0,735.5423647269206
catboost,2019-07-01,213.0,584.1360863614381
catboost,2019-08-01,153.0,430.5644906265205
catboost,2019-09-01,150.0,332.6288512733044
catboost,2019-10-01,124.0,278.49696312737115
catboost,2019-11-01,121.0,285.56182882661994
catboost,2019-12-01,112.0,307.4628021588852
catboost,2020-01-01,205.0,458.4393451836414
catboost,2019-03-01,197.0,504.1547243858094
catboost,2019-04-01,242.0,635.4577562197819
catboost,2019-05-01,211.0,669.7243296300705
catboost,2019-06-01,322.0,698.4615088466946
catboost,2019-07-01,213.0,514.8554003270965
catboost,2019-08-01,153.0,378.77286606661244
catboost,2019-09-01,150.0,317.1983531056371
catboost,2019-10-01,124.0,277.2684810481511
catboost,2019-11-01,121.0,267.452484827898
catboost,2019-12-01,112.0,290.599425921225
catboost,2020-01-01,205.0,365.1621579041797
catboost,2020-02-01,289.0,675.9129221580636
catboost,2019-04-01,242.0,520.267585667331
catboost,2019-05-01,211.0,556.757448587202
catboost,2019-06-01,322.0,748.3763520096056
catboost,2019-07-01,213.0,588.8398342896185
catboost,2019-08-01,153.0,453.4263267544358
catboost,2019-09-01,150.0,349.26707476462946
catboost,2019-10-01,124.0,268.6775121856751
catboost,2019-11-01,121.0,259.59558234994563
catboost,2019-12-01,112.0,293.6166738013038
catboost,2020-01-01,205.0,308.8875492938444
catboost,2020-02-01,289.0,491.6050243994559
catboost,2020-03-01,368.0,891.3477104827207
catboost,2019-05-01,211.0,428.60215000625107
catboost,2019-06-01,322.0,543.7637184390908
catboost,2019-07-01,213.0,568.2040396142665
catboost,2019-08-01,153.0,513.9596080505937
catboost,2019-09-01,150.0,401.71048810355666
catboost,2019-10-01,124.0,333.97517222484356
catboost,2019-11-01,121.0,270.77949326008064
catboost,2019-12-01,112.0,299.7217773660654
catboost,2020-01-01,205.0,380.27463642298574
catboost,2020-02-01,289.0,586.6185299848333
catboost,2020-03-01,368.0,799.0934326226511
catboost,2020-04-01,114.0,998.9959453894853
catboost,2019-06-01,322.0,326.05799722557794
catboost,2019-07-01,213.0,320.59676398592535
catboost,2019-08-01,153.0,333.131520559902
catboost,2019-09-01,150.0,315.9821282289612
catboost,2019-10-01,124.0,281.1933421852318
catboost,2019-11-01,121.0,255.54378401089042
catboost,2019-12-01,112.0,254.8122255059443
catboost,2020-01-01,205.0,288.8403201028043
catboost,2020-02-01,289.0,492.42261189848216
catboost,2020-03-01,368.0,707.3516460731814
catboost,2020-04-01,114.0,819.6492615204523
catboost,2020-05-01,227.0,888.0582441896215
catboost,2019-07-01,213.0,308.383621667487
catboost,2019-08-01,153.0,328.58646594104664
catboost,2019-09-01,150.0,333.87069717227854
catboost,2019-10-01,124.0,300.243634213296
catboost,2019-11-01,121.0,274.06581491592453
catboost,2019-12-01,112.0,272.68438356493016
catboost,2020-01-01,205.0,325.35376873686357
catboost,2020-02-01,289.0,587.3295503217528
catboost,2020-03-01,368.0,787.6636526552436
catboost,2020-04-01,114.0,867.3007977926222
catboost,2020-05-01,227.0,1021.8848035974427
catboost,2020-06-01,218.0,786.9789025148214
catboost,2019-08-01,153.0,264.2078678623383
catboost,2019-09-01,150.0,236.00365636653657
catboost,2019-10-01,124.0,253.97770475614942
catboost,2019-11-01,121.0,217.25334230147917
catboost,2019-12-01,112.0,221.6980505698665
catboost,2020-01-01,205.0,260.790177179806
catboost,2020-02-01,289.0,410.08014585220786
catboost,2020-03-01,368.0,583.7583325141321
catboost,2020-04-01,114.0,629.0574600804679
catboost,2020-05-01,227.0,663.1390506444873
catboost,2020-06-01,218.0,616.6809820845594
catboost,2020-07-01,202.0,519.261880029002
catboost,2019-09-01,150.0,216.64401136002311
catboost,2019-10-01,124.0,195.56979540057404
catboost,2019-11-01,121.0,193.9309803376545
catboost,2019-12-01,112.0,195.41399622971937
catboost,2020-01-01,205.0,221.2407920605096
catboost,2020-02-01,289.0,272.64500376355585
catboost,2020-03-01,368.0,405.888145597179
catboost,2020-04-01,114.0,484.9666913527017
catboost,2020-05-01,227.0,553.31376201553
catboost,2020-06-01,218.0,472.3368120465104
catboost,2020-07-01,202.0,452.69166120476393
catboost,2020-08-01,169.0,359.1004444361224
catboost,2019-10-01,124.0,173.78376086617658
catboost,2019-11-01,121.0,171.3570133683088
catboost,2019-12-01,112.0,162.8835963991702
catboost,2020-01-01,205.0,197.66354305509554
catboost,2020-02-01,289.0,295.88624305521887
catboost,2020-03-01,368.0,423.5469085616705
catboost,2020-04-01,114.0,486.3985751078429
catboost,2020-05-01,227.0,521.0000685226152
catboost,2020-06-01,218.0,461.0528524449282
catboost,2020-07-01,202.0,376.2578391491106
catboost,2020-08-01,169.0,302.8049121293118
catboost,2020-09-01,73.0,260.1933757557671
catboost,2019-11-01,121.0,162.32026255664925
catboost,2019-12-01,112.0,157.59324025307671
catboost,2020-01-01,205.0,209.2582063566341
catboost,2020-02-01,289.0,258.3080530553832
catboost,2020-03-01,368.0,359.34801388801054
catboost,2020-04-01,114.0,409.5624525948854
catboost,2020-05-01,227.0,486.3087394960902
catboost,2020-06-01,218.0,481.3910657364095
catboost,2020-07-01,202.0,396.54345951816174
catboost,2020-08-01,169.0,316.95172278604923
catboost,2020-09-01,73.0,257.36917611262675
catboost,2020-10-01,69.0,257.4349420634154
catboost,2019-12-01,112.0,146.65603907239182
catboost,2020-01-01,205.0,209.19221122173383
catboost,2020-02-01,289.0,274.40375447604595
catboost,2020-03-01,368.0,412.8260248833732
catboost,2020-04-01,114.0,511.66655541906886
catboost,2020-05-01,227.0,486.5110105313773
catboost,2020-06-01,218.0,390.857609151351
catboost,2020-07-01,202.0,357.03510637095854
catboost,2020-08-01,169.0,290.43481664122345
catboost,2020-09-01,73.0,242.6410968649277
catboost,2020-10-01,69.0,211.3055516945779
catboost,2020-11-01,204.0,220.52943491806252
catboost,2020-01-01,205.0,175.51875979693114
catboost,2020-02-01,289.0,260.150900988403
catboost,2020-03-01,368.0,391.08898195757445
catboost,2020-04-01,114.0,463.53918266044434
catboost,2020-05-01,227.0,486.9684823334548
catboost,2020-06-01,218.0,436.19045517506294
catboost,2020-07-01,202.0,382.1602078754665
catboost,2020-08-01,169.0,322.3507621111845
catboost,2020-09-01,73.0,271.2200537452105
catboost,2020-10-01,69.0,264.9412339362454
catboost,2020-11-01,204.0,249.74491648842312
catboost,2020-12-01,185.0,344.79900631557194
catboost,2020-02-01,289.0,261.0633801986519
catboost,2020-03-01,368.0,364.3011807519506
catboost,2020-04-01,114.0,484.90183612349244
catboost,2020-05-01,227.0,485.7560594271772
catboost,2020-06-01,218.0,416.1505087271063
catboost,2020-07-01,202.0,381.17031944649466
catboost,2020-08-01,169.0,334.30029571272127
catboost,2020-09-01,73.0,283.3671669395318
catboost,2020-10-01,69.0,258.0037350260414
catboost,2020-11-01,204.0,301.0076628736034
catboost,2020-12-01,185.0,367.58819868611084
catboost,2021-01-01,392.0,734.4808934671321
catboost,2020-03-01,368.0,360.60869338862835
catboost,2020-04-01,114.0,433.13944197157286
catboost,2020-05-01,227.0,457.9194670517941
catboost,2020-06-01,218.0,403.65300691973925
catboost,2020-07-01,202.0,388.00049989980823
catboost,2020-08-01,169.0,306.6362391516434
catboost,2020-09-01,73.0,264.60820285104535
catboost,2020-10-01,69.0,225.42216480118827
catboost,2020-11-01,204.0,252.7188416881757
catboost,2020-12-01,185.0,352.4220870171496
catboost,2021-01-01,392.0,730.4428839214634
catboost,2021-02-01,674.0,912.4866303456656
catboost,2020-04-01,114.0,407.26376082479766
catboost,2020-05-01,227.0,411.73304029431966
catboost,2020-06-01,218.0,334.0518403088199
catboost,2020-07-01,202.0,275.2929897565366
catboost,2020-08-01,169.0,236.14418754000033
catboost,2020-09-01,73.0,206.50764040865045
catboost,2020-10-01,69.0,177.1618934165415
catboost,2020-11-01,204.0,199.14098153135467
catboost,2020-12-01,185.0,297.00380554750626
catboost,2021-01-01,392.0,574.1177305055828
catboost,2021-02-01,674.0,689.3692426600838
catboost,2021-03-01,1007.0,762.6453989893697
catboost,2020-05-01,227.0,312.832327145823
catboost,2020-06-01,218.0,273.50029690112854
catboost,2020-07-01,202.0,270.6933345978632
catboost,2020-08-01,169.0,222.81373963569547
catboost,2020-09-01,73.0,191.04930651872428
catboost,2020-10-01,69.0,152.69121354674422
catboost,2020-11-01,204.0,176.56149110109214
catboost,2020-12-01,185.0,231.26065370147444
catboost,2021-01-01,392.0,398.49476322806476
catboost,2021-02-01,674.0,470.78440223831325
catboost,2021-03-01,1007.0,505.99909812512846
catboost,2021-04-01,886.0,536.5713872000683
catboost,2020-06-01,218.0,229.61100657425257
catboost,2020-07-01,202.0,239.0485794692585
catboost,2020-08-01,169.0,205.04932530226313
catboost,2020-09-01,73.0,195.72615703399475
catboost,2020-10-01,69.0,165.70378669492504
catboost,2020-11-01,204.0,179.41524254307438
catboost,2020-12-01,185.0,212.5201546037739
catboost,2021-01-01,392.0,362.55778478843047
catboost,2021-02-01,674.0,409.6074296428167
catboost,2021-03-01,1007.0,396.3406587981124
catboost,2021-04-01,886.0,371.0351367111839
catboost,2021-05-01,838.0,369.95419939374744
catboost,2020-07-01,202.0,218.39067963387822
catboost,2020-08-01,169.0,186.34094385818474
catboost,2020-09-01,73.0,185.7422308017688
catboost,2020-10-01,69.0,170.947419971292
catboost,2020-11-01,204.0,188.07575941231443
catboost,2020-12-01,185.0,204.997233856155
catboost,2021-01-01,392.0,334.2342955838974
catboost,2021-02-01,674.0,368.7925452393165
catboost,2021-03-01,1007.0,332.0763481808294
catboost,2021-04-01,886.0,312.070656477722
catboost,2021-05-01,838.0,289.91171474974044
catboost,2021-06-01,601.0,254.9830744935861
catboost,2020-08-01,169.0,174.06554156756096
catboost,2020-09-01,73.0,171.77790889967645
catboost,2020-10-01,69.0,152.74403089090532
catboost,2020-11-01,204.0,173.2376746585038
catboost,2020-12-01,185.0,206.9769863124434
catboost,2021-01-01,392.0,296.9735955997618
catboost,2021-02-01,674.0,356.6189195511877
catboost,2021-03-01,1007.0,298.1207032871778
catboost,2021-04-01,886.0,290.9141396708606
catboost,2021-05-01,838.0,290.7834281522336
catboost,2021-06-01,601.0,237.91239751044557
catboost,2021-07-01,488.0,224.07042594783917
catboost,2020-09-01,73.0,171.06020481698772
catboost,2020-10-01,69.0,157.06533910420183
catboost,2020-11-01,204.0,187.72279650162767
catboost,2020-12-01,185.0,201.44323363846564
catboost,2021-01-01,392.0,342.4242750501349
catboost,2021-02-01,674.0,401.4492961717568
catboost,2021-03-01,1007.0,365.45076615895925
catboost,2021-04-01,886.0,328.22496605011764
catboost,2021-05-01,838.0,331.3628283099587
catboost,2021-06-01,601.0,275.05075685947935
catboost,2021-07-01,488.0,260.63884480167496
catboost,2021-08-01,380.0,312.1499587385342
catboost,2020-10-01,69.0,133.3066997265626
catboost,2020-11-01,204.0,168.19816961451295
catboost,2020-12-01,185.0,199.93514534602758
catboost,2021-01-01,392.0,291.72801747143995
catboost,2021-02-01,674.0,369.1525503628628
catboost,2021-03-01,1007.0,289.24462262419286
catboost,2021-04-01,886.0,258.75376837567944
catboost,2021-05-01,838.0,316.19616792205625
catboost,2021-06-01,601.0,253.16621640055578
catboost,2021-07-01,488.0,215.93183278734142
catboost,2021-08-01,380.0,243.97025225832323
catboost,2021-09-01,182.0,242.82465308617722
catboost,2020-11-01,204.0,172.07905367779478
catboost,2020-12-01,185.0,218.8655624720525
catboost,2021-01-01,392.0,281.66501528876165
catboost,2021-02-01,674.0,279.07652792727595
catboost,2021-03-01,1007.0,278.259920461973
catboost,2021-04-01,886.0,309.89931982688375
catboost,2021-05-01,838.0,297.99625535456914
catboost,2021-06-01,601.0,244.85727438820885
catboost,2021-07-01,488.0,247.9126909409605
catboost,2021-08-01,380.0,300.3271610142526
catboost,2021-09-01,182.0,226.25940391936936
catboost,2021-10-01,136.0,217.44583592752906
catboost,2020-12-01,185.0,192.2643899780919
catboost,2021-01-01,392.0,328.02457503095843
catboost,2021-02-01,674.0,327.20066213145765
catboost,2021-03-01,1007.0,269.17858211681454
catboost,2021-04-01,886.0,265.5017582533836
catboost,2021-05-01,838.0,296.8545304824488
catboost,2021-06-01,601.0,207.7255813296286
catboost,2021-07-01,488.0,214.38708752107192
catboost,2021-08-01,380.0,240.6296047012702
catboost,2021-09-01,182.0,231.48733500109918
catboost,2021-10-01,136.0,223.30894148541984
catboost,2021-11-01,96.0,255.6001525633647
catboost,2021-01-01,392.0,288.90975202430127
catboost,2021-02-01,674.0,322.0856739116206
catboost,2021-03-01,1007.0,265.76897526636935
catboost,2021-04-01,886.0,294.53275458635153
catboost,2021-05-01,838.0,293.3626220337365
catboost,2021-06-01,601.0,253.66524489369854
catboost,2021-07-01,488.0,229.22045450492274
catboost,2021-08-01,380.0,242.77448843041788
catboost,2021-09-01,182.0,221.7569828234257
catboost,2021-10-01,136.0,194.01179236605583
catboost,2021-11-01,96.0,215.42127033117112
catboost,2021-12-01,75.0,257.2263890707252
catboost,2021-02-01,674.0,401.2859226701072
catboost,2021-03-01,1007.0,320.3397847748273
catboost,2021-04-01,886.0,279.57971977166653
catboost,2021-05-01,838.0,297.0143968093884
catboost,2021-06-01,601.0,227.08038094786912
catboost,2021-07-01,488.0,227.04271725190284
catboost,2021-08-01,380.0,245.87279403755377
catboost,2021-09-01,182.0,274.74544526159434
catboost,2021-10-01,136.0,287.37058722366044
catboost,2021-11-01,96.0,316.29699752468576
catboost,2021-12-01,75.0,359.0819489202214
catboost,2022-01-01,232.0,511.79392366131003
catboost,2021-03-01,1007.0,477.7661722852899
catboost,2021-04-01,886.0,360.2857140555502
catboost,2021-05-01,838.0,336.8963242379672
catboost,2021-06-01,601.0,269.3737009324271
catboost,2021-07-01,488.0,234.82610172248826
catboost,2021-08-01,380.0,246.71947594238637
catboost,2021-09-01,182.0,278.9168435148522
catboost,2021-10-01,136.0,279.25357416164877
catboost,2021-11-01,96.0,359.18882834412517
catboost,2021-12-01,75.0,429.5008599179521
catboost,2022-01-01,232.0,678.8943860795594
catboost,2022-02-01,231.0,794.449542587423
catboost,2021-04-01,886.0,730.5181268828333
catboost,2021-05-01,838.0,622.6656612603919
catboost,2021-06-01,601.0,426.3567317694774
catboost,2021-07-01,488.0,338.51254202627456
catboost,2021-08-01,380.0,310.3612367330983
catboost,2021-09-01,182.0,323.08519035951554
catboost,2021-10-01,136.0,324.1235588440637
catboost,2021-11-01,96.0,358.53359421977825
catboost,2021-12-01,75.0,472.661694595655
catboost,2022-01-01,232.0,775.2408097574737
catboost,2022-02-01,231.0,877.9548488959272
catboost,2022-03-01,295.0,821.8498851326048
catboost,2021-05-01,838.0,656.7461183927905
catboost,2021-06-01,601.0,486.15307178191483
catboost,2021-07-01,488.0,389.74524545501043
catboost,2021-08-01,380.0,387.04230645626654
catboost,2021-09-01,182.0,343.5594980345875
catboost,2021-10-01,136.0,327.47571062460037
catboost,2021-11-01,96.0,338.10119522255854
catboost,2021-12-01,75.0,394.31855707064676
catboost,2022-01-01,232.0,716.2818780486396
catboost,2022-02-01,231.0,809.7865941386367
catboost,2022-03-01,295.0,666.4287223045552
catboost,2022-04-01,226.0,633.4345647797918
catboost,2021-06-01,601.0,568.880172095925
catboost,2021-07-01,488.0,427.98645317790886
catboost,2021-08-01,380.0,384.4681189730153
catboost,2021-09-01,182.0,356.71961912593747
catboost,2021-10-01,136.0,317.2196674636948
catboost,2021-11-01,96.0,366.6033758679783
catboost,2021-12-01,75.0,468.57565941710914
catboost,2022-01-01,232.0,744.5471148214247
catboost,2022-02-01,231.0,803.8302322714478
catboost,2022-03-01,295.0,676.9455387615221
catboost,2022-04-01,226.0,667.1117594168179
catboost,2022-05-01,317.0,610.9092115192013
catboost,2021-07-01,488.0,447.95545214711103
catboost,2021-08-01,380.0,360.9344609515563
catboost,2021-09-01,182.0,313.49004971877025
catboost,2021-10-01,136.0,300.88965301286004
catboost,2021-11-01,96.0,363.38750881071206
catboost,2021-12-01,75.0,485.2199193585037
catboost,2022-01-01,232.0,815.2847184305003
catboost,2022-02-01,231.0,892.7750353622077
catboost,2022-03-01,295.0,789.3178634973383
catboost,2022-04-01,226.0,735.0283843013847
catboost,2022-05-01,317.0,664.2552444559378
catboost,2022-06-01,142.0,490.4939315749323
catboost,2021-08-01,380.0,412.7084595930549
catboost,2021-09-01,182.0,374.5130959679684
catboost,2021-10-01,136.0,380.14294431331854
catboost,2021-11-01,96.0,467.31969276958586
catboost,2021-12-01,75.0,555.6862746827242
catboost,2022-01-01,232.0,776.3007871701882
catboost,2022-02-01,231.0,825.8458887796535
catboost,2022-03-01,295.0,711.6503277500685
catboost,2022-04-01,226.0,730.6872351569278
catboost,2022-05-01,317.0,669.1043854293833
catboost,2022-06-01,142.0,553.565988316995
catboost,2022-07-01,136.0,468.43790421302185
catboost,2021-09-01,182.0,346.2217523493177
catboost,2021-10-01,136.0,312.76751397885397
catboost,2021-11-01,96.0,385.2013182318714
catboost,2021-12-01,75.0,515.9213272020376
catboost,2022-01-01,232.0,732.0756569575419
catboost,2022-02-01,231.0,802.8848578743751
catboost,2022-03-01,295.0,704.7182884591444
catboost,2022-04-01,226.0,686.8613148789304
catboost,2022-05-01,317.0,651.0682401506806
catboost,2022-06-01,142.0,495.53055302784196
catboost,2022-07-01,136.0,391.10636731573817
catboost,2022-08-01,90.0,319.50299449154045
catboost,2021-10-01,136.0,250.10768249545072
catboost,2021-11-01,96.0,326.5067377386039
catboost,2021-12-01,75.0,475.566894973766
catboost,2022-01-01,232.0,782.3771290808464
catboost,2022-02-01,231.0,839.2653477340361
catboost,2022-03-01,295.0,747.3081391030547
catboost,2022-04-01,226.0,747.7425282176021
catboost,2022-05-01,317.0,597.541308154878
catboost,2022-06-01,142.0,435.5650027851272
catboost,2022-07-01,136.0,349.9781343820689
catboost,2022-08-01,90.0,224.54976832705384
catboost,2022-09-01,103.0,250.28245096390089
catboost,2021-11-01,96.0,254.58685291329803
catboost,2021-12-01,75.0,423.2992436316376
catboost,2022-01-01,232.0,742.5808048039232
catboost,2022-02-01,231.0,751.4713554467814
catboost,2022-03-01,295.0,645.7363752363146
catboost,2022-04-01,226.0,632.5306937620614
catboost,2022-05-01,317.0,518.0058073890026
catboost,2022-06-01,142.0,398.06695973755836
catboost,2022-07-01,136.0,367.9220734215057
catboost,2022-08-01,90.0,261.30629831290685
catboost,2022-09-01,103.0,254.45702768908674
catboost,2022-10-01,146.0,271.8304118778209
catboost,2021-12-01,75.0,330.37111885694617
catboost,2022-01-01,232.0,585.7924056060536
catboost,2022-02-01,231.0,683.8988101281515
catboost,2022-03-01,295.0,589.6684629441402
catboost,2022-04-01,226.0,610.904416455109
catboost,2022-05-01,317.0,557.0062395473135
catboost,2022-06-01,142.0,441.1927590953497
catboost,2022-07-01,136.0,352.2741522951493
catboost,2022-08-01,90.0,245.92353993980612
catboost,2022-09-01,103.0,235.79688338037218
catboost,2022-10-01,146.0,261.1524128210194
catboost,2022-11-01,110.0,234.24767521501295
catboost,2022-01-01,232.0,351.20270310928044
catboost,2022-02-01,231.0,515.4537867451269
catboost,2022-03-01,295.0,530.9283712853004
catboost,2022-04-01,226.0,578.709471671566
catboost,2022-05-01,317.0,558.1082397159691
catboost,2022-06-01,142.0,462.4240646277695
catboost,2022-07-01,136.0,354.37770410757327
catboost,2022-08-01,90.0,244.67995402937052
catboost,2022-09-01,103.0,241.59213972948518
catboost,2022-10-01,146.0,227.40194454623307
catboost,2022-11-01,110.0,172.85507323426185
catboost,2022-12-01,96.0,185.50267907122105
catboost,2022-02-01,231.0,379.91598589516855
catboost,2022-03-01,295.0,468.70093173326774
catboost,2022-04-01,226.0,587.8020535143123
catboost,2022-05-01,317.0,541.6920988518102
catboost,2022-06-01,142.0,421.26271638536645
catboost,2022-07-01,136.0,356.0811314233172
catboost,2022-08-01,90.0,238.64269335587485
catboost,2022-09-01,103.0,260.13789972008146
catboost,2022-10-01,146.0,250.83059406110246
catboost,2022-11-01,110.0,202.28245182311662
catboost,2022-12-01,96.0,150.72243874818264
catboost,2023-01-01,166.0,268.2068097008953
catboost,2022-03-01,295.0,328.640573210543
catboost,2022-04-01,226.0,364.07808385183927
catboost,2022-05-01,317.0,416.8261685169097
catboost,2022-06-01,142.0,377.3345132479345
catboost,2022-07-01,136.0,314.7628513990079
catboost,2022-08-01,90.0,226.44189201972824
catboost,2022-09-01,103.0,234.4567500160197
catboost,2022-10-01,146.0,223.09278317639573
catboost,2022-11-01,110.0,165.33919249945313
catboost,2022-12-01,96.0,146.31495657415445
catboost,2023-01-01,166.0,306.45003870359415
catboost,2023-02-01,173.0,763.3988464402146
catboost,2022-04-01,226.0,381.79905901821303
catboost,2022-05-01,317.0,431.4011880722682
catboost,2022-06-01,142.0,387.2923865815947
catboost,2022-07-01,136.0,347.4862736234322
catboost,2022-08-01,90.0,261.23235124104133
catboost,2022-09-01,103.0,240.8891849648634
catboost,2022-10-01,146.0,228.1077023609007
catboost,2022-11-01,110.0,188.9345109146712
catboost,2022-12-01,96.0,163.15029011747788
catboost,2023-01-01,166.0,280.0141007648517
catboost,2023-02-01,173.0,556.319524539441
catboost,2023-03-01,305.0,1027.44868477733
catboost,2022-05-01,317.0,293.8454694361445
catboost,2022-06-01,142.0,306.97829792788025
catboost,2022-07-01,136.0,306.48294115424585
catboost,2022-08-01,90.0,287.0537583846726
catboost,2022-09-01,103.0,252.58026683721044
catboost,2022-10-01,146.0,251.82464801818887
catboost,2022-11-01,110.0,236.22484129383892
catboost,2022-12-01,96.0,210.5747431569923
catboost,2023-01-01,166.0,402.7377504496469
catboost,2023-02-01,173.0,764.0332627472054
catboost,2023-03-01,305.0,1142.6137978673803
catboost,2023-04-01,341.0,1218.9243576716144
catboost,2022-06-01,142.0,300.49724657399577
catboost,2022-07-01,136.0,276.92371259038595
catboost,2022-08-01,90.0,273.192763481404
catboost,2022-09-01,103.0,252.2283067154321
catboost,2022-10-01,146.0,238.9133625441765
catboost,2022-11-01,110.0,232.01437538073574
catboost,2022-12-01,96.0,230.24368710699338
catboost,2023-01-01,166.0,376.3674414036339
catboost,2023-02-01,173.0,739.2101338232371
catboost,2023-03-01,305.0,1177.8611744008008
catboost,2023-04-01,341.0,1236.0096720013676
catboost,2023-05-01,288.0,1238.806587201321
catboost,2022-07-01,136.0,217.06423242536923
catboost,2022-08-01,90.0,204.475312107319
catboost,2022-09-01,103.0,193.83225663622363
catboost,2022-10-01,146.0,187.9534775368361
catboost,2022-11-01,110.0,160.20645925342785
catboost,2022-12-01,96.0,185.98691410811767
catboost,2023-01-01,166.0,317.8123018189218
catboost,2023-02-01,173.0,629.5105564348805
catboost,2023-03-01,305.0,966.7035225390555
catboost,2023-04-01,341.0,1112.5728437488528
catboost,2023-05-01,288.0,933.4705611298402
catboost,2023-06-01,226.0,865.4845214279919
catboost,2022-08-01,90.0,169.90034997119773
catboost,2022-09-01,103.0,188.90611735977615
catboost,2022-10-01,146.0,207.97811169922122
catboost,2022-11-01,110.0,169.87882339300086
catboost,2022-12-01,96.0,185.86879261840397
catboost,2023-01-01,166.0,308.3829222028229
catboost,2023-02-01,173.0,630.4662186012742
catboost,2023-03-01,305.0,861.4975499660569
catboost,2023-04-01,341.0,894.3489252771127
catboost,2023-05-01,288.0,868.4471014606146
catboost,2023-06-01,226.0,781.0481808424906
catboost,2023-07-01,386.0,541.5595776619072
catboost,2022-09-01,103.0,168.03675413125472
catboost,2022-10-01,146.0,162.16450041618646
catboost,2022-11-01,110.0,146.74332383116257
catboost,2022-12-01,96.0,147.23816336872494
catboost,2023-01-01,166.0,246.2472438754084
catboost,2023-02-01,173.0,489.92028551961033
catboost,2023-03-01,305.0,775.732858240742
catboost,2023-04-01,341.0,861.7861105659293
catboost,2023-05-01,288.0,656.9856311001163
catboost,2023-06-01,226.0,673.9243013867047
catboost,2023-07-01,386.0,552.8251427723294
catboost,2023-08-01,271.0,343.7579027851009
catboost,2022-10-01,146.0,172.6263656356332
catboost,2022-11-01,110.0,150.4315314799087
catboost,2022-12-01,96.0,163.82578186196173
catboost,2023-01-01,166.0,282.0613454738883
catboost,2023-02-01,173.0,522.1719153934221
catboost,2023-03-01,305.0,739.1061402932253
catboost,2023-04-01,341.0,884.7364595865506
catboost,2023-05-01,288.0,808.3329052219622
catboost,2023-06-01,226.0,666.8775070102013
catboost,2023-07-01,386.0,548.5498955499822
catboost,2023-08-01,271.0,362.2572888224979
catboost,2023-09-01,263.0,280.96442266343985
catboost,2022-11-01,110.0,159.347783596932
catboost,2022-12-01,96.0,171.68465421816302
catboost,2023-01-01,166.0,296.2488636855321
catboost,2023-02-01,173.0,527.0420557950927
catboost,2023-03-01,305.0,710.4961437013508
catboost,2023-04-01,341.0,822.6403513052342
catboost,2023-05-01,288.0,759.7501412910506
catboost,2023-06-01,226.0,683.3988136644091
catboost,2023-07-01,386.0,507.01032017785485
catboost,2023-08-01,271.0,358.4087806030085
catboost,2023-09-01,263.0,252.13329026761042
catboost,2023-10-01,135.0,290.79640401769234
catboost,2022-12-01,96.0,140.11439524185994
catboost,2023-01-01,166.0,265.4852562768057
catboost,2023-02-01,173.0,529.0220601536703
catboost,2023-03-01,305.0,787.9678366769081
catboost,2023-04-01,341.0,901.5951759315249
catboost,2023-05-01,288.0,818.9384406990753
catboost,2023-06-01,226.0,677.5645516493564
catboost,2023-07-01,386.0,541.0561533958975
catboost,2023-08-01,271.0,376.81876857713365
catboost,2023-09-01,263.0,262.86306997893894
catboost,2023-10-01,135.0,297.5466616333755
catboost,2023-11-01,114.0,300.7832743583191
catboost,2023-01-01,166.0,234.39604729267057
catboost,2023-02-01,173.0,483.8648630660812
catboost,2023-03-01,305.0,713.7256915854621
catboost,2023-04-01,341.0,831.3436145909468
catboost,2023-05-01,288.0,720.839463364415
catboost,2023-06-01,226.0,665.6302672536433
catboost,2023-07-01,386.0,552.901142988571
catboost,2023-08-01,271.0,383.534528728411
catboost,2023-09-01,263.0,295.16727995392296
catboost,2023-10-01,135.0,329.7885742771855
catboost,2023-11-01,114.0,326.32468953066973
catboost,2023-12-01,1974.0,376.21738139258815
catboost,2023-02-01,173.0,365.3396656844841
catboost,2023-03-01,305.0,617.7915504536212
catboost,2023-04-01,341.0,698.9242005846468
catboost,2023-05-01,288.0,637.1781719081863
catboost,2023-06-01,226.0,566.1181314333601
catboost,2023-07-01,386.0,519.2527451324909
catboost,2023-08-01,271.0,362.2932537960984
catboost,2023-09-01,263.0,276.7723095725902
catboost,2023-10-01,135.0,286.3065557322002
catboost,2023-11-01,114.0,335.53429895482606
catboost,2023-12-01,1974.0,384.7430612354818
catboost,2024-01-01,3786.0,520.8041525530307
catboost,2023-03-01,305.0,369.59612792170606
catboost,2023-04-01,341.0,510.96209686565817
catboost,2023-05-01,288.0,505.56531272590075
catboost,2023-06-01,226.0,466.4876529845893
catboost,2023-07-01,386.0,456.944407290399
catboost,2023-08-01,271.0,325.2307489976523
catboost,2023-09-01,263.0,302.1797418446425
catboost,2023-10-01,135.0,318.4582721400021
catboost,2023-11-01,114.0,373.9085202801494
catboost,2023-12-01,1974.0,442.80114001366604
catboost,2024-01-01,3786.0,526.913541024677
catboost,2024-02-01,1870.0,616.9069367903082
catboost,2023-04-01,341.0,422.75635181875947
catboost,2023-05-01,288.0,433.50014630181676
catboost,2023-06-01,226.0,392.8312606383568
catboost,2023-07-01,386.0,443.78713661528434
catboost,2023-08-01,271.0,366.1975538345513
catboost,2023-09-01,263.0,290.77774843971656
catboost,2023-10-01,135.0,302.0712613139344
catboost,2023-11-01,114.0,362.7071323371041
catboost,2023-12-01,1974.0,405.9557208628249
catboost,2024-01-01,3786.0,476.8197175536785
catboost,2024-02-01,1870.0,579.1640594040763
catboost,2024-03-01,1376.0,630.3797070865967
catboost,2023-05-01,288.0,312.8330497071448
catboost,2023-06-01,226.0,281.04695825721365
catboost,2023-07-01,386.0,287.1397450990671
catboost,2023-08-01,271.0,208.2910669411381
catboost,2023-09-01,263.0,181.4568856902519
catboost,2023-10-01,135.0,206.30981082231852
catboost,2023-11-01,114.0,320.5645612392808
catboost,2023-12-01,1974.0,474.04537583034704
catboost,2024-01-01,3786.0,538.509879169667
catboost,2024-02-01,1870.0,645.707992386708
catboost,2024-03-01,1376.0,771.379006274635
catboost,2024-04-01,640.0,779.7131458900262
catboost,2023-06-01,226.0,259.0806870755796
catboost,2023-07-01,386.0,262.89599911225895
catboost,2023-08-01,271.0,219.6136753254451
catboost,2023-09-01,263.0,192.46140475337694
catboost,2023-10-01,135.0,243.160164475652
catboost,2023-11-01,114.0,380.3550168385086
catboost,2023-12-01,1974.0,498.9769807654177
catboost,2024-01-01,3786.0,541.0654444014144
catboost,2024-02-01,1870.0,613.1671945049686
catboost,2024-03-01,1376.0,726.5445934728965
catboost,2024-04-01,640.0,776.919627809361
catboost,2024-05-01,343.0,652.8555121635043
catboost,2023-07-01,386.0,245.9049057563441
catboost,2023-08-01,271.0,210.44596015528379
catboost,2023-09-01,263.0,194.41614656636392
catboost,2023-10-01,135.0,228.4908034118165
catboost,2023-11-01,114.0,326.39574667990706
catboost,2023-12-01,1974.0,459.1415838730071
catboost,2024-01-01,3786.0,525.6553353038909
catboost,2024-02-01,1870.0,614.2172688467712
catboost,2024-03-01,1376.0,719.087302807294
catboost,2024-04-01,640.0,768.5780565948671
catboost,2024-05-01,343.0,596.0555367973395
catboost,2024-06-01,377.0,476.86746423369254
catboost,2023-08-01,271.0,328.28069887416814
catboost,2023-09-01,263.0,261.04878627570184
catboost,2023-10-01,135.0,286.1357522655606
catboost,2023-11-01,114.0,378.39360778306013
catboost,2023-12-01,1974.0,483.00162312060667
catboost,2024-01-01,3786.0,590.8271101075267
catboost,2024-02-01,1870.0,634.4126766876752
catboost,2024-03-01,1376.0,752.9465740770593
catboost,2024-04-01,640.0,741.8412738269909
catboost,2024-05-01,343.0,610.2789497015697
catboost,2024-06-01,377.0,506.63483670013346
catboost,2024-07-01,250.0,441.85047122731135
catboost,2023-09-01,263.0,237.9234605012956
catboost,2023-10-01,135.0,261.6413640768558
catboost,2023-11-01,114.0,367.1085522504018
catboost,2023-12-01,1974.0,478.8700674601147
catboost,2024-01-01,3786.0,532.6978070474293
catboost,2024-02-01,1870.0,586.2266431297253
catboost,2024-03-01,1376.0,703.2027007531469
catboost,2024-04-01,640.0,794.4564374056034
catboost,2024-05-01,343.0,655.0004565676381
catboost,2024-06-01,377.0,568.2484217938535
catboost,2024-07-01,250.0,430.3357365622717
catboost,2024-08-01,213.0,335.29920701479443
catboost,2023-10-01,135.0,280.2537809080494
catboost,2023-11-01,114.0,368.1151463418966
catboost,2023-12-01,1974.0,480.0147743297728
catboost,2024-01-01,3786.0,558.6387253579965
catboost,2024-02-01,1870.0,680.0520985557027
catboost,2024-03-01,1376.0,861.0304431875621
catboost,2024-04-01,640.0,835.8061065623906
catboost,2024-05-01,343.0,680.7523430771072
catboost,2024-06-01,377.0,598.5521496866653
catboost,2024-07-01,250.0,456.86749334693275
catboost,2024-08-01,213.0,348.32937281326406
catboost,2024-09-01,197.0,270.73285398427186
catboost,2023-11-01,114.0,278.95140169960433
catboost,2023-12-01,1974.0,350.6323567531951
catboost,2024-01-01,3786.0,447.6079407714498
catboost,2024-02-01,1870.0,555.5175883793679
catboost,2024-03-01,1376.0,693.0631625078523
catboost,2024-04-01,640.0,735.2435414263352
catboost,2024-05-01,343.0,640.881125986094
catboost,2024-06-01,377.0,534.1489022563774
catboost,2024-07-01,250.0,452.8520212449465
catboost,2024-08-01,213.0,347.43766328868793
catboost,2024-09-01,197.0,244.6163197804735
catboost,2024-10-01,207.0,206.463024984675
catboost,2023-12-01,1974.0,262.35817431197654
catboost,2024-01-01,3786.0,292.5510900133693
catboost,2024-02-01,1870.0,370.26503543657077
catboost,2024-03-01,1376.0,484.8819388049844
catboost,2024-04-01,640.0,576.0558213274619
catboost,2024-05-01,343.0,549.4914561295653
catboost,2024-06-01,377.0,542.3512044102641
catboost,2024-07-01,250.0,454.3826213186095
catboost,2024-08-01,213.0,300.6664733273004
catboost,2024-09-01,197.0,272.6586154250733
catboost,2024-10-01,207.0,205.96463380445542
catboost,2024-11-01,199.0,191.22629135325184
catboost,2024-01-01,3786.0,927.504545985324
catboost,2024-02-01,1870.0,859.2249889598525
catboost,2024-03-01,1376.0,849.7124994107107
catboost,2024-04-01,640.0,852.3884084629153
catboost,2024-05-01,343.0,685.0038044621035
catboost,2024-06-01,377.0,562.5633646094767
catboost,2024-07-01,250.0,400.7644815154681
catboost,2024-08-01,213.0,508.2873614702402
catboost,2024-09-01,197.0,433.2879188216002
catboost,2024-10-01,207.0,339.9673857149616
catboost,2024-11-01,199.0,329.6067966606024
catboost,2024-12-01,179.0,372.26907622726816
randomforest,2014-01-01,365.0,725.79
randomforest,2014-02-01,453.0,773.4
randomforest,2014-03-01,957.0,723.74
randomforest,2014-04-01,708.0,659.94
randomforest,2014-05-01,459.0,668.04
randomforest,2014-06-01,379.0,684.62
randomforest,2014-07-01,192.0,571.9
randomforest,2014-08-01,156.0,477.71
randomforest,2014-09-01,148.0,329.58
randomforest,2014-10-01,131.0,300.01
randomforest,2014-11-01,227.0,328.01
randomforest,2014-12-01,165.0,671.41
randomforest,2014-02-01,453.0,440.77
randomforest,2014-03-01,957.0,528.86
randomforest,2014-04-01,708.0,550.56
randomforest,2014-05-01,459.0,639.0
randomforest,2014-06-01,379.0,703.21
randomforest,2014-07-01,192.0,578.35
randomforest,2014-08-01,156.0,470.63
randomforest,2014-09-01,148.0,330.88
randomforest,2014-10-01,131.0,347.54
randomforest,2014-11-01,227.0,372.51
randomforest,2014-12-01,165.0,669.36
randomforest,2015-01-01,231.0,1285.38
randomforest,2014-03-01,957.0,505.67
randomforest,2014-04-01,708.0,600.4
randomforest,2014-05-01,459.0,634.36
randomforest,2014-06-01,379.0,720.16
randomforest,2014-07-01,192.0,567.94
randomforest,2014-08-01,156.0,474.88
randomforest,2014-09-01,148.0,324.6
randomforest,2014-10-01,131.0,345.23
randomforest,2014-11-01,227.0,363.2
randomforest,2014-12-01,165.0,648.85
randomforest,2015-01-01,231.0,1288.27
randomforest,2015-02-01,335.0,1902.5
randomforest,2014-04-01,708.0,651.62
randomforest,2014-05-01,459.0,732.21
randomforest,2014-06-01,379.0,798.25
randomforest,2014-07-01,192.0,575.26
randomforest,2014-08-01,156.0,623.28
randomforest,2014-09-01,148.0,403.55
randomforest,2014-10-01,131.0,342.4
randomforest,2014-11-01,227.0,375.6
randomforest,2014-12-01,165.0,676.19
randomforest,2015-01-01,231.0,1287.4
randomforest,2015-02-01,335.0,1857.96
randomforest,2015-03-01,517.0,1646.87
randomforest,2014-05-01,459.0,786.42
randomforest,2014-06-01,379.0,829.9
randomforest,2014-07-01,192.0,567.48
randomforest,2014-08-01,156.0,542.15
randomforest,2014-09-01,148.0,413.61
randomforest,2014-10-01,131.0,398.84
randomforest,2014-11-01,227.0,383.23
randomforest,2014-12-01,165.0,692.57
randomforest,2015-01-01,231.0,1322.69
randomforest,2015-02-01,335.0,1900.24
randomforest,2015-03-01,517.0,1745.4
randomforest,2015-04-01,251.0,690.2
randomforest,2014-06-01,379.0,700.21
randomforest,2014-07-01,192.0,616.41
randomforest,2014-08-01,156.0,665.96
randomforest,2014-09-01,148.0,448.51
randomforest,2014-10-01,131.0,417.36
randomforest,2014-11-01,227.0,451.2
randomforest,2014-12-01,165.0,743.78
randomforest,2015-01-01,231.0,1320.28
randomforest,2015-02-01,335.0,1912.37
randomforest,2015-03-01,517.0,1755.4
randomforest,2015-04-01,251.0,744.53
randomforest,2015-05-01,377.0,712.98
randomforest,2014-07-01,192.0,454.84
randomforest,2014-08-01,156.0,541.84
randomforest,2014-09-01,148.0,419.94
randomforest,2014-10-01,131.0,405.87
randomforest,2014-11-01,227.0,423.83
randomforest,2014-12-01,165.0,707.52
randomforest,2015-01-01,231.0,1343.53
randomforest,2015-02-01,335.0,1915.85
randomforest,2015-03-01,517.0,1793.01
randomforest,2015-04-01,251.0,793.02
randomforest,2015-05-01,377.0,729.47
randomforest,2015-06-01,255.0,645.15
randomforest,2014-08-01,156.0,462.83
randomforest,2014-09-01,148.0,347.58
randomforest,2014-10-01,131.0,314.87
randomforest,2014-11-01,227.0,389.95
randomforest,2014-12-01,165.0,668.5
randomforest,2015-01-01,231.0,1335.68
randomforest,2015-02-01,335.0,2047.77
randomforest,2015-03-01,517.0,1888.02
randomforest,2015-04-01,251.0,820.98
randomforest,2015-05-01,377.0,776.28
randomforest,2015-06-01,255.0,668.0
randomforest,2015-07-01,263.0,568.39
randomforest,2014-09-01,148.0,276.76
randomforest,2014-10-01,131.0,326.7
randomforest,2014-11-01,227.0,416.04
randomforest,2014-12-01,165.0,859.66
randomforest,2015-01-01,231.0,1403.15
randomforest,2015-02-01,335.0,2012.31
randomforest,2015-03-01,517.0,1891.67
randomforest,2015-04-01,251.0,916.54
randomforest,2015-05-01,377.0,819.65
randomforest,2015-06-01,255.0,708.38
randomforest,2015-07-01,263.0,563.97
randomforest,2015-08-01,267.0,446.95
randomforest,2014-10-01,131.0,264.28
randomforest,2014-11-01,227.0,462.25
randomforest,2014-12-01,165.0,787.78
randomforest,2015-01-01,231.0,1303.58
randomforest,2015-02-01,335.0,1912.89
randomforest,2015-03-01,517.0,1843.38
randomforest,2015-04-01,251.0,926.59
randomforest,2015-05-01,377.0,958.08
randomforest,2015-06-01,255.0,785.91
randomforest,2015-07-01,263.0,619.49
randomforest,2015-08-01,267.0,479.66
randomforest,2015-09-01,290.0,343.82
randomforest,2014-11-01,227.0,390.06
randomforest,2014-12-01,165.0,736.77
randomforest,2015-01-01,231.0,1319.78
randomforest,2015-02-01,335.0,1962.34
randomforest,2015-03-01,517.0,1870.97
randomforest,2015-04-01,251.0,923.64
randomforest,2015-05-01,377.0,1022.09
randomforest,2015-06-01,255.0,788.41
randomforest,2015-07-01,263.0,637.85
randomforest,2015-08-01,267.0,544.97
randomforest,2015-09-01,290.0,402.5
randomforest,2015-10-01,164.0,309.3
randomforest,2014-12-01,165.0,663.31
randomforest,2015-01-01,231.0,1291.51
randomforest,2015-02-01,335.0,1994.41
randomforest,2015-03-01,517.0,1887.85
randomforest,2015-04-01,251.0,906.08
randomforest,2015-05-01,377.0,993.92
randomforest,2015-06-01,255.0,926.96
randomforest,2015-07-01,263.0,696.78
randomforest,2015-08-01,267.0,545.94
randomforest,2015-09-01,290.0,421.64
randomforest,2015-10-01,164.0,351.13
randomforest,2015-11-01,192.0,317.09
randomforest,2015-01-01,231.0,991.04
randomforest,2015-02-01,335.0,1866.55
randomforest,2015-03-01,517.0,1807.59
randomforest,2015-04-01,251.0,957.5
randomforest,2015-05-01,377.0,1017.91
randomforest,2015-06-01,255.0,919.51
randomforest,2015-07-01,263.0,846.71
randomforest,2015-08-01,267.0,592.57
randomforest,2015-09-01,290.0,457.15
randomforest,2015-10-01,164.0,412.64
randomforest,2015-11-01,192.0,322.28
randomforest,2015-12-01,312.0,317.4
randomforest,2015-02-01,335.0,856.31
randomforest,2015-03-01,517.0,1712.44
randomforest,2015-04-01,251.0,841.49
randomforest,2015-05-01,377.0,941.08
randomforest,2015-06-01,255.0,852.64
randomforest,2015-07-01,263.0,842.16
randomforest,2015-08-01,267.0,694.35
randomforest,2015-09-01,290.0,448.66
randomforest,2015-10-01,164.0,406.19
randomforest,2015-11-01,192.0,282.89
randomforest,2015-12-01,312.0,269.75
randomforest,2016-01-01,1205.0,301.17
randomforest,2015-03-01,517.0,1588.36
randomforest,2015-04-01,251.0,734.02
randomforest,2015-05-01,377.0,803.76
randomforest,2015-06-01,255.0,782.74
randomforest,2015-07-01,263.0,727.67
randomforest,2015-08-01,267.0,644.81
randomforest,2015-09-01,290.0,509.46
randomforest,2015-10-01,164.0,464.46
randomforest,2015-11-01,192.0,351.61
randomforest,2015-12-01,312.0,303.36
randomforest,2016-01-01,1205.0,304.23
randomforest,2016-02-01,1494.0,404.65
randomforest,2015-04-01,251.0,610.55
randomforest,2015-05-01,377.0,776.43
randomforest,2015-06-01,255.0,723.81
randomforest,2015-07-01,263.0,643.57
randomforest,2015-08-01,267.0,558.83
randomforest,2015-09-01,290.0,467.79
randomforest,2015-10-01,164.0,411.41
randomforest,2015-11-01,192.0,316.35
randomforest,2015-12-01,312.0,308.9
randomforest,2016-01-01,1205.0,326.01
randomforest,2016-02-01,1494.0,440.19
randomforest,2016-03-01,1207.0,602.03
randomforest,2015-05-01,377.0,559.21
randomforest,2015-06-01,255.0,690.12
randomforest,2015-07-01,263.0,542.0
randomforest,2015-08-01,267.0,489.46
randomforest,2015-09-01,290.0,375.57
randomforest,2015-10-01,164.0,387.65
randomforest,2015-11-01,192.0,341.41
randomforest,2015-12-01,312.0,371.13
randomforest,2016-01-01,1205.0,365.1
randomforest,2016-02-01,1494.0,468.04
randomforest,2016-03-01,1207.0,594.22
randomforest,2016-04-01,1552.0,605.6
randomforest,2015-06-01,255.0,477.97
randomforest,2015-07-01,263.0,418.93
randomforest,2015-08-01,267.0,380.5
randomforest,2015-09-01,290.0,339.89
randomforest,2015-10-01,164.0,309.23
randomforest,2015-11-01,192.0,287.7
randomforest,2015-12-01,312.0,341.41
randomforest,2016-01-01,1205.0,357.22
randomforest,2016-02-01,1494.0,426.76
randomforest,2016-03-01,1207.0,579.02
randomforest,2016-04-01,1552.0,590.67
randomforest,2016-05-01,1118.0,836.8
randomforest,2015-07-01,263.0,326.87
randomforest,2015-08-01,267.0,325.24
randomforest,2015-09-01,290.0,312.5
randomforest,2015-10-01,164.0,297.93
randomforest,2015-11-01,192.0,286.09
randomforest,2015-12-01,312.0,357.49
randomforest,2016-01-01,1205.0,373.93
randomforest,2016-02-01,1494.0,428.71
randomforest,2016-03-01,1207.0,562.19
randomforest,2016-04-01,1552.0,583.07
randomforest,2016-05-01,1118.0,800.1
randomforest,2016-06-01,620.0,822.1
randomforest,2015-08-01,267.0,279.98
randomforest,2015-09-01,290.0,285.59
randomforest,2015-10-01,164.0,278.91
randomforest,2015-11-01,192.0,293.1
randomforest,2015-12-01,312.0,344.01
randomforest,2016-01-01,1205.0,380.88
randomforest,2016-02-01,1494.0,421.36
randomforest,2016-03-01,1207.0,541.29
randomforest,2016-04-01,1552.0,578.55
randomforest,2016-05-01,1118.0,823.38
randomforest,2016-06-01,620.0,828.38
randomforest,2016-07-01,371.0,839.41
randomforest,2015-09-01,290.0,262.59
randomforest,2015-10-01,164.0,260.0
randomforest,2015-11-01,192.0,289.71
randomforest,2015-12-01,312.0,330.73
randomforest,2016-01-01,1205.0,383.53
randomforest,2016-02-01,1494.0,407.11
randomforest,2016-03-01,1207.0,440.33
randomforest,2016-04-01,1552.0,496.96
randomforest,2016-05-01,1118.0,763.31
randomforest,2016-06-01,620.0,824.27
randomforest,2016-07-01,371.0,820.67
randomforest,2016-08-01,211.0,796.58
randomforest,2015-10-01,164.0,268.11
randomforest,2015-11-01,192.0,300.39
randomforest,2015-12-01,312.0,341.98
randomforest,2016-01-01,1205.0,385.24
randomforest,2016-02-01,1494.0,432.68
randomforest,2016-03-01,1207.0,525.63
randomforest,2016-04-01,1552.0,559.42
randomforest,2016-05-01,1118.0,815.08
randomforest,2016-06-01,620.0,843.25
randomforest,2016-07-01,371.0,844.31
randomforest,2016-08-01,211.0,839.45
randomforest,2016-09-01,193.0,557.22
randomforest,2015-11-01,192.0,250.36
randomforest,2015-12-01,312.0,321.46
randomforest,2016-01-01,1205.0,367.28
randomforest,2016-02-01,1494.0,404.25
randomforest,2016-03-01,1207.0,442.1
randomforest,2016-04-01,1552.0,463.64
randomforest,2016-05-01,1118.0,732.4
randomforest,2016-06-01,620.0,806.95
randomforest,2016-07-01,371.0,795.72
randomforest,2016-08-01,211.0,808.51
randomforest,2016-09-01,193.0,529.12
randomforest,2016-10-01,218.0,656.6
randomforest,2015-12-01,312.0,293.99
randomforest,2016-01-01,1205.0,329.88
randomforest,2016-02-01,1494.0,414.51
randomforest,2016-03-01,1207.0,425.25
randomforest,2016-04-01,1552.0,465.04
randomforest,2016-05-01,1118.0,732.82
randomforest,2016-06-01,620.0,771.78
randomforest,2016-07-01,371.0,818.41
randomforest,2016-08-01,211.0,807.66
randomforest,2016-09-01,193.0,540.98
randomforest,2016-10-01,218.0,675.24
randomforest,2016-11-01,220.0,565.36
randomforest,2016-01-01,1205.0,311.18
randomforest,2016-02-01,1494.0,355.1
randomforest,2016-03-01,1207.0,405.06
randomforest,2016-04-01,1552.0,387.17
randomforest,2016-05-01,1118.0,640.84
randomforest,2016-06-01,620.0,814.82
randomforest,2016-07-01,371.0,825.42
randomforest,2016-08-01,211.0,819.11
randomforest,2016-09-01,193.0,550.51
randomforest,2016-10-01,218.0,700.13
randomforest,2016-11-01,220.0,580.05
randomforest,2016-12-01,250.0,443.71
randomforest,2016-02-01,1494.0,896.56
randomforest,2016-03-01,1207.0,759.94
randomforest,2016-04-01,1552.0,659.42
randomforest,2016-05-01,1118.0,841.4
randomforest,2016-06-01,620.0,858.28
randomforest,2016-07-01,371.0,845.51
randomforest,2016-08-01,211.0,766.63
randomforest,2016-09-01,193.0,519.23
randomforest,2016-10-01,218.0,709.27
randomforest,2016-11-01,220.0,584.87
randomforest,2016-12-01,250.0,533.98
randomforest,2017-01-01,737.0,622.24
randomforest,2016-03-01,1207.0,1099.72
randomforest,2016-04-01,1552.0,931.15
randomforest,2016-05-01,1118.0,855.73
randomforest,2016-06-01,620.0,825.17
randomforest,2016-07-01,371.0,780.09
randomforest,2016-08-01,211.0,700.9
randomforest,2016-09-01,193.0,485.22
randomforest,2016-10-01,218.0,605.79
randomforest,2016-11-01,220.0,547.5
randomforest,2016-12-01,250.0,556.96
randomforest,2017-01-01,737.0,675.72
randomforest,2017-02-01,594.0,668.99
randomforest,2016-04-01,1552.0,1084.26
randomforest,2016-05-01,1118.0,936.73
randomforest,2016-06-01,620.0,877.82
randomforest,2016-07-01,371.0,801.14
randomforest,2016-08-01,211.0,728.06
randomforest,2016-09-01,193.0,495.35
randomforest,2016-10-01,218.0,608.57
randomforest,2016-11-01,220.0,519.81
randomforest,2016-12-01,250.0,534.82
randomforest,2017-01-01,737.0,664.26
randomforest,2017-02-01,594.0,701.08
randomforest,2017-03-01,563.0,698.06
randomforest,2016-05-01,1118.0,1209.06
randomforest,2016-06-01,620.0,1223.46
randomforest,2016-07-01,371.0,1115.17
randomforest,2016-08-01,211.0,915.16
randomforest,2016-09-01,193.0,495.89
randomforest,2016-10-01,218.0,617.72
randomforest,2016-11-01,220.0,545.77
randomforest,2016-12-01,250.0,505.27
randomforest,2017-01-01,737.0,599.11
randomforest,2017-02-01,594.0,653.42
randomforest,2017-03-01,563.0,684.55
randomforest,2017-04-01,604.0,758.71
randomforest,2016-06-01,620.0,1043.78
randomforest,2016-07-01,371.0,868.88
randomforest,2016-08-01,211.0,743.03
randomforest,2016-09-01,193.0,483.01
randomforest,2016-10-01,218.0,632.41
randomforest,2016-11-01,220.0,528.23
randomforest,2016-12-01,250.0,499.38
randomforest,2017-01-01,737.0,561.96
randomforest,2017-02-01,594.0,664.26
randomforest,2017-03-01,563.0,712.0
randomforest,2017-04-01,604.0,741.04
randomforest,2017-05-01,266.0,740.99
randomforest,2016-07-01,371.0,747.0
randomforest,2016-08-01,211.0,673.45
randomforest,2016-09-01,193.0,497.52
randomforest,2016-10-01,218.0,604.01
randomforest,2016-11-01,220.0,490.11
randomforest,2016-12-01,250.0,460.3
randomforest,2017-01-01,737.0,529.56
randomforest,2017-02-01,594.0,658.49
randomforest,2017-03-01,563.0,754.64
randomforest,2017-04-01,604.0,766.17
randomforest,2017-05-01,266.0,690.87
randomforest,2017-06-01,202.0,567.11
randomforest,2016-08-01,211.0,467.25
randomforest,2016-09-01,193.0,433.36
randomforest,2016-10-01,218.0,502.55
randomforest,2016-11-01,220.0,433.93
randomforest,2016-12-01,250.0,451.58
randomforest,2017-01-01,737.0,546.27
randomforest,2017-02-01,594.0,619.84
randomforest,2017-03-01,563.0,722.16
randomforest,2017-04-01,604.0,725.17
randomforest,2017-05-01,266.0,568.02
randomforest,2017-06-01,202.0,433.81
randomforest,2017-07-01,244.0,374.52
randomforest,2016-09-01,193.0,355.85
randomforest,2016-10-01,218.0,443.08
randomforest,2016-11-01,220.0,389.46
randomforest,2016-12-01,250.0,414.52
randomforest,2017-01-01,737.0,459.68
randomforest,2017-02-01,594.0,586.76
randomforest,2017-03-01,563.0,737.64
randomforest,2017-04-01,604.0,713.83
randomforest,2017-05-01,266.0,585.9
randomforest,2017-06-01,202.0,415.32
randomforest,2017-07-01,244.0,308.07
randomforest,2017-08-01,258.0,263.89
randomforest,2016-10-01,218.0,364.8
randomforest,2016-11-01,220.0,307.78
randomforest,2016-12-01,250.0,405.67
randomforest,2017-01-01,737.0,518.57
randomforest,2017-02-01,594.0,619.34
randomforest,2017-03-01,563.0,773.38
randomforest,2017-04-01,604.0,764.43
randomforest,2017-05-01,266.0,586.32
randomforest,2017-06-01,202.0,414.0
randomforest,2017-07-01,244.0,284.29
randomforest,2017-08-01,258.0,236.36
randomforest,2017-09-01,290.0,237.04
randomforest,2016-11-01,220.0,308.57
randomforest,2016-12-01,250.0,412.63
randomforest,2017-01-01,737.0,517.46
randomforest,2017-02-01,594.0,659.38
randomforest,2017-03-01,563.0,781.1
randomforest,2017-04-01,604.0,757.91
randomforest,2017-05-01,266.0,581.67
randomforest,2017-06-01,202.0,425.02
randomforest,2017-07-01,244.0,339.28
randomforest,2017-08-01,258.0,223.37
randomforest,2017-09-01,290.0,191.38
randomforest,2017-10-01,210.0,181.33
randomforest,2016-12-01,250.0,381.36
randomforest,2017-01-01,737.0,552.29
randomforest,2017-02-01,594.0,679.66
randomforest,2017-03-01,563.0,809.57
randomforest,2017-04-01,604.0,760.61
randomforest,2017-05-01,266.0,586.47
randomforest,2017-06-01,202.0,429.56
randomforest,2017-07-01,244.0,337.63
randomforest,2017-08-01,258.0,225.12
randomforest,2017-09-01,290.0,189.12
randomforest,2017-10-01,210.0,178.97
randomforest,2017-11-01,123.0,199.32
randomforest,2017-01-01,737.0,430.18
randomforest,2017-02-01,594.0,614.59
randomforest,2017-03-01,563.0,817.71
randomforest,2017-04-01,604.0,781.04
randomforest,2017-05-01,266.0,605.58
randomforest,2017-06-01,202.0,423.67
randomforest,2017-07-01,244.0,324.28
randomforest,2017-08-01,258.0,243.24
randomforest,2017-09-01,290.0,210.27
randomforest,2017-10-01,210.0,194.82
randomforest,2017-11-01,123.0,202.58
randomforest,2017-12-01,163.0,243.91
randomforest,2017-02-01,594.0,675.14
randomforest,2017-03-01,563.0,834.24
randomforest,2017-04-01,604.0,762.34
randomforest,2017-05-01,266.0,582.61
randomforest,2017-06-01,202.0,428.31
randomforest,2017-07-01,244.0,312.08
randomforest,2017-08-01,258.0,236.44
randomforest,2017-09-01,290.0,212.07
randomforest,2017-10-01,210.0,188.79
randomforest,2017-11-01,123.0,205.12
randomforest,2017-12-01,163.0,269.78
randomforest,2018-01-01,154.0,426.5
randomforest,2017-03-01,563.0,776.04
randomforest,2017-04-01,604.0,757.75
randomforest,2017-05-01,266.0,600.73
randomforest,2017-06-01,202.0,419.14
randomforest,2017-07-01,244.0,312.32
randomforest,2017-08-01,258.0,244.01
randomforest,2017-09-01,290.0,211.69
randomforest,2017-10-01,210.0,191.89
randomforest,2017-11-01,123.0,205.31
randomforest,2017-12-01,163.0,262.46
randomforest,2018-01-01,154.0,417.05
randomforest,2018-02-01,170.0,516.93
randomforest,2017-04-01,604.0,719.33
randomforest,2017-05-01,266.0,579.35
randomforest,2017-06-01,202.0,410.78
randomforest,2017-07-01,244.0,292.6
randomforest,2017-08-01,258.0,242.32
randomforest,2017-09-01,290.0,209.66
randomforest,2017-10-01,210.0,185.12
randomforest,2017-11-01,123.0,202.62
randomforest,2017-12-01,163.0,263.93
randomforest,2018-01-01,154.0,401.17
randomforest,2018-02-01,170.0,505.88
randomforest,2018-03-01,248.0,624.52
randomforest,2017-05-01,266.0,537.21
randomforest,2017-06-01,202.0,395.38
randomforest,2017-07-01,244.0,296.77
randomforest,2017-08-01,258.0,229.94
randomforest,2017-09-01,290.0,190.63
randomforest,2017-10-01,210.0,180.41
randomforest,2017-11-01,123.0,199.71
randomforest,2017-12-01,163.0,276.51
randomforest,2018-01-01,154.0,387.55
randomforest,2018-02-01,170.0,479.67
randomforest,2018-03-01,248.0,599.55
randomforest,2018-04-01,351.0,552.0
randomforest,2017-06-01,202.0,344.26
randomforest,2017-07-01,244.0,278.04
randomforest,2017-08-01,258.0,257.42
randomforest,2017-09-01,290.0,233.7
randomforest,2017-10-01,210.0,203.51
randomforest,2017-11-01,123.0,230.89
randomforest,2017-12-01,163.0,276.1
randomforest,2018-01-01,154.0,400.52
randomforest,2018-02-01,170.0,463.6
randomforest,2018-03-01,248.0,509.13
randomforest,2018-04-01,351.0,480.91
randomforest,2018-05-01,252.0,401.99
randomforest,2017-07-01,244.0,231.27
randomforest,2017-08-01,258.0,254.0
randomforest,2017-09-01,290.0,235.01
randomforest,2017-10-01,210.0,204.07
randomforest,2017-11-01,123.0,220.12
randomforest,2017-12-01,163.0,293.44
randomforest,2018-01-01,154.0,394.18
randomforest,2018-02-01,170.0,466.0
randomforest,2018-03-01,248.0,485.79
randomforest,2018-04-01,351.0,461.72
randomforest,2018-05-01,252.0,397.05
randomforest,2018-06-01,250.0,352.32
randomforest,2017-08-01,258.0,264.47
randomforest,2017-09-01,290.0,241.98
randomforest,2017-10-01,210.0,196.57
randomforest,2017-11-01,123.0,219.89
randomforest,2017-12-01,163.0,303.98
randomforest,2018-01-01,154.0,402.13
randomforest,2018-02-01,170.0,488.89
randomforest,2018-03-01,248.0,486.0
randomforest,2018-04-01,351.0,477.24
randomforest,2018-05-01,252.0,409.52
randomforest,2018-06-01,250.0,355.66
randomforest,2018-07-01,305.0,313.25
randomforest,2017-09-01,290.0,223.72
randomforest,2017-10-01,210.0,201.07
randomforest,2017-11-01,123.0,229.59
randomforest,2017-12-01,163.0,308.92
randomforest,2018-01-01,154.0,412.97
randomforest,2018-02-01,170.0,487.39
randomforest,2018-03-01,248.0,482.42
randomforest,2018-04-01,351.0,449.93
randomforest,2018-05-01,252.0,420.08
randomforest,2018-06-01,250.0,379.61
randomforest,2018-07-01,305.0,300.84
randomforest,2018-08-01,212.0,220.68
randomforest,2017-10-01,210.0,223.35
randomforest,2017-11-01,123.0,232.49
randomforest,2017-12-01,163.0,310.54
randomforest,2018-01-01,154.0,423.32
randomforest,2018-02-01,170.0,517.38
randomforest,2018-03-01,248.0,497.03
randomforest,2018-04-01,351.0,476.3
randomforest,2018-05-01,252.0,422.35
randomforest,2018-06-01,250.0,412.21
randomforest,2018-07-01,305.0,302.38
randomforest,2018-08-01,212.0,211.04
randomforest,2018-09-01,185.0,207.11
randomforest,2017-11-01,123.0,241.18
randomforest,2017-12-01,163.0,295.86
randomforest,2018-01-01,154.0,422.4
randomforest,2018-02-01,170.0,535.4
randomforest,2018-03-01,248.0,507.59
randomforest,2018-04-01,351.0,465.04
randomforest,2018-05-01,252.0,396.64
randomforest,2018-06-01,250.0,369.07
randomforest,2018-07-01,305.0,303.67
randomforest,2018-08-01,212.0,212.0
randomforest,2018-09-01,185.0,210.9
randomforest,2018-10-01,131.0,224.88
randomforest,2017-12-01,163.0,264.23
randomforest,2018-01-01,154.0,385.48
randomforest,2018-02-01,170.0,489.87
randomforest,2018-03-01,248.0,503.87
randomforest,2018-04-01,351.0,510.28
randomforest,2018-05-01,252.0,449.46
randomforest,2018-06-01,250.0,429.24
randomforest,2018-07-01,305.0,356.2
randomforest,2018-08-01,212.0,237.68
randomforest,2018-09-01,185.0,209.47
randomforest,2018-10-01,131.0,222.99
randomforest,2018-11-01,97.0,300.95
randomforest,2018-01-01,154.0,380.43
randomforest,2018-02-01,170.0,501.32
randomforest,2018-03-01,248.0,507.34
randomforest,2018-04-01,351.0,512.81
randomforest,2018-05-01,252.0,474.31
randomforest,2018-06-01,250.0,417.92
randomforest,2018-07-01,305.0,363.25
randomforest,2018-08-01,212.0,245.24
randomforest,2018-09-01,185.0,222.01
randomforest,2018-10-01,131.0,227.22
randomforest,2018-11-01,97.0,330.87
randomforest,2018-12-01,153.0,366.61
randomforest,2018-02-01,170.0,393.81
randomforest,2018-03-01,248.0,499.65
randomforest,2018-04-01,351.0,484.86
randomforest,2018-05-01,252.0,454.07
randomforest,2018-06-01,250.0,455.35
randomforest,2018-07-01,305.0,355.97
randomforest,2018-08-01,212.0,272.03
randomforest,2018-09-01,185.0,231.5
randomforest,2018-10-01,131.0,236.45
randomforest,2018-11-01,97.0,349.27
randomforest,2018-12-01,153.0,412.95
randomforest,2019-01-01,128.0,392.46
randomforest,2018-03-01,248.0,380.81
randomforest,2018-04-01,351.0,437.4
randomforest,2018-05-01,252.0,407.98
randomforest,2018-06-01,250.0,382.02
randomforest,2018-07-01,305.0,346.61
randomforest,2018-08-01,212.0,299.84
randomforest,2018-09-01,185.0,242.25
randomforest,2018-10-01,131.0,243.82
randomforest,2018-11-01,97.0,272.57
randomforest,2018-12-01,153.0,304.92
randomforest,2019-01-01,128.0,304.87
randomforest,2019-02-01,212.0,356.34
randomforest,2018-04-01,351.0,350.33
randomforest,2018-05-01,252.0,362.76
randomforest,2018-06-01,250.0,386.63
randomforest,2018-07-01,305.0,347.9
randomforest,2018-08-01,212.0,279.49
randomforest,2018-09-01,185.0,244.79
randomforest,2018-10-01,131.0,248.1
randomforest,2018-11-01,97.0,273.54
randomforest,2018-12-01,153.0,278.03
randomforest,2019-01-01,128.0,284.53
randomforest,2019-02-01,212.0,345.03
randomforest,2019-03-01,197.0,469.01
randomforest,2018-05-01,252.0,362.49
randomforest,2018-06-01,250.0,384.31
randomforest,2018-07-01,305.0,343.01
randomforest,2018-08-01,212.0,261.99
randomforest,2018-09-01,185.0,247.13
randomforest,2018-10-01,131.0,255.06
randomforest,2018-11-01,97.0,293.61
randomforest,2018-12-01,153.0,287.74
randomforest,2019-01-01,128.0,289.97
randomforest,2019-02-01,212.0,339.3
randomforest,2019-03-01,197.0,476.74
randomforest,2019-04-01,242.0,594.47
randomforest,2018-06-01,250.0,305.21
randomforest,2018-07-01,305.0,292.5
randomforest,2018-08-01,212.0,242.62
randomforest,2018-09-01,185.0,245.15
randomforest,2018-10-01,131.0,250.1
randomforest,2018-11-01,97.0,270.57
randomforest,2018-12-01,153.0,251.5
randomforest,2019-01-01,128.0,268.81
randomforest,2019-02-01,212.0,319.71
randomforest,2019-03-01,197.0,450.6
randomforest,2019-04-01,242.0,604.73
randomforest,2019-05-01,211.0,631.1
randomforest,2018-07-01,305.0,278.31
randomforest,2018-08-01,212.0,249.54
randomforest,2018-09-01,185.0,249.36
randomforest,2018-10-01,131.0,252.25
randomforest,2018-11-01,97.0,269.0
randomforest,2018-12-01,153.0,241.09
randomforest,2019-01-01,128.0,252.67
randomforest,2019-02-01,212.0,310.29
randomforest,2019-03-01,197.0,478.58
randomforest,2019-04-01,242.0,601.95
randomforest,2019-05-01,211.0,619.79
randomforest,2019-06-01,322.0,664.8
randomforest,2018-08-01,212.0,255.13
randomforest,2018-09-01,185.0,250.21
randomforest,2018-10-01,131.0,262.89
randomforest,2018-11-01,97.0,276.23
randomforest,2018-12-01,153.0,242.15
randomforest,2019-01-01,128.0,263.93
randomforest,2019-02-01,212.0,320.42
randomforest,2019-03-01,197.0,458.8
randomforest,2019-04-01,242.0,624.07
randomforest,2019-05-01,211.0,629.4
randomforest,2019-06-01,322.0,670.71
randomforest,2019-07-01,213.0,615.47
randomforest,2018-09-01,185.0,224.09
randomforest,2018-10-01,131.0,246.1
randomforest,2018-11-01,97.0,275.78
randomforest,2018-12-01,153.0,245.17
randomforest,2019-01-01,128.0,257.65
randomforest,2019-02-01,212.0,316.43
randomforest,2019-03-01,197.0,435.91
randomforest,2019-04-01,242.0,623.79
randomforest,2019-05-01,211.0,616.91
randomforest,2019-06-01,322.0,684.83
randomforest,2019-07-01,213.0,597.63
randomforest,2019-08-01,153.0,440.86
randomforest,2018-10-01,131.0,228.56
randomforest,2018-11-01,97.0,278.5
randomforest,2018-12-01,153.0,243.69
randomforest,2019-01-01,128.0,253.9
randomforest,2019-02-01,212.0,301.95
randomforest,2019-03-01,197.0,395.89
randomforest,2019-04-01,242.0,629.73
randomforest,2019-05-01,211.0,635.64
randomforest,2019-06-01,322.0,705.3
randomforest,2019-07-01,213.0,626.08
randomforest,2019-08-01,153.0,461.38
randomforest,2019-09-01,150.0,344.26
randomforest,2018-11-01,97.0,212.07
randomforest,2018-12-01,153.0,234.09
randomforest,2019-01-01,128.0,244.47
randomforest,2019-02-01,212.0,304.32
randomforest,2019-03-01,197.0,396.63
randomforest,2019-04-01,242.0,580.41
randomforest,2019-05-01,211.0,601.52
randomforest,2019-06-01,322.0,634.51
randomforest,2019-07-01,213.0,581.04
randomforest,2019-08-01,153.0,418.05
randomforest,2019-09-01,150.0,356.27
randomforest,2019-10-01,124.0,284.76
randomforest,2018-12-01,153.0,191.29
randomforest,2019-01-01,128.0,238.35
randomforest,2019-02-01,212.0,306.9
randomforest,2019-03-01,197.0,407.74
randomforest,2019-04-01,242.0,596.46
randomforest,2019-05-01,211.0,605.07
randomforest,2019-06-01,322.0,647.04
randomforest,2019-07-01,213.0,589.68
randomforest,2019-08-01,153.0,434.18
randomforest,2019-09-01,150.0,371.21
randomforest,2019-10-01,124.0,310.07
randomforest,2019-11-01,121.0,316.95
randomforest,2019-01-01,128.0,200.03
randomforest,2019-02-01,212.0,285.85
randomforest,2019-03-01,197.0,383.91
randomforest,2019-04-01,242.0,563.49
randomforest,2019-05-01,211.0,599.05
randomforest,2019-06-01,322.0,663.06
randomforest,2019-07-01,213.0,597.25
randomforest,2019-08-01,153.0,431.83
randomforest,2019-09-01,150.0,345.48
randomforest,2019-10-01,124.0,301.47
randomforest,2019-11-01,121.0,243.38
randomforest,2019-12-01,112.0,246.81
randomforest,2019-02-01,212.0,231.93
randomforest,2019-03-01,197.0,393.4
randomforest,2019-04-01,242.0,583.27
randomforest,2019-05-01,211.0,615.39
randomforest,2019-06-01,322.0,668.06
randomforest,2019-07-01,213.0,627.81
randomforest,2019-08-01,153.0,481.3
randomforest,2019-09-01,150.0,365.97
randomforest,2019-10-01,124.0,306.63
randomforest,2019-11-01,121.0,242.65
randomforest,2019-12-01,112.0,244.45
randomforest,2020-01-01,205.0,295.19
randomforest,2019-03-01,197.0,384.78
randomforest,2019-04-01,242.0,603.46
randomforest,2019-05-01,211.0,612.0
randomforest,2019-06-01,322.0,675.75
randomforest,2019-07-01,213.0,633.46
randomforest,2019-08-01,153.0,484.66
randomforest,2019-09-01,150.0,400.82
randomforest,2019-10-01,124.0,320.83
randomforest,2019-11-01,121.0,309.74
randomforest,2019-12-01,112.0,326.2
randomforest,2020-01-01,205.0,317.61
randomforest,2020-02-01,289.0,496.87
randomforest,2019-04-01,242.0,521.41
randomforest,2019-05-01,211.0,636.48
randomforest,2019-06-01,322.0,697.92
randomforest,2019-07-01,213.0,649.42
randomforest,2019-08-01,153.0,489.68
randomforest,2019-09-01,150.0,382.5
randomforest,2019-10-01,124.0,320.88
randomforest,2019-11-01,121.0,297.82
randomforest,2019-12-01,112.0,232.12
randomforest,2020-01-01,205.0,254.55
randomforest,2020-02-01,289.0,353.74
randomforest,2020-03-01,368.0,757.49
randomforest,2019-05-01,211.0,511.88
randomforest,2019-06-01,322.0,589.67
randomforest,2019-07-01,213.0,550.07
randomforest,2019-08-01,153.0,455.74
randomforest,2019-09-01,150.0,372.1
randomforest,2019-10-01,124.0,303.7
randomforest,2019-11-01,121.0,237.95
randomforest,2019-12-01,112.0,230.84
randomforest,2020-01-01,205.0,284.92
randomforest,2020-02-01,289.0,391.15
randomforest,2020-03-01,368.0,721.88
randomforest,2020-04-01,114.0,770.3
randomforest,2019-06-01,322.0,389.7
randomforest,2019-07-01,213.0,398.67
randomforest,2019-08-01,153.0,326.38
randomforest,2019-09-01,150.0,340.72
randomforest,2019-10-01,124.0,331.04
randomforest,2019-11-01,121.0,347.56
randomforest,2019-12-01,112.0,339.84
randomforest,2020-01-01,205.0,414.17
randomforest,2020-02-01,289.0,570.55
randomforest,2020-03-01,368.0,669.62
randomforest,2020-04-01,114.0,715.15
randomforest,2020-05-01,227.0,708.35
randomforest,2019-07-01,213.0,379.09
randomforest,2019-08-01,153.0,318.96
randomforest,2019-09-01,150.0,359.23
randomforest,2019-10-01,124.0,311.77
randomforest,2019-11-01,121.0,338.37
randomforest,2019-12-01,112.0,308.77
randomforest,2020-01-01,205.0,422.59
randomforest,2020-02-01,289.0,615.06
randomforest,2020-03-01,368.0,624.24
randomforest,2020-04-01,114.0,667.24
randomforest,2020-05-01,227.0,648.84
randomforest,2020-06-01,218.0,548.5
randomforest,2019-08-01,153.0,235.62
randomforest,2019-09-01,150.0,259.3
randomforest,2019-10-01,124.0,237.4
randomforest,2019-11-01,121.0,224.11
randomforest,2019-12-01,112.0,212.53
randomforest,2020-01-01,205.0,374.02
randomforest,2020-02-01,289.0,587.84
randomforest,2020-03-01,368.0,585.78
randomforest,2020-04-01,114.0,620.14
randomforest,2020-05-01,227.0,570.25
randomforest,2020-06-01,218.0,439.68
randomforest,2020-07-01,202.0,350.52
randomforest,2019-09-01,150.0,195.89
randomforest,2019-10-01,124.0,199.96
randomforest,2019-11-01,121.0,192.65
randomforest,2019-12-01,112.0,198.74
randomforest,2020-01-01,205.0,367.31
randomforest,2020-02-01,289.0,637.62
randomforest,2020-03-01,368.0,609.42
randomforest,2020-04-01,114.0,626.47
randomforest,2020-05-01,227.0,590.51
randomforest,2020-06-01,218.0,424.22
randomforest,2020-07-01,202.0,364.45
randomforest,2020-08-01,169.0,262.57
randomforest,2019-10-01,124.0,155.38
randomforest,2019-11-01,121.0,150.02
randomforest,2019-12-01,112.0,166.57
randomforest,2020-01-01,205.0,354.25
randomforest,2020-02-01,289.0,659.1
randomforest,2020-03-01,368.0,614.44
randomforest,2020-04-01,114.0,646.57
randomforest,2020-05-01,227.0,617.62
randomforest,2020-06-01,218.0,460.64
randomforest,2020-07-01,202.0,376.11
randomforest,2020-08-01,169.0,258.73
randomforest,2020-09-01,73.0,215.36
randomforest,2019-11-01,121.0,137.71
randomforest,2019-12-01,112.0,142.74
randomforest,2020-01-01,205.0,343.58
randomforest,2020-02-01,289.0,660.98
randomforest,2020-03-01,368.0,614.82
randomforest,2020-04-01,114.0,659.16
randomforest,2020-05-01,227.0,609.42
randomforest,2020-06-01,218.0,445.36
randomforest,2020-07-01,202.0,399.95
randomforest,2020-08-01,169.0,279.84
randomforest,2020-09-01,73.0,208.25
randomforest,2020-10-01,69.0,193.68
randomforest,2019-12-01,112.0,144.16
randomforest,2020-01-01,205.0,322.47
randomforest,2020-02-01,289.0,651.35
randomforest,2020-03-01,368.0,601.52
randomforest,2020-04-01,114.0,648.62
randomforest,2020-05-01,227.0,616.33
randomforest,2020-06-01,218.0,480.88
randomforest,2020-07-01,202.0,385.96
randomforest,2020-08-01,169.0,280.86
randomforest,2020-09-01,73.0,206.82
randomforest,2020-10-01,69.0,190.3
randomforest,2020-11-01,204.0,220.06
randomforest,2020-01-01,205.0,316.69
randomforest,2020-02-01,289.0,643.24
randomforest,2020-03-01,368.0,589.9
randomforest,2020-04-01,114.0,628.63
randomforest,2020-05-01,227.0,609.72
randomforest,2020-06-01,218.0,442.69
randomforest,2020-07-01,202.0,403.03
randomforest,2020-08-01,169.0,261.93
randomforest,2020-09-01,73.0,204.69
randomforest,2020-10-01,69.0,192.61
randomforest,2020-11-01,204.0,211.33
randomforest,2020-12-01,185.0,245.93
randomforest,2020-02-01,289.0,469.95
randomforest,2020-03-01,368.0,652.0
randomforest,2020-04-01,114.0,567.79
randomforest,2020-05-01,227.0,651.19
randomforest,2020-06-01,218.0,456.53
randomforest,2020-07-01,202.0,392.78
randomforest,2020-08-01,169.0,263.08
randomforest,2020-09-01,73.0,203.81
randomforest,2020-10-01,69.0,186.24
randomforest,2020-11-01,204.0,189.74
randomforest,2020-12-01,185.0,215.36
randomforest,2021-01-01,392.0,562.53
randomforest,2020-03-01,368.0,426.11
randomforest,2020-04-01,114.0,513.79
randomforest,2020-05-01,227.0,573.14
randomforest,2020-06-01,218.0,457.18
randomforest,2020-07-01,202.0,391.67
randomforest,2020-08-01,169.0,272.29
randomforest,2020-09-01,73.0,205.87
randomforest,2020-10-01,69.0,191.07
randomforest,2020-11-01,204.0,207.19
randomforest,2020-12-01,185.0,225.1
randomforest,2021-01-01,392.0,441.95
randomforest,2021-02-01,674.0,668.7
randomforest,2020-04-01,114.0,525.69
randomforest,2020-05-01,227.0,538.95
randomforest,2020-06-01,218.0,468.94
randomforest,2020-07-01,202.0,400.76
randomforest,2020-08-01,169.0,291.94
randomforest,2020-09-01,73.0,224.0
randomforest,2020-10-01,69.0,201.04
randomforest,2020-11-01,204.0,227.48
randomforest,2020-12-01,185.0,232.48
randomforest,2021-01-01,392.0,430.01
randomforest,2021-02-01,674.0,660.52
randomforest,2021-03-01,1007.0,705.9
randomforest,2020-05-01,227.0,292.84
randomforest,2020-06-01,218.0,289.31
randomforest,2020-07-01,202.0,254.19
randomforest,2020-08-01,169.0,215.87
randomforest,2020-09-01,73.0,209.85
randomforest,2020-10-01,69.0,207.81
randomforest,2020-11-01,204.0,223.2
randomforest,2020-12-01,185.0,226.59
randomforest,2021-01-01,392.0,395.14
randomforest,2021-02-01,674.0,475.2
randomforest,2021-03-01,1007.0,521.88
randomforest,2021-04-01,886.0,476.82
randomforest,2020-06-01,218.0,254.19
randomforest,2020-07-01,202.0,256.46
randomforest,2020-08-01,169.0,229.99
randomforest,2020-09-01,73.0,209.9
randomforest,2020-10-01,69.0,201.02
randomforest,2020-11-01,204.0,210.02
randomforest,2020-12-01,185.0,217.33
randomforest,2021-01-01,392.0,345.45
randomforest,2021-02-01,674.0,447.84
randomforest,2021-03-01,1007.0,467.08
randomforest,2021-04-01,886.0,400.4
randomforest,2021-05-01,838.0,310.48
randomforest,2020-07-01,202.0,222.16
randomforest,2020-08-01,169.0,210.35
randomforest,2020-09-01,73.0,196.11
randomforest,2020-10-01,69.0,188.68
randomforest,2020-11-01,204.0,175.34
randomforest,2020-12-01,185.0,197.83
randomforest,2021-01-01,392.0,356.11
randomforest,2021-02-01,674.0,520.59
randomforest,2021-03-01,1007.0,487.35
randomforest,2021-04-01,886.0,441.88
randomforest,2021-05-01,838.0,404.33
randomforest,2021-06-01,601.0,249.66
randomforest,2020-08-01,169.0,207.04
randomforest,2020-09-01,73.0,190.33
randomforest,2020-10-01,69.0,169.57
randomforest,2020-11-01,204.0,168.55
randomforest,2020-12-01,185.0,198.87
randomforest,2021-01-01,392.0,352.77
randomforest,2021-02-01,674.0,528.83
randomforest,2021-03-01,1007.0,504.32
randomforest,2021-04-01,886.0,469.41
randomforest,2021-05-01,838.0,388.03
randomforest,2021-06-01,601.0,256.52
randomforest,2021-07-01,488.0,283.39
randomforest,2020-09-01,73.0,161.21
randomforest,2020-10-01,69.0,136.0
randomforest,2020-11-01,204.0,145.96
randomforest,2020-12-01,185.0,169.54
randomforest,2021-01-01,392.0,321.2
randomforest,2021-02-01,674.0,549.69
randomforest,2021-03-01,1007.0,483.36
randomforest,2021-04-01,886.0,400.37
randomforest,2021-05-01,838.0,300.35
randomforest,2021-06-01,601.0,237.12
randomforest,2021-07-01,488.0,284.7
randomforest,2021-08-01,380.0,299.78
randomforest,2020-10-01,69.0,122.32
randomforest,2020-11-01,204.0,134.7
randomforest,2020-12-01,185.0,166.77
randomforest,2021-01-01,392.0,310.14
randomforest,2021-02-01,674.0,584.8
randomforest,2021-03-01,1007.0,492.83
randomforest,2021-04-01,886.0,401.05
randomforest,2021-05-01,838.0,268.97
randomforest,2021-06-01,601.0,244.69
randomforest,2021-07-01,488.0,302.61
randomforest,2021-08-01,380.0,331.4
randomforest,2021-09-01,182.0,238.68
randomforest,2020-11-01,204.0,122.81
randomforest,2020-12-01,185.0,154.23
randomforest,2021-01-01,392.0,294.29
randomforest,2021-02-01,674.0,378.91
randomforest,2021-03-01,1007.0,462.79
randomforest,2021-04-01,886.0,414.05
randomforest,2021-05-01,838.0,295.97
randomforest,2021-06-01,601.0,239.65
randomforest,2021-07-01,488.0,289.71
randomforest,2021-08-01,380.0,272.54
randomforest,2021-09-01,182.0,200.75
randomforest,2021-10-01,136.0,167.49
randomforest,2020-12-01,185.0,212.86
randomforest,2021-01-01,392.0,333.54
randomforest,2021-02-01,674.0,419.2
randomforest,2021-03-01,1007.0,457.9
randomforest,2021-04-01,886.0,387.11
randomforest,2021-05-01,838.0,317.59
randomforest,2021-06-01,601.0,254.11
randomforest,2021-07-01,488.0,290.78
randomforest,2021-08-01,380.0,271.01
randomforest,2021-09-01,182.0,208.7
randomforest,2021-10-01,136.0,193.6
randomforest,2021-11-01,96.0,215.06
randomforest,2021-01-01,392.0,297.77
randomforest,2021-02-01,674.0,364.86
randomforest,2021-03-01,1007.0,409.07
randomforest,2021-04-01,886.0,362.43
randomforest,2021-05-01,838.0,333.67
randomforest,2021-06-01,601.0,256.16
randomforest,2021-07-01,488.0,284.45
randomforest,2021-08-01,380.0,288.04
randomforest,2021-09-01,182.0,199.96
randomforest,2021-10-01,136.0,178.9
randomforest,2021-11-01,96.0,165.25
randomforest,2021-12-01,75.0,248.34
randomforest,2021-02-01,674.0,488.71
randomforest,2021-03-01,1007.0,423.03
randomforest,2021-04-01,886.0,378.24
randomforest,2021-05-01,838.0,302.61
randomforest,2021-06-01,601.0,227.19
randomforest,2021-07-01,488.0,238.88
randomforest,2021-08-01,380.0,268.64
randomforest,2021-09-01,182.0,196.92
randomforest,2021-10-01,136.0,182.84
randomforest,2021-11-01,96.0,184.77
randomforest,2021-12-01,75.0,277.97
randomforest,2022-01-01,232.0,389.76
randomforest,2021-03-01,1007.0,510.48
randomforest,2021-04-01,886.0,499.78
randomforest,2021-05-01,838.0,498.48
randomforest,2021-06-01,601.0,429.21
randomforest,2021-07-01,488.0,438.95
randomforest,2021-08-01,380.0,490.36
randomforest,2021-09-01,182.0,499.58
randomforest,2021-10-01,136.0,516.68
randomforest,2021-11-01,96.0,557.24
randomforest,2021-12-01,75.0,555.23
randomforest,2022-01-01,232.0,598.94
randomforest,2022-02-01,231.0,596.77
randomforest,2021-04-01,886.0,726.71
randomforest,2021-05-01,838.0,689.1
randomforest,2021-06-01,601.0,632.45
randomforest,2021-07-01,488.0,498.9
randomforest,2021-08-01,380.0,520.7
randomforest,2021-09-01,182.0,550.36
randomforest,2021-10-01,136.0,554.17
randomforest,2021-11-01,96.0,639.85
randomforest,2021-12-01,75.0,622.14
randomforest,2022-01-01,232.0,617.59
randomforest,2022-02-01,231.0,647.53
randomforest,2022-03-01,295.0,622.1
randomforest,2021-05-01,838.0,687.47
randomforest,2021-06-01,601.0,628.5
randomforest,2021-07-01,488.0,524.77
randomforest,2021-08-01,380.0,581.9
randomforest,2021-09-01,182.0,566.42
randomforest,2021-10-01,136.0,545.4
randomforest,2021-11-01,96.0,606.79
randomforest,2021-12-01,75.0,657.87
randomforest,2022-01-01,232.0,729.56
randomforest,2022-02-01,231.0,727.44
randomforest,2022-03-01,295.0,626.32
randomforest,2022-04-01,226.0,631.32
randomforest,2021-06-01,601.0,752.76
randomforest,2021-07-01,488.0,655.18
randomforest,2021-08-01,380.0,716.19
randomforest,2021-09-01,182.0,732.49
randomforest,2021-10-01,136.0,655.49
randomforest,2021-11-01,96.0,706.36
randomforest,2021-12-01,75.0,681.14
randomforest,2022-01-01,232.0,723.42
randomforest,2022-02-01,231.0,765.31
randomforest,2022-03-01,295.0,660.68
randomforest,2022-04-01,226.0,717.13
randomforest,2022-05-01,317.0,697.69
randomforest,2021-07-01,488.0,514.65
randomforest,2021-08-01,380.0,599.83
randomforest,2021-09-01,182.0,615.3
randomforest,2021-10-01,136.0,563.81
randomforest,2021-11-01,96.0,633.73
randomforest,2021-12-01,75.0,644.22
randomforest,2022-01-01,232.0,661.33
randomforest,2022-02-01,231.0,744.25
randomforest,2022-03-01,295.0,682.19
randomforest,2022-04-01,226.0,697.63
randomforest,2022-05-01,317.0,681.92
randomforest,2022-06-01,142.0,628.37
randomforest,2021-08-01,380.0,564.41
randomforest,2021-09-01,182.0,630.68
randomforest,2021-10-01,136.0,613.94
randomforest,2021-11-01,96.0,641.36
randomforest,2021-12-01,75.0,655.48
randomforest,2022-01-01,232.0,701.63
randomforest,2022-02-01,231.0,776.87
randomforest,2022-03-01,295.0,701.39
randomforest,2022-04-01,226.0,675.43
randomforest,2022-05-01,317.0,595.27
randomforest,2022-06-01,142.0,504.92
randomforest,2022-07-01,136.0,476.19
randomforest,2021-09-01,182.0,291.44
randomforest,2021-10-01,136.0,202.57
randomforest,2021-11-01,96.0,218.61
randomforest,2021-12-01,75.0,310.45
randomforest,2022-01-01,232.0,559.6
randomforest,2022-02-01,231.0,789.87
randomforest,2022-03-01,295.0,767.61
randomforest,2022-04-01,226.0,719.08
randomforest,2022-05-01,317.0,615.8
randomforest,2022-06-01,142.0,448.92
randomforest,2022-07-01,136.0,370.73
randomforest,2022-08-01,90.0,232.8
randomforest,2021-10-01,136.0,173.08
randomforest,2021-11-01,96.0,195.46
randomforest,2021-12-01,75.0,322.3
randomforest,2022-01-01,232.0,585.98
randomforest,2022-02-01,231.0,731.2
randomforest,2022-03-01,295.0,754.82
randomforest,2022-04-01,226.0,721.05
randomforest,2022-05-01,317.0,637.37
randomforest,2022-06-01,142.0,435.18
randomforest,2022-07-01,136.0,336.67
randomforest,2022-08-01,90.0,222.12
randomforest,2022-09-01,103.0,213.32
randomforest,2021-11-01,96.0,163.1
randomforest,2021-12-01,75.0,294.28
randomforest,2022-01-01,232.0,486.47
randomforest,2022-02-01,231.0,719.91
randomforest,2022-03-01,295.0,784.82
randomforest,2022-04-01,226.0,745.34
randomforest,2022-05-01,317.0,631.0
randomforest,2022-06-01,142.0,427.89
randomforest,2022-07-01,136.0,316.53
randomforest,2022-08-01,90.0,226.48
randomforest,2022-09-01,103.0,205.29
randomforest,2022-10-01,146.0,205.72
randomforest,2021-12-01,75.0,276.83
randomforest,2022-01-01,232.0,461.63
randomforest,2022-02-01,231.0,706.38
randomforest,2022-03-01,295.0,776.96
randomforest,2022-04-01,226.0,724.09
randomforest,2022-05-01,317.0,647.63
randomforest,2022-06-01,142.0,510.11
randomforest,2022-07-01,136.0,369.74
randomforest,2022-08-01,90.0,232.76
randomforest,2022-09-01,103.0,219.73
randomforest,2022-10-01,146.0,211.35
randomforest,2022-11-01,110.0,211.13
randomforest,2022-01-01,232.0,298.0
randomforest,2022-02-01,231.0,403.16
randomforest,2022-03-01,295.0,567.52
randomforest,2022-04-01,226.0,670.48
randomforest,2022-05-01,317.0,717.82
randomforest,2022-06-01,142.0,569.08
randomforest,2022-07-01,136.0,402.85
randomforest,2022-08-01,90.0,333.81
randomforest,2022-09-01,103.0,245.7
randomforest,2022-10-01,146.0,221.02
randomforest,2022-11-01,110.0,211.26
randomforest,2022-12-01,96.0,214.64
randomforest,2022-02-01,231.0,412.19
randomforest,2022-03-01,295.0,579.43
randomforest,2022-04-01,226.0,696.67
randomforest,2022-05-01,317.0,744.55
randomforest,2022-06-01,142.0,592.85
randomforest,2022-07-01,136.0,422.62
randomforest,2022-08-01,90.0,371.79
randomforest,2022-09-01,103.0,259.59
randomforest,2022-10-01,146.0,212.68
randomforest,2022-11-01,110.0,205.18
randomforest,2022-12-01,96.0,220.29
randomforest,2023-01-01,166.0,292.32
randomforest,2022-03-01,295.0,306.83
randomforest,2022-04-01,226.0,315.86
randomforest,2022-05-01,317.0,342.87
randomforest,2022-06-01,142.0,270.88
randomforest,2022-07-01,136.0,231.66
randomforest,2022-08-01,90.0,228.85
randomforest,2022-09-01,103.0,228.29
randomforest,2022-10-01,146.0,209.08
randomforest,2022-11-01,110.0,198.7
randomforest,2022-12-01,96.0,226.41
randomforest,2023-01-01,166.0,324.14
randomforest,2023-02-01,173.0,596.84
randomforest,2022-04-01,226.0,315.73
randomforest,2022-05-01,317.0,350.41
randomforest,2022-06-01,142.0,280.75
randomforest,2022-07-01,136.0,241.94
randomforest,2022-08-01,90.0,234.36
randomforest,2022-09-01,103.0,239.23
randomforest,2022-10-01,146.0,220.94
randomforest,2022-11-01,110.0,201.31
randomforest,2022-12-01,96.0,214.87
randomforest,2023-01-01,166.0,313.7
randomforest,2023-02-01,173.0,614.89
randomforest,2023-03-01,305.0,647.69
randomforest,2022-05-01,317.0,273.76
randomforest,2022-06-01,142.0,248.68
randomforest,2022-07-01,136.0,245.1
randomforest,2022-08-01,90.0,230.79
randomforest,2022-09-01,103.0,237.62
randomforest,2022-10-01,146.0,231.11
randomforest,2022-11-01,110.0,213.48
randomforest,2022-12-01,96.0,221.25
randomforest,2023-01-01,166.0,316.44
randomforest,2023-02-01,173.0,627.49
randomforest,2023-03-01,305.0,680.58
randomforest,2023-04-01,341.0,755.9
randomforest,2022-06-01,142.0,280.77
randomforest,2022-07-01,136.0,254.96
randomforest,2022-08-01,90.0,246.92
randomforest,2022-09-01,103.0,252.07
randomforest,2022-10-01,146.0,238.27
randomforest,2022-11-01,110.0,222.29
randomforest,2022-12-01,96.0,223.98
randomforest,2023-01-01,166.0,325.12
randomforest,2023-02-01,173.0,590.71
randomforest,2023-03-01,305.0,701.06
randomforest,2023-04-01,341.0,803.81
randomforest,2023-05-01,288.0,793.57
randomforest,2022-07-01,136.0,173.93
randomforest,2022-08-01,90.0,177.19
randomforest,2022-09-01,103.0,178.76
randomforest,2022-10-01,146.0,176.08
randomforest,2022-11-01,110.0,170.64
randomforest,2022-12-01,96.0,203.85
randomforest,2023-01-01,166.0,341.41
randomforest,2023-02-01,173.0,650.83
randomforest,2023-03-01,305.0,813.27
randomforest,2023-04-01,341.0,816.88
randomforest,2023-05-01,288.0,796.02
randomforest,2023-06-01,226.0,695.34
randomforest,2022-08-01,90.0,150.22
randomforest,2022-09-01,103.0,149.8
randomforest,2022-10-01,146.0,160.35
randomforest,2022-11-01,110.0,161.73
randomforest,2022-12-01,96.0,186.8
randomforest,2023-01-01,166.0,322.99
randomforest,2023-02-01,173.0,668.28
randomforest,2023-03-01,305.0,737.62
randomforest,2023-04-01,341.0,767.31
randomforest,2023-05-01,288.0,772.85
randomforest,2023-06-01,226.0,676.24
randomforest,2023-07-01,386.0,613.1
randomforest,2022-09-01,103.0,130.7
randomforest,2022-10-01,146.0,157.56
randomforest,2022-11-01,110.0,157.69
randomforest,2022-12-01,96.0,187.18
randomforest,2023-01-01,166.0,334.24
randomforest,2023-02-01,173.0,671.35
randomforest,2023-03-01,305.0,780.46
randomforest,2023-04-01,341.0,796.69
randomforest,2023-05-01,288.0,794.5
randomforest,2023-06-01,226.0,677.45
randomforest,2023-07-01,386.0,607.74
randomforest,2023-08-01,271.0,446.5
randomforest,2022-10-01,146.0,165.0
randomforest,2022-11-01,110.0,171.3
randomforest,2022-12-01,96.0,217.81
randomforest,2023-01-01,166.0,336.65
randomforest,2023-02-01,173.0,551.56
randomforest,2023-03-01,305.0,690.21
randomforest,2023-04-01,341.0,820.85
randomforest,2023-05-01,288.0,814.92
randomforest,2023-06-01,226.0,708.96
randomforest,2023-07-01,386.0,597.5
randomforest,2023-08-01,271.0,479.97
randomforest,2023-09-01,263.0,439.63
randomforest,2022-11-01,110.0,161.1
randomforest,2022-12-01,96.0,203.72
randomforest,2023-01-01,166.0,360.19
randomforest,2023-02-01,173.0,601.22
randomforest,2023-03-01,305.0,676.86
randomforest,2023-04-01,341.0,767.9
randomforest,2023-05-01,288.0,770.86
randomforest,2023-06-01,226.0,650.5
randomforest,2023-07-01,386.0,599.59
randomforest,2023-08-01,271.0,463.3
randomforest,2023-09-01,263.0,411.77
randomforest,2023-10-01,135.0,459.89
randomforest,2022-12-01,96.0,199.09
randomforest,2023-01-01,166.0,364.83
randomforest,2023-02-01,173.0,598.66
randomforest,2023-03-01,305.0,715.38
randomforest,2023-04-01,341.0,754.97
randomforest,2023-05-01,288.0,765.15
randomforest,2023-06-01,226.0,662.84
randomforest,2023-07-01,386.0,633.47
randomforest,2023-08-01,271.0,488.59
randomforest,2023-09-01,263.0,455.51
randomforest,2023-10-01,135.0,538.78
randomforest,2023-11-01,114.0,638.52
randomforest,2023-01-01,166.0,240.01
randomforest,2023-02-01,173.0,496.8
randomforest,2023-03-01,305.0,672.29
randomforest,2023-04-01,341.0,771.04
randomforest,2023-05-01,288.0,783.32
randomforest,2023-06-01,226.0,695.19
randomforest,2023-07-01,386.0,630.47
randomforest,2023-08-01,271.0,482.75
randomforest,2023-09-01,263.0,455.65
randomforest,2023-10-01,135.0,527.22
randomforest,2023-11-01,114.0,616.92
randomforest,2023-12-01,1974.0,667.79
randomforest,2023-02-01,173.0,304.81
randomforest,2023-03-01,305.0,583.43
randomforest,2023-04-01,341.0,689.96
randomforest,2023-05-01,288.0,769.87
randomforest,2023-06-01,226.0,699.43
randomforest,2023-07-01,386.0,629.93
randomforest,2023-08-01,271.0,477.42
randomforest,2023-09-01,263.0,440.79
randomforest,2023-10-01,135.0,501.76
randomforest,2023-11-01,114.0,590.22
randomforest,2023-12-01,1974.0,664.97
randomforest,2024-01-01,3786.0,707.17
randomforest,2023-03-01,305.0,329.24
randomforest,2023-04-01,341.0,491.34
randomforest,2023-05-01,288.0,609.09
randomforest,2023-06-01,226.0,607.41
randomforest,2023-07-01,386.0,578.39
randomforest,2023-08-01,271.0,479.12
randomforest,2023-09-01,263.0,471.74
randomforest,2023-10-01,135.0,508.98
randomforest,2023-11-01,114.0,620.06
randomforest,2023-12-01,1974.0,694.33
randomforest,2024-01-01,3786.0,705.01
randomforest,2024-02-01,1870.0,747.58
randomforest,2023-04-01,341.0,399.22
randomforest,2023-05-01,288.0,479.54
randomforest,2023-06-01,226.0,515.5
randomforest,2023-07-01,386.0,586.08
randomforest,2023-08-01,271.0,502.42
randomforest,2023-09-01,263.0,486.45
randomforest,2023-10-01,135.0,518.79
randomforest,2023-11-01,114.0,615.4
randomforest,2023-12-01,1974.0,673.48
randomforest,2024-01-01,3786.0,692.48
randomforest,2024-02-01,1870.0,733.38
randomforest,2024-03-01,1376.0,672.62
randomforest,2023-05-01,288.0,326.3
randomforest,2023-06-01,226.0,290.9
randomforest,2023-07-01,386.0,302.27
randomforest,2023-08-01,271.0,242.88
randomforest,2023-09-01,263.0,252.65
randomforest,2023-10-01,135.0,392.75
randomforest,2023-11-01,114.0,531.34
randomforest,2023-12-01,1974.0,672.11
randomforest,2024-01-01,3786.0,719.26
randomforest,2024-02-01,1870.0,739.08
randomforest,2024-03-01,1376.0,688.76
randomforest,2024-04-01,640.0,711.32
randomforest,2023-06-01,226.0,272.62
randomforest,2023-07-01,386.0,317.53
randomforest,2023-08-01,271.0,266.8
randomforest,2023-09-01,263.0,267.89
randomforest,2023-10-01,135.0,411.13
randomforest,2023-11-01,114.0,525.27
randomforest,2023-12-01,1974.0,653.71
randomforest,2024-01-01,3786.0,743.78
randomforest,2024-02-01,1870.0,731.66
randomforest,2024-03-01,1376.0,682.93
randomforest,2024-04-01,640.0,724.99
randomforest,2024-05-01,343.0,685.97
randomforest,2023-07-01,386.0,279.85
randomforest,2023-08-01,271.0,253.52
randomforest,2023-09-01,263.0,263.84
randomforest,2023-10-01,135.0,393.06
randomforest,2023-11-01,114.0,534.69
randomforest,2023-12-01,1974.0,649.61
randomforest,2024-01-01,3786.0,759.17
randomforest,2024-02-01,1870.0,756.98
randomforest,2024-03-01,1376.0,722.9
randomforest,2024-04-01,640.0,743.19
randomforest,2024-05-01,343.0,696.24
randomforest,2024-06-01,377.0,673.66
randomforest,2023-08-01,271.0,311.89
randomforest,2023-09-01,263.0,306.53
randomforest,2023-10-01,135.0,377.58
randomforest,2023-11-01,114.0,427.56
randomforest,2023-12-01,1974.0,665.09
randomforest,2024-01-01,3786.0,753.45
randomforest,2024-02-01,1870.0,768.06
randomforest,2024-03-01,1376.0,695.7
randomforest,2024-04-01,640.0,727.15
randomforest,2024-05-01,343.0,698.58
randomforest,2024-06-01,377.0,687.79
randomforest,2024-07-01,250.0,685.98
randomforest,2023-09-01,263.0,262.17
randomforest,2023-10-01,135.0,371.2
randomforest,2023-11-01,114.0,412.77
randomforest,2023-12-01,1974.0,583.98
randomforest,2024-01-01,3786.0,690.0
randomforest,2024-02-01,1870.0,773.46
randomforest,2024-03-01,1376.0,738.86
randomforest,2024-04-01,640.0,738.09
randomforest,2024-05-01,343.0,686.94
randomforest,2024-06-01,377.0,675.16
randomforest,2024-07-01,250.0,658.42
randomforest,2024-08-01,213.0,555.83
randomforest,2023-10-01,135.0,408.1
randomforest,2023-11-01,114.0,565.63
randomforest,2023-12-01,1974.0,673.98
randomforest,2024-01-01,3786.0,724.02
randomforest,2024-02-01,1870.0,755.88
randomforest,2024-03-01,1376.0,680.18
randomforest,2024-04-01,640.0,718.22
randomforest,2024-05-01,343.0,711.44
randomforest,2024-06-01,377.0,707.78
randomforest,2024-07-01,250.0,693.58
randomforest,2024-08-01,213.0,582.37
randomforest,2024-09-01,197.0,532.84
randomforest,2023-11-01,114.0,171.16
randomforest,2023-12-01,1974.0,236.16
randomforest,2024-01-01,3786.0,270.42
randomforest,2024-02-01,1870.0,376.1
randomforest,2024-03-01,1376.0,409.23
randomforest,2024-04-01,640.0,523.84
randomforest,2024-05-01,343.0,640.3
randomforest,2024-06-01,377.0,679.87
randomforest,2024-07-01,250.0,653.01
randomforest,2024-08-01,213.0,552.45
randomforest,2024-09-01,197.0,482.51
randomforest,2024-10-01,207.0,436.2
randomforest,2023-12-01,1974.0,151.21
randomforest,2024-01-01,3786.0,175.13
randomforest,2024-02-01,1870.0,247.44
randomforest,2024-03-01,1376.0,391.22
randomforest,2024-04-01,640.0,504.05
randomforest,2024-05-01,343.0,624.05
randomforest,2024-06-01,377.0,681.88
randomforest,2024-07-01,250.0,710.73
randomforest,2024-08-01,213.0,585.76
randomforest,2024-09-01,197.0,506.25
randomforest,2024-10-01,207.0,496.06
randomforest,2024-11-01,199.0,461.25
randomforest,2024-01-01,3786.0,1219.07
randomforest,2024-02-01,1870.0,1264.02
randomforest,2024-03-01,1376.0,1241.86
randomforest,2024-04-01,640.0,1236.79
randomforest,2024-05-01,343.0,1225.49
randomforest,2024-06-01,377.0,1214.11
randomforest,2024-07-01,250.0,1121.21
randomforest,2024-08-01,213.0,795.71
randomforest,2024-09-01,197.0,624.52
randomforest,2024-10-01,207.0,535.79
randomforest,2024-11-01,199.0,581.75
randomforest,2024-12-01,179.0,639.45
timesfm,2014-01-01,365.0,480.50872802734375
timesfm,2014-02-01,453.0,491.3157653808594
timesfm,2014-03-01,957.0,355.8712158203125
timesfm,2014-04-01,708.0,282.50616455078125
timesfm,2014-05-01,459.0,395.1993408203125
timesfm,2014-06-01,379.0,407.68115234375
timesfm,2014-07-01,192.0,427.8323669433594
timesfm,2014-08-01,156.0,414.72918701171875
timesfm,2014-09-01,148.0,295.4191589355469
timesfm,2014-10-01,131.0,287.6429138183594
timesfm,2014-11-01,227.0,295.71417236328125
timesfm,2014-12-01,165.0,598.2847290039062
timesfm,2014-02-01,453.0,484.03924560546875
timesfm,2014-03-01,957.0,399.5357666015625
timesfm,2014-04-01,708.0,290.15771484375
timesfm,2014-05-01,459.0,269.84100341796875
timesfm,2014-06-01,379.0,372.80517578125
timesfm,2014-07-01,192.0,488.9898376464844
timesfm,2014-08-01,156.0,500.2614440917969
timesfm,2014-09-01,148.0,499.1614990234375
timesfm,2014-10-01,131.0,378.9303283691406
timesfm,2014-11-01,227.0,394.60955810546875
timesfm,2014-12-01,165.0,603.4081420898438
timesfm,2015-01-01,231.0,1224.3389892578125
timesfm,2014-03-01,957.0,436.6095886230469
timesfm,2014-04-01,708.0,372.8192138671875
timesfm,2014-05-01,459.0,340.2384948730469
timesfm,2014-06-01,379.0,333.1859130859375
timesfm,2014-07-01,192.0,404.39935302734375
timesfm,2014-08-01,156.0,398.811767578125
timesfm,2014-09-01,148.0,333.73309326171875
timesfm,2014-10-01,131.0,326.3126525878906
timesfm,2014-11-01,227.0,340.8517150878906
timesfm,2014-12-01,165.0,690.2714233398438
timesfm,2015-01-01,231.0,1382.7735595703125
timesfm,2015-02-01,335.0,1836.7742919921875
timesfm,2014-04-01,708.0,695.3289794921875
timesfm,2014-05-01,459.0,567.1378784179688
timesfm,2014-06-01,379.0,451.8863830566406
timesfm,2014-07-01,192.0,390.95355224609375
timesfm,2014-08-01,156.0,364.11688232421875
timesfm,2014-09-01,148.0,264.2900695800781
timesfm,2014-10-01,131.0,260.77783203125
timesfm,2014-11-01,227.0,328.2606201171875
timesfm,2014-12-01,165.0,704.6857299804688
timesfm,2015-01-01,231.0,1525.7950439453125
timesfm,2015-02-01,335.0,2216.91845703125
timesfm,2015-03-01,517.0,1871.907470703125
timesfm,2014-05-01,459.0,563.4820556640625
timesfm,2014-06-01,379.0,556.1737060546875
timesfm,2014-07-01,192.0,511.7784729003906
timesfm,2014-08-01,156.0,438.21734619140625
timesfm,2014-09-01,148.0,402.5538635253906
timesfm,2014-10-01,131.0,296.27520751953125
timesfm,2014-11-01,227.0,404.7799072265625
timesfm,2014-12-01,165.0,692.9114379882812
timesfm,2015-01-01,231.0,1267.517333984375
timesfm,2015-02-01,335.0,1779.3671875
timesfm,2015-03-01,517.0,1679.9393310546875
timesfm,2015-04-01,251.0,1086.111328125
timesfm,2014-06-01,379.0,473.47589111328125
timesfm,2014-07-01,192.0,504.0721435546875
timesfm,2014-08-01,156.0,509.6773376464844
timesfm,2014-09-01,148.0,425.39813232421875
timesfm,2014-10-01,131.0,359.4627685546875
timesfm,2014-11-01,227.0,368.17047119140625
timesfm,2014-12-01,165.0,586.6318359375
timesfm,2015-01-01,231.0,1090.2452392578125
timesfm,2015-02-01,335.0,1495.3297119140625
timesfm,2015-03-01,517.0,1355.2647705078125
timesfm,2015-04-01,251.0,1034.3681640625
timesfm,2015-05-01,377.0,758.8441162109375
timesfm,2014-07-01,192.0,439.59197998046875
timesfm,2014-08-01,156.0,466.6104736328125
timesfm,2014-09-01,148.0,376.76123046875
timesfm,2014-10-01,131.0,274.3369140625
timesfm,2014-11-01,227.0,315.21173095703125
timesfm,2014-12-01,165.0,517.0755615234375
timesfm,2015-01-01,231.0,947.9628295898438
timesfm,2015-02-01,335.0,1431.7822265625
timesfm,2015-03-01,517.0,1318.99658203125
timesfm,2015-04-01,251.0,911.5809326171875
timesfm,2015-05-01,377.0,741.9675903320312
timesfm,2015-06-01,255.0,629.4205322265625
timesfm,2014-08-01,156.0,252.1962127685547
timesfm,2014-09-01,148.0,272.19482421875
timesfm,2014-10-01,131.0,182.269775390625
timesfm,2014-11-01,227.0,243.25079345703125
timesfm,2014-12-01,165.0,489.5380554199219
timesfm,2015-01-01,231.0,845.0261840820312
timesfm,2015-02-01,335.0,1173.813232421875
timesfm,2015-03-01,517.0,1123.8251953125
timesfm,2015-04-01,251.0,823.7876586914062
timesfm,2015-05-01,377.0,648.4700927734375
timesfm,2015-06-01,255.0,571.0379638671875
timesfm,2015-07-01,263.0,483.2696533203125
timesfm,2014-09-01,148.0,154.92193603515625
timesfm,2014-10-01,131.0,120.72418212890625
timesfm,2014-11-01,227.0,161.6514892578125
timesfm,2014-12-01,165.0,447.2710876464844
timesfm,2015-01-01,231.0,989.8462524414062
timesfm,2015-02-01,335.0,1438.9185791015625
timesfm,2015-03-01,517.0,1403.6058349609375
timesfm,2015-04-01,251.0,1002.3744506835938
timesfm,2015-05-01,377.0,720.4949340820312
timesfm,2015-06-01,255.0,635.853271484375
timesfm,2015-07-01,263.0,584.8072509765625
timesfm,2015-08-01,267.0,381.7481689453125
timesfm,2014-10-01,131.0,63.52226257324219
timesfm,2014-11-01,227.0,89.20499420166016
timesfm,2014-12-01,165.0,319.16412353515625
timesfm,2015-01-01,231.0,995.1663818359375
timesfm,2015-02-01,335.0,1654.3536376953125
timesfm,2015-03-01,517.0,1573.982421875
timesfm,2015-04-01,251.0,1130.9715576171875
timesfm,2015-05-01,377.0,870.97119140625
timesfm,2015-06-01,255.0,672.2437133789062
timesfm,2015-07-01,263.0,508.2792053222656
timesfm,2015-08-01,267.0,408.87799072265625
timesfm,2015-09-01,290.0,331.2923583984375
timesfm,2014-11-01,227.0,9.948028564453125
timesfm,2014-12-01,165.0,190.39329528808594
timesfm,2015-01-01,231.0,826.2919921875
timesfm,2015-02-01,335.0,1529.56884765625
timesfm,2015-03-01,517.0,1463.190185546875
timesfm,2015-04-01,251.0,958.3447265625
timesfm,2015-05-01,377.0,776.6497192382812
timesfm,2015-06-01,255.0,610.10986328125
timesfm,2015-07-01,263.0,534.3111572265625
timesfm,2015-08-01,267.0,481.5679016113281
timesfm,2015-09-01,290.0,408.6622009277344
timesfm,2015-10-01,164.0,426.70849609375
timesfm,2014-12-01,165.0,349.35247802734375
timesfm,2015-01-01,231.0,930.1968383789062
timesfm,2015-02-01,335.0,1442.3253173828125
timesfm,2015-03-01,517.0,1358.8065185546875
timesfm,2015-04-01,251.0,1000.6304321289062
timesfm,2015-05-01,377.0,758.0846557617188
timesfm,2015-06-01,255.0,621.3507080078125
timesfm,2015-07-01,263.0,535.0448608398438
timesfm,2015-08-01,267.0,472.0186767578125
timesfm,2015-09-01,290.0,464.82928466796875
timesfm,2015-10-01,164.0,317.39361572265625
timesfm,2015-11-01,192.0,302.97442626953125
timesfm,2015-01-01,231.0,230.02499389648438
timesfm,2015-02-01,335.0,676.7861328125
timesfm,2015-03-01,517.0,782.990478515625
timesfm,2015-04-01,251.0,569.3919677734375
timesfm,2015-05-01,377.0,538.502685546875
timesfm,2015-06-01,255.0,515.0513916015625
timesfm,2015-07-01,263.0,392.9599609375
timesfm,2015-08-01,267.0,318.36383056640625
timesfm,2015-09-01,290.0,279.1058349609375
timesfm,2015-10-01,164.0,323.0764465332031
timesfm,2015-11-01,192.0,243.84890747070312
timesfm,2015-12-01,312.0,183.4198760986328
timesfm,2015-02-01,335.0,404.1875915527344
timesfm,2015-03-01,517.0,579.8772583007812
timesfm,2015-04-01,251.0,480.5848388671875
timesfm,2015-05-01,377.0,399.62811279296875
timesfm,2015-06-01,255.0,434.0154724121094
timesfm,2015-07-01,263.0,343.39520263671875
timesfm,2015-08-01,267.0,249.52413940429688
timesfm,2015-09-01,290.0,213.93093872070312
timesfm,2015-10-01,164.0,184.739990234375
timesfm,2015-11-01,192.0,211.0139923095703
timesfm,2015-12-01,312.0,174.07908630371094
timesfm,2016-01-01,1205.0,186.2640380859375
timesfm,2015-03-01,517.0,853.8031616210938
timesfm,2015-04-01,251.0,449.2940368652344
timesfm,2015-05-01,377.0,527.559814453125
timesfm,2015-06-01,255.0,527.3800048828125
timesfm,2015-07-01,263.0,460.3866882324219
timesfm,2015-08-01,267.0,241.43792724609375
timesfm,2015-09-01,290.0,235.51364135742188
timesfm,2015-10-01,164.0,309.315673828125
timesfm,2015-11-01,192.0,173.04122924804688
timesfm,2015-12-01,312.0,221.99082946777344
timesfm,2016-01-01,1205.0,203.06881713867188
timesfm,2016-02-01,1494.0,316.23822021484375
timesfm,2015-04-01,251.0,571.4560546875
timesfm,2015-05-01,377.0,464.06475830078125
timesfm,2015-06-01,255.0,518.3834228515625
timesfm,2015-07-01,263.0,377.881103515625
timesfm,2015-08-01,267.0,298.51458740234375
timesfm,2015-09-01,290.0,221.79385375976562
timesfm,2015-10-01,164.0,230.4004364013672
timesfm,2015-11-01,192.0,231.9498748779297
timesfm,2015-12-01,312.0,170.9290771484375
timesfm,2016-01-01,1205.0,228.86569213867188
timesfm,2016-02-01,1494.0,270.18658447265625
timesfm,2016-03-01,1207.0,341.68927001953125
timesfm,2015-05-01,377.0,207.2577667236328
timesfm,2015-06-01,255.0,239.15850830078125
timesfm,2015-07-01,263.0,235.0712890625
timesfm,2015-08-01,267.0,191.87286376953125
timesfm,2015-09-01,290.0,213.1804656982422
timesfm,2015-10-01,164.0,140.70941162109375
timesfm,2015-11-01,192.0,125.07967376708984
timesfm,2015-12-01,312.0,137.65286254882812
timesfm,2016-01-01,1205.0,128.94668579101562
timesfm,2016-02-01,1494.0,130.86273193359375
timesfm,2016-03-01,1207.0,176.05123901367188
timesfm,2016-04-01,1552.0,217.99481201171875
timesfm,2015-06-01,255.0,379.0278015136719
timesfm,2015-07-01,263.0,374.00604248046875
timesfm,2015-08-01,267.0,339.69732666015625
timesfm,2015-09-01,290.0,329.7945556640625
timesfm,2015-10-01,164.0,274.96722412109375
timesfm,2015-11-01,192.0,173.7965850830078
timesfm,2015-12-01,312.0,230.0518798828125
timesfm,2016-01-01,1205.0,226.7861328125
timesfm,2016-02-01,1494.0,316.6318359375
timesfm,2016-03-01,1207.0,269.7563781738281
timesfm,2016-04-01,1552.0,195.94219970703125
timesfm,2016-05-01,1118.0,272.2645263671875
timesfm,2015-07-01,263.0,165.39443969726562
timesfm,2015-08-01,267.0,225.91165161132812
timesfm,2015-09-01,290.0,213.95404052734375
timesfm,2015-10-01,164.0,185.98635864257812
timesfm,2015-11-01,192.0,177.96676635742188
timesfm,2015-12-01,312.0,120.24502563476562
timesfm,2016-01-01,1205.0,141.0454864501953
timesfm,2016-02-01,1494.0,146.19503784179688
timesfm,2016-03-01,1207.0,172.99635314941406
timesfm,2016-04-01,1552.0,131.2092742919922
timesfm,2016-05-01,1118.0,159.4514617919922
timesfm,2016-06-01,620.0,142.13011169433594
timesfm,2015-08-01,267.0,206.02976989746094
timesfm,2015-09-01,290.0,228.62216186523438
timesfm,2015-10-01,164.0,194.41180419921875
timesfm,2015-11-01,192.0,146.50527954101562
timesfm,2015-12-01,312.0,226.26841735839844
timesfm,2016-01-01,1205.0,182.4692840576172
timesfm,2016-02-01,1494.0,230.91702270507812
timesfm,2016-03-01,1207.0,266.4930725097656
timesfm,2016-04-01,1552.0,242.2364044189453
timesfm,2016-05-01,1118.0,213.1514129638672
timesfm,2016-06-01,620.0,158.04417419433594
timesfm,2016-07-01,371.0,202.81756591796875
timesfm,2015-09-01,290.0,163.8966827392578
timesfm,2015-10-01,164.0,164.12725830078125
timesfm,2015-11-01,192.0,164.29042053222656
timesfm,2015-12-01,312.0,98.7220230102539
timesfm,2016-01-01,1205.0,171.64144897460938
timesfm,2016-02-01,1494.0,174.74139404296875
timesfm,2016-03-01,1207.0,221.55569458007812
timesfm,2016-04-01,1552.0,278.11346435546875
timesfm,2016-05-01,1118.0,352.8476257324219
timesfm,2016-06-01,620.0,247.90167236328125
timesfm,2016-07-01,371.0,241.52987670898438
timesfm,2016-08-01,211.0,194.78453063964844
timesfm,2015-10-01,164.0,119.3099136352539
timesfm,2015-11-01,192.0,233.0577392578125
timesfm,2015-12-01,312.0,210.57017517089844
timesfm,2016-01-01,1205.0,182.90444946289062
timesfm,2016-02-01,1494.0,344.2113952636719
timesfm,2016-03-01,1207.0,365.77178955078125
timesfm,2016-04-01,1552.0,436.56884765625
timesfm,2016-05-01,1118.0,630.456298828125
timesfm,2016-06-01,620.0,467.07476806640625
timesfm,2016-07-01,371.0,303.39849853515625
timesfm,2016-08-01,211.0,191.7698516845703
timesfm,2016-09-01,193.0,68.09587860107422
timesfm,2015-11-01,192.0,192.50265502929688
timesfm,2015-12-01,312.0,173.8730926513672
timesfm,2016-01-01,1205.0,133.8836669921875
timesfm,2016-02-01,1494.0,176.58387756347656
timesfm,2016-03-01,1207.0,276.2116394042969
timesfm,2016-04-01,1552.0,286.4990539550781
timesfm,2016-05-01,1118.0,363.32525634765625
timesfm,2016-06-01,620.0,366.95086669921875
timesfm,2016-07-01,371.0,273.1804504394531
timesfm,2016-08-01,211.0,218.98431396484375
timesfm,2016-09-01,193.0,11.60906982421875
timesfm,2016-10-01,218.0,0.0
timesfm,2015-12-01,312.0,145.62844848632812
timesfm,2016-01-01,1205.0,187.69534301757812
timesfm,2016-02-01,1494.0,280.8697509765625
timesfm,2016-03-01,1207.0,290.2791748046875
timesfm,2016-04-01,1552.0,328.55316162109375
timesfm,2016-05-01,1118.0,305.39703369140625
timesfm,2016-06-01,620.0,375.47003173828125
timesfm,2016-07-01,371.0,383.5596923828125
timesfm,2016-08-01,211.0,290.9098205566406
timesfm,2016-09-01,193.0,69.84759521484375
timesfm,2016-10-01,218.0,0.0
timesfm,2016-11-01,220.0,4.9904632568359375
timesfm,2016-01-01,1205.0,203.03236389160156
timesfm,2016-02-01,1494.0,274.38348388671875
timesfm,2016-03-01,1207.0,288.5892333984375
timesfm,2016-04-01,1552.0,343.94744873046875
timesfm,2016-05-01,1118.0,488.97637939453125
timesfm,2016-06-01,620.0,365.3929138183594
timesfm,2016-07-01,371.0,287.4560546875
timesfm,2016-08-01,211.0,242.97979736328125
timesfm,2016-09-01,193.0,155.8589630126953
timesfm,2016-10-01,218.0,111.18219757080078
timesfm,2016-11-01,220.0,140.0572509765625
timesfm,2016-12-01,250.0,284.3179931640625
timesfm,2016-02-01,1494.0,774.8941040039062
timesfm,2016-03-01,1207.0,631.6646728515625
timesfm,2016-04-01,1552.0,536.044921875
timesfm,2016-05-01,1118.0,580.555419921875
timesfm,2016-06-01,620.0,520.3292236328125
timesfm,2016-07-01,371.0,379.109619140625
timesfm,2016-08-01,211.0,290.93316650390625
timesfm,2016-09-01,193.0,96.24898529052734
timesfm,2016-10-01,218.0,25.521041870117188
timesfm,2016-11-01,220.0,288.94622802734375
timesfm,2016-12-01,250.0,514.3441772460938
timesfm,2017-01-01,737.0,1106.83544921875
timesfm,2016-03-01,1207.0,1190.9881591796875
timesfm,2016-04-01,1552.0,907.52294921875
timesfm,2016-05-01,1118.0,888.4014892578125
timesfm,2016-06-01,620.0,787.2926635742188
timesfm,2016-07-01,371.0,794.78076171875
timesfm,2016-08-01,211.0,730.3724975585938
timesfm,2016-09-01,193.0,545.4345092773438
timesfm,2016-10-01,218.0,490.3543395996094
timesfm,2016-11-01,220.0,490.9097595214844
timesfm,2016-12-01,250.0,742.0263061523438
timesfm,2017-01-01,737.0,1713.406005859375
timesfm,2017-02-01,594.0,2508.8818359375
timesfm,2016-04-01,1552.0,806.3462524414062
timesfm,2016-05-01,1118.0,745.132080078125
timesfm,2016-06-01,620.0,657.552734375
timesfm,2016-07-01,371.0,549.9676513671875
timesfm,2016-08-01,211.0,590.2611694335938
timesfm,2016-09-01,193.0,371.92181396484375
timesfm,2016-10-01,218.0,297.6302490234375
timesfm,2016-11-01,220.0,477.3594970703125
timesfm,2016-12-01,250.0,617.11865234375
timesfm,2017-01-01,737.0,1115.91455078125
timesfm,2017-02-01,594.0,1593.213623046875
timesfm,2017-03-01,563.0,1281.3135986328125
timesfm,2016-05-01,1118.0,1181.5738525390625
timesfm,2016-06-01,620.0,915.9261474609375
timesfm,2016-07-01,371.0,692.2745361328125
timesfm,2016-08-01,211.0,527.10595703125
timesfm,2016-09-01,193.0,481.59429931640625
timesfm,2016-10-01,218.0,325.2062072753906
timesfm,2016-11-01,220.0,377.4060974121094
timesfm,2016-12-01,250.0,594.0010986328125
timesfm,2017-01-01,737.0,931.567138671875
timesfm,2017-02-01,594.0,1334.13330078125
timesfm,2017-03-01,563.0,1214.4830322265625
timesfm,2017-04-01,604.0,781.82763671875
timesfm,2016-06-01,620.0,836.2097778320312
timesfm,2016-07-01,371.0,732.2560424804688
timesfm,2016-08-01,211.0,614.8780517578125
timesfm,2016-09-01,193.0,466.7119140625
timesfm,2016-10-01,218.0,431.986328125
timesfm,2016-11-01,220.0,417.2808837890625
timesfm,2016-12-01,250.0,633.9180908203125
timesfm,2017-01-01,737.0,1246.2503662109375
timesfm,2017-02-01,594.0,1900.66748046875
timesfm,2017-03-01,563.0,1629.6920166015625
timesfm,2017-04-01,604.0,921.7407836914062
timesfm,2017-05-01,266.0,497.08642578125
timesfm,2016-07-01,371.0,490.770751953125
timesfm,2016-08-01,211.0,472.0032653808594
timesfm,2016-09-01,193.0,327.6360778808594
timesfm,2016-10-01,218.0,253.52023315429688
timesfm,2016-11-01,220.0,312.86260986328125
timesfm,2016-12-01,250.0,578.7551879882812
timesfm,2017-01-01,737.0,1286.4154052734375
timesfm,2017-02-01,594.0,1948.6104736328125
timesfm,2017-03-01,563.0,1870.63720703125
timesfm,2017-04-01,604.0,1006.6973266601562
timesfm,2017-05-01,266.0,476.415283203125
timesfm,2017-06-01,202.0,294.0289001464844
timesfm,2016-08-01,211.0,251.59820556640625
timesfm,2016-09-01,193.0,233.24606323242188
timesfm,2016-10-01,218.0,174.9897918701172
timesfm,2016-11-01,220.0,208.8376007080078
timesfm,2016-12-01,250.0,484.60772705078125
timesfm,2017-01-01,737.0,1217.92626953125
timesfm,2017-02-01,594.0,1782.575439453125
timesfm,2017-03-01,563.0,1586.883544921875
timesfm,2017-04-01,604.0,927.9553833007812
timesfm,2017-05-01,266.0,456.6259460449219
timesfm,2017-06-01,202.0,248.2255401611328
timesfm,2017-07-01,244.0,156.48794555664062
timesfm,2016-09-01,193.0,146.468994140625
timesfm,2016-10-01,218.0,117.95380401611328
timesfm,2016-11-01,220.0,73.47911071777344
timesfm,2016-12-01,250.0,274.7533874511719
timesfm,2017-01-01,737.0,712.6937255859375
timesfm,2017-02-01,594.0,1148.195068359375
timesfm,2017-03-01,563.0,1056.0015869140625
timesfm,2017-04-01,604.0,562.6451416015625
timesfm,2017-05-01,266.0,303.0035095214844
timesfm,2017-06-01,202.0,185.92160034179688
timesfm,2017-07-01,244.0,158.8047637939453
timesfm,2017-08-01,258.0,175.5682830810547
timesfm,2016-10-01,218.0,151.66116333007812
timesfm,2016-11-01,220.0,128.38401794433594
timesfm,2016-12-01,250.0,235.43136596679688
timesfm,2017-01-01,737.0,723.5478515625
timesfm,2017-02-01,594.0,1174.3095703125
timesfm,2017-03-01,563.0,1064.88916015625
timesfm,2017-04-01,604.0,620.66455078125
timesfm,2017-05-01,266.0,332.166748046875
timesfm,2017-06-01,202.0,192.572265625
timesfm,2017-07-01,244.0,112.1589584350586
timesfm,2017-08-01,258.0,187.16769409179688
timesfm,2017-09-01,290.0,220.7591094970703
timesfm,2016-11-01,220.0,175.72128295898438
timesfm,2016-12-01,250.0,255.37835693359375
timesfm,2017-01-01,737.0,607.0939331054688
timesfm,2017-02-01,594.0,937.0659790039062
timesfm,2017-03-01,563.0,893.0475463867188
timesfm,2017-04-01,604.0,606.2680053710938
timesfm,2017-05-01,266.0,410.70318603515625
timesfm,2017-06-01,202.0,270.780029296875
timesfm,2017-07-01,244.0,230.0899658203125
timesfm,2017-08-01,258.0,202.6507110595703
timesfm,2017-09-01,290.0,204.98175048828125
timesfm,2017-10-01,210.0,238.61929321289062
timesfm,2016-12-01,250.0,136.62109375
timesfm,2017-01-01,737.0,525.1220092773438
timesfm,2017-02-01,594.0,937.8244018554688
timesfm,2017-03-01,563.0,866.2149658203125
timesfm,2017-04-01,604.0,521.6649169921875
timesfm,2017-05-01,266.0,324.56201171875
timesfm,2017-06-01,202.0,240.5653533935547
timesfm,2017-07-01,244.0,223.42442321777344
timesfm,2017-08-01,258.0,209.9326171875
timesfm,2017-09-01,290.0,200.2080078125
timesfm,2017-10-01,210.0,187.0513153076172
timesfm,2017-11-01,123.0,238.64926147460938
timesfm,2017-01-01,737.0,327.420166015625
timesfm,2017-02-01,594.0,682.0454711914062
timesfm,2017-03-01,563.0,638.1630249023438
timesfm,2017-04-01,604.0,410.1818542480469
timesfm,2017-05-01,266.0,261.4064636230469
timesfm,2017-06-01,202.0,207.85418701171875
timesfm,2017-07-01,244.0,214.99485778808594
timesfm,2017-08-01,258.0,221.581787109375
timesfm,2017-09-01,290.0,179.2083282470703
timesfm,2017-10-01,210.0,224.25201416015625
timesfm,2017-11-01,123.0,293.23394775390625
timesfm,2017-12-01,163.0,316.45538330078125
timesfm,2017-02-01,594.0,1099.97412109375
timesfm,2017-03-01,563.0,965.5187377929688
timesfm,2017-04-01,604.0,583.09326171875
timesfm,2017-05-01,266.0,359.81182861328125
timesfm,2017-06-01,202.0,262.98211669921875
timesfm,2017-07-01,244.0,221.37648010253906
timesfm,2017-08-01,258.0,263.4156494140625
timesfm,2017-09-01,290.0,261.0300598144531
timesfm,2017-10-01,210.0,222.02899169921875
timesfm,2017-11-01,123.0,273.7762145996094
timesfm,2017-12-01,163.0,381.8266296386719
timesfm,2018-01-01,154.0,441.9878234863281
timesfm,2017-03-01,563.0,618.9712524414062
timesfm,2017-04-01,604.0,426.1299133300781
timesfm,2017-05-01,266.0,299.7998046875
timesfm,2017-06-01,202.0,234.89242553710938
timesfm,2017-07-01,244.0,239.6752166748047
timesfm,2017-08-01,258.0,250.0773162841797
timesfm,2017-09-01,290.0,304.0633850097656
timesfm,2017-10-01,210.0,298.52020263671875
timesfm,2017-11-01,123.0,306.3734436035156
timesfm,2017-12-01,163.0,326.33624267578125
timesfm,2018-01-01,154.0,394.26861572265625
timesfm,2018-02-01,170.0,424.544189453125
timesfm,2017-04-01,604.0,442.0377502441406
timesfm,2017-05-01,266.0,278.59234619140625
timesfm,2017-06-01,202.0,267.1081237792969
timesfm,2017-07-01,244.0,246.13699340820312
timesfm,2017-08-01,258.0,273.06396484375
timesfm,2017-09-01,290.0,272.565185546875
timesfm,2017-10-01,210.0,276.22119140625
timesfm,2017-11-01,123.0,277.6064147949219
timesfm,2017-12-01,163.0,328.45709228515625
timesfm,2018-01-01,154.0,372.5382080078125
timesfm,2018-02-01,170.0,463.5302734375
timesfm,2018-03-01,248.0,485.697509765625
timesfm,2017-05-01,266.0,354.29241943359375
timesfm,2017-06-01,202.0,252.09609985351562
timesfm,2017-07-01,244.0,298.4943542480469
timesfm,2017-08-01,258.0,322.69952392578125
timesfm,2017-09-01,290.0,365.4009094238281
timesfm,2017-10-01,210.0,321.8455810546875
timesfm,2017-11-01,123.0,328.1614990234375
timesfm,2017-12-01,163.0,347.19073486328125
timesfm,2018-01-01,154.0,411.77069091796875
timesfm,2018-02-01,170.0,400.31707763671875
timesfm,2018-03-01,248.0,473.8984069824219
timesfm,2018-04-01,351.0,466.2837829589844
timesfm,2017-06-01,202.0,92.59020233154297
timesfm,2017-07-01,244.0,140.31443786621094
timesfm,2017-08-01,258.0,241.905517578125
timesfm,2017-09-01,290.0,310.5599365234375
timesfm,2017-10-01,210.0,328.697998046875
timesfm,2017-11-01,123.0,339.3778076171875
timesfm,2017-12-01,163.0,402.98541259765625
timesfm,2018-01-01,154.0,444.20697021484375
timesfm,2018-02-01,170.0,444.3164978027344
timesfm,2018-03-01,248.0,423.1318664550781
timesfm,2018-04-01,351.0,482.3249206542969
timesfm,2018-05-01,252.0,375.6914978027344
timesfm,2017-07-01,244.0,65.97702026367188
timesfm,2017-08-01,258.0,164.1370086669922
timesfm,2017-09-01,290.0,259.5392150878906
timesfm,2017-10-01,210.0,332.596435546875
timesfm,2017-11-01,123.0,381.22662353515625
timesfm,2017-12-01,163.0,387.923828125
timesfm,2018-01-01,154.0,484.88751220703125
timesfm,2018-02-01,170.0,520.7608642578125
timesfm,2018-03-01,248.0,484.1482238769531
timesfm,2018-04-01,351.0,412.9044189453125
timesfm,2018-05-01,252.0,389.7620849609375
timesfm,2018-06-01,250.0,246.80587768554688
timesfm,2017-08-01,258.0,186.26002502441406
timesfm,2017-09-01,290.0,259.7520446777344
timesfm,2017-10-01,210.0,340.5955505371094
timesfm,2017-11-01,123.0,324.19573974609375
timesfm,2017-12-01,163.0,393.02191162109375
timesfm,2018-01-01,154.0,452.92938232421875
timesfm,2018-02-01,170.0,473.25579833984375
timesfm,2018-03-01,248.0,544.2861328125
timesfm,2018-04-01,351.0,538.3132934570312
timesfm,2018-05-01,252.0,370.7586975097656
timesfm,2018-06-01,250.0,280.0804748535156
timesfm,2018-07-01,305.0,153.33477783203125
timesfm,2017-09-01,290.0,236.6661376953125
timesfm,2017-10-01,210.0,274.0809326171875
timesfm,2017-11-01,123.0,306.4458923339844
timesfm,2017-12-01,163.0,327.383544921875
timesfm,2018-01-01,154.0,428.18994140625
timesfm,2018-02-01,170.0,507.0635986328125
timesfm,2018-03-01,248.0,520.2099609375
timesfm,2018-04-01,351.0,509.7840881347656
timesfm,2018-05-01,252.0,456.0373840332031
timesfm,2018-06-01,250.0,332.1936950683594
timesfm,2018-07-01,305.0,262.44256591796875
timesfm,2018-08-01,212.0,180.94168090820312
timesfm,2017-10-01,210.0,269.0877685546875
timesfm,2017-11-01,123.0,266.89312744140625
timesfm,2017-12-01,163.0,299.54248046875
timesfm,2018-01-01,154.0,400.4189453125
timesfm,2018-02-01,170.0,507.8906555175781
timesfm,2018-03-01,248.0,549.60546875
timesfm,2018-04-01,351.0,503.5702209472656
timesfm,2018-05-01,252.0,457.9735412597656
timesfm,2018-06-01,250.0,346.99310302734375
timesfm,2018-07-01,305.0,249.78147888183594
timesfm,2018-08-01,212.0,181.8265380859375
timesfm,2018-09-01,185.0,114.01486206054688
timesfm,2017-11-01,123.0,214.44708251953125
timesfm,2017-12-01,163.0,269.7384033203125
timesfm,2018-01-01,154.0,351.59100341796875
timesfm,2018-02-01,170.0,420.26995849609375
timesfm,2018-03-01,248.0,522.25439453125
timesfm,2018-04-01,351.0,532.2408447265625
timesfm,2018-05-01,252.0,439.7300109863281
timesfm,2018-06-01,250.0,364.78436279296875
timesfm,2018-07-01,305.0,223.65672302246094
timesfm,2018-08-01,212.0,123.8929672241211
timesfm,2018-09-01,185.0,87.16780090332031
timesfm,2018-10-01,131.0,67.38558959960938
timesfm,2017-12-01,163.0,175.47792053222656
timesfm,2018-01-01,154.0,292.49407958984375
timesfm,2018-02-01,170.0,391.109130859375
timesfm,2018-03-01,248.0,458.78643798828125
timesfm,2018-04-01,351.0,543.81201171875
timesfm,2018-05-01,252.0,494.62213134765625
timesfm,2018-06-01,250.0,385.9685363769531
timesfm,2018-07-01,305.0,286.4302062988281
timesfm,2018-08-01,212.0,155.724853515625
timesfm,2018-09-01,185.0,120.71952056884766
timesfm,2018-10-01,131.0,82.70040893554688
timesfm,2018-11-01,97.0,120.0822982788086
timesfm,2018-01-01,154.0,284.94647216796875
timesfm,2018-02-01,170.0,367.7431335449219
timesfm,2018-03-01,248.0,427.0404357910156
timesfm,2018-04-01,351.0,445.58721923828125
timesfm,2018-05-01,252.0,445.7318115234375
timesfm,2018-06-01,250.0,357.07269287109375
timesfm,2018-07-01,305.0,269.38848876953125
timesfm,2018-08-01,212.0,212.31321716308594
timesfm,2018-09-01,185.0,139.1692657470703
timesfm,2018-10-01,131.0,127.19750213623047
timesfm,2018-11-01,97.0,135.87384033203125
timesfm,2018-12-01,153.0,255.15760803222656
timesfm,2018-02-01,170.0,238.20643615722656
timesfm,2018-03-01,248.0,303.9629821777344
timesfm,2018-04-01,351.0,343.4844970703125
timesfm,2018-05-01,252.0,345.38079833984375
timesfm,2018-06-01,250.0,337.44580078125
timesfm,2018-07-01,305.0,279.1507263183594
timesfm,2018-08-01,212.0,218.7548065185547
timesfm,2018-09-01,185.0,174.62945556640625
timesfm,2018-10-01,131.0,94.82074737548828
timesfm,2018-11-01,97.0,154.1753387451172
timesfm,2018-12-01,153.0,359.6275329589844
timesfm,2019-01-01,128.0,837.3151245117188
timesfm,2018-03-01,248.0,224.3446502685547
timesfm,2018-04-01,351.0,286.6576843261719
timesfm,2018-05-01,252.0,301.572265625
timesfm,2018-06-01,250.0,273.78497314453125
timesfm,2018-07-01,305.0,262.5843505859375
timesfm,2018-08-01,212.0,208.30946350097656
timesfm,2018-09-01,185.0,166.07164001464844
timesfm,2018-10-01,131.0,141.7633514404297
timesfm,2018-11-01,97.0,153.74539184570312
timesfm,2018-12-01,153.0,307.87042236328125
timesfm,2019-01-01,128.0,662.1412353515625
timesfm,2019-02-01,212.0,938.5567016601562
timesfm,2018-04-01,351.0,288.5693054199219
timesfm,2018-05-01,252.0,297.29925537109375
timesfm,2018-06-01,250.0,285.509521484375
timesfm,2018-07-01,305.0,238.24517822265625
timesfm,2018-08-01,212.0,221.9481201171875
timesfm,2018-09-01,185.0,174.42144775390625
timesfm,2018-10-01,131.0,143.39303588867188
timesfm,2018-11-01,97.0,151.14230346679688
timesfm,2018-12-01,153.0,235.38221740722656
timesfm,2019-01-01,128.0,466.5682067871094
timesfm,2019-02-01,212.0,696.80615234375
timesfm,2019-03-01,197.0,620.330078125
timesfm,2018-05-01,252.0,358.6728515625
timesfm,2018-06-01,250.0,315.24627685546875
timesfm,2018-07-01,305.0,287.05035400390625
timesfm,2018-08-01,212.0,220.783203125
timesfm,2018-09-01,185.0,185.20703125
timesfm,2018-10-01,131.0,138.28504943847656
timesfm,2018-11-01,97.0,173.33035278320312
timesfm,2018-12-01,153.0,266.9680480957031
timesfm,2019-01-01,128.0,499.13519287109375
timesfm,2019-02-01,212.0,705.99365234375
timesfm,2019-03-01,197.0,665.6641235351562
timesfm,2019-04-01,242.0,439.22613525390625
timesfm,2018-06-01,250.0,169.24423217773438
timesfm,2018-07-01,305.0,191.8769989013672
timesfm,2018-08-01,212.0,207.55007934570312
timesfm,2018-09-01,185.0,148.79132080078125
timesfm,2018-10-01,131.0,139.28794860839844
timesfm,2018-11-01,97.0,190.96841430664062
timesfm,2018-12-01,153.0,389.17633056640625
timesfm,2019-01-01,128.0,924.1672973632812
timesfm,2019-02-01,212.0,1399.4945068359375
timesfm,2019-03-01,197.0,1129.68505859375
timesfm,2019-04-01,242.0,636.1104125976562
timesfm,2019-05-01,211.0,301.95855712890625
timesfm,2018-07-01,305.0,223.44703674316406
timesfm,2018-08-01,212.0,218.4647674560547
timesfm,2018-09-01,185.0,188.2857666015625
timesfm,2018-10-01,131.0,125.47602844238281
timesfm,2018-11-01,97.0,170.58993530273438
timesfm,2018-12-01,153.0,298.4552917480469
timesfm,2019-01-01,128.0,617.3905029296875
timesfm,2019-02-01,212.0,904.4056396484375
timesfm,2019-03-01,197.0,733.1464233398438
timesfm,2019-04-01,242.0,407.07073974609375
timesfm,2019-05-01,211.0,211.29739379882812
timesfm,2019-06-01,322.0,102.44751739501953
timesfm,2018-08-01,212.0,250.6588134765625
timesfm,2018-09-01,185.0,221.94268798828125
timesfm,2018-10-01,131.0,192.3544921875
timesfm,2018-11-01,97.0,229.6089324951172
timesfm,2018-12-01,153.0,411.92291259765625
timesfm,2019-01-01,128.0,810.5502319335938
timesfm,2019-02-01,212.0,1219.6741943359375
timesfm,2019-03-01,197.0,1029.78759765625
timesfm,2019-04-01,242.0,538.447509765625
timesfm,2019-05-01,211.0,279.54425048828125
timesfm,2019-06-01,322.0,171.69821166992188
timesfm,2019-07-01,213.0,177.2130584716797
timesfm,2018-09-01,185.0,160.60165405273438
timesfm,2018-10-01,131.0,150.64804077148438
timesfm,2018-11-01,97.0,192.30422973632812
timesfm,2018-12-01,153.0,315.5407409667969
timesfm,2019-01-01,128.0,610.9987182617188
timesfm,2019-02-01,212.0,854.4395141601562
timesfm,2019-03-01,197.0,753.1078491210938
timesfm,2019-04-01,242.0,511.00439453125
timesfm,2019-05-01,211.0,301.73822021484375
timesfm,2019-06-01,322.0,191.97866821289062
timesfm,2019-07-01,213.0,204.15904235839844
timesfm,2019-08-01,153.0,226.0572052001953
timesfm,2018-10-01,131.0,140.96197509765625
timesfm,2018-11-01,97.0,159.88829040527344
timesfm,2018-12-01,153.0,295.9021911621094
timesfm,2019-01-01,128.0,574.281982421875
timesfm,2019-02-01,212.0,858.66455078125
timesfm,2019-03-01,197.0,748.580078125
timesfm,2019-04-01,242.0,494.8196105957031
timesfm,2019-05-01,211.0,283.5647277832031
timesfm,2019-06-01,322.0,163.70269775390625
timesfm,2019-07-01,213.0,181.207763671875
timesfm,2019-08-01,153.0,219.97434997558594
timesfm,2019-09-01,150.0,243.45343017578125
timesfm,2018-11-01,97.0,113.66194152832031
timesfm,2018-12-01,153.0,191.72482299804688
timesfm,2019-01-01,128.0,420.25262451171875
timesfm,2019-02-01,212.0,628.64306640625
timesfm,2019-03-01,197.0,590.014892578125
timesfm,2019-04-01,242.0,388.9939270019531
timesfm,2019-05-01,211.0,253.37564086914062
timesfm,2019-06-01,322.0,153.55062866210938
timesfm,2019-07-01,213.0,152.88340759277344
timesfm,2019-08-01,153.0,163.43313598632812
timesfm,2019-09-01,150.0,198.9288787841797
timesfm,2019-10-01,124.0,225.649169921875
timesfm,2018-12-01,153.0,118.31084442138672
timesfm,2019-01-01,128.0,332.642822265625
timesfm,2019-02-01,212.0,519.7230224609375
timesfm,2019-03-01,197.0,512.6654052734375
timesfm,2019-04-01,242.0,381.73028564453125
timesfm,2019-05-01,211.0,245.62139892578125
timesfm,2019-06-01,322.0,160.3157196044922
timesfm,2019-07-01,213.0,175.4627685546875
timesfm,2019-08-01,153.0,180.08566284179688
timesfm,2019-09-01,150.0,188.88619995117188
timesfm,2019-10-01,124.0,150.68508911132812
timesfm,2019-11-01,121.0,171.74752807617188
timesfm,2019-01-01,128.0,243.9590606689453
timesfm,2019-02-01,212.0,414.793212890625
timesfm,2019-03-01,197.0,402.416748046875
timesfm,2019-04-01,242.0,311.5038757324219
timesfm,2019-05-01,211.0,244.80953979492188
timesfm,2019-06-01,322.0,191.79539489746094
timesfm,2019-07-01,213.0,183.68405151367188
timesfm,2019-08-01,153.0,199.6217041015625
timesfm,2019-09-01,150.0,176.46604919433594
timesfm,2019-10-01,124.0,178.59332275390625
timesfm,2019-11-01,121.0,197.0160369873047
timesfm,2019-12-01,112.0,213.20623779296875
timesfm,2019-02-01,212.0,314.9335021972656
timesfm,2019-03-01,197.0,342.82293701171875
timesfm,2019-04-01,242.0,274.4996032714844
timesfm,2019-05-01,211.0,225.8904571533203
timesfm,2019-06-01,322.0,190.41616821289062
timesfm,2019-07-01,213.0,202.48446655273438
timesfm,2019-08-01,153.0,233.5638885498047
timesfm,2019-09-01,150.0,256.7529296875
timesfm,2019-10-01,124.0,243.72019958496094
timesfm,2019-11-01,121.0,233.89015197753906
timesfm,2019-12-01,112.0,221.50991821289062
timesfm,2020-01-01,205.0,226.51559448242188
timesfm,2019-03-01,197.0,338.49249267578125
timesfm,2019-04-01,242.0,272.7461853027344
timesfm,2019-05-01,211.0,205.9281768798828
timesfm,2019-06-01,322.0,198.639404296875
timesfm,2019-07-01,213.0,211.8120880126953
timesfm,2019-08-01,153.0,241.72531127929688
timesfm,2019-09-01,150.0,274.8341064453125
timesfm,2019-10-01,124.0,299.2992858886719
timesfm,2019-11-01,121.0,273.17498779296875
timesfm,2019-12-01,112.0,249.79478454589844
timesfm,2020-01-01,205.0,234.61874389648438
timesfm,2020-02-01,289.0,255.89288330078125
timesfm,2019-04-01,242.0,190.34327697753906
timesfm,2019-05-01,211.0,134.20559692382812
timesfm,2019-06-01,322.0,149.24850463867188
timesfm,2019-07-01,213.0,177.5030975341797
timesfm,2019-08-01,153.0,220.65948486328125
timesfm,2019-09-01,150.0,239.0609588623047
timesfm,2019-10-01,124.0,233.55255126953125
timesfm,2019-11-01,121.0,240.099365234375
timesfm,2019-12-01,112.0,215.55889892578125
timesfm,2020-01-01,205.0,212.61709594726562
timesfm,2020-02-01,289.0,235.1543426513672
timesfm,2020-03-01,368.0,256.2734680175781
timesfm,2019-05-01,211.0,204.32781982421875
timesfm,2019-06-01,322.0,174.31195068359375
timesfm,2019-07-01,213.0,205.3106689453125
timesfm,2019-08-01,153.0,223.0251007080078
timesfm,2019-09-01,150.0,244.753662109375
timesfm,2019-10-01,124.0,245.33746337890625
timesfm,2019-11-01,121.0,240.8915252685547
timesfm,2019-12-01,112.0,232.66607666015625
timesfm,2020-01-01,205.0,239.0030517578125
timesfm,2020-02-01,289.0,253.80970764160156
timesfm,2020-03-01,368.0,264.1481628417969
timesfm,2020-04-01,114.0,287.36431884765625
timesfm,2019-06-01,322.0,182.12942504882812
timesfm,2019-07-01,213.0,190.54864501953125
timesfm,2019-08-01,153.0,220.5034942626953
timesfm,2019-09-01,150.0,223.50341796875
timesfm,2019-10-01,124.0,232.33302307128906
timesfm,2019-11-01,121.0,220.76612854003906
timesfm,2019-12-01,112.0,223.98269653320312
timesfm,2020-01-01,205.0,214.40342712402344
timesfm,2020-02-01,289.0,242.660400390625
timesfm,2020-03-01,368.0,244.4322509765625
timesfm,2020-04-01,114.0,249.02914428710938
timesfm,2020-05-01,227.0,264.4538269042969
timesfm,2019-07-01,213.0,255.03781127929688
timesfm,2019-08-01,153.0,259.0655822753906
timesfm,2019-09-01,150.0,258.1315612792969
timesfm,2019-10-01,124.0,252.1837615966797
timesfm,2019-11-01,121.0,259.9564514160156
timesfm,2019-12-01,112.0,251.43515014648438
timesfm,2020-01-01,205.0,261.3304443359375
timesfm,2020-02-01,289.0,261.53607177734375
timesfm,2020-03-01,368.0,271.87646484375
timesfm,2020-04-01,114.0,262.6673889160156
timesfm,2020-05-01,227.0,258.1610412597656
timesfm,2020-06-01,218.0,261.121826171875
timesfm,2019-08-01,153.0,194.26095581054688
timesfm,2019-09-01,150.0,217.4892578125
timesfm,2019-10-01,124.0,223.96092224121094
timesfm,2019-11-01,121.0,221.9556884765625
timesfm,2019-12-01,112.0,230.5022430419922
timesfm,2020-01-01,205.0,245.63070678710938
timesfm,2020-02-01,289.0,252.56788635253906
timesfm,2020-03-01,368.0,254.47763061523438
timesfm,2020-04-01,114.0,268.48846435546875
timesfm,2020-05-01,227.0,252.80218505859375
timesfm,2020-06-01,218.0,241.4307098388672
timesfm,2020-07-01,202.0,238.0126953125
timesfm,2019-09-01,150.0,162.93438720703125
timesfm,2019-10-01,124.0,168.22560119628906
timesfm,2019-11-01,121.0,180.40541076660156
timesfm,2019-12-01,112.0,180.14825439453125
timesfm,2020-01-01,205.0,213.6992645263672
timesfm,2020-02-01,289.0,251.36865234375
timesfm,2020-03-01,368.0,252.39224243164062
timesfm,2020-04-01,114.0,236.2242431640625
timesfm,2020-05-01,227.0,227.15794372558594
timesfm,2020-06-01,218.0,218.13864135742188
timesfm,2020-07-01,202.0,206.11141967773438
timesfm,2020-08-01,169.0,198.2487335205078
timesfm,2019-10-01,124.0,167.349365234375
timesfm,2019-11-01,121.0,169.9522247314453
timesfm,2019-12-01,112.0,187.2047119140625
timesfm,2020-01-01,205.0,203.98760986328125
timesfm,2020-02-01,289.0,244.57888793945312
timesfm,2020-03-01,368.0,268.37811279296875
timesfm,2020-04-01,114.0,254.5247802734375
timesfm,2020-05-01,227.0,236.80490112304688
timesfm,2020-06-01,218.0,217.89356994628906
timesfm,2020-07-01,202.0,212.98428344726562
timesfm,2020-08-01,169.0,197.96054077148438
timesfm,2020-09-01,73.0,184.063232421875
timesfm,2019-11-01,121.0,143.57748413085938
timesfm,2019-12-01,112.0,141.43124389648438
timesfm,2020-01-01,205.0,181.3252410888672
timesfm,2020-02-01,289.0,192.9543914794922
timesfm,2020-03-01,368.0,222.203125
timesfm,2020-04-01,114.0,240.22119140625
timesfm,2020-05-01,227.0,226.73049926757812
timesfm,2020-06-01,218.0,215.35250854492188
timesfm,2020-07-01,202.0,198.2888641357422
timesfm,2020-08-01,169.0,206.7734375
timesfm,2020-09-01,73.0,182.2601776123047
timesfm,2020-10-01,69.0,162.99269104003906
timesfm,2019-12-01,112.0,137.8546600341797
timesfm,2020-01-01,205.0,172.99017333984375
timesfm,2020-02-01,289.0,213.96131896972656
timesfm,2020-03-01,368.0,213.8343505859375
timesfm,2020-04-01,114.0,222.9110565185547
timesfm,2020-05-01,227.0,223.9278106689453
timesfm,2020-06-01,218.0,204.64202880859375
timesfm,2020-07-01,202.0,191.0878143310547
timesfm,2020-08-01,169.0,174.7658233642578
timesfm,2020-09-01,73.0,179.48513793945312
timesfm,2020-10-01,69.0,147.57647705078125
timesfm,2020-11-01,204.0,151.87344360351562
timesfm,2020-01-01,205.0,111.259033203125
timesfm,2020-02-01,289.0,148.58570861816406
timesfm,2020-03-01,368.0,181.54783630371094
timesfm,2020-04-01,114.0,187.87367248535156
timesfm,2020-05-01,227.0,199.6278076171875
timesfm,2020-06-01,218.0,204.58587646484375
timesfm,2020-07-01,202.0,190.03480529785156
timesfm,2020-08-01,169.0,179.2013397216797
timesfm,2020-09-01,73.0,146.77003479003906
timesfm,2020-10-01,69.0,152.21908569335938
timesfm,2020-11-01,204.0,141.18801879882812
timesfm,2020-12-01,185.0,187.29493713378906
timesfm,2020-02-01,289.0,178.89889526367188
timesfm,2020-03-01,368.0,198.86862182617188
timesfm,2020-04-01,114.0,215.40753173828125
timesfm,2020-05-01,227.0,210.07330322265625
timesfm,2020-06-01,218.0,217.44476318359375
timesfm,2020-07-01,202.0,203.4935302734375
timesfm,2020-08-01,169.0,186.5066375732422
timesfm,2020-09-01,73.0,167.533203125
timesfm,2020-10-01,69.0,143.89971923828125
timesfm,2020-11-01,204.0,169.0775146484375
timesfm,2020-12-01,185.0,211.9236297607422
timesfm,2021-01-01,392.0,356.5657958984375
timesfm,2020-03-01,368.0,247.5033721923828
timesfm,2020-04-01,114.0,253.1006317138672
timesfm,2020-05-01,227.0,260.4595642089844
timesfm,2020-06-01,218.0,245.63165283203125
timesfm,2020-07-01,202.0,238.70404052734375
timesfm,2020-08-01,169.0,222.651611328125
timesfm,2020-09-01,73.0,199.1747283935547
timesfm,2020-10-01,69.0,160.6413116455078
timesfm,2020-11-01,204.0,167.76068115234375
timesfm,2020-12-01,185.0,251.6789093017578
timesfm,2021-01-01,392.0,412.2233581542969
timesfm,2021-02-01,674.0,549.6380004882812
timesfm,2020-04-01,114.0,313.2518310546875
timesfm,2020-05-01,227.0,285.30865478515625
timesfm,2020-06-01,218.0,273.448486328125
timesfm,2020-07-01,202.0,229.90211486816406
timesfm,2020-08-01,169.0,215.78884887695312
timesfm,2020-09-01,73.0,187.3354949951172
timesfm,2020-10-01,69.0,174.46920776367188
timesfm,2020-11-01,204.0,161.085693359375
timesfm,2020-12-01,185.0,222.55508422851562
timesfm,2021-01-01,392.0,410.07354736328125
timesfm,2021-02-01,674.0,532.577392578125
timesfm,2021-03-01,1007.0,500.94281005859375
timesfm,2020-05-01,227.0,148.08029174804688
timesfm,2020-06-01,218.0,156.17625427246094
timesfm,2020-07-01,202.0,167.92276000976562
timesfm,2020-08-01,169.0,165.00454711914062
timesfm,2020-09-01,73.0,164.8948974609375
timesfm,2020-10-01,69.0,156.81988525390625
timesfm,2020-11-01,204.0,152.83367919921875
timesfm,2020-12-01,185.0,177.078857421875
timesfm,2021-01-01,392.0,245.06661987304688
timesfm,2021-02-01,674.0,311.9508361816406
timesfm,2021-03-01,1007.0,296.9278259277344
timesfm,2021-04-01,886.0,250.49562072753906
timesfm,2020-06-01,218.0,200.3615264892578
timesfm,2020-07-01,202.0,188.40457153320312
timesfm,2020-08-01,169.0,195.1650390625
timesfm,2020-09-01,73.0,175.49586486816406
timesfm,2020-10-01,69.0,173.7539520263672
timesfm,2020-11-01,204.0,169.32083129882812
timesfm,2020-12-01,185.0,190.682861328125
timesfm,2021-01-01,392.0,256.9922180175781
timesfm,2021-02-01,674.0,307.0855712890625
timesfm,2021-03-01,1007.0,312.12359619140625
timesfm,2021-04-01,886.0,264.7958984375
timesfm,2021-05-01,838.0,227.47120666503906
timesfm,2020-07-01,202.0,200.4952850341797
timesfm,2020-08-01,169.0,186.31845092773438
timesfm,2020-09-01,73.0,179.81158447265625
timesfm,2020-10-01,69.0,151.8267822265625
timesfm,2020-11-01,204.0,169.98728942871094
timesfm,2020-12-01,185.0,223.86929321289062
timesfm,2021-01-01,392.0,336.90325927734375
timesfm,2021-02-01,674.0,444.2576599121094
timesfm,2021-03-01,1007.0,400.972412109375
timesfm,2021-04-01,886.0,308.3086853027344
timesfm,2021-05-01,838.0,246.1365509033203
timesfm,2021-06-01,601.0,210.70664978027344
timesfm,2020-08-01,169.0,177.50399780273438
timesfm,2020-09-01,73.0,165.52651977539062
timesfm,2020-10-01,69.0,157.9756622314453
timesfm,2020-11-01,204.0,163.60751342773438
timesfm,2020-12-01,185.0,222.38705444335938
timesfm,2021-01-01,392.0,344.8578796386719
timesfm,2021-02-01,674.0,428.56549072265625
timesfm,2021-03-01,1007.0,409.00048828125
timesfm,2021-04-01,886.0,310.090576171875
timesfm,2021-05-01,838.0,254.8804931640625
timesfm,2021-06-01,601.0,224.3960418701172
timesfm,2021-07-01,488.0,205.0263214111328
timesfm,2020-09-01,73.0,147.76132202148438
timesfm,2020-10-01,69.0,147.7986297607422
timesfm,2020-11-01,204.0,158.28756713867188
timesfm,2020-12-01,185.0,189.06607055664062
timesfm,2021-01-01,392.0,274.16131591796875
timesfm,2021-02-01,674.0,358.64630126953125
timesfm,2021-03-01,1007.0,354.4454345703125
timesfm,2021-04-01,886.0,294.5865173339844
timesfm,2021-05-01,838.0,232.05081176757812
timesfm,2021-06-01,601.0,212.00115966796875
timesfm,2021-07-01,488.0,210.7080535888672
timesfm,2021-08-01,380.0,206.78428649902344
timesfm,2020-10-01,69.0,93.11299896240234
timesfm,2020-11-01,204.0,105.03865051269531
timesfm,2020-12-01,185.0,164.16510009765625
timesfm,2021-01-01,392.0,246.3533935546875
timesfm,2021-02-01,674.0,337.7784423828125
timesfm,2021-03-01,1007.0,346.7147216796875
timesfm,2021-04-01,886.0,288.1044006347656
timesfm,2021-05-01,838.0,226.22592163085938
timesfm,2021-06-01,601.0,193.17124938964844
timesfm,2021-07-01,488.0,175.9457550048828
timesfm,2021-08-01,380.0,181.03289794921875
timesfm,2021-09-01,182.0,178.01747131347656
timesfm,2020-11-01,204.0,99.47872161865234
timesfm,2020-12-01,185.0,127.00104522705078
timesfm,2021-01-01,392.0,190.42552185058594
timesfm,2021-02-01,674.0,235.36770629882812
timesfm,2021-03-01,1007.0,251.7354736328125
timesfm,2021-04-01,886.0,231.00088500976562
timesfm,2021-05-01,838.0,200.81346130371094
timesfm,2021-06-01,601.0,174.9130859375
timesfm,2021-07-01,488.0,164.71109008789062
timesfm,2021-08-01,380.0,160.33694458007812
timesfm,2021-09-01,182.0,149.10147094726562
timesfm,2021-10-01,136.0,134.5071563720703
timesfm,2020-12-01,185.0,185.42474365234375
timesfm,2021-01-01,392.0,228.30186462402344
timesfm,2021-02-01,674.0,284.06793212890625
timesfm,2021-03-01,1007.0,273.4622497558594
timesfm,2021-04-01,886.0,249.71292114257812
timesfm,2021-05-01,838.0,228.98890686035156
timesfm,2021-06-01,601.0,205.7532501220703
timesfm,2021-07-01,488.0,187.96607971191406
timesfm,2021-08-01,380.0,178.72238159179688
timesfm,2021-09-01,182.0,173.68113708496094
timesfm,2021-10-01,136.0,158.1116943359375
timesfm,2021-11-01,96.0,161.4978485107422
timesfm,2021-01-01,392.0,209.23106384277344
timesfm,2021-02-01,674.0,251.9329071044922
timesfm,2021-03-01,1007.0,275.24322509765625
timesfm,2021-04-01,886.0,238.2083282470703
timesfm,2021-05-01,838.0,214.02871704101562
timesfm,2021-06-01,601.0,198.14013671875
timesfm,2021-07-01,488.0,186.61233520507812
timesfm,2021-08-01,380.0,177.5176239013672
timesfm,2021-09-01,182.0,168.4862060546875
timesfm,2021-10-01,136.0,167.05197143554688
timesfm,2021-11-01,96.0,164.94677734375
timesfm,2021-12-01,75.0,170.39105224609375
timesfm,2021-02-01,674.0,386.936279296875
timesfm,2021-03-01,1007.0,348.71160888671875
timesfm,2021-04-01,886.0,296.1171569824219
timesfm,2021-05-01,838.0,245.18104553222656
timesfm,2021-06-01,601.0,220.1153106689453
timesfm,2021-07-01,488.0,209.47828674316406
timesfm,2021-08-01,380.0,207.6306610107422
timesfm,2021-09-01,182.0,201.65740966796875
timesfm,2021-10-01,136.0,180.22450256347656
timesfm,2021-11-01,96.0,188.32965087890625
timesfm,2021-12-01,75.0,185.27125549316406
timesfm,2022-01-01,232.0,203.40902709960938
timesfm,2021-03-01,1007.0,518.842529296875
timesfm,2021-04-01,886.0,359.94744873046875
timesfm,2021-05-01,838.0,295.76300048828125
timesfm,2021-06-01,601.0,233.8388671875
timesfm,2021-07-01,488.0,211.191650390625
timesfm,2021-08-01,380.0,197.28094482421875
timesfm,2021-09-01,182.0,172.23495483398438
timesfm,2021-10-01,136.0,162.57666015625
timesfm,2021-11-01,96.0,169.0957794189453
timesfm,2021-12-01,75.0,184.65359497070312
timesfm,2022-01-01,232.0,198.8087921142578
timesfm,2022-02-01,231.0,253.126708984375
timesfm,2021-04-01,886.0,612.2158203125
timesfm,2021-05-01,838.0,387.997314453125
timesfm,2021-06-01,601.0,298.010009765625
timesfm,2021-07-01,488.0,252.22219848632812
timesfm,2021-08-01,380.0,244.9182891845703
timesfm,2021-09-01,182.0,186.35609436035156
timesfm,2021-10-01,136.0,160.2955322265625
timesfm,2021-11-01,96.0,189.69728088378906
timesfm,2021-12-01,75.0,212.0948028564453
timesfm,2022-01-01,232.0,232.16641235351562
timesfm,2022-02-01,231.0,274.8115234375
timesfm,2022-03-01,295.0,305.904541015625
timesfm,2021-05-01,838.0,559.869384765625
timesfm,2021-06-01,601.0,393.60076904296875
timesfm,2021-07-01,488.0,350.041015625
timesfm,2021-08-01,380.0,309.8666687011719
timesfm,2021-09-01,182.0,286.41131591796875
timesfm,2021-10-01,136.0,240.3484649658203
timesfm,2021-11-01,96.0,259.14910888671875
timesfm,2021-12-01,75.0,282.8753967285156
timesfm,2022-01-01,232.0,310.79193115234375
timesfm,2022-02-01,231.0,351.253173828125
timesfm,2022-03-01,295.0,365.7142028808594
timesfm,2022-04-01,226.0,370.6431884765625
timesfm,2021-06-01,601.0,571.0062255859375
timesfm,2021-07-01,488.0,462.62384033203125
timesfm,2021-08-01,380.0,444.95086669921875
timesfm,2021-09-01,182.0,369.9019775390625
timesfm,2021-10-01,136.0,329.43804931640625
timesfm,2021-11-01,96.0,317.6251525878906
timesfm,2021-12-01,75.0,325.31048583984375
timesfm,2022-01-01,232.0,329.2741394042969
timesfm,2022-02-01,231.0,378.9981384277344
timesfm,2022-03-01,295.0,418.2485656738281
timesfm,2022-04-01,226.0,391.5206604003906
timesfm,2022-05-01,317.0,364.53521728515625
timesfm,2021-07-01,488.0,422.324462890625
timesfm,2021-08-01,380.0,372.23052978515625
timesfm,2021-09-01,182.0,350.44677734375
timesfm,2021-10-01,136.0,317.65869140625
timesfm,2021-11-01,96.0,313.0738830566406
timesfm,2021-12-01,75.0,329.702392578125
timesfm,2022-01-01,232.0,360.9403991699219
timesfm,2022-02-01,231.0,385.36279296875
timesfm,2022-03-01,295.0,393.2607727050781
timesfm,2022-04-01,226.0,364.63287353515625
timesfm,2022-05-01,317.0,318.67584228515625
timesfm,2022-06-01,142.0,257.98870849609375
timesfm,2021-08-01,380.0,358.57598876953125
timesfm,2021-09-01,182.0,294.78924560546875
timesfm,2021-10-01,136.0,284.5773010253906
timesfm,2021-11-01,96.0,292.8310546875
timesfm,2021-12-01,75.0,308.30401611328125
timesfm,2022-01-01,232.0,363.1817626953125
timesfm,2022-02-01,231.0,407.9129638671875
timesfm,2022-03-01,295.0,412.92730712890625
timesfm,2022-04-01,226.0,390.8651428222656
timesfm,2022-05-01,317.0,344.7703857421875
timesfm,2022-06-01,142.0,277.33709716796875
timesfm,2022-07-01,136.0,244.70590209960938
timesfm,2021-09-01,182.0,295.84161376953125
timesfm,2021-10-01,136.0,248.31854248046875
timesfm,2021-11-01,96.0,276.64898681640625
timesfm,2021-12-01,75.0,300.14013671875
timesfm,2022-01-01,232.0,329.4315490722656
timesfm,2022-02-01,231.0,397.66375732421875
timesfm,2022-03-01,295.0,393.57330322265625
timesfm,2022-04-01,226.0,366.4192810058594
timesfm,2022-05-01,317.0,327.2115478515625
timesfm,2022-06-01,142.0,260.1372985839844
timesfm,2022-07-01,136.0,219.3953399658203
timesfm,2022-08-01,90.0,201.36538696289062
timesfm,2021-10-01,136.0,175.3416290283203
timesfm,2021-11-01,96.0,176.46527099609375
timesfm,2021-12-01,75.0,224.48092651367188
timesfm,2022-01-01,232.0,290.74603271484375
timesfm,2022-02-01,231.0,339.7875061035156
timesfm,2022-03-01,295.0,363.4772033691406
timesfm,2022-04-01,226.0,344.46795654296875
timesfm,2022-05-01,317.0,293.2613220214844
timesfm,2022-06-01,142.0,230.40902709960938
timesfm,2022-07-01,136.0,193.6475830078125
timesfm,2022-08-01,90.0,174.5958709716797
timesfm,2022-09-01,103.0,148.59136962890625
timesfm,2021-11-01,96.0,153.1890106201172
timesfm,2021-12-01,75.0,193.19708251953125
timesfm,2022-01-01,232.0,274.40606689453125
timesfm,2022-02-01,231.0,335.14556884765625
timesfm,2022-03-01,295.0,378.19464111328125
timesfm,2022-04-01,226.0,342.9100341796875
timesfm,2022-05-01,317.0,291.034423828125
timesfm,2022-06-01,142.0,227.27676391601562
timesfm,2022-07-01,136.0,181.1758270263672
timesfm,2022-08-01,90.0,160.20684814453125
timesfm,2022-09-01,103.0,129.270263671875
timesfm,2022-10-01,146.0,117.32208251953125
timesfm,2021-12-01,75.0,104.2892837524414
timesfm,2022-01-01,232.0,188.9347686767578
timesfm,2022-02-01,231.0,262.9229431152344
timesfm,2022-03-01,295.0,308.2884826660156
timesfm,2022-04-01,226.0,304.59246826171875
timesfm,2022-05-01,317.0,231.7374267578125
timesfm,2022-06-01,142.0,172.67593383789062
timesfm,2022-07-01,136.0,153.18704223632812
timesfm,2022-08-01,90.0,128.32008361816406
timesfm,2022-09-01,103.0,114.2426528930664
timesfm,2022-10-01,146.0,91.05552673339844
timesfm,2022-11-01,110.0,127.63793182373047
timesfm,2022-01-01,232.0,141.84323120117188
timesfm,2022-02-01,231.0,196.2882080078125
timesfm,2022-03-01,295.0,255.87171936035156
timesfm,2022-04-01,226.0,256.75457763671875
timesfm,2022-05-01,317.0,230.45095825195312
timesfm,2022-06-01,142.0,170.8769989013672
timesfm,2022-07-01,136.0,156.42611694335938
timesfm,2022-08-01,90.0,156.681396484375
timesfm,2022-09-01,103.0,116.16046142578125
timesfm,2022-10-01,146.0,101.41813659667969
timesfm,2022-11-01,110.0,107.46593475341797
timesfm,2022-12-01,96.0,225.3872528076172
timesfm,2022-02-01,231.0,278.3633728027344
timesfm,2022-03-01,295.0,292.8178405761719
timesfm,2022-04-01,226.0,303.44281005859375
timesfm,2022-05-01,317.0,280.39813232421875
timesfm,2022-06-01,142.0,237.07501220703125
timesfm,2022-07-01,136.0,206.58587646484375
timesfm,2022-08-01,90.0,186.93577575683594
timesfm,2022-09-01,103.0,160.8807373046875
timesfm,2022-10-01,146.0,135.3451385498047
timesfm,2022-11-01,110.0,157.33929443359375
timesfm,2022-12-01,96.0,243.64797973632812
timesfm,2023-01-01,166.0,467.4581298828125
timesfm,2022-03-01,295.0,244.0408935546875
timesfm,2022-04-01,226.0,235.68951416015625
timesfm,2022-05-01,317.0,224.3914794921875
timesfm,2022-06-01,142.0,198.46534729003906
timesfm,2022-07-01,136.0,182.31455993652344
timesfm,2022-08-01,90.0,154.84170532226562
timesfm,2022-09-01,103.0,123.75364685058594
timesfm,2022-10-01,146.0,98.88430786132812
timesfm,2022-11-01,110.0,116.85380554199219
timesfm,2022-12-01,96.0,201.959716796875
timesfm,2023-01-01,166.0,369.3316650390625
timesfm,2023-02-01,173.0,533.1370239257812
timesfm,2022-04-01,226.0,274.82843017578125
timesfm,2022-05-01,317.0,248.95156860351562
timesfm,2022-06-01,142.0,238.34979248046875
timesfm,2022-07-01,136.0,218.3395233154297
timesfm,2022-08-01,90.0,197.169921875
timesfm,2022-09-01,103.0,158.45635986328125
timesfm,2022-10-01,146.0,139.50851440429688
timesfm,2022-11-01,110.0,140.2227020263672
timesfm,2022-12-01,96.0,219.05810546875
timesfm,2023-01-01,166.0,428.436767578125
timesfm,2023-02-01,173.0,602.8388671875
timesfm,2023-03-01,305.0,618.5176391601562
timesfm,2022-05-01,317.0,223.96185302734375
timesfm,2022-06-01,142.0,194.50265502929688
timesfm,2022-07-01,136.0,194.58433532714844
timesfm,2022-08-01,90.0,181.30947875976562
timesfm,2022-09-01,103.0,157.65655517578125
timesfm,2022-10-01,146.0,132.77328491210938
timesfm,2022-11-01,110.0,148.63995361328125
timesfm,2022-12-01,96.0,201.9359130859375
timesfm,2023-01-01,166.0,351.3261413574219
timesfm,2023-02-01,173.0,505.134033203125
timesfm,2023-03-01,305.0,527.8097534179688
timesfm,2023-04-01,341.0,461.3404541015625
timesfm,2022-06-01,142.0,261.49072265625
timesfm,2022-07-01,136.0,236.7181854248047
timesfm,2022-08-01,90.0,240.7569122314453
timesfm,2022-09-01,103.0,215.3662109375
timesfm,2022-10-01,146.0,192.14971923828125
timesfm,2022-11-01,110.0,195.61778259277344
timesfm,2022-12-01,96.0,252.79493713378906
timesfm,2023-01-01,166.0,371.89080810546875
timesfm,2023-02-01,173.0,493.1244812011719
timesfm,2023-03-01,305.0,520.24609375
timesfm,2023-04-01,341.0,466.4412536621094
timesfm,2023-05-01,288.0,398.93310546875
timesfm,2022-07-01,136.0,139.87344360351562
timesfm,2022-08-01,90.0,148.57061767578125
timesfm,2022-09-01,103.0,164.75946044921875
timesfm,2022-10-01,146.0,163.24435424804688
timesfm,2022-11-01,110.0,179.134521484375
timesfm,2022-12-01,96.0,242.27017211914062
timesfm,2023-01-01,166.0,375.7646484375
timesfm,2023-02-01,173.0,492.20245361328125
timesfm,2023-03-01,305.0,501.06011962890625
timesfm,2023-04-01,341.0,432.6500244140625
timesfm,2023-05-01,288.0,363.367919921875
timesfm,2023-06-01,226.0,303.24847412109375
timesfm,2022-08-01,90.0,124.76321411132812
timesfm,2022-09-01,103.0,129.3875732421875
timesfm,2022-10-01,146.0,153.8717803955078
timesfm,2022-11-01,110.0,184.26025390625
timesfm,2022-12-01,96.0,247.72537231445312
timesfm,2023-01-01,166.0,386.7745056152344
timesfm,2023-02-01,173.0,503.3471984863281
timesfm,2023-03-01,305.0,516.1883544921875
timesfm,2023-04-01,341.0,428.82574462890625
timesfm,2023-05-01,288.0,352.6773681640625
timesfm,2023-06-01,226.0,293.1338195800781
timesfm,2023-07-01,386.0,250.12281799316406
timesfm,2022-09-01,103.0,63.61476135253906
timesfm,2022-10-01,146.0,77.85765075683594
timesfm,2022-11-01,110.0,131.15585327148438
timesfm,2022-12-01,96.0,227.90110778808594
timesfm,2023-01-01,166.0,391.72357177734375
timesfm,2023-02-01,173.0,542.7339477539062
timesfm,2023-03-01,305.0,538.6492919921875
timesfm,2023-04-01,341.0,440.86590576171875
timesfm,2023-05-01,288.0,330.65887451171875
timesfm,2023-06-01,226.0,270.1929931640625
timesfm,2023-07-01,386.0,244.72352600097656
timesfm,2023-08-01,271.0,215.28619384765625
timesfm,2022-10-01,146.0,71.62503051757812
timesfm,2022-11-01,110.0,108.33854675292969
timesfm,2022-12-01,96.0,209.375732421875
timesfm,2023-01-01,166.0,411.4693908691406
timesfm,2023-02-01,173.0,581.1063232421875
timesfm,2023-03-01,305.0,602.64990234375
timesfm,2023-04-01,341.0,497.9646301269531
timesfm,2023-05-01,288.0,363.02166748046875
timesfm,2023-06-01,226.0,259.21746826171875
timesfm,2023-07-01,386.0,217.4972381591797
timesfm,2023-08-01,271.0,194.73745727539062
timesfm,2023-09-01,263.0,151.52093505859375
timesfm,2022-11-01,110.0,131.26028442382812
timesfm,2022-12-01,96.0,224.1875457763672
timesfm,2023-01-01,166.0,437.9840087890625
timesfm,2023-02-01,173.0,636.9786987304688
timesfm,2023-03-01,305.0,640.5394287109375
timesfm,2023-04-01,341.0,516.3187866210938
timesfm,2023-05-01,288.0,412.28094482421875
timesfm,2023-06-01,226.0,302.6920471191406
timesfm,2023-07-01,386.0,234.20790100097656
timesfm,2023-08-01,271.0,195.3821563720703
timesfm,2023-09-01,263.0,164.4928741455078
timesfm,2023-10-01,135.0,126.8294448852539
timesfm,2022-12-01,96.0,110.09981536865234
timesfm,2023-01-01,166.0,312.7796630859375
timesfm,2023-02-01,173.0,500.76123046875
timesfm,2023-03-01,305.0,546.2994384765625
timesfm,2023-04-01,341.0,462.43658447265625
timesfm,2023-05-01,288.0,357.9246826171875
timesfm,2023-06-01,226.0,282.10272216796875
timesfm,2023-07-01,386.0,236.21876525878906
timesfm,2023-08-01,271.0,198.5062255859375
timesfm,2023-09-01,263.0,148.8732147216797
timesfm,2023-10-01,135.0,104.90483093261719
timesfm,2023-11-01,114.0,102.65440368652344
timesfm,2023-01-01,166.0,188.1800537109375
timesfm,2023-02-01,173.0,325.32684326171875
timesfm,2023-03-01,305.0,387.2156982421875
timesfm,2023-04-01,341.0,365.153564453125
timesfm,2023-05-01,288.0,311.9714050292969
timesfm,2023-06-01,226.0,255.66143798828125
timesfm,2023-07-01,386.0,208.97824096679688
timesfm,2023-08-01,271.0,192.61410522460938
timesfm,2023-09-01,263.0,166.10195922851562
timesfm,2023-10-01,135.0,142.40097045898438
timesfm,2023-11-01,114.0,125.78121185302734
timesfm,2023-12-01,1974.0,147.8634796142578
timesfm,2023-02-01,173.0,242.57501220703125
timesfm,2023-03-01,305.0,293.8672180175781
timesfm,2023-04-01,341.0,294.03265380859375
timesfm,2023-05-01,288.0,265.73480224609375
timesfm,2023-06-01,226.0,226.37155151367188
timesfm,2023-07-01,386.0,192.5800323486328
timesfm,2023-08-01,271.0,150.71218872070312
timesfm,2023-09-01,263.0,128.8158416748047
timesfm,2023-10-01,135.0,117.69368743896484
timesfm,2023-11-01,114.0,135.06951904296875
timesfm,2023-12-01,1974.0,138.84445190429688
timesfm,2024-01-01,3786.0,187.95773315429688
timesfm,2023-03-01,305.0,245.12315368652344
timesfm,2023-04-01,341.0,238.80043029785156
timesfm,2023-05-01,288.0,221.14236450195312
timesfm,2023-06-01,226.0,194.26087951660156
timesfm,2023-07-01,386.0,183.28285217285156
timesfm,2023-08-01,271.0,159.087890625
timesfm,2023-09-01,263.0,127.4316177368164
timesfm,2023-10-01,135.0,118.94944763183594
timesfm,2023-11-01,114.0,126.57127380371094
timesfm,2023-12-01,1974.0,154.99996948242188
timesfm,2024-01-01,3786.0,169.9808349609375
timesfm,2024-02-01,1870.0,217.27255249023438
timesfm,2023-04-01,341.0,304.3844909667969
timesfm,2023-05-01,288.0,264.06591796875
timesfm,2023-06-01,226.0,233.2388458251953
timesfm,2023-07-01,386.0,203.66468811035156
timesfm,2023-08-01,271.0,182.26406860351562
timesfm,2023-09-01,263.0,153.69297790527344
timesfm,2023-10-01,135.0,123.07001495361328
timesfm,2023-11-01,114.0,118.06876373291016
timesfm,2023-12-01,1974.0,136.292724609375
timesfm,2024-01-01,3786.0,197.4954071044922
timesfm,2024-02-01,1870.0,228.47299194335938
timesfm,2024-03-01,1376.0,263.1674499511719
timesfm,2023-05-01,288.0,297.9720764160156
timesfm,2023-06-01,226.0,256.48992919921875
timesfm,2023-07-01,386.0,228.44834899902344
timesfm,2023-08-01,271.0,196.22317504882812
timesfm,2023-09-01,263.0,170.04132080078125
timesfm,2023-10-01,135.0,150.34625244140625
timesfm,2023-11-01,114.0,140.23939514160156
timesfm,2023-12-01,1974.0,151.071044921875
timesfm,2024-01-01,3786.0,188.328369140625
timesfm,2024-02-01,1870.0,232.5657958984375
timesfm,2024-03-01,1376.0,246.13893127441406
timesfm,2024-04-01,640.0,246.32411193847656
timesfm,2023-06-01,226.0,237.1060791015625
timesfm,2023-07-01,386.0,211.9044647216797
timesfm,2023-08-01,271.0,197.46554565429688
timesfm,2023-09-01,263.0,169.6197052001953
timesfm,2023-10-01,135.0,149.31141662597656
timesfm,2023-11-01,114.0,143.30963134765625
timesfm,2023-12-01,1974.0,156.78628540039062
timesfm,2024-01-01,3786.0,196.92959594726562
timesfm,2024-02-01,1870.0,236.05438232421875
timesfm,2024-03-01,1376.0,258.2353515625
timesfm,2024-04-01,640.0,234.66635131835938
timesfm,2024-05-01,343.0,208.02200317382812
timesfm,2023-07-01,386.0,203.1132049560547
timesfm,2023-08-01,271.0,182.89968872070312
timesfm,2023-09-01,263.0,164.23162841796875
timesfm,2023-10-01,135.0,139.78085327148438
timesfm,2023-11-01,114.0,128.13400268554688
timesfm,2023-12-01,1974.0,144.67922973632812
timesfm,2024-01-01,3786.0,186.93862915039062
timesfm,2024-02-01,1870.0,231.80531311035156
timesfm,2024-03-01,1376.0,256.3464050292969
timesfm,2024-04-01,640.0,251.7197265625
timesfm,2024-05-01,343.0,209.4264373779297
timesfm,2024-06-01,377.0,168.63113403320312
timesfm,2023-08-01,271.0,257.9810791015625
timesfm,2023-09-01,263.0,218.82118225097656
timesfm,2023-10-01,135.0,201.10047912597656
timesfm,2023-11-01,114.0,185.333740234375
timesfm,2023-12-01,1974.0,188.95455932617188
timesfm,2024-01-01,3786.0,228.75802612304688
timesfm,2024-02-01,1870.0,269.2124938964844
timesfm,2024-03-01,1376.0,284.8842468261719
timesfm,2024-04-01,640.0,273.9233093261719
timesfm,2024-05-01,343.0,246.43113708496094
timesfm,2024-06-01,377.0,193.28713989257812
timesfm,2024-07-01,250.0,165.87942504882812
timesfm,2023-09-01,263.0,203.93162536621094
timesfm,2023-10-01,135.0,170.626708984375
timesfm,2023-11-01,114.0,164.20114135742188
timesfm,2023-12-01,1974.0,166.36715698242188
timesfm,2024-01-01,3786.0,207.8642578125
timesfm,2024-02-01,1870.0,261.76336669921875
timesfm,2024-03-01,1376.0,283.8382568359375
timesfm,2024-04-01,640.0,274.08111572265625
timesfm,2024-05-01,343.0,237.43255615234375
timesfm,2024-06-01,377.0,206.69952392578125
timesfm,2024-07-01,250.0,173.12684631347656
timesfm,2024-08-01,213.0,148.0286865234375
timesfm,2023-10-01,135.0,186.26205444335938
timesfm,2023-11-01,114.0,172.56544494628906
timesfm,2023-12-01,1974.0,175.15823364257812
timesfm,2024-01-01,3786.0,203.86631774902344
timesfm,2024-02-01,1870.0,246.1690673828125
timesfm,2024-03-01,1376.0,267.0545349121094
timesfm,2024-04-01,640.0,261.27105712890625
timesfm,2024-05-01,343.0,240.67628479003906
timesfm,2024-06-01,377.0,196.44613647460938
timesfm,2024-07-01,250.0,194.05670166015625
timesfm,2024-08-01,213.0,174.27320861816406
timesfm,2024-09-01,197.0,151.33416748046875
timesfm,2023-11-01,114.0,137.44937133789062
timesfm,2023-12-01,1974.0,144.60186767578125
timesfm,2024-01-01,3786.0,177.85281372070312
timesfm,2024-02-01,1870.0,220.10986328125
timesfm,2024-03-01,1376.0,251.4818115234375
timesfm,2024-04-01,640.0,247.50210571289062
timesfm,2024-05-01,343.0,229.81239318847656
timesfm,2024-06-01,377.0,191.09014892578125
timesfm,2024-07-01,250.0,161.61544799804688
timesfm,2024-08-01,213.0,158.92095947265625
timesfm,2024-09-01,197.0,129.89718627929688
timesfm,2024-10-01,207.0,113.40840911865234
timesfm,2023-12-01,1974.0,120.91758728027344
timesfm,2024-01-01,3786.0,161.21469116210938
timesfm,2024-02-01,1870.0,198.99082946777344
timesfm,2024-03-01,1376.0,227.99374389648438
timesfm,2024-04-01,640.0,236.30215454101562
timesfm,2024-05-01,343.0,221.06259155273438
timesfm,2024-06-01,377.0,189.50967407226562
timesfm,2024-07-01,250.0,173.36900329589844
timesfm,2024-08-01,213.0,147.30349731445312
timesfm,2024-09-01,197.0,134.29733276367188
timesfm,2024-10-01,207.0,116.6850814819336
timesfm,2024-11-01,199.0,132.86227416992188
timesfm,2024-01-01,3786.0,1415.8446044921875
timesfm,2024-02-01,1870.0,1037.10595703125
timesfm,2024-03-01,1376.0,742.2359008789062
timesfm,2024-04-01,640.0,537.2326049804688
timesfm,2024-05-01,343.0,404.52783203125
timesfm,2024-06-01,377.0,268.7340393066406
timesfm,2024-07-01,250.0,209.4647979736328
timesfm,2024-08-01,213.0,194.18463134765625
timesfm,2024-09-01,197.0,148.01760864257812
timesfm,2024-10-01,207.0,151.59542846679688
timesfm,2024-11-01,199.0,170.70989990234375
timesfm,2024-12-01,179.0,292.46917724609375
