model,date,y_true,y_pred
sarimax,2014-01-01,910.0,1142.1099799417868
sarimax,2014-02-01,2094.0,2163.775864346605
sarimax,2014-03-01,11660.0,6570.158723549485
sarimax,2014-04-01,27021.0,7292.946248881905
sarimax,2014-05-01,13104.0,2666.8750093671224
sarimax,2014-06-01,3889.0,1504.576435499401
sarimax,2014-07-01,1168.0,690.6058026034897
sarimax,2014-08-01,994.0,558.9191190602788
sarimax,2014-09-01,691.0,640.4769519717431
sarimax,2014-10-01,632.0,602.5589367836832
sarimax,2014-11-01,615.0,733.1035848871662
sarimax,2014-12-01,387.0,870.4022785548269
sarimax,2014-02-01,2094.0,1734.920171196079
sarimax,2014-03-01,11660.0,6174.501205257184
sarimax,2014-04-01,27021.0,6898.779433680981
sarimax,2014-05-01,13104.0,2247.386759568808
sarimax,2014-06-01,3889.0,1078.6160885402962
sarimax,2014-07-01,1168.0,259.67902101193386
sarimax,2014-08-01,994.0,128.41056360760624
sarimax,2014-09-01,691.0,209.97885217360846
sarimax,2014-10-01,632.0,172.4372405309608
sarimax,2014-11-01,615.0,303.44193741218345
sarimax,2014-12-01,387.0,440.0714692213146
sarimax,2015-01-01,2269.0,708.9694584111527
sarimax,2014-03-01,11660.0,6897.6908191113325
sarimax,2014-04-01,27021.0,7622.018033324076
sarimax,2014-05-01,13104.0,2904.239286358464
sarimax,2014-06-01,3889.0,1718.4862825657715
sarimax,2014-07-01,1168.0,886.518182942592
sarimax,2014-08-01,994.0,756.347076420989
sarimax,2014-09-01,691.0,837.942798765082
sarimax,2014-10-01,632.0,801.3888030585681
sarimax,2014-11-01,615.0,933.6005860839865
sarimax,2014-12-01,387.0,1068.4743562288331
sarimax,2015-01-01,2269.0,1334.519232714209
sarimax,2015-02-01,11540.0,2880.7184163381653
sarimax,2014-04-01,27021.0,15719.415531542374
sarimax,2014-05-01,13104.0,9716.852297225549
sarimax,2014-06-01,3889.0,8248.443351358224
sarimax,2014-07-01,1168.0,7193.860275986916
sarimax,2014-08-01,994.0,7082.423375733442
sarimax,2014-09-01,691.0,7164.486373351497
sarimax,2014-10-01,632.0,7144.779585663603
sarimax,2014-11-01,615.0,7297.582359390855
sarimax,2014-12-01,387.0,7402.505595477193
sarimax,2015-01-01,2269.0,7619.880854000236
sarimax,2015-02-01,11540.0,9450.610111846647
sarimax,2015-03-01,39216.0,26133.823046467274
sarimax,2014-05-01,13104.0,45644.91434285839
sarimax,2014-06-01,3889.0,76051.1200295662
sarimax,2014-07-01,1168.0,117991.91362777931
sarimax,2014-08-01,994.0,175771.4793641044
sarimax,2014-09-01,691.0,254261.04821942956
sarimax,2014-10-01,632.0,360385.95944146876
sarimax,2014-11-01,615.0,504257.05950820947
sarimax,2014-12-01,387.0,699009.8564007434
sarimax,2015-01-01,2269.0,962781.7598147771
sarimax,2015-02-01,11540.0,1321102.2024155273
sarimax,2015-03-01,39216.0,1817687.5205291896
sarimax,2015-04-01,17446.0,2495803.946183241
sarimax,2014-06-01,3889.0,8634.271046471304
sarimax,2014-07-01,1168.0,5722.835710788191
sarimax,2014-08-01,994.0,4845.923351635539
sarimax,2014-09-01,691.0,4460.241539706955
sarimax,2014-10-01,632.0,4203.595238315255
sarimax,2014-11-01,615.0,4241.464341122718
sarimax,2014-12-01,387.0,4190.156019425613
sarimax,2015-01-01,2269.0,4250.053188863417
sarimax,2015-02-01,11540.0,6655.604666067662
sarimax,2015-03-01,39216.0,29991.063550308063
sarimax,2015-04-01,17446.0,75680.1304068924
sarimax,2015-05-01,6951.0,39827.71778306566
sarimax,2014-07-01,1168.0,2208.9064273283893
sarimax,2014-08-01,994.0,2110.1339116856293
sarimax,2014-09-01,691.0,2175.939643223396
sarimax,2014-10-01,632.0,2189.688200843318
sarimax,2014-11-01,615.0,2389.7054226687096
sarimax,2014-12-01,387.0,2417.1310150043487
sarimax,2015-01-01,2269.0,2511.123092575161
sarimax,2015-02-01,11540.0,5055.803062514831
sarimax,2015-03-01,39216.0,29602.17655470159
sarimax,2015-04-01,17446.0,77926.77314317218
sarimax,2015-05-01,6951.0,40183.01598356269
sarimax,2015-06-01,1229.0,12165.452949062885
sarimax,2014-08-01,994.0,1570.1062182056232
sarimax,2014-09-01,691.0,1890.6229324262704
sarimax,2014-10-01,632.0,2033.7524278673086
sarimax,2014-11-01,615.0,2299.4641136050986
sarimax,2014-12-01,387.0,2360.5687380169607
sarimax,2015-01-01,2269.0,2471.9148117007417
sarimax,2015-02-01,11540.0,5023.277083728939
sarimax,2015-03-01,39216.0,29552.377336440084
sarimax,2015-04-01,17446.0,77831.52325626566
sarimax,2015-05-01,6951.0,40123.37176654704
sarimax,2015-06-01,1229.0,12133.587331886316
sarimax,2015-07-01,967.0,4556.942973857935
sarimax,2014-09-01,691.0,2567.320143814607
sarimax,2014-10-01,632.0,1486.1138157770679
sarimax,2014-11-01,615.0,2509.391765909681
sarimax,2014-12-01,387.0,1932.0054214199708
sarimax,2015-01-01,2269.0,2475.3452479723046
sarimax,2015-02-01,11540.0,4694.4360431819305
sarimax,2015-03-01,39216.0,29562.862806406807
sarimax,2015-04-01,17446.0,77869.7612856639
sarimax,2015-05-01,6951.0,40142.31734968828
sarimax,2015-06-01,1229.0,11930.251124578132
sarimax,2015-07-01,967.0,4396.369618058041
sarimax,2015-08-01,681.0,4122.221765182485
sarimax,2014-10-01,632.0,0.0
sarimax,2014-11-01,615.0,611.4166280770718
sarimax,2014-12-01,387.0,138.98482426751332
sarimax,2015-01-01,2269.0,591.4938222706598
sarimax,2015-02-01,11540.0,2868.9765975729997
sarimax,2015-03-01,39216.0,27380.27997367234
sarimax,2015-04-01,17446.0,75120.15704864723
sarimax,2015-05-01,6951.0,37796.720687096225
sarimax,2015-06-01,1229.0,9982.307067873702
sarimax,2015-07-01,967.0,2509.0448449574997
sarimax,2015-08-01,681.0,2261.0387943965166
sarimax,2015-09-01,548.0,1131.3138144648588
sarimax,2014-11-01,615.0,1374.4833572740122
sarimax,2014-12-01,387.0,1071.6905031966894
sarimax,2015-01-01,2269.0,1382.4216844221758
sarimax,2015-02-01,11540.0,3760.686352044456
sarimax,2015-03-01,39216.0,27983.51952331489
sarimax,2015-04-01,17446.0,75367.00402358714
sarimax,2015-05-01,6951.0,38298.610755716916
sarimax,2015-06-01,1229.0,10769.717184344503
sarimax,2015-07-01,967.0,3329.3279111040483
sarimax,2015-08-01,681.0,3104.2054140331315
sarimax,2015-09-01,548.0,1969.3917766655327
sarimax,2015-10-01,752.0,1905.2890608482774
sarimax,2014-12-01,387.0,281.74993259985865
sarimax,2015-01-01,2269.0,600.1009385022505
sarimax,2015-02-01,11540.0,2975.4100077562807
sarimax,2015-03-01,39216.0,27120.651834179
sarimax,2015-04-01,17446.0,74354.65528034513
sarimax,2015-05-01,6951.0,37393.456230622585
sarimax,2015-06-01,1229.0,9958.103825668168
sarimax,2015-07-01,967.0,2537.4628438182954
sarimax,2015-08-01,681.0,2314.9116385301663
sarimax,2015-09-01,548.0,1182.5222881319364
sarimax,2015-10-01,752.0,1119.5632072881351
sarimax,2015-11-01,1773.0,836.9741569370071
sarimax,2015-01-01,2269.0,716.4922171887051
sarimax,2015-02-01,11540.0,3085.32925914477
sarimax,2015-03-01,39216.0,27225.1617805295
sarimax,2015-04-01,17446.0,74439.38501612793
sarimax,2015-05-01,6951.0,37492.13630501719
sarimax,2015-06-01,1229.0,10066.90781882903
sarimax,2015-07-01,967.0,2649.1112404734286
sarimax,2015-08-01,681.0,2426.5316877466175
sarimax,2015-09-01,548.0,1294.6341174220915
sarimax,2015-10-01,752.0,1231.6782691637686
sarimax,2015-11-01,1773.0,949.2352030951713
sarimax,2015-12-01,2175.0,0.0
sarimax,2015-02-01,11540.0,4773.637643921796
sarimax,2015-03-01,39216.0,28896.13413080656
sarimax,2015-04-01,17446.0,76283.91804504103
sarimax,2015-05-01,6951.0,39217.42410330518
sarimax,2015-06-01,1229.0,11733.545446915894
sarimax,2015-07-01,967.0,4287.912615912966
sarimax,2015-08-01,681.0,4070.2673595696365
sarimax,2015-09-01,548.0,2932.02393126648
sarimax,2015-10-01,752.0,2870.7915154926695
sarimax,2015-11-01,1773.0,2586.260793909389
sarimax,2015-12-01,2175.0,1485.9241054562112
sarimax,2016-01-01,1097.0,6748.424592213081
sarimax,2015-03-01,39216.0,37990.09432771486
sarimax,2015-04-01,17446.0,87250.56416218272
sarimax,2015-05-01,6951.0,48694.46090003198
sarimax,2015-06-01,1229.0,19656.09418497875
sarimax,2015-07-01,967.0,11918.437438849616
sarimax,2015-08-01,681.0,11661.706057294321
sarimax,2015-09-01,548.0,10476.729087368218
sarimax,2015-10-01,752.0,10406.596051218938
sarimax,2015-11-01,1773.0,10105.751379768888
sarimax,2015-12-01,2175.0,8936.031818671365
sarimax,2016-01-01,1097.0,14460.207606668788
sarimax,2016-02-01,1223.0,42678.97620835784
sarimax,2015-04-01,17446.0,90377.15896137536
sarimax,2015-05-01,6951.0,50464.779721052524
sarimax,2015-06-01,1229.0,20405.47143794384
sarimax,2015-07-01,967.0,12389.396594681004
sarimax,2015-08-01,681.0,12134.871667355146
sarimax,2015-09-01,548.0,10900.01879093541
sarimax,2015-10-01,752.0,10830.913614729328
sarimax,2015-11-01,1773.0,10514.265839420388
sarimax,2015-12-01,2175.0,9295.170784308053
sarimax,2016-01-01,1097.0,15011.649128988718
sarimax,2016-02-01,1223.0,44231.95880177502
sarimax,2016-03-01,1385.0,116583.62710793912
sarimax,2015-05-01,6951.0,10384.087119818034
sarimax,2015-06-01,1229.0,5853.465447334532
sarimax,2015-07-01,967.0,4422.265114241148
sarimax,2015-08-01,681.0,4351.891902000238
sarimax,2015-09-01,548.0,4268.22301750455
sarimax,2015-10-01,752.0,4223.051642665622
sarimax,2015-11-01,1773.0,4269.9859637513255
sarimax,2015-12-01,2175.0,4235.919913990375
sarimax,2016-01-01,1097.0,5374.422741450333
sarimax,2016-02-01,1223.0,10772.8248398145
sarimax,2016-03-01,1385.0,29776.041409029673
sarimax,2016-04-01,888.0,25788.12731521332
sarimax,2015-06-01,1229.0,4048.5045444500447
sarimax,2015-07-01,967.0,3267.0814233273977
sarimax,2015-08-01,681.0,3446.916366031906
sarimax,2015-09-01,548.0,3476.2056520627702
sarimax,2015-10-01,752.0,3474.183761150906
sarimax,2015-11-01,1773.0,3541.8780940408196
sarimax,2015-12-01,2175.0,3524.6474819526193
sarimax,2016-01-01,1097.0,4629.564210806014
sarimax,2016-02-01,1223.0,9838.58643143314
sarimax,2016-03-01,1385.0,28415.41205676234
sarimax,2016-04-01,888.0,25302.99983411033
sarimax,2016-05-01,634.0,13088.63755848028
sarimax,2015-07-01,967.0,1696.2140050002931
sarimax,2015-08-01,681.0,2425.8706506266517
sarimax,2015-09-01,548.0,2679.92297671676
sarimax,2015-10-01,752.0,2776.712668967558
sarimax,2015-11-01,1773.0,2883.516273986041
sarimax,2015-12-01,2175.0,2875.080481674609
sarimax,2016-01-01,1097.0,4021.999305669126
sarimax,2016-02-01,1223.0,9413.813447815199
sarimax,2016-03-01,1385.0,28394.235938129983
sarimax,2016-04-01,888.0,24457.6298422603
sarimax,2016-05-01,634.0,12319.515240373941
sarimax,2016-06-01,335.0,4920.104190935317
sarimax,2015-08-01,681.0,2061.436768557155
sarimax,2015-09-01,548.0,2470.6172410477857
sarimax,2015-10-01,752.0,2633.7403323750973
sarimax,2015-11-01,1773.0,2768.667548504904
sarimax,2015-12-01,2175.0,2771.7950620981046
sarimax,2016-01-01,1097.0,3925.710403213389
sarimax,2016-02-01,1223.0,9329.421939500688
sarimax,2016-03-01,1385.0,28332.525761084027
sarimax,2016-04-01,888.0,24351.717819662634
sarimax,2016-05-01,634.0,12217.88161514928
sarimax,2016-06-01,335.0,4822.737521322322
sarimax,2016-07-01,853.0,3382.8179957640896
sarimax,2015-09-01,548.0,1761.8499090560927
sarimax,2015-10-01,752.0,2213.728418872052
sarimax,2015-11-01,1773.0,2472.8631726593994
sarimax,2015-12-01,2175.0,2529.560525584757
sarimax,2016-01-01,1097.0,3705.586282599067
sarimax,2016-02-01,1223.0,9114.88901713488
sarimax,2016-03-01,1385.0,28112.68544819558
sarimax,2016-04-01,888.0,24153.250875284128
sarimax,2016-05-01,634.0,12018.392373608789
sarimax,2016-06-01,335.0,4621.743377153396
sarimax,2016-07-01,853.0,3180.672414123398
sarimax,2016-08-01,656.0,2948.4852964674237
sarimax,2015-10-01,752.0,1595.7561900000183
sarimax,2015-11-01,1773.0,2113.153739633767
sarimax,2015-12-01,2175.0,2281.5596729874887
sarimax,2016-01-01,1097.0,3507.2253842717164
sarimax,2016-02-01,1223.0,8943.287017514982
sarimax,2016-03-01,1385.0,27963.015529007564
sarimax,2016-04-01,888.0,23981.2493561184
sarimax,2016-05-01,634.0,11850.52325205102
sarimax,2016-06-01,335.0,4457.087287557048
sarimax,2016-07-01,853.0,3018.077530315292
sarimax,2016-08-01,656.0,2785.9500462421106
sarimax,2016-09-01,724.0,2571.6429271592565
sarimax,2015-11-01,1773.0,1688.020070106213
sarimax,2015-12-01,2175.0,2039.0861034311301
sarimax,2016-01-01,1097.0,3344.0230315669533
sarimax,2016-02-01,1223.0,8812.992184071227
sarimax,2016-03-01,1385.0,27843.803207029036
sarimax,2016-04-01,888.0,23876.950034873902
sarimax,2016-05-01,634.0,11748.334480990115
sarimax,2016-06-01,335.0,4355.3703194529935
sarimax,2016-07-01,853.0,2916.356470482692
sarimax,2016-08-01,656.0,2684.492213633726
sarimax,2016-09-01,724.0,2470.250804256111
sarimax,2016-10-01,1189.0,2548.3359178523397
sarimax,2015-12-01,2175.0,2077.026343268428
sarimax,2016-01-01,1097.0,3361.3295385395777
sarimax,2016-02-01,1223.0,8820.184470865728
sarimax,2016-03-01,1385.0,27844.284466661193
sarimax,2016-04-01,888.0,23881.710154582335
sarimax,2016-05-01,634.0,11751.8328434963
sarimax,2016-06-01,335.0,4358.001220131906
sarimax,2016-07-01,853.0,2918.460630615731
sarimax,2016-08-01,656.0,2686.556297321965
sarimax,2016-09-01,724.0,2472.262645304861
sarimax,2016-10-01,1189.0,2550.294890391089
sarimax,2016-11-01,1334.0,3073.854103263187
sarimax,2016-01-01,1097.0,3404.8186339953118
sarimax,2016-02-01,1223.0,8837.070653873816
sarimax,2016-03-01,1385.0,27843.6832740698
sarimax,2016-04-01,888.0,23891.945760245057
sarimax,2016-05-01,634.0,11758.78261901391
sarimax,2016-06-01,335.0,4362.705949112221
sarimax,2016-07-01,853.0,2921.806247482997
sarimax,2016-08-01,656.0,2689.7951397442903
sarimax,2016-09-01,724.0,2475.365902964623
sarimax,2016-10-01,1189.0,2553.261962564748
sarimax,2016-11-01,1334.0,3076.3840337925903
sarimax,2016-12-01,1620.0,3176.2000375099024
sarimax,2016-02-01,1223.0,7654.772309397035
sarimax,2016-03-01,1385.0,27047.8030391179
sarimax,2016-04-01,888.0,23598.45398110427
sarimax,2016-05-01,634.0,11540.190054170162
sarimax,2016-06-01,335.0,4162.279621130522
sarimax,2016-07-01,853.0,2722.5138768604697
sarimax,2016-08-01,656.0,2499.7941009075744
sarimax,2016-09-01,724.0,2287.824151731142
sarimax,2016-10-01,1189.0,2365.4084390488565
sarimax,2016-11-01,1334.0,2881.5822022224816
sarimax,2016-12-01,1620.0,2977.0607760570556
sarimax,2017-01-01,498.0,3340.8852171479257
sarimax,2016-03-01,1385.0,19872.4018677202
sarimax,2016-04-01,888.0,23886.540667849527
sarimax,2016-05-01,634.0,11857.384333203634
sarimax,2016-06-01,335.0,4198.539795908591
sarimax,2016-07-01,853.0,2500.339482622816
sarimax,2016-08-01,656.0,2376.1552067184734
sarimax,2016-09-01,724.0,2175.7106193553814
sarimax,2016-10-01,1189.0,2229.1690994933547
sarimax,2016-11-01,1334.0,2580.16997242186
sarimax,2016-12-01,1620.0,2574.338487966689
sarimax,2017-01-01,498.0,3440.9728489794375
sarimax,2017-02-01,264.0,9567.891129393505
sarimax,2016-04-01,888.0,24909.077591554407
sarimax,2016-05-01,634.0,12557.769281082165
sarimax,2016-06-01,335.0,4128.4835440607585
sarimax,2016-07-01,853.0,1853.401119932822
sarimax,2016-08-01,656.0,2170.234355261562
sarimax,2016-09-01,724.0,2138.996640803317
sarimax,2016-10-01,1189.0,2227.1006858121937
sarimax,2016-11-01,1334.0,2185.5012284483723
sarimax,2016-12-01,1620.0,1943.8112056799791
sarimax,2017-01-01,498.0,4259.247199257243
sarimax,2017-02-01,264.0,14763.31552487826
sarimax,2017-03-01,288.0,46085.78465575866
sarimax,2016-05-01,634.0,0.0
sarimax,2016-06-01,335.0,0.0
sarimax,2016-07-01,853.0,0.0
sarimax,2016-08-01,656.0,0.0
sarimax,2016-09-01,724.0,0.0
sarimax,2016-10-01,1189.0,0.0
sarimax,2016-11-01,1334.0,0.0
sarimax,2016-12-01,1620.0,0.0
sarimax,2017-01-01,498.0,1052.9283126189123
sarimax,2017-02-01,264.0,8283.958168853233
sarimax,2017-03-01,288.0,29265.359273810318
sarimax,2017-04-01,1556.0,12909.072257691587
sarimax,2016-06-01,335.0,0.0
sarimax,2016-07-01,853.0,0.0
sarimax,2016-08-01,656.0,0.0
sarimax,2016-09-01,724.0,0.0
sarimax,2016-10-01,1189.0,0.0
sarimax,2016-11-01,1334.0,459.22876919098707
sarimax,2016-12-01,1620.0,665.7213219703592
sarimax,2017-01-01,498.0,1956.0912129423277
sarimax,2017-02-01,264.0,8974.55781291364
sarimax,2017-03-01,288.0,29611.74257174082
sarimax,2017-04-01,1556.0,13383.191046579708
sarimax,2017-05-01,845.0,5562.886090540706
sarimax,2016-07-01,853.0,0.0
sarimax,2016-08-01,656.0,135.76380548281998
sarimax,2016-09-01,724.0,373.7479189578754
sarimax,2016-10-01,1189.0,692.8850037647263
sarimax,2016-11-01,1334.0,1141.466145089374
sarimax,2016-12-01,1620.0,1199.0332064857203
sarimax,2017-01-01,498.0,2376.176264258381
sarimax,2017-02-01,264.0,9285.695821276702
sarimax,2017-03-01,288.0,29746.190328553523
sarimax,2017-04-01,1556.0,13595.294188899017
sarimax,2017-05-01,845.0,5807.912904062921
sarimax,2017-06-01,594.0,1520.7399478419889
sarimax,2016-08-01,656.0,969.4386026675511
sarimax,2016-09-01,724.0,910.0671556140633
sarimax,2016-10-01,1189.0,1043.9412840692992
sarimax,2016-11-01,1334.0,1378.007418313453
sarimax,2016-12-01,1620.0,1364.1377274400743
sarimax,2017-01-01,498.0,2492.802219831466
sarimax,2017-02-01,264.0,9363.538081070483
sarimax,2017-03-01,288.0,29774.29428489133
sarimax,2017-04-01,1556.0,13637.403019162384
sarimax,2017-05-01,845.0,5855.211362734679
sarimax,2017-06-01,594.0,1570.1460844562016
sarimax,2017-07-01,582.0,1516.1191508534075
sarimax,2016-09-01,724.0,708.1508508396641
sarimax,2016-10-01,1189.0,911.2651135848264
sarimax,2016-11-01,1334.0,1288.3994237502773
sarimax,2016-12-01,1620.0,1301.2615090216366
sarimax,2017-01-01,498.0,2446.1760585964516
sarimax,2017-02-01,264.0,9326.250947381455
sarimax,2017-03-01,288.0,29740.569730595977
sarimax,2017-04-01,1556.0,13609.813804057208
sarimax,2017-05-01,845.0,5831.127249822277
sarimax,2017-06-01,594.0,1548.1421141455817
sarimax,2017-07-01,582.0,1495.141758649585
sarimax,2017-08-01,530.0,1234.3234922582656
sarimax,2016-10-01,1189.0,921.7915511733163
sarimax,2016-11-01,1334.0,1295.6039947840238
sarimax,2016-12-01,1620.0,1306.402167397302
sarimax,2017-01-01,498.0,2450.0894418217667
sarimax,2017-02-01,264.0,9329.522068144714
sarimax,2017-03-01,288.0,29743.80138932664
sarimax,2017-04-01,1556.0,13612.38887790171
sarimax,2017-05-01,845.0,5833.343384610376
sarimax,2017-06-01,594.0,1550.1507048697176
sarimax,2017-07-01,582.0,1497.0640464014389
sarimax,2017-08-01,530.0,1236.1986710602848
sarimax,2017-09-01,749.0,1157.3606848462427
sarimax,2016-11-01,1334.0,1467.5268237364774
sarimax,2016-12-01,1620.0,1419.1807287233203
sarimax,2017-01-01,498.0,2526.3020174414582
sarimax,2017-02-01,264.0,9383.355109044682
sarimax,2017-03-01,288.0,29784.691669796815
sarimax,2017-04-01,1556.0,13643.579719795163
sarimax,2017-05-01,845.0,5858.642382369497
sarimax,2017-06-01,594.0,1571.8331205847571
sarimax,2017-07-01,582.0,1516.6139311103748
sarimax,2017-08-01,530.0,1254.4420319057272
sarimax,2017-09-01,749.0,1174.7867405162965
sarimax,2017-10-01,1192.0,1447.9346827919726
sarimax,2016-12-01,1620.0,1334.0921034779712
sarimax,2017-01-01,498.0,2471.5021960058816
sarimax,2017-02-01,264.0,9347.846109001588
sarimax,2017-03-01,288.0,29762.62599707616
sarimax,2017-04-01,1556.0,13627.275363099638
sarimax,2017-05-01,845.0,5846.113238996393
sarimax,2017-06-01,594.0,1561.7098919339787
sarimax,2017-07-01,582.0,1508.1580480002533
sarimax,2017-08-01,530.0,1247.0475912946001
sarimax,2017-09-01,749.0,1168.0412691111887
sarimax,2017-10-01,1192.0,1441.5828196398065
sarimax,2017-11-01,1070.0,2231.2532864543123
sarimax,2017-01-01,498.0,2654.971687563481
sarimax,2017-02-01,264.0,9467.043280044118
sarimax,2017-03-01,288.0,29839.857435580212
sarimax,2017-04-01,1556.0,13682.105751564177
sarimax,2017-05-01,845.0,5886.759046179128
sarimax,2017-06-01,594.0,1593.4634505505978
sarimax,2017-07-01,582.0,1534.1469361785387
sarimax,2017-08-01,530.0,1269.4211210046674
sarimax,2017-09-01,749.0,1188.1848016932433
sarimax,2017-10-01,1192.0,1460.3552672183978
sarimax,2017-11-01,1070.0,2249.0761279605003
sarimax,2017-12-01,1435.0,2620.052779947467
sarimax,2017-02-01,264.0,8051.440276282321
sarimax,2017-03-01,288.0,28805.696850931705
sarimax,2017-04-01,1556.0,13021.684489717807
sarimax,2017-05-01,845.0,5447.501893494034
sarimax,2017-06-01,594.0,1288.0121301981462
sarimax,2017-07-01,582.0,1302.4103756121572
sarimax,2017-08-01,530.0,1081.9752903310796
sarimax,2017-09-01,749.0,1028.7215661507967
sarimax,2017-10-01,1192.0,1318.7296902988792
sarimax,2017-11-01,1070.0,2114.7941959875116
sarimax,2017-12-01,1435.0,2491.853224875289
sarimax,2018-01-01,2342.0,1405.8755501160413
sarimax,2017-03-01,288.0,22439.98571755604
sarimax,2017-04-01,1556.0,9202.425230514067
sarimax,2017-05-01,845.0,3076.3760603350966
sarimax,2017-06-01,594.0,0.0
sarimax,2017-07-01,582.0,204.8278224141602
sarimax,2017-08-01,530.0,225.49366610385846
sarimax,2017-09-01,749.0,327.7308616799715
sarimax,2017-10-01,1192.0,719.8702664157175
sarimax,2017-11-01,1070.0,1533.9457847198623
sarimax,2017-12-01,1435.0,1940.6853216615473
sarimax,2018-01-01,2342.0,874.2752186586931
sarimax,2018-02-01,1764.0,903.736631285867
sarimax,2017-04-01,1556.0,0.0
sarimax,2017-05-01,845.0,0.0
sarimax,2017-06-01,594.0,0.0
sarimax,2017-07-01,582.0,0.0
sarimax,2017-08-01,530.0,0.0
sarimax,2017-09-01,749.0,0.0
sarimax,2017-10-01,1192.0,0.0
sarimax,2017-11-01,1070.0,0.0
sarimax,2017-12-01,1435.0,396.04993092101336
sarimax,2018-01-01,2342.0,0.0
sarimax,2018-02-01,1764.0,0.0
sarimax,2018-03-01,1167.0,0.0
sarimax,2017-05-01,845.0,0.0
sarimax,2017-06-01,594.0,0.0
sarimax,2017-07-01,582.0,0.0
sarimax,2017-08-01,530.0,0.0
sarimax,2017-09-01,749.0,0.0
sarimax,2017-10-01,1192.0,188.4461525165128
sarimax,2017-11-01,1070.0,780.5029301991738
sarimax,2017-12-01,1435.0,1162.9494504712272
sarimax,2018-01-01,2342.0,86.93750832973636
sarimax,2018-02-01,1764.0,17.885525271387706
sarimax,2018-03-01,1167.0,108.14490319259691
sarimax,2018-04-01,1166.0,650.7769830063976
sarimax,2017-06-01,594.0,0.0
sarimax,2017-07-01,582.0,0.0
sarimax,2017-08-01,530.0,0.0
sarimax,2017-09-01,749.0,0.0
sarimax,2017-10-01,1192.0,426.51077454768813
sarimax,2017-11-01,1070.0,982.1234854562507
sarimax,2017-12-01,1435.0,1344.5906252349055
sarimax,2018-01-01,2342.0,257.12855730140296
sarimax,2018-02-01,1764.0,180.60559689464878
sarimax,2018-03-01,1167.0,266.74273837915814
sarimax,2018-04-01,1166.0,811.8227930987135
sarimax,2018-05-01,625.0,290.5560479930286
sarimax,2017-07-01,582.0,694.274394489931
sarimax,2017-08-01,530.0,404.6192681247296
sarimax,2017-09-01,749.0,358.2066741694234
sarimax,2017-10-01,1192.0,697.9977857669496
sarimax,2017-11-01,1070.0,1191.1498720805146
sarimax,2017-12-01,1435.0,1518.6487036224912
sarimax,2018-01-01,2342.0,411.23869407524927
sarimax,2018-02-01,1764.0,322.66836592940103
sarimax,2018-03-01,1167.0,402.0485169848744
sarimax,2018-04-01,1166.0,946.8089730166962
sarimax,2018-05-01,625.0,422.54237623484966
sarimax,2018-06-01,478.0,151.68238508325356
sarimax,2017-08-01,530.0,339.4216075946593
sarimax,2017-09-01,749.0,319.896979487052
sarimax,2017-10-01,1192.0,675.0409417290341
sarimax,2017-11-01,1070.0,1177.0376340206826
sarimax,2017-12-01,1435.0,1509.5629346271169
sarimax,2018-01-01,2342.0,405.0233614845058
sarimax,2018-02-01,1764.0,318.11676475437355
sarimax,2018-03-01,1167.0,398.44275649695726
sarimax,2018-04-01,1166.0,943.613528274558
sarimax,2018-05-01,625.0,419.68479169705523
sarimax,2018-06-01,478.0,148.9960323170265
sarimax,2018-07-01,432.0,353.99901436119734
sarimax,2017-09-01,749.0,436.8542342324459
sarimax,2017-10-01,1192.0,749.9215434713655
sarimax,2017-11-01,1070.0,1227.850463412354
sarimax,2017-12-01,1435.0,1546.626315741995
sarimax,2018-01-01,2342.0,434.22843849669164
sarimax,2018-02-01,1764.0,342.82435470153257
sarimax,2018-03-01,1167.0,420.58094661111943
sarimax,2018-04-01,1166.0,964.3159422098213
sarimax,2018-05-01,625.0,439.5404898786431
sarimax,2018-06-01,478.0,168.37327830005273
sarimax,2018-07-01,432.0,373.09287720348635
sarimax,2018-08-01,296.0,261.5537627655792
sarimax,2017-10-01,1192.0,939.3894711935561
sarimax,2017-11-01,1070.0,1347.1227424404678
sarimax,2017-12-01,1435.0,1625.7786509075313
sarimax,2018-01-01,2342.0,490.44114912193913
sarimax,2018-02-01,1764.0,385.90440216878625
sarimax,2018-03-01,1167.0,456.15489699480344
sarimax,2018-04-01,1166.0,995.6845403871024
sarimax,2018-05-01,625.0,468.4355565441509
sarimax,2018-06-01,478.0,195.86850994193412
sarimax,2018-07-01,432.0,399.7614843527041
sarimax,2018-08-01,296.0,287.77075967012695
sarimax,2018-09-01,487.0,444.59169330735745
sarimax,2017-11-01,1070.0,1499.9949802614606
sarimax,2017-12-01,1435.0,1721.6072674037246
sarimax,2018-01-01,2342.0,553.6395098879453
sarimax,2018-02-01,1764.0,430.428502155081
sarimax,2018-03-01,1167.0,489.99846684012385
sarimax,2018-04-01,1166.0,1023.4662947531674
sarimax,2018-05-01,625.0,492.71173636792645
sarimax,2018-06-01,478.0,218.14740734351514
sarimax,2018-07-01,432.0,420.88342091112804
sarimax,2018-08-01,296.0,308.24249454132234
sarimax,2018-09-01,487.0,464.69325584177966
sarimax,2018-10-01,417.0,916.2810924873472
sarimax,2017-12-01,1435.0,1466.671920674215
sarimax,2018-01-01,2342.0,398.8100752055415
sarimax,2018-02-01,1764.0,332.8069212550474
sarimax,2018-03-01,1167.0,425.096941763833
sarimax,2018-04-01,1166.0,977.4691013140845
sarimax,2018-05-01,625.0,457.370120357794
sarimax,2018-06-01,478.0,188.9314953588048
sarimax,2018-07-01,432.0,395.1116424203491
sarimax,2018-08-01,296.0,284.4873422955905
sarimax,2018-09-01,487.0,442.0984316275819
sarimax,2018-10-01,417.0,894.3383644691346
sarimax,2018-11-01,566.0,881.7509541724576
sarimax,2018-01-01,2342.0,381.7563586136436
sarimax,2018-02-01,1764.0,324.1119530838646
sarimax,2018-03-01,1167.0,421.1820252186769
sarimax,2018-04-01,1166.0,976.2910948184957
sarimax,2018-05-01,625.0,457.7544619822833
sarimax,2018-06-01,478.0,190.2098400101887
sarimax,2018-07-01,432.0,396.9001761713411
sarimax,2018-08-01,296.0,286.56846499102016
sarimax,2018-09-01,487.0,444.3469978425271
sarimax,2018-10-01,417.0,896.6824798602561
sarimax,2018-11-01,566.0,884.1492327035094
sarimax,2018-12-01,1125.0,1216.9245722547464
sarimax,2018-02-01,1764.0,1491.5820741372581
sarimax,2018-03-01,1167.0,1135.0087816494788
sarimax,2018-04-01,1166.0,1430.373809826067
sarimax,2018-05-01,625.0,763.3366291179136
sarimax,2018-06-01,478.0,410.79044126998406
sarimax,2018-07-01,432.0,568.8905923559009
sarimax,2018-08-01,296.0,430.7153789496218
sarimax,2018-09-01,487.0,572.555438106183
sarimax,2018-10-01,417.0,1015.7802118938456
sarimax,2018-11-01,566.0,998.0560558083838
sarimax,2018-12-01,1125.0,1327.8406848482591
sarimax,2019-01-01,1764.0,1402.5911674229114
sarimax,2018-03-01,1167.0,1297.9257114428056
sarimax,2018-04-01,1166.0,1530.327946087773
sarimax,2018-05-01,625.0,827.3207207166455
sarimax,2018-06-01,478.0,454.11926720176024
sarimax,2018-07-01,432.0,600.4263148364805
sarimax,2018-08-01,296.0,455.44710915059215
sarimax,2018-09-01,487.0,593.3792691712993
sarimax,2018-10-01,417.0,1034.373141936851
sarimax,2018-11-01,566.0,1015.3931794136745
sarimax,2018-12-01,1125.0,1344.4362887179793
sarimax,2019-01-01,1764.0,1418.5786262025508
sarimax,2019-02-01,2995.0,980.2493430910104
sarimax,2018-04-01,1166.0,1453.7953936270046
sarimax,2018-05-01,625.0,781.8987346892734
sarimax,2018-06-01,478.0,426.5272399032035
sarimax,2018-07-01,432.0,583.0298625442308
sarimax,2018-08-01,296.0,443.90478302285953
sarimax,2018-09-01,487.0,585.1923343189477
sarimax,2018-10-01,417.0,1028.1047814238816
sarimax,2018-11-01,566.0,1010.2158041904615
sarimax,2018-12-01,1125.0,1339.8911066078856
sarimax,2019-01-01,1764.0,1414.4577823424843
sarimax,2019-02-01,2995.0,976.3243211518804
sarimax,2019-03-01,8241.0,633.0196595189137
sarimax,2018-05-01,625.0,612.6500916301695
sarimax,2018-06-01,478.0,325.09810387423573
sarimax,2018-07-01,432.0,520.4916502514375
sarimax,2018-08-01,296.0,403.5722727653424
sarimax,2018-09-01,487.0,557.5622487400268
sarimax,2018-10-01,417.0,1007.7593725683893
sarimax,2018-11-01,566.0,994.0721388813241
sarimax,2018-12-01,1125.0,1326.1235574124553
sarimax,2019-01-01,1764.0,1401.8018986279649
sarimax,2019-02-01,2995.0,964.4933286957508
sarimax,2019-03-01,8241.0,621.7139661275114
sarimax,2019-04-01,13333.0,1140.3721476928895
sarimax,2018-06-01,478.0,333.4245568088055
sarimax,2018-07-01,432.0,526.5238725298918
sarimax,2018-08-01,296.0,408.2836544179029
sarimax,2018-09-01,487.0,561.5163290476889
sarimax,2018-10-01,417.0,1011.2816871124297
sarimax,2018-11-01,566.0,997.3514636790014
sarimax,2018-12-01,1125.0,1329.2599469433171
sarimax,2019-01-01,1764.0,1404.8237407528436
sarimax,2019-02-01,2995.0,967.4744234665279
sarimax,2019-03-01,8241.0,624.678726841232
sarimax,2019-04-01,13333.0,1143.3426225958472
sarimax,2019-05-01,13768.0,532.6707259203467
sarimax,2018-07-01,432.0,612.9551465148543
sarimax,2018-08-01,296.0,461.4366514356959
sarimax,2018-09-01,487.0,595.6202762588147
sarimax,2018-10-01,417.0,1034.4796542089075
sarimax,2018-11-01,566.0,1014.302943067234
sarimax,2018-12-01,1125.0,1342.63877623988
sarimax,2019-01-01,1764.0,1416.1840966060436
sarimax,2019-02-01,2995.0,977.6590754722238
sarimax,2019-03-01,8241.0,634.1846523722976
sarimax,2019-04-01,13333.0,1152.447733575057
sarimax,2019-05-01,13768.0,541.5584445957057
sarimax,2019-06-01,6263.0,351.81306164045407
sarimax,2018-08-01,296.0,355.5284199306171
sarimax,2018-09-01,487.0,532.6724875608191
sarimax,2018-10-01,417.0,996.120986093163
sarimax,2018-11-01,566.0,990.0137083230836
sarimax,2018-12-01,1125.0,1326.4087484901434
sarimax,2019-01-01,1764.0,1404.6143697826183
sarimax,2019-02-01,2995.0,968.7213614449306
sarimax,2019-03-01,8241.0,626.7435246632781
sarimax,2019-04-01,13333.0,1145.8416486842311
sarimax,2019-05-01,13768.0,535.4515973926341
sarimax,2019-06-01,6263.0,345.9921496833616
sarimax,2019-07-01,1770.0,313.9917001571984
sarimax,2018-09-01,487.0,498.52395146802627
sarimax,2018-10-01,417.0,976.5007151280943
sarimax,2018-11-01,566.0,978.7097117390856
sarimax,2018-12-01,1125.0,1319.8654974622457
sarimax,2019-01-01,1764.0,1400.798133732999
sarimax,2019-02-01,2995.0,966.4648073418346
sarimax,2019-03-01,8241.0,625.379405784877
sarimax,2019-04-01,13333.0,1144.9875667376764
sarimax,2019-05-01,13768.0,534.8902888347891
sarimax,2019-06-01,6263.0,345.5984412372648
sarimax,2019-07-01,1770.0,313.6938475777324
sarimax,2019-08-01,1143.0,212.19252529812405
sarimax,2018-10-01,417.0,970.5823469425009
sarimax,2018-11-01,566.0,976.0031175499802
sarimax,2018-12-01,1125.0,1318.9957699874171
sarimax,2019-01-01,1764.0,1400.9625158733093
sarimax,2019-02-01,2995.0,967.2346360940505
sarimax,2019-03-01,8241.0,626.4996496584993
sarimax,2019-04-01,13333.0,1146.316547980261
sarimax,2019-05-01,13768.0,536.3308290460825
sarimax,2019-06-01,6263.0,347.1027961743427
sarimax,2019-07-01,1770.0,315.2355700877959
sarimax,2019-08-01,1143.0,213.75621545572753
sarimax,2019-09-01,1323.0,416.2916270476318
sarimax,2018-11-01,566.0,650.4136004115521
sarimax,2018-12-01,1125.0,1123.9065396281433
sarimax,2019-01-01,1764.0,1280.5291391424084
sarimax,2019-02-01,2995.0,889.5682922986161
sarimax,2019-03-01,8241.0,573.3229604830337
sarimax,2019-04-01,13333.0,1107.1781716286032
sarimax,2019-05-01,13768.0,505.2083182365262
sarimax,2019-06-01,6263.0,320.56850030588095
sarimax,2019-07-01,1770.0,291.3296817201947
sarimax,2019-08-01,1143.0,191.35628028490854
sarimax,2019-09-01,1323.0,394.7532710120736
sarimax,2019-10-01,1044.0,535.3903787495462
sarimax,2018-12-01,1125.0,1075.0619911657723
sarimax,2019-01-01,1764.0,1252.0645921942219
sarimax,2019-02-01,2995.0,872.7616996484836
sarimax,2019-03-01,8241.0,563.1882301389359
sarimax,2019-04-01,13333.0,1100.8568888226569
sarimax,2019-05-01,13768.0,501.0769891948251
sarimax,2019-06-01,6263.0,317.69111083728683
sarimax,2019-07-01,1770.0,289.1695754520851
sarimax,2019-08-01,1143.0,189.60639702582804
sarimax,2019-09-01,1323.0,393.23841294512744
sarimax,2019-10-01,1044.0,534.0064814189075
sarimax,2019-11-01,969.0,572.3988030508783
sarimax,2019-01-01,1764.0,1282.3905644125139
sarimax,2019-02-01,2995.0,891.8696655901508
sarimax,2019-03-01,8241.0,575.877353413318
sarimax,2019-04-01,13333.0,1109.876567511283
sarimax,2019-05-01,13768.0,507.9918612544613
sarimax,2019-06-01,6263.0,323.40119945085627
sarimax,2019-07-01,1770.0,294.1905380881938
sarimax,2019-08-01,1143.0,194.2332407125597
sarimax,2019-09-01,1323.0,397.63957015197275
sarimax,2019-10-01,1044.0,538.2809488417919
sarimax,2019-11-01,969.0,576.5979282162084
sarimax,2019-12-01,1390.0,1056.3194751590322
sarimax,2019-02-01,2995.0,1176.5929831721728
sarimax,2019-03-01,8241.0,747.7383238154055
sarimax,2019-04-01,13333.0,1216.793680532738
sarimax,2019-05-01,13768.0,578.0626091950264
sarimax,2019-06-01,6263.0,372.38196432914367
sarimax,2019-07-01,1770.0,331.06402523024735
sarimax,2019-08-01,1143.0,224.15222165104473
sarimax,2019-09-01,1323.0,423.5848927853621
sarimax,2019-10-01,1044.0,561.768465939339
sarimax,2019-11-01,969.0,598.8865454314192
sarimax,2019-12-01,1390.0,1077.936111593273
sarimax,2020-01-01,2385.0,1826.2745329574063
sarimax,2019-03-01,8241.0,1818.4690683475108
sarimax,2019-04-01,13333.0,1858.9838148235426
sarimax,2019-05-01,13768.0,975.0226078189631
sarimax,2019-06-01,6263.0,628.8699024002152
sarimax,2019-07-01,1770.0,507.06016099505314
sarimax,2019-08-01,1143.0,354.02278324180435
sarimax,2019-09-01,1323.0,527.0391617176529
sarimax,2019-10-01,1044.0,649.9531146142133
sarimax,2019-11-01,969.0,678.4809116938433
sarimax,2019-12-01,1390.0,1152.6204950492452
sarimax,2020-01-01,2385.0,1898.041294683614
sarimax,2020-02-01,3149.0,2387.501308750826
sarimax,2019-04-01,13333.0,5658.950117237294
sarimax,2019-05-01,13768.0,3258.631141462595
sarimax,2019-06-01,6263.0,2036.2033648239258
sarimax,2019-07-01,1770.0,1408.104623283039
sarimax,2019-08-01,1143.0,962.5590662148318
sarimax,2019-09-01,1323.0,966.5287693795302
sarimax,2019-10-01,1044.0,992.2083090134738
sarimax,2019-11-01,969.0,964.0364889020852
sarimax,2019-12-01,1390.0,1405.3790493239621
sarimax,2020-01-01,2385.0,2132.192502469405
sarimax,2020-02-01,3149.0,2609.1243882135595
sarimax,2020-03-01,2933.0,5453.222203704354
sarimax,2019-05-01,13768.0,7993.155409239353
sarimax,2019-06-01,6263.0,4989.818072066864
sarimax,2019-07-01,1770.0,3284.3422892774047
sarimax,2019-08-01,1143.0,2187.5813851070425
sarimax,2019-09-01,1323.0,1797.804987149672
sarimax,2019-10-01,1044.0,1589.0622580260917
sarimax,2019-11-01,969.0,1415.4355546915267
sarimax,2019-12-01,1390.0,1768.832589532625
sarimax,2020-01-01,2385.0,2445.2582898957667
sarimax,2020-02-01,3149.0,2878.3750864935273
sarimax,2020-03-01,2933.0,5663.625108570584
sarimax,2020-04-01,2029.0,8618.004415862642
sarimax,2019-06-01,6263.0,8743.682562357732
sarimax,2019-07-01,1770.0,5741.522345529495
sarimax,2019-08-01,1143.0,3815.3660577293867
sarimax,2019-09-01,1323.0,2896.25473835548
sarimax,2019-10-01,1044.0,2352.882653773118
sarimax,2019-11-01,969.0,1963.9932600412758
sarimax,2019-12-01,1390.0,2180.862191914461
sarimax,2020-01-01,2385.0,2772.725191337841
sarimax,2020-02-01,3149.0,3143.3096605293085
sarimax,2020-03-01,2933.0,5867.429262624106
sarimax,2020-04-01,2029.0,8776.792909633394
sarimax,2020-05-01,1571.0,8777.812209107404
sarimax,2019-07-01,1770.0,4141.914198342735
sarimax,2019-08-01,1143.0,2775.104742188254
sarimax,2019-09-01,1323.0,2210.7000634318847
sarimax,2019-10-01,1044.0,1890.9325087799593
sarimax,2019-11-01,969.0,1644.6406665174577
sarimax,2019-12-01,1390.0,1951.6260337624772
sarimax,2020-01-01,2385.0,2599.5657819901526
sarimax,2020-02-01,3149.0,3009.4573312889534
sarimax,2020-03-01,2933.0,5767.75063215203
sarimax,2020-04-01,2029.0,8701.45214458184
sarimax,2020-05-01,1571.0,8713.312155152145
sarimax,2020-06-01,796.0,4284.775054186322
sarimax,2019-08-01,1143.0,1308.0560194329012
sarimax,2019-09-01,1323.0,1293.2290822831103
sarimax,2019-10-01,1044.0,1306.788148888425
sarimax,2019-11-01,969.0,1263.453196372466
sarimax,2019-12-01,1390.0,1693.7212209626189
sarimax,2020-01-01,2385.0,2416.1830404459247
sarimax,2020-02-01,3149.0,2873.1010963724966
sarimax,2020-03-01,2933.0,5664.2127989472865
sarimax,2020-04-01,2029.0,8619.230851141816
sarimax,2020-05-01,1571.0,8642.134469223578
sarimax,2020-06-01,796.0,4213.1636487574
sarimax,2020-07-01,547.0,1579.2467945701733
sarimax,2019-09-01,1323.0,1191.8865001453573
sarimax,2019-10-01,1044.0,1243.8318718624823
sarimax,2019-11-01,969.0,1223.636185011039
sarimax,2019-12-01,1390.0,1667.8481510236543
sarimax,2020-01-01,2385.0,2398.70714791584
sarimax,2020-02-01,3149.0,2860.712493965122
sarimax,2020-03-01,2933.0,5654.95542175531
sarimax,2020-04-01,2029.0,8611.882042871392
sarimax,2020-05-01,1571.0,8635.90682903016
sarimax,2020-06-01,796.0,4207.501824839552
sarimax,2020-07-01,547.0,1573.9257448950884
sarimax,2020-08-01,473.0,1151.7512167824186
sarimax,2019-10-01,1044.0,1324.2459262112052
sarimax,2019-11-01,969.0,1273.5082501871657
sarimax,2019-12-01,1390.0,1699.3209954451002
sarimax,2020-01-01,2385.0,2419.095434987573
sarimax,2020-02-01,3149.0,2874.4252643198865
sarimax,2020-03-01,2933.0,5664.651751353129
sarimax,2020-04-01,2029.0,8619.16044210679
sarimax,2020-05-01,1571.0,8641.726381298873
sarimax,2020-06-01,796.0,4212.434078561195
sarimax,2020-07-01,547.0,1578.323452644134
sarimax,2020-08-01,473.0,1155.829228315665
sarimax,2020-09-01,481.0,1339.8874169303633
sarimax,2019-11-01,969.0,1101.51028355796
sarimax,2019-12-01,1390.0,1592.5340623251427
sarimax,2020-01-01,2385.0,2351.5663296538914
sarimax,2020-02-01,3149.0,2830.67605164232
sarimax,2020-03-01,2933.0,5635.543222872312
sarimax,2020-04-01,2029.0,8598.975965763246
sarimax,2020-05-01,1571.0,8626.778890972211
sarimax,2020-06-01,796.0,4200.1138110193715
sarimax,2020-07-01,547.0,1567.5848708352
sarimax,2020-08-01,473.0,1146.1887215126617
sarimax,2020-09-01,481.0,1330.927302310287
sarimax,2020-10-01,331.0,1139.4306904388202
sarimax,2019-12-01,1390.0,1511.1522409919207
sarimax,2020-01-01,2385.0,2300.988814339816
sarimax,2020-02-01,3149.0,2798.6220671766123
sarimax,2020-03-01,2933.0,5614.5701236672585
sarimax,2020-04-01,2029.0,8584.65210968718
sarimax,2020-05-01,1571.0,8616.494231072711
sarimax,2020-06-01,796.0,4192.3910561188795
sarimax,2020-07-01,547.0,1561.4055611150527
sarimax,2020-08-01,473.0,1140.9036611477418
sarimax,2020-09-01,481.0,1326.176290766211
sarimax,2020-10-01,331.0,1135.004653085198
sarimax,2020-11-01,592.0,1153.9466545859407
sarimax,2020-01-01,2385.0,2226.5958506305815
sarimax,2020-02-01,3149.0,2752.3639820923036
sarimax,2020-03-01,2933.0,5585.18311921136
sarimax,2020-04-01,2029.0,8565.402454839477
sarimax,2020-05-01,1571.0,8603.384828857545
sarimax,2020-06-01,796.0,4183.108611159367
sarimax,2020-07-01,547.0,1554.4286214099923
sarimax,2020-08-01,473.0,1135.2802009875359
sarimax,2020-09-01,481.0,1321.3635394079713
sarimax,2020-10-01,331.0,1130.6835188849595
sarimax,2020-11-01,592.0,1149.9232418362542
sarimax,2020-12-01,484.0,1628.9742758268367
sarimax,2020-02-01,3149.0,2849.3506593529405
sarimax,2020-03-01,2933.0,5645.097126082268
sarimax,2020-04-01,2029.0,8602.959660903065
sarimax,2020-05-01,1571.0,8627.508773099169
sarimax,2020-06-01,796.0,4199.2690485136645
sarimax,2020-07-01,547.0,1565.7923327554836
sarimax,2020-08-01,473.0,1143.7192015046471
sarimax,2020-09-01,481.0,1328.0361899824209
sarimax,2020-10-01,331.0,1136.2954429315314
sarimax,2020-11-01,592.0,1154.8978014312124
sarimax,2020-12-01,484.0,1633.5649567981288
sarimax,2021-01-01,1177.0,2479.602468076398
sarimax,2020-03-01,2933.0,5829.733441168839
sarimax,2020-04-01,2029.0,8718.586087299012
sarimax,2020-05-01,1571.0,8701.216570237259
sarimax,2020-06-01,796.0,4246.389634923126
sarimax,2020-07-01,547.0,1596.8962834126874
sarimax,2020-08-01,473.0,1165.5444995130167
sarimax,2020-09-01,481.0,1344.3207120405855
sarimax,2020-10-01,331.0,1149.2085334057108
sarimax,2020-11-01,592.0,1165.763671345771
sarimax,2020-12-01,484.0,1643.1972196876382
sarimax,2021-01-01,1177.0,2488.565680318535
sarimax,2021-02-01,1765.0,3447.384829435817
sarimax,2020-04-01,2029.0,6889.601007714535
sarimax,2020-05-01,1571.0,7529.972376979429
sarimax,2020-06-01,796.0,3523.8966312750103
sarimax,2020-07-01,547.0,1145.128823256768
sarimax,2020-08-01,473.0,862.7194607700603
sarimax,2020-09-01,481.0,1129.4641049360612
sarimax,2020-10-01,331.0,988.7355837537394
sarimax,2020-11-01,592.0,1038.7338089738557
sarimax,2020-12-01,484.0,1536.3576944147
sarimax,2021-01-01,1177.0,2391.0281632982137
sarimax,2021-02-01,1765.0,3359.921489568958
sarimax,2021-03-01,3255.0,5467.629313875085
sarimax,2020-05-01,1571.0,4433.195996937703
sarimax,2020-06-01,796.0,1615.2894579728618
sarimax,2020-07-01,547.0,0.0
sarimax,2020-08-01,473.0,90.20036174154984
sarimax,2020-09-01,481.0,604.008382243526
sarimax,2020-10-01,331.0,616.9282244389515
sarimax,2020-11-01,592.0,762.0657645115451
sarimax,2020-12-01,484.0,1317.7803780755423
sarimax,2021-01-01,1177.0,2201.747854493398
sarimax,2021-02-01,1765.0,3198.0983006009637
sarimax,2021-03-01,3255.0,5395.007321691569
sarimax,2021-04-01,6693.0,7131.637769131034
sarimax,2020-06-01,796.0,0.0
sarimax,2020-07-01,547.0,0.0
sarimax,2020-08-01,473.0,0.0
sarimax,2020-09-01,481.0,119.29630633944305
sarimax,2020-10-01,331.0,286.04850796043206
sarimax,2020-11-01,592.0,527.3032223133762
sarimax,2020-12-01,484.0,1142.683706671522
sarimax,2021-01-01,1177.0,2060.9113705013197
sarimax,2021-02-01,1765.0,3082.843644894536
sarimax,2021-03-01,3255.0,5328.113700288619
sarimax,2021-04-01,6693.0,7111.124154129871
sarimax,2021-05-01,5349.0,7062.0946853383275
sarimax,2020-07-01,547.0,0.0
sarimax,2020-08-01,473.0,0.0
sarimax,2020-09-01,481.0,370.8243594139105
sarimax,2020-10-01,331.0,451.91607098007114
sarimax,2020-11-01,592.0,640.219320248798
sarimax,2020-12-01,484.0,1222.838539530847
sarimax,2021-01-01,1177.0,2120.562308846142
sarimax,2021-02-01,1765.0,3130.178490471996
sarimax,2021-03-01,3255.0,5370.598055014177
sarimax,2021-04-01,6693.0,7152.008932714705
sarimax,2021-05-01,5349.0,7100.483933940674
sarimax,2021-06-01,1819.0,3332.434931814398
sarimax,2020-08-01,473.0,436.1887352443838
sarimax,2020-09-01,481.0,802.8170845686398
sarimax,2020-10-01,331.0,728.2415445603157
sarimax,2020-11-01,592.0,821.1970120532806
sarimax,2020-12-01,484.0,1345.371888807693
sarimax,2021-01-01,1177.0,2206.9452778923023
sarimax,2021-02-01,1765.0,3194.9097859430417
sarimax,2021-03-01,3255.0,5425.888569324215
sarimax,2021-04-01,6693.0,7203.472562475536
sarimax,2021-05-01,5349.0,7147.54249418227
sarimax,2021-06-01,1819.0,3371.406967130994
sarimax,2021-07-01,972.0,1229.8220429808493
sarimax,2020-09-01,481.0,825.7266417863655
sarimax,2020-10-01,331.0,742.6462613179324
sarimax,2020-11-01,592.0,830.3984292910349
sarimax,2020-12-01,484.0,1351.3895361664217
sarimax,2021-01-01,1177.0,2211.0120493427994
sarimax,2021-02-01,1765.0,3197.78722057611
sarimax,2021-03-01,3255.0,5428.071215117036
sarimax,2021-04-01,6693.0,7205.246971325628
sarimax,2021-05-01,5349.0,7149.049449350846
sarimax,2021-06-01,1819.0,3372.7039719368518
sarimax,2021-07-01,972.0,1230.989781962496
sarimax,2021-08-01,1005.0,910.958404303899
sarimax,2020-10-01,331.0,528.1096344407683
sarimax,2020-11-01,592.0,695.5062312026851
sarimax,2020-12-01,484.0,1265.2186559220597
sarimax,2021-01-01,1177.0,2154.6336664815067
sarimax,2021-02-01,1765.0,3159.652676618842
sarimax,2021-03-01,3255.0,5401.238598137488
sarimax,2021-04-01,6693.0,7185.400724300112
sarimax,2021-05-01,5349.0,7133.40113687374
sarimax,2021-06-01,1819.0,3359.424735408135
sarimax,2021-07-01,972.0,1219.1563192083963
sarimax,2021-08-01,1005.0,900.065237280868
sarimax,2021-09-01,711.0,985.8721951528385
sarimax,2020-11-01,592.0,572.9084178164112
sarimax,2020-12-01,484.0,1188.206310926906
sarimax,2021-01-01,1177.0,2105.5063454380406
sarimax,2021-02-01,1765.0,3127.5907339455243
sarimax,2021-03-01,3255.0,5379.659741117886
sarimax,2021-04-01,6693.0,7170.25718620837
sarimax,2021-05-01,5349.0,7122.171764603254
sarimax,2021-06-01,1819.0,3350.529998462115
sarimax,2021-07-01,972.0,1211.6888401723586
sarimax,2021-08-01,1005.0,893.487789326479
sarimax,2021-09-01,711.0,979.8434661754812
sarimax,2021-10-01,756.0,773.244781780431
sarimax,2020-12-01,484.0,1200.1757128941917
sarimax,2021-01-01,1177.0,2113.117404424816
sarimax,2021-02-01,1765.0,3132.535356882389
sarimax,2021-03-01,3255.0,5382.976056845328
sarimax,2021-04-01,6693.0,7172.578824991055
sarimax,2021-05-01,5349.0,7123.882998705252
sarimax,2021-06-01,1819.0,3351.863107736824
sarimax,2021-07-01,972.0,1212.7904949819213
sarimax,2021-08-01,1005.0,894.4491144101547
sarimax,2021-09-01,711.0,980.7192474546692
sarimax,2021-10-01,756.0,774.0680701521367
sarimax,2021-11-01,860.0,885.6749195113749
sarimax,2021-01-01,1177.0,1667.6449367938023
sarimax,2021-02-01,1765.0,2852.6648980571626
sarimax,2021-03-01,3255.0,5204.3427579117815
sarimax,2021-04-01,6693.0,7055.8420894254805
sarimax,2021-05-01,5349.0,7045.054118907945
sarimax,2021-06-01,1819.0,3296.331866788714
sarimax,2021-07-01,972.0,1171.5142335480778
sarimax,2021-08-01,1005.0,861.86399991251
sarimax,2021-09-01,711.0,953.4437917207557
sarimax,2021-10-01,756.0,750.0443992381215
sarimax,2021-11-01,860.0,863.644391961533
sarimax,2021-12-01,853.0,993.290748220621
sarimax,2021-02-01,1765.0,2547.4055227465783
sarimax,2021-03-01,3255.0,5012.93677023982
sarimax,2021-04-01,6693.0,6934.31838445237
sarimax,2021-05-01,5349.0,6966.087936501995
sarimax,2021-06-01,1819.0,3242.8571398354575
sarimax,2021-07-01,972.0,1133.631153399385
sarimax,2021-08-01,1005.0,833.6790308052488
sarimax,2021-09-01,711.0,931.2331151172441
sarimax,2021-10-01,756.0,731.472234942083
sarimax,2021-11-01,860.0,847.2794690874348
sarimax,2021-12-01,853.0,978.3326678203201
sarimax,2022-01-01,1560.0,1807.9254126359206
sarimax,2021-03-01,3255.0,4525.620203665219
sarimax,2021-04-01,6693.0,6627.490396209091
sarimax,2021-05-01,5349.0,6769.9399765583
sarimax,2021-06-01,1819.0,3114.942869273168
sarimax,2021-07-01,972.0,1047.4992707829372
sarimax,2021-08-01,1005.0,772.9945125215947
sarimax,2021-09-01,711.0,886.0949367508322
sarimax,2021-10-01,756.0,695.8671244969107
sarimax,2021-11-01,860.0,817.527429207373
sarimax,2021-12-01,853.0,952.1162999942986
sarimax,2022-01-01,1560.0,1783.8750891247419
sarimax,2022-02-01,1478.0,2452.857629073375
sarimax,2021-04-01,6693.0,5817.690167383919
sarimax,2021-05-01,5349.0,6248.676800991043
sarimax,2021-06-01,1819.0,2787.1060747815177
sarimax,2021-07-01,972.0,838.3715060990542
sarimax,2021-08-01,1005.0,631.8315414122434
sarimax,2021-09-01,711.0,785.366255822489
sarimax,2021-10-01,756.0,620.4341212400969
sarimax,2021-11-01,860.0,758.1739293760959
sarimax,2021-12-01,853.0,900.9140272561455
sarimax,2022-01-01,1560.0,1737.713778161676
sarimax,2022-02-01,1478.0,2409.803123847448
sarimax,2022-03-01,3568.0,3145.9929485960683
sarimax,2021-05-01,5349.0,6805.39997524042
sarimax,2021-06-01,1819.0,3132.167936317169
sarimax,2021-07-01,972.0,1053.5628190530194
sarimax,2021-08-01,1005.0,772.1786778634765
sarimax,2021-09-01,711.0,881.0557938071378
sarimax,2021-10-01,756.0,688.2475177647096
sarimax,2021-11-01,860.0,808.3336937009009
sarimax,2021-12-01,853.0,941.9423661109604
sarimax,2022-01-01,1560.0,1773.101521596491
sarimax,2022-02-01,1478.0,2441.7171369682123
sarimax,2022-03-01,3568.0,3171.6404793885467
sarimax,2022-04-01,9307.0,4672.692296427022
sarimax,2021-06-01,1819.0,2231.3816172755664
sarimax,2021-07-01,972.0,492.99809922865074
sarimax,2021-08-01,1005.0,414.63289858091497
sarimax,2021-09-01,711.0,646.4318215848439
sarimax,2021-10-01,756.0,529.4090404490232
sarimax,2021-11-01,860.0,696.5016836109547
sarimax,2021-12-01,853.0,857.0279876815656
sarimax,2022-01-01,1560.0,1704.7084979392093
sarimax,2022-02-01,1478.0,2383.4531837292097
sarimax,2022-03-01,3568.0,3124.1142386435895
sarimax,2022-04-01,9307.0,4639.993452593697
sarimax,2022-05-01,13710.0,3692.0691812171517
sarimax,2021-07-01,972.0,235.50416262782164
sarimax,2021-08-01,1005.0,252.6526597802126
sarimax,2021-09-01,711.0,543.1165790922662
sarimax,2021-10-01,756.0,461.9548061639142
sarimax,2021-11-01,860.0,650.9331641174305
sarimax,2021-12-01,853.0,825.0948332615458
sarimax,2022-01-01,1560.0,1681.1205466939623
sarimax,2022-02-01,1478.0,2364.974117799796
sarimax,2022-03-01,3568.0,3108.197612749055
sarimax,2022-04-01,9307.0,4624.615909526463
sarimax,2022-05-01,13710.0,3678.130021828433
sarimax,2022-06-01,4328.0,1374.0619613315503
sarimax,2021-08-01,1005.0,711.3304532165737
sarimax,2021-09-01,711.0,831.4559285176497
sarimax,2021-10-01,756.0,646.165598953311
sarimax,2021-11-01,860.0,771.5544446847423
sarimax,2021-12-01,853.0,906.3764672628575
sarimax,2022-01-01,1560.0,1738.335345706076
sarimax,2022-02-01,1478.0,2407.4629913499266
sarimax,2022-03-01,3568.0,3142.703540005677
sarimax,2022-04-01,9307.0,4656.109420906696
sarimax,2022-05-01,13710.0,3705.7661345552465
sarimax,2022-06-01,4328.0,1398.0797482441762
sarimax,2022-07-01,2846.0,816.5645465771508
sarimax,2021-09-01,711.0,1014.2491185009616
sarimax,2021-10-01,756.0,761.140352628128
sarimax,2021-11-01,860.0,845.048290442907
sarimax,2021-12-01,853.0,954.4924190734833
sarimax,2022-01-01,1560.0,1770.9284755579602
sarimax,2022-02-01,1478.0,2430.5612909203114
sarimax,2022-03-01,3568.0,3160.006804025133
sarimax,2022-04-01,9307.0,4669.891108103326
sarimax,2022-05-01,13710.0,3717.368974325285
sarimax,2022-06-01,4328.0,1408.3343539832076
sarimax,2022-07-01,2846.0,826.0020842696456
sarimax,2022-08-01,1243.0,811.2102489154516
sarimax,2021-10-01,756.0,572.7223899366975
sarimax,2021-11-01,860.0,726.8780520631886
sarimax,2021-12-01,853.0,879.2584054278738
sarimax,2022-01-01,1560.0,1721.9574591851997
sarimax,2022-02-01,1478.0,2397.654493506525
sarimax,2022-03-01,3568.0,3137.0023637061345
sarimax,2022-04-01,9307.0,4653.082834420889
sarimax,2022-05-01,13710.0,3704.200972053777
sarimax,2022-06-01,4328.0,1397.299437447236
sarimax,2022-07-01,2846.0,816.317805066717
sarimax,2022-08-01,1243.0,802.3720652243151
sarimax,2022-09-01,1206.0,642.6076816815221
sarimax,2021-11-01,860.0,840.9861424720175
sarimax,2021-12-01,853.0,951.0686928405188
sarimax,2022-01-01,1560.0,1767.896497767099
sarimax,2022-02-01,1478.0,2427.769561125279
sarimax,2022-03-01,3568.0,3157.416719736566
sarimax,2022-04-01,9307.0,4667.523564839374
sarimax,2022-05-01,13710.0,3715.0312629385253
sarimax,2022-06-01,4328.0,1405.9484759169375
sarimax,2022-07-01,2846.0,823.6194258566077
sarimax,2022-08-01,1243.0,808.8437779945046
sarimax,2022-09-01,1206.0,648.576278744767
sarimax,2022-10-01,2169.0,606.9770439054521
sarimax,2021-12-01,853.0,963.0478902983011
sarimax,2022-01-01,1560.0,1775.5728271172543
sarimax,2022-02-01,1478.0,2432.813984948156
sarimax,2022-03-01,3568.0,3160.8447950995233
sarimax,2022-04-01,9307.0,4669.951118323007
sarimax,2022-05-01,13710.0,3716.8595901792055
sarimax,2022-06-01,4328.0,1407.4182489219424
sarimax,2022-07-01,2846.0,824.8659740339377
sarimax,2022-08-01,1243.0,809.9520876806529
sarimax,2022-09-01,1206.0,649.6013566857599
sarimax,2022-10-01,2169.0,607.94984586658
sarimax,2022-11-01,1275.0,781.4708956416384
sarimax,2022-01-01,1560.0,1707.3150838976985
sarimax,2022-02-01,1478.0,2390.1166493921464
sarimax,2022-03-01,3568.0,3133.823230989667
sarimax,2022-04-01,9307.0,4652.594113329282
sarimax,2022-05-01,13710.0,3705.3313337883474
sarimax,2022-06-01,4328.0,1399.4035495077053
sarimax,2022-07-01,2846.0,819.0255729824747
sarimax,2022-08-01,1243.0,805.4525578529261
sarimax,2022-09-01,1206.0,645.9133973713949
sarimax,2022-10-01,2169.0,604.767104447568
sarimax,2022-11-01,1275.0,778.5907336299638
sarimax,2022-12-01,597.0,726.9241731204371
sarimax,2022-02-01,1478.0,2298.706057375075
sarimax,2022-03-01,3568.0,3076.656535870261
sarimax,2022-04-01,9307.0,4616.465313192615
sarimax,2022-05-01,13710.0,3681.9693494856765
sarimax,2022-06-01,4328.0,1383.787278053422
sarimax,2022-07-01,2846.0,808.1775837822292
sarimax,2022-08-01,1243.0,797.5343659097914
sarimax,2022-09-01,1206.0,639.7767156660886
sarimax,2022-10-01,2169.0,599.7308035077191
sarimax,2022-11-01,1275.0,774.2196158305605
sarimax,2022-12-01,597.0,722.965484067989
sarimax,2023-01-01,4452.0,1424.0830303414205
sarimax,2022-03-01,3568.0,2566.999963246505
sarimax,2022-04-01,9307.0,4297.576165069009
sarimax,2022-05-01,13710.0,3479.1995206775373
sarimax,2022-06-01,4328.0,1251.6897373926668
sarimax,2022-07-01,2846.0,719.4768468831526
sarimax,2022-08-01,1243.0,735.4509783959204
sarimax,2022-09-01,1206.0,593.9152078800765
sarimax,2022-10-01,2169.0,563.8510140368958
sarimax,2022-11-01,1275.0,744.4012920126697
sarimax,2022-12-01,597.0,696.8856364378603
sarimax,2023-01-01,4452.0,1400.2821935622273
sarimax,2023-02-01,5623.0,1616.866158965372
sarimax,2022-04-01,9307.0,4921.572411849323
sarimax,2022-05-01,13710.0,3871.1054101000504
sarimax,2022-06-01,4328.0,1500.7020636286163
sarimax,2022-07-01,2846.0,881.5843521837528
sarimax,2022-08-01,1243.0,844.6224385530982
sarimax,2022-09-01,1206.0,670.5550799729536
sarimax,2022-10-01,2169.0,620.7637562589696
sarimax,2022-11-01,1275.0,789.1298467124759
sarimax,2022-12-01,597.0,734.2496951330406
sarimax,2023-01-01,4452.0,1433.121904658183
sarimax,2023-02-01,5623.0,1646.642212147763
sarimax,2023-03-01,9710.0,3470.220953826002
sarimax,2022-05-01,13710.0,6597.183502627888
sarimax,2022-06-01,4328.0,3199.1063946630093
sarimax,2022-07-01,2846.0,1959.0180158370244
sarimax,2022-08-01,1243.0,1545.6790372961775
sarimax,2022-09-01,1206.0,1139.3625969195705
sarimax,2022-10-01,2169.0,950.0820034871025
sarimax,2022-11-01,1275.0,1031.4912634972738
sarimax,2022-12-01,597.0,924.7304758202864
sarimax,2023-01-01,4452.0,1591.6074934214835
sarimax,2023-02-01,5623.0,1781.301719750867
sarimax,2023-03-01,9710.0,3596.6910942377654
sarimax,2023-04-01,13852.0,8323.48715775551
sarimax,2022-06-01,4328.0,7687.839792701836
sarimax,2022-07-01,2846.0,4815.216713518686
sarimax,2022-08-01,1243.0,3386.234714953649
sarimax,2022-09-01,1206.0,2347.8602141158544
sarimax,2022-10-01,2169.0,1765.5098371747254
sarimax,2022-11-01,1275.0,1602.2945518986962
sarimax,2022-12-01,597.0,1343.4512892767868
sarimax,2023-01-01,4452.0,1915.7201086390814
sarimax,2023-02-01,5623.0,2046.3127065561803
sarimax,2023-03-01,9710.0,3825.3449225223744
sarimax,2023-04-01,13852.0,8530.284005563197
sarimax,2023-05-01,9355.0,10407.915361643169
sarimax,2022-07-01,2846.0,2681.28777457206
sarimax,2022-08-01,1243.0,2021.6063081437542
sarimax,2022-09-01,1206.0,1463.7760011447879
sarimax,2022-10-01,2169.0,1183.413361158052
sarimax,2022-11-01,1275.0,1208.3145019097315
sarimax,2022-12-01,597.0,1067.7768557436643
sarimax,2023-01-01,4452.0,1713.8890590878545
sarimax,2023-02-01,5623.0,1888.5569154697757
sarimax,2023-03-01,9710.0,3698.2945480612043
sarimax,2023-04-01,13852.0,8428.382258406515
sarimax,2023-05-01,9355.0,10335.057121929127
sarimax,2023-06-01,4347.0,3482.5843592324345
sarimax,2022-08-01,1243.0,2123.7581243946697
sarimax,2022-09-01,1206.0,1527.6676019318586
sarimax,2022-10-01,2169.0,1223.8834737928375
sarimax,2022-11-01,1275.0,1234.465999846214
sarimax,2022-12-01,597.0,1085.161034049987
sarimax,2023-01-01,4452.0,1725.9113317186636
sarimax,2023-02-01,5623.0,1897.3243476530567
sarimax,2023-03-01,9710.0,3705.032830535063
sarimax,2023-04-01,13852.0,8433.806561667046
sarimax,2023-05-01,9355.0,10339.514683362466
sarimax,2023-06-01,4347.0,3486.802134438412
sarimax,2023-07-01,3003.0,2276.689073654771
sarimax,2022-09-01,1206.0,982.014872244278
sarimax,2022-10-01,2169.0,882.9001986438794
sarimax,2022-11-01,1275.0,1018.4829818552189
sarimax,2022-12-01,597.0,945.5237577903364
sarimax,2023-01-01,4452.0,1632.9020293083279
sarimax,2023-02-01,5623.0,1832.787929941274
sarimax,2023-03-01,9710.0,3657.8941074170743
sarimax,2023-04-01,13852.0,8397.308503420549
sarimax,2023-05-01,9355.0,10309.549066463804
sarimax,2023-06-01,4347.0,3460.753692599794
sarimax,2023-07-01,3003.0,2253.055822388412
sarimax,2023-08-01,2386.0,1358.1384393640883
sarimax,2022-10-01,2169.0,1021.4942286641325
sarimax,2022-11-01,1275.0,1104.967997350962
sarimax,2022-12-01,597.0,1000.207482304606
sarimax,2023-01-01,4452.0,1668.1790025689681
sarimax,2023-02-01,5623.0,1856.226043160475
sarimax,2023-03-01,9710.0,3674.1010419149748
sarimax,2023-04-01,13852.0,8409.090271156623
sarimax,2023-05-01,9355.0,10318.602796054409
sarimax,2023-06-01,4347.0,3468.201953277681
sarimax,2023-07-01,3003.0,2259.5057119860508
sarimax,2023-08-01,2386.0,1363.986979346646
sarimax,2023-09-01,2708.0,1215.051150313207
sarimax,2022-11-01,1275.0,1815.2237999358333
sarimax,2022-12-01,597.0,1443.5759263839714
sarimax,2023-01-01,4452.0,1948.6368315075972
sarimax,2023-02-01,5623.0,2037.208026016985
sarimax,2023-03-01,9710.0,3794.4151892167606
sarimax,2023-04-01,13852.0,8492.472957690083
sarimax,2023-05-01,9355.0,10379.667418256962
sarimax,2023-06-01,4347.0,3515.1588330706372
sarimax,2023-07-01,3003.0,2298.0033423569994
sarimax,2023-08-01,2386.0,1397.2564218579187
sarimax,2023-09-01,2708.0,1245.194338190095
sarimax,2023-10-01,3635.0,1808.3703439702306
sarimax,2022-12-01,597.0,1109.1094153329366
sarimax,2023-01-01,4452.0,1739.7826604942181
sarimax,2023-02-01,5623.0,1905.0060688234423
sarimax,2023-03-01,9710.0,3709.0600034948607
sarimax,2023-04-01,13852.0,8435.814791579485
sarimax,2023-05-01,9355.0,10340.746685362292
sarimax,2023-06-01,4347.0,3486.597012105974
sarimax,2023-07-01,3003.0,2275.913059273018
sarimax,2023-08-01,2386.0,1379.0543565216374
sarimax,2023-09-01,2708.0,1229.4290494138204
sarimax,2023-10-01,3635.0,1794.1309020087542
sarimax,2023-11-01,3157.0,1331.7413225105943
sarimax,2023-01-01,4452.0,1422.9324331332023
sarimax,2023-02-01,5623.0,1707.3114415082296
sarimax,2023-03-01,9710.0,3584.031072890846
sarimax,2023-04-01,13852.0,8355.055506019598
sarimax,2023-05-01,9355.0,10286.850305832493
sarimax,2023-06-01,4347.0,3449.407417312511
sarimax,2023-07-01,3003.0,2248.81725388797
sarimax,2023-08-01,2386.0,1358.1593282654594
sarimax,2023-09-01,2708.0,1212.2747514788623
sarimax,2023-10-01,3635.0,1779.2331315202907
sarimax,2023-11-01,3157.0,1318.2731016076493
sarimax,2023-12-01,6082.0,931.3696346858212
sarimax,2023-02-01,5623.0,3580.1461578318927
sarimax,2023-03-01,9710.0,4751.8782512978905
sarimax,2023-04-01,13852.0,9093.27040424476
sarimax,2023-05-01,9355.0,10763.762882269024
sarimax,2023-06-01,4347.0,3765.4111737022067
sarimax,2023-07-01,3003.0,2467.172495946276
sarimax,2023-08-01,2386.0,1516.7548862635988
sarimax,2023-09-01,2708.0,1334.6320852850035
sarimax,2023-10-01,3635.0,1879.6156984904114
sarimax,2023-11-01,3157.0,1404.996173529319
sarimax,2023-12-01,6082.0,1009.7518451286942
sarimax,2024-01-01,29750.0,3497.4617751139776
sarimax,2023-03-01,9710.0,6020.191557120112
sarimax,2023-04-01,13852.0,9885.857011389242
sarimax,2023-05-01,9355.0,11262.107155487438
sarimax,2023-06-01,4347.0,4089.615266592883
sarimax,2023-07-01,3003.0,2682.783912072727
sarimax,2023-08-01,2386.0,1666.659122234884
sarimax,2023-09-01,2708.0,1443.4673039021213
sarimax,2023-10-01,3635.0,1962.7989406130373
sarimax,2023-11-01,3157.0,1473.4826043893138
sarimax,2023-12-01,6082.0,1069.274821108364
sarimax,2024-01-01,29750.0,3549.1767198935613
sarimax,2024-02-01,124453.0,4170.617916900097
sarimax,2023-04-01,13852.0,12192.541142383941
sarimax,2023-05-01,9355.0,12715.183642128168
sarimax,2023-06-01,4347.0,5017.471123081348
sarimax,2023-07-01,3003.0,3286.3407363227334
sarimax,2023-08-01,2386.0,2070.384550501754
sarimax,2023-09-01,2708.0,1723.7958755189086
sarimax,2023-10-01,3635.0,2166.9344225274826
sarimax,2023-11-01,3157.0,1630.838329337159
sarimax,2023-12-01,6082.0,1197.7922043424444
sarimax,2024-01-01,29750.0,3659.4471886175693
sarimax,2024-02-01,124453.0,4269.727299769708
sarimax,2024-03-01,331402.0,7480.085830516859
sarimax,2023-05-01,9355.0,13766.674817893949
sarimax,2023-06-01,4347.0,5683.32724020165
sarimax,2023-07-01,3003.0,3714.7956827208786
sarimax,2023-08-01,2386.0,2350.2344074779407
sarimax,2023-09-01,2708.0,1912.272966269759
sarimax,2023-10-01,3635.0,2299.214065051304
sarimax,2023-11-01,3157.0,1726.929897631824
sarimax,2023-12-01,6082.0,1271.3499982134401
sarimax,2024-01-01,29750.0,3721.8515310649154
sarimax,2024-02-01,124453.0,4324.637604095102
sarimax,2024-03-01,331402.0,7531.313799826913
sarimax,2024-04-01,320473.0,12354.694417396611
sarimax,2023-06-01,4347.0,2952.0990575761243
sarimax,2023-07-01,3003.0,1993.7336056737063
sarimax,2023-08-01,2386.0,1261.6343785510833
sarimax,2023-09-01,2708.0,1202.64664755204
sarimax,2023-10-01,3635.0,1816.6554788773942
sarimax,2023-11-01,3157.0,1397.2242844865473
sarimax,2023-12-01,6082.0,1036.2497359110218
sarimax,2024-01-01,29750.0,3515.3747134095256
sarimax,2024-02-01,124453.0,4141.4968613333895
sarimax,2024-03-01,331402.0,7352.3467907773775
sarimax,2024-04-01,320473.0,12201.826787901518
sarimax,2024-05-01,265248.0,11632.895894209625
sarimax,2023-07-01,3003.0,2859.7229855895393
sarimax,2023-08-01,2386.0,1805.0902646050263
sarimax,2023-09-01,2708.0,1547.0907941751193
sarimax,2023-10-01,3635.0,2038.3228989422755
sarimax,2023-11-01,3157.0,1545.4871519388525
sarimax,2023-12-01,6082.0,1139.6193227467454
sarimax,2024-01-01,29750.0,3587.141970098688
sarimax,2024-02-01,124453.0,4194.685541181245
sarimax,2024-03-01,331402.0,7392.737819669724
sarimax,2024-04-01,320473.0,12237.631068454262
sarimax,2024-05-01,265248.0,11675.025712479075
sarimax,2024-06-01,109649.0,4731.08040762849
sarimax,2023-08-01,2386.0,1893.863831447411
sarimax,2023-09-01,2708.0,1602.4832077257397
sarimax,2023-10-01,3635.0,2073.2706693651226
sarimax,2023-11-01,3157.0,1567.9057827160373
sarimax,2023-12-01,6082.0,1154.3630540431445
sarimax,2024-01-01,29750.0,3597.1978221342224
sarimax,2024-02-01,124453.0,4201.867318064969
sarimax,2024-03-01,331402.0,7398.163705098134
sarimax,2024-04-01,320473.0,12241.970810350953
sarimax,2024-05-01,265248.0,11678.670425828954
sarimax,2024-06-01,109649.0,4734.336241424905
sarimax,2024-07-01,24288.0,3328.253537080922
sarimax,2023-09-01,2708.0,1907.9418116418642
sarimax,2023-10-01,3635.0,2264.225040549391
sarimax,2023-11-01,3157.0,1689.0005466187536
sarimax,2023-12-01,6082.0,1232.6710325022073
sarimax,2024-01-01,29750.0,3648.635096203997
sarimax,2024-02-01,124453.0,4236.967873583306
sarimax,2024-03-01,331402.0,7423.02853477099
sarimax,2024-04-01,320473.0,12261.086729905486
sarimax,2024-05-01,265248.0,11695.729872604603
sarimax,2024-06-01,109649.0,4748.3180161800665
sarimax,2024-07-01,24288.0,3340.8200368697017
sarimax,2024-08-01,13835.0,2286.036644989567
sarimax,2023-10-01,3635.0,2761.285667872114
sarimax,2023-11-01,3157.0,2000.3293811359415
sarimax,2023-12-01,6082.0,1430.1805379529274
sarimax,2024-01-01,29750.0,3776.517594423247
sarimax,2024-02-01,124453.0,4322.159454653156
sarimax,2024-03-01,331402.0,7482.101061779809
sarimax,2024-04-01,320473.0,12304.056701326472
sarimax,2024-05-01,265248.0,11728.560617537934
sarimax,2024-06-01,109649.0,4775.272259413074
sarimax,2024-07-01,24288.0,3364.085991834902
sarimax,2024-08-01,13835.0,2307.073298457324
sarimax,2024-09-01,15943.0,2467.932421394599
sarimax,2023-11-01,3157.0,2543.234076231416
sarimax,2023-12-01,6082.0,1770.2380338312787
sarimax,2024-01-01,29750.0,3992.9969371632665
sarimax,2024-02-01,124453.0,4462.716107140982
sarimax,2024-03-01,331402.0,7576.381113571173
sarimax,2024-04-01,320473.0,12369.3312876506
sarimax,2024-05-01,265248.0,11774.278500164433
sarimax,2024-06-01,109649.0,4811.19865588139
sarimax,2024-07-01,24288.0,3393.439639300305
sarimax,2024-08-01,13835.0,2332.5985868979856
sarimax,2024-09-01,15943.0,2491.05543812704
sarimax,2024-10-01,9295.0,3431.043994686129
sarimax,2023-12-01,6082.0,2152.0653466036406
sarimax,2024-01-01,29750.0,4231.9182466208385
sarimax,2024-02-01,124453.0,4614.058105721215
sarimax,2024-03-01,331402.0,7673.7813266960475
sarimax,2024-04-01,320473.0,12434.09382079043
sarimax,2024-05-01,265248.0,11820.31084717258
sarimax,2024-06-01,109649.0,4844.127117768832
sarimax,2024-07-01,24288.0,3418.7442196470815
sarimax,2024-08-01,13835.0,2353.0773954953393
sarimax,2024-09-01,15943.0,2508.613347485376
sarimax,2024-10-01,9295.0,3446.851554138118
sarimax,2024-11-01,8486.0,2781.9416898423738
sarimax,2024-01-01,29750.0,6681.425301482106
sarimax,2024-02-01,124453.0,6153.514816085469
sarimax,2024-03-01,331402.0,8652.018305814745
sarimax,2024-04-01,320473.0,13070.134577038483
sarimax,2024-05-01,265248.0,12254.451164705115
sarimax,2024-06-01,109649.0,5143.324096812385
sarimax,2024-07-01,24288.0,3637.7029814913667
sarimax,2024-08-01,13835.0,2521.6906126794415
sarimax,2024-09-01,15943.0,2646.522984742796
sarimax,2024-10-01,9295.0,3566.1517692470093
sarimax,2024-11-01,8486.0,2889.315827147549
sarimax,2024-12-01,8326.0,4207.6295204887265
lgbm,2014-01-01,910.0,1064.9166666666667
lgbm,2014-02-01,2094.0,1064.9166666666667
lgbm,2014-03-01,11660.0,1064.9166666666667
lgbm,2014-04-01,27021.0,1064.9166666666667
lgbm,2014-05-01,13104.0,1064.9166666666667
lgbm,2014-06-01,3889.0,1064.9166666666667
lgbm,2014-07-01,1168.0,1064.9166666666667
lgbm,2014-08-01,994.0,1064.9166666666667
lgbm,2014-09-01,691.0,1064.9166666666667
lgbm,2014-10-01,632.0,1064.9166666666667
lgbm,2014-11-01,615.0,1064.9166666666667
lgbm,2014-12-01,387.0,1064.9166666666667
lgbm,2014-02-01,2094.0,1058.72
lgbm,2014-03-01,11660.0,1058.72
lgbm,2014-04-01,27021.0,1058.72
lgbm,2014-05-01,13104.0,1058.72
lgbm,2014-06-01,3889.0,1058.72
lgbm,2014-07-01,1168.0,1058.72
lgbm,2014-08-01,994.0,1058.72
lgbm,2014-09-01,691.0,1058.72
lgbm,2014-10-01,632.0,1058.72
lgbm,2014-11-01,615.0,1058.72
lgbm,2014-12-01,387.0,1058.72
lgbm,2015-01-01,2269.0,1058.72
lgbm,2014-03-01,11660.0,1098.5384615384614
lgbm,2014-04-01,27021.0,1098.5384615384614
lgbm,2014-05-01,13104.0,1098.5384615384614
lgbm,2014-06-01,3889.0,1098.5384615384614
lgbm,2014-07-01,1168.0,1098.5384615384614
lgbm,2014-08-01,994.0,1098.5384615384614
lgbm,2014-09-01,691.0,1098.5384615384614
lgbm,2014-10-01,632.0,1098.5384615384614
lgbm,2014-11-01,615.0,1098.5384615384614
lgbm,2014-12-01,387.0,1098.5384615384614
lgbm,2015-01-01,2269.0,1098.5384615384614
lgbm,2015-02-01,11540.0,1098.5384615384614
lgbm,2014-04-01,27021.0,1489.7037037037037
lgbm,2014-05-01,13104.0,1489.7037037037037
lgbm,2014-06-01,3889.0,1489.7037037037037
lgbm,2014-07-01,1168.0,1489.7037037037037
lgbm,2014-08-01,994.0,1489.7037037037037
lgbm,2014-09-01,691.0,1489.7037037037037
lgbm,2014-10-01,632.0,1489.7037037037037
lgbm,2014-11-01,615.0,1489.7037037037037
lgbm,2014-12-01,387.0,1489.7037037037037
lgbm,2015-01-01,2269.0,1489.7037037037037
lgbm,2015-02-01,11540.0,1489.7037037037037
lgbm,2015-03-01,39216.0,1489.7037037037037
lgbm,2014-05-01,13104.0,2401.535714285714
lgbm,2014-06-01,3889.0,2401.535714285714
lgbm,2014-07-01,1168.0,2401.535714285714
lgbm,2014-08-01,994.0,2401.535714285714
lgbm,2014-09-01,691.0,2401.535714285714
lgbm,2014-10-01,632.0,2401.535714285714
lgbm,2014-11-01,615.0,2401.535714285714
lgbm,2014-12-01,387.0,2401.535714285714
lgbm,2015-01-01,2269.0,2401.535714285714
lgbm,2015-02-01,11540.0,2401.535714285714
lgbm,2015-03-01,39216.0,2401.535714285714
lgbm,2015-04-01,17446.0,2401.535714285714
lgbm,2014-06-01,3889.0,2770.5862068965516
lgbm,2014-07-01,1168.0,2770.5862068965516
lgbm,2014-08-01,994.0,2770.5862068965516
lgbm,2014-09-01,691.0,2770.5862068965516
lgbm,2014-10-01,632.0,2770.5862068965516
lgbm,2014-11-01,615.0,2770.5862068965516
lgbm,2014-12-01,387.0,2770.5862068965516
lgbm,2015-01-01,2269.0,2770.5862068965516
lgbm,2015-02-01,11540.0,2770.5862068965516
lgbm,2015-03-01,39216.0,2770.5862068965516
lgbm,2015-04-01,17446.0,2770.5862068965516
lgbm,2015-05-01,6951.0,2770.5862068965516
lgbm,2014-07-01,1168.0,2807.866666666667
lgbm,2014-08-01,994.0,2807.866666666667
lgbm,2014-09-01,691.0,2807.866666666667
lgbm,2014-10-01,632.0,2807.866666666667
lgbm,2014-11-01,615.0,2807.866666666667
lgbm,2014-12-01,387.0,2807.866666666667
lgbm,2015-01-01,2269.0,2807.866666666667
lgbm,2015-02-01,11540.0,2807.866666666667
lgbm,2015-03-01,39216.0,2807.866666666667
lgbm,2015-04-01,17446.0,2807.866666666667
lgbm,2015-05-01,6951.0,2807.866666666667
lgbm,2015-06-01,1229.0,2807.866666666667
lgbm,2014-08-01,994.0,2754.967741935484
lgbm,2014-09-01,691.0,2754.967741935484
lgbm,2014-10-01,632.0,2754.967741935484
lgbm,2014-11-01,615.0,2754.967741935484
lgbm,2014-12-01,387.0,2754.967741935484
lgbm,2015-01-01,2269.0,2754.967741935484
lgbm,2015-02-01,11540.0,2754.967741935484
lgbm,2015-03-01,39216.0,2754.967741935484
lgbm,2015-04-01,17446.0,2754.967741935484
lgbm,2015-05-01,6951.0,2754.967741935484
lgbm,2015-06-01,1229.0,2754.967741935484
lgbm,2015-07-01,967.0,2754.967741935484
lgbm,2014-09-01,691.0,2699.9375
lgbm,2014-10-01,632.0,2699.9375
lgbm,2014-11-01,615.0,2699.9375
lgbm,2014-12-01,387.0,2699.9375
lgbm,2015-01-01,2269.0,2699.9375
lgbm,2015-02-01,11540.0,2699.9375
lgbm,2015-03-01,39216.0,2699.9375
lgbm,2015-04-01,17446.0,2699.9375
lgbm,2015-05-01,6951.0,2699.9375
lgbm,2015-06-01,1229.0,2699.9375
lgbm,2015-07-01,967.0,2699.9375
lgbm,2015-08-01,681.0,2699.9375
lgbm,2014-10-01,632.0,2639.060606060606
lgbm,2014-11-01,615.0,2639.060606060606
lgbm,2014-12-01,387.0,2639.060606060606
lgbm,2015-01-01,2269.0,2639.060606060606
lgbm,2015-02-01,11540.0,2639.060606060606
lgbm,2015-03-01,39216.0,2639.060606060606
lgbm,2015-04-01,17446.0,2639.060606060606
lgbm,2015-05-01,6951.0,2639.060606060606
lgbm,2015-06-01,1229.0,2639.060606060606
lgbm,2015-07-01,967.0,2639.060606060606
lgbm,2015-08-01,681.0,2639.060606060606
lgbm,2015-09-01,548.0,2639.060606060606
lgbm,2014-11-01,615.0,2580.029411764706
lgbm,2014-12-01,387.0,2580.029411764706
lgbm,2015-01-01,2269.0,2580.029411764706
lgbm,2015-02-01,11540.0,2580.029411764706
lgbm,2015-03-01,39216.0,2580.029411764706
lgbm,2015-04-01,17446.0,2580.029411764706
lgbm,2015-05-01,6951.0,2580.029411764706
lgbm,2015-06-01,1229.0,2580.029411764706
lgbm,2015-07-01,967.0,2580.029411764706
lgbm,2015-08-01,681.0,2580.029411764706
lgbm,2015-09-01,548.0,2580.029411764706
lgbm,2015-10-01,752.0,2580.029411764706
lgbm,2014-12-01,387.0,2523.885714285714
lgbm,2015-01-01,2269.0,2523.885714285714
lgbm,2015-02-01,11540.0,2523.885714285714
lgbm,2015-03-01,39216.0,2523.885714285714
lgbm,2015-04-01,17446.0,2523.885714285714
lgbm,2015-05-01,6951.0,2523.885714285714
lgbm,2015-06-01,1229.0,2523.885714285714
lgbm,2015-07-01,967.0,2523.885714285714
lgbm,2015-08-01,681.0,2523.885714285714
lgbm,2015-09-01,548.0,2523.885714285714
lgbm,2015-10-01,752.0,2523.885714285714
lgbm,2015-11-01,1773.0,2523.885714285714
lgbm,2015-01-01,2269.0,2464.527777777778
lgbm,2015-02-01,11540.0,2464.527777777778
lgbm,2015-03-01,39216.0,2464.527777777778
lgbm,2015-04-01,17446.0,2464.527777777778
lgbm,2015-05-01,6951.0,2464.527777777778
lgbm,2015-06-01,1229.0,2464.527777777778
lgbm,2015-07-01,967.0,2464.527777777778
lgbm,2015-08-01,681.0,2464.527777777778
lgbm,2015-09-01,548.0,2464.527777777778
lgbm,2015-10-01,752.0,2464.527777777778
lgbm,2015-11-01,1773.0,2464.527777777778
lgbm,2015-12-01,2175.0,2464.527777777778
lgbm,2015-02-01,11540.0,2459.2432432432433
lgbm,2015-03-01,39216.0,2459.2432432432433
lgbm,2015-04-01,17446.0,2459.2432432432433
lgbm,2015-05-01,6951.0,2459.2432432432433
lgbm,2015-06-01,1229.0,2459.2432432432433
lgbm,2015-07-01,967.0,2459.2432432432433
lgbm,2015-08-01,681.0,2459.2432432432433
lgbm,2015-09-01,548.0,2459.2432432432433
lgbm,2015-10-01,752.0,2459.2432432432433
lgbm,2015-11-01,1773.0,2459.2432432432433
lgbm,2015-12-01,2175.0,2459.2432432432433
lgbm,2016-01-01,1097.0,2459.2432432432433
lgbm,2015-03-01,39216.0,2698.2105263157896
lgbm,2015-04-01,17446.0,2698.2105263157896
lgbm,2015-05-01,6951.0,2698.2105263157896
lgbm,2015-06-01,1229.0,2698.2105263157896
lgbm,2015-07-01,967.0,2698.2105263157896
lgbm,2015-08-01,681.0,2698.2105263157896
lgbm,2015-09-01,548.0,2698.2105263157896
lgbm,2015-10-01,752.0,2698.2105263157896
lgbm,2015-11-01,1773.0,2698.2105263157896
lgbm,2015-12-01,2175.0,2698.2105263157896
lgbm,2016-01-01,1097.0,2698.2105263157896
lgbm,2016-02-01,1223.0,2698.2105263157896
lgbm,2015-04-01,17446.0,3634.5641025641025
lgbm,2015-05-01,6951.0,3634.5641025641025
lgbm,2015-06-01,1229.0,3634.5641025641025
lgbm,2015-07-01,967.0,3634.5641025641025
lgbm,2015-08-01,681.0,3634.5641025641025
lgbm,2015-09-01,548.0,3634.5641025641025
lgbm,2015-10-01,752.0,3634.5641025641025
lgbm,2015-11-01,1773.0,3634.5641025641025
lgbm,2015-12-01,2175.0,3634.5641025641025
lgbm,2016-01-01,1097.0,3634.5641025641025
lgbm,2016-02-01,1223.0,3634.5641025641025
lgbm,2016-03-01,1385.0,3634.5641025641025
lgbm,2015-05-01,6951.0,3979.85
lgbm,2015-06-01,1229.0,3979.85
lgbm,2015-07-01,967.0,3979.85
lgbm,2015-08-01,681.0,3979.85
lgbm,2015-09-01,548.0,3979.85
lgbm,2015-10-01,752.0,3979.85
lgbm,2015-11-01,1773.0,3979.85
lgbm,2015-12-01,2175.0,3979.85
lgbm,2016-01-01,1097.0,3979.85
lgbm,2016-02-01,1223.0,3979.85
lgbm,2016-03-01,1385.0,3979.85
lgbm,2016-04-01,888.0,3979.85
lgbm,2015-06-01,1229.0,9689.942690495012
lgbm,2015-07-01,967.0,7095.510555432572
lgbm,2015-08-01,681.0,7501.052408670178
lgbm,2015-09-01,548.0,9000.650158894334
lgbm,2015-10-01,752.0,7778.080168668589
lgbm,2015-11-01,1773.0,10372.512303731031
lgbm,2015-12-01,2175.0,7125.4429854941845
lgbm,2016-01-01,1097.0,8530.674762639932
lgbm,2016-02-01,1223.0,9753.244752865676
lgbm,2016-03-01,1385.0,15577.464984980914
lgbm,2016-04-01,888.0,15577.464984980914
lgbm,2016-05-01,634.0,14713.809970833838
lgbm,2015-07-01,967.0,6457.3992077569155
lgbm,2015-08-01,681.0,8160.6942539808315
lgbm,2015-09-01,548.0,4672.594172575359
lgbm,2015-10-01,752.0,4044.0455629416874
lgbm,2015-11-01,1773.0,5012.004027877534
lgbm,2015-12-01,2175.0,3494.2323333513177
lgbm,2016-01-01,1097.0,4720.955498554591
lgbm,2016-02-01,1223.0,5349.504108188267
lgbm,2016-03-01,1385.0,10310.872616358032
lgbm,2016-04-01,888.0,10310.872616358032
lgbm,2016-05-01,634.0,8939.915477955914
lgbm,2016-06-01,335.0,9002.123918627565
lgbm,2015-08-01,681.0,1113.9495827219455
lgbm,2015-09-01,548.0,3658.4379891212675
lgbm,2015-10-01,752.0,3658.4379891212675
lgbm,2015-11-01,1773.0,4636.743676625988
lgbm,2015-12-01,2175.0,2963.727365485805
lgbm,2016-01-01,1097.0,3457.516746619541
lgbm,2016-02-01,1223.0,3457.516746619541
lgbm,2016-03-01,1385.0,8075.091973086328
lgbm,2016-04-01,888.0,8075.091973086328
lgbm,2016-05-01,634.0,6354.228924033625
lgbm,2016-06-01,335.0,7549.722771829005
lgbm,2016-07-01,853.0,6889.859299598911
lgbm,2015-09-01,548.0,0.0
lgbm,2015-10-01,752.0,0.0
lgbm,2015-11-01,1773.0,1947.890736931446
lgbm,2015-12-01,2175.0,4970.608974422081
lgbm,2016-01-01,1097.0,7638.214028412364
lgbm,2016-02-01,1223.0,7507.4051531726745
lgbm,2016-03-01,1385.0,6049.210187530184
lgbm,2016-04-01,888.0,5352.548968942626
lgbm,2016-05-01,634.0,4823.810707967998
lgbm,2016-06-01,335.0,5774.143020950359
lgbm,2016-07-01,853.0,4700.34614213184
lgbm,2016-08-01,656.0,6873.144657803322
lgbm,2015-10-01,752.0,0.0
lgbm,2015-11-01,1773.0,2555.6356813488874
lgbm,2015-12-01,2175.0,4302.717325898144
lgbm,2016-01-01,1097.0,6516.122821722275
lgbm,2016-02-01,1223.0,6516.122821722275
lgbm,2016-03-01,1385.0,5512.694046093868
lgbm,2016-04-01,888.0,3265.50608585476
lgbm,2016-05-01,634.0,3366.415581405723
lgbm,2016-06-01,335.0,6865.067170301164
lgbm,2016-07-01,853.0,6785.811921178243
lgbm,2016-08-01,656.0,7490.553112778861
lgbm,2016-09-01,724.0,5661.0074583889345
lgbm,2015-11-01,1773.0,2092.3757904606173
lgbm,2015-12-01,2175.0,3663.276536266321
lgbm,2016-01-01,1097.0,5499.4594703224075
lgbm,2016-02-01,1223.0,5499.4594703224075
lgbm,2016-03-01,1385.0,5220.225263764826
lgbm,2016-04-01,888.0,2964.4201146298533
lgbm,2016-05-01,634.0,4197.319375899857
lgbm,2016-06-01,335.0,8834.27892882297
lgbm,2016-07-01,853.0,7390.248038838286
lgbm,2016-08-01,656.0,7788.732476443905
lgbm,2016-09-01,724.0,4897.977942761762
lgbm,2016-10-01,1189.0,5610.6241378223185
lgbm,2015-12-01,2175.0,6218.464657884792
lgbm,2016-01-01,1097.0,8456.214617150534
lgbm,2016-02-01,1223.0,5385.251312772152
lgbm,2016-03-01,1385.0,5813.893862128965
lgbm,2016-04-01,888.0,4792.22095105926
lgbm,2016-05-01,634.0,2832.3042276943256
lgbm,2016-06-01,335.0,8350.683802148129
lgbm,2016-07-01,853.0,7800.602044775853
lgbm,2016-08-01,656.0,8005.446722127186
lgbm,2016-09-01,724.0,6593.633736634622
lgbm,2016-10-01,1189.0,7000.519167688873
lgbm,2016-11-01,1334.0,6115.921903954845
lgbm,2016-01-01,1097.0,6458.578136193002
lgbm,2016-02-01,1223.0,3865.4804806274806
lgbm,2016-03-01,1385.0,5010.822931136583
lgbm,2016-04-01,888.0,3957.594938888049
lgbm,2016-05-01,634.0,2383.064432694219
lgbm,2016-06-01,335.0,8287.582570311974
lgbm,2016-07-01,853.0,7140.554946986042
lgbm,2016-08-01,656.0,7856.777127632101
lgbm,2016-09-01,724.0,5742.683951782346
lgbm,2016-10-01,1189.0,5979.854879624161
lgbm,2016-11-01,1334.0,4798.096666706118
lgbm,2016-12-01,1620.0,6857.019910003684
lgbm,2016-02-01,1223.0,1978.4559856837893
lgbm,2016-03-01,1385.0,5041.3136382963585
lgbm,2016-04-01,888.0,3189.508086062084
lgbm,2016-05-01,634.0,1547.6139026138753
lgbm,2016-06-01,335.0,8264.776527583059
lgbm,2016-07-01,853.0,7167.058826661301
lgbm,2016-08-01,656.0,7322.4019431627
lgbm,2016-09-01,724.0,5133.208957543766
lgbm,2016-10-01,1189.0,2914.5841309307916
lgbm,2016-11-01,1334.0,3339.2821650644455
lgbm,2016-12-01,1620.0,5920.158809759569
lgbm,2017-01-01,498.0,7956.210940374573
lgbm,2016-03-01,1385.0,2442.5556038669465
lgbm,2016-04-01,888.0,4330.886840715445
lgbm,2016-05-01,634.0,3531.3779322324094
lgbm,2016-06-01,335.0,9957.311926627306
lgbm,2016-07-01,853.0,7507.2332229261365
lgbm,2016-08-01,656.0,7828.519789751139
lgbm,2016-09-01,724.0,5097.858621679622
lgbm,2016-10-01,1189.0,5829.755923947172
lgbm,2016-11-01,1334.0,5201.182797339682
lgbm,2016-12-01,1620.0,7278.197337604043
lgbm,2017-01-01,498.0,9121.813394496521
lgbm,2017-02-01,264.0,8322.304486013481
lgbm,2016-04-01,888.0,3445.1409452881826
lgbm,2016-05-01,634.0,2786.177484532611
lgbm,2016-06-01,335.0,8386.680004315876
lgbm,2016-07-01,853.0,6810.495579995473
lgbm,2016-08-01,656.0,7332.15773332714
lgbm,2016-09-01,724.0,4519.2588879815185
lgbm,2016-10-01,1189.0,4877.893919377284
lgbm,2016-11-01,1334.0,4188.499836271281
lgbm,2016-12-01,1620.0,6306.086629771916
lgbm,2017-01-01,498.0,8031.556264647714
lgbm,2017-02-01,264.0,7372.59280389214
lgbm,2017-03-01,288.0,8014.931296476368
lgbm,2016-05-01,634.0,0.0
lgbm,2016-06-01,335.0,3782.0503235018623
lgbm,2016-07-01,853.0,6384.524135019123
lgbm,2016-08-01,656.0,8446.603458223512
lgbm,2016-09-01,724.0,5477.447248303955
lgbm,2016-10-01,1189.0,3537.1562596635454
lgbm,2016-11-01,1334.0,379.2650144954014
lgbm,2016-12-01,1620.0,0.0
lgbm,2017-01-01,498.0,1351.4620732508545
lgbm,2017-02-01,264.0,5933.176801042742
lgbm,2017-03-01,288.0,8005.396225079612
lgbm,2017-04-01,1556.0,6553.147337301289
lgbm,2016-06-01,335.0,2637.7819675247656
lgbm,2016-07-01,853.0,5498.891707219973
lgbm,2016-08-01,656.0,8793.791680016602
lgbm,2016-09-01,724.0,6320.676378990027
lgbm,2016-10-01,1189.0,4422.992634099742
lgbm,2016-11-01,1334.0,2483.792435485754
lgbm,2016-12-01,1620.0,2000.7480781068775
lgbm,2017-01-01,498.0,6400.868073863129
lgbm,2017-02-01,264.0,6851.070304378352
lgbm,2017-03-01,288.0,7243.13359504399
lgbm,2017-04-01,1556.0,6265.421978351492
lgbm,2017-05-01,845.0,7915.688227819922
lgbm,2016-07-01,853.0,2373.3706164733376
lgbm,2016-08-01,656.0,6671.556867277258
lgbm,2016-09-01,724.0,5079.786201643014
lgbm,2016-10-01,1189.0,5593.538799655294
lgbm,2016-11-01,1334.0,2402.770860520253
lgbm,2016-12-01,1620.0,1280.003588876918
lgbm,2017-01-01,498.0,2273.524672048358
lgbm,2017-02-01,264.0,5654.498192955856
lgbm,2017-03-01,288.0,4720.992774765897
lgbm,2017-04-01,1556.0,6846.27241268124
lgbm,2017-05-01,845.0,7091.609418539566
lgbm,2017-06-01,594.0,4902.616758291622
lgbm,2016-08-01,656.0,2915.7256585858695
lgbm,2016-09-01,724.0,3693.438791503001
lgbm,2016-10-01,1189.0,5146.664275780151
lgbm,2016-11-01,1334.0,3169.5208733832706
lgbm,2016-12-01,1620.0,1837.7586817865254
lgbm,2017-01-01,498.0,2406.1234958638165
lgbm,2017-02-01,264.0,2780.4296225888825
lgbm,2017-03-01,288.0,3801.1796330272377
lgbm,2017-04-01,1556.0,5957.209916710845
lgbm,2017-05-01,845.0,6260.58207804917
lgbm,2017-06-01,594.0,3961.909860692705
lgbm,2017-07-01,582.0,4451.094478327009
lgbm,2016-09-01,724.0,181.99139511238133
lgbm,2016-10-01,1189.0,472.8056067051813
lgbm,2016-11-01,1334.0,0.0
lgbm,2016-12-01,1620.0,0.0
lgbm,2017-01-01,498.0,0.0
lgbm,2017-02-01,264.0,0.0
lgbm,2017-03-01,288.0,0.0
lgbm,2017-04-01,1556.0,0.0
lgbm,2017-05-01,845.0,0.0
lgbm,2017-06-01,594.0,0.0
lgbm,2017-07-01,582.0,0.0
lgbm,2017-08-01,530.0,0.0
lgbm,2016-10-01,1189.0,1139.3204626357574
lgbm,2016-11-01,1334.0,0.0
lgbm,2016-12-01,1620.0,0.0
lgbm,2017-01-01,498.0,0.0
lgbm,2017-02-01,264.0,0.0
lgbm,2017-03-01,288.0,0.0
lgbm,2017-04-01,1556.0,0.0
lgbm,2017-05-01,845.0,572.4568914331086
lgbm,2017-06-01,594.0,0.0
lgbm,2017-07-01,582.0,0.0
lgbm,2017-08-01,530.0,0.0
lgbm,2017-09-01,749.0,0.0
lgbm,2016-11-01,1334.0,2117.133947212179
lgbm,2016-12-01,1620.0,2529.4792987068545
lgbm,2017-01-01,498.0,3480.7078042115345
lgbm,2017-02-01,264.0,3427.4552207432266
lgbm,2017-03-01,288.0,1134.1890846366043
lgbm,2017-04-01,1556.0,0.0
lgbm,2017-05-01,845.0,0.0
lgbm,2017-06-01,594.0,0.0
lgbm,2017-07-01,582.0,366.5213124425853
lgbm,2017-08-01,530.0,84.11383027870677
lgbm,2017-09-01,749.0,1758.2336722227005
lgbm,2017-10-01,1192.0,4148.988780126455
lgbm,2016-12-01,1620.0,1159.672272681284
lgbm,2017-01-01,498.0,0.0
lgbm,2017-02-01,264.0,0.0
lgbm,2017-03-01,288.0,0.0
lgbm,2017-04-01,1556.0,0.0
lgbm,2017-05-01,845.0,399.1639658469125
lgbm,2017-06-01,594.0,227.58798064300373
lgbm,2017-07-01,582.0,813.6492615925183
lgbm,2017-08-01,530.0,0.0
lgbm,2017-09-01,749.0,0.0
lgbm,2017-10-01,1192.0,0.0
lgbm,2017-11-01,1070.0,0.0
lgbm,2017-01-01,498.0,2744.959936048412
lgbm,2017-02-01,264.0,4305.051349651345
lgbm,2017-03-01,288.0,371.8110261172404
lgbm,2017-04-01,1556.0,0.0
lgbm,2017-05-01,845.0,0.0
lgbm,2017-06-01,594.0,0.0
lgbm,2017-07-01,582.0,645.4492129262684
lgbm,2017-08-01,530.0,77.10080381259893
lgbm,2017-09-01,749.0,0.0
lgbm,2017-10-01,1192.0,0.0
lgbm,2017-11-01,1070.0,0.0
lgbm,2017-12-01,1435.0,0.0
lgbm,2017-02-01,264.0,712.825873692841
lgbm,2017-03-01,288.0,0.0
lgbm,2017-04-01,1556.0,0.0
lgbm,2017-05-01,845.0,1591.6952853202229
lgbm,2017-06-01,594.0,4011.859921337341
lgbm,2017-07-01,582.0,4342.829006073397
lgbm,2017-08-01,530.0,2323.3640095547844
lgbm,2017-09-01,749.0,1033.7584889640716
lgbm,2017-10-01,1192.0,0.0
lgbm,2017-11-01,1070.0,0.0
lgbm,2017-12-01,1435.0,754.2289017399726
lgbm,2018-01-01,2342.0,1775.5305695279706
lgbm,2017-03-01,288.0,0.0
lgbm,2017-04-01,1556.0,0.0
lgbm,2017-05-01,845.0,909.7064881228447
lgbm,2017-06-01,594.0,743.4129473306718
lgbm,2017-07-01,582.0,154.8908397400106
lgbm,2017-08-01,530.0,0.0
lgbm,2017-09-01,749.0,0.0
lgbm,2017-10-01,1192.0,0.0
lgbm,2017-11-01,1070.0,0.0
lgbm,2017-12-01,1435.0,0.0
lgbm,2018-01-01,2342.0,0.0
lgbm,2018-02-01,1764.0,0.0
lgbm,2017-04-01,1556.0,0.0
lgbm,2017-05-01,845.0,118.19606844179155
lgbm,2017-06-01,594.0,540.3581721021183
lgbm,2017-07-01,582.0,212.7964983025868
lgbm,2017-08-01,530.0,0.0
lgbm,2017-09-01,749.0,0.0
lgbm,2017-10-01,1192.0,0.0
lgbm,2017-11-01,1070.0,0.0
lgbm,2017-12-01,1435.0,0.0
lgbm,2018-01-01,2342.0,0.0
lgbm,2018-02-01,1764.0,0.0
lgbm,2018-03-01,1167.0,0.0
lgbm,2017-05-01,845.0,3486.4154800845386
lgbm,2017-06-01,594.0,4909.587855006198
lgbm,2017-07-01,582.0,4542.600453800022
lgbm,2017-08-01,530.0,2719.185602286751
lgbm,2017-09-01,749.0,153.78811246946975
lgbm,2017-10-01,1192.0,0.0
lgbm,2017-11-01,1070.0,0.0
lgbm,2017-12-01,1435.0,1132.669557492865
lgbm,2018-01-01,2342.0,411.28652299966114
lgbm,2018-02-01,1764.0,550.1880879313212
lgbm,2018-03-01,1167.0,217.471224395297
lgbm,2018-04-01,1166.0,0.0
lgbm,2017-06-01,594.0,2266.581163783602
lgbm,2017-07-01,582.0,700.2854156607432
lgbm,2017-08-01,530.0,1815.183219957374
lgbm,2017-09-01,749.0,0.0
lgbm,2017-10-01,1192.0,623.1850169488221
lgbm,2017-11-01,1070.0,0.0
lgbm,2017-12-01,1435.0,1839.4317019748335
lgbm,2018-01-01,2342.0,2381.714048260677
lgbm,2018-02-01,1764.0,4075.3168865801363
lgbm,2018-03-01,1167.0,1217.7315723974725
lgbm,2018-04-01,1166.0,410.2247838213813
lgbm,2018-05-01,625.0,0.0
lgbm,2017-07-01,582.0,0.0
lgbm,2017-08-01,530.0,0.0
lgbm,2017-09-01,749.0,0.0
lgbm,2017-10-01,1192.0,2538.340314333662
lgbm,2017-11-01,1070.0,1857.4095531242901
lgbm,2017-12-01,1435.0,5409.17059033188
lgbm,2018-01-01,2342.0,4057.266440241219
lgbm,2018-02-01,1764.0,607.1282810575129
lgbm,2018-03-01,1167.0,0.0
lgbm,2018-04-01,1166.0,893.5051368711968
lgbm,2018-05-01,625.0,1636.4842660274057
lgbm,2018-06-01,478.0,6781.393602129471
lgbm,2017-08-01,530.0,0.0
lgbm,2017-09-01,749.0,0.0
lgbm,2017-10-01,1192.0,1014.5979604109525
lgbm,2017-11-01,1070.0,956.5449513114613
lgbm,2017-12-01,1435.0,628.8195299838654
lgbm,2018-01-01,2342.0,0.0
lgbm,2018-02-01,1764.0,0.0
lgbm,2018-03-01,1167.0,0.0
lgbm,2018-04-01,1166.0,2260.207887468403
lgbm,2018-05-01,625.0,3462.1008727072453
lgbm,2018-06-01,478.0,7065.634333132063
lgbm,2018-07-01,432.0,7893.924734328305
lgbm,2017-09-01,749.0,0.0
lgbm,2017-10-01,1192.0,0.0
lgbm,2017-11-01,1070.0,842.5910787399781
lgbm,2017-12-01,1435.0,1323.742591326703
lgbm,2018-01-01,2342.0,0.0
lgbm,2018-02-01,1764.0,0.0
lgbm,2018-03-01,1167.0,0.0
lgbm,2018-04-01,1166.0,733.7557831785101
lgbm,2018-05-01,625.0,1269.3025224944054
lgbm,2018-06-01,478.0,1194.817835878134
lgbm,2018-07-01,432.0,1376.1046475495336
lgbm,2018-08-01,296.0,2990.177878704873
lgbm,2017-10-01,1192.0,0.0
lgbm,2017-11-01,1070.0,1097.3978146130255
lgbm,2017-12-01,1435.0,41.85496827932327
lgbm,2018-01-01,2342.0,0.0
lgbm,2018-02-01,1764.0,0.0
lgbm,2018-03-01,1167.0,0.0
lgbm,2018-04-01,1166.0,0.0
lgbm,2018-05-01,625.0,2634.735466978533
lgbm,2018-06-01,478.0,4723.643615976004
lgbm,2018-07-01,432.0,9722.006214614868
lgbm,2018-08-01,296.0,7584.534998026555
lgbm,2018-09-01,487.0,4924.771399797351
lgbm,2017-11-01,1070.0,1194.5204746970428
lgbm,2017-12-01,1435.0,0.0
lgbm,2018-01-01,2342.0,0.0
lgbm,2018-02-01,1764.0,0.0
lgbm,2018-03-01,1167.0,0.0
lgbm,2018-04-01,1166.0,409.70425286642575
lgbm,2018-05-01,625.0,2506.94472736226
lgbm,2018-06-01,478.0,4588.9073323766615
lgbm,2018-07-01,432.0,7937.57200644858
lgbm,2018-08-01,296.0,6477.097598422501
lgbm,2018-09-01,487.0,4049.7926875357316
lgbm,2018-10-01,417.0,5405.302697688707
lgbm,2017-12-01,1435.0,0.0
lgbm,2018-01-01,2342.0,0.0
lgbm,2018-02-01,1764.0,0.0
lgbm,2018-03-01,1167.0,0.0
lgbm,2018-04-01,1166.0,326.53987083476596
lgbm,2018-05-01,625.0,1871.4082014310538
lgbm,2018-06-01,478.0,4184.887522294451
lgbm,2018-07-01,432.0,7371.495567656312
lgbm,2018-08-01,296.0,7329.279729595639
lgbm,2018-09-01,487.0,4492.1479650689025
lgbm,2018-10-01,417.0,5709.0399150270705
lgbm,2018-11-01,566.0,4319.756454867625
lgbm,2018-01-01,2342.0,0.0
lgbm,2018-02-01,1764.0,0.0
lgbm,2018-03-01,1167.0,0.0
lgbm,2018-04-01,1166.0,714.5175331990835
lgbm,2018-05-01,625.0,3096.1292684307336
lgbm,2018-06-01,478.0,5868.132727498762
lgbm,2018-07-01,432.0,8849.792645428508
lgbm,2018-08-01,296.0,6252.900100470396
lgbm,2018-09-01,487.0,3958.4473736296227
lgbm,2018-10-01,417.0,4098.048096856727
lgbm,2018-11-01,566.0,4453.82128451766
lgbm,2018-12-01,1125.0,4252.1476291086
lgbm,2018-02-01,1764.0,1188.851578618606
lgbm,2018-03-01,1167.0,0.0
lgbm,2018-04-01,1166.0,0.0
lgbm,2018-05-01,625.0,1612.3721624485115
lgbm,2018-06-01,478.0,5831.764204119655
lgbm,2018-07-01,432.0,9846.788950841976
lgbm,2018-08-01,296.0,8973.91034569334
lgbm,2018-09-01,487.0,5068.332578896927
lgbm,2018-10-01,417.0,4621.729709042604
lgbm,2018-11-01,566.0,3497.3276078712975
lgbm,2018-12-01,1125.0,4576.387046354648
lgbm,2019-01-01,1764.0,7361.72409027369
lgbm,2018-03-01,1167.0,306.7023412880894
lgbm,2018-04-01,1166.0,1451.0204882013782
lgbm,2018-05-01,625.0,3484.8295657753015
lgbm,2018-06-01,478.0,9547.296951424527
lgbm,2018-07-01,432.0,8807.587858039551
lgbm,2018-08-01,296.0,8489.724330752024
lgbm,2018-09-01,487.0,4498.587030201285
lgbm,2018-10-01,417.0,4652.684009375867
lgbm,2018-11-01,566.0,4655.350644558776
lgbm,2018-12-01,1125.0,5238.442366975749
lgbm,2019-01-01,1764.0,9429.854159705064
lgbm,2019-02-01,2995.0,7814.676517336762
lgbm,2018-04-01,1166.0,0.0
lgbm,2018-05-01,625.0,0.0
lgbm,2018-06-01,478.0,1280.3694451907916
lgbm,2018-07-01,432.0,2386.5176471340365
lgbm,2018-08-01,296.0,5332.851472075635
lgbm,2018-09-01,487.0,4710.944590448789
lgbm,2018-10-01,417.0,4697.276861993942
lgbm,2018-11-01,566.0,3643.3405268915994
lgbm,2018-12-01,1125.0,4797.7399632726
lgbm,2019-01-01,1764.0,8413.359354307484
lgbm,2019-02-01,2995.0,7384.428851428045
lgbm,2019-03-01,8241.0,6003.109605873403
lgbm,2018-05-01,625.0,928.9229638115484
lgbm,2018-06-01,478.0,1550.6237697553247
lgbm,2018-07-01,432.0,5164.746983935089
lgbm,2018-08-01,296.0,9333.172199376588
lgbm,2018-09-01,487.0,5194.72231705899
lgbm,2018-10-01,417.0,6567.7126590881335
lgbm,2018-11-01,566.0,4846.246392913812
lgbm,2018-12-01,1125.0,6299.483308280469
lgbm,2019-01-01,1764.0,10541.750910017621
lgbm,2019-02-01,2995.0,7758.185322564921
lgbm,2019-03-01,8241.0,5637.949066726551
lgbm,2019-04-01,13333.0,2764.7130601018575
lgbm,2018-06-01,478.0,1304.0408627304853
lgbm,2018-07-01,432.0,1567.5889131631934
lgbm,2018-08-01,296.0,5082.386209082124
lgbm,2018-09-01,487.0,4204.065517248627
lgbm,2018-10-01,417.0,4108.434134077281
lgbm,2018-11-01,566.0,3928.360928523641
lgbm,2018-12-01,1125.0,5343.454811270868
lgbm,2019-01-01,1764.0,9557.022099554752
lgbm,2019-02-01,2995.0,7925.263085415402
lgbm,2019-03-01,8241.0,5002.848677737594
lgbm,2019-04-01,13333.0,2909.850305241106
lgbm,2019-05-01,13768.0,3081.0919275502906
lgbm,2018-07-01,432.0,1501.8450118860421
lgbm,2018-08-01,296.0,2831.3280830504264
lgbm,2018-09-01,487.0,5366.530921472142
lgbm,2018-10-01,417.0,5119.556860006123
lgbm,2018-11-01,566.0,2980.989515178459
lgbm,2018-12-01,1125.0,5580.230772535609
lgbm,2019-01-01,1764.0,8048.84676956024
lgbm,2019-02-01,2995.0,6596.509300314914
lgbm,2019-03-01,8241.0,5062.175271842395
lgbm,2019-04-01,13333.0,3296.7698428196063
lgbm,2019-05-01,13768.0,3342.7486585326797
lgbm,2019-06-01,6263.0,3068.541210395538
lgbm,2018-08-01,296.0,2460.735964379249
lgbm,2018-09-01,487.0,3339.839737563452
lgbm,2018-10-01,417.0,5922.850948467471
lgbm,2018-11-01,566.0,5473.046787871435
lgbm,2018-12-01,1125.0,5376.762703974934
lgbm,2019-01-01,1764.0,8110.4920085235635
lgbm,2019-02-01,2995.0,5998.326452849913
lgbm,2019-03-01,8241.0,4400.004611712661
lgbm,2019-04-01,13333.0,3078.7749685264157
lgbm,2019-05-01,13768.0,3856.89125675764
lgbm,2019-06-01,6263.0,3207.777917280264
lgbm,2019-07-01,1770.0,4154.134547035394
lgbm,2018-09-01,487.0,1199.5971397188591
lgbm,2018-10-01,417.0,2598.2439945621427
lgbm,2018-11-01,566.0,4390.77851073637
lgbm,2018-12-01,1125.0,6598.915997734007
lgbm,2019-01-01,1764.0,7971.516816644267
lgbm,2019-02-01,2995.0,6577.741151573339
lgbm,2019-03-01,8241.0,2845.1396669563574
lgbm,2019-04-01,13333.0,2984.034406579948
lgbm,2019-05-01,13768.0,4258.22112925573
lgbm,2019-06-01,6263.0,4063.1000420611736
lgbm,2019-07-01,1770.0,3654.9483476775144
lgbm,2019-08-01,1143.0,3114.1344657305794
lgbm,2018-10-01,417.0,2666.274961823725
lgbm,2018-11-01,566.0,4285.417845396372
lgbm,2018-12-01,1125.0,6466.888358708362
lgbm,2019-01-01,1764.0,5796.144856456673
lgbm,2019-02-01,2995.0,4819.815578954242
lgbm,2019-03-01,8241.0,3423.257395472127
lgbm,2019-04-01,13333.0,2843.3617715794308
lgbm,2019-05-01,13768.0,2759.3373525173747
lgbm,2019-06-01,6263.0,3294.461193960112
lgbm,2019-07-01,1770.0,3216.3631707854906
lgbm,2019-08-01,1143.0,2805.784231642296
lgbm,2019-09-01,1323.0,3483.996999540399
lgbm,2018-11-01,566.0,3513.3278570408347
lgbm,2018-12-01,1125.0,2943.2865534386556
lgbm,2019-01-01,1764.0,6466.307525213964
lgbm,2019-02-01,2995.0,5018.407501359206
lgbm,2019-03-01,8241.0,2001.1122432980417
lgbm,2019-04-01,13333.0,1499.8461185498306
lgbm,2019-05-01,13768.0,3160.9991786526302
lgbm,2019-06-01,6263.0,3371.534003772019
lgbm,2019-07-01,1770.0,3159.81810829145
lgbm,2019-08-01,1143.0,2415.6080696910785
lgbm,2019-09-01,1323.0,2509.806822839722
lgbm,2019-10-01,1044.0,5239.73263928381
lgbm,2018-12-01,1125.0,291.9339507424467
lgbm,2019-01-01,1764.0,1316.1277033112333
lgbm,2019-02-01,2995.0,1072.3900492320906
lgbm,2019-03-01,8241.0,805.3494541537142
lgbm,2019-04-01,13333.0,0.0
lgbm,2019-05-01,13768.0,0.0
lgbm,2019-06-01,6263.0,1359.659142397743
lgbm,2019-07-01,1770.0,109.12669071743437
lgbm,2019-08-01,1143.0,0.0
lgbm,2019-09-01,1323.0,0.0
lgbm,2019-10-01,1044.0,235.0199853867448
lgbm,2019-11-01,969.0,1058.9718331403503
lgbm,2019-01-01,1764.0,441.6203116555702
lgbm,2019-02-01,2995.0,293.39165881621216
lgbm,2019-03-01,8241.0,409.64477692029095
lgbm,2019-04-01,13333.0,702.7631802209623
lgbm,2019-05-01,13768.0,1230.730535717664
lgbm,2019-06-01,6263.0,779.1362598168278
lgbm,2019-07-01,1770.0,0.0
lgbm,2019-08-01,1143.0,254.26521824689442
lgbm,2019-09-01,1323.0,0.0
lgbm,2019-10-01,1044.0,860.5215948045235
lgbm,2019-11-01,969.0,1463.1688985354224
lgbm,2019-12-01,1390.0,3667.0804620150593
lgbm,2019-02-01,2995.0,1537.3678486341496
lgbm,2019-03-01,8241.0,1469.714350898227
lgbm,2019-04-01,13333.0,0.0
lgbm,2019-05-01,13768.0,1202.7688893288896
lgbm,2019-06-01,6263.0,0.0
lgbm,2019-07-01,1770.0,0.0
lgbm,2019-08-01,1143.0,0.0
lgbm,2019-09-01,1323.0,323.53482328522796
lgbm,2019-10-01,1044.0,0.0
lgbm,2019-11-01,969.0,863.3127733041414
lgbm,2019-12-01,1390.0,3093.519796470436
lgbm,2020-01-01,2385.0,8125.727030244918
lgbm,2019-03-01,8241.0,4241.573487457597
lgbm,2019-04-01,13333.0,1981.6586791210316
lgbm,2019-05-01,13768.0,2550.4128606158333
lgbm,2019-06-01,6263.0,3320.2302153423384
lgbm,2019-07-01,1770.0,3031.2272811729867
lgbm,2019-08-01,1143.0,2939.151780139937
lgbm,2019-09-01,1323.0,1913.7781040257685
lgbm,2019-10-01,1044.0,3012.7546419801124
lgbm,2019-11-01,969.0,6769.950221633215
lgbm,2019-12-01,1390.0,9297.637576588984
lgbm,2020-01-01,2385.0,11720.623749920896
lgbm,2020-02-01,3149.0,16311.24888167943
lgbm,2019-04-01,13333.0,2890.3714066468547
lgbm,2019-05-01,13768.0,2992.3535640472546
lgbm,2019-06-01,6263.0,3634.159668315175
lgbm,2019-07-01,1770.0,3465.6182749706118
lgbm,2019-08-01,1143.0,3251.478314407254
lgbm,2019-09-01,1323.0,2810.9859187357993
lgbm,2019-10-01,1044.0,3446.438497446481
lgbm,2019-11-01,969.0,7121.765538984611
lgbm,2019-12-01,1390.0,10221.283404764785
lgbm,2020-01-01,2385.0,11990.90144634757
lgbm,2020-02-01,3149.0,15858.938310443202
lgbm,2020-03-01,2933.0,15550.280779731258
lgbm,2019-05-01,13768.0,4620.678264232383
lgbm,2019-06-01,6263.0,6216.613814762299
lgbm,2019-07-01,1770.0,5912.384851995899
lgbm,2019-08-01,1143.0,5307.780429206742
lgbm,2019-09-01,1323.0,4004.6070755948163
lgbm,2019-10-01,1044.0,4522.462376044283
lgbm,2019-11-01,969.0,7720.439545425961
lgbm,2019-12-01,1390.0,10890.8190338541
lgbm,2020-01-01,2385.0,13160.350065871544
lgbm,2020-02-01,3149.0,15842.48311769455
lgbm,2020-03-01,2933.0,15408.608276201881
lgbm,2020-04-01,2029.0,9596.72616561671
lgbm,2019-06-01,6263.0,7867.204879824284
lgbm,2019-07-01,1770.0,6798.780848840565
lgbm,2019-08-01,1143.0,5342.717848374912
lgbm,2019-09-01,1323.0,4855.114191546064
lgbm,2019-10-01,1044.0,5035.973161196938
lgbm,2019-11-01,969.0,9235.955994549142
lgbm,2019-12-01,1390.0,11343.973282047382
lgbm,2020-01-01,2385.0,14108.625399109145
lgbm,2020-02-01,3149.0,16050.023787216207
lgbm,2020-03-01,2933.0,15631.80642581642
lgbm,2020-04-01,2029.0,8256.387924685758
lgbm,2020-05-01,1571.0,6725.537204233318
lgbm,2019-07-01,1770.0,6171.2318589832275
lgbm,2019-08-01,1143.0,5360.7508637085075
lgbm,2019-09-01,1323.0,5387.247465865502
lgbm,2019-10-01,1044.0,5724.46085300203
lgbm,2019-11-01,969.0,9250.412962053939
lgbm,2019-12-01,1390.0,11379.398585654752
lgbm,2020-01-01,2385.0,12985.626600467354
lgbm,2020-02-01,3149.0,16812.684250476897
lgbm,2020-03-01,2933.0,15696.950933353173
lgbm,2020-04-01,2029.0,8713.465648384981
lgbm,2020-05-01,1571.0,6911.001142555704
lgbm,2020-06-01,796.0,7458.99095041251
lgbm,2019-08-01,1143.0,4046.6155439741274
lgbm,2019-09-01,1323.0,4588.945935849375
lgbm,2019-10-01,1044.0,5297.159784879545
lgbm,2019-11-01,969.0,8779.192086454965
lgbm,2019-12-01,1390.0,10921.046601012209
lgbm,2020-01-01,2385.0,12747.481661050671
lgbm,2020-02-01,3149.0,16378.975977734744
lgbm,2020-03-01,2933.0,15352.39237798961
lgbm,2020-04-01,2029.0,8766.473183553979
lgbm,2020-05-01,1571.0,6988.828136849016
lgbm,2020-06-01,796.0,7707.953007337522
lgbm,2020-07-01,547.0,8935.45450607212
lgbm,2019-09-01,1323.0,0.0
lgbm,2019-10-01,1044.0,0.0
lgbm,2019-11-01,969.0,241.2915830072037
lgbm,2019-12-01,1390.0,2318.364860381948
lgbm,2020-01-01,2385.0,10526.82699579127
lgbm,2020-02-01,3149.0,17978.46405010088
lgbm,2020-03-01,2933.0,16938.985671406503
lgbm,2020-04-01,2029.0,9531.795904875433
lgbm,2020-05-01,1571.0,6963.493674952503
lgbm,2020-06-01,796.0,7703.901055430868
lgbm,2020-07-01,547.0,8388.651749936975
lgbm,2020-08-01,473.0,7334.128590474224
lgbm,2019-10-01,1044.0,0.0
lgbm,2019-11-01,969.0,0.0
lgbm,2019-12-01,1390.0,2192.5264762578113
lgbm,2020-01-01,2385.0,10529.022535721182
lgbm,2020-02-01,3149.0,17137.711008917824
lgbm,2020-03-01,2933.0,16206.401850326398
lgbm,2020-04-01,2029.0,9053.831944715386
lgbm,2020-05-01,1571.0,7178.545576290029
lgbm,2020-06-01,796.0,8314.212189934593
lgbm,2020-07-01,547.0,8327.006498532937
lgbm,2020-08-01,473.0,7265.63481355132
lgbm,2020-09-01,481.0,5401.604419982924
lgbm,2019-11-01,969.0,325.42858552598994
lgbm,2019-12-01,1390.0,2187.9420126212726
lgbm,2020-01-01,2385.0,10821.726413717355
lgbm,2020-02-01,3149.0,17053.287862874015
lgbm,2020-03-01,2933.0,15169.915532665646
lgbm,2020-04-01,2029.0,9263.31007488256
lgbm,2020-05-01,1571.0,6971.148732900864
lgbm,2020-06-01,796.0,8038.924801504626
lgbm,2020-07-01,547.0,8478.378626706204
lgbm,2020-08-01,473.0,7448.507978798827
lgbm,2020-09-01,481.0,6298.22453514797
lgbm,2020-10-01,331.0,6428.255049498233
lgbm,2019-12-01,1390.0,2071.9513212053716
lgbm,2020-01-01,2385.0,10443.82575636469
lgbm,2020-02-01,3149.0,16326.114880805875
lgbm,2020-03-01,2933.0,15207.873799028654
lgbm,2020-04-01,2029.0,8723.841421149398
lgbm,2020-05-01,1571.0,6263.8815345431
lgbm,2020-06-01,796.0,6906.668685100506
lgbm,2020-07-01,547.0,7919.0492397977305
lgbm,2020-08-01,473.0,7182.224342540641
lgbm,2020-09-01,481.0,5248.3332745364
lgbm,2020-10-01,331.0,5586.927685272918
lgbm,2020-11-01,592.0,5772.289547211794
lgbm,2020-01-01,2385.0,3625.3138856457035
lgbm,2020-02-01,3149.0,10532.442912311892
lgbm,2020-03-01,2933.0,16127.479781230988
lgbm,2020-04-01,2029.0,8953.17180625106
lgbm,2020-05-01,1571.0,6172.403893070694
lgbm,2020-06-01,796.0,6784.031259197362
lgbm,2020-07-01,547.0,7735.201338488807
lgbm,2020-08-01,473.0,6930.442186952707
lgbm,2020-09-01,481.0,5299.221436729822
lgbm,2020-10-01,331.0,5507.126973433971
lgbm,2020-11-01,592.0,4935.245573766417
lgbm,2020-12-01,484.0,4749.133537222075
lgbm,2020-02-01,3149.0,10871.978768605777
lgbm,2020-03-01,2933.0,12627.37198041023
lgbm,2020-04-01,2029.0,9214.481340721786
lgbm,2020-05-01,1571.0,5686.231131973883
lgbm,2020-06-01,796.0,6573.960645177954
lgbm,2020-07-01,547.0,7141.827175293051
lgbm,2020-08-01,473.0,7204.171670270663
lgbm,2020-09-01,481.0,5888.21123869555
lgbm,2020-10-01,331.0,6714.637304587041
lgbm,2020-11-01,592.0,5899.801249027002
lgbm,2020-12-01,484.0,5784.783434122045
lgbm,2021-01-01,1177.0,7107.916598863635
lgbm,2020-03-01,2933.0,13081.554149018059
lgbm,2020-04-01,2029.0,6989.831913313216
lgbm,2020-05-01,1571.0,5858.412875307377
lgbm,2020-06-01,796.0,5380.269550629545
lgbm,2020-07-01,547.0,6854.032243516595
lgbm,2020-08-01,473.0,7191.2488112761375
lgbm,2020-09-01,481.0,6638.769638942488
lgbm,2020-10-01,331.0,6398.154404521242
lgbm,2020-11-01,592.0,5904.327320685596
lgbm,2020-12-01,484.0,5791.763508851894
lgbm,2021-01-01,1177.0,6858.1054887326845
lgbm,2021-02-01,1765.0,7102.334387558626
lgbm,2020-04-01,2029.0,8782.26406407703
lgbm,2020-05-01,1571.0,4467.790471647511
lgbm,2020-06-01,796.0,4964.629686595819
lgbm,2020-07-01,547.0,6296.547800815954
lgbm,2020-08-01,473.0,6374.334348978431
lgbm,2020-09-01,481.0,6167.045411221417
lgbm,2020-10-01,331.0,5865.761139159264
lgbm,2020-11-01,592.0,6382.87722431513
lgbm,2020-12-01,484.0,6625.777115194896
lgbm,2021-01-01,1177.0,6993.692292676862
lgbm,2021-02-01,1765.0,7686.811550270441
lgbm,2021-03-01,3255.0,7138.817129130679
lgbm,2020-05-01,1571.0,1139.6169782466739
lgbm,2020-06-01,796.0,0.0
lgbm,2020-07-01,547.0,690.3439547995596
lgbm,2020-08-01,473.0,1506.6275061461567
lgbm,2020-09-01,481.0,616.8973091030141
lgbm,2020-10-01,331.0,0.0
lgbm,2020-11-01,592.0,0.0
lgbm,2020-12-01,484.0,460.59596186739793
lgbm,2021-01-01,1177.0,1948.1848796334934
lgbm,2021-02-01,1765.0,5818.642649260519
lgbm,2021-03-01,3255.0,10009.518252535983
lgbm,2021-04-01,6693.0,9335.018896311594
lgbm,2020-06-01,796.0,0.0
lgbm,2020-07-01,547.0,0.0
lgbm,2020-08-01,473.0,1518.168238288571
lgbm,2020-09-01,481.0,1186.9932893484809
lgbm,2020-10-01,331.0,1557.8740593522487
lgbm,2020-11-01,592.0,677.4775065258036
lgbm,2020-12-01,484.0,0.0
lgbm,2021-01-01,1177.0,194.25287727742068
lgbm,2021-02-01,1765.0,1929.5164585715577
lgbm,2021-03-01,3255.0,1241.5358182837476
lgbm,2021-04-01,6693.0,2219.5940985700563
lgbm,2021-05-01,5349.0,6094.941004777216
lgbm,2020-07-01,547.0,0.0
lgbm,2020-08-01,473.0,1335.852632837772
lgbm,2020-09-01,481.0,1462.909942663176
lgbm,2020-10-01,331.0,1386.9888571660078
lgbm,2020-11-01,592.0,383.25140704705154
lgbm,2020-12-01,484.0,334.6691386141208
lgbm,2021-01-01,1177.0,503.94714930253133
lgbm,2021-02-01,1765.0,2629.2271714227636
lgbm,2021-03-01,3255.0,7124.936779327787
lgbm,2021-04-01,6693.0,8832.314944589882
lgbm,2021-05-01,5349.0,10034.014164499125
lgbm,2021-06-01,1819.0,8129.928378862243
lgbm,2020-08-01,473.0,1382.5992430004449
lgbm,2020-09-01,481.0,1643.2603530798701
lgbm,2020-10-01,331.0,218.01870101385595
lgbm,2020-11-01,592.0,649.4834571688198
lgbm,2020-12-01,484.0,1557.4828335210018
lgbm,2021-01-01,1177.0,3808.3060447335497
lgbm,2021-02-01,1765.0,6788.742997535626
lgbm,2021-03-01,3255.0,7576.990070218533
lgbm,2021-04-01,6693.0,7896.447077435929
lgbm,2021-05-01,5349.0,8729.77739583005
lgbm,2021-06-01,1819.0,6459.738807684951
lgbm,2021-07-01,972.0,5753.438105022528
lgbm,2020-09-01,481.0,752.0193795575248
lgbm,2020-10-01,331.0,714.5116308129665
lgbm,2020-11-01,592.0,1127.816932477951
lgbm,2020-12-01,484.0,1481.4371671826243
lgbm,2021-01-01,1177.0,2697.5506536200787
lgbm,2021-02-01,1765.0,7738.481046505669
lgbm,2021-03-01,3255.0,7333.295269070021
lgbm,2021-04-01,6693.0,8848.345000156514
lgbm,2021-05-01,5349.0,7135.5783534601715
lgbm,2021-06-01,1819.0,5581.031216870858
lgbm,2021-07-01,972.0,5856.197513941407
lgbm,2021-08-01,1005.0,5647.574819323275
lgbm,2020-10-01,331.0,927.6634432072433
lgbm,2020-11-01,592.0,1372.7603913239343
lgbm,2020-12-01,484.0,1713.0314864949885
lgbm,2021-01-01,1177.0,1642.35968201194
lgbm,2021-02-01,1765.0,2329.4822977883737
lgbm,2021-03-01,3255.0,6193.961409380941
lgbm,2021-04-01,6693.0,8047.902202112615
lgbm,2021-05-01,5349.0,7336.66271465926
lgbm,2021-06-01,1819.0,6354.497361686118
lgbm,2021-07-01,972.0,6364.31501661636
lgbm,2021-08-01,1005.0,5751.392206856006
lgbm,2021-09-01,711.0,6406.125261119781
lgbm,2020-11-01,592.0,1045.2415724106668
lgbm,2020-12-01,484.0,1566.6311428779688
lgbm,2021-01-01,1177.0,3593.309015625818
lgbm,2021-02-01,1765.0,8121.017576916126
lgbm,2021-03-01,3255.0,8739.578766894625
lgbm,2021-04-01,6693.0,9487.49658164418
lgbm,2021-05-01,5349.0,8307.911414847076
lgbm,2021-06-01,1819.0,6494.683534167897
lgbm,2021-07-01,972.0,5672.639350061393
lgbm,2021-08-01,1005.0,5841.584011687924
lgbm,2021-09-01,711.0,6167.125202465579
lgbm,2021-10-01,756.0,6160.178184017068
lgbm,2020-12-01,484.0,1582.491839157152
lgbm,2021-01-01,1177.0,3858.848305309006
lgbm,2021-02-01,1765.0,9270.634729810567
lgbm,2021-03-01,3255.0,9843.795918081776
lgbm,2021-04-01,6693.0,9017.963135576994
lgbm,2021-05-01,5349.0,8682.1444678578
lgbm,2021-06-01,1819.0,5654.387430966027
lgbm,2021-07-01,972.0,6352.4901570510265
lgbm,2021-08-01,1005.0,5808.150678365715
lgbm,2021-09-01,711.0,6295.529567216521
lgbm,2021-10-01,756.0,6400.839641343963
lgbm,2021-11-01,860.0,7102.078167479741
lgbm,2021-01-01,1177.0,1697.5620296830516
lgbm,2021-02-01,1765.0,3328.988697120959
lgbm,2021-03-01,3255.0,9178.358062464553
lgbm,2021-04-01,6693.0,10938.433190340053
lgbm,2021-05-01,5349.0,9611.16128972436
lgbm,2021-06-01,1819.0,8070.263857840764
lgbm,2021-07-01,972.0,6614.176483255165
lgbm,2021-08-01,1005.0,5937.143823973075
lgbm,2021-09-01,711.0,5635.7728575203955
lgbm,2021-10-01,756.0,5981.840976666961
lgbm,2021-11-01,860.0,6358.1408341737
lgbm,2021-12-01,853.0,6319.193961234796
lgbm,2021-02-01,1765.0,2271.1317159829773
lgbm,2021-03-01,3255.0,7837.172551520633
lgbm,2021-04-01,6693.0,10453.372635790449
lgbm,2021-05-01,5349.0,9560.260005953493
lgbm,2021-06-01,1819.0,7044.829096481549
lgbm,2021-07-01,972.0,6491.92664383243
lgbm,2021-08-01,1005.0,5575.757098990917
lgbm,2021-09-01,711.0,6601.9802381385525
lgbm,2021-10-01,756.0,6526.5840108977145
lgbm,2021-11-01,860.0,6825.055332083527
lgbm,2021-12-01,853.0,6745.184998854171
lgbm,2022-01-01,1560.0,5838.461120148761
lgbm,2021-03-01,3255.0,2326.8945467359404
lgbm,2021-04-01,6693.0,8483.800787444761
lgbm,2021-05-01,5349.0,9528.833729965845
lgbm,2021-06-01,1819.0,7861.437430770743
lgbm,2021-07-01,972.0,6971.716626390196
lgbm,2021-08-01,1005.0,5531.05872918208
lgbm,2021-09-01,711.0,6457.83754231788
lgbm,2021-10-01,756.0,6625.873531906846
lgbm,2021-11-01,860.0,6985.95777543354
lgbm,2021-12-01,853.0,6617.290361980633
lgbm,2022-01-01,1560.0,6111.22380397337
lgbm,2022-02-01,1478.0,4843.627724859856
lgbm,2021-04-01,6693.0,8330.61243862585
lgbm,2021-05-01,5349.0,9744.741579569943
lgbm,2021-06-01,1819.0,8227.163975676283
lgbm,2021-07-01,972.0,6711.026065586875
lgbm,2021-08-01,1005.0,5232.394265868598
lgbm,2021-09-01,711.0,5848.590225084626
lgbm,2021-10-01,756.0,6019.7947666748605
lgbm,2021-11-01,860.0,6356.995144567076
lgbm,2021-12-01,853.0,6029.2092003110665
lgbm,2022-01-01,1560.0,5758.474922967473
lgbm,2022-02-01,1478.0,4188.803518521772
lgbm,2022-03-01,3568.0,6355.434986329746
lgbm,2021-05-01,5349.0,9765.994505262628
lgbm,2021-06-01,1819.0,8205.448853555748
lgbm,2021-07-01,972.0,6855.335748269364
lgbm,2021-08-01,1005.0,5689.35698303936
lgbm,2021-09-01,711.0,6089.38842164347
lgbm,2021-10-01,756.0,6324.895836152961
lgbm,2021-11-01,860.0,6807.31998814432
lgbm,2021-12-01,853.0,6679.141078279212
lgbm,2022-01-01,1560.0,6323.7085247010855
lgbm,2022-02-01,1478.0,4113.51186432147
lgbm,2022-03-01,3568.0,6888.77577292427
lgbm,2022-04-01,9307.0,6242.849880356949
lgbm,2021-06-01,1819.0,7130.055911524432
lgbm,2021-07-01,972.0,6185.393251362205
lgbm,2021-08-01,1005.0,5291.43402797389
lgbm,2021-09-01,711.0,5847.096496848224
lgbm,2021-10-01,756.0,6003.157620450035
lgbm,2021-11-01,860.0,6427.354172948193
lgbm,2021-12-01,853.0,6131.198425983746
lgbm,2022-01-01,1560.0,5216.481709341434
lgbm,2022-02-01,1478.0,4165.567146828883
lgbm,2022-03-01,3568.0,6875.564280148841
lgbm,2022-04-01,9307.0,6087.836020285723
lgbm,2022-05-01,13710.0,3691.4514833956355
lgbm,2021-07-01,972.0,3373.7384790430992
lgbm,2021-08-01,1005.0,5037.182992144276
lgbm,2021-09-01,711.0,5070.25429251328
lgbm,2021-10-01,756.0,5544.904878671816
lgbm,2021-11-01,860.0,6030.572635092896
lgbm,2021-12-01,853.0,5802.5319451807745
lgbm,2022-01-01,1560.0,5273.471131695247
lgbm,2022-02-01,1478.0,4169.8331841742165
lgbm,2022-03-01,3568.0,6317.60549648946
lgbm,2022-04-01,9307.0,6017.888140499015
lgbm,2022-05-01,13710.0,3683.568705954172
lgbm,2022-06-01,4328.0,3244.38420113882
lgbm,2021-08-01,1005.0,457.59700717411124
lgbm,2021-09-01,711.0,0.0
lgbm,2021-10-01,756.0,219.57340601436198
lgbm,2021-11-01,860.0,1348.6886713798626
lgbm,2021-12-01,853.0,2660.5642605641606
lgbm,2022-01-01,1560.0,6792.542161511788
lgbm,2022-02-01,1478.0,6822.67590767386
lgbm,2022-03-01,3568.0,8543.317966535817
lgbm,2022-04-01,9307.0,6879.954799720138
lgbm,2022-05-01,13710.0,5679.507218615834
lgbm,2022-06-01,4328.0,3798.679481450761
lgbm,2022-07-01,2846.0,3936.2688325631448
lgbm,2021-09-01,711.0,174.1010397149964
lgbm,2021-10-01,756.0,348.859309391641
lgbm,2021-11-01,860.0,544.9941789036114
lgbm,2021-12-01,853.0,1257.7567734133027
lgbm,2022-01-01,1560.0,1300.9586978616203
lgbm,2022-02-01,1478.0,0.0
lgbm,2022-03-01,3568.0,0.0
lgbm,2022-04-01,9307.0,0.0
lgbm,2022-05-01,13710.0,227.84197782719573
lgbm,2022-06-01,4328.0,0.0
lgbm,2022-07-01,2846.0,0.0
lgbm,2022-08-01,1243.0,497.268767974731
lgbm,2021-10-01,756.0,565.5185748100862
lgbm,2021-11-01,860.0,556.507528935679
lgbm,2021-12-01,853.0,128.65013230144248
lgbm,2022-01-01,1560.0,0.0
lgbm,2022-02-01,1478.0,0.0
lgbm,2022-03-01,3568.0,1021.4635078680121
lgbm,2022-04-01,9307.0,2342.9295626461694
lgbm,2022-05-01,13710.0,7119.019610927453
lgbm,2022-06-01,4328.0,6956.244408220075
lgbm,2022-07-01,2846.0,7504.6615688030115
lgbm,2022-08-01,1243.0,6687.038365990459
lgbm,2022-09-01,1206.0,7148.462820781029
lgbm,2021-11-01,860.0,760.5505109946289
lgbm,2021-12-01,853.0,504.0034482247474
lgbm,2022-01-01,1560.0,0.0
lgbm,2022-02-01,1478.0,0.0
lgbm,2022-03-01,3568.0,0.0
lgbm,2022-04-01,9307.0,1585.9889601482232
lgbm,2022-05-01,13710.0,2611.573184823006
lgbm,2022-06-01,4328.0,5082.114033368847
lgbm,2022-07-01,2846.0,8307.786881941664
lgbm,2022-08-01,1243.0,8031.986548415018
lgbm,2022-09-01,1206.0,7694.151501184
lgbm,2022-10-01,2169.0,7316.856529454808
lgbm,2021-12-01,853.0,477.6221774194262
lgbm,2022-01-01,1560.0,0.0
lgbm,2022-02-01,1478.0,0.0
lgbm,2022-03-01,3568.0,0.0
lgbm,2022-04-01,9307.0,2319.260617619895
lgbm,2022-05-01,13710.0,6959.297493487887
lgbm,2022-06-01,4328.0,8197.30348124753
lgbm,2022-07-01,2846.0,8388.479795566851
lgbm,2022-08-01,1243.0,7501.40295743097
lgbm,2022-09-01,1206.0,7874.347220447622
lgbm,2022-10-01,2169.0,6963.949374129046
lgbm,2022-11-01,1275.0,5189.056036595679
lgbm,2022-01-01,1560.0,0.0
lgbm,2022-02-01,1478.0,0.0
lgbm,2022-03-01,3568.0,0.0
lgbm,2022-04-01,9307.0,1586.7415049506692
lgbm,2022-05-01,13710.0,1756.4226072953998
lgbm,2022-06-01,4328.0,802.4232579835902
lgbm,2022-07-01,2846.0,0.0
lgbm,2022-08-01,1243.0,798.9314262054248
lgbm,2022-09-01,1206.0,2366.6511702667212
lgbm,2022-10-01,2169.0,6186.0674926943975
lgbm,2022-11-01,1275.0,6209.767995298428
lgbm,2022-12-01,597.0,6677.770185163987
lgbm,2022-02-01,1478.0,0.0
lgbm,2022-03-01,3568.0,0.0
lgbm,2022-04-01,9307.0,0.0
lgbm,2022-05-01,13710.0,0.0
lgbm,2022-06-01,4328.0,0.0
lgbm,2022-07-01,2846.0,0.0
lgbm,2022-08-01,1243.0,169.50748396207683
lgbm,2022-09-01,1206.0,1831.5520749312104
lgbm,2022-10-01,2169.0,3682.4898026063875
lgbm,2022-11-01,1275.0,8592.146737659976
lgbm,2022-12-01,597.0,8581.853060182737
lgbm,2023-01-01,4452.0,7830.907470318805
lgbm,2022-03-01,3568.0,1887.318940358401
lgbm,2022-04-01,9307.0,2591.965654917426
lgbm,2022-05-01,13710.0,4312.043102561572
lgbm,2022-06-01,4328.0,3188.6274934567173
lgbm,2022-07-01,2846.0,3661.307271390805
lgbm,2022-08-01,1243.0,4498.681088274333
lgbm,2022-09-01,1206.0,5351.950845977258
lgbm,2022-10-01,2169.0,5445.4432153636435
lgbm,2022-11-01,1275.0,4850.584057991434
lgbm,2022-12-01,597.0,5013.402495127336
lgbm,2023-01-01,4452.0,5420.637293750787
lgbm,2023-02-01,5623.0,4218.647775876105
lgbm,2022-04-01,9307.0,5401.504123897444
lgbm,2022-05-01,13710.0,3782.6366348065626
lgbm,2022-06-01,4328.0,2984.991684838253
lgbm,2022-07-01,2846.0,2920.6873426504208
lgbm,2022-08-01,1243.0,4067.522402931143
lgbm,2022-09-01,1206.0,5088.894110587411
lgbm,2022-10-01,2169.0,5164.927914243709
lgbm,2022-11-01,1275.0,4350.692869713102
lgbm,2022-12-01,597.0,4712.642536260857
lgbm,2023-01-01,4452.0,4989.601269986283
lgbm,2023-02-01,5623.0,4126.221805722298
lgbm,2023-03-01,9710.0,5372.961422551964
lgbm,2022-05-01,13710.0,6070.088790937662
lgbm,2022-06-01,4328.0,3663.2074221570847
lgbm,2022-07-01,2846.0,3682.7271407242642
lgbm,2022-08-01,1243.0,5472.925631313506
lgbm,2022-09-01,1206.0,6216.807537528279
lgbm,2022-10-01,2169.0,6346.463263460816
lgbm,2022-11-01,1275.0,5732.682401026027
lgbm,2022-12-01,597.0,5978.1209871357905
lgbm,2023-01-01,4452.0,6347.52428853121
lgbm,2023-02-01,5623.0,5534.875229242912
lgbm,2023-03-01,9710.0,7941.049321987755
lgbm,2023-04-01,13852.0,6968.212812196567
lgbm,2022-06-01,4328.0,4526.22425375049
lgbm,2022-07-01,2846.0,4242.737102883549
lgbm,2022-08-01,1243.0,4951.312034703814
lgbm,2022-09-01,1206.0,6150.803413341387
lgbm,2022-10-01,2169.0,6342.0793194775915
lgbm,2022-11-01,1275.0,5715.87420896902
lgbm,2022-12-01,597.0,5919.819913675483
lgbm,2023-01-01,4452.0,6029.645527834023
lgbm,2023-02-01,5623.0,5653.150710634802
lgbm,2023-03-01,9710.0,7054.877552305745
lgbm,2023-04-01,13852.0,6806.957761133881
lgbm,2023-05-01,9355.0,6245.806962063489
lgbm,2022-07-01,2846.0,5423.0342875938195
lgbm,2022-08-01,1243.0,5581.621576946266
lgbm,2022-09-01,1206.0,6988.809872020571
lgbm,2022-10-01,2169.0,6498.708409501998
lgbm,2022-11-01,1275.0,5868.258158715271
lgbm,2022-12-01,597.0,5935.499810194607
lgbm,2023-01-01,4452.0,6143.112111735176
lgbm,2023-02-01,5623.0,5617.155632063019
lgbm,2023-03-01,9710.0,7254.124463973709
lgbm,2023-04-01,13852.0,6831.308445849333
lgbm,2023-05-01,9355.0,6484.944337334411
lgbm,2023-06-01,4347.0,5995.355632613044
lgbm,2022-08-01,1243.0,0.0
lgbm,2022-09-01,1206.0,933.9328120939949
lgbm,2022-10-01,2169.0,1002.7861510628884
lgbm,2022-11-01,1275.0,748.338599044277
lgbm,2022-12-01,597.0,913.2169398876675
lgbm,2023-01-01,4452.0,703.0803725270503
lgbm,2023-02-01,5623.0,1175.4298339117283
lgbm,2023-03-01,9710.0,2813.7485625218196
lgbm,2023-04-01,13852.0,4739.221745296331
lgbm,2023-05-01,9355.0,8806.509707329407
lgbm,2023-06-01,4347.0,7325.403183767003
lgbm,2023-07-01,3003.0,5850.5433135188805
lgbm,2022-09-01,1206.0,1321.2219106386283
lgbm,2022-10-01,2169.0,842.5135964766138
lgbm,2022-11-01,1275.0,298.5408105369306
lgbm,2022-12-01,597.0,744.5128584543082
lgbm,2023-01-01,4452.0,946.4309896479853
lgbm,2023-02-01,5623.0,1342.2073731141015
lgbm,2023-03-01,9710.0,2082.3459116125646
lgbm,2023-04-01,13852.0,3638.177320015962
lgbm,2023-05-01,9355.0,8215.492170618169
lgbm,2023-06-01,4347.0,7955.951545585014
lgbm,2023-07-01,3003.0,6616.5216955207625
lgbm,2023-08-01,2386.0,5251.753866662181
lgbm,2022-10-01,2169.0,930.4025874281568
lgbm,2022-11-01,1275.0,444.2097090854186
lgbm,2022-12-01,597.0,757.8825590821793
lgbm,2023-01-01,4452.0,747.0266964015581
lgbm,2023-02-01,5623.0,1464.271465173122
lgbm,2023-03-01,9710.0,3156.431172866205
lgbm,2023-04-01,13852.0,4359.482654209344
lgbm,2023-05-01,9355.0,9509.591214340757
lgbm,2023-06-01,4347.0,8615.435255202035
lgbm,2023-07-01,3003.0,6702.35015519442
lgbm,2023-08-01,2386.0,4993.757828721871
lgbm,2023-09-01,2708.0,5553.637526458301
lgbm,2022-11-01,1275.0,693.1515586337282
lgbm,2022-12-01,597.0,1517.0798181874777
lgbm,2023-01-01,4452.0,1781.1262875076402
lgbm,2023-02-01,5623.0,1384.614965100765
lgbm,2023-03-01,9710.0,1931.1805968582987
lgbm,2023-04-01,13852.0,2734.638582900698
lgbm,2023-05-01,9355.0,1379.2711211922124
lgbm,2023-06-01,4347.0,692.4807091330703
lgbm,2023-07-01,3003.0,602.0283638923071
lgbm,2023-08-01,2386.0,0.0
lgbm,2023-09-01,2708.0,830.7930027625173
lgbm,2023-10-01,3635.0,0.0
lgbm,2022-12-01,597.0,970.0734296699692
lgbm,2023-01-01,4452.0,710.9978383204134
lgbm,2023-02-01,5623.0,478.6128884692991
lgbm,2023-03-01,9710.0,1524.9288255747329
lgbm,2023-04-01,13852.0,2797.7070709584514
lgbm,2023-05-01,9355.0,3636.0147490679883
lgbm,2023-06-01,4347.0,8639.401935286289
lgbm,2023-07-01,3003.0,7893.866637106948
lgbm,2023-08-01,2386.0,5468.938775906835
lgbm,2023-09-01,2708.0,6009.095309155691
lgbm,2023-10-01,3635.0,5620.69299040891
lgbm,2023-11-01,3157.0,6314.484589472889
lgbm,2023-01-01,4452.0,613.2052350450226
lgbm,2023-02-01,5623.0,57.13945242961489
lgbm,2023-03-01,9710.0,1268.197825793303
lgbm,2023-04-01,13852.0,1204.6453004126424
lgbm,2023-05-01,9355.0,2636.693491577815
lgbm,2023-06-01,4347.0,3425.5166763839015
lgbm,2023-07-01,3003.0,7326.801339323473
lgbm,2023-08-01,2386.0,5159.590630839042
lgbm,2023-09-01,2708.0,5804.426054771986
lgbm,2023-10-01,3635.0,5201.500808219644
lgbm,2023-11-01,3157.0,5940.893405974341
lgbm,2023-12-01,6082.0,6012.398145500711
lgbm,2023-02-01,5623.0,5886.355274986045
lgbm,2023-03-01,9710.0,7256.952859097888
lgbm,2023-04-01,13852.0,7581.615027333312
lgbm,2023-05-01,9355.0,8041.627950381672
lgbm,2023-06-01,4347.0,5748.044756648701
lgbm,2023-07-01,3003.0,5829.519564649882
lgbm,2023-08-01,2386.0,4929.516561098727
lgbm,2023-09-01,2708.0,5161.817303424498
lgbm,2023-10-01,3635.0,5759.366582869433
lgbm,2023-11-01,3157.0,6099.023593508548
lgbm,2023-12-01,6082.0,5850.62240456659
lgbm,2024-01-01,29750.0,7477.547755333443
lgbm,2023-03-01,9710.0,7846.276210411986
lgbm,2023-04-01,13852.0,9009.248017588812
lgbm,2023-05-01,9355.0,7612.11744077503
lgbm,2023-06-01,4347.0,6599.024152356898
lgbm,2023-07-01,3003.0,6548.919876569943
lgbm,2023-08-01,2386.0,5244.8577991146685
lgbm,2023-09-01,2708.0,5689.43552642551
lgbm,2023-10-01,3635.0,6317.586368448222
lgbm,2023-11-01,3157.0,6424.149124385712
lgbm,2023-12-01,6082.0,6134.8871019534745
lgbm,2024-01-01,29750.0,8680.601024457861
lgbm,2024-02-01,124453.0,7616.561331481103
lgbm,2023-04-01,13852.0,9574.167798031684
lgbm,2023-05-01,9355.0,7221.718077004156
lgbm,2023-06-01,4347.0,6095.566809507846
lgbm,2023-07-01,3003.0,6270.522076389468
lgbm,2023-08-01,2386.0,5108.747203347531
lgbm,2023-09-01,2708.0,5602.167700581127
lgbm,2023-10-01,3635.0,6081.0293788288
lgbm,2023-11-01,3157.0,6286.1863404501355
lgbm,2023-12-01,6082.0,6424.289554430128
lgbm,2024-01-01,29750.0,8757.35365793382
lgbm,2024-02-01,124453.0,7671.208466555274
lgbm,2024-03-01,331402.0,7387.945457580203
lgbm,2023-05-01,9355.0,9284.25633250013
lgbm,2023-06-01,4347.0,7831.03403618465
lgbm,2023-07-01,3003.0,5442.669103411624
lgbm,2023-08-01,2386.0,5260.335559842161
lgbm,2023-09-01,2708.0,5782.689222225719
lgbm,2023-10-01,3635.0,6470.153565033101
lgbm,2023-11-01,3157.0,7048.716790644202
lgbm,2023-12-01,6082.0,6768.955480488997
lgbm,2024-01-01,29750.0,10347.788001020157
lgbm,2024-02-01,124453.0,9232.01224596664
lgbm,2024-03-01,331402.0,9048.694388175187
lgbm,2024-04-01,320473.0,8582.735952947225
lgbm,2023-06-01,4347.0,8846.268062445382
lgbm,2023-07-01,3003.0,6427.952514963209
lgbm,2023-08-01,2386.0,6311.999197807513
lgbm,2023-09-01,2708.0,6512.297179748854
lgbm,2023-10-01,3635.0,6978.1653682082315
lgbm,2023-11-01,3157.0,7282.2839011786355
lgbm,2023-12-01,6082.0,7160.306548553637
lgbm,2024-01-01,29750.0,10151.297109092697
lgbm,2024-02-01,124453.0,9036.133017610413
lgbm,2024-03-01,331402.0,9126.352753530908
lgbm,2024-04-01,320473.0,8579.866097337046
lgbm,2024-05-01,265248.0,8922.579070714204
lgbm,2023-07-01,3003.0,113.01546966374218
lgbm,2023-08-01,2386.0,0.0
lgbm,2023-09-01,2708.0,0.0
lgbm,2023-10-01,3635.0,840.9827922449308
lgbm,2023-11-01,3157.0,1849.4400382263748
lgbm,2023-12-01,6082.0,4494.026009523858
lgbm,2024-01-01,29750.0,12368.087241170046
lgbm,2024-02-01,124453.0,11243.958371376913
lgbm,2024-03-01,331402.0,7907.040488375065
lgbm,2024-04-01,320473.0,6714.474849548932
lgbm,2024-05-01,265248.0,6812.046245766325
lgbm,2024-06-01,109649.0,6509.201751253417
lgbm,2023-08-01,2386.0,986.8909993420166
lgbm,2023-09-01,2708.0,258.75540145765484
lgbm,2023-10-01,3635.0,1326.5314319310144
lgbm,2023-11-01,3157.0,1076.4144620585853
lgbm,2023-12-01,6082.0,2253.470845149844
lgbm,2024-01-01,29750.0,6671.002735326623
lgbm,2024-02-01,124453.0,8741.467981994601
lgbm,2024-03-01,331402.0,9084.974517853823
lgbm,2024-04-01,320473.0,7174.788354125986
lgbm,2024-05-01,265248.0,7110.425152747482
lgbm,2024-06-01,109649.0,6649.384520083047
lgbm,2024-07-01,24288.0,5645.617609825242
lgbm,2023-09-01,2708.0,1009.4252955350543
lgbm,2023-10-01,3635.0,2111.2201470223904
lgbm,2023-11-01,3157.0,2639.985770072897
lgbm,2023-12-01,6082.0,2800.6441369692416
lgbm,2024-01-01,29750.0,4983.636150477312
lgbm,2024-02-01,124453.0,10361.126045769844
lgbm,2024-03-01,331402.0,9095.023318095065
lgbm,2024-04-01,320473.0,7807.597454331751
lgbm,2024-05-01,265248.0,8013.074357862232
lgbm,2024-06-01,109649.0,6694.386217252295
lgbm,2024-07-01,24288.0,5652.943391242607
lgbm,2024-08-01,13835.0,6484.386786157171
lgbm,2023-10-01,3635.0,2762.3706893257804
lgbm,2023-11-01,3157.0,2404.4850739513613
lgbm,2023-12-01,6082.0,1750.3542291386068
lgbm,2024-01-01,29750.0,3566.315854320081
lgbm,2024-02-01,124453.0,4668.127243797424
lgbm,2024-03-01,331402.0,8791.249955759944
lgbm,2024-04-01,320473.0,8164.236307535599
lgbm,2024-05-01,265248.0,7846.607172106515
lgbm,2024-06-01,109649.0,6299.0856593845165
lgbm,2024-07-01,24288.0,5728.15528108353
lgbm,2024-08-01,13835.0,6380.413043225481
lgbm,2024-09-01,15943.0,6769.981138864054
lgbm,2023-11-01,3157.0,3273.78999041043
lgbm,2023-12-01,6082.0,2810.641865176796
lgbm,2024-01-01,29750.0,5465.841468220853
lgbm,2024-02-01,124453.0,9400.71189729467
lgbm,2024-03-01,331402.0,8703.358296411356
lgbm,2024-04-01,320473.0,8330.985635282854
lgbm,2024-05-01,265248.0,8148.076374897303
lgbm,2024-06-01,109649.0,7577.195388534907
lgbm,2024-07-01,24288.0,7062.350745205796
lgbm,2024-08-01,13835.0,6490.418295695343
lgbm,2024-09-01,15943.0,6535.7327239603055
lgbm,2024-10-01,9295.0,8976.974581428103
lgbm,2023-12-01,6082.0,3026.129983363555
lgbm,2024-01-01,29750.0,5653.94178233445
lgbm,2024-02-01,124453.0,10293.14166201067
lgbm,2024-03-01,331402.0,9171.973402980095
lgbm,2024-04-01,320473.0,8044.690217131406
lgbm,2024-05-01,265248.0,8197.696201524523
lgbm,2024-06-01,109649.0,7247.845314553695
lgbm,2024-07-01,24288.0,6623.864275358812
lgbm,2024-08-01,13835.0,6227.366988396073
lgbm,2024-09-01,15943.0,6664.747581064219
lgbm,2024-10-01,9295.0,8141.420094193321
lgbm,2024-11-01,8486.0,7901.879395335102
lgbm,2024-01-01,29750.0,10469.024228029144
lgbm,2024-02-01,124453.0,8902.104630178505
lgbm,2024-03-01,331402.0,9095.194617906058
lgbm,2024-04-01,320473.0,8112.652271400976
lgbm,2024-05-01,265248.0,7988.898330610912
lgbm,2024-06-01,109649.0,7235.180717219467
lgbm,2024-07-01,24288.0,6351.531056381526
lgbm,2024-08-01,13835.0,6284.064385131089
lgbm,2024-09-01,15943.0,7023.907346011799
lgbm,2024-10-01,9295.0,8191.737960234014
lgbm,2024-11-01,8486.0,8168.710071499712
lgbm,2024-12-01,8326.0,8797.534111395913
xgb,2014-01-01,910.0,791.9127807617188
xgb,2014-02-01,2094.0,1626.4935302734375
xgb,2014-03-01,11660.0,4427.17236328125
xgb,2014-04-01,27021.0,1784.90087890625
xgb,2014-05-01,13104.0,1799.8040771484375
xgb,2014-06-01,3889.0,836.859619140625
xgb,2014-07-01,1168.0,387.8558654785156
xgb,2014-08-01,994.0,335.97161865234375
xgb,2014-09-01,691.0,273.8529052734375
xgb,2014-10-01,632.0,290.47918701171875
xgb,2014-11-01,615.0,354.8374328613281
xgb,2014-12-01,387.0,516.1345825195312
xgb,2014-02-01,2094.0,1626.1187744140625
xgb,2014-03-01,11660.0,4427.95751953125
xgb,2014-04-01,27021.0,1779.1953125
xgb,2014-05-01,13104.0,1799.34228515625
xgb,2014-06-01,3889.0,820.5069580078125
xgb,2014-07-01,1168.0,462.7187805175781
xgb,2014-08-01,994.0,426.0167541503906
xgb,2014-09-01,691.0,266.3048400878906
xgb,2014-10-01,632.0,280.7557067871094
xgb,2014-11-01,615.0,341.259765625
xgb,2014-12-01,387.0,579.51318359375
xgb,2015-01-01,2269.0,1052.41845703125
xgb,2014-03-01,11660.0,4305.470703125
xgb,2014-04-01,27021.0,2089.33056640625
xgb,2014-05-01,13104.0,1955.3714599609375
xgb,2014-06-01,3889.0,946.4376220703125
xgb,2014-07-01,1168.0,396.0880126953125
xgb,2014-08-01,994.0,373.0586242675781
xgb,2014-09-01,691.0,312.3381652832031
xgb,2014-10-01,632.0,298.6903991699219
xgb,2014-11-01,615.0,355.99371337890625
xgb,2014-12-01,387.0,569.4739379882812
xgb,2015-01-01,2269.0,1573.8612060546875
xgb,2015-02-01,11540.0,4295.67236328125
xgb,2014-04-01,27021.0,2003.3431396484375
xgb,2014-05-01,13104.0,1145.7044677734375
xgb,2014-06-01,3889.0,973.1905517578125
xgb,2014-07-01,1168.0,393.9900817871094
xgb,2014-08-01,994.0,323.2665710449219
xgb,2014-09-01,691.0,307.5401916503906
xgb,2014-10-01,632.0,340.2350769042969
xgb,2014-11-01,615.0,349.02069091796875
xgb,2014-12-01,387.0,457.45526123046875
xgb,2015-01-01,2269.0,2351.640625
xgb,2015-02-01,11540.0,11659.9970703125
xgb,2015-03-01,39216.0,4426.9248046875
xgb,2014-05-01,13104.0,20179.462890625
xgb,2014-06-01,3889.0,20179.462890625
xgb,2014-07-01,1168.0,20001.912109375
xgb,2014-08-01,994.0,20001.912109375
xgb,2014-09-01,691.0,20001.912109375
xgb,2014-10-01,632.0,20001.912109375
xgb,2014-11-01,615.0,20001.912109375
xgb,2014-12-01,387.0,20001.912109375
xgb,2015-01-01,2269.0,20179.462890625
xgb,2015-02-01,11540.0,20179.462890625
xgb,2015-03-01,39216.0,27020.994140625
xgb,2015-04-01,17446.0,27020.994140625
xgb,2014-06-01,3889.0,12333.0185546875
xgb,2014-07-01,1168.0,12333.0185546875
xgb,2014-08-01,994.0,12333.0185546875
xgb,2014-09-01,691.0,12333.0185546875
xgb,2014-10-01,632.0,12333.0185546875
xgb,2014-11-01,615.0,12333.0185546875
xgb,2014-12-01,387.0,12333.0185546875
xgb,2015-01-01,2269.0,12488.7275390625
xgb,2015-02-01,11540.0,12488.7275390625
xgb,2015-03-01,39216.0,27020.994140625
xgb,2015-04-01,17446.0,27020.994140625
xgb,2015-05-01,6951.0,27020.994140625
xgb,2014-07-01,1168.0,3343.739013671875
xgb,2014-08-01,994.0,3246.083740234375
xgb,2014-09-01,691.0,3219.866943359375
xgb,2014-10-01,632.0,3237.50634765625
xgb,2014-11-01,615.0,3258.829833984375
xgb,2014-12-01,387.0,3348.140869140625
xgb,2015-01-01,2269.0,3887.06298828125
xgb,2015-02-01,11540.0,3953.62841796875
xgb,2015-03-01,39216.0,11660.0654296875
xgb,2015-04-01,17446.0,27020.994140625
xgb,2015-05-01,6951.0,27020.994140625
xgb,2015-06-01,1229.0,7846.66162109375
xgb,2014-08-01,994.0,620.9957885742188
xgb,2014-09-01,691.0,330.1912841796875
xgb,2014-10-01,632.0,296.7263488769531
xgb,2014-11-01,615.0,367.8851013183594
xgb,2014-12-01,387.0,722.3935546875
xgb,2015-01-01,2269.0,1292.591796875
xgb,2015-02-01,11540.0,1491.777587890625
xgb,2015-03-01,39216.0,8946.1064453125
xgb,2015-04-01,17446.0,27020.994140625
xgb,2015-05-01,6951.0,27020.994140625
xgb,2015-06-01,1229.0,8887.15234375
xgb,2015-07-01,967.0,1282.973388671875
xgb,2014-09-01,691.0,626.4624633789062
xgb,2014-10-01,632.0,443.6387023925781
xgb,2014-11-01,615.0,356.96502685546875
xgb,2014-12-01,387.0,737.689697265625
xgb,2015-01-01,2269.0,1229.466552734375
xgb,2015-02-01,11540.0,1505.5775146484375
xgb,2015-03-01,39216.0,8957.2958984375
xgb,2015-04-01,17446.0,27020.994140625
xgb,2015-05-01,6951.0,27020.990234375
xgb,2015-06-01,1229.0,9341.5322265625
xgb,2015-07-01,967.0,1540.258056640625
xgb,2015-08-01,681.0,1003.0262451171875
xgb,2014-10-01,632.0,514.4993896484375
xgb,2014-11-01,615.0,313.0714416503906
xgb,2014-12-01,387.0,628.1741333007812
xgb,2015-01-01,2269.0,1246.2608642578125
xgb,2015-02-01,11540.0,1433.263427734375
xgb,2015-03-01,39216.0,8964.9931640625
xgb,2015-04-01,17446.0,27020.994140625
xgb,2015-05-01,6951.0,27020.990234375
xgb,2015-06-01,1229.0,9328.888671875
xgb,2015-07-01,967.0,1506.5804443359375
xgb,2015-08-01,681.0,991.6361083984375
xgb,2015-09-01,548.0,715.0298461914062
xgb,2014-11-01,615.0,631.4932250976562
xgb,2014-12-01,387.0,765.7479858398438
xgb,2015-01-01,2269.0,1407.3585205078125
xgb,2015-02-01,11540.0,1369.091796875
xgb,2015-03-01,39216.0,8971.7998046875
xgb,2015-04-01,17446.0,27020.994140625
xgb,2015-05-01,6951.0,27020.990234375
xgb,2015-06-01,1229.0,9009.46484375
xgb,2015-07-01,967.0,1323.7969970703125
xgb,2015-08-01,681.0,899.8309936523438
xgb,2015-09-01,548.0,704.4900512695312
xgb,2015-10-01,752.0,639.008056640625
xgb,2014-12-01,387.0,827.2373046875
xgb,2015-01-01,2269.0,1529.947998046875
xgb,2015-02-01,11540.0,1533.4317626953125
xgb,2015-03-01,39216.0,8978.189453125
xgb,2015-04-01,17446.0,27020.994140625
xgb,2015-05-01,6951.0,27020.990234375
xgb,2015-06-01,1229.0,8483.6943359375
xgb,2015-07-01,967.0,1599.009521484375
xgb,2015-08-01,681.0,771.3214111328125
xgb,2015-09-01,548.0,577.6791381835938
xgb,2015-10-01,752.0,577.7359619140625
xgb,2015-11-01,1773.0,593.0944213867188
xgb,2015-01-01,2269.0,1099.533203125
xgb,2015-02-01,11540.0,1248.5906982421875
xgb,2015-03-01,39216.0,8707.4306640625
xgb,2015-04-01,17446.0,27020.994140625
xgb,2015-05-01,6951.0,27020.986328125
xgb,2015-06-01,1229.0,8061.89599609375
xgb,2015-07-01,967.0,3536.514892578125
xgb,2015-08-01,681.0,962.466552734375
xgb,2015-09-01,548.0,703.4025268554688
xgb,2015-10-01,752.0,595.1738891601562
xgb,2015-11-01,1773.0,597.1067504882812
xgb,2015-12-01,2175.0,422.1462707519531
xgb,2015-02-01,11540.0,2163.283935546875
xgb,2015-03-01,39216.0,9448.7001953125
xgb,2015-04-01,17446.0,27020.994140625
xgb,2015-05-01,6951.0,27020.986328125
xgb,2015-06-01,1229.0,8586.3134765625
xgb,2015-07-01,967.0,3542.13525390625
xgb,2015-08-01,681.0,1268.7000732421875
xgb,2015-09-01,548.0,788.3761596679688
xgb,2015-10-01,752.0,583.4827880859375
xgb,2015-11-01,1773.0,504.6607666015625
xgb,2015-12-01,2175.0,733.9971313476562
xgb,2016-01-01,1097.0,2099.984130859375
xgb,2015-03-01,39216.0,23974.490234375
xgb,2015-04-01,17446.0,27020.994140625
xgb,2015-05-01,6951.0,27020.994140625
xgb,2015-06-01,1229.0,10107.2197265625
xgb,2015-07-01,967.0,4520.31982421875
xgb,2015-08-01,681.0,1481.245361328125
xgb,2015-09-01,548.0,696.4874267578125
xgb,2015-10-01,752.0,562.3732299804688
xgb,2015-11-01,1773.0,480.8857116699219
xgb,2015-12-01,2175.0,1337.867431640625
xgb,2016-01-01,1097.0,6519.810546875
xgb,2016-02-01,1223.0,23974.490234375
xgb,2015-04-01,17446.0,26969.3046875
xgb,2015-05-01,6951.0,26945.23046875
xgb,2015-06-01,1229.0,9104.2880859375
xgb,2015-07-01,967.0,8619.109375
xgb,2015-08-01,681.0,1712.4373779296875
xgb,2015-09-01,548.0,684.8243408203125
xgb,2015-10-01,752.0,591.581787109375
xgb,2015-11-01,1773.0,422.91448974609375
xgb,2015-12-01,2175.0,1606.166748046875
xgb,2016-01-01,1097.0,4629.71728515625
xgb,2016-02-01,1223.0,39215.98828125
xgb,2016-03-01,1385.0,26929.609375
xgb,2015-05-01,6951.0,25867.896484375
xgb,2015-06-01,1229.0,10456.822265625
xgb,2015-07-01,967.0,7485.63671875
xgb,2015-08-01,681.0,1858.7393798828125
xgb,2015-09-01,548.0,681.1484985351562
xgb,2015-10-01,752.0,611.1163330078125
xgb,2015-11-01,1773.0,482.67401123046875
xgb,2015-12-01,2175.0,1745.3492431640625
xgb,2016-01-01,1097.0,4371.83740234375
xgb,2016-02-01,1223.0,39215.98828125
xgb,2016-03-01,1385.0,25921.41015625
xgb,2016-04-01,888.0,25892.115234375
xgb,2015-06-01,1229.0,7864.65966796875
xgb,2015-07-01,967.0,7416.4443359375
xgb,2015-08-01,681.0,1849.412109375
xgb,2015-09-01,548.0,621.5740966796875
xgb,2015-10-01,752.0,602.879638671875
xgb,2015-11-01,1773.0,411.7950744628906
xgb,2015-12-01,2175.0,1808.0987548828125
xgb,2016-01-01,1097.0,3948.2802734375
xgb,2016-02-01,1223.0,35927.47265625
xgb,2016-03-01,1385.0,16742.775390625
xgb,2016-04-01,888.0,14747.74609375
xgb,2016-05-01,634.0,14703.9462890625
xgb,2015-07-01,967.0,1921.522705078125
xgb,2015-08-01,681.0,885.2245483398438
xgb,2015-09-01,548.0,582.58984375
xgb,2015-10-01,752.0,513.2578735351562
xgb,2015-11-01,1773.0,334.7644348144531
xgb,2015-12-01,2175.0,1780.8934326171875
xgb,2016-01-01,1097.0,3845.34033203125
xgb,2016-02-01,1223.0,35930.0546875
xgb,2016-03-01,1385.0,16203.5185546875
xgb,2016-04-01,888.0,6904.529296875
xgb,2016-05-01,634.0,23339.58203125
xgb,2016-06-01,335.0,3831.34765625
xgb,2015-08-01,681.0,688.7725830078125
xgb,2015-09-01,548.0,609.7291259765625
xgb,2015-10-01,752.0,470.9433288574219
xgb,2015-11-01,1773.0,330.2626953125
xgb,2015-12-01,2175.0,1653.97607421875
xgb,2016-01-01,1097.0,4222.40771484375
xgb,2016-02-01,1223.0,35393.94921875
xgb,2016-03-01,1385.0,15907.5439453125
xgb,2016-04-01,888.0,6852.25341796875
xgb,2016-05-01,634.0,23221.498046875
xgb,2016-06-01,335.0,4680.4755859375
xgb,2016-07-01,853.0,1434.1209716796875
xgb,2015-09-01,548.0,634.4718017578125
xgb,2015-10-01,752.0,543.9122924804688
xgb,2015-11-01,1773.0,342.59381103515625
xgb,2015-12-01,2175.0,1865.693603515625
xgb,2016-01-01,1097.0,4631.47265625
xgb,2016-02-01,1223.0,35935.55078125
xgb,2016-03-01,1385.0,16120.2998046875
xgb,2016-04-01,888.0,6852.89501953125
xgb,2016-05-01,634.0,23113.359375
xgb,2016-06-01,335.0,4109.1298828125
xgb,2016-07-01,853.0,1282.59716796875
xgb,2016-08-01,656.0,663.1509399414062
xgb,2015-10-01,752.0,464.9549255371094
xgb,2015-11-01,1773.0,271.4211120605469
xgb,2015-12-01,2175.0,1807.9066162109375
xgb,2016-01-01,1097.0,4706.6611328125
xgb,2016-02-01,1223.0,35938.33984375
xgb,2016-03-01,1385.0,16182.734375
xgb,2016-04-01,888.0,6811.69287109375
xgb,2016-05-01,634.0,23141.5234375
xgb,2016-06-01,335.0,4201.748046875
xgb,2016-07-01,853.0,2726.816650390625
xgb,2016-08-01,656.0,1205.5177001953125
xgb,2016-09-01,724.0,616.3621215820312
xgb,2015-11-01,1773.0,431.7029113769531
xgb,2015-12-01,2175.0,1840.3421630859375
xgb,2016-01-01,1097.0,3566.239013671875
xgb,2016-02-01,1223.0,35928.69140625
xgb,2016-03-01,1385.0,16175.9765625
xgb,2016-04-01,888.0,14656.748046875
xgb,2016-05-01,634.0,14407.7255859375
xgb,2016-06-01,335.0,2273.847412109375
xgb,2016-07-01,853.0,1263.843017578125
xgb,2016-08-01,656.0,758.12158203125
xgb,2016-09-01,724.0,614.9962158203125
xgb,2016-10-01,1189.0,604.8894653320312
xgb,2015-12-01,2175.0,1952.656494140625
xgb,2016-01-01,1097.0,3245.74462890625
xgb,2016-02-01,1223.0,35332.77734375
xgb,2016-03-01,1385.0,15467.06640625
xgb,2016-04-01,888.0,14262.349609375
xgb,2016-05-01,634.0,14087.86328125
xgb,2016-06-01,335.0,1598.7481689453125
xgb,2016-07-01,853.0,581.4447021484375
xgb,2016-08-01,656.0,579.6185913085938
xgb,2016-09-01,724.0,799.9076538085938
xgb,2016-10-01,1189.0,778.0155029296875
xgb,2016-11-01,1334.0,1065.9853515625
xgb,2016-01-01,1097.0,3429.183349609375
xgb,2016-02-01,1223.0,35931.06640625
xgb,2016-03-01,1385.0,16000.404296875
xgb,2016-04-01,888.0,14415.82421875
xgb,2016-05-01,634.0,14351.9443359375
xgb,2016-06-01,335.0,1694.290771484375
xgb,2016-07-01,853.0,778.9768676757812
xgb,2016-08-01,656.0,754.667236328125
xgb,2016-09-01,724.0,687.111328125
xgb,2016-10-01,1189.0,738.3021850585938
xgb,2016-11-01,1334.0,1330.2880859375
xgb,2016-12-01,1620.0,3544.3828125
xgb,2016-02-01,1223.0,30834.53515625
xgb,2016-03-01,1385.0,15362.33203125
xgb,2016-04-01,888.0,14161.2470703125
xgb,2016-05-01,634.0,14132.8896484375
xgb,2016-06-01,335.0,1711.796142578125
xgb,2016-07-01,853.0,569.421630859375
xgb,2016-08-01,656.0,579.7958984375
xgb,2016-09-01,724.0,759.239013671875
xgb,2016-10-01,1189.0,1202.37060546875
xgb,2016-11-01,1334.0,2035.353271484375
xgb,2016-12-01,1620.0,863.4227905273438
xgb,2017-01-01,498.0,14838.197265625
xgb,2016-03-01,1385.0,1212.98193359375
xgb,2016-04-01,888.0,1185.27978515625
xgb,2016-05-01,634.0,869.6093139648438
xgb,2016-06-01,335.0,703.7245483398438
xgb,2016-07-01,853.0,549.2276000976562
xgb,2016-08-01,656.0,512.5448608398438
xgb,2016-09-01,724.0,502.3824768066406
xgb,2016-10-01,1189.0,1074.9815673828125
xgb,2016-11-01,1334.0,1209.5404052734375
xgb,2016-12-01,1620.0,612.6016235351562
xgb,2017-01-01,498.0,523.0302734375
xgb,2017-02-01,264.0,459.85772705078125
xgb,2016-04-01,888.0,797.4957275390625
xgb,2016-05-01,634.0,561.1077880859375
xgb,2016-06-01,335.0,541.8855590820312
xgb,2016-07-01,853.0,476.7662048339844
xgb,2016-08-01,656.0,378.62078857421875
xgb,2016-09-01,724.0,665.4317626953125
xgb,2016-10-01,1189.0,531.5349731445312
xgb,2016-11-01,1334.0,716.898681640625
xgb,2016-12-01,1620.0,812.2987670898438
xgb,2017-01-01,498.0,595.634765625
xgb,2017-02-01,264.0,633.2442016601562
xgb,2017-03-01,288.0,734.4882202148438
xgb,2016-05-01,634.0,726.3312377929688
xgb,2016-06-01,335.0,717.2684326171875
xgb,2016-07-01,853.0,729.8206787109375
xgb,2016-08-01,656.0,535.2394409179688
xgb,2016-09-01,724.0,613.1921997070312
xgb,2016-10-01,1189.0,665.0772094726562
xgb,2016-11-01,1334.0,960.901123046875
xgb,2016-12-01,1620.0,948.4161987304688
xgb,2017-01-01,498.0,851.0858764648438
xgb,2017-02-01,264.0,920.8801879882812
xgb,2017-03-01,288.0,769.8255615234375
xgb,2017-04-01,1556.0,717.7908935546875
xgb,2016-06-01,335.0,594.0416870117188
xgb,2016-07-01,853.0,502.6213073730469
xgb,2016-08-01,656.0,492.741943359375
xgb,2016-09-01,724.0,504.2723693847656
xgb,2016-10-01,1189.0,420.5578308105469
xgb,2016-11-01,1334.0,487.9911193847656
xgb,2016-12-01,1620.0,479.4059753417969
xgb,2017-01-01,498.0,430.64141845703125
xgb,2017-02-01,264.0,517.436767578125
xgb,2017-03-01,288.0,442.6348571777344
xgb,2017-04-01,1556.0,426.7349548339844
xgb,2017-05-01,845.0,555.8311767578125
xgb,2016-07-01,853.0,401.40228271484375
xgb,2016-08-01,656.0,402.1687927246094
xgb,2016-09-01,724.0,437.6206359863281
xgb,2016-10-01,1189.0,740.3110961914062
xgb,2016-11-01,1334.0,1298.5760498046875
xgb,2016-12-01,1620.0,1582.499755859375
xgb,2017-01-01,498.0,822.9675903320312
xgb,2017-02-01,264.0,708.9032592773438
xgb,2017-03-01,288.0,571.6070556640625
xgb,2017-04-01,1556.0,493.3354797363281
xgb,2017-05-01,845.0,387.7550354003906
xgb,2017-06-01,594.0,344.297607421875
xgb,2016-08-01,656.0,617.9488525390625
xgb,2016-09-01,724.0,522.043212890625
xgb,2016-10-01,1189.0,559.6904907226562
xgb,2016-11-01,1334.0,857.0567016601562
xgb,2016-12-01,1620.0,1296.7984619140625
xgb,2017-01-01,498.0,832.8241577148438
xgb,2017-02-01,264.0,605.3328857421875
xgb,2017-03-01,288.0,432.68450927734375
xgb,2017-04-01,1556.0,446.27154541015625
xgb,2017-05-01,845.0,419.4136962890625
xgb,2017-06-01,594.0,366.813232421875
xgb,2017-07-01,582.0,303.82647705078125
xgb,2016-09-01,724.0,541.3572998046875
xgb,2016-10-01,1189.0,475.1332702636719
xgb,2016-11-01,1334.0,834.4095458984375
xgb,2016-12-01,1620.0,1400.04296875
xgb,2017-01-01,498.0,786.3328857421875
xgb,2017-02-01,264.0,647.8540649414062
xgb,2017-03-01,288.0,473.6673583984375
xgb,2017-04-01,1556.0,402.29193115234375
xgb,2017-05-01,845.0,428.4928283691406
xgb,2017-06-01,594.0,363.9356994628906
xgb,2017-07-01,582.0,228.40118408203125
xgb,2017-08-01,530.0,469.4222412109375
xgb,2016-10-01,1189.0,554.6172485351562
xgb,2016-11-01,1334.0,810.3230590820312
xgb,2016-12-01,1620.0,1336.7305908203125
xgb,2017-01-01,498.0,832.4902954101562
xgb,2017-02-01,264.0,645.3469848632812
xgb,2017-03-01,288.0,517.7545776367188
xgb,2017-04-01,1556.0,449.1393127441406
xgb,2017-05-01,845.0,447.23638916015625
xgb,2017-06-01,594.0,385.2954406738281
xgb,2017-07-01,582.0,278.2982177734375
xgb,2017-08-01,530.0,450.8973083496094
xgb,2017-09-01,749.0,416.728271484375
xgb,2016-11-01,1334.0,1138.6934814453125
xgb,2016-12-01,1620.0,1470.6397705078125
xgb,2017-01-01,498.0,951.1240844726562
xgb,2017-02-01,264.0,709.935791015625
xgb,2017-03-01,288.0,480.3025817871094
xgb,2017-04-01,1556.0,521.9237670898438
xgb,2017-05-01,845.0,409.7345275878906
xgb,2017-06-01,594.0,419.4861145019531
xgb,2017-07-01,582.0,315.44091796875
xgb,2017-08-01,530.0,598.429443359375
xgb,2017-09-01,749.0,599.1747436523438
xgb,2017-10-01,1192.0,758.6915283203125
xgb,2016-12-01,1620.0,1425.63671875
xgb,2017-01-01,498.0,927.7825317382812
xgb,2017-02-01,264.0,549.2111206054688
xgb,2017-03-01,288.0,456.45538330078125
xgb,2017-04-01,1556.0,524.96142578125
xgb,2017-05-01,845.0,413.3825378417969
xgb,2017-06-01,594.0,500.1282653808594
xgb,2017-07-01,582.0,349.2919921875
xgb,2017-08-01,530.0,659.4280395507812
xgb,2017-09-01,749.0,640.3839111328125
xgb,2017-10-01,1192.0,747.1090087890625
xgb,2017-11-01,1070.0,574.7274780273438
xgb,2017-01-01,498.0,1720.6820068359375
xgb,2017-02-01,264.0,961.1094970703125
xgb,2017-03-01,288.0,598.6207885742188
xgb,2017-04-01,1556.0,492.06280517578125
xgb,2017-05-01,845.0,412.8498840332031
xgb,2017-06-01,594.0,432.32318115234375
xgb,2017-07-01,582.0,367.293701171875
xgb,2017-08-01,530.0,581.8400268554688
xgb,2017-09-01,749.0,794.2001342773438
xgb,2017-10-01,1192.0,897.6259765625
xgb,2017-11-01,1070.0,824.2145385742188
xgb,2017-12-01,1435.0,1337.7763671875
xgb,2017-02-01,264.0,648.4976806640625
xgb,2017-03-01,288.0,507.82965087890625
xgb,2017-04-01,1556.0,539.3501586914062
xgb,2017-05-01,845.0,522.2216186523438
xgb,2017-06-01,594.0,566.3912963867188
xgb,2017-07-01,582.0,361.41778564453125
xgb,2017-08-01,530.0,635.5384521484375
xgb,2017-09-01,749.0,615.6336669921875
xgb,2017-10-01,1192.0,454.53363037109375
xgb,2017-11-01,1070.0,874.4217529296875
xgb,2017-12-01,1435.0,1178.25537109375
xgb,2018-01-01,2342.0,670.1893310546875
xgb,2017-03-01,288.0,517.4564208984375
xgb,2017-04-01,1556.0,587.9888916015625
xgb,2017-05-01,845.0,551.518798828125
xgb,2017-06-01,594.0,720.7811279296875
xgb,2017-07-01,582.0,2262.077392578125
xgb,2017-08-01,530.0,4209.3916015625
xgb,2017-09-01,749.0,1452.1683349609375
xgb,2017-10-01,1192.0,855.747314453125
xgb,2017-11-01,1070.0,699.7135009765625
xgb,2017-12-01,1435.0,1291.3094482421875
xgb,2018-01-01,2342.0,764.9988403320312
xgb,2018-02-01,1764.0,474.19342041015625
xgb,2017-04-01,1556.0,444.8336486816406
xgb,2017-05-01,845.0,328.4685363769531
xgb,2017-06-01,594.0,629.894775390625
xgb,2017-07-01,582.0,2343.141357421875
xgb,2017-08-01,530.0,6491.62939453125
xgb,2017-09-01,749.0,1812.5189208984375
xgb,2017-10-01,1192.0,1564.9776611328125
xgb,2017-11-01,1070.0,1462.5606689453125
xgb,2017-12-01,1435.0,5592.173828125
xgb,2018-01-01,2342.0,2125.172607421875
xgb,2018-02-01,1764.0,1235.04052734375
xgb,2018-03-01,1167.0,902.005859375
xgb,2017-05-01,845.0,715.7967529296875
xgb,2017-06-01,594.0,631.2890014648438
xgb,2017-07-01,582.0,2097.142578125
xgb,2017-08-01,530.0,6911.4541015625
xgb,2017-09-01,749.0,2018.8673095703125
xgb,2017-10-01,1192.0,788.8408813476562
xgb,2017-11-01,1070.0,799.3881225585938
xgb,2017-12-01,1435.0,1187.0380859375
xgb,2018-01-01,2342.0,916.1030883789062
xgb,2018-02-01,1764.0,523.076416015625
xgb,2018-03-01,1167.0,384.6819152832031
xgb,2018-04-01,1166.0,459.7956848144531
xgb,2017-06-01,594.0,687.868408203125
xgb,2017-07-01,582.0,2052.146240234375
xgb,2017-08-01,530.0,2946.213623046875
xgb,2017-09-01,749.0,1915.3023681640625
xgb,2017-10-01,1192.0,796.6163940429688
xgb,2017-11-01,1070.0,753.1436157226562
xgb,2017-12-01,1435.0,1023.917724609375
xgb,2018-01-01,2342.0,1027.5587158203125
xgb,2018-02-01,1764.0,672.3724365234375
xgb,2018-03-01,1167.0,574.6812133789062
xgb,2018-04-01,1166.0,595.7002563476562
xgb,2018-05-01,625.0,574.3836059570312
xgb,2017-07-01,582.0,2033.4586181640625
xgb,2017-08-01,530.0,3131.347412109375
xgb,2017-09-01,749.0,1807.200927734375
xgb,2017-10-01,1192.0,764.3031616210938
xgb,2017-11-01,1070.0,740.194091796875
xgb,2017-12-01,1435.0,1045.0755615234375
xgb,2018-01-01,2342.0,1105.7713623046875
xgb,2018-02-01,1764.0,626.8402099609375
xgb,2018-03-01,1167.0,479.978515625
xgb,2018-04-01,1166.0,431.9022216796875
xgb,2018-05-01,625.0,562.0949096679688
xgb,2018-06-01,478.0,1206.0997314453125
xgb,2017-08-01,530.0,2678.573486328125
xgb,2017-09-01,749.0,5420.6767578125
xgb,2017-10-01,1192.0,1169.8311767578125
xgb,2017-11-01,1070.0,855.5011596679688
xgb,2017-12-01,1435.0,969.6339721679688
xgb,2018-01-01,2342.0,851.6328125
xgb,2018-02-01,1764.0,514.24951171875
xgb,2018-03-01,1167.0,336.3110656738281
xgb,2018-04-01,1166.0,388.4837951660156
xgb,2018-05-01,625.0,672.3782958984375
xgb,2018-06-01,478.0,665.6598510742188
xgb,2018-07-01,432.0,1291.619873046875
xgb,2017-09-01,749.0,810.429443359375
xgb,2017-10-01,1192.0,712.944091796875
xgb,2017-11-01,1070.0,880.0138549804688
xgb,2017-12-01,1435.0,771.7529907226562
xgb,2018-01-01,2342.0,822.401611328125
xgb,2018-02-01,1764.0,548.239013671875
xgb,2018-03-01,1167.0,418.0710754394531
xgb,2018-04-01,1166.0,331.3603515625
xgb,2018-05-01,625.0,465.0658264160156
xgb,2018-06-01,478.0,385.4368896484375
xgb,2018-07-01,432.0,338.6249084472656
xgb,2018-08-01,296.0,1542.5810546875
xgb,2017-10-01,1192.0,587.769775390625
xgb,2017-11-01,1070.0,629.2454833984375
xgb,2017-12-01,1435.0,801.9927368164062
xgb,2018-01-01,2342.0,988.84228515625
xgb,2018-02-01,1764.0,756.3517456054688
xgb,2018-03-01,1167.0,521.502197265625
xgb,2018-04-01,1166.0,333.4042663574219
xgb,2018-05-01,625.0,346.5826110839844
xgb,2018-06-01,478.0,467.80352783203125
xgb,2018-07-01,432.0,302.656982421875
xgb,2018-08-01,296.0,1374.5736083984375
xgb,2018-09-01,487.0,6772.416015625
xgb,2017-11-01,1070.0,813.581298828125
xgb,2017-12-01,1435.0,1070.877685546875
xgb,2018-01-01,2342.0,834.4986572265625
xgb,2018-02-01,1764.0,628.19873046875
xgb,2018-03-01,1167.0,313.9111022949219
xgb,2018-04-01,1166.0,316.7685852050781
xgb,2018-05-01,625.0,422.1873474121094
xgb,2018-06-01,478.0,664.3284301757812
xgb,2018-07-01,432.0,626.7020874023438
xgb,2018-08-01,296.0,1675.4886474609375
xgb,2018-09-01,487.0,7572.1357421875
xgb,2018-10-01,417.0,5117.875
xgb,2017-12-01,1435.0,1094.979248046875
xgb,2018-01-01,2342.0,1024.6571044921875
xgb,2018-02-01,1764.0,696.8744506835938
xgb,2018-03-01,1167.0,464.7283935546875
xgb,2018-04-01,1166.0,332.09521484375
xgb,2018-05-01,625.0,430.91412353515625
xgb,2018-06-01,478.0,488.6968688964844
xgb,2018-07-01,432.0,381.9303894042969
xgb,2018-08-01,296.0,1433.7750244140625
xgb,2018-09-01,487.0,6630.83349609375
xgb,2018-10-01,417.0,19333.2265625
xgb,2018-11-01,566.0,16071.8427734375
xgb,2018-01-01,2342.0,1046.5238037109375
xgb,2018-02-01,1764.0,618.9708862304688
xgb,2018-03-01,1167.0,371.9482727050781
xgb,2018-04-01,1166.0,295.00030517578125
xgb,2018-05-01,625.0,590.7861938476562
xgb,2018-06-01,478.0,606.1253051757812
xgb,2018-07-01,432.0,554.74560546875
xgb,2018-08-01,296.0,1554.9847412109375
xgb,2018-09-01,487.0,4841.96142578125
xgb,2018-10-01,417.0,7643.15234375
xgb,2018-11-01,566.0,2461.9326171875
xgb,2018-12-01,1125.0,1936.999755859375
xgb,2018-02-01,1764.0,8133.64404296875
xgb,2018-03-01,1167.0,1197.6058349609375
xgb,2018-04-01,1166.0,456.0888977050781
xgb,2018-05-01,625.0,598.4749145507812
xgb,2018-06-01,478.0,672.37255859375
xgb,2018-07-01,432.0,531.1691284179688
xgb,2018-08-01,296.0,1278.7012939453125
xgb,2018-09-01,487.0,4715.70947265625
xgb,2018-10-01,417.0,7642.69384765625
xgb,2018-11-01,566.0,1491.729736328125
xgb,2018-12-01,1125.0,1329.6748046875
xgb,2019-01-01,1764.0,955.42041015625
xgb,2018-03-01,1167.0,798.6112060546875
xgb,2018-04-01,1166.0,527.9395751953125
xgb,2018-05-01,625.0,327.4554443359375
xgb,2018-06-01,478.0,445.760009765625
xgb,2018-07-01,432.0,405.3025817871094
xgb,2018-08-01,296.0,1499.418701171875
xgb,2018-09-01,487.0,6093.09228515625
xgb,2018-10-01,417.0,17916.2890625
xgb,2018-11-01,566.0,15994.744140625
xgb,2018-12-01,1125.0,4873.1689453125
xgb,2019-01-01,1764.0,1450.7978515625
xgb,2019-02-01,2995.0,921.859130859375
xgb,2018-04-01,1166.0,677.0977783203125
xgb,2018-05-01,625.0,505.881591796875
xgb,2018-06-01,478.0,437.3794250488281
xgb,2018-07-01,432.0,398.6423645019531
xgb,2018-08-01,296.0,1292.16796875
xgb,2018-09-01,487.0,5887.3388671875
xgb,2018-10-01,417.0,17913.666015625
xgb,2018-11-01,566.0,16107.833984375
xgb,2018-12-01,1125.0,4793.63134765625
xgb,2019-01-01,1764.0,1460.3671875
xgb,2019-02-01,2995.0,871.9137573242188
xgb,2019-03-01,8241.0,874.3759155273438
xgb,2018-05-01,625.0,867.3980102539062
xgb,2018-06-01,478.0,619.2987060546875
xgb,2018-07-01,432.0,414.1216735839844
xgb,2018-08-01,296.0,1416.6524658203125
xgb,2018-09-01,487.0,5894.39453125
xgb,2018-10-01,417.0,5302.396484375
xgb,2018-11-01,566.0,1474.6942138671875
xgb,2018-12-01,1125.0,853.5194091796875
xgb,2019-01-01,1764.0,835.8867797851562
xgb,2019-02-01,2995.0,793.036865234375
xgb,2019-03-01,8241.0,686.3388061523438
xgb,2019-04-01,13333.0,519.1005859375
xgb,2018-06-01,478.0,375.3244934082031
xgb,2018-07-01,432.0,304.86651611328125
xgb,2018-08-01,296.0,1196.3385009765625
xgb,2018-09-01,487.0,19145.05078125
xgb,2018-10-01,417.0,29921.986328125
xgb,2018-11-01,566.0,6732.5908203125
xgb,2018-12-01,1125.0,3394.42529296875
xgb,2019-01-01,1764.0,1530.635009765625
xgb,2019-02-01,2995.0,943.4411010742188
xgb,2019-03-01,8241.0,593.8953857421875
xgb,2019-04-01,13333.0,426.5661315917969
xgb,2019-05-01,13768.0,745.6679077148438
xgb,2018-07-01,432.0,388.7674560546875
xgb,2018-08-01,296.0,1235.7120361328125
xgb,2018-09-01,487.0,5891.83935546875
xgb,2018-10-01,417.0,17808.181640625
xgb,2018-11-01,566.0,15871.9619140625
xgb,2018-12-01,1125.0,4967.05224609375
xgb,2019-01-01,1764.0,1603.47705078125
xgb,2019-02-01,2995.0,991.7376098632812
xgb,2019-03-01,8241.0,828.9345703125
xgb,2019-04-01,13333.0,656.9036254882812
xgb,2019-05-01,13768.0,565.947265625
xgb,2019-06-01,6263.0,559.4032592773438
xgb,2018-08-01,296.0,1230.326416015625
xgb,2018-09-01,487.0,5943.98681640625
xgb,2018-10-01,417.0,5224.58935546875
xgb,2018-11-01,566.0,1704.2667236328125
xgb,2018-12-01,1125.0,1109.3380126953125
xgb,2019-01-01,1764.0,991.1732177734375
xgb,2019-02-01,2995.0,780.7205810546875
xgb,2019-03-01,8241.0,811.1531982421875
xgb,2019-04-01,13333.0,501.4826965332031
xgb,2019-05-01,13768.0,438.9222717285156
xgb,2019-06-01,6263.0,446.2469177246094
xgb,2019-07-01,1770.0,976.9708862304688
xgb,2018-09-01,487.0,4200.5869140625
xgb,2018-10-01,417.0,5247.12841796875
xgb,2018-11-01,566.0,2149.97314453125
xgb,2018-12-01,1125.0,8543.791015625
xgb,2019-01-01,1764.0,1849.1044921875
xgb,2019-02-01,2995.0,1120.937255859375
xgb,2019-03-01,8241.0,787.98779296875
xgb,2019-04-01,13333.0,575.1726684570312
xgb,2019-05-01,13768.0,519.8329467773438
xgb,2019-06-01,6263.0,662.1185913085938
xgb,2019-07-01,1770.0,970.8922729492188
xgb,2019-08-01,1143.0,1371.76220703125
xgb,2018-10-01,417.0,618.7039184570312
xgb,2018-11-01,566.0,944.6126098632812
xgb,2018-12-01,1125.0,872.1306762695312
xgb,2019-01-01,1764.0,860.7645874023438
xgb,2019-02-01,2995.0,741.7028198242188
xgb,2019-03-01,8241.0,877.99853515625
xgb,2019-04-01,13333.0,709.7897338867188
xgb,2019-05-01,13768.0,511.1421813964844
xgb,2019-06-01,6263.0,356.74908447265625
xgb,2019-07-01,1770.0,328.35394287109375
xgb,2019-08-01,1143.0,357.72808837890625
xgb,2019-09-01,1323.0,371.8057861328125
xgb,2018-11-01,566.0,815.6046752929688
xgb,2018-12-01,1125.0,870.7428588867188
xgb,2019-01-01,1764.0,985.3094482421875
xgb,2019-02-01,2995.0,962.338623046875
xgb,2019-03-01,8241.0,869.87158203125
xgb,2019-04-01,13333.0,669.4801025390625
xgb,2019-05-01,13768.0,477.1690368652344
xgb,2019-06-01,6263.0,621.5908813476562
xgb,2019-07-01,1770.0,340.3318176269531
xgb,2019-08-01,1143.0,325.96917724609375
xgb,2019-09-01,1323.0,422.0664978027344
xgb,2019-10-01,1044.0,411.3319091796875
xgb,2018-12-01,1125.0,1163.080078125
xgb,2019-01-01,1764.0,1240.7669677734375
xgb,2019-02-01,2995.0,1206.5166015625
xgb,2019-03-01,8241.0,1219.8897705078125
xgb,2019-04-01,13333.0,951.79248046875
xgb,2019-05-01,13768.0,603.7354125976562
xgb,2019-06-01,6263.0,621.6643676757812
xgb,2019-07-01,1770.0,309.565673828125
xgb,2019-08-01,1143.0,209.21319580078125
xgb,2019-09-01,1323.0,359.08612060546875
xgb,2019-10-01,1044.0,714.3574829101562
xgb,2019-11-01,969.0,883.9227294921875
xgb,2019-01-01,1764.0,1351.4547119140625
xgb,2019-02-01,2995.0,1213.3812255859375
xgb,2019-03-01,8241.0,1015.5857543945312
xgb,2019-04-01,13333.0,809.5206909179688
xgb,2019-05-01,13768.0,581.3224487304688
xgb,2019-06-01,6263.0,668.8154296875
xgb,2019-07-01,1770.0,393.2793273925781
xgb,2019-08-01,1143.0,238.6799774169922
xgb,2019-09-01,1323.0,359.1118469238281
xgb,2019-10-01,1044.0,512.6473388671875
xgb,2019-11-01,969.0,494.4525451660156
xgb,2019-12-01,1390.0,654.0101318359375
xgb,2019-02-01,2995.0,1380.6353759765625
xgb,2019-03-01,8241.0,1298.9217529296875
xgb,2019-04-01,13333.0,916.3723754882812
xgb,2019-05-01,13768.0,690.8397216796875
xgb,2019-06-01,6263.0,655.2145385742188
xgb,2019-07-01,1770.0,216.40069580078125
xgb,2019-08-01,1143.0,261.39862060546875
xgb,2019-09-01,1323.0,698.1246948242188
xgb,2019-10-01,1044.0,846.68701171875
xgb,2019-11-01,969.0,785.3079833984375
xgb,2019-12-01,1390.0,3677.897705078125
xgb,2020-01-01,2385.0,5006.208984375
xgb,2019-03-01,8241.0,1701.2255859375
xgb,2019-04-01,13333.0,1145.8470458984375
xgb,2019-05-01,13768.0,841.799072265625
xgb,2019-06-01,6263.0,846.526123046875
xgb,2019-07-01,1770.0,578.66259765625
xgb,2019-08-01,1143.0,294.0594787597656
xgb,2019-09-01,1323.0,279.2659912109375
xgb,2019-10-01,1044.0,339.55010986328125
xgb,2019-11-01,969.0,443.70574951171875
xgb,2019-12-01,1390.0,1171.808349609375
xgb,2020-01-01,2385.0,1307.78466796875
xgb,2020-02-01,3149.0,1793.048583984375
xgb,2019-04-01,13333.0,1587.738525390625
xgb,2019-05-01,13768.0,850.6837158203125
xgb,2019-06-01,6263.0,869.6394653320312
xgb,2019-07-01,1770.0,641.5883178710938
xgb,2019-08-01,1143.0,344.0283508300781
xgb,2019-09-01,1323.0,422.9244384765625
xgb,2019-10-01,1044.0,395.9952087402344
xgb,2019-11-01,969.0,648.5252075195312
xgb,2019-12-01,1390.0,1197.60009765625
xgb,2020-01-01,2385.0,1579.873779296875
xgb,2020-02-01,3149.0,1841.626708984375
xgb,2020-03-01,2933.0,1686.73046875
xgb,2019-05-01,13768.0,12774.6787109375
xgb,2019-06-01,6263.0,6070.478515625
xgb,2019-07-01,1770.0,1215.0838623046875
xgb,2019-08-01,1143.0,769.9354858398438
xgb,2019-09-01,1323.0,542.1175537109375
xgb,2019-10-01,1044.0,499.19158935546875
xgb,2019-11-01,969.0,553.1475219726562
xgb,2019-12-01,1390.0,1323.47119140625
xgb,2020-01-01,2385.0,1780.457763671875
xgb,2020-02-01,3149.0,1516.791748046875
xgb,2020-03-01,2933.0,1536.4169921875
xgb,2020-04-01,2029.0,1460.73486328125
xgb,2019-06-01,6263.0,6760.77783203125
xgb,2019-07-01,1770.0,1539.0775146484375
xgb,2019-08-01,1143.0,819.0020141601562
xgb,2019-09-01,1323.0,586.656005859375
xgb,2019-10-01,1044.0,478.4270935058594
xgb,2019-11-01,969.0,576.8228149414062
xgb,2019-12-01,1390.0,1281.461669921875
xgb,2020-01-01,2385.0,1582.1148681640625
xgb,2020-02-01,3149.0,1531.093994140625
xgb,2020-03-01,2933.0,1678.962890625
xgb,2020-04-01,2029.0,1346.274658203125
xgb,2020-05-01,1571.0,1297.2257080078125
xgb,2019-07-01,1770.0,1600.5552978515625
xgb,2019-08-01,1143.0,790.132568359375
xgb,2019-09-01,1323.0,639.4988403320312
xgb,2019-10-01,1044.0,451.6922302246094
xgb,2019-11-01,969.0,609.9505615234375
xgb,2019-12-01,1390.0,1276.2957763671875
xgb,2020-01-01,2385.0,1632.94140625
xgb,2020-02-01,3149.0,1464.5562744140625
xgb,2020-03-01,2933.0,1417.3385009765625
xgb,2020-04-01,2029.0,1345.6552734375
xgb,2020-05-01,1571.0,1599.9617919921875
xgb,2020-06-01,796.0,1361.2730712890625
xgb,2019-08-01,1143.0,995.64208984375
xgb,2019-09-01,1323.0,838.5006103515625
xgb,2019-10-01,1044.0,699.0582275390625
xgb,2019-11-01,969.0,598.7241821289062
xgb,2019-12-01,1390.0,1405.3502197265625
xgb,2020-01-01,2385.0,1728.0814208984375
xgb,2020-02-01,3149.0,1751.3582763671875
xgb,2020-03-01,2933.0,1427.3800048828125
xgb,2020-04-01,2029.0,1448.2310791015625
xgb,2020-05-01,1571.0,1454.6580810546875
xgb,2020-06-01,796.0,1402.56640625
xgb,2020-07-01,547.0,847.2147827148438
xgb,2019-09-01,1323.0,893.8875122070312
xgb,2019-10-01,1044.0,677.028076171875
xgb,2019-11-01,969.0,491.5354309082031
xgb,2019-12-01,1390.0,1357.4986572265625
xgb,2020-01-01,2385.0,1628.4609375
xgb,2020-02-01,3149.0,1607.8037109375
xgb,2020-03-01,2933.0,1432.841552734375
xgb,2020-04-01,2029.0,1563.065673828125
xgb,2020-05-01,1571.0,1106.8330078125
xgb,2020-06-01,796.0,1321.087158203125
xgb,2020-07-01,547.0,866.425537109375
xgb,2020-08-01,473.0,594.6036987304688
xgb,2019-10-01,1044.0,1082.677734375
xgb,2019-11-01,969.0,1108.123291015625
xgb,2019-12-01,1390.0,1421.6807861328125
xgb,2020-01-01,2385.0,1784.53466796875
xgb,2020-02-01,3149.0,2083.512939453125
xgb,2020-03-01,2933.0,2064.49658203125
xgb,2020-04-01,2029.0,1929.0648193359375
xgb,2020-05-01,1571.0,1489.7320556640625
xgb,2020-06-01,796.0,1360.143310546875
xgb,2020-07-01,547.0,857.73974609375
xgb,2020-08-01,473.0,824.5181274414062
xgb,2020-09-01,481.0,765.3865356445312
xgb,2019-11-01,969.0,1103.6690673828125
xgb,2019-12-01,1390.0,1573.20263671875
xgb,2020-01-01,2385.0,2027.928955078125
xgb,2020-02-01,3149.0,2298.687255859375
xgb,2020-03-01,2933.0,1703.986572265625
xgb,2020-04-01,2029.0,1698.9852294921875
xgb,2020-05-01,1571.0,1392.475830078125
xgb,2020-06-01,796.0,1351.338134765625
xgb,2020-07-01,547.0,992.667724609375
xgb,2020-08-01,473.0,951.4783935546875
xgb,2020-09-01,481.0,789.96337890625
xgb,2020-10-01,331.0,833.3660888671875
xgb,2019-12-01,1390.0,1258.583984375
xgb,2020-01-01,2385.0,1520.53076171875
xgb,2020-02-01,3149.0,1638.1416015625
xgb,2020-03-01,2933.0,1608.06005859375
xgb,2020-04-01,2029.0,1554.2369384765625
xgb,2020-05-01,1571.0,1220.696044921875
xgb,2020-06-01,796.0,1285.928466796875
xgb,2020-07-01,547.0,885.6685791015625
xgb,2020-08-01,473.0,561.7883911132812
xgb,2020-09-01,481.0,404.8034973144531
xgb,2020-10-01,331.0,758.2255859375
xgb,2020-11-01,592.0,941.8404541015625
xgb,2020-01-01,2385.0,1742.7001953125
xgb,2020-02-01,3149.0,1817.0242919921875
xgb,2020-03-01,2933.0,1733.344970703125
xgb,2020-04-01,2029.0,1608.731201171875
xgb,2020-05-01,1571.0,1239.908203125
xgb,2020-06-01,796.0,1268.77734375
xgb,2020-07-01,547.0,822.7561645507812
xgb,2020-08-01,473.0,562.5547485351562
xgb,2020-09-01,481.0,551.1176147460938
xgb,2020-10-01,331.0,814.6470947265625
xgb,2020-11-01,592.0,914.24951171875
xgb,2020-12-01,484.0,1391.17919921875
xgb,2020-02-01,3149.0,4407.4814453125
xgb,2020-03-01,2933.0,1646.6351318359375
xgb,2020-04-01,2029.0,1561.832763671875
xgb,2020-05-01,1571.0,1323.353759765625
xgb,2020-06-01,796.0,1334.4560546875
xgb,2020-07-01,547.0,974.750244140625
xgb,2020-08-01,473.0,592.7921752929688
xgb,2020-09-01,481.0,583.6307373046875
xgb,2020-10-01,331.0,762.1541748046875
xgb,2020-11-01,592.0,941.9761352539062
xgb,2020-12-01,484.0,1310.64453125
xgb,2021-01-01,1177.0,1282.57568359375
xgb,2020-03-01,2933.0,2061.01904296875
xgb,2020-04-01,2029.0,1926.36328125
xgb,2020-05-01,1571.0,1566.9886474609375
xgb,2020-06-01,796.0,1543.0751953125
xgb,2020-07-01,547.0,1103.692626953125
xgb,2020-08-01,473.0,1004.2849731445312
xgb,2020-09-01,481.0,1063.221923828125
xgb,2020-10-01,331.0,1095.173828125
xgb,2020-11-01,592.0,1148.33984375
xgb,2020-12-01,484.0,1461.5126953125
xgb,2021-01-01,1177.0,1414.7843017578125
xgb,2021-02-01,1765.0,1183.5084228515625
xgb,2020-04-01,2029.0,1968.6993408203125
xgb,2020-05-01,1571.0,1456.009765625
xgb,2020-06-01,796.0,1386.980712890625
xgb,2020-07-01,547.0,1006.8705444335938
xgb,2020-08-01,473.0,973.2688598632812
xgb,2020-09-01,481.0,815.7164916992188
xgb,2020-10-01,331.0,824.2059326171875
xgb,2020-11-01,592.0,864.5790405273438
xgb,2020-12-01,484.0,1325.7705078125
xgb,2021-01-01,1177.0,1480.6285400390625
xgb,2021-02-01,1765.0,1196.1917724609375
xgb,2021-03-01,3255.0,1011.2279663085938
xgb,2020-05-01,1571.0,1412.878173828125
xgb,2020-06-01,796.0,1345.30419921875
xgb,2020-07-01,547.0,993.0414428710938
xgb,2020-08-01,473.0,890.2319946289062
xgb,2020-09-01,481.0,796.6353759765625
xgb,2020-10-01,331.0,956.8802490234375
xgb,2020-11-01,592.0,931.4694213867188
xgb,2020-12-01,484.0,1358.6395263671875
xgb,2021-01-01,1177.0,1522.9468994140625
xgb,2021-02-01,1765.0,1196.94140625
xgb,2021-03-01,3255.0,1056.007568359375
xgb,2021-04-01,6693.0,909.6165161132812
xgb,2020-06-01,796.0,1462.5062255859375
xgb,2020-07-01,547.0,1037.7576904296875
xgb,2020-08-01,473.0,857.5634765625
xgb,2020-09-01,481.0,738.2315063476562
xgb,2020-10-01,331.0,750.2699584960938
xgb,2020-11-01,592.0,1033.111328125
xgb,2020-12-01,484.0,1375.587158203125
xgb,2021-01-01,1177.0,1343.4976806640625
xgb,2021-02-01,1765.0,1084.749267578125
xgb,2021-03-01,3255.0,1074.3641357421875
xgb,2021-04-01,6693.0,826.1341552734375
xgb,2021-05-01,5349.0,605.162841796875
xgb,2020-07-01,547.0,501.80322265625
xgb,2020-08-01,473.0,748.8872680664062
xgb,2020-09-01,481.0,765.7933959960938
xgb,2020-10-01,331.0,836.4325561523438
xgb,2020-11-01,592.0,920.6825561523438
xgb,2020-12-01,484.0,1172.5257568359375
xgb,2021-01-01,1177.0,1184.106689453125
xgb,2021-02-01,1765.0,1122.354736328125
xgb,2021-03-01,3255.0,874.0399780273438
xgb,2021-04-01,6693.0,460.85870361328125
xgb,2021-05-01,5349.0,672.3710327148438
xgb,2021-06-01,1819.0,630.3661499023438
xgb,2020-08-01,473.0,570.5682983398438
xgb,2020-09-01,481.0,632.3909301757812
xgb,2020-10-01,331.0,685.1250610351562
xgb,2020-11-01,592.0,884.7144165039062
xgb,2020-12-01,484.0,1173.69775390625
xgb,2021-01-01,1177.0,1121.434326171875
xgb,2021-02-01,1765.0,923.2275390625
xgb,2021-03-01,3255.0,744.0750732421875
xgb,2021-04-01,6693.0,463.9687194824219
xgb,2021-05-01,5349.0,589.0228881835938
xgb,2021-06-01,1819.0,665.3673095703125
xgb,2021-07-01,972.0,698.224365234375
xgb,2020-09-01,481.0,448.55474853515625
xgb,2020-10-01,331.0,588.6868896484375
xgb,2020-11-01,592.0,720.8157348632812
xgb,2020-12-01,484.0,1181.5909423828125
xgb,2021-01-01,1177.0,1132.253173828125
xgb,2021-02-01,1765.0,851.0096435546875
xgb,2021-03-01,3255.0,1005.804931640625
xgb,2021-04-01,6693.0,906.4122314453125
xgb,2021-05-01,5349.0,491.92742919921875
xgb,2021-06-01,1819.0,564.6358642578125
xgb,2021-07-01,972.0,540.6568603515625
xgb,2021-08-01,1005.0,463.8450927734375
xgb,2020-10-01,331.0,634.2938842773438
xgb,2020-11-01,592.0,743.310546875
xgb,2020-12-01,484.0,1170.71875
xgb,2021-01-01,1177.0,1254.545166015625
xgb,2021-02-01,1765.0,1156.6343994140625
xgb,2021-03-01,3255.0,1236.4659423828125
xgb,2021-04-01,6693.0,1047.4356689453125
xgb,2021-05-01,5349.0,822.3496704101562
xgb,2021-06-01,1819.0,715.986083984375
xgb,2021-07-01,972.0,619.5419921875
xgb,2021-08-01,1005.0,472.8109130859375
xgb,2021-09-01,711.0,372.8194885253906
xgb,2020-11-01,592.0,558.0316162109375
xgb,2020-12-01,484.0,1080.1806640625
xgb,2021-01-01,1177.0,1168.82177734375
xgb,2021-02-01,1765.0,1323.515380859375
xgb,2021-03-01,3255.0,1481.265380859375
xgb,2021-04-01,6693.0,1163.6668701171875
xgb,2021-05-01,5349.0,889.9895629882812
xgb,2021-06-01,1819.0,573.1475219726562
xgb,2021-07-01,972.0,397.27313232421875
xgb,2021-08-01,1005.0,490.0190124511719
xgb,2021-09-01,711.0,375.2881164550781
xgb,2021-10-01,756.0,343.3045959472656
xgb,2020-12-01,484.0,1151.8370361328125
xgb,2021-01-01,1177.0,1173.385009765625
xgb,2021-02-01,1765.0,1104.5281982421875
xgb,2021-03-01,3255.0,1357.2232666015625
xgb,2021-04-01,6693.0,1230.250732421875
xgb,2021-05-01,5349.0,907.4087524414062
xgb,2021-06-01,1819.0,639.3472900390625
xgb,2021-07-01,972.0,405.4629821777344
xgb,2021-08-01,1005.0,799.8794555664062
xgb,2021-09-01,711.0,747.3594360351562
xgb,2021-10-01,756.0,707.3322143554688
xgb,2021-11-01,860.0,587.2173461914062
xgb,2021-01-01,1177.0,865.1749877929688
xgb,2021-02-01,1765.0,995.1809692382812
xgb,2021-03-01,3255.0,925.7617797851562
xgb,2021-04-01,6693.0,1353.5206298828125
xgb,2021-05-01,5349.0,1212.0772705078125
xgb,2021-06-01,1819.0,1029.1910400390625
xgb,2021-07-01,972.0,814.43896484375
xgb,2021-08-01,1005.0,920.5602416992188
xgb,2021-09-01,711.0,570.7154541015625
xgb,2021-10-01,756.0,456.53778076171875
xgb,2021-11-01,860.0,436.87591552734375
xgb,2021-12-01,853.0,357.33782958984375
xgb,2021-02-01,1765.0,1299.1195068359375
xgb,2021-03-01,3255.0,1173.6827392578125
xgb,2021-04-01,6693.0,1141.925048828125
xgb,2021-05-01,5349.0,1275.12744140625
xgb,2021-06-01,1819.0,1052.1964111328125
xgb,2021-07-01,972.0,829.1827392578125
xgb,2021-08-01,1005.0,1136.8878173828125
xgb,2021-09-01,711.0,1028.725341796875
xgb,2021-10-01,756.0,1017.4524536132812
xgb,2021-11-01,860.0,892.41015625
xgb,2021-12-01,853.0,763.23291015625
xgb,2022-01-01,1560.0,752.8460083007812
xgb,2021-03-01,3255.0,1360.3798828125
xgb,2021-04-01,6693.0,1197.5386962890625
xgb,2021-05-01,5349.0,1302.17529296875
xgb,2021-06-01,1819.0,801.1976928710938
xgb,2021-07-01,972.0,497.1651306152344
xgb,2021-08-01,1005.0,630.3220825195312
xgb,2021-09-01,711.0,443.1704406738281
xgb,2021-10-01,756.0,492.09735107421875
xgb,2021-11-01,860.0,351.3100891113281
xgb,2021-12-01,853.0,431.4095764160156
xgb,2022-01-01,1560.0,726.231201171875
xgb,2022-02-01,1478.0,756.221435546875
xgb,2021-04-01,6693.0,1993.8992919921875
xgb,2021-05-01,5349.0,2051.6865234375
xgb,2021-06-01,1819.0,1437.2872314453125
xgb,2021-07-01,972.0,1060.913330078125
xgb,2021-08-01,1005.0,1160.4749755859375
xgb,2021-09-01,711.0,957.84228515625
xgb,2021-10-01,756.0,693.9541015625
xgb,2021-11-01,860.0,589.389892578125
xgb,2021-12-01,853.0,519.5825805664062
xgb,2022-01-01,1560.0,1008.391357421875
xgb,2022-02-01,1478.0,1210.9188232421875
xgb,2022-03-01,3568.0,1190.8131103515625
xgb,2021-05-01,5349.0,2549.087890625
xgb,2021-06-01,1819.0,1732.88818359375
xgb,2021-07-01,972.0,1081.538330078125
xgb,2021-08-01,1005.0,1218.547607421875
xgb,2021-09-01,711.0,1068.24267578125
xgb,2021-10-01,756.0,1047.4442138671875
xgb,2021-11-01,860.0,955.3475341796875
xgb,2021-12-01,853.0,702.8187866210938
xgb,2022-01-01,1560.0,1126.0140380859375
xgb,2022-02-01,1478.0,1176.5673828125
xgb,2022-03-01,3568.0,1192.4954833984375
xgb,2022-04-01,9307.0,1201.3734130859375
xgb,2021-06-01,1819.0,2233.446533203125
xgb,2021-07-01,972.0,1648.3370361328125
xgb,2021-08-01,1005.0,989.0203247070312
xgb,2021-09-01,711.0,882.5066528320312
xgb,2021-10-01,756.0,799.3814086914062
xgb,2021-11-01,860.0,773.4378051757812
xgb,2021-12-01,853.0,810.5565795898438
xgb,2022-01-01,1560.0,1201.5018310546875
xgb,2022-02-01,1478.0,1793.92578125
xgb,2022-03-01,3568.0,1628.4312744140625
xgb,2022-04-01,9307.0,1185.60546875
xgb,2022-05-01,13710.0,1051.1229248046875
xgb,2021-07-01,972.0,979.2507934570312
xgb,2021-08-01,1005.0,915.7874145507812
xgb,2021-09-01,711.0,789.5814819335938
xgb,2021-10-01,756.0,753.4920654296875
xgb,2021-11-01,860.0,713.7334594726562
xgb,2021-12-01,853.0,606.0220336914062
xgb,2022-01-01,1560.0,1133.790771484375
xgb,2022-02-01,1478.0,1218.653076171875
xgb,2022-03-01,3568.0,1137.2711181640625
xgb,2022-04-01,9307.0,1245.640869140625
xgb,2022-05-01,13710.0,1119.6016845703125
xgb,2022-06-01,4328.0,951.0892944335938
xgb,2021-08-01,1005.0,736.126708984375
xgb,2021-09-01,711.0,785.4842529296875
xgb,2021-10-01,756.0,846.5952758789062
xgb,2021-11-01,860.0,814.846923828125
xgb,2021-12-01,853.0,815.452880859375
xgb,2022-01-01,1560.0,1259.429931640625
xgb,2022-02-01,1478.0,1304.6348876953125
xgb,2022-03-01,3568.0,1188.0194091796875
xgb,2022-04-01,9307.0,1321.0504150390625
xgb,2022-05-01,13710.0,1096.364501953125
xgb,2022-06-01,4328.0,849.1892700195312
xgb,2022-07-01,2846.0,550.6397094726562
xgb,2021-09-01,711.0,1057.3375244140625
xgb,2021-10-01,756.0,1111.1412353515625
xgb,2021-11-01,860.0,1121.227783203125
xgb,2021-12-01,853.0,1153.2947998046875
xgb,2022-01-01,1560.0,1256.334716796875
xgb,2022-02-01,1478.0,1545.2177734375
xgb,2022-03-01,3568.0,1314.8575439453125
xgb,2022-04-01,9307.0,1151.25048828125
xgb,2022-05-01,13710.0,1094.1510009765625
xgb,2022-06-01,4328.0,910.798583984375
xgb,2022-07-01,2846.0,866.0606689453125
xgb,2022-08-01,1243.0,618.5418701171875
xgb,2021-10-01,756.0,713.9268798828125
xgb,2021-11-01,860.0,650.8839111328125
xgb,2021-12-01,853.0,495.8725891113281
xgb,2022-01-01,1560.0,1130.4354248046875
xgb,2022-02-01,1478.0,1350.5394287109375
xgb,2022-03-01,3568.0,1248.018798828125
xgb,2022-04-01,9307.0,1209.5943603515625
xgb,2022-05-01,13710.0,1266.736083984375
xgb,2022-06-01,4328.0,895.7396850585938
xgb,2022-07-01,2846.0,607.8193359375
xgb,2022-08-01,1243.0,426.5820007324219
xgb,2022-09-01,1206.0,411.52337646484375
xgb,2021-11-01,860.0,682.1478271484375
xgb,2021-12-01,853.0,719.0560913085938
xgb,2022-01-01,1560.0,1200.6756591796875
xgb,2022-02-01,1478.0,1337.8111572265625
xgb,2022-03-01,3568.0,1282.8477783203125
xgb,2022-04-01,9307.0,1268.615478515625
xgb,2022-05-01,13710.0,1014.7406616210938
xgb,2022-06-01,4328.0,782.9462280273438
xgb,2022-07-01,2846.0,689.4735717773438
xgb,2022-08-01,1243.0,467.9328918457031
xgb,2022-09-01,1206.0,408.5834655761719
xgb,2022-10-01,2169.0,465.1673278808594
xgb,2021-12-01,853.0,838.2164306640625
xgb,2022-01-01,1560.0,1263.569091796875
xgb,2022-02-01,1478.0,1357.6090087890625
xgb,2022-03-01,3568.0,1216.4005126953125
xgb,2022-04-01,9307.0,1105.4669189453125
xgb,2022-05-01,13710.0,1022.1890258789062
xgb,2022-06-01,4328.0,748.3423461914062
xgb,2022-07-01,2846.0,684.189208984375
xgb,2022-08-01,1243.0,466.60052490234375
xgb,2022-09-01,1206.0,446.7269287109375
xgb,2022-10-01,2169.0,414.32391357421875
xgb,2022-11-01,1275.0,289.823974609375
xgb,2022-01-01,1560.0,1293.1668701171875
xgb,2022-02-01,1478.0,1389.375
xgb,2022-03-01,3568.0,1265.0316162109375
xgb,2022-04-01,9307.0,1194.265380859375
xgb,2022-05-01,13710.0,960.8671264648438
xgb,2022-06-01,4328.0,590.754638671875
xgb,2022-07-01,2846.0,383.81658935546875
xgb,2022-08-01,1243.0,354.5495910644531
xgb,2022-09-01,1206.0,397.9477844238281
xgb,2022-10-01,2169.0,475.1561584472656
xgb,2022-11-01,1275.0,426.8538513183594
xgb,2022-12-01,597.0,497.0276794433594
xgb,2022-02-01,1478.0,1438.9471435546875
xgb,2022-03-01,3568.0,1297.0697021484375
xgb,2022-04-01,9307.0,1207.6298828125
xgb,2022-05-01,13710.0,1037.7503662109375
xgb,2022-06-01,4328.0,694.7022705078125
xgb,2022-07-01,2846.0,585.6070556640625
xgb,2022-08-01,1243.0,444.6795959472656
xgb,2022-09-01,1206.0,428.9737548828125
xgb,2022-10-01,2169.0,348.8562316894531
xgb,2022-11-01,1275.0,328.79638671875
xgb,2022-12-01,597.0,355.3758850097656
xgb,2023-01-01,4452.0,553.7344970703125
xgb,2022-03-01,3568.0,1501.391845703125
xgb,2022-04-01,9307.0,1261.404541015625
xgb,2022-05-01,13710.0,1109.8870849609375
xgb,2022-06-01,4328.0,819.6525268554688
xgb,2022-07-01,2846.0,665.4511108398438
xgb,2022-08-01,1243.0,474.21728515625
xgb,2022-09-01,1206.0,437.8848571777344
xgb,2022-10-01,2169.0,415.3506164550781
xgb,2022-11-01,1275.0,419.1963195800781
xgb,2022-12-01,597.0,464.0877380371094
xgb,2023-01-01,4452.0,778.626220703125
xgb,2023-02-01,5623.0,999.3043823242188
xgb,2022-04-01,9307.0,2796.9443359375
xgb,2022-05-01,13710.0,1827.121337890625
xgb,2022-06-01,4328.0,953.3914184570312
xgb,2022-07-01,2846.0,624.431884765625
xgb,2022-08-01,1243.0,419.5787048339844
xgb,2022-09-01,1206.0,468.2911071777344
xgb,2022-10-01,2169.0,411.875732421875
xgb,2022-11-01,1275.0,384.0543518066406
xgb,2022-12-01,597.0,527.12646484375
xgb,2023-01-01,4452.0,575.9418334960938
xgb,2023-02-01,5623.0,1147.2501220703125
xgb,2023-03-01,9710.0,1910.4879150390625
xgb,2022-05-01,13710.0,13118.0361328125
xgb,2022-06-01,4328.0,13568.1728515625
xgb,2022-07-01,2846.0,7041.11962890625
xgb,2022-08-01,1243.0,1835.8280029296875
xgb,2022-09-01,1206.0,891.0126953125
xgb,2022-10-01,2169.0,755.85888671875
xgb,2022-11-01,1275.0,808.5150756835938
xgb,2022-12-01,597.0,780.8446044921875
xgb,2023-01-01,4452.0,769.1099243164062
xgb,2023-02-01,5623.0,1545.352783203125
xgb,2023-03-01,9710.0,1661.640380859375
xgb,2023-04-01,13852.0,1590.9552001953125
xgb,2022-06-01,4328.0,13676.404296875
xgb,2022-07-01,2846.0,6922.7314453125
xgb,2022-08-01,1243.0,1763.4505615234375
xgb,2022-09-01,1206.0,903.5133056640625
xgb,2022-10-01,2169.0,836.3311157226562
xgb,2022-11-01,1275.0,772.003173828125
xgb,2022-12-01,597.0,922.1551513671875
xgb,2023-01-01,4452.0,855.8499145507812
xgb,2023-02-01,5623.0,1554.9722900390625
xgb,2023-03-01,9710.0,1564.8984375
xgb,2023-04-01,13852.0,1569.7685546875
xgb,2023-05-01,9355.0,2169.609619140625
xgb,2022-07-01,2846.0,1706.7137451171875
xgb,2022-08-01,1243.0,669.5236206054688
xgb,2022-09-01,1206.0,558.853271484375
xgb,2022-10-01,2169.0,452.54486083984375
xgb,2022-11-01,1275.0,492.0158386230469
xgb,2022-12-01,597.0,506.2729797363281
xgb,2023-01-01,4452.0,567.0733642578125
xgb,2023-02-01,5623.0,1674.2103271484375
xgb,2023-03-01,9710.0,1919.303955078125
xgb,2023-04-01,13852.0,2565.08447265625
xgb,2023-05-01,9355.0,2887.670166015625
xgb,2023-06-01,4347.0,2388.771240234375
xgb,2022-08-01,1243.0,2192.33837890625
xgb,2022-09-01,1206.0,2438.71484375
xgb,2022-10-01,2169.0,2351.724609375
xgb,2022-11-01,1275.0,2735.015869140625
xgb,2022-12-01,597.0,2716.600830078125
xgb,2023-01-01,4452.0,3068.28466796875
xgb,2023-02-01,5623.0,4042.063232421875
xgb,2023-03-01,9710.0,4161.0224609375
xgb,2023-04-01,13852.0,4180.3369140625
xgb,2023-05-01,9355.0,3236.598876953125
xgb,2023-06-01,4347.0,2641.472412109375
xgb,2023-07-01,3003.0,2336.5654296875
xgb,2022-09-01,1206.0,940.5653686523438
xgb,2022-10-01,2169.0,766.7604370117188
xgb,2022-11-01,1275.0,830.6373291015625
xgb,2022-12-01,597.0,885.1728515625
xgb,2023-01-01,4452.0,834.6331176757812
xgb,2023-02-01,5623.0,1474.9268798828125
xgb,2023-03-01,9710.0,1545.598876953125
xgb,2023-04-01,13852.0,1364.5185546875
xgb,2023-05-01,9355.0,1112.2218017578125
xgb,2023-06-01,4347.0,1074.447998046875
xgb,2023-07-01,3003.0,926.5429077148438
xgb,2023-08-01,2386.0,794.619873046875
xgb,2022-10-01,2169.0,961.082763671875
xgb,2022-11-01,1275.0,921.820556640625
xgb,2022-12-01,597.0,924.8320922851562
xgb,2023-01-01,4452.0,972.5252685546875
xgb,2023-02-01,5623.0,1590.68212890625
xgb,2023-03-01,9710.0,1522.9012451171875
xgb,2023-04-01,13852.0,1398.7545166015625
xgb,2023-05-01,9355.0,1402.8814697265625
xgb,2023-06-01,4347.0,1305.147705078125
xgb,2023-07-01,3003.0,984.6273193359375
xgb,2023-08-01,2386.0,857.8997802734375
xgb,2023-09-01,2708.0,839.5791015625
xgb,2022-11-01,1275.0,2664.763427734375
xgb,2022-12-01,597.0,2344.43408203125
xgb,2023-01-01,4452.0,2766.258544921875
xgb,2023-02-01,5623.0,2940.879150390625
xgb,2023-03-01,9710.0,3822.505615234375
xgb,2023-04-01,13852.0,4136.63232421875
xgb,2023-05-01,9355.0,3156.963134765625
xgb,2023-06-01,4347.0,2742.4169921875
xgb,2023-07-01,3003.0,2484.166748046875
xgb,2023-08-01,2386.0,2426.947998046875
xgb,2023-09-01,2708.0,2213.75244140625
xgb,2023-10-01,3635.0,2235.301513671875
xgb,2022-12-01,597.0,1376.498291015625
xgb,2023-01-01,4452.0,1139.9383544921875
xgb,2023-02-01,5623.0,1457.340576171875
xgb,2023-03-01,9710.0,1763.8231201171875
xgb,2023-04-01,13852.0,1377.4033203125
xgb,2023-05-01,9355.0,1199.9876708984375
xgb,2023-06-01,4347.0,995.5706787109375
xgb,2023-07-01,3003.0,606.242431640625
xgb,2023-08-01,2386.0,601.0980224609375
xgb,2023-09-01,2708.0,999.7040405273438
xgb,2023-10-01,3635.0,769.0855102539062
xgb,2023-11-01,3157.0,816.7390747070312
xgb,2023-01-01,4452.0,439.63983154296875
xgb,2023-02-01,5623.0,1504.4832763671875
xgb,2023-03-01,9710.0,1550.8280029296875
xgb,2023-04-01,13852.0,1097.6358642578125
xgb,2023-05-01,9355.0,1153.8343505859375
xgb,2023-06-01,4347.0,1002.2217407226562
xgb,2023-07-01,3003.0,938.9575805664062
xgb,2023-08-01,2386.0,776.4873657226562
xgb,2023-09-01,2708.0,919.3872680664062
xgb,2023-10-01,3635.0,593.8439331054688
xgb,2023-11-01,3157.0,478.6618957519531
xgb,2023-12-01,6082.0,385.67547607421875
xgb,2023-02-01,5623.0,5092.37548828125
xgb,2023-03-01,9710.0,2811.231689453125
xgb,2023-04-01,13852.0,2416.453125
xgb,2023-05-01,9355.0,3243.281494140625
xgb,2023-06-01,4347.0,1809.5738525390625
xgb,2023-07-01,3003.0,890.6761474609375
xgb,2023-08-01,2386.0,880.8133544921875
xgb,2023-09-01,2708.0,992.0306396484375
xgb,2023-10-01,3635.0,1257.651123046875
xgb,2023-11-01,3157.0,2468.301513671875
xgb,2023-12-01,6082.0,2506.297119140625
xgb,2024-01-01,29750.0,2000.532958984375
xgb,2023-03-01,9710.0,5534.8525390625
xgb,2023-04-01,13852.0,3353.281005859375
xgb,2023-05-01,9355.0,3368.09814453125
xgb,2023-06-01,4347.0,1722.2730712890625
xgb,2023-07-01,3003.0,964.9992065429688
xgb,2023-08-01,2386.0,998.6795043945312
xgb,2023-09-01,2708.0,1121.712646484375
xgb,2023-10-01,3635.0,1829.7628173828125
xgb,2023-11-01,3157.0,2534.246826171875
xgb,2023-12-01,6082.0,3706.187255859375
xgb,2024-01-01,29750.0,3753.849853515625
xgb,2024-02-01,124453.0,4282.61376953125
xgb,2023-04-01,13852.0,4741.21142578125
xgb,2023-05-01,9355.0,5881.3251953125
xgb,2023-06-01,4347.0,1695.5660400390625
xgb,2023-07-01,3003.0,709.6085815429688
xgb,2023-08-01,2386.0,1034.077392578125
xgb,2023-09-01,2708.0,1050.29833984375
xgb,2023-10-01,3635.0,1228.28759765625
xgb,2023-11-01,3157.0,2654.216064453125
xgb,2023-12-01,6082.0,2272.556396484375
xgb,2024-01-01,29750.0,1606.8555908203125
xgb,2024-02-01,124453.0,2330.617919921875
xgb,2024-03-01,331402.0,2449.573486328125
xgb,2023-05-01,9355.0,13169.548828125
xgb,2023-06-01,4347.0,6896.38525390625
xgb,2023-07-01,3003.0,2974.47021484375
xgb,2023-08-01,2386.0,1645.7857666015625
xgb,2023-09-01,2708.0,1294.5989990234375
xgb,2023-10-01,3635.0,1988.275390625
xgb,2023-11-01,3157.0,2404.333251953125
xgb,2023-12-01,6082.0,1829.6434326171875
xgb,2024-01-01,29750.0,2914.449462890625
xgb,2024-02-01,124453.0,2236.4423828125
xgb,2024-03-01,331402.0,1615.6436767578125
xgb,2024-04-01,320473.0,2226.4423828125
xgb,2023-06-01,4347.0,4552.8876953125
xgb,2023-07-01,3003.0,2810.056396484375
xgb,2023-08-01,2386.0,1595.1986083984375
xgb,2023-09-01,2708.0,1276.8306884765625
xgb,2023-10-01,3635.0,2008.49755859375
xgb,2023-11-01,3157.0,2262.45361328125
xgb,2023-12-01,6082.0,1802.3868408203125
xgb,2024-01-01,29750.0,2542.2607421875
xgb,2024-02-01,124453.0,2208.906982421875
xgb,2024-03-01,331402.0,1934.2205810546875
xgb,2024-04-01,320473.0,1825.896728515625
xgb,2024-05-01,265248.0,1340.7109375
xgb,2023-07-01,3003.0,2889.32080078125
xgb,2023-08-01,2386.0,1581.2169189453125
xgb,2023-09-01,2708.0,1153.8670654296875
xgb,2023-10-01,3635.0,2259.207275390625
xgb,2023-11-01,3157.0,3233.017822265625
xgb,2023-12-01,6082.0,1984.3935546875
xgb,2024-01-01,29750.0,3211.61962890625
xgb,2024-02-01,124453.0,2255.533203125
xgb,2024-03-01,331402.0,1857.3795166015625
xgb,2024-04-01,320473.0,1418.9134521484375
xgb,2024-05-01,265248.0,1199.159912109375
xgb,2024-06-01,109649.0,1013.5521850585938
xgb,2023-08-01,2386.0,1580.3228759765625
xgb,2023-09-01,2708.0,1177.720458984375
xgb,2023-10-01,3635.0,2274.034912109375
xgb,2023-11-01,3157.0,3202.089111328125
xgb,2023-12-01,6082.0,1995.441650390625
xgb,2024-01-01,29750.0,3251.066162109375
xgb,2024-02-01,124453.0,2082.526611328125
xgb,2024-03-01,331402.0,1755.641845703125
xgb,2024-04-01,320473.0,1313.8026123046875
xgb,2024-05-01,265248.0,1166.7703857421875
xgb,2024-06-01,109649.0,1037.7452392578125
xgb,2024-07-01,24288.0,1257.962158203125
xgb,2023-09-01,2708.0,2175.28955078125
xgb,2023-10-01,3635.0,3102.488525390625
xgb,2023-11-01,3157.0,2618.335205078125
xgb,2023-12-01,6082.0,1950.968505859375
xgb,2024-01-01,29750.0,2783.12451171875
xgb,2024-02-01,124453.0,2031.441162109375
xgb,2024-03-01,331402.0,1706.3026123046875
xgb,2024-04-01,320473.0,1241.8992919921875
xgb,2024-05-01,265248.0,1188.671875
xgb,2024-06-01,109649.0,1107.6160888671875
xgb,2024-07-01,24288.0,1100.6572265625
xgb,2024-08-01,13835.0,1337.442626953125
xgb,2023-10-01,3635.0,2806.693115234375
xgb,2023-11-01,3157.0,1940.914306640625
xgb,2023-12-01,6082.0,2713.521728515625
xgb,2024-01-01,29750.0,1433.4205322265625
xgb,2024-02-01,124453.0,2134.72607421875
xgb,2024-03-01,331402.0,1913.0894775390625
xgb,2024-04-01,320473.0,1220.260009765625
xgb,2024-05-01,265248.0,1280.2843017578125
xgb,2024-06-01,109649.0,1228.1278076171875
xgb,2024-07-01,24288.0,1134.3887939453125
xgb,2024-08-01,13835.0,1723.8990478515625
xgb,2024-09-01,15943.0,1492.7275390625
xgb,2023-11-01,3157.0,3102.66015625
xgb,2023-12-01,6082.0,2004.4425048828125
xgb,2024-01-01,29750.0,2893.85546875
xgb,2024-02-01,124453.0,2156.34375
xgb,2024-03-01,331402.0,1921.9095458984375
xgb,2024-04-01,320473.0,1381.169921875
xgb,2024-05-01,265248.0,1326.4761962890625
xgb,2024-06-01,109649.0,1287.440673828125
xgb,2024-07-01,24288.0,1148.1080322265625
xgb,2024-08-01,13835.0,1915.2940673828125
xgb,2024-09-01,15943.0,1526.0185546875
xgb,2024-10-01,9295.0,1298.00048828125
xgb,2023-12-01,6082.0,1829.4925537109375
xgb,2024-01-01,29750.0,2802.851806640625
xgb,2024-02-01,124453.0,2087.596435546875
xgb,2024-03-01,331402.0,1811.4290771484375
xgb,2024-04-01,320473.0,1434.40771484375
xgb,2024-05-01,265248.0,1157.60009765625
xgb,2024-06-01,109649.0,1143.216796875
xgb,2024-07-01,24288.0,1164.001220703125
xgb,2024-08-01,13835.0,1950.0660400390625
xgb,2024-09-01,15943.0,1637.7183837890625
xgb,2024-10-01,9295.0,1669.162353515625
xgb,2024-11-01,8486.0,1336.5919189453125
xgb,2024-01-01,29750.0,5367.70654296875
xgb,2024-02-01,124453.0,4763.576171875
xgb,2024-03-01,331402.0,4797.9375
xgb,2024-04-01,320473.0,4666.3505859375
xgb,2024-05-01,265248.0,4362.60791015625
xgb,2024-06-01,109649.0,6027.65087890625
xgb,2024-07-01,24288.0,3169.68115234375
xgb,2024-08-01,13835.0,3307.565673828125
xgb,2024-09-01,15943.0,5201.35693359375
xgb,2024-10-01,9295.0,3302.442138671875
xgb,2024-11-01,8486.0,3714.95166015625
xgb,2024-12-01,8326.0,5190.1943359375
catboost,2014-01-01,910.0,1035.3301237026883
catboost,2014-02-01,2094.0,1817.042056819559
catboost,2014-03-01,11660.0,2636.267843897818
catboost,2014-04-01,27021.0,2255.6008748854138
catboost,2014-05-01,13104.0,1296.8595635045908
catboost,2014-06-01,3889.0,891.1957827807914
catboost,2014-07-01,1168.0,502.57298227959404
catboost,2014-08-01,994.0,381.8142877342626
catboost,2014-09-01,691.0,366.0709797610401
catboost,2014-10-01,632.0,371.3108948187315
catboost,2014-11-01,615.0,384.5431205811158
catboost,2014-12-01,387.0,613.9191041271189
catboost,2014-02-01,2094.0,1732.7045262411766
catboost,2014-03-01,11660.0,2454.8996369174993
catboost,2014-04-01,27021.0,2473.0240180886494
catboost,2014-05-01,13104.0,1315.8155194867418
catboost,2014-06-01,3889.0,883.6031761657495
catboost,2014-07-01,1168.0,537.0507353136373
catboost,2014-08-01,994.0,376.38402371561597
catboost,2014-09-01,691.0,367.3270682063452
catboost,2014-10-01,632.0,347.35217822824825
catboost,2014-11-01,615.0,425.2569058545856
catboost,2014-12-01,387.0,660.6572797985132
catboost,2015-01-01,2269.0,913.0751734149846
catboost,2014-03-01,11660.0,2681.9107778752427
catboost,2014-04-01,27021.0,2266.2607796090224
catboost,2014-05-01,13104.0,1369.098377549381
catboost,2014-06-01,3889.0,969.9508186875803
catboost,2014-07-01,1168.0,539.2727325244753
catboost,2014-08-01,994.0,359.82996385398746
catboost,2014-09-01,691.0,339.6712481646897
catboost,2014-10-01,632.0,341.07576910819023
catboost,2014-11-01,615.0,394.55772181350585
catboost,2014-12-01,387.0,670.8058614289
catboost,2015-01-01,2269.0,1008.9098518328805
catboost,2015-02-01,11540.0,1583.8436140112826
catboost,2014-04-01,27021.0,2560.8589553900397
catboost,2014-05-01,13104.0,1958.7049515245844
catboost,2014-06-01,3889.0,979.6206575624713
catboost,2014-07-01,1168.0,482.5329470717977
catboost,2014-08-01,994.0,399.94939884946393
catboost,2014-09-01,691.0,396.8081391023602
catboost,2014-10-01,632.0,356.20127603738615
catboost,2014-11-01,615.0,452.6697750955452
catboost,2014-12-01,387.0,717.3330270417207
catboost,2015-01-01,2269.0,1067.7881036540794
catboost,2015-02-01,11540.0,1998.4033586666492
catboost,2015-03-01,39216.0,3168.622193422511
catboost,2014-05-01,13104.0,5338.9311474354345
catboost,2014-06-01,3889.0,2277.4401023101154
catboost,2014-07-01,1168.0,819.7439015046104
catboost,2014-08-01,994.0,550.7276353178256
catboost,2014-09-01,691.0,459.80357851527924
catboost,2014-10-01,632.0,448.88371892670466
catboost,2014-11-01,615.0,581.9463894804521
catboost,2014-12-01,387.0,793.1305938430392
catboost,2015-01-01,2269.0,1253.4935001476908
catboost,2015-02-01,11540.0,1597.898542078878
catboost,2015-03-01,39216.0,5203.4963869952935
catboost,2015-04-01,17446.0,9699.1714866612
catboost,2014-06-01,3889.0,3933.101563645569
catboost,2014-07-01,1168.0,1225.3761708191587
catboost,2014-08-01,994.0,677.9299839034302
catboost,2014-09-01,691.0,514.4095850062531
catboost,2014-10-01,632.0,606.8233760729522
catboost,2014-11-01,615.0,753.4591774939745
catboost,2014-12-01,387.0,886.0666051813132
catboost,2015-01-01,2269.0,1241.3553982471974
catboost,2015-02-01,11540.0,1631.9899086783917
catboost,2015-03-01,39216.0,4424.526296864323
catboost,2015-04-01,17446.0,8759.912739757267
catboost,2015-05-01,6951.0,11845.138429814257
catboost,2014-07-01,1168.0,1518.7969089092528
catboost,2014-08-01,994.0,921.9923367150777
catboost,2014-09-01,691.0,583.1314756824686
catboost,2014-10-01,632.0,573.3835326267144
catboost,2014-11-01,615.0,677.6313043184609
catboost,2014-12-01,387.0,821.857228315183
catboost,2015-01-01,2269.0,1028.203831289987
catboost,2015-02-01,11540.0,1618.1797758110865
catboost,2015-03-01,39216.0,4901.227694484803
catboost,2015-04-01,17446.0,11039.865836581715
catboost,2015-05-01,6951.0,11079.597404299711
catboost,2015-06-01,1229.0,6166.658442732714
catboost,2014-08-01,994.0,694.1647818928559
catboost,2014-09-01,691.0,638.923661981542
catboost,2014-10-01,632.0,656.7915641247637
catboost,2014-11-01,615.0,824.2446688749767
catboost,2014-12-01,387.0,974.8923939193612
catboost,2015-01-01,2269.0,1392.9861868767553
catboost,2015-02-01,11540.0,1599.5905788576167
catboost,2015-03-01,39216.0,4469.994199702909
catboost,2015-04-01,17446.0,9469.490139580976
catboost,2015-05-01,6951.0,10057.962193411338
catboost,2015-06-01,1229.0,5877.623094437338
catboost,2015-07-01,967.0,1541.9940551538343
catboost,2014-09-01,691.0,644.6180099586477
catboost,2014-10-01,632.0,796.6447632694546
catboost,2014-11-01,615.0,905.4609690144189
catboost,2014-12-01,387.0,1053.4789515048412
catboost,2015-01-01,2269.0,1369.9419033477648
catboost,2015-02-01,11540.0,1674.0237665038699
catboost,2015-03-01,39216.0,4578.113329184604
catboost,2015-04-01,17446.0,10393.315737984989
catboost,2015-05-01,6951.0,10359.730492104381
catboost,2015-06-01,1229.0,5987.853675565879
catboost,2015-07-01,967.0,1617.4547358169991
catboost,2015-08-01,681.0,1132.5087649285254
catboost,2014-10-01,632.0,621.0362293380401
catboost,2014-11-01,615.0,741.17539433345
catboost,2014-12-01,387.0,937.8177408379875
catboost,2015-01-01,2269.0,1390.2254795528631
catboost,2015-02-01,11540.0,1609.3307937560417
catboost,2015-03-01,39216.0,5742.872430769115
catboost,2015-04-01,17446.0,10087.43524805272
catboost,2015-05-01,6951.0,10111.878076632393
catboost,2015-06-01,1229.0,5802.073580447253
catboost,2015-07-01,967.0,1404.9782427964035
catboost,2015-08-01,681.0,1156.888377587601
catboost,2015-09-01,548.0,1030.487256315511
catboost,2014-11-01,615.0,798.1204902813413
catboost,2014-12-01,387.0,1006.4284080412381
catboost,2015-01-01,2269.0,1464.7993033214475
catboost,2015-02-01,11540.0,1497.15904393194
catboost,2015-03-01,39216.0,5004.192176147934
catboost,2015-04-01,17446.0,8510.976600171642
catboost,2015-05-01,6951.0,10327.342363672811
catboost,2015-06-01,1229.0,5730.844563212137
catboost,2015-07-01,967.0,1339.4992186540744
catboost,2015-08-01,681.0,1098.2682338489533
catboost,2015-09-01,548.0,907.1858781379922
catboost,2015-10-01,752.0,944.43494095611
catboost,2014-12-01,387.0,755.3342663314106
catboost,2015-01-01,2269.0,1254.948994941847
catboost,2015-02-01,11540.0,1479.6672544320124
catboost,2015-03-01,39216.0,5214.745802453539
catboost,2015-04-01,17446.0,10904.092727739662
catboost,2015-05-01,6951.0,9978.357349113421
catboost,2015-06-01,1229.0,6335.340843107387
catboost,2015-07-01,967.0,1496.3380629104108
catboost,2015-08-01,681.0,1236.886792431131
catboost,2015-09-01,548.0,794.0075174147214
catboost,2015-10-01,752.0,841.0286352764047
catboost,2015-11-01,1773.0,895.2528979104941
catboost,2015-01-01,2269.0,1002.5166591325676
catboost,2015-02-01,11540.0,1297.0625373662926
catboost,2015-03-01,39216.0,4785.758547472358
catboost,2015-04-01,17446.0,9323.484040038844
catboost,2015-05-01,6951.0,11550.845565993326
catboost,2015-06-01,1229.0,6631.385186125682
catboost,2015-07-01,967.0,1433.4597911105454
catboost,2015-08-01,681.0,1145.946315609273
catboost,2015-09-01,548.0,712.9823147484283
catboost,2015-10-01,752.0,844.9405246283809
catboost,2015-11-01,1773.0,811.7575744012868
catboost,2015-12-01,2175.0,745.3052496837395
catboost,2015-02-01,11540.0,1800.7631767301618
catboost,2015-03-01,39216.0,4281.292100355628
catboost,2015-04-01,17446.0,8956.093721406007
catboost,2015-05-01,6951.0,10577.50127684599
catboost,2015-06-01,1229.0,6083.58556733342
catboost,2015-07-01,967.0,1575.3180489153183
catboost,2015-08-01,681.0,1010.2214520030072
catboost,2015-09-01,548.0,856.6705977819624
catboost,2015-10-01,752.0,811.7631409281676
catboost,2015-11-01,1773.0,714.0030809176685
catboost,2015-12-01,2175.0,877.9234289320252
catboost,2016-01-01,1097.0,1015.6010546254913
catboost,2015-03-01,39216.0,7519.187987164132
catboost,2015-04-01,17446.0,7409.836229651098
catboost,2015-05-01,6951.0,10487.915424898918
catboost,2015-06-01,1229.0,8095.711968320594
catboost,2015-07-01,967.0,2113.427233031167
catboost,2015-08-01,681.0,1391.7200411667866
catboost,2015-09-01,548.0,1059.1493228977095
catboost,2015-10-01,752.0,1077.9008716038475
catboost,2015-11-01,1773.0,974.4329401113587
catboost,2015-12-01,2175.0,1513.2313156142309
catboost,2016-01-01,1097.0,4226.082870687773
catboost,2016-02-01,1223.0,5142.178068200987
catboost,2015-04-01,17446.0,15344.177213552948
catboost,2015-05-01,6951.0,13919.677804115394
catboost,2015-06-01,1229.0,5399.617764296648
catboost,2015-07-01,967.0,1694.2105323513679
catboost,2015-08-01,681.0,1495.429044092995
catboost,2015-09-01,548.0,1249.6168057337877
catboost,2015-10-01,752.0,1148.805808894619
catboost,2015-11-01,1773.0,986.5878763692363
catboost,2015-12-01,2175.0,1781.086072483457
catboost,2016-01-01,1097.0,6517.511735769071
catboost,2016-02-01,1223.0,12026.822038405293
catboost,2016-03-01,1385.0,11716.03940917234
catboost,2015-05-01,6951.0,13171.974833698465
catboost,2015-06-01,1229.0,5596.231329808596
catboost,2015-07-01,967.0,1814.3883341849523
catboost,2015-08-01,681.0,1507.4797839445696
catboost,2015-09-01,548.0,1223.5708554000335
catboost,2015-10-01,752.0,1322.863512470797
catboost,2015-11-01,1773.0,841.5640063349088
catboost,2015-12-01,2175.0,1733.0671127697979
catboost,2016-01-01,1097.0,5426.020308037403
catboost,2016-02-01,1223.0,11945.614278075966
catboost,2016-03-01,1385.0,11828.162539356348
catboost,2016-04-01,888.0,11401.117389166964
catboost,2015-06-01,1229.0,3528.0856749351933
catboost,2015-07-01,967.0,1630.5326041124158
catboost,2015-08-01,681.0,1498.1329993763516
catboost,2015-09-01,548.0,1415.6795328427943
catboost,2015-10-01,752.0,1362.1641368079381
catboost,2015-11-01,1773.0,1495.566323451631
catboost,2015-12-01,2175.0,2398.792433172589
catboost,2016-01-01,1097.0,6379.041147234617
catboost,2016-02-01,1223.0,11941.337381065307
catboost,2016-03-01,1385.0,8821.929191226527
catboost,2016-04-01,888.0,8412.644082619176
catboost,2016-05-01,634.0,9313.623409752216
catboost,2015-07-01,967.0,748.7108260144455
catboost,2015-08-01,681.0,894.3234988533577
catboost,2015-09-01,548.0,941.7921447908311
catboost,2015-10-01,752.0,733.9253861146817
catboost,2015-11-01,1773.0,563.4473802980301
catboost,2015-12-01,2175.0,1520.1496908827958
catboost,2016-01-01,1097.0,5523.507667446673
catboost,2016-02-01,1223.0,14262.130663904087
catboost,2016-03-01,1385.0,9770.204146486503
catboost,2016-04-01,888.0,8254.237980944636
catboost,2016-05-01,634.0,6089.546053122527
catboost,2016-06-01,335.0,2676.107222536697
catboost,2015-08-01,681.0,851.1020471435481
catboost,2015-09-01,548.0,864.6096726988931
catboost,2015-10-01,752.0,880.4023305348042
catboost,2015-11-01,1773.0,739.9397759405383
catboost,2015-12-01,2175.0,1468.3365351884122
catboost,2016-01-01,1097.0,4581.203638097274
catboost,2016-02-01,1223.0,12615.561520624198
catboost,2016-03-01,1385.0,10491.269995948012
catboost,2016-04-01,888.0,8474.519257687636
catboost,2016-05-01,634.0,6321.468391938475
catboost,2016-06-01,335.0,2934.1654878695535
catboost,2016-07-01,853.0,1551.114549244447
catboost,2015-09-01,548.0,850.4427460845163
catboost,2015-10-01,752.0,806.0304486035216
catboost,2015-11-01,1773.0,531.8953006381307
catboost,2015-12-01,2175.0,1522.967397053124
catboost,2016-01-01,1097.0,5302.929670510078
catboost,2016-02-01,1223.0,13727.639873354377
catboost,2016-03-01,1385.0,10103.10098580816
catboost,2016-04-01,888.0,7446.000920202544
catboost,2016-05-01,634.0,7331.0778587646755
catboost,2016-06-01,335.0,2505.4043890114744
catboost,2016-07-01,853.0,1125.9421080903057
catboost,2016-08-01,656.0,1231.5254108988424
catboost,2015-10-01,752.0,610.3327701092821
catboost,2015-11-01,1773.0,643.4898878880608
catboost,2015-12-01,2175.0,1735.7238199877945
catboost,2016-01-01,1097.0,6228.1719063826
catboost,2016-02-01,1223.0,13643.572348208925
catboost,2016-03-01,1385.0,10907.684956808462
catboost,2016-04-01,888.0,9618.115984032462
catboost,2016-05-01,634.0,8490.64420869431
catboost,2016-06-01,335.0,2033.4544936340114
catboost,2016-07-01,853.0,1402.9967402723241
catboost,2016-08-01,656.0,1036.9704258797428
catboost,2016-09-01,724.0,831.2129586134461
catboost,2015-11-01,1773.0,822.8373320213095
catboost,2015-12-01,2175.0,1270.1550999930796
catboost,2016-01-01,1097.0,5012.659040814366
catboost,2016-02-01,1223.0,12709.66501766912
catboost,2016-03-01,1385.0,10773.39860370947
catboost,2016-04-01,888.0,8452.640364520674
catboost,2016-05-01,634.0,6498.784610931517
catboost,2016-06-01,335.0,2849.4053665301585
catboost,2016-07-01,853.0,1188.3566676915216
catboost,2016-08-01,656.0,1003.6744460655054
catboost,2016-09-01,724.0,985.1908837324268
catboost,2016-10-01,1189.0,928.6394151053219
catboost,2015-12-01,2175.0,2298.0968399219955
catboost,2016-01-01,1097.0,6490.532876776784
catboost,2016-02-01,1223.0,11300.076038462448
catboost,2016-03-01,1385.0,10954.005961097253
catboost,2016-04-01,888.0,10114.273027639814
catboost,2016-05-01,634.0,7178.261614018574
catboost,2016-06-01,335.0,2494.707476909053
catboost,2016-07-01,853.0,1459.5535022530935
catboost,2016-08-01,656.0,1385.373417943861
catboost,2016-09-01,724.0,1305.975488870351
catboost,2016-10-01,1189.0,1722.5253342622823
catboost,2016-11-01,1334.0,1916.6132050801525
catboost,2016-01-01,1097.0,7393.074593676576
catboost,2016-02-01,1223.0,12643.424906897913
catboost,2016-03-01,1385.0,9815.631942177848
catboost,2016-04-01,888.0,8177.790534402468
catboost,2016-05-01,634.0,5477.4910667930435
catboost,2016-06-01,335.0,2139.647261171651
catboost,2016-07-01,853.0,1444.7976426163364
catboost,2016-08-01,656.0,1437.64681908567
catboost,2016-09-01,724.0,1340.82787689512
catboost,2016-10-01,1189.0,1915.0696299711449
catboost,2016-11-01,1334.0,2090.217840410801
catboost,2016-12-01,1620.0,5155.937824316188
catboost,2016-02-01,1223.0,10387.65439267493
catboost,2016-03-01,1385.0,10583.862553207498
catboost,2016-04-01,888.0,7742.849477447475
catboost,2016-05-01,634.0,6656.9241297180515
catboost,2016-06-01,335.0,2842.31938944574
catboost,2016-07-01,853.0,1603.0884028182704
catboost,2016-08-01,656.0,1268.4622391645362
catboost,2016-09-01,724.0,1163.487734535432
catboost,2016-10-01,1189.0,1726.9749177694218
catboost,2016-11-01,1334.0,1865.483871653277
catboost,2016-12-01,1620.0,1350.5487136023658
catboost,2017-01-01,498.0,1543.2444157849318
catboost,2016-03-01,1385.0,3485.5877059359477
catboost,2016-04-01,888.0,4616.782081358527
catboost,2016-05-01,634.0,4808.197948396528
catboost,2016-06-01,335.0,2775.24122385444
catboost,2016-07-01,853.0,1307.5735426692959
catboost,2016-08-01,656.0,1328.004483756651
catboost,2016-09-01,724.0,1169.8911198761334
catboost,2016-10-01,1189.0,1686.429358591859
catboost,2016-11-01,1334.0,1697.7495927143113
catboost,2016-12-01,1620.0,1399.5793351366005
catboost,2017-01-01,498.0,1727.378647460869
catboost,2017-02-01,264.0,2058.109680194075
catboost,2016-04-01,888.0,2373.709148199934
catboost,2016-05-01,634.0,3951.246985528105
catboost,2016-06-01,335.0,2374.3666255346884
catboost,2016-07-01,853.0,1630.035636541168
catboost,2016-08-01,656.0,1256.4151711688182
catboost,2016-09-01,724.0,1186.5575210253237
catboost,2016-10-01,1189.0,1569.6033053258411
catboost,2016-11-01,1334.0,1507.6221003382816
catboost,2016-12-01,1620.0,1355.206039119505
catboost,2017-01-01,498.0,1721.3670131158035
catboost,2017-02-01,264.0,2202.8737198827916
catboost,2017-03-01,288.0,2565.816860112005
catboost,2016-05-01,634.0,1961.5378650378582
catboost,2016-06-01,335.0,2035.9583355594468
catboost,2016-07-01,853.0,1861.2745944250041
catboost,2016-08-01,656.0,1415.4076878265244
catboost,2016-09-01,724.0,1079.7618421715028
catboost,2016-10-01,1189.0,1613.475345289784
catboost,2016-11-01,1334.0,1746.4488971427913
catboost,2016-12-01,1620.0,1343.8756488667068
catboost,2017-01-01,498.0,1390.3655347890376
catboost,2017-02-01,264.0,1459.4793564393635
catboost,2017-03-01,288.0,1480.4987185939517
catboost,2017-04-01,1556.0,1648.9341875763373
catboost,2016-06-01,335.0,1637.805910538066
catboost,2016-07-01,853.0,1195.6133763418088
catboost,2016-08-01,656.0,1053.2903445061593
catboost,2016-09-01,724.0,977.7774216736661
catboost,2016-10-01,1189.0,1606.6467233227004
catboost,2016-11-01,1334.0,1833.1784441271595
catboost,2016-12-01,1620.0,2054.692125914027
catboost,2017-01-01,498.0,1936.2123888060482
catboost,2017-02-01,264.0,1717.8970015546774
catboost,2017-03-01,288.0,1929.5181113620808
catboost,2017-04-01,1556.0,1474.654841834845
catboost,2017-05-01,845.0,1105.576539304197
catboost,2016-07-01,853.0,799.5421333401418
catboost,2016-08-01,656.0,904.7585542995057
catboost,2016-09-01,724.0,1038.6349445195087
catboost,2016-10-01,1189.0,1536.1011173826896
catboost,2016-11-01,1334.0,1943.5450355634418
catboost,2016-12-01,1620.0,1352.7968148681384
catboost,2017-01-01,498.0,1716.4608902630089
catboost,2017-02-01,264.0,1663.7991497903167
catboost,2017-03-01,288.0,1570.6907281884535
catboost,2017-04-01,1556.0,1349.0108791373125
catboost,2017-05-01,845.0,946.1321456832807
catboost,2017-06-01,594.0,599.2329697855362
catboost,2016-08-01,656.0,943.6178997889515
catboost,2016-09-01,724.0,1047.211905748667
catboost,2016-10-01,1189.0,1736.7093523692872
catboost,2016-11-01,1334.0,2033.2605025813575
catboost,2016-12-01,1620.0,1315.9552449013822
catboost,2017-01-01,498.0,1863.2108032848607
catboost,2017-02-01,264.0,1241.4164320918499
catboost,2017-03-01,288.0,1007.5561820925195
catboost,2017-04-01,1556.0,897.7463924788954
catboost,2017-05-01,845.0,780.5776403877335
catboost,2017-06-01,594.0,608.2159506874582
catboost,2017-07-01,582.0,593.7837759146319
catboost,2016-09-01,724.0,906.3930210159365
catboost,2016-10-01,1189.0,1283.8224569659083
catboost,2016-11-01,1334.0,1869.4874328173048
catboost,2016-12-01,1620.0,1662.578452448473
catboost,2017-01-01,498.0,1885.588397215258
catboost,2017-02-01,264.0,1787.9826692297975
catboost,2017-03-01,288.0,1629.6507395948588
catboost,2017-04-01,1556.0,1425.8545806965008
catboost,2017-05-01,845.0,996.0167910052255
catboost,2017-06-01,594.0,502.22528229928776
catboost,2017-07-01,582.0,425.5397050539045
catboost,2017-08-01,530.0,603.2407447494647
catboost,2016-10-01,1189.0,1315.9867663461434
catboost,2016-11-01,1334.0,1805.819716958334
catboost,2016-12-01,1620.0,1548.6409182009102
catboost,2017-01-01,498.0,1983.7429033579815
catboost,2017-02-01,264.0,1847.6500416881443
catboost,2017-03-01,288.0,1500.886589554274
catboost,2017-04-01,1556.0,1307.9353741213965
catboost,2017-05-01,845.0,914.7725502546186
catboost,2017-06-01,594.0,594.9734746881741
catboost,2017-07-01,582.0,470.2466955981722
catboost,2017-08-01,530.0,667.6866816631018
catboost,2017-09-01,749.0,770.1134773378831
catboost,2016-11-01,1334.0,1769.9652582569422
catboost,2016-12-01,1620.0,1551.419822218514
catboost,2017-01-01,498.0,1796.3608270829006
catboost,2017-02-01,264.0,1499.747504066093
catboost,2017-03-01,288.0,1185.3875031115851
catboost,2017-04-01,1556.0,830.3707362095411
catboost,2017-05-01,845.0,598.4771004072663
catboost,2017-06-01,594.0,663.66876513219
catboost,2017-07-01,582.0,510.2788825975763
catboost,2017-08-01,530.0,608.5057833540955
catboost,2017-09-01,749.0,772.9869619861583
catboost,2017-10-01,1192.0,1118.150617272428
catboost,2016-12-01,1620.0,1362.7393709569048
catboost,2017-01-01,498.0,1689.7101195125995
catboost,2017-02-01,264.0,1277.7545755642977
catboost,2017-03-01,288.0,1064.6269328037629
catboost,2017-04-01,1556.0,808.890890364667
catboost,2017-05-01,845.0,688.2287254639673
catboost,2017-06-01,594.0,528.5208348910105
catboost,2017-07-01,582.0,473.7164616095056
catboost,2017-08-01,530.0,572.1227137479646
catboost,2017-09-01,749.0,742.8965505598176
catboost,2017-10-01,1192.0,998.0094140815854
catboost,2017-11-01,1070.0,1374.4996715704717
catboost,2017-01-01,498.0,1734.9650819741153
catboost,2017-02-01,264.0,1681.506441058766
catboost,2017-03-01,288.0,1417.7535776727802
catboost,2017-04-01,1556.0,1071.955372703005
catboost,2017-05-01,845.0,762.9111787856227
catboost,2017-06-01,594.0,737.312266084979
catboost,2017-07-01,582.0,475.3766891607329
catboost,2017-08-01,530.0,631.0720624707324
catboost,2017-09-01,749.0,824.9493065167485
catboost,2017-10-01,1192.0,1059.244626304084
catboost,2017-11-01,1070.0,1647.3767653554237
catboost,2017-12-01,1435.0,3334.2461536791634
catboost,2017-02-01,264.0,921.1257017212447
catboost,2017-03-01,288.0,925.0216298980968
catboost,2017-04-01,1556.0,745.8639046747471
catboost,2017-05-01,845.0,855.5804823925669
catboost,2017-06-01,594.0,715.7080370080639
catboost,2017-07-01,582.0,523.4707662543733
catboost,2017-08-01,530.0,813.892654669396
catboost,2017-09-01,749.0,790.5034177750922
catboost,2017-10-01,1192.0,1121.0383120957765
catboost,2017-11-01,1070.0,1169.6441621389956
catboost,2017-12-01,1435.0,2379.9356534157077
catboost,2018-01-01,2342.0,2354.1610877564535
catboost,2017-03-01,288.0,488.1074381112585
catboost,2017-04-01,1556.0,479.2086461455269
catboost,2017-05-01,845.0,519.9488887630541
catboost,2017-06-01,594.0,600.4849887856813
catboost,2017-07-01,582.0,785.4721932824787
catboost,2017-08-01,530.0,977.8902340306081
catboost,2017-09-01,749.0,1297.916441767996
catboost,2017-10-01,1192.0,1527.7097798910356
catboost,2017-11-01,1070.0,1434.2325521752512
catboost,2017-12-01,1435.0,2463.448759716088
catboost,2018-01-01,2342.0,1743.171958391193
catboost,2018-02-01,1764.0,827.9565746880471
catboost,2017-04-01,1556.0,500.789983358698
catboost,2017-05-01,845.0,594.2634799704965
catboost,2017-06-01,594.0,588.5594856345488
catboost,2017-07-01,582.0,963.2750054587952
catboost,2017-08-01,530.0,1299.4289772139318
catboost,2017-09-01,749.0,1891.4448438531572
catboost,2017-10-01,1192.0,1740.9745647576474
catboost,2017-11-01,1070.0,1410.5705115226388
catboost,2017-12-01,1435.0,2138.7544487466753
catboost,2018-01-01,2342.0,1645.28109409216
catboost,2018-02-01,1764.0,831.6077489907616
catboost,2018-03-01,1167.0,558.7908825186578
catboost,2017-05-01,845.0,974.4645358514251
catboost,2017-06-01,594.0,808.151235179771
catboost,2017-07-01,582.0,1178.6656680759913
catboost,2017-08-01,530.0,1326.499178056623
catboost,2017-09-01,749.0,1266.65642107733
catboost,2017-10-01,1192.0,1158.8664794221165
catboost,2017-11-01,1070.0,1287.7951998199305
catboost,2017-12-01,1435.0,2371.2832393907306
catboost,2018-01-01,2342.0,1934.8075030785853
catboost,2018-02-01,1764.0,1223.5410426239162
catboost,2018-03-01,1167.0,846.8885015749293
catboost,2018-04-01,1166.0,698.3958370738856
catboost,2017-06-01,594.0,811.007748844891
catboost,2017-07-01,582.0,896.8718607042597
catboost,2017-08-01,530.0,1135.7328524896652
catboost,2017-09-01,749.0,1191.0334207873307
catboost,2017-10-01,1192.0,1315.4456796533827
catboost,2017-11-01,1070.0,1103.5044213697067
catboost,2017-12-01,1435.0,1432.2741665422393
catboost,2018-01-01,2342.0,1151.372149207642
catboost,2018-02-01,1764.0,803.8352317226822
catboost,2018-03-01,1167.0,690.6581342989903
catboost,2018-04-01,1166.0,532.5218904437124
catboost,2018-05-01,625.0,744.1911842308473
catboost,2017-07-01,582.0,938.6513096941301
catboost,2017-08-01,530.0,1314.9440901371297
catboost,2017-09-01,749.0,1310.815667118015
catboost,2017-10-01,1192.0,1492.0893020059489
catboost,2017-11-01,1070.0,1581.3878745043908
catboost,2017-12-01,1435.0,2305.5105566697575
catboost,2018-01-01,2342.0,2007.5081750878735
catboost,2018-02-01,1764.0,1286.1598419767306
catboost,2018-03-01,1167.0,931.9386934568536
catboost,2018-04-01,1166.0,551.907391474128
catboost,2018-05-01,625.0,748.1767481872212
catboost,2018-06-01,478.0,757.7281059562065
catboost,2017-08-01,530.0,1176.1639654515086
catboost,2017-09-01,749.0,1348.1430088955651
catboost,2017-10-01,1192.0,1822.313196378812
catboost,2017-11-01,1070.0,1649.2871752973365
catboost,2017-12-01,1435.0,3223.9820582459297
catboost,2018-01-01,2342.0,1863.7867571825873
catboost,2018-02-01,1764.0,1181.4215595932967
catboost,2018-03-01,1167.0,569.2221615759827
catboost,2018-04-01,1166.0,508.0878870209167
catboost,2018-05-01,625.0,632.8441674971477
catboost,2018-06-01,478.0,790.3028544317285
catboost,2018-07-01,432.0,1210.2564789508049
catboost,2017-09-01,749.0,1205.9291646394956
catboost,2017-10-01,1192.0,1515.4298683035722
catboost,2017-11-01,1070.0,1785.5055647157142
catboost,2017-12-01,1435.0,2797.991352094211
catboost,2018-01-01,2342.0,2353.5022688975596
catboost,2018-02-01,1764.0,1548.1243691801337
catboost,2018-03-01,1167.0,849.424853267657
catboost,2018-04-01,1166.0,518.9427712678062
catboost,2018-05-01,625.0,519.991975419352
catboost,2018-06-01,478.0,644.4384719792656
catboost,2018-07-01,432.0,1045.2619570104612
catboost,2018-08-01,296.0,2565.3344059964593
catboost,2017-10-01,1192.0,1503.7479302252186
catboost,2017-11-01,1070.0,1733.9860664576308
catboost,2017-12-01,1435.0,2814.9915896492953
catboost,2018-01-01,2342.0,2045.7789701502957
catboost,2018-02-01,1764.0,1285.8377353356873
catboost,2018-03-01,1167.0,827.1451395224508
catboost,2018-04-01,1166.0,530.9032747094911
catboost,2018-05-01,625.0,688.9662426386703
catboost,2018-06-01,478.0,636.9810064104508
catboost,2018-07-01,432.0,1262.875213398291
catboost,2018-08-01,296.0,3300.1906866914032
catboost,2018-09-01,487.0,7310.047418293297
catboost,2017-11-01,1070.0,1617.1157535481414
catboost,2017-12-01,1435.0,2594.642424440624
catboost,2018-01-01,2342.0,2605.384001962034
catboost,2018-02-01,1764.0,1313.8284512700368
catboost,2018-03-01,1167.0,859.05923046726
catboost,2018-04-01,1166.0,581.8436985120975
catboost,2018-05-01,625.0,618.3756984971446
catboost,2018-06-01,478.0,741.6389410447816
catboost,2018-07-01,432.0,1082.7411251725714
catboost,2018-08-01,296.0,2985.016889607027
catboost,2018-09-01,487.0,7453.336982045955
catboost,2018-10-01,417.0,4784.899255397927
catboost,2017-12-01,1435.0,2040.7150336023078
catboost,2018-01-01,2342.0,1849.8470336387252
catboost,2018-02-01,1764.0,1111.4725908805037
catboost,2018-03-01,1167.0,867.9478014341619
catboost,2018-04-01,1166.0,460.67382996770175
catboost,2018-05-01,625.0,473.835466819206
catboost,2018-06-01,478.0,635.9010444550418
catboost,2018-07-01,432.0,950.3013866822639
catboost,2018-08-01,296.0,2297.886794368881
catboost,2018-09-01,487.0,6876.900884511877
catboost,2018-10-01,417.0,4064.737297111354
catboost,2018-11-01,566.0,2060.289020854187
catboost,2018-01-01,2342.0,1726.3823922181284
catboost,2018-02-01,1764.0,1333.700185302822
catboost,2018-03-01,1167.0,775.06486026577
catboost,2018-04-01,1166.0,598.8651510661871
catboost,2018-05-01,625.0,521.9349484776812
catboost,2018-06-01,478.0,589.4219413372275
catboost,2018-07-01,432.0,790.5325583601787
catboost,2018-08-01,296.0,2014.7475237364097
catboost,2018-09-01,487.0,5703.811312500786
catboost,2018-10-01,417.0,3132.801175882346
catboost,2018-11-01,566.0,2106.2479007286247
catboost,2018-12-01,1125.0,1539.8118578701376
catboost,2018-02-01,1764.0,1527.0950582259295
catboost,2018-03-01,1167.0,857.0017416559976
catboost,2018-04-01,1166.0,576.727008693907
catboost,2018-05-01,625.0,663.5354896647559
catboost,2018-06-01,478.0,630.3589317150067
catboost,2018-07-01,432.0,700.5017846105791
catboost,2018-08-01,296.0,2268.295559840517
catboost,2018-09-01,487.0,6889.109717507468
catboost,2018-10-01,417.0,4297.420443433829
catboost,2018-11-01,566.0,2750.3374921637587
catboost,2018-12-01,1125.0,1944.238853152588
catboost,2019-01-01,1764.0,1231.8716634244104
catboost,2018-03-01,1167.0,1050.7892114475483
catboost,2018-04-01,1166.0,691.6620586118693
catboost,2018-05-01,625.0,814.0092370695611
catboost,2018-06-01,478.0,644.8193418111991
catboost,2018-07-01,432.0,1036.5354313677728
catboost,2018-08-01,296.0,2522.774513727433
catboost,2018-09-01,487.0,6660.669661127949
catboost,2018-10-01,417.0,4082.467441365807
catboost,2018-11-01,566.0,2099.173663333867
catboost,2018-12-01,1125.0,1886.6957984016876
catboost,2019-01-01,1764.0,1569.9593579127604
catboost,2019-02-01,2995.0,1315.8376002788682
catboost,2018-04-01,1166.0,685.6389748413662
catboost,2018-05-01,625.0,813.5655006318725
catboost,2018-06-01,478.0,614.5745299563305
catboost,2018-07-01,432.0,972.2886219335951
catboost,2018-08-01,296.0,2356.8976950043725
catboost,2018-09-01,487.0,6804.491044717886
catboost,2018-10-01,417.0,3671.947628494429
catboost,2018-11-01,566.0,2450.783422824691
catboost,2018-12-01,1125.0,2246.293015775518
catboost,2019-01-01,1764.0,1738.469520641171
catboost,2019-02-01,2995.0,1290.8805817747198
catboost,2019-03-01,8241.0,1064.0512652146733
catboost,2018-05-01,625.0,916.889534813927
catboost,2018-06-01,478.0,774.187726140497
catboost,2018-07-01,432.0,1087.4714117830554
catboost,2018-08-01,296.0,2330.830520110329
catboost,2018-09-01,487.0,7155.059857722663
catboost,2018-10-01,417.0,3873.7258636909064
catboost,2018-11-01,566.0,2301.5545657939024
catboost,2018-12-01,1125.0,2024.4643971070973
catboost,2019-01-01,1764.0,1720.3086588402016
catboost,2019-02-01,2995.0,1331.7809750915185
catboost,2019-03-01,8241.0,1100.2957587620856
catboost,2019-04-01,13333.0,701.6175916069917
catboost,2018-06-01,478.0,735.8929839925083
catboost,2018-07-01,432.0,950.6795324374177
catboost,2018-08-01,296.0,2269.488368479317
catboost,2018-09-01,487.0,5633.228718667787
catboost,2018-10-01,417.0,4138.110319565345
catboost,2018-11-01,566.0,2147.798814694781
catboost,2018-12-01,1125.0,1725.9725170454772
catboost,2019-01-01,1764.0,1257.1566465415617
catboost,2019-02-01,2995.0,994.6419307783215
catboost,2019-03-01,8241.0,673.910515434849
catboost,2019-04-01,13333.0,739.2808549907843
catboost,2019-05-01,13768.0,663.0519614392174
catboost,2018-07-01,432.0,691.3256510853755
catboost,2018-08-01,296.0,1868.5492656043339
catboost,2018-09-01,487.0,5821.707312995445
catboost,2018-10-01,417.0,3802.0500291089475
catboost,2018-11-01,566.0,2470.006063823634
catboost,2018-12-01,1125.0,2288.7409929666705
catboost,2019-01-01,1764.0,1749.0814816952386
catboost,2019-02-01,2995.0,1363.8165166773597
catboost,2019-03-01,8241.0,1072.0870176370368
catboost,2019-04-01,13333.0,677.2198181332733
catboost,2019-05-01,13768.0,529.537393754114
catboost,2019-06-01,6263.0,736.3465007351958
catboost,2018-08-01,296.0,2099.9167843935415
catboost,2018-09-01,487.0,6104.263329113286
catboost,2018-10-01,417.0,4265.737137796206
catboost,2018-11-01,566.0,2653.3694680532394
catboost,2018-12-01,1125.0,2433.1935679576213
catboost,2019-01-01,1764.0,1869.5375529690587
catboost,2019-02-01,2995.0,1225.1348498261582
catboost,2019-03-01,8241.0,1013.6897062473977
catboost,2019-04-01,13333.0,638.3791515209853
catboost,2019-05-01,13768.0,539.9332388795945
catboost,2019-06-01,6263.0,737.351984462046
catboost,2019-07-01,1770.0,1033.4970893613208
catboost,2018-09-01,487.0,5207.036203661595
catboost,2018-10-01,417.0,4091.4940494242273
catboost,2018-11-01,566.0,2336.2425499842775
catboost,2018-12-01,1125.0,2679.3806830022468
catboost,2019-01-01,1764.0,2200.520123448771
catboost,2019-02-01,2995.0,1697.8690563108416
catboost,2019-03-01,8241.0,999.1812883924199
catboost,2019-04-01,13333.0,757.6321218350954
catboost,2019-05-01,13768.0,588.895488042918
catboost,2019-06-01,6263.0,741.9128293839797
catboost,2019-07-01,1770.0,936.2996105519733
catboost,2019-08-01,1143.0,981.6381410240895
catboost,2018-10-01,417.0,1759.9232814715224
catboost,2018-11-01,566.0,2090.228694107301
catboost,2018-12-01,1125.0,2579.898667643147
catboost,2019-01-01,1764.0,2929.3823903957436
catboost,2019-02-01,2995.0,1808.8387548812448
catboost,2019-03-01,8241.0,1180.2301322926708
catboost,2019-04-01,13333.0,737.7539438302801
catboost,2019-05-01,13768.0,470.45921049644994
catboost,2019-06-01,6263.0,520.7783567403769
catboost,2019-07-01,1770.0,564.8723084381877
catboost,2019-08-01,1143.0,629.4510357967747
catboost,2019-09-01,1323.0,778.2788693027728
catboost,2018-11-01,566.0,1381.3550342974402
catboost,2018-12-01,1125.0,1798.7366457064936
catboost,2019-01-01,1764.0,2405.6358386668294
catboost,2019-02-01,2995.0,2285.788194200783
catboost,2019-03-01,8241.0,1932.614395365381
catboost,2019-04-01,13333.0,1008.2953794259756
catboost,2019-05-01,13768.0,592.159737000462
catboost,2019-06-01,6263.0,334.1202894575631
catboost,2019-07-01,1770.0,356.13844403909025
catboost,2019-08-01,1143.0,557.5504392192424
catboost,2019-09-01,1323.0,591.4269505818943
catboost,2019-10-01,1044.0,660.0279108918141
catboost,2018-12-01,1125.0,1195.9671368552645
catboost,2019-01-01,1764.0,1327.0791845166482
catboost,2019-02-01,2995.0,1656.463321776254
catboost,2019-03-01,8241.0,1693.5241298112608
catboost,2019-04-01,13333.0,944.9152405526975
catboost,2019-05-01,13768.0,616.8330940192209
catboost,2019-06-01,6263.0,454.7104555038104
catboost,2019-07-01,1770.0,471.011046505683
catboost,2019-08-01,1143.0,459.6129783150716
catboost,2019-09-01,1323.0,422.24973385082967
catboost,2019-10-01,1044.0,398.6678685464208
catboost,2019-11-01,969.0,698.4822033882565
catboost,2019-01-01,1764.0,1595.1378093486642
catboost,2019-02-01,2995.0,1698.1239391211493
catboost,2019-03-01,8241.0,1953.0530418991261
catboost,2019-04-01,13333.0,1261.969294001009
catboost,2019-05-01,13768.0,711.5455935393632
catboost,2019-06-01,6263.0,571.7746587061968
catboost,2019-07-01,1770.0,389.24976641956073
catboost,2019-08-01,1143.0,341.64647869554983
catboost,2019-09-01,1323.0,443.1964310230858
catboost,2019-10-01,1044.0,539.6196030953481
catboost,2019-11-01,969.0,731.9952655349055
catboost,2019-12-01,1390.0,1267.01887627551
catboost,2019-02-01,2995.0,1793.5997424197117
catboost,2019-03-01,8241.0,1701.7154914971816
catboost,2019-04-01,13333.0,1192.4187659473546
catboost,2019-05-01,13768.0,629.1179554781804
catboost,2019-06-01,6263.0,369.2820484411973
catboost,2019-07-01,1770.0,337.10085348396024
catboost,2019-08-01,1143.0,277.9369036511007
catboost,2019-09-01,1323.0,443.6492269407647
catboost,2019-10-01,1044.0,424.3725142215874
catboost,2019-11-01,969.0,769.5696520619333
catboost,2019-12-01,1390.0,1438.3016970771155
catboost,2020-01-01,2385.0,2654.0418874186325
catboost,2019-03-01,8241.0,2485.6419129710816
catboost,2019-04-01,13333.0,1695.0346962094575
catboost,2019-05-01,13768.0,984.3027972298091
catboost,2019-06-01,6263.0,697.2579908599275
catboost,2019-07-01,1770.0,443.97438042863905
catboost,2019-08-01,1143.0,327.3363457362416
catboost,2019-09-01,1323.0,493.98408426320657
catboost,2019-10-01,1044.0,595.0698681475742
catboost,2019-11-01,969.0,974.4641096699181
catboost,2019-12-01,1390.0,1498.063734668755
catboost,2020-01-01,2385.0,2360.7365791508487
catboost,2020-02-01,3149.0,7124.383112126365
catboost,2019-04-01,13333.0,2840.2343156902753
catboost,2019-05-01,13768.0,1362.343453376848
catboost,2019-06-01,6263.0,772.273680574337
catboost,2019-07-01,1770.0,491.3523990051458
catboost,2019-08-01,1143.0,507.58196071712314
catboost,2019-09-01,1323.0,468.0381089085422
catboost,2019-10-01,1044.0,373.8608416703314
catboost,2019-11-01,969.0,781.2677310624485
catboost,2019-12-01,1390.0,1288.8937022247856
catboost,2020-01-01,2385.0,1777.1021468721938
catboost,2020-02-01,3149.0,3821.3471485456766
catboost,2020-03-01,2933.0,6568.840027184138
catboost,2019-05-01,13768.0,6530.356686387464
catboost,2019-06-01,6263.0,2618.1334377121175
catboost,2019-07-01,1770.0,1448.224158386758
catboost,2019-08-01,1143.0,1142.0951276674998
catboost,2019-09-01,1323.0,764.1881209372148
catboost,2019-10-01,1044.0,702.2364409459408
catboost,2019-11-01,969.0,788.5187199621616
catboost,2019-12-01,1390.0,1700.7403137478505
catboost,2020-01-01,2385.0,3207.6350581454953
catboost,2020-02-01,3149.0,7959.838434400525
catboost,2020-03-01,2933.0,14863.581009315036
catboost,2020-04-01,2029.0,7055.848138804261
catboost,2019-06-01,6263.0,9283.394473790257
catboost,2019-07-01,1770.0,7299.293956431062
catboost,2019-08-01,1143.0,2843.814048037373
catboost,2019-09-01,1323.0,1952.1974698930055
catboost,2019-10-01,1044.0,1774.7090575476568
catboost,2019-11-01,969.0,1494.8396494946335
catboost,2019-12-01,1390.0,1411.7055328280626
catboost,2020-01-01,2385.0,2042.7842447633232
catboost,2020-02-01,3149.0,4955.783466839477
catboost,2020-03-01,2933.0,5805.672503466947
catboost,2020-04-01,2029.0,3294.570406303327
catboost,2020-05-01,1571.0,2494.225603411798
catboost,2019-07-01,1770.0,3141.136458499666
catboost,2019-08-01,1143.0,2350.761358030013
catboost,2019-09-01,1323.0,2251.730048254366
catboost,2019-10-01,1044.0,2543.3705882873273
catboost,2019-11-01,969.0,3268.470995702455
catboost,2019-12-01,1390.0,4178.142459660394
catboost,2020-01-01,2385.0,6218.763413594534
catboost,2020-02-01,3149.0,6977.3366221441765
catboost,2020-03-01,2933.0,6099.515812327561
catboost,2020-04-01,2029.0,3989.9314856312917
catboost,2020-05-01,1571.0,2419.822501671673
catboost,2020-06-01,796.0,1925.3959282183587
catboost,2019-08-01,1143.0,1134.4814886804224
catboost,2019-09-01,1323.0,824.0040500236278
catboost,2019-10-01,1044.0,703.7422384856259
catboost,2019-11-01,969.0,751.4078824234057
catboost,2019-12-01,1390.0,1413.6313775780889
catboost,2020-01-01,2385.0,2667.734894355648
catboost,2020-02-01,3149.0,7987.354634547587
catboost,2020-03-01,2933.0,16063.262224241611
catboost,2020-04-01,2029.0,9374.605736222587
catboost,2020-05-01,1571.0,4189.728705535934
catboost,2020-06-01,796.0,1835.7366856374344
catboost,2020-07-01,547.0,1317.4504940893223
catboost,2019-09-01,1323.0,903.6212393208998
catboost,2019-10-01,1044.0,637.0850787272307
catboost,2019-11-01,969.0,807.3014779931023
catboost,2019-12-01,1390.0,1383.7819425076377
catboost,2020-01-01,2385.0,2292.471356103249
catboost,2020-02-01,3149.0,7322.845493616966
catboost,2020-03-01,2933.0,8590.098323653596
catboost,2020-04-01,2029.0,8396.022171245244
catboost,2020-05-01,1571.0,5726.386734575131
catboost,2020-06-01,796.0,1892.4305157697581
catboost,2020-07-01,547.0,1446.6416888919055
catboost,2020-08-01,473.0,1088.5866077940213
catboost,2019-10-01,1044.0,907.4927057630227
catboost,2019-11-01,969.0,1041.4371205445254
catboost,2019-12-01,1390.0,1532.7835478603834
catboost,2020-01-01,2385.0,2585.9866295820516
catboost,2020-02-01,3149.0,6378.330560582482
catboost,2020-03-01,2933.0,7023.614099116674
catboost,2020-04-01,2029.0,3902.8799952585196
catboost,2020-05-01,1571.0,1775.4336934464181
catboost,2020-06-01,796.0,1377.002702801822
catboost,2020-07-01,547.0,922.1202378234841
catboost,2020-08-01,473.0,864.8523130106116
catboost,2020-09-01,481.0,743.4532309069143
catboost,2019-11-01,969.0,1116.1336701485452
catboost,2019-12-01,1390.0,1697.3256640741693
catboost,2020-01-01,2385.0,2401.1674657562867
catboost,2020-02-01,3149.0,6848.230524009021
catboost,2020-03-01,2933.0,7567.3489071511485
catboost,2020-04-01,2029.0,4208.8681860683355
catboost,2020-05-01,1571.0,2060.871161715046
catboost,2020-06-01,796.0,1583.9915244533468
catboost,2020-07-01,547.0,1037.320424993636
catboost,2020-08-01,473.0,974.4320781758067
catboost,2020-09-01,481.0,875.3843275667878
catboost,2020-10-01,331.0,1085.5213161371014
catboost,2019-12-01,1390.0,1553.7453184496844
catboost,2020-01-01,2385.0,2415.7759077326436
catboost,2020-02-01,3149.0,6848.290049910833
catboost,2020-03-01,2933.0,7995.820152300195
catboost,2020-04-01,2029.0,7871.022422713827
catboost,2020-05-01,1571.0,5192.484266217691
catboost,2020-06-01,796.0,2053.8361559740297
catboost,2020-07-01,547.0,1594.2925554043516
catboost,2020-08-01,473.0,1383.0853948821893
catboost,2020-09-01,481.0,1323.6225808882384
catboost,2020-10-01,331.0,1350.5807867788315
catboost,2020-11-01,592.0,1460.076176101562
catboost,2020-01-01,2385.0,1987.0363730340268
catboost,2020-02-01,3149.0,5494.356764601912
catboost,2020-03-01,2933.0,6440.2042250332
catboost,2020-04-01,2029.0,3531.1096544631146
catboost,2020-05-01,1571.0,1688.0558600026238
catboost,2020-06-01,796.0,1175.1886913448056
catboost,2020-07-01,547.0,921.2025476385368
catboost,2020-08-01,473.0,821.6005341335069
catboost,2020-09-01,481.0,874.2955966569634
catboost,2020-10-01,331.0,1103.6137339343943
catboost,2020-11-01,592.0,1385.4500417640138
catboost,2020-12-01,484.0,1739.699971752901
catboost,2020-02-01,3149.0,7123.366713904469
catboost,2020-03-01,2933.0,8670.388337280472
catboost,2020-04-01,2029.0,8820.229310758183
catboost,2020-05-01,1571.0,6125.511663842346
catboost,2020-06-01,796.0,2117.5034063228245
catboost,2020-07-01,547.0,1629.365536009314
catboost,2020-08-01,473.0,1305.811906565914
catboost,2020-09-01,481.0,1114.373625678425
catboost,2020-10-01,331.0,1149.1717489073797
catboost,2020-11-01,592.0,1401.857901153158
catboost,2020-12-01,484.0,1760.2494359305456
catboost,2021-01-01,1177.0,1472.8476285254792
catboost,2020-03-01,2933.0,4337.999604000206
catboost,2020-04-01,2029.0,3152.7603286071376
catboost,2020-05-01,1571.0,1892.5581565468042
catboost,2020-06-01,796.0,1510.5786137880636
catboost,2020-07-01,547.0,937.444690157733
catboost,2020-08-01,473.0,857.2723461583689
catboost,2020-09-01,481.0,825.438322178185
catboost,2020-10-01,331.0,959.1030613512962
catboost,2020-11-01,592.0,1356.5103935689513
catboost,2020-12-01,484.0,1759.9311365051758
catboost,2021-01-01,1177.0,1284.7240382143884
catboost,2021-02-01,1765.0,756.6052207437467
catboost,2020-04-01,2029.0,2516.578520700037
catboost,2020-05-01,1571.0,1761.1743233947627
catboost,2020-06-01,796.0,1173.675483960876
catboost,2020-07-01,547.0,904.2565059180706
catboost,2020-08-01,473.0,867.945888972843
catboost,2020-09-01,481.0,782.6346262523398
catboost,2020-10-01,331.0,1055.429849098479
catboost,2020-11-01,592.0,1506.720114678485
catboost,2020-12-01,484.0,1632.616626662092
catboost,2021-01-01,1177.0,1439.7013565553711
catboost,2021-02-01,1765.0,918.3610413769895
catboost,2021-03-01,3255.0,685.5997679518043
catboost,2020-05-01,1571.0,1413.503522596607
catboost,2020-06-01,796.0,1223.6520617484307
catboost,2020-07-01,547.0,791.5713242320371
catboost,2020-08-01,473.0,737.7368808844556
catboost,2020-09-01,481.0,918.9252551717036
catboost,2020-10-01,331.0,1130.8834052372883
catboost,2020-11-01,592.0,1394.6800017031244
catboost,2020-12-01,484.0,1506.80331782485
catboost,2021-01-01,1177.0,1240.1621567389273
catboost,2021-02-01,1765.0,939.6290933015098
catboost,2021-03-01,3255.0,604.7031363112224
catboost,2021-04-01,6693.0,369.2957013299515
catboost,2020-06-01,796.0,1118.7277272349338
catboost,2020-07-01,547.0,822.955535997708
catboost,2020-08-01,473.0,790.4424863661168
catboost,2020-09-01,481.0,772.0357328730461
catboost,2020-10-01,331.0,993.3151248832662
catboost,2020-11-01,592.0,1338.720877680095
catboost,2020-12-01,484.0,1446.7148033913202
catboost,2021-01-01,1177.0,1186.9159193957103
catboost,2021-02-01,1765.0,855.9378841567425
catboost,2021-03-01,3255.0,661.2726045968718
catboost,2021-04-01,6693.0,450.5739050101688
catboost,2021-05-01,5349.0,646.94386590668
catboost,2020-07-01,547.0,583.6962209474268
catboost,2020-08-01,473.0,657.1388478752419
catboost,2020-09-01,481.0,787.7257538304273
catboost,2020-10-01,331.0,1219.6829601669747
catboost,2020-11-01,592.0,1396.3368577664546
catboost,2020-12-01,484.0,1602.1530757735795
catboost,2021-01-01,1177.0,1310.7555493221964
catboost,2021-02-01,1765.0,1018.6491121881008
catboost,2021-03-01,3255.0,689.958779803135
catboost,2021-04-01,6693.0,385.9849347244108
catboost,2021-05-01,5349.0,705.9086871550501
catboost,2021-06-01,1819.0,745.3686929164485
catboost,2020-08-01,473.0,581.8379027443993
catboost,2020-09-01,481.0,602.2001372263258
catboost,2020-10-01,331.0,876.8267803400938
catboost,2020-11-01,592.0,1235.1490839461642
catboost,2020-12-01,484.0,1613.8350517333142
catboost,2021-01-01,1177.0,1685.9614068400085
catboost,2021-02-01,1765.0,1006.567124535243
catboost,2021-03-01,3255.0,688.5498509585445
catboost,2021-04-01,6693.0,532.406649220522
catboost,2021-05-01,5349.0,869.3511922595021
catboost,2021-06-01,1819.0,585.960827606953
catboost,2021-07-01,972.0,620.7782490179727
catboost,2020-09-01,481.0,665.6244588812235
catboost,2020-10-01,331.0,1041.7178879917635
catboost,2020-11-01,592.0,1409.8482206317506
catboost,2020-12-01,484.0,1567.9114984605776
catboost,2021-01-01,1177.0,1527.2996868901755
catboost,2021-02-01,1765.0,1098.9817477647669
catboost,2021-03-01,3255.0,706.309831135766
catboost,2021-04-01,6693.0,340.8031836339678
catboost,2021-05-01,5349.0,665.060861522277
catboost,2021-06-01,1819.0,665.4781825283912
catboost,2021-07-01,972.0,512.7617745505981
catboost,2021-08-01,1005.0,452.7126467879725
catboost,2020-10-01,331.0,846.2561108232005
catboost,2020-11-01,592.0,1375.9669822088156
catboost,2020-12-01,484.0,1587.5283810235526
catboost,2021-01-01,1177.0,1440.3722548909295
catboost,2021-02-01,1765.0,1276.3123080362955
catboost,2021-03-01,3255.0,1073.505735433306
catboost,2021-04-01,6693.0,570.4935660432393
catboost,2021-05-01,5349.0,672.9637764669899
catboost,2021-06-01,1819.0,643.0361129869459
catboost,2021-07-01,972.0,708.0394700340157
catboost,2021-08-01,1005.0,676.7091354165898
catboost,2021-09-01,711.0,625.7296175415893
catboost,2020-11-01,592.0,1003.7270473197614
catboost,2020-12-01,484.0,1256.6758182840872
catboost,2021-01-01,1177.0,1223.047236957069
catboost,2021-02-01,1765.0,1219.847258315755
catboost,2021-03-01,3255.0,1350.570772581744
catboost,2021-04-01,6693.0,899.1668447097702
catboost,2021-05-01,5349.0,691.1703875273747
catboost,2021-06-01,1819.0,623.5999154950493
catboost,2021-07-01,972.0,655.1713998848359
catboost,2021-08-01,1005.0,808.4637475455831
catboost,2021-09-01,711.0,642.9847841118187
catboost,2021-10-01,756.0,593.9208016024947
catboost,2020-12-01,484.0,1059.1086957788762
catboost,2021-01-01,1177.0,1249.2563565015485
catboost,2021-02-01,1765.0,1286.4987233235609
catboost,2021-03-01,3255.0,1372.371393059131
catboost,2021-04-01,6693.0,1072.7742412872974
catboost,2021-05-01,5349.0,855.2334051985381
catboost,2021-06-01,1819.0,741.9836281314635
catboost,2021-07-01,972.0,901.05428410134
catboost,2021-08-01,1005.0,813.2157344086884
catboost,2021-09-01,711.0,693.6883853169602
catboost,2021-10-01,756.0,572.5423516083633
catboost,2021-11-01,860.0,623.7454319347291
catboost,2021-01-01,1177.0,910.2533914511896
catboost,2021-02-01,1765.0,1264.087403659712
catboost,2021-03-01,3255.0,1626.2430562524655
catboost,2021-04-01,6693.0,1899.597018027185
catboost,2021-05-01,5349.0,2140.134081146769
catboost,2021-06-01,1819.0,2235.9336349414198
catboost,2021-07-01,972.0,2091.1389523302873
catboost,2021-08-01,1005.0,1732.7894800746885
catboost,2021-09-01,711.0,1057.2303568486864
catboost,2021-10-01,756.0,621.5412396373272
catboost,2021-11-01,860.0,639.5332503419352
catboost,2021-12-01,853.0,640.8885040023204
catboost,2021-02-01,1765.0,1157.5911148235818
catboost,2021-03-01,3255.0,1362.749283846878
catboost,2021-04-01,6693.0,1235.531613918344
catboost,2021-05-01,5349.0,1469.9227838135694
catboost,2021-06-01,1819.0,1210.9573442112983
catboost,2021-07-01,972.0,915.4626953470258
catboost,2021-08-01,1005.0,940.7982064582984
catboost,2021-09-01,711.0,703.6849114069232
catboost,2021-10-01,756.0,518.8786406381266
catboost,2021-11-01,860.0,456.92383331657993
catboost,2021-12-01,853.0,642.9810374111182
catboost,2022-01-01,1560.0,980.8457892545935
catboost,2021-03-01,3255.0,1723.1558764845806
catboost,2021-04-01,6693.0,1270.7637297007288
catboost,2021-05-01,5349.0,1681.2943271966788
catboost,2021-06-01,1819.0,1187.594153786718
catboost,2021-07-01,972.0,1049.122534783548
catboost,2021-08-01,1005.0,767.4334823501376
catboost,2021-09-01,711.0,655.5621594391532
catboost,2021-10-01,756.0,525.5389403315978
catboost,2021-11-01,860.0,487.11346641783393
catboost,2021-12-01,853.0,731.991199505864
catboost,2022-01-01,1560.0,1291.560626547805
catboost,2022-02-01,1478.0,1811.4135413987215
catboost,2021-04-01,6693.0,3464.0747607920903
catboost,2021-05-01,5349.0,3373.596058079278
catboost,2021-06-01,1819.0,3113.431724580002
catboost,2021-07-01,972.0,2134.8623514586034
catboost,2021-08-01,1005.0,1796.8461641634262
catboost,2021-09-01,711.0,1220.307831033769
catboost,2021-10-01,756.0,995.2930238949293
catboost,2021-11-01,860.0,843.5412229910648
catboost,2021-12-01,853.0,1050.8609098435131
catboost,2022-01-01,1560.0,1310.4952673023533
catboost,2022-02-01,1478.0,1653.9163401783248
catboost,2022-03-01,3568.0,2244.3335219749747
catboost,2021-05-01,5349.0,5987.224744503132
catboost,2021-06-01,1819.0,4024.958220842341
catboost,2021-07-01,972.0,2449.0386396676167
catboost,2021-08-01,1005.0,1842.255488423914
catboost,2021-09-01,711.0,1067.7302058605387
catboost,2021-10-01,756.0,900.0800329458712
catboost,2021-11-01,860.0,846.4135150841421
catboost,2021-12-01,853.0,958.2486251846367
catboost,2022-01-01,1560.0,1348.4302375902196
catboost,2022-02-01,1478.0,1946.4004948024065
catboost,2022-03-01,3568.0,4029.7916633661957
catboost,2022-04-01,9307.0,4231.273352365835
catboost,2021-06-01,1819.0,3656.1211358750897
catboost,2021-07-01,972.0,2542.0057507897386
catboost,2021-08-01,1005.0,2125.7026571563383
catboost,2021-09-01,711.0,1295.6718886142323
catboost,2021-10-01,756.0,959.5040660241675
catboost,2021-11-01,860.0,854.8169599868063
catboost,2021-12-01,853.0,816.0355810240876
catboost,2022-01-01,1560.0,1329.142105727174
catboost,2022-02-01,1478.0,1682.5488801213564
catboost,2022-03-01,3568.0,2478.1521597742562
catboost,2022-04-01,9307.0,3397.263260013368
catboost,2022-05-01,13710.0,2371.388996360011
catboost,2021-07-01,972.0,1406.6643443696573
catboost,2021-08-01,1005.0,1157.4930958431655
catboost,2021-09-01,711.0,921.909085689228
catboost,2021-10-01,756.0,837.814273903592
catboost,2021-11-01,860.0,923.5166905760843
catboost,2021-12-01,853.0,1016.8316058961689
catboost,2022-01-01,1560.0,1337.3343655823335
catboost,2022-02-01,1478.0,1643.670690267994
catboost,2022-03-01,3568.0,2709.8243144351377
catboost,2022-04-01,9307.0,3608.5181990960396
catboost,2022-05-01,13710.0,2269.899931936657
catboost,2022-06-01,4328.0,1470.2481734697085
catboost,2021-08-01,1005.0,873.1409355823769
catboost,2021-09-01,711.0,775.1374412848486
catboost,2021-10-01,756.0,773.8379698937033
catboost,2021-11-01,860.0,906.4100324956507
catboost,2021-12-01,853.0,1060.8673678539224
catboost,2022-01-01,1560.0,1597.5664462360514
catboost,2022-02-01,1478.0,2145.3395041499994
catboost,2022-03-01,3568.0,3862.7506559859585
catboost,2022-04-01,9307.0,4445.644458082793
catboost,2022-05-01,13710.0,2155.122063826341
catboost,2022-06-01,4328.0,1063.6693751455052
catboost,2022-07-01,2846.0,755.642427900023
catboost,2021-09-01,711.0,831.7490526722534
catboost,2021-10-01,756.0,828.3451061176065
catboost,2021-11-01,860.0,840.5609181514587
catboost,2021-12-01,853.0,921.7896737230246
catboost,2022-01-01,1560.0,1390.8716148082299
catboost,2022-02-01,1478.0,2057.9258446076274
catboost,2022-03-01,3568.0,3894.3018908806603
catboost,2022-04-01,9307.0,4787.405995041783
catboost,2022-05-01,13710.0,2560.191280991011
catboost,2022-06-01,4328.0,1456.650371938636
catboost,2022-07-01,2846.0,829.1936081117597
catboost,2022-08-01,1243.0,512.6878293773007
catboost,2021-10-01,756.0,665.2924952917051
catboost,2021-11-01,860.0,742.7328690701938
catboost,2021-12-01,853.0,1039.976321511803
catboost,2022-01-01,1560.0,1597.3864222628874
catboost,2022-02-01,1478.0,2241.409457443597
catboost,2022-03-01,3568.0,4709.22557026619
catboost,2022-04-01,9307.0,3975.5099250228377
catboost,2022-05-01,13710.0,2081.7442843235963
catboost,2022-06-01,4328.0,1129.9821861027895
catboost,2022-07-01,2846.0,861.5680184003388
catboost,2022-08-01,1243.0,511.91963910234267
catboost,2022-09-01,1206.0,408.5600546549381
catboost,2021-11-01,860.0,800.6716196308782
catboost,2021-12-01,853.0,1084.2678141319045
catboost,2022-01-01,1560.0,1536.3827137386077
catboost,2022-02-01,1478.0,2135.73361118403
catboost,2022-03-01,3568.0,4556.343127672818
catboost,2022-04-01,9307.0,4530.610537849374
catboost,2022-05-01,13710.0,2251.361854537612
catboost,2022-06-01,4328.0,1384.9626715806994
catboost,2022-07-01,2846.0,743.1585706302719
catboost,2022-08-01,1243.0,499.2861432464963
catboost,2022-09-01,1206.0,422.2765205894739
catboost,2022-10-01,2169.0,498.4985923714762
catboost,2021-12-01,853.0,960.3416978265232
catboost,2022-01-01,1560.0,1511.4841737349097
catboost,2022-02-01,1478.0,2104.491335449111
catboost,2022-03-01,3568.0,3983.1729241973976
catboost,2022-04-01,9307.0,3889.7538879661515
catboost,2022-05-01,13710.0,2409.0326171781217
catboost,2022-06-01,4328.0,1510.9558624495853
catboost,2022-07-01,2846.0,978.4212563341555
catboost,2022-08-01,1243.0,612.3202680464665
catboost,2022-09-01,1206.0,372.85883703248464
catboost,2022-10-01,2169.0,501.7476531099412
catboost,2022-11-01,1275.0,606.2227100590289
catboost,2022-01-01,1560.0,1471.3790623798845
catboost,2022-02-01,1478.0,2094.713894832968
catboost,2022-03-01,3568.0,4109.383319865044
catboost,2022-04-01,9307.0,4348.915917873083
catboost,2022-05-01,13710.0,2506.048568183022
catboost,2022-06-01,4328.0,1353.2292800199039
catboost,2022-07-01,2846.0,902.5852602924845
catboost,2022-08-01,1243.0,516.2413235055967
catboost,2022-09-01,1206.0,427.51405923970015
catboost,2022-10-01,2169.0,560.4486658774545
catboost,2022-11-01,1275.0,530.5375506376065
catboost,2022-12-01,597.0,655.1600218309516
catboost,2022-02-01,1478.0,2188.502560622059
catboost,2022-03-01,3568.0,4265.736523876501
catboost,2022-04-01,9307.0,4346.616769560224
catboost,2022-05-01,13710.0,2298.4371393121846
catboost,2022-06-01,4328.0,1407.782526018164
catboost,2022-07-01,2846.0,930.8710532527148
catboost,2022-08-01,1243.0,468.149699706345
catboost,2022-09-01,1206.0,450.32575914475774
catboost,2022-10-01,2169.0,535.3071059019373
catboost,2022-11-01,1275.0,535.2239169716654
catboost,2022-12-01,597.0,750.4588214194805
catboost,2023-01-01,4452.0,850.1872404214794
catboost,2022-03-01,3568.0,2220.939162231084
catboost,2022-04-01,9307.0,3569.62741106694
catboost,2022-05-01,13710.0,2407.5418529901353
catboost,2022-06-01,4328.0,1406.1423616969284
catboost,2022-07-01,2846.0,885.4631796565986
catboost,2022-08-01,1243.0,584.8152724113788
catboost,2022-09-01,1206.0,424.59794893737717
catboost,2022-10-01,2169.0,488.2186000543561
catboost,2022-11-01,1275.0,500.38219941042826
catboost,2022-12-01,597.0,661.9933745751509
catboost,2023-01-01,4452.0,676.8672779144931
catboost,2023-02-01,5623.0,1003.3452660289759
catboost,2022-04-01,9307.0,3531.3388395002976
catboost,2022-05-01,13710.0,2386.5558135095257
catboost,2022-06-01,4328.0,1346.349880895109
catboost,2022-07-01,2846.0,916.8755799671771
catboost,2022-08-01,1243.0,524.4207612965242
catboost,2022-09-01,1206.0,418.5822466352515
catboost,2022-10-01,2169.0,508.98472426433386
catboost,2022-11-01,1275.0,541.8984904541371
catboost,2022-12-01,597.0,716.6032760451117
catboost,2023-01-01,4452.0,785.0465746297959
catboost,2023-02-01,5623.0,1256.3555748860385
catboost,2023-03-01,9710.0,1986.270531037745
catboost,2022-05-01,13710.0,8522.899665088908
catboost,2022-06-01,4328.0,6287.807383919328
catboost,2022-07-01,2846.0,2065.221072853369
catboost,2022-08-01,1243.0,1042.7215255345814
catboost,2022-09-01,1206.0,771.2440661389144
catboost,2022-10-01,2169.0,871.1830645854609
catboost,2022-11-01,1275.0,799.5082717562373
catboost,2022-12-01,597.0,950.8011417037083
catboost,2023-01-01,4452.0,1158.271733869497
catboost,2023-02-01,5623.0,1230.7673485570137
catboost,2023-03-01,9710.0,1674.1621939215347
catboost,2023-04-01,13852.0,2149.082162362948
catboost,2022-06-01,4328.0,8763.492684365614
catboost,2022-07-01,2846.0,5034.200324101498
catboost,2022-08-01,1243.0,1237.6722722444026
catboost,2022-09-01,1206.0,1043.9952293241597
catboost,2022-10-01,2169.0,893.3946557532133
catboost,2022-11-01,1275.0,922.2265334197148
catboost,2022-12-01,597.0,936.3288842889503
catboost,2023-01-01,4452.0,1294.4482323600566
catboost,2023-02-01,5623.0,1696.9755926542805
catboost,2023-03-01,9710.0,1987.7832282100123
catboost,2023-04-01,13852.0,2664.588903464355
catboost,2023-05-01,9355.0,3383.694447665919
catboost,2022-07-01,2846.0,1419.1095963960058
catboost,2022-08-01,1243.0,848.9470665471567
catboost,2022-09-01,1206.0,730.256039066167
catboost,2022-10-01,2169.0,759.084785609778
catboost,2022-11-01,1275.0,911.8510323759913
catboost,2022-12-01,597.0,1023.3774298473058
catboost,2023-01-01,4452.0,1187.9903708617603
catboost,2023-02-01,5623.0,1218.7686507240387
catboost,2023-03-01,9710.0,1655.9734044114682
catboost,2023-04-01,13852.0,2099.6680660139955
catboost,2023-05-01,9355.0,2983.5573554004936
catboost,2023-06-01,4347.0,2807.5844540192543
catboost,2022-08-01,1243.0,1637.1850885175684
catboost,2022-09-01,1206.0,1110.9591927852437
catboost,2022-10-01,2169.0,920.9773726893065
catboost,2022-11-01,1275.0,879.811264806172
catboost,2022-12-01,597.0,917.4815346289813
catboost,2023-01-01,4452.0,1116.0952428246833
catboost,2023-02-01,5623.0,1227.3582636986273
catboost,2023-03-01,9710.0,1832.9377647880658
catboost,2023-04-01,13852.0,2992.9844789180697
catboost,2023-05-01,9355.0,3648.904053435941
catboost,2023-06-01,4347.0,3316.6457549302527
catboost,2023-07-01,3003.0,2853.4073560483835
catboost,2022-09-01,1206.0,1017.9929664058689
catboost,2022-10-01,2169.0,781.306794818586
catboost,2022-11-01,1275.0,865.1383072543713
catboost,2022-12-01,597.0,937.64458430586
catboost,2023-01-01,4452.0,1085.6335319449306
catboost,2023-02-01,5623.0,1268.8656355458627
catboost,2023-03-01,9710.0,1526.3226529871083
catboost,2023-04-01,13852.0,1916.2126975257052
catboost,2023-05-01,9355.0,2587.382551858489
catboost,2023-06-01,4347.0,2219.998208119251
catboost,2023-07-01,3003.0,1779.2010856994423
catboost,2023-08-01,2386.0,1410.8591021811528
catboost,2022-10-01,2169.0,799.2635249124835
catboost,2022-11-01,1275.0,880.9311027760511
catboost,2022-12-01,597.0,927.9773404125685
catboost,2023-01-01,4452.0,1008.4414951029526
catboost,2023-02-01,5623.0,1091.4219591911049
catboost,2023-03-01,9710.0,1381.2904920840094
catboost,2023-04-01,13852.0,1925.500442106656
catboost,2023-05-01,9355.0,2164.668693599441
catboost,2023-06-01,4347.0,2064.36119135298
catboost,2023-07-01,3003.0,1845.974767296199
catboost,2023-08-01,2386.0,1406.2882780936266
catboost,2023-09-01,2708.0,960.7090622550561
catboost,2022-11-01,1275.0,1688.7313558240444
catboost,2022-12-01,597.0,1368.316103912761
catboost,2023-01-01,4452.0,1463.1351104172531
catboost,2023-02-01,5623.0,1405.6268813532142
catboost,2023-03-01,9710.0,1334.3300674281054
catboost,2023-04-01,13852.0,1274.2384251385347
catboost,2023-05-01,9355.0,1155.018999536269
catboost,2023-06-01,4347.0,823.8957933205852
catboost,2023-07-01,3003.0,683.4976170153645
catboost,2023-08-01,2386.0,630.4264739902883
catboost,2023-09-01,2708.0,578.4280655209036
catboost,2023-10-01,3635.0,715.9235156313225
catboost,2022-12-01,597.0,1386.6736770616956
catboost,2023-01-01,4452.0,1473.9103806646879
catboost,2023-02-01,5623.0,1336.3769989103548
catboost,2023-03-01,9710.0,1431.9521789510518
catboost,2023-04-01,13852.0,1509.091282974257
catboost,2023-05-01,9355.0,1581.9042603720102
catboost,2023-06-01,4347.0,1271.5757017984727
catboost,2023-07-01,3003.0,940.2241785999811
catboost,2023-08-01,2386.0,716.0927399257437
catboost,2023-09-01,2708.0,700.1099579316301
catboost,2023-10-01,3635.0,767.0563684358785
catboost,2023-11-01,3157.0,1076.1241023272603
catboost,2023-01-01,4452.0,958.3719178835781
catboost,2023-02-01,5623.0,1174.5942183563732
catboost,2023-03-01,9710.0,1675.1250707742056
catboost,2023-04-01,13852.0,2133.614643389177
catboost,2023-05-01,9355.0,2975.1079538892627
catboost,2023-06-01,4347.0,3332.1545872489596
catboost,2023-07-01,3003.0,2777.2789003858716
catboost,2023-08-01,2386.0,2230.5221068486203
catboost,2023-09-01,2708.0,1549.970496521306
catboost,2023-10-01,3635.0,1271.7046998394403
catboost,2023-11-01,3157.0,1159.185535654515
catboost,2023-12-01,6082.0,880.8897583192306
catboost,2023-02-01,5623.0,2758.9248709560775
catboost,2023-03-01,9710.0,2009.7023429339683
catboost,2023-04-01,13852.0,2635.417677192845
catboost,2023-05-01,9355.0,2818.97575059994
catboost,2023-06-01,4347.0,2110.369248589587
catboost,2023-07-01,3003.0,1706.4159860041134
catboost,2023-08-01,2386.0,1490.9946438973946
catboost,2023-09-01,2708.0,1091.8523815630954
catboost,2023-10-01,3635.0,1181.6345020466256
catboost,2023-11-01,3157.0,1151.556358489483
catboost,2023-12-01,6082.0,1084.4574095011276
catboost,2024-01-01,29750.0,1565.0332823761373
catboost,2023-03-01,9710.0,3564.5112973240266
catboost,2023-04-01,13852.0,4378.58163678192
catboost,2023-05-01,9355.0,3577.440003910029
catboost,2023-06-01,4347.0,2452.9990528294256
catboost,2023-07-01,3003.0,2016.3770057097704
catboost,2023-08-01,2386.0,1609.1103474484373
catboost,2023-09-01,2708.0,1005.5087218919116
catboost,2023-10-01,3635.0,1223.0491322208106
catboost,2023-11-01,3157.0,1219.0795437951144
catboost,2023-12-01,6082.0,1164.0975149459546
catboost,2024-01-01,29750.0,2172.885338489459
catboost,2024-02-01,124453.0,3388.5620370821744
catboost,2023-04-01,13852.0,11638.461802578402
catboost,2023-05-01,9355.0,7651.599480334427
catboost,2023-06-01,4347.0,5509.953841279428
catboost,2023-07-01,3003.0,3673.1005945831544
catboost,2023-08-01,2386.0,2730.9884833368715
catboost,2023-09-01,2708.0,1941.0356161727404
catboost,2023-10-01,3635.0,1796.433988417949
catboost,2023-11-01,3157.0,1877.3369309772884
catboost,2023-12-01,6082.0,2098.3176443587545
catboost,2024-01-01,29750.0,2847.4220451017877
catboost,2024-02-01,124453.0,3432.812546046439
catboost,2024-03-01,331402.0,4417.647547848944
catboost,2023-05-01,9355.0,8856.38241703604
catboost,2023-06-01,4347.0,6672.042843024043
catboost,2023-07-01,3003.0,3640.5483130677985
catboost,2023-08-01,2386.0,2593.077441615822
catboost,2023-09-01,2708.0,1964.173780394316
catboost,2023-10-01,3635.0,1830.937017951131
catboost,2023-11-01,3157.0,1861.0745551148443
catboost,2023-12-01,6082.0,2506.5784021964773
catboost,2024-01-01,29750.0,3307.201327546038
catboost,2024-02-01,124453.0,4150.481817910083
catboost,2024-03-01,331402.0,4884.757223589485
catboost,2024-04-01,320473.0,4993.475709108079
catboost,2023-06-01,4347.0,6639.864494342166
catboost,2023-07-01,3003.0,3299.1510534025283
catboost,2023-08-01,2386.0,2709.9204319899386
catboost,2023-09-01,2708.0,1922.6167400815793
catboost,2023-10-01,3635.0,1765.7159876253302
catboost,2023-11-01,3157.0,1905.5131162973735
catboost,2023-12-01,6082.0,2468.435650668067
catboost,2024-01-01,29750.0,3071.042369195839
catboost,2024-02-01,124453.0,3744.5357643378716
catboost,2024-03-01,331402.0,5022.224280896834
catboost,2024-04-01,320473.0,5456.266858515499
catboost,2024-05-01,265248.0,4784.658369732598
catboost,2023-07-01,3003.0,2550.06149443901
catboost,2023-08-01,2386.0,1949.3009271769604
catboost,2023-09-01,2708.0,1651.2547058999787
catboost,2023-10-01,3635.0,1874.5100047422034
catboost,2023-11-01,3157.0,1961.5263057104285
catboost,2023-12-01,6082.0,2481.1132710169663
catboost,2024-01-01,29750.0,3495.387455891157
catboost,2024-02-01,124453.0,4595.048779437601
catboost,2024-03-01,331402.0,5322.712938977508
catboost,2024-04-01,320473.0,4957.843652496388
catboost,2024-05-01,265248.0,4133.216939981753
catboost,2024-06-01,109649.0,3401.596434012323
catboost,2023-08-01,2386.0,2785.7062138136553
catboost,2023-09-01,2708.0,2428.8187902872014
catboost,2023-10-01,3635.0,2434.7661997775353
catboost,2023-11-01,3157.0,2592.02693631484
catboost,2023-12-01,6082.0,3084.89652653016
catboost,2024-01-01,29750.0,3821.9637249863517
catboost,2024-02-01,124453.0,4956.384823956789
catboost,2024-03-01,331402.0,5594.469344299434
catboost,2024-04-01,320473.0,5983.719847782186
catboost,2024-05-01,265248.0,5542.006628552843
catboost,2024-06-01,109649.0,4615.6226999007
catboost,2024-07-01,24288.0,3672.639693892958
catboost,2023-09-01,2708.0,2030.0513378061214
catboost,2023-10-01,3635.0,2012.19032896694
catboost,2023-11-01,3157.0,2225.5304336835816
catboost,2023-12-01,6082.0,3076.651956478845
catboost,2024-01-01,29750.0,3652.7361949479127
catboost,2024-02-01,124453.0,4321.1075823927295
catboost,2024-03-01,331402.0,4710.2692593842585
catboost,2024-04-01,320473.0,4569.343669588705
catboost,2024-05-01,265248.0,4043.3573874359604
catboost,2024-06-01,109649.0,3202.539733369884
catboost,2024-07-01,24288.0,2834.173914303621
catboost,2024-08-01,13835.0,2289.011379295062
catboost,2023-10-01,3635.0,2545.743539185784
catboost,2023-11-01,3157.0,2466.175137140284
catboost,2023-12-01,6082.0,3396.717362298716
catboost,2024-01-01,29750.0,3964.5067790295543
catboost,2024-02-01,124453.0,4417.667651735094
catboost,2024-03-01,331402.0,5081.959796811299
catboost,2024-04-01,320473.0,4791.732838859075
catboost,2024-05-01,265248.0,4070.782132139503
catboost,2024-06-01,109649.0,3175.155535726426
catboost,2024-07-01,24288.0,2821.0113595943535
catboost,2024-08-01,13835.0,2778.4618541163145
catboost,2024-09-01,15943.0,2848.040181596124
catboost,2023-11-01,3157.0,3794.4742636743777
catboost,2023-12-01,6082.0,4407.574749902372
catboost,2024-01-01,29750.0,4706.52889417347
catboost,2024-02-01,124453.0,4951.319683983604
catboost,2024-03-01,331402.0,5435.629004225559
catboost,2024-04-01,320473.0,4749.783468944241
catboost,2024-05-01,265248.0,3979.137303037009
catboost,2024-06-01,109649.0,3549.859589429355
catboost,2024-07-01,24288.0,3364.4254212326196
catboost,2024-08-01,13835.0,3850.764859557386
catboost,2024-09-01,15943.0,4207.686706775803
catboost,2024-10-01,9295.0,3968.6182564450237
catboost,2023-12-01,6082.0,3716.7916002663933
catboost,2024-01-01,29750.0,4112.228375562593
catboost,2024-02-01,124453.0,4113.641503330044
catboost,2024-03-01,331402.0,4208.671605672125
catboost,2024-04-01,320473.0,4300.953628529152
catboost,2024-05-01,265248.0,4094.1638063885684
catboost,2024-06-01,109649.0,3444.602657375661
catboost,2024-07-01,24288.0,3013.087907540209
catboost,2024-08-01,13835.0,3131.885774233302
catboost,2024-09-01,15943.0,3264.252884589616
catboost,2024-10-01,9295.0,3385.5517456719513
catboost,2024-11-01,8486.0,3244.361958751782
catboost,2024-01-01,29750.0,5942.737668265808
catboost,2024-02-01,124453.0,5655.875584436595
catboost,2024-03-01,331402.0,5632.275042284127
catboost,2024-04-01,320473.0,5833.714584422684
catboost,2024-05-01,265248.0,5124.875041686057
catboost,2024-06-01,109649.0,4087.4769695369787
catboost,2024-07-01,24288.0,3600.916857005344
catboost,2024-08-01,13835.0,3590.502469794383
catboost,2024-09-01,15943.0,3861.7332108368964
catboost,2024-10-01,9295.0,4198.17664108986
catboost,2024-11-01,8486.0,4370.216396919827
catboost,2024-12-01,8326.0,4860.812801862555
randomforest,2014-01-01,910.0,1970.57
randomforest,2014-02-01,2094.0,2052.85
randomforest,2014-03-01,11660.0,2961.5
randomforest,2014-04-01,27021.0,2081.35
randomforest,2014-05-01,13104.0,1417.73
randomforest,2014-06-01,3889.0,966.29
randomforest,2014-07-01,1168.0,437.97
randomforest,2014-08-01,994.0,304.63
randomforest,2014-09-01,691.0,326.39
randomforest,2014-10-01,632.0,320.33
randomforest,2014-11-01,615.0,357.39
randomforest,2014-12-01,387.0,663.41
randomforest,2014-02-01,2094.0,1988.07
randomforest,2014-03-01,11660.0,2555.2
randomforest,2014-04-01,27021.0,2352.42
randomforest,2014-05-01,13104.0,1397.29
randomforest,2014-06-01,3889.0,982.63
randomforest,2014-07-01,1168.0,470.29
randomforest,2014-08-01,994.0,306.33
randomforest,2014-09-01,691.0,320.63
randomforest,2014-10-01,632.0,322.18
randomforest,2014-11-01,615.0,349.89
randomforest,2014-12-01,387.0,596.29
randomforest,2015-01-01,2269.0,1238.19
randomforest,2014-03-01,11660.0,2678.08
randomforest,2014-04-01,27021.0,2248.73
randomforest,2014-05-01,13104.0,1567.61
randomforest,2014-06-01,3889.0,954.0
randomforest,2014-07-01,1168.0,492.85
randomforest,2014-08-01,994.0,315.68
randomforest,2014-09-01,691.0,320.29
randomforest,2014-10-01,632.0,325.91
randomforest,2014-11-01,615.0,375.1
randomforest,2014-12-01,387.0,651.71
randomforest,2015-01-01,2269.0,1219.56
randomforest,2015-02-01,11540.0,2354.68
randomforest,2014-04-01,27021.0,3725.52
randomforest,2014-05-01,13104.0,3689.62
randomforest,2014-06-01,3889.0,1732.86
randomforest,2014-07-01,1168.0,520.16
randomforest,2014-08-01,994.0,319.36
randomforest,2014-09-01,691.0,321.48
randomforest,2014-10-01,632.0,322.78
randomforest,2014-11-01,615.0,371.92
randomforest,2014-12-01,387.0,757.12
randomforest,2015-01-01,2269.0,1212.86
randomforest,2015-02-01,11540.0,4153.96
randomforest,2015-03-01,39216.0,4873.22
randomforest,2014-05-01,13104.0,10076.32
randomforest,2014-06-01,3889.0,9151.72
randomforest,2014-07-01,1168.0,4946.45
randomforest,2014-08-01,994.0,1465.8
randomforest,2014-09-01,691.0,502.42
randomforest,2014-10-01,632.0,332.6
randomforest,2014-11-01,615.0,362.78
randomforest,2014-12-01,387.0,724.82
randomforest,2015-01-01,2269.0,910.82
randomforest,2015-02-01,11540.0,2880.71
randomforest,2015-03-01,39216.0,8385.61
randomforest,2015-04-01,17446.0,15186.07
randomforest,2014-06-01,3889.0,9562.9
randomforest,2014-07-01,1168.0,5904.83
randomforest,2014-08-01,994.0,1972.93
randomforest,2014-09-01,691.0,1550.41
randomforest,2014-10-01,632.0,612.92
randomforest,2014-11-01,615.0,390.02
randomforest,2014-12-01,387.0,698.94
randomforest,2015-01-01,2269.0,940.24
randomforest,2015-02-01,11540.0,2582.71
randomforest,2015-03-01,39216.0,6963.19
randomforest,2015-04-01,17446.0,11893.3
randomforest,2015-05-01,6951.0,12626.4
randomforest,2014-07-01,1168.0,1960.99
randomforest,2014-08-01,994.0,1065.82
randomforest,2014-09-01,691.0,487.71
randomforest,2014-10-01,632.0,319.1
randomforest,2014-11-01,615.0,367.43
randomforest,2014-12-01,387.0,682.83
randomforest,2015-01-01,2269.0,891.83
randomforest,2015-02-01,11540.0,2268.78
randomforest,2015-03-01,39216.0,7354.63
randomforest,2015-04-01,17446.0,14734.47
randomforest,2015-05-01,6951.0,13439.11
randomforest,2015-06-01,1229.0,11572.58
randomforest,2014-08-01,994.0,744.84
randomforest,2014-09-01,691.0,506.18
randomforest,2014-10-01,632.0,318.26
randomforest,2014-11-01,615.0,362.15
randomforest,2014-12-01,387.0,675.52
randomforest,2015-01-01,2269.0,906.65
randomforest,2015-02-01,11540.0,2345.91
randomforest,2015-03-01,39216.0,7037.21
randomforest,2015-04-01,17446.0,15024.23
randomforest,2015-05-01,6951.0,13008.23
randomforest,2015-06-01,1229.0,10236.37
randomforest,2015-07-01,967.0,4719.54
randomforest,2014-09-01,691.0,690.19
randomforest,2014-10-01,632.0,654.64
randomforest,2014-11-01,615.0,660.34
randomforest,2014-12-01,387.0,916.05
randomforest,2015-01-01,2269.0,959.51
randomforest,2015-02-01,11540.0,2012.88
randomforest,2015-03-01,39216.0,7154.69
randomforest,2015-04-01,17446.0,14403.62
randomforest,2015-05-01,6951.0,13015.46
randomforest,2015-06-01,1229.0,9032.83
randomforest,2015-07-01,967.0,4318.7
randomforest,2015-08-01,681.0,1836.91
randomforest,2014-10-01,632.0,628.94
randomforest,2014-11-01,615.0,663.01
randomforest,2014-12-01,387.0,832.24
randomforest,2015-01-01,2269.0,1428.79
randomforest,2015-02-01,11540.0,2290.94
randomforest,2015-03-01,39216.0,7797.09
randomforest,2015-04-01,17446.0,13774.38
randomforest,2015-05-01,6951.0,13483.24
randomforest,2015-06-01,1229.0,10297.7
randomforest,2015-07-01,967.0,4597.2
randomforest,2015-08-01,681.0,1689.09
randomforest,2015-09-01,548.0,976.62
randomforest,2014-11-01,615.0,680.13
randomforest,2014-12-01,387.0,780.12
randomforest,2015-01-01,2269.0,1386.57
randomforest,2015-02-01,11540.0,2284.26
randomforest,2015-03-01,39216.0,7633.79
randomforest,2015-04-01,17446.0,14315.98
randomforest,2015-05-01,6951.0,13753.47
randomforest,2015-06-01,1229.0,10368.16
randomforest,2015-07-01,967.0,4735.93
randomforest,2015-08-01,681.0,1734.25
randomforest,2015-09-01,548.0,960.86
randomforest,2015-10-01,752.0,739.06
randomforest,2014-12-01,387.0,769.69
randomforest,2015-01-01,2269.0,1376.36
randomforest,2015-02-01,11540.0,2287.87
randomforest,2015-03-01,39216.0,8156.6
randomforest,2015-04-01,17446.0,15121.77
randomforest,2015-05-01,6951.0,14366.99
randomforest,2015-06-01,1229.0,11149.65
randomforest,2015-07-01,967.0,4658.25
randomforest,2015-08-01,681.0,1701.57
randomforest,2015-09-01,548.0,919.37
randomforest,2015-10-01,752.0,712.0
randomforest,2015-11-01,1773.0,634.79
randomforest,2015-01-01,2269.0,1196.01
randomforest,2015-02-01,11540.0,2370.96
randomforest,2015-03-01,39216.0,7913.05
randomforest,2015-04-01,17446.0,14834.18
randomforest,2015-05-01,6951.0,14676.3
randomforest,2015-06-01,1229.0,10373.57
randomforest,2015-07-01,967.0,6535.99
randomforest,2015-08-01,681.0,1710.6
randomforest,2015-09-01,548.0,848.87
randomforest,2015-10-01,752.0,667.12
randomforest,2015-11-01,1773.0,577.64
randomforest,2015-12-01,2175.0,638.94
randomforest,2015-02-01,11540.0,3039.87
randomforest,2015-03-01,39216.0,7838.14
randomforest,2015-04-01,17446.0,14900.44
randomforest,2015-05-01,6951.0,13442.74
randomforest,2015-06-01,1229.0,9032.46
randomforest,2015-07-01,967.0,5985.8
randomforest,2015-08-01,681.0,1714.59
randomforest,2015-09-01,548.0,888.95
randomforest,2015-10-01,752.0,674.69
randomforest,2015-11-01,1773.0,639.95
randomforest,2015-12-01,2175.0,896.3
randomforest,2016-01-01,1097.0,1398.16
randomforest,2015-03-01,39216.0,11853.36
randomforest,2015-04-01,17446.0,17103.17
randomforest,2015-05-01,6951.0,13930.45
randomforest,2015-06-01,1229.0,10034.2
randomforest,2015-07-01,967.0,6618.69
randomforest,2015-08-01,681.0,2624.35
randomforest,2015-09-01,548.0,1813.51
randomforest,2015-10-01,752.0,867.98
randomforest,2015-11-01,1773.0,774.78
randomforest,2015-12-01,2175.0,1149.48
randomforest,2016-01-01,1097.0,5720.83
randomforest,2016-02-01,1223.0,10655.51
randomforest,2015-04-01,17446.0,25836.09
randomforest,2015-05-01,6951.0,23275.09
randomforest,2015-06-01,1229.0,8564.82
randomforest,2015-07-01,967.0,6164.52
randomforest,2015-08-01,681.0,2761.1
randomforest,2015-09-01,548.0,2040.19
randomforest,2015-10-01,752.0,2047.64
randomforest,2015-11-01,1773.0,2114.24
randomforest,2015-12-01,2175.0,2813.75
randomforest,2016-01-01,1097.0,7490.06
randomforest,2016-02-01,1223.0,26828.54
randomforest,2016-03-01,1385.0,30005.75
randomforest,2015-05-01,6951.0,20255.3
randomforest,2015-06-01,1229.0,9613.87
randomforest,2015-07-01,967.0,6639.8
randomforest,2015-08-01,681.0,2766.94
randomforest,2015-09-01,548.0,2084.97
randomforest,2015-10-01,752.0,1999.9
randomforest,2015-11-01,1773.0,1657.71
randomforest,2015-12-01,2175.0,1292.1
randomforest,2016-01-01,1097.0,6091.94
randomforest,2016-02-01,1223.0,25433.22
randomforest,2016-03-01,1385.0,26894.03
randomforest,2016-04-01,888.0,28285.63
randomforest,2015-06-01,1229.0,6557.57
randomforest,2015-07-01,967.0,4486.01
randomforest,2015-08-01,681.0,3313.19
randomforest,2015-09-01,548.0,2513.26
randomforest,2015-10-01,752.0,2244.61
randomforest,2015-11-01,1773.0,2251.16
randomforest,2015-12-01,2175.0,2783.21
randomforest,2016-01-01,1097.0,7288.63
randomforest,2016-02-01,1223.0,21610.43
randomforest,2016-03-01,1385.0,18184.44
randomforest,2016-04-01,888.0,17850.08
randomforest,2016-05-01,634.0,16723.36
randomforest,2015-07-01,967.0,2113.73
randomforest,2015-08-01,681.0,1512.7
randomforest,2015-09-01,548.0,777.29
randomforest,2015-10-01,752.0,615.21
randomforest,2015-11-01,1773.0,615.11
randomforest,2015-12-01,2175.0,1251.03
randomforest,2016-01-01,1097.0,6549.34
randomforest,2016-02-01,1223.0,22999.91
randomforest,2016-03-01,1385.0,21167.15
randomforest,2016-04-01,888.0,17896.73
randomforest,2016-05-01,634.0,14370.33
randomforest,2016-06-01,335.0,5211.36
randomforest,2015-08-01,681.0,927.76
randomforest,2015-09-01,548.0,692.69
randomforest,2015-10-01,752.0,611.05
randomforest,2015-11-01,1773.0,615.8
randomforest,2015-12-01,2175.0,1237.06
randomforest,2016-01-01,1097.0,5844.19
randomforest,2016-02-01,1223.0,22783.39
randomforest,2016-03-01,1385.0,19870.86
randomforest,2016-04-01,888.0,16926.87
randomforest,2016-05-01,634.0,14165.49
randomforest,2016-06-01,335.0,4612.62
randomforest,2016-07-01,853.0,1794.25
randomforest,2015-09-01,548.0,600.62
randomforest,2015-10-01,752.0,562.98
randomforest,2015-11-01,1773.0,453.05
randomforest,2015-12-01,2175.0,1027.47
randomforest,2016-01-01,1097.0,6214.26
randomforest,2016-02-01,1223.0,22187.75
randomforest,2016-03-01,1385.0,18066.41
randomforest,2016-04-01,888.0,15879.91
randomforest,2016-05-01,634.0,12997.77
randomforest,2016-06-01,335.0,5059.76
randomforest,2016-07-01,853.0,1870.64
randomforest,2016-08-01,656.0,1011.17
randomforest,2015-10-01,752.0,524.39
randomforest,2015-11-01,1773.0,408.47
randomforest,2015-12-01,2175.0,905.89
randomforest,2016-01-01,1097.0,5685.92
randomforest,2016-02-01,1223.0,23015.21
randomforest,2016-03-01,1385.0,18938.94
randomforest,2016-04-01,888.0,17004.28
randomforest,2016-05-01,634.0,14105.86
randomforest,2016-06-01,335.0,5443.61
randomforest,2016-07-01,853.0,1939.39
randomforest,2016-08-01,656.0,991.5
randomforest,2016-09-01,724.0,599.83
randomforest,2015-11-01,1773.0,597.83
randomforest,2015-12-01,2175.0,1088.27
randomforest,2016-01-01,1097.0,5600.37
randomforest,2016-02-01,1223.0,22597.69
randomforest,2016-03-01,1385.0,17759.82
randomforest,2016-04-01,888.0,15612.3
randomforest,2016-05-01,634.0,13222.16
randomforest,2016-06-01,335.0,3886.92
randomforest,2016-07-01,853.0,1798.0
randomforest,2016-08-01,656.0,892.74
randomforest,2016-09-01,724.0,636.9
randomforest,2016-10-01,1189.0,654.55
randomforest,2015-12-01,2175.0,1782.69
randomforest,2016-01-01,1097.0,6131.75
randomforest,2016-02-01,1223.0,21747.38
randomforest,2016-03-01,1385.0,18201.24
randomforest,2016-04-01,888.0,15974.5
randomforest,2016-05-01,634.0,14292.71
randomforest,2016-06-01,335.0,4084.15
randomforest,2016-07-01,853.0,1703.59
randomforest,2016-08-01,656.0,994.23
randomforest,2016-09-01,724.0,831.55
randomforest,2016-10-01,1189.0,1087.66
randomforest,2016-11-01,1334.0,1769.18
randomforest,2016-01-01,1097.0,7297.84
randomforest,2016-02-01,1223.0,21431.01
randomforest,2016-03-01,1385.0,17066.29
randomforest,2016-04-01,888.0,16189.48
randomforest,2016-05-01,634.0,14359.17
randomforest,2016-06-01,335.0,4326.22
randomforest,2016-07-01,853.0,1744.88
randomforest,2016-08-01,656.0,977.9
randomforest,2016-09-01,724.0,865.12
randomforest,2016-10-01,1189.0,1210.61
randomforest,2016-11-01,1334.0,1821.9
randomforest,2016-12-01,1620.0,5580.29
randomforest,2016-02-01,1223.0,20378.26
randomforest,2016-03-01,1385.0,17391.0
randomforest,2016-04-01,888.0,16825.84
randomforest,2016-05-01,634.0,13947.79
randomforest,2016-06-01,335.0,4368.88
randomforest,2016-07-01,853.0,1740.24
randomforest,2016-08-01,656.0,959.48
randomforest,2016-09-01,724.0,809.91
randomforest,2016-10-01,1189.0,1209.26
randomforest,2016-11-01,1334.0,1332.14
randomforest,2016-12-01,1620.0,1690.37
randomforest,2017-01-01,498.0,9870.08
randomforest,2016-03-01,1385.0,10515.76
randomforest,2016-04-01,888.0,14781.87
randomforest,2016-05-01,634.0,11498.2
randomforest,2016-06-01,335.0,7676.24
randomforest,2016-07-01,853.0,2173.79
randomforest,2016-08-01,656.0,1254.38
randomforest,2016-09-01,724.0,945.7
randomforest,2016-10-01,1189.0,1156.79
randomforest,2016-11-01,1334.0,1266.91
randomforest,2016-12-01,1620.0,1199.99
randomforest,2017-01-01,498.0,1481.37
randomforest,2017-02-01,264.0,2981.87
randomforest,2016-04-01,888.0,4068.87
randomforest,2016-05-01,634.0,4154.08
randomforest,2016-06-01,335.0,2572.81
randomforest,2016-07-01,853.0,1659.54
randomforest,2016-08-01,656.0,928.55
randomforest,2016-09-01,724.0,861.14
randomforest,2016-10-01,1189.0,1116.75
randomforest,2016-11-01,1334.0,1269.97
randomforest,2016-12-01,1620.0,1119.78
randomforest,2017-01-01,498.0,1302.63
randomforest,2017-02-01,264.0,2008.98
randomforest,2017-03-01,288.0,2651.08
randomforest,2016-05-01,634.0,1697.38
randomforest,2016-06-01,335.0,1935.92
randomforest,2016-07-01,853.0,1191.8
randomforest,2016-08-01,656.0,954.4
randomforest,2016-09-01,724.0,840.39
randomforest,2016-10-01,1189.0,1093.25
randomforest,2016-11-01,1334.0,1178.36
randomforest,2016-12-01,1620.0,1081.14
randomforest,2017-01-01,498.0,1083.14
randomforest,2017-02-01,264.0,1489.72
randomforest,2017-03-01,288.0,1432.61
randomforest,2017-04-01,1556.0,1534.31
randomforest,2016-06-01,335.0,1299.5
randomforest,2016-07-01,853.0,1093.57
randomforest,2016-08-01,656.0,920.46
randomforest,2016-09-01,724.0,835.8
randomforest,2016-10-01,1189.0,985.26
randomforest,2016-11-01,1334.0,1094.9
randomforest,2016-12-01,1620.0,1090.9
randomforest,2017-01-01,498.0,1051.31
randomforest,2017-02-01,264.0,979.71
randomforest,2017-03-01,288.0,883.76
randomforest,2017-04-01,1556.0,845.37
randomforest,2017-05-01,845.0,825.69
randomforest,2016-07-01,853.0,738.32
randomforest,2016-08-01,656.0,604.56
randomforest,2016-09-01,724.0,678.92
randomforest,2016-10-01,1189.0,992.32
randomforest,2016-11-01,1334.0,1170.69
randomforest,2016-12-01,1620.0,1285.24
randomforest,2017-01-01,498.0,1461.17
randomforest,2017-02-01,264.0,1118.16
randomforest,2017-03-01,288.0,926.4
randomforest,2017-04-01,1556.0,696.03
randomforest,2017-05-01,845.0,537.38
randomforest,2017-06-01,594.0,434.91
randomforest,2016-08-01,656.0,786.12
randomforest,2016-09-01,724.0,886.59
randomforest,2016-10-01,1189.0,1151.36
randomforest,2016-11-01,1334.0,1296.32
randomforest,2016-12-01,1620.0,1292.75
randomforest,2017-01-01,498.0,1477.76
randomforest,2017-02-01,264.0,1133.88
randomforest,2017-03-01,288.0,907.99
randomforest,2017-04-01,1556.0,722.79
randomforest,2017-05-01,845.0,522.75
randomforest,2017-06-01,594.0,498.96
randomforest,2017-07-01,582.0,533.61
randomforest,2016-09-01,724.0,701.32
randomforest,2016-10-01,1189.0,1021.96
randomforest,2016-11-01,1334.0,1192.5
randomforest,2016-12-01,1620.0,1284.14
randomforest,2017-01-01,498.0,1624.8
randomforest,2017-02-01,264.0,1129.93
randomforest,2017-03-01,288.0,925.43
randomforest,2017-04-01,1556.0,730.43
randomforest,2017-05-01,845.0,545.36
randomforest,2017-06-01,594.0,523.14
randomforest,2017-07-01,582.0,549.37
randomforest,2017-08-01,530.0,495.94
randomforest,2016-10-01,1189.0,1054.42
randomforest,2016-11-01,1334.0,1306.99
randomforest,2016-12-01,1620.0,1276.69
randomforest,2017-01-01,498.0,1611.78
randomforest,2017-02-01,264.0,1184.94
randomforest,2017-03-01,288.0,903.81
randomforest,2017-04-01,1556.0,774.84
randomforest,2017-05-01,845.0,666.9
randomforest,2017-06-01,594.0,567.26
randomforest,2017-07-01,582.0,585.76
randomforest,2017-08-01,530.0,540.87
randomforest,2017-09-01,749.0,750.08
randomforest,2016-11-01,1334.0,1216.39
randomforest,2016-12-01,1620.0,1292.76
randomforest,2017-01-01,498.0,1615.04
randomforest,2017-02-01,264.0,1128.9
randomforest,2017-03-01,288.0,870.55
randomforest,2017-04-01,1556.0,741.63
randomforest,2017-05-01,845.0,557.49
randomforest,2017-06-01,594.0,518.38
randomforest,2017-07-01,582.0,536.29
randomforest,2017-08-01,530.0,509.21
randomforest,2017-09-01,749.0,729.87
randomforest,2017-10-01,1192.0,830.91
randomforest,2016-12-01,1620.0,1322.53
randomforest,2017-01-01,498.0,1596.34
randomforest,2017-02-01,264.0,1182.23
randomforest,2017-03-01,288.0,888.12
randomforest,2017-04-01,1556.0,731.11
randomforest,2017-05-01,845.0,581.48
randomforest,2017-06-01,594.0,517.71
randomforest,2017-07-01,582.0,551.93
randomforest,2017-08-01,530.0,535.52
randomforest,2017-09-01,749.0,807.92
randomforest,2017-10-01,1192.0,896.66
randomforest,2017-11-01,1070.0,1253.18
randomforest,2017-01-01,498.0,1784.36
randomforest,2017-02-01,264.0,1255.25
randomforest,2017-03-01,288.0,880.81
randomforest,2017-04-01,1556.0,698.79
randomforest,2017-05-01,845.0,561.45
randomforest,2017-06-01,594.0,533.53
randomforest,2017-07-01,582.0,604.28
randomforest,2017-08-01,530.0,599.03
randomforest,2017-09-01,749.0,988.2
randomforest,2017-10-01,1192.0,1061.52
randomforest,2017-11-01,1070.0,1470.46
randomforest,2017-12-01,1435.0,2825.48
randomforest,2017-02-01,264.0,942.21
randomforest,2017-03-01,288.0,797.06
randomforest,2017-04-01,1556.0,765.17
randomforest,2017-05-01,845.0,653.91
randomforest,2017-06-01,594.0,528.4
randomforest,2017-07-01,582.0,640.23
randomforest,2017-08-01,530.0,571.75
randomforest,2017-09-01,749.0,803.34
randomforest,2017-10-01,1192.0,858.17
randomforest,2017-11-01,1070.0,1397.04
randomforest,2017-12-01,1435.0,2616.79
randomforest,2018-01-01,2342.0,2212.07
randomforest,2017-03-01,288.0,532.53
randomforest,2017-04-01,1556.0,577.46
randomforest,2017-05-01,845.0,494.4
randomforest,2017-06-01,594.0,447.0
randomforest,2017-07-01,582.0,983.53
randomforest,2017-08-01,530.0,1726.27
randomforest,2017-09-01,749.0,1781.92
randomforest,2017-10-01,1192.0,1645.28
randomforest,2017-11-01,1070.0,1562.17
randomforest,2017-12-01,1435.0,2817.29
randomforest,2018-01-01,2342.0,2095.35
randomforest,2018-02-01,1764.0,1242.5
randomforest,2017-04-01,1556.0,466.51
randomforest,2017-05-01,845.0,383.3
randomforest,2017-06-01,594.0,444.27
randomforest,2017-07-01,582.0,1038.58
randomforest,2017-08-01,530.0,1982.13
randomforest,2017-09-01,749.0,2721.08
randomforest,2017-10-01,1192.0,3067.91
randomforest,2017-11-01,1070.0,2962.38
randomforest,2017-12-01,1435.0,4413.12
randomforest,2018-01-01,2342.0,2690.27
randomforest,2018-02-01,1764.0,1316.09
randomforest,2018-03-01,1167.0,757.08
randomforest,2017-05-01,845.0,870.28
randomforest,2017-06-01,594.0,702.88
randomforest,2017-07-01,582.0,1196.08
randomforest,2017-08-01,530.0,1993.33
randomforest,2017-09-01,749.0,2705.01
randomforest,2017-10-01,1192.0,2415.85
randomforest,2017-11-01,1070.0,2552.9
randomforest,2017-12-01,1435.0,3850.63
randomforest,2018-01-01,2342.0,2391.74
randomforest,2018-02-01,1764.0,1200.91
randomforest,2018-03-01,1167.0,791.77
randomforest,2018-04-01,1166.0,731.63
randomforest,2017-06-01,594.0,761.85
randomforest,2017-07-01,582.0,1359.9
randomforest,2017-08-01,530.0,1794.68
randomforest,2017-09-01,749.0,2005.31
randomforest,2017-10-01,1192.0,2216.9
randomforest,2017-11-01,1070.0,2044.08
randomforest,2017-12-01,1435.0,4375.33
randomforest,2018-01-01,2342.0,3438.19
randomforest,2018-02-01,1764.0,1655.54
randomforest,2018-03-01,1167.0,855.85
randomforest,2018-04-01,1166.0,704.63
randomforest,2018-05-01,625.0,823.74
randomforest,2017-07-01,582.0,1400.06
randomforest,2017-08-01,530.0,1870.79
randomforest,2017-09-01,749.0,2123.32
randomforest,2017-10-01,1192.0,2178.31
randomforest,2017-11-01,1070.0,2006.99
randomforest,2017-12-01,1435.0,4128.45
randomforest,2018-01-01,2342.0,3383.83
randomforest,2018-02-01,1764.0,1817.39
randomforest,2018-03-01,1167.0,870.72
randomforest,2018-04-01,1166.0,705.04
randomforest,2018-05-01,625.0,808.91
randomforest,2018-06-01,478.0,924.38
randomforest,2017-08-01,530.0,1406.36
randomforest,2017-09-01,749.0,2245.74
randomforest,2017-10-01,1192.0,2578.37
randomforest,2017-11-01,1070.0,2076.35
randomforest,2017-12-01,1435.0,4704.61
randomforest,2018-01-01,2342.0,3359.41
randomforest,2018-02-01,1764.0,1733.22
randomforest,2018-03-01,1167.0,848.05
randomforest,2018-04-01,1166.0,619.94
randomforest,2018-05-01,625.0,688.8
randomforest,2018-06-01,478.0,736.86
randomforest,2018-07-01,432.0,1951.0
randomforest,2017-09-01,749.0,1971.42
randomforest,2017-10-01,1192.0,2586.64
randomforest,2017-11-01,1070.0,2317.12
randomforest,2017-12-01,1435.0,4758.57
randomforest,2018-01-01,2342.0,3153.79
randomforest,2018-02-01,1764.0,1697.12
randomforest,2018-03-01,1167.0,862.83
randomforest,2018-04-01,1166.0,678.18
randomforest,2018-05-01,625.0,704.4
randomforest,2018-06-01,478.0,797.91
randomforest,2018-07-01,432.0,1806.97
randomforest,2018-08-01,296.0,6446.87
randomforest,2017-10-01,1192.0,1731.89
randomforest,2017-11-01,1070.0,1428.25
randomforest,2017-12-01,1435.0,2939.7
randomforest,2018-01-01,2342.0,2599.65
randomforest,2018-02-01,1764.0,1374.9
randomforest,2018-03-01,1167.0,851.91
randomforest,2018-04-01,1166.0,647.85
randomforest,2018-05-01,625.0,650.05
randomforest,2018-06-01,478.0,645.34
randomforest,2018-07-01,432.0,1551.87
randomforest,2018-08-01,296.0,6147.1
randomforest,2018-09-01,487.0,11498.07
randomforest,2017-11-01,1070.0,1264.56
randomforest,2017-12-01,1435.0,2951.84
randomforest,2018-01-01,2342.0,2762.02
randomforest,2018-02-01,1764.0,1735.07
randomforest,2018-03-01,1167.0,888.76
randomforest,2018-04-01,1166.0,631.91
randomforest,2018-05-01,625.0,631.94
randomforest,2018-06-01,478.0,717.38
randomforest,2018-07-01,432.0,1590.06
randomforest,2018-08-01,296.0,6225.0
randomforest,2018-09-01,487.0,11962.89
randomforest,2018-10-01,417.0,14820.76
randomforest,2017-12-01,1435.0,2712.24
randomforest,2018-01-01,2342.0,2394.46
randomforest,2018-02-01,1764.0,1361.64
randomforest,2018-03-01,1167.0,881.52
randomforest,2018-04-01,1166.0,621.52
randomforest,2018-05-01,625.0,607.68
randomforest,2018-06-01,478.0,695.89
randomforest,2018-07-01,432.0,1596.48
randomforest,2018-08-01,296.0,6212.13
randomforest,2018-09-01,487.0,11328.63
randomforest,2018-10-01,417.0,14860.15
randomforest,2018-11-01,566.0,8639.42
randomforest,2018-01-01,2342.0,2503.81
randomforest,2018-02-01,1764.0,1372.79
randomforest,2018-03-01,1167.0,823.45
randomforest,2018-04-01,1166.0,676.03
randomforest,2018-05-01,625.0,660.05
randomforest,2018-06-01,478.0,768.69
randomforest,2018-07-01,432.0,1712.58
randomforest,2018-08-01,296.0,5720.78
randomforest,2018-09-01,487.0,11700.32
randomforest,2018-10-01,417.0,15255.18
randomforest,2018-11-01,566.0,8406.93
randomforest,2018-12-01,1125.0,4671.86
randomforest,2018-02-01,1764.0,1470.22
randomforest,2018-03-01,1167.0,861.03
randomforest,2018-04-01,1166.0,714.25
randomforest,2018-05-01,625.0,772.64
randomforest,2018-06-01,478.0,932.41
randomforest,2018-07-01,432.0,1925.45
randomforest,2018-08-01,296.0,6824.81
randomforest,2018-09-01,487.0,11485.69
randomforest,2018-10-01,417.0,15063.2
randomforest,2018-11-01,566.0,9304.64
randomforest,2018-12-01,1125.0,9112.95
randomforest,2019-01-01,1764.0,5394.8
randomforest,2018-03-01,1167.0,905.89
randomforest,2018-04-01,1166.0,742.59
randomforest,2018-05-01,625.0,769.18
randomforest,2018-06-01,478.0,1032.68
randomforest,2018-07-01,432.0,2191.47
randomforest,2018-08-01,296.0,7266.52
randomforest,2018-09-01,487.0,11606.94
randomforest,2018-10-01,417.0,14295.15
randomforest,2018-11-01,566.0,9751.15
randomforest,2018-12-01,1125.0,9554.39
randomforest,2019-01-01,1764.0,9843.36
randomforest,2019-02-01,2995.0,9966.8
randomforest,2018-04-01,1166.0,961.98
randomforest,2018-05-01,625.0,806.97
randomforest,2018-06-01,478.0,849.53
randomforest,2018-07-01,432.0,1856.9
randomforest,2018-08-01,296.0,6835.91
randomforest,2018-09-01,487.0,10842.01
randomforest,2018-10-01,417.0,13881.57
randomforest,2018-11-01,566.0,9948.22
randomforest,2018-12-01,1125.0,9912.82
randomforest,2019-01-01,1764.0,10407.49
randomforest,2019-02-01,2995.0,10110.13
randomforest,2019-03-01,8241.0,9689.44
randomforest,2018-05-01,625.0,1042.05
randomforest,2018-06-01,478.0,1076.39
randomforest,2018-07-01,432.0,2214.47
randomforest,2018-08-01,296.0,7144.3
randomforest,2018-09-01,487.0,11043.26
randomforest,2018-10-01,417.0,13431.49
randomforest,2018-11-01,566.0,8479.25
randomforest,2018-12-01,1125.0,4480.35
randomforest,2019-01-01,1764.0,2058.7
randomforest,2019-02-01,2995.0,1420.86
randomforest,2019-03-01,8241.0,1072.26
randomforest,2019-04-01,13333.0,920.9
randomforest,2018-06-01,478.0,886.92
randomforest,2018-07-01,432.0,2059.29
randomforest,2018-08-01,296.0,6803.4
randomforest,2018-09-01,487.0,10423.63
randomforest,2018-10-01,417.0,16075.93
randomforest,2018-11-01,566.0,10137.6
randomforest,2018-12-01,1125.0,10687.69
randomforest,2019-01-01,1764.0,11381.64
randomforest,2019-02-01,2995.0,12268.28
randomforest,2019-03-01,8241.0,11803.72
randomforest,2019-04-01,13333.0,11483.28
randomforest,2019-05-01,13768.0,11806.44
randomforest,2018-07-01,432.0,1499.61
randomforest,2018-08-01,296.0,5787.49
randomforest,2018-09-01,487.0,10887.12
randomforest,2018-10-01,417.0,16462.11
randomforest,2018-11-01,566.0,9439.99
randomforest,2018-12-01,1125.0,10240.47
randomforest,2019-01-01,1764.0,8971.71
randomforest,2019-02-01,2995.0,4926.81
randomforest,2019-03-01,8241.0,2098.98
randomforest,2019-04-01,13333.0,1353.58
randomforest,2019-05-01,13768.0,1127.08
randomforest,2019-06-01,6263.0,1496.65
randomforest,2018-08-01,296.0,4947.66
randomforest,2018-09-01,487.0,10939.47
randomforest,2018-10-01,417.0,17293.79
randomforest,2018-11-01,566.0,11821.16
randomforest,2018-12-01,1125.0,10793.81
randomforest,2019-01-01,1764.0,9704.21
randomforest,2019-02-01,2995.0,9586.47
randomforest,2019-03-01,8241.0,9129.22
randomforest,2019-04-01,13333.0,4621.91
randomforest,2019-05-01,13768.0,1897.45
randomforest,2019-06-01,6263.0,1529.29
randomforest,2019-07-01,1770.0,1847.03
randomforest,2018-09-01,487.0,8172.19
randomforest,2018-10-01,417.0,7418.36
randomforest,2018-11-01,566.0,3219.5
randomforest,2018-12-01,1125.0,1846.71
randomforest,2019-01-01,1764.0,1238.88
randomforest,2019-02-01,2995.0,1248.01
randomforest,2019-03-01,8241.0,977.15
randomforest,2019-04-01,13333.0,765.29
randomforest,2019-05-01,13768.0,662.96
randomforest,2019-06-01,6263.0,636.4
randomforest,2019-07-01,1770.0,978.53
randomforest,2019-08-01,1143.0,1534.34
randomforest,2018-10-01,417.0,2722.36
randomforest,2018-11-01,566.0,3021.15
randomforest,2018-12-01,1125.0,2188.43
randomforest,2019-01-01,1764.0,1911.54
randomforest,2019-02-01,2995.0,1353.58
randomforest,2019-03-01,8241.0,1261.43
randomforest,2019-04-01,13333.0,955.73
randomforest,2019-05-01,13768.0,647.21
randomforest,2019-06-01,6263.0,523.03
randomforest,2019-07-01,1770.0,549.01
randomforest,2019-08-01,1143.0,767.28
randomforest,2019-09-01,1323.0,1275.01
randomforest,2018-11-01,566.0,1030.55
randomforest,2018-12-01,1125.0,1266.13
randomforest,2019-01-01,1764.0,1419.6
randomforest,2019-02-01,2995.0,1390.4
randomforest,2019-03-01,8241.0,1319.53
randomforest,2019-04-01,13333.0,1098.35
randomforest,2019-05-01,13768.0,830.69
randomforest,2019-06-01,6263.0,632.77
randomforest,2019-07-01,1770.0,503.67
randomforest,2019-08-01,1143.0,409.26
randomforest,2019-09-01,1323.0,405.4
randomforest,2019-10-01,1044.0,467.5
randomforest,2018-12-01,1125.0,865.67
randomforest,2019-01-01,1764.0,1123.44
randomforest,2019-02-01,2995.0,1362.61
randomforest,2019-03-01,8241.0,1358.19
randomforest,2019-04-01,13333.0,1170.98
randomforest,2019-05-01,13768.0,1079.25
randomforest,2019-06-01,6263.0,883.5
randomforest,2019-07-01,1770.0,696.6
randomforest,2019-08-01,1143.0,566.12
randomforest,2019-09-01,1323.0,501.91
randomforest,2019-10-01,1044.0,420.02
randomforest,2019-11-01,969.0,459.15
randomforest,2019-01-01,1764.0,1326.28
randomforest,2019-02-01,2995.0,1381.61
randomforest,2019-03-01,8241.0,1175.89
randomforest,2019-04-01,13333.0,1069.57
randomforest,2019-05-01,13768.0,973.57
randomforest,2019-06-01,6263.0,743.2
randomforest,2019-07-01,1770.0,680.86
randomforest,2019-08-01,1143.0,523.48
randomforest,2019-09-01,1323.0,509.82
randomforest,2019-10-01,1044.0,461.37
randomforest,2019-11-01,969.0,479.27
randomforest,2019-12-01,1390.0,607.02
randomforest,2019-02-01,2995.0,1387.07
randomforest,2019-03-01,8241.0,1245.44
randomforest,2019-04-01,13333.0,1143.42
randomforest,2019-05-01,13768.0,942.17
randomforest,2019-06-01,6263.0,766.66
randomforest,2019-07-01,1770.0,689.89
randomforest,2019-08-01,1143.0,513.97
randomforest,2019-09-01,1323.0,418.12
randomforest,2019-10-01,1044.0,457.12
randomforest,2019-11-01,969.0,506.4
randomforest,2019-12-01,1390.0,844.76
randomforest,2020-01-01,2385.0,1010.29
randomforest,2019-03-01,8241.0,2348.76
randomforest,2019-04-01,13333.0,1776.75
randomforest,2019-05-01,13768.0,1083.74
randomforest,2019-06-01,6263.0,893.62
randomforest,2019-07-01,1770.0,651.85
randomforest,2019-08-01,1143.0,498.88
randomforest,2019-09-01,1323.0,441.51
randomforest,2019-10-01,1044.0,503.32
randomforest,2019-11-01,969.0,553.39
randomforest,2019-12-01,1390.0,995.56
randomforest,2020-01-01,2385.0,1240.68
randomforest,2020-02-01,3149.0,1866.44
randomforest,2019-04-01,13333.0,3423.01
randomforest,2019-05-01,13768.0,2760.15
randomforest,2019-06-01,6263.0,2894.67
randomforest,2019-07-01,1770.0,3118.03
randomforest,2019-08-01,1143.0,3230.84
randomforest,2019-09-01,1323.0,4113.78
randomforest,2019-10-01,1044.0,3976.32
randomforest,2019-11-01,969.0,4213.88
randomforest,2019-12-01,1390.0,4379.4
randomforest,2020-01-01,2385.0,4781.4
randomforest,2020-02-01,3149.0,6213.49
randomforest,2020-03-01,2933.0,3535.71
randomforest,2019-05-01,13768.0,12315.23
randomforest,2019-06-01,6263.0,14034.8
randomforest,2019-07-01,1770.0,14191.55
randomforest,2019-08-01,1143.0,14511.11
randomforest,2019-09-01,1323.0,14585.62
randomforest,2019-10-01,1044.0,15550.53
randomforest,2019-11-01,969.0,15717.11
randomforest,2019-12-01,1390.0,16125.49
randomforest,2020-01-01,2385.0,18153.97
randomforest,2020-02-01,3149.0,16216.68
randomforest,2020-03-01,2933.0,14562.14
randomforest,2020-04-01,2029.0,11401.03
randomforest,2019-06-01,6263.0,14428.34
randomforest,2019-07-01,1770.0,14739.49
randomforest,2019-08-01,1143.0,15713.82
randomforest,2019-09-01,1323.0,15516.81
randomforest,2019-10-01,1044.0,16513.94
randomforest,2019-11-01,969.0,16661.61
randomforest,2019-12-01,1390.0,16960.27
randomforest,2020-01-01,2385.0,19666.89
randomforest,2020-02-01,3149.0,16919.17
randomforest,2020-03-01,2933.0,15641.08
randomforest,2020-04-01,2029.0,12932.75
randomforest,2020-05-01,1571.0,11404.66
randomforest,2019-07-01,1770.0,4120.81
randomforest,2019-08-01,1143.0,3796.49
randomforest,2019-09-01,1323.0,4418.27
randomforest,2019-10-01,1044.0,4823.68
randomforest,2019-11-01,969.0,5030.83
randomforest,2019-12-01,1390.0,5284.77
randomforest,2020-01-01,2385.0,5077.42
randomforest,2020-02-01,3149.0,5900.11
randomforest,2020-03-01,2933.0,4729.1
randomforest,2020-04-01,2029.0,4183.48
randomforest,2020-05-01,1571.0,3750.04
randomforest,2020-06-01,796.0,3118.87
randomforest,2019-08-01,1143.0,1330.22
randomforest,2019-09-01,1323.0,1104.51
randomforest,2019-10-01,1044.0,1093.0
randomforest,2019-11-01,969.0,1110.75
randomforest,2019-12-01,1390.0,1283.23
randomforest,2020-01-01,2385.0,1449.78
randomforest,2020-02-01,3149.0,2287.52
randomforest,2020-03-01,2933.0,4807.67
randomforest,2020-04-01,2029.0,3570.41
randomforest,2020-05-01,1571.0,3005.97
randomforest,2020-06-01,796.0,3200.39
randomforest,2020-07-01,547.0,3217.56
randomforest,2019-09-01,1323.0,1086.16
randomforest,2019-10-01,1044.0,1184.93
randomforest,2019-11-01,969.0,1221.88
randomforest,2019-12-01,1390.0,1358.03
randomforest,2020-01-01,2385.0,1520.3
randomforest,2020-02-01,3149.0,2420.47
randomforest,2020-03-01,2933.0,5179.34
randomforest,2020-04-01,2029.0,4199.59
randomforest,2020-05-01,1571.0,3595.9
randomforest,2020-06-01,796.0,3247.36
randomforest,2020-07-01,547.0,3327.71
randomforest,2020-08-01,473.0,3566.18
randomforest,2019-10-01,1044.0,1286.62
randomforest,2019-11-01,969.0,1259.9
randomforest,2019-12-01,1390.0,1343.82
randomforest,2020-01-01,2385.0,1527.11
randomforest,2020-02-01,3149.0,2306.34
randomforest,2020-03-01,2933.0,5007.34
randomforest,2020-04-01,2029.0,4150.13
randomforest,2020-05-01,1571.0,3388.62
randomforest,2020-06-01,796.0,3131.54
randomforest,2020-07-01,547.0,3221.84
randomforest,2020-08-01,473.0,3391.25
randomforest,2020-09-01,481.0,3266.09
randomforest,2019-11-01,969.0,1080.34
randomforest,2019-12-01,1390.0,1316.8
randomforest,2020-01-01,2385.0,1504.55
randomforest,2020-02-01,3149.0,2299.3
randomforest,2020-03-01,2933.0,5171.12
randomforest,2020-04-01,2029.0,4158.13
randomforest,2020-05-01,1571.0,3228.41
randomforest,2020-06-01,796.0,3175.1
randomforest,2020-07-01,547.0,3103.15
randomforest,2020-08-01,473.0,3222.08
randomforest,2020-09-01,481.0,3064.89
randomforest,2020-10-01,331.0,3311.11
randomforest,2019-12-01,1390.0,1292.03
randomforest,2020-01-01,2385.0,1486.3
randomforest,2020-02-01,3149.0,2211.61
randomforest,2020-03-01,2933.0,4360.98
randomforest,2020-04-01,2029.0,3790.5
randomforest,2020-05-01,1571.0,3203.6
randomforest,2020-06-01,796.0,3192.65
randomforest,2020-07-01,547.0,3372.8
randomforest,2020-08-01,473.0,3411.46
randomforest,2020-09-01,481.0,3178.24
randomforest,2020-10-01,331.0,3390.01
randomforest,2020-11-01,592.0,3306.68
randomforest,2020-01-01,2385.0,1581.77
randomforest,2020-02-01,3149.0,2352.71
randomforest,2020-03-01,2933.0,5029.05
randomforest,2020-04-01,2029.0,4104.47
randomforest,2020-05-01,1571.0,3442.88
randomforest,2020-06-01,796.0,3063.46
randomforest,2020-07-01,547.0,3409.5
randomforest,2020-08-01,473.0,3560.39
randomforest,2020-09-01,481.0,3310.49
randomforest,2020-10-01,331.0,3499.33
randomforest,2020-11-01,592.0,3000.39
randomforest,2020-12-01,484.0,3945.64
randomforest,2020-02-01,3149.0,5745.14
randomforest,2020-03-01,2933.0,5125.63
randomforest,2020-04-01,2029.0,3976.1
randomforest,2020-05-01,1571.0,3122.28
randomforest,2020-06-01,796.0,3070.59
randomforest,2020-07-01,547.0,3191.81
randomforest,2020-08-01,473.0,3268.1
randomforest,2020-09-01,481.0,3050.9
randomforest,2020-10-01,331.0,3148.73
randomforest,2020-11-01,592.0,3282.36
randomforest,2020-12-01,484.0,3865.98
randomforest,2021-01-01,1177.0,3597.51
randomforest,2020-03-01,2933.0,4612.41
randomforest,2020-04-01,2029.0,3783.31
randomforest,2020-05-01,1571.0,2645.89
randomforest,2020-06-01,796.0,2366.84
randomforest,2020-07-01,547.0,2680.9
randomforest,2020-08-01,473.0,2926.35
randomforest,2020-09-01,481.0,2785.07
randomforest,2020-10-01,331.0,3071.24
randomforest,2020-11-01,592.0,2693.06
randomforest,2020-12-01,484.0,3373.6
randomforest,2021-01-01,1177.0,3212.79
randomforest,2021-02-01,1765.0,3236.99
randomforest,2020-04-01,2029.0,3945.53
randomforest,2020-05-01,1571.0,3136.44
randomforest,2020-06-01,796.0,2659.91
randomforest,2020-07-01,547.0,3116.67
randomforest,2020-08-01,473.0,3270.4
randomforest,2020-09-01,481.0,2983.48
randomforest,2020-10-01,331.0,3347.12
randomforest,2020-11-01,592.0,2904.32
randomforest,2020-12-01,484.0,3672.63
randomforest,2021-01-01,1177.0,3313.08
randomforest,2021-02-01,1765.0,3369.69
randomforest,2021-03-01,3255.0,3753.63
randomforest,2020-05-01,1571.0,1808.41
randomforest,2020-06-01,796.0,1239.68
randomforest,2020-07-01,547.0,922.96
randomforest,2020-08-01,473.0,758.9
randomforest,2020-09-01,481.0,907.28
randomforest,2020-10-01,331.0,1027.85
randomforest,2020-11-01,592.0,1204.68
randomforest,2020-12-01,484.0,1315.21
randomforest,2021-01-01,1177.0,1257.25
randomforest,2021-02-01,1765.0,1142.79
randomforest,2021-03-01,3255.0,1086.22
randomforest,2021-04-01,6693.0,1025.53
randomforest,2020-06-01,796.0,1243.88
randomforest,2020-07-01,547.0,948.32
randomforest,2020-08-01,473.0,824.31
randomforest,2020-09-01,481.0,927.33
randomforest,2020-10-01,331.0,1034.2
randomforest,2020-11-01,592.0,1242.49
randomforest,2020-12-01,484.0,1301.89
randomforest,2021-01-01,1177.0,1272.33
randomforest,2021-02-01,1765.0,1214.52
randomforest,2021-03-01,3255.0,1157.42
randomforest,2021-04-01,6693.0,984.06
randomforest,2021-05-01,5349.0,843.15
randomforest,2020-07-01,547.0,760.89
randomforest,2020-08-01,473.0,809.47
randomforest,2020-09-01,481.0,907.29
randomforest,2020-10-01,331.0,1008.46
randomforest,2020-11-01,592.0,1220.1
randomforest,2020-12-01,484.0,1306.24
randomforest,2021-01-01,1177.0,1231.1
randomforest,2021-02-01,1765.0,1135.23
randomforest,2021-03-01,3255.0,1073.63
randomforest,2021-04-01,6693.0,984.04
randomforest,2021-05-01,5349.0,887.13
randomforest,2021-06-01,1819.0,798.7
randomforest,2020-08-01,473.0,659.17
randomforest,2020-09-01,481.0,666.5
randomforest,2020-10-01,331.0,737.23
randomforest,2020-11-01,592.0,945.5
randomforest,2020-12-01,484.0,1245.86
randomforest,2021-01-01,1177.0,1308.06
randomforest,2021-02-01,1765.0,1174.8
randomforest,2021-03-01,3255.0,1146.2
randomforest,2021-04-01,6693.0,992.43
randomforest,2021-05-01,5349.0,854.67
randomforest,2021-06-01,1819.0,751.45
randomforest,2021-07-01,972.0,806.72
randomforest,2020-09-01,481.0,598.89
randomforest,2020-10-01,331.0,708.08
randomforest,2020-11-01,592.0,923.2
randomforest,2020-12-01,484.0,1231.83
randomforest,2021-01-01,1177.0,1301.3
randomforest,2021-02-01,1765.0,1227.74
randomforest,2021-03-01,3255.0,1197.62
randomforest,2021-04-01,6693.0,1029.12
randomforest,2021-05-01,5349.0,894.78
randomforest,2021-06-01,1819.0,760.16
randomforest,2021-07-01,972.0,790.79
randomforest,2021-08-01,1005.0,777.11
randomforest,2020-10-01,331.0,595.0
randomforest,2020-11-01,592.0,812.07
randomforest,2020-12-01,484.0,1214.9
randomforest,2021-01-01,1177.0,1284.56
randomforest,2021-02-01,1765.0,1214.28
randomforest,2021-03-01,3255.0,1265.97
randomforest,2021-04-01,6693.0,1071.31
randomforest,2021-05-01,5349.0,964.26
randomforest,2021-06-01,1819.0,805.06
randomforest,2021-07-01,972.0,734.11
randomforest,2021-08-01,1005.0,631.38
randomforest,2021-09-01,711.0,580.81
randomforest,2020-11-01,592.0,655.23
randomforest,2020-12-01,484.0,1034.99
randomforest,2021-01-01,1177.0,1343.03
randomforest,2021-02-01,1765.0,1323.54
randomforest,2021-03-01,3255.0,1312.67
randomforest,2021-04-01,6693.0,1396.25
randomforest,2021-05-01,5349.0,981.26
randomforest,2021-06-01,1819.0,756.44
randomforest,2021-07-01,972.0,701.07
randomforest,2021-08-01,1005.0,609.87
randomforest,2021-09-01,711.0,576.77
randomforest,2021-10-01,756.0,582.14
randomforest,2020-12-01,484.0,1018.97
randomforest,2021-01-01,1177.0,1300.71
randomforest,2021-02-01,1765.0,1325.29
randomforest,2021-03-01,3255.0,1270.88
randomforest,2021-04-01,6693.0,1370.07
randomforest,2021-05-01,5349.0,967.67
randomforest,2021-06-01,1819.0,735.83
randomforest,2021-07-01,972.0,601.38
randomforest,2021-08-01,1005.0,570.54
randomforest,2021-09-01,711.0,569.13
randomforest,2021-10-01,756.0,588.28
randomforest,2021-11-01,860.0,601.2
randomforest,2021-01-01,1177.0,805.47
randomforest,2021-02-01,1765.0,1185.63
randomforest,2021-03-01,3255.0,1293.56
randomforest,2021-04-01,6693.0,1384.46
randomforest,2021-05-01,5349.0,1029.44
randomforest,2021-06-01,1819.0,943.15
randomforest,2021-07-01,972.0,894.08
randomforest,2021-08-01,1005.0,764.64
randomforest,2021-09-01,711.0,781.13
randomforest,2021-10-01,756.0,883.74
randomforest,2021-11-01,860.0,882.88
randomforest,2021-12-01,853.0,944.43
randomforest,2021-02-01,1765.0,1336.92
randomforest,2021-03-01,3255.0,1192.02
randomforest,2021-04-01,6693.0,1305.8
randomforest,2021-05-01,5349.0,1007.26
randomforest,2021-06-01,1819.0,862.76
randomforest,2021-07-01,972.0,764.96
randomforest,2021-08-01,1005.0,766.79
randomforest,2021-09-01,711.0,822.65
randomforest,2021-10-01,756.0,892.11
randomforest,2021-11-01,860.0,912.71
randomforest,2021-12-01,853.0,1004.14
randomforest,2022-01-01,1560.0,1132.57
randomforest,2021-03-01,3255.0,1542.81
randomforest,2021-04-01,6693.0,1528.21
randomforest,2021-05-01,5349.0,1050.79
randomforest,2021-06-01,1819.0,966.95
randomforest,2021-07-01,972.0,832.01
randomforest,2021-08-01,1005.0,707.08
randomforest,2021-09-01,711.0,577.17
randomforest,2021-10-01,756.0,565.67
randomforest,2021-11-01,860.0,541.41
randomforest,2021-12-01,853.0,678.78
randomforest,2022-01-01,1560.0,845.54
randomforest,2022-02-01,1478.0,1070.05
randomforest,2021-04-01,6693.0,4782.8
randomforest,2021-05-01,5349.0,4177.17
randomforest,2021-06-01,1819.0,3281.39
randomforest,2021-07-01,972.0,3077.19
randomforest,2021-08-01,1005.0,2529.44
randomforest,2021-09-01,711.0,2086.66
randomforest,2021-10-01,756.0,2184.87
randomforest,2021-11-01,860.0,2340.76
randomforest,2021-12-01,853.0,3159.23
randomforest,2022-01-01,1560.0,3427.6
randomforest,2022-02-01,1478.0,3610.91
randomforest,2022-03-01,3568.0,4152.79
randomforest,2021-05-01,5349.0,5273.72
randomforest,2021-06-01,1819.0,3924.03
randomforest,2021-07-01,972.0,3644.15
randomforest,2021-08-01,1005.0,3140.99
randomforest,2021-09-01,711.0,3071.43
randomforest,2021-10-01,756.0,3684.32
randomforest,2021-11-01,860.0,3838.71
randomforest,2021-12-01,853.0,4112.86
randomforest,2022-01-01,1560.0,3978.64
randomforest,2022-02-01,1478.0,3899.42
randomforest,2022-03-01,3568.0,4482.08
randomforest,2022-04-01,9307.0,3871.28
randomforest,2021-06-01,1819.0,3993.09
randomforest,2021-07-01,972.0,4097.56
randomforest,2021-08-01,1005.0,3388.79
randomforest,2021-09-01,711.0,3090.26
randomforest,2021-10-01,756.0,3743.69
randomforest,2021-11-01,860.0,4098.77
randomforest,2021-12-01,853.0,4307.07
randomforest,2022-01-01,1560.0,4292.23
randomforest,2022-02-01,1478.0,4199.9
randomforest,2022-03-01,3568.0,4704.81
randomforest,2022-04-01,9307.0,4113.17
randomforest,2022-05-01,13710.0,3022.85
randomforest,2021-07-01,972.0,1201.9
randomforest,2021-08-01,1005.0,937.19
randomforest,2021-09-01,711.0,869.27
randomforest,2021-10-01,756.0,876.44
randomforest,2021-11-01,860.0,808.54
randomforest,2021-12-01,853.0,968.31
randomforest,2022-01-01,1560.0,1294.67
randomforest,2022-02-01,1478.0,1445.05
randomforest,2022-03-01,3568.0,1708.73
randomforest,2022-04-01,9307.0,2137.36
randomforest,2022-05-01,13710.0,2194.73
randomforest,2022-06-01,4328.0,1645.65
randomforest,2021-08-01,1005.0,770.86
randomforest,2021-09-01,711.0,816.64
randomforest,2021-10-01,756.0,855.56
randomforest,2021-11-01,860.0,882.65
randomforest,2021-12-01,853.0,1021.81
randomforest,2022-01-01,1560.0,1274.23
randomforest,2022-02-01,1478.0,1473.99
randomforest,2022-03-01,3568.0,1712.25
randomforest,2022-04-01,9307.0,2079.17
randomforest,2022-05-01,13710.0,2121.95
randomforest,2022-06-01,4328.0,1660.08
randomforest,2022-07-01,2846.0,904.55
randomforest,2021-09-01,711.0,1051.37
randomforest,2021-10-01,756.0,1147.75
randomforest,2021-11-01,860.0,1272.66
randomforest,2021-12-01,853.0,1235.56
randomforest,2022-01-01,1560.0,1287.44
randomforest,2022-02-01,1478.0,1343.65
randomforest,2022-03-01,3568.0,1498.34
randomforest,2022-04-01,9307.0,2024.49
randomforest,2022-05-01,13710.0,1599.9
randomforest,2022-06-01,4328.0,1075.5
randomforest,2022-07-01,2846.0,964.05
randomforest,2022-08-01,1243.0,811.52
randomforest,2021-10-01,756.0,720.5
randomforest,2021-11-01,860.0,713.46
randomforest,2021-12-01,853.0,809.46
randomforest,2022-01-01,1560.0,1196.39
randomforest,2022-02-01,1478.0,1409.08
randomforest,2022-03-01,3568.0,1700.12
randomforest,2022-04-01,9307.0,2092.9
randomforest,2022-05-01,13710.0,2340.8
randomforest,2022-06-01,4328.0,2104.66
randomforest,2022-07-01,2846.0,1773.91
randomforest,2022-08-01,1243.0,990.8
randomforest,2022-09-01,1206.0,760.17
randomforest,2021-11-01,860.0,889.52
randomforest,2021-12-01,853.0,1060.08
randomforest,2022-01-01,1560.0,1259.84
randomforest,2022-02-01,1478.0,1383.69
randomforest,2022-03-01,3568.0,1558.39
randomforest,2022-04-01,9307.0,1967.43
randomforest,2022-05-01,13710.0,1597.88
randomforest,2022-06-01,4328.0,1029.72
randomforest,2022-07-01,2846.0,786.06
randomforest,2022-08-01,1243.0,659.05
randomforest,2022-09-01,1206.0,555.99
randomforest,2022-10-01,2169.0,544.16
randomforest,2021-12-01,853.0,1027.69
randomforest,2022-01-01,1560.0,1207.41
randomforest,2022-02-01,1478.0,1415.94
randomforest,2022-03-01,3568.0,1717.71
randomforest,2022-04-01,9307.0,2052.58
randomforest,2022-05-01,13710.0,1579.43
randomforest,2022-06-01,4328.0,1087.39
randomforest,2022-07-01,2846.0,846.26
randomforest,2022-08-01,1243.0,653.8
randomforest,2022-09-01,1206.0,548.72
randomforest,2022-10-01,2169.0,540.83
randomforest,2022-11-01,1275.0,510.28
randomforest,2022-01-01,1560.0,1144.24
randomforest,2022-02-01,1478.0,1312.57
randomforest,2022-03-01,3568.0,1477.74
randomforest,2022-04-01,9307.0,1972.97
randomforest,2022-05-01,13710.0,1571.86
randomforest,2022-06-01,4328.0,1004.49
randomforest,2022-07-01,2846.0,811.26
randomforest,2022-08-01,1243.0,643.83
randomforest,2022-09-01,1206.0,536.04
randomforest,2022-10-01,2169.0,504.01
randomforest,2022-11-01,1275.0,402.97
randomforest,2022-12-01,597.0,502.23
randomforest,2022-02-01,1478.0,1652.64
randomforest,2022-03-01,3568.0,1857.4
randomforest,2022-04-01,9307.0,2084.32
randomforest,2022-05-01,13710.0,1945.45
randomforest,2022-06-01,4328.0,1096.7
randomforest,2022-07-01,2846.0,848.55
randomforest,2022-08-01,1243.0,631.02
randomforest,2022-09-01,1206.0,526.16
randomforest,2022-10-01,2169.0,526.95
randomforest,2022-11-01,1275.0,536.59
randomforest,2022-12-01,597.0,720.5
randomforest,2023-01-01,4452.0,1016.6
randomforest,2022-03-01,3568.0,1653.97
randomforest,2022-04-01,9307.0,1864.32
randomforest,2022-05-01,13710.0,1309.02
randomforest,2022-06-01,4328.0,936.14
randomforest,2022-07-01,2846.0,655.34
randomforest,2022-08-01,1243.0,514.28
randomforest,2022-09-01,1206.0,494.46
randomforest,2022-10-01,2169.0,408.17
randomforest,2022-11-01,1275.0,450.76
randomforest,2022-12-01,597.0,636.95
randomforest,2023-01-01,4452.0,795.21
randomforest,2023-02-01,5623.0,1173.74
randomforest,2022-04-01,9307.0,4259.16
randomforest,2022-05-01,13710.0,2667.59
randomforest,2022-06-01,4328.0,1893.52
randomforest,2022-07-01,2846.0,952.68
randomforest,2022-08-01,1243.0,660.16
randomforest,2022-09-01,1206.0,536.68
randomforest,2022-10-01,2169.0,536.98
randomforest,2022-11-01,1275.0,513.18
randomforest,2022-12-01,597.0,626.55
randomforest,2023-01-01,4452.0,802.5
randomforest,2023-02-01,5623.0,1185.89
randomforest,2023-03-01,9710.0,1339.85
randomforest,2022-05-01,13710.0,12270.58
randomforest,2022-06-01,4328.0,10961.43
randomforest,2022-07-01,2846.0,9060.86
randomforest,2022-08-01,1243.0,6283.92
randomforest,2022-09-01,1206.0,2509.72
randomforest,2022-10-01,2169.0,2368.97
randomforest,2022-11-01,1275.0,2647.23
randomforest,2022-12-01,597.0,2785.94
randomforest,2023-01-01,4452.0,3075.61
randomforest,2023-02-01,5623.0,3266.85
randomforest,2023-03-01,9710.0,3790.95
randomforest,2023-04-01,13852.0,3709.58
randomforest,2022-06-01,4328.0,11275.96
randomforest,2022-07-01,2846.0,8789.16
randomforest,2022-08-01,1243.0,8032.19
randomforest,2022-09-01,1206.0,7520.79
randomforest,2022-10-01,2169.0,4593.25
randomforest,2022-11-01,1275.0,2761.05
randomforest,2022-12-01,597.0,2473.03
randomforest,2023-01-01,4452.0,2858.52
randomforest,2023-02-01,5623.0,2850.26
randomforest,2023-03-01,9710.0,3019.0
randomforest,2023-04-01,13852.0,3407.09
randomforest,2023-05-01,9355.0,3369.46
randomforest,2022-07-01,2846.0,2118.56
randomforest,2022-08-01,1243.0,1660.65
randomforest,2022-09-01,1206.0,977.24
randomforest,2022-10-01,2169.0,851.75
randomforest,2022-11-01,1275.0,891.59
randomforest,2022-12-01,597.0,923.82
randomforest,2023-01-01,4452.0,1146.1
randomforest,2023-02-01,5623.0,1471.22
randomforest,2023-03-01,9710.0,1668.96
randomforest,2023-04-01,13852.0,1678.77
randomforest,2023-05-01,9355.0,1647.43
randomforest,2023-06-01,4347.0,1295.54
randomforest,2022-08-01,1243.0,2312.0
randomforest,2022-09-01,1206.0,2616.98
randomforest,2022-10-01,2169.0,2554.5
randomforest,2022-11-01,1275.0,2668.7
randomforest,2022-12-01,597.0,2808.21
randomforest,2023-01-01,4452.0,3077.69
randomforest,2023-02-01,5623.0,3039.41
randomforest,2023-03-01,9710.0,3079.59
randomforest,2023-04-01,13852.0,3468.24
randomforest,2023-05-01,9355.0,3420.15
randomforest,2023-06-01,4347.0,3062.44
randomforest,2023-07-01,3003.0,2620.45
randomforest,2022-09-01,1206.0,949.3
randomforest,2022-10-01,2169.0,820.03
randomforest,2022-11-01,1275.0,853.37
randomforest,2022-12-01,597.0,939.11
randomforest,2023-01-01,4452.0,1194.55
randomforest,2023-02-01,5623.0,1515.79
randomforest,2023-03-01,9710.0,1689.57
randomforest,2023-04-01,13852.0,1699.34
randomforest,2023-05-01,9355.0,1628.31
randomforest,2023-06-01,4347.0,1299.71
randomforest,2023-07-01,3003.0,950.37
randomforest,2023-08-01,2386.0,724.91
randomforest,2022-10-01,2169.0,1037.65
randomforest,2022-11-01,1275.0,1060.94
randomforest,2022-12-01,597.0,1172.99
randomforest,2023-01-01,4452.0,1283.83
randomforest,2023-02-01,5623.0,1616.87
randomforest,2023-03-01,9710.0,2410.63
randomforest,2023-04-01,13852.0,3860.73
randomforest,2023-05-01,9355.0,3915.15
randomforest,2023-06-01,4347.0,2515.54
randomforest,2023-07-01,3003.0,1927.61
randomforest,2023-08-01,2386.0,1133.44
randomforest,2023-09-01,2708.0,1035.07
randomforest,2022-11-01,1275.0,2134.09
randomforest,2022-12-01,597.0,1916.15
randomforest,2023-01-01,4452.0,1659.85
randomforest,2023-02-01,5623.0,1845.34
randomforest,2023-03-01,9710.0,2134.07
randomforest,2023-04-01,13852.0,2833.03
randomforest,2023-05-01,9355.0,3224.76
randomforest,2023-06-01,4347.0,2563.99
randomforest,2023-07-01,3003.0,2144.87
randomforest,2023-08-01,2386.0,1755.08
randomforest,2023-09-01,2708.0,1531.9
randomforest,2023-10-01,3635.0,1652.9
randomforest,2022-12-01,597.0,1422.41
randomforest,2023-01-01,4452.0,1497.11
randomforest,2023-02-01,5623.0,1753.21
randomforest,2023-03-01,9710.0,1909.59
randomforest,2023-04-01,13852.0,1933.83
randomforest,2023-05-01,9355.0,1780.24
randomforest,2023-06-01,4347.0,1402.67
randomforest,2023-07-01,3003.0,1295.17
randomforest,2023-08-01,2386.0,1183.0
randomforest,2023-09-01,2708.0,1099.69
randomforest,2023-10-01,3635.0,1422.74
randomforest,2023-11-01,3157.0,1644.45
randomforest,2023-01-01,4452.0,913.79
randomforest,2023-02-01,5623.0,1511.3
randomforest,2023-03-01,9710.0,1844.25
randomforest,2023-04-01,13852.0,1972.6
randomforest,2023-05-01,9355.0,2162.29
randomforest,2023-06-01,4347.0,1867.51
randomforest,2023-07-01,3003.0,1251.42
randomforest,2023-08-01,2386.0,1045.44
randomforest,2023-09-01,2708.0,1007.63
randomforest,2023-10-01,3635.0,1118.83
randomforest,2023-11-01,3157.0,1275.27
randomforest,2023-12-01,6082.0,1121.06
randomforest,2023-02-01,5623.0,4412.9
randomforest,2023-03-01,9710.0,3901.05
randomforest,2023-04-01,13852.0,5032.12
randomforest,2023-05-01,9355.0,4014.3
randomforest,2023-06-01,4347.0,2370.53
randomforest,2023-07-01,3003.0,2014.12
randomforest,2023-08-01,2386.0,1353.78
randomforest,2023-09-01,2708.0,1085.58
randomforest,2023-10-01,3635.0,1517.02
randomforest,2023-11-01,3157.0,1764.44
randomforest,2023-12-01,6082.0,1794.93
randomforest,2024-01-01,29750.0,2033.58
randomforest,2023-03-01,9710.0,4756.6
randomforest,2023-04-01,13852.0,5089.64
randomforest,2023-05-01,9355.0,4131.02
randomforest,2023-06-01,4347.0,2893.09
randomforest,2023-07-01,3003.0,1997.4
randomforest,2023-08-01,2386.0,1384.73
randomforest,2023-09-01,2708.0,1110.03
randomforest,2023-10-01,3635.0,1558.29
randomforest,2023-11-01,3157.0,1757.75
randomforest,2023-12-01,6082.0,1835.74
randomforest,2024-01-01,29750.0,2212.19
randomforest,2024-02-01,124453.0,2783.69
randomforest,2023-04-01,13852.0,11814.72
randomforest,2023-05-01,9355.0,10118.41
randomforest,2023-06-01,4347.0,9078.84
randomforest,2023-07-01,3003.0,7260.94
randomforest,2023-08-01,2386.0,3053.21
randomforest,2023-09-01,2708.0,2553.46
randomforest,2023-10-01,3635.0,2409.3
randomforest,2023-11-01,3157.0,2389.77
randomforest,2023-12-01,6082.0,3116.35
randomforest,2024-01-01,29750.0,4777.72
randomforest,2024-02-01,124453.0,5262.75
randomforest,2024-03-01,331402.0,5566.58
randomforest,2023-05-01,9355.0,11015.41
randomforest,2023-06-01,4347.0,8436.25
randomforest,2023-07-01,3003.0,7389.6
randomforest,2023-08-01,2386.0,2985.85
randomforest,2023-09-01,2708.0,2543.36
randomforest,2023-10-01,3635.0,2354.29
randomforest,2023-11-01,3157.0,2234.01
randomforest,2023-12-01,6082.0,3286.14
randomforest,2024-01-01,29750.0,5134.67
randomforest,2024-02-01,124453.0,5489.17
randomforest,2024-03-01,331402.0,5891.91
randomforest,2024-04-01,320473.0,5877.27
randomforest,2023-06-01,4347.0,7414.56
randomforest,2023-07-01,3003.0,3069.35
randomforest,2023-08-01,2386.0,2336.33
randomforest,2023-09-01,2708.0,1959.03
randomforest,2023-10-01,3635.0,1815.0
randomforest,2023-11-01,3157.0,1815.02
randomforest,2023-12-01,6082.0,2508.59
randomforest,2024-01-01,29750.0,4099.6
randomforest,2024-02-01,124453.0,5565.07
randomforest,2024-03-01,331402.0,6235.97
randomforest,2024-04-01,320473.0,5826.8
randomforest,2024-05-01,265248.0,5336.45
randomforest,2023-07-01,3003.0,2549.89
randomforest,2023-08-01,2386.0,1933.8
randomforest,2023-09-01,2708.0,1320.6
randomforest,2023-10-01,3635.0,1678.78
randomforest,2023-11-01,3157.0,1834.07
randomforest,2023-12-01,6082.0,2547.4
randomforest,2024-01-01,29750.0,4353.46
randomforest,2024-02-01,124453.0,5737.52
randomforest,2024-03-01,331402.0,6327.31
randomforest,2024-04-01,320473.0,5781.8
randomforest,2024-05-01,265248.0,5287.54
randomforest,2024-06-01,109649.0,4748.35
randomforest,2023-08-01,2386.0,2303.49
randomforest,2023-09-01,2708.0,2186.91
randomforest,2023-10-01,3635.0,2094.67
randomforest,2023-11-01,3157.0,2344.34
randomforest,2023-12-01,6082.0,3571.94
randomforest,2024-01-01,29750.0,5303.89
randomforest,2024-02-01,124453.0,5852.05
randomforest,2024-03-01,331402.0,6316.56
randomforest,2024-04-01,320473.0,5786.12
randomforest,2024-05-01,265248.0,5191.85
randomforest,2024-06-01,109649.0,4817.44
randomforest,2024-07-01,24288.0,3351.88
randomforest,2023-09-01,2708.0,2065.04
randomforest,2023-10-01,3635.0,1991.44
randomforest,2023-11-01,3157.0,2107.9
randomforest,2023-12-01,6082.0,2974.98
randomforest,2024-01-01,29750.0,5003.05
randomforest,2024-02-01,124453.0,5696.35
randomforest,2024-03-01,331402.0,6695.45
randomforest,2024-04-01,320473.0,5789.21
randomforest,2024-05-01,265248.0,5227.62
randomforest,2024-06-01,109649.0,4777.93
randomforest,2024-07-01,24288.0,3352.81
randomforest,2024-08-01,13835.0,3203.9
randomforest,2023-10-01,3635.0,2375.7
randomforest,2023-11-01,3157.0,2643.26
randomforest,2023-12-01,6082.0,3611.24
randomforest,2024-01-01,29750.0,4940.46
randomforest,2024-02-01,124453.0,5504.79
randomforest,2024-03-01,331402.0,6751.63
randomforest,2024-04-01,320473.0,5996.36
randomforest,2024-05-01,265248.0,5382.89
randomforest,2024-06-01,109649.0,4908.83
randomforest,2024-07-01,24288.0,3345.81
randomforest,2024-08-01,13835.0,3192.26
randomforest,2024-09-01,15943.0,3750.02
randomforest,2023-11-01,3157.0,3538.64
randomforest,2023-12-01,6082.0,4515.28
randomforest,2024-01-01,29750.0,5121.55
randomforest,2024-02-01,124453.0,5970.48
randomforest,2024-03-01,331402.0,6335.23
randomforest,2024-04-01,320473.0,5884.98
randomforest,2024-05-01,265248.0,5445.56
randomforest,2024-06-01,109649.0,5158.65
randomforest,2024-07-01,24288.0,3613.79
randomforest,2024-08-01,13835.0,3555.15
randomforest,2024-09-01,15943.0,4420.23
randomforest,2024-10-01,9295.0,3806.85
randomforest,2023-12-01,6082.0,3887.22
randomforest,2024-01-01,29750.0,4427.98
randomforest,2024-02-01,124453.0,5184.42
randomforest,2024-03-01,331402.0,5943.54
randomforest,2024-04-01,320473.0,5539.13
randomforest,2024-05-01,265248.0,5167.64
randomforest,2024-06-01,109649.0,4595.48
randomforest,2024-07-01,24288.0,3716.5
randomforest,2024-08-01,13835.0,3370.84
randomforest,2024-09-01,15943.0,4054.97
randomforest,2024-10-01,9295.0,3886.55
randomforest,2024-11-01,8486.0,3701.19
randomforest,2024-01-01,29750.0,5326.81
randomforest,2024-02-01,124453.0,5817.06
randomforest,2024-03-01,331402.0,6436.68
randomforest,2024-04-01,320473.0,5472.21
randomforest,2024-05-01,265248.0,4923.42
randomforest,2024-06-01,109649.0,4759.63
randomforest,2024-07-01,24288.0,3482.59
randomforest,2024-08-01,13835.0,3442.75
randomforest,2024-09-01,15943.0,4699.64
randomforest,2024-10-01,9295.0,3951.6
randomforest,2024-11-01,8486.0,4161.32
randomforest,2024-12-01,8326.0,5534.03
ridge,2014-01-01,910.0,0.0
ridge,2014-02-01,2094.0,0.0
ridge,2014-03-01,11660.0,0.0
ridge,2014-04-01,27021.0,0.0
ridge,2014-05-01,13104.0,0.0
ridge,2014-06-01,3889.0,0.0
ridge,2014-07-01,1168.0,0.0
ridge,2014-08-01,994.0,0.0
ridge,2014-09-01,691.0,0.0
ridge,2014-10-01,632.0,0.0
ridge,2014-11-01,615.0,0.0
ridge,2014-12-01,387.0,17342.920018914938
ridge,2014-02-01,2094.0,15362.168714209147
ridge,2014-03-01,11660.0,94617.84984092845
ridge,2014-04-01,27021.0,336603.15707347065
ridge,2014-05-01,13104.0,1006870.6073296843
ridge,2014-06-01,3889.0,2856202.5279499786
ridge,2014-07-01,1168.0,7959721.525469893
ridge,2014-08-01,994.0,22052856.229365785
ridge,2014-09-01,691.0,60933835.31452135
ridge,2014-10-01,632.0,168175087.23886904
ridge,2014-11-01,615.0,463900043.5027368
ridge,2014-12-01,387.0,1279269336.8600314
ridge,2015-01-01,2269.0,3527268665.806786
ridge,2014-03-01,11660.0,16540.266553974434
ridge,2014-04-01,27021.0,40545.09323559093
ridge,2014-05-01,13104.0,60903.25209367278
ridge,2014-06-01,3889.0,68877.25918043495
ridge,2014-07-01,1168.0,54403.24576564451
ridge,2014-08-01,994.0,17414.69322178633
ridge,2014-09-01,691.0,0.0
ridge,2014-10-01,632.0,0.0
ridge,2014-11-01,615.0,0.0
ridge,2014-12-01,387.0,0.0
ridge,2015-01-01,2269.0,0.0
ridge,2015-02-01,11540.0,0.0
ridge,2014-04-01,27021.0,23760.661372423612
ridge,2014-05-01,13104.0,27899.84420481635
ridge,2014-06-01,3889.0,21090.796679762083
ridge,2014-07-01,1168.0,2056.68944439817
ridge,2014-08-01,994.0,0.0
ridge,2014-09-01,691.0,0.0
ridge,2014-10-01,632.0,0.0
ridge,2014-11-01,615.0,0.0
ridge,2014-12-01,387.0,0.0
ridge,2015-01-01,2269.0,0.0
ridge,2015-02-01,11540.0,17640.668851676124
ridge,2015-03-01,39216.0,69023.86384239572
ridge,2014-05-01,13104.0,36881.98537866999
ridge,2014-06-01,3889.0,36185.59741916116
ridge,2014-07-01,1168.0,20390.757108768485
ridge,2014-08-01,994.0,0.0
ridge,2014-09-01,691.0,0.0
ridge,2014-10-01,632.0,0.0
ridge,2014-11-01,615.0,0.0
ridge,2014-12-01,387.0,0.0
ridge,2015-01-01,2269.0,0.0
ridge,2015-02-01,11540.0,0.0
ridge,2015-03-01,39216.0,14012.411891099233
ridge,2015-04-01,17446.0,146510.77271694512
ridge,2014-06-01,3889.0,11483.53832772283
ridge,2014-07-01,1168.0,0.0
ridge,2014-08-01,994.0,20396.898630927768
ridge,2014-09-01,691.0,0.0
ridge,2014-10-01,632.0,231390.23297200166
ridge,2014-11-01,615.0,0.0
ridge,2014-12-01,387.0,1135776.2910842884
ridge,2015-01-01,2269.0,0.0
ridge,2015-02-01,11540.0,5079905.727640254
ridge,2015-03-01,39216.0,0.0
ridge,2015-04-01,17446.0,23125488.109381318
ridge,2015-05-01,6951.0,0.0
ridge,2014-07-01,1168.0,0.0
ridge,2014-08-01,994.0,0.0
ridge,2014-09-01,691.0,0.0
ridge,2014-10-01,632.0,105755.96787152032
ridge,2014-11-01,615.0,0.0
ridge,2014-12-01,387.0,420981.02079677914
ridge,2015-01-01,2269.0,0.0
ridge,2015-02-01,11540.0,1447558.3018584352
ridge,2015-03-01,39216.0,0.0
ridge,2015-04-01,17446.0,5357565.539953422
ridge,2015-05-01,6951.0,0.0
ridge,2015-06-01,1229.0,19334468.01955452
ridge,2014-08-01,994.0,0.0
ridge,2014-09-01,691.0,0.0
ridge,2014-10-01,632.0,0.0
ridge,2014-11-01,615.0,0.0
ridge,2014-12-01,387.0,5529.693761896103
ridge,2015-01-01,2269.0,0.0
ridge,2015-02-01,11540.0,10793.159366083795
ridge,2015-03-01,39216.0,39618.111453200625
ridge,2015-04-01,17446.0,67194.3762940208
ridge,2015-05-01,6951.0,180791.77693173144
ridge,2015-06-01,1229.0,13880.662844204453
ridge,2015-07-01,967.0,22930.530733341813
ridge,2014-09-01,691.0,0.0
ridge,2014-10-01,632.0,0.0
ridge,2014-11-01,615.0,0.0
ridge,2014-12-01,387.0,0.0
ridge,2015-01-01,2269.0,0.0
ridge,2015-02-01,11540.0,12638.446047048172
ridge,2015-03-01,39216.0,0.0
ridge,2015-04-01,17446.0,134504.2583520089
ridge,2015-05-01,6951.0,47675.389071222104
ridge,2015-06-01,1229.0,131819.15821312374
ridge,2015-07-01,967.0,0.0
ridge,2015-08-01,681.0,205169.68900790781
ridge,2014-10-01,632.0,0.0
ridge,2014-11-01,615.0,0.0
ridge,2014-12-01,387.0,0.0
ridge,2015-01-01,2269.0,0.0
ridge,2015-02-01,11540.0,0.0
ridge,2015-03-01,39216.0,0.0
ridge,2015-04-01,17446.0,102110.30055132146
ridge,2015-05-01,6951.0,85826.07913861489
ridge,2015-06-01,1229.0,16440.89246478009
ridge,2015-07-01,967.0,31813.725556319278
ridge,2015-08-01,681.0,0.0
ridge,2015-09-01,548.0,81792.00472387478
ridge,2014-11-01,615.0,0.0
ridge,2014-12-01,387.0,0.0
ridge,2015-01-01,2269.0,0.0
ridge,2015-02-01,11540.0,0.0
ridge,2015-03-01,39216.0,0.0
ridge,2015-04-01,17446.0,94054.99612318934
ridge,2015-05-01,6951.0,74414.0616268605
ridge,2015-06-01,1229.0,37583.957232693705
ridge,2015-07-01,967.0,0.0
ridge,2015-08-01,681.0,42323.375073677176
ridge,2015-09-01,548.0,0.0
ridge,2015-10-01,752.0,112347.61047360189
ridge,2014-12-01,387.0,0.0
ridge,2015-01-01,2269.0,0.0
ridge,2015-02-01,11540.0,0.0
ridge,2015-03-01,39216.0,0.0
ridge,2015-04-01,17446.0,93970.46836145851
ridge,2015-05-01,6951.0,82612.10947198354
ridge,2015-06-01,1229.0,23707.82403755732
ridge,2015-07-01,967.0,0.0
ridge,2015-08-01,681.0,0.0
ridge,2015-09-01,548.0,0.0
ridge,2015-10-01,752.0,12747.290841876744
ridge,2015-11-01,1773.0,0.0
ridge,2015-01-01,2269.0,0.0
ridge,2015-02-01,11540.0,0.0
ridge,2015-03-01,39216.0,0.0
ridge,2015-04-01,17446.0,95230.4782392472
ridge,2015-05-01,6951.0,83164.66448621215
ridge,2015-06-01,1229.0,26382.72620509359
ridge,2015-07-01,967.0,0.0
ridge,2015-08-01,681.0,0.0
ridge,2015-09-01,548.0,0.0
ridge,2015-10-01,752.0,33998.69135267169
ridge,2015-11-01,1773.0,0.0
ridge,2015-12-01,2175.0,108595.51429219465
ridge,2015-02-01,11540.0,4966.075000314967
ridge,2015-03-01,39216.0,0.0
ridge,2015-04-01,17446.0,96226.82878592098
ridge,2015-05-01,6951.0,88366.35865025366
ridge,2015-06-01,1229.0,26250.139903720985
ridge,2015-07-01,967.0,0.0
ridge,2015-08-01,681.0,0.0
ridge,2015-09-01,548.0,0.0
ridge,2015-10-01,752.0,0.0
ridge,2015-11-01,1773.0,0.0
ridge,2015-12-01,2175.0,0.0
ridge,2016-01-01,1097.0,0.0
ridge,2015-03-01,39216.0,1967.2774643888517
ridge,2015-04-01,17446.0,97124.85678357094
ridge,2015-05-01,6951.0,88595.46116841388
ridge,2015-06-01,1229.0,28644.741810747026
ridge,2015-07-01,967.0,0.0
ridge,2015-08-01,681.0,0.0
ridge,2015-09-01,548.0,0.0
ridge,2015-10-01,752.0,0.0
ridge,2015-11-01,1773.0,0.0
ridge,2015-12-01,2175.0,5136.921176278391
ridge,2016-01-01,1097.0,0.0
ridge,2016-02-01,1223.0,119955.05737128278
ridge,2015-04-01,17446.0,118828.99445781259
ridge,2015-05-01,6951.0,98195.72444164346
ridge,2015-06-01,1229.0,30713.86749919529
ridge,2015-07-01,967.0,7766.8714379905305
ridge,2015-08-01,681.0,0.0
ridge,2015-09-01,548.0,5988.3060598708935
ridge,2015-10-01,752.0,0.0
ridge,2015-11-01,1773.0,3006.2765472372794
ridge,2015-12-01,2175.0,0.0
ridge,2016-01-01,1097.0,0.0
ridge,2016-02-01,1223.0,59191.84453315206
ridge,2016-03-01,1385.0,155067.94546558772
ridge,2015-05-01,6951.0,95818.81593856955
ridge,2015-06-01,1229.0,0.0
ridge,2015-07-01,967.0,51343.34870449098
ridge,2015-08-01,681.0,0.0
ridge,2015-09-01,548.0,41424.90810130639
ridge,2015-10-01,752.0,0.0
ridge,2015-11-01,1773.0,28770.628618070976
ridge,2015-12-01,2175.0,0.0
ridge,2016-01-01,1097.0,7981.6344061852415
ridge,2016-02-01,1223.0,39527.57644609507
ridge,2016-03-01,1385.0,0.0
ridge,2016-04-01,888.0,389749.78786364995
ridge,2015-06-01,1229.0,0.0
ridge,2015-07-01,967.0,19670.04830929487
ridge,2015-08-01,681.0,0.0
ridge,2015-09-01,548.0,0.0
ridge,2015-10-01,752.0,0.0
ridge,2015-11-01,1773.0,0.0
ridge,2015-12-01,2175.0,0.0
ridge,2016-01-01,1097.0,12541.72111186406
ridge,2016-02-01,1223.0,31013.509962982436
ridge,2016-03-01,1385.0,0.0
ridge,2016-04-01,888.0,463.7306229308847
ridge,2016-05-01,634.0,0.0
ridge,2015-07-01,967.0,26026.335615723292
ridge,2015-08-01,681.0,0.0
ridge,2015-09-01,548.0,0.0
ridge,2015-10-01,752.0,0.0
ridge,2015-11-01,1773.0,0.0
ridge,2015-12-01,2175.0,0.0
ridge,2016-01-01,1097.0,15000.148942055113
ridge,2016-02-01,1223.0,25577.334432207754
ridge,2016-03-01,1385.0,0.0
ridge,2016-04-01,888.0,0.0
ridge,2016-05-01,634.0,0.0
ridge,2016-06-01,335.0,75844.97282863803
ridge,2015-08-01,681.0,0.0
ridge,2015-09-01,548.0,0.0
ridge,2015-10-01,752.0,0.0
ridge,2015-11-01,1773.0,0.0
ridge,2015-12-01,2175.0,0.0
ridge,2016-01-01,1097.0,6920.824152971031
ridge,2016-02-01,1223.0,22140.5511741013
ridge,2016-03-01,1385.0,413.64055073625514
ridge,2016-04-01,888.0,0.0
ridge,2016-05-01,634.0,0.0
ridge,2016-06-01,335.0,0.0
ridge,2016-07-01,853.0,0.0
ridge,2015-09-01,548.0,0.0
ridge,2015-10-01,752.0,0.0
ridge,2015-11-01,1773.0,0.0
ridge,2015-12-01,2175.0,0.0
ridge,2016-01-01,1097.0,15644.451507873471
ridge,2016-02-01,1223.0,26904.006708348836
ridge,2016-03-01,1385.0,6194.651572271037
ridge,2016-04-01,888.0,0.0
ridge,2016-05-01,634.0,0.0
ridge,2016-06-01,335.0,0.0
ridge,2016-07-01,853.0,0.0
ridge,2016-08-01,656.0,0.0
ridge,2015-10-01,752.0,0.0
ridge,2015-11-01,1773.0,0.0
ridge,2015-12-01,2175.0,0.0
ridge,2016-01-01,1097.0,14712.910684432063
ridge,2016-02-01,1223.0,32176.447031650743
ridge,2016-03-01,1385.0,12011.542246689041
ridge,2016-04-01,888.0,3019.246106761472
ridge,2016-05-01,634.0,0.0
ridge,2016-06-01,335.0,0.0
ridge,2016-07-01,853.0,0.0
ridge,2016-08-01,656.0,13965.865286399578
ridge,2016-09-01,724.0,0.0
ridge,2015-11-01,1773.0,0.0
ridge,2015-12-01,2175.0,0.0
ridge,2016-01-01,1097.0,5240.218693679824
ridge,2016-02-01,1223.0,28936.122518414097
ridge,2016-03-01,1385.0,18375.314064028855
ridge,2016-04-01,888.0,11664.084703069544
ridge,2016-05-01,634.0,0.0
ridge,2016-06-01,335.0,0.0
ridge,2016-07-01,853.0,0.0
ridge,2016-08-01,656.0,3408.4804358542583
ridge,2016-09-01,724.0,0.0
ridge,2016-10-01,1189.0,0.0
ridge,2015-12-01,2175.0,0.0
ridge,2016-01-01,1097.0,7904.7990371209435
ridge,2016-02-01,1223.0,27446.019186858663
ridge,2016-03-01,1385.0,16435.610800179657
ridge,2016-04-01,888.0,14770.914636830059
ridge,2016-05-01,634.0,0.0
ridge,2016-06-01,335.0,0.0
ridge,2016-07-01,853.0,0.0
ridge,2016-08-01,656.0,3774.1085810188306
ridge,2016-09-01,724.0,0.0
ridge,2016-10-01,1189.0,13171.462675499974
ridge,2016-11-01,1334.0,0.0
ridge,2016-01-01,1097.0,18584.024885008104
ridge,2016-02-01,1223.0,27077.843443257716
ridge,2016-03-01,1385.0,13734.293387597587
ridge,2016-04-01,888.0,14376.787561722365
ridge,2016-05-01,634.0,0.0
ridge,2016-06-01,335.0,0.0
ridge,2016-07-01,853.0,0.0
ridge,2016-08-01,656.0,3215.6707620529655
ridge,2016-09-01,724.0,0.0
ridge,2016-10-01,1189.0,10811.009387654176
ridge,2016-11-01,1334.0,0.0
ridge,2016-12-01,1620.0,39395.62939681277
ridge,2016-02-01,1223.0,22106.87366563773
ridge,2016-03-01,1385.0,17409.780121545475
ridge,2016-04-01,888.0,14380.9502906421
ridge,2016-05-01,634.0,0.0
ridge,2016-06-01,335.0,0.0
ridge,2016-07-01,853.0,0.0
ridge,2016-08-01,656.0,2398.3717790251853
ridge,2016-09-01,724.0,0.0
ridge,2016-10-01,1189.0,7377.092133249018
ridge,2016-11-01,1334.0,0.0
ridge,2016-12-01,1620.0,0.0
ridge,2017-01-01,498.0,0.0
ridge,2016-03-01,1385.0,12619.847106937903
ridge,2016-04-01,888.0,19890.486556107848
ridge,2016-05-01,634.0,0.0
ridge,2016-06-01,335.0,0.0
ridge,2016-07-01,853.0,0.0
ridge,2016-08-01,656.0,4637.96351152205
ridge,2016-09-01,724.0,0.0
ridge,2016-10-01,1189.0,10790.894019240897
ridge,2016-11-01,1334.0,0.0
ridge,2016-12-01,1620.0,0.0
ridge,2017-01-01,498.0,0.0
ridge,2017-02-01,264.0,0.0
ridge,2016-04-01,888.0,13985.479060555568
ridge,2016-05-01,634.0,0.0
ridge,2016-06-01,335.0,0.0
ridge,2016-07-01,853.0,0.0
ridge,2016-08-01,656.0,4751.4733455555
ridge,2016-09-01,724.0,0.0
ridge,2016-10-01,1189.0,9944.609111928181
ridge,2016-11-01,1334.0,0.0
ridge,2016-12-01,1620.0,0.0
ridge,2017-01-01,498.0,0.0
ridge,2017-02-01,264.0,0.0
ridge,2017-03-01,288.0,14208.829474969343
ridge,2016-05-01,634.0,0.0
ridge,2016-06-01,335.0,0.0
ridge,2016-07-01,853.0,0.0
ridge,2016-08-01,656.0,7044.651782866638
ridge,2016-09-01,724.0,1154.8772325182101
ridge,2016-10-01,1189.0,12744.57650430868
ridge,2016-11-01,1334.0,0.0
ridge,2016-12-01,1620.0,0.0
ridge,2017-01-01,498.0,0.0
ridge,2017-02-01,264.0,0.0
ridge,2017-03-01,288.0,0.0
ridge,2017-04-01,1556.0,0.0
ridge,2016-06-01,335.0,2177.265545834209
ridge,2016-07-01,853.0,2973.9085507139803
ridge,2016-08-01,656.0,4250.6313682797945
ridge,2016-09-01,724.0,0.0
ridge,2016-10-01,1189.0,9460.11366795161
ridge,2016-11-01,1334.0,0.0
ridge,2016-12-01,1620.0,0.0
ridge,2017-01-01,498.0,0.0
ridge,2017-02-01,264.0,0.0
ridge,2017-03-01,288.0,0.0
ridge,2017-04-01,1556.0,0.0
ridge,2017-05-01,845.0,7405.381503305324
ridge,2016-07-01,853.0,2121.944995977593
ridge,2016-08-01,656.0,3695.2220644302715
ridge,2016-09-01,724.0,0.0
ridge,2016-10-01,1189.0,9731.54243465545
ridge,2016-11-01,1334.0,0.0
ridge,2016-12-01,1620.0,0.0
ridge,2017-01-01,498.0,0.0
ridge,2017-02-01,264.0,0.0
ridge,2017-03-01,288.0,0.0
ridge,2017-04-01,1556.0,0.0
ridge,2017-05-01,845.0,3149.470068128173
ridge,2017-06-01,594.0,9497.478570758962
ridge,2016-08-01,656.0,3109.5769967897295
ridge,2016-09-01,724.0,0.0
ridge,2016-10-01,1189.0,10023.725441520115
ridge,2016-11-01,1334.0,0.0
ridge,2016-12-01,1620.0,0.0
ridge,2017-01-01,498.0,0.0
ridge,2017-02-01,264.0,0.0
ridge,2017-03-01,288.0,0.0
ridge,2017-04-01,1556.0,0.0
ridge,2017-05-01,845.0,3011.4831459836514
ridge,2017-06-01,594.0,6539.4029582576195
ridge,2017-07-01,582.0,17697.004118607685
ridge,2016-09-01,724.0,0.0
ridge,2016-10-01,1189.0,9282.227629666579
ridge,2016-11-01,1334.0,0.0
ridge,2016-12-01,1620.0,0.0
ridge,2017-01-01,498.0,0.0
ridge,2017-02-01,264.0,0.0
ridge,2017-03-01,288.0,0.0
ridge,2017-04-01,1556.0,0.0
ridge,2017-05-01,845.0,1964.4552973451937
ridge,2017-06-01,594.0,6276.165078095143
ridge,2017-07-01,582.0,12004.822079177484
ridge,2017-08-01,530.0,0.0
ridge,2016-10-01,1189.0,10897.862873284541
ridge,2016-11-01,1334.0,0.0
ridge,2016-12-01,1620.0,0.0
ridge,2017-01-01,498.0,0.0
ridge,2017-02-01,264.0,0.0
ridge,2017-03-01,288.0,0.0
ridge,2017-04-01,1556.0,0.0
ridge,2017-05-01,845.0,1491.4654461459138
ridge,2017-06-01,594.0,7676.38454716697
ridge,2017-07-01,582.0,12415.601296823887
ridge,2017-08-01,530.0,5790.466589658097
ridge,2017-09-01,749.0,23071.331479779892
ridge,2016-11-01,1334.0,0.0
ridge,2016-12-01,1620.0,0.0
ridge,2017-01-01,498.0,0.0
ridge,2017-02-01,264.0,0.0
ridge,2017-03-01,288.0,0.0
ridge,2017-04-01,1556.0,0.0
ridge,2017-05-01,845.0,1525.548545118739
ridge,2017-06-01,594.0,8261.861986025458
ridge,2017-07-01,582.0,8175.959461377648
ridge,2017-08-01,530.0,3895.6648486649324
ridge,2017-09-01,749.0,922.3495843303228
ridge,2017-10-01,1192.0,0.0
ridge,2016-12-01,1620.0,0.0
ridge,2017-01-01,498.0,0.0
ridge,2017-02-01,264.0,0.0
ridge,2017-03-01,288.0,0.0
ridge,2017-04-01,1556.0,0.0
ridge,2017-05-01,845.0,1742.801554258498
ridge,2017-06-01,594.0,8405.169185295304
ridge,2017-07-01,582.0,8847.460464579266
ridge,2017-08-01,530.0,8369.023393902662
ridge,2017-09-01,749.0,3151.072549298211
ridge,2017-10-01,1192.0,0.0
ridge,2017-11-01,1070.0,0.0
ridge,2017-01-01,498.0,0.0
ridge,2017-02-01,264.0,0.0
ridge,2017-03-01,288.0,0.0
ridge,2017-04-01,1556.0,0.0
ridge,2017-05-01,845.0,443.7134271793543
ridge,2017-06-01,594.0,8084.592106800017
ridge,2017-07-01,582.0,8882.404712649864
ridge,2017-08-01,530.0,8910.52948244707
ridge,2017-09-01,749.0,4219.379488311316
ridge,2017-10-01,1192.0,0.0
ridge,2017-11-01,1070.0,7289.195786181348
ridge,2017-12-01,1435.0,0.0
ridge,2017-02-01,264.0,18448.97516287589
ridge,2017-03-01,288.0,11182.945521660651
ridge,2017-04-01,1556.0,3191.88198369753
ridge,2017-05-01,845.0,0.0
ridge,2017-06-01,594.0,0.0
ridge,2017-07-01,582.0,1215.6503391534593
ridge,2017-08-01,530.0,2549.163471161978
ridge,2017-09-01,749.0,2796.7081486847974
ridge,2017-10-01,1192.0,3351.3625453954137
ridge,2017-11-01,1070.0,3991.134269850089
ridge,2017-12-01,1435.0,2640.9898701317657
ridge,2018-01-01,2342.0,12556.788798139418
ridge,2017-03-01,288.0,0.0
ridge,2017-04-01,1556.0,0.0
ridge,2017-05-01,845.0,0.0
ridge,2017-06-01,594.0,2805.15147282429
ridge,2017-07-01,582.0,3934.534044372091
ridge,2017-08-01,530.0,4109.1531272416905
ridge,2017-09-01,749.0,3881.1864927893394
ridge,2017-10-01,1192.0,3676.3382007220494
ridge,2017-11-01,1070.0,3837.287663450248
ridge,2017-12-01,1435.0,3024.266738764144
ridge,2018-01-01,2342.0,2685.6825078882284
ridge,2018-02-01,1764.0,230.66601925223586
ridge,2017-04-01,1556.0,1671.1316321908857
ridge,2017-05-01,845.0,2367.0903781579514
ridge,2017-06-01,594.0,3289.355538874282
ridge,2017-07-01,582.0,3489.0820205915843
ridge,2017-08-01,530.0,3507.671009815803
ridge,2017-09-01,749.0,3385.580087000024
ridge,2017-10-01,1192.0,3248.653041265816
ridge,2017-11-01,1070.0,3604.309579811302
ridge,2017-12-01,1435.0,2985.970856245188
ridge,2018-01-01,2342.0,2645.6095696494954
ridge,2018-02-01,1764.0,2716.2591296310457
ridge,2018-03-01,1167.0,3537.748250170872
ridge,2017-05-01,845.0,2279.225604871648
ridge,2017-06-01,594.0,3254.241330218083
ridge,2017-07-01,582.0,3487.723201639304
ridge,2017-08-01,530.0,3512.3568284436205
ridge,2017-09-01,749.0,3390.8480538793638
ridge,2017-10-01,1192.0,3253.6542318440793
ridge,2017-11-01,1070.0,3608.3345432515725
ridge,2017-12-01,1435.0,2986.2460414489333
ridge,2018-01-01,2342.0,2646.071809442633
ridge,2018-02-01,1764.0,2715.8471458701715
ridge,2018-03-01,1167.0,3474.268172788027
ridge,2018-04-01,1166.0,4118.57560856523
ridge,2017-06-01,594.0,2218.576693970938
ridge,2017-07-01,582.0,3078.7334922488762
ridge,2017-08-01,530.0,3492.2567666699824
ridge,2017-09-01,749.0,3424.302081245016
ridge,2017-10-01,1192.0,3295.015863433593
ridge,2017-11-01,1070.0,3643.078300426113
ridge,2017-12-01,1435.0,3011.4585018070684
ridge,2018-01-01,2342.0,2643.1720243426266
ridge,2018-02-01,1764.0,2711.1391376181105
ridge,2018-03-01,1167.0,3455.5629558412293
ridge,2018-04-01,1166.0,3318.766152654896
ridge,2018-05-01,625.0,3844.8840953290605
ridge,2017-07-01,582.0,1896.015137192044
ridge,2017-08-01,530.0,3015.9054297332755
ridge,2017-09-01,749.0,3385.023629672569
ridge,2017-10-01,1192.0,3315.295787894337
ridge,2017-11-01,1070.0,3671.841501192346
ridge,2017-12-01,1435.0,3036.71625162466
ridge,2018-01-01,2342.0,2666.2310935843784
ridge,2018-02-01,1764.0,2700.2684120575564
ridge,2018-03-01,1167.0,3440.4940055895263
ridge,2018-04-01,1166.0,3290.4244041941847
ridge,2018-05-01,625.0,2933.3134938590315
ridge,2018-06-01,478.0,3622.290529524023
ridge,2017-08-01,530.0,2056.1285054694667
ridge,2017-09-01,749.0,2997.153743662917
ridge,2017-10-01,1192.0,3282.402308280448
ridge,2017-11-01,1070.0,3686.8908359063985
ridge,2017-12-01,1435.0,3056.466976271502
ridge,2018-01-01,2342.0,2682.273852567519
ridge,2018-02-01,1764.0,2716.7148712708113
ridge,2018-03-01,1167.0,3430.088358729612
ridge,2018-04-01,1166.0,3276.1850664034864
ridge,2018-05-01,625.0,2907.661670178049
ridge,2018-06-01,478.0,2883.271790062254
ridge,2018-07-01,432.0,3629.924264336434
ridge,2017-09-01,749.0,1880.648685883004
ridge,2017-10-01,1192.0,2827.4412344124476
ridge,2017-11-01,1070.0,3645.5380654636856
ridge,2017-12-01,1435.0,3073.576170413853
ridge,2018-01-01,2342.0,2702.91262865745
ridge,2018-02-01,1764.0,2731.0307304936077
ridge,2018-03-01,1167.0,3444.9503093748426
ridge,2018-04-01,1166.0,3261.732625686363
ridge,2018-05-01,625.0,2888.693250969268
ridge,2018-06-01,478.0,2851.5695635297766
ridge,2018-07-01,432.0,2770.3116496840707
ridge,2018-08-01,296.0,3362.3340388952374
ridge,2017-10-01,1192.0,1999.0402296004602
ridge,2017-11-01,1070.0,3307.4845637186563
ridge,2017-12-01,1435.0,3041.56787753311
ridge,2018-01-01,2342.0,2714.0830684148523
ridge,2018-02-01,1764.0,2746.7270990537777
ridge,2018-03-01,1167.0,3455.485009641161
ridge,2018-04-01,1166.0,3270.1885383537956
ridge,2018-05-01,625.0,2875.3546625286594
ridge,2018-06-01,478.0,2836.694749830672
ridge,2018-07-01,432.0,2747.309661027981
ridge,2018-08-01,296.0,2725.003151857776
ridge,2018-09-01,487.0,3331.4412796485335
ridge,2017-11-01,1070.0,2717.113361185594
ridge,2017-12-01,1435.0,2800.7610158280827
ridge,2018-01-01,2342.0,2690.332052086307
ridge,2018-02-01,1764.0,2753.8851487355814
ridge,2018-03-01,1167.0,3466.9257847199597
ridge,2018-04-01,1166.0,3278.2385785328793
ridge,2018-05-01,625.0,2881.164781555609
ridge,2018-06-01,478.0,2826.2773839031543
ridge,2018-07-01,432.0,2736.656218128995
ridge,2018-08-01,296.0,2708.8984354281724
ridge,2018-09-01,487.0,2877.096421536653
ridge,2018-10-01,417.0,3629.5368597631345
ridge,2017-12-01,1435.0,1597.4067347065015
ridge,2018-01-01,2342.0,2196.9427419979006
ridge,2018-02-01,1764.0,2703.6843313830136
ridge,2018-03-01,1167.0,3480.4913808330375
ridge,2018-04-01,1166.0,3299.569197033897
ridge,2018-05-01,625.0,2895.5721373439037
ridge,2018-06-01,478.0,2839.6341708268374
ridge,2018-07-01,432.0,2717.8192257617407
ridge,2018-08-01,296.0,2686.360623495349
ridge,2018-09-01,487.0,2841.542265552848
ridge,2018-10-01,417.0,2701.9816698214495
ridge,2018-11-01,566.0,3273.498107420365
ridge,2018-01-01,2342.0,2078.2118324960647
ridge,2018-02-01,1764.0,2655.1006642366774
ridge,2018-03-01,1167.0,3475.6256453607116
ridge,2018-04-01,1166.0,3300.935642127932
ridge,2018-05-01,625.0,2897.6172659711165
ridge,2018-06-01,478.0,2840.9977697147497
ridge,2018-07-01,432.0,2719.4749170093723
ridge,2018-08-01,296.0,2684.7657720628868
ridge,2018-09-01,487.0,2839.396394404037
ridge,2018-10-01,417.0,2698.314478220354
ridge,2018-11-01,566.0,3181.998628604685
ridge,2018-12-01,1125.0,3673.3492727691496
ridge,2018-02-01,1764.0,2847.8598057521785
ridge,2018-03-01,1167.0,3554.287209664023
ridge,2018-04-01,1166.0,3308.525032361318
ridge,2018-05-01,625.0,2895.0899212980667
ridge,2018-06-01,478.0,2837.3748594700055
ridge,2018-07-01,432.0,2716.9896573221013
ridge,2018-08-01,296.0,2681.8258562125393
ridge,2018-09-01,487.0,2841.680670433869
ridge,2018-10-01,417.0,2701.5731769770446
ridge,2018-11-01,566.0,3187.7680621882882
ridge,2018-12-01,1125.0,3821.7967342008933
ridge,2019-01-01,1764.0,4216.595720611268
ridge,2018-03-01,1167.0,2764.672113213908
ridge,2018-04-01,1166.0,2988.0868909705637
ridge,2018-05-01,625.0,2865.191962361371
ridge,2018-06-01,478.0,2849.2390410486096
ridge,2018-07-01,432.0,2734.3261263931136
ridge,2018-08-01,296.0,2693.7724878588015
ridge,2018-09-01,487.0,2855.272948967883
ridge,2018-10-01,417.0,2693.7244240535297
ridge,2018-11-01,566.0,3174.731637340101
ridge,2018-12-01,1125.0,3799.9134028461503
ridge,2019-01-01,1764.0,3607.3705883756666
ridge,2019-02-01,2995.0,3695.3406595466577
ridge,2018-04-01,1166.0,1823.5746409388973
ridge,2018-05-01,625.0,2394.0312928943576
ridge,2018-06-01,478.0,2806.568315820014
ridge,2018-07-01,432.0,2752.399773616665
ridge,2018-08-01,296.0,2718.749060198646
ridge,2018-09-01,487.0,2871.3340627969847
ridge,2018-10-01,417.0,2712.0327172056686
ridge,2018-11-01,566.0,3160.94935021906
ridge,2018-12-01,1125.0,3778.1123464452826
ridge,2019-01-01,1764.0,3572.3824411332344
ridge,2019-02-01,2995.0,2797.2019020172156
ridge,2019-03-01,8241.0,3159.097817914119
ridge,2018-05-01,625.0,1913.6427871071612
ridge,2018-06-01,478.0,2612.257131705187
ridge,2018-07-01,432.0,2735.492368856092
ridge,2018-08-01,296.0,2726.3165044182506
ridge,2018-09-01,487.0,2881.2230204955913
ridge,2018-10-01,417.0,2718.0211711312973
ridge,2018-11-01,566.0,3167.487640636579
ridge,2018-12-01,1125.0,3771.477814454711
ridge,2019-01-01,1764.0,3562.3034355946056
ridge,2019-02-01,2995.0,2781.4438814004634
ridge,2019-03-01,8241.0,2789.1132509422523
ridge,2019-04-01,13333.0,3205.0188571876342
ridge,2018-06-01,478.0,1669.9319078138208
ridge,2018-07-01,432.0,2352.3235828597676
ridge,2018-08-01,296.0,2691.3954001972743
ridge,2018-09-01,487.0,2896.7702581280546
ridge,2018-10-01,417.0,2738.631620700294
ridge,2018-11-01,566.0,3178.809664801706
ridge,2018-12-01,1125.0,3783.3955968132323
ridge,2019-01-01,1764.0,3547.7432149065207
ridge,2019-02-01,2995.0,2760.000256243104
ridge,2019-03-01,8241.0,2756.8415049778823
ridge,2019-04-01,13333.0,2478.741184514781
ridge,2019-05-01,13768.0,2992.9441737968664
ridge,2018-07-01,432.0,1481.0908400088301
ridge,2018-08-01,296.0,2336.046473993114
ridge,2018-09-01,487.0,2862.666234890374
ridge,2018-10-01,417.0,2753.282678430339
ridge,2018-11-01,566.0,3200.0871324730138
ridge,2018-12-01,1125.0,3795.8033611376313
ridge,2019-01-01,1764.0,3558.2833082348634
ridge,2019-02-01,2995.0,2745.6781324158123
ridge,2019-03-01,8241.0,2736.391530704269
ridge,2019-04-01,13333.0,2449.76123093565
ridge,2019-05-01,13768.0,2320.4864448147882
ridge,2019-06-01,6263.0,2826.8748184562396
ridge,2018-08-01,296.0,1568.5722774998671
ridge,2018-09-01,487.0,2549.5386401436263
ridge,2018-10-01,417.0,2723.407492402318
ridge,2018-11-01,566.0,3212.454146081277
ridge,2018-12-01,1125.0,3815.7233118794793
ridge,2019-01-01,1764.0,3571.043826645491
ridge,2019-02-01,2995.0,2756.45986608161
ridge,2019-03-01,8241.0,2724.961926247403
ridge,2019-04-01,13333.0,2434.155340888303
ridge,2019-05-01,13768.0,2295.182305233216
ridge,2019-06-01,6263.0,2234.3798448873104
ridge,2019-07-01,1770.0,2790.3213638454085
ridge,2018-09-01,487.0,1617.5416264654768
ridge,2018-10-01,417.0,2341.443849043182
ridge,2018-11-01,566.0,3173.8116287602816
ridge,2018-12-01,1125.0,3829.303201978788
ridge,2019-01-01,1764.0,3593.2069661499318
ridge,2019-02-01,2995.0,2771.7385307096083
ridge,2019-03-01,8241.0,2740.6395633565153
ridge,2019-04-01,13333.0,2423.5894246491152
ridge,2019-05-01,13768.0,2276.665328634572
ridge,2019-06-01,6263.0,2202.910674531691
ridge,2019-07-01,1770.0,2070.2470517472807
ridge,2019-08-01,1143.0,2661.8593626348566
ridge,2018-10-01,417.0,1512.7342153854452
ridge,2018-11-01,566.0,2832.6576725688315
ridge,2018-12-01,1125.0,3793.0262585064656
ridge,2019-01-01,1764.0,3603.3996980441675
ridge,2019-02-01,2995.0,2790.3355650238445
ridge,2019-03-01,8241.0,2753.6509343479065
ridge,2019-04-01,13333.0,2439.8485367077355
ridge,2019-05-01,13768.0,2270.1967282845053
ridge,2019-06-01,6263.0,2188.090551324848
ridge,2019-07-01,1770.0,2042.4041973810627
ridge,2019-08-01,1143.0,2021.6330390949029
ridge,2019-09-01,1323.0,2636.3689870609824
ridge,2018-11-01,566.0,2028.356800420676
ridge,2018-12-01,1125.0,3461.024894362068
ridge,2019-01-01,1764.0,3566.347943083926
ridge,2019-02-01,2995.0,2798.6579614409957
ridge,2019-03-01,8241.0,2771.442728056906
ridge,2019-04-01,13333.0,2453.9734521928904
ridge,2019-05-01,13768.0,2285.8991780677356
ridge,2019-06-01,6263.0,2182.525225590149
ridge,2019-07-01,1770.0,2030.3374472740165
ridge,2019-08-01,1143.0,1996.3443232422956
ridge,2019-09-01,1323.0,2016.2577731258766
ridge,2019-10-01,1044.0,2815.987387673643
ridge,2018-12-01,1125.0,2385.9687416030256
ridge,2019-01-01,1764.0,3119.0960384530717
ridge,2019-02-01,2995.0,2744.675863695641
ridge,2019-03-01,8241.0,2779.500432392764
ridge,2019-04-01,13333.0,2476.4293719901234
ridge,2019-05-01,13768.0,2303.0385308624673
ridge,2019-06-01,6263.0,2202.035367555215
ridge,2019-07-01,1770.0,2021.015258735069
ridge,2019-08-01,1143.0,1979.9781731216767
ridge,2019-09-01,1323.0,1985.012534451521
ridge,2019-10-01,1044.0,1990.537542652768
ridge,2019-11-01,969.0,2749.106743801014
ridge,2019-01-01,1764.0,2189.395176116247
ridge,2019-02-01,2995.0,2355.820687841674
ridge,2019-03-01,8241.0,2730.617622142795
ridge,2019-04-01,13333.0,2483.306342906632
ridge,2019-05-01,13768.0,2321.294022890851
ridge,2019-06-01,6263.0,2215.0002039563674
ridge,2019-07-01,1770.0,2036.6964264744088
ridge,2019-08-01,1143.0,1971.1056250728802
ridge,2019-09-01,1323.0,1969.7007298304861
ridge,2019-10-01,1044.0,1964.4661656890028
ridge,2019-11-01,969.0,2039.8842871698098
ridge,2019-12-01,1390.0,2796.551618703651
ridge,2019-02-01,2995.0,2041.6459951335519
ridge,2019-03-01,8241.0,2598.606575976687
ridge,2019-04-01,13333.0,2466.1414968458225
ridge,2019-05-01,13768.0,2322.9157518112615
ridge,2019-06-01,6263.0,2220.585401122985
ridge,2019-07-01,1770.0,2040.6340604412505
ridge,2019-08-01,1143.0,1975.9165095177423
ridge,2019-09-01,1323.0,1966.4928840292068
ridge,2019-10-01,1044.0,1959.0527735955384
ridge,2019-11-01,969.0,2030.7672051819422
ridge,2019-12-01,1390.0,2557.4820243797167
ridge,2020-01-01,2385.0,2986.556330416058
ridge,2019-03-01,8241.0,3301.191780031085
ridge,2019-04-01,13333.0,2758.0782025391927
ridge,2019-05-01,13768.0,2357.9913685444144
ridge,2019-06-01,6263.0,2214.1746262129814
ridge,2019-07-01,1770.0,2025.8387080636908
ridge,2019-08-01,1143.0,1964.9205512248288
ridge,2019-09-01,1323.0,1953.7293739337706
ridge,2019-10-01,1044.0,1964.356858112143
ridge,2019-11-01,969.0,2041.058809652939
ridge,2019-12-01,1390.0,2576.8336901770112
ridge,2020-01-01,2385.0,3520.73213331442
ridge,2020-02-01,3149.0,3863.2519520130945
ridge,2019-04-01,13333.0,6402.332142355399
ridge,2019-05-01,13768.0,3857.0123238216033
ridge,2019-06-01,6263.0,2355.3169102925094
ridge,2019-07-01,1770.0,1939.2906380653606
ridge,2019-08-01,1143.0,1836.9052362370744
ridge,2019-09-01,1323.0,1850.7012222500553
ridge,2019-10-01,1044.0,1852.7901235049997
ridge,2019-11-01,969.0,2032.1867488321777
ridge,2019-12-01,1390.0,2597.9198972154013
ridge,2020-01-01,2385.0,3586.3187874999653
ridge,2020-02-01,3149.0,6611.936472156167
ridge,2020-03-01,2933.0,6321.1113225122845
ridge,2019-05-01,13768.0,9194.180940996855
ridge,2019-06-01,6263.0,4654.066964025907
ridge,2019-07-01,1770.0,2199.1330492906227
ridge,2019-08-01,1143.0,1655.381367738341
ridge,2019-09-01,1323.0,1558.9496402660097
ridge,2019-10-01,1044.0,1582.043117610821
ridge,2019-11-01,969.0,1757.1936784629058
ridge,2019-12-01,1390.0,2475.632032796171
ridge,2020-01-01,2385.0,3521.6466772601325
ridge,2020-02-01,3149.0,6624.33164423434
ridge,2020-03-01,2933.0,10115.61949299247
ridge,2020-04-01,2029.0,8471.705857646157
ridge,2019-06-01,6263.0,8422.102002656988
ridge,2019-07-01,1770.0,4025.0923615522784
ridge,2019-08-01,1143.0,2024.7711066525621
ridge,2019-09-01,1323.0,1492.3682342778095
ridge,2019-10-01,1044.0,1352.9471037266212
ridge,2019-11-01,969.0,1501.0520152193744
ridge,2019-12-01,1390.0,2206.2547122341352
ridge,2020-01-01,2385.0,3351.0522323549667
ridge,2020-02-01,3149.0,6502.700230716275
ridge,2020-03-01,2933.0,10059.808280588835
ridge,2020-04-01,2029.0,10918.002493717438
ridge,2020-05-01,1571.0,7976.813650796179
ridge,2019-07-01,1770.0,2208.6872954848996
ridge,2019-08-01,1143.0,1114.7989613296727
ridge,2019-09-01,1323.0,1299.457542425972
ridge,2019-10-01,1044.0,1387.4197771254303
ridge,2019-11-01,969.0,1621.7540406384762
ridge,2019-12-01,1390.0,2340.562583132827
ridge,2020-01-01,2385.0,3490.682077797902
ridge,2020-02-01,3149.0,6593.580398155513
ridge,2020-03-01,2933.0,10126.786817075907
ridge,2020-04-01,2029.0,10950.912319240062
ridge,2020-05-01,1571.0,6826.852700239888
ridge,2020-06-01,796.0,3511.527986647755
ridge,2019-08-01,1143.0,749.441279847755
ridge,2019-09-01,1323.0,1123.6613461011284
ridge,2019-10-01,1044.0,1359.7344217268483
ridge,2019-11-01,969.0,1637.42299229939
ridge,2019-12-01,1390.0,2369.2040123426186
ridge,2020-01-01,2385.0,3518.285105662314
ridge,2020-02-01,3149.0,6620.417877183085
ridge,2020-03-01,2933.0,10142.889347913291
ridge,2020-04-01,2029.0,10961.904497786023
ridge,2020-05-01,1571.0,6830.697516989043
ridge,2020-06-01,796.0,3274.5669283149296
ridge,2020-07-01,547.0,1728.2700829555747
ridge,2019-09-01,1323.0,1451.2356642061768
ridge,2019-10-01,1044.0,1516.7062224105503
ridge,2019-11-01,969.0,1661.2621079660612
ridge,2019-12-01,1390.0,2354.5951026355096
ridge,2020-01-01,2385.0,3493.115157648017
ridge,2020-02-01,3149.0,6595.982818002277
ridge,2020-03-01,2933.0,10118.906117146362
ridge,2020-04-01,2029.0,10947.655878154399
ridge,2020-05-01,1571.0,6821.642100876421
ridge,2020-06-01,796.0,3273.6105142812776
ridge,2020-07-01,547.0,1945.4688787521807
ridge,2020-08-01,473.0,1687.9463288105842
ridge,2019-10-01,1044.0,1409.980762653711
ridge,2019-11-01,969.0,1610.2033425339687
ridge,2019-12-01,1390.0,2346.727875453659
ridge,2020-01-01,2385.0,3497.5626111301435
ridge,2020-02-01,3149.0,6603.874136020756
ridge,2020-03-01,2933.0,10126.742710383349
ridge,2020-04-01,2029.0,10955.458026247723
ridge,2020-05-01,1571.0,6826.292656640465
ridge,2020-06-01,796.0,3276.4352732908683
ridge,2020-07-01,547.0,1945.4689108146786
ridge,2020-08-01,473.0,1616.882337314694
ridge,2020-09-01,481.0,1442.7344842024088
ridge,2019-11-01,969.0,1305.6373307482613
ridge,2019-12-01,1390.0,2201.0822105620996
ridge,2020-01-01,2385.0,3475.1527121735135
ridge,2020-02-01,3149.0,6616.48645247903
ridge,2020-03-01,2933.0,10149.805721772509
ridge,2020-04-01,2029.0,10979.189583888596
ridge,2020-05-01,1571.0,6850.245641932745
ridge,2020-06-01,796.0,3291.151730319763
ridge,2020-07-01,547.0,1954.7054325874242
ridge,2020-08-01,473.0,1617.5157007713935
ridge,2020-09-01,481.0,1240.0086968372839
ridge,2020-10-01,331.0,1089.5781118411742
ridge,2019-12-01,1390.0,1920.9362829810311
ridge,2020-01-01,2385.0,3341.250117319166
ridge,2020-02-01,3149.0,6595.947900472755
ridge,2020-03-01,2933.0,10161.235769891848
ridge,2020-04-01,2029.0,11000.463145431155
ridge,2020-05-01,1571.0,6873.15019909877
ridge,2020-06-01,796.0,3315.0768038208976
ridge,2020-07-01,547.0,1969.9598899167465
ridge,2020-08-01,473.0,1626.916021756861
ridge,2020-09-01,481.0,1240.754352493746
ridge,2020-10-01,331.0,902.8238992317732
ridge,2020-11-01,592.0,1305.986705255705
ridge,2020-01-01,2385.0,2899.3918243786675
ridge,2020-02-01,3149.0,6384.714122887686
ridge,2020-03-01,2933.0,10128.828724994375
ridge,2020-04-01,2029.0,11018.516905648019
ridge,2020-05-01,1571.0,6906.428926279336
ridge,2020-06-01,796.0,3351.108745825918
ridge,2020-07-01,547.0,2009.4224838778175
ridge,2020-08-01,473.0,1654.5263698140238
ridge,2020-09-01,481.0,1259.2624838301208
ridge,2020-10-01,331.0,906.192330939705
ridge,2020-11-01,592.0,1012.0736783706807
ridge,2020-12-01,484.0,1763.2170061506388
ridge,2020-02-01,3149.0,5956.445567045146
ridge,2020-03-01,2933.0,9923.880724943916
ridge,2020-04-01,2029.0,10986.952226883768
ridge,2020-05-01,1571.0,6924.168227782374
ridge,2020-06-01,796.0,3384.0881600458843
ridge,2020-07-01,547.0,2045.0808840142452
ridge,2020-08-01,473.0,1693.9041460142523
ridge,2020-09-01,481.0,1289.0085263724527
ridge,2020-10-01,331.0,928.6883608555253
ridge,2020-11-01,592.0,1019.5326036282468
ridge,2020-12-01,484.0,1480.8661112198015
ridge,2021-01-01,1177.0,2243.4890517575263
ridge,2020-03-01,2933.0,7582.9327255068265
ridge,2020-04-01,2029.0,9862.204522965229
ridge,2020-05-01,1571.0,6744.115540722273
ridge,2020-06-01,796.0,3471.702181109811
ridge,2020-07-01,547.0,2215.821297248103
ridge,2020-08-01,473.0,1883.5611554893874
ridge,2020-09-01,481.0,1497.9869857957133
ridge,2020-10-01,331.0,1081.0395399072127
ridge,2020-11-01,592.0,1167.791851234273
ridge,2020-12-01,484.0,1590.9810522141477
ridge,2021-01-01,1177.0,786.1778506842269
ridge,2021-02-01,1765.0,1707.8335200739614
ridge,2020-04-01,2029.0,5936.231734992849
ridge,2020-05-01,1571.0,4828.236572771622
ridge,2020-06-01,796.0,3134.4009210508448
ridge,2020-07-01,547.0,2337.1106338562754
ridge,2020-08-01,473.0,2152.0892732029356
ridge,2020-09-01,481.0,1810.9961465018794
ridge,2020-10-01,331.0,1433.8338115267472
ridge,2020-11-01,592.0,1403.5883064467255
ridge,2020-12-01,484.0,1832.1144446976919
ridge,2021-01-01,1177.0,1104.5652701672038
ridge,2021-02-01,1765.0,0.0
ridge,2021-03-01,3255.0,687.0621038082846
ridge,2020-05-01,1571.0,1444.7383662766304
ridge,2020-06-01,796.0,1419.0953993551177
ridge,2020-07-01,547.0,1985.4570000873243
ridge,2020-08-01,473.0,2223.1422396282023
ridge,2020-09-01,481.0,2020.8733761588355
ridge,2020-10-01,331.0,1689.2038642298733
ridge,2020-11-01,592.0,1705.8412988645946
ridge,2020-12-01,484.0,2041.267286854729
ridge,2021-01-01,1177.0,1287.472089693391
ridge,2021-02-01,1765.0,0.0
ridge,2021-03-01,3255.0,0.0
ridge,2021-04-01,6693.0,650.6860769262283
ridge,2020-06-01,796.0,1529.52596265781
ridge,2020-07-01,547.0,2042.09712046423
ridge,2020-08-01,473.0,2235.0457211460725
ridge,2020-09-01,481.0,2018.6518028482747
ridge,2020-10-01,331.0,1682.4519097209702
ridge,2020-11-01,592.0,1697.6572855113168
ridge,2020-12-01,484.0,2031.4490782996586
ridge,2021-01-01,1177.0,1280.4036978616343
ridge,2021-02-01,1765.0,0.0
ridge,2021-03-01,3255.0,0.0
ridge,2021-04-01,6693.0,702.2621799873389
ridge,2021-05-01,5349.0,2128.1267893022205
ridge,2020-07-01,547.0,1412.6890435810192
ridge,2020-08-01,473.0,1920.6601887743577
ridge,2020-09-01,481.0,1958.8843680901532
ridge,2020-10-01,331.0,1698.510079164852
ridge,2020-11-01,592.0,1737.837151320307
ridge,2020-12-01,484.0,2079.791860012769
ridge,2021-01-01,1177.0,1337.885155181237
ridge,2021-02-01,1765.0,0.0
ridge,2021-03-01,3255.0,0.0
ridge,2021-04-01,6693.0,752.4084745336605
ridge,2021-05-01,5349.0,1822.0129043471695
ridge,2021-06-01,1819.0,2525.611379555397
ridge,2020-08-01,473.0,1188.003113565982
ridge,2020-09-01,481.0,1598.5528952960149
ridge,2020-10-01,331.0,1632.1514409389026
ridge,2020-11-01,592.0,1755.8592745387812
ridge,2020-12-01,484.0,2126.5315619940175
ridge,2021-01-01,1177.0,1395.4825033230827
ridge,2021-02-01,1765.0,0.0
ridge,2021-03-01,3255.0,0.0
ridge,2021-04-01,6693.0,793.9214011084825
ridge,2021-05-01,5349.0,1870.4018793389805
ridge,2021-06-01,1819.0,2126.474346077215
ridge,2021-07-01,972.0,2469.0903202752907
ridge,2020-09-01,481.0,994.5025335280524
ridge,2020-10-01,331.0,1335.8938125812965
ridge,2020-11-01,592.0,1701.2979800659639
ridge,2020-12-01,484.0,2139.6150182464417
ridge,2021-01-01,1177.0,1431.1503304250737
ridge,2021-02-01,1765.0,1.1369176056209653
ridge,2021-03-01,3255.0,0.0
ridge,2021-04-01,6693.0,833.4910439747078
ridge,2021-05-01,5349.0,1900.533573341907
ridge,2021-06-01,1819.0,2151.8847392019547
ridge,2021-07-01,972.0,2124.096174424685
ridge,2021-08-01,1005.0,2534.3408795046626
ridge,2020-10-01,331.0,901.9934032589056
ridge,2020-11-01,592.0,1488.4033991766607
ridge,2020-12-01,484.0,2100.546420462128
ridge,2021-01-01,1177.0,1440.1751452932235
ridge,2021-02-01,1765.0,25.016709004994482
ridge,2021-03-01,3255.0,0.0
ridge,2021-04-01,6693.0,871.1144504890966
ridge,2021-05-01,5349.0,1927.2980716525158
ridge,2021-06-01,1819.0,2169.470934415735
ridge,2021-07-01,972.0,2138.1044966806335
ridge,2021-08-01,1005.0,2284.379196848926
ridge,2021-09-01,711.0,2585.7115768474123
ridge,2020-11-01,592.0,1005.8393087659962
ridge,2020-12-01,484.0,1863.6083353602062
ridge,2021-01-01,1177.0,1396.4661692466675
ridge,2021-02-01,1765.0,34.829824343524706
ridge,2021-03-01,3255.0,0.0
ridge,2021-04-01,6693.0,903.0397868332151
ridge,2021-05-01,5349.0,1966.3427329043811
ridge,2021-06-01,1819.0,2195.3867447426155
ridge,2021-07-01,972.0,2154.6403215720393
ridge,2021-08-01,1005.0,2298.5860421023544
ridge,2021-09-01,711.0,2307.6283836038024
ridge,2021-10-01,756.0,2534.714611112361
ridge,2020-12-01,484.0,1513.8739564884181
ridge,2021-01-01,1177.0,1224.7226182712702
ridge,2021-02-01,1765.0,2.947231605516663
ridge,2021-03-01,3255.0,0.0
ridge,2021-04-01,6693.0,921.9568269162478
ridge,2021-05-01,5349.0,1988.4933286493897
ridge,2021-06-01,1819.0,2220.6046625346044
ridge,2021-07-01,972.0,2169.9236976636207
ridge,2021-08-01,1005.0,2308.4727107987846
ridge,2021-09-01,711.0,2317.391083897716
ridge,2021-10-01,756.0,2333.3278675851566
ridge,2021-11-01,860.0,2539.203767550195
ridge,2021-01-01,1177.0,354.41255294748044
ridge,2021-02-01,1765.0,0.0
ridge,2021-03-01,3255.0,0.0
ridge,2021-04-01,6693.0,938.7283525186127
ridge,2021-05-01,5349.0,2033.0560680222675
ridge,2021-06-01,1819.0,2269.7018122225404
ridge,2021-07-01,972.0,2226.156788394554
ridge,2021-08-01,1005.0,2340.078933440732
ridge,2021-09-01,711.0,2336.311832676011
ridge,2021-10-01,756.0,2353.8310538988853
ridge,2021-11-01,860.0,2037.1081773157407
ridge,2021-12-01,853.0,1755.7878684674963
ridge,2021-02-01,1765.0,269.43786896747883
ridge,2021-03-01,3255.0,0.0
ridge,2021-04-01,6693.0,1001.4607413307326
ridge,2021-05-01,5349.0,2020.0851811124348
ridge,2021-06-01,1819.0,2236.5894116645995
ridge,2021-07-01,972.0,2189.4636546551988
ridge,2021-08-01,1005.0,2295.952281632686
ridge,2021-09-01,711.0,2312.384436708804
ridge,2021-10-01,756.0,2339.8191255567754
ridge,2021-11-01,860.0,2020.410966497307
ridge,2021-12-01,853.0,2154.940671907252
ridge,2022-01-01,1560.0,1794.4816174710302
ridge,2021-03-01,3255.0,773.8594357681475
ridge,2021-04-01,6693.0,1618.9455219545334
ridge,2021-05-01,5349.0,2129.5804066293986
ridge,2021-06-01,1819.0,2203.770030655526
ridge,2021-07-01,972.0,2119.5532853274085
ridge,2021-08-01,1005.0,2222.150160881195
ridge,2021-09-01,711.0,2227.73848572888
ridge,2021-10-01,756.0,2293.773334385556
ridge,2021-11-01,860.0,1991.8282095314262
ridge,2021-12-01,853.0,2115.7214505106017
ridge,2022-01-01,1560.0,2507.8401005673404
ridge,2022-02-01,1478.0,2265.9565018428652
ridge,2021-04-01,6693.0,3723.0323498287858
ridge,2021-05-01,5349.0,3168.9772386714985
ridge,2021-06-01,1819.0,2408.2025589695786
ridge,2021-07-01,972.0,2084.0662423632452
ridge,2021-08-01,1005.0,2112.010273741047
ridge,2021-09-01,711.0,2100.289436273387
ridge,2021-10-01,756.0,2143.548035773683
ridge,2021-11-01,860.0,1904.0707615027611
ridge,2021-12-01,853.0,2059.134268194905
ridge,2022-01-01,1560.0,2430.278694336541
ridge,2022-02-01,1478.0,3421.4403537995377
ridge,2022-03-01,3568.0,3872.166084119418
ridge,2021-05-01,5349.0,5710.16272132435
ridge,2021-06-01,1819.0,3681.965882909434
ridge,2021-07-01,972.0,2346.2706638839713
ridge,2021-08-01,1005.0,2069.207339963933
ridge,2021-09-01,711.0,1959.4861472589264
ridge,2021-10-01,756.0,1978.8966538607933
ridge,2021-11-01,860.0,1711.8223763431117
ridge,2021-12-01,853.0,1940.8061268236447
ridge,2022-01-01,1560.0,2349.6363885489986
ridge,2022-02-01,1478.0,3320.568790700046
ridge,2022-03-01,3568.0,5239.6579988655485
ridge,2022-04-01,9307.0,5140.88860484898
ridge,2021-06-01,1819.0,3377.4182367949725
ridge,2021-07-01,972.0,2197.4743450406213
ridge,2021-08-01,1005.0,2041.1694231841484
ridge,2021-09-01,711.0,1966.3975630662922
ridge,2021-10-01,756.0,1996.5682221605498
ridge,2021-11-01,860.0,1732.0325412079887
ridge,2021-12-01,853.0,1964.155199516166
ridge,2022-01-01,1560.0,2363.678165099412
ridge,2022-02-01,1478.0,3330.388592925565
ridge,2022-03-01,3568.0,5252.501225565174
ridge,2022-04-01,9307.0,4975.154172175466
ridge,2022-05-01,13710.0,3870.5356148489454
ridge,2021-07-01,972.0,923.7417771501143
ridge,2021-08-01,1005.0,1446.5609304933018
ridge,2021-09-01,711.0,1874.103303772439
ridge,2021-10-01,756.0,2035.3681738719117
ridge,2021-11-01,860.0,1805.6468290056414
ridge,2021-12-01,853.0,2042.7920400549403
ridge,2022-01-01,1560.0,2451.4082642831036
ridge,2022-02-01,1478.0,3379.919062872593
ridge,2022-03-01,3568.0,5291.3224672851675
ridge,2022-04-01,9307.0,5034.847189690412
ridge,2022-05-01,13710.0,3159.810137678718
ridge,2022-06-01,4328.0,2371.334150302007
ridge,2021-08-01,1005.0,1485.8882715642821
ridge,2021-09-01,711.0,1892.2729378221247
ridge,2021-10-01,756.0,2038.0105063783008
ridge,2021-11-01,860.0,1804.3908193230677
ridge,2021-12-01,853.0,2040.58445682656
ridge,2022-01-01,1560.0,2449.191742061533
ridge,2022-02-01,1478.0,3377.3891503221007
ridge,2022-03-01,3568.0,5289.867383063
ridge,2022-04-01,9307.0,5033.5789813204465
ridge,2022-05-01,13710.0,3157.8811145862364
ridge,2022-06-01,4328.0,2393.497950777395
ridge,2022-07-01,2846.0,2455.00855135261
ridge,2021-09-01,711.0,1500.2939413981092
ridge,2021-10-01,756.0,1856.5655728627244
ridge,2021-11-01,860.0,1777.6186736603283
ridge,2021-12-01,853.0,2053.3541554348176
ridge,2022-01-01,1560.0,2471.576289016137
ridge,2022-02-01,1478.0,3399.677315818385
ridge,2022-03-01,3568.0,5315.184201048302
ridge,2022-04-01,9307.0,5048.183530844251
ridge,2022-05-01,13710.0,3170.623312661328
ridge,2022-06-01,4328.0,2412.312446965938
ridge,2022-07-01,2846.0,2233.131747351562
ridge,2022-08-01,1243.0,2447.105402611178
ridge,2021-10-01,756.0,1213.1364276544782
ridge,2021-11-01,860.0,1479.468249393717
ridge,2021-12-01,853.0,2008.5709456905038
ridge,2022-01-01,1560.0,2493.0993538997923
ridge,2022-02-01,1478.0,3438.9848714431937
ridge,2022-03-01,3568.0,5354.00173570274
ridge,2022-04-01,9307.0,5090.361173712786
ridge,2022-05-01,13710.0,3193.8688127416576
ridge,2022-06-01,4328.0,2432.125062291756
ridge,2022-07-01,2846.0,2263.3600856846533
ridge,2022-08-01,1243.0,2082.36671335519
ridge,2022-09-01,1206.0,2152.8625380606045
ridge,2021-11-01,860.0,1106.6695437543644
ridge,2021-12-01,853.0,1835.7954110150586
ridge,2022-01-01,1560.0,2466.856174243626
ridge,2022-02-01,1478.0,3451.0310951479614
ridge,2022-03-01,3568.0,5377.366286758692
ridge,2022-04-01,9307.0,5114.243885114481
ridge,2022-05-01,13710.0,3219.3678173422327
ridge,2022-06-01,4328.0,2445.974017916852
ridge,2022-07-01,2846.0,2274.625585917731
ridge,2022-08-01,1243.0,2099.3558941722836
ridge,2022-09-01,1206.0,1941.0171024215108
ridge,2022-10-01,2169.0,2089.353480869516
ridge,2021-12-01,853.0,1634.6145076819375
ridge,2022-01-01,1560.0,2373.632881759856
ridge,2022-02-01,1478.0,3436.899127224361
ridge,2022-03-01,3568.0,5383.7606291039665
ridge,2022-04-01,9307.0,5126.679693049966
ridge,2022-05-01,13710.0,3232.4315425753166
ridge,2022-06-01,4328.0,2460.24720113178
ridge,2022-07-01,2846.0,2282.6061844281044
ridge,2022-08-01,1243.0,2105.694465008646
ridge,2022-09-01,1206.0,1950.181159609008
ridge,2022-10-01,2169.0,1974.9181449115874
ridge,2022-11-01,1275.0,2225.665957017214
ridge,2022-01-01,1560.0,1736.3428282348957
ridge,2022-02-01,1478.0,3141.4790114611033
ridge,2022-03-01,3568.0,5338.509424623144
ridge,2022-04-01,9307.0,5146.388054598571
ridge,2022-05-01,13710.0,3271.4012299443134
ridge,2022-06-01,4328.0,2501.0718088835642
ridge,2022-07-01,2846.0,2328.3821549556824
ridge,2022-08-01,1243.0,2133.455114843943
ridge,2022-09-01,1206.0,1972.7521784597097
ridge,2022-10-01,2169.0,2005.2152672789127
ridge,2022-11-01,1275.0,1863.1720327469684
ridge,2022-12-01,597.0,2220.469025548462
ridge,2022-02-01,1478.0,2997.7005988870105
ridge,2022-03-01,3568.0,5271.805781208128
ridge,2022-04-01,9307.0,5136.033652135953
ridge,2022-05-01,13710.0,3275.7060189480126
ridge,2022-06-01,4328.0,2509.9290436153287
ridge,2022-07-01,2846.0,2337.746980022978
ridge,2022-08-01,1243.0,2143.949455334568
ridge,2022-09-01,1206.0,1979.518957238207
ridge,2022-10-01,2169.0,2010.9346922834998
ridge,2022-11-01,1275.0,1870.4556912841222
ridge,2022-12-01,597.0,2138.8466814185417
ridge,2023-01-01,4452.0,2614.558288469588
ridge,2022-03-01,3568.0,4032.380696287556
ridge,2022-04-01,9307.0,4559.683721037479
ridge,2022-05-01,13710.0,3184.8980460543767
ridge,2022-06-01,4328.0,2545.730714180856
ridge,2022-07-01,2846.0,2412.722212369449
ridge,2022-08-01,1243.0,2223.61811233325
ridge,2022-09-01,1206.0,2069.559306344246
ridge,2022-10-01,2169.0,2066.9767071925
ridge,2022-11-01,1275.0,1918.8516492398749
ridge,2022-12-01,597.0,2207.569582178507
ridge,2023-01-01,4452.0,1918.5120596918814
ridge,2023-02-01,5623.0,2345.83449019792
ridge,2022-04-01,9307.0,4180.6768170107425
ridge,2022-05-01,13710.0,3008.186903541863
ridge,2022-06-01,4328.0,2517.2806062630148
ridge,2022-07-01,2846.0,2423.0022348055754
ridge,2022-08-01,1243.0,2245.8046215056133
ridge,2022-09-01,1206.0,2093.2508707720076
ridge,2022-10-01,2169.0,2094.1811007298534
ridge,2022-11-01,1275.0,1935.1871272248648
ridge,2022-12-01,597.0,2221.6033128947456
ridge,2023-01-01,4452.0,1940.875581530781
ridge,2023-02-01,5623.0,2135.649929181248
ridge,2023-03-01,9710.0,2919.961714174406
ridge,2022-05-01,13710.0,7184.505388110887
ridge,2022-06-01,4328.0,4437.795455892368
ridge,2022-07-01,2846.0,2716.1541403743086
ridge,2022-08-01,1243.0,2110.5926146708957
ridge,2022-09-01,1206.0,1831.64940692632
ridge,2022-10-01,2169.0,1819.5546569474104
ridge,2022-11-01,1275.0,1619.6084388619443
ridge,2022-12-01,597.0,2026.849394443209
ridge,2023-01-01,4452.0,1784.8419584479939
ridge,2023-02-01,5623.0,1863.5799808857457
ridge,2023-03-01,9710.0,5215.072185765063
ridge,2023-04-01,13852.0,5629.186810339904
ridge,2022-06-01,4328.0,9902.652667082475
ridge,2022-07-01,2846.0,5238.816997983187
ridge,2022-08-01,1243.0,2452.4022784918893
ridge,2022-09-01,1206.0,1579.753432687994
ridge,2022-10-01,2169.0,1401.4968901935047
ridge,2022-11-01,1275.0,1200.849250002346
ridge,2022-12-01,597.0,1562.8064552806409
ridge,2023-01-01,4452.0,1475.66164112186
ridge,2023-02-01,5623.0,1626.1165173237227
ridge,2023-03-01,9710.0,4821.572370516501
ridge,2023-04-01,13852.0,8476.212189175638
ridge,2023-05-01,9355.0,7436.703558855819
ridge,2022-07-01,2846.0,594.5332661728398
ridge,2022-08-01,1243.0,430.2083855142305
ridge,2022-09-01,1206.0,1420.35389508518
ridge,2022-10-01,2169.0,1661.9742938712006
ridge,2022-11-01,1275.0,1575.6439375780803
ridge,2022-12-01,597.0,1917.0048479042582
ridge,2023-01-01,4452.0,1868.7992512769151
ridge,2023-02-01,5623.0,1892.9360800812494
ridge,2023-03-01,9710.0,5017.218580037848
ridge,2023-04-01,13852.0,8804.39241707345
ridge,2023-05-01,9355.0,5022.033356159249
ridge,2023-06-01,4347.0,2206.288363386234
ridge,2022-08-01,1243.0,2236.2519949701978
ridge,2022-09-01,1206.0,2158.4131844683625
ridge,2022-10-01,2169.0,1702.3996309190904
ridge,2022-11-01,1275.0,1484.2315723261022
ridge,2022-12-01,597.0,1778.1271978745374
ridge,2023-01-01,4452.0,1735.5746203750414
ridge,2023-02-01,5623.0,1741.014453038205
ridge,2023-03-01,9710.0,4917.453591346469
ridge,2023-04-01,13852.0,8728.826374235005
ridge,2023-05-01,9355.0,4900.155551259966
ridge,2023-06-01,4347.0,3201.4096919250087
ridge,2023-07-01,3003.0,2532.2276936877442
ridge,2022-09-01,1206.0,1370.5919154749029
ridge,2022-10-01,2169.0,1370.540116218019
ridge,2022-11-01,1275.0,1454.2194881291484
ridge,2022-12-01,597.0,1814.2224065123255
ridge,2023-01-01,4452.0,1798.5448427683043
ridge,2023-02-01,5623.0,1800.8431249854034
ridge,2023-03-01,9710.0,4986.081901195993
ridge,2023-04-01,13852.0,8772.246523716738
ridge,2023-05-01,9355.0,4935.805055961832
ridge,2023-06-01,4347.0,3260.6757540186795
ridge,2023-07-01,3003.0,2092.972742977706
ridge,2023-08-01,2386.0,1866.6938987150356
ridge,2022-10-01,2169.0,1240.2123100713336
ridge,2022-11-01,1275.0,1398.9154232607514
ridge,2022-12-01,597.0,1809.537705053298
ridge,2023-01-01,4452.0,1805.5691457256078
ridge,2023-02-01,5623.0,1812.1205487123457
ridge,2023-03-01,9710.0,4996.193000350468
ridge,2023-04-01,13852.0,8783.608603430466
ridge,2023-05-01,9355.0,4942.742392939541
ridge,2023-06-01,4347.0,3266.1957222985293
ridge,2023-07-01,3003.0,2102.6469173986748
ridge,2023-08-01,2386.0,1793.849188497536
ridge,2023-09-01,2708.0,1657.7910826368056
ridge,2022-11-01,1275.0,2134.2759920257795
ridge,2022-12-01,597.0,2120.7923612206982
ridge,2023-01-01,4452.0,1832.8457310556266
ridge,2023-02-01,5623.0,1769.7211946494688
ridge,2023-03-01,9710.0,4933.333643274107
ridge,2023-04-01,13852.0,8730.75921445277
ridge,2023-05-01,9355.0,4882.076559601264
ridge,2023-06-01,4347.0,3228.042563759862
ridge,2023-07-01,3003.0,2071.1084949871515
ridge,2023-08-01,2386.0,1738.1134247762202
ridge,2023-09-01,2708.0,2067.928584163722
ridge,2023-10-01,3635.0,1965.1936751667645
ridge,2022-12-01,597.0,1441.0538972873414
ridge,2023-01-01,4452.0,1546.0210807729202
ridge,2023-02-01,5623.0,1743.718564111846
ridge,2023-03-01,9710.0,4975.257428733935
ridge,2023-04-01,13852.0,8785.935594920276
ridge,2023-05-01,9355.0,4927.463588461313
ridge,2023-06-01,4347.0,3283.854835098682
ridge,2023-07-01,3003.0,2109.0737469080254
ridge,2023-08-01,2386.0,1769.039292320563
ridge,2023-09-01,2708.0,2120.8164976850403
ridge,2023-10-01,3635.0,1586.1016328231508
ridge,2023-11-01,3157.0,1479.8630573076375
ridge,2023-01-01,4452.0,878.4756638605196
ridge,2023-02-01,5623.0,1462.449908443955
ridge,2023-03-01,9710.0,4949.515618419886
ridge,2023-04-01,13852.0,8827.635983614462
ridge,2023-05-01,9355.0,4980.497950668383
ridge,2023-06-01,4347.0,3327.819023113344
ridge,2023-07-01,3003.0,2169.7111503337487
ridge,2023-08-01,2386.0,1813.6503841373797
ridge,2023-09-01,2708.0,2154.7084535829576
ridge,2023-10-01,3635.0,1638.2377113283846
ridge,2023-11-01,3157.0,1106.305043595956
ridge,2023-12-01,6082.0,1277.0704529417558
ridge,2023-02-01,5623.0,4282.366741332092
ridge,2023-03-01,9710.0,6126.418433119182
ridge,2023-04-01,13852.0,8933.804382344322
ridge,2023-05-01,9355.0,4809.19158508467
ridge,2023-06-01,4347.0,3100.8399856356527
ridge,2023-07-01,3003.0,2002.9527044404313
ridge,2023-08-01,2386.0,1516.9826557662689
ridge,2023-09-01,2708.0,1972.8305967383671
ridge,2023-10-01,3635.0,1555.619134445877
ridge,2023-11-01,3157.0,933.088354443154
ridge,2023-12-01,6082.0,2867.510803023725
ridge,2024-01-01,29750.0,2913.2064312541306
ridge,2023-03-01,9710.0,7186.196162726691
ridge,2023-04-01,13852.0,9373.389587607247
ridge,2023-05-01,9355.0,4848.448604244498
ridge,2023-06-01,4347.0,3037.0067258014215
ridge,2023-07-01,3003.0,1916.2491019380836
ridge,2023-08-01,2386.0,1459.189765228011
ridge,2023-09-01,2708.0,1852.792954916778
ridge,2023-10-01,3635.0,1493.7063932138908
ridge,2023-11-01,3157.0,934.1819237742862
ridge,2023-12-01,6082.0,2832.006944428511
ridge,2024-01-01,29750.0,3519.4841085111243
ridge,2024-02-01,124453.0,3250.802373239018
ridge,2023-04-01,13852.0,11380.735922921434
ridge,2023-05-01,9355.0,5700.284952940388
ridge,2023-06-01,4347.0,3123.7361716799287
ridge,2023-07-01,3003.0,1795.730619437419
ridge,2023-08-01,2386.0,1295.7494881860205
ridge,2023-09-01,2708.0,1741.5982075728941
ridge,2023-10-01,3635.0,1266.9610220682653
ridge,2023-11-01,3157.0,814.9692835471028
ridge,2023-12-01,6082.0,2824.9376244089453
ridge,2024-01-01,29750.0,3485.523539232326
ridge,2024-02-01,124453.0,4443.661789345986
ridge,2024-03-01,331402.0,4466.052709451091
ridge,2023-05-01,9355.0,7686.494420994547
ridge,2023-06-01,4347.0,4000.174559085837
ridge,2023-07-01,3003.0,1913.7522558376381
ridge,2023-08-01,2386.0,1185.1274816395403
ridge,2023-09-01,2708.0,1578.608620909325
ridge,2023-10-01,3635.0,1157.0084178273978
ridge,2023-11-01,3157.0,589.275964073482
ridge,2023-12-01,6082.0,2709.60762234679
ridge,2024-01-01,29750.0,3466.3741305975345
ridge,2024-02-01,124453.0,4409.466781288849
ridge,2024-03-01,331402.0,5684.488394202124
ridge,2024-04-01,320473.0,5430.458714128466
ridge,2023-06-01,4347.0,5342.437127235064
ridge,2023-07-01,3003.0,2523.0881814799413
ridge,2023-08-01,2386.0,1290.6591642982996
ridge,2023-09-01,2708.0,1524.860943586652
ridge,2023-10-01,3635.0,1053.794383133615
ridge,2023-11-01,3157.0,515.6211665811684
ridge,2023-12-01,6082.0,2557.4536725938096
ridge,2024-01-01,29750.0,3387.9721220734164
ridge,2024-02-01,124453.0,4396.11692996803
ridge,2024-03-01,331402.0,5651.760713737559
ridge,2024-04-01,320473.0,6257.290191182937
ridge,2024-05-01,265248.0,4400.4898070279205
ridge,2023-07-01,3003.0,1714.293388406765
ridge,2023-08-01,2386.0,919.1321924792471
ridge,2023-09-01,2708.0,1458.5513387885374
ridge,2023-10-01,3635.0,1081.916978246751
ridge,2023-11-01,3157.0,578.061361635952
ridge,2023-12-01,6082.0,2603.743616695333
ridge,2024-01-01,29750.0,3477.3107916769563
ridge,2024-02-01,124453.0,4444.571730663267
ridge,2024-03-01,331402.0,5662.007446011918
ridge,2024-04-01,320473.0,6272.697597567179
ridge,2024-05-01,265248.0,3906.2723456786334
ridge,2024-06-01,109649.0,2202.6353392919755
ridge,2023-08-01,2386.0,1964.3364114191675
ridge,2023-09-01,2708.0,1936.63505536603
ridge,2023-10-01,3635.0,1166.643921661192
ridge,2023-11-01,3157.0,544.849797251038
ridge,2023-12-01,6082.0,2523.788856803407
ridge,2024-01-01,29750.0,3419.5013997284714
ridge,2024-02-01,124453.0,4333.103170168241
ridge,2024-03-01,331402.0,5600.158041869148
ridge,2024-04-01,320473.0,6257.088203369256
ridge,2024-05-01,265248.0,3879.7688782411064
ridge,2024-06-01,109649.0,2852.9398587104843
ridge,2024-07-01,24288.0,1927.727066361939
ridge,2023-09-01,2708.0,2278.4826729443826
ridge,2023-10-01,3635.0,1323.2270288188524
ridge,2023-11-01,3157.0,573.9318174414068
ridge,2023-12-01,6082.0,2515.3352126499763
ridge,2024-01-01,29750.0,3395.5171705813473
ridge,2024-02-01,124453.0,4316.470429249822
ridge,2024-03-01,331402.0,5565.061536291437
ridge,2024-04-01,320473.0,6237.002254678748
ridge,2024-05-01,265248.0,3874.664148433657
ridge,2024-06-01,109649.0,2843.9982611223477
ridge,2024-07-01,24288.0,2139.901339565693
ridge,2024-08-01,13835.0,1644.3869517626117
ridge,2023-10-01,3635.0,1671.6330979312613
ridge,2023-11-01,3157.0,733.6608490298752
ridge,2023-12-01,6082.0,2545.1137390180716
ridge,2024-01-01,29750.0,3387.4391917237544
ridge,2024-02-01,124453.0,4293.239830521581
ridge,2024-03-01,331402.0,5549.351907229447
ridge,2024-04-01,320473.0,6202.280275000421
ridge,2024-05-01,265248.0,3854.8460432354814
ridge,2024-06-01,109649.0,2839.3314879968275
ridge,2024-07-01,24288.0,2131.0224582204623
ridge,2024-08-01,13835.0,1860.669025518619
ridge,2024-09-01,15943.0,1425.5964003969307
ridge,2023-11-01,3157.0,2327.5993022232647
ridge,2023-12-01,6082.0,3278.0446209131937
ridge,2024-01-01,29750.0,3527.9181156601994
ridge,2024-02-01,124453.0,4257.805620542771
ridge,2024-03-01,331402.0,5447.382581393989
ridge,2024-04-01,320473.0,6142.728323129803
ridge,2024-05-01,265248.0,3712.219583701196
ridge,2024-06-01,109649.0,2762.3181415338213
ridge,2024-07-01,24288.0,2123.7554585592297
ridge,2024-08-01,13835.0,1825.5374517036073
ridge,2024-09-01,15943.0,2413.3946736944063
ridge,2024-10-01,9295.0,2174.352904191197
ridge,2023-12-01,6082.0,3952.6748178388434
ridge,2024-01-01,29750.0,3839.3451320269373
ridge,2024-02-01,124453.0,4319.388818739815
ridge,2024-03-01,331402.0,5433.440233709885
ridge,2024-04-01,320473.0,6100.85249874277
ridge,2024-05-01,265248.0,3691.9166635937704
ridge,2024-06-01,109649.0,2708.417939582796
ridge,2024-07-01,24288.0,2096.973261589288
ridge,2024-08-01,13835.0,1828.8196921484077
ridge,2024-09-01,15943.0,2402.8198705194754
ridge,2024-10-01,9295.0,2592.3970366082253
ridge,2024-11-01,8486.0,1960.1387972315601
ridge,2024-01-01,29750.0,5575.9772775424
ridge,2024-02-01,124453.0,5129.0291289617135
ridge,2024-03-01,331402.0,5600.343345510138
ridge,2024-04-01,320473.0,6071.574646411821
ridge,2024-05-01,265248.0,3589.5919310509717
ridge,2024-06-01,109649.0,2658.337659657893
ridge,2024-07-01,24288.0,1965.2465896294098
ridge,2024-08-01,13835.0,1777.2032768818012
ridge,2024-09-01,15943.0,2432.2074442131534
ridge,2024-10-01,9295.0,2582.9925605448875
ridge,2024-11-01,8486.0,3050.6743507647216
ridge,2024-12-01,8326.0,2962.088582633387
