model,date,y_true,y_pred
sarimax,2014-01-01,514.0,915.1803189427626
sarimax,2014-02-01,568.0,1176.553335913793
sarimax,2014-03-01,824.0,3163.668970869319
sarimax,2014-04-01,888.0,11404.288803820193
sarimax,2014-05-01,1863.0,16329.428442527122
sarimax,2014-06-01,2193.0,3997.4079015323623
sarimax,2014-07-01,1379.0,1482.2100082733668
sarimax,2014-08-01,1056.0,615.7920171947334
sarimax,2014-09-01,650.0,383.4452242495764
sarimax,2014-10-01,538.0,250.1957799229565
sarimax,2014-11-01,484.0,154.09849193532807
sarimax,2014-12-01,293.0,231.9759181140032
sarimax,2014-02-01,568.0,676.3471089643658
sarimax,2014-03-01,824.0,2708.5168959974103
sarimax,2014-04-01,888.0,10934.243963692908
sarimax,2014-05-01,1863.0,15871.647798162485
sarimax,2014-06-01,2193.0,3526.896522115694
sarimax,2014-07-01,1379.0,1012.461703808704
sarimax,2014-08-01,1056.0,144.9969090891243
sarimax,2014-09-01,650.0,0.0
sarimax,2014-10-01,538.0,0.0
sarimax,2014-11-01,484.0,0.0
sarimax,2014-12-01,293.0,0.0
sarimax,2015-01-01,769.0,0.0
sarimax,2014-03-01,824.0,2573.115026635539
sarimax,2014-04-01,888.0,10809.956114983175
sarimax,2014-05-01,1863.0,15741.206228284387
sarimax,2014-06-01,2193.0,3400.7038234093325
sarimax,2014-07-01,1379.0,885.3670069267823
sarimax,2014-08-01,1056.0,18.4532743818811
sarimax,2014-09-01,650.0,0.0
sarimax,2014-10-01,538.0,0.0
sarimax,2014-11-01,484.0,0.0
sarimax,2014-12-01,293.0,0.0
sarimax,2015-01-01,769.0,0.0
sarimax,2015-02-01,1275.0,201.79707813734547
sarimax,2014-04-01,888.0,8575.26271729075
sarimax,2014-05-01,1863.0,13677.61133748243
sarimax,2014-06-01,2193.0,1317.732935811473
sarimax,2014-07-01,1379.0,0.0
sarimax,2014-08-01,1056.0,0.0
sarimax,2014-09-01,650.0,0.0
sarimax,2014-10-01,538.0,0.0
sarimax,2014-11-01,484.0,0.0
sarimax,2014-12-01,293.0,0.0
sarimax,2015-01-01,769.0,0.0
sarimax,2015-02-01,1275.0,0.0
sarimax,2015-03-01,3522.0,0.0
sarimax,2014-05-01,1863.0,5824.104017098877
sarimax,2014-06-01,2193.0,695.6895488702758
sarimax,2014-07-01,1379.0,0.0
sarimax,2014-08-01,1056.0,0.0
sarimax,2014-09-01,650.0,0.0
sarimax,2014-10-01,538.0,0.0
sarimax,2014-11-01,484.0,0.0
sarimax,2014-12-01,293.0,0.0
sarimax,2015-01-01,769.0,0.0
sarimax,2015-02-01,1275.0,0.0
sarimax,2015-03-01,3522.0,52.010635666334224
sarimax,2015-04-01,7214.0,295.04715134997684
sarimax,2014-06-01,2193.0,0.0
sarimax,2014-07-01,1379.0,0.0
sarimax,2014-08-01,1056.0,0.0
sarimax,2014-09-01,650.0,0.0
sarimax,2014-10-01,538.0,0.0
sarimax,2014-11-01,484.0,0.0
sarimax,2014-12-01,293.0,0.0
sarimax,2015-01-01,769.0,0.0
sarimax,2015-02-01,1275.0,0.0
sarimax,2015-03-01,3522.0,0.0
sarimax,2015-04-01,7214.0,0.0
sarimax,2015-05-01,17109.0,0.0
sarimax,2014-07-01,1379.0,867.5648489353837
sarimax,2014-08-01,1056.0,320.12105805509873
sarimax,2014-09-01,650.0,0.0
sarimax,2014-10-01,538.0,0.0
sarimax,2014-11-01,484.0,0.0
sarimax,2014-12-01,293.0,0.0
sarimax,2015-01-01,769.0,0.0
sarimax,2015-02-01,1275.0,0.0
sarimax,2015-03-01,3522.0,186.6594697195154
sarimax,2015-04-01,7214.0,369.1175784858948
sarimax,2015-05-01,17109.0,1014.3607814354414
sarimax,2015-06-01,6980.0,1535.648254890725
sarimax,2014-08-01,1056.0,647.0818741871437
sarimax,2014-09-01,650.0,0.0
sarimax,2014-10-01,538.0,0.0
sarimax,2014-11-01,484.0,0.0
sarimax,2014-12-01,293.0,0.0
sarimax,2015-01-01,769.0,0.0
sarimax,2015-02-01,1275.0,0.0
sarimax,2015-03-01,3522.0,298.5670692610342
sarimax,2015-04-01,7214.0,478.9940592880847
sarimax,2015-05-01,17109.0,1125.8878211432218
sarimax,2015-06-01,6980.0,1645.5013087182315
sarimax,2015-07-01,3234.0,802.2409916855328
sarimax,2014-09-01,650.0,211.88478102170535
sarimax,2014-10-01,538.0,0.0
sarimax,2014-11-01,484.0,0.0
sarimax,2014-12-01,293.0,0.0
sarimax,2015-01-01,769.0,0.0
sarimax,2015-02-01,1275.0,0.0
sarimax,2015-03-01,3522.0,386.6235930566743
sarimax,2015-04-01,7214.0,564.8221377490414
sarimax,2015-05-01,17109.0,1211.5593102596142
sarimax,2015-06-01,6980.0,1730.1157315789897
sarimax,2015-07-01,3234.0,886.6367615156757
sarimax,2015-08-01,1636.0,503.67690637111167
sarimax,2014-10-01,538.0,0.0
sarimax,2014-11-01,484.0,0.0
sarimax,2014-12-01,293.0,0.0
sarimax,2015-01-01,769.0,0.0
sarimax,2015-02-01,1275.0,0.0
sarimax,2015-03-01,3522.0,480.4561852274045
sarimax,2015-04-01,7214.0,654.6333037351803
sarimax,2015-05-01,17109.0,1299.1773954939458
sarimax,2015-06-01,6980.0,1816.5698264640014
sarimax,2015-07-01,3234.0,972.4550820304196
sarimax,2015-08-01,1636.0,589.149501959902
sarimax,2015-09-01,561.0,30.48888199151571
sarimax,2014-11-01,484.0,64.90790206345702
sarimax,2014-12-01,293.0,0.0
sarimax,2015-01-01,769.0,0.0
sarimax,2015-02-01,1275.0,112.10451809145519
sarimax,2015-03-01,3522.0,607.6358666265169
sarimax,2015-04-01,7214.0,771.6404718505211
sarimax,2015-05-01,17109.0,1410.414346176909
sarimax,2015-06-01,6980.0,1924.893873899011
sarimax,2015-07-01,3234.0,1079.114568437647
sarimax,2015-08-01,1636.0,694.8770897975493
sarimax,2015-09-01,561.0,135.6364743909557
sarimax,2015-10-01,357.0,0.0
sarimax,2014-12-01,293.0,179.92109648286868
sarimax,2015-01-01,769.0,173.7723544288637
sarimax,2015-02-01,1275.0,242.08230091665123
sarimax,2015-03-01,3522.0,711.9668444291863
sarimax,2015-04-01,7214.0,861.9321413829971
sarimax,2015-05-01,17109.0,1492.98752444079
sarimax,2015-06-01,6980.0,2003.2763834214115
sarimax,2015-07-01,3234.0,1155.1919563110177
sarimax,2015-08-01,1636.0,769.6892161483622
sarimax,2015-09-01,561.0,209.74553070439302
sarimax,2015-10-01,357.0,0.0
sarimax,2015-11-01,450.0,0.0
sarimax,2015-01-01,769.0,245.56301417763817
sarimax,2015-02-01,1275.0,291.2406444939026
sarimax,2015-03-01,3522.0,748.7533282542905
sarimax,2015-04-01,7214.0,891.9221247065976
sarimax,2015-05-01,17109.0,1519.1561603239672
sarimax,2015-06-01,6980.0,2027.4350124442783
sarimax,2015-07-01,3234.0,1178.216499558111
sarimax,2015-08-01,1636.0,792.081262446322
sarimax,2015-09-01,561.0,231.76245693429144
sarimax,2015-10-01,357.0,0.0
sarimax,2015-11-01,450.0,0.0
sarimax,2015-12-01,397.0,0.0
sarimax,2015-02-01,1275.0,649.697628429933
sarimax,2015-03-01,3522.0,1015.4828740566352
sarimax,2015-04-01,7214.0,1107.3231852682204
sarimax,2015-05-01,17109.0,1704.978864703937
sarimax,2015-06-01,6980.0,2197.601346365392
sarimax,2015-07-01,3234.0,1339.329884945838
sarimax,2015-08-01,1636.0,948.040829533527
sarimax,2015-09-01,561.0,384.5703888375293
sarimax,2015-10-01,357.0,119.67206602816341
sarimax,2015-11-01,450.0,42.291321240390644
sarimax,2015-12-01,397.0,0.0
sarimax,2016-01-01,1465.0,302.2266045201955
sarimax,2015-03-01,3522.0,1371.8291441218576
sarimax,2015-04-01,7214.0,1315.8531736231107
sarimax,2015-05-01,17109.0,1832.3931577331641
sarimax,2015-06-01,6980.0,2280.3125948107822
sarimax,2015-07-01,3234.0,1397.5153782783427
sarimax,2015-08-01,1636.0,992.7612009711224
sarimax,2015-09-01,561.0,421.92942528994513
sarimax,2015-10-01,357.0,153.00699639151958
sarimax,2015-11-01,450.0,73.3949406856552
sarimax,2015-12-01,397.0,0.0
sarimax,2016-01-01,1465.0,331.4317178934045
sarimax,2016-02-01,1995.0,694.9932041890618
sarimax,2015-04-01,7214.0,2658.4923724250793
sarimax,2015-05-01,17109.0,2712.0116560342985
sarimax,2015-06-01,6980.0,2903.552583547765
sarimax,2015-07-01,3234.0,1873.6273407642213
sarimax,2015-08-01,1636.0,1384.9804950026887
sarimax,2015-09-01,561.0,764.9009078230534
sarimax,2015-10-01,357.0,467.16174227427166
sarimax,2015-11-01,450.0,372.2035633568077
sarimax,2015-12-01,397.0,240.7765997153482
sarimax,2016-01-01,1465.0,616.5909277669022
sarimax,2016-02-01,1995.0,975.3013509641113
sarimax,2016-03-01,2498.0,2586.2782061111634
sarimax,2015-05-01,17109.0,5663.544279922589
sarimax,2015-06-01,6980.0,4892.438345293837
sarimax,2015-07-01,3234.0,3271.2517757982077
sarimax,2015-08-01,1636.0,2421.7523394696454
sarimax,2015-09-01,561.0,1578.267195836364
sarimax,2015-10-01,357.0,1142.9291709767763
sarimax,2015-11-01,450.0,967.3050053866125
sarimax,2015-12-01,397.0,790.2351853261749
sarimax,2016-01-01,1465.0,1133.3326523264495
sarimax,2016-02-01,1995.0,1469.0175267029992
sarimax,2016-03-01,2498.0,3045.519937526258
sarimax,2016-04-01,6332.0,5531.048472028813
sarimax,2015-06-01,6980.0,18408.186452163744
sarimax,2015-07-01,3234.0,16987.50536743463
sarimax,2015-08-01,1636.0,17033.2348178111
sarimax,2015-09-01,561.0,16109.361687086363
sarimax,2015-10-01,357.0,16079.15575053139
sarimax,2015-11-01,450.0,15800.169546566847
sarimax,2015-12-01,397.0,15843.525293018798
sarimax,2016-01-01,1465.0,16092.491318335336
sarimax,2016-02-01,1995.0,16521.25230599833
sarimax,2016-03-01,2498.0,17961.6097208746
sarimax,2016-04-01,6332.0,20363.105636215878
sarimax,2016-05-01,13527.0,26913.609219854534
sarimax,2015-07-01,3234.0,4632.449247139882
sarimax,2015-08-01,1636.0,3363.159348168263
sarimax,2015-09-01,561.0,2283.2132529145993
sarimax,2015-10-01,357.0,1714.4052403996618
sarimax,2015-11-01,450.0,1456.9542115420224
sarimax,2015-12-01,397.0,1227.020254766642
sarimax,2016-01-01,1465.0,1548.0805382227877
sarimax,2016-02-01,1995.0,1876.7004657694972
sarimax,2016-03-01,2498.0,3484.4380104502993
sarimax,2016-04-01,6332.0,6038.634187325756
sarimax,2016-05-01,13527.0,13160.356627361532
sarimax,2016-06-01,6442.0,6269.6744073064765
sarimax,2015-08-01,1636.0,2504.2099923743417
sarimax,2015-09-01,561.0,1745.4155253565732
sarimax,2015-10-01,357.0,1367.6820139387087
sarimax,2015-11-01,450.0,1223.1341615782308
sarimax,2015-12-01,397.0,1059.5893805086125
sarimax,2016-01-01,1465.0,1421.0416830153015
sarimax,2016-02-01,1995.0,1774.2734311098206
sarimax,2016-03-01,2498.0,3400.644645216473
sarimax,2016-04-01,6332.0,5971.6218764794685
sarimax,2016-05-01,13527.0,13119.140560531325
sarimax,2016-06-01,6442.0,6206.891139724163
sarimax,2016-07-01,5218.0,3362.172510536837
sarimax,2015-09-01,561.0,1222.0664124749514
sarimax,2015-10-01,357.0,1045.3844879176982
sarimax,2015-11-01,450.0,1017.8869278327384
sarimax,2015-12-01,397.0,922.4181997794963
sarimax,2016-01-01,1465.0,1323.7513779541007
sarimax,2016-02-01,1995.0,1700.36199877443
sarimax,2016-03-01,2498.0,3341.2205044485445
sarimax,2016-04-01,6332.0,5921.874041915161
sarimax,2016-05-01,13527.0,13078.435483123749
sarimax,2016-06-01,6442.0,6163.624035811448
sarimax,2016-07-01,5218.0,3318.9943792512813
sarimax,2016-08-01,2524.0,2113.0545524955883
sarimax,2015-10-01,357.0,647.1923858608789
sarimax,2015-11-01,450.0,772.8323112131188
sarimax,2015-12-01,397.0,766.6164014825467
sarimax,2016-01-01,1465.0,1219.7923554078948
sarimax,2016-02-01,1995.0,1626.50582538839
sarimax,2016-03-01,2498.0,3284.364771413245
sarimax,2016-04-01,6332.0,5874.162451491115
sarimax,2016-05-01,13527.0,13033.965715921304
sarimax,2016-06-01,6442.0,6125.831447014431
sarimax,2016-07-01,5218.0,3284.123589849987
sarimax,2016-08-01,2524.0,2079.7528678011136
sarimax,2016-09-01,1700.0,1211.381523219269
sarimax,2015-11-01,450.0,597.7106918999541
sarimax,2015-12-01,397.0,658.6700086016565
sarimax,2016-01-01,1465.0,1150.8754382156794
sarimax,2016-02-01,1995.0,1580.2548014784488
sarimax,2016-03-01,2498.0,3250.7728625983195
sarimax,2016-04-01,6332.0,5847.157183627239
sarimax,2016-05-01,13527.0,13008.61039070687
sarimax,2016-06-01,6442.0,6106.478716130316
sarimax,2016-07-01,5218.0,3267.2515188208154
sarimax,2016-08-01,2524.0,2064.1872680150204
sarimax,2016-09-01,1700.0,1196.5537058425778
sarimax,2016-10-01,1643.0,1021.7039280459873
sarimax,2015-12-01,397.0,569.5384579118067
sarimax,2016-01-01,1465.0,1095.8429147180905
sarimax,2016-02-01,1995.0,1545.0673093226926
sarimax,2016-03-01,2498.0,3226.9388246987173
sarimax,2016-04-01,6332.0,5829.6332823153425
sarimax,2016-05-01,13527.0,12993.913044036894
sarimax,2016-06-01,6442.0,6095.390609818467
sarimax,2016-07-01,5218.0,3257.8711265877873
sarimax,2016-08-01,2524.0,2055.748079587283
sarimax,2016-09-01,1700.0,1188.653935332905
sarimax,2016-10-01,1643.0,1014.0813133614996
sarimax,2016-11-01,1385.0,1062.4487678724754
sarimax,2016-01-01,1465.0,991.787298567388
sarimax,2016-02-01,1995.0,1480.921279217889
sarimax,2016-03-01,2498.0,3185.986175086856
sarimax,2016-04-01,6332.0,5802.098968861213
sarimax,2016-05-01,13527.0,12973.919658268396
sarimax,2016-06-01,6442.0,6080.439928822259
sarimax,2016-07-01,5218.0,3245.7292830296033
sarimax,2016-08-01,2524.0,2045.2256731809568
sarimax,2016-09-01,1700.0,1179.0724896922743
sarimax,2016-10-01,1643.0,1005.0360781533693
sarimax,2016-11-01,1385.0,1053.7078211630878
sarimax,2016-12-01,1208.0,958.7559257468725
sarimax,2016-02-01,1995.0,1765.6591220328196
sarimax,2016-03-01,2498.0,3361.431240111634
sarimax,2016-04-01,6332.0,5914.608741171284
sarimax,2016-05-01,13527.0,13051.80990048818
sarimax,2016-06-01,6442.0,6133.44603563573
sarimax,2016-07-01,5218.0,3285.188802557022
sarimax,2016-08-01,2524.0,2076.922861837467
sarimax,2016-09-01,1700.0,1206.2692737992952
sarimax,2016-10-01,1643.0,1029.700398720948
sarimax,2016-11-01,1385.0,1076.9570209476285
sarimax,2016-12-01,1208.0,981.1963807889879
sarimax,2017-01-01,3328.0,1866.863068872735
sarimax,2016-03-01,2498.0,3499.6106448197042
sarimax,2016-04-01,6332.0,6000.162654178917
sarimax,2016-05-01,13527.0,13108.012898106192
sarimax,2016-06-01,6442.0,6169.561590275926
sarimax,2016-07-01,5218.0,3310.208294568037
sarimax,2016-08-01,2524.0,2095.5621307120514
sarimax,2016-09-01,1700.0,1221.2064362876768
sarimax,2016-10-01,1643.0,1042.5381490328061
sarimax,2016-11-01,1385.0,1088.610299397817
sarimax,2016-12-01,1208.0,992.1697712963344
sarimax,2017-01-01,3328.0,1877.5382391978753
sarimax,2017-02-01,5050.0,2399.8173787070673
sarimax,2016-04-01,6332.0,5378.013431384307
sarimax,2016-05-01,13527.0,12678.347535659548
sarimax,2016-06-01,6442.0,5917.756350879394
sarimax,2016-07-01,5218.0,3148.746577947956
sarimax,2016-08-01,2524.0,1984.9128938904787
sarimax,2016-09-01,1700.0,1139.848893900155
sarimax,2016-10-01,1643.0,976.9948366728513
sarimax,2016-11-01,1385.0,1031.4375827562574
sarimax,2016-12-01,1208.0,939.6536018780457
sarimax,2017-01-01,3328.0,1825.5869096979493
sarimax,2017-02-01,5050.0,2349.542242470806
sarimax,2017-03-01,8238.0,3397.0008986303083
sarimax,2016-05-01,13527.0,13343.625044023036
sarimax,2016-06-01,6442.0,6288.077823879939
sarimax,2016-07-01,5218.0,3373.0900116328257
sarimax,2016-08-01,2524.0,2127.8414466468557
sarimax,2016-09-01,1700.0,1236.0113181653699
sarimax,2016-10-01,1643.0,1048.367439632305
sarimax,2016-11-01,1385.0,1090.0187008135001
sarimax,2016-12-01,1208.0,991.220555664284
sarimax,2017-01-01,3328.0,1877.2282759403524
sarimax,2017-02-01,5050.0,2398.6262737135726
sarimax,2017-03-01,8238.0,3430.3260324760886
sarimax,2017-04-01,14309.0,7220.772373147201
sarimax,2016-06-01,6442.0,6384.737924810495
sarimax,2016-07-01,5218.0,3428.807999778547
sarimax,2016-08-01,2524.0,2161.0981328315
sarimax,2016-09-01,1700.0,1256.4616170486336
sarimax,2016-10-01,1643.0,1062.2768428499985
sarimax,2016-11-01,1385.0,1100.73397424356
sarimax,2016-12-01,1208.0,1000.2423030569689
sarimax,2017-01-01,3328.0,1886.7911891299473
sarimax,2017-02-01,5050.0,2407.554350376008
sarimax,2017-03-01,8238.0,3433.659933137467
sarimax,2017-04-01,14309.0,7224.291404220999
sarimax,2017-05-01,3780.0,15230.56656558366
sarimax,2016-07-01,5218.0,3463.485214682528
sarimax,2016-08-01,2524.0,2182.5074318641227
sarimax,2016-09-01,1700.0,1270.1443790932422
sarimax,2016-10-01,1643.0,1071.3636362121467
sarimax,2016-11-01,1385.0,1107.0778054436148
sarimax,2016-12-01,1208.0,1004.9743907441034
sarimax,2017-01-01,3328.0,1890.3942921297225
sarimax,2017-02-01,5050.0,2410.623156156369
sarimax,2017-03-01,8238.0,3437.0836669703076
sarimax,2017-04-01,14309.0,7227.4845400321665
sarimax,2017-05-01,3780.0,15234.678416677276
sarimax,2017-06-01,1160.0,7233.155309779814
sarimax,2016-08-01,2524.0,3236.75224846739
sarimax,2016-09-01,1700.0,1917.0752654942378
sarimax,2016-10-01,1643.0,1480.619296828845
sarimax,2016-11-01,1385.0,1377.5644368407438
sarimax,2016-12-01,1208.0,1194.6317251373102
sarimax,2017-01-01,3328.0,2031.5360722881755
sarimax,2017-02-01,5050.0,2524.515257653876
sarimax,2017-03-01,8238.0,3540.375766543489
sarimax,2017-04-01,14309.0,7321.168115488908
sarimax,2017-05-01,3780.0,15331.07247724006
sarimax,2017-06-01,1160.0,7317.3692878212
sarimax,2017-07-01,865.0,5324.763619247304
sarimax,2016-09-01,1700.0,1488.2546036316812
sarimax,2016-10-01,1643.0,1217.3994684956908
sarimax,2016-11-01,1385.0,1210.9560985488042
sarimax,2016-12-01,1208.0,1084.3220274939204
sarimax,2017-01-01,3328.0,1954.5104136208054
sarimax,2017-02-01,5050.0,2466.5490197578615
sarimax,2017-03-01,8238.0,3491.761756765442
sarimax,2017-04-01,14309.0,7279.1467587302195
sarimax,2017-05-01,3780.0,15290.128927737278
sarimax,2017-06-01,1160.0,7281.631888581805
sarimax,2017-07-01,865.0,5292.800909356274
sarimax,2017-08-01,418.0,2930.4688483786504
sarimax,2016-10-01,1643.0,1343.8432766463975
sarimax,2016-11-01,1385.0,1287.8905404470484
sarimax,2016-12-01,1208.0,1132.5360919526925
sarimax,2017-01-01,3328.0,1985.9497825821593
sarimax,2017-02-01,5050.0,2488.337242536623
sarimax,2017-03-01,8238.0,3508.3701378667724
sarimax,2017-04-01,14309.0,7292.478483496945
sarimax,2017-05-01,3780.0,15302.21966857951
sarimax,2017-06-01,1160.0,7291.911302277873
sarimax,2017-07-01,865.0,5301.850753457934
sarimax,2017-08-01,418.0,2939.4116619965075
sarimax,2017-09-01,1041.0,2038.8551791318025
sarimax,2016-11-01,1385.0,1466.543334421248
sarimax,2016-12-01,1208.0,1241.2817179430965
sarimax,2017-01-01,3328.0,2054.0482503962207
sarimax,2017-02-01,5050.0,2532.9200437186046
sarimax,2017-03-01,8238.0,3539.6502579059784
sarimax,2017-04-01,14309.0,7315.821162629161
sarimax,2017-05-01,3780.0,15321.492233715493
sarimax,2017-06-01,1160.0,7307.93840193535
sarimax,2017-07-01,865.0,5315.8502172687995
sarimax,2017-08-01,418.0,2952.726041442671
sarimax,2017-09-01,1041.0,2051.6020284838532
sarimax,2017-10-01,690.0,1949.439360468444
sarimax,2016-12-01,1208.0,1192.3097981450715
sarimax,2017-01-01,3328.0,2023.9680689540965
sarimax,2017-02-01,5050.0,2513.79932200998
sarimax,2017-03-01,8238.0,3526.8926060467184
sarimax,2017-04-01,14309.0,7306.7506160418525
sarimax,2017-05-01,3780.0,15314.569775411677
sarimax,2017-06-01,1160.0,7302.246496367469
sarimax,2017-07-01,865.0,5310.8695705322325
sarimax,2017-08-01,418.0,2948.1665568069243
sarimax,2017-09-01,1041.0,2047.2838679791735
sarimax,2017-10-01,690.0,1945.2611781782941
sarimax,2017-11-01,313.0,1793.5174641359945
sarimax,2017-01-01,3328.0,2033.0847563352647
sarimax,2017-02-01,5050.0,2519.11508104743
sarimax,2017-03-01,8238.0,3530.063907937144
sarimax,2017-04-01,14309.0,7308.639345388928
sarimax,2017-05-01,3780.0,15315.809064359582
sarimax,2017-06-01,1160.0,7302.95300364469
sarimax,2017-07-01,865.0,5311.241489898167
sarimax,2017-08-01,418.0,2948.431150822528
sarimax,2017-09-01,1041.0,2047.4561883339368
sarimax,2017-10-01,690.0,1945.3799430557242
sarimax,2017-11-01,313.0,1793.6199557994398
sarimax,2017-12-01,374.0,1654.090464452096
sarimax,2017-02-01,5050.0,3292.42474773907
sarimax,2017-03-01,8238.0,3999.5535713553772
sarimax,2017-04-01,14309.0,7602.784466013675
sarimax,2017-05-01,3780.0,15506.18894427557
sarimax,2017-06-01,1160.0,7436.5866005132475
sarimax,2017-07-01,865.0,5412.527996469809
sarimax,2017-08-01,418.0,3029.051916538849
sarimax,2017-09-01,1041.0,2116.752009531005
sarimax,2017-10-01,690.0,2008.1088074730776
sarimax,2017-11-01,313.0,1852.2153197770583
sarimax,2017-12-01,374.0,1710.3478222539943
sarimax,2018-01-01,495.0,3510.5056358962565
sarimax,2017-03-01,8238.0,5056.925998193662
sarimax,2017-04-01,14309.0,8251.001711224619
sarimax,2017-05-01,3780.0,15916.339732776365
sarimax,2017-06-01,1160.0,7706.390473187006
sarimax,2017-07-01,865.0,5600.174998224167
sarimax,2017-08-01,418.0,3169.487481765346
sarimax,2017-09-01,1041.0,2229.3636866975917
sarimax,2017-10-01,690.0,2104.4766584763966
sarimax,2017-11-01,313.0,1939.228217248425
sarimax,2017-12-01,374.0,1791.8756763525687
sarimax,2018-01-01,495.0,3588.5016269422576
sarimax,2018-02-01,585.0,4946.634516660979
sarimax,2017-04-01,14309.0,10214.638396196786
sarimax,2017-05-01,3780.0,17177.6134427109
sarimax,2017-06-01,1160.0,8506.915224736882
sarimax,2017-07-01,865.0,6119.371651777407
sarimax,2017-08-01,418.0,3543.865926868454
sarimax,2017-09-01,1041.0,2509.2778593161565
sarimax,2017-10-01,690.0,2328.0501751420793
sarimax,2017-11-01,313.0,2133.086282933631
sarimax,2017-12-01,374.0,1967.250705806556
sarimax,2018-01-01,495.0,3742.8530922380114
sarimax,2018-02-01,585.0,5083.434171457175
sarimax,2018-03-01,831.0,7428.309407183129
sarimax,2017-05-01,3780.0,19798.961809863857
sarimax,2017-06-01,1160.0,10167.509166664717
sarimax,2017-07-01,865.0,7169.731678984496
sarimax,2017-08-01,418.0,4226.108864640104
sarimax,2017-09-01,1041.0,2954.0099598957945
sarimax,2017-10-01,690.0,2623.5379654661697
sarimax,2017-11-01,313.0,2337.5942109740786
sarimax,2017-12-01,374.0,2114.103363813869
sarimax,2018-01-01,495.0,3846.623002955658
sarimax,2018-02-01,585.0,5156.949816255655
sarimax,2018-03-01,831.0,7470.9577341234735
sarimax,2018-04-01,1553.0,12818.154774809504
sarimax,2017-06-01,1160.0,1638.7248279520873
sarimax,2017-07-01,865.0,2617.486675448349
sarimax,2017-08-01,418.0,1542.4003599177265
sarimax,2017-09-01,1041.0,1335.6306946451682
sarimax,2017-10-01,690.0,1577.440390716418
sarimax,2017-11-01,313.0,1563.2744339013398
sarimax,2017-12-01,374.0,1495.2526470032242
sarimax,2018-01-01,495.0,3415.011662193602
sarimax,2018-02-01,585.0,4884.663526512827
sarimax,2018-03-01,831.0,7469.770388026815
sarimax,2018-04-01,1553.0,13035.185763016443
sarimax,2018-05-01,498.0,6552.017179668526
sarimax,2017-07-01,865.0,2341.375092416013
sarimax,2017-08-01,418.0,1384.8892894112776
sarimax,2017-09-01,1041.0,1242.8503844450602
sarimax,2017-10-01,690.0,1520.265198294545
sarimax,2017-11-01,313.0,1526.168488717
sarimax,2017-12-01,374.0,1468.8875463637073
sarimax,2018-01-01,495.0,3392.6650314190465
sarimax,2018-02-01,585.0,4863.476333199225
sarimax,2018-03-01,831.0,7445.997363739077
sarimax,2018-04-01,1553.0,13008.770073478643
sarimax,2018-05-01,498.0,6553.690379030566
sarimax,2018-06-01,291.0,2909.4862299306133
sarimax,2017-08-01,418.0,594.7970394641995
sarimax,2017-09-01,1041.0,807.9872364170078
sarimax,2017-10-01,690.0,1271.1366188092013
sarimax,2017-11-01,313.0,1376.3117388818437
sarimax,2017-12-01,374.0,1370.4885846110715
sarimax,2018-01-01,495.0,3315.1438038469973
sarimax,2018-02-01,585.0,4793.3950421237605
sarimax,2018-03-01,831.0,7368.826227559755
sarimax,2018-04-01,1553.0,12923.44582715307
sarimax,2018-05-01,498.0,6564.287014478333
sarimax,2018-06-01,291.0,2897.3996720172768
sarimax,2018-07-01,365.0,2385.2920269662213
sarimax,2017-09-01,1041.0,714.277502997017
sarimax,2017-10-01,690.0,1220.2156681775457
sarimax,2017-11-01,313.0,1347.4541056764187
sarimax,2017-12-01,374.0,1352.982892684878
sarimax,2018-01-01,495.0,3303.392746192287
sarimax,2018-02-01,585.0,4784.553791875803
sarimax,2018-03-01,831.0,7361.320277979121
sarimax,2018-04-01,1553.0,12916.559827131292
sarimax,2018-05-01,498.0,6559.188833376521
sarimax,2018-06-01,291.0,2892.1637508223635
sarimax,2018-07-01,365.0,2380.0916033684603
sarimax,2018-08-01,190.0,1405.5391958943312
sarimax,2017-10-01,690.0,1394.9004165089875
sarimax,2017-11-01,313.0,1445.060894529683
sarimax,2017-12-01,374.0,1411.382836735931
sarimax,2018-01-01,495.0,3341.3206961754763
sarimax,2018-02-01,585.0,4811.755846416644
sarimax,2018-03-01,831.0,7382.058606533316
sarimax,2018-04-01,1553.0,12933.58823615553
sarimax,2018-05-01,498.0,6583.509915468362
sarimax,2018-06-01,291.0,2913.63480355131
sarimax,2018-07-01,365.0,2400.766363883856
sarimax,2018-08-01,190.0,1424.9455452095226
sarimax,2018-09-01,175.0,1707.3332310795013
sarimax,2017-11-01,313.0,1079.0254718339866
sarimax,2017-12-01,374.0,1217.1511562365522
sarimax,2018-01-01,495.0,3233.585287383237
sarimax,2018-02-01,585.0,4747.513421145929
sarimax,2018-03-01,831.0,7338.708210750382
sarimax,2018-04-01,1553.0,12900.342640299445
sarimax,2018-05-01,498.0,6565.926014307375
sarimax,2018-06-01,291.0,2896.4756233741855
sarimax,2018-07-01,365.0,2384.5685929446727
sarimax,2018-08-01,190.0,1408.2429306345225
sarimax,2018-09-01,175.0,1690.202743343013
sarimax,2018-10-01,133.0,1408.9416065993541
sarimax,2017-12-01,374.0,811.9499285960765
sarimax,2018-01-01,495.0,3012.075336134153
sarimax,2018-02-01,585.0,4619.561312982755
sarimax,2018-03-01,831.0,7259.236461751424
sarimax,2018-04-01,1553.0,12845.8958427543
sarimax,2018-05-01,498.0,6515.216774259914
sarimax,2018-06-01,291.0,2854.0632216305744
sarimax,2018-07-01,365.0,2345.7319622544705
sarimax,2018-08-01,190.0,1372.065418854667
sarimax,2018-09-01,175.0,1655.520689355887
sarimax,2018-10-01,133.0,1374.5297265465108
sarimax,2018-11-01,148.0,1025.9413756526953
sarimax,2018-01-01,495.0,2783.2037650908037
sarimax,2018-02-01,585.0,4496.808305354281
sarimax,2018-03-01,831.0,7189.940871709236
sarimax,2018-04-01,1553.0,12803.569908279676
sarimax,2018-05-01,498.0,6490.95712215087
sarimax,2018-06-01,291.0,2835.8728270071783
sarimax,2018-07-01,365.0,2330.9361489688763
sarimax,2018-08-01,190.0,1358.5848676565276
sarimax,2018-09-01,175.0,1642.6381903106214
sarimax,2018-10-01,133.0,1362.1890795562242
sarimax,2018-11-01,148.0,1013.8691031208889
sarimax,2018-12-01,274.0,1019.0399787620435
sarimax,2018-02-01,585.0,3288.8938075340848
sarimax,2018-03-01,831.0,6524.829908183816
sarimax,2018-04-01,1553.0,12411.937721054008
sarimax,2018-05-01,498.0,6318.076267385259
sarimax,2018-06-01,291.0,2717.9843151127807
sarimax,2018-07-01,365.0,2246.7863559946295
sarimax,2018-08-01,190.0,1284.222993793754
sarimax,2018-09-01,175.0,1572.0151414883503
sarimax,2018-10-01,133.0,1297.8064626909595
sarimax,2018-11-01,148.0,952.5418190867575
sarimax,2018-12-01,274.0,958.019290525532
sarimax,2019-01-01,452.0,1559.748492173194
sarimax,2018-03-01,831.0,5048.69825909213
sarimax,2018-04-01,1553.0,11568.318759299304
sarimax,2018-05-01,498.0,5947.068209782152
sarimax,2018-06-01,291.0,2488.8541814007413
sarimax,2018-07-01,365.0,2102.042837632896
sarimax,2018-08-01,190.0,1169.9655860369937
sarimax,2018-09-01,175.0,1471.4948275473826
sarimax,2018-10-01,133.0,1212.3794475658224
sarimax,2018-11-01,148.0,874.7044743438912
sarimax,2018-12-01,274.0,881.8488481947946
sarimax,2019-01-01,452.0,1500.5733843485907
sarimax,2019-02-01,489.0,1996.1314723269102
sarimax,2018-04-01,1553.0,9119.402115271621
sarimax,2018-05-01,498.0,4878.135355308468
sarimax,2018-06-01,291.0,1848.759283566872
sarimax,2018-07-01,365.0,1726.2511827423123
sarimax,2018-08-01,190.0,897.2497782422907
sarimax,2018-09-01,175.0,1248.9235708330452
sarimax,2018-10-01,133.0,1040.8995719910608
sarimax,2018-11-01,148.0,729.8196837509445
sarimax,2018-12-01,274.0,744.4696944408837
sarimax,2019-01-01,452.0,1415.0458641275432
sarimax,2019-02-01,489.0,1951.0063213591898
sarimax,2019-03-01,1847.0,2994.4943703655654
sarimax,2018-05-01,498.0,883.5885881979575
sarimax,2018-06-01,291.0,0.0
sarimax,2018-07-01,365.0,99.08799941390885
sarimax,2018-08-01,190.0,0.0
sarimax,2018-09-01,175.0,336.4262911388937
sarimax,2018-10-01,133.0,324.79524227436275
sarimax,2018-11-01,148.0,124.6705559438158
sarimax,2018-12-01,274.0,190.15060158707013
sarimax,2019-01-01,452.0,980.2367795088076
sarimax,2019-02-01,489.0,1605.2700870114058
sarimax,2019-03-01,1847.0,2784.672446313324
sarimax,2019-04-01,1855.0,5185.966857479386
sarimax,2018-06-01,291.0,0.0
sarimax,2018-07-01,365.0,0.0
sarimax,2018-08-01,190.0,0.0
sarimax,2018-09-01,175.0,193.90584653580578
sarimax,2018-10-01,133.0,191.34841174784833
sarimax,2018-11-01,148.0,0.0
sarimax,2018-12-01,274.0,67.15175769935729
sarimax,2019-01-01,452.0,848.6481300385929
sarimax,2019-02-01,489.0,1466.1745788147564
sarimax,2019-03-01,1847.0,2630.553759392262
sarimax,2019-04-01,1855.0,5003.657098568108
sarimax,2019-05-01,1309.0,1043.9200559260853
sarimax,2018-07-01,365.0,673.4598846694807
sarimax,2018-08-01,190.0,78.52335099179993
sarimax,2018-09-01,175.0,561.7453269170862
sarimax,2018-10-01,133.0,471.1507636915781
sarimax,2018-11-01,148.0,226.26858835306663
sarimax,2018-12-01,274.0,268.10771300733984
sarimax,2019-01-01,452.0,1031.4834874096434
sarimax,2019-02-01,489.0,1638.2354573317753
sarimax,2019-03-01,1847.0,2794.752742139472
sarimax,2019-04-01,1855.0,5160.2539092294555
sarimax,2019-05-01,1309.0,1206.7954794734728
sarimax,2019-06-01,1070.0,262.4874988093561
sarimax,2018-08-01,190.0,0.0
sarimax,2018-09-01,175.0,445.5973280778751
sarimax,2018-10-01,133.0,393.5065666424492
sarimax,2018-11-01,148.0,170.30259820169127
sarimax,2018-12-01,274.0,224.46463740696896
sarimax,2019-01-01,452.0,993.8710456267911
sarimax,2019-02-01,489.0,1603.800838581113
sarimax,2019-03-01,1847.0,2761.2506003997155
sarimax,2019-04-01,1855.0,5125.715678144935
sarimax,2019-05-01,1309.0,1176.947890557507
sarimax,2019-06-01,1070.0,234.04645840148362
sarimax,2019-07-01,845.0,196.35840008421275
sarimax,2018-09-01,175.0,628.6333844177548
sarimax,2018-10-01,133.0,512.5481977363097
sarimax,2018-11-01,148.0,253.4204756656634
sarimax,2018-12-01,274.0,287.4333655554556
sarimax,2019-01-01,452.0,1045.3987536882662
sarimax,2019-02-01,489.0,1648.8746540209336
sarimax,2019-03-01,1847.0,2802.57839964133
sarimax,2019-04-01,1855.0,5164.716335644987
sarimax,2019-05-01,1309.0,1215.3984283290547
sarimax,2019-06-01,1070.0,272.01201983340854
sarimax,2019-07-01,845.0,233.99194721045666
sarimax,2019-08-01,680.0,0.0
sarimax,2018-10-01,133.0,238.08813975855242
sarimax,2018-11-01,148.0,79.50543674854538
sarimax,2018-12-01,274.0,169.87177680975222
sarimax,2019-01-01,452.0,959.9870452618837
sarimax,2019-02-01,489.0,1581.6312934805107
sarimax,2019-03-01,1847.0,2746.0284363524956
sarimax,2019-04-01,1855.0,5115.074683724497
sarimax,2019-05-01,1309.0,1166.5740098375413
sarimax,2019-06-01,1070.0,224.3584873823296
sarimax,2019-07-01,845.0,187.23717675676988
sarimax,2019-08-01,680.0,0.0
sarimax,2019-09-01,716.0,110.8168762954745
sarimax,2018-11-01,148.0,18.73233183664371
sarimax,2018-12-01,274.0,134.00565245735243
sarimax,2019-01-01,452.0,938.0383515538776
sarimax,2019-02-01,489.0,1567.4834421838657
sarimax,2019-03-01,1847.0,2736.191576072328
sarimax,2019-04-01,1855.0,5107.529196189821
sarimax,2019-05-01,1309.0,1160.7565546502965
sarimax,2019-06-01,1070.0,219.40908248308244
sarimax,2019-07-01,845.0,182.74059657605204
sarimax,2019-08-01,680.0,0.0
sarimax,2019-09-01,716.0,106.69325157984582
sarimax,2019-10-01,371.0,0.0
sarimax,2018-12-01,274.0,216.8392629064257
sarimax,2019-01-01,452.0,994.9939070843601
sarimax,2019-02-01,489.0,1609.9635469596474
sarimax,2019-03-01,1847.0,2770.7118182776903
sarimax,2019-04-01,1855.0,5137.876212141505
sarimax,2019-05-01,1309.0,1187.779045999037
sarimax,2019-06-01,1070.0,244.79554262879003
sarimax,2019-07-01,845.0,207.2870035993172
sarimax,2019-08-01,680.0,0.0
sarimax,2019-09-01,716.0,130.55848536199682
sarimax,2019-10-01,371.0,0.0
sarimax,2019-11-01,366.0,0.0
sarimax,2019-01-01,452.0,1033.3065855561097
sarimax,2019-02-01,489.0,1637.7115629199702
sarimax,2019-03-01,1847.0,2792.6083899174178
sarimax,2019-04-01,1855.0,5156.635777217043
sarimax,2019-05-01,1309.0,1204.2732120255014
sarimax,2019-06-01,1070.0,260.13480380753697
sarimax,2019-07-01,845.0,222.01746599589063
sarimax,2019-08-01,680.0,0.0
sarimax,2019-09-01,716.0,144.78286121023473
sarimax,2019-10-01,371.0,8.34583463474874
sarimax,2019-11-01,366.0,0.0
sarimax,2019-12-01,429.0,9.587819523411213
sarimax,2019-02-01,489.0,1283.6381333978916
sarimax,2019-03-01,1847.0,2563.4079019431592
sarimax,2019-04-01,1855.0,4992.647082886041
sarimax,2019-05-01,1309.0,1093.352841684518
sarimax,2019-06-01,1070.0,175.16844300766934
sarimax,2019-07-01,845.0,150.3187106470191
sarimax,2019-08-01,680.0,0.0
sarimax,2019-09-01,716.0,83.801577777432
sarimax,2019-10-01,371.0,0.0
sarimax,2019-11-01,366.0,0.0
sarimax,2019-12-01,429.0,0.0
sarimax,2020-01-01,973.0,114.9118098077505
sarimax,2019-03-01,1847.0,2073.425380052618
sarimax,2019-04-01,1855.0,4665.579957667086
sarimax,2019-05-01,1309.0,883.3348749027045
sarimax,2019-06-01,1070.0,24.698554755971372
sarimax,2019-07-01,845.0,31.156537287364344
sarimax,2019-08-01,680.0,0.0
sarimax,2019-09-01,716.0,0.0
sarimax,2019-10-01,371.0,0.0
sarimax,2019-11-01,366.0,0.0
sarimax,2019-12-01,429.0,0.0
sarimax,2020-01-01,973.0,34.35906802266974
sarimax,2020-02-01,2378.0,88.16879222515198
sarimax,2019-04-01,1855.0,4522.673412952734
sarimax,2019-05-01,1309.0,799.3640323183845
sarimax,2019-06-01,1070.0,0.0
sarimax,2019-07-01,845.0,0.0
sarimax,2019-08-01,680.0,0.0
sarimax,2019-09-01,716.0,0.0
sarimax,2019-10-01,371.0,0.0
sarimax,2019-11-01,366.0,0.0
sarimax,2019-12-01,429.0,0.0
sarimax,2020-01-01,973.0,16.15151519431485
sarimax,2020-02-01,2378.0,70.17817196318629
sarimax,2020-03-01,2635.0,1093.230185060641
sarimax,2019-05-01,1309.0,0.0
sarimax,2019-06-01,1070.0,0.0
sarimax,2019-07-01,845.0,0.0
sarimax,2019-08-01,680.0,0.0
sarimax,2019-09-01,716.0,0.0
sarimax,2019-10-01,371.0,0.0
sarimax,2019-11-01,366.0,0.0
sarimax,2019-12-01,429.0,0.0
sarimax,2020-01-01,973.0,0.0
sarimax,2020-02-01,2378.0,0.0
sarimax,2020-03-01,2635.0,842.4173509339071
sarimax,2020-04-01,2140.0,1054.0390195630669
sarimax,2019-06-01,1070.0,278.11978787300495
sarimax,2019-07-01,845.0,160.53624939963595
sarimax,2019-08-01,680.0,0.0
sarimax,2019-09-01,716.0,0.0
sarimax,2019-10-01,371.0,0.0
sarimax,2019-11-01,366.0,0.0
sarimax,2019-12-01,429.0,0.0
sarimax,2020-01-01,973.0,12.926819064394344
sarimax,2020-02-01,2378.0,62.97417331068151
sarimax,2020-03-01,2635.0,1115.738148223464
sarimax,2020-04-01,2140.0,1318.755571600137
sarimax,2020-05-01,1836.0,633.1604588856925
sarimax,2019-07-01,845.0,641.3058324357349
sarimax,2019-08-01,680.0,168.5100011009074
sarimax,2019-09-01,716.0,203.07548335258906
sarimax,2019-10-01,371.0,7.647110682522168
sarimax,2019-11-01,366.0,0.0
sarimax,2019-12-01,429.0,0.0
sarimax,2020-01-01,973.0,114.72597967697808
sarimax,2020-02-01,2378.0,159.55614002660155
sarimax,2020-03-01,2635.0,1210.6905418302035
sarimax,2020-04-01,2140.0,1411.3126643642418
sarimax,2020-05-01,1836.0,725.3962800110655
sarimax,2020-06-01,1820.0,494.4874811732366
sarimax,2019-08-01,680.0,293.2590676676265
sarimax,2019-09-01,716.0,283.69908578926686
sarimax,2019-10-01,371.0,63.67115117876483
sarimax,2019-11-01,366.0,0.0
sarimax,2019-12-01,429.0,0.0
sarimax,2020-01-01,973.0,145.07495014837872
sarimax,2020-02-01,2378.0,187.50962074962786
sarimax,2020-03-01,2635.0,1237.3721463108584
sarimax,2020-04-01,2140.0,1437.2074604654354
sarimax,2020-05-01,1836.0,750.9039373650919
sarimax,2020-06-01,1820.0,519.7608295895296
sarimax,2020-07-01,1519.0,375.782993988343
sarimax,2019-09-01,716.0,516.9887837296321
sarimax,2019-10-01,371.0,211.38180625188664
sarimax,2019-11-01,366.0,19.551353856423702
sarimax,2019-12-01,429.0,72.06437205493224
sarimax,2020-01-01,973.0,203.4360061847347
sarimax,2020-02-01,2378.0,237.5336938809878
sarimax,2020-03-01,2635.0,1282.9374658859433
sarimax,2020-04-01,2140.0,1480.052677903001
sarimax,2020-05-01,1836.0,792.3867165231111
sarimax,2020-06-01,1820.0,560.4282588734687
sarimax,2020-07-01,1519.0,415.9466356867535
sarimax,2020-08-01,1265.0,247.7015013792721
sarimax,2019-10-01,371.0,332.1365239048326
sarimax,2019-11-01,366.0,96.53693048190914
sarimax,2019-12-01,429.0,124.58668922420668
sarimax,2020-01-01,973.0,242.27899821695343
sarimax,2020-02-01,2378.0,268.73341261006397
sarimax,2020-03-01,2635.0,1309.7942002528268
sarimax,2020-04-01,2140.0,1504.5624546396816
sarimax,2020-05-01,1836.0,815.5290081277006
sarimax,2020-06-01,1820.0,582.8252383724755
sarimax,2020-07-01,1519.0,437.94401061388305
sarimax,2020-08-01,1265.0,269.4646737225249
sarimax,2020-09-01,586.0,291.1472230944087
sarimax,2019-11-01,366.0,121.64625704609477
sarimax,2019-12-01,429.0,141.99223755982217
sarimax,2020-01-01,973.0,255.37100868164276
sarimax,2020-02-01,2378.0,279.4089797351144
sarimax,2020-03-01,2635.0,1319.1310303284815
sarimax,2020-04-01,2140.0,1513.1328799085077
sarimax,2020-05-01,1836.0,823.6817132927558
sarimax,2020-06-01,1820.0,590.7400676706255
sarimax,2020-07-01,1519.0,445.7221166705781
sarimax,2020-08-01,1265.0,277.16845482586405
sarimax,2020-09-01,586.0,298.80995914072645
sarimax,2020-10-01,402.0,36.10868557622709
sarimax,2019-12-01,429.0,288.4909352474283
sarimax,2020-01-01,973.0,347.17598964058647
sarimax,2020-02-01,2378.0,340.63403214506206
sarimax,2020-03-01,2635.0,1363.3845369601622
sarimax,2020-04-01,2140.0,1547.7586125402102
sarimax,2020-05-01,1836.0,853.0223027532484
sarimax,2020-06-01,1820.0,617.0929952560737
sarimax,2020-07-01,1519.0,470.37530327210567
sarimax,2020-08-01,1265.0,300.8903566699761
sarimax,2020-09-01,586.0,322.0161384189742
sarimax,2020-10-01,402.0,58.99146177394236
sarimax,2020-11-01,565.0,59.1316490450977
sarimax,2020-01-01,973.0,431.95701398653125
sarimax,2020-02-01,2378.0,394.2409851552277
sarimax,2020-03-01,2635.0,1399.5937276478267
sarimax,2020-04-01,2140.0,1574.1905559194795
sarimax,2020-05-01,1836.0,874.0166503782059
sarimax,2020-06-01,1820.0,635.0349808153245
sarimax,2020-07-01,1519.0,486.6003131573925
sarimax,2020-08-01,1265.0,316.16108681828007
sarimax,2020-09-01,586.0,336.75466325094595
sarimax,2020-10-01,402.0,73.42090501855385
sarimax,2020-11-01,565.0,73.3933504524613
sarimax,2020-12-01,327.0,153.28490077063816
sarimax,2020-02-01,2378.0,714.8486413331194
sarimax,2020-03-01,2635.0,1596.9878179698455
sarimax,2020-04-01,2140.0,1702.3627838494076
sarimax,2020-05-01,1836.0,963.5948097611977
sarimax,2020-06-01,1820.0,702.9489567506413
sarimax,2020-07-01,1519.0,542.3351102842176
sarimax,2020-08-01,1265.0,365.10861730589505
sarimax,2020-09-01,586.0,381.91025627882436
sarimax,2020-10-01,402.0,116.39456186046434
sarimax,2020-11-01,565.0,115.17200148131855
sarimax,2020-12-01,327.0,194.38529407605876
sarimax,2021-01-01,660.0,638.2578449701564
sarimax,2020-03-01,2635.0,2575.8865212886762
sarimax,2020-04-01,2140.0,2296.280651100142
sarimax,2020-05-01,1836.0,1341.2884888629983
sarimax,2020-06-01,1820.0,959.01331093144
sarimax,2020-07-01,1519.0,729.9583595705445
sarimax,2020-08-01,1265.0,514.2961430246036
sarimax,2020-09-01,586.0,509.5004575935047
sarimax,2020-10-01,402.0,231.76829071746283
sarimax,2020-11-01,565.0,223.7120154798589
sarimax,2020-12-01,327.0,299.0719025417235
sarimax,2021-01-01,660.0,740.8690383724435
sarimax,2021-02-01,865.0,1772.375932651156
sarimax,2020-04-01,2140.0,2332.141306943771
sarimax,2020-05-01,1836.0,1364.04760029193
sarimax,2020-06-01,1820.0,974.3482352843171
sarimax,2020-07-01,1519.0,741.0813438692105
sarimax,2020-08-01,1265.0,523.0469579343863
sarimax,2020-09-01,586.0,516.9124858791847
sarimax,2020-10-01,402.0,238.40652707271536
sarimax,2020-11-01,565.0,229.92054922084463
sarimax,2020-12-01,327.0,305.0348945300904
sarimax,2021-01-01,660.0,746.7137404285115
sarimax,2021-02-01,865.0,1778.2130550007448
sarimax,2021-03-01,1016.0,2333.6527850177904
sarimax,2020-05-01,1836.0,1252.983506458043
sarimax,2020-06-01,1820.0,908.8706811999612
sarimax,2020-07-01,1519.0,701.2331770688409
sarimax,2020-08-01,1265.0,497.614915927246
sarimax,2020-09-01,586.0,499.588144337477
sarimax,2020-10-01,402.0,225.6346134033891
sarimax,2020-11-01,565.0,219.71174827649764
sarimax,2020-12-01,327.0,296.2663604486637
sarimax,2021-01-01,660.0,738.7634140090664
sarimax,2021-02-01,865.0,1770.746842395401
sarimax,2021-03-01,1016.0,2326.420175596948
sarimax,2021-04-01,2274.0,1967.8049993249115
sarimax,2020-06-01,1820.0,1249.9956391603325
sarimax,2020-07-01,1519.0,906.2166962571841
sarimax,2020-08-01,1265.0,626.112588409414
sarimax,2020-09-01,586.0,585.0928703841546
sarimax,2020-10-01,402.0,286.82708529637216
sarimax,2020-11-01,565.0,267.2937325613452
sarimax,2020-12-01,327.0,336.1734371689488
sarimax,2021-01-01,660.0,774.5183978451981
sarimax,2021-02-01,865.0,1804.6412803622923
sarimax,2021-03-01,1016.0,2358.5049673752847
sarimax,2021-04-01,2274.0,1998.9195524505226
sarimax,2021-05-01,7066.0,1628.6010355814278
sarimax,2020-07-01,1519.0,1239.1599470943745
sarimax,2020-08-01,1265.0,825.5700911221044
sarimax,2020-09-01,586.0,709.3756155211171
sarimax,2020-10-01,402.0,368.7028796719384
sarimax,2020-11-01,565.0,325.314531133402
sarimax,2020-12-01,327.0,380.7480559886155
sarimax,2021-01-01,660.0,811.5996048558449
sarimax,2021-02-01,865.0,1837.7331624056778
sarimax,2021-03-01,1016.0,2388.977558723422
sarimax,2021-04-01,2274.0,2027.9401903625358
sarimax,2021-05-01,7066.0,1656.908419224362
sarimax,2021-06-01,6990.0,1579.6385710289735
sarimax,2020-08-01,1265.0,989.1987828793997
sarimax,2020-09-01,586.0,807.4840569757328
sarimax,2020-10-01,402.0,429.8669318445071
sarimax,2020-11-01,565.0,365.65087881465405
sarimax,2020-12-01,327.0,409.3411100836584
sarimax,2021-01-01,660.0,833.5762751441637
sarimax,2021-02-01,865.0,1855.9925336956683
sarimax,2021-03-01,1016.0,2405.1201428102186
sarimax,2021-04-01,2274.0,2042.8906554506746
sarimax,2021-05-01,7066.0,1671.192662324075
sarimax,2021-06-01,6990.0,1593.5481719577597
sarimax,2021-07-01,4859.0,1312.5085748689376
sarimax,2020-09-01,586.0,968.4877624069654
sarimax,2020-10-01,402.0,526.1208725677205
sarimax,2020-11-01,565.0,425.40238841468374
sarimax,2020-12-01,327.0,448.50700349662685
sarimax,2021-01-01,660.0,861.1566224834587
sarimax,2021-02-01,865.0,1877.1041320310874
sarimax,2021-03-01,1016.0,2422.4810050020715
sarimax,2021-04-01,2274.0,2058.1430800989724
sarimax,2021-05-01,7066.0,1685.28517066276
sarimax,2021-06-01,6990.0,1606.9914085573791
sarimax,2021-07-01,4859.0,1325.5745888030276
sarimax,2021-08-01,3382.0,1095.1311282047293
sarimax,2020-10-01,402.0,304.94008290438876
sarimax,2020-11-01,565.0,295.08212046096975
sarimax,2020-12-01,327.0,369.38317381588496
sarimax,2021-01-01,660.0,810.8271095788277
sarimax,2021-02-01,865.0,1842.8543269126408
sarimax,2021-03-01,1016.0,2397.5203953841783
sarimax,2021-04-01,2274.0,2038.4015127088162
sarimax,2021-05-01,7066.0,1668.4194031543966
sarimax,2021-06-01,6990.0,1591.7351933667119
sarimax,2021-07-01,4859.0,1311.249961636142
sarimax,2021-08-01,3382.0,1081.3370254746678
sarimax,2021-09-01,1496.0,596.2826868518946
sarimax,2020-11-01,565.0,352.07892441994625
sarimax,2020-12-01,327.0,403.81781985043887
sarimax,2021-01-01,660.0,832.5519410299163
sarimax,2021-02-01,865.0,1857.4116114605313
sarimax,2021-03-01,1016.0,2408.0566845831813
sarimax,2021-04-01,2274.0,2046.6722978266612
sarimax,2021-05-01,7066.0,1675.409932962726
sarimax,2021-06-01,6990.0,1598.0039913351727
sarimax,2021-07-01,4859.0,1317.1139774530016
sarimax,2021-08-01,3382.0,1086.973462660474
sarimax,2021-09-01,1496.0,601.7964980914091
sarimax,2021-10-01,1255.0,374.02508263615096
sarimax,2020-12-01,327.0,527.8560098563712
sarimax,2021-01-01,660.0,906.5315303515696
sarimax,2021-02-01,865.0,1903.2201537356016
sarimax,2021-03-01,1016.0,2437.952756488695
sarimax,2021-04-01,2274.0,2067.607566738562
sarimax,2021-05-01,7066.0,1691.3098093039662
sarimax,2021-06-01,6990.0,1611.0694394171983
sarimax,2021-07-01,4859.0,1328.578083064231
sarimax,2021-08-01,3382.0,1097.5344508087844
sarimax,2021-09-01,1496.0,611.8332530964112
sarimax,2021-10-01,1255.0,383.7796827611678
sarimax,2021-11-01,775.0,500.9917225194871
sarimax,2021-01-01,660.0,790.8734307586572
sarimax,2021-02-01,865.0,1835.5083474542855
sarimax,2021-03-01,1016.0,2397.3143106972902
sarimax,2021-04-01,2274.0,2042.2141014786234
sarimax,2021-05-01,7066.0,1674.484237447734
sarimax,2021-06-01,6990.0,1599.0666526920127
sarimax,2021-07-01,4859.0,1319.2990116571807
sarimax,2021-08-01,3382.0,1089.7911880980462
sarimax,2021-09-01,1496.0,604.9789804438853
sarimax,2021-10-01,1255.0,377.4058410669553
sarimax,2021-11-01,775.0,494.8857020878633
sarimax,2021-12-01,756.0,338.5876419000598
sarimax,2021-02-01,865.0,1760.2791278222005
sarimax,2021-03-01,1016.0,2353.572521735178
sarimax,2021-04-01,2274.0,2016.1974566786503
sarimax,2021-05-01,7066.0,1658.4093695925458
sarimax,2021-06-01,6990.0,1588.584367506356
sarimax,2021-07-01,4859.0,1311.9824692491804
sarimax,2021-08-01,3382.0,1084.261297315255
sarimax,2021-09-01,1496.0,600.5077566759783
sarimax,2021-10-01,1255.0,373.486464134898
sarimax,2021-11-01,775.0,491.27104423863125
sarimax,2021-12-01,756.0,335.1757806288432
sarimax,2022-01-01,874.0,725.5612767095422
sarimax,2021-03-01,1016.0,1835.9758850011096
sarimax,2021-04-01,2274.0,1711.1636579588135
sarimax,2021-05-01,7066.0,1472.3747910918605
sarimax,2021-06-01,6990.0,1469.4549345600078
sarimax,2021-07-01,4859.0,1230.8141406523189
sarimax,2021-08-01,3382.0,1024.5376537534687
sarimax,2021-09-01,1496.0,553.7785246719446
sarimax,2021-10-01,1255.0,333.299511053251
sarimax,2021-11-01,775.0,454.6624115930251
sarimax,2021-12-01,756.0,301.1276410031467
sarimax,2022-01-01,874.0,693.0124261313933
sarimax,2022-02-01,1246.0,1226.092505598762
sarimax,2021-04-01,2274.0,1236.1309248077137
sarimax,2021-05-01,7066.0,1191.8574276852023
sarimax,2021-06-01,6990.0,1298.6151031854326
sarimax,2021-07-01,4859.0,1121.8031792383117
sarimax,2021-08-01,3382.0,950.3851186151294
sarimax,2021-09-01,1496.0,499.24613083024605
sarimax,2021-10-01,1255.0,289.85829829850417
sarimax,2021-11-01,775.0,417.47864350245385
sarimax,2021-12-01,756.0,267.4517621436809
sarimax,2022-01-01,874.0,661.3122756900868
sarimax,2022-02-01,1246.0,1195.451082751124
sarimax,2022-03-01,2946.0,1376.4130609915173
sarimax,2021-05-01,7066.0,1794.079450060809
sarimax,2021-06-01,6990.0,1655.3891867984535
sarimax,2021-07-01,4859.0,1340.2760654621636
sarimax,2021-08-01,3382.0,1090.9337572008212
sarimax,2021-09-01,1496.0,595.8552479012333
sarimax,2021-10-01,1255.0,361.7409403747401
sarimax,2021-11-01,775.0,475.4339707994183
sarimax,2021-12-01,756.0,317.5390997086132
sarimax,2022-01-01,874.0,706.964415055274
sarimax,2022-02-01,1246.0,1238.5468416366016
sarimax,2022-03-01,2946.0,1418.0988167155217
sarimax,2022-04-01,6400.0,2197.9070459199
sarimax,2021-06-01,6990.0,4704.582963204466
sarimax,2021-07-01,4859.0,3133.656750162338
sarimax,2021-08-01,3382.0,2174.930401473656
sarimax,2021-09-01,1496.0,1277.8713185930364
sarimax,2021-10-01,1255.0,817.8329304241964
sarimax,2021-11-01,775.0,804.0748896393189
sarimax,2021-12-01,756.0,573.4115179282971
sarimax,2022-01-01,874.0,921.655583529022
sarimax,2022-02-01,1246.0,1427.8402096945592
sarimax,2022-03-01,2946.0,1594.178553633574
sarimax,2022-04-01,6400.0,2370.110304854044
sarimax,2022-05-01,11540.0,5778.396250816932
sarimax,2021-07-01,4859.0,4495.549936858068
sarimax,2021-08-01,3382.0,2996.093278500547
sarimax,2021-09-01,1496.0,1782.7440447214112
sarimax,2021-10-01,1255.0,1137.7048907286062
sarimax,2021-11-01,775.0,1015.8424792296648
sarimax,2021-12-01,756.0,722.1034697270726
sarimax,2022-01-01,874.0,1033.5418750338827
sarimax,2022-02-01,1246.0,1518.3940320139745
sarimax,2022-03-01,2946.0,1672.2224432609983
sarimax,2022-04-01,6400.0,2440.6382584524704
sarimax,2022-05-01,11540.0,5844.037355421995
sarimax,2022-06-01,7386.0,5779.407325121044
sarimax,2021-08-01,3382.0,3212.72952202166
sarimax,2021-09-01,1496.0,1913.3989767999783
sarimax,2021-10-01,1255.0,1217.918333427941
sarimax,2021-11-01,775.0,1066.5058327106879
sarimax,2021-12-01,756.0,755.5116398995256
sarimax,2022-01-01,874.0,1056.8558948420132
sarimax,2022-02-01,1246.0,1535.9229916659351
sarimax,2022-03-01,2946.0,1686.301832104945
sarimax,2022-04-01,6400.0,2452.498562271454
sarimax,2022-05-01,11540.0,5854.146646880365
sarimax,2022-06-01,7386.0,5788.832391675239
sarimax,2022-07-01,4095.0,4150.433371537327
sarimax,2021-09-01,1496.0,2013.2355775254057
sarimax,2021-10-01,1255.0,1277.4822897779823
sarimax,2021-11-01,775.0,1102.721333384883
sarimax,2021-12-01,756.0,778.2063103446458
sarimax,2022-01-01,874.0,1071.7148392988497
sarimax,2022-02-01,1246.0,1546.2764784625479
sarimax,2022-03-01,2946.0,1694.0245179134463
sarimax,2022-04-01,6400.0,2458.6360828958846
sarimax,2022-05-01,11540.0,5859.22934805442
sarimax,2022-06-01,7386.0,5793.404506055328
sarimax,2022-07-01,4095.0,4154.769603858943
sarimax,2022-08-01,2088.0,3007.146121620266
sarimax,2021-10-01,1255.0,974.2460716932901
sarimax,2021-11-01,775.0,922.8159357831428
sarimax,2021-12-01,756.0,669.2485580087213
sarimax,2022-01-01,874.0,1003.6264044199224
sarimax,2022-02-01,1246.0,1501.4211430172986
sarimax,2022-03-01,2946.0,1662.7274756191282
sarimax,2022-04-01,6400.0,2435.682507702876
sarimax,2022-05-01,11540.0,5842.279792293652
sarimax,2022-06-01,7386.0,5779.036915176072
sarimax,2022-07-01,4095.0,4141.363894553406
sarimax,2022-08-01,2088.0,2994.2452563909183
sarimax,2022-09-01,1469.0,1434.284955499426
sarimax,2021-11-01,775.0,1086.9517698636039
sarimax,2021-12-01,756.0,766.3685108914883
sarimax,2022-01-01,874.0,1062.2339468951866
sarimax,2022-02-01,1246.0,1537.9020805480334
sarimax,2022-03-01,2946.0,1686.489665050712
sarimax,2022-04-01,6400.0,2452.1259912829414
sarimax,2022-05-01,11540.0,5854.49592748979
sarimax,2022-06-01,7386.0,5788.8393613323615
sarimax,2022-07-01,4095.0,4149.788664579018
sarimax,2022-08-01,2088.0,3001.879204946045
sarimax,2022-09-01,1469.0,1441.4670809874867
sarimax,2022-10-01,1012.0,1215.2533128947111
sarimax,2021-12-01,756.0,584.0561633833456
sarimax,2022-01-01,874.0,954.4037748692431
sarimax,2022-02-01,1246.0,1472.9229944221966
sarimax,2022-03-01,2946.0,1646.0969168999713
sarimax,2022-04-01,6400.0,2425.7579581763275
sarimax,2022-05-01,11540.0,5835.95866077939
sarimax,2022-06-01,7386.0,5774.9666322886715
sarimax,2022-07-01,4095.0,4138.6953291857135
sarimax,2022-08-01,2088.0,2992.3921932341486
sarimax,2022-09-01,1469.0,1432.9308896716943
sarimax,2022-10-01,1012.0,1207.228102119449
sarimax,2022-11-01,803.0,901.2311791658717
sarimax,2022-01-01,874.0,1054.8573885357318
sarimax,2022-02-01,1246.0,1532.366413520532
sarimax,2022-03-01,2946.0,1681.9586045201365
sarimax,2022-04-01,6400.0,2447.9903641170786
sarimax,2022-05-01,11540.0,5850.17139818344
sarimax,2022-06-01,7386.0,5784.713207368538
sarimax,2022-07-01,4095.0,4145.9608850969325
sarimax,2022-08-01,2088.0,2998.24082099057
sarimax,2022-09-01,1469.0,1437.9893428507607
sarimax,2022-10-01,1012.0,1211.8028990452221
sarimax,2022-11-01,803.0,905.556783867205
sarimax,2022-12-01,458.0,827.0515454293483
sarimax,2022-02-01,1246.0,1426.6963041188137
sarimax,2022-03-01,2946.0,1619.4848531183177
sarimax,2022-04-01,6400.0,2410.3673110374393
sarimax,2022-05-01,11540.0,5826.914186400455
sarimax,2022-06-01,7386.0,5769.638885535928
sarimax,2022-07-01,4095.0,4135.545453527011
sarimax,2022-08-01,2088.0,2990.4972633459142
sarimax,2022-09-01,1469.0,1431.7688638963957
sarimax,2022-10-01,1012.0,1206.4716683812874
sarimax,2022-11-01,803.0,900.7223925285809
sarimax,2022-12-01,458.0,822.5159007737909
sarimax,2023-01-01,1240.0,998.7794377899837
sarimax,2022-03-01,2946.0,1513.8312534578965
sarimax,2022-04-01,6400.0,2348.1579093960713
sarimax,2022-05-01,11540.0,5790.438608659962
sarimax,2022-06-01,7386.0,5747.3692595455
sarimax,2022-07-01,4095.0,4121.089838252126
sarimax,2022-08-01,2088.0,2980.4961692241236
sarimax,2022-09-01,1469.0,1424.229183568933
sarimax,2022-10-01,1012.0,1200.4675563624526
sarimax,2022-11-01,803.0,895.483110396538
sarimax,2022-12-01,458.0,817.828668224009
sarimax,2023-01-01,1240.0,994.3438915260502
sarimax,2023-02-01,1881.0,1321.3573093251016
sarimax,2022-04-01,6400.0,3183.228028427808
sarimax,2022-05-01,11540.0,6279.007772052203
sarimax,2022-06-01,7386.0,6039.626602555262
sarimax,2022-07-01,4095.0,4302.2179541738515
sarimax,2022-08-01,2088.0,3097.9649821510866
sarimax,2022-09-01,1469.0,1505.5924728645227
sarimax,2022-10-01,1012.0,1260.5328179217931
sarimax,2022-11-01,803.0,943.8612965373211
sarimax,2022-12-01,458.0,858.9728938885019
sarimax,2023-01-01,1240.0,1031.637236006141
sarimax,2023-02-01,1881.0,1356.1811420303054
sarimax,2023-03-01,2856.0,2634.4812370218015
sarimax,2022-05-01,11540.0,8181.165753666696
sarimax,2022-06-01,7386.0,7174.33972002592
sarimax,2022-07-01,4095.0,4988.796271969816
sarimax,2022-08-01,2088.0,3525.3248392104633
sarimax,2022-09-01,1469.0,1781.8828170125264
sarimax,2022-10-01,1012.0,1451.3807680316481
sarimax,2022-11-01,803.0,1083.6739192969283
sarimax,2022-12-01,458.0,970.9643813561755
sarimax,2023-01-01,1240.0,1126.6129142055127
sarimax,2023-02-01,1881.0,1442.1441124112746
sarimax,2023-03-01,2856.0,2719.2914845965865
sarimax,2023-04-01,2177.0,5579.44524649664
sarimax,2022-06-01,7386.0,9213.22420357355
sarimax,2022-07-01,4095.0,6225.047259615561
sarimax,2022-08-01,2088.0,4286.667039388967
sarimax,2022-09-01,1469.0,2256.7440186476633
sarimax,2022-10-01,1012.0,1766.5357576204271
sarimax,2022-11-01,803.0,1296.3671832083176
sarimax,2022-12-01,458.0,1131.579280141316
sarimax,2023-01-01,1240.0,1251.8219477197479
sarimax,2023-02-01,1881.0,1550.565763231775
sarimax,2023-03-01,2856.0,2837.8607173036567
sarimax,2023-04-01,2177.0,5721.718474578931
sarimax,2023-05-01,1521.0,10766.911244515255
sarimax,2022-07-01,4095.0,5130.646394246647
sarimax,2022-08-01,2088.0,3624.385733732289
sarimax,2022-09-01,1469.0,1850.1623977634315
sarimax,2022-10-01,1012.0,1509.0355882597528
sarimax,2022-11-01,803.0,1128.0867239254774
sarimax,2022-12-01,458.0,1014.4374216608173
sarimax,2023-01-01,1240.0,1165.5905283217476
sarimax,2023-02-01,1881.0,1481.843967256213
sarimax,2023-03-01,2856.0,2776.0556826887423
sarimax,2023-04-01,2177.0,5660.983453272753
sarimax,2023-05-01,1521.0,10709.011251514075
sarimax,2023-06-01,1221.0,7602.426585557271
sarimax,2022-08-01,2088.0,3016.2611679901725
sarimax,2022-09-01,1469.0,1489.0604978955862
sarimax,2022-10-01,1012.0,1290.5281019374218
sarimax,2022-11-01,803.0,992.0352204342305
sarimax,2022-12-01,458.0,925.9288798831737
sarimax,2023-01-01,1240.0,1104.5941374765853
sarimax,2023-02-01,1881.0,1436.6969605511706
sarimax,2023-03-01,2856.0,2739.851768917469
sarimax,2023-04-01,2177.0,5629.755423336807
sarimax,2023-05-01,1521.0,10680.791808175158
sarimax,2023-06-01,1221.0,7576.569574868875
sarimax,2023-07-01,1292.0,4584.281892717418
sarimax,2022-09-01,1469.0,944.786137513847
sarimax,2022-10-01,1012.0,967.7408085604293
sarimax,2022-11-01,803.0,797.1382305414442
sarimax,2022-12-01,458.0,804.7483483687174
sarimax,2023-01-01,1240.0,1025.9977210459201
sarimax,2023-02-01,1881.0,1382.6331876498343
sarimax,2023-03-01,2856.0,2699.744597778825
sarimax,2023-04-01,2177.0,5597.522758149288
sarimax,2023-05-01,1521.0,10653.22937195934
sarimax,2023-06-01,1221.0,7552.290158993428
sarimax,2023-07-01,1292.0,4561.732904469041
sarimax,2023-08-01,788.0,2692.2165007041863
sarimax,2022-10-01,1012.0,1274.8314622448765
sarimax,2022-11-01,803.0,979.0170641874374
sarimax,2022-12-01,458.0,914.2905371347499
sarimax,2023-01-01,1240.0,1093.8433023610007
sarimax,2023-02-01,1881.0,1426.3771171064498
sarimax,2023-03-01,2856.0,2729.3815542072207
sarimax,2023-04-01,2177.0,5618.840949735054
sarimax,2023-05-01,1521.0,10669.872759657164
sarimax,2023-06-01,1221.0,7566.8209687436465
sarimax,2023-07-01,1292.0,4574.881432883591
sarimax,2023-08-01,788.0,2704.548294289187
sarimax,2023-09-01,691.0,1759.2252033826198
sarimax,2022-11-01,803.0,824.9667931318347
sarimax,2022-12-01,458.0,822.9276034928807
sarimax,2023-01-01,1240.0,1038.66033584278
sarimax,2023-02-01,1881.0,1392.0359057319681
sarimax,2023-03-01,2856.0,2706.942389325348
sarimax,2023-04-01,2177.0,5603.160363859993
sarimax,2023-05-01,1521.0,10658.164244253334
sarimax,2023-06-01,1221.0,7557.749492226293
sarimax,2023-07-01,1292.0,4567.23429616726
sarimax,2023-08-01,788.0,2697.7113379534026
sarimax,2023-09-01,691.0,1752.7281970316285
sarimax,2023-10-01,686.0,1351.6892594096034
sarimax,2022-12-01,458.0,809.9443513144347
sarimax,2023-01-01,1240.0,1030.860476703862
sarimax,2023-02-01,1881.0,1387.2228057795173
sarimax,2023-03-01,2856.0,2703.8397887767755
sarimax,2023-04-01,2177.0,5601.033501433616
sarimax,2023-05-01,1521.0,10656.607587109567
sarimax,2023-06-01,1221.0,7556.5566937941185
sarimax,2023-07-01,1292.0,4566.241568810638
sarimax,2023-08-01,788.0,2696.832849210354
sarimax,2023-09-01,691.0,1751.902709981864
sarimax,2023-10-01,686.0,1350.9020885345847
sarimax,2023-11-01,414.0,1072.2575354326734
sarimax,2023-01-01,1240.0,824.654638472771
sarimax,2023-02-01,1881.0,1265.04529078712
sarimax,2023-03-01,2856.0,2629.978609764784
sarimax,2023-04-01,2177.0,5554.906312258005
sarimax,2023-05-01,1521.0,10626.570865086118
sarimax,2023-06-01,1221.0,7536.239424675279
sarimax,2023-07-01,1292.0,4551.40794800668
sarimax,2023-08-01,788.0,2685.1477897583372
sarimax,2023-09-01,691.0,1741.872339190397
sarimax,2023-10-01,686.0,1341.923214572552
sarimax,2023-11-01,414.0,1063.8445602864263
sarimax,2023-12-01,374.0,803.3435472733299
sarimax,2023-02-01,1881.0,1508.1108318665981
sarimax,2023-03-01,2856.0,2773.651667614655
sarimax,2023-04-01,2177.0,5641.225666678162
sarimax,2023-05-01,1521.0,10679.836834627975
sarimax,2023-06-01,1221.0,7570.551093744564
sarimax,2023-07-01,1292.0,4574.7583680530915
sarimax,2023-08-01,788.0,2702.173219190474
sarimax,2023-09-01,691.0,1755.2103822636266
sarimax,2023-10-01,686.0,1353.1585893976194
sarimax,2023-11-01,414.0,1073.8573183097135
sarimax,2023-12-01,374.0,812.6633789856704
sarimax,2024-01-01,807.0,1423.3202503167372
sarimax,2023-03-01,2856.0,2984.638295942281
sarimax,2023-04-01,2177.0,5758.225498981329
sarimax,2023-05-01,1521.0,10743.027892853079
sarimax,2023-06-01,1221.0,7604.620584570868
sarimax,2023-07-01,1292.0,4591.4921258788345
sarimax,2023-08-01,788.0,2708.843441381488
sarimax,2023-09-01,691.0,1755.368850558802
sarimax,2023-10-01,686.0,1349.9855199598876
sarimax,2023-11-01,414.0,1068.584670191686
sarimax,2023-12-01,374.0,806.3960174666092
sarimax,2024-01-01,807.0,1416.0965104766847
sarimax,2024-02-01,1609.0,1987.1569187430475
sarimax,2023-04-01,2177.0,5690.1214735444455
sarimax,2023-05-01,1521.0,10709.584323144405
sarimax,2023-06-01,1221.0,7589.916474492429
sarimax,2023-07-01,1292.0,4587.953432855453
sarimax,2023-08-01,788.0,2711.7888649860397
sarimax,2023-09-01,691.0,1762.5196329182882
sarimax,2023-10-01,686.0,1359.283790445308
sarimax,2023-11-01,414.0,1079.2387913614782
sarimax,2023-12-01,374.0,817.6903237191805
sarimax,2024-01-01,807.0,1428.0114489924158
sarimax,2024-02-01,1609.0,1999.3963377805499
sarimax,2024-03-01,3197.0,3161.3113999690627
sarimax,2023-05-01,1521.0,8634.242052871099
sarimax,2023-06-01,1221.0,6382.177433886369
sarimax,2023-07-01,1292.0,3870.4607483011514
sarimax,2023-08-01,788.0,2276.0315688109595
sarimax,2023-09-01,691.0,1475.5079693920618
sarimax,2023-10-01,686.0,1166.4798433222145
sarimax,2023-11-01,414.0,937.3217570904341
sarimax,2023-12-01,374.0,709.39860991865
sarimax,2024-01-01,807.0,1331.6138065211485
sarimax,2024-02-01,1609.0,1910.8713188766853
sarimax,2024-03-01,3197.0,3085.0923356738112
sarimax,2024-04-01,2098.0,3512.1343761387693
sarimax,2023-06-01,1221.0,2100.7304694183313
sarimax,2023-07-01,1292.0,1265.8812484840073
sarimax,2023-08-01,788.0,672.2217222778304
sarimax,2023-09-01,691.0,448.5819379252347
sarimax,2023-10-01,686.0,497.67401608941566
sarimax,2023-11-01,414.0,477.11070360887356
sarimax,2023-12-01,374.0,380.4691476491996
sarimax,2024-01-01,807.0,1069.4258318441362
sarimax,2024-02-01,1609.0,1690.2817775469036
sarimax,2024-03-01,3197.0,2901.394140373032
sarimax,2024-04-01,2098.0,3400.8113062225716
sarimax,2024-05-01,1101.0,4381.636576547216
sarimax,2023-07-01,1292.0,705.1828521852481
sarimax,2023-08-01,788.0,312.6200620011052
sarimax,2023-09-01,691.0,217.1005382066071
sarimax,2023-10-01,686.0,345.23930431111467
sarimax,2023-11-01,414.0,374.5336787732258
sarimax,2023-12-01,374.0,308.3947952325608
sarimax,2024-01-01,807.0,1017.3442123997155
sarimax,2024-02-01,1609.0,1650.4498147414745
sarimax,2024-03-01,3197.0,2868.1147958722245
sarimax,2024-04-01,2098.0,3367.279580254887
sarimax,2024-05-01,1101.0,4344.158142297463
sarimax,2024-06-01,962.0,2976.5698228441784
sarimax,2023-08-01,788.0,675.7365369288311
sarimax,2023-09-01,691.0,443.26975107803634
sarimax,2023-10-01,686.0,488.10174023382814
sarimax,2023-11-01,414.0,466.4907509182187
sarimax,2023-12-01,374.0,369.443769200466
sarimax,2024-01-01,807.0,1059.3437385887723
sarimax,2024-02-01,1609.0,1680.8804194466586
sarimax,2024-03-01,3197.0,2891.7242268311807
sarimax,2024-04-01,2098.0,3387.662292860696
sarimax,2024-05-01,1101.0,4363.399740720238
sarimax,2024-06-01,962.0,2993.2686736513147
sarimax,2024-07-01,557.0,2128.8069453246594
sarimax,2023-09-01,691.0,511.48054163050404
sarimax,2023-10-01,686.0,529.9833280822816
sarimax,2023-11-01,414.0,492.56705100151805
sarimax,2023-12-01,374.0,386.083985229255
sarimax,2024-01-01,807.0,1070.2693024395062
sarimax,2024-02-01,1609.0,1688.3910474894667
sarimax,2024-03-01,3197.0,2897.2513792336363
sarimax,2024-04-01,2098.0,3392.262289913343
sarimax,2024-05-01,1101.0,4367.678724229241
sarimax,2024-06-01,962.0,2996.8379214526562
sarimax,2024-07-01,557.0,2131.8766262196345
sarimax,2024-08-01,513.0,1210.0348543493285
sarimax,2023-10-01,686.0,638.7056028575728
sarimax,2023-11-01,414.0,559.0807216287062
sarimax,2023-12-01,374.0,427.35098432490116
sarimax,2024-01-01,807.0,1096.5658058760284
sarimax,2024-02-01,1609.0,1705.7383360311655
sarimax,2024-03-01,3197.0,2909.1570952380134
sarimax,2024-04-01,2098.0,3400.500535126045
sarimax,2024-05-01,1101.0,4373.350415665103
sarimax,2024-06-01,962.0,3001.8075719089798
sarimax,2024-07-01,557.0,2136.5477636231694
sarimax,2024-08-01,513.0,1214.4707110876882
sarimax,2024-09-01,444.0,972.7510098386404
sarimax,2023-11-01,414.0,587.7476301124057
sarimax,2023-12-01,374.0,444.92700520010607
sarimax,2024-01-01,807.0,1107.5153069381722
sarimax,2024-02-01,1609.0,1712.7414463902974
sarimax,2024-03-01,3197.0,2913.8261417137164
sarimax,2024-04-01,2098.0,3403.852631410532
sarimax,2024-05-01,1101.0,4375.984332749187
sarimax,2024-06-01,962.0,3003.8674217930084
sarimax,2024-07-01,557.0,2138.244216582995
sarimax,2024-08-01,513.0,1215.9606112354752
sarimax,2024-09-01,444.0,974.1252894872307
sarimax,2024-10-01,317.0,843.4291177791947
sarimax,2023-12-01,374.0,340.0069260450745
sarimax,2024-01-01,807.0,1043.573983022043
sarimax,2024-02-01,1609.0,1673.2156606077356
sarimax,2024-03-01,3197.0,2888.869578351808
sarimax,2024-04-01,2098.0,3387.676816823702
sarimax,2024-05-01,1101.0,4365.130857741724
sarimax,2024-06-01,962.0,2995.9842132424646
sarimax,2024-07-01,557.0,2132.1012334068123
sarimax,2024-08-01,513.0,1210.8680309754889
sarimax,2024-09-01,444.0,969.6686998659625
sarimax,2024-10-01,317.0,839.3475359087814
sarimax,2024-11-01,421.0,585.5583531489232
sarimax,2024-01-01,807.0,1064.2674483532319
sarimax,2024-02-01,1609.0,1685.9891149882387
sarimax,2024-03-01,3197.0,2896.9451752883756
sarimax,2024-04-01,2098.0,3393.038622359504
sarimax,2024-05-01,1101.0,4368.952411946325
sarimax,2024-06-01,962.0,2998.720706010062
sarimax,2024-07-01,557.0,2134.1668900366794
sarimax,2024-08-01,513.0,1212.5455112440397
sarimax,2024-09-01,444.0,971.1234926207396
sarimax,2024-10-01,317.0,840.6664352371669
sarimax,2024-11-01,421.0,586.8039139515754
sarimax,2024-12-01,274.0,461.86466148644746
lgbm,2014-01-01,514.0,2627.5833333333335
lgbm,2014-02-01,568.0,2627.5833333333335
lgbm,2014-03-01,824.0,2627.5833333333335
lgbm,2014-04-01,888.0,2627.5833333333335
lgbm,2014-05-01,1863.0,2627.5833333333335
lgbm,2014-06-01,2193.0,2627.5833333333335
lgbm,2014-07-01,1379.0,2627.5833333333335
lgbm,2014-08-01,1056.0,2627.5833333333335
lgbm,2014-09-01,650.0,2627.5833333333335
lgbm,2014-10-01,538.0,2627.5833333333335
lgbm,2014-11-01,484.0,2627.5833333333335
lgbm,2014-12-01,293.0,2627.5833333333335
lgbm,2014-02-01,568.0,2543.04
lgbm,2014-03-01,824.0,2543.04
lgbm,2014-04-01,888.0,2543.04
lgbm,2014-05-01,1863.0,2543.04
lgbm,2014-06-01,2193.0,2543.04
lgbm,2014-07-01,1379.0,2543.04
lgbm,2014-08-01,1056.0,2543.04
lgbm,2014-09-01,650.0,2543.04
lgbm,2014-10-01,538.0,2543.04
lgbm,2014-11-01,484.0,2543.04
lgbm,2014-12-01,293.0,2543.04
lgbm,2015-01-01,769.0,2543.04
lgbm,2014-03-01,824.0,2467.076923076923
lgbm,2014-04-01,888.0,2467.076923076923
lgbm,2014-05-01,1863.0,2467.076923076923
lgbm,2014-06-01,2193.0,2467.076923076923
lgbm,2014-07-01,1379.0,2467.076923076923
lgbm,2014-08-01,1056.0,2467.076923076923
lgbm,2014-09-01,650.0,2467.076923076923
lgbm,2014-10-01,538.0,2467.076923076923
lgbm,2014-11-01,484.0,2467.076923076923
lgbm,2014-12-01,293.0,2467.076923076923
lgbm,2015-01-01,769.0,2467.076923076923
lgbm,2015-02-01,1275.0,2467.076923076923
lgbm,2014-04-01,888.0,2406.222222222222
lgbm,2014-05-01,1863.0,2406.222222222222
lgbm,2014-06-01,2193.0,2406.222222222222
lgbm,2014-07-01,1379.0,2406.222222222222
lgbm,2014-08-01,1056.0,2406.222222222222
lgbm,2014-09-01,650.0,2406.222222222222
lgbm,2014-10-01,538.0,2406.222222222222
lgbm,2014-11-01,484.0,2406.222222222222
lgbm,2014-12-01,293.0,2406.222222222222
lgbm,2015-01-01,769.0,2406.222222222222
lgbm,2015-02-01,1275.0,2406.222222222222
lgbm,2015-03-01,3522.0,2406.222222222222
lgbm,2014-05-01,1863.0,2352.0
lgbm,2014-06-01,2193.0,2352.0
lgbm,2014-07-01,1379.0,2352.0
lgbm,2014-08-01,1056.0,2352.0
lgbm,2014-09-01,650.0,2352.0
lgbm,2014-10-01,538.0,2352.0
lgbm,2014-11-01,484.0,2352.0
lgbm,2014-12-01,293.0,2352.0
lgbm,2015-01-01,769.0,2352.0
lgbm,2015-02-01,1275.0,2352.0
lgbm,2015-03-01,3522.0,2352.0
lgbm,2015-04-01,7214.0,2352.0
lgbm,2014-06-01,2193.0,2335.137931034483
lgbm,2014-07-01,1379.0,2335.137931034483
lgbm,2014-08-01,1056.0,2335.137931034483
lgbm,2014-09-01,650.0,2335.137931034483
lgbm,2014-10-01,538.0,2335.137931034483
lgbm,2014-11-01,484.0,2335.137931034483
lgbm,2014-12-01,293.0,2335.137931034483
lgbm,2015-01-01,769.0,2335.137931034483
lgbm,2015-02-01,1275.0,2335.137931034483
lgbm,2015-03-01,3522.0,2335.137931034483
lgbm,2015-04-01,7214.0,2335.137931034483
lgbm,2015-05-01,17109.0,2335.137931034483
lgbm,2014-07-01,1379.0,2330.4
lgbm,2014-08-01,1056.0,2330.4
lgbm,2014-09-01,650.0,2330.4
lgbm,2014-10-01,538.0,2330.4
lgbm,2014-11-01,484.0,2330.4
lgbm,2014-12-01,293.0,2330.4
lgbm,2015-01-01,769.0,2330.4
lgbm,2015-02-01,1275.0,2330.4
lgbm,2015-03-01,3522.0,2330.4
lgbm,2015-04-01,7214.0,2330.4
lgbm,2015-05-01,17109.0,2330.4
lgbm,2015-06-01,6980.0,2330.4
lgbm,2014-08-01,1056.0,2299.7096774193546
lgbm,2014-09-01,650.0,2299.7096774193546
lgbm,2014-10-01,538.0,2299.7096774193546
lgbm,2014-11-01,484.0,2299.7096774193546
lgbm,2014-12-01,293.0,2299.7096774193546
lgbm,2015-01-01,769.0,2299.7096774193546
lgbm,2015-02-01,1275.0,2299.7096774193546
lgbm,2015-03-01,3522.0,2299.7096774193546
lgbm,2015-04-01,7214.0,2299.7096774193546
lgbm,2015-05-01,17109.0,2299.7096774193546
lgbm,2015-06-01,6980.0,2299.7096774193546
lgbm,2015-07-01,3234.0,2299.7096774193546
lgbm,2014-09-01,650.0,2260.84375
lgbm,2014-10-01,538.0,2260.84375
lgbm,2014-11-01,484.0,2260.84375
lgbm,2014-12-01,293.0,2260.84375
lgbm,2015-01-01,769.0,2260.84375
lgbm,2015-02-01,1275.0,2260.84375
lgbm,2015-03-01,3522.0,2260.84375
lgbm,2015-04-01,7214.0,2260.84375
lgbm,2015-05-01,17109.0,2260.84375
lgbm,2015-06-01,6980.0,2260.84375
lgbm,2015-07-01,3234.0,2260.84375
lgbm,2015-08-01,1636.0,2260.84375
lgbm,2014-10-01,538.0,2212.030303030303
lgbm,2014-11-01,484.0,2212.030303030303
lgbm,2014-12-01,293.0,2212.030303030303
lgbm,2015-01-01,769.0,2212.030303030303
lgbm,2015-02-01,1275.0,2212.030303030303
lgbm,2015-03-01,3522.0,2212.030303030303
lgbm,2015-04-01,7214.0,2212.030303030303
lgbm,2015-05-01,17109.0,2212.030303030303
lgbm,2015-06-01,6980.0,2212.030303030303
lgbm,2015-07-01,3234.0,2212.030303030303
lgbm,2015-08-01,1636.0,2212.030303030303
lgbm,2015-09-01,561.0,2212.030303030303
lgbm,2014-11-01,484.0,2162.794117647059
lgbm,2014-12-01,293.0,2162.794117647059
lgbm,2015-01-01,769.0,2162.794117647059
lgbm,2015-02-01,1275.0,2162.794117647059
lgbm,2015-03-01,3522.0,2162.794117647059
lgbm,2015-04-01,7214.0,2162.794117647059
lgbm,2015-05-01,17109.0,2162.794117647059
lgbm,2015-06-01,6980.0,2162.794117647059
lgbm,2015-07-01,3234.0,2162.794117647059
lgbm,2015-08-01,1636.0,2162.794117647059
lgbm,2015-09-01,561.0,2162.794117647059
lgbm,2015-10-01,357.0,2162.794117647059
lgbm,2014-12-01,293.0,2114.8285714285716
lgbm,2015-01-01,769.0,2114.8285714285716
lgbm,2015-02-01,1275.0,2114.8285714285716
lgbm,2015-03-01,3522.0,2114.8285714285716
lgbm,2015-04-01,7214.0,2114.8285714285716
lgbm,2015-05-01,17109.0,2114.8285714285716
lgbm,2015-06-01,6980.0,2114.8285714285716
lgbm,2015-07-01,3234.0,2114.8285714285716
lgbm,2015-08-01,1636.0,2114.8285714285716
lgbm,2015-09-01,561.0,2114.8285714285716
lgbm,2015-10-01,357.0,2114.8285714285716
lgbm,2015-11-01,450.0,2114.8285714285716
lgbm,2015-01-01,769.0,2064.222222222222
lgbm,2015-02-01,1275.0,2064.222222222222
lgbm,2015-03-01,3522.0,2064.222222222222
lgbm,2015-04-01,7214.0,2064.222222222222
lgbm,2015-05-01,17109.0,2064.222222222222
lgbm,2015-06-01,6980.0,2064.222222222222
lgbm,2015-07-01,3234.0,2064.222222222222
lgbm,2015-08-01,1636.0,2064.222222222222
lgbm,2015-09-01,561.0,2064.222222222222
lgbm,2015-10-01,357.0,2064.222222222222
lgbm,2015-11-01,450.0,2064.222222222222
lgbm,2015-12-01,397.0,2064.222222222222
lgbm,2015-02-01,1275.0,2029.2162162162163
lgbm,2015-03-01,3522.0,2029.2162162162163
lgbm,2015-04-01,7214.0,2029.2162162162163
lgbm,2015-05-01,17109.0,2029.2162162162163
lgbm,2015-06-01,6980.0,2029.2162162162163
lgbm,2015-07-01,3234.0,2029.2162162162163
lgbm,2015-08-01,1636.0,2029.2162162162163
lgbm,2015-09-01,561.0,2029.2162162162163
lgbm,2015-10-01,357.0,2029.2162162162163
lgbm,2015-11-01,450.0,2029.2162162162163
lgbm,2015-12-01,397.0,2029.2162162162163
lgbm,2016-01-01,1465.0,2029.2162162162163
lgbm,2015-03-01,3522.0,2009.3684210526317
lgbm,2015-04-01,7214.0,2009.3684210526317
lgbm,2015-05-01,17109.0,2009.3684210526317
lgbm,2015-06-01,6980.0,2009.3684210526317
lgbm,2015-07-01,3234.0,2009.3684210526317
lgbm,2015-08-01,1636.0,2009.3684210526317
lgbm,2015-09-01,561.0,2009.3684210526317
lgbm,2015-10-01,357.0,2009.3684210526317
lgbm,2015-11-01,450.0,2009.3684210526317
lgbm,2015-12-01,397.0,2009.3684210526317
lgbm,2016-01-01,1465.0,2009.3684210526317
lgbm,2016-02-01,1995.0,2009.3684210526317
lgbm,2015-04-01,7214.0,2048.153846153846
lgbm,2015-05-01,17109.0,2048.153846153846
lgbm,2015-06-01,6980.0,2048.153846153846
lgbm,2015-07-01,3234.0,2048.153846153846
lgbm,2015-08-01,1636.0,2048.153846153846
lgbm,2015-09-01,561.0,2048.153846153846
lgbm,2015-10-01,357.0,2048.153846153846
lgbm,2015-11-01,450.0,2048.153846153846
lgbm,2015-12-01,397.0,2048.153846153846
lgbm,2016-01-01,1465.0,2048.153846153846
lgbm,2016-02-01,1995.0,2048.153846153846
lgbm,2016-03-01,2498.0,2048.153846153846
lgbm,2015-05-01,17109.0,2177.3
lgbm,2015-06-01,6980.0,2177.3
lgbm,2015-07-01,3234.0,2177.3
lgbm,2015-08-01,1636.0,2177.3
lgbm,2015-09-01,561.0,2177.3
lgbm,2015-10-01,357.0,2177.3
lgbm,2015-11-01,450.0,2177.3
lgbm,2015-12-01,397.0,2177.3
lgbm,2016-01-01,1465.0,2177.3
lgbm,2016-02-01,1995.0,2177.3
lgbm,2016-03-01,2498.0,2177.3
lgbm,2016-04-01,6332.0,2177.3
lgbm,2015-06-01,6980.0,4229.394501239408
lgbm,2015-07-01,3234.0,2427.9464262252277
lgbm,2015-08-01,1636.0,1793.7376578129551
lgbm,2015-09-01,561.0,1438.01749897214
lgbm,2015-10-01,357.0,2245.3254999492947
lgbm,2015-11-01,450.0,2245.3254999492947
lgbm,2015-12-01,397.0,5264.435805478387
lgbm,2016-01-01,1465.0,6048.509841716806
lgbm,2016-02-01,1995.0,6712.832991508704
lgbm,2016-03-01,2498.0,6563.449735102375
lgbm,2016-04-01,6332.0,6290.252209571151
lgbm,2016-05-01,13527.0,5027.449394361128
lgbm,2015-07-01,3234.0,2458.180757179573
lgbm,2015-08-01,1636.0,1718.6083144799593
lgbm,2015-09-01,561.0,845.9056132928259
lgbm,2015-10-01,357.0,0.0
lgbm,2015-11-01,450.0,0.0
lgbm,2015-12-01,397.0,0.0
lgbm,2016-01-01,1465.0,0.0
lgbm,2016-02-01,1995.0,1413.4126694145652
lgbm,2016-03-01,2498.0,4599.413092404319
lgbm,2016-04-01,6332.0,6686.998016498208
lgbm,2016-05-01,13527.0,8889.357886659533
lgbm,2016-06-01,6442.0,6487.126164856834
lgbm,2015-08-01,1636.0,1429.281135449179
lgbm,2015-09-01,561.0,628.1338994595044
lgbm,2015-10-01,357.0,0.0
lgbm,2015-11-01,450.0,0.0
lgbm,2015-12-01,397.0,0.0
lgbm,2016-01-01,1465.0,0.0
lgbm,2016-02-01,1995.0,2721.0244590563466
lgbm,2016-03-01,2498.0,4888.411179339684
lgbm,2016-04-01,6332.0,6447.323479508582
lgbm,2016-05-01,13527.0,8055.0606209940215
lgbm,2016-06-01,6442.0,6056.930238014872
lgbm,2016-07-01,5218.0,2916.6477619920615
lgbm,2015-09-01,561.0,1200.9731784304204
lgbm,2015-10-01,357.0,178.24520676034402
lgbm,2015-11-01,450.0,178.24520676034402
lgbm,2015-12-01,397.0,1467.3692268813738
lgbm,2016-01-01,1465.0,780.1953704870131
lgbm,2016-02-01,1995.0,2805.0473025883007
lgbm,2016-03-01,2498.0,5987.510369866334
lgbm,2016-04-01,6332.0,6303.814229777121
lgbm,2016-05-01,13527.0,6940.984785759194
lgbm,2016-06-01,6442.0,5494.295174027055
lgbm,2016-07-01,5218.0,4510.721333292959
lgbm,2016-08-01,2524.0,1576.8088276138797
lgbm,2015-10-01,357.0,458.08615654524715
lgbm,2015-11-01,450.0,0.0
lgbm,2015-12-01,397.0,0.0
lgbm,2016-01-01,1465.0,0.0
lgbm,2016-02-01,1995.0,2856.500243777698
lgbm,2016-03-01,2498.0,4805.533627185743
lgbm,2016-04-01,6332.0,7366.748892093085
lgbm,2016-05-01,13527.0,8603.684308384658
lgbm,2016-06-01,6442.0,6489.795383781999
lgbm,2016-07-01,5218.0,2824.1000479315258
lgbm,2016-08-01,2524.0,1779.0192670575464
lgbm,2016-09-01,1700.0,1803.429270760384
lgbm,2015-11-01,450.0,0.0
lgbm,2015-12-01,397.0,0.0
lgbm,2016-01-01,1465.0,0.0
lgbm,2016-02-01,1995.0,2586.035047932125
lgbm,2016-03-01,2498.0,4641.658551994503
lgbm,2016-04-01,6332.0,6832.869768049617
lgbm,2016-05-01,13527.0,8292.363119722157
lgbm,2016-06-01,6442.0,6389.619467825883
lgbm,2016-07-01,5218.0,3080.052442033599
lgbm,2016-08-01,2524.0,1763.7756562424304
lgbm,2016-09-01,1700.0,1745.372652496583
lgbm,2016-10-01,1643.0,1569.4641016500063
lgbm,2015-12-01,397.0,0.0
lgbm,2016-01-01,1465.0,0.0
lgbm,2016-02-01,1995.0,2510.988815182837
lgbm,2016-03-01,2498.0,4603.685209173141
lgbm,2016-04-01,6332.0,6796.79303368371
lgbm,2016-05-01,13527.0,7610.524177333905
lgbm,2016-06-01,6442.0,6060.913991462738
lgbm,2016-07-01,5218.0,2945.4829554665084
lgbm,2016-08-01,2524.0,1894.8004497562001
lgbm,2016-09-01,1700.0,1914.7177875865193
lgbm,2016-10-01,1643.0,1914.7177875865193
lgbm,2016-11-01,1385.0,3464.327973457689
lgbm,2016-01-01,1465.0,523.0405755873294
lgbm,2016-02-01,1995.0,2652.0882956469063
lgbm,2016-03-01,2498.0,4891.839104955157
lgbm,2016-04-01,6332.0,7178.7658668654285
lgbm,2016-05-01,13527.0,8219.349494258093
lgbm,2016-06-01,6442.0,6577.9916880219325
lgbm,2016-07-01,5218.0,2824.0228389648173
lgbm,2016-08-01,2524.0,1772.90765982623
lgbm,2016-09-01,1700.0,1792.3071797855937
lgbm,2016-10-01,1643.0,1716.390431691035
lgbm,2016-11-01,1385.0,3357.7482379271974
lgbm,2016-12-01,1208.0,6184.2740441878095
lgbm,2016-02-01,1995.0,3252.153486039525
lgbm,2016-03-01,2498.0,4891.314750069094
lgbm,2016-04-01,6332.0,8772.430894948022
lgbm,2016-05-01,13527.0,8941.179813835002
lgbm,2016-06-01,6442.0,6875.971298149421
lgbm,2016-07-01,5218.0,2271.9169522442517
lgbm,2016-08-01,2524.0,1359.000961796593
lgbm,2016-09-01,1700.0,1190.2520429096135
lgbm,2016-10-01,1643.0,1745.1644617345091
lgbm,2016-11-01,1385.0,6564.861822650325
lgbm,2016-12-01,1208.0,6762.306059446799
lgbm,2017-01-01,3328.0,6207.393640621905
lgbm,2016-03-01,2498.0,5616.08490029845
lgbm,2016-04-01,6332.0,7829.766077171474
lgbm,2016-05-01,13527.0,7576.699059948165
lgbm,2016-06-01,6442.0,6236.453409296841
lgbm,2016-07-01,5218.0,2530.977902764255
lgbm,2016-08-01,2524.0,1206.0447928399194
lgbm,2016-09-01,1700.0,406.4056262673006
lgbm,2016-10-01,1643.0,348.40379820871203
lgbm,2016-11-01,1385.0,3499.802963272802
lgbm,2016-12-01,1208.0,3226.082597449688
lgbm,2017-01-01,3328.0,4166.6905254208905
lgbm,2017-02-01,5050.0,5628.39683879879
lgbm,2016-04-01,6332.0,7454.224925598311
lgbm,2016-05-01,13527.0,7454.224925598311
lgbm,2016-06-01,6442.0,6821.532093361127
lgbm,2016-07-01,5218.0,2635.9288368129623
lgbm,2016-08-01,2524.0,972.0500142592354
lgbm,2016-09-01,1700.0,0.0
lgbm,2016-10-01,1643.0,0.0
lgbm,2016-11-01,1385.0,2499.9729618863016
lgbm,2016-12-01,1208.0,2906.4632922314404
lgbm,2017-01-01,3328.0,3346.139249979601
lgbm,2017-02-01,5050.0,5025.60460338109
lgbm,2017-03-01,8238.0,6205.896981549384
lgbm,2016-05-01,13527.0,7269.2071391743775
lgbm,2016-06-01,6442.0,6102.606725438441
lgbm,2016-07-01,5218.0,2426.869578942938
lgbm,2016-08-01,2524.0,1130.078265420261
lgbm,2016-09-01,1700.0,34.76667867744028
lgbm,2016-10-01,1643.0,0.0
lgbm,2016-11-01,1385.0,2933.2234532262623
lgbm,2016-12-01,1208.0,2451.1901304333373
lgbm,2017-01-01,3328.0,2930.9076513462846
lgbm,2017-02-01,5050.0,5310.91820563898
lgbm,2017-03-01,8238.0,5972.4158256516985
lgbm,2017-04-01,14309.0,6466.5414944174245
lgbm,2016-06-01,6442.0,6681.7594250473885
lgbm,2016-07-01,5218.0,2738.8661379603163
lgbm,2016-08-01,2524.0,1739.3238094679145
lgbm,2016-09-01,1700.0,0.0
lgbm,2016-10-01,1643.0,125.03172373377592
lgbm,2016-11-01,1385.0,3434.704428094471
lgbm,2016-12-01,1208.0,3726.729420271873
lgbm,2017-01-01,3328.0,3566.202808673156
lgbm,2017-02-01,5050.0,6237.016194881476
lgbm,2017-03-01,8238.0,7303.9005511429905
lgbm,2017-04-01,14309.0,7372.333684546976
lgbm,2017-05-01,3780.0,7183.103436187384
lgbm,2016-07-01,5218.0,2940.677346156352
lgbm,2016-08-01,2524.0,1698.541177553146
lgbm,2016-09-01,1700.0,0.0
lgbm,2016-10-01,1643.0,1703.5573322171804
lgbm,2016-11-01,1385.0,3011.037053206928
lgbm,2016-12-01,1208.0,4364.0683138793465
lgbm,2017-01-01,3328.0,5306.921158368896
lgbm,2017-02-01,5050.0,6094.598912342192
lgbm,2017-03-01,8238.0,6562.731298073421
lgbm,2017-04-01,14309.0,6653.899917803696
lgbm,2017-05-01,3780.0,6594.511163280101
lgbm,2017-06-01,1160.0,3943.6573758161267
lgbm,2016-08-01,2524.0,1492.2785764523248
lgbm,2016-09-01,1700.0,0.0
lgbm,2016-10-01,1643.0,1890.5541757274218
lgbm,2016-11-01,1385.0,4356.782393481813
lgbm,2016-12-01,1208.0,4173.191019132874
lgbm,2017-01-01,3328.0,4799.429587705609
lgbm,2017-02-01,5050.0,6147.463649790878
lgbm,2017-03-01,8238.0,5696.842683628034
lgbm,2017-04-01,14309.0,6326.684750128459
lgbm,2017-05-01,3780.0,5839.936277020833
lgbm,2017-06-01,1160.0,3264.3217730895562
lgbm,2017-07-01,865.0,1923.7472586584236
lgbm,2016-09-01,1700.0,3101.6974882373906
lgbm,2016-10-01,1643.0,4928.405809400747
lgbm,2016-11-01,1385.0,5508.559454967961
lgbm,2016-12-01,1208.0,5508.559454967961
lgbm,2017-01-01,3328.0,5790.607880481566
lgbm,2017-02-01,5050.0,6170.932200680116
lgbm,2017-03-01,8238.0,6322.055765034939
lgbm,2017-04-01,14309.0,6810.264439060124
lgbm,2017-05-01,3780.0,5082.684174058632
lgbm,2017-06-01,1160.0,3775.1102938429785
lgbm,2017-07-01,865.0,3623.986729488155
lgbm,2017-08-01,418.0,3135.778055462974
lgbm,2016-10-01,1643.0,1536.2572897679283
lgbm,2016-11-01,1385.0,1940.6061625210955
lgbm,2016-12-01,1208.0,2727.2405367133624
lgbm,2017-01-01,3328.0,5046.463144862757
lgbm,2017-02-01,5050.0,5481.500095391646
lgbm,2017-03-01,8238.0,5552.843891733153
lgbm,2017-04-01,14309.0,5992.3416857971915
lgbm,2017-05-01,3780.0,4852.864597354251
lgbm,2017-06-01,1160.0,3269.9911873103133
lgbm,2017-07-01,865.0,3198.647390968806
lgbm,2017-08-01,418.0,2759.1495969047705
lgbm,2017-09-01,1041.0,4340.610495249546
lgbm,2016-11-01,1385.0,1779.9868698552057
lgbm,2016-12-01,1208.0,2363.7905471975173
lgbm,2017-01-01,3328.0,4251.980708463752
lgbm,2017-02-01,5050.0,4729.465042501034
lgbm,2017-03-01,8238.0,4729.465042501034
lgbm,2017-04-01,14309.0,5493.138249746104
lgbm,2017-05-01,3780.0,4409.123398106302
lgbm,2017-06-01,1160.0,2817.949160462189
lgbm,2017-07-01,865.0,2817.949160462189
lgbm,2017-08-01,418.0,2054.275953217119
lgbm,2017-09-01,1041.0,3600.730794746912
lgbm,2017-10-01,690.0,5191.905032391025
lgbm,2016-12-01,1208.0,1630.562140435271
lgbm,2017-01-01,3328.0,1388.718653728946
lgbm,2017-02-01,5050.0,1515.4810259845024
lgbm,2017-03-01,8238.0,1515.4810259845024
lgbm,2017-04-01,14309.0,1593.9291729798524
lgbm,2017-05-01,3780.0,629.2955880687283
lgbm,2017-06-01,1160.0,0.0
lgbm,2017-07-01,865.0,0.0
lgbm,2017-08-01,418.0,0.0
lgbm,2017-09-01,1041.0,0.0
lgbm,2017-10-01,690.0,1393.7695646335246
lgbm,2017-11-01,313.0,3210.1359942639424
lgbm,2017-01-01,3328.0,1451.902923389976
lgbm,2017-02-01,5050.0,1843.3076613765998
lgbm,2017-03-01,8238.0,1922.7815352271045
lgbm,2017-04-01,14309.0,2280.18855515081
lgbm,2017-05-01,3780.0,3757.5604774404346
lgbm,2017-06-01,1160.0,3080.046965410397
lgbm,2017-07-01,865.0,2840.1252163094155
lgbm,2017-08-01,418.0,3010.780993593896
lgbm,2017-09-01,1041.0,3868.656696660333
lgbm,2017-10-01,690.0,5858.2947646522125
lgbm,2017-11-01,313.0,5466.890026665588
lgbm,2017-12-01,374.0,5672.997387741202
lgbm,2017-02-01,5050.0,4823.700189503718
lgbm,2017-03-01,8238.0,5158.098408721073
lgbm,2017-04-01,14309.0,5676.148145482838
lgbm,2017-05-01,3780.0,4467.273565071846
lgbm,2017-06-01,1160.0,2976.1753208757314
lgbm,2017-07-01,865.0,2611.502206794008
lgbm,2017-08-01,418.0,2093.4524700322436
lgbm,2017-09-01,1041.0,3302.327050443236
lgbm,2017-10-01,690.0,4934.060820773896
lgbm,2017-11-01,313.0,4922.433551761284
lgbm,2017-12-01,374.0,5180.831637108778
lgbm,2018-01-01,495.0,4937.980719103098
lgbm,2017-03-01,8238.0,6736.487427528039
lgbm,2017-04-01,14309.0,6885.477716013612
lgbm,2017-05-01,3780.0,5815.03465453956
lgbm,2017-06-01,1160.0,4510.905071428251
lgbm,2017-07-01,865.0,3925.191616075243
lgbm,2017-08-01,418.0,3633.7131222915377
lgbm,2017-09-01,1041.0,5265.568265760551
lgbm,2017-10-01,690.0,5904.561115747513
lgbm,2017-11-01,313.0,5501.031538811175
lgbm,2017-12-01,374.0,6362.767398367666
lgbm,2018-01-01,495.0,6313.893943349768
lgbm,2018-02-01,585.0,6736.487427528039
lgbm,2017-04-01,14309.0,7446.694132525712
lgbm,2017-05-01,3780.0,6410.083708187788
lgbm,2017-06-01,1160.0,4817.962782347973
lgbm,2017-07-01,865.0,3888.202591906253
lgbm,2017-08-01,418.0,4306.420203881256
lgbm,2017-09-01,1041.0,4836.087381594219
lgbm,2017-10-01,690.0,6054.059132551814
lgbm,2017-11-01,313.0,5485.859703119263
lgbm,2017-12-01,374.0,6341.970678924707
lgbm,2018-01-01,495.0,6611.432130325964
lgbm,2018-02-01,585.0,6946.224262926338
lgbm,2018-03-01,831.0,7367.656387620382
lgbm,2017-05-01,3780.0,8267.991186186948
lgbm,2017-06-01,1160.0,6249.737542121743
lgbm,2017-07-01,865.0,5339.814126972629
lgbm,2017-08-01,418.0,3898.4935384657065
lgbm,2017-09-01,1041.0,5158.160639715767
lgbm,2017-10-01,690.0,6673.907632129317
lgbm,2017-11-01,313.0,6205.318988285909
lgbm,2017-12-01,374.0,7280.617404316139
lgbm,2018-01-01,495.0,7176.273697897525
lgbm,2018-02-01,585.0,7310.482650087152
lgbm,2018-03-01,831.0,7310.482650087152
lgbm,2018-04-01,1553.0,7310.482650087152
lgbm,2017-06-01,1160.0,5720.508492028541
lgbm,2017-07-01,865.0,5490.816554822216
lgbm,2017-08-01,418.0,4039.8860244556686
lgbm,2017-09-01,1041.0,5903.234741802536
lgbm,2017-10-01,690.0,6491.486731896612
lgbm,2017-11-01,313.0,5761.289699324659
lgbm,2017-12-01,374.0,6689.364642911544
lgbm,2018-01-01,495.0,6008.777217205312
lgbm,2018-02-01,585.0,6008.777217205312
lgbm,2018-03-01,831.0,6184.219251700666
lgbm,2018-04-01,1553.0,6184.219251700666
lgbm,2018-05-01,498.0,6184.219251700666
lgbm,2017-07-01,865.0,279.3544430905935
lgbm,2017-08-01,418.0,0.0
lgbm,2017-09-01,1041.0,0.0
lgbm,2017-10-01,690.0,1099.795607616657
lgbm,2017-11-01,313.0,764.3330824981263
lgbm,2017-12-01,374.0,2042.1625806592579
lgbm,2018-01-01,495.0,2298.734844962543
lgbm,2018-02-01,585.0,3929.903557887598
lgbm,2018-03-01,831.0,8441.652293393536
lgbm,2018-04-01,1553.0,8290.189249566227
lgbm,2018-05-01,498.0,6507.761489745022
lgbm,2018-06-01,291.0,6323.8768261801215
lgbm,2017-08-01,418.0,0.0
lgbm,2017-09-01,1041.0,0.0
lgbm,2017-10-01,690.0,2101.965555259183
lgbm,2017-11-01,313.0,1881.0455656717907
lgbm,2017-12-01,374.0,3022.308396182552
lgbm,2018-01-01,495.0,6115.729409850026
lgbm,2018-02-01,585.0,7385.662241325538
lgbm,2018-03-01,831.0,8745.32490811821
lgbm,2018-04-01,1553.0,7951.910397972617
lgbm,2018-05-01,498.0,6809.701456052959
lgbm,2018-06-01,291.0,6298.043655455636
lgbm,2018-07-01,365.0,4402.6229896698205
lgbm,2017-09-01,1041.0,0.0
lgbm,2017-10-01,690.0,1505.8927026143626
lgbm,2017-11-01,313.0,1049.3501267037354
lgbm,2017-12-01,374.0,2828.6801006331425
lgbm,2018-01-01,495.0,8003.393640441423
lgbm,2018-02-01,585.0,9468.214632756672
lgbm,2018-03-01,831.0,8769.198314323761
lgbm,2018-04-01,1553.0,6704.931702496378
lgbm,2018-05-01,498.0,6408.4286039107965
lgbm,2018-06-01,291.0,5625.574008697955
lgbm,2018-07-01,365.0,4862.007391798933
lgbm,2018-08-01,190.0,5336.560473275048
lgbm,2017-10-01,690.0,2189.6266634461936
lgbm,2017-11-01,313.0,1401.1374307455555
lgbm,2017-12-01,374.0,2525.205503754481
lgbm,2018-01-01,495.0,6989.748045466171
lgbm,2018-02-01,585.0,7398.788496785507
lgbm,2018-03-01,831.0,7744.897191551943
lgbm,2018-04-01,1553.0,7284.1107968655515
lgbm,2018-05-01,498.0,6973.397137315738
lgbm,2018-06-01,291.0,5425.692892467847
lgbm,2018-07-01,365.0,4814.524472832319
lgbm,2018-08-01,190.0,4984.357010636382
lgbm,2018-09-01,175.0,6254.142010430014
lgbm,2017-11-01,313.0,925.6576066151572
lgbm,2017-12-01,374.0,2186.5034415302985
lgbm,2018-01-01,495.0,3031.2867499361514
lgbm,2018-02-01,585.0,5547.190846586611
lgbm,2018-03-01,831.0,8770.941510214208
lgbm,2018-04-01,1553.0,7762.700549730744
lgbm,2018-05-01,498.0,7382.06734538145
lgbm,2018-06-01,291.0,5908.910518567694
lgbm,2018-07-01,365.0,5027.838686154668
lgbm,2018-08-01,190.0,4488.230373691586
lgbm,2018-09-01,175.0,5168.426626533658
lgbm,2018-10-01,133.0,5531.792119954818
lgbm,2017-12-01,374.0,2603.819602833587
lgbm,2018-01-01,495.0,6559.301657339139
lgbm,2018-02-01,585.0,7907.749194445721
lgbm,2018-03-01,831.0,9325.90318763181
lgbm,2018-04-01,1553.0,8446.76034859035
lgbm,2018-05-01,498.0,7771.967961088078
lgbm,2018-06-01,291.0,5865.299963655659
lgbm,2018-07-01,365.0,5254.389767725891
lgbm,2018-08-01,190.0,5337.938895224174
lgbm,2018-09-01,175.0,5176.471918798556
lgbm,2018-10-01,133.0,5222.956372179479
lgbm,2018-11-01,148.0,6170.558430688253
lgbm,2018-01-01,495.0,1522.128666516147
lgbm,2018-02-01,585.0,1997.3580618090573
lgbm,2018-03-01,831.0,3861.7126104186937
lgbm,2018-04-01,1553.0,8705.504336317787
lgbm,2018-05-01,498.0,10198.49170501299
lgbm,2018-06-01,291.0,7210.916053636216
lgbm,2018-07-01,365.0,5580.544656393441
lgbm,2018-08-01,190.0,5217.917291093531
lgbm,2018-09-01,175.0,4936.065051449721
lgbm,2018-10-01,133.0,5658.620981184106
lgbm,2018-11-01,148.0,5717.921797524735
lgbm,2018-12-01,274.0,6787.794882063953
lgbm,2018-02-01,585.0,860.3082054165973
lgbm,2018-03-01,831.0,1571.7387090424766
lgbm,2018-04-01,1553.0,4200.91280448193
lgbm,2018-05-01,498.0,7687.240463702092
lgbm,2018-06-01,291.0,8484.271301835366
lgbm,2018-07-01,365.0,6622.679858366956
lgbm,2018-08-01,190.0,4955.85086525032
lgbm,2018-09-01,175.0,5026.830728866334
lgbm,2018-10-01,133.0,5395.349437552972
lgbm,2018-11-01,148.0,5219.423243849855
lgbm,2018-12-01,274.0,7737.7359319034795
lgbm,2019-01-01,452.0,6505.825328572681
lgbm,2018-03-01,831.0,1649.8521320106793
lgbm,2018-04-01,1553.0,3744.154690229743
lgbm,2018-05-01,498.0,8351.38173848531
lgbm,2018-06-01,291.0,8452.204661031645
lgbm,2018-07-01,365.0,6520.847991541047
lgbm,2018-08-01,190.0,5246.167663500007
lgbm,2018-09-01,175.0,5428.49813520657
lgbm,2018-10-01,133.0,5160.658563113463
lgbm,2018-11-01,148.0,4969.586194036031
lgbm,2018-12-01,274.0,6464.559535115544
lgbm,2019-01-01,452.0,6035.984161932305
lgbm,2019-02-01,489.0,6654.057702296306
lgbm,2018-04-01,1553.0,2407.7840004637064
lgbm,2018-05-01,498.0,4372.7416528477415
lgbm,2018-06-01,291.0,6859.487040489726
lgbm,2018-07-01,365.0,7010.105048749684
lgbm,2018-08-01,190.0,6008.396013698962
lgbm,2018-09-01,175.0,5249.5671066684
lgbm,2018-10-01,133.0,5528.487211434352
lgbm,2018-11-01,148.0,5733.694038654644
lgbm,2018-12-01,274.0,6845.54419659375
lgbm,2019-01-01,452.0,6614.901854505212
lgbm,2019-02-01,489.0,6850.247828115707
lgbm,2019-03-01,1847.0,7474.082407549241
lgbm,2018-05-01,498.0,3223.677210952766
lgbm,2018-06-01,291.0,6691.701204216319
lgbm,2018-07-01,365.0,7140.846084494387
lgbm,2018-08-01,190.0,6518.18626460294
lgbm,2018-09-01,175.0,5074.24575838932
lgbm,2018-10-01,133.0,4719.131704588704
lgbm,2018-11-01,148.0,5009.463997490689
lgbm,2018-12-01,274.0,7187.984566067043
lgbm,2019-01-01,452.0,6358.74052681643
lgbm,2019-02-01,489.0,7058.301094184609
lgbm,2019-03-01,1847.0,7963.30850305324
lgbm,2019-04-01,1855.0,6639.622309214344
lgbm,2018-06-01,291.0,2119.121266814308
lgbm,2018-07-01,365.0,2351.4837352012983
lgbm,2018-08-01,190.0,855.4770458927809
lgbm,2018-09-01,175.0,1038.844841227661
lgbm,2018-10-01,133.0,165.72196959334306
lgbm,2018-11-01,148.0,0.0
lgbm,2018-12-01,274.0,1241.9631419350123
lgbm,2019-01-01,452.0,1039.622743074263
lgbm,2019-02-01,489.0,1329.6163057385677
lgbm,2019-03-01,1847.0,3378.342458573192
lgbm,2019-04-01,1855.0,6044.027506624948
lgbm,2019-05-01,1309.0,9024.29980986129
lgbm,2018-07-01,365.0,0.0
lgbm,2018-08-01,190.0,0.0
lgbm,2018-09-01,175.0,0.0
lgbm,2018-10-01,133.0,283.90740022386035
lgbm,2018-11-01,148.0,558.4285604444386
lgbm,2018-12-01,274.0,800.2130705597277
lgbm,2019-01-01,452.0,1511.1074355447392
lgbm,2019-02-01,489.0,3695.0878014223467
lgbm,2019-03-01,1847.0,8177.735477556108
lgbm,2019-04-01,1855.0,7122.524975918276
lgbm,2019-05-01,1309.0,7274.801944740216
lgbm,2019-06-01,1070.0,6592.35527166837
lgbm,2018-08-01,190.0,0.0
lgbm,2018-09-01,175.0,0.0
lgbm,2018-10-01,133.0,0.0
lgbm,2018-11-01,148.0,0.0
lgbm,2018-12-01,274.0,918.5037530227917
lgbm,2019-01-01,452.0,1169.0251209447613
lgbm,2019-02-01,489.0,3722.699069985045
lgbm,2019-03-01,1847.0,7418.709636323323
lgbm,2019-04-01,1855.0,8123.49148375173
lgbm,2019-05-01,1309.0,6928.839533314686
lgbm,2019-06-01,1070.0,7976.8653352316815
lgbm,2019-07-01,845.0,4763.942963362364
lgbm,2018-09-01,175.0,0.0
lgbm,2018-10-01,133.0,0.0
lgbm,2018-11-01,148.0,0.0
lgbm,2018-12-01,274.0,981.0140640610492
lgbm,2019-01-01,452.0,792.1590055836419
lgbm,2019-02-01,489.0,2427.981198762247
lgbm,2019-03-01,1847.0,4875.8547785797355
lgbm,2019-04-01,1855.0,6316.174744571709
lgbm,2019-05-01,1309.0,7114.971178819843
lgbm,2019-06-01,1070.0,7804.38320725983
lgbm,2019-07-01,845.0,3959.2942664238803
lgbm,2019-08-01,680.0,4116.422481307883
lgbm,2018-10-01,133.0,248.18808113274514
lgbm,2018-11-01,148.0,0.0
lgbm,2018-12-01,274.0,351.3236785336278
lgbm,2019-01-01,452.0,1063.7064671933063
lgbm,2019-02-01,489.0,3630.789017740968
lgbm,2019-03-01,1847.0,7361.511503417149
lgbm,2019-04-01,1855.0,7212.885217027144
lgbm,2019-05-01,1309.0,8140.080877180945
lgbm,2019-06-01,1070.0,7285.10637502228
lgbm,2019-07-01,845.0,4862.761497366698
lgbm,2019-08-01,680.0,4567.061332807646
lgbm,2019-09-01,716.0,4365.874120455116
lgbm,2018-11-01,148.0,235.26399574810281
lgbm,2018-12-01,274.0,785.2185715533691
lgbm,2019-01-01,452.0,1557.4318968318287
lgbm,2019-02-01,489.0,4518.045689708202
lgbm,2019-03-01,1847.0,7610.914042992578
lgbm,2019-04-01,1855.0,7320.769352614924
lgbm,2019-05-01,1309.0,6943.090053753389
lgbm,2019-06-01,1070.0,8275.639911536155
lgbm,2019-07-01,845.0,4248.249952456332
lgbm,2019-08-01,680.0,4352.100912529023
lgbm,2019-09-01,716.0,4354.714560882277
lgbm,2019-10-01,371.0,4702.302930633567
lgbm,2018-12-01,274.0,853.0031522825053
lgbm,2019-01-01,452.0,807.5305880716468
lgbm,2019-02-01,489.0,1803.029614517928
lgbm,2019-03-01,1847.0,3223.3888780257666
lgbm,2019-04-01,1855.0,5839.1860241574395
lgbm,2019-05-01,1309.0,7083.715661470223
lgbm,2019-06-01,1070.0,8214.890624696334
lgbm,2019-07-01,845.0,4004.9681683458525
lgbm,2019-08-01,680.0,4235.752563130581
lgbm,2019-09-01,716.0,4379.124936479494
lgbm,2019-10-01,371.0,4574.426292173741
lgbm,2019-11-01,366.0,5402.190533248252
lgbm,2019-01-01,452.0,1200.4994027045843
lgbm,2019-02-01,489.0,2936.3454955516454
lgbm,2019-03-01,1847.0,7106.848463159918
lgbm,2019-04-01,1855.0,7610.470659701498
lgbm,2019-05-01,1309.0,8312.34233165582
lgbm,2019-06-01,1070.0,7043.988404239744
lgbm,2019-07-01,845.0,4850.100185686877
lgbm,2019-08-01,680.0,4444.001663278399
lgbm,2019-09-01,716.0,4107.353990702837
lgbm,2019-10-01,371.0,4451.658385936809
lgbm,2019-11-01,366.0,5623.402250211367
lgbm,2019-12-01,429.0,7157.7768263144135
lgbm,2019-02-01,489.0,2629.1260412146794
lgbm,2019-03-01,1847.0,6664.714924096963
lgbm,2019-04-01,1855.0,6903.119243719768
lgbm,2019-05-01,1309.0,6997.400721201786
lgbm,2019-06-01,1070.0,8247.63032263323
lgbm,2019-07-01,845.0,5263.9506030344655
lgbm,2019-08-01,680.0,4776.168801527722
lgbm,2019-09-01,716.0,4084.702479152606
lgbm,2019-10-01,371.0,3874.92292322184
lgbm,2019-11-01,366.0,5314.0981072748045
lgbm,2019-12-01,429.0,7430.791942172766
lgbm,2020-01-01,973.0,6962.075521645187
lgbm,2019-03-01,1847.0,1751.4575202986962
lgbm,2019-04-01,1855.0,45.9919504723229
lgbm,2019-05-01,1309.0,1740.2263495461993
lgbm,2019-06-01,1070.0,3768.081523493809
lgbm,2019-07-01,845.0,4934.631285162178
lgbm,2019-08-01,680.0,5932.706897016224
lgbm,2019-09-01,716.0,5709.33498654551
lgbm,2019-10-01,371.0,4126.70152648686
lgbm,2019-11-01,366.0,5231.668439160288
lgbm,2019-12-01,429.0,7098.009849307769
lgbm,2020-01-01,973.0,5398.056752908505
lgbm,2020-02-01,2378.0,4825.889004561957
lgbm,2019-04-01,1855.0,323.6993917081421
lgbm,2019-05-01,1309.0,477.8664043782326
lgbm,2019-06-01,1070.0,2498.6846788206212
lgbm,2019-07-01,845.0,3613.287793064353
lgbm,2019-08-01,680.0,5845.200652789668
lgbm,2019-09-01,716.0,6658.130023819076
lgbm,2019-10-01,371.0,5262.719965682041
lgbm,2019-11-01,366.0,5377.101520151877
lgbm,2019-12-01,429.0,7337.601406304253
lgbm,2020-01-01,973.0,5771.505321405534
lgbm,2020-02-01,2378.0,4902.819699627938
lgbm,2020-03-01,2635.0,4117.752270965956
lgbm,2019-05-01,1309.0,1413.5538857746071
lgbm,2019-06-01,1070.0,4042.885494535194
lgbm,2019-07-01,845.0,4868.491227192375
lgbm,2019-08-01,680.0,5487.209167514162
lgbm,2019-09-01,716.0,5440.641915872369
lgbm,2019-10-01,371.0,4416.8633627212885
lgbm,2019-11-01,366.0,5468.492856006475
lgbm,2019-12-01,429.0,8184.185748532265
lgbm,2020-01-01,973.0,5989.921824619491
lgbm,2020-02-01,2378.0,5290.106337656809
lgbm,2020-03-01,2635.0,5410.478748117084
lgbm,2020-04-01,2140.0,4278.971792614895
lgbm,2019-06-01,1070.0,4750.626307481072
lgbm,2019-07-01,845.0,5349.600753248282
lgbm,2019-08-01,680.0,5636.77429226491
lgbm,2019-09-01,716.0,5697.529911128486
lgbm,2019-10-01,371.0,3850.182190307806
lgbm,2019-11-01,366.0,5309.820447839975
lgbm,2019-12-01,429.0,7405.161640230512
lgbm,2020-01-01,973.0,5493.069684667593
lgbm,2020-02-01,2378.0,4886.940170422917
lgbm,2020-03-01,2635.0,5079.357589681877
lgbm,2020-04-01,2140.0,4552.992705773021
lgbm,2020-05-01,1836.0,5037.764109669829
lgbm,2019-07-01,845.0,1149.4373123593982
lgbm,2019-08-01,680.0,1036.7677170624863
lgbm,2019-09-01,716.0,1024.4217046163958
lgbm,2019-10-01,371.0,1159.1707853643923
lgbm,2019-11-01,366.0,1579.0878776458753
lgbm,2019-12-01,429.0,2771.159340717921
lgbm,2020-01-01,973.0,5450.628894633728
lgbm,2020-02-01,2378.0,7509.459291798296
lgbm,2020-03-01,2635.0,6704.017107667498
lgbm,2020-04-01,2140.0,3880.1515781411904
lgbm,2020-05-01,1836.0,4386.3954161100655
lgbm,2020-06-01,1820.0,4256.949655424994
lgbm,2019-08-01,680.0,213.89946481459245
lgbm,2019-09-01,716.0,247.60951409123808
lgbm,2019-10-01,371.0,0.0
lgbm,2019-11-01,366.0,419.2233387900001
lgbm,2019-12-01,429.0,1289.1724491994312
lgbm,2020-01-01,973.0,901.1833869225501
lgbm,2020-02-01,2378.0,703.4402041252649
lgbm,2020-03-01,2635.0,959.1854928028872
lgbm,2020-04-01,2140.0,572.3059337566599
lgbm,2020-05-01,1836.0,0.0
lgbm,2020-06-01,1820.0,0.0
lgbm,2020-07-01,1519.0,0.0
lgbm,2019-09-01,716.0,885.9998602762629
lgbm,2019-10-01,371.0,407.99431995555545
lgbm,2019-11-01,366.0,435.4937384594801
lgbm,2019-12-01,429.0,1322.4082971234332
lgbm,2020-01-01,973.0,469.3679602817309
lgbm,2020-02-01,2378.0,39.83464129957088
lgbm,2020-03-01,2635.0,849.6105412741939
lgbm,2020-04-01,2140.0,467.9796799281992
lgbm,2020-05-01,1836.0,0.0
lgbm,2020-06-01,1820.0,308.9226108908767
lgbm,2020-07-01,1519.0,0.0
lgbm,2020-08-01,1265.0,0.0
lgbm,2019-10-01,371.0,990.3315621298904
lgbm,2019-11-01,366.0,1234.328108907729
lgbm,2019-12-01,429.0,2650.195719145878
lgbm,2020-01-01,973.0,6144.792575439567
lgbm,2020-02-01,2378.0,8174.23459017404
lgbm,2020-03-01,2635.0,8466.831580941673
lgbm,2020-04-01,2140.0,3627.7569000054273
lgbm,2020-05-01,1836.0,3854.6467691385606
lgbm,2020-06-01,1820.0,4247.2020651593375
lgbm,2020-07-01,1519.0,4247.2020651593375
lgbm,2020-08-01,1265.0,4343.910291721941
lgbm,2020-09-01,586.0,4399.289125373611
lgbm,2019-11-01,366.0,514.2578932393246
lgbm,2019-12-01,429.0,2029.974117850935
lgbm,2020-01-01,973.0,2182.0037834285486
lgbm,2020-02-01,2378.0,1929.1680246619183
lgbm,2020-03-01,2635.0,3465.8950980349814
lgbm,2020-04-01,2140.0,5014.877635934832
lgbm,2020-05-01,1836.0,4917.04339298802
lgbm,2020-06-01,1820.0,5182.510605949628
lgbm,2020-07-01,1519.0,4046.556501733048
lgbm,2020-08-01,1265.0,3980.943253778589
lgbm,2020-09-01,586.0,3912.6991368153053
lgbm,2020-10-01,402.0,3821.134260146854
lgbm,2019-12-01,429.0,1397.3345521665858
lgbm,2020-01-01,973.0,1095.676038353286
lgbm,2020-02-01,2378.0,831.2062704875945
lgbm,2020-03-01,2635.0,1053.8645486586724
lgbm,2020-04-01,2140.0,616.043623843577
lgbm,2020-05-01,1836.0,0.0
lgbm,2020-06-01,1820.0,170.55113434385092
lgbm,2020-07-01,1519.0,0.0
lgbm,2020-08-01,1265.0,81.18688798182112
lgbm,2020-09-01,586.0,1069.3010010770308
lgbm,2020-10-01,402.0,858.5753189777563
lgbm,2020-11-01,565.0,1395.2942706680055
lgbm,2020-01-01,973.0,782.6951896430598
lgbm,2020-02-01,2378.0,325.9395180124671
lgbm,2020-03-01,2635.0,1084.1303916932384
lgbm,2020-04-01,2140.0,880.105553063308
lgbm,2020-05-01,1836.0,502.7590335919066
lgbm,2020-06-01,1820.0,0.0
lgbm,2020-07-01,1519.0,584.4164285930962
lgbm,2020-08-01,1265.0,70.41448196662
lgbm,2020-09-01,586.0,207.81894632582254
lgbm,2020-10-01,402.0,507.35279490289
lgbm,2020-11-01,565.0,829.7073155038778
lgbm,2020-12-01,327.0,759.511242669554
lgbm,2020-02-01,2378.0,824.280577014547
lgbm,2020-03-01,2635.0,1631.38703953053
lgbm,2020-04-01,2140.0,1361.6151059923932
lgbm,2020-05-01,1836.0,950.6194134761871
lgbm,2020-06-01,1820.0,718.997567880923
lgbm,2020-07-01,1519.0,451.56039525461205
lgbm,2020-08-01,1265.0,360.8406936256784
lgbm,2020-09-01,586.0,540.9520114571118
lgbm,2020-10-01,402.0,410.9093397213333
lgbm,2020-11-01,565.0,609.1287785542014
lgbm,2020-12-01,327.0,887.179630054336
lgbm,2021-01-01,660.0,1688.6976262090775
lgbm,2020-03-01,2635.0,2845.994005385978
lgbm,2020-04-01,2140.0,6022.651318014764
lgbm,2020-05-01,1836.0,7775.7301880104405
lgbm,2020-06-01,1820.0,5464.093819504315
lgbm,2020-07-01,1519.0,4680.652341916937
lgbm,2020-08-01,1265.0,4952.801188392707
lgbm,2020-09-01,586.0,5028.243240318227
lgbm,2020-10-01,402.0,4909.46807051758
lgbm,2020-11-01,565.0,5073.600650824748
lgbm,2020-12-01,327.0,5947.2317161180645
lgbm,2021-01-01,660.0,7574.323968389812
lgbm,2021-02-01,865.0,8677.053899301498
lgbm,2020-04-01,2140.0,5628.878117100172
lgbm,2020-05-01,1836.0,7621.233624559627
lgbm,2020-06-01,1820.0,5330.650848596813
lgbm,2020-07-01,1519.0,4290.054747275468
lgbm,2020-08-01,1265.0,4470.0332769575125
lgbm,2020-09-01,586.0,4556.7167871483025
lgbm,2020-10-01,402.0,4493.50457953273
lgbm,2020-11-01,565.0,4766.789288156314
lgbm,2020-12-01,327.0,5781.066966651112
lgbm,2021-01-01,660.0,6918.627750679286
lgbm,2021-02-01,865.0,8111.292042953271
lgbm,2021-03-01,1016.0,8117.58159942153
lgbm,2020-05-01,1836.0,3454.338401016105
lgbm,2020-06-01,1820.0,3374.832430303062
lgbm,2020-07-01,1519.0,4190.541114182696
lgbm,2020-08-01,1265.0,5020.32557413447
lgbm,2020-09-01,586.0,4347.944543938334
lgbm,2020-10-01,402.0,4430.366813946621
lgbm,2020-11-01,565.0,4826.839888984889
lgbm,2020-12-01,327.0,5812.11070055132
lgbm,2021-01-01,660.0,7778.794803255156
lgbm,2021-02-01,865.0,8484.632014792818
lgbm,2021-03-01,1016.0,8383.952607745132
lgbm,2021-04-01,2274.0,8078.5053423135905
lgbm,2020-06-01,1820.0,132.68058365953488
lgbm,2020-07-01,1519.0,0.0
lgbm,2020-08-01,1265.0,353.38099935191036
lgbm,2020-09-01,586.0,529.884257366018
lgbm,2020-10-01,402.0,310.3136467459658
lgbm,2020-11-01,565.0,404.45381462312884
lgbm,2020-12-01,327.0,829.0394857304312
lgbm,2021-01-01,660.0,2925.7927772068742
lgbm,2021-02-01,865.0,9268.307928762546
lgbm,2021-03-01,1016.0,11308.733409216551
lgbm,2021-04-01,2274.0,11391.939818388062
lgbm,2021-05-01,7066.0,5488.349873435606
lgbm,2020-07-01,1519.0,122.66112659939024
lgbm,2020-08-01,1265.0,79.24197424789483
lgbm,2020-09-01,586.0,458.2028487939581
lgbm,2020-10-01,402.0,0.0
lgbm,2020-11-01,565.0,427.8853619870713
lgbm,2020-12-01,327.0,948.0051939100453
lgbm,2021-01-01,660.0,1365.9965410635348
lgbm,2021-02-01,865.0,3238.9400268462373
lgbm,2021-03-01,1016.0,9739.778198992326
lgbm,2021-04-01,2274.0,11600.211371542831
lgbm,2021-05-01,7066.0,11510.53616536811
lgbm,2021-06-01,6990.0,4475.776634001517
lgbm,2020-08-01,1265.0,1478.8931316918768
lgbm,2020-09-01,586.0,1668.4577414151674
lgbm,2020-10-01,402.0,954.1934395428967
lgbm,2020-11-01,565.0,1024.4782842637649
lgbm,2020-12-01,327.0,1146.7407223782043
lgbm,2021-01-01,660.0,1714.0684591754077
lgbm,2021-02-01,865.0,2831.199623581217
lgbm,2021-03-01,1016.0,8040.631755634624
lgbm,2021-04-01,2274.0,8219.070610476763
lgbm,2021-05-01,7066.0,8171.524743657195
lgbm,2021-06-01,6990.0,5198.065640771065
lgbm,2021-07-01,4859.0,3788.949710067756
lgbm,2020-09-01,586.0,1516.439357607776
lgbm,2020-10-01,402.0,1074.7881986880932
lgbm,2020-11-01,565.0,963.907222849691
lgbm,2020-12-01,327.0,1354.960986610885
lgbm,2021-01-01,660.0,2139.6530492149423
lgbm,2021-02-01,865.0,4993.928780743693
lgbm,2021-03-01,1016.0,9298.796254583482
lgbm,2021-04-01,2274.0,9339.520918988635
lgbm,2021-05-01,7066.0,6951.265134248809
lgbm,2021-06-01,6990.0,3162.5754739547665
lgbm,2021-07-01,4859.0,3316.5377719558082
lgbm,2021-08-01,3382.0,4044.1912771831803
lgbm,2020-10-01,402.0,290.75715682758016
lgbm,2020-11-01,565.0,509.7694447154817
lgbm,2020-12-01,327.0,916.6225345327615
lgbm,2021-01-01,660.0,1342.6006043975144
lgbm,2021-02-01,865.0,2533.196239290819
lgbm,2021-03-01,1016.0,9014.146949882961
lgbm,2021-04-01,2274.0,10700.140580861967
lgbm,2021-05-01,7066.0,11362.4451888952
lgbm,2021-06-01,6990.0,5456.808246711896
lgbm,2021-07-01,4859.0,2893.2842664115988
lgbm,2021-08-01,3382.0,2332.358827877633
lgbm,2021-09-01,1496.0,0.0
lgbm,2020-11-01,565.0,442.09911367489815
lgbm,2020-12-01,327.0,718.208957065571
lgbm,2021-01-01,660.0,733.9231397038067
lgbm,2021-02-01,865.0,1748.6112537913857
lgbm,2021-03-01,1016.0,2441.3277502828632
lgbm,2021-04-01,2274.0,5357.379876564469
lgbm,2021-05-01,7066.0,10207.402242204456
lgbm,2021-06-01,6990.0,7555.559682653865
lgbm,2021-07-01,4859.0,4161.814689702485
lgbm,2021-08-01,3382.0,2413.059583260168
lgbm,2021-09-01,1496.0,0.0
lgbm,2021-10-01,1255.0,531.4095881959128
lgbm,2020-12-01,327.0,361.0114088024657
lgbm,2021-01-01,660.0,1117.852362801115
lgbm,2021-02-01,865.0,2485.6089982487797
lgbm,2021-03-01,1016.0,5488.0672977415825
lgbm,2021-04-01,2274.0,10363.280228868754
lgbm,2021-05-01,7066.0,9601.852656132824
lgbm,2021-06-01,6990.0,5200.431606251686
lgbm,2021-07-01,4859.0,3556.630494380527
lgbm,2021-08-01,3382.0,3047.4631137542206
lgbm,2021-09-01,1496.0,4016.3961620035625
lgbm,2021-10-01,1255.0,5916.024675016198
lgbm,2021-11-01,775.0,6069.306734076046
lgbm,2021-01-01,660.0,1225.3772335598585
lgbm,2021-02-01,865.0,2420.4540693762083
lgbm,2021-03-01,1016.0,5730.939393347328
lgbm,2021-04-01,2274.0,10491.383391825344
lgbm,2021-05-01,7066.0,10403.323845102992
lgbm,2021-06-01,6990.0,5286.145971806082
lgbm,2021-07-01,4859.0,3534.788377215208
lgbm,2021-08-01,3382.0,2454.9529040664925
lgbm,2021-09-01,1496.0,541.9036873952722
lgbm,2021-10-01,1255.0,999.5617794572565
lgbm,2021-11-01,775.0,0.0
lgbm,2021-12-01,756.0,640.7831820796465
lgbm,2021-02-01,865.0,1744.506484916757
lgbm,2021-03-01,1016.0,3881.2450799650596
lgbm,2021-04-01,2274.0,9058.250689512923
lgbm,2021-05-01,7066.0,11336.718278571061
lgbm,2021-06-01,6990.0,5781.177979226168
lgbm,2021-07-01,4859.0,3713.1436536959286
lgbm,2021-08-01,3382.0,2686.895977214536
lgbm,2021-09-01,1496.0,3373.339381803033
lgbm,2021-10-01,1255.0,5829.699400930357
lgbm,2021-11-01,775.0,6014.46237060836
lgbm,2021-12-01,756.0,5811.350725222634
lgbm,2022-01-01,874.0,5700.605635314007
lgbm,2021-03-01,1016.0,2377.552819472285
lgbm,2021-04-01,2274.0,4103.039010646015
lgbm,2021-05-01,7066.0,8384.53830144791
lgbm,2021-06-01,6990.0,6591.669662656159
lgbm,2021-07-01,4859.0,4815.315735086305
lgbm,2021-08-01,3382.0,2613.516265372072
lgbm,2021-09-01,1496.0,3881.7874565457823
lgbm,2021-10-01,1255.0,5857.000319485252
lgbm,2021-11-01,775.0,5913.812665136489
lgbm,2021-12-01,756.0,5745.5115922762425
lgbm,2022-01-01,874.0,5003.887892583411
lgbm,2022-02-01,1246.0,6304.00831952124
lgbm,2021-04-01,2274.0,2463.7441283319304
lgbm,2021-05-01,7066.0,5253.606716014058
lgbm,2021-06-01,6990.0,5837.828362011311
lgbm,2021-07-01,4859.0,5998.591699175786
lgbm,2021-08-01,3382.0,4466.473917073398
lgbm,2021-09-01,1496.0,3991.849872048229
lgbm,2021-10-01,1255.0,5852.781678927896
lgbm,2021-11-01,775.0,6001.253560068526
lgbm,2021-12-01,756.0,5805.245047844601
lgbm,2022-01-01,874.0,5635.757754379168
lgbm,2022-02-01,1246.0,5597.104237960675
lgbm,2022-03-01,2946.0,6854.942313823044
lgbm,2021-05-01,7066.0,5077.196476835259
lgbm,2021-06-01,6990.0,4431.120723731776
lgbm,2021-07-01,4859.0,5679.272095630286
lgbm,2021-08-01,3382.0,3756.6349811250493
lgbm,2021-09-01,1496.0,3219.7248099916005
lgbm,2021-10-01,1255.0,5468.385309170186
lgbm,2021-11-01,775.0,5547.474975326265
lgbm,2021-12-01,756.0,5221.7385350478335
lgbm,2022-01-01,874.0,5151.385474623429
lgbm,2022-02-01,1246.0,5016.515031382351
lgbm,2022-03-01,2946.0,7128.082936457149
lgbm,2022-04-01,6400.0,7951.4436707320865
lgbm,2021-06-01,6990.0,5592.292314807221
lgbm,2021-07-01,4859.0,5076.579116216882
lgbm,2021-08-01,3382.0,3334.857151323459
lgbm,2021-09-01,1496.0,3195.086325531146
lgbm,2021-10-01,1255.0,5446.13085171604
lgbm,2021-11-01,775.0,5413.941721506725
lgbm,2021-12-01,756.0,5328.709591727204
lgbm,2022-01-01,874.0,5190.823982007854
lgbm,2022-02-01,1246.0,5223.657510995695
lgbm,2022-03-01,2946.0,7442.924048682218
lgbm,2022-04-01,6400.0,8390.650718081994
lgbm,2022-05-01,11540.0,7316.9706048455855
lgbm,2021-07-01,4859.0,5350.515508179979
lgbm,2021-08-01,3382.0,3994.234294922905
lgbm,2021-09-01,1496.0,4235.118553755453
lgbm,2021-10-01,1255.0,5976.320936011356
lgbm,2021-11-01,775.0,6023.055233235164
lgbm,2021-12-01,756.0,5970.661343732243
lgbm,2022-01-01,874.0,5600.007121733209
lgbm,2022-02-01,1246.0,5373.792051074761
lgbm,2022-03-01,2946.0,6620.119982412831
lgbm,2022-04-01,6400.0,8045.556191834492
lgbm,2022-05-01,11540.0,6219.389219795702
lgbm,2022-06-01,7386.0,4077.31609031256
lgbm,2021-08-01,3382.0,4148.502191272158
lgbm,2021-09-01,1496.0,4240.486403693656
lgbm,2021-10-01,1255.0,5954.7109284904345
lgbm,2021-11-01,775.0,5943.6633719822175
lgbm,2021-12-01,756.0,5833.993558640543
lgbm,2022-01-01,874.0,5449.029204546714
lgbm,2022-02-01,1246.0,5303.574719642327
lgbm,2022-03-01,2946.0,6872.168426899136
lgbm,2022-04-01,6400.0,7943.972691629289
lgbm,2022-05-01,11540.0,6804.649266144699
lgbm,2022-06-01,7386.0,4051.5184157101185
lgbm,2022-07-01,4095.0,5259.852029321066
lgbm,2021-09-01,1496.0,4251.079759733837
lgbm,2021-10-01,1255.0,5850.688049225769
lgbm,2021-11-01,775.0,5963.588646100188
lgbm,2021-12-01,756.0,5720.474642847994
lgbm,2022-01-01,874.0,5494.704299207847
lgbm,2022-02-01,1246.0,5323.784679741746
lgbm,2022-03-01,2946.0,7030.806050852032
lgbm,2022-04-01,6400.0,8314.990588792121
lgbm,2022-05-01,11540.0,6573.867383875176
lgbm,2022-06-01,7386.0,4596.455222441126
lgbm,2022-07-01,4095.0,5170.713853971195
lgbm,2022-08-01,2088.0,4601.840991595425
lgbm,2021-10-01,1255.0,1110.1491225399832
lgbm,2021-11-01,775.0,500.10929692100103
lgbm,2021-12-01,756.0,292.93132768716663
lgbm,2022-01-01,874.0,780.0744407400197
lgbm,2022-02-01,1246.0,637.1235007591413
lgbm,2022-03-01,2946.0,706.2412044503089
lgbm,2022-04-01,6400.0,2184.1921600783744
lgbm,2022-05-01,11540.0,4375.222738380181
lgbm,2022-06-01,7386.0,7096.363308991934
lgbm,2022-07-01,4095.0,7426.416851870041
lgbm,2022-08-01,2088.0,4714.294215201864
lgbm,2022-09-01,1469.0,4524.7421569041035
lgbm,2021-11-01,775.0,532.3066463434482
lgbm,2021-12-01,756.0,304.73316482360883
lgbm,2022-01-01,874.0,665.6975760748325
lgbm,2022-02-01,1246.0,711.1587873405698
lgbm,2022-03-01,2946.0,726.3775056411866
lgbm,2022-04-01,6400.0,2014.9983871319366
lgbm,2022-05-01,11540.0,2912.163243088088
lgbm,2022-06-01,7386.0,3553.5517472710776
lgbm,2022-07-01,4095.0,8143.382840221698
lgbm,2022-08-01,2088.0,5153.569902848802
lgbm,2022-09-01,1469.0,4849.038181878557
lgbm,2022-10-01,1012.0,4885.7242786930865
lgbm,2021-12-01,756.0,388.774733223833
lgbm,2022-01-01,874.0,697.7911873706495
lgbm,2022-02-01,1246.0,316.0346147924586
lgbm,2022-03-01,2946.0,523.5748370790652
lgbm,2022-04-01,6400.0,1497.892579123351
lgbm,2022-05-01,11540.0,1541.3054047638377
lgbm,2022-06-01,7386.0,920.4446396454396
lgbm,2022-07-01,4095.0,2024.8525441292816
lgbm,2022-08-01,2088.0,1959.9507656405592
lgbm,2022-09-01,1469.0,1887.0617715417914
lgbm,2022-10-01,1012.0,2397.68371192818
lgbm,2022-11-01,803.0,1835.931455096825
lgbm,2022-01-01,874.0,1056.252201939282
lgbm,2022-02-01,1246.0,1210.23426281125
lgbm,2022-03-01,2946.0,1590.0581917541924
lgbm,2022-04-01,6400.0,2989.885342397243
lgbm,2022-05-01,11540.0,4295.9860070739805
lgbm,2022-06-01,7386.0,7196.7136617701935
lgbm,2022-07-01,4095.0,7439.044073115884
lgbm,2022-08-01,2088.0,3484.437777467779
lgbm,2022-09-01,1469.0,5333.01406108766
lgbm,2022-10-01,1012.0,5351.179950508974
lgbm,2022-11-01,803.0,4840.123265373172
lgbm,2022-12-01,458.0,5442.160756013171
lgbm,2022-02-01,1246.0,1246.252349747806
lgbm,2022-03-01,2946.0,1452.293064355658
lgbm,2022-04-01,6400.0,3389.719573571264
lgbm,2022-05-01,11540.0,7682.072695275204
lgbm,2022-06-01,7386.0,7225.7835242146475
lgbm,2022-07-01,4095.0,5613.441011398612
lgbm,2022-08-01,2088.0,3551.044611563919
lgbm,2022-09-01,1469.0,4499.698424997379
lgbm,2022-10-01,1012.0,5044.371919722606
lgbm,2022-11-01,803.0,5350.600465752786
lgbm,2022-12-01,458.0,5639.108015000933
lgbm,2023-01-01,1240.0,5351.963467938053
lgbm,2022-03-01,2946.0,1515.1433200354127
lgbm,2022-04-01,6400.0,3368.880583257755
lgbm,2022-05-01,11540.0,7745.233954238092
lgbm,2022-06-01,7386.0,7136.2835476397695
lgbm,2022-07-01,4095.0,6160.741202441747
lgbm,2022-08-01,2088.0,3401.418291672852
lgbm,2022-09-01,1469.0,5136.822330001208
lgbm,2022-10-01,1012.0,5166.985888091609
lgbm,2022-11-01,803.0,5057.179459799702
lgbm,2022-12-01,458.0,5437.380730178932
lgbm,2023-01-01,1240.0,4824.997985169867
lgbm,2023-02-01,1881.0,5152.572090377803
lgbm,2022-04-01,6400.0,6726.960032934793
lgbm,2022-05-01,11540.0,9126.721214110035
lgbm,2022-06-01,7386.0,7568.958391367369
lgbm,2022-07-01,4095.0,6359.2459716100775
lgbm,2022-08-01,2088.0,3119.22649006848
lgbm,2022-09-01,1469.0,1371.2161638567711
lgbm,2022-10-01,1012.0,937.7612180841915
lgbm,2022-11-01,803.0,397.45086868262297
lgbm,2022-12-01,458.0,329.26290956782316
lgbm,2023-01-01,1240.0,341.98016709102126
lgbm,2023-02-01,1881.0,721.7544893675605
lgbm,2023-03-01,2856.0,655.2563566029685
lgbm,2022-05-01,11540.0,8869.06489931928
lgbm,2022-06-01,7386.0,7237.95026080479
lgbm,2022-07-01,4095.0,5212.300270798728
lgbm,2022-08-01,2088.0,3407.3306790538763
lgbm,2022-09-01,1469.0,4809.63841678309
lgbm,2022-10-01,1012.0,4750.756964860839
lgbm,2022-11-01,803.0,5162.497257326841
lgbm,2022-12-01,458.0,5721.094402771492
lgbm,2023-01-01,1240.0,5648.519368577874
lgbm,2023-02-01,1881.0,6742.036531951975
lgbm,2023-03-01,2856.0,7253.613254479222
lgbm,2023-04-01,2177.0,7253.613254479222
lgbm,2022-06-01,7386.0,7752.67881333629
lgbm,2022-07-01,4095.0,5175.988881038854
lgbm,2022-08-01,2088.0,3223.1477272087172
lgbm,2022-09-01,1469.0,2662.449769655843
lgbm,2022-10-01,1012.0,1622.0248401526005
lgbm,2022-11-01,803.0,1160.3569964534902
lgbm,2022-12-01,458.0,1133.7088203861383
lgbm,2023-01-01,1240.0,1432.7162774715912
lgbm,2023-02-01,1881.0,2015.1421189851355
lgbm,2023-03-01,2856.0,3495.4094295639884
lgbm,2023-04-01,2177.0,8359.171477889726
lgbm,2023-05-01,1521.0,9291.289603449017
lgbm,2022-07-01,4095.0,4994.597798020875
lgbm,2022-08-01,2088.0,3321.4089031088956
lgbm,2022-09-01,1469.0,2433.872864766605
lgbm,2022-10-01,1012.0,1013.5350837332783
lgbm,2022-11-01,803.0,0.0
lgbm,2022-12-01,458.0,329.1690655927788
lgbm,2023-01-01,1240.0,110.97775871218104
lgbm,2023-02-01,1881.0,838.179614304521
lgbm,2023-03-01,2856.0,887.9876899668978
lgbm,2023-04-01,2177.0,1608.6168545253693
lgbm,2023-05-01,1521.0,2181.932958842159
lgbm,2023-06-01,1221.0,5917.219109939055
lgbm,2022-08-01,2088.0,2898.9331835692137
lgbm,2022-09-01,1469.0,2834.3638065361297
lgbm,2022-10-01,1012.0,2326.6814481977476
lgbm,2022-11-01,803.0,2648.3837209544745
lgbm,2022-12-01,458.0,3707.9509119160425
lgbm,2023-01-01,1240.0,6366.972106946176
lgbm,2023-02-01,1881.0,8678.558124771434
lgbm,2023-03-01,2856.0,7569.668630637205
lgbm,2023-04-01,2177.0,7218.4470781964
lgbm,2023-05-01,1521.0,7254.899401638063
lgbm,2023-06-01,1221.0,8188.0552616666255
lgbm,2023-07-01,1292.0,8163.705671193449
lgbm,2022-09-01,1469.0,1820.8279272524799
lgbm,2022-10-01,1012.0,1014.8516056820899
lgbm,2022-11-01,803.0,543.5210722859265
lgbm,2022-12-01,458.0,717.2478024690629
lgbm,2023-01-01,1240.0,304.98494290821884
lgbm,2023-02-01,1881.0,1041.3217103488973
lgbm,2023-03-01,2856.0,1488.1217093107882
lgbm,2023-04-01,2177.0,2094.631624964089
lgbm,2023-05-01,1521.0,2993.796948825163
lgbm,2023-06-01,1221.0,9282.536544613065
lgbm,2023-07-01,1292.0,9920.817980431742
lgbm,2023-08-01,788.0,9189.251344474123
lgbm,2022-10-01,1012.0,852.595118652162
lgbm,2022-11-01,803.0,573.3364542549598
lgbm,2022-12-01,458.0,494.2930883449462
lgbm,2023-01-01,1240.0,452.0609500714304
lgbm,2023-02-01,1881.0,868.9287677002001
lgbm,2023-03-01,2856.0,859.0176732862684
lgbm,2023-04-01,2177.0,1084.7379212404348
lgbm,2023-05-01,1521.0,1924.3377783614017
lgbm,2023-06-01,1221.0,4361.79409672282
lgbm,2023-07-01,1292.0,11138.507996137414
lgbm,2023-08-01,788.0,7775.244414348313
lgbm,2023-09-01,691.0,4856.35381946736
lgbm,2022-11-01,803.0,794.4621364573686
lgbm,2022-12-01,458.0,898.0828453588714
lgbm,2023-01-01,1240.0,1413.2637691520808
lgbm,2023-02-01,1881.0,2082.461039085635
lgbm,2023-03-01,2856.0,3291.962347496468
lgbm,2023-04-01,2177.0,6611.154286533879
lgbm,2023-05-01,1521.0,9409.228321348526
lgbm,2023-06-01,1221.0,9353.893827282815
lgbm,2023-07-01,1292.0,8130.305309155179
lgbm,2023-08-01,788.0,5296.478428797496
lgbm,2023-09-01,691.0,5143.778915640425
lgbm,2023-10-01,686.0,4970.352110427073
lgbm,2022-12-01,458.0,984.2158107935782
lgbm,2023-01-01,1240.0,1727.7670770882053
lgbm,2023-02-01,1881.0,2709.494569345564
lgbm,2023-03-01,2856.0,5726.686523884145
lgbm,2023-04-01,2177.0,9105.689890526466
lgbm,2023-05-01,1521.0,9041.992277294876
lgbm,2023-06-01,1221.0,8324.722510958445
lgbm,2023-07-01,1292.0,8112.366748290465
lgbm,2023-08-01,788.0,5629.527551957102
lgbm,2023-09-01,691.0,5180.605807178601
lgbm,2023-10-01,686.0,5231.63638663699
lgbm,2023-11-01,414.0,5121.616882817285
lgbm,2023-01-01,1240.0,713.4659886834509
lgbm,2023-02-01,1881.0,925.8435078514198
lgbm,2023-03-01,2856.0,1369.720679330601
lgbm,2023-04-01,2177.0,1432.1286174297877
lgbm,2023-05-01,1521.0,2480.2351374593095
lgbm,2023-06-01,1221.0,7143.749897982411
lgbm,2023-07-01,1292.0,10413.977415902473
lgbm,2023-08-01,788.0,8061.7220215375055
lgbm,2023-09-01,691.0,5532.522802463814
lgbm,2023-10-01,686.0,5626.961566227552
lgbm,2023-11-01,414.0,6035.075429638575
lgbm,2023-12-01,374.0,6023.622407468589
lgbm,2023-02-01,1881.0,2399.301938767988
lgbm,2023-03-01,2856.0,5375.272149191803
lgbm,2023-04-01,2177.0,9284.747130721375
lgbm,2023-05-01,1521.0,10240.707630643325
lgbm,2023-06-01,1221.0,8214.443205381045
lgbm,2023-07-01,1292.0,8194.346481862598
lgbm,2023-08-01,788.0,5902.193603382308
lgbm,2023-09-01,691.0,5269.400526693757
lgbm,2023-10-01,686.0,5673.076087000516
lgbm,2023-11-01,414.0,5631.132977791591
lgbm,2023-12-01,374.0,5833.48817157638
lgbm,2024-01-01,807.0,7431.404375747717
lgbm,2023-03-01,2856.0,2645.9792920719137
lgbm,2023-04-01,2177.0,6323.212811611567
lgbm,2023-05-01,1521.0,9891.396697916078
lgbm,2023-06-01,1221.0,9531.700372898407
lgbm,2023-07-01,1292.0,9038.070179120974
lgbm,2023-08-01,788.0,5784.137228590077
lgbm,2023-09-01,691.0,4902.154165675252
lgbm,2023-10-01,686.0,4908.087062151604
lgbm,2023-11-01,414.0,4905.545784575773
lgbm,2023-12-01,374.0,4856.973893004865
lgbm,2024-01-01,807.0,7401.586120957112
lgbm,2024-02-01,1609.0,7195.493151233703
lgbm,2023-04-01,2177.0,6485.902837100553
lgbm,2023-05-01,1521.0,10705.24838138258
lgbm,2023-06-01,1221.0,9870.582551860482
lgbm,2023-07-01,1292.0,8691.023289096502
lgbm,2023-08-01,788.0,6393.5261930319775
lgbm,2023-09-01,691.0,5318.6614667627655
lgbm,2023-10-01,686.0,5357.383339549204
lgbm,2023-11-01,414.0,5373.171315314881
lgbm,2023-12-01,374.0,5600.614869607903
lgbm,2024-01-01,807.0,6908.419486960344
lgbm,2024-02-01,1609.0,6589.94619103696
lgbm,2024-03-01,3197.0,6698.43394446085
lgbm,2023-05-01,1521.0,4005.1565934370096
lgbm,2023-06-01,1221.0,8772.672544040202
lgbm,2023-07-01,1292.0,8792.863780042422
lgbm,2023-08-01,788.0,5466.8563876722665
lgbm,2023-09-01,691.0,4748.081513733785
lgbm,2023-10-01,686.0,5460.992412742521
lgbm,2023-11-01,414.0,5573.301170386017
lgbm,2023-12-01,374.0,5533.197492796021
lgbm,2024-01-01,807.0,7354.074456558524
lgbm,2024-02-01,1609.0,7458.882024462298
lgbm,2024-03-01,3197.0,6976.139473839241
lgbm,2024-04-01,2098.0,6901.0284319708135
lgbm,2023-06-01,1221.0,2449.6000660283757
lgbm,2023-07-01,1292.0,5502.315398560949
lgbm,2023-08-01,788.0,7110.346645835395
lgbm,2023-09-01,691.0,6952.5735470186655
lgbm,2023-10-01,686.0,5333.0464998169755
lgbm,2023-11-01,414.0,4715.45792978551
lgbm,2023-12-01,374.0,4880.093884155499
lgbm,2024-01-01,807.0,6989.08515679778
lgbm,2024-02-01,1609.0,6789.749095481595
lgbm,2024-03-01,3197.0,6603.274493430641
lgbm,2024-04-01,2098.0,6318.689755430443
lgbm,2024-05-01,1101.0,6961.506447741114
lgbm,2023-07-01,1292.0,1461.2864406123385
lgbm,2023-08-01,788.0,1424.9589503219736
lgbm,2023-09-01,691.0,830.7255922478967
lgbm,2023-10-01,686.0,384.1459431483138
lgbm,2023-11-01,414.0,274.47750854092965
lgbm,2023-12-01,374.0,0.0
lgbm,2024-01-01,807.0,603.7371523052354
lgbm,2024-02-01,1609.0,802.6035656083432
lgbm,2024-03-01,3197.0,680.4802223584454
lgbm,2024-04-01,2098.0,111.20228189128586
lgbm,2024-05-01,1101.0,449.82332461886386
lgbm,2024-06-01,962.0,2348.143227194376
lgbm,2023-08-01,788.0,700.5817575635301
lgbm,2023-09-01,691.0,0.0
lgbm,2023-10-01,686.0,267.42904443969195
lgbm,2023-11-01,414.0,126.56867026793613
lgbm,2023-12-01,374.0,219.75006838904173
lgbm,2024-01-01,807.0,954.5989173518657
lgbm,2024-02-01,1609.0,1399.6272367631432
lgbm,2024-03-01,3197.0,1254.3573222587193
lgbm,2024-04-01,2098.0,1231.5982800319625
lgbm,2024-05-01,1101.0,1528.5663275468037
lgbm,2024-06-01,962.0,1647.4314411780483
lgbm,2024-07-01,557.0,1551.1201271039145
lgbm,2023-09-01,691.0,394.015405236759
lgbm,2023-10-01,686.0,238.1217780685956
lgbm,2023-11-01,414.0,0.0
lgbm,2023-12-01,374.0,0.0
lgbm,2024-01-01,807.0,540.0131974387679
lgbm,2024-02-01,1609.0,861.8539526797632
lgbm,2024-03-01,3197.0,1008.5085448357121
lgbm,2024-04-01,2098.0,1046.093555150519
lgbm,2024-05-01,1101.0,1721.214989793033
lgbm,2024-06-01,962.0,2558.5132988320283
lgbm,2024-07-01,557.0,4571.6455574825
lgbm,2024-08-01,513.0,5448.681969955563
lgbm,2023-10-01,686.0,591.4079668500447
lgbm,2023-11-01,414.0,545.8285092726892
lgbm,2023-12-01,374.0,177.15467665101968
lgbm,2024-01-01,807.0,552.4248242148087
lgbm,2024-02-01,1609.0,931.431639772624
lgbm,2024-03-01,3197.0,1373.7113758572134
lgbm,2024-04-01,2098.0,619.8230935378554
lgbm,2024-05-01,1101.0,725.7763224236166
lgbm,2024-06-01,962.0,1824.8303342404374
lgbm,2024-07-01,557.0,2630.9349599730513
lgbm,2024-08-01,513.0,2571.668631119052
lgbm,2024-09-01,444.0,3525.7060963501717
lgbm,2023-11-01,414.0,328.7864190712261
lgbm,2023-12-01,374.0,0.0
lgbm,2024-01-01,807.0,489.71934997994254
lgbm,2024-02-01,1609.0,1095.3089559223638
lgbm,2024-03-01,3197.0,1255.6038701668697
lgbm,2024-04-01,2098.0,797.4281721785959
lgbm,2024-05-01,1101.0,415.74268345322486
lgbm,2024-06-01,962.0,1824.7958101998681
lgbm,2024-07-01,557.0,2526.8668705235987
lgbm,2024-08-01,513.0,2103.6849364039886
lgbm,2024-09-01,444.0,1523.4722350111858
lgbm,2024-10-01,317.0,642.346844983145
lgbm,2023-12-01,374.0,127.21284285806487
lgbm,2024-01-01,807.0,545.1198195077608
lgbm,2024-02-01,1609.0,1064.8941875529977
lgbm,2024-03-01,3197.0,1183.825161463122
lgbm,2024-04-01,2098.0,586.9653715395677
lgbm,2024-05-01,1101.0,640.2295014450358
lgbm,2024-06-01,962.0,1602.8998340508688
lgbm,2024-07-01,557.0,2319.268657630675
lgbm,2024-08-01,513.0,892.5415379986566
lgbm,2024-09-01,444.0,591.6021143015852
lgbm,2024-10-01,317.0,587.3481759147566
lgbm,2024-11-01,421.0,391.3247804365147
lgbm,2024-01-01,807.0,398.49635247401847
lgbm,2024-02-01,1609.0,1067.7797459309418
lgbm,2024-03-01,3197.0,1291.4559164118996
lgbm,2024-04-01,2098.0,760.2706844335233
lgbm,2024-05-01,1101.0,509.61984235601346
lgbm,2024-06-01,962.0,1836.3944467718575
lgbm,2024-07-01,557.0,2336.082346913289
lgbm,2024-08-01,513.0,1221.974281438723
lgbm,2024-09-01,444.0,745.2608728414058
lgbm,2024-10-01,317.0,332.26568176104706
lgbm,2024-11-01,421.0,211.21635041556758
lgbm,2024-12-01,274.0,530.5836456670334
xgboost,2014-01-01,514.0,338.0498962402344
xgboost,2014-02-01,568.0,904.8857421875
xgboost,2014-03-01,824.0,909.438720703125
xgboost,2014-04-01,888.0,1011.4063720703125
xgboost,2014-05-01,1863.0,2098.746826171875
xgboost,2014-06-01,2193.0,2639.07177734375
xgboost,2014-07-01,1379.0,2281.03369140625
xgboost,2014-08-01,1056.0,2629.013671875
xgboost,2014-09-01,650.0,1008.7523193359375
xgboost,2014-10-01,538.0,588.79296875
xgboost,2014-11-01,484.0,442.6799011230469
xgboost,2014-12-01,293.0,428.6161804199219
xgboost,2014-02-01,568.0,916.8569946289062
xgboost,2014-03-01,824.0,912.6591186523438
xgboost,2014-04-01,888.0,1007.4838256835938
xgboost,2014-05-01,1863.0,2108.654541015625
xgboost,2014-06-01,2193.0,2657.39501953125
xgboost,2014-07-01,1379.0,2294.649169921875
xgboost,2014-08-01,1056.0,2879.176513671875
xgboost,2014-09-01,650.0,1021.122802734375
xgboost,2014-10-01,538.0,593.5620727539062
xgboost,2014-11-01,484.0,446.83209228515625
xgboost,2014-12-01,293.0,411.23651123046875
xgboost,2015-01-01,769.0,432.11712646484375
xgboost,2014-03-01,824.0,814.0209350585938
xgboost,2014-04-01,888.0,1433.01953125
xgboost,2014-05-01,1863.0,2268.871826171875
xgboost,2014-06-01,2193.0,2581.418212890625
xgboost,2014-07-01,1379.0,2482.31787109375
xgboost,2014-08-01,1056.0,2812.5576171875
xgboost,2014-09-01,650.0,1073.9202880859375
xgboost,2014-10-01,538.0,669.0203247070312
xgboost,2014-11-01,484.0,417.7198486328125
xgboost,2014-12-01,293.0,417.2616882324219
xgboost,2015-01-01,769.0,414.953369140625
xgboost,2015-02-01,1275.0,486.9778137207031
xgboost,2014-04-01,888.0,1425.749267578125
xgboost,2014-05-01,1863.0,2259.41015625
xgboost,2014-06-01,2193.0,2571.947265625
xgboost,2014-07-01,1379.0,2413.1484375
xgboost,2014-08-01,1056.0,2812.631591796875
xgboost,2014-09-01,650.0,1017.3368530273438
xgboost,2014-10-01,538.0,666.863037109375
xgboost,2014-11-01,484.0,414.99053955078125
xgboost,2014-12-01,293.0,414.1838073730469
xgboost,2015-01-01,769.0,416.5428771972656
xgboost,2015-02-01,1275.0,493.5866394042969
xgboost,2015-03-01,3522.0,543.8262939453125
xgboost,2014-05-01,1863.0,2035.0953369140625
xgboost,2014-06-01,2193.0,2673.303466796875
xgboost,2014-07-01,1379.0,2295.7529296875
xgboost,2014-08-01,1056.0,2795.674560546875
xgboost,2014-09-01,650.0,1015.1513671875
xgboost,2014-10-01,538.0,646.8286743164062
xgboost,2014-11-01,484.0,471.5165710449219
xgboost,2014-12-01,293.0,447.44659423828125
xgboost,2015-01-01,769.0,458.72119140625
xgboost,2015-02-01,1275.0,433.6243896484375
xgboost,2015-03-01,3522.0,540.7615966796875
xgboost,2015-04-01,7214.0,851.1213989257812
xgboost,2014-06-01,2193.0,2275.877685546875
xgboost,2014-07-01,1379.0,2289.521240234375
xgboost,2014-08-01,1056.0,2780.849365234375
xgboost,2014-09-01,650.0,1480.066650390625
xgboost,2014-10-01,538.0,1109.090576171875
xgboost,2014-11-01,484.0,667.0166015625
xgboost,2014-12-01,293.0,414.2051086425781
xgboost,2015-01-01,769.0,412.85675048828125
xgboost,2015-02-01,1275.0,436.6197814941406
xgboost,2015-03-01,3522.0,543.8713989257812
xgboost,2015-04-01,7214.0,737.2371826171875
xgboost,2015-05-01,17109.0,913.32373046875
xgboost,2014-07-01,1379.0,2146.828857421875
xgboost,2014-08-01,1056.0,2604.746826171875
xgboost,2014-09-01,650.0,1403.7093505859375
xgboost,2014-10-01,538.0,1123.154296875
xgboost,2014-11-01,484.0,685.3613891601562
xgboost,2014-12-01,293.0,410.204345703125
xgboost,2015-01-01,769.0,411.9181823730469
xgboost,2015-02-01,1275.0,438.3350830078125
xgboost,2015-03-01,3522.0,543.6766357421875
xgboost,2015-04-01,7214.0,734.3666381835938
xgboost,2015-05-01,17109.0,910.860107421875
xgboost,2015-06-01,6980.0,1120.17333984375
xgboost,2014-08-01,1056.0,2389.5673828125
xgboost,2014-09-01,650.0,1092.2186279296875
xgboost,2014-10-01,538.0,959.9667358398438
xgboost,2014-11-01,484.0,435.5543212890625
xgboost,2014-12-01,293.0,416.65545654296875
xgboost,2015-01-01,769.0,425.3470764160156
xgboost,2015-02-01,1275.0,429.5920104980469
xgboost,2015-03-01,3522.0,614.5303955078125
xgboost,2015-04-01,7214.0,703.6987915039062
xgboost,2015-05-01,17109.0,878.7754516601562
xgboost,2015-06-01,6980.0,1874.826904296875
xgboost,2015-07-01,3234.0,1853.3692626953125
xgboost,2014-09-01,650.0,1046.1239013671875
xgboost,2014-10-01,538.0,781.2473754882812
xgboost,2014-11-01,484.0,440.7821960449219
xgboost,2014-12-01,293.0,406.6544494628906
xgboost,2015-01-01,769.0,395.820068359375
xgboost,2015-02-01,1275.0,457.3121643066406
xgboost,2015-03-01,3522.0,653.351318359375
xgboost,2015-04-01,7214.0,798.6629638671875
xgboost,2015-05-01,17109.0,882.43798828125
xgboost,2015-06-01,6980.0,1829.65234375
xgboost,2015-07-01,3234.0,1860.357421875
xgboost,2015-08-01,1636.0,1750.77734375
xgboost,2014-10-01,538.0,649.090087890625
xgboost,2014-11-01,484.0,435.61651611328125
xgboost,2014-12-01,293.0,347.81219482421875
xgboost,2015-01-01,769.0,350.1233825683594
xgboost,2015-02-01,1275.0,349.9853210449219
xgboost,2015-03-01,3522.0,578.2949829101562
xgboost,2015-04-01,7214.0,652.8560180664062
xgboost,2015-05-01,17109.0,934.1704711914062
xgboost,2015-06-01,6980.0,1770.234375
xgboost,2015-07-01,3234.0,1794.2540283203125
xgboost,2015-08-01,1636.0,1788.62255859375
xgboost,2015-09-01,561.0,1710.4705810546875
xgboost,2014-11-01,484.0,447.4473571777344
xgboost,2014-12-01,293.0,369.6293640136719
xgboost,2015-01-01,769.0,367.0442199707031
xgboost,2015-02-01,1275.0,364.9342956542969
xgboost,2015-03-01,3522.0,583.3788452148438
xgboost,2015-04-01,7214.0,618.7543334960938
xgboost,2015-05-01,17109.0,1234.0291748046875
xgboost,2015-06-01,6980.0,1891.7406005859375
xgboost,2015-07-01,3234.0,1904.174072265625
xgboost,2015-08-01,1636.0,1880.61669921875
xgboost,2015-09-01,561.0,1725.4869384765625
xgboost,2015-10-01,357.0,926.4090576171875
xgboost,2014-12-01,293.0,394.9552307128906
xgboost,2015-01-01,769.0,396.76019287109375
xgboost,2015-02-01,1275.0,414.9330139160156
xgboost,2015-03-01,3522.0,599.2723388671875
xgboost,2015-04-01,7214.0,654.7376708984375
xgboost,2015-05-01,17109.0,1285.9952392578125
xgboost,2015-06-01,6980.0,1826.6044921875
xgboost,2015-07-01,3234.0,1824.052978515625
xgboost,2015-08-01,1636.0,1763.4686279296875
xgboost,2015-09-01,561.0,1716.107177734375
xgboost,2015-10-01,357.0,889.537841796875
xgboost,2015-11-01,450.0,765.9844360351562
xgboost,2015-01-01,769.0,406.88470458984375
xgboost,2015-02-01,1275.0,423.3537292480469
xgboost,2015-03-01,3522.0,597.2197875976562
xgboost,2015-04-01,7214.0,614.9614868164062
xgboost,2015-05-01,17109.0,1457.3455810546875
xgboost,2015-06-01,6980.0,1839.679443359375
xgboost,2015-07-01,3234.0,2003.7852783203125
xgboost,2015-08-01,1636.0,1799.9583740234375
xgboost,2015-09-01,561.0,1730.358154296875
xgboost,2015-10-01,357.0,831.2080078125
xgboost,2015-11-01,450.0,658.54296875
xgboost,2015-12-01,397.0,649.4580688476562
xgboost,2015-02-01,1275.0,567.9301147460938
xgboost,2015-03-01,3522.0,492.5559997558594
xgboost,2015-04-01,7214.0,631.98974609375
xgboost,2015-05-01,17109.0,1574.611328125
xgboost,2015-06-01,6980.0,1873.7047119140625
xgboost,2015-07-01,3234.0,1892.3953857421875
xgboost,2015-08-01,1636.0,906.9309692382812
xgboost,2015-09-01,561.0,592.6946411132812
xgboost,2015-10-01,357.0,1815.8082275390625
xgboost,2015-11-01,450.0,814.5436401367188
xgboost,2015-12-01,397.0,467.71807861328125
xgboost,2016-01-01,1465.0,660.391357421875
xgboost,2015-03-01,3522.0,765.3787841796875
xgboost,2015-04-01,7214.0,709.9713745117188
xgboost,2015-05-01,17109.0,1583.5362548828125
xgboost,2015-06-01,6980.0,1834.491943359375
xgboost,2015-07-01,3234.0,1874.8829345703125
xgboost,2015-08-01,1636.0,929.6725463867188
xgboost,2015-09-01,561.0,853.4334716796875
xgboost,2015-10-01,357.0,590.6978759765625
xgboost,2015-11-01,450.0,498.1346435546875
xgboost,2015-12-01,397.0,491.0960998535156
xgboost,2016-01-01,1465.0,559.2114868164062
xgboost,2016-02-01,1995.0,780.0161743164062
xgboost,2015-04-01,7214.0,2856.7001953125
xgboost,2015-05-01,17109.0,1607.28271484375
xgboost,2015-06-01,6980.0,2000.994140625
xgboost,2015-07-01,3234.0,2582.348876953125
xgboost,2015-08-01,1636.0,1553.3345947265625
xgboost,2015-09-01,561.0,911.719970703125
xgboost,2015-10-01,357.0,538.6263427734375
xgboost,2015-11-01,450.0,507.3492126464844
xgboost,2015-12-01,397.0,491.4781188964844
xgboost,2016-01-01,1465.0,371.0037841796875
xgboost,2016-02-01,1995.0,674.5924072265625
xgboost,2016-03-01,2498.0,1026.1544189453125
xgboost,2015-05-01,17109.0,11094.2705078125
xgboost,2015-06-01,6980.0,2536.44091796875
xgboost,2015-07-01,3234.0,2498.18994140625
xgboost,2015-08-01,1636.0,2034.37646484375
xgboost,2015-09-01,561.0,1688.2608642578125
xgboost,2015-10-01,357.0,758.5104370117188
xgboost,2015-11-01,450.0,398.23626708984375
xgboost,2015-12-01,397.0,599.6505126953125
xgboost,2016-01-01,1465.0,418.6016845703125
xgboost,2016-02-01,1995.0,465.859375
xgboost,2016-03-01,2498.0,624.928466796875
xgboost,2016-04-01,6332.0,2018.6107177734375
xgboost,2015-06-01,6980.0,5360.91796875
xgboost,2015-07-01,3234.0,2603.88818359375
xgboost,2015-08-01,1636.0,2015.5594482421875
xgboost,2015-09-01,561.0,1187.02880859375
xgboost,2015-10-01,357.0,642.6263427734375
xgboost,2015-11-01,450.0,506.4083251953125
xgboost,2015-12-01,397.0,328.6941223144531
xgboost,2016-01-01,1465.0,422.1492919921875
xgboost,2016-02-01,1995.0,479.3644714355469
xgboost,2016-03-01,2498.0,980.16748046875
xgboost,2016-04-01,6332.0,2429.97119140625
xgboost,2016-05-01,13527.0,3328.24462890625
xgboost,2015-07-01,3234.0,3274.275634765625
xgboost,2015-08-01,1636.0,2005.8050537109375
xgboost,2015-09-01,561.0,1101.978515625
xgboost,2015-10-01,357.0,526.465087890625
xgboost,2015-11-01,450.0,529.7564697265625
xgboost,2015-12-01,397.0,373.32147216796875
xgboost,2016-01-01,1465.0,531.3413696289062
xgboost,2016-02-01,1995.0,538.2490844726562
xgboost,2016-03-01,2498.0,890.7335815429688
xgboost,2016-04-01,6332.0,2652.156982421875
xgboost,2016-05-01,13527.0,3339.883056640625
xgboost,2016-06-01,6442.0,2418.544677734375
xgboost,2015-08-01,1636.0,1985.914306640625
xgboost,2015-09-01,561.0,1086.29443359375
xgboost,2015-10-01,357.0,420.2601013183594
xgboost,2015-11-01,450.0,444.2252197265625
xgboost,2015-12-01,397.0,292.2080993652344
xgboost,2016-01-01,1465.0,528.0221557617188
xgboost,2016-02-01,1995.0,621.2500610351562
xgboost,2016-03-01,2498.0,917.9423828125
xgboost,2016-04-01,6332.0,2605.77197265625
xgboost,2016-05-01,13527.0,3286.352294921875
xgboost,2016-06-01,6442.0,2395.5390625
xgboost,2016-07-01,5218.0,2088.518310546875
xgboost,2015-09-01,561.0,1125.115234375
xgboost,2015-10-01,357.0,611.3556518554688
xgboost,2015-11-01,450.0,690.7567138671875
xgboost,2015-12-01,397.0,326.2608642578125
xgboost,2016-01-01,1465.0,522.2340087890625
xgboost,2016-02-01,1995.0,628.7979125976562
xgboost,2016-03-01,2498.0,982.3790283203125
xgboost,2016-04-01,6332.0,2865.3154296875
xgboost,2016-05-01,13527.0,3311.7607421875
xgboost,2016-06-01,6442.0,3234.315673828125
xgboost,2016-07-01,5218.0,2176.396240234375
xgboost,2016-08-01,2524.0,2178.471435546875
xgboost,2015-10-01,357.0,483.9036865234375
xgboost,2015-11-01,450.0,383.45758056640625
xgboost,2015-12-01,397.0,352.4161376953125
xgboost,2016-01-01,1465.0,436.288818359375
xgboost,2016-02-01,1995.0,540.1617431640625
xgboost,2016-03-01,2498.0,1275.3486328125
xgboost,2016-04-01,6332.0,3468.875732421875
xgboost,2016-05-01,13527.0,12385.4990234375
xgboost,2016-06-01,6442.0,18985.990234375
xgboost,2016-07-01,5218.0,6980.0009765625
xgboost,2016-08-01,2524.0,3105.29541015625
xgboost,2016-09-01,1700.0,1639.130126953125
xgboost,2015-11-01,450.0,318.7663879394531
xgboost,2015-12-01,397.0,301.5841369628906
xgboost,2016-01-01,1465.0,349.9280090332031
xgboost,2016-02-01,1995.0,512.5667724609375
xgboost,2016-03-01,2498.0,1224.96728515625
xgboost,2016-04-01,6332.0,3126.192138671875
xgboost,2016-05-01,13527.0,3178.827392578125
xgboost,2016-06-01,6442.0,2470.166015625
xgboost,2016-07-01,5218.0,2419.025634765625
xgboost,2016-08-01,2524.0,1386.48583984375
xgboost,2016-09-01,1700.0,746.0955810546875
xgboost,2016-10-01,1643.0,376.09613037109375
xgboost,2015-12-01,397.0,381.4890441894531
xgboost,2016-01-01,1465.0,407.0391540527344
xgboost,2016-02-01,1995.0,427.66717529296875
xgboost,2016-03-01,2498.0,1236.0947265625
xgboost,2016-04-01,6332.0,3036.79296875
xgboost,2016-05-01,13527.0,3172.517822265625
xgboost,2016-06-01,6442.0,2478.913818359375
xgboost,2016-07-01,5218.0,2232.485595703125
xgboost,2016-08-01,2524.0,1788.59814453125
xgboost,2016-09-01,1700.0,906.7557373046875
xgboost,2016-10-01,1643.0,425.9135437011719
xgboost,2016-11-01,1385.0,359.18890380859375
xgboost,2016-01-01,1465.0,425.7293395996094
xgboost,2016-02-01,1995.0,631.2030639648438
xgboost,2016-03-01,2498.0,1228.5198974609375
xgboost,2016-04-01,6332.0,2987.463134765625
xgboost,2016-05-01,13527.0,3261.788330078125
xgboost,2016-06-01,6442.0,3246.19580078125
xgboost,2016-07-01,5218.0,2376.821044921875
xgboost,2016-08-01,2524.0,2234.78662109375
xgboost,2016-09-01,1700.0,1528.7060546875
xgboost,2016-10-01,1643.0,502.72760009765625
xgboost,2016-11-01,1385.0,325.395263671875
xgboost,2016-12-01,1208.0,358.6144714355469
xgboost,2016-02-01,1995.0,1387.0445556640625
xgboost,2016-03-01,2498.0,2118.1181640625
xgboost,2016-04-01,6332.0,3288.26171875
xgboost,2016-05-01,13527.0,3251.78857421875
xgboost,2016-06-01,6442.0,3304.110595703125
xgboost,2016-07-01,5218.0,1707.5679931640625
xgboost,2016-08-01,2524.0,521.05615234375
xgboost,2016-09-01,1700.0,363.3603210449219
xgboost,2016-10-01,1643.0,379.09075927734375
xgboost,2016-11-01,1385.0,316.0775146484375
xgboost,2016-12-01,1208.0,381.0585021972656
xgboost,2017-01-01,3328.0,614.4613647460938
xgboost,2016-03-01,2498.0,2177.578857421875
xgboost,2016-04-01,6332.0,3162.7333984375
xgboost,2016-05-01,13527.0,3221.674560546875
xgboost,2016-06-01,6442.0,2289.59326171875
xgboost,2016-07-01,5218.0,1487.1314697265625
xgboost,2016-08-01,2524.0,660.3925170898438
xgboost,2016-09-01,1700.0,401.77569580078125
xgboost,2016-10-01,1643.0,421.3559265136719
xgboost,2016-11-01,1385.0,462.82440185546875
xgboost,2016-12-01,1208.0,489.661376953125
xgboost,2017-01-01,3328.0,581.545654296875
xgboost,2017-02-01,5050.0,1849.8665771484375
xgboost,2016-04-01,6332.0,2813.238525390625
xgboost,2016-05-01,13527.0,3254.447021484375
xgboost,2016-06-01,6442.0,3289.44775390625
xgboost,2016-07-01,5218.0,1641.62255859375
xgboost,2016-08-01,2524.0,568.1090698242188
xgboost,2016-09-01,1700.0,380.2134704589844
xgboost,2016-10-01,1643.0,422.8710632324219
xgboost,2016-11-01,1385.0,405.8022766113281
xgboost,2016-12-01,1208.0,463.3125
xgboost,2017-01-01,3328.0,480.06182861328125
xgboost,2017-02-01,5050.0,1122.792724609375
xgboost,2017-03-01,8238.0,2145.024658203125
xgboost,2016-05-01,13527.0,10512.56640625
xgboost,2016-06-01,6442.0,17704.744140625
xgboost,2016-07-01,5218.0,6979.99755859375
xgboost,2016-08-01,2524.0,2159.328125
xgboost,2016-09-01,1700.0,1582.327392578125
xgboost,2016-10-01,1643.0,547.3703002929688
xgboost,2016-11-01,1385.0,308.89593505859375
xgboost,2016-12-01,1208.0,298.0854797363281
xgboost,2017-01-01,3328.0,317.45184326171875
xgboost,2017-02-01,5050.0,1251.2476806640625
xgboost,2017-03-01,8238.0,2118.3076171875
xgboost,2017-04-01,14309.0,2093.14404296875
xgboost,2016-06-01,6442.0,16963.166015625
xgboost,2016-07-01,5218.0,10413.857421875
xgboost,2016-08-01,2524.0,10848.16796875
xgboost,2016-09-01,1700.0,11220.228515625
xgboost,2016-10-01,1643.0,11220.228515625
xgboost,2016-11-01,1385.0,11220.228515625
xgboost,2016-12-01,1208.0,11220.228515625
xgboost,2017-01-01,3328.0,17328.404296875
xgboost,2017-02-01,5050.0,13307.5888671875
xgboost,2017-03-01,8238.0,17182.57421875
xgboost,2017-04-01,14309.0,13307.5888671875
xgboost,2017-05-01,3780.0,17182.57421875
xgboost,2016-07-01,5218.0,3230.517822265625
xgboost,2016-08-01,2524.0,1797.5684814453125
xgboost,2016-09-01,1700.0,633.1510009765625
xgboost,2016-10-01,1643.0,361.7709045410156
xgboost,2016-11-01,1385.0,329.2926330566406
xgboost,2016-12-01,1208.0,270.7629089355469
xgboost,2017-01-01,3328.0,326.0574951171875
xgboost,2017-02-01,5050.0,895.3606567382812
xgboost,2017-03-01,8238.0,1478.6036376953125
xgboost,2017-04-01,14309.0,2191.718505859375
xgboost,2017-05-01,3780.0,3277.67041015625
xgboost,2017-06-01,1160.0,4368.9248046875
xgboost,2016-08-01,2524.0,3480.609130859375
xgboost,2016-09-01,1700.0,3485.748046875
xgboost,2016-10-01,1643.0,9556.103515625
xgboost,2016-11-01,1385.0,17104.466796875
xgboost,2016-12-01,1208.0,6441.99951171875
xgboost,2017-01-01,3328.0,5275.1708984375
xgboost,2017-02-01,5050.0,4249.373046875
xgboost,2017-03-01,8238.0,4413.02001953125
xgboost,2017-04-01,14309.0,4346.7607421875
xgboost,2017-05-01,3780.0,4412.912109375
xgboost,2017-06-01,1160.0,4297.14794921875
xgboost,2017-07-01,865.0,4292.1337890625
xgboost,2016-09-01,1700.0,1951.799560546875
xgboost,2016-10-01,1643.0,921.49951171875
xgboost,2016-11-01,1385.0,462.44580078125
xgboost,2016-12-01,1208.0,394.1138000488281
xgboost,2017-01-01,3328.0,462.49285888671875
xgboost,2017-02-01,5050.0,827.9432373046875
xgboost,2017-03-01,8238.0,1234.9613037109375
xgboost,2017-04-01,14309.0,1952.83837890625
xgboost,2017-05-01,3780.0,4131.771484375
xgboost,2017-06-01,1160.0,13247.798828125
xgboost,2017-07-01,865.0,16641.1484375
xgboost,2017-08-01,418.0,6529.61328125
xgboost,2016-10-01,1643.0,555.1168212890625
xgboost,2016-11-01,1385.0,283.5016784667969
xgboost,2016-12-01,1208.0,267.8787841796875
xgboost,2017-01-01,3328.0,378.1835632324219
xgboost,2017-02-01,5050.0,777.0941772460938
xgboost,2017-03-01,8238.0,1343.612548828125
xgboost,2017-04-01,14309.0,2157.23876953125
xgboost,2017-05-01,3780.0,3162.6689453125
xgboost,2017-06-01,1160.0,4583.1796875
xgboost,2017-07-01,865.0,11576.12890625
xgboost,2017-08-01,418.0,10287.7236328125
xgboost,2017-09-01,1041.0,9917.2265625
xgboost,2016-11-01,1385.0,624.8611450195312
xgboost,2016-12-01,1208.0,331.7035217285156
xgboost,2017-01-01,3328.0,331.9974060058594
xgboost,2017-02-01,5050.0,752.6827392578125
xgboost,2017-03-01,8238.0,830.072265625
xgboost,2017-04-01,14309.0,1382.9268798828125
xgboost,2017-05-01,3780.0,4473.96142578125
xgboost,2017-06-01,1160.0,13071.896484375
xgboost,2017-07-01,865.0,11601.361328125
xgboost,2017-08-01,418.0,10292.0791015625
xgboost,2017-09-01,1041.0,9094.2666015625
xgboost,2017-10-01,690.0,8710.68359375
xgboost,2016-12-01,1208.0,769.4107055664062
xgboost,2017-01-01,3328.0,567.0071411132812
xgboost,2017-02-01,5050.0,904.3677978515625
xgboost,2017-03-01,8238.0,1149.738037109375
xgboost,2017-04-01,14309.0,1748.7418212890625
xgboost,2017-05-01,3780.0,4279.814453125
xgboost,2017-06-01,1160.0,13115.26953125
xgboost,2017-07-01,865.0,10479.58984375
xgboost,2017-08-01,418.0,10311.8154296875
xgboost,2017-09-01,1041.0,9084.9560546875
xgboost,2017-10-01,690.0,9093.3798828125
xgboost,2017-11-01,313.0,8717.341796875
xgboost,2017-01-01,3328.0,785.38720703125
xgboost,2017-02-01,5050.0,938.6449584960938
xgboost,2017-03-01,8238.0,1137.664306640625
xgboost,2017-04-01,14309.0,1602.112548828125
xgboost,2017-05-01,3780.0,4084.0703125
xgboost,2017-06-01,1160.0,13186.4169921875
xgboost,2017-07-01,865.0,16639.640625
xgboost,2017-08-01,418.0,6531.60302734375
xgboost,2017-09-01,1041.0,4205.703125
xgboost,2017-10-01,690.0,3435.9873046875
xgboost,2017-11-01,313.0,2095.392578125
xgboost,2017-12-01,374.0,1541.374755859375
xgboost,2017-02-01,5050.0,3428.784912109375
xgboost,2017-03-01,8238.0,4632.8857421875
xgboost,2017-04-01,14309.0,10203.8916015625
xgboost,2017-05-01,3780.0,10304.3134765625
xgboost,2017-06-01,1160.0,10299.52734375
xgboost,2017-07-01,865.0,9091.462890625
xgboost,2017-08-01,418.0,9087.5029296875
xgboost,2017-09-01,1041.0,9091.6337890625
xgboost,2017-10-01,690.0,9079.681640625
xgboost,2017-11-01,313.0,8703.00390625
xgboost,2017-12-01,374.0,9067.775390625
xgboost,2018-01-01,495.0,9080.3173828125
xgboost,2017-03-01,8238.0,11947.5224609375
xgboost,2017-04-01,14309.0,10457.3037109375
xgboost,2017-05-01,3780.0,10310.064453125
xgboost,2017-06-01,1160.0,9093.44140625
xgboost,2017-07-01,865.0,9093.2548828125
xgboost,2017-08-01,418.0,9097.560546875
xgboost,2017-09-01,1041.0,9097.6298828125
xgboost,2017-10-01,690.0,9096.5888671875
xgboost,2017-11-01,313.0,8718.583984375
xgboost,2017-12-01,374.0,9095.255859375
xgboost,2018-01-01,495.0,9094.056640625
xgboost,2018-02-01,585.0,9094.283203125
xgboost,2017-04-01,14309.0,10305.822265625
xgboost,2017-05-01,3780.0,10075.0458984375
xgboost,2017-06-01,1160.0,7854.412109375
xgboost,2017-07-01,865.0,7854.3291015625
xgboost,2017-08-01,418.0,7574.4248046875
xgboost,2017-09-01,1041.0,7574.42431640625
xgboost,2017-10-01,690.0,10372.1298828125
xgboost,2017-11-01,313.0,10372.12890625
xgboost,2017-12-01,374.0,10652.0390625
xgboost,2018-01-01,495.0,10652.0390625
xgboost,2018-02-01,585.0,10652.0361328125
xgboost,2018-03-01,831.0,8888.9716796875
xgboost,2017-05-01,3780.0,7678.34765625
xgboost,2017-06-01,1160.0,5607.86767578125
xgboost,2017-07-01,865.0,3029.0888671875
xgboost,2017-08-01,418.0,3208.40966796875
xgboost,2017-09-01,1041.0,2951.248779296875
xgboost,2017-10-01,690.0,2949.071533203125
xgboost,2017-11-01,313.0,2894.445556640625
xgboost,2017-12-01,374.0,2426.291259765625
xgboost,2018-01-01,495.0,3285.331787109375
xgboost,2018-02-01,585.0,4695.45068359375
xgboost,2018-03-01,831.0,12178.0810546875
xgboost,2018-04-01,1553.0,14151.4384765625
xgboost,2017-06-01,1160.0,3927.15966796875
xgboost,2017-07-01,865.0,11800.484375
xgboost,2017-08-01,418.0,14935.802734375
xgboost,2017-09-01,1041.0,3779.4716796875
xgboost,2017-10-01,690.0,1917.1910400390625
xgboost,2017-11-01,313.0,1947.077880859375
xgboost,2017-12-01,374.0,1989.21923828125
xgboost,2018-01-01,495.0,3171.92431640625
xgboost,2018-02-01,585.0,5893.15234375
xgboost,2018-03-01,831.0,13016.916015625
xgboost,2018-04-01,1553.0,6425.24609375
xgboost,2018-05-01,498.0,4867.1826171875
xgboost,2017-07-01,865.0,1819.06591796875
xgboost,2017-08-01,418.0,2208.5185546875
xgboost,2017-09-01,1041.0,2172.426025390625
xgboost,2017-10-01,690.0,1702.846435546875
xgboost,2017-11-01,313.0,2044.12890625
xgboost,2017-12-01,374.0,2126.4580078125
xgboost,2018-01-01,495.0,3151.20703125
xgboost,2018-02-01,585.0,4002.73046875
xgboost,2018-03-01,831.0,11352.9609375
xgboost,2018-04-01,1553.0,16917.87890625
xgboost,2018-05-01,498.0,4143.33544921875
xgboost,2018-06-01,291.0,1218.88427734375
xgboost,2017-08-01,418.0,793.4085083007812
xgboost,2017-09-01,1041.0,1043.03515625
xgboost,2017-10-01,690.0,695.2083129882812
xgboost,2017-11-01,313.0,1117.54150390625
xgboost,2017-12-01,374.0,1394.602783203125
xgboost,2018-01-01,495.0,2547.58251953125
xgboost,2018-02-01,585.0,5527.765625
xgboost,2018-03-01,831.0,13314.5712890625
xgboost,2018-04-01,1553.0,6554.80517578125
xgboost,2018-05-01,498.0,4184.88427734375
xgboost,2018-06-01,291.0,1474.6978759765625
xgboost,2018-07-01,365.0,769.4967041015625
xgboost,2017-09-01,1041.0,473.6041564941406
xgboost,2017-10-01,690.0,566.021484375
xgboost,2017-11-01,313.0,1004.9976196289062
xgboost,2017-12-01,374.0,1503.55859375
xgboost,2018-01-01,495.0,3632.73876953125
xgboost,2018-02-01,585.0,11897.6748046875
xgboost,2018-03-01,831.0,17084.158203125
xgboost,2018-04-01,1553.0,5220.54150390625
xgboost,2018-05-01,498.0,2520.272216796875
xgboost,2018-06-01,291.0,3365.989501953125
xgboost,2018-07-01,365.0,1998.4140625
xgboost,2018-08-01,190.0,1431.490966796875
xgboost,2017-10-01,690.0,692.1222534179688
xgboost,2017-11-01,313.0,1334.5538330078125
xgboost,2017-12-01,374.0,2083.020263671875
xgboost,2018-01-01,495.0,3462.455810546875
xgboost,2018-02-01,585.0,11494.111328125
xgboost,2018-03-01,831.0,18607.0390625
xgboost,2018-04-01,1553.0,4294.771484375
xgboost,2018-05-01,498.0,2021.8896484375
xgboost,2018-06-01,291.0,3255.751953125
xgboost,2018-07-01,365.0,2699.80908203125
xgboost,2018-08-01,190.0,1961.3284912109375
xgboost,2018-09-01,175.0,1221.3446044921875
xgboost,2017-11-01,313.0,1179.9835205078125
xgboost,2017-12-01,374.0,1727.641845703125
xgboost,2018-01-01,495.0,3527.93408203125
xgboost,2018-02-01,585.0,11894.43359375
xgboost,2018-03-01,831.0,17059.306640625
xgboost,2018-04-01,1553.0,4159.0751953125
xgboost,2018-05-01,498.0,1821.814453125
xgboost,2018-06-01,291.0,3132.83935546875
xgboost,2018-07-01,365.0,2723.220947265625
xgboost,2018-08-01,190.0,2903.170654296875
xgboost,2018-09-01,175.0,1605.0789794921875
xgboost,2018-10-01,133.0,1067.5233154296875
xgboost,2017-12-01,374.0,1367.7291259765625
xgboost,2018-01-01,495.0,3688.601806640625
xgboost,2018-02-01,585.0,12009.5341796875
xgboost,2018-03-01,831.0,17067.447265625
xgboost,2018-04-01,1553.0,4450.517578125
xgboost,2018-05-01,498.0,1512.191650390625
xgboost,2018-06-01,291.0,2670.424072265625
xgboost,2018-07-01,365.0,2702.659912109375
xgboost,2018-08-01,190.0,2856.68310546875
xgboost,2018-09-01,175.0,1628.590576171875
xgboost,2018-10-01,133.0,909.35498046875
xgboost,2018-11-01,148.0,1785.685791015625
xgboost,2018-01-01,495.0,1241.130615234375
xgboost,2018-02-01,585.0,2545.288818359375
xgboost,2018-03-01,831.0,5515.962890625
xgboost,2018-04-01,1553.0,13579.5048828125
xgboost,2018-05-01,498.0,6033.8232421875
xgboost,2018-06-01,291.0,4074.77685546875
xgboost,2018-07-01,365.0,1630.7982177734375
xgboost,2018-08-01,190.0,887.0643920898438
xgboost,2018-09-01,175.0,433.88885498046875
xgboost,2018-10-01,133.0,410.61358642578125
xgboost,2018-11-01,148.0,404.2589111328125
xgboost,2018-12-01,274.0,738.0890502929688
xgboost,2018-02-01,585.0,1412.608154296875
xgboost,2018-03-01,831.0,3440.107177734375
xgboost,2018-04-01,1553.0,12804.23046875
xgboost,2018-05-01,498.0,18539.7578125
xgboost,2018-06-01,291.0,5117.958984375
xgboost,2018-07-01,365.0,2351.473388671875
xgboost,2018-08-01,190.0,1295.0186767578125
xgboost,2018-09-01,175.0,686.9149780273438
xgboost,2018-10-01,133.0,324.8840026855469
xgboost,2018-11-01,148.0,387.77032470703125
xgboost,2018-12-01,274.0,370.0231018066406
xgboost,2019-01-01,452.0,698.5598754882812
xgboost,2018-03-01,831.0,1374.9169921875
xgboost,2018-04-01,1553.0,3907.251708984375
xgboost,2018-05-01,498.0,12266.78125
xgboost,2018-06-01,291.0,14292.2294921875
xgboost,2018-07-01,365.0,5081.51611328125
xgboost,2018-08-01,190.0,2222.43994140625
xgboost,2018-09-01,175.0,1288.609375
xgboost,2018-10-01,133.0,691.27099609375
xgboost,2018-11-01,148.0,370.7020263671875
xgboost,2018-12-01,274.0,458.907470703125
xgboost,2019-01-01,452.0,376.0054626464844
xgboost,2019-02-01,489.0,908.6337890625
xgboost,2018-04-01,1553.0,1249.7725830078125
xgboost,2018-05-01,498.0,2707.574951171875
xgboost,2018-06-01,291.0,4526.15234375
xgboost,2018-07-01,365.0,11242.2392578125
xgboost,2018-08-01,190.0,14286.783203125
xgboost,2018-09-01,175.0,3780.129638671875
xgboost,2018-10-01,133.0,1386.0836181640625
xgboost,2018-11-01,148.0,3079.300048828125
xgboost,2018-12-01,274.0,4229.54541015625
xgboost,2019-01-01,452.0,11171.9091796875
xgboost,2019-02-01,489.0,8876.931640625
xgboost,2019-03-01,1847.0,4967.8046875
xgboost,2018-05-01,498.0,3452.613037109375
xgboost,2018-06-01,291.0,11881.185546875
xgboost,2018-07-01,365.0,18623.443359375
xgboost,2018-08-01,190.0,5132.60986328125
xgboost,2018-09-01,175.0,2202.3408203125
xgboost,2018-10-01,133.0,1316.164306640625
xgboost,2018-11-01,148.0,1961.5882568359375
xgboost,2018-12-01,274.0,3272.2890625
xgboost,2019-01-01,452.0,5582.9140625
xgboost,2019-02-01,489.0,7990.69384765625
xgboost,2019-03-01,1847.0,6111.767578125
xgboost,2019-04-01,1855.0,3238.598388671875
xgboost,2018-06-01,291.0,604.3226928710938
xgboost,2018-07-01,365.0,1476.8780517578125
xgboost,2018-08-01,190.0,951.1385498046875
xgboost,2018-09-01,175.0,464.4320983886719
xgboost,2018-10-01,133.0,448.291259765625
xgboost,2018-11-01,148.0,556.2444458007812
xgboost,2018-12-01,274.0,743.6207275390625
xgboost,2019-01-01,452.0,497.5865783691406
xgboost,2019-02-01,489.0,1007.7106323242188
xgboost,2019-03-01,1847.0,1486.9046630859375
xgboost,2019-04-01,1855.0,3193.3544921875
xgboost,2019-05-01,1309.0,4089.6455078125
xgboost,2018-07-01,365.0,1342.7384033203125
xgboost,2018-08-01,190.0,730.8281860351562
xgboost,2018-09-01,175.0,365.2021789550781
xgboost,2018-10-01,133.0,438.7521057128906
xgboost,2018-11-01,148.0,492.8554992675781
xgboost,2018-12-01,274.0,1092.652099609375
xgboost,2019-01-01,452.0,907.48095703125
xgboost,2019-02-01,489.0,2021.1085205078125
xgboost,2019-03-01,1847.0,4282.35888671875
xgboost,2019-04-01,1855.0,7193.85400390625
xgboost,2019-05-01,1309.0,12896.4873046875
xgboost,2019-06-01,1070.0,6986.92578125
xgboost,2018-08-01,190.0,737.5137329101562
xgboost,2018-09-01,175.0,374.375732421875
xgboost,2018-10-01,133.0,379.14361572265625
xgboost,2018-11-01,148.0,540.972412109375
xgboost,2018-12-01,274.0,1223.830078125
xgboost,2019-01-01,452.0,2312.948486328125
xgboost,2019-02-01,489.0,2556.5390625
xgboost,2019-03-01,1847.0,5544.3525390625
xgboost,2019-04-01,1855.0,6811.7880859375
xgboost,2019-05-01,1309.0,5040.47509765625
xgboost,2019-06-01,1070.0,3072.02978515625
xgboost,2019-07-01,845.0,2400.771484375
xgboost,2018-09-01,175.0,245.96937561035156
xgboost,2018-10-01,133.0,588.9385375976562
xgboost,2018-11-01,148.0,716.1771850585938
xgboost,2018-12-01,274.0,1305.6444091796875
xgboost,2019-01-01,452.0,2244.09765625
xgboost,2019-02-01,489.0,2762.782470703125
xgboost,2019-03-01,1847.0,5600.138671875
xgboost,2019-04-01,1855.0,6912.14990234375
xgboost,2019-05-01,1309.0,4241.99853515625
xgboost,2019-06-01,1070.0,3155.586669921875
xgboost,2019-07-01,845.0,2453.0263671875
xgboost,2019-08-01,680.0,1608.5467529296875
xgboost,2018-10-01,133.0,282.75970458984375
xgboost,2018-11-01,148.0,284.01373291015625
xgboost,2018-12-01,274.0,1253.37890625
xgboost,2019-01-01,452.0,2740.837646484375
xgboost,2019-02-01,489.0,3125.28662109375
xgboost,2019-03-01,1847.0,5429.39697265625
xgboost,2019-04-01,1855.0,7215.74658203125
xgboost,2019-05-01,1309.0,6888.82421875
xgboost,2019-06-01,1070.0,5027.6396484375
xgboost,2019-07-01,845.0,2247.008056640625
xgboost,2019-08-01,680.0,1177.0189208984375
xgboost,2019-09-01,716.0,1799.9725341796875
xgboost,2018-11-01,148.0,651.8627319335938
xgboost,2018-12-01,274.0,1033.6414794921875
xgboost,2019-01-01,452.0,1703.6900634765625
xgboost,2019-02-01,489.0,2332.1689453125
xgboost,2019-03-01,1847.0,4662.25439453125
xgboost,2019-04-01,1855.0,7999.4189453125
xgboost,2019-05-01,1309.0,14034.671875
xgboost,2019-06-01,1070.0,5808.0869140625
xgboost,2019-07-01,845.0,2311.975830078125
xgboost,2019-08-01,680.0,1099.9556884765625
xgboost,2019-09-01,716.0,1618.270263671875
xgboost,2019-10-01,371.0,3570.746337890625
xgboost,2018-12-01,274.0,850.878173828125
xgboost,2019-01-01,452.0,759.7844848632812
xgboost,2019-02-01,489.0,1467.0400390625
xgboost,2019-03-01,1847.0,3450.3369140625
xgboost,2019-04-01,1855.0,7988.1064453125
xgboost,2019-05-01,1309.0,18220.91796875
xgboost,2019-06-01,1070.0,6704.50048828125
xgboost,2019-07-01,845.0,3540.591796875
xgboost,2019-08-01,680.0,1437.9228515625
xgboost,2019-09-01,716.0,2160.660888671875
xgboost,2019-10-01,371.0,4557.341796875
xgboost,2019-11-01,366.0,7156.46923828125
xgboost,2019-01-01,452.0,577.1387329101562
xgboost,2019-02-01,489.0,900.2384033203125
xgboost,2019-03-01,1847.0,1627.848388671875
xgboost,2019-04-01,1855.0,3355.659423828125
xgboost,2019-05-01,1309.0,4007.871826171875
xgboost,2019-06-01,1070.0,12818.25
xgboost,2019-07-01,845.0,14253.6708984375
xgboost,2019-08-01,680.0,3785.434814453125
xgboost,2019-09-01,716.0,1282.36572265625
xgboost,2019-10-01,371.0,2676.154052734375
xgboost,2019-11-01,366.0,4639.48291015625
xgboost,2019-12-01,429.0,7424.8681640625
xgboost,2019-02-01,489.0,1021.3180541992188
xgboost,2019-03-01,1847.0,1907.6109619140625
xgboost,2019-04-01,1855.0,3925.80517578125
xgboost,2019-05-01,1309.0,12773.3408203125
xgboost,2019-06-01,1070.0,14307.9189453125
xgboost,2019-07-01,845.0,5730.59375
xgboost,2019-08-01,680.0,2517.083740234375
xgboost,2019-09-01,716.0,1942.53466796875
xgboost,2019-10-01,371.0,3808.837646484375
xgboost,2019-11-01,366.0,6402.4453125
xgboost,2019-12-01,429.0,8528.1806640625
xgboost,2020-01-01,973.0,7371.71533203125
xgboost,2019-03-01,1847.0,1261.5487060546875
xgboost,2019-04-01,1855.0,3236.06591796875
xgboost,2019-05-01,1309.0,3114.2548828125
xgboost,2019-06-01,1070.0,3987.526611328125
xgboost,2019-07-01,845.0,12164.3330078125
xgboost,2019-08-01,680.0,8775.322265625
xgboost,2019-09-01,716.0,6195.658203125
xgboost,2019-10-01,371.0,2462.75244140625
xgboost,2019-11-01,366.0,4305.2802734375
xgboost,2019-12-01,429.0,7035.79541015625
xgboost,2020-01-01,973.0,7972.17431640625
xgboost,2020-02-01,2378.0,6903.875
xgboost,2019-04-01,1855.0,3569.462646484375
xgboost,2019-05-01,1309.0,13033.19921875
xgboost,2019-06-01,1070.0,16561.32421875
xgboost,2019-07-01,845.0,5620.8876953125
xgboost,2019-08-01,680.0,2515.832275390625
xgboost,2019-09-01,716.0,1799.6005859375
xgboost,2019-10-01,371.0,3781.54443359375
xgboost,2019-11-01,366.0,6416.30712890625
xgboost,2019-12-01,429.0,8231.833984375
xgboost,2020-01-01,973.0,7350.6767578125
xgboost,2020-02-01,2378.0,6449.59033203125
xgboost,2020-03-01,2635.0,3971.445068359375
xgboost,2019-05-01,1309.0,2738.547119140625
xgboost,2019-06-01,1070.0,4407.39990234375
xgboost,2019-07-01,845.0,11964.572265625
xgboost,2019-08-01,680.0,8805.9931640625
xgboost,2019-09-01,716.0,6213.841796875
xgboost,2019-10-01,371.0,2369.030029296875
xgboost,2019-11-01,366.0,4644.9453125
xgboost,2019-12-01,429.0,6884.2998046875
xgboost,2020-01-01,973.0,8008.88525390625
xgboost,2020-02-01,2378.0,6918.6142578125
xgboost,2020-03-01,2635.0,4087.26416015625
xgboost,2020-04-01,2140.0,1517.72802734375
xgboost,2019-06-01,1070.0,1347.083740234375
xgboost,2019-07-01,845.0,1530.6702880859375
xgboost,2019-08-01,680.0,1200.3720703125
xgboost,2019-09-01,716.0,1436.4393310546875
xgboost,2019-10-01,371.0,3974.64306640625
xgboost,2019-11-01,366.0,7017.0380859375
xgboost,2019-12-01,429.0,8969.1748046875
xgboost,2020-01-01,973.0,7368.42919921875
xgboost,2020-02-01,2378.0,5045.7099609375
xgboost,2020-03-01,2635.0,1400.3770751953125
xgboost,2020-04-01,2140.0,3685.58740234375
xgboost,2020-05-01,1836.0,6276.7412109375
xgboost,2019-07-01,845.0,1291.6158447265625
xgboost,2019-08-01,680.0,830.4686889648438
xgboost,2019-09-01,716.0,1221.082763671875
xgboost,2019-10-01,371.0,2715.052490234375
xgboost,2019-11-01,366.0,5237.3671875
xgboost,2019-12-01,429.0,8235.923828125
xgboost,2020-01-01,973.0,7721.5068359375
xgboost,2020-02-01,2378.0,6447.98681640625
xgboost,2020-03-01,2635.0,4075.548095703125
xgboost,2020-04-01,2140.0,1752.02880859375
xgboost,2020-05-01,1836.0,1795.4224853515625
xgboost,2020-06-01,1820.0,2298.777587890625
xgboost,2019-08-01,680.0,697.3261108398438
xgboost,2019-09-01,716.0,1004.2094116210938
xgboost,2019-10-01,371.0,1198.7913818359375
xgboost,2019-11-01,366.0,1280.3209228515625
xgboost,2019-12-01,429.0,2424.40625
xgboost,2020-01-01,973.0,4538.9794921875
xgboost,2020-02-01,2378.0,7869.12353515625
xgboost,2020-03-01,2635.0,9597.8857421875
xgboost,2020-04-01,2140.0,7397.96337890625
xgboost,2020-05-01,1836.0,5543.23681640625
xgboost,2020-06-01,1820.0,2546.28955078125
xgboost,2020-07-01,1519.0,1847.7919921875
xgboost,2019-09-01,716.0,719.3057250976562
xgboost,2019-10-01,371.0,830.38525390625
xgboost,2019-11-01,366.0,835.5919189453125
xgboost,2019-12-01,429.0,1135.321044921875
xgboost,2020-01-01,973.0,1122.86572265625
xgboost,2020-02-01,2378.0,1057.2919921875
xgboost,2020-03-01,2635.0,967.1139526367188
xgboost,2020-04-01,2140.0,840.29833984375
xgboost,2020-05-01,1836.0,818.0942993164062
xgboost,2020-06-01,1820.0,998.0223388671875
xgboost,2020-07-01,1519.0,886.25830078125
xgboost,2020-08-01,1265.0,927.9282836914062
xgboost,2019-10-01,371.0,1090.1982421875
xgboost,2019-11-01,366.0,907.9886474609375
xgboost,2019-12-01,429.0,1330.095947265625
xgboost,2020-01-01,973.0,3479.0126953125
xgboost,2020-02-01,2378.0,7754.240234375
xgboost,2020-03-01,2635.0,13988.35546875
xgboost,2020-04-01,2140.0,6289.0205078125
xgboost,2020-05-01,1836.0,2642.765625
xgboost,2020-06-01,1820.0,1683.44677734375
xgboost,2020-07-01,1519.0,1248.458740234375
xgboost,2020-08-01,1265.0,1256.4632568359375
xgboost,2020-09-01,586.0,1339.0899658203125
xgboost,2019-11-01,366.0,455.17047119140625
xgboost,2019-12-01,429.0,601.6792602539062
xgboost,2020-01-01,973.0,701.74853515625
xgboost,2020-02-01,2378.0,1061.4232177734375
xgboost,2020-03-01,2635.0,961.1178588867188
xgboost,2020-04-01,2140.0,781.0494384765625
xgboost,2020-05-01,1836.0,915.6843872070312
xgboost,2020-06-01,1820.0,1043.53271484375
xgboost,2020-07-01,1519.0,900.4547119140625
xgboost,2020-08-01,1265.0,894.08740234375
xgboost,2020-09-01,586.0,1008.6967163085938
xgboost,2020-10-01,402.0,922.2838745117188
xgboost,2019-12-01,429.0,606.0602416992188
xgboost,2020-01-01,973.0,600.7161254882812
xgboost,2020-02-01,2378.0,1135.8602294921875
xgboost,2020-03-01,2635.0,1037.279541015625
xgboost,2020-04-01,2140.0,1030.5921630859375
xgboost,2020-05-01,1836.0,1286.35107421875
xgboost,2020-06-01,1820.0,1774.62158203125
xgboost,2020-07-01,1519.0,1141.27001953125
xgboost,2020-08-01,1265.0,754.8574829101562
xgboost,2020-09-01,586.0,601.1558837890625
xgboost,2020-10-01,402.0,426.862548828125
xgboost,2020-11-01,565.0,470.552978515625
xgboost,2020-01-01,973.0,358.7520751953125
xgboost,2020-02-01,2378.0,698.4694213867188
xgboost,2020-03-01,2635.0,882.1353149414062
xgboost,2020-04-01,2140.0,1098.381103515625
xgboost,2020-05-01,1836.0,733.1502075195312
xgboost,2020-06-01,1820.0,704.9214477539062
xgboost,2020-07-01,1519.0,704.2706298828125
xgboost,2020-08-01,1265.0,694.6220092773438
xgboost,2020-09-01,586.0,734.6193237304688
xgboost,2020-10-01,402.0,514.9608764648438
xgboost,2020-11-01,565.0,461.90576171875
xgboost,2020-12-01,327.0,508.05279541015625
xgboost,2020-02-01,2378.0,1903.8369140625
xgboost,2020-03-01,2635.0,3192.067138671875
xgboost,2020-04-01,2140.0,4240.490234375
xgboost,2020-05-01,1836.0,6287.916015625
xgboost,2020-06-01,1820.0,10946.9794921875
xgboost,2020-07-01,1519.0,6212.201171875
xgboost,2020-08-01,1265.0,2921.2763671875
xgboost,2020-09-01,586.0,1969.9898681640625
xgboost,2020-10-01,402.0,1209.765625
xgboost,2020-11-01,565.0,1700.4395751953125
xgboost,2020-12-01,327.0,1547.897705078125
xgboost,2021-01-01,660.0,2539.502197265625
xgboost,2020-03-01,2635.0,3820.18115234375
xgboost,2020-04-01,2140.0,6327.740234375
xgboost,2020-05-01,1836.0,6258.14453125
xgboost,2020-06-01,1820.0,4066.882568359375
xgboost,2020-07-01,1519.0,2731.572998046875
xgboost,2020-08-01,1265.0,2000.6849365234375
xgboost,2020-09-01,586.0,1503.7921142578125
xgboost,2020-10-01,402.0,1487.9554443359375
xgboost,2020-11-01,565.0,1611.868896484375
xgboost,2020-12-01,327.0,1779.8929443359375
xgboost,2021-01-01,660.0,2917.238525390625
xgboost,2021-02-01,865.0,4756.32275390625
xgboost,2020-04-01,2140.0,3382.4208984375
xgboost,2020-05-01,1836.0,2117.037353515625
xgboost,2020-06-01,1820.0,1582.7095947265625
xgboost,2020-07-01,1519.0,894.37890625
xgboost,2020-08-01,1265.0,775.086669921875
xgboost,2020-09-01,586.0,649.8680419921875
xgboost,2020-10-01,402.0,495.4873352050781
xgboost,2020-11-01,565.0,617.5104370117188
xgboost,2020-12-01,327.0,545.2505493164062
xgboost,2021-01-01,660.0,758.2501220703125
xgboost,2021-02-01,865.0,790.348876953125
xgboost,2021-03-01,1016.0,1110.70361328125
xgboost,2020-05-01,1836.0,1705.26953125
xgboost,2020-06-01,1820.0,1969.3563232421875
xgboost,2020-07-01,1519.0,1276.6474609375
xgboost,2020-08-01,1265.0,965.8584594726562
xgboost,2020-09-01,586.0,678.3994140625
xgboost,2020-10-01,402.0,605.29541015625
xgboost,2020-11-01,565.0,569.0479125976562
xgboost,2020-12-01,327.0,603.8579711914062
xgboost,2021-01-01,660.0,601.2029418945312
xgboost,2021-02-01,865.0,615.4176635742188
xgboost,2021-03-01,1016.0,827.9012451171875
xgboost,2021-04-01,2274.0,1141.5821533203125
xgboost,2020-06-01,1820.0,2099.10107421875
xgboost,2020-07-01,1519.0,1323.769775390625
xgboost,2020-08-01,1265.0,937.57666015625
xgboost,2020-09-01,586.0,700.2948608398438
xgboost,2020-10-01,402.0,437.4811096191406
xgboost,2020-11-01,565.0,563.5680541992188
xgboost,2020-12-01,327.0,521.6913452148438
xgboost,2021-01-01,660.0,641.7462768554688
xgboost,2021-02-01,865.0,750.6648559570312
xgboost,2021-03-01,1016.0,549.5942993164062
xgboost,2021-04-01,2274.0,594.5951538085938
xgboost,2021-05-01,7066.0,896.9525146484375
xgboost,2020-07-01,1519.0,1173.3690185546875
xgboost,2020-08-01,1265.0,771.6439208984375
xgboost,2020-09-01,586.0,682.66162109375
xgboost,2020-10-01,402.0,440.1421813964844
xgboost,2020-11-01,565.0,440.65899658203125
xgboost,2020-12-01,327.0,571.830078125
xgboost,2021-01-01,660.0,860.8513793945312
xgboost,2021-02-01,865.0,1464.89599609375
xgboost,2021-03-01,1016.0,2114.40234375
xgboost,2021-04-01,2274.0,2267.52685546875
xgboost,2021-05-01,7066.0,2236.831298828125
xgboost,2021-06-01,6990.0,1675.7327880859375
xgboost,2020-08-01,1265.0,1079.2928466796875
xgboost,2020-09-01,586.0,646.1397705078125
xgboost,2020-10-01,402.0,442.0094909667969
xgboost,2020-11-01,565.0,478.1081848144531
xgboost,2020-12-01,327.0,533.427978515625
xgboost,2021-01-01,660.0,722.4466552734375
xgboost,2021-02-01,865.0,818.5891723632812
xgboost,2021-03-01,1016.0,901.2807006835938
xgboost,2021-04-01,2274.0,851.0249633789062
xgboost,2021-05-01,7066.0,896.4885864257812
xgboost,2021-06-01,6990.0,792.9684448242188
xgboost,2021-07-01,4859.0,617.381591796875
xgboost,2020-09-01,586.0,1072.9383544921875
xgboost,2020-10-01,402.0,1124.334228515625
xgboost,2020-11-01,565.0,1133.0225830078125
xgboost,2020-12-01,327.0,1411.224365234375
xgboost,2021-01-01,660.0,2695.33203125
xgboost,2021-02-01,865.0,4834.03515625
xgboost,2021-03-01,1016.0,6514.1044921875
xgboost,2021-04-01,2274.0,13326.501953125
xgboost,2021-05-01,7066.0,4860.12548828125
xgboost,2021-06-01,6990.0,1318.4571533203125
xgboost,2021-07-01,4859.0,1005.3081665039062
xgboost,2021-08-01,3382.0,602.6668701171875
xgboost,2020-10-01,402.0,428.31463623046875
xgboost,2020-11-01,565.0,577.0724487304688
xgboost,2020-12-01,327.0,617.1798095703125
xgboost,2021-01-01,660.0,774.7523803710938
xgboost,2021-02-01,865.0,975.51904296875
xgboost,2021-03-01,1016.0,1085.6466064453125
xgboost,2021-04-01,2274.0,1150.980224609375
xgboost,2021-05-01,7066.0,1354.2957763671875
xgboost,2021-06-01,6990.0,1176.08544921875
xgboost,2021-07-01,4859.0,696.35693359375
xgboost,2021-08-01,3382.0,599.9021606445312
xgboost,2021-09-01,1496.0,348.56365966796875
xgboost,2020-11-01,565.0,673.7046508789062
xgboost,2020-12-01,327.0,519.811767578125
xgboost,2021-01-01,660.0,669.1021118164062
xgboost,2021-02-01,865.0,621.4667358398438
xgboost,2021-03-01,1016.0,749.951416015625
xgboost,2021-04-01,2274.0,698.1143188476562
xgboost,2021-05-01,7066.0,939.775146484375
xgboost,2021-06-01,6990.0,985.5064697265625
xgboost,2021-07-01,4859.0,731.0244140625
xgboost,2021-08-01,3382.0,605.29736328125
xgboost,2021-09-01,1496.0,408.19873046875
xgboost,2021-10-01,1255.0,520.6658325195312
xgboost,2020-12-01,327.0,562.27978515625
xgboost,2021-01-01,660.0,553.2982177734375
xgboost,2021-02-01,865.0,520.857666015625
xgboost,2021-03-01,1016.0,623.3848266601562
xgboost,2021-04-01,2274.0,691.0946044921875
xgboost,2021-05-01,7066.0,922.622314453125
xgboost,2021-06-01,6990.0,1045.218017578125
xgboost,2021-07-01,4859.0,696.19384765625
xgboost,2021-08-01,3382.0,565.5716552734375
xgboost,2021-09-01,1496.0,435.7879333496094
xgboost,2021-10-01,1255.0,447.33990478515625
xgboost,2021-11-01,775.0,399.2829895019531
xgboost,2021-01-01,660.0,578.3262329101562
xgboost,2021-02-01,865.0,539.9946899414062
xgboost,2021-03-01,1016.0,604.4182739257812
xgboost,2021-04-01,2274.0,568.0507202148438
xgboost,2021-05-01,7066.0,938.2378540039062
xgboost,2021-06-01,6990.0,1350.89404296875
xgboost,2021-07-01,4859.0,945.3063354492188
xgboost,2021-08-01,3382.0,685.9414672851562
xgboost,2021-09-01,1496.0,421.9401550292969
xgboost,2021-10-01,1255.0,378.3240661621094
xgboost,2021-11-01,775.0,403.8437194824219
xgboost,2021-12-01,756.0,449.2640075683594
xgboost,2021-02-01,865.0,533.4962768554688
xgboost,2021-03-01,1016.0,662.9296875
xgboost,2021-04-01,2274.0,743.8128051757812
xgboost,2021-05-01,7066.0,1158.8760986328125
xgboost,2021-06-01,6990.0,1370.923828125
xgboost,2021-07-01,4859.0,916.7056884765625
xgboost,2021-08-01,3382.0,763.3102416992188
xgboost,2021-09-01,1496.0,438.5269470214844
xgboost,2021-10-01,1255.0,478.5859375
xgboost,2021-11-01,775.0,408.9549255371094
xgboost,2021-12-01,756.0,495.9144592285156
xgboost,2022-01-01,874.0,479.9704895019531
xgboost,2021-03-01,1016.0,994.8480224609375
xgboost,2021-04-01,2274.0,1354.7064208984375
xgboost,2021-05-01,7066.0,1859.959228515625
xgboost,2021-06-01,6990.0,1473.8155517578125
xgboost,2021-07-01,4859.0,820.8582153320312
xgboost,2021-08-01,3382.0,600.2351684570312
xgboost,2021-09-01,1496.0,371.3592224121094
xgboost,2021-10-01,1255.0,372.5853576660156
xgboost,2021-11-01,775.0,351.74761962890625
xgboost,2021-12-01,756.0,418.91204833984375
xgboost,2022-01-01,874.0,472.2065124511719
xgboost,2022-02-01,1246.0,468.49359130859375
xgboost,2021-04-01,2274.0,1299.4068603515625
xgboost,2021-05-01,7066.0,2171.826904296875
xgboost,2021-06-01,6990.0,1735.8211669921875
xgboost,2021-07-01,4859.0,1157.2344970703125
xgboost,2021-08-01,3382.0,612.9303588867188
xgboost,2021-09-01,1496.0,344.29864501953125
xgboost,2021-10-01,1255.0,355.0777893066406
xgboost,2021-11-01,775.0,406.1805725097656
xgboost,2021-12-01,756.0,453.4127197265625
xgboost,2022-01-01,874.0,483.0157165527344
xgboost,2022-02-01,1246.0,487.43829345703125
xgboost,2022-03-01,2946.0,949.9584350585938
xgboost,2021-05-01,7066.0,2558.195556640625
xgboost,2021-06-01,6990.0,3855.412353515625
xgboost,2021-07-01,4859.0,11316.45703125
xgboost,2021-08-01,3382.0,13775.384765625
xgboost,2021-09-01,1496.0,4478.48681640625
xgboost,2021-10-01,1255.0,3377.12939453125
xgboost,2021-11-01,775.0,3830.216796875
xgboost,2021-12-01,756.0,12913.9267578125
xgboost,2022-01-01,874.0,9226.1650390625
xgboost,2022-02-01,1246.0,5158.0107421875
xgboost,2022-03-01,2946.0,4162.8369140625
xgboost,2022-04-01,6400.0,12900.8515625
xgboost,2021-06-01,6990.0,16301.5517578125
xgboost,2021-07-01,4859.0,7498.92138671875
xgboost,2021-08-01,3382.0,4600.037109375
xgboost,2021-09-01,1496.0,1370.514892578125
xgboost,2021-10-01,1255.0,559.0121459960938
xgboost,2021-11-01,775.0,396.8329162597656
xgboost,2021-12-01,756.0,493.0479736328125
xgboost,2022-01-01,874.0,538.560546875
xgboost,2022-02-01,1246.0,473.1134033203125
xgboost,2022-03-01,2946.0,848.47412109375
xgboost,2022-04-01,6400.0,884.8779296875
xgboost,2022-05-01,11540.0,1098.3167724609375
xgboost,2021-07-01,4859.0,6165.8564453125
xgboost,2021-08-01,3382.0,2441.687255859375
xgboost,2021-09-01,1496.0,1838.426025390625
xgboost,2021-10-01,1255.0,1220.2791748046875
xgboost,2021-11-01,775.0,610.4142456054688
xgboost,2021-12-01,756.0,444.61138916015625
xgboost,2022-01-01,874.0,593.3890991210938
xgboost,2022-02-01,1246.0,550.12451171875
xgboost,2022-03-01,2946.0,836.277587890625
xgboost,2022-04-01,6400.0,804.813720703125
xgboost,2022-05-01,11540.0,1148.6702880859375
xgboost,2022-06-01,7386.0,2411.40966796875
xgboost,2021-08-01,3382.0,2817.957275390625
xgboost,2021-09-01,1496.0,1866.0848388671875
xgboost,2021-10-01,1255.0,1201.8824462890625
xgboost,2021-11-01,775.0,791.93505859375
xgboost,2021-12-01,756.0,432.1767883300781
xgboost,2022-01-01,874.0,517.384033203125
xgboost,2022-02-01,1246.0,355.00897216796875
xgboost,2022-03-01,2946.0,764.6023559570312
xgboost,2022-04-01,6400.0,708.029296875
xgboost,2022-05-01,11540.0,1202.960205078125
xgboost,2022-06-01,7386.0,2092.566162109375
xgboost,2022-07-01,4095.0,1934.281494140625
xgboost,2021-09-01,1496.0,1759.6798095703125
xgboost,2021-10-01,1255.0,1205.5589599609375
xgboost,2021-11-01,775.0,632.330322265625
xgboost,2021-12-01,756.0,485.8481140136719
xgboost,2022-01-01,874.0,470.78643798828125
xgboost,2022-02-01,1246.0,372.58648681640625
xgboost,2022-03-01,2946.0,846.1803588867188
xgboost,2022-04-01,6400.0,1319.3623046875
xgboost,2022-05-01,11540.0,2486.24169921875
xgboost,2022-06-01,7386.0,6314.54248046875
xgboost,2022-07-01,4095.0,11632.107421875
xgboost,2022-08-01,2088.0,6505.8232421875
xgboost,2021-10-01,1255.0,748.9378662109375
xgboost,2021-11-01,775.0,390.6640319824219
xgboost,2021-12-01,756.0,514.1270141601562
xgboost,2022-01-01,874.0,506.3454284667969
xgboost,2022-02-01,1246.0,514.953857421875
xgboost,2022-03-01,2946.0,785.0628662109375
xgboost,2022-04-01,6400.0,981.9820556640625
xgboost,2022-05-01,11540.0,2130.56884765625
xgboost,2022-06-01,7386.0,2116.694091796875
xgboost,2022-07-01,4095.0,1980.4158935546875
xgboost,2022-08-01,2088.0,1310.2017822265625
xgboost,2022-09-01,1469.0,962.674072265625
xgboost,2021-11-01,775.0,1120.213134765625
xgboost,2021-12-01,756.0,813.739501953125
xgboost,2022-01-01,874.0,1006.6187744140625
xgboost,2022-02-01,1246.0,2077.9580078125
xgboost,2022-03-01,2946.0,2458.698974609375
xgboost,2022-04-01,6400.0,6248.9892578125
xgboost,2022-05-01,11540.0,12768.0859375
xgboost,2022-06-01,7386.0,5412.7119140625
xgboost,2022-07-01,4095.0,3893.428466796875
xgboost,2022-08-01,2088.0,1333.9727783203125
xgboost,2022-09-01,1469.0,1071.919677734375
xgboost,2022-10-01,1012.0,680.8401489257812
xgboost,2021-12-01,756.0,965.9269409179688
xgboost,2022-01-01,874.0,1073.97509765625
xgboost,2022-02-01,1246.0,2249.71875
xgboost,2022-03-01,2946.0,3923.040283203125
xgboost,2022-04-01,6400.0,11666.8603515625
xgboost,2022-05-01,11540.0,14303.2978515625
xgboost,2022-06-01,7386.0,4379.4736328125
xgboost,2022-07-01,4095.0,1324.7137451171875
xgboost,2022-08-01,2088.0,870.4390258789062
xgboost,2022-09-01,1469.0,1151.0845947265625
xgboost,2022-10-01,1012.0,1030.020263671875
xgboost,2022-11-01,803.0,651.443115234375
xgboost,2022-01-01,874.0,584.7716674804688
xgboost,2022-02-01,1246.0,494.16595458984375
xgboost,2022-03-01,2946.0,892.4691162109375
xgboost,2022-04-01,6400.0,1878.916015625
xgboost,2022-05-01,11540.0,2249.33447265625
xgboost,2022-06-01,7386.0,3806.884765625
xgboost,2022-07-01,4095.0,11191.4892578125
xgboost,2022-08-01,2088.0,9203.9150390625
xgboost,2022-09-01,1469.0,5600.5830078125
xgboost,2022-10-01,1012.0,3755.82470703125
xgboost,2022-11-01,803.0,2620.889404296875
xgboost,2022-12-01,458.0,2612.277099609375
xgboost,2022-02-01,1246.0,853.5079345703125
xgboost,2022-03-01,2946.0,1079.198486328125
xgboost,2022-04-01,6400.0,1855.031005859375
xgboost,2022-05-01,11540.0,2493.82763671875
xgboost,2022-06-01,7386.0,5711.7451171875
xgboost,2022-07-01,4095.0,12032.919921875
xgboost,2022-08-01,2088.0,5906.3037109375
xgboost,2022-09-01,1469.0,4448.12353515625
xgboost,2022-10-01,1012.0,2314.85791015625
xgboost,2022-11-01,803.0,2659.305908203125
xgboost,2022-12-01,458.0,2626.777587890625
xgboost,2023-01-01,1240.0,5063.38134765625
xgboost,2022-03-01,2946.0,3125.138427734375
xgboost,2022-04-01,6400.0,5413.267578125
xgboost,2022-05-01,11540.0,11647.4375
xgboost,2022-06-01,7386.0,6386.39794921875
xgboost,2022-07-01,4095.0,3630.4658203125
xgboost,2022-08-01,2088.0,1292.888671875
xgboost,2022-09-01,1469.0,798.6293334960938
xgboost,2022-10-01,1012.0,700.1375732421875
xgboost,2022-11-01,803.0,477.62847900390625
xgboost,2022-12-01,458.0,371.9276428222656
xgboost,2023-01-01,1240.0,324.7462158203125
xgboost,2023-02-01,1881.0,386.246337890625
xgboost,2022-04-01,6400.0,5439.02734375
xgboost,2022-05-01,11540.0,11660.244140625
xgboost,2022-06-01,7386.0,6376.2333984375
xgboost,2022-07-01,4095.0,3647.1943359375
xgboost,2022-08-01,2088.0,1359.054931640625
xgboost,2022-09-01,1469.0,886.196044921875
xgboost,2022-10-01,1012.0,639.6070556640625
xgboost,2022-11-01,803.0,427.6612548828125
xgboost,2022-12-01,458.0,337.8487243652344
xgboost,2023-01-01,1240.0,251.40818786621094
xgboost,2023-02-01,1881.0,384.28997802734375
xgboost,2023-03-01,2856.0,717.7554931640625
xgboost,2022-05-01,11540.0,11746.373046875
xgboost,2022-06-01,7386.0,5945.69189453125
xgboost,2022-07-01,4095.0,3377.08251953125
xgboost,2022-08-01,2088.0,1543.4434814453125
xgboost,2022-09-01,1469.0,786.0131225585938
xgboost,2022-10-01,1012.0,545.7113037109375
xgboost,2022-11-01,803.0,374.4164733886719
xgboost,2022-12-01,458.0,279.2303466796875
xgboost,2023-01-01,1240.0,288.7330627441406
xgboost,2023-02-01,1881.0,441.4512634277344
xgboost,2023-03-01,2856.0,669.09326171875
xgboost,2023-04-01,2177.0,896.2891845703125
xgboost,2022-06-01,7386.0,5158.505859375
xgboost,2022-07-01,4095.0,3422.6572265625
xgboost,2022-08-01,2088.0,1743.923095703125
xgboost,2022-09-01,1469.0,1173.4940185546875
xgboost,2022-10-01,1012.0,706.044921875
xgboost,2022-11-01,803.0,415.6068420410156
xgboost,2022-12-01,458.0,297.4430847167969
xgboost,2023-01-01,1240.0,189.84432983398438
xgboost,2023-02-01,1881.0,378.940673828125
xgboost,2023-03-01,2856.0,566.4142456054688
xgboost,2023-04-01,2177.0,840.8779296875
xgboost,2023-05-01,1521.0,1590.4000244140625
xgboost,2022-07-01,4095.0,5059.3505859375
xgboost,2022-08-01,2088.0,2491.1318359375
xgboost,2022-09-01,1469.0,1608.098876953125
xgboost,2022-10-01,1012.0,928.981201171875
xgboost,2022-11-01,803.0,698.3448486328125
xgboost,2022-12-01,458.0,367.0601806640625
xgboost,2023-01-01,1240.0,317.34259033203125
xgboost,2023-02-01,1881.0,463.88409423828125
xgboost,2023-03-01,2856.0,731.4303588867188
xgboost,2023-04-01,2177.0,783.9839477539062
xgboost,2023-05-01,1521.0,1644.6337890625
xgboost,2023-06-01,1221.0,2013.7181396484375
xgboost,2022-08-01,2088.0,1276.0849609375
xgboost,2022-09-01,1469.0,998.024169921875
xgboost,2022-10-01,1012.0,1000.98681640625
xgboost,2022-11-01,803.0,755.2035522460938
xgboost,2022-12-01,458.0,411.25
xgboost,2023-01-01,1240.0,245.4047088623047
xgboost,2023-02-01,1881.0,362.77001953125
xgboost,2023-03-01,2856.0,729.4601440429688
xgboost,2023-04-01,2177.0,883.9788818359375
xgboost,2023-05-01,1521.0,2330.197509765625
xgboost,2023-06-01,1221.0,3878.455322265625
xgboost,2023-07-01,1292.0,8188.9072265625
xgboost,2022-09-01,1469.0,1160.8988037109375
xgboost,2022-10-01,1012.0,1049.83837890625
xgboost,2022-11-01,803.0,780.8449096679688
xgboost,2022-12-01,458.0,536.1253662109375
xgboost,2023-01-01,1240.0,310.401611328125
xgboost,2023-02-01,1881.0,459.5672607421875
xgboost,2023-03-01,2856.0,650.6556396484375
xgboost,2023-04-01,2177.0,771.3992919921875
xgboost,2023-05-01,1521.0,1613.4654541015625
xgboost,2023-06-01,1221.0,2306.532470703125
xgboost,2023-07-01,1292.0,4808.21484375
xgboost,2023-08-01,788.0,7369.23681640625
xgboost,2022-10-01,1012.0,881.22265625
xgboost,2022-11-01,803.0,724.9306030273438
xgboost,2022-12-01,458.0,297.62493896484375
xgboost,2023-01-01,1240.0,316.3919677734375
xgboost,2023-02-01,1881.0,449.821044921875
xgboost,2023-03-01,2856.0,676.4248657226562
xgboost,2023-04-01,2177.0,694.2203979492188
xgboost,2023-05-01,1521.0,1313.5625
xgboost,2023-06-01,1221.0,2352.601806640625
xgboost,2023-07-01,1292.0,4712.23046875
xgboost,2023-08-01,788.0,8209.4404296875
xgboost,2023-09-01,691.0,11053.0361328125
xgboost,2022-11-01,803.0,890.993896484375
xgboost,2022-12-01,458.0,763.1028442382812
xgboost,2023-01-01,1240.0,504.9180908203125
xgboost,2023-02-01,1881.0,452.8763732910156
xgboost,2023-03-01,2856.0,635.11767578125
xgboost,2023-04-01,2177.0,616.9201049804688
xgboost,2023-05-01,1521.0,1352.9476318359375
xgboost,2023-06-01,1221.0,2602.37060546875
xgboost,2023-07-01,1292.0,4620.35205078125
xgboost,2023-08-01,788.0,8176.9384765625
xgboost,2023-09-01,691.0,10901.400390625
xgboost,2023-10-01,686.0,8190.28173828125
xgboost,2022-12-01,458.0,461.5746154785156
xgboost,2023-01-01,1240.0,254.14405822753906
xgboost,2023-02-01,1881.0,417.9624938964844
xgboost,2023-03-01,2856.0,717.8950805664062
xgboost,2023-04-01,2177.0,783.778076171875
xgboost,2023-05-01,1521.0,1631.857421875
xgboost,2023-06-01,1221.0,2022.5916748046875
xgboost,2023-07-01,1292.0,1264.0633544921875
xgboost,2023-08-01,788.0,1026.26611328125
xgboost,2023-09-01,691.0,773.904541015625
xgboost,2023-10-01,686.0,453.3826904296875
xgboost,2023-11-01,414.0,147.9915771484375
xgboost,2023-01-01,1240.0,353.12982177734375
xgboost,2023-02-01,1881.0,485.2879333496094
xgboost,2023-03-01,2856.0,712.44775390625
xgboost,2023-04-01,2177.0,696.70849609375
xgboost,2023-05-01,1521.0,1468.2091064453125
xgboost,2023-06-01,1221.0,2798.182373046875
xgboost,2023-07-01,1292.0,4678.1787109375
xgboost,2023-08-01,788.0,8169.70458984375
xgboost,2023-09-01,691.0,10890.390625
xgboost,2023-10-01,686.0,8175.3330078125
xgboost,2023-11-01,414.0,7561.2783203125
xgboost,2023-12-01,374.0,7751.59228515625
xgboost,2023-02-01,1881.0,1972.3592529296875
xgboost,2023-03-01,2856.0,2257.755859375
xgboost,2023-04-01,2177.0,2513.000244140625
xgboost,2023-05-01,1521.0,5674.8544921875
xgboost,2023-06-01,1221.0,12990.00390625
xgboost,2023-07-01,1292.0,10591.685546875
xgboost,2023-08-01,788.0,9161.8017578125
xgboost,2023-09-01,691.0,7556.6650390625
xgboost,2023-10-01,686.0,6299.38134765625
xgboost,2023-11-01,414.0,5407.85498046875
xgboost,2023-12-01,374.0,7049.1845703125
xgboost,2024-01-01,807.0,8882.5986328125
xgboost,2023-03-01,2856.0,2081.381103515625
xgboost,2023-04-01,2177.0,2304.92333984375
xgboost,2023-05-01,1521.0,5546.1142578125
xgboost,2023-06-01,1221.0,13120.310546875
xgboost,2023-07-01,1292.0,10739.880859375
xgboost,2023-08-01,788.0,9269.6328125
xgboost,2023-09-01,691.0,7658.18603515625
xgboost,2023-10-01,686.0,6404.8896484375
xgboost,2023-11-01,414.0,5894.9228515625
xgboost,2023-12-01,374.0,7004.880859375
xgboost,2024-01-01,807.0,8866.58203125
xgboost,2024-02-01,1609.0,7105.18115234375
xgboost,2023-04-01,2177.0,6346.90283203125
xgboost,2023-05-01,1521.0,13012.90625
xgboost,2023-06-01,1221.0,9207.8583984375
xgboost,2023-07-01,1292.0,8504.1669921875
xgboost,2023-08-01,788.0,7670.11328125
xgboost,2023-09-01,691.0,7532.47314453125
xgboost,2023-10-01,686.0,6451.8046875
xgboost,2023-11-01,414.0,6562.38623046875
xgboost,2023-12-01,374.0,6320.78076171875
xgboost,2024-01-01,807.0,5351.8779296875
xgboost,2024-02-01,1609.0,7151.94482421875
xgboost,2024-03-01,3197.0,7575.193359375
xgboost,2023-05-01,1521.0,2756.88330078125
xgboost,2023-06-01,1221.0,5689.72314453125
xgboost,2023-07-01,1292.0,10513.9189453125
xgboost,2023-08-01,788.0,10639.349609375
xgboost,2023-09-01,691.0,8179.98193359375
xgboost,2023-10-01,686.0,6315.07470703125
xgboost,2023-11-01,414.0,5013.916015625
xgboost,2023-12-01,374.0,4916.6240234375
xgboost,2024-01-01,807.0,6675.96630859375
xgboost,2024-02-01,1609.0,11431.9287109375
xgboost,2024-03-01,3197.0,7042.337890625
xgboost,2024-04-01,2098.0,6872.8681640625
xgboost,2023-06-01,1221.0,1712.258056640625
xgboost,2023-07-01,1292.0,1164.3863525390625
xgboost,2023-08-01,788.0,817.955810546875
xgboost,2023-09-01,691.0,577.2717895507812
xgboost,2023-10-01,686.0,342.01922607421875
xgboost,2023-11-01,414.0,370.8990783691406
xgboost,2023-12-01,374.0,279.7825012207031
xgboost,2024-01-01,807.0,461.1708068847656
xgboost,2024-02-01,1609.0,757.9204711914062
xgboost,2024-03-01,3197.0,1001.3772583007812
xgboost,2024-04-01,2098.0,1055.95751953125
xgboost,2024-05-01,1101.0,882.8705444335938
xgboost,2023-07-01,1292.0,932.8195190429688
xgboost,2023-08-01,788.0,786.1692504882812
xgboost,2023-09-01,691.0,594.3068237304688
xgboost,2023-10-01,686.0,307.6829833984375
xgboost,2023-11-01,414.0,234.220947265625
xgboost,2023-12-01,374.0,227.72250366210938
xgboost,2024-01-01,807.0,494.5048828125
xgboost,2024-02-01,1609.0,674.2897338867188
xgboost,2024-03-01,3197.0,902.7111206054688
xgboost,2024-04-01,2098.0,1070.3699951171875
xgboost,2024-05-01,1101.0,721.999755859375
xgboost,2024-06-01,962.0,502.9919738769531
xgboost,2023-08-01,788.0,1365.872314453125
xgboost,2023-09-01,691.0,1077.4462890625
xgboost,2023-10-01,686.0,662.7542724609375
xgboost,2023-11-01,414.0,363.7738952636719
xgboost,2023-12-01,374.0,220.51055908203125
xgboost,2024-01-01,807.0,395.5118713378906
xgboost,2024-02-01,1609.0,514.0990600585938
xgboost,2024-03-01,3197.0,768.66748046875
xgboost,2024-04-01,2098.0,877.7667846679688
xgboost,2024-05-01,1101.0,793.30712890625
xgboost,2024-06-01,962.0,833.316650390625
xgboost,2024-07-01,557.0,1338.58447265625
xgboost,2023-09-01,691.0,397.1333312988281
xgboost,2023-10-01,686.0,315.32135009765625
xgboost,2023-11-01,414.0,234.65843200683594
xgboost,2023-12-01,374.0,240.91677856445312
xgboost,2024-01-01,807.0,545.193359375
xgboost,2024-02-01,1609.0,687.5445556640625
xgboost,2024-03-01,3197.0,930.4218139648438
xgboost,2024-04-01,2098.0,1072.70361328125
xgboost,2024-05-01,1101.0,818.4464721679688
xgboost,2024-06-01,962.0,956.1914672851562
xgboost,2024-07-01,557.0,861.0060424804688
xgboost,2024-08-01,513.0,510.8999938964844
xgboost,2023-10-01,686.0,439.98846435546875
xgboost,2023-11-01,414.0,320.5771179199219
xgboost,2023-12-01,374.0,223.58648681640625
xgboost,2024-01-01,807.0,433.4304504394531
xgboost,2024-02-01,1609.0,668.291259765625
xgboost,2024-03-01,3197.0,912.0899047851562
xgboost,2024-04-01,2098.0,1123.0308837890625
xgboost,2024-05-01,1101.0,782.1244506835938
xgboost,2024-06-01,962.0,693.3656005859375
xgboost,2024-07-01,557.0,611.9974975585938
xgboost,2024-08-01,513.0,494.36004638671875
xgboost,2024-09-01,444.0,401.10955810546875
xgboost,2023-11-01,414.0,501.1559753417969
xgboost,2023-12-01,374.0,464.33447265625
xgboost,2024-01-01,807.0,712.2822265625
xgboost,2024-02-01,1609.0,629.0670776367188
xgboost,2024-03-01,3197.0,872.8881225585938
xgboost,2024-04-01,2098.0,660.6260986328125
xgboost,2024-05-01,1101.0,484.8739929199219
xgboost,2024-06-01,962.0,577.6542358398438
xgboost,2024-07-01,557.0,613.1687622070312
xgboost,2024-08-01,513.0,529.4103393554688
xgboost,2024-09-01,444.0,630.4832153320312
xgboost,2024-10-01,317.0,541.0867309570312
xgboost,2023-12-01,374.0,405.2483825683594
xgboost,2024-01-01,807.0,682.9041748046875
xgboost,2024-02-01,1609.0,713.2940063476562
xgboost,2024-03-01,3197.0,689.966064453125
xgboost,2024-04-01,2098.0,876.0858154296875
xgboost,2024-05-01,1101.0,620.2572021484375
xgboost,2024-06-01,962.0,693.3475341796875
xgboost,2024-07-01,557.0,587.1240844726562
xgboost,2024-08-01,513.0,498.21661376953125
xgboost,2024-09-01,444.0,493.23895263671875
xgboost,2024-10-01,317.0,594.05322265625
xgboost,2024-11-01,421.0,437.0382080078125
xgboost,2024-01-01,807.0,517.1693115234375
xgboost,2024-02-01,1609.0,592.3533935546875
xgboost,2024-03-01,3197.0,809.6246337890625
xgboost,2024-04-01,2098.0,926.76513671875
xgboost,2024-05-01,1101.0,744.3226318359375
xgboost,2024-06-01,962.0,784.3036499023438
xgboost,2024-07-01,557.0,692.8948974609375
xgboost,2024-08-01,513.0,402.0335998535156
xgboost,2024-09-01,444.0,404.7783203125
xgboost,2024-10-01,317.0,435.8694152832031
xgboost,2024-11-01,421.0,345.4417419433594
xgboost,2024-12-01,274.0,486.6565856933594
catboost,2014-01-01,514.0,548.4429964134902
catboost,2014-02-01,568.0,1118.0605157738569
catboost,2014-03-01,824.0,1508.183923761826
catboost,2014-04-01,888.0,1867.289769246181
catboost,2014-05-01,1863.0,2336.5770022131937
catboost,2014-06-01,2193.0,2652.645892237069
catboost,2014-07-01,1379.0,2604.506468728962
catboost,2014-08-01,1056.0,2939.8220367851122
catboost,2014-09-01,650.0,2055.7386860997076
catboost,2014-10-01,538.0,1137.0808293912687
catboost,2014-11-01,484.0,916.9320032637993
catboost,2014-12-01,293.0,909.2281399428707
catboost,2014-02-01,568.0,862.2744051770842
catboost,2014-03-01,824.0,1386.3411797725123
catboost,2014-04-01,888.0,1926.834543281639
catboost,2014-05-01,1863.0,2207.9246229281616
catboost,2014-06-01,2193.0,2510.1751604295664
catboost,2014-07-01,1379.0,2559.4007120366937
catboost,2014-08-01,1056.0,2708.2509162976953
catboost,2014-09-01,650.0,1785.7822179208
catboost,2014-10-01,538.0,1249.4551124691166
catboost,2014-11-01,484.0,923.9946965325603
catboost,2014-12-01,293.0,589.8020109817783
catboost,2015-01-01,769.0,475.43588047717503
catboost,2014-03-01,824.0,1213.2438506182853
catboost,2014-04-01,888.0,1706.8846978184038
catboost,2014-05-01,1863.0,2236.989228461618
catboost,2014-06-01,2193.0,2647.851303309205
catboost,2014-07-01,1379.0,2990.378214190981
catboost,2014-08-01,1056.0,3329.143527844079
catboost,2014-09-01,650.0,2184.0389602092014
catboost,2014-10-01,538.0,1320.0075442375892
catboost,2014-11-01,484.0,716.4246212821918
catboost,2014-12-01,293.0,534.8296422714948
catboost,2015-01-01,769.0,492.8790587455178
catboost,2015-02-01,1275.0,372.5807675689184
catboost,2014-04-01,888.0,1348.6255518692096
catboost,2014-05-01,1863.0,2044.1228520587465
catboost,2014-06-01,2193.0,2380.8190188336016
catboost,2014-07-01,1379.0,2949.521622480606
catboost,2014-08-01,1056.0,3088.998410445485
catboost,2014-09-01,650.0,2244.9201260144064
catboost,2014-10-01,538.0,1361.1310870935795
catboost,2014-11-01,484.0,839.1143353731622
catboost,2014-12-01,293.0,588.9907896904353
catboost,2015-01-01,769.0,497.7024741498226
catboost,2015-02-01,1275.0,397.07096676734
catboost,2015-03-01,3522.0,577.8911269514649
catboost,2014-05-01,1863.0,1733.7421390670024
catboost,2014-06-01,2193.0,2199.8017040882105
catboost,2014-07-01,1379.0,2563.177396263656
catboost,2014-08-01,1056.0,2826.8483100600733
catboost,2014-09-01,650.0,1913.663412600205
catboost,2014-10-01,538.0,1270.4705873626626
catboost,2014-11-01,484.0,904.7073659996379
catboost,2014-12-01,293.0,658.7572683281494
catboost,2015-01-01,769.0,539.6797066051615
catboost,2015-02-01,1275.0,373.2406577308095
catboost,2015-03-01,3522.0,533.3910671266299
catboost,2015-04-01,7214.0,670.9815486730481
catboost,2014-06-01,2193.0,2483.5362678571705
catboost,2014-07-01,1379.0,2902.030677955823
catboost,2014-08-01,1056.0,3008.649479429234
catboost,2014-09-01,650.0,2067.382276209983
catboost,2014-10-01,538.0,1228.881504846874
catboost,2014-11-01,484.0,943.3795496583164
catboost,2014-12-01,293.0,633.5641064790339
catboost,2015-01-01,769.0,431.89106923652685
catboost,2015-02-01,1275.0,344.13183599481476
catboost,2015-03-01,3522.0,420.35642135921466
catboost,2015-04-01,7214.0,712.2402190759942
catboost,2015-05-01,17109.0,968.8549804889085
catboost,2014-07-01,1379.0,2375.3682063610436
catboost,2014-08-01,1056.0,2564.088662206897
catboost,2014-09-01,650.0,2034.1438122532359
catboost,2014-10-01,538.0,1284.4744113653442
catboost,2014-11-01,484.0,835.8717423241696
catboost,2014-12-01,293.0,578.5226513875552
catboost,2015-01-01,769.0,551.4438259543906
catboost,2015-02-01,1275.0,486.11513294485553
catboost,2015-03-01,3522.0,488.5164097466004
catboost,2015-04-01,7214.0,690.9996139724251
catboost,2015-05-01,17109.0,1075.9839530684299
catboost,2015-06-01,6980.0,1283.759750273029
catboost,2014-08-01,1056.0,2407.1063840543693
catboost,2014-09-01,650.0,2130.4773205362562
catboost,2014-10-01,538.0,1471.625736874464
catboost,2014-11-01,484.0,977.6733164966367
catboost,2014-12-01,293.0,657.3132104948415
catboost,2015-01-01,769.0,608.7319216401515
catboost,2015-02-01,1275.0,547.7624060082876
catboost,2015-03-01,3522.0,553.3336941302059
catboost,2015-04-01,7214.0,786.1289158525228
catboost,2015-05-01,17109.0,987.927598791013
catboost,2015-06-01,6980.0,1324.460290220174
catboost,2015-07-01,3234.0,1563.0132055189351
catboost,2014-09-01,650.0,1193.4307350269894
catboost,2014-10-01,538.0,1083.2977678909488
catboost,2014-11-01,484.0,845.2806015314432
catboost,2014-12-01,293.0,763.8122490955363
catboost,2015-01-01,769.0,578.0911180517076
catboost,2015-02-01,1275.0,416.54059907702435
catboost,2015-03-01,3522.0,609.5478649099618
catboost,2015-04-01,7214.0,762.4904368493308
catboost,2015-05-01,17109.0,1018.3004120948958
catboost,2015-06-01,6980.0,1173.721099910941
catboost,2015-07-01,3234.0,1359.6447052887997
catboost,2015-08-01,1636.0,1453.9233197406597
catboost,2014-10-01,538.0,762.2981528980267
catboost,2014-11-01,484.0,721.3851046575883
catboost,2014-12-01,293.0,792.1949879272452
catboost,2015-01-01,769.0,687.7633506403588
catboost,2015-02-01,1275.0,633.9369286106687
catboost,2015-03-01,3522.0,794.0864055033801
catboost,2015-04-01,7214.0,1051.3562682600432
catboost,2015-05-01,17109.0,1257.9532377764879
catboost,2015-06-01,6980.0,1452.5191500479095
catboost,2015-07-01,3234.0,1444.3036993135038
catboost,2015-08-01,1636.0,1505.2843968911266
catboost,2015-09-01,561.0,1353.4573203952866
catboost,2014-11-01,484.0,562.2604424071878
catboost,2014-12-01,293.0,556.7104838503008
catboost,2015-01-01,769.0,548.0534828287821
catboost,2015-02-01,1275.0,572.1511226720143
catboost,2015-03-01,3522.0,843.0803722891037
catboost,2015-04-01,7214.0,1094.3430791625833
catboost,2015-05-01,17109.0,1371.8338773385901
catboost,2015-06-01,6980.0,1364.619132375156
catboost,2015-07-01,3234.0,1416.963111095287
catboost,2015-08-01,1636.0,1460.6262924003647
catboost,2015-09-01,561.0,1135.9514773048586
catboost,2015-10-01,357.0,787.5576035249767
catboost,2014-12-01,293.0,584.7060707237322
catboost,2015-01-01,769.0,627.869735093369
catboost,2015-02-01,1275.0,622.7773025289002
catboost,2015-03-01,3522.0,749.3602108706623
catboost,2015-04-01,7214.0,990.0021768000224
catboost,2015-05-01,17109.0,1328.9808015296408
catboost,2015-06-01,6980.0,1517.5382134892384
catboost,2015-07-01,3234.0,1466.470516138762
catboost,2015-08-01,1636.0,1313.7978469130549
catboost,2015-09-01,561.0,1021.4745937574205
catboost,2015-10-01,357.0,802.4895361737617
catboost,2015-11-01,450.0,731.6988887332661
catboost,2015-01-01,769.0,463.13303991665407
catboost,2015-02-01,1275.0,559.4613229818585
catboost,2015-03-01,3522.0,755.8235606776207
catboost,2015-04-01,7214.0,1090.2794276735099
catboost,2015-05-01,17109.0,1422.4174769235233
catboost,2015-06-01,6980.0,1785.0444469555118
catboost,2015-07-01,3234.0,1918.62998388826
catboost,2015-08-01,1636.0,1734.668768948904
catboost,2015-09-01,561.0,1180.0572430010488
catboost,2015-10-01,357.0,799.998073266996
catboost,2015-11-01,450.0,658.6829483435306
catboost,2015-12-01,397.0,648.7153842581592
catboost,2015-02-01,1275.0,554.2228282341459
catboost,2015-03-01,3522.0,778.7927313592011
catboost,2015-04-01,7214.0,965.858628083635
catboost,2015-05-01,17109.0,1494.068960553238
catboost,2015-06-01,6980.0,1737.6452044104176
catboost,2015-07-01,3234.0,1712.5360841075117
catboost,2015-08-01,1636.0,1469.7018784189706
catboost,2015-09-01,561.0,1177.0189693769787
catboost,2015-10-01,357.0,813.6312857522371
catboost,2015-11-01,450.0,700.4741582010868
catboost,2015-12-01,397.0,725.5189544564957
catboost,2016-01-01,1465.0,689.6153038455816
catboost,2015-03-01,3522.0,933.4712409605045
catboost,2015-04-01,7214.0,1142.218766456344
catboost,2015-05-01,17109.0,1451.4233001356724
catboost,2015-06-01,6980.0,1595.5621322328457
catboost,2015-07-01,3234.0,1589.9166577655392
catboost,2015-08-01,1636.0,1384.653991400507
catboost,2015-09-01,561.0,1123.656542464985
catboost,2015-10-01,357.0,861.8784911051521
catboost,2015-11-01,450.0,770.4882471903722
catboost,2015-12-01,397.0,728.1258240432535
catboost,2016-01-01,1465.0,789.6386905407958
catboost,2016-02-01,1995.0,993.5370531923164
catboost,2015-04-01,7214.0,3644.7200132219405
catboost,2015-05-01,17109.0,3789.8033229207
catboost,2015-06-01,6980.0,3081.754236326031
catboost,2015-07-01,3234.0,1954.1536625159206
catboost,2015-08-01,1636.0,1498.751236193672
catboost,2015-09-01,561.0,1207.452433757011
catboost,2015-10-01,357.0,940.1379409298393
catboost,2015-11-01,450.0,754.3798478911065
catboost,2015-12-01,397.0,844.9728570815571
catboost,2016-01-01,1465.0,906.1870711673816
catboost,2016-02-01,1995.0,1008.7266690469237
catboost,2016-03-01,2498.0,1484.4974008927693
catboost,2015-05-01,17109.0,5596.2062581603095
catboost,2015-06-01,6980.0,4331.145632304423
catboost,2015-07-01,3234.0,3807.61669091342
catboost,2015-08-01,1636.0,3305.7697737296794
catboost,2015-09-01,561.0,1609.051150376315
catboost,2015-10-01,357.0,1077.8978253544553
catboost,2015-11-01,450.0,873.264354364745
catboost,2015-12-01,397.0,743.3026217933923
catboost,2016-01-01,1465.0,809.8314988881064
catboost,2016-02-01,1995.0,973.3057356832751
catboost,2016-03-01,2498.0,1265.2809132788962
catboost,2016-04-01,6332.0,2123.8517350181305
catboost,2015-06-01,6980.0,9464.569558424013
catboost,2015-07-01,3234.0,5788.941949241659
catboost,2015-08-01,1636.0,5028.179227506442
catboost,2015-09-01,561.0,3408.175118078854
catboost,2015-10-01,357.0,3512.620244297051
catboost,2015-11-01,450.0,3365.4466882737847
catboost,2015-12-01,397.0,2517.549786481048
catboost,2016-01-01,1465.0,2253.8148075213026
catboost,2016-02-01,1995.0,1987.7950937088203
catboost,2016-03-01,2498.0,2077.19968688605
catboost,2016-04-01,6332.0,2199.620964545589
catboost,2016-05-01,13527.0,2238.9441703374127
catboost,2015-07-01,3234.0,4177.268124107908
catboost,2015-08-01,1636.0,2691.516295301552
catboost,2015-09-01,561.0,1857.590849852283
catboost,2015-10-01,357.0,1336.3138848059016
catboost,2015-11-01,450.0,1094.7825850558384
catboost,2015-12-01,397.0,1014.4443601768776
catboost,2016-01-01,1465.0,894.5337554347175
catboost,2016-02-01,1995.0,1046.6041554803362
catboost,2016-03-01,2498.0,1641.2674610461715
catboost,2016-04-01,6332.0,2198.5356779388953
catboost,2016-05-01,13527.0,2481.670539124044
catboost,2016-06-01,6442.0,3293.4956149405893
catboost,2015-08-01,1636.0,1943.700380859395
catboost,2015-09-01,561.0,1278.9194291443785
catboost,2015-10-01,357.0,1112.107557685387
catboost,2015-11-01,450.0,826.1633959226428
catboost,2015-12-01,397.0,820.5580269998345
catboost,2016-01-01,1465.0,833.042934582697
catboost,2016-02-01,1995.0,1070.495302717938
catboost,2016-03-01,2498.0,1428.7736860542755
catboost,2016-04-01,6332.0,2254.8790204143306
catboost,2016-05-01,13527.0,3228.8070082467334
catboost,2016-06-01,6442.0,4753.999197192553
catboost,2016-07-01,5218.0,5166.94261778499
catboost,2015-09-01,561.0,1401.074553432153
catboost,2015-10-01,357.0,1365.3277669896315
catboost,2015-11-01,450.0,1113.0012302361222
catboost,2015-12-01,397.0,930.0901862328294
catboost,2016-01-01,1465.0,704.436773375216
catboost,2016-02-01,1995.0,876.2487169838205
catboost,2016-03-01,2498.0,1189.6912353184812
catboost,2016-04-01,6332.0,1949.4970076562267
catboost,2016-05-01,13527.0,2489.10443994631
catboost,2016-06-01,6442.0,3285.8993623680835
catboost,2016-07-01,5218.0,3922.213264173796
catboost,2016-08-01,2524.0,3851.3902237967122
catboost,2015-10-01,357.0,754.60950998777
catboost,2015-11-01,450.0,613.472146112566
catboost,2015-12-01,397.0,678.1938769716328
catboost,2016-01-01,1465.0,679.9504357576434
catboost,2016-02-01,1995.0,1224.6596299784621
catboost,2016-03-01,2498.0,2014.4385427090901
catboost,2016-04-01,6332.0,2833.948373832978
catboost,2016-05-01,13527.0,4692.852715269408
catboost,2016-06-01,6442.0,7205.083074098237
catboost,2016-07-01,5218.0,5899.434448368589
catboost,2016-08-01,2524.0,2441.4129074259718
catboost,2016-09-01,1700.0,902.220813790156
catboost,2015-11-01,450.0,503.9917621285135
catboost,2015-12-01,397.0,711.2959937573075
catboost,2016-01-01,1465.0,916.541476780955
catboost,2016-02-01,1995.0,1024.4406672606701
catboost,2016-03-01,2498.0,1715.3959979346891
catboost,2016-04-01,6332.0,2956.905931604257
catboost,2016-05-01,13527.0,4934.839227195202
catboost,2016-06-01,6442.0,7464.2550317278365
catboost,2016-07-01,5218.0,5256.488998951135
catboost,2016-08-01,2524.0,2135.885903850931
catboost,2016-09-01,1700.0,841.6642689823989
catboost,2016-10-01,1643.0,416.9046942526793
catboost,2015-12-01,397.0,571.0192426350261
catboost,2016-01-01,1465.0,637.972511684306
catboost,2016-02-01,1995.0,1056.04863701291
catboost,2016-03-01,2498.0,1867.282094625529
catboost,2016-04-01,6332.0,2970.422423675719
catboost,2016-05-01,13527.0,5308.107712221885
catboost,2016-06-01,6442.0,8356.023830540096
catboost,2016-07-01,5218.0,6053.352374528551
catboost,2016-08-01,2524.0,2533.5723537585354
catboost,2016-09-01,1700.0,1049.1807468225236
catboost,2016-10-01,1643.0,343.17695169302306
catboost,2016-11-01,1385.0,413.56374641871116
catboost,2016-01-01,1465.0,604.2408909170304
catboost,2016-02-01,1995.0,1004.4663179415652
catboost,2016-03-01,2498.0,1843.8624555966217
catboost,2016-04-01,6332.0,3283.5340022830596
catboost,2016-05-01,13527.0,5452.309868357515
catboost,2016-06-01,6442.0,9052.69270898384
catboost,2016-07-01,5218.0,5196.770067541727
catboost,2016-08-01,2524.0,2292.3475214337236
catboost,2016-09-01,1700.0,731.6429286614709
catboost,2016-10-01,1643.0,356.3640239616966
catboost,2016-11-01,1385.0,310.51122745770954
catboost,2016-12-01,1208.0,233.06947084879175
catboost,2016-02-01,1995.0,1639.7402957187892
catboost,2016-03-01,2498.0,2225.2324156090954
catboost,2016-04-01,6332.0,3516.825944007682
catboost,2016-05-01,13527.0,9322.246058975023
catboost,2016-06-01,6442.0,8643.710313179337
catboost,2016-07-01,5218.0,4389.895511378112
catboost,2016-08-01,2524.0,2128.5396281067715
catboost,2016-09-01,1700.0,726.0547226645044
catboost,2016-10-01,1643.0,460.90703297221444
catboost,2016-11-01,1385.0,541.0953760864727
catboost,2016-12-01,1208.0,605.5221376438637
catboost,2017-01-01,3328.0,873.436463729133
catboost,2016-03-01,2498.0,2494.61912737814
catboost,2016-04-01,6332.0,4124.306661665055
catboost,2016-05-01,13527.0,8157.367974995362
catboost,2016-06-01,6442.0,7068.6075410906815
catboost,2016-07-01,5218.0,3299.0412372411615
catboost,2016-08-01,2524.0,1691.4024606679413
catboost,2016-09-01,1700.0,612.1714924868468
catboost,2016-10-01,1643.0,436.26762524891114
catboost,2016-11-01,1385.0,602.7913247600152
catboost,2016-12-01,1208.0,613.5282830424087
catboost,2017-01-01,3328.0,822.4542454108775
catboost,2017-02-01,5050.0,1345.2570747535754
catboost,2016-04-01,6332.0,4506.798839413439
catboost,2016-05-01,13527.0,8382.924307050056
catboost,2016-06-01,6442.0,7797.857326361909
catboost,2016-07-01,5218.0,4225.562293690617
catboost,2016-08-01,2524.0,1979.865709189168
catboost,2016-09-01,1700.0,708.7478925602732
catboost,2016-10-01,1643.0,425.06728492998377
catboost,2016-11-01,1385.0,554.2571171422887
catboost,2016-12-01,1208.0,615.525342239478
catboost,2017-01-01,3328.0,969.6355695023428
catboost,2017-02-01,5050.0,1306.64803090647
catboost,2017-03-01,8238.0,1906.0945408221596
catboost,2016-05-01,13527.0,8742.75778546269
catboost,2016-06-01,6442.0,8287.532839570013
catboost,2016-07-01,5218.0,4424.088763866287
catboost,2016-08-01,2524.0,1964.7294810267185
catboost,2016-09-01,1700.0,711.7489551016445
catboost,2016-10-01,1643.0,389.7195696390522
catboost,2016-11-01,1385.0,589.6701568113331
catboost,2016-12-01,1208.0,607.6076932705487
catboost,2017-01-01,3328.0,1032.73795021323
catboost,2017-02-01,5050.0,1108.4301122170436
catboost,2017-03-01,8238.0,1916.5682027306375
catboost,2017-04-01,14309.0,2856.390475557565
catboost,2016-06-01,6442.0,9172.53076828581
catboost,2016-07-01,5218.0,4579.407386769222
catboost,2016-08-01,2524.0,2034.574458955245
catboost,2016-09-01,1700.0,812.3748690641353
catboost,2016-10-01,1643.0,554.6588067523162
catboost,2016-11-01,1385.0,722.6644743274246
catboost,2016-12-01,1208.0,670.101446602213
catboost,2017-01-01,3328.0,843.9467632792409
catboost,2017-02-01,5050.0,1306.2086199001492
catboost,2017-03-01,8238.0,2011.7285715101195
catboost,2017-04-01,14309.0,2857.317200597592
catboost,2017-05-01,3780.0,5620.595476911158
catboost,2016-07-01,5218.0,3393.1800439432272
catboost,2016-08-01,2524.0,2083.064320100462
catboost,2016-09-01,1700.0,912.60612362811
catboost,2016-10-01,1643.0,506.54313763490154
catboost,2016-11-01,1385.0,719.260404921517
catboost,2016-12-01,1208.0,660.7667059711252
catboost,2017-01-01,3328.0,822.325356766703
catboost,2017-02-01,5050.0,1258.7370502019219
catboost,2017-03-01,8238.0,1922.0558638714426
catboost,2017-04-01,14309.0,2775.231300416373
catboost,2017-05-01,3780.0,5014.55038243141
catboost,2017-06-01,1160.0,7105.046382540527
catboost,2016-08-01,2524.0,2262.3914829597275
catboost,2016-09-01,1700.0,965.3452454666215
catboost,2016-10-01,1643.0,454.2165220621978
catboost,2016-11-01,1385.0,590.9230195042496
catboost,2016-12-01,1208.0,691.27360132585
catboost,2017-01-01,3328.0,936.4922625770305
catboost,2017-02-01,5050.0,1051.3279749114517
catboost,2017-03-01,8238.0,1812.0143103094983
catboost,2017-04-01,14309.0,2645.420561696091
catboost,2017-05-01,3780.0,5573.429565724693
catboost,2017-06-01,1160.0,7313.118020051131
catboost,2017-07-01,865.0,5498.195100312375
catboost,2016-09-01,1700.0,1314.5493264785277
catboost,2016-10-01,1643.0,604.681685561502
catboost,2016-11-01,1385.0,706.5908984115613
catboost,2016-12-01,1208.0,736.3415127795865
catboost,2017-01-01,3328.0,802.955562914641
catboost,2017-02-01,5050.0,1171.1273312178805
catboost,2017-03-01,8238.0,1699.688782739319
catboost,2017-04-01,14309.0,2404.2351108728426
catboost,2017-05-01,3780.0,3753.8651942352676
catboost,2017-06-01,1160.0,6545.224287052712
catboost,2017-07-01,865.0,6346.426685909883
catboost,2017-08-01,418.0,3566.4770301050557
catboost,2016-10-01,1643.0,806.1655253072606
catboost,2016-11-01,1385.0,771.8125103511022
catboost,2016-12-01,1208.0,753.8808118049285
catboost,2017-01-01,3328.0,926.5568477178372
catboost,2017-02-01,5050.0,1141.3220844264195
catboost,2017-03-01,8238.0,1579.0697713750085
catboost,2017-04-01,14309.0,2507.5275085730586
catboost,2017-05-01,3780.0,4707.426822045263
catboost,2017-06-01,1160.0,6576.823703308297
catboost,2017-07-01,865.0,5479.142268292062
catboost,2017-08-01,418.0,3175.56466069822
catboost,2017-09-01,1041.0,1847.1156809904091
catboost,2016-11-01,1385.0,1286.9459203134165
catboost,2016-12-01,1208.0,1354.1061118538476
catboost,2017-01-01,3328.0,1543.413261331824
catboost,2017-02-01,5050.0,1624.0040938365896
catboost,2017-03-01,8238.0,2048.9676413146717
catboost,2017-04-01,14309.0,2497.476196417619
catboost,2017-05-01,3780.0,4380.651873166232
catboost,2017-06-01,1160.0,5444.760305584614
catboost,2017-07-01,865.0,4660.685108170254
catboost,2017-08-01,418.0,3301.046831399654
catboost,2017-09-01,1041.0,2722.5053276458507
catboost,2017-10-01,690.0,2416.7417027990273
catboost,2016-12-01,1208.0,1330.6821752197689
catboost,2017-01-01,3328.0,1485.7196218427769
catboost,2017-02-01,5050.0,1611.2098425995782
catboost,2017-03-01,8238.0,1905.9509782074856
catboost,2017-04-01,14309.0,2480.8801173497263
catboost,2017-05-01,3780.0,4026.5012671650666
catboost,2017-06-01,1160.0,5090.597814276209
catboost,2017-07-01,865.0,4800.370069377237
catboost,2017-08-01,418.0,3724.5118028437546
catboost,2017-09-01,1041.0,3236.9344674220038
catboost,2017-10-01,690.0,2752.766954745967
catboost,2017-11-01,313.0,2509.996154509072
catboost,2017-01-01,3328.0,1245.0924321609532
catboost,2017-02-01,5050.0,1391.967002503342
catboost,2017-03-01,8238.0,1889.0633815231004
catboost,2017-04-01,14309.0,2383.2719447634136
catboost,2017-05-01,3780.0,3516.105760296564
catboost,2017-06-01,1160.0,5044.868092327738
catboost,2017-07-01,865.0,5076.582719738572
catboost,2017-08-01,418.0,3836.1334376107943
catboost,2017-09-01,1041.0,3234.490014235679
catboost,2017-10-01,690.0,2450.455415174896
catboost,2017-11-01,313.0,1873.2515860679202
catboost,2017-12-01,374.0,1592.68721616978
catboost,2017-02-01,5050.0,3992.678956065978
catboost,2017-03-01,8238.0,4801.5376863919155
catboost,2017-04-01,14309.0,5140.258291662617
catboost,2017-05-01,3780.0,5558.859611364467
catboost,2017-06-01,1160.0,4364.959088716724
catboost,2017-07-01,865.0,3805.0894556578082
catboost,2017-08-01,418.0,2851.637995985879
catboost,2017-09-01,1041.0,2554.87145977403
catboost,2017-10-01,690.0,2629.7504043329022
catboost,2017-11-01,313.0,2588.752739221158
catboost,2017-12-01,374.0,2785.3005642768553
catboost,2018-01-01,495.0,3297.3180399293988
catboost,2017-03-01,8238.0,5794.6777935606715
catboost,2017-04-01,14309.0,6233.9476099479925
catboost,2017-05-01,3780.0,5866.564067062456
catboost,2017-06-01,1160.0,5104.7908074045945
catboost,2017-07-01,865.0,4173.0770052487005
catboost,2017-08-01,418.0,3444.2512985143067
catboost,2017-09-01,1041.0,3297.341362225542
catboost,2017-10-01,690.0,3104.5813516822136
catboost,2017-11-01,313.0,2807.5039221377288
catboost,2017-12-01,374.0,3070.4271817686176
catboost,2018-01-01,495.0,3819.944934671579
catboost,2018-02-01,585.0,4582.877234145969
catboost,2017-04-01,14309.0,7691.772073031427
catboost,2017-05-01,3780.0,7044.299652989469
catboost,2017-06-01,1160.0,5435.892015472804
catboost,2017-07-01,865.0,4457.115599286615
catboost,2017-08-01,418.0,3325.677371178739
catboost,2017-09-01,1041.0,2877.214374876971
catboost,2017-10-01,690.0,2726.55491180744
catboost,2017-11-01,313.0,2682.8045867307137
catboost,2017-12-01,374.0,3249.1005788243347
catboost,2018-01-01,495.0,4085.441894074605
catboost,2018-02-01,585.0,5226.688858691456
catboost,2018-03-01,831.0,6237.235241786968
catboost,2017-05-01,3780.0,9902.035344063628
catboost,2017-06-01,1160.0,6832.949281690447
catboost,2017-07-01,865.0,5534.255332036268
catboost,2017-08-01,418.0,3885.2307649660825
catboost,2017-09-01,1041.0,3615.5295673537275
catboost,2017-10-01,690.0,3973.7839361584
catboost,2017-11-01,313.0,4156.362051196737
catboost,2017-12-01,374.0,5027.3282946743475
catboost,2018-01-01,495.0,5919.402276074203
catboost,2018-02-01,585.0,7037.676897728559
catboost,2018-03-01,831.0,7333.020552168652
catboost,2018-04-01,1553.0,8118.559768953727
catboost,2017-06-01,1160.0,3998.349903780721
catboost,2017-07-01,865.0,4431.11807206161
catboost,2017-08-01,418.0,3452.743638510235
catboost,2017-09-01,1041.0,3880.677641256396
catboost,2017-10-01,690.0,4131.210362193679
catboost,2017-11-01,313.0,3808.1074413112815
catboost,2017-12-01,374.0,4584.853824738009
catboost,2018-01-01,495.0,5195.021785092483
catboost,2018-02-01,585.0,6320.156990368896
catboost,2018-03-01,831.0,6963.832424329135
catboost,2018-04-01,1553.0,6755.313139847843
catboost,2018-05-01,498.0,6348.657804431397
catboost,2017-07-01,865.0,1887.0505616130206
catboost,2017-08-01,418.0,1876.2582136784797
catboost,2017-09-01,1041.0,1999.0892336253883
catboost,2017-10-01,690.0,2257.272319559984
catboost,2017-11-01,313.0,2273.552410010068
catboost,2017-12-01,374.0,3007.4494761364735
catboost,2018-01-01,495.0,4065.5084761371163
catboost,2018-02-01,585.0,5882.316543319534
catboost,2018-03-01,831.0,6778.499391713287
catboost,2018-04-01,1553.0,6425.8954422824245
catboost,2018-05-01,498.0,5406.42358168883
catboost,2018-06-01,291.0,4248.178776821805
catboost,2017-08-01,418.0,1257.4332134981723
catboost,2017-09-01,1041.0,1695.058650493461
catboost,2017-10-01,690.0,1799.8316532211434
catboost,2017-11-01,313.0,2263.1317436717554
catboost,2017-12-01,374.0,2999.8044357751887
catboost,2018-01-01,495.0,4166.018103434696
catboost,2018-02-01,585.0,6041.953138369558
catboost,2018-03-01,831.0,7420.643427053818
catboost,2018-04-01,1553.0,6252.513853500259
catboost,2018-05-01,498.0,4836.026822410425
catboost,2018-06-01,291.0,3347.6138682943983
catboost,2018-07-01,365.0,3171.853674764231
catboost,2017-09-01,1041.0,1075.8347881598286
catboost,2017-10-01,690.0,1233.4531887641613
catboost,2017-11-01,313.0,1822.520748198149
catboost,2017-12-01,374.0,2586.4911087883643
catboost,2018-01-01,495.0,3971.1175541839903
catboost,2018-02-01,585.0,7008.5195623982645
catboost,2018-03-01,831.0,8193.365628457104
catboost,2018-04-01,1553.0,6560.451245282924
catboost,2018-05-01,498.0,4556.1304837130865
catboost,2018-06-01,291.0,2615.028828135121
catboost,2018-07-01,365.0,2318.1865730086556
catboost,2018-08-01,190.0,2073.654672745302
catboost,2017-10-01,690.0,1067.0209141862033
catboost,2017-11-01,313.0,1485.910922564415
catboost,2017-12-01,374.0,2433.9410464625234
catboost,2018-01-01,495.0,3204.132565226588
catboost,2018-02-01,585.0,5441.791605601509
catboost,2018-03-01,831.0,7982.433200116681
catboost,2018-04-01,1553.0,8368.90096323665
catboost,2018-05-01,498.0,5731.152158469016
catboost,2018-06-01,291.0,3115.9990937393773
catboost,2018-07-01,365.0,2203.4101528322626
catboost,2018-08-01,190.0,1671.6042815581436
catboost,2018-09-01,175.0,1529.2668193039885
catboost,2017-11-01,313.0,1340.9288280694716
catboost,2017-12-01,374.0,2371.6275074497016
catboost,2018-01-01,495.0,3018.7954161403327
catboost,2018-02-01,585.0,5395.95637516788
catboost,2018-03-01,831.0,7949.650720011518
catboost,2018-04-01,1553.0,7882.322446790897
catboost,2018-05-01,498.0,5597.608704447886
catboost,2018-06-01,291.0,3023.516541811708
catboost,2018-07-01,365.0,2140.901314347297
catboost,2018-08-01,190.0,1700.2800436593104
catboost,2018-09-01,175.0,1627.5285875571712
catboost,2018-10-01,133.0,1572.5635680262
catboost,2017-12-01,374.0,1308.3763244498923
catboost,2018-01-01,495.0,2092.446260370631
catboost,2018-02-01,585.0,3173.5187721179045
catboost,2018-03-01,831.0,5325.8096337432835
catboost,2018-04-01,1553.0,8762.462334717467
catboost,2018-05-01,498.0,6411.993384932285
catboost,2018-06-01,291.0,3980.5939414325226
catboost,2018-07-01,365.0,2426.214980945434
catboost,2018-08-01,190.0,1819.5789315854713
catboost,2018-09-01,175.0,1531.3130501754931
catboost,2018-10-01,133.0,1488.7053958160034
catboost,2018-11-01,148.0,2305.4019361111496
catboost,2018-01-01,495.0,1281.3009601921128
catboost,2018-02-01,585.0,2763.2755536892473
catboost,2018-03-01,831.0,4650.9471681509895
catboost,2018-04-01,1553.0,8653.164716078703
catboost,2018-05-01,498.0,9432.874013909095
catboost,2018-06-01,291.0,4415.623483850628
catboost,2018-07-01,365.0,2393.9808995201415
catboost,2018-08-01,190.0,1479.2169289605715
catboost,2018-09-01,175.0,1154.7511759644497
catboost,2018-10-01,133.0,936.6478606823559
catboost,2018-11-01,148.0,1111.5661429194545
catboost,2018-12-01,274.0,1833.962600134862
catboost,2018-02-01,585.0,1612.7901222523985
catboost,2018-03-01,831.0,2748.477350756756
catboost,2018-04-01,1553.0,5103.14353651243
catboost,2018-05-01,498.0,7305.110729483021
catboost,2018-06-01,291.0,6782.828552237009
catboost,2018-07-01,365.0,4509.940673795399
catboost,2018-08-01,190.0,2791.5173704432264
catboost,2018-09-01,175.0,1660.213091472029
catboost,2018-10-01,133.0,1342.603188898766
catboost,2018-11-01,148.0,1813.410051987944
catboost,2018-12-01,274.0,2325.1272900408494
catboost,2019-01-01,452.0,3258.6063616990223
catboost,2018-03-01,831.0,1873.1683769383112
catboost,2018-04-01,1553.0,3020.6842006803877
catboost,2018-05-01,498.0,4483.772582014424
catboost,2018-06-01,291.0,5597.954017955861
catboost,2018-07-01,365.0,4692.518001104596
catboost,2018-08-01,190.0,3575.3467284616013
catboost,2018-09-01,175.0,2874.4521974692793
catboost,2018-10-01,133.0,1990.115463847456
catboost,2018-11-01,148.0,1866.2855098074392
catboost,2018-12-01,274.0,2147.2562923538308
catboost,2019-01-01,452.0,2971.5035668080022
catboost,2019-02-01,489.0,4301.8850028612715
catboost,2018-04-01,1553.0,1941.0690817095651
catboost,2018-05-01,498.0,3055.7322545366396
catboost,2018-06-01,291.0,4349.153809568672
catboost,2018-07-01,365.0,4421.143054468231
catboost,2018-08-01,190.0,3426.709041839266
catboost,2018-09-01,175.0,2895.906415169702
catboost,2018-10-01,133.0,2547.768564761823
catboost,2018-11-01,148.0,3044.022243529972
catboost,2018-12-01,274.0,3444.3296484892903
catboost,2019-01-01,452.0,4324.740168638119
catboost,2019-02-01,489.0,4666.222137475078
catboost,2019-03-01,1847.0,5586.268585146382
catboost,2018-05-01,498.0,2587.6056196579975
catboost,2018-06-01,291.0,3773.026089588561
catboost,2018-07-01,365.0,4892.317283050976
catboost,2018-08-01,190.0,4503.090151238547
catboost,2018-09-01,175.0,3297.44670989856
catboost,2018-10-01,133.0,2714.8417789225246
catboost,2018-11-01,148.0,2845.763140799551
catboost,2018-12-01,274.0,3046.742244052523
catboost,2019-01-01,452.0,3774.3049831858852
catboost,2019-02-01,489.0,4726.3080957374805
catboost,2019-03-01,1847.0,6087.708069630905
catboost,2019-04-01,1855.0,5544.085972939758
catboost,2018-06-01,291.0,1704.6258010077713
catboost,2018-07-01,365.0,1724.687580513757
catboost,2018-08-01,190.0,1525.1492421423457
catboost,2018-09-01,175.0,1438.2015418620538
catboost,2018-10-01,133.0,1714.6618633872222
catboost,2018-11-01,148.0,1697.2993644890234
catboost,2018-12-01,274.0,2130.484500098841
catboost,2019-01-01,452.0,2697.9539653987226
catboost,2019-02-01,489.0,3842.927218152541
catboost,2019-03-01,1847.0,5438.186667825221
catboost,2019-04-01,1855.0,4330.173008803396
catboost,2019-05-01,1309.0,4173.849524869577
catboost,2018-07-01,365.0,718.9335924897689
catboost,2018-08-01,190.0,862.376324372877
catboost,2018-09-01,175.0,870.1198940609358
catboost,2018-10-01,133.0,1061.310598697663
catboost,2018-11-01,148.0,1364.8477721727181
catboost,2018-12-01,274.0,1827.5098829452088
catboost,2019-01-01,452.0,2318.0844526667256
catboost,2019-02-01,489.0,3452.213893227686
catboost,2019-03-01,1847.0,5397.525881576506
catboost,2019-04-01,1855.0,5688.914863834224
catboost,2019-05-01,1309.0,5232.902721421087
catboost,2019-06-01,1070.0,4426.304337419442
catboost,2018-08-01,190.0,685.6250199243984
catboost,2018-09-01,175.0,845.1414070048636
catboost,2018-10-01,133.0,974.4448523398601
catboost,2018-11-01,148.0,1026.800256313797
catboost,2018-12-01,274.0,1231.208994029599
catboost,2019-01-01,452.0,2258.8396891961283
catboost,2019-02-01,489.0,2848.1907172094193
catboost,2019-03-01,1847.0,3814.776621662677
catboost,2019-04-01,1855.0,4510.0470200337195
catboost,2019-05-01,1309.0,4698.211022801026
catboost,2019-06-01,1070.0,4713.226186200683
catboost,2019-07-01,845.0,3092.7460068476607
catboost,2018-09-01,175.0,686.2712675488085
catboost,2018-10-01,133.0,916.5888016562335
catboost,2018-11-01,148.0,1262.1832289448996
catboost,2018-12-01,274.0,1910.1246917533817
catboost,2019-01-01,452.0,2615.157606628331
catboost,2019-02-01,489.0,4318.272980269142
catboost,2019-03-01,1847.0,5988.575625322919
catboost,2019-04-01,1855.0,4763.239322778872
catboost,2019-05-01,1309.0,3981.2645857715056
catboost,2019-06-01,1070.0,3906.5621116060997
catboost,2019-07-01,845.0,2822.178222456262
catboost,2019-08-01,680.0,2104.2662398758625
catboost,2018-10-01,133.0,613.0914787038264
catboost,2018-11-01,148.0,869.0967099163879
catboost,2018-12-01,274.0,1239.574480596242
catboost,2019-01-01,452.0,2076.948846777618
catboost,2019-02-01,489.0,2573.310715781259
catboost,2019-03-01,1847.0,3977.899807408733
catboost,2019-04-01,1855.0,4187.0439997260455
catboost,2019-05-01,1309.0,4196.4458965611175
catboost,2019-06-01,1070.0,4227.620439570872
catboost,2019-07-01,845.0,2503.9220872007368
catboost,2019-08-01,680.0,1836.4093833967413
catboost,2019-09-01,716.0,1033.424876492839
catboost,2018-11-01,148.0,658.4242278487225
catboost,2018-12-01,274.0,1093.403458840172
catboost,2019-01-01,452.0,1710.1585102030149
catboost,2019-02-01,489.0,2174.6666736367447
catboost,2019-03-01,1847.0,3157.961282740306
catboost,2019-04-01,1855.0,3315.3187825764094
catboost,2019-05-01,1309.0,3456.2027696449395
catboost,2019-06-01,1070.0,4307.630539540891
catboost,2019-07-01,845.0,2794.9230783873245
catboost,2019-08-01,680.0,1757.6898165575462
catboost,2019-09-01,716.0,1079.3468049002236
catboost,2019-10-01,371.0,1286.3220344955316
catboost,2018-12-01,274.0,817.1380602449324
catboost,2019-01-01,452.0,1265.4957230605087
catboost,2019-02-01,489.0,2263.491565801162
catboost,2019-03-01,1847.0,2652.4674861041135
catboost,2019-04-01,1855.0,2868.506080011877
catboost,2019-05-01,1309.0,3217.4914804499404
catboost,2019-06-01,1070.0,3219.268909290696
catboost,2019-07-01,845.0,2089.466968496263
catboost,2019-08-01,680.0,1302.180182195662
catboost,2019-09-01,716.0,1122.2782758084259
catboost,2019-10-01,371.0,1208.8903649826404
catboost,2019-11-01,366.0,1879.792608076225
catboost,2019-01-01,452.0,982.2605135798872
catboost,2019-02-01,489.0,1695.6278710579
catboost,2019-03-01,1847.0,2007.206957167756
catboost,2019-04-01,1855.0,1903.0964944396173
catboost,2019-05-01,1309.0,2436.807354245345
catboost,2019-06-01,1070.0,2657.4763480335873
catboost,2019-07-01,845.0,2158.3632422371197
catboost,2019-08-01,680.0,1394.746997787083
catboost,2019-09-01,716.0,853.6005575472414
catboost,2019-10-01,371.0,871.9392185897821
catboost,2019-11-01,366.0,1087.7602564415467
catboost,2019-12-01,429.0,1573.6711435618013
catboost,2019-02-01,489.0,1391.2511974648992
catboost,2019-03-01,1847.0,1871.2435311784634
catboost,2019-04-01,1855.0,1774.6343211506348
catboost,2019-05-01,1309.0,2108.03043196761
catboost,2019-06-01,1070.0,2264.587875382158
catboost,2019-07-01,845.0,1592.9717932006852
catboost,2019-08-01,680.0,1195.7813680068402
catboost,2019-09-01,716.0,1076.9371666130955
catboost,2019-10-01,371.0,1070.4235349092114
catboost,2019-11-01,366.0,1277.0226489666263
catboost,2019-12-01,429.0,2252.278250767539
catboost,2020-01-01,973.0,2517.531973507275
catboost,2019-03-01,1847.0,1305.1549798861272
catboost,2019-04-01,1855.0,1716.1166857998853
catboost,2019-05-01,1309.0,2205.9928835325836
catboost,2019-06-01,1070.0,2299.8463669737657
catboost,2019-07-01,845.0,1930.0122888157757
catboost,2019-08-01,680.0,1665.2376884791097
catboost,2019-09-01,716.0,1284.372996596049
catboost,2019-10-01,371.0,1369.7322070931336
catboost,2019-11-01,366.0,1331.315183331145
catboost,2019-12-01,429.0,1698.0602738631555
catboost,2020-01-01,973.0,1739.1080147478406
catboost,2020-02-01,2378.0,1776.75903964077
catboost,2019-04-01,1855.0,1748.263432096382
catboost,2019-05-01,1309.0,2199.1008472663275
catboost,2019-06-01,1070.0,2549.850751253246
catboost,2019-07-01,845.0,2322.804075011642
catboost,2019-08-01,680.0,1686.670582661557
catboost,2019-09-01,716.0,1238.57198856457
catboost,2019-10-01,371.0,1568.0088048475495
catboost,2019-11-01,366.0,1512.8409798928233
catboost,2019-12-01,429.0,1865.4927063997047
catboost,2020-01-01,973.0,1774.6193466424124
catboost,2020-02-01,2378.0,1783.9572444987066
catboost,2020-03-01,2635.0,2118.2389319841495
catboost,2019-05-01,1309.0,2081.905151091446
catboost,2019-06-01,1070.0,2665.5252195421344
catboost,2019-07-01,845.0,2319.3302314138577
catboost,2019-08-01,680.0,1807.971923618068
catboost,2019-09-01,716.0,1356.5172396422179
catboost,2019-10-01,371.0,1501.5549995956235
catboost,2019-11-01,366.0,1145.54237026776
catboost,2019-12-01,429.0,1460.2875344727927
catboost,2020-01-01,973.0,1531.0647345404905
catboost,2020-02-01,2378.0,1601.329437161546
catboost,2020-03-01,2635.0,2058.287250404562
catboost,2020-04-01,2140.0,1764.8976436027767
catboost,2019-06-01,1070.0,1962.1399590504564
catboost,2019-07-01,845.0,1449.7570743734045
catboost,2019-08-01,680.0,1213.0817543772412
catboost,2019-09-01,716.0,1127.3261524469547
catboost,2019-10-01,371.0,1565.2769244207666
catboost,2019-11-01,366.0,1471.4047949836267
catboost,2019-12-01,429.0,2020.1191275660985
catboost,2020-01-01,973.0,2099.7567371618243
catboost,2020-02-01,2378.0,1725.5895381121254
catboost,2020-03-01,2635.0,1810.1143049177504
catboost,2020-04-01,2140.0,1565.4507857087262
catboost,2020-05-01,1836.0,1380.5311942584883
catboost,2019-07-01,845.0,1287.9044609623554
catboost,2019-08-01,680.0,1353.8016659907187
catboost,2019-09-01,716.0,1266.8262250618197
catboost,2019-10-01,371.0,1773.7698602683115
catboost,2019-11-01,366.0,1578.7720835183682
catboost,2019-12-01,429.0,1854.8797103265433
catboost,2020-01-01,973.0,1838.2099076135469
catboost,2020-02-01,2378.0,1841.8959530533673
catboost,2020-03-01,2635.0,1945.1384847381564
catboost,2020-04-01,2140.0,1781.5129826063126
catboost,2020-05-01,1836.0,1503.5850580867277
catboost,2020-06-01,1820.0,1300.6567508714074
catboost,2019-08-01,680.0,946.8792325092152
catboost,2019-09-01,716.0,870.9142592584012
catboost,2019-10-01,371.0,1394.1447849508518
catboost,2019-11-01,366.0,1403.3861960412837
catboost,2019-12-01,429.0,1932.2408918033589
catboost,2020-01-01,973.0,2067.201811007825
catboost,2020-02-01,2378.0,1971.1394862445327
catboost,2020-03-01,2635.0,2273.433850285261
catboost,2020-04-01,2140.0,2047.7813029670906
catboost,2020-05-01,1836.0,1741.9095325920925
catboost,2020-06-01,1820.0,1340.7814386105624
catboost,2020-07-01,1519.0,1101.4452297835612
catboost,2019-09-01,716.0,725.0874127453906
catboost,2019-10-01,371.0,1310.1544706234447
catboost,2019-11-01,366.0,1309.5876475303069
catboost,2019-12-01,429.0,1770.2103097911747
catboost,2020-01-01,973.0,1960.731623385739
catboost,2020-02-01,2378.0,2039.590548432688
catboost,2020-03-01,2635.0,2257.793682991256
catboost,2020-04-01,2140.0,2086.9920774379407
catboost,2020-05-01,1836.0,1665.8367392439814
catboost,2020-06-01,1820.0,1128.5717650502238
catboost,2020-07-01,1519.0,824.0525527949228
catboost,2020-08-01,1265.0,735.409536637359
catboost,2019-10-01,371.0,1193.949460118052
catboost,2019-11-01,366.0,1406.4662250036235
catboost,2019-12-01,429.0,1862.0746439222178
catboost,2020-01-01,973.0,2064.7403850066926
catboost,2020-02-01,2378.0,2290.399012698541
catboost,2020-03-01,2635.0,2221.972988554939
catboost,2020-04-01,2140.0,1721.53785018763
catboost,2020-05-01,1836.0,1203.5379745522903
catboost,2020-06-01,1820.0,988.8035136309777
catboost,2020-07-01,1519.0,681.454601225123
catboost,2020-08-01,1265.0,722.4367293401631
catboost,2020-09-01,586.0,828.7000922770089
catboost,2019-11-01,366.0,754.3701661101411
catboost,2019-12-01,429.0,1044.6922761483954
catboost,2020-01-01,973.0,1329.5173171585225
catboost,2020-02-01,2378.0,1780.2806628948815
catboost,2020-03-01,2635.0,2342.685484971866
catboost,2020-04-01,2140.0,2576.112621358037
catboost,2020-05-01,1836.0,2696.9358137637437
catboost,2020-06-01,1820.0,2220.622152377996
catboost,2020-07-01,1519.0,1258.4617672572756
catboost,2020-08-01,1265.0,972.5546585914415
catboost,2020-09-01,586.0,666.68409770631
catboost,2020-10-01,402.0,587.1264463089788
catboost,2019-12-01,429.0,813.5683129492638
catboost,2020-01-01,973.0,1196.023913529772
catboost,2020-02-01,2378.0,1799.2357984938126
catboost,2020-03-01,2635.0,2497.0485861115226
catboost,2020-04-01,2140.0,3401.573599330435
catboost,2020-05-01,1836.0,4559.374594503211
catboost,2020-06-01,1820.0,3167.378979573521
catboost,2020-07-01,1519.0,1913.581431145773
catboost,2020-08-01,1265.0,992.3021606072766
catboost,2020-09-01,586.0,479.11034817829295
catboost,2020-10-01,402.0,516.2451246759758
catboost,2020-11-01,565.0,707.48879862846
catboost,2020-01-01,973.0,843.9505705884592
catboost,2020-02-01,2378.0,1187.6963441541184
catboost,2020-03-01,2635.0,2156.914480761319
catboost,2020-04-01,2140.0,2855.9485329518134
catboost,2020-05-01,1836.0,3768.905947493081
catboost,2020-06-01,1820.0,3943.653698883779
catboost,2020-07-01,1519.0,2895.968038882319
catboost,2020-08-01,1265.0,1712.8171165798517
catboost,2020-09-01,586.0,927.9907535664072
catboost,2020-10-01,402.0,526.570784436761
catboost,2020-11-01,565.0,748.6667469018885
catboost,2020-12-01,327.0,662.6313781978865
catboost,2020-02-01,2378.0,1324.1327907908976
catboost,2020-03-01,2635.0,1915.4406233531624
catboost,2020-04-01,2140.0,2200.0212442826455
catboost,2020-05-01,1836.0,2407.152025664492
catboost,2020-06-01,1820.0,2060.713339284334
catboost,2020-07-01,1519.0,1356.6690828809415
catboost,2020-08-01,1265.0,733.9652687063406
catboost,2020-09-01,586.0,522.2911745249614
catboost,2020-10-01,402.0,526.3678875718267
catboost,2020-11-01,565.0,598.7232389725593
catboost,2020-12-01,327.0,752.4404051502156
catboost,2021-01-01,660.0,1138.506724548868
catboost,2020-03-01,2635.0,2906.741394483395
catboost,2020-04-01,2140.0,3649.899421447004
catboost,2020-05-01,1836.0,4909.122430688858
catboost,2020-06-01,1820.0,4251.978447190185
catboost,2020-07-01,1519.0,3100.089848070027
catboost,2020-08-01,1265.0,1555.0373130905245
catboost,2020-09-01,586.0,856.4107002560163
catboost,2020-10-01,402.0,659.3439859342152
catboost,2020-11-01,565.0,695.3587957597274
catboost,2020-12-01,327.0,852.6303795218034
catboost,2021-01-01,660.0,1354.1376987596327
catboost,2021-02-01,865.0,2037.4317873664695
catboost,2020-04-01,2140.0,3855.7891775574417
catboost,2020-05-01,1836.0,5174.475075883885
catboost,2020-06-01,1820.0,4026.368093215161
catboost,2020-07-01,1519.0,2863.030669272669
catboost,2020-08-01,1265.0,1637.8556249752148
catboost,2020-09-01,586.0,933.636820397154
catboost,2020-10-01,402.0,649.3002581712317
catboost,2020-11-01,565.0,641.9626021488996
catboost,2020-12-01,327.0,841.1909344731296
catboost,2021-01-01,660.0,1266.8947224813032
catboost,2021-02-01,865.0,2081.648464353618
catboost,2021-03-01,1016.0,3077.1773281326514
catboost,2020-05-01,1836.0,1828.9625697124593
catboost,2020-06-01,1820.0,1222.173188875166
catboost,2020-07-01,1519.0,852.6506874572126
catboost,2020-08-01,1265.0,559.3702960790517
catboost,2020-09-01,586.0,582.6692446893533
catboost,2020-10-01,402.0,565.6738474581127
catboost,2020-11-01,565.0,638.979469028915
catboost,2020-12-01,327.0,1022.2238611890198
catboost,2021-01-01,660.0,1723.109277181878
catboost,2021-02-01,865.0,2827.586035720579
catboost,2021-03-01,1016.0,6144.514604167851
catboost,2021-04-01,2274.0,13337.551322880361
catboost,2020-06-01,1820.0,1232.3190495432436
catboost,2020-07-01,1519.0,930.743160233277
catboost,2020-08-01,1265.0,642.5514043726077
catboost,2020-09-01,586.0,522.1175893685206
catboost,2020-10-01,402.0,539.9223928462914
catboost,2020-11-01,565.0,698.5836759404906
catboost,2020-12-01,327.0,892.5439157633259
catboost,2021-01-01,660.0,1558.1439464741222
catboost,2021-02-01,865.0,2871.165854663407
catboost,2021-03-01,1016.0,6282.74161267671
catboost,2021-04-01,2274.0,13309.651146348764
catboost,2021-05-01,7066.0,7803.626176358968
catboost,2020-07-01,1519.0,1248.2276192568702
catboost,2020-08-01,1265.0,974.8341796465145
catboost,2020-09-01,586.0,724.9519728306611
catboost,2020-10-01,402.0,572.2130787291005
catboost,2020-11-01,565.0,695.9543415923813
catboost,2020-12-01,327.0,833.8961037072163
catboost,2021-01-01,660.0,1259.8877653221357
catboost,2021-02-01,865.0,2272.2750170008308
catboost,2021-03-01,1016.0,3568.6237364448
catboost,2021-04-01,2274.0,8807.437127815258
catboost,2021-05-01,7066.0,11535.328640407697
catboost,2021-06-01,6990.0,4825.2765507949
catboost,2020-08-01,1265.0,1009.3071414857293
catboost,2020-09-01,586.0,629.4503774474988
catboost,2020-10-01,402.0,580.017978718229
catboost,2020-11-01,565.0,751.8322766637323
catboost,2020-12-01,327.0,887.8961282579514
catboost,2021-01-01,660.0,1341.8183846168345
catboost,2021-02-01,865.0,2550.2796428327156
catboost,2021-03-01,1016.0,5560.381338020175
catboost,2021-04-01,2274.0,10089.4442481548
catboost,2021-05-01,7066.0,9741.63448681613
catboost,2021-06-01,6990.0,4526.047857423657
catboost,2021-07-01,4859.0,1850.4828732309275
catboost,2020-09-01,586.0,1015.1918620380732
catboost,2020-10-01,402.0,770.468116624377
catboost,2020-11-01,565.0,840.3258017794151
catboost,2020-12-01,327.0,948.8427459003883
catboost,2021-01-01,660.0,1415.126988441707
catboost,2021-02-01,865.0,2333.5521061901973
catboost,2021-03-01,1016.0,3783.8296139749855
catboost,2021-04-01,2274.0,8440.035594960866
catboost,2021-05-01,7066.0,10038.230265211505
catboost,2021-06-01,6990.0,5233.1026586406715
catboost,2021-07-01,4859.0,2869.6254874314022
catboost,2021-08-01,3382.0,1295.0108849410071
catboost,2020-10-01,402.0,567.3716987524442
catboost,2020-11-01,565.0,662.6576682825314
catboost,2020-12-01,327.0,770.3163483692074
catboost,2021-01-01,660.0,1207.7240072853658
catboost,2021-02-01,865.0,2172.1474860196713
catboost,2021-03-01,1016.0,3928.300137146556
catboost,2021-04-01,2274.0,8966.751860450862
catboost,2021-05-01,7066.0,12190.270386516568
catboost,2021-06-01,6990.0,5392.655346978063
catboost,2021-07-01,4859.0,2731.5368906938666
catboost,2021-08-01,3382.0,1217.9524469445703
catboost,2021-09-01,1496.0,883.2702563024559
catboost,2020-11-01,565.0,640.62286180958
catboost,2020-12-01,327.0,752.5240325959303
catboost,2021-01-01,660.0,1164.7553635597735
catboost,2021-02-01,865.0,1905.5867224518988
catboost,2021-03-01,1016.0,3104.4993749477935
catboost,2021-04-01,2274.0,6360.467349046145
catboost,2021-05-01,7066.0,11268.93685098353
catboost,2021-06-01,6990.0,5747.214554572164
catboost,2021-07-01,4859.0,3256.9125389912306
catboost,2021-08-01,3382.0,1451.3986496857551
catboost,2021-09-01,1496.0,1098.3519866078152
catboost,2021-10-01,1255.0,811.9894249619422
catboost,2020-12-01,327.0,705.778509857339
catboost,2021-01-01,660.0,1115.1127415368794
catboost,2021-02-01,865.0,1897.5786819380824
catboost,2021-03-01,1016.0,3154.323064145543
catboost,2021-04-01,2274.0,5842.572964767187
catboost,2021-05-01,7066.0,11016.40521195037
catboost,2021-06-01,6990.0,6217.185513157407
catboost,2021-07-01,4859.0,3476.1319904635225
catboost,2021-08-01,3382.0,1948.8098636393624
catboost,2021-09-01,1496.0,1304.1075696504058
catboost,2021-10-01,1255.0,1006.6768462601199
catboost,2021-11-01,775.0,888.7743278173696
catboost,2021-01-01,660.0,970.4534328392447
catboost,2021-02-01,865.0,1384.1596041991183
catboost,2021-03-01,1016.0,2617.8439562007434
catboost,2021-04-01,2274.0,5206.699500535227
catboost,2021-05-01,7066.0,11189.550518241575
catboost,2021-06-01,6990.0,6846.3637429805585
catboost,2021-07-01,4859.0,3728.1045430196627
catboost,2021-08-01,3382.0,1888.232299275839
catboost,2021-09-01,1496.0,913.8855539111823
catboost,2021-10-01,1255.0,660.1038512919499
catboost,2021-11-01,775.0,602.4061805645174
catboost,2021-12-01,756.0,696.0866911675182
catboost,2021-02-01,865.0,1078.2690040426148
catboost,2021-03-01,1016.0,2036.29382768481
catboost,2021-04-01,2274.0,3289.4428864578294
catboost,2021-05-01,7066.0,7208.627912362178
catboost,2021-06-01,6990.0,9261.848056587573
catboost,2021-07-01,4859.0,4409.121681679988
catboost,2021-08-01,3382.0,1770.0096097264668
catboost,2021-09-01,1496.0,824.4424220203098
catboost,2021-10-01,1255.0,571.7294367336226
catboost,2021-11-01,775.0,607.9686152285121
catboost,2021-12-01,756.0,582.7556945718127
catboost,2022-01-01,874.0,780.3085088869004
catboost,2021-03-01,1016.0,1766.9047634695164
catboost,2021-04-01,2274.0,3007.788882859978
catboost,2021-05-01,7066.0,6444.069090055277
catboost,2021-06-01,6990.0,8883.82016465504
catboost,2021-07-01,4859.0,4762.2630730889605
catboost,2021-08-01,3382.0,2168.3119004010396
catboost,2021-09-01,1496.0,918.5171340410532
catboost,2021-10-01,1255.0,672.6309700973309
catboost,2021-11-01,775.0,581.0705275986072
catboost,2021-12-01,756.0,824.4174046542892
catboost,2022-01-01,874.0,799.0364419173584
catboost,2022-02-01,1246.0,1186.3851346511556
catboost,2021-04-01,2274.0,1901.0339934550104
catboost,2021-05-01,7066.0,2964.0523791572914
catboost,2021-06-01,6990.0,4234.051581879405
catboost,2021-07-01,4859.0,4773.263088353616
catboost,2021-08-01,3382.0,3054.057531995908
catboost,2021-09-01,1496.0,1866.657489792399
catboost,2021-10-01,1255.0,1485.1319276575077
catboost,2021-11-01,775.0,934.2560896357568
catboost,2021-12-01,756.0,777.2849750310304
catboost,2022-01-01,874.0,934.3882695339009
catboost,2022-02-01,1246.0,1269.4591930794015
catboost,2022-03-01,2946.0,2127.480562640585
catboost,2021-05-01,7066.0,2922.375019057714
catboost,2021-06-01,6990.0,3720.8894929556172
catboost,2021-07-01,4859.0,4650.44485280622
catboost,2021-08-01,3382.0,2898.9576919311894
catboost,2021-09-01,1496.0,1683.7511915479345
catboost,2021-10-01,1255.0,1206.1958171545273
catboost,2021-11-01,775.0,859.3731095444145
catboost,2021-12-01,756.0,769.6852075546719
catboost,2022-01-01,874.0,959.8118721303024
catboost,2022-02-01,1246.0,1432.046478519881
catboost,2022-03-01,2946.0,2184.128714776413
catboost,2022-04-01,6400.0,2808.512638785607
catboost,2021-06-01,6990.0,8854.514910860291
catboost,2021-07-01,4859.0,5559.101984799916
catboost,2021-08-01,3382.0,2539.5698895094406
catboost,2021-09-01,1496.0,1432.4910028266022
catboost,2021-10-01,1255.0,1123.5427836910055
catboost,2021-11-01,775.0,805.6214319373896
catboost,2021-12-01,756.0,678.581872718238
catboost,2022-01-01,874.0,933.7573241681853
catboost,2022-02-01,1246.0,1383.3307374194799
catboost,2022-03-01,2946.0,2080.922153227191
catboost,2022-04-01,6400.0,2969.2572585280886
catboost,2022-05-01,11540.0,5879.667745510951
catboost,2021-07-01,4859.0,4520.913066433617
catboost,2021-08-01,3382.0,2032.9392973098734
catboost,2021-09-01,1496.0,874.7083698372289
catboost,2021-10-01,1255.0,605.05221118243
catboost,2021-11-01,775.0,500.82649346577637
catboost,2021-12-01,756.0,600.21393150778
catboost,2022-01-01,874.0,658.497738245261
catboost,2022-02-01,1246.0,707.7172913300412
catboost,2022-03-01,2946.0,1214.8774520802385
catboost,2022-04-01,6400.0,2494.0000495282266
catboost,2022-05-01,11540.0,6141.24287188955
catboost,2022-06-01,7386.0,8431.561620385015
catboost,2021-08-01,3382.0,2504.914198062197
catboost,2021-09-01,1496.0,1416.3332359435685
catboost,2021-10-01,1255.0,1117.4057631198207
catboost,2021-11-01,775.0,909.9021109922344
catboost,2021-12-01,756.0,840.2481948285281
catboost,2022-01-01,874.0,950.2043691572528
catboost,2022-02-01,1246.0,1215.222078809018
catboost,2022-03-01,2946.0,2024.260061766849
catboost,2022-04-01,6400.0,3100.928565781039
catboost,2022-05-01,11540.0,5637.339074332483
catboost,2022-06-01,7386.0,6234.159637223922
catboost,2022-07-01,4095.0,5539.965639687427
catboost,2021-09-01,1496.0,1893.935961492783
catboost,2021-10-01,1255.0,1542.1706060446002
catboost,2021-11-01,775.0,1188.5816726798903
catboost,2021-12-01,756.0,1320.1537964217973
catboost,2022-01-01,874.0,1594.6353725733031
catboost,2022-02-01,1246.0,1975.3149142454224
catboost,2022-03-01,2946.0,2842.7446086517257
catboost,2022-04-01,6400.0,5392.3571114997085
catboost,2022-05-01,11540.0,8156.061641838441
catboost,2022-06-01,7386.0,5610.865436894358
catboost,2022-07-01,4095.0,3634.9127285788386
catboost,2022-08-01,2088.0,2489.5659996314207
catboost,2021-10-01,1255.0,1108.9126395085807
catboost,2021-11-01,775.0,831.3393284257656
catboost,2021-12-01,756.0,723.6786064440971
catboost,2022-01-01,874.0,1034.9173445906026
catboost,2022-02-01,1246.0,1360.8431146944886
catboost,2022-03-01,2946.0,2013.1326811977901
catboost,2022-04-01,6400.0,3180.143443446556
catboost,2022-05-01,11540.0,5482.896810839018
catboost,2022-06-01,7386.0,5647.3104423220975
catboost,2022-07-01,4095.0,5348.638192882177
catboost,2022-08-01,2088.0,3675.9808185615566
catboost,2022-09-01,1469.0,2520.531397955956
catboost,2021-11-01,775.0,981.3576378621833
catboost,2021-12-01,756.0,1120.7073678354138
catboost,2022-01-01,874.0,1472.5279868199827
catboost,2022-02-01,1246.0,1802.5681322282567
catboost,2022-03-01,2946.0,2429.562085674528
catboost,2022-04-01,6400.0,5055.682218789874
catboost,2022-05-01,11540.0,8489.097954727844
catboost,2022-06-01,7386.0,6465.490665746478
catboost,2022-07-01,4095.0,5131.05052642223
catboost,2022-08-01,2088.0,2744.4702790376127
catboost,2022-09-01,1469.0,2076.3495834213036
catboost,2022-10-01,1012.0,1754.549527225814
catboost,2021-12-01,756.0,874.5163033513065
catboost,2022-01-01,874.0,1019.8003277568184
catboost,2022-02-01,1246.0,1306.408814382848
catboost,2022-03-01,2946.0,2171.4584018764235
catboost,2022-04-01,6400.0,3757.764338796005
catboost,2022-05-01,11540.0,7198.062930776989
catboost,2022-06-01,7386.0,7070.2375613320355
catboost,2022-07-01,4095.0,5769.334560698197
catboost,2022-08-01,2088.0,3845.755412063511
catboost,2022-09-01,1469.0,2619.9796785206904
catboost,2022-10-01,1012.0,2094.762142126273
catboost,2022-11-01,803.0,1731.0315796200284
catboost,2022-01-01,874.0,940.8853492364785
catboost,2022-02-01,1246.0,1263.3854613084886
catboost,2022-03-01,2946.0,1973.057088129888
catboost,2022-04-01,6400.0,3499.277109854672
catboost,2022-05-01,11540.0,7465.774091069687
catboost,2022-06-01,7386.0,8495.363221161437
catboost,2022-07-01,4095.0,6252.702990406227
catboost,2022-08-01,2088.0,4204.416832790608
catboost,2022-09-01,1469.0,2824.970685350075
catboost,2022-10-01,1012.0,2254.9164112372696
catboost,2022-11-01,803.0,1902.6278897825428
catboost,2022-12-01,458.0,1452.5512075228783
catboost,2022-02-01,1246.0,978.9004977152554
catboost,2022-03-01,2946.0,1400.2656607636625
catboost,2022-04-01,6400.0,2420.138534555027
catboost,2022-05-01,11540.0,4592.022357431126
catboost,2022-06-01,7386.0,6372.85628785639
catboost,2022-07-01,4095.0,7442.782398306533
catboost,2022-08-01,2088.0,5124.720150502189
catboost,2022-09-01,1469.0,3323.583112348988
catboost,2022-10-01,1012.0,2234.6240161016835
catboost,2022-11-01,803.0,1917.946840413882
catboost,2022-12-01,458.0,1495.5475779225828
catboost,2023-01-01,1240.0,1350.0743545437658
catboost,2022-03-01,2946.0,2020.02687495028
catboost,2022-04-01,6400.0,3603.7039670090207
catboost,2022-05-01,11540.0,8192.511340850066
catboost,2022-06-01,7386.0,7141.05456251915
catboost,2022-07-01,4095.0,6260.683464724324
catboost,2022-08-01,2088.0,3619.4497640185164
catboost,2022-09-01,1469.0,2617.7562738400247
catboost,2022-10-01,1012.0,2101.4547594270007
catboost,2022-11-01,803.0,1878.478253736097
catboost,2022-12-01,458.0,1488.247542788658
catboost,2023-01-01,1240.0,1281.1318974203664
catboost,2023-02-01,1881.0,2161.8086879643743
catboost,2022-04-01,6400.0,5891.5199672171175
catboost,2022-05-01,11540.0,10710.41942705647
catboost,2022-06-01,7386.0,7008.01671267553
catboost,2022-07-01,4095.0,5316.154077811625
catboost,2022-08-01,2088.0,3405.7652546650593
catboost,2022-09-01,1469.0,2503.944520070745
catboost,2022-10-01,1012.0,2077.1027266191886
catboost,2022-11-01,803.0,1968.1581354708119
catboost,2022-12-01,458.0,1943.405496729033
catboost,2023-01-01,1240.0,2032.6742664815988
catboost,2023-02-01,1881.0,2842.2524408530676
catboost,2023-03-01,2856.0,4194.113737849013
catboost,2022-05-01,11540.0,10408.985222163425
catboost,2022-06-01,7386.0,7474.983036574686
catboost,2022-07-01,4095.0,5616.479060078989
catboost,2022-08-01,2088.0,3017.5367822532644
catboost,2022-09-01,1469.0,1924.7968442212798
catboost,2022-10-01,1012.0,1557.474546118917
catboost,2022-11-01,803.0,1124.2790064877606
catboost,2022-12-01,458.0,1056.8052565227163
catboost,2023-01-01,1240.0,1064.673073577795
catboost,2023-02-01,1881.0,1781.8735573518736
catboost,2023-03-01,2856.0,2268.0311002317053
catboost,2023-04-01,2177.0,4831.583868628135
catboost,2022-06-01,7386.0,7322.269249207795
catboost,2022-07-01,4095.0,4615.575686394097
catboost,2022-08-01,2088.0,3176.645320779452
catboost,2022-09-01,1469.0,1986.8362870563928
catboost,2022-10-01,1012.0,1634.19092790564
catboost,2022-11-01,803.0,1179.6282948270914
catboost,2022-12-01,458.0,958.0995320912418
catboost,2023-01-01,1240.0,1090.5929533141073
catboost,2023-02-01,1881.0,1959.521322694524
catboost,2023-03-01,2856.0,3106.789909902997
catboost,2023-04-01,2177.0,5774.444337374756
catboost,2023-05-01,1521.0,9475.86462784775
catboost,2022-07-01,4095.0,5141.223553302975
catboost,2022-08-01,2088.0,3269.6006444350887
catboost,2022-09-01,1469.0,2098.457588410156
catboost,2022-10-01,1012.0,1623.82791105512
catboost,2022-11-01,803.0,1093.8692901366708
catboost,2022-12-01,458.0,847.3823297760971
catboost,2023-01-01,1240.0,825.9251431955408
catboost,2023-02-01,1881.0,1248.5177135373256
catboost,2023-03-01,2856.0,2049.8726547464244
catboost,2023-04-01,2177.0,3282.3586678755255
catboost,2023-05-01,1521.0,6216.307999026531
catboost,2023-06-01,1221.0,10905.371407857649
catboost,2022-08-01,2088.0,2844.3594628370465
catboost,2022-09-01,1469.0,2044.018643471424
catboost,2022-10-01,1012.0,1435.3897320889178
catboost,2022-11-01,803.0,1076.992930797625
catboost,2022-12-01,458.0,988.0635424528207
catboost,2023-01-01,1240.0,1160.5515764638978
catboost,2023-02-01,1881.0,1787.2091400642312
catboost,2023-03-01,2856.0,2537.2565106421025
catboost,2023-04-01,2177.0,5237.588955350626
catboost,2023-05-01,1521.0,9739.89061119068
catboost,2023-06-01,1221.0,10427.684460162276
catboost,2023-07-01,1292.0,7732.907021108614
catboost,2022-09-01,1469.0,1281.7353827638353
catboost,2022-10-01,1012.0,1006.1143992640189
catboost,2022-11-01,803.0,880.254638669463
catboost,2022-12-01,458.0,666.4492854532289
catboost,2023-01-01,1240.0,695.0835979940214
catboost,2023-02-01,1881.0,1015.8529905833079
catboost,2023-03-01,2856.0,1393.3831782367051
catboost,2023-04-01,2177.0,2337.608645844108
catboost,2023-05-01,1521.0,5651.91324137827
catboost,2023-06-01,1221.0,9868.13520247821
catboost,2023-07-01,1292.0,11099.958298920492
catboost,2023-08-01,788.0,5469.321009064698
catboost,2022-10-01,1012.0,1231.1228504888993
catboost,2022-11-01,803.0,1045.8616215488446
catboost,2022-12-01,458.0,897.6222786038634
catboost,2023-01-01,1240.0,906.3312399039323
catboost,2023-02-01,1881.0,1369.905631918797
catboost,2023-03-01,2856.0,1973.8896500438545
catboost,2023-04-01,2177.0,3291.968221619465
catboost,2023-05-01,1521.0,6379.242195975714
catboost,2023-06-01,1221.0,10715.615629960732
catboost,2023-07-01,1292.0,9371.76682445345
catboost,2023-08-01,788.0,5102.081961324574
catboost,2023-09-01,691.0,3108.026239855093
catboost,2022-11-01,803.0,782.4123579624643
catboost,2022-12-01,458.0,734.3610216264906
catboost,2023-01-01,1240.0,801.2118401886896
catboost,2023-02-01,1881.0,1080.2866016891714
catboost,2023-03-01,2856.0,1609.1420737648798
catboost,2023-04-01,2177.0,2566.177744328386
catboost,2023-05-01,1521.0,5727.100179076839
catboost,2023-06-01,1221.0,10451.470939949686
catboost,2023-07-01,1292.0,11113.887597194638
catboost,2023-08-01,788.0,5438.395789542996
catboost,2023-09-01,691.0,3101.0134947021998
catboost,2023-10-01,686.0,2005.7842020688192
catboost,2022-12-01,458.0,644.3688383981917
catboost,2023-01-01,1240.0,658.9791650128934
catboost,2023-02-01,1881.0,964.133760571724
catboost,2023-03-01,2856.0,1222.4582971068153
catboost,2023-04-01,2177.0,2430.7376661044973
catboost,2023-05-01,1521.0,5911.900544837523
catboost,2023-06-01,1221.0,11774.039022496021
catboost,2023-07-01,1292.0,12127.9733393237
catboost,2023-08-01,788.0,6344.815400383041
catboost,2023-09-01,691.0,3883.6969734077757
catboost,2023-10-01,686.0,2355.8472724842827
catboost,2023-11-01,414.0,1890.4582036917832
catboost,2023-01-01,1240.0,759.5915858922383
catboost,2023-02-01,1881.0,959.0409668883676
catboost,2023-03-01,2856.0,1283.201868246193
catboost,2023-04-01,2177.0,2618.338397674404
catboost,2023-05-01,1521.0,5933.635532511325
catboost,2023-06-01,1221.0,11580.478881226769
catboost,2023-07-01,1292.0,11620.843998635044
catboost,2023-08-01,788.0,5235.672315641269
catboost,2023-09-01,691.0,3103.142304149674
catboost,2023-10-01,686.0,1875.6706682355016
catboost,2023-11-01,414.0,1289.5722226363548
catboost,2023-12-01,374.0,985.944540725666
catboost,2023-02-01,1881.0,1903.8646862912346
catboost,2023-03-01,2856.0,2654.132001939475
catboost,2023-04-01,2177.0,5484.415160507881
catboost,2023-05-01,1521.0,10766.798544152743
catboost,2023-06-01,1221.0,10241.892886028512
catboost,2023-07-01,1292.0,7814.749625399989
catboost,2023-08-01,788.0,5096.085555621199
catboost,2023-09-01,691.0,3112.259969348556
catboost,2023-10-01,686.0,2125.0988367359805
catboost,2023-11-01,414.0,1795.5379647307516
catboost,2023-12-01,374.0,1437.2257664163408
catboost,2024-01-01,807.0,1981.1991079208929
catboost,2023-03-01,2856.0,2473.4312123633586
catboost,2023-04-01,2177.0,4377.928646845825
catboost,2023-05-01,1521.0,9012.036406029207
catboost,2023-06-01,1221.0,10456.944678270167
catboost,2023-07-01,1292.0,7632.838690833114
catboost,2023-08-01,788.0,5035.584891556979
catboost,2023-09-01,691.0,2904.531167816559
catboost,2023-10-01,686.0,2035.7556894970753
catboost,2023-11-01,414.0,1499.1904386461915
catboost,2023-12-01,374.0,1244.5078109668032
catboost,2024-01-01,807.0,1875.540029884717
catboost,2024-02-01,1609.0,2845.8082215839104
catboost,2023-04-01,2177.0,5518.258153577035
catboost,2023-05-01,1521.0,9804.743099676705
catboost,2023-06-01,1221.0,9642.332848693784
catboost,2023-07-01,1292.0,7341.412127542756
catboost,2023-08-01,788.0,4854.227070405073
catboost,2023-09-01,691.0,2322.0875892815957
catboost,2023-10-01,686.0,1520.5578015813326
catboost,2023-11-01,414.0,1117.32618369583
catboost,2023-12-01,374.0,1111.539731416239
catboost,2024-01-01,807.0,1627.604932461447
catboost,2024-02-01,1609.0,2500.3305774364417
catboost,2024-03-01,3197.0,4734.1604002058875
catboost,2023-05-01,1521.0,3719.697406250528
catboost,2023-06-01,1221.0,7192.1714185722585
catboost,2023-07-01,1292.0,9769.27178181188
catboost,2023-08-01,788.0,4794.571833410221
catboost,2023-09-01,691.0,2776.312960366234
catboost,2023-10-01,686.0,2037.2573082888068
catboost,2023-11-01,414.0,1546.2709169354416
catboost,2023-12-01,374.0,1332.2698284095477
catboost,2024-01-01,807.0,2059.406587860546
catboost,2024-02-01,1609.0,2716.864186688549
catboost,2024-03-01,3197.0,3986.6164464462345
catboost,2024-04-01,2098.0,6574.912649058322
catboost,2023-06-01,1221.0,2032.8050570872115
catboost,2023-07-01,1292.0,2510.4990328396643
catboost,2023-08-01,788.0,2284.2876448210577
catboost,2023-09-01,691.0,1302.6084956896225
catboost,2023-10-01,686.0,975.6478532190513
catboost,2023-11-01,414.0,741.5526024164574
catboost,2023-12-01,374.0,716.3650872223261
catboost,2024-01-01,807.0,1138.419173739594
catboost,2024-02-01,1609.0,1616.5297876884665
catboost,2024-03-01,3197.0,2189.91532383785
catboost,2024-04-01,2098.0,2269.1773405502604
catboost,2024-05-01,1101.0,3180.403620563668
catboost,2023-07-01,1292.0,1807.4257259179615
catboost,2023-08-01,788.0,1587.7626874422062
catboost,2023-09-01,691.0,1008.8606522945552
catboost,2023-10-01,686.0,719.7243553440417
catboost,2023-11-01,414.0,637.8980938624638
catboost,2023-12-01,374.0,528.9509481194777
catboost,2024-01-01,807.0,835.8089201910918
catboost,2024-02-01,1609.0,949.8353227422222
catboost,2024-03-01,3197.0,1126.0583791318038
catboost,2024-04-01,2098.0,1282.573513133068
catboost,2024-05-01,1101.0,1711.0410944356345
catboost,2024-06-01,962.0,2165.4098335318763
catboost,2023-08-01,788.0,1235.240510671466
catboost,2023-09-01,691.0,1022.9608603229885
catboost,2023-10-01,686.0,695.9362422646545
catboost,2023-11-01,414.0,543.0368359917181
catboost,2023-12-01,374.0,565.8082437170522
catboost,2024-01-01,807.0,871.316312675146
catboost,2024-02-01,1609.0,944.9044154266071
catboost,2024-03-01,3197.0,1096.0226888274922
catboost,2024-04-01,2098.0,1560.0524826392475
catboost,2024-05-01,1101.0,1913.0790639966292
catboost,2024-06-01,962.0,2380.689179800742
catboost,2024-07-01,557.0,3156.821240807342
catboost,2023-09-01,691.0,500.47186083298925
catboost,2023-10-01,686.0,536.4532116486137
catboost,2023-11-01,414.0,383.60861309157485
catboost,2023-12-01,374.0,398.03757839817945
catboost,2024-01-01,807.0,806.8421200596763
catboost,2024-02-01,1609.0,890.1055104892146
catboost,2024-03-01,3197.0,1283.0585041038726
catboost,2024-04-01,2098.0,1757.8290435842227
catboost,2024-05-01,1101.0,1908.4311102279855
catboost,2024-06-01,962.0,1700.0754225789728
catboost,2024-07-01,557.0,1495.9529919358542
catboost,2024-08-01,513.0,957.9793088439978
catboost,2023-10-01,686.0,470.7934646072481
catboost,2023-11-01,414.0,499.4399027218251
catboost,2023-12-01,374.0,462.9615926425927
catboost,2024-01-01,807.0,941.5541453081184
catboost,2024-02-01,1609.0,1020.5072037306697
catboost,2024-03-01,3197.0,1211.8275368351422
catboost,2024-04-01,2098.0,1608.273223311236
catboost,2024-05-01,1101.0,2064.0041755867546
catboost,2024-06-01,962.0,1796.6545328648313
catboost,2024-07-01,557.0,1293.9517913348363
catboost,2024-08-01,513.0,854.7020086898883
catboost,2024-09-01,444.0,487.59021998949925
catboost,2023-11-01,414.0,578.068625466364
catboost,2023-12-01,374.0,529.3300699927813
catboost,2024-01-01,807.0,853.4148894562779
catboost,2024-02-01,1609.0,995.5816150098813
catboost,2024-03-01,3197.0,1110.1249956579488
catboost,2024-04-01,2098.0,1375.61275241283
catboost,2024-05-01,1101.0,1717.1290664064306
catboost,2024-06-01,962.0,1656.7257346119782
catboost,2024-07-01,557.0,1636.7424166170372
catboost,2024-08-01,513.0,1068.6779581774567
catboost,2024-09-01,444.0,787.2901884171636
catboost,2024-10-01,317.0,620.3774365686459
catboost,2023-12-01,374.0,436.08379019102335
catboost,2024-01-01,807.0,649.0560114455752
catboost,2024-02-01,1609.0,807.3400049224169
catboost,2024-03-01,3197.0,973.8559157771995
catboost,2024-04-01,2098.0,1210.308169883111
catboost,2024-05-01,1101.0,1372.4282378057062
catboost,2024-06-01,962.0,1401.0265375502668
catboost,2024-07-01,557.0,1463.7009456178248
catboost,2024-08-01,513.0,1062.8166441092937
catboost,2024-09-01,444.0,624.4765863071773
catboost,2024-10-01,317.0,437.3208520607302
catboost,2024-11-01,421.0,383.42994038563575
catboost,2024-01-01,807.0,773.5997279720766
catboost,2024-02-01,1609.0,898.7288899770367
catboost,2024-03-01,3197.0,1118.793158903359
catboost,2024-04-01,2098.0,1458.8079486811052
catboost,2024-05-01,1101.0,1658.8093066642396
catboost,2024-06-01,962.0,1322.3143522006671
catboost,2024-07-01,557.0,1142.917551617387
catboost,2024-08-01,513.0,894.4225069813988
catboost,2024-09-01,444.0,611.2206952216943
catboost,2024-10-01,317.0,514.4839146840245
catboost,2024-11-01,421.0,440.5397394126703
catboost,2024-12-01,274.0,487.92839296088346
randomforest,2014-01-01,514.0,410.14
randomforest,2014-02-01,568.0,1007.4
randomforest,2014-03-01,824.0,1993.27
randomforest,2014-04-01,888.0,2077.18
randomforest,2014-05-01,1863.0,2961.07
randomforest,2014-06-01,2193.0,3550.03
randomforest,2014-07-01,1379.0,5886.83
randomforest,2014-08-01,1056.0,5820.47
randomforest,2014-09-01,650.0,4355.12
randomforest,2014-10-01,538.0,3932.6
randomforest,2014-11-01,484.0,3873.1
randomforest,2014-12-01,293.0,3688.04
randomforest,2014-02-01,568.0,974.95
randomforest,2014-03-01,824.0,2015.25
randomforest,2014-04-01,888.0,2126.26
randomforest,2014-05-01,1863.0,2994.33
randomforest,2014-06-01,2193.0,3516.95
randomforest,2014-07-01,1379.0,6125.14
randomforest,2014-08-01,1056.0,6373.1
randomforest,2014-09-01,650.0,4922.36
randomforest,2014-10-01,538.0,4232.93
randomforest,2014-11-01,484.0,4080.22
randomforest,2014-12-01,293.0,3783.85
randomforest,2015-01-01,769.0,3160.3
randomforest,2014-03-01,824.0,1725.7
randomforest,2014-04-01,888.0,2003.29
randomforest,2014-05-01,1863.0,2881.17
randomforest,2014-06-01,2193.0,3001.24
randomforest,2014-07-01,1379.0,3937.27
randomforest,2014-08-01,1056.0,5974.07
randomforest,2014-09-01,650.0,4877.63
randomforest,2014-10-01,538.0,4209.08
randomforest,2014-11-01,484.0,4173.86
randomforest,2014-12-01,293.0,4038.57
randomforest,2015-01-01,769.0,3384.58
randomforest,2015-02-01,1275.0,3268.01
randomforest,2014-04-01,888.0,1512.78
randomforest,2014-05-01,1863.0,2591.22
randomforest,2014-06-01,2193.0,2731.67
randomforest,2014-07-01,1379.0,3186.17
randomforest,2014-08-01,1056.0,3960.27
randomforest,2014-09-01,650.0,4941.03
randomforest,2014-10-01,538.0,4078.56
randomforest,2014-11-01,484.0,3996.04
randomforest,2014-12-01,293.0,3971.07
randomforest,2015-01-01,769.0,3331.66
randomforest,2015-02-01,1275.0,891.95
randomforest,2015-03-01,3522.0,489.59
randomforest,2014-05-01,1863.0,2496.74
randomforest,2014-06-01,2193.0,2678.92
randomforest,2014-07-01,1379.0,3180.47
randomforest,2014-08-01,1056.0,4313.5
randomforest,2014-09-01,650.0,5284.51
randomforest,2014-10-01,538.0,4603.48
randomforest,2014-11-01,484.0,4741.76
randomforest,2014-12-01,293.0,4683.86
randomforest,2015-01-01,769.0,3967.91
randomforest,2015-02-01,1275.0,3789.6
randomforest,2015-03-01,3522.0,3846.75
randomforest,2015-04-01,7214.0,3963.31
randomforest,2014-06-01,2193.0,2559.29
randomforest,2014-07-01,1379.0,2963.26
randomforest,2014-08-01,1056.0,4080.18
randomforest,2014-09-01,650.0,5398.78
randomforest,2014-10-01,538.0,4882.62
randomforest,2014-11-01,484.0,4797.46
randomforest,2014-12-01,293.0,4779.12
randomforest,2015-01-01,769.0,3964.03
randomforest,2015-02-01,1275.0,3814.28
randomforest,2015-03-01,3522.0,3860.18
randomforest,2015-04-01,7214.0,4145.74
randomforest,2015-05-01,17109.0,4463.3
randomforest,2014-07-01,1379.0,2726.18
randomforest,2014-08-01,1056.0,3139.77
randomforest,2014-09-01,650.0,3360.54
randomforest,2014-10-01,538.0,2102.34
randomforest,2014-11-01,484.0,1271.9
randomforest,2014-12-01,293.0,1202.6
randomforest,2015-01-01,769.0,559.95
randomforest,2015-02-01,1275.0,436.54
randomforest,2015-03-01,3522.0,474.38
randomforest,2015-04-01,7214.0,708.61
randomforest,2015-05-01,17109.0,820.6
randomforest,2015-06-01,6980.0,900.04
randomforest,2014-08-01,1056.0,2683.26
randomforest,2014-09-01,650.0,2260.19
randomforest,2014-10-01,538.0,1457.72
randomforest,2014-11-01,484.0,1122.5
randomforest,2014-12-01,293.0,1092.17
randomforest,2015-01-01,769.0,574.46
randomforest,2015-02-01,1275.0,468.51
randomforest,2015-03-01,3522.0,496.39
randomforest,2015-04-01,7214.0,750.6
randomforest,2015-05-01,17109.0,922.32
randomforest,2015-06-01,6980.0,979.2
randomforest,2015-07-01,3234.0,1215.0
randomforest,2014-09-01,650.0,1864.14
randomforest,2014-10-01,538.0,1431.94
randomforest,2014-11-01,484.0,1093.0
randomforest,2014-12-01,293.0,1072.99
randomforest,2015-01-01,769.0,455.79
randomforest,2015-02-01,1275.0,545.12
randomforest,2015-03-01,3522.0,512.23
randomforest,2015-04-01,7214.0,722.67
randomforest,2015-05-01,17109.0,908.77
randomforest,2015-06-01,6980.0,1000.03
randomforest,2015-07-01,3234.0,1189.12
randomforest,2015-08-01,1636.0,1735.67
randomforest,2014-10-01,538.0,611.71
randomforest,2014-11-01,484.0,474.93
randomforest,2014-12-01,293.0,465.46
randomforest,2015-01-01,769.0,447.02
randomforest,2015-02-01,1275.0,529.61
randomforest,2015-03-01,3522.0,597.4
randomforest,2015-04-01,7214.0,912.48
randomforest,2015-05-01,17109.0,1071.15
randomforest,2015-06-01,6980.0,1756.61
randomforest,2015-07-01,3234.0,1839.71
randomforest,2015-08-01,1636.0,1743.0
randomforest,2015-09-01,561.0,1418.21
randomforest,2014-11-01,484.0,513.41
randomforest,2014-12-01,293.0,501.59
randomforest,2015-01-01,769.0,508.17
randomforest,2015-02-01,1275.0,525.47
randomforest,2015-03-01,3522.0,575.7
randomforest,2015-04-01,7214.0,961.4
randomforest,2015-05-01,17109.0,1425.42
randomforest,2015-06-01,6980.0,1527.14
randomforest,2015-07-01,3234.0,1583.65
randomforest,2015-08-01,1636.0,1592.7
randomforest,2015-09-01,561.0,1363.69
randomforest,2015-10-01,357.0,929.98
randomforest,2014-12-01,293.0,485.14
randomforest,2015-01-01,769.0,506.01
randomforest,2015-02-01,1275.0,518.48
randomforest,2015-03-01,3522.0,572.86
randomforest,2015-04-01,7214.0,1001.21
randomforest,2015-05-01,17109.0,1434.74
randomforest,2015-06-01,6980.0,1786.45
randomforest,2015-07-01,3234.0,1777.83
randomforest,2015-08-01,1636.0,1648.44
randomforest,2015-09-01,561.0,1422.45
randomforest,2015-10-01,357.0,940.58
randomforest,2015-11-01,450.0,815.04
randomforest,2015-01-01,769.0,455.82
randomforest,2015-02-01,1275.0,480.86
randomforest,2015-03-01,3522.0,540.84
randomforest,2015-04-01,7214.0,980.2
randomforest,2015-05-01,17109.0,1424.18
randomforest,2015-06-01,6980.0,1805.59
randomforest,2015-07-01,3234.0,1892.72
randomforest,2015-08-01,1636.0,1793.33
randomforest,2015-09-01,561.0,1628.17
randomforest,2015-10-01,357.0,1313.82
randomforest,2015-11-01,450.0,829.24
randomforest,2015-12-01,397.0,540.99
randomforest,2015-02-01,1275.0,570.28
randomforest,2015-03-01,3522.0,619.88
randomforest,2015-04-01,7214.0,986.0
randomforest,2015-05-01,17109.0,1437.14
randomforest,2015-06-01,6980.0,1841.84
randomforest,2015-07-01,3234.0,1818.93
randomforest,2015-08-01,1636.0,947.3
randomforest,2015-09-01,561.0,916.82
randomforest,2015-10-01,357.0,900.71
randomforest,2015-11-01,450.0,795.93
randomforest,2015-12-01,397.0,552.46
randomforest,2016-01-01,1465.0,590.15
randomforest,2015-03-01,3522.0,911.91
randomforest,2015-04-01,7214.0,1091.97
randomforest,2015-05-01,17109.0,1475.92
randomforest,2015-06-01,6980.0,1872.85
randomforest,2015-07-01,3234.0,1847.4
randomforest,2015-08-01,1636.0,855.54
randomforest,2015-09-01,561.0,866.53
randomforest,2015-10-01,357.0,771.35
randomforest,2015-11-01,450.0,695.51
randomforest,2015-12-01,397.0,559.09
randomforest,2016-01-01,1465.0,656.54
randomforest,2016-02-01,1995.0,899.45
randomforest,2015-04-01,7214.0,4997.94
randomforest,2015-05-01,17109.0,5088.05
randomforest,2015-06-01,6980.0,5209.63
randomforest,2015-07-01,3234.0,4804.26
randomforest,2015-08-01,1636.0,4226.14
randomforest,2015-09-01,561.0,4143.48
randomforest,2015-10-01,357.0,4596.52
randomforest,2015-11-01,450.0,4404.28
randomforest,2015-12-01,397.0,4495.64
randomforest,2016-01-01,1465.0,4472.69
randomforest,2016-02-01,1995.0,4474.26
randomforest,2016-03-01,2498.0,4419.94
randomforest,2015-05-01,17109.0,6150.36
randomforest,2015-06-01,6980.0,5778.35
randomforest,2015-07-01,3234.0,5065.58
randomforest,2015-08-01,1636.0,4836.12
randomforest,2015-09-01,561.0,5281.62
randomforest,2015-10-01,357.0,5218.65
randomforest,2015-11-01,450.0,5114.73
randomforest,2015-12-01,397.0,5097.37
randomforest,2016-01-01,1465.0,5161.08
randomforest,2016-02-01,1995.0,4850.5
randomforest,2016-03-01,2498.0,5152.49
randomforest,2016-04-01,6332.0,6100.47
randomforest,2015-06-01,6980.0,12164.66
randomforest,2015-07-01,3234.0,10918.22
randomforest,2015-08-01,1636.0,11024.15
randomforest,2015-09-01,561.0,11094.25
randomforest,2015-10-01,357.0,9968.71
randomforest,2015-11-01,450.0,9398.93
randomforest,2015-12-01,397.0,10058.48
randomforest,2016-01-01,1465.0,10180.82
randomforest,2016-02-01,1995.0,11429.81
randomforest,2016-03-01,2498.0,11834.51
randomforest,2016-04-01,6332.0,13179.08
randomforest,2016-05-01,13527.0,13710.52
randomforest,2015-07-01,3234.0,7043.32
randomforest,2015-08-01,1636.0,7684.48
randomforest,2015-09-01,561.0,7758.94
randomforest,2015-10-01,357.0,7482.56
randomforest,2015-11-01,450.0,7219.03
randomforest,2015-12-01,397.0,7862.95
randomforest,2016-01-01,1465.0,8201.13
randomforest,2016-02-01,1995.0,10350.74
randomforest,2016-03-01,2498.0,11371.91
randomforest,2016-04-01,6332.0,12092.58
randomforest,2016-05-01,13527.0,12848.3
randomforest,2016-06-01,6442.0,12756.86
randomforest,2015-08-01,1636.0,1900.18
randomforest,2015-09-01,561.0,918.51
randomforest,2015-10-01,357.0,659.75
randomforest,2015-11-01,450.0,550.87
randomforest,2015-12-01,397.0,511.2
randomforest,2016-01-01,1465.0,445.65
randomforest,2016-02-01,1995.0,727.2
randomforest,2016-03-01,2498.0,1345.54
randomforest,2016-04-01,6332.0,2481.47
randomforest,2016-05-01,13527.0,3614.76
randomforest,2016-06-01,6442.0,9524.21
randomforest,2016-07-01,5218.0,8216.25
randomforest,2015-09-01,561.0,961.99
randomforest,2015-10-01,357.0,748.45
randomforest,2015-11-01,450.0,717.44
randomforest,2015-12-01,397.0,643.41
randomforest,2016-01-01,1465.0,480.55
randomforest,2016-02-01,1995.0,762.29
randomforest,2016-03-01,2498.0,1408.89
randomforest,2016-04-01,6332.0,2482.08
randomforest,2016-05-01,13527.0,3434.14
randomforest,2016-06-01,6442.0,9447.17
randomforest,2016-07-01,5218.0,8608.65
randomforest,2016-08-01,2524.0,6719.53
randomforest,2015-10-01,357.0,622.93
randomforest,2015-11-01,450.0,720.22
randomforest,2015-12-01,397.0,664.64
randomforest,2016-01-01,1465.0,510.98
randomforest,2016-02-01,1995.0,746.66
randomforest,2016-03-01,2498.0,1619.31
randomforest,2016-04-01,6332.0,2676.11
randomforest,2016-05-01,13527.0,3468.34
randomforest,2016-06-01,6442.0,9727.97
randomforest,2016-07-01,5218.0,8348.34
randomforest,2016-08-01,2524.0,6185.77
randomforest,2016-09-01,1700.0,4589.05
randomforest,2015-11-01,450.0,594.3
randomforest,2015-12-01,397.0,595.86
randomforest,2016-01-01,1465.0,478.12
randomforest,2016-02-01,1995.0,715.53
randomforest,2016-03-01,2498.0,1528.03
randomforest,2016-04-01,6332.0,2682.99
randomforest,2016-05-01,13527.0,3674.33
randomforest,2016-06-01,6442.0,9648.38
randomforest,2016-07-01,5218.0,8244.4
randomforest,2016-08-01,2524.0,6288.78
randomforest,2016-09-01,1700.0,4513.55
randomforest,2016-10-01,1643.0,3687.75
randomforest,2015-12-01,397.0,432.1
randomforest,2016-01-01,1465.0,480.13
randomforest,2016-02-01,1995.0,719.44
randomforest,2016-03-01,2498.0,1558.63
randomforest,2016-04-01,6332.0,2506.13
randomforest,2016-05-01,13527.0,3799.4
randomforest,2016-06-01,6442.0,9962.99
randomforest,2016-07-01,5218.0,7830.52
randomforest,2016-08-01,2524.0,5720.05
randomforest,2016-09-01,1700.0,4548.71
randomforest,2016-10-01,1643.0,3375.95
randomforest,2016-11-01,1385.0,1385.77
randomforest,2016-01-01,1465.0,483.18
randomforest,2016-02-01,1995.0,711.09
randomforest,2016-03-01,2498.0,1499.23
randomforest,2016-04-01,6332.0,2528.28
randomforest,2016-05-01,13527.0,3657.59
randomforest,2016-06-01,6442.0,9873.64
randomforest,2016-07-01,5218.0,7869.02
randomforest,2016-08-01,2524.0,5637.13
randomforest,2016-09-01,1700.0,3715.72
randomforest,2016-10-01,1643.0,3461.11
randomforest,2016-11-01,1385.0,3747.37
randomforest,2016-12-01,1208.0,3950.56
randomforest,2016-02-01,1995.0,1140.62
randomforest,2016-03-01,2498.0,1878.81
randomforest,2016-04-01,6332.0,2453.0
randomforest,2016-05-01,13527.0,3457.22
randomforest,2016-06-01,6442.0,9352.34
randomforest,2016-07-01,5218.0,6962.15
randomforest,2016-08-01,2524.0,4530.91
randomforest,2016-09-01,1700.0,3492.43
randomforest,2016-10-01,1643.0,3937.63
randomforest,2016-11-01,1385.0,4371.97
randomforest,2016-12-01,1208.0,4717.12
randomforest,2017-01-01,3328.0,4795.55
randomforest,2016-03-01,2498.0,2217.09
randomforest,2016-04-01,6332.0,2500.66
randomforest,2016-05-01,13527.0,3648.69
randomforest,2016-06-01,6442.0,9663.01
randomforest,2016-07-01,5218.0,6914.21
randomforest,2016-08-01,2524.0,4328.41
randomforest,2016-09-01,1700.0,3710.68
randomforest,2016-10-01,1643.0,4454.95
randomforest,2016-11-01,1385.0,5080.95
randomforest,2016-12-01,1208.0,5278.89
randomforest,2017-01-01,3328.0,6544.76
randomforest,2017-02-01,5050.0,7929.33
randomforest,2016-04-01,6332.0,2669.76
randomforest,2016-05-01,13527.0,3399.81
randomforest,2016-06-01,6442.0,9409.17
randomforest,2016-07-01,5218.0,7127.39
randomforest,2016-08-01,2524.0,6307.87
randomforest,2016-09-01,1700.0,5181.5
randomforest,2016-10-01,1643.0,4003.61
randomforest,2016-11-01,1385.0,4635.58
randomforest,2016-12-01,1208.0,5065.7
randomforest,2017-01-01,3328.0,5986.27
randomforest,2017-02-01,5050.0,8335.16
randomforest,2017-03-01,8238.0,10667.85
randomforest,2016-05-01,13527.0,9285.93
randomforest,2016-06-01,6442.0,11462.34
randomforest,2016-07-01,5218.0,7491.88
randomforest,2016-08-01,2524.0,5675.4
randomforest,2016-09-01,1700.0,4208.28
randomforest,2016-10-01,1643.0,4138.57
randomforest,2016-11-01,1385.0,4518.76
randomforest,2016-12-01,1208.0,4985.21
randomforest,2017-01-01,3328.0,5537.21
randomforest,2017-02-01,5050.0,6950.1
randomforest,2017-03-01,8238.0,7762.54
randomforest,2017-04-01,14309.0,10186.15
randomforest,2016-06-01,6442.0,12255.44
randomforest,2016-07-01,5218.0,6936.28
randomforest,2016-08-01,2524.0,4350.77
randomforest,2016-09-01,1700.0,3431.97
randomforest,2016-10-01,1643.0,4000.82
randomforest,2016-11-01,1385.0,4441.46
randomforest,2016-12-01,1208.0,4832.21
randomforest,2017-01-01,3328.0,6407.47
randomforest,2017-02-01,5050.0,9212.05
randomforest,2017-03-01,8238.0,9598.27
randomforest,2017-04-01,14309.0,10019.7
randomforest,2017-05-01,3780.0,11065.58
randomforest,2016-07-01,5218.0,5440.35
randomforest,2016-08-01,2524.0,4584.23
randomforest,2016-09-01,1700.0,4200.08
randomforest,2016-10-01,1643.0,4932.56
randomforest,2016-11-01,1385.0,5800.44
randomforest,2016-12-01,1208.0,7618.57
randomforest,2017-01-01,3328.0,8461.95
randomforest,2017-02-01,5050.0,9227.32
randomforest,2017-03-01,8238.0,8836.97
randomforest,2017-04-01,14309.0,8534.56
randomforest,2017-05-01,3780.0,9898.75
randomforest,2017-06-01,1160.0,8417.27
randomforest,2016-08-01,2524.0,3230.13
randomforest,2016-09-01,1700.0,1328.11
randomforest,2016-10-01,1643.0,536.6
randomforest,2016-11-01,1385.0,318.47
randomforest,2016-12-01,1208.0,329.15
randomforest,2017-01-01,3328.0,594.63
randomforest,2017-02-01,5050.0,1001.97
randomforest,2017-03-01,8238.0,1417.57
randomforest,2017-04-01,14309.0,3055.28
randomforest,2017-05-01,3780.0,5879.1
randomforest,2017-06-01,1160.0,10535.55
randomforest,2017-07-01,865.0,8075.75
randomforest,2016-09-01,1700.0,1425.27
randomforest,2016-10-01,1643.0,660.3
randomforest,2016-11-01,1385.0,341.91
randomforest,2016-12-01,1208.0,383.34
randomforest,2017-01-01,3328.0,618.23
randomforest,2017-02-01,5050.0,1008.31
randomforest,2017-03-01,8238.0,1438.12
randomforest,2017-04-01,14309.0,3284.17
randomforest,2017-05-01,3780.0,6529.75
randomforest,2017-06-01,1160.0,9740.5
randomforest,2017-07-01,865.0,7600.44
randomforest,2017-08-01,418.0,5626.68
randomforest,2016-10-01,1643.0,873.74
randomforest,2016-11-01,1385.0,461.75
randomforest,2016-12-01,1208.0,347.87
randomforest,2017-01-01,3328.0,592.71
randomforest,2017-02-01,5050.0,928.26
randomforest,2017-03-01,8238.0,1357.16
randomforest,2017-04-01,14309.0,2636.76
randomforest,2017-05-01,3780.0,5788.35
randomforest,2017-06-01,1160.0,10275.68
randomforest,2017-07-01,865.0,8312.75
randomforest,2017-08-01,418.0,5877.34
randomforest,2017-09-01,1041.0,4413.59
randomforest,2016-11-01,1385.0,1020.26
randomforest,2016-12-01,1208.0,802.49
randomforest,2017-01-01,3328.0,703.72
randomforest,2017-02-01,5050.0,1005.11
randomforest,2017-03-01,8238.0,1376.73
randomforest,2017-04-01,14309.0,2656.04
randomforest,2017-05-01,3780.0,5329.56
randomforest,2017-06-01,1160.0,9506.5
randomforest,2017-07-01,865.0,9009.54
randomforest,2017-08-01,418.0,6682.88
randomforest,2017-09-01,1041.0,4812.7
randomforest,2017-10-01,690.0,3105.52
randomforest,2016-12-01,1208.0,1071.21
randomforest,2017-01-01,3328.0,1048.44
randomforest,2017-02-01,5050.0,1367.54
randomforest,2017-03-01,8238.0,1826.21
randomforest,2017-04-01,14309.0,2749.87
randomforest,2017-05-01,3780.0,5654.83
randomforest,2017-06-01,1160.0,8952.26
randomforest,2017-07-01,865.0,7892.2
randomforest,2017-08-01,418.0,6518.22
randomforest,2017-09-01,1041.0,5549.92
randomforest,2017-10-01,690.0,4359.07
randomforest,2017-11-01,313.0,3191.45
randomforest,2017-01-01,3328.0,1400.85
randomforest,2017-02-01,5050.0,1785.19
randomforest,2017-03-01,8238.0,2004.68
randomforest,2017-04-01,14309.0,3074.28
randomforest,2017-05-01,3780.0,5735.25
randomforest,2017-06-01,1160.0,8035.37
randomforest,2017-07-01,865.0,7912.53
randomforest,2017-08-01,418.0,6826.05
randomforest,2017-09-01,1041.0,5899.58
randomforest,2017-10-01,690.0,6336.2
randomforest,2017-11-01,313.0,5963.8
randomforest,2017-12-01,374.0,6423.62
randomforest,2017-02-01,5050.0,3831.37
randomforest,2017-03-01,8238.0,7203.91
randomforest,2017-04-01,14309.0,10828.45
randomforest,2017-05-01,3780.0,11220.63
randomforest,2017-06-01,1160.0,9542.8
randomforest,2017-07-01,865.0,7947.94
randomforest,2017-08-01,418.0,6277.49
randomforest,2017-09-01,1041.0,5377.13
randomforest,2017-10-01,690.0,4951.58
randomforest,2017-11-01,313.0,4366.83
randomforest,2017-12-01,374.0,5660.54
randomforest,2018-01-01,495.0,6701.51
randomforest,2017-03-01,8238.0,7188.4
randomforest,2017-04-01,14309.0,9973.25
randomforest,2017-05-01,3780.0,10410.07
randomforest,2017-06-01,1160.0,8763.91
randomforest,2017-07-01,865.0,7322.2
randomforest,2017-08-01,418.0,6140.89
randomforest,2017-09-01,1041.0,5304.65
randomforest,2017-10-01,690.0,4551.4
randomforest,2017-11-01,313.0,3807.51
randomforest,2017-12-01,374.0,5443.39
randomforest,2018-01-01,495.0,6400.35
randomforest,2018-02-01,585.0,7587.18
randomforest,2017-04-01,14309.0,8396.31
randomforest,2017-05-01,3780.0,9465.04
randomforest,2017-06-01,1160.0,7887.09
randomforest,2017-07-01,865.0,6723.14
randomforest,2017-08-01,418.0,4963.94
randomforest,2017-09-01,1041.0,3948.89
randomforest,2017-10-01,690.0,4191.82
randomforest,2017-11-01,313.0,4447.85
randomforest,2017-12-01,374.0,5073.49
randomforest,2018-01-01,495.0,6175.14
randomforest,2018-02-01,585.0,6712.41
randomforest,2018-03-01,831.0,8186.19
randomforest,2017-05-01,3780.0,9495.48
randomforest,2017-06-01,1160.0,8358.76
randomforest,2017-07-01,865.0,7742.67
randomforest,2017-08-01,418.0,6588.61
randomforest,2017-09-01,1041.0,5421.82
randomforest,2017-10-01,690.0,4777.81
randomforest,2017-11-01,313.0,4559.78
randomforest,2017-12-01,374.0,5305.7
randomforest,2018-01-01,495.0,6859.16
randomforest,2018-02-01,585.0,8435.97
randomforest,2018-03-01,831.0,9597.66
randomforest,2018-04-01,1553.0,10246.38
randomforest,2017-06-01,1160.0,5582.92
randomforest,2017-07-01,865.0,6654.35
randomforest,2017-08-01,418.0,6509.18
randomforest,2017-09-01,1041.0,5757.67
randomforest,2017-10-01,690.0,5739.16
randomforest,2017-11-01,313.0,5716.51
randomforest,2017-12-01,374.0,6211.12
randomforest,2018-01-01,495.0,6751.61
randomforest,2018-02-01,585.0,6779.3
randomforest,2018-03-01,831.0,7427.24
randomforest,2018-04-01,1553.0,8073.51
randomforest,2018-05-01,498.0,6967.58
randomforest,2017-07-01,865.0,1881.75
randomforest,2017-08-01,418.0,1873.82
randomforest,2017-09-01,1041.0,1703.2
randomforest,2017-10-01,690.0,1658.07
randomforest,2017-11-01,313.0,1744.83
randomforest,2017-12-01,374.0,2105.85
randomforest,2018-01-01,495.0,2609.93
randomforest,2018-02-01,585.0,3332.39
randomforest,2018-03-01,831.0,5091.53
randomforest,2018-04-01,1553.0,8162.14
randomforest,2018-05-01,498.0,8845.37
randomforest,2018-06-01,291.0,6110.09
randomforest,2017-08-01,418.0,913.05
randomforest,2017-09-01,1041.0,943.1
randomforest,2017-10-01,690.0,939.33
randomforest,2017-11-01,313.0,980.17
randomforest,2017-12-01,374.0,1423.13
randomforest,2018-01-01,495.0,2148.68
randomforest,2018-02-01,585.0,2600.71
randomforest,2018-03-01,831.0,3929.77
randomforest,2018-04-01,1553.0,7939.09
randomforest,2018-05-01,498.0,10291.79
randomforest,2018-06-01,291.0,7546.78
randomforest,2018-07-01,365.0,6600.89
randomforest,2017-09-01,1041.0,596.77
randomforest,2017-10-01,690.0,575.96
randomforest,2017-11-01,313.0,718.27
randomforest,2017-12-01,374.0,1191.87
randomforest,2018-01-01,495.0,2239.88
randomforest,2018-02-01,585.0,2817.81
randomforest,2018-03-01,831.0,4231.6
randomforest,2018-04-01,1553.0,8654.48
randomforest,2018-05-01,498.0,9912.25
randomforest,2018-06-01,291.0,6828.55
randomforest,2018-07-01,365.0,5562.22
randomforest,2018-08-01,190.0,4863.25
randomforest,2017-10-01,690.0,950.96
randomforest,2017-11-01,313.0,1045.9
randomforest,2017-12-01,374.0,1443.03
randomforest,2018-01-01,495.0,2244.38
randomforest,2018-02-01,585.0,2938.0
randomforest,2018-03-01,831.0,4299.01
randomforest,2018-04-01,1553.0,7834.88
randomforest,2018-05-01,498.0,9890.71
randomforest,2018-06-01,291.0,7331.74
randomforest,2018-07-01,365.0,6910.61
randomforest,2018-08-01,190.0,6246.1
randomforest,2018-09-01,175.0,6235.72
randomforest,2017-11-01,313.0,808.48
randomforest,2017-12-01,374.0,1163.13
randomforest,2018-01-01,495.0,1394.72
randomforest,2018-02-01,585.0,2505.26
randomforest,2018-03-01,831.0,3797.74
randomforest,2018-04-01,1553.0,8212.23
randomforest,2018-05-01,498.0,10185.85
randomforest,2018-06-01,291.0,7175.46
randomforest,2018-07-01,365.0,6030.69
randomforest,2018-08-01,190.0,5545.93
randomforest,2018-09-01,175.0,5159.48
randomforest,2018-10-01,133.0,5890.41
randomforest,2017-12-01,374.0,1074.51
randomforest,2018-01-01,495.0,1305.82
randomforest,2018-02-01,585.0,2424.14
randomforest,2018-03-01,831.0,3511.81
randomforest,2018-04-01,1553.0,9390.65
randomforest,2018-05-01,498.0,9886.37
randomforest,2018-06-01,291.0,6987.25
randomforest,2018-07-01,365.0,5505.71
randomforest,2018-08-01,190.0,4857.9
randomforest,2018-09-01,175.0,5644.71
randomforest,2018-10-01,133.0,6496.07
randomforest,2018-11-01,148.0,6908.46
randomforest,2018-01-01,495.0,807.29
randomforest,2018-02-01,585.0,1233.07
randomforest,2018-03-01,831.0,2977.13
randomforest,2018-04-01,1553.0,5349.48
randomforest,2018-05-01,498.0,10710.31
randomforest,2018-06-01,291.0,10763.14
randomforest,2018-07-01,365.0,7380.27
randomforest,2018-08-01,190.0,6838.49
randomforest,2018-09-01,175.0,6449.78
randomforest,2018-10-01,133.0,6528.62
randomforest,2018-11-01,148.0,7035.58
randomforest,2018-12-01,274.0,7598.45
randomforest,2018-02-01,585.0,1070.39
randomforest,2018-03-01,831.0,2071.07
randomforest,2018-04-01,1553.0,4203.71
randomforest,2018-05-01,498.0,8024.27
randomforest,2018-06-01,291.0,12625.44
randomforest,2018-07-01,365.0,7605.07
randomforest,2018-08-01,190.0,6249.6
randomforest,2018-09-01,175.0,5633.35
randomforest,2018-10-01,133.0,4603.53
randomforest,2018-11-01,148.0,4915.92
randomforest,2018-12-01,274.0,6606.17
randomforest,2019-01-01,452.0,7900.03
randomforest,2018-03-01,831.0,1651.17
randomforest,2018-04-01,1553.0,3503.04
randomforest,2018-05-01,498.0,7847.39
randomforest,2018-06-01,291.0,12933.29
randomforest,2018-07-01,365.0,9194.22
randomforest,2018-08-01,190.0,6362.69
randomforest,2018-09-01,175.0,5963.92
randomforest,2018-10-01,133.0,6347.14
randomforest,2018-11-01,148.0,6570.67
randomforest,2018-12-01,274.0,7003.89
randomforest,2019-01-01,452.0,6918.9
randomforest,2019-02-01,489.0,6915.33
randomforest,2018-04-01,1553.0,2061.69
randomforest,2018-05-01,498.0,2812.53
randomforest,2018-06-01,291.0,3239.61
randomforest,2018-07-01,365.0,3129.04
randomforest,2018-08-01,190.0,2610.95
randomforest,2018-09-01,175.0,2083.88
randomforest,2018-10-01,133.0,2069.55
randomforest,2018-11-01,148.0,2548.76
randomforest,2018-12-01,274.0,3418.7
randomforest,2019-01-01,452.0,5781.31
randomforest,2019-02-01,489.0,8676.41
randomforest,2019-03-01,1847.0,7985.89
randomforest,2018-05-01,498.0,2818.1
randomforest,2018-06-01,291.0,3197.51
randomforest,2018-07-01,365.0,3625.22
randomforest,2018-08-01,190.0,6418.95
randomforest,2018-09-01,175.0,8775.37
randomforest,2018-10-01,133.0,6833.53
randomforest,2018-11-01,148.0,5614.4
randomforest,2018-12-01,274.0,5395.41
randomforest,2019-01-01,452.0,6843.06
randomforest,2019-02-01,489.0,8163.27
randomforest,2019-03-01,1847.0,6140.72
randomforest,2019-04-01,1855.0,5341.63
randomforest,2018-06-01,291.0,1147.4
randomforest,2018-07-01,365.0,1227.57
randomforest,2018-08-01,190.0,1295.12
randomforest,2018-09-01,175.0,1059.46
randomforest,2018-10-01,133.0,923.36
randomforest,2018-11-01,148.0,1217.15
randomforest,2018-12-01,274.0,2119.85
randomforest,2019-01-01,452.0,2607.8
randomforest,2019-02-01,489.0,3407.01
randomforest,2019-03-01,1847.0,6886.5
randomforest,2019-04-01,1855.0,8213.24
randomforest,2019-05-01,1309.0,7239.99
randomforest,2018-07-01,365.0,638.22
randomforest,2018-08-01,190.0,713.04
randomforest,2018-09-01,175.0,747.85
randomforest,2018-10-01,133.0,635.11
randomforest,2018-11-01,148.0,712.8
randomforest,2018-12-01,274.0,957.61
randomforest,2019-01-01,452.0,1254.26
randomforest,2019-02-01,489.0,2545.57
randomforest,2019-03-01,1847.0,4017.9
randomforest,2019-04-01,1855.0,7685.27
randomforest,2019-05-01,1309.0,11366.58
randomforest,2019-06-01,1070.0,7249.18
randomforest,2018-08-01,190.0,504.4
randomforest,2018-09-01,175.0,665.08
randomforest,2018-10-01,133.0,543.39
randomforest,2018-11-01,148.0,906.17
randomforest,2018-12-01,274.0,1471.63
randomforest,2019-01-01,452.0,2406.49
randomforest,2019-02-01,489.0,3141.29
randomforest,2019-03-01,1847.0,4555.02
randomforest,2019-04-01,1855.0,6170.61
randomforest,2019-05-01,1309.0,9074.6
randomforest,2019-06-01,1070.0,7414.32
randomforest,2019-07-01,845.0,4982.35
randomforest,2018-09-01,175.0,564.55
randomforest,2018-10-01,133.0,468.91
randomforest,2018-11-01,148.0,729.66
randomforest,2018-12-01,274.0,1026.59
randomforest,2019-01-01,452.0,1440.37
randomforest,2019-02-01,489.0,2413.63
randomforest,2019-03-01,1847.0,3533.02
randomforest,2019-04-01,1855.0,7354.73
randomforest,2019-05-01,1309.0,10339.57
randomforest,2019-06-01,1070.0,6898.8
randomforest,2019-07-01,845.0,4354.46
randomforest,2019-08-01,680.0,3265.59
randomforest,2018-10-01,133.0,385.95
randomforest,2018-11-01,148.0,869.39
randomforest,2018-12-01,274.0,1393.98
randomforest,2019-01-01,452.0,2505.87
randomforest,2019-02-01,489.0,3761.71
randomforest,2019-03-01,1847.0,8684.31
randomforest,2019-04-01,1855.0,9699.39
randomforest,2019-05-01,1309.0,7972.33
randomforest,2019-06-01,1070.0,7208.23
randomforest,2019-07-01,845.0,4661.61
randomforest,2019-08-01,680.0,3966.01
randomforest,2019-09-01,716.0,4376.08
randomforest,2018-11-01,148.0,779.43
randomforest,2018-12-01,274.0,1149.4
randomforest,2019-01-01,452.0,1800.11
randomforest,2019-02-01,489.0,2834.77
randomforest,2019-03-01,1847.0,4178.06
randomforest,2019-04-01,1855.0,7633.39
randomforest,2019-05-01,1309.0,10087.13
randomforest,2019-06-01,1070.0,7755.26
randomforest,2019-07-01,845.0,5175.36
randomforest,2019-08-01,680.0,4132.31
randomforest,2019-09-01,716.0,3708.56
randomforest,2019-10-01,371.0,4815.6
randomforest,2018-12-01,274.0,780.89
randomforest,2019-01-01,452.0,1146.15
randomforest,2019-02-01,489.0,1827.41
randomforest,2019-03-01,1847.0,2919.36
randomforest,2019-04-01,1855.0,3809.69
randomforest,2019-05-01,1309.0,7671.37
randomforest,2019-06-01,1070.0,10214.22
randomforest,2019-07-01,845.0,5614.93
randomforest,2019-08-01,680.0,4315.29
randomforest,2019-09-01,716.0,4210.21
randomforest,2019-10-01,371.0,4856.88
randomforest,2019-11-01,366.0,6742.95
randomforest,2019-01-01,452.0,765.71
randomforest,2019-02-01,489.0,1281.17
randomforest,2019-03-01,1847.0,2641.68
randomforest,2019-04-01,1855.0,3863.3
randomforest,2019-05-01,1309.0,8682.51
randomforest,2019-06-01,1070.0,10564.91
randomforest,2019-07-01,845.0,5713.45
randomforest,2019-08-01,680.0,4173.72
randomforest,2019-09-01,716.0,3395.24
randomforest,2019-10-01,371.0,4864.7
randomforest,2019-11-01,366.0,6732.26
randomforest,2019-12-01,429.0,8744.15
randomforest,2019-02-01,489.0,880.75
randomforest,2019-03-01,1847.0,1544.87
randomforest,2019-04-01,1855.0,2486.02
randomforest,2019-05-01,1309.0,3191.29
randomforest,2019-06-01,1070.0,3623.63
randomforest,2019-07-01,845.0,5555.05
randomforest,2019-08-01,680.0,6223.96
randomforest,2019-09-01,716.0,7036.27
randomforest,2019-10-01,371.0,6565.08
randomforest,2019-11-01,366.0,7052.15
randomforest,2019-12-01,429.0,7622.7
randomforest,2020-01-01,973.0,7466.15
randomforest,2019-03-01,1847.0,927.29
randomforest,2019-04-01,1855.0,1345.43
randomforest,2019-05-01,1309.0,2322.73
randomforest,2019-06-01,1070.0,2968.34
randomforest,2019-07-01,845.0,3398.03
randomforest,2019-08-01,680.0,5421.93
randomforest,2019-09-01,716.0,6234.45
randomforest,2019-10-01,371.0,7598.24
randomforest,2019-11-01,366.0,7189.17
randomforest,2019-12-01,429.0,7170.85
randomforest,2020-01-01,973.0,6025.26
randomforest,2020-02-01,2378.0,5040.54
randomforest,2019-04-01,1855.0,2754.32
randomforest,2019-05-01,1309.0,3402.28
randomforest,2019-06-01,1070.0,8091.44
randomforest,2019-07-01,845.0,10466.57
randomforest,2019-08-01,680.0,6317.22
randomforest,2019-09-01,716.0,3925.53
randomforest,2019-10-01,371.0,3837.42
randomforest,2019-11-01,366.0,6158.32
randomforest,2019-12-01,429.0,8448.0
randomforest,2020-01-01,973.0,6647.44
randomforest,2020-02-01,2378.0,5484.51
randomforest,2020-03-01,2635.0,5361.15
randomforest,2019-05-01,1309.0,2336.23
randomforest,2019-06-01,1070.0,2676.14
randomforest,2019-07-01,845.0,2896.18
randomforest,2019-08-01,680.0,2136.12
randomforest,2019-09-01,716.0,1850.66
randomforest,2019-10-01,371.0,2686.25
randomforest,2019-11-01,366.0,3730.63
randomforest,2019-12-01,429.0,6873.35
randomforest,2020-01-01,973.0,7816.37
randomforest,2020-02-01,2378.0,6394.87
randomforest,2020-03-01,2635.0,5385.39
randomforest,2020-04-01,2140.0,5006.79
randomforest,2019-06-01,1070.0,1928.23
randomforest,2019-07-01,845.0,1911.74
randomforest,2019-08-01,680.0,1476.76
randomforest,2019-09-01,716.0,1633.76
randomforest,2019-10-01,371.0,2543.67
randomforest,2019-11-01,366.0,3881.68
randomforest,2019-12-01,429.0,7475.68
randomforest,2020-01-01,973.0,9511.87
randomforest,2020-02-01,2378.0,6676.07
randomforest,2020-03-01,2635.0,5264.68
randomforest,2020-04-01,2140.0,4978.82
randomforest,2020-05-01,1836.0,6617.12
randomforest,2019-07-01,845.0,1121.4
randomforest,2019-08-01,680.0,1002.06
randomforest,2019-09-01,716.0,1183.33
randomforest,2019-10-01,371.0,1867.1
randomforest,2019-11-01,366.0,2390.63
randomforest,2019-12-01,429.0,3298.99
randomforest,2020-01-01,973.0,5354.1
randomforest,2020-02-01,2378.0,7128.9
randomforest,2020-03-01,2635.0,8668.26
randomforest,2020-04-01,2140.0,6173.1
randomforest,2020-05-01,1836.0,5555.57
randomforest,2020-06-01,1820.0,4809.75
randomforest,2019-08-01,680.0,878.92
randomforest,2019-09-01,716.0,1014.02
randomforest,2019-10-01,371.0,1318.79
randomforest,2019-11-01,366.0,1960.03
randomforest,2019-12-01,429.0,2714.32
randomforest,2020-01-01,973.0,4291.52
randomforest,2020-02-01,2378.0,6441.97
randomforest,2020-03-01,2635.0,8569.07
randomforest,2020-04-01,2140.0,7247.38
randomforest,2020-05-01,1836.0,6352.13
randomforest,2020-06-01,1820.0,5476.87
randomforest,2020-07-01,1519.0,4532.33
randomforest,2019-09-01,716.0,771.22
randomforest,2019-10-01,371.0,1142.55
randomforest,2019-11-01,366.0,1473.7
randomforest,2019-12-01,429.0,2416.78
randomforest,2020-01-01,973.0,3588.23
randomforest,2020-02-01,2378.0,7598.16
randomforest,2020-03-01,2635.0,9742.85
randomforest,2020-04-01,2140.0,7353.92
randomforest,2020-05-01,1836.0,6624.52
randomforest,2020-06-01,1820.0,5876.78
randomforest,2020-07-01,1519.0,5471.86
randomforest,2020-08-01,1265.0,5455.83
randomforest,2019-10-01,371.0,1018.23
randomforest,2019-11-01,366.0,1308.5
randomforest,2019-12-01,429.0,2335.61
randomforest,2020-01-01,973.0,3334.32
randomforest,2020-02-01,2378.0,5740.25
randomforest,2020-03-01,2635.0,8801.32
randomforest,2020-04-01,2140.0,8150.16
randomforest,2020-05-01,1836.0,6383.11
randomforest,2020-06-01,1820.0,5021.54
randomforest,2020-07-01,1519.0,4220.94
randomforest,2020-08-01,1265.0,4883.5
randomforest,2020-09-01,586.0,6015.84
randomforest,2019-11-01,366.0,699.35
randomforest,2019-12-01,429.0,737.43
randomforest,2020-01-01,973.0,942.37
randomforest,2020-02-01,2378.0,1756.28
randomforest,2020-03-01,2635.0,2910.05
randomforest,2020-04-01,2140.0,4271.04
randomforest,2020-05-01,1836.0,7899.09
randomforest,2020-06-01,1820.0,8954.73
randomforest,2020-07-01,1519.0,5926.39
randomforest,2020-08-01,1265.0,4527.5
randomforest,2020-09-01,586.0,3569.84
randomforest,2020-10-01,402.0,4663.0
randomforest,2019-12-01,429.0,645.81
randomforest,2020-01-01,973.0,747.67
randomforest,2020-02-01,2378.0,1251.72
randomforest,2020-03-01,2635.0,2827.55
randomforest,2020-04-01,2140.0,4167.78
randomforest,2020-05-01,1836.0,8219.51
randomforest,2020-06-01,1820.0,10775.57
randomforest,2020-07-01,1519.0,5881.19
randomforest,2020-08-01,1265.0,4684.17
randomforest,2020-09-01,586.0,4416.38
randomforest,2020-10-01,402.0,4810.57
randomforest,2020-11-01,565.0,6455.67
randomforest,2020-01-01,973.0,619.14
randomforest,2020-02-01,2378.0,907.51
randomforest,2020-03-01,2635.0,1498.39
randomforest,2020-04-01,2140.0,2317.14
randomforest,2020-05-01,1836.0,2561.18
randomforest,2020-06-01,1820.0,3264.85
randomforest,2020-07-01,1519.0,3228.83
randomforest,2020-08-01,1265.0,2312.75
randomforest,2020-09-01,586.0,1886.02
randomforest,2020-10-01,402.0,1515.47
randomforest,2020-11-01,565.0,1244.6
randomforest,2020-12-01,327.0,1390.28
randomforest,2020-02-01,2378.0,1543.1
randomforest,2020-03-01,2635.0,2592.51
randomforest,2020-04-01,2140.0,3985.52
randomforest,2020-05-01,1836.0,8541.31
randomforest,2020-06-01,1820.0,10896.74
randomforest,2020-07-01,1519.0,6573.18
randomforest,2020-08-01,1265.0,4795.41
randomforest,2020-09-01,586.0,4499.23
randomforest,2020-10-01,402.0,5229.17
randomforest,2020-11-01,565.0,7040.27
randomforest,2020-12-01,327.0,8690.27
randomforest,2021-01-01,660.0,7674.73
randomforest,2020-03-01,2635.0,3085.9
randomforest,2020-04-01,2140.0,4130.32
randomforest,2020-05-01,1836.0,8265.64
randomforest,2020-06-01,1820.0,9662.99
randomforest,2020-07-01,1519.0,6283.34
randomforest,2020-08-01,1265.0,4846.47
randomforest,2020-09-01,586.0,4603.77
randomforest,2020-10-01,402.0,5497.17
randomforest,2020-11-01,565.0,7138.02
randomforest,2020-12-01,327.0,8972.18
randomforest,2021-01-01,660.0,7665.74
randomforest,2021-02-01,865.0,7516.44
randomforest,2020-04-01,2140.0,3229.07
randomforest,2020-05-01,1836.0,3469.76
randomforest,2020-06-01,1820.0,6037.2
randomforest,2020-07-01,1519.0,7774.77
randomforest,2020-08-01,1265.0,6167.86
randomforest,2020-09-01,586.0,4509.87
randomforest,2020-10-01,402.0,3602.37
randomforest,2020-11-01,565.0,5200.2
randomforest,2020-12-01,327.0,6830.65
randomforest,2021-01-01,660.0,8246.03
randomforest,2021-02-01,865.0,7308.86
randomforest,2021-03-01,1016.0,6879.47
randomforest,2020-05-01,1836.0,1958.34
randomforest,2020-06-01,1820.0,1901.62
randomforest,2020-07-01,1519.0,1537.61
randomforest,2020-08-01,1265.0,1074.27
randomforest,2020-09-01,586.0,868.72
randomforest,2020-10-01,402.0,758.85
randomforest,2020-11-01,565.0,707.39
randomforest,2020-12-01,327.0,622.26
randomforest,2021-01-01,660.0,888.61
randomforest,2021-02-01,865.0,1652.51
randomforest,2021-03-01,1016.0,2344.24
randomforest,2021-04-01,2274.0,2417.18
randomforest,2020-06-01,1820.0,1718.09
randomforest,2020-07-01,1519.0,1450.52
randomforest,2020-08-01,1265.0,1041.12
randomforest,2020-09-01,586.0,847.3
randomforest,2020-10-01,402.0,721.25
randomforest,2020-11-01,565.0,604.23
randomforest,2020-12-01,327.0,631.2
randomforest,2021-01-01,660.0,851.88
randomforest,2021-02-01,865.0,1098.02
randomforest,2021-03-01,1016.0,1666.35
randomforest,2021-04-01,2274.0,2017.58
randomforest,2021-05-01,7066.0,2071.18
randomforest,2020-07-01,1519.0,1520.2
randomforest,2020-08-01,1265.0,1072.98
randomforest,2020-09-01,586.0,878.74
randomforest,2020-10-01,402.0,1010.24
randomforest,2020-11-01,565.0,1051.81
randomforest,2020-12-01,327.0,1151.11
randomforest,2021-01-01,660.0,1758.57
randomforest,2021-02-01,865.0,2499.0
randomforest,2021-03-01,1016.0,2970.19
randomforest,2021-04-01,2274.0,2689.31
randomforest,2021-05-01,7066.0,2421.37
randomforest,2021-06-01,6990.0,1916.19
randomforest,2020-08-01,1265.0,1107.22
randomforest,2020-09-01,586.0,920.31
randomforest,2020-10-01,402.0,1046.26
randomforest,2020-11-01,565.0,1048.42
randomforest,2020-12-01,327.0,1139.11
randomforest,2021-01-01,660.0,1752.71
randomforest,2021-02-01,865.0,2427.79
randomforest,2021-03-01,1016.0,2680.47
randomforest,2021-04-01,2274.0,2644.27
randomforest,2021-05-01,7066.0,2548.25
randomforest,2021-06-01,6990.0,1998.99
randomforest,2021-07-01,4859.0,1646.93
randomforest,2020-09-01,586.0,1268.15
randomforest,2020-10-01,402.0,1448.47
randomforest,2020-11-01,565.0,1561.41
randomforest,2020-12-01,327.0,1665.0
randomforest,2021-01-01,660.0,2394.25
randomforest,2021-02-01,865.0,2864.05
randomforest,2021-03-01,1016.0,2966.13
randomforest,2021-04-01,2274.0,2629.39
randomforest,2021-05-01,7066.0,2330.26
randomforest,2021-06-01,6990.0,1813.65
randomforest,2021-07-01,4859.0,1525.85
randomforest,2021-08-01,3382.0,1219.8
randomforest,2020-10-01,402.0,518.14
randomforest,2020-11-01,565.0,552.46
randomforest,2020-12-01,327.0,618.36
randomforest,2021-01-01,660.0,840.5
randomforest,2021-02-01,865.0,1109.94
randomforest,2021-03-01,1016.0,1585.97
randomforest,2021-04-01,2274.0,2013.3
randomforest,2021-05-01,7066.0,2201.91
randomforest,2021-06-01,6990.0,1826.31
randomforest,2021-07-01,4859.0,1522.19
randomforest,2021-08-01,3382.0,1106.52
randomforest,2021-09-01,1496.0,694.68
randomforest,2020-11-01,565.0,537.96
randomforest,2020-12-01,327.0,611.98
randomforest,2021-01-01,660.0,839.08
randomforest,2021-02-01,865.0,1038.79
randomforest,2021-03-01,1016.0,1522.29
randomforest,2021-04-01,2274.0,1952.42
randomforest,2021-05-01,7066.0,2209.6
randomforest,2021-06-01,6990.0,1996.43
randomforest,2021-07-01,4859.0,1692.33
randomforest,2021-08-01,3382.0,1396.34
randomforest,2021-09-01,1496.0,943.71
randomforest,2021-10-01,1255.0,677.05
randomforest,2020-12-01,327.0,622.74
randomforest,2021-01-01,660.0,813.86
randomforest,2021-02-01,865.0,1037.77
randomforest,2021-03-01,1016.0,1523.23
randomforest,2021-04-01,2274.0,2077.68
randomforest,2021-05-01,7066.0,2387.13
randomforest,2021-06-01,6990.0,2110.42
randomforest,2021-07-01,4859.0,1724.33
randomforest,2021-08-01,3382.0,1407.34
randomforest,2021-09-01,1496.0,956.11
randomforest,2021-10-01,1255.0,672.44
randomforest,2021-11-01,775.0,518.33
randomforest,2021-01-01,660.0,797.6
randomforest,2021-02-01,865.0,1020.65
randomforest,2021-03-01,1016.0,1572.69
randomforest,2021-04-01,2274.0,2156.02
randomforest,2021-05-01,7066.0,2216.26
randomforest,2021-06-01,6990.0,1900.15
randomforest,2021-07-01,4859.0,1528.81
randomforest,2021-08-01,3382.0,1161.17
randomforest,2021-09-01,1496.0,688.87
randomforest,2021-10-01,1255.0,463.39
randomforest,2021-11-01,775.0,483.53
randomforest,2021-12-01,756.0,490.51
randomforest,2021-02-01,865.0,819.5
randomforest,2021-03-01,1016.0,1023.86
randomforest,2021-04-01,2274.0,1583.63
randomforest,2021-05-01,7066.0,1794.56
randomforest,2021-06-01,6990.0,1771.48
randomforest,2021-07-01,4859.0,1692.58
randomforest,2021-08-01,3382.0,1486.83
randomforest,2021-09-01,1496.0,931.38
randomforest,2021-10-01,1255.0,662.57
randomforest,2021-11-01,775.0,479.56
randomforest,2021-12-01,756.0,450.57
randomforest,2022-01-01,874.0,572.32
randomforest,2021-03-01,1016.0,1172.29
randomforest,2021-04-01,2274.0,1652.56
randomforest,2021-05-01,7066.0,1807.1
randomforest,2021-06-01,6990.0,1804.4
randomforest,2021-07-01,4859.0,1678.71
randomforest,2021-08-01,3382.0,1484.75
randomforest,2021-09-01,1496.0,946.17
randomforest,2021-10-01,1255.0,633.45
randomforest,2021-11-01,775.0,486.45
randomforest,2021-12-01,756.0,460.88
randomforest,2022-01-01,874.0,546.58
randomforest,2022-02-01,1246.0,613.69
randomforest,2021-04-01,2274.0,1491.39
randomforest,2021-05-01,7066.0,1872.58
randomforest,2021-06-01,6990.0,1866.26
randomforest,2021-07-01,4859.0,1714.79
randomforest,2021-08-01,3382.0,1514.46
randomforest,2021-09-01,1496.0,937.57
randomforest,2021-10-01,1255.0,645.35
randomforest,2021-11-01,775.0,495.72
randomforest,2021-12-01,756.0,457.19
randomforest,2022-01-01,874.0,574.33
randomforest,2022-02-01,1246.0,570.74
randomforest,2022-03-01,2946.0,797.65
randomforest,2021-05-01,7066.0,2245.88
randomforest,2021-06-01,6990.0,1803.05
randomforest,2021-07-01,4859.0,1509.76
randomforest,2021-08-01,3382.0,1145.33
randomforest,2021-09-01,1496.0,714.54
randomforest,2021-10-01,1255.0,453.63
randomforest,2021-11-01,775.0,426.49
randomforest,2021-12-01,756.0,451.33
randomforest,2022-01-01,874.0,628.25
randomforest,2022-02-01,1246.0,592.28
randomforest,2022-03-01,2946.0,835.44
randomforest,2022-04-01,6400.0,1036.32
randomforest,2021-06-01,6990.0,11830.41
randomforest,2021-07-01,4859.0,9596.44
randomforest,2021-08-01,3382.0,5665.31
randomforest,2021-09-01,1496.0,4385.28
randomforest,2021-10-01,1255.0,5542.51
randomforest,2021-11-01,775.0,6910.75
randomforest,2021-12-01,756.0,7764.29
randomforest,2022-01-01,874.0,7210.7
randomforest,2022-02-01,1246.0,6915.19
randomforest,2022-03-01,2946.0,6214.32
randomforest,2022-04-01,6400.0,6734.87
randomforest,2022-05-01,11540.0,7126.25
randomforest,2021-07-01,4859.0,6734.85
randomforest,2021-08-01,3382.0,5135.28
randomforest,2021-09-01,1496.0,5701.03
randomforest,2021-10-01,1255.0,7539.25
randomforest,2021-11-01,775.0,10190.23
randomforest,2021-12-01,756.0,9479.42
randomforest,2022-01-01,874.0,9004.07
randomforest,2022-02-01,1246.0,9097.61
randomforest,2022-03-01,2946.0,8929.1
randomforest,2022-04-01,6400.0,9478.85
randomforest,2022-05-01,11540.0,8908.93
randomforest,2022-06-01,7386.0,6119.63
randomforest,2021-08-01,3382.0,3742.12
randomforest,2021-09-01,1496.0,4945.26
randomforest,2021-10-01,1255.0,7707.62
randomforest,2021-11-01,775.0,10223.31
randomforest,2021-12-01,756.0,8904.36
randomforest,2022-01-01,874.0,8163.4
randomforest,2022-02-01,1246.0,8327.91
randomforest,2022-03-01,2946.0,9001.58
randomforest,2022-04-01,6400.0,9437.38
randomforest,2022-05-01,11540.0,8648.44
randomforest,2022-06-01,7386.0,5939.98
randomforest,2022-07-01,4095.0,4703.41
randomforest,2021-09-01,1496.0,3099.67
randomforest,2021-10-01,1255.0,4174.21
randomforest,2021-11-01,775.0,6322.31
randomforest,2021-12-01,756.0,8995.29
randomforest,2022-01-01,874.0,8857.42
randomforest,2022-02-01,1246.0,8573.9
randomforest,2022-03-01,2946.0,8738.31
randomforest,2022-04-01,6400.0,9263.55
randomforest,2022-05-01,11540.0,8781.96
randomforest,2022-06-01,7386.0,6010.98
randomforest,2022-07-01,4095.0,4270.75
randomforest,2022-08-01,2088.0,3421.37
randomforest,2021-10-01,1255.0,930.95
randomforest,2021-11-01,775.0,797.06
randomforest,2021-12-01,756.0,666.27
randomforest,2022-01-01,874.0,577.16
randomforest,2022-02-01,1246.0,534.91
randomforest,2022-03-01,2946.0,833.04
randomforest,2022-04-01,6400.0,1430.5
randomforest,2022-05-01,11540.0,2607.69
randomforest,2022-06-01,7386.0,3569.71
randomforest,2022-07-01,4095.0,7086.23
randomforest,2022-08-01,2088.0,7147.13
randomforest,2022-09-01,1469.0,8441.2
randomforest,2021-11-01,775.0,926.61
randomforest,2021-12-01,756.0,1190.63
randomforest,2022-01-01,874.0,1606.98
randomforest,2022-02-01,1246.0,2098.96
randomforest,2022-03-01,2946.0,3259.2
randomforest,2022-04-01,6400.0,4777.5
randomforest,2022-05-01,11540.0,6920.72
randomforest,2022-06-01,7386.0,7123.84
randomforest,2022-07-01,4095.0,5197.72
randomforest,2022-08-01,2088.0,3298.39
randomforest,2022-09-01,1469.0,2236.54
randomforest,2022-10-01,1012.0,3250.6
randomforest,2021-12-01,756.0,709.39
randomforest,2022-01-01,874.0,571.11
randomforest,2022-02-01,1246.0,527.17
randomforest,2022-03-01,2946.0,810.16
randomforest,2022-04-01,6400.0,1211.41
randomforest,2022-05-01,11540.0,2276.73
randomforest,2022-06-01,7386.0,3535.83
randomforest,2022-07-01,4095.0,6966.38
randomforest,2022-08-01,2088.0,6517.31
randomforest,2022-09-01,1469.0,7144.87
randomforest,2022-10-01,1012.0,8417.74
randomforest,2022-11-01,803.0,8626.61
randomforest,2022-01-01,874.0,887.35
randomforest,2022-02-01,1246.0,1570.46
randomforest,2022-03-01,2946.0,2536.49
randomforest,2022-04-01,6400.0,4502.33
randomforest,2022-05-01,11540.0,7569.42
randomforest,2022-06-01,7386.0,8576.69
randomforest,2022-07-01,4095.0,5960.8
randomforest,2022-08-01,2088.0,4035.41
randomforest,2022-09-01,1469.0,3406.67
randomforest,2022-10-01,1012.0,5248.57
randomforest,2022-11-01,803.0,6663.19
randomforest,2022-12-01,458.0,8392.9
randomforest,2022-02-01,1246.0,1103.12
randomforest,2022-03-01,2946.0,1966.22
randomforest,2022-04-01,6400.0,3037.59
randomforest,2022-05-01,11540.0,5073.84
randomforest,2022-06-01,7386.0,7479.77
randomforest,2022-07-01,4095.0,8006.77
randomforest,2022-08-01,2088.0,5309.51
randomforest,2022-09-01,1469.0,4782.1
randomforest,2022-10-01,1012.0,6011.43
randomforest,2022-11-01,803.0,9020.09
randomforest,2022-12-01,458.0,8822.41
randomforest,2023-01-01,1240.0,8185.8
randomforest,2022-03-01,2946.0,2390.51
randomforest,2022-04-01,6400.0,4526.59
randomforest,2022-05-01,11540.0,7822.22
randomforest,2022-06-01,7386.0,8191.12
randomforest,2022-07-01,4095.0,5882.71
randomforest,2022-08-01,2088.0,3764.99
randomforest,2022-09-01,1469.0,3473.88
randomforest,2022-10-01,1012.0,6003.91
randomforest,2022-11-01,803.0,8404.78
randomforest,2022-12-01,458.0,9312.74
randomforest,2023-01-01,1240.0,8522.54
randomforest,2023-02-01,1881.0,8701.12
randomforest,2022-04-01,6400.0,5079.49
randomforest,2022-05-01,11540.0,9469.03
randomforest,2022-06-01,7386.0,8065.03
randomforest,2022-07-01,4095.0,5785.2
randomforest,2022-08-01,2088.0,3759.7
randomforest,2022-09-01,1469.0,3309.78
randomforest,2022-10-01,1012.0,3525.19
randomforest,2022-11-01,803.0,5218.16
randomforest,2022-12-01,458.0,6960.46
randomforest,2023-01-01,1240.0,8089.76
randomforest,2023-02-01,1881.0,9278.58
randomforest,2023-03-01,2856.0,9110.42
randomforest,2022-05-01,11540.0,9863.06
randomforest,2022-06-01,7386.0,6792.46
randomforest,2022-07-01,4095.0,4759.07
randomforest,2022-08-01,2088.0,2689.15
randomforest,2022-09-01,1469.0,1986.12
randomforest,2022-10-01,1012.0,1820.69
randomforest,2022-11-01,803.0,1327.9
randomforest,2022-12-01,458.0,1003.44
randomforest,2023-01-01,1240.0,1286.88
randomforest,2023-02-01,1881.0,2275.7
randomforest,2023-03-01,2856.0,4797.89
randomforest,2023-04-01,2177.0,8017.48
randomforest,2022-06-01,7386.0,6683.58
randomforest,2022-07-01,4095.0,4922.97
randomforest,2022-08-01,2088.0,2643.86
randomforest,2022-09-01,1469.0,1912.81
randomforest,2022-10-01,1012.0,1400.04
randomforest,2022-11-01,803.0,915.92
randomforest,2022-12-01,458.0,859.87
randomforest,2023-01-01,1240.0,830.31
randomforest,2023-02-01,1881.0,1003.67
randomforest,2023-03-01,2856.0,2129.21
randomforest,2023-04-01,2177.0,3504.25
randomforest,2023-05-01,1521.0,8354.27
randomforest,2022-07-01,4095.0,5463.59
randomforest,2022-08-01,2088.0,3188.55
randomforest,2022-09-01,1469.0,1992.1
randomforest,2022-10-01,1012.0,1768.88
randomforest,2022-11-01,803.0,1312.1
randomforest,2022-12-01,458.0,1072.69
randomforest,2023-01-01,1240.0,1159.03
randomforest,2023-02-01,1881.0,1937.4
randomforest,2023-03-01,2856.0,2914.89
randomforest,2023-04-01,2177.0,5821.14
randomforest,2023-05-01,1521.0,11062.22
randomforest,2023-06-01,1221.0,10199.77
randomforest,2022-08-01,2088.0,2151.92
randomforest,2022-09-01,1469.0,1584.62
randomforest,2022-10-01,1012.0,890.22
randomforest,2022-11-01,803.0,741.51
randomforest,2022-12-01,458.0,516.28
randomforest,2023-01-01,1240.0,517.63
randomforest,2023-02-01,1881.0,623.3
randomforest,2023-03-01,2856.0,794.52
randomforest,2023-04-01,2177.0,1079.44
randomforest,2023-05-01,1521.0,2010.96
randomforest,2023-06-01,1221.0,3164.22
randomforest,2023-07-01,1292.0,5614.95
randomforest,2022-09-01,1469.0,1685.87
randomforest,2022-10-01,1012.0,1275.43
randomforest,2022-11-01,803.0,931.18
randomforest,2022-12-01,458.0,854.29
randomforest,2023-01-01,1240.0,781.59
randomforest,2023-02-01,1881.0,804.92
randomforest,2023-03-01,2856.0,1192.93
randomforest,2023-04-01,2177.0,2447.08
randomforest,2023-05-01,1521.0,5649.22
randomforest,2023-06-01,1221.0,10256.98
randomforest,2023-07-01,1292.0,11811.88
randomforest,2023-08-01,788.0,8628.34
randomforest,2022-10-01,1012.0,1016.82
randomforest,2022-11-01,803.0,758.49
randomforest,2022-12-01,458.0,570.9
randomforest,2023-01-01,1240.0,584.9
randomforest,2023-02-01,1881.0,609.77
randomforest,2023-03-01,2856.0,817.32
randomforest,2023-04-01,2177.0,1290.68
randomforest,2023-05-01,1521.0,2443.55
randomforest,2023-06-01,1221.0,5304.74
randomforest,2023-07-01,1292.0,9522.94
randomforest,2023-08-01,788.0,9596.34
randomforest,2023-09-01,691.0,7501.9
randomforest,2022-11-01,803.0,805.52
randomforest,2022-12-01,458.0,616.89
randomforest,2023-01-01,1240.0,586.93
randomforest,2023-02-01,1881.0,627.7
randomforest,2023-03-01,2856.0,803.28
randomforest,2023-04-01,2177.0,1113.57
randomforest,2023-05-01,1521.0,2129.22
randomforest,2023-06-01,1221.0,3069.0
randomforest,2023-07-01,1292.0,5375.1
randomforest,2023-08-01,788.0,8036.59
randomforest,2023-09-01,691.0,8964.96
randomforest,2023-10-01,686.0,7839.73
randomforest,2022-12-01,458.0,603.98
randomforest,2023-01-01,1240.0,561.15
randomforest,2023-02-01,1881.0,619.91
randomforest,2023-03-01,2856.0,774.73
randomforest,2023-04-01,2177.0,1169.31
randomforest,2023-05-01,1521.0,2282.53
randomforest,2023-06-01,1221.0,5490.06
randomforest,2023-07-01,1292.0,9211.72
randomforest,2023-08-01,788.0,9368.67
randomforest,2023-09-01,691.0,7281.8
randomforest,2023-10-01,686.0,6953.29
randomforest,2023-11-01,414.0,7399.02
randomforest,2023-01-01,1240.0,584.36
randomforest,2023-02-01,1881.0,655.62
randomforest,2023-03-01,2856.0,832.71
randomforest,2023-04-01,2177.0,1240.33
randomforest,2023-05-01,1521.0,2320.31
randomforest,2023-06-01,1221.0,5885.57
randomforest,2023-07-01,1292.0,11137.85
randomforest,2023-08-01,788.0,8522.81
randomforest,2023-09-01,691.0,7056.68
randomforest,2023-10-01,686.0,6734.93
randomforest,2023-11-01,414.0,7084.62
randomforest,2023-12-01,374.0,7431.35
randomforest,2023-02-01,1881.0,1916.31
randomforest,2023-03-01,2856.0,2570.36
randomforest,2023-04-01,2177.0,5541.47
randomforest,2023-05-01,1521.0,10558.3
randomforest,2023-06-01,1221.0,10542.17
randomforest,2023-07-01,1292.0,8166.99
randomforest,2023-08-01,788.0,6865.61
randomforest,2023-09-01,691.0,6451.03
randomforest,2023-10-01,686.0,6614.05
randomforest,2023-11-01,414.0,6810.19
randomforest,2023-12-01,374.0,7023.09
randomforest,2024-01-01,807.0,6829.39
randomforest,2023-03-01,2856.0,2559.2
randomforest,2023-04-01,2177.0,5715.12
randomforest,2023-05-01,1521.0,11026.0
randomforest,2023-06-01,1221.0,9991.19
randomforest,2023-07-01,1292.0,7847.6
randomforest,2023-08-01,788.0,6665.65
randomforest,2023-09-01,691.0,6193.08
randomforest,2023-10-01,686.0,6318.68
randomforest,2023-11-01,414.0,6724.76
randomforest,2023-12-01,374.0,6877.17
randomforest,2024-01-01,807.0,6706.2
randomforest,2024-02-01,1609.0,6656.44
randomforest,2023-04-01,2177.0,5607.6
randomforest,2023-05-01,1521.0,11040.16
randomforest,2023-06-01,1221.0,10953.05
randomforest,2023-07-01,1292.0,8558.24
randomforest,2023-08-01,788.0,7460.99
randomforest,2023-09-01,691.0,7496.14
randomforest,2023-10-01,686.0,7487.27
randomforest,2023-11-01,414.0,7823.68
randomforest,2023-12-01,374.0,7931.0
randomforest,2024-01-01,807.0,7563.75
randomforest,2024-02-01,1609.0,7463.64
randomforest,2024-03-01,3197.0,7218.52
randomforest,2023-05-01,1521.0,3099.15
randomforest,2023-06-01,1221.0,4487.09
randomforest,2023-07-01,1292.0,5877.91
randomforest,2023-08-01,788.0,9532.21
randomforest,2023-09-01,691.0,8844.18
randomforest,2023-10-01,686.0,7867.24
randomforest,2023-11-01,414.0,7768.33
randomforest,2023-12-01,374.0,7923.46
randomforest,2024-01-01,807.0,7901.81
randomforest,2024-02-01,1609.0,8141.69
randomforest,2024-03-01,3197.0,7965.84
randomforest,2024-04-01,2098.0,8140.58
randomforest,2023-06-01,1221.0,2185.12
randomforest,2023-07-01,1292.0,2122.43
randomforest,2023-08-01,788.0,1751.98
randomforest,2023-09-01,691.0,1443.38
randomforest,2023-10-01,686.0,1018.94
randomforest,2023-11-01,414.0,754.72
randomforest,2023-12-01,374.0,830.97
randomforest,2024-01-01,807.0,907.82
randomforest,2024-02-01,1609.0,1620.47
randomforest,2024-03-01,3197.0,1978.09
randomforest,2024-04-01,2098.0,2125.78
randomforest,2024-05-01,1101.0,2439.44
randomforest,2023-07-01,1292.0,1160.3
randomforest,2023-08-01,788.0,1013.95
randomforest,2023-09-01,691.0,758.66
randomforest,2023-10-01,686.0,605.45
randomforest,2023-11-01,414.0,418.84
randomforest,2023-12-01,374.0,760.86
randomforest,2024-01-01,807.0,726.68
randomforest,2024-02-01,1609.0,727.8
randomforest,2024-03-01,3197.0,808.8
randomforest,2024-04-01,2098.0,1002.8
randomforest,2024-05-01,1101.0,1515.1
randomforest,2024-06-01,962.0,1335.25
randomforest,2023-08-01,788.0,1350.94
randomforest,2023-09-01,691.0,1137.29
randomforest,2023-10-01,686.0,899.94
randomforest,2023-11-01,414.0,878.01
randomforest,2023-12-01,374.0,1086.23
randomforest,2024-01-01,807.0,1663.02
randomforest,2024-02-01,1609.0,2032.77
randomforest,2024-03-01,3197.0,2087.77
randomforest,2024-04-01,2098.0,1887.09
randomforest,2024-05-01,1101.0,1879.86
randomforest,2024-06-01,962.0,1644.77
randomforest,2024-07-01,557.0,1426.9
randomforest,2023-09-01,691.0,628.99
randomforest,2023-10-01,686.0,439.71
randomforest,2023-11-01,414.0,407.9
randomforest,2023-12-01,374.0,778.35
randomforest,2024-01-01,807.0,783.12
randomforest,2024-02-01,1609.0,817.23
randomforest,2024-03-01,3197.0,984.68
randomforest,2024-04-01,2098.0,1541.0
randomforest,2024-05-01,1101.0,1714.97
randomforest,2024-06-01,962.0,1637.48
randomforest,2024-07-01,557.0,1256.04
randomforest,2024-08-01,513.0,828.83
randomforest,2023-10-01,686.0,482.07
randomforest,2023-11-01,414.0,440.07
randomforest,2023-12-01,374.0,800.0
randomforest,2024-01-01,807.0,760.76
randomforest,2024-02-01,1609.0,733.48
randomforest,2024-03-01,3197.0,842.15
randomforest,2024-04-01,2098.0,1052.3
randomforest,2024-05-01,1101.0,1502.81
randomforest,2024-06-01,962.0,1527.41
randomforest,2024-07-01,557.0,1172.64
randomforest,2024-08-01,513.0,883.96
randomforest,2024-09-01,444.0,808.95
randomforest,2023-11-01,414.0,493.71
randomforest,2023-12-01,374.0,830.91
randomforest,2024-01-01,807.0,980.0
randomforest,2024-02-01,1609.0,1729.15
randomforest,2024-03-01,3197.0,2111.57
randomforest,2024-04-01,2098.0,1942.39
randomforest,2024-05-01,1101.0,1866.21
randomforest,2024-06-01,962.0,1664.9
randomforest,2024-07-01,557.0,1284.57
randomforest,2024-08-01,513.0,914.88
randomforest,2024-09-01,444.0,868.79
randomforest,2024-10-01,317.0,798.95
randomforest,2023-12-01,374.0,767.9
randomforest,2024-01-01,807.0,751.03
randomforest,2024-02-01,1609.0,748.96
randomforest,2024-03-01,3197.0,878.6
randomforest,2024-04-01,2098.0,1398.58
randomforest,2024-05-01,1101.0,1727.89
randomforest,2024-06-01,962.0,1667.83
randomforest,2024-07-01,557.0,1398.56
randomforest,2024-08-01,513.0,1027.02
randomforest,2024-09-01,444.0,977.16
randomforest,2024-10-01,317.0,960.23
randomforest,2024-11-01,421.0,977.95
randomforest,2024-01-01,807.0,585.42
randomforest,2024-02-01,1609.0,685.92
randomforest,2024-03-01,3197.0,818.2
randomforest,2024-04-01,2098.0,1108.25
randomforest,2024-05-01,1101.0,1401.58
randomforest,2024-06-01,962.0,1562.12
randomforest,2024-07-01,557.0,1304.43
randomforest,2024-08-01,513.0,1019.69
randomforest,2024-09-01,444.0,905.53
randomforest,2024-10-01,317.0,901.63
randomforest,2024-11-01,421.0,892.71
randomforest,2024-12-01,274.0,1100.13
timesfm,2014-01-01,514.0,326.91998291015625
timesfm,2014-02-01,568.0,591.1380004882812
timesfm,2014-03-01,824.0,979.8543090820312
timesfm,2014-04-01,888.0,1414.518310546875
timesfm,2014-05-01,1863.0,1616.781005859375
timesfm,2014-06-01,2193.0,1053.5972900390625
timesfm,2014-07-01,1379.0,726.642822265625
timesfm,2014-08-01,1056.0,674.7094116210938
timesfm,2014-09-01,650.0,486.9368591308594
timesfm,2014-10-01,538.0,338.64483642578125
timesfm,2014-11-01,484.0,380.669677734375
timesfm,2014-12-01,293.0,418.5086669921875
timesfm,2014-02-01,568.0,560.490966796875
timesfm,2014-03-01,824.0,846.7653198242188
timesfm,2014-04-01,888.0,1153.6749267578125
timesfm,2014-05-01,1863.0,1242.3748779296875
timesfm,2014-06-01,2193.0,992.1602783203125
timesfm,2014-07-01,1379.0,664.38525390625
timesfm,2014-08-01,1056.0,577.6668701171875
timesfm,2014-09-01,650.0,597.7457885742188
timesfm,2014-10-01,538.0,505.42486572265625
timesfm,2014-11-01,484.0,528.798095703125
timesfm,2014-12-01,293.0,549.6397705078125
timesfm,2015-01-01,769.0,651.933349609375
timesfm,2014-03-01,824.0,716.0777587890625
timesfm,2014-04-01,888.0,1003.4947509765625
timesfm,2014-05-01,1863.0,1084.15185546875
timesfm,2014-06-01,2193.0,855.2900390625
timesfm,2014-07-01,1379.0,723.7646484375
timesfm,2014-08-01,1056.0,602.9367065429688
timesfm,2014-09-01,650.0,536.1689453125
timesfm,2014-10-01,538.0,520.7354736328125
timesfm,2014-11-01,484.0,468.546142578125
timesfm,2014-12-01,293.0,514.7806396484375
timesfm,2015-01-01,769.0,578.2322387695312
timesfm,2015-02-01,1275.0,759.8292846679688
timesfm,2014-04-01,888.0,999.328857421875
timesfm,2014-05-01,1863.0,1099.3876953125
timesfm,2014-06-01,2193.0,937.2567138671875
timesfm,2014-07-01,1379.0,793.6648559570312
timesfm,2014-08-01,1056.0,748.9024658203125
timesfm,2014-09-01,650.0,688.0054931640625
timesfm,2014-10-01,538.0,633.4254150390625
timesfm,2014-11-01,484.0,643.882080078125
timesfm,2014-12-01,293.0,649.783203125
timesfm,2015-01-01,769.0,727.802001953125
timesfm,2015-02-01,1275.0,829.3812866210938
timesfm,2015-03-01,3522.0,1014.757568359375
timesfm,2014-05-01,1863.0,979.0457153320312
timesfm,2014-06-01,2193.0,953.2577514648438
timesfm,2014-07-01,1379.0,858.8037109375
timesfm,2014-08-01,1056.0,742.1495971679688
timesfm,2014-09-01,650.0,683.2086181640625
timesfm,2014-10-01,538.0,615.5135498046875
timesfm,2014-11-01,484.0,599.62939453125
timesfm,2014-12-01,293.0,643.4111328125
timesfm,2015-01-01,769.0,699.2969970703125
timesfm,2015-02-01,1275.0,792.2599487304688
timesfm,2015-03-01,3522.0,963.3049926757812
timesfm,2015-04-01,7214.0,1107.185302734375
timesfm,2014-06-01,2193.0,1543.0130615234375
timesfm,2014-07-01,1379.0,1222.10009765625
timesfm,2014-08-01,1056.0,1008.0877075195312
timesfm,2014-09-01,650.0,788.810791015625
timesfm,2014-10-01,538.0,718.437744140625
timesfm,2014-11-01,484.0,707.4312744140625
timesfm,2014-12-01,293.0,740.0897216796875
timesfm,2015-01-01,769.0,845.3662109375
timesfm,2015-02-01,1275.0,956.3060913085938
timesfm,2015-03-01,3522.0,1129.574951171875
timesfm,2015-04-01,7214.0,1335.674560546875
timesfm,2015-05-01,17109.0,1346.7979736328125
timesfm,2014-07-01,1379.0,1592.6373291015625
timesfm,2014-08-01,1056.0,1239.7109375
timesfm,2014-09-01,650.0,964.5777587890625
timesfm,2014-10-01,538.0,786.0403442382812
timesfm,2014-11-01,484.0,795.3435668945312
timesfm,2014-12-01,293.0,838.4400634765625
timesfm,2015-01-01,769.0,898.9904174804688
timesfm,2015-02-01,1275.0,1066.766845703125
timesfm,2015-03-01,3522.0,1301.3773193359375
timesfm,2015-04-01,7214.0,1465.734619140625
timesfm,2015-05-01,17109.0,1518.673828125
timesfm,2015-06-01,6980.0,1371.9775390625
timesfm,2014-08-01,1056.0,1092.9547119140625
timesfm,2014-09-01,650.0,943.4456176757812
timesfm,2014-10-01,538.0,837.9225463867188
timesfm,2014-11-01,484.0,770.0042724609375
timesfm,2014-12-01,293.0,797.6636352539062
timesfm,2015-01-01,769.0,845.7684326171875
timesfm,2015-02-01,1275.0,900.3659057617188
timesfm,2015-03-01,3522.0,1133.594970703125
timesfm,2015-04-01,7214.0,1319.213623046875
timesfm,2015-05-01,17109.0,1249.123291015625
timesfm,2015-06-01,6980.0,1177.438232421875
timesfm,2015-07-01,3234.0,1069.349365234375
timesfm,2014-09-01,650.0,918.1996459960938
timesfm,2014-10-01,538.0,886.230712890625
timesfm,2014-11-01,484.0,868.8677978515625
timesfm,2014-12-01,293.0,880.8436889648438
timesfm,2015-01-01,769.0,999.177734375
timesfm,2015-02-01,1275.0,1184.3118896484375
timesfm,2015-03-01,3522.0,1393.6112060546875
timesfm,2015-04-01,7214.0,1657.3160400390625
timesfm,2015-05-01,17109.0,1589.4952392578125
timesfm,2015-06-01,6980.0,1274.33349609375
timesfm,2015-07-01,3234.0,1129.202392578125
timesfm,2015-08-01,1636.0,962.0381469726562
timesfm,2014-10-01,538.0,629.0208740234375
timesfm,2014-11-01,484.0,667.5565185546875
timesfm,2014-12-01,293.0,742.280517578125
timesfm,2015-01-01,769.0,909.2828979492188
timesfm,2015-02-01,1275.0,1207.084716796875
timesfm,2015-03-01,3522.0,1515.5108642578125
timesfm,2015-04-01,7214.0,1713.86083984375
timesfm,2015-05-01,17109.0,1686.3809814453125
timesfm,2015-06-01,6980.0,1383.4854736328125
timesfm,2015-07-01,3234.0,1066.023681640625
timesfm,2015-08-01,1636.0,889.7230834960938
timesfm,2015-09-01,561.0,754.9840698242188
timesfm,2014-11-01,484.0,547.7119750976562
timesfm,2014-12-01,293.0,633.2568359375
timesfm,2015-01-01,769.0,744.507568359375
timesfm,2015-02-01,1275.0,958.8347778320312
timesfm,2015-03-01,3522.0,1399.60693359375
timesfm,2015-04-01,7214.0,1700.5341796875
timesfm,2015-05-01,17109.0,1661.3433837890625
timesfm,2015-06-01,6980.0,1454.203369140625
timesfm,2015-07-01,3234.0,1199.13623046875
timesfm,2015-08-01,1636.0,919.764892578125
timesfm,2015-09-01,561.0,699.62939453125
timesfm,2015-10-01,357.0,596.559326171875
timesfm,2014-12-01,293.0,488.765625
timesfm,2015-01-01,769.0,670.3790893554688
timesfm,2015-02-01,1275.0,963.0099487304688
timesfm,2015-03-01,3522.0,1307.539794921875
timesfm,2015-04-01,7214.0,1703.3011474609375
timesfm,2015-05-01,17109.0,1747.9827880859375
timesfm,2015-06-01,6980.0,1468.0220947265625
timesfm,2015-07-01,3234.0,1323.57666015625
timesfm,2015-08-01,1636.0,1071.33544921875
timesfm,2015-09-01,561.0,744.7281494140625
timesfm,2015-10-01,357.0,590.3444213867188
timesfm,2015-11-01,450.0,522.1900634765625
timesfm,2015-01-01,769.0,321.39617919921875
timesfm,2015-02-01,1275.0,656.2263793945312
timesfm,2015-03-01,3522.0,1061.6802978515625
timesfm,2015-04-01,7214.0,1362.1175537109375
timesfm,2015-05-01,17109.0,1468.96923828125
timesfm,2015-06-01,6980.0,1271.779296875
timesfm,2015-07-01,3234.0,1057.7320556640625
timesfm,2015-08-01,1636.0,940.837890625
timesfm,2015-09-01,561.0,691.339599609375
timesfm,2015-10-01,357.0,531.3201293945312
timesfm,2015-11-01,450.0,461.7254638671875
timesfm,2015-12-01,397.0,478.6994323730469
timesfm,2015-02-01,1275.0,1110.111083984375
timesfm,2015-03-01,3522.0,1557.5404052734375
timesfm,2015-04-01,7214.0,1949.4627685546875
timesfm,2015-05-01,17109.0,1906.7569580078125
timesfm,2015-06-01,6980.0,1878.009521484375
timesfm,2015-07-01,3234.0,1582.53955078125
timesfm,2015-08-01,1636.0,1180.083984375
timesfm,2015-09-01,561.0,866.3126220703125
timesfm,2015-10-01,357.0,645.105224609375
timesfm,2015-11-01,450.0,617.04052734375
timesfm,2015-12-01,397.0,547.7860107421875
timesfm,2016-01-01,1465.0,666.9163818359375
timesfm,2015-03-01,3522.0,1581.5599365234375
timesfm,2015-04-01,7214.0,2035.9078369140625
timesfm,2015-05-01,17109.0,2140.322021484375
timesfm,2015-06-01,6980.0,1806.9345703125
timesfm,2015-07-01,3234.0,1524.3365478515625
timesfm,2015-08-01,1636.0,1045.4423828125
timesfm,2015-09-01,561.0,669.3892211914062
timesfm,2015-10-01,357.0,466.88897705078125
timesfm,2015-11-01,450.0,388.75787353515625
timesfm,2015-12-01,397.0,351.08245849609375
timesfm,2016-01-01,1465.0,460.931396484375
timesfm,2016-02-01,1995.0,814.4998779296875
timesfm,2015-04-01,7214.0,3858.1240234375
timesfm,2015-05-01,17109.0,3323.27880859375
timesfm,2015-06-01,6980.0,2607.858642578125
timesfm,2015-07-01,3234.0,1885.2535400390625
timesfm,2015-08-01,1636.0,1299.9339599609375
timesfm,2015-09-01,561.0,818.4083862304688
timesfm,2015-10-01,357.0,475.3504333496094
timesfm,2015-11-01,450.0,326.0757141113281
timesfm,2015-12-01,397.0,292.58587646484375
timesfm,2016-01-01,1465.0,468.82769775390625
timesfm,2016-02-01,1995.0,903.8253784179688
timesfm,2016-03-01,2498.0,1552.7369384765625
timesfm,2015-05-01,17109.0,5857.4619140625
timesfm,2015-06-01,6980.0,4182.85302734375
timesfm,2015-07-01,3234.0,2720.81396484375
timesfm,2015-08-01,1636.0,1644.4967041015625
timesfm,2015-09-01,561.0,843.690185546875
timesfm,2015-10-01,357.0,427.8917541503906
timesfm,2015-11-01,450.0,329.0060729980469
timesfm,2015-12-01,397.0,268.6510009765625
timesfm,2016-01-01,1465.0,509.5382385253906
timesfm,2016-02-01,1995.0,842.5926513671875
timesfm,2016-03-01,2498.0,1519.26220703125
timesfm,2016-04-01,6332.0,2480.55078125
timesfm,2015-06-01,6980.0,10449.66015625
timesfm,2015-07-01,3234.0,6080.47607421875
timesfm,2015-08-01,1636.0,3147.479736328125
timesfm,2015-09-01,561.0,1552.7244873046875
timesfm,2015-10-01,357.0,544.1005859375
timesfm,2015-11-01,450.0,0.0
timesfm,2015-12-01,397.0,0.0
timesfm,2016-01-01,1465.0,0.0
timesfm,2016-02-01,1995.0,166.9098358154297
timesfm,2016-03-01,2498.0,794.1168823242188
timesfm,2016-04-01,6332.0,1401.3822021484375
timesfm,2016-05-01,13527.0,1778.4190673828125
timesfm,2015-07-01,3234.0,2981.53662109375
timesfm,2015-08-01,1636.0,1944.828857421875
timesfm,2015-09-01,561.0,1119.543701171875
timesfm,2015-10-01,357.0,630.354248046875
timesfm,2015-11-01,450.0,470.2259216308594
timesfm,2015-12-01,397.0,317.6827087402344
timesfm,2016-01-01,1465.0,440.98895263671875
timesfm,2016-02-01,1995.0,747.9967041015625
timesfm,2016-03-01,2498.0,1416.4742431640625
timesfm,2016-04-01,6332.0,2191.1630859375
timesfm,2016-05-01,13527.0,2539.293701171875
timesfm,2016-06-01,6442.0,2003.4981689453125
timesfm,2015-08-01,1636.0,1735.8665771484375
timesfm,2015-09-01,561.0,1250.4481201171875
timesfm,2015-10-01,357.0,823.39404296875
timesfm,2015-11-01,450.0,664.1819458007812
timesfm,2015-12-01,397.0,596.60498046875
timesfm,2016-01-01,1465.0,597.2586669921875
timesfm,2016-02-01,1995.0,897.5164794921875
timesfm,2016-03-01,2498.0,1503.61328125
timesfm,2016-04-01,6332.0,2130.59375
timesfm,2016-05-01,13527.0,2269.431884765625
timesfm,2016-06-01,6442.0,1879.698974609375
timesfm,2016-07-01,5218.0,1396.0684814453125
timesfm,2015-09-01,561.0,1005.6202392578125
timesfm,2015-10-01,357.0,778.1053466796875
timesfm,2015-11-01,450.0,505.9672546386719
timesfm,2015-12-01,397.0,491.39093017578125
timesfm,2016-01-01,1465.0,672.1480712890625
timesfm,2016-02-01,1995.0,833.576171875
timesfm,2016-03-01,2498.0,1669.4744873046875
timesfm,2016-04-01,6332.0,2810.384765625
timesfm,2016-05-01,13527.0,3312.194091796875
timesfm,2016-06-01,6442.0,2322.13818359375
timesfm,2016-07-01,5218.0,1470.2503662109375
timesfm,2016-08-01,2524.0,1004.784912109375
timesfm,2015-10-01,357.0,263.2993469238281
timesfm,2015-11-01,450.0,238.72537231445312
timesfm,2015-12-01,397.0,122.29617309570312
timesfm,2016-01-01,1465.0,234.57772827148438
timesfm,2016-02-01,1995.0,643.6309814453125
timesfm,2016-03-01,2498.0,1429.2862548828125
timesfm,2016-04-01,6332.0,2710.796630859375
timesfm,2016-05-01,13527.0,3536.974365234375
timesfm,2016-06-01,6442.0,2418.9169921875
timesfm,2016-07-01,5218.0,1379.759765625
timesfm,2016-08-01,2524.0,910.7470703125
timesfm,2016-09-01,1700.0,633.283447265625
timesfm,2015-11-01,450.0,194.39031982421875
timesfm,2015-12-01,397.0,312.8186340332031
timesfm,2016-01-01,1465.0,305.916748046875
timesfm,2016-02-01,1995.0,526.4256591796875
timesfm,2016-03-01,2498.0,1366.8209228515625
timesfm,2016-04-01,6332.0,2481.1640625
timesfm,2016-05-01,13527.0,3236.96337890625
timesfm,2016-06-01,6442.0,2360.449462890625
timesfm,2016-07-01,5218.0,1462.234619140625
timesfm,2016-08-01,2524.0,842.7089233398438
timesfm,2016-09-01,1700.0,478.46136474609375
timesfm,2016-10-01,1643.0,503.02947998046875
timesfm,2015-12-01,397.0,175.87469482421875
timesfm,2016-01-01,1465.0,261.3301696777344
timesfm,2016-02-01,1995.0,474.11077880859375
timesfm,2016-03-01,2498.0,1220.578369140625
timesfm,2016-04-01,6332.0,2413.895263671875
timesfm,2016-05-01,13527.0,3083.05419921875
timesfm,2016-06-01,6442.0,2354.6328125
timesfm,2016-07-01,5218.0,1692.771240234375
timesfm,2016-08-01,2524.0,1238.5306396484375
timesfm,2016-09-01,1700.0,824.6602172851562
timesfm,2016-10-01,1643.0,546.1420288085938
timesfm,2016-11-01,1385.0,575.6021728515625
timesfm,2016-01-01,1465.0,403.7969970703125
timesfm,2016-02-01,1995.0,683.5260009765625
timesfm,2016-03-01,2498.0,1180.806396484375
timesfm,2016-04-01,6332.0,2141.506103515625
timesfm,2016-05-01,13527.0,2833.412353515625
timesfm,2016-06-01,6442.0,2236.331298828125
timesfm,2016-07-01,5218.0,1688.176025390625
timesfm,2016-08-01,2524.0,1312.165283203125
timesfm,2016-09-01,1700.0,883.4005126953125
timesfm,2016-10-01,1643.0,531.484619140625
timesfm,2016-11-01,1385.0,399.8927917480469
timesfm,2016-12-01,1208.0,546.244873046875
timesfm,2016-02-01,1995.0,1522.8624267578125
timesfm,2016-03-01,2498.0,2016.7987060546875
timesfm,2016-04-01,6332.0,2583.41552734375
timesfm,2016-05-01,13527.0,2887.4697265625
timesfm,2016-06-01,6442.0,2508.2548828125
timesfm,2016-07-01,5218.0,1920.8446044921875
timesfm,2016-08-01,2524.0,1401.56640625
timesfm,2016-09-01,1700.0,871.8934326171875
timesfm,2016-10-01,1643.0,510.6687316894531
timesfm,2016-11-01,1385.0,392.7385559082031
timesfm,2016-12-01,1208.0,442.1417541503906
timesfm,2017-01-01,3328.0,859.107666015625
timesfm,2016-03-01,2498.0,2464.33984375
timesfm,2016-04-01,6332.0,3204.581298828125
timesfm,2016-05-01,13527.0,3365.867919921875
timesfm,2016-06-01,6442.0,2585.341064453125
timesfm,2016-07-01,5218.0,1862.6182861328125
timesfm,2016-08-01,2524.0,1434.0875244140625
timesfm,2016-09-01,1700.0,944.3533935546875
timesfm,2016-10-01,1643.0,631.798583984375
timesfm,2016-11-01,1385.0,574.7279052734375
timesfm,2016-12-01,1208.0,694.5252685546875
timesfm,2017-01-01,3328.0,948.82666015625
timesfm,2017-02-01,5050.0,1461.3050537109375
timesfm,2016-04-01,6332.0,3414.15087890625
timesfm,2016-05-01,13527.0,3671.1171875
timesfm,2016-06-01,6442.0,2718.115966796875
timesfm,2016-07-01,5218.0,1928.9854736328125
timesfm,2016-08-01,2524.0,1461.474609375
timesfm,2016-09-01,1700.0,994.0505981445312
timesfm,2016-10-01,1643.0,784.2255249023438
timesfm,2016-11-01,1385.0,848.11376953125
timesfm,2016-12-01,1208.0,1043.984619140625
timesfm,2017-01-01,3328.0,1231.260498046875
timesfm,2017-02-01,5050.0,1542.66455078125
timesfm,2017-03-01,8238.0,2150.685546875
timesfm,2016-05-01,13527.0,5315.6875
timesfm,2016-06-01,6442.0,3525.4599609375
timesfm,2016-07-01,5218.0,2056.85009765625
timesfm,2016-08-01,2524.0,1463.31640625
timesfm,2016-09-01,1700.0,932.1807861328125
timesfm,2016-10-01,1643.0,620.0767822265625
timesfm,2016-11-01,1385.0,685.4530639648438
timesfm,2016-12-01,1208.0,975.4421997070312
timesfm,2017-01-01,3328.0,1435.6153564453125
timesfm,2017-02-01,5050.0,1851.230224609375
timesfm,2017-03-01,8238.0,2597.617919921875
timesfm,2017-04-01,14309.0,3736.588623046875
timesfm,2016-06-01,6442.0,5393.39306640625
timesfm,2016-07-01,5218.0,2607.646240234375
timesfm,2016-08-01,2524.0,1326.322265625
timesfm,2016-09-01,1700.0,814.6674194335938
timesfm,2016-10-01,1643.0,373.6341857910156
timesfm,2016-11-01,1385.0,226.9641876220703
timesfm,2016-12-01,1208.0,728.6168212890625
timesfm,2017-01-01,3328.0,1146.10009765625
timesfm,2017-02-01,5050.0,1620.766357421875
timesfm,2017-03-01,8238.0,2364.23291015625
timesfm,2017-04-01,14309.0,3476.637939453125
timesfm,2017-05-01,3780.0,4113.30126953125
timesfm,2016-07-01,5218.0,3020.300048828125
timesfm,2016-08-01,2524.0,1890.5179443359375
timesfm,2016-09-01,1700.0,840.5152587890625
timesfm,2016-10-01,1643.0,506.03826904296875
timesfm,2016-11-01,1385.0,522.58740234375
timesfm,2016-12-01,1208.0,440.7904968261719
timesfm,2017-01-01,3328.0,974.4498901367188
timesfm,2017-02-01,5050.0,1752.415283203125
timesfm,2017-03-01,8238.0,2636.962646484375
timesfm,2017-04-01,14309.0,3675.925048828125
timesfm,2017-05-01,3780.0,4279.6591796875
timesfm,2017-06-01,1160.0,3264.965087890625
timesfm,2016-08-01,2524.0,3147.445068359375
timesfm,2016-09-01,1700.0,1785.5506591796875
timesfm,2016-10-01,1643.0,982.6595458984375
timesfm,2016-11-01,1385.0,687.05029296875
timesfm,2016-12-01,1208.0,648.4554443359375
timesfm,2017-01-01,3328.0,711.3817138671875
timesfm,2017-02-01,5050.0,1450.5264892578125
timesfm,2017-03-01,8238.0,2439.411865234375
timesfm,2017-04-01,14309.0,3663.739013671875
timesfm,2017-05-01,3780.0,4147.4677734375
timesfm,2017-06-01,1160.0,3038.296875
timesfm,2017-07-01,865.0,2247.748046875
timesfm,2016-09-01,1700.0,1369.12451171875
timesfm,2016-10-01,1643.0,952.9962158203125
timesfm,2016-11-01,1385.0,740.2044067382812
timesfm,2016-12-01,1208.0,739.2191162109375
timesfm,2017-01-01,3328.0,955.9000854492188
timesfm,2017-02-01,5050.0,1299.26953125
timesfm,2017-03-01,8238.0,2409.96044921875
timesfm,2017-04-01,14309.0,3839.018798828125
timesfm,2017-05-01,3780.0,4547.27001953125
timesfm,2017-06-01,1160.0,3221.800048828125
timesfm,2017-07-01,865.0,2002.4720458984375
timesfm,2017-08-01,418.0,1279.09521484375
timesfm,2016-10-01,1643.0,1215.858154296875
timesfm,2016-11-01,1385.0,999.8629760742188
timesfm,2016-12-01,1208.0,853.39306640625
timesfm,2017-01-01,3328.0,880.0791625976562
timesfm,2017-02-01,5050.0,1404.5367431640625
timesfm,2017-03-01,8238.0,2256.7421875
timesfm,2017-04-01,14309.0,3580.268798828125
timesfm,2017-05-01,3780.0,4169.10546875
timesfm,2017-06-01,1160.0,2976.031982421875
timesfm,2017-07-01,865.0,1863.34326171875
timesfm,2017-08-01,418.0,1071.704833984375
timesfm,2017-09-01,1041.0,641.4761962890625
timesfm,2016-11-01,1385.0,1346.4320068359375
timesfm,2016-12-01,1208.0,1128.81298828125
timesfm,2017-01-01,3328.0,1095.08984375
timesfm,2017-02-01,5050.0,1415.678466796875
timesfm,2017-03-01,8238.0,2321.98388671875
timesfm,2017-04-01,14309.0,3390.777099609375
timesfm,2017-05-01,3780.0,4100.4912109375
timesfm,2017-06-01,1160.0,3119.53076171875
timesfm,2017-07-01,865.0,2067.00830078125
timesfm,2017-08-01,418.0,1226.8857421875
timesfm,2017-09-01,1041.0,662.09375
timesfm,2017-10-01,690.0,467.8992919921875
timesfm,2016-12-01,1208.0,1067.386962890625
timesfm,2017-01-01,3328.0,1012.7830200195312
timesfm,2017-02-01,5050.0,1208.8916015625
timesfm,2017-03-01,8238.0,2050.26220703125
timesfm,2017-04-01,14309.0,3095.5869140625
timesfm,2017-05-01,3780.0,3576.5263671875
timesfm,2017-06-01,1160.0,2811.4677734375
timesfm,2017-07-01,865.0,2110.40087890625
timesfm,2017-08-01,418.0,1355.4200439453125
timesfm,2017-09-01,1041.0,744.362548828125
timesfm,2017-10-01,690.0,520.4564208984375
timesfm,2017-11-01,313.0,615.412841796875
timesfm,2017-01-01,3328.0,1071.9404296875
timesfm,2017-02-01,5050.0,1261.0223388671875
timesfm,2017-03-01,8238.0,2294.6162109375
timesfm,2017-04-01,14309.0,3624.42822265625
timesfm,2017-05-01,3780.0,4161.98046875
timesfm,2017-06-01,1160.0,2955.258056640625
timesfm,2017-07-01,865.0,2214.123046875
timesfm,2017-08-01,418.0,1471.0321044921875
timesfm,2017-09-01,1041.0,922.2120361328125
timesfm,2017-10-01,690.0,670.573486328125
timesfm,2017-11-01,313.0,616.0330810546875
timesfm,2017-12-01,374.0,582.3441162109375
timesfm,2017-02-01,5050.0,4034.208984375
timesfm,2017-03-01,8238.0,4529.2529296875
timesfm,2017-04-01,14309.0,5488.654296875
timesfm,2017-05-01,3780.0,5744.07861328125
timesfm,2017-06-01,1160.0,3951.949462890625
timesfm,2017-07-01,865.0,2389.10498046875
timesfm,2017-08-01,418.0,1617.7806396484375
timesfm,2017-09-01,1041.0,834.7083740234375
timesfm,2017-10-01,690.0,570.834228515625
timesfm,2017-11-01,313.0,647.5164794921875
timesfm,2017-12-01,374.0,705.1239013671875
timesfm,2018-01-01,495.0,1013.3440551757812
timesfm,2017-03-01,8238.0,6035.513671875
timesfm,2017-04-01,14309.0,6356.13720703125
timesfm,2017-05-01,3780.0,6170.294921875
timesfm,2017-06-01,1160.0,4270.771484375
timesfm,2017-07-01,865.0,2553.7255859375
timesfm,2017-08-01,418.0,1389.1822509765625
timesfm,2017-09-01,1041.0,917.7689819335938
timesfm,2017-10-01,690.0,594.43603515625
timesfm,2017-11-01,313.0,602.1629028320312
timesfm,2017-12-01,374.0,950.4443359375
timesfm,2018-01-01,495.0,1146.18701171875
timesfm,2018-02-01,585.0,1575.7960205078125
timesfm,2017-04-01,14309.0,9085.0888671875
timesfm,2017-05-01,3780.0,7991.12841796875
timesfm,2017-06-01,1160.0,5067.22314453125
timesfm,2017-07-01,865.0,3176.302734375
timesfm,2017-08-01,418.0,1711.93115234375
timesfm,2017-09-01,1041.0,742.41552734375
timesfm,2017-10-01,690.0,549.2057495117188
timesfm,2017-11-01,313.0,466.1425476074219
timesfm,2017-12-01,374.0,704.4049072265625
timesfm,2018-01-01,495.0,1350.137451171875
timesfm,2018-02-01,585.0,1688.1439208984375
timesfm,2018-03-01,831.0,2682.831298828125
timesfm,2017-05-01,3780.0,11964.2705078125
timesfm,2017-06-01,1160.0,7237.63671875
timesfm,2017-07-01,865.0,3752.19189453125
timesfm,2017-08-01,418.0,2193.455810546875
timesfm,2017-09-01,1041.0,927.317626953125
timesfm,2017-10-01,690.0,248.93116760253906
timesfm,2017-11-01,313.0,595.439208984375
timesfm,2017-12-01,374.0,919.2508544921875
timesfm,2018-01-01,495.0,1334.5283203125
timesfm,2018-02-01,585.0,2096.98876953125
timesfm,2018-03-01,831.0,2986.926513671875
timesfm,2018-04-01,1553.0,4977.7109375
timesfm,2017-06-01,1160.0,2491.84375
timesfm,2017-07-01,865.0,1751.9671630859375
timesfm,2017-08-01,418.0,1261.02978515625
timesfm,2017-09-01,1041.0,895.2283935546875
timesfm,2017-10-01,690.0,665.070068359375
timesfm,2017-11-01,313.0,636.5353393554688
timesfm,2017-12-01,374.0,933.2630615234375
timesfm,2018-01-01,495.0,1217.889892578125
timesfm,2018-02-01,585.0,1613.5526123046875
timesfm,2018-03-01,831.0,2250.25537109375
timesfm,2018-04-01,1553.0,3268.87255859375
timesfm,2018-05-01,498.0,3905.927490234375
timesfm,2017-07-01,865.0,1134.2874755859375
timesfm,2017-08-01,418.0,891.889892578125
timesfm,2017-09-01,1041.0,623.704833984375
timesfm,2017-10-01,690.0,594.7684326171875
timesfm,2017-11-01,313.0,685.316162109375
timesfm,2017-12-01,374.0,649.787841796875
timesfm,2018-01-01,495.0,913.9818115234375
timesfm,2018-02-01,585.0,1202.1041259765625
timesfm,2018-03-01,831.0,1907.82080078125
timesfm,2018-04-01,1553.0,3018.649169921875
timesfm,2018-05-01,498.0,3383.7822265625
timesfm,2018-06-01,291.0,2511.121826171875
timesfm,2017-08-01,418.0,807.5484619140625
timesfm,2017-09-01,1041.0,574.4939575195312
timesfm,2017-10-01,690.0,414.583251953125
timesfm,2017-11-01,313.0,546.8618774414062
timesfm,2017-12-01,374.0,663.4658203125
timesfm,2018-01-01,495.0,802.3613891601562
timesfm,2018-02-01,585.0,1182.861572265625
timesfm,2018-03-01,831.0,1965.72021484375
timesfm,2018-04-01,1553.0,3244.059326171875
timesfm,2018-05-01,498.0,3601.052734375
timesfm,2018-06-01,291.0,2316.900146484375
timesfm,2018-07-01,365.0,1488.131103515625
timesfm,2017-09-01,1041.0,243.6515350341797
timesfm,2017-10-01,690.0,269.05377197265625
timesfm,2017-11-01,313.0,291.1016540527344
timesfm,2017-12-01,374.0,513.5050659179688
timesfm,2018-01-01,495.0,893.7421264648438
timesfm,2018-02-01,585.0,1273.1240234375
timesfm,2018-03-01,831.0,1935.3994140625
timesfm,2018-04-01,1553.0,2981.102294921875
timesfm,2018-05-01,498.0,3483.760009765625
timesfm,2018-06-01,291.0,2403.22900390625
timesfm,2018-07-01,365.0,1451.930908203125
timesfm,2018-08-01,190.0,980.8544921875
timesfm,2017-10-01,690.0,651.556884765625
timesfm,2017-11-01,313.0,657.21533203125
timesfm,2017-12-01,374.0,762.1664428710938
timesfm,2018-01-01,495.0,1152.354736328125
timesfm,2018-02-01,585.0,1722.66357421875
timesfm,2018-03-01,831.0,2555.306640625
timesfm,2018-04-01,1553.0,3689.117919921875
timesfm,2018-05-01,498.0,4042.478515625
timesfm,2018-06-01,291.0,2792.58447265625
timesfm,2018-07-01,365.0,1479.7451171875
timesfm,2018-08-01,190.0,771.98828125
timesfm,2018-09-01,175.0,630.2269287109375
timesfm,2017-11-01,313.0,636.326904296875
timesfm,2017-12-01,374.0,822.9317626953125
timesfm,2018-01-01,495.0,983.6754760742188
timesfm,2018-02-01,585.0,1435.6126708984375
timesfm,2018-03-01,831.0,2155.337646484375
timesfm,2018-04-01,1553.0,3412.330810546875
timesfm,2018-05-01,498.0,3957.394775390625
timesfm,2018-06-01,291.0,2857.640625
timesfm,2018-07-01,365.0,1592.5059814453125
timesfm,2018-08-01,190.0,761.94873046875
timesfm,2018-09-01,175.0,429.07196044921875
timesfm,2018-10-01,133.0,479.577880859375
timesfm,2017-12-01,374.0,363.2969970703125
timesfm,2018-01-01,495.0,779.3336181640625
timesfm,2018-02-01,585.0,1154.28271484375
timesfm,2018-03-01,831.0,2086.36865234375
timesfm,2018-04-01,1553.0,3363.123779296875
timesfm,2018-05-01,498.0,3851.519775390625
timesfm,2018-06-01,291.0,2662.525390625
timesfm,2018-07-01,365.0,1585.1624755859375
timesfm,2018-08-01,190.0,931.0621337890625
timesfm,2018-09-01,175.0,648.0864868164062
timesfm,2018-10-01,133.0,443.1989440917969
timesfm,2018-11-01,148.0,596.9775390625
timesfm,2018-01-01,495.0,830.690185546875
timesfm,2018-02-01,585.0,1265.6878662109375
timesfm,2018-03-01,831.0,2165.14794921875
timesfm,2018-04-01,1553.0,3774.420654296875
timesfm,2018-05-01,498.0,4353.18212890625
timesfm,2018-06-01,291.0,2846.667724609375
timesfm,2018-07-01,365.0,1598.301025390625
timesfm,2018-08-01,190.0,771.8569946289062
timesfm,2018-09-01,175.0,393.57177734375
timesfm,2018-10-01,133.0,287.593505859375
timesfm,2018-11-01,148.0,324.68853759765625
timesfm,2018-12-01,274.0,619.64892578125
timesfm,2018-02-01,585.0,894.55126953125
timesfm,2018-03-01,831.0,1615.6768798828125
timesfm,2018-04-01,1553.0,2656.866943359375
timesfm,2018-05-01,498.0,3097.337890625
timesfm,2018-06-01,291.0,2326.757080078125
timesfm,2018-07-01,365.0,1264.38525390625
timesfm,2018-08-01,190.0,669.2372436523438
timesfm,2018-09-01,175.0,333.639892578125
timesfm,2018-10-01,133.0,307.31640625
timesfm,2018-11-01,148.0,406.07269287109375
timesfm,2018-12-01,274.0,576.6763305664062
timesfm,2019-01-01,452.0,963.875
timesfm,2018-03-01,831.0,1272.3193359375
timesfm,2018-04-01,1553.0,2799.093017578125
timesfm,2018-05-01,498.0,3438.5712890625
timesfm,2018-06-01,291.0,2289.826171875
timesfm,2018-07-01,365.0,1171.0374755859375
timesfm,2018-08-01,190.0,566.6909790039062
timesfm,2018-09-01,175.0,299.403076171875
timesfm,2018-10-01,133.0,276.42926025390625
timesfm,2018-11-01,148.0,256.17254638671875
timesfm,2018-12-01,274.0,398.9953918457031
timesfm,2019-01-01,452.0,833.5814208984375
timesfm,2019-02-01,489.0,1651.85546875
timesfm,2018-04-01,1553.0,1955.92822265625
timesfm,2018-05-01,498.0,2642.98779296875
timesfm,2018-06-01,291.0,1833.411865234375
timesfm,2018-07-01,365.0,971.0054931640625
timesfm,2018-08-01,190.0,522.1904907226562
timesfm,2018-09-01,175.0,378.38885498046875
timesfm,2018-10-01,133.0,284.6264953613281
timesfm,2018-11-01,148.0,243.6365509033203
timesfm,2018-12-01,274.0,323.264404296875
timesfm,2019-01-01,452.0,794.216064453125
timesfm,2019-02-01,489.0,1390.8228759765625
timesfm,2019-03-01,1847.0,2419.75537109375
timesfm,2018-05-01,498.0,2571.58349609375
timesfm,2018-06-01,291.0,1763.730224609375
timesfm,2018-07-01,365.0,949.86181640625
timesfm,2018-08-01,190.0,518.6123657226562
timesfm,2018-09-01,175.0,361.2652587890625
timesfm,2018-10-01,133.0,372.7690124511719
timesfm,2018-11-01,148.0,453.3172607421875
timesfm,2018-12-01,274.0,474.02008056640625
timesfm,2019-01-01,452.0,776.7156372070312
timesfm,2019-02-01,489.0,1532.714111328125
timesfm,2019-03-01,1847.0,2680.837158203125
timesfm,2019-04-01,1855.0,3840.39404296875
timesfm,2018-06-01,291.0,580.076171875
timesfm,2018-07-01,365.0,175.49649047851562
timesfm,2018-08-01,190.0,83.86056518554688
timesfm,2018-09-01,175.0,20.278533935546875
timesfm,2018-10-01,133.0,148.147705078125
timesfm,2018-11-01,148.0,178.64886474609375
timesfm,2018-12-01,274.0,158.32080078125
timesfm,2019-01-01,452.0,500.58868408203125
timesfm,2019-02-01,489.0,1091.6103515625
timesfm,2019-03-01,1847.0,2090.00732421875
timesfm,2019-04-01,1855.0,3129.6923828125
timesfm,2019-05-01,1309.0,3262.315673828125
timesfm,2018-07-01,365.0,234.25750732421875
timesfm,2018-08-01,190.0,14.0250244140625
timesfm,2018-09-01,175.0,34.148956298828125
timesfm,2018-10-01,133.0,116.51956176757812
timesfm,2018-11-01,148.0,158.80389404296875
timesfm,2018-12-01,274.0,95.86117553710938
timesfm,2019-01-01,452.0,260.8418884277344
timesfm,2019-02-01,489.0,822.9244384765625
timesfm,2019-03-01,1847.0,1708.9022216796875
timesfm,2019-04-01,1855.0,2698.52294921875
timesfm,2019-05-01,1309.0,2791.8505859375
timesfm,2019-06-01,1070.0,1748.4432373046875
timesfm,2018-08-01,190.0,214.8280029296875
timesfm,2018-09-01,175.0,80.920654296875
timesfm,2018-10-01,133.0,29.81842041015625
timesfm,2018-11-01,148.0,122.04766845703125
timesfm,2018-12-01,274.0,272.8037414550781
timesfm,2019-01-01,452.0,373.4620361328125
timesfm,2019-02-01,489.0,756.5979614257812
timesfm,2019-03-01,1847.0,1814.889404296875
timesfm,2019-04-01,1855.0,2924.044677734375
timesfm,2019-05-01,1309.0,2965.3173828125
timesfm,2019-06-01,1070.0,1857.5838623046875
timesfm,2019-07-01,845.0,1034.22998046875
timesfm,2018-09-01,175.0,0.528411865234375
timesfm,2018-10-01,133.0,53.017364501953125
timesfm,2018-11-01,148.0,22.987060546875
timesfm,2018-12-01,274.0,107.771484375
timesfm,2019-01-01,452.0,441.1578369140625
timesfm,2019-02-01,489.0,907.3484497070312
timesfm,2019-03-01,1847.0,1642.1807861328125
timesfm,2019-04-01,1855.0,2540.05078125
timesfm,2019-05-01,1309.0,2605.59375
timesfm,2019-06-01,1070.0,1677.4949951171875
timesfm,2019-07-01,845.0,928.4942626953125
timesfm,2019-08-01,680.0,524.4547119140625
timesfm,2018-10-01,133.0,15.2120361328125
timesfm,2018-11-01,148.0,35.81866455078125
timesfm,2018-12-01,274.0,98.06329345703125
timesfm,2019-01-01,452.0,346.3013610839844
timesfm,2019-02-01,489.0,1009.2290649414062
timesfm,2019-03-01,1847.0,1923.4630126953125
timesfm,2019-04-01,1855.0,2656.890625
timesfm,2019-05-01,1309.0,2655.718017578125
timesfm,2019-06-01,1070.0,1684.8624267578125
timesfm,2019-07-01,845.0,856.9105224609375
timesfm,2019-08-01,680.0,483.000732421875
timesfm,2019-09-01,716.0,228.1336669921875
timesfm,2018-11-01,148.0,0.0
timesfm,2018-12-01,274.0,226.566162109375
timesfm,2019-01-01,452.0,475.2825622558594
timesfm,2019-02-01,489.0,1115.20263671875
timesfm,2019-03-01,1847.0,2269.570556640625
timesfm,2019-04-01,1855.0,3312.08251953125
timesfm,2019-05-01,1309.0,3033.076171875
timesfm,2019-06-01,1070.0,1854.287353515625
timesfm,2019-07-01,845.0,1034.947998046875
timesfm,2019-08-01,680.0,513.2328491210938
timesfm,2019-09-01,716.0,240.81283569335938
timesfm,2019-10-01,371.0,156.8883056640625
timesfm,2018-12-01,274.0,48.756378173828125
timesfm,2019-01-01,452.0,270.4498596191406
timesfm,2019-02-01,489.0,866.202880859375
timesfm,2019-03-01,1847.0,2050.95458984375
timesfm,2019-04-01,1855.0,3383.84912109375
timesfm,2019-05-01,1309.0,3313.820068359375
timesfm,2019-06-01,1070.0,1960.716064453125
timesfm,2019-07-01,845.0,1019.8029174804688
timesfm,2019-08-01,680.0,493.9716796875
timesfm,2019-09-01,716.0,196.77731323242188
timesfm,2019-10-01,371.0,71.13900756835938
timesfm,2019-11-01,366.0,177.6697998046875
timesfm,2019-01-01,452.0,211.80047607421875
timesfm,2019-02-01,489.0,886.0294189453125
timesfm,2019-03-01,1847.0,2044.47021484375
timesfm,2019-04-01,1855.0,3288.800048828125
timesfm,2019-05-01,1309.0,3438.577880859375
timesfm,2019-06-01,1070.0,2094.560791015625
timesfm,2019-07-01,845.0,1075.547607421875
timesfm,2019-08-01,680.0,666.3826293945312
timesfm,2019-09-01,716.0,340.4660949707031
timesfm,2019-10-01,371.0,56.76959228515625
timesfm,2019-11-01,366.0,0.0
timesfm,2019-12-01,429.0,92.72283935546875
timesfm,2019-02-01,489.0,705.5543823242188
timesfm,2019-03-01,1847.0,1787.11328125
timesfm,2019-04-01,1855.0,2898.236572265625
timesfm,2019-05-01,1309.0,2988.096435546875
timesfm,2019-06-01,1070.0,2076.437255859375
timesfm,2019-07-01,845.0,1262.194580078125
timesfm,2019-08-01,680.0,588.7398071289062
timesfm,2019-09-01,716.0,206.9190673828125
timesfm,2019-10-01,371.0,82.83160400390625
timesfm,2019-11-01,366.0,77.92343139648438
timesfm,2019-12-01,429.0,62.370208740234375
timesfm,2020-01-01,973.0,254.18226623535156
timesfm,2019-03-01,1847.0,927.06201171875
timesfm,2019-04-01,1855.0,1976.03271484375
timesfm,2019-05-01,1309.0,2292.953125
timesfm,2019-06-01,1070.0,1602.0965576171875
timesfm,2019-07-01,845.0,1044.580810546875
timesfm,2019-08-01,680.0,620.7125854492188
timesfm,2019-09-01,716.0,252.54632568359375
timesfm,2019-10-01,371.0,148.207763671875
timesfm,2019-11-01,366.0,132.9752197265625
timesfm,2019-12-01,429.0,189.7427978515625
timesfm,2020-01-01,973.0,216.322021484375
timesfm,2020-02-01,2378.0,535.6495971679688
timesfm,2019-04-01,1855.0,3036.44970703125
timesfm,2019-05-01,1309.0,3156.801513671875
timesfm,2019-06-01,1070.0,2146.915283203125
timesfm,2019-07-01,845.0,1421.92236328125
timesfm,2019-08-01,680.0,990.7412109375
timesfm,2019-09-01,716.0,689.435546875
timesfm,2019-10-01,371.0,369.4414978027344
timesfm,2019-11-01,366.0,319.2919921875
timesfm,2019-12-01,429.0,297.28192138671875
timesfm,2020-01-01,973.0,370.8055419921875
timesfm,2020-02-01,2378.0,636.3632202148438
timesfm,2020-03-01,2635.0,1155.2794189453125
timesfm,2019-05-01,1309.0,2161.787353515625
timesfm,2019-06-01,1070.0,1459.791748046875
timesfm,2019-07-01,845.0,992.7132568359375
timesfm,2019-08-01,680.0,757.0172729492188
timesfm,2019-09-01,716.0,519.9151000976562
timesfm,2019-10-01,371.0,385.92462158203125
timesfm,2019-11-01,366.0,234.99484252929688
timesfm,2019-12-01,429.0,286.94427490234375
timesfm,2020-01-01,973.0,336.3056640625
timesfm,2020-02-01,2378.0,525.4286499023438
timesfm,2020-03-01,2635.0,965.0274658203125
timesfm,2020-04-01,2140.0,1812.524658203125
timesfm,2019-06-01,1070.0,1078.0201416015625
timesfm,2019-07-01,845.0,743.935546875
timesfm,2019-08-01,680.0,556.0215454101562
timesfm,2019-09-01,716.0,385.9939880371094
timesfm,2019-10-01,371.0,365.30712890625
timesfm,2019-11-01,366.0,341.9205322265625
timesfm,2019-12-01,429.0,225.48550415039062
timesfm,2020-01-01,973.0,238.18612670898438
timesfm,2020-02-01,2378.0,492.7755432128906
timesfm,2020-03-01,2635.0,819.7625732421875
timesfm,2020-04-01,2140.0,1511.93994140625
timesfm,2020-05-01,1836.0,1943.9246826171875
timesfm,2019-07-01,845.0,963.1856689453125
timesfm,2019-08-01,680.0,735.45458984375
timesfm,2019-09-01,716.0,523.296142578125
timesfm,2019-10-01,371.0,442.695068359375
timesfm,2019-11-01,366.0,449.95068359375
timesfm,2019-12-01,429.0,460.61859130859375
timesfm,2020-01-01,973.0,415.7707214355469
timesfm,2020-02-01,2378.0,554.2540283203125
timesfm,2020-03-01,2635.0,952.129150390625
timesfm,2020-04-01,2140.0,1633.379150390625
timesfm,2020-05-01,1836.0,2077.998046875
timesfm,2020-06-01,1820.0,1520.9002685546875
timesfm,2019-08-01,680.0,704.9412231445312
timesfm,2019-09-01,716.0,533.7327270507812
timesfm,2019-10-01,371.0,475.8277893066406
timesfm,2019-11-01,366.0,474.07403564453125
timesfm,2019-12-01,429.0,513.9442138671875
timesfm,2020-01-01,973.0,553.861083984375
timesfm,2020-02-01,2378.0,661.1952514648438
timesfm,2020-03-01,2635.0,943.8487548828125
timesfm,2020-04-01,2140.0,1516.736328125
timesfm,2020-05-01,1836.0,1810.185546875
timesfm,2020-06-01,1820.0,1354.59375
timesfm,2020-07-01,1519.0,971.4019775390625
timesfm,2019-09-01,716.0,499.8587951660156
timesfm,2019-10-01,371.0,469.7108154296875
timesfm,2019-11-01,366.0,423.48687744140625
timesfm,2019-12-01,429.0,362.2950744628906
timesfm,2020-01-01,973.0,494.2213439941406
timesfm,2020-02-01,2378.0,796.37548828125
timesfm,2020-03-01,2635.0,1101.8607177734375
timesfm,2020-04-01,2140.0,1696.33544921875
timesfm,2020-05-01,1836.0,2071.66015625
timesfm,2020-06-01,1820.0,1491.954345703125
timesfm,2020-07-01,1519.0,1108.579345703125
timesfm,2020-08-01,1265.0,831.89697265625
timesfm,2019-10-01,371.0,476.6212158203125
timesfm,2019-11-01,366.0,516.43115234375
timesfm,2019-12-01,429.0,513.0322265625
timesfm,2020-01-01,973.0,532.8419189453125
timesfm,2020-02-01,2378.0,745.3128662109375
timesfm,2020-03-01,2635.0,1146.61279296875
timesfm,2020-04-01,2140.0,1716.3642578125
timesfm,2020-05-01,1836.0,2113.46044921875
timesfm,2020-06-01,1820.0,1484.55029296875
timesfm,2020-07-01,1519.0,959.3319702148438
timesfm,2020-08-01,1265.0,824.0130615234375
timesfm,2020-09-01,586.0,717.685791015625
timesfm,2019-11-01,366.0,257.3564453125
timesfm,2019-12-01,429.0,381.8799133300781
timesfm,2020-01-01,973.0,471.2100524902344
timesfm,2020-02-01,2378.0,695.090087890625
timesfm,2020-03-01,2635.0,1069.88427734375
timesfm,2020-04-01,2140.0,1667.1595458984375
timesfm,2020-05-01,1836.0,1940.7188720703125
timesfm,2020-06-01,1820.0,1276.430419921875
timesfm,2020-07-01,1519.0,766.8898315429688
timesfm,2020-08-01,1265.0,566.6917114257812
timesfm,2020-09-01,586.0,506.720458984375
timesfm,2020-10-01,402.0,465.890380859375
timesfm,2019-12-01,429.0,344.9393310546875
timesfm,2020-01-01,973.0,453.2239990234375
timesfm,2020-02-01,2378.0,746.94140625
timesfm,2020-03-01,2635.0,1114.863525390625
timesfm,2020-04-01,2140.0,1800.212890625
timesfm,2020-05-01,1836.0,2089.830810546875
timesfm,2020-06-01,1820.0,1294.29052734375
timesfm,2020-07-01,1519.0,733.2742919921875
timesfm,2020-08-01,1265.0,531.2106323242188
timesfm,2020-09-01,586.0,445.32342529296875
timesfm,2020-10-01,402.0,403.7314453125
timesfm,2020-11-01,565.0,478.4811706542969
timesfm,2020-01-01,973.0,524.6799926757812
timesfm,2020-02-01,2378.0,707.1906127929688
timesfm,2020-03-01,2635.0,1158.372314453125
timesfm,2020-04-01,2140.0,1711.5291748046875
timesfm,2020-05-01,1836.0,1992.9853515625
timesfm,2020-06-01,1820.0,1343.176513671875
timesfm,2020-07-01,1519.0,869.6570434570312
timesfm,2020-08-01,1265.0,589.982421875
timesfm,2020-09-01,586.0,466.5839538574219
timesfm,2020-10-01,402.0,447.82958984375
timesfm,2020-11-01,565.0,526.9288940429688
timesfm,2020-12-01,327.0,646.4559326171875
timesfm,2020-02-01,2378.0,1139.8033447265625
timesfm,2020-03-01,2635.0,1418.9295654296875
timesfm,2020-04-01,2140.0,2199.248046875
timesfm,2020-05-01,1836.0,2445.72509765625
timesfm,2020-06-01,1820.0,1746.12158203125
timesfm,2020-07-01,1519.0,1147.122314453125
timesfm,2020-08-01,1265.0,785.40380859375
timesfm,2020-09-01,586.0,564.381591796875
timesfm,2020-10-01,402.0,489.58416748046875
timesfm,2020-11-01,565.0,550.5598754882812
timesfm,2020-12-01,327.0,658.1544189453125
timesfm,2021-01-01,660.0,935.9222412109375
timesfm,2020-03-01,2635.0,3456.25
timesfm,2020-04-01,2140.0,3840.41162109375
timesfm,2020-05-01,1836.0,3855.901123046875
timesfm,2020-06-01,1820.0,2691.779296875
timesfm,2020-07-01,1519.0,1638.1033935546875
timesfm,2020-08-01,1265.0,1082.856689453125
timesfm,2020-09-01,586.0,677.9124145507812
timesfm,2020-10-01,402.0,559.804931640625
timesfm,2020-11-01,565.0,626.44384765625
timesfm,2020-12-01,327.0,795.7554931640625
timesfm,2021-01-01,660.0,1059.645263671875
timesfm,2021-02-01,865.0,1563.9993896484375
timesfm,2020-04-01,2140.0,3281.1162109375
timesfm,2020-05-01,1836.0,3382.632080078125
timesfm,2020-06-01,1820.0,2497.5712890625
timesfm,2020-07-01,1519.0,1654.6776123046875
timesfm,2020-08-01,1265.0,1114.953125
timesfm,2020-09-01,586.0,878.8492431640625
timesfm,2020-10-01,402.0,776.87353515625
timesfm,2020-11-01,565.0,806.3596801757812
timesfm,2020-12-01,327.0,945.31494140625
timesfm,2021-01-01,660.0,1262.480224609375
timesfm,2021-02-01,865.0,1714.564697265625
timesfm,2021-03-01,1016.0,2312.35107421875
timesfm,2020-05-01,1836.0,2230.10107421875
timesfm,2020-06-01,1820.0,1625.6207275390625
timesfm,2020-07-01,1519.0,1313.154541015625
timesfm,2020-08-01,1265.0,1001.3038330078125
timesfm,2020-09-01,586.0,733.2223510742188
timesfm,2020-10-01,402.0,669.6322021484375
timesfm,2020-11-01,565.0,675.0216064453125
timesfm,2020-12-01,327.0,816.8408813476562
timesfm,2021-01-01,660.0,1137.69384765625
timesfm,2021-02-01,865.0,1581.24560546875
timesfm,2021-03-01,1016.0,2160.853515625
timesfm,2021-04-01,2274.0,2620.55419921875
timesfm,2020-06-01,1820.0,1499.4345703125
timesfm,2020-07-01,1519.0,1058.5224609375
timesfm,2020-08-01,1265.0,852.7093505859375
timesfm,2020-09-01,586.0,736.600341796875
timesfm,2020-10-01,402.0,670.4217529296875
timesfm,2020-11-01,565.0,627.7736206054688
timesfm,2020-12-01,327.0,665.1140747070312
timesfm,2021-01-01,660.0,1071.74267578125
timesfm,2021-02-01,865.0,1690.5198974609375
timesfm,2021-03-01,1016.0,2395.8701171875
timesfm,2021-04-01,2274.0,2929.771728515625
timesfm,2021-05-01,7066.0,2647.909912109375
timesfm,2020-07-01,1519.0,1466.038818359375
timesfm,2020-08-01,1265.0,1035.191650390625
timesfm,2020-09-01,586.0,878.400634765625
timesfm,2020-10-01,402.0,788.7778930664062
timesfm,2020-11-01,565.0,733.4568481445312
timesfm,2020-12-01,327.0,771.7471923828125
timesfm,2021-01-01,660.0,1102.5462646484375
timesfm,2021-02-01,865.0,1728.04833984375
timesfm,2021-03-01,1016.0,2462.29345703125
timesfm,2021-04-01,2274.0,2948.347900390625
timesfm,2021-05-01,7066.0,2728.50732421875
timesfm,2021-06-01,6990.0,1948.814697265625
timesfm,2020-08-01,1265.0,1045.654296875
timesfm,2020-09-01,586.0,808.0084838867188
timesfm,2020-10-01,402.0,730.6845092773438
timesfm,2020-11-01,565.0,709.318359375
timesfm,2020-12-01,327.0,802.2019653320312
timesfm,2021-01-01,660.0,1138.5018310546875
timesfm,2021-02-01,865.0,1675.445068359375
timesfm,2021-03-01,1016.0,2485.668701171875
timesfm,2021-04-01,2274.0,3023.312744140625
timesfm,2021-05-01,7066.0,2716.202880859375
timesfm,2021-06-01,6990.0,1899.857421875
timesfm,2021-07-01,4859.0,1199.611083984375
timesfm,2020-09-01,586.0,960.394287109375
timesfm,2020-10-01,402.0,874.5552368164062
timesfm,2020-11-01,565.0,914.6550903320312
timesfm,2020-12-01,327.0,984.7899169921875
timesfm,2021-01-01,660.0,1272.7843017578125
timesfm,2021-02-01,865.0,1832.811767578125
timesfm,2021-03-01,1016.0,2376.64208984375
timesfm,2021-04-01,2274.0,2803.2470703125
timesfm,2021-05-01,7066.0,2506.82666015625
timesfm,2021-06-01,6990.0,1823.8070068359375
timesfm,2021-07-01,4859.0,1369.35986328125
timesfm,2021-08-01,3382.0,947.9884033203125
timesfm,2020-10-01,402.0,403.6574401855469
timesfm,2020-11-01,565.0,507.8265380859375
timesfm,2020-12-01,327.0,776.8533325195312
timesfm,2021-01-01,660.0,1144.279541015625
timesfm,2021-02-01,865.0,1707.73193359375
timesfm,2021-03-01,1016.0,2350.061767578125
timesfm,2021-04-01,2274.0,2677.923095703125
timesfm,2021-05-01,7066.0,2503.1220703125
timesfm,2021-06-01,6990.0,1696.43701171875
timesfm,2021-07-01,4859.0,1030.84765625
timesfm,2021-08-01,3382.0,746.5808715820312
timesfm,2021-09-01,1496.0,592.0415649414062
timesfm,2020-11-01,565.0,384.5035400390625
timesfm,2020-12-01,327.0,553.9368896484375
timesfm,2021-01-01,660.0,1175.01611328125
timesfm,2021-02-01,865.0,1866.9837646484375
timesfm,2021-03-01,1016.0,2606.3193359375
timesfm,2021-04-01,2274.0,3134.12646484375
timesfm,2021-05-01,7066.0,2921.3798828125
timesfm,2021-06-01,6990.0,1918.6268310546875
timesfm,2021-07-01,4859.0,1146.255859375
timesfm,2021-08-01,3382.0,681.1859130859375
timesfm,2021-09-01,1496.0,470.031982421875
timesfm,2021-10-01,1255.0,364.61663818359375
timesfm,2020-12-01,327.0,588.8756713867188
timesfm,2021-01-01,660.0,1043.8228759765625
timesfm,2021-02-01,865.0,1816.5965576171875
timesfm,2021-03-01,1016.0,2594.1923828125
timesfm,2021-04-01,2274.0,3082.775146484375
timesfm,2021-05-01,7066.0,2858.081298828125
timesfm,2021-06-01,6990.0,1947.6962890625
timesfm,2021-07-01,4859.0,1169.3955078125
timesfm,2021-08-01,3382.0,689.481201171875
timesfm,2021-09-01,1496.0,374.9425048828125
timesfm,2021-10-01,1255.0,325.0528869628906
timesfm,2021-11-01,775.0,279.5182189941406
timesfm,2021-01-01,660.0,369.45794677734375
timesfm,2021-02-01,865.0,1120.7332763671875
timesfm,2021-03-01,1016.0,2309.412109375
timesfm,2021-04-01,2274.0,3031.689697265625
timesfm,2021-05-01,7066.0,3042.307861328125
timesfm,2021-06-01,6990.0,2077.3486328125
timesfm,2021-07-01,4859.0,1328.6053466796875
timesfm,2021-08-01,3382.0,788.2801513671875
timesfm,2021-09-01,1496.0,526.1310424804688
timesfm,2021-10-01,1255.0,393.5142822265625
timesfm,2021-11-01,775.0,354.08642578125
timesfm,2021-12-01,756.0,344.33062744140625
timesfm,2021-02-01,865.0,1019.26123046875
timesfm,2021-03-01,1016.0,1770.235595703125
timesfm,2021-04-01,2274.0,2791.1103515625
timesfm,2021-05-01,7066.0,2824.03076171875
timesfm,2021-06-01,6990.0,1970.5009765625
timesfm,2021-07-01,4859.0,1241.72802734375
timesfm,2021-08-01,3382.0,761.4010009765625
timesfm,2021-09-01,1496.0,378.18621826171875
timesfm,2021-10-01,1255.0,310.62689208984375
timesfm,2021-11-01,775.0,290.2273864746094
timesfm,2021-12-01,756.0,382.9903869628906
timesfm,2022-01-01,874.0,555.0830078125
timesfm,2021-03-01,1016.0,1339.221435546875
timesfm,2021-04-01,2274.0,2272.15478515625
timesfm,2021-05-01,7066.0,2534.021484375
timesfm,2021-06-01,6990.0,1738.7979736328125
timesfm,2021-07-01,4859.0,1179.3905029296875
timesfm,2021-08-01,3382.0,659.178466796875
timesfm,2021-09-01,1496.0,371.53570556640625
timesfm,2021-10-01,1255.0,375.69500732421875
timesfm,2021-11-01,775.0,348.0162658691406
timesfm,2021-12-01,756.0,391.18731689453125
timesfm,2022-01-01,874.0,586.0001220703125
timesfm,2022-02-01,1246.0,863.0702514648438
timesfm,2021-04-01,2274.0,1498.1729736328125
timesfm,2021-05-01,7066.0,1796.04443359375
timesfm,2021-06-01,6990.0,1442.48095703125
timesfm,2021-07-01,4859.0,966.93017578125
timesfm,2021-08-01,3382.0,659.6053466796875
timesfm,2021-09-01,1496.0,364.4432373046875
timesfm,2021-10-01,1255.0,266.1087951660156
timesfm,2021-11-01,775.0,366.9322204589844
timesfm,2021-12-01,756.0,402.29132080078125
timesfm,2022-01-01,874.0,540.4249877929688
timesfm,2022-02-01,1246.0,772.178955078125
timesfm,2022-03-01,2946.0,1082.0733642578125
timesfm,2021-05-01,7066.0,2476.6806640625
timesfm,2021-06-01,6990.0,1701.8819580078125
timesfm,2021-07-01,4859.0,1225.6904296875
timesfm,2021-08-01,3382.0,873.2950439453125
timesfm,2021-09-01,1496.0,536.94580078125
timesfm,2021-10-01,1255.0,393.70880126953125
timesfm,2021-11-01,775.0,383.07745361328125
timesfm,2021-12-01,756.0,436.8251953125
timesfm,2022-01-01,874.0,558.9951171875
timesfm,2022-02-01,1246.0,863.7015380859375
timesfm,2022-03-01,2946.0,1311.111083984375
timesfm,2022-04-01,6400.0,1826.200439453125
timesfm,2021-06-01,6990.0,4665.11376953125
timesfm,2021-07-01,4859.0,2804.5517578125
timesfm,2021-08-01,3382.0,1639.2789306640625
timesfm,2021-09-01,1496.0,893.5178833007812
timesfm,2021-10-01,1255.0,480.2294921875
timesfm,2021-11-01,775.0,270.6753845214844
timesfm,2021-12-01,756.0,326.7093505859375
timesfm,2022-01-01,874.0,585.4082641601562
timesfm,2022-02-01,1246.0,796.4983520507812
timesfm,2022-03-01,2946.0,1387.875732421875
timesfm,2022-04-01,6400.0,1996.2147216796875
timesfm,2022-05-01,11540.0,2148.030029296875
timesfm,2021-07-01,4859.0,4130.5625
timesfm,2021-08-01,3382.0,2503.806640625
timesfm,2021-09-01,1496.0,1423.7548828125
timesfm,2021-10-01,1255.0,844.7672729492188
timesfm,2021-11-01,775.0,466.04296875
timesfm,2021-12-01,756.0,261.8984069824219
timesfm,2022-01-01,874.0,520.873779296875
timesfm,2022-02-01,1246.0,933.3193359375
timesfm,2022-03-01,2946.0,1299.3271484375
timesfm,2022-04-01,6400.0,1910.86767578125
timesfm,2022-05-01,11540.0,2202.0302734375
timesfm,2022-06-01,7386.0,1656.696044921875
timesfm,2021-08-01,3382.0,2877.46142578125
timesfm,2021-09-01,1496.0,1824.718505859375
timesfm,2021-10-01,1255.0,1274.3187255859375
timesfm,2021-11-01,775.0,973.3253173828125
timesfm,2021-12-01,756.0,638.8458251953125
timesfm,2022-01-01,874.0,560.3340454101562
timesfm,2022-02-01,1246.0,888.1182861328125
timesfm,2022-03-01,2946.0,1283.76904296875
timesfm,2022-04-01,6400.0,1806.37744140625
timesfm,2022-05-01,11540.0,2044.038818359375
timesfm,2022-06-01,7386.0,1534.2041015625
timesfm,2022-07-01,4095.0,1142.69140625
timesfm,2021-09-01,1496.0,2021.5767822265625
timesfm,2021-10-01,1255.0,1435.2664794921875
timesfm,2021-11-01,775.0,1066.608154296875
timesfm,2021-12-01,756.0,865.1846923828125
timesfm,2022-01-01,874.0,783.8018798828125
timesfm,2022-02-01,1246.0,1002.991943359375
timesfm,2022-03-01,2946.0,1392.4306640625
timesfm,2022-04-01,6400.0,1972.412841796875
timesfm,2022-05-01,11540.0,2168.990234375
timesfm,2022-06-01,7386.0,1556.317138671875
timesfm,2022-07-01,4095.0,1196.86181640625
timesfm,2022-08-01,2088.0,890.1014404296875
timesfm,2021-10-01,1255.0,881.7076416015625
timesfm,2021-11-01,775.0,734.408447265625
timesfm,2021-12-01,756.0,655.9261474609375
timesfm,2022-01-01,874.0,736.205810546875
timesfm,2022-02-01,1246.0,958.194091796875
timesfm,2022-03-01,2946.0,1306.0224609375
timesfm,2022-04-01,6400.0,1807.40869140625
timesfm,2022-05-01,11540.0,2045.4603271484375
timesfm,2022-06-01,7386.0,1419.7880859375
timesfm,2022-07-01,4095.0,987.1224975585938
timesfm,2022-08-01,2088.0,777.7999267578125
timesfm,2022-09-01,1469.0,577.85546875
timesfm,2021-11-01,775.0,932.6987915039062
timesfm,2021-12-01,756.0,746.3834838867188
timesfm,2022-01-01,874.0,802.4452514648438
timesfm,2022-02-01,1246.0,1038.52197265625
timesfm,2022-03-01,2946.0,1366.298828125
timesfm,2022-04-01,6400.0,1974.1328125
timesfm,2022-05-01,11540.0,2190.5048828125
timesfm,2022-06-01,7386.0,1541.16552734375
timesfm,2022-07-01,4095.0,1051.843505859375
timesfm,2022-08-01,2088.0,767.9684448242188
timesfm,2022-09-01,1469.0,510.8399963378906
timesfm,2022-10-01,1012.0,488.61529541015625
timesfm,2021-12-01,756.0,546.8587646484375
timesfm,2022-01-01,874.0,545.1002807617188
timesfm,2022-02-01,1246.0,887.1719970703125
timesfm,2022-03-01,2946.0,1413.6180419921875
timesfm,2022-04-01,6400.0,2050.916015625
timesfm,2022-05-01,11540.0,2253.125
timesfm,2022-06-01,7386.0,1640.1934814453125
timesfm,2022-07-01,4095.0,1148.669677734375
timesfm,2022-08-01,2088.0,692.130859375
timesfm,2022-09-01,1469.0,409.1312255859375
timesfm,2022-10-01,1012.0,415.33367919921875
timesfm,2022-11-01,803.0,484.781982421875
timesfm,2022-01-01,874.0,797.831298828125
timesfm,2022-02-01,1246.0,1040.01171875
timesfm,2022-03-01,2946.0,1570.133056640625
timesfm,2022-04-01,6400.0,2364.07373046875
timesfm,2022-05-01,11540.0,2681.409912109375
timesfm,2022-06-01,7386.0,1886.3848876953125
timesfm,2022-07-01,4095.0,1243.2646484375
timesfm,2022-08-01,2088.0,803.5234985351562
timesfm,2022-09-01,1469.0,436.3486022949219
timesfm,2022-10-01,1012.0,435.6463623046875
timesfm,2022-11-01,803.0,466.1922607421875
timesfm,2022-12-01,458.0,609.9418334960938
timesfm,2022-02-01,1246.0,1119.701416015625
timesfm,2022-03-01,2946.0,1532.4886474609375
timesfm,2022-04-01,6400.0,2252.563232421875
timesfm,2022-05-01,11540.0,2647.96630859375
timesfm,2022-06-01,7386.0,1999.72802734375
timesfm,2022-07-01,4095.0,1374.681396484375
timesfm,2022-08-01,2088.0,937.3302001953125
timesfm,2022-09-01,1469.0,543.9740600585938
timesfm,2022-10-01,1012.0,402.6031494140625
timesfm,2022-11-01,803.0,452.10693359375
timesfm,2022-12-01,458.0,542.9072875976562
timesfm,2023-01-01,1240.0,831.0965576171875
timesfm,2022-03-01,2946.0,1718.32373046875
timesfm,2022-04-01,6400.0,2282.2451171875
timesfm,2022-05-01,11540.0,2516.5244140625
timesfm,2022-06-01,7386.0,1922.045654296875
timesfm,2022-07-01,4095.0,1438.246337890625
timesfm,2022-08-01,2088.0,984.636474609375
timesfm,2022-09-01,1469.0,582.2847290039062
timesfm,2022-10-01,1012.0,550.3104248046875
timesfm,2022-11-01,803.0,418.63885498046875
timesfm,2022-12-01,458.0,489.42388916015625
timesfm,2023-01-01,1240.0,720.9622802734375
timesfm,2023-02-01,1881.0,1215.177490234375
timesfm,2022-04-01,6400.0,3692.132568359375
timesfm,2022-05-01,11540.0,3379.72509765625
timesfm,2022-06-01,7386.0,2297.7421875
timesfm,2022-07-01,4095.0,1579.35009765625
timesfm,2022-08-01,2088.0,1074.541748046875
timesfm,2022-09-01,1469.0,656.70361328125
timesfm,2022-10-01,1012.0,548.574462890625
timesfm,2022-11-01,803.0,563.0275268554688
timesfm,2022-12-01,458.0,535.3390502929688
timesfm,2023-01-01,1240.0,810.9658813476562
timesfm,2023-02-01,1881.0,1324.21533203125
timesfm,2023-03-01,2856.0,1976.6826171875
timesfm,2022-05-01,11540.0,5944.91357421875
timesfm,2022-06-01,7386.0,3742.385009765625
timesfm,2022-07-01,4095.0,2113.002685546875
timesfm,2022-08-01,2088.0,1297.526123046875
timesfm,2022-09-01,1469.0,758.13427734375
timesfm,2022-10-01,1012.0,586.5247802734375
timesfm,2022-11-01,803.0,518.8464965820312
timesfm,2022-12-01,458.0,610.0111694335938
timesfm,2023-01-01,1240.0,832.6181640625
timesfm,2023-02-01,1881.0,1472.687255859375
timesfm,2023-03-01,2856.0,2221.397705078125
timesfm,2023-04-01,2177.0,3047.550537109375
timesfm,2022-06-01,7386.0,6457.70751953125
timesfm,2022-07-01,4095.0,3445.33740234375
timesfm,2022-08-01,2088.0,1693.893310546875
timesfm,2022-09-01,1469.0,889.7713623046875
timesfm,2022-10-01,1012.0,506.89141845703125
timesfm,2022-11-01,803.0,305.716796875
timesfm,2022-12-01,458.0,448.50555419921875
timesfm,2023-01-01,1240.0,866.2350463867188
timesfm,2023-02-01,1881.0,1487.61962890625
timesfm,2023-03-01,2856.0,2581.4306640625
timesfm,2023-04-01,2177.0,3543.2060546875
timesfm,2023-05-01,1521.0,3624.861572265625
timesfm,2022-07-01,4095.0,3423.61181640625
timesfm,2022-08-01,2088.0,1797.396484375
timesfm,2022-09-01,1469.0,912.7674560546875
timesfm,2022-10-01,1012.0,691.0792846679688
timesfm,2022-11-01,803.0,520.7896728515625
timesfm,2022-12-01,458.0,464.9619140625
timesfm,2023-01-01,1240.0,885.0804443359375
timesfm,2023-02-01,1881.0,1590.077880859375
timesfm,2023-03-01,2856.0,2509.45068359375
timesfm,2023-04-01,2177.0,3412.02392578125
timesfm,2023-05-01,1521.0,3578.967041015625
timesfm,2023-06-01,1221.0,2591.531494140625
timesfm,2022-08-01,2088.0,2142.25244140625
timesfm,2022-09-01,1469.0,1352.48828125
timesfm,2022-10-01,1012.0,994.6114501953125
timesfm,2022-11-01,803.0,884.2791748046875
timesfm,2022-12-01,458.0,837.12890625
timesfm,2023-01-01,1240.0,984.6959228515625
timesfm,2023-02-01,1881.0,1640.638427734375
timesfm,2023-03-01,2856.0,2682.31396484375
timesfm,2023-04-01,2177.0,3542.189697265625
timesfm,2023-05-01,1521.0,3626.0107421875
timesfm,2023-06-01,1221.0,2550.339599609375
timesfm,2023-07-01,1292.0,1831.4261474609375
timesfm,2022-09-01,1469.0,1155.157958984375
timesfm,2022-10-01,1012.0,960.7885131835938
timesfm,2022-11-01,803.0,928.402099609375
timesfm,2022-12-01,458.0,1089.498046875
timesfm,2023-01-01,1240.0,1268.90673828125
timesfm,2023-02-01,1881.0,1674.3499755859375
timesfm,2023-03-01,2856.0,2578.17236328125
timesfm,2023-04-01,2177.0,3585.63720703125
timesfm,2023-05-01,1521.0,3735.2900390625
timesfm,2023-06-01,1221.0,2610.84228515625
timesfm,2023-07-01,1292.0,1762.869140625
timesfm,2023-08-01,788.0,1244.91015625
timesfm,2022-10-01,1012.0,1031.2513427734375
timesfm,2022-11-01,803.0,979.068115234375
timesfm,2022-12-01,458.0,1039.8822021484375
timesfm,2023-01-01,1240.0,1443.09130859375
timesfm,2023-02-01,1881.0,1969.4407958984375
timesfm,2023-03-01,2856.0,2773.38623046875
timesfm,2023-04-01,2177.0,3641.98828125
timesfm,2023-05-01,1521.0,3706.59619140625
timesfm,2023-06-01,1221.0,2535.3515625
timesfm,2023-07-01,1292.0,1627.302490234375
timesfm,2023-08-01,788.0,1118.475830078125
timesfm,2023-09-01,691.0,817.1968994140625
timesfm,2022-11-01,803.0,786.5887451171875
timesfm,2022-12-01,458.0,879.6734619140625
timesfm,2023-01-01,1240.0,1223.063720703125
timesfm,2023-02-01,1881.0,1892.509765625
timesfm,2023-03-01,2856.0,2924.2236328125
timesfm,2023-04-01,2177.0,3947.4931640625
timesfm,2023-05-01,1521.0,4150.8271484375
timesfm,2023-06-01,1221.0,3081.11767578125
timesfm,2023-07-01,1292.0,1955.3382568359375
timesfm,2023-08-01,788.0,1149.849853515625
timesfm,2023-09-01,691.0,733.9085693359375
timesfm,2023-10-01,686.0,573.8389892578125
timesfm,2022-12-01,458.0,612.2117919921875
timesfm,2023-01-01,1240.0,927.0427856445312
timesfm,2023-02-01,1881.0,1704.1676025390625
timesfm,2023-03-01,2856.0,3024.058349609375
timesfm,2023-04-01,2177.0,4188.2216796875
timesfm,2023-05-01,1521.0,4188.916015625
timesfm,2023-06-01,1221.0,3068.150390625
timesfm,2023-07-01,1292.0,2166.9638671875
timesfm,2023-08-01,788.0,1285.271728515625
timesfm,2023-09-01,691.0,585.695068359375
timesfm,2023-10-01,686.0,362.72406005859375
timesfm,2023-11-01,414.0,378.74774169921875
timesfm,2023-01-01,1240.0,522.4227294921875
timesfm,2023-02-01,1881.0,1219.85888671875
timesfm,2023-03-01,2856.0,2508.27685546875
timesfm,2023-04-01,2177.0,3942.72607421875
timesfm,2023-05-01,1521.0,4250.6142578125
timesfm,2023-06-01,1221.0,3039.398193359375
timesfm,2023-07-01,1292.0,1983.67236328125
timesfm,2023-08-01,788.0,1317.124267578125
timesfm,2023-09-01,691.0,710.1815795898438
timesfm,2023-10-01,686.0,350.4261474609375
timesfm,2023-11-01,414.0,253.41201782226562
timesfm,2023-12-01,374.0,363.40863037109375
timesfm,2023-02-01,1881.0,2253.88525390625
timesfm,2023-03-01,2856.0,3843.627685546875
timesfm,2023-04-01,2177.0,5145.8916015625
timesfm,2023-05-01,1521.0,5194.6201171875
timesfm,2023-06-01,1221.0,3928.88037109375
timesfm,2023-07-01,1292.0,2471.86279296875
timesfm,2023-08-01,788.0,1439.1448974609375
timesfm,2023-09-01,691.0,951.4223022460938
timesfm,2023-10-01,686.0,603.8058471679688
timesfm,2023-11-01,414.0,518.78271484375
timesfm,2023-12-01,374.0,647.8035278320312
timesfm,2024-01-01,807.0,1068.684814453125
timesfm,2023-03-01,2856.0,3310.783203125
timesfm,2023-04-01,2177.0,4794.0107421875
timesfm,2023-05-01,1521.0,4990.70166015625
timesfm,2023-06-01,1221.0,3840.947265625
timesfm,2023-07-01,1292.0,2611.2412109375
timesfm,2023-08-01,788.0,1428.155029296875
timesfm,2023-09-01,691.0,714.3967895507812
timesfm,2023-10-01,686.0,500.86810302734375
timesfm,2023-11-01,414.0,418.1187438964844
timesfm,2023-12-01,374.0,599.7064819335938
timesfm,2024-01-01,807.0,1006.45263671875
timesfm,2024-02-01,1609.0,1589.45751953125
timesfm,2023-04-01,2177.0,4318.74609375
timesfm,2023-05-01,1521.0,4295.45556640625
timesfm,2023-06-01,1221.0,3177.20703125
timesfm,2023-07-01,1292.0,2126.58740234375
timesfm,2023-08-01,788.0,1493.50146484375
timesfm,2023-09-01,691.0,888.294677734375
timesfm,2023-10-01,686.0,513.7977294921875
timesfm,2023-11-01,414.0,488.5948181152344
timesfm,2023-12-01,374.0,612.3632202148438
timesfm,2024-01-01,807.0,922.2488403320312
timesfm,2024-02-01,1609.0,1347.2445068359375
timesfm,2024-03-01,3197.0,2245.422119140625
timesfm,2023-05-01,1521.0,2460.89599609375
timesfm,2023-06-01,1221.0,2072.759765625
timesfm,2023-07-01,1292.0,1525.803466796875
timesfm,2023-08-01,788.0,988.1166381835938
timesfm,2023-09-01,691.0,684.5994873046875
timesfm,2023-10-01,686.0,458.5036315917969
timesfm,2023-11-01,414.0,370.9714050292969
timesfm,2023-12-01,374.0,574.428466796875
timesfm,2024-01-01,807.0,923.159423828125
timesfm,2024-02-01,1609.0,1307.597412109375
timesfm,2024-03-01,3197.0,1948.5113525390625
timesfm,2024-04-01,2098.0,3013.022705078125
timesfm,2023-06-01,1221.0,1359.30224609375
timesfm,2023-07-01,1292.0,1083.0615234375
timesfm,2023-08-01,788.0,809.3609619140625
timesfm,2023-09-01,691.0,576.1753540039062
timesfm,2023-10-01,686.0,532.6341552734375
timesfm,2023-11-01,414.0,460.47894287109375
timesfm,2023-12-01,374.0,532.8318481445312
timesfm,2024-01-01,807.0,843.269775390625
timesfm,2024-02-01,1609.0,1324.979736328125
timesfm,2024-03-01,3197.0,1917.3294677734375
timesfm,2024-04-01,2098.0,2606.29736328125
timesfm,2024-05-01,1101.0,2810.09326171875
timesfm,2023-07-01,1292.0,1145.706298828125
timesfm,2023-08-01,788.0,779.5016479492188
timesfm,2023-09-01,691.0,562.9312744140625
timesfm,2023-10-01,686.0,579.9478759765625
timesfm,2023-11-01,414.0,628.8807373046875
timesfm,2023-12-01,374.0,585.33349609375
timesfm,2024-01-01,807.0,861.0955810546875
timesfm,2024-02-01,1609.0,1223.8759765625
timesfm,2024-03-01,3197.0,1837.818115234375
timesfm,2024-04-01,2098.0,2728.946533203125
timesfm,2024-05-01,1101.0,3064.0078125
timesfm,2024-06-01,962.0,2323.5
timesfm,2023-08-01,788.0,1060.0679931640625
timesfm,2023-09-01,691.0,734.5348510742188
timesfm,2023-10-01,686.0,599.08740234375
timesfm,2023-11-01,414.0,631.0299072265625
timesfm,2023-12-01,374.0,695.5808715820312
timesfm,2024-01-01,807.0,910.3909912109375
timesfm,2024-02-01,1609.0,1366.3040771484375
timesfm,2024-03-01,3197.0,2043.210205078125
timesfm,2024-04-01,2098.0,2835.488037109375
timesfm,2024-05-01,1101.0,3092.13427734375
timesfm,2024-06-01,962.0,2337.7587890625
timesfm,2024-07-01,557.0,1646.3140869140625
timesfm,2023-09-01,691.0,530.37353515625
timesfm,2023-10-01,686.0,476.0718994140625
timesfm,2023-11-01,414.0,518.4755859375
timesfm,2023-12-01,374.0,675.3197021484375
timesfm,2024-01-01,807.0,953.42919921875
timesfm,2024-02-01,1609.0,1201.0826416015625
timesfm,2024-03-01,3197.0,1790.4202880859375
timesfm,2024-04-01,2098.0,2844.60693359375
timesfm,2024-05-01,1101.0,3231.311767578125
timesfm,2024-06-01,962.0,2322.64208984375
timesfm,2024-07-01,557.0,1452.47900390625
timesfm,2024-08-01,513.0,837.636962890625
timesfm,2023-10-01,686.0,588.0987548828125
timesfm,2023-11-01,414.0,532.1334228515625
timesfm,2023-12-01,374.0,590.41845703125
timesfm,2024-01-01,807.0,982.8145751953125
timesfm,2024-02-01,1609.0,1413.669921875
timesfm,2024-03-01,3197.0,1999.9461669921875
timesfm,2024-04-01,2098.0,2965.08203125
timesfm,2024-05-01,1101.0,3537.7314453125
timesfm,2024-06-01,962.0,2418.71484375
timesfm,2024-07-01,557.0,1478.8387451171875
timesfm,2024-08-01,513.0,923.1693725585938
timesfm,2024-09-01,444.0,533.6372680664062
timesfm,2023-11-01,414.0,672.0738525390625
timesfm,2023-12-01,374.0,731.5858764648438
timesfm,2024-01-01,807.0,1008.9232177734375
timesfm,2024-02-01,1609.0,1558.77392578125
timesfm,2024-03-01,3197.0,2255.240234375
timesfm,2024-04-01,2098.0,3076.676513671875
timesfm,2024-05-01,1101.0,3404.19482421875
timesfm,2024-06-01,962.0,2550.2451171875
timesfm,2024-07-01,557.0,1573.87158203125
timesfm,2024-08-01,513.0,881.0428466796875
timesfm,2024-09-01,444.0,604.0760498046875
timesfm,2024-10-01,317.0,589.0432739257812
timesfm,2023-12-01,374.0,472.7313232421875
timesfm,2024-01-01,807.0,691.884765625
timesfm,2024-02-01,1609.0,1105.613037109375
timesfm,2024-03-01,3197.0,1861.11865234375
timesfm,2024-04-01,2098.0,2742.486328125
timesfm,2024-05-01,1101.0,3020.26123046875
timesfm,2024-06-01,962.0,2275.227783203125
timesfm,2024-07-01,557.0,1631.185791015625
timesfm,2024-08-01,513.0,942.22705078125
timesfm,2024-09-01,444.0,430.4214782714844
timesfm,2024-10-01,317.0,389.9296875
timesfm,2024-11-01,421.0,546.377197265625
timesfm,2024-01-01,807.0,529.9220581054688
timesfm,2024-02-01,1609.0,922.70751953125
timesfm,2024-03-01,3197.0,1564.9193115234375
timesfm,2024-04-01,2098.0,2595.25927734375
timesfm,2024-05-01,1101.0,3013.676025390625
timesfm,2024-06-01,962.0,2232.688232421875
timesfm,2024-07-01,557.0,1610.8929443359375
timesfm,2024-08-01,513.0,1116.7310791015625
timesfm,2024-09-01,444.0,624.4249267578125
timesfm,2024-10-01,317.0,404.9781799316406
timesfm,2024-11-01,421.0,398.8289794921875
timesfm,2024-12-01,274.0,564.295654296875
