model,date,y_true,y_pred
sarimax,2014-01-01,348.0,128.8961241956393
sarimax,2014-02-01,537.0,153.9826670968895
sarimax,2014-03-01,1140.0,304.1208326761225
sarimax,2014-04-01,1529.0,190.55636377009657
sarimax,2014-05-01,1204.0,138.10747289246507
sarimax,2014-06-01,953.0,183.50385555160614
sarimax,2014-07-01,586.0,76.93815826575616
sarimax,2014-08-01,515.0,15.584503852601326
sarimax,2014-09-01,306.0,17.683236607716687
sarimax,2014-10-01,315.0,0.0
sarimax,2014-11-01,356.0,0.0
sarimax,2014-12-01,228.0,38.91131335809826
sarimax,2014-02-01,537.0,326.33354342913645
sarimax,2014-03-01,1140.0,443.3746540557586
sarimax,2014-04-01,1529.0,330.0714703111447
sarimax,2014-05-01,1204.0,245.65794641449514
sarimax,2014-06-01,953.0,269.0431595197217
sarimax,2014-07-01,586.0,161.4521326137331
sarimax,2014-08-01,515.0,80.13236547332824
sarimax,2014-09-01,306.0,72.85246849571627
sarimax,2014-10-01,315.0,5.980343372904656
sarimax,2014-11-01,356.0,43.19612609133241
sarimax,2014-12-01,228.0,83.88254997290832
sarimax,2015-01-01,233.0,177.79784773550386
sarimax,2014-03-01,1140.0,600.1857968146936
sarimax,2014-04-01,1529.0,458.20970697238613
sarimax,2014-05-01,1204.0,340.5799597187482
sarimax,2014-06-01,953.0,340.67657011698896
sarimax,2014-07-01,586.0,222.4196430182199
sarimax,2014-08-01,515.0,125.82792892424294
sarimax,2014-09-01,306.0,109.63740339441799
sarimax,2014-10-01,315.0,37.0665836610662
sarimax,2014-11-01,356.0,69.62928810987958
sarimax,2014-12-01,228.0,108.51312295148975
sarimax,2015-01-01,233.0,198.27385891902614
sarimax,2015-02-01,277.0,373.53878314007915
sarimax,2014-04-01,1529.0,906.6183767325969
sarimax,2014-05-01,1204.0,684.3800439168159
sarimax,2014-06-01,953.0,607.2179060275753
sarimax,2014-07-01,586.0,447.11337057699245
sarimax,2014-08-01,515.0,298.12687629339945
sarimax,2014-09-01,306.0,248.46354444951783
sarimax,2014-10-01,315.0,152.74868373532235
sarimax,2014-11-01,356.0,166.4743739542353
sarimax,2014-12-01,228.0,195.4514145646835
sarimax,2015-01-01,233.0,270.0484508327257
sarimax,2015-02-01,277.0,434.9703741646786
sarimax,2015-03-01,756.0,971.7044078229305
sarimax,2014-05-01,1204.0,1249.0183769089736
sarimax,2014-06-01,953.0,1162.1672551968556
sarimax,2014-07-01,586.0,1062.8036274690367
sarimax,2014-08-01,515.0,896.859794241083
sarimax,2014-09-01,306.0,856.9496496739742
sarimax,2014-10-01,315.0,776.3163919671446
sarimax,2014-11-01,356.0,796.8166842710241
sarimax,2014-12-01,228.0,844.8038031206562
sarimax,2015-01-01,233.0,907.8424190952588
sarimax,2015-02-01,277.0,1067.2573329426616
sarimax,2015-03-01,756.0,1558.3836000398364
sarimax,2015-04-01,1079.0,1808.2945469903732
sarimax,2014-06-01,953.0,1035.466545255519
sarimax,2014-07-01,586.0,856.4637086647122
sarimax,2014-08-01,515.0,612.2918857640789
sarimax,2014-09-01,306.0,506.98159107462016
sarimax,2014-10-01,315.0,372.526063633518
sarimax,2014-11-01,356.0,348.76252987755777
sarimax,2014-12-01,228.0,362.1420336631962
sarimax,2015-01-01,233.0,395.52672581941056
sarimax,2015-02-01,277.0,531.6466491439609
sarimax,2015-03-01,756.0,1001.2124152294568
sarimax,2015-04-01,1079.0,1232.2917223874947
sarimax,2015-05-01,1256.0,983.1508514702757
sarimax,2014-07-01,586.0,787.4820482852074
sarimax,2014-08-01,515.0,552.4160407486106
sarimax,2014-09-01,306.0,455.46050904579033
sarimax,2014-10-01,315.0,328.2174417700076
sarimax,2014-11-01,356.0,310.31000878620733
sarimax,2014-12-01,228.0,328.997444099273
sarimax,2015-01-01,233.0,365.95509527270644
sarimax,2015-02-01,277.0,505.17233122853713
sarimax,2015-03-01,756.0,976.030715773531
sarimax,2015-04-01,1079.0,1207.4939511398652
sarimax,2015-05-01,1256.0,961.5043145818146
sarimax,2015-06-01,949.0,794.3202607908943
sarimax,2014-08-01,515.0,391.70628717339184
sarimax,2014-09-01,306.0,324.5848087645206
sarimax,2014-10-01,315.0,220.22771474830736
sarimax,2014-11-01,356.0,221.141901359569
sarimax,2014-12-01,228.0,253.04058779865042
sarimax,2015-01-01,233.0,303.75024280685943
sarimax,2015-02-01,277.0,453.3802413997902
sarimax,2015-03-01,756.0,937.5882911526762
sarimax,2015-04-01,1079.0,1182.5403908537965
sarimax,2015-05-01,1256.0,936.1148264269524
sarimax,2015-06-01,949.0,767.437962285673
sarimax,2015-07-01,1211.0,465.28248271043077
sarimax,2014-09-01,306.0,424.6733401913437
sarimax,2014-10-01,315.0,301.7226288966099
sarimax,2014-11-01,356.0,288.50380949462533
sarimax,2014-12-01,228.0,308.3481830591445
sarimax,2015-01-01,233.0,351.5765061376462
sarimax,2015-02-01,277.0,495.08963505689786
sarimax,2015-03-01,756.0,977.5527169822207
sarimax,2015-04-01,1079.0,1222.9107146388562
sarimax,2015-05-01,1256.0,970.2598915486664
sarimax,2015-06-01,949.0,796.0094562590438
sarimax,2015-07-01,1211.0,489.4875614589579
sarimax,2015-08-01,1120.0,424.41979170570414
sarimax,2014-10-01,315.0,206.32281317091977
sarimax,2014-11-01,356.0,211.0887509892303
sarimax,2014-12-01,228.0,245.3402333170474
sarimax,2015-01-01,233.0,299.0464971509182
sarimax,2015-02-01,277.0,450.8288952263564
sarimax,2015-03-01,756.0,938.5604625184399
sarimax,2015-04-01,1079.0,1187.3359597533276
sarimax,2015-05-01,1256.0,939.8775383273414
sarimax,2015-06-01,949.0,769.9502838158438
sarimax,2015-07-01,1211.0,466.8040242076671
sarimax,2015-08-01,1120.0,403.7985164459559
sarimax,2015-09-01,773.0,251.31766851427116
sarimax,2014-11-01,356.0,297.89703416644056
sarimax,2014-12-01,228.0,315.0270849419093
sarimax,2015-01-01,233.0,355.801177415883
sarimax,2015-02-01,277.0,497.5167254297312
sarimax,2015-03-01,756.0,977.9747908639515
sarimax,2015-04-01,1079.0,1221.4250219731769
sarimax,2015-05-01,1256.0,968.7097808640023
sarimax,2015-06-01,949.0,794.5824959438675
sarimax,2015-07-01,1211.0,488.17616579437885
sarimax,2015-08-01,1120.0,422.8971657603889
sarimax,2015-09-01,773.0,268.3492580832542
sarimax,2015-10-01,389.0,258.10097760242434
sarimax,2014-12-01,228.0,361.4793678741403
sarimax,2015-01-01,233.0,393.4725833916446
sarimax,2015-02-01,277.0,528.3165176938085
sarimax,2015-03-01,756.0,1003.8745619050351
sarimax,2015-04-01,1079.0,1243.7741955979657
sarimax,2015-05-01,1256.0,987.3363487901483
sarimax,2015-06-01,949.0,810.2069024961157
sarimax,2015-07-01,1211.0,501.4616021353155
sarimax,2015-08-01,1120.0,434.57817753022914
sarimax,2015-09-01,773.0,278.52343896442187
sarimax,2015-10-01,389.0,267.42255501735383
sarimax,2015-11-01,380.0,307.85098237033367
sarimax,2015-01-01,233.0,287.22940483545045
sarimax,2015-02-01,277.0,443.17154456552606
sarimax,2015-03-01,756.0,935.2960996315551
sarimax,2015-04-01,1079.0,1188.1629199514884
sarimax,2015-05-01,1256.0,941.3302727311532
sarimax,2015-06-01,949.0,771.5975951088028
sarimax,2015-07-01,1211.0,468.58485168595416
sarimax,2015-08-01,1120.0,406.2460645814943
sarimax,2015-09-01,773.0,253.59367690715774
sarimax,2015-10-01,389.0,245.27971460986998
sarimax,2015-11-01,380.0,287.8323230517454
sarimax,2015-12-01,273.0,202.27104778163414
sarimax,2015-02-01,277.0,399.69656503856623
sarimax,2015-03-01,756.0,899.179710819743
sarimax,2015-04-01,1079.0,1157.1689937925962
sarimax,2015-05-01,1256.0,916.3242892517981
sarimax,2015-06-01,949.0,751.4474404712106
sarimax,2015-07-01,1211.0,452.1981443052079
sarimax,2015-08-01,1120.0,392.3137692311269
sarimax,2015-09-01,773.0,242.10733518592946
sarimax,2015-10-01,389.0,235.00779433404824
sarimax,2015-11-01,380.0,278.663668391881
sarimax,2015-12-01,273.0,194.41160493333388
sarimax,2016-01-01,419.0,227.50078423778766
sarimax,2015-03-01,756.0,799.2348375474874
sarimax,2015-04-01,1079.0,1073.7698560005913
sarimax,2015-05-01,1256.0,849.4715110493897
sarimax,2015-06-01,949.0,697.8083904061655
sarimax,2015-07-01,1211.0,408.7940397555024
sarimax,2015-08-01,1120.0,355.98187711126536
sarimax,2015-09-01,773.0,212.25882072072272
sarimax,2015-10-01,389.0,208.92085835081343
sarimax,2015-11-01,380.0,255.7896603789431
sarimax,2015-12-01,273.0,174.86619424057528
sarimax,2016-01-01,419.0,210.41150226885355
sarimax,2016-02-01,709.0,294.499780381127
sarimax,2015-04-01,1079.0,1035.7789591663573
sarimax,2015-05-01,1256.0,819.366141601257
sarimax,2015-06-01,949.0,674.2439930674401
sarimax,2015-07-01,1211.0,390.3191229237147
sarimax,2015-08-01,1120.0,340.59894345513067
sarimax,2015-09-01,773.0,200.3047384372811
sarimax,2015-10-01,389.0,198.35459885302095
sarimax,2015-11-01,380.0,246.61025691832808
sarimax,2015-12-01,273.0,167.61957142562494
sarimax,2016-01-01,419.0,204.54294962467497
sarimax,2016-02-01,709.0,290.0303911523129
sarimax,2016-03-01,511.0,804.3162274547138
sarimax,2015-05-01,1256.0,853.3654930711385
sarimax,2015-06-01,949.0,700.6044140167486
sarimax,2015-07-01,1211.0,410.74055201660747
sarimax,2015-08-01,1120.0,357.4093436766401
sarimax,2015-09-01,773.0,213.12231601423983
sarimax,2015-10-01,389.0,209.55159768588783
sarimax,2015-11-01,380.0,256.19206592275174
sarimax,2015-12-01,273.0,174.95624826773462
sarimax,2016-01-01,419.0,210.27954010482603
sarimax,2016-02-01,709.0,294.1437582806954
sarimax,2016-03-01,511.0,807.1003658527072
sarimax,2016-04-01,366.0,1148.4771560425008
sarimax,2015-06-01,949.0,1019.2526982760012
sarimax,2015-07-01,1211.0,664.7154485369182
sarimax,2015-08-01,1120.0,560.8832501786446
sarimax,2015-09-01,773.0,378.52707306637103
sarimax,2015-10-01,389.0,344.61223520421197
sarimax,2015-11-01,380.0,368.12744348906335
sarimax,2015-12-01,273.0,269.76920801642586
sarimax,2016-01-01,419.0,291.8094312174932
sarimax,2016-02-01,709.0,365.710347017501
sarimax,2016-03-01,511.0,871.0447604399086
sarimax,2016-04-01,366.0,1206.4229173074464
sarimax,2016-05-01,421.0,1244.807486367801
sarimax,2015-07-01,1211.0,608.6427662009578
sarimax,2015-08-01,1120.0,516.1885660503712
sarimax,2015-09-01,773.0,342.22170101587034
sarimax,2015-10-01,389.0,315.36673673081344
sarimax,2015-11-01,380.0,344.2278736064754
sarimax,2015-12-01,273.0,249.64963054447028
sarimax,2016-01-01,419.0,274.675479276881
sarimax,2016-02-01,709.0,350.7510002125848
sarimax,2016-03-01,511.0,857.7464602489908
sarimax,2016-04-01,366.0,1194.4828400957922
sarimax,2016-05-01,421.0,1235.1921062265505
sarimax,2016-06-01,327.0,940.8327334661943
sarimax,2015-08-01,1120.0,997.862850014798
sarimax,2015-09-01,773.0,733.1116045599925
sarimax,2015-10-01,389.0,630.828600961355
sarimax,2015-11-01,380.0,601.8066247228861
sarimax,2015-12-01,273.0,464.95748990683956
sarimax,2016-01-01,419.0,456.5004781635087
sarimax,2016-02-01,709.0,507.54064946765277
sarimax,2016-03-01,511.0,995.1647265616704
sarimax,2016-04-01,366.0,1316.1863958375081
sarimax,2016-05-01,421.0,1334.3408858441771
sarimax,2016-06-01,327.0,1030.6739088938837
sarimax,2016-07-01,325.0,1104.0811491303684
sarimax,2015-09-01,773.0,836.7073775710933
sarimax,2015-10-01,389.0,718.8490470866077
sarimax,2015-11-01,380.0,676.9194630447209
sarimax,2015-12-01,273.0,529.4600303767372
sarimax,2016-01-01,419.0,512.2308764568094
sarimax,2016-02-01,709.0,556.0764682947812
sarimax,2016-03-01,511.0,1037.7944784590813
sarimax,2016-04-01,366.0,1353.9598276005158
sarimax,2016-05-01,421.0,1367.882277960166
sarimax,2016-06-01,327.0,1060.9788965047726
sarimax,2016-07-01,325.0,1131.432517902537
sarimax,2016-08-01,210.0,1036.326583457095
sarimax,2015-10-01,389.0,665.9234074941126
sarimax,2015-11-01,380.0,632.6711659584654
sarimax,2015-12-01,273.0,491.87882977151173
sarimax,2016-01-01,419.0,480.1795088405154
sarimax,2016-02-01,709.0,528.3802959173108
sarimax,2016-03-01,511.0,1013.6310846913268
sarimax,2016-04-01,366.0,1332.7662926293413
sarimax,2016-05-01,421.0,1350.6180716107979
sarimax,2016-06-01,327.0,1045.6397287047714
sarimax,2016-07-01,325.0,1119.4939937791064
sarimax,2016-08-01,210.0,1025.6980030441664
sarimax,2016-09-01,227.0,711.0091583722624
sarimax,2015-11-01,380.0,409.4757736778993
sarimax,2015-12-01,273.0,311.4595191949362
sarimax,2016-01-01,419.0,333.36017734107224
sarimax,2016-02-01,709.0,408.1880201778798
sarimax,2016-03-01,511.0,914.4240218023457
sarimax,2016-04-01,366.0,1249.9793180098056
sarimax,2016-05-01,421.0,1279.1054230743887
sarimax,2016-06-01,327.0,984.3372950070158
sarimax,2016-07-01,325.0,1064.2241262177376
sarimax,2016-08-01,210.0,976.7030024805451
sarimax,2016-09-01,227.0,667.3129297741215
sarimax,2016-10-01,324.0,393.97738010219894
sarimax,2015-12-01,273.0,288.19007433616844
sarimax,2016-01-01,419.0,314.8814290861192
sarimax,2016-02-01,709.0,393.41846310404054
sarimax,2016-03-01,511.0,902.521164889488
sarimax,2016-04-01,366.0,1240.2865006063996
sarimax,2016-05-01,421.0,1271.0413691898061
sarimax,2016-06-01,327.0,977.5941248591467
sarimax,2016-07-01,325.0,1058.4060447970412
sarimax,2016-08-01,210.0,971.671072787548
sarimax,2016-09-01,227.0,662.9055755754747
sarimax,2016-10-01,324.0,390.09299541117974
sarimax,2016-11-01,245.0,394.68742525805703
sarimax,2016-01-01,419.0,302.4725731900242
sarimax,2016-02-01,709.0,383.1625746784822
sarimax,2016-03-01,511.0,893.9268836542972
sarimax,2016-04-01,366.0,1232.9691870631834
sarimax,2016-05-01,421.0,1264.6318168085586
sarimax,2016-06-01,327.0,971.945954100945
sarimax,2016-07-01,325.0,1053.251561585398
sarimax,2016-08-01,210.0,966.9673217824952
sarimax,2016-09-01,227.0,658.5663501163804
sarimax,2016-10-01,324.0,386.07460464171083
sarimax,2016-11-01,245.0,390.88126544929025
sarimax,2016-12-01,225.0,277.539908569191
sarimax,2016-02-01,709.0,476.26777420098574
sarimax,2016-03-01,511.0,968.9837185317704
sarimax,2016-04-01,366.0,1294.0134909852718
sarimax,2016-05-01,421.0,1313.3700351257128
sarimax,2016-06-01,327.0,1012.3788350270006
sarimax,2016-07-01,325.0,1085.4628248872953
sarimax,2016-08-01,210.0,994.1933312406006
sarimax,2016-09-01,227.0,682.2740294464269
sarimax,2016-10-01,324.0,407.83775198910564
sarimax,2016-11-01,245.0,410.46098972414984
sarimax,2016-12-01,225.0,295.27363865541804
sarimax,2017-01-01,312.0,399.0229796534921
sarimax,2016-03-01,511.0,1154.9239910038432
sarimax,2016-04-01,366.0,1443.3014921502104
sarimax,2016-05-01,421.0,1428.7303086576858
sarimax,2016-06-01,327.0,1105.7761308819033
sarimax,2016-07-01,325.0,1155.1699960720887
sarimax,2016-08-01,210.0,1050.5089528441888
sarimax,2016-09-01,227.0,729.3930754126754
sarimax,2016-10-01,324.0,450.6288412089759
sarimax,2016-11-01,245.0,447.3739763462714
sarimax,2016-12-01,225.0,327.03056694490425
sarimax,2017-01-01,312.0,425.5457728153402
sarimax,2017-02-01,208.0,638.0285750204037
sarimax,2016-04-01,366.0,935.896262942666
sarimax,2016-05-01,421.0,1041.3223904082117
sarimax,2016-06-01,327.0,797.5387765567112
sarimax,2016-07-01,325.0,926.5378222240244
sarimax,2016-08-01,210.0,868.4666450053519
sarimax,2016-09-01,227.0,579.4687261381921
sarimax,2016-10-01,324.0,317.07668752018844
sarimax,2016-11-01,245.0,333.46461421126213
sarimax,2016-12-01,225.0,229.82628117327073
sarimax,2017-01-01,312.0,344.67150108824853
sarimax,2017-02-01,208.0,573.5752296180146
sarimax,2017-03-01,214.0,561.8176214574061
sarimax,2016-05-01,421.0,594.5436167383341
sarimax,2016-06-01,327.0,438.98450955596
sarimax,2016-07-01,325.0,648.8349983689368
sarimax,2016-08-01,210.0,644.80626037448
sarimax,2016-09-01,227.0,395.8112902355616
sarimax,2016-10-01,324.0,159.56072981736156
sarimax,2016-11-01,245.0,200.89480059914007
sarimax,2016-12-01,225.0,117.77330823705935
sarimax,2017-01-01,312.0,250.82554004361046
sarimax,2017-02-01,208.0,496.33598665014836
sarimax,2017-03-01,214.0,482.08573664926143
sarimax,2017-04-01,367.0,465.1987942260439
sarimax,2016-06-01,327.0,293.1809269071911
sarimax,2016-07-01,325.0,515.7805705529578
sarimax,2016-08-01,210.0,531.1502025443618
sarimax,2016-09-01,227.0,300.2884393095878
sarimax,2016-10-01,324.0,83.52727517620991
sarimax,2016-11-01,245.0,136.64468332360062
sarimax,2016-12-01,225.0,62.2643434626508
sarimax,2017-01-01,312.0,200.55043152808815
sarimax,2017-02-01,208.0,448.2920440182412
sarimax,2017-03-01,214.0,449.773737293364
sarimax,2017-04-01,367.0,444.38958453049065
sarimax,2017-05-01,281.0,543.3634109536646
sarimax,2016-07-01,325.0,544.1329753992802
sarimax,2016-08-01,210.0,554.8431835712415
sarimax,2016-09-01,227.0,320.0945317367938
sarimax,2016-10-01,324.0,100.06343405690524
sarimax,2016-11-01,245.0,150.54365618549363
sarimax,2016-12-01,225.0,74.00852565121684
sarimax,2017-01-01,312.0,210.5531900054657
sarimax,2017-02-01,208.0,456.8967302190087
sarimax,2017-03-01,214.0,457.05245765025813
sarimax,2017-04-01,367.0,450.604437227102
sarimax,2017-05-01,281.0,548.7661378712282
sarimax,2017-06-01,211.0,406.11728833216574
sarimax,2016-08-01,210.0,370.58953479940703
sarimax,2016-09-01,227.0,167.72995501331138
sarimax,2016-10-01,324.0,0.0
sarimax,2016-11-01,245.0,52.05816990899062
sarimax,2016-12-01,225.0,0.0
sarimax,2017-01-01,312.0,135.8017470904008
sarimax,2017-02-01,208.0,385.84385883855947
sarimax,2017-03-01,214.0,412.4929895468998
sarimax,2017-04-01,367.0,425.3818789316992
sarimax,2017-05-01,281.0,532.3431562937983
sarimax,2017-06-01,211.0,388.4859998712799
sarimax,2017-07-01,360.0,474.19912547317017
sarimax,2016-09-01,227.0,32.543777701137145
sarimax,2016-10-01,324.0,0.0
sarimax,2016-11-01,245.0,0.0
sarimax,2016-12-01,225.0,0.0
sarimax,2017-01-01,312.0,65.49988314847624
sarimax,2017-02-01,208.0,324.6629898414799
sarimax,2017-03-01,214.0,361.09175399749574
sarimax,2017-04-01,367.0,381.8054939247487
sarimax,2017-05-01,281.0,494.5293462578162
sarimax,2017-06-01,211.0,354.6042647697563
sarimax,2017-07-01,360.0,444.6725855249681
sarimax,2017-08-01,241.0,347.8155362121751
sarimax,2016-10-01,324.0,30.470469596128083
sarimax,2016-11-01,245.0,92.02326205823594
sarimax,2016-12-01,225.0,22.784303050336923
sarimax,2017-01-01,312.0,161.58508995058162
sarimax,2017-02-01,208.0,405.81926854139
sarimax,2017-03-01,214.0,431.33161477327985
sarimax,2017-04-01,367.0,443.0127802541491
sarimax,2017-05-01,281.0,547.9915159578821
sarimax,2017-06-01,211.0,401.29853689490415
sarimax,2017-07-01,360.0,486.4888243176705
sarimax,2017-08-01,241.0,385.3820117499944
sarimax,2017-09-01,174.0,299.2496645801884
sarimax,2016-11-01,245.0,329.2369455505442
sarimax,2016-12-01,225.0,214.46268680701823
sarimax,2017-01-01,312.0,315.1947612385899
sarimax,2017-02-01,208.0,527.0969291428764
sarimax,2017-03-01,214.0,541.4841098773604
sarimax,2017-04-01,367.0,543.2519325024444
sarimax,2017-05-01,281.0,636.2807477624347
sarimax,2017-06-01,211.0,475.01001358951356
sarimax,2017-07-01,360.0,555.8383764690276
sarimax,2017-08-01,241.0,448.2206541916759
sarimax,2017-09-01,174.0,350.59348445432244
sarimax,2017-10-01,272.0,296.19219866588054
sarimax,2016-12-01,225.0,147.20068758960562
sarimax,2017-01-01,312.0,261.315505143347
sarimax,2017-02-01,208.0,483.7904669230038
sarimax,2017-03-01,214.0,505.95176524991155
sarimax,2017-04-01,367.0,513.8519739194667
sarimax,2017-05-01,281.0,611.8339005005021
sarimax,2017-06-01,211.0,454.6294352782827
sarimax,2017-07-01,360.0,538.3905651552171
sarimax,2017-08-01,241.0,433.1806417464529
sarimax,2017-09-01,174.0,337.6680614972838
sarimax,2017-10-01,272.0,285.0405737385901
sarimax,2017-11-01,156.0,229.10446582265484
sarimax,2017-01-01,312.0,323.44116313110777
sarimax,2017-02-01,208.0,533.6457562340345
sarimax,2017-03-01,214.0,546.0786316600434
sarimax,2017-04-01,367.0,546.3601130457779
sarimax,2017-05-01,281.0,638.4000478829219
sarimax,2017-06-01,211.0,476.57606114599974
sarimax,2017-07-01,360.0,556.6616768293345
sarimax,2017-08-01,241.0,448.593276933906
sarimax,2017-09-01,174.0,350.8877964316656
sarimax,2017-10-01,272.0,296.56571680613536
sarimax,2017-11-01,156.0,239.24507366764476
sarimax,2017-12-01,256.0,191.71525022442654
sarimax,2017-02-01,208.0,524.4128206511313
sarimax,2017-03-01,214.0,538.911018206951
sarimax,2017-04-01,367.0,540.7868892910326
sarimax,2017-05-01,281.0,633.9820169296052
sarimax,2017-06-01,211.0,472.94446469549075
sarimax,2017-07-01,360.0,553.8122668754928
sarimax,2017-08-01,241.0,446.2864054817102
sarimax,2017-09-01,174.0,348.8586919300855
sarimax,2017-10-01,272.0,294.67891174801844
sarimax,2017-11-01,156.0,237.64185329145312
sarimax,2017-12-01,256.0,190.27964120660812
sarimax,2018-01-01,220.0,295.7986483305801
sarimax,2017-03-01,214.0,296.08836460968774
sarimax,2017-04-01,367.0,354.63586624492905
sarimax,2017-05-01,281.0,488.3375110385439
sarimax,2017-06-01,211.0,354.11995338742844
sarimax,2017-07-01,360.0,462.8796445491174
sarimax,2017-08-01,241.0,374.2938668393448
sarimax,2017-09-01,174.0,285.6018123121961
sarimax,2017-10-01,272.0,235.14502628905046
sarimax,2017-11-01,156.0,188.15535552015956
sarimax,2017-12-01,256.0,146.40383683804626
sarimax,2018-01-01,220.0,258.3485125213374
sarimax,2018-02-01,191.0,288.71792396942556
sarimax,2017-04-01,367.0,284.2467385193556
sarimax,2017-05-01,281.0,429.26297505459667
sarimax,2017-06-01,211.0,306.56790966731234
sarimax,2017-07-01,360.0,420.8314614834772
sarimax,2017-08-01,241.0,338.1346711358687
sarimax,2017-09-01,174.0,257.2885951913882
sarimax,2017-10-01,272.0,214.6436518511635
sarimax,2017-11-01,156.0,170.07574029259706
sarimax,2017-12-01,256.0,131.42397154802217
sarimax,2018-01-01,220.0,244.75322359018375
sarimax,2018-02-01,191.0,273.3213141771406
sarimax,2018-03-01,224.0,218.19402251639116
sarimax,2017-05-01,281.0,497.6211981350031
sarimax,2017-06-01,211.0,361.3626783307026
sarimax,2017-07-01,360.0,467.9999029909469
sarimax,2017-08-01,241.0,377.9718952969847
sarimax,2017-09-01,174.0,288.6131228391494
sarimax,2017-10-01,272.0,237.87073832314354
sarimax,2017-11-01,156.0,190.11526796382407
sarimax,2017-12-01,256.0,147.93532895864195
sarimax,2018-01-01,220.0,259.38994942265714
sarimax,2018-02-01,191.0,288.95368970506155
sarimax,2018-03-01,224.0,230.94488813108586
sarimax,2018-04-01,191.0,288.3435569341939
sarimax,2017-06-01,211.0,188.26732329238308
sarimax,2017-07-01,360.0,325.107119202003
sarimax,2017-08-01,241.0,260.5945399063721
sarimax,2017-09-01,174.0,194.93675314961615
sarimax,2017-10-01,272.0,164.68915827968732
sarimax,2017-11-01,156.0,128.84022149290465
sarimax,2017-12-01,256.0,97.3751773451425
sarimax,2018-01-01,220.0,216.06429391616933
sarimax,2018-02-01,191.0,248.04745853464897
sarimax,2018-03-01,224.0,196.7918477859945
sarimax,2018-04-01,191.0,260.8029233213717
sarimax,2018-05-01,153.0,224.7534955915965
sarimax,2017-07-01,360.0,343.3645851963552
sarimax,2017-08-01,241.0,275.3262660172643
sarimax,2017-09-01,174.0,206.91380733221646
sarimax,2017-10-01,272.0,174.50384931967758
sarimax,2017-11-01,156.0,136.89955241613478
sarimax,2017-12-01,256.0,104.05863300072863
sarimax,2018-01-01,220.0,221.64629430537352
sarimax,2018-02-01,191.0,252.72412725128095
sarimax,2018-03-01,224.0,200.80167527361837
sarimax,2018-04-01,191.0,264.298137546069
sarimax,2018-05-01,153.0,227.8051089129654
sarimax,2018-06-01,118.0,153.64684607672757
sarimax,2017-08-01,241.0,288.8724980664977
sarimax,2017-09-01,174.0,217.60697292267167
sarimax,2017-10-01,272.0,182.73645770884653
sarimax,2017-11-01,156.0,143.68436101653955
sarimax,2017-12-01,256.0,109.54713732159408
sarimax,2018-01-01,220.0,226.25285657453986
sarimax,2018-02-01,191.0,257.0158201026663
sarimax,2018-03-01,224.0,204.28262734651287
sarimax,2018-04-01,191.0,266.9901582445934
sarimax,2018-05-01,153.0,230.28651259057108
sarimax,2018-06-01,118.0,155.81454912995562
sarimax,2018-07-01,178.0,258.9436618894186
sarimax,2017-09-01,174.0,179.55636902375704
sarimax,2017-10-01,272.0,152.69181175103108
sarimax,2017-11-01,156.0,119.31149872653829
sarimax,2017-12-01,256.0,89.83932812452053
sarimax,2018-01-01,220.0,210.0383382503566
sarimax,2018-02-01,191.0,243.062592293429
sarimax,2018-03-01,224.0,192.83276748733977
sarimax,2018-04-01,191.0,257.7043137717722
sarimax,2018-05-01,153.0,222.17600811170294
sarimax,2018-06-01,118.0,148.81918841710296
sarimax,2018-07-01,178.0,253.0119812294185
sarimax,2018-08-01,114.0,137.94401982628628
sarimax,2017-10-01,272.0,148.1465228368346
sarimax,2017-11-01,156.0,115.67648306632354
sarimax,2017-12-01,256.0,86.88576954986189
sarimax,2018-01-01,220.0,207.654046946344
sarimax,2018-02-01,191.0,241.21471367699806
sarimax,2018-03-01,224.0,191.27763868102176
sarimax,2018-04-01,191.0,256.34521827601
sarimax,2018-05-01,153.0,221.06634474738627
sarimax,2018-06-01,118.0,147.87195432271744
sarimax,2018-07-01,178.0,252.15937800376042
sarimax,2018-08-01,114.0,137.19706002291687
sarimax,2018-09-01,136.0,99.19324685881594
sarimax,2017-11-01,156.0,213.97350041659172
sarimax,2017-12-01,256.0,166.12134907266596
sarimax,2018-01-01,220.0,270.9996504620444
sarimax,2018-02-01,191.0,289.5823661165366
sarimax,2018-03-01,224.0,231.56013527533113
sarimax,2018-04-01,191.0,291.2628193099156
sarimax,2018-05-01,153.0,249.07839423808355
sarimax,2018-06-01,118.0,171.42489761171262
sarimax,2018-07-01,178.0,273.15645506375216
sarimax,2018-08-01,114.0,155.30645448345547
sarimax,2018-09-01,136.0,114.45390590443188
sarimax,2018-10-01,162.0,212.08093581550918
sarimax,2017-12-01,256.0,119.98160440378471
sarimax,2018-01-01,220.0,234.05019690721372
sarimax,2018-02-01,191.0,259.5943728263984
sarimax,2018-03-01,224.0,207.3938405496166
sarimax,2018-04-01,191.0,271.75948905690905
sarimax,2018-05-01,153.0,232.9670870725196
sarimax,2018-06-01,118.0,158.06873770456042
sarimax,2018-07-01,178.0,262.05430419896027
sarimax,2018-08-01,114.0,145.88543560270912
sarimax,2018-09-01,136.0,106.29411988500682
sarimax,2018-10-01,162.0,204.9574726290095
sarimax,2018-11-01,125.0,101.24727922771699
sarimax,2018-01-01,220.0,342.25000339987884
sarimax,2018-02-01,191.0,345.5319790612018
sarimax,2018-03-01,224.0,276.5552149250261
sarimax,2018-04-01,191.0,327.9524165860828
sarimax,2018-05-01,153.0,278.5026924513901
sarimax,2018-06-01,118.0,195.42744311042807
sarimax,2018-07-01,178.0,293.177297371313
sarimax,2018-08-01,114.0,171.95986824555249
sarimax,2018-09-01,136.0,128.30504596579644
sarimax,2018-10-01,162.0,223.87107689274737
sarimax,2018-11-01,125.0,117.68343624484433
sarimax,2018-12-01,221.0,179.1573773564458
sarimax,2018-02-01,191.0,247.81110161930565
sarimax,2018-03-01,224.0,198.63892263559134
sarimax,2018-04-01,191.0,265.70896848658987
sarimax,2018-05-01,153.0,228.10572161074043
sarimax,2018-06-01,118.0,154.46505778605064
sarimax,2018-07-01,178.0,259.7575608904685
sarimax,2018-08-01,114.0,144.30795432553927
sarimax,2018-09-01,136.0,105.07830310140713
sarimax,2018-10-01,162.0,204.1876353724257
sarimax,2018-11-01,125.0,100.73216184941276
sarimax,2018-12-01,221.0,164.51774621710405
sarimax,2019-01-01,209.0,167.20906677797856
sarimax,2018-03-01,224.0,153.83793045845982
sarimax,2018-04-01,191.0,230.78656597236687
sarimax,2018-05-01,153.0,199.6323605291418
sarimax,2018-06-01,118.0,131.5027843558258
sarimax,2018-07-01,178.0,241.5644489012151
sarimax,2018-08-01,114.0,129.42917894181795
sarimax,2018-09-01,136.0,92.51683040028374
sarimax,2018-10-01,162.0,193.66989709906935
sarimax,2018-11-01,125.0,91.68485377907409
sarimax,2018-12-01,221.0,157.13341839680814
sarimax,2019-01-01,209.0,160.38164105921445
sarimax,2019-02-01,233.0,109.7615170535655
sarimax,2018-04-01,191.0,286.8115100730972
sarimax,2018-05-01,153.0,244.18495791038933
sarimax,2018-06-01,118.0,167.2180397544495
sarimax,2018-07-01,178.0,270.5030822064153
sarimax,2018-08-01,114.0,152.9302411888621
sarimax,2018-09-01,136.0,111.67333328342798
sarimax,2018-10-01,162.0,209.49683006987905
sarimax,2018-11-01,125.0,104.86415234224322
sarimax,2018-12-01,221.0,168.40040373995956
sarimax,2019-01-01,209.0,169.91740984320288
sarimax,2019-02-01,233.0,118.12656776966752
sarimax,2019-03-01,410.0,142.9421372227112
sarimax,2018-05-01,153.0,168.56363564196727
sarimax,2018-06-01,118.0,106.91443156652733
sarimax,2018-07-01,178.0,221.71155429880818
sarimax,2018-08-01,114.0,113.58810972905559
sarimax,2018-09-01,136.0,80.01761010837009
sarimax,2018-10-01,162.0,183.61643498992535
sarimax,2018-11-01,125.0,83.6396623000897
sarimax,2018-12-01,221.0,150.28355889906408
sarimax,2019-01-01,209.0,155.0134694962482
sarimax,2019-02-01,233.0,105.12065747961032
sarimax,2019-03-01,410.0,131.5357623398713
sarimax,2019-04-01,631.0,157.20284213271592
sarimax,2018-06-01,118.0,94.54556580711834
sarimax,2018-07-01,178.0,211.886559678324
sarimax,2018-08-01,114.0,105.7166341030206
sarimax,2018-09-01,136.0,73.65042581712599
sarimax,2018-10-01,162.0,178.44849450793615
sarimax,2018-11-01,125.0,79.39894564371731
sarimax,2018-12-01,221.0,146.81618654116255
sarimax,2019-01-01,209.0,152.0830181343905
sarimax,2019-02-01,233.0,102.66496287201821
sarimax,2019-03-01,410.0,129.4418221374925
sarimax,2019-04-01,631.0,155.3265995994232
sarimax,2019-05-01,1001.0,103.83103350253242
sarimax,2018-07-01,178.0,230.50925593535504
sarimax,2018-08-01,114.0,120.5643334344294
sarimax,2018-09-01,136.0,85.54779026860857
sarimax,2018-10-01,162.0,188.03149276690863
sarimax,2018-11-01,125.0,87.1723847491424
sarimax,2018-12-01,221.0,153.16303187833955
sarimax,2019-01-01,209.0,157.32716708685035
sarimax,2019-02-01,233.0,107.03449133038926
sarimax,2019-03-01,410.0,133.12864833300958
sarimax,2019-04-01,631.0,158.49251730105402
sarimax,2019-05-01,1001.0,106.57637641960912
sarimax,2019-06-01,1520.0,61.47521264890855
sarimax,2018-08-01,114.0,78.84549305079757
sarimax,2018-09-01,136.0,52.368158375307786
sarimax,2018-10-01,162.0,161.46299577470378
sarimax,2018-11-01,125.0,65.82255651227123
sarimax,2018-12-01,221.0,135.73233673463548
sarimax,2019-01-01,209.0,143.2081604981488
sarimax,2019-02-01,233.0,95.31647752321942
sarimax,2019-03-01,410.0,123.32609080960995
sarimax,2019-04-01,631.0,150.42182649120502
sarimax,2019-05-01,1001.0,99.64470342397809
sarimax,2019-06-01,1520.0,55.43825142937637
sarimax,2019-07-01,1746.0,144.19690793035005
sarimax,2018-09-01,136.0,80.28751535646816
sarimax,2018-10-01,162.0,183.71698075646185
sarimax,2018-11-01,125.0,83.64053696946416
sarimax,2018-12-01,221.0,150.0765617827141
sarimax,2019-01-01,209.0,154.83280453205907
sarimax,2019-02-01,233.0,104.81131032611411
sarimax,2019-03-01,410.0,131.1533098124728
sarimax,2019-04-01,631.0,156.94368368585373
sarimax,2019-05-01,1001.0,105.14406225922896
sarimax,2019-06-01,1520.0,60.1369832120576
sarimax,2019-07-01,1746.0,148.26896456819574
sarimax,2019-08-01,1419.0,67.76917512130456
sarimax,2018-10-01,162.0,227.9331926238931
sarimax,2018-11-01,125.0,118.88279205664668
sarimax,2018-12-01,221.0,178.20749126849003
sarimax,2019-01-01,209.0,177.52792136079847
sarimax,2019-02-01,233.0,123.15061058387116
sarimax,2019-03-01,410.0,146.1028214224389
sarimax,2019-04-01,631.0,169.36386459584776
sarimax,2019-05-01,1001.0,115.46962486729109
sarimax,2019-06-01,1520.0,68.82491911488525
sarimax,2019-07-01,1746.0,155.74468850899297
sarimax,2019-08-01,1419.0,74.2220386107017
sarimax,2019-09-01,1484.0,68.28129381659775
sarimax,2018-11-01,125.0,66.57842502745537
sarimax,2018-12-01,221.0,136.54513168561064
sarimax,2019-01-01,209.0,144.22354426509423
sarimax,2019-02-01,233.0,96.3609649397959
sarimax,2019-03-01,410.0,124.41506320275545
sarimax,2019-04-01,631.0,151.69793554872942
sarimax,2019-05-01,1001.0,100.9224772635014
sarimax,2019-06-01,1520.0,56.71836069102207
sarimax,2019-07-01,1746.0,145.5645558718241
sarimax,2019-08-01,1419.0,65.53115715022739
sarimax,2019-09-01,1484.0,60.748990876692865
sarimax,2019-10-01,995.0,109.66266273352714
sarimax,2018-12-01,221.0,182.83967370014096
sarimax,2019-01-01,209.0,181.11722897006808
sarimax,2019-02-01,233.0,125.83163619375723
sarimax,2019-03-01,410.0,148.0910713075443
sarimax,2019-04-01,631.0,170.92324732427826
sarimax,2019-05-01,1001.0,116.58857903148842
sarimax,2019-06-01,1520.0,69.60097433768978
sarimax,2019-07-01,1746.0,156.31600379245504
sarimax,2019-08-01,1419.0,74.56555551292702
sarimax,2019-09-01,1484.0,68.42172160531175
sarimax,2019-10-01,995.0,116.3266519731384
sarimax,2019-11-01,847.0,54.494593426934976
sarimax,2019-01-01,209.0,211.30833155817285
sarimax,2019-02-01,233.0,149.8993909020331
sarimax,2019-03-01,410.0,167.3478426661801
sarimax,2019-04-01,631.0,186.28184129603878
sarimax,2019-05-01,1001.0,129.02315621711307
sarimax,2019-06-01,1520.0,79.74637569641082
sarimax,2019-07-01,1746.0,164.59499134931949
sarimax,2019-08-01,1419.0,81.46530397792002
sarimax,2019-09-01,1484.0,74.27230321738432
sarimax,2019-10-01,995.0,121.26451798680534
sarimax,2019-11-01,847.0,58.80626423397861
sarimax,2019-12-01,781.0,155.25452960160337
sarimax,2019-02-01,233.0,148.06572304727706
sarimax,2019-03-01,410.0,165.88714287645874
sarimax,2019-04-01,631.0,185.12388735974417
sarimax,2019-05-01,1001.0,128.09172873983215
sarimax,2019-06-01,1520.0,78.99227404108456
sarimax,2019-07-01,1746.0,163.98578020526253
sarimax,2019-08-01,1419.0,80.96280420826703
sarimax,2019-09-01,1484.0,73.85083018315
sarimax,2019-10-01,995.0,120.91395104926796
sarimax,2019-11-01,847.0,58.50396876329182
sarimax,2019-12-01,781.0,154.99348914405246
sarimax,2020-01-01,1250.0,134.97907033195506
sarimax,2019-03-01,410.0,233.27249342465961
sarimax,2019-04-01,631.0,238.6275437587114
sarimax,2019-05-01,1001.0,170.86873678442922
sarimax,2019-06-01,1520.0,113.37240882166077
sarimax,2019-07-01,1746.0,191.7114628156426
sarimax,2019-08-01,1419.0,103.56912419612118
sarimax,2019-09-01,1484.0,92.48323843238842
sarimax,2019-10-01,995.0,136.33550682701218
sarimax,2019-11-01,847.0,71.50884839759499
sarimax,2019-12-01,781.0,166.0601836579364
sarimax,2020-01-01,1250.0,144.5481669668869
sarimax,2020-02-01,1815.0,150.53705979597086
sarimax,2019-04-01,631.0,379.0209529461672
sarimax,2019-05-01,1001.0,282.8771061222924
sarimax,2019-06-01,1520.0,203.10585183434802
sarimax,2019-07-01,1746.0,263.89075659180025
sarimax,2019-08-01,1419.0,162.05499297112968
sarimax,2019-09-01,1484.0,140.25393233453792
sarimax,2019-10-01,995.0,175.60636420539078
sarimax,2019-11-01,847.0,104.19795072081843
sarimax,2019-12-01,781.0,193.5420172150731
sarimax,2020-01-01,1250.0,167.96161792198103
sarimax,2020-02-01,1815.0,170.78033850781895
sarimax,2020-03-01,2097.0,299.60276449381945
sarimax,2019-05-01,1001.0,485.06483596386636
sarimax,2019-06-01,1520.0,365.83669554133286
sarimax,2019-07-01,1746.0,396.14275340794717
sarimax,2019-08-01,1419.0,269.2801272211518
sarimax,2019-09-01,1484.0,227.3271262700564
sarimax,2019-10-01,995.0,247.68635900493376
sarimax,2019-11-01,847.0,163.45737546265812
sarimax,2019-12-01,781.0,243.09829571235355
sarimax,2020-01-01,1250.0,209.64065181930718
sarimax,2020-02-01,1815.0,205.98272642823565
sarimax,2020-03-01,2097.0,328.9706991733198
sarimax,2020-04-01,2341.0,463.1291928873861
sarimax,2019-06-01,1520.0,791.0624319336996
sarimax,2019-07-01,1746.0,747.3398474558376
sarimax,2019-08-01,1419.0,560.1518942937311
sarimax,2019-09-01,1484.0,469.0471890678946
sarimax,2019-10-01,995.0,449.3279160196771
sarimax,2019-11-01,847.0,332.5016492119582
sarimax,2019-12-01,781.0,385.5922145339959
sarimax,2020-01-01,1250.0,330.5402290365811
sarimax,2020-02-01,1815.0,309.32848785880014
sarimax,2020-03-01,2097.0,418.0721559295457
sarimax,2020-04-01,2341.0,540.6907455882069
sarimax,2020-05-01,2148.0,767.4500307013069
sarimax,2019-07-01,1746.0,1623.970774496931
sarimax,2019-08-01,1419.0,1531.1406338768
sarimax,2019-09-01,1484.0,1532.8513892244885
sarimax,2019-10-01,995.0,1575.9524427936963
sarimax,2019-11-01,847.0,1517.987307585943
sarimax,2019-12-01,781.0,1612.161851938697
sarimax,2020-01-01,1250.0,1594.740946089241
sarimax,2020-02-01,1815.0,1600.1722655085841
sarimax,2020-03-01,2097.0,1732.3319520398397
sarimax,2020-04-01,2341.0,1871.2986489985747
sarimax,2020-05-01,2148.0,2111.5243204936824
sarimax,2020-06-01,911.0,2453.0189950254303
sarimax,2019-08-01,1419.0,1641.413798087005
sarimax,2019-09-01,1484.0,1654.5113222751522
sarimax,2019-10-01,995.0,1685.1406274090164
sarimax,2019-11-01,847.0,1639.8786981090816
sarimax,2019-12-01,781.0,1720.355275413776
sarimax,2020-01-01,1250.0,1716.0816729507842
sarimax,2020-02-01,1815.0,1707.7460974890096
sarimax,2020-03-01,2097.0,1850.4368171110934
sarimax,2020-04-01,2341.0,1974.0100560253675
sarimax,2020-05-01,2148.0,2219.934052681104
sarimax,2020-06-01,911.0,2543.1724423993464
sarimax,2020-07-01,375.0,2724.210852688692
sarimax,2019-09-01,1484.0,1402.9959065191392
sarimax,2019-10-01,995.0,1458.9177384457776
sarimax,2019-11-01,847.0,1391.6111385852041
sarimax,2019-12-01,781.0,1492.37944465121
sarimax,2020-01-01,1250.0,1470.1329688617936
sarimax,2020-02-01,1815.0,1478.845024524046
sarimax,2020-03-01,2097.0,1608.1014196038327
sarimax,2020-04-01,2341.0,1748.1188862234142
sarimax,2020-05-01,2148.0,1985.8558804475206
sarimax,2020-06-01,911.0,2326.666943852636
sarimax,2020-07-01,375.0,2498.77825980468
sarimax,2020-08-01,290.0,2256.8532962742925
sarimax,2019-10-01,995.0,1544.1465904744882
sarimax,2019-11-01,847.0,1473.806389481204
sarimax,2019-12-01,781.0,1576.8097585252704
sarimax,2020-01-01,1250.0,1552.9637861868755
sarimax,2020-02-01,1815.0,1562.8874701264785
sarimax,2020-03-01,2097.0,1691.410712754982
sarimax,2020-04-01,2341.0,1832.2389307799563
sarimax,2020-05-01,2148.0,2069.8534271185586
sarimax,2020-06-01,911.0,2411.4184346038483
sarimax,2020-07-01,375.0,2583.4286614662774
sarimax,2020-08-01,290.0,2341.464726819019
sarimax,2020-09-01,186.0,2392.3272967550324
sarimax,2019-11-01,847.0,900.2000243325762
sarimax,2019-12-01,781.0,1021.2490344962932
sarimax,2020-01-01,1250.0,984.3620404527395
sarimax,2020-02-01,1815.0,1004.0951387402524
sarimax,2020-03-01,2097.0,1126.2988292605382
sarimax,2020-04-01,2341.0,1273.3397529125646
sarimax,2020-05-01,2148.0,1509.0971290489463
sarimax,2020-06-01,911.0,1855.8388205892377
sarimax,2020-07-01,375.0,2026.6398267169368
sarimax,2020-08-01,290.0,1784.9169162791698
sarimax,2020-09-01,186.0,1834.9369566718583
sarimax,2020-10-01,108.0,1510.2880639058924
sarimax,2019-12-01,781.0,966.626674575434
sarimax,2020-01-01,1250.0,930.7883778599852
sarimax,2020-02-01,1815.0,949.7213374688916
sarimax,2020-03-01,2097.0,1072.4602068043255
sarimax,2020-04-01,2341.0,1218.9905062183948
sarimax,2020-05-01,2148.0,1454.9375665988878
sarimax,2020-06-01,911.0,1801.2680955788799
sarimax,2020-07-01,375.0,1972.191242109008
sarimax,2020-08-01,290.0,1730.4223034651984
sarimax,2020-09-01,186.0,1780.524295898157
sarimax,2020-10-01,108.0,1455.96762601323
sarimax,2020-11-01,131.0,1342.5623255913495
sarimax,2020-01-01,1250.0,729.0514715214359
sarimax,2020-02-01,1815.0,765.38075853885
sarimax,2020-03-01,2097.0,867.4173575380436
sarimax,2020-04-01,2341.0,1030.5393800971638
sarimax,2020-05-01,2148.0,1242.600738006544
sarimax,2020-06-01,911.0,1601.5361627099487
sarimax,2020-07-01,375.0,1752.459412122635
sarimax,2020-08-01,290.0,1530.9563522789874
sarimax,2020-09-01,186.0,1564.159344385934
sarimax,2020-10-01,108.0,1260.876024031782
sarimax,2020-11-01,131.0,1134.158044764171
sarimax,2020-12-01,81.0,1135.542497580705
sarimax,2020-02-01,1815.0,1135.8685025609468
sarimax,2020-03-01,2097.0,1163.3738115665305
sarimax,2020-04-01,2341.0,1215.1158889920732
sarimax,2020-05-01,2148.0,1380.1918319773458
sarimax,2020-06-01,911.0,1659.3181020839838
sarimax,2020-07-01,375.0,1776.58189674236
sarimax,2020-08-01,290.0,1483.5309843450184
sarimax,2020-09-01,186.0,1493.3063161753648
sarimax,2020-10-01,108.0,1130.1515099150013
sarimax,2020-11-01,131.0,986.2487025878954
sarimax,2020-12-01,81.0,944.7087989320046
sarimax,2021-01-01,109.0,1240.061912285443
sarimax,2020-03-01,2097.0,1939.8976310852308
sarimax,2020-04-01,2341.0,2086.727618018395
sarimax,2020-05-01,2148.0,2325.651920292174
sarimax,2020-06-01,911.0,2674.3342697366375
sarimax,2020-07-01,375.0,2846.599496804181
sarimax,2020-08-01,290.0,2603.0834716810073
sarimax,2020-09-01,186.0,2653.6732236868347
sarimax,2020-10-01,108.0,2326.1743030828716
sarimax,2020-11-01,131.0,2212.3219630399485
sarimax,2020-12-01,81.0,2197.2672559223333
sarimax,2021-01-01,109.0,2515.826652285441
sarimax,2021-02-01,87.0,2912.104584146906
sarimax,2020-04-01,2341.0,2251.809263905653
sarimax,2020-05-01,2148.0,2486.628534549232
sarimax,2020-06-01,911.0,2840.273053617402
sarimax,2020-07-01,375.0,3010.459347770852
sarimax,2020-08-01,290.0,2768.0242513963913
sarimax,2020-09-01,186.0,2817.509804718337
sarimax,2020-10-01,108.0,2489.5666028611686
sarimax,2020-11-01,131.0,2374.8488812715345
sarimax,2020-12-01,81.0,2359.7978920074056
sarimax,2021-01-01,109.0,2679.2761130073904
sarimax,2021-02-01,87.0,3077.1052275082384
sarimax,2021-03-01,64.0,3326.3116164593416
sarimax,2020-05-01,2148.0,2581.193787398074
sarimax,2020-06-01,911.0,2933.434469265937
sarimax,2020-07-01,375.0,3106.160577801851
sarimax,2020-08-01,290.0,2861.534786935229
sarimax,2020-09-01,186.0,2912.157269275345
sarimax,2020-10-01,108.0,2582.055505652916
sarimax,2020-11-01,131.0,2467.523456489635
sarimax,2020-12-01,81.0,2451.668986306128
sarimax,2021-01-01,109.0,2772.742628494694
sarimax,2021-02-01,87.0,3171.921887412418
sarimax,2021-03-01,64.0,3421.542500810714
sarimax,2021-04-01,74.0,3658.593359223171
sarimax,2020-06-01,911.0,2481.1779816803464
sarimax,2020-07-01,375.0,2650.120417140302
sarimax,2020-08-01,290.0,2412.8327852544467
sarimax,2020-09-01,186.0,2462.4313030218773
sarimax,2020-10-01,108.0,2148.0423622301123
sarimax,2020-11-01,131.0,2036.7363438525283
sarimax,2020-12-01,81.0,2026.1090650275682
sarimax,2021-01-01,109.0,2332.142700238218
sarimax,2021-02-01,87.0,2715.18681744674
sarimax,2021-03-01,64.0,2961.1954646635186
sarimax,2021-04-01,74.0,3197.9514841714276
sarimax,2021-05-01,108.0,3194.456885244896
sarimax,2020-07-01,375.0,943.7990496201464
sarimax,2020-08-01,290.0,796.6301156755756
sarimax,2020-09-01,186.0,804.709603385375
sarimax,2020-10-01,108.0,554.085927398122
sarimax,2020-11-01,131.0,440.5442179684841
sarimax,2020-12-01,81.0,449.5326970101546
sarimax,2021-01-01,109.0,712.3962195969625
sarimax,2021-02-01,87.0,1052.0321451547445
sarimax,2021-03-01,64.0,1288.6624316353088
sarimax,2021-04-01,74.0,1523.6689616365986
sarimax,2021-05-01,108.0,1567.0627005090755
sarimax,2021-06-01,70.0,1068.7787054197506
sarimax,2020-08-01,290.0,158.98349109478312
sarimax,2020-09-01,186.0,205.70207469463344
sarimax,2020-10-01,108.0,0.0
sarimax,2020-11-01,131.0,0.0
sarimax,2020-12-01,81.0,0.0
sarimax,2021-01-01,109.0,100.59851144026618
sarimax,2021-02-01,87.0,438.5703921447291
sarimax,2021-03-01,64.0,676.5064906857729
sarimax,2021-04-01,74.0,910.8548557760188
sarimax,2021-05-01,108.0,954.1171169270951
sarimax,2021-06-01,70.0,454.0207606190837
sarimax,2021-07-01,52.0,237.79326331036305
sarimax,2020-09-01,186.0,353.4393434063516
sarimax,2020-10-01,108.0,75.69220658204941
sarimax,2020-11-01,131.0,0.0
sarimax,2020-12-01,81.0,0.0
sarimax,2021-01-01,109.0,244.7776238022409
sarimax,2021-02-01,87.0,580.2277148046479
sarimax,2021-03-01,64.0,817.8148197031901
sarimax,2021-04-01,74.0,1052.0249691112222
sarimax,2021-05-01,108.0,1097.6917895066788
sarimax,2021-06-01,70.0,605.0343504597923
sarimax,2021-07-01,52.0,392.041132037826
sarimax,2021-08-01,89.0,204.4586034597702
sarimax,2020-10-01,108.0,0.0
sarimax,2020-11-01,131.0,0.0
sarimax,2020-12-01,81.0,0.0
sarimax,2021-01-01,109.0,62.15323598098635
sarimax,2021-02-01,87.0,395.47849522698914
sarimax,2021-03-01,64.0,633.3551293137854
sarimax,2021-04-01,74.0,867.2950433517618
sarimax,2021-05-01,108.0,914.1563072675133
sarimax,2021-06-01,70.0,424.85539006069484
sarimax,2021-07-01,52.0,213.3606766984846
sarimax,2021-08-01,89.0,25.299262784787004
sarimax,2021-09-01,87.0,0.0
sarimax,2020-11-01,131.0,53.506185728004255
sarimax,2020-12-01,81.0,37.34207019124776
sarimax,2021-01-01,109.0,305.08252659324563
sarimax,2021-02-01,87.0,627.2919989339143
sarimax,2021-03-01,64.0,865.4695326563477
sarimax,2021-04-01,74.0,1098.2321308235105
sarimax,2021-05-01,108.0,1153.3303929969588
sarimax,2021-06-01,70.0,688.2143999585961
sarimax,2021-07-01,52.0,487.4014342924249
sarimax,2021-08-01,89.0,295.93108742830844
sarimax,2021-09-01,87.0,266.2713813139228
sarimax,2021-10-01,78.0,7.534506418140779
sarimax,2020-12-01,81.0,126.13993459357172
sarimax,2021-01-01,109.0,388.4488167372734
sarimax,2021-02-01,87.0,713.3525434212196
sarimax,2021-03-01,64.0,950.2598231693624
sarimax,2021-04-01,74.0,1183.6428420361008
sarimax,2021-05-01,108.0,1238.3928120699698
sarimax,2021-06-01,70.0,773.2669090745277
sarimax,2021-07-01,52.0,572.3172554895364
sarimax,2021-08-01,89.0,380.901851287966
sarimax,2021-09-01,87.0,351.2110334935437
sarimax,2021-10-01,78.0,92.51812093176602
sarimax,2021-11-01,74.0,40.34436717405424
sarimax,2021-01-01,109.0,337.24986816178273
sarimax,2021-02-01,87.0,665.8403948198608
sarimax,2021-03-01,64.0,901.3851795380413
sarimax,2021-04-01,74.0,1135.490846072028
sarimax,2021-05-01,108.0,1189.3119297002402
sarimax,2021-06-01,70.0,722.4769963945114
sarimax,2021-07-01,52.0,520.6435455359854
sarimax,2021-08-01,89.0,329.52040420452505
sarimax,2021-09-01,87.0,299.63338214973953
sarimax,2021-10-01,78.0,41.38502713865989
sarimax,2021-11-01,74.0,0.0
sarimax,2021-12-01,19.0,0.0
sarimax,2021-02-01,87.0,398.29283451011963
sarimax,2021-03-01,64.0,647.5429591919797
sarimax,2021-04-01,74.0,874.3334533085799
sarimax,2021-05-01,108.0,938.6900079776204
sarimax,2021-06-01,70.0,492.98948690054044
sarimax,2021-07-01,52.0,301.698930324907
sarimax,2021-08-01,89.0,107.12206294791957
sarimax,2021-09-01,87.0,79.5700348520626
sarimax,2021-10-01,78.0,0.0
sarimax,2021-11-01,74.0,0.0
sarimax,2021-12-01,19.0,0.0
sarimax,2022-01-01,56.0,0.0
sarimax,2021-03-01,64.0,288.31947467571257
sarimax,2021-04-01,74.0,536.357457018735
sarimax,2021-05-01,108.0,598.4285419027179
sarimax,2021-06-01,70.0,181.4304608499964
sarimax,2021-07-01,52.0,0.0
sarimax,2021-08-01,89.0,0.0
sarimax,2021-09-01,87.0,0.0
sarimax,2021-10-01,78.0,0.0
sarimax,2021-11-01,74.0,0.0
sarimax,2021-12-01,19.0,0.0
sarimax,2022-01-01,56.0,0.0
sarimax,2022-02-01,66.0,0.0
sarimax,2021-04-01,74.0,277.38041103236407
sarimax,2021-05-01,108.0,355.7712523569174
sarimax,2021-06-01,70.0,0.0
sarimax,2021-07-01,52.0,0.0
sarimax,2021-08-01,89.0,0.0
sarimax,2021-09-01,87.0,0.0
sarimax,2021-10-01,78.0,0.0
sarimax,2021-11-01,74.0,0.0
sarimax,2021-12-01,19.0,0.0
sarimax,2022-01-01,56.0,0.0
sarimax,2022-02-01,66.0,0.0
sarimax,2022-03-01,106.0,0.0
sarimax,2021-05-01,108.0,120.274426114894
sarimax,2021-06-01,70.0,0.0
sarimax,2021-07-01,52.0,0.0
sarimax,2021-08-01,89.0,0.0
sarimax,2021-09-01,87.0,0.0
sarimax,2021-10-01,78.0,0.0
sarimax,2021-11-01,74.0,0.0
sarimax,2021-12-01,19.0,0.0
sarimax,2022-01-01,56.0,0.0
sarimax,2022-02-01,66.0,0.0
sarimax,2022-03-01,106.0,0.0
sarimax,2022-04-01,210.0,0.0
sarimax,2021-06-01,70.0,0.0
sarimax,2021-07-01,52.0,0.0
sarimax,2021-08-01,89.0,0.0
sarimax,2021-09-01,87.0,0.0
sarimax,2021-10-01,78.0,0.0
sarimax,2021-11-01,74.0,0.0
sarimax,2021-12-01,19.0,0.0
sarimax,2022-01-01,56.0,0.0
sarimax,2022-02-01,66.0,0.0
sarimax,2022-03-01,106.0,0.0
sarimax,2022-04-01,210.0,0.0
sarimax,2022-05-01,363.0,0.0
sarimax,2021-07-01,52.0,0.0
sarimax,2021-08-01,89.0,0.0
sarimax,2021-09-01,87.0,0.0
sarimax,2021-10-01,78.0,0.0
sarimax,2021-11-01,74.0,0.0
sarimax,2021-12-01,19.0,0.0
sarimax,2022-01-01,56.0,0.0
sarimax,2022-02-01,66.0,0.0
sarimax,2022-03-01,106.0,0.0
sarimax,2022-04-01,210.0,116.801516878418
sarimax,2022-05-01,363.0,33.82245173239457
sarimax,2022-06-01,228.0,0.0
sarimax,2021-08-01,89.0,0.0
sarimax,2021-09-01,87.0,0.0
sarimax,2021-10-01,78.0,0.0
sarimax,2021-11-01,74.0,0.0
sarimax,2021-12-01,19.0,0.0
sarimax,2022-01-01,56.0,0.0
sarimax,2022-02-01,66.0,0.0
sarimax,2022-03-01,106.0,79.92195836527645
sarimax,2022-04-01,210.0,211.27460755592148
sarimax,2022-05-01,363.0,127.54699990757848
sarimax,2022-06-01,228.0,0.0
sarimax,2022-07-01,460.0,0.0
sarimax,2021-09-01,87.0,113.54665320626904
sarimax,2021-10-01,78.0,0.0
sarimax,2021-11-01,74.0,0.0
sarimax,2021-12-01,19.0,0.0
sarimax,2022-01-01,56.0,0.0
sarimax,2022-02-01,66.0,222.8000456464424
sarimax,2022-03-01,106.0,356.86097654670124
sarimax,2022-04-01,210.0,487.0294941547669
sarimax,2022-05-01,363.0,404.3916911677971
sarimax,2022-06-01,228.0,0.0
sarimax,2022-07-01,460.0,0.0
sarimax,2022-08-01,386.0,0.0
sarimax,2021-10-01,78.0,0.0
sarimax,2021-11-01,74.0,0.0
sarimax,2021-12-01,19.0,0.0
sarimax,2022-01-01,56.0,0.0
sarimax,2022-02-01,66.0,193.27277909608776
sarimax,2022-03-01,106.0,327.29667082818645
sarimax,2022-04-01,210.0,457.3623998910365
sarimax,2022-05-01,363.0,374.8099065351312
sarimax,2022-06-01,228.0,0.0
sarimax,2022-07-01,460.0,0.0
sarimax,2022-08-01,386.0,0.0
sarimax,2022-09-01,269.0,0.0
sarimax,2021-11-01,74.0,69.18038871451508
sarimax,2021-12-01,19.0,0.0
sarimax,2022-01-01,56.0,247.96342472612824
sarimax,2022-02-01,66.0,517.666774007851
sarimax,2022-03-01,106.0,649.7055328980651
sarimax,2022-04-01,210.0,776.8508689141484
sarimax,2022-05-01,363.0,696.8582785769956
sarimax,2022-06-01,228.0,55.29212522266505
sarimax,2022-07-01,460.0,0.0
sarimax,2022-08-01,386.0,0.0
sarimax,2022-09-01,269.0,0.0
sarimax,2022-10-01,347.0,0.0
sarimax,2021-12-01,19.0,0.0
sarimax,2022-01-01,56.0,253.18647000459646
sarimax,2022-02-01,66.0,522.9796221472271
sarimax,2022-03-01,106.0,654.952285649153
sarimax,2022-04-01,210.0,782.1054362841969
sarimax,2022-05-01,363.0,702.1166815124841
sarimax,2022-06-01,228.0,60.61832229872755
sarimax,2022-07-01,460.0,0.0
sarimax,2022-08-01,386.0,0.0
sarimax,2022-09-01,269.0,0.0
sarimax,2022-10-01,347.0,0.0
sarimax,2022-11-01,205.0,0.0
sarimax,2022-01-01,56.0,281.3206646158434
sarimax,2022-02-01,66.0,549.6396940823821
sarimax,2022-03-01,106.0,682.1663487605099
sarimax,2022-04-01,210.0,809.075831032713
sarimax,2022-05-01,363.0,729.1927496004488
sarimax,2022-06-01,228.0,87.73446961329046
sarimax,2022-07-01,460.0,0.0
sarimax,2022-08-01,386.0,0.0
sarimax,2022-09-01,269.0,0.0
sarimax,2022-10-01,347.0,0.0
sarimax,2022-11-01,205.0,0.0
sarimax,2022-12-01,188.0,0.0
sarimax,2022-02-01,66.0,286.03695460730086
sarimax,2022-03-01,106.0,428.7494953076849
sarimax,2022-04-01,210.0,549.0979522073167
sarimax,2022-05-01,363.0,472.7694043883458
sarimax,2022-06-01,228.0,0.0
sarimax,2022-07-01,460.0,0.0
sarimax,2022-08-01,386.0,0.0
sarimax,2022-09-01,269.0,0.0
sarimax,2022-10-01,347.0,0.0
sarimax,2022-11-01,205.0,0.0
sarimax,2022-12-01,188.0,0.0
sarimax,2023-01-01,777.0,0.0
sarimax,2022-03-01,106.0,171.81033755400236
sarimax,2022-04-01,210.0,303.0919691424222
sarimax,2022-05-01,363.0,223.82828525212875
sarimax,2022-06-01,228.0,0.0
sarimax,2022-07-01,460.0,0.0
sarimax,2022-08-01,386.0,0.0
sarimax,2022-09-01,269.0,0.0
sarimax,2022-10-01,347.0,0.0
sarimax,2022-11-01,205.0,0.0
sarimax,2022-12-01,188.0,0.0
sarimax,2023-01-01,777.0,0.0
sarimax,2023-02-01,800.0,0.0
sarimax,2022-04-01,210.0,226.4349435791404
sarimax,2022-05-01,363.0,151.47800775076664
sarimax,2022-06-01,228.0,0.0
sarimax,2022-07-01,460.0,0.0
sarimax,2022-08-01,386.0,0.0
sarimax,2022-09-01,269.0,0.0
sarimax,2022-10-01,347.0,0.0
sarimax,2022-11-01,205.0,0.0
sarimax,2022-12-01,188.0,0.0
sarimax,2023-01-01,777.0,0.0
sarimax,2023-02-01,800.0,0.0
sarimax,2023-03-01,942.0,0.0
sarimax,2022-05-01,363.0,132.42431715796033
sarimax,2022-06-01,228.0,0.0
sarimax,2022-07-01,460.0,0.0
sarimax,2022-08-01,386.0,0.0
sarimax,2022-09-01,269.0,0.0
sarimax,2022-10-01,347.0,0.0
sarimax,2022-11-01,205.0,0.0
sarimax,2022-12-01,188.0,0.0
sarimax,2023-01-01,777.0,0.0
sarimax,2023-02-01,800.0,0.0
sarimax,2023-03-01,942.0,0.0
sarimax,2023-04-01,1934.0,0.0
sarimax,2022-06-01,228.0,0.0
sarimax,2022-07-01,460.0,0.0
sarimax,2022-08-01,386.0,0.0
sarimax,2022-09-01,269.0,0.0
sarimax,2022-10-01,347.0,0.0
sarimax,2022-11-01,205.0,0.0
sarimax,2022-12-01,188.0,0.0
sarimax,2023-01-01,777.0,0.0
sarimax,2023-02-01,800.0,0.0
sarimax,2023-03-01,942.0,0.0
sarimax,2023-04-01,1934.0,0.0
sarimax,2023-05-01,2531.0,0.0
sarimax,2022-07-01,460.0,36.77652085637237
sarimax,2022-08-01,386.0,0.22315290261222742
sarimax,2022-09-01,269.0,0.0
sarimax,2022-10-01,347.0,0.0
sarimax,2022-11-01,205.0,0.0
sarimax,2022-12-01,188.0,0.0
sarimax,2023-01-01,777.0,0.0
sarimax,2023-02-01,800.0,0.0
sarimax,2023-03-01,942.0,0.0
sarimax,2023-04-01,1934.0,0.0
sarimax,2023-05-01,2531.0,75.77294638540894
sarimax,2023-06-01,2870.0,0.0
sarimax,2022-08-01,386.0,508.6631613736989
sarimax,2022-09-01,269.0,446.8620412696353
sarimax,2022-10-01,347.0,411.4882580100502
sarimax,2022-11-01,205.0,418.37063978688985
sarimax,2022-12-01,188.0,365.75416679714226
sarimax,2023-01-01,777.0,398.78724630479536
sarimax,2023-02-01,800.0,394.86937279972494
sarimax,2023-03-01,942.0,407.44273232956465
sarimax,2023-04-01,1934.0,470.5252577096692
sarimax,2023-05-01,2531.0,571.7244809094952
sarimax,2023-06-01,2870.0,478.9485526660571
sarimax,2023-07-01,3293.0,602.1237129888506
sarimax,2022-09-01,269.0,299.98357428135074
sarimax,2022-10-01,347.0,271.5297765485995
sarimax,2022-11-01,205.0,276.43362333555194
sarimax,2022-12-01,188.0,224.3962249642736
sarimax,2023-01-01,777.0,257.2561062723118
sarimax,2023-02-01,800.0,253.341836786331
sarimax,2023-03-01,942.0,265.8206009436208
sarimax,2023-04-01,1934.0,328.7842979051468
sarimax,2023-05-01,2531.0,429.82769289479955
sarimax,2023-06-01,2870.0,337.1782624410759
sarimax,2023-07-01,3293.0,460.02801120430485
sarimax,2023-08-01,1368.0,434.4907084825969
sarimax,2022-10-01,347.0,234.82956890798798
sarimax,2022-11-01,205.0,241.2669572473084
sarimax,2022-12-01,188.0,188.81963503410276
sarimax,2023-01-01,777.0,221.78865046834895
sarimax,2023-02-01,800.0,217.84180165405866
sarimax,2023-03-01,942.0,230.3223665724279
sarimax,2023-04-01,1934.0,293.2748468863006
sarimax,2023-05-01,2531.0,394.30728841843575
sarimax,2023-06-01,2870.0,301.6670967045192
sarimax,2023-07-01,3293.0,424.4926835866455
sarimax,2023-08-01,1368.0,398.96611590736495
sarimax,2023-09-01,723.0,332.18632377013057
sarimax,2022-11-01,205.0,374.0708282821362
sarimax,2022-12-01,188.0,315.63328959009317
sarimax,2023-01-01,777.0,350.3432901878858
sarimax,2023-02-01,800.0,345.90472992683965
sarimax,2023-03-01,942.0,358.55631802417906
sarimax,2023-04-01,1934.0,421.5030890815563
sarimax,2023-05-01,2531.0,522.5944421418499
sarimax,2023-06-01,2870.0,429.9127049981114
sarimax,2023-07-01,3293.0,552.8371709404923
sarimax,2023-08-01,1368.0,527.266860741303
sarimax,2023-09-01,723.0,460.44215113096936
sarimax,2023-10-01,757.0,500.4834926490879
sarimax,2022-12-01,188.0,115.01847578539076
sarimax,2023-01-01,777.0,159.65695066783775
sarimax,2023-02-01,800.0,152.1046603463575
sarimax,2023-03-01,942.0,165.7515453183807
sarimax,2023-04-01,1934.0,228.41228675529527
sarimax,2023-05-01,2531.0,329.6279235661447
sarimax,2023-06-01,2870.0,236.89333207444383
sarimax,2023-07-01,3293.0,359.88543819260576
sarimax,2023-08-01,1368.0,334.2863371490205
sarimax,2023-09-01,723.0,267.43581160466357
sarimax,2023-10-01,757.0,307.4970964697832
sarimax,2023-11-01,520.0,225.67534497129358
sarimax,2023-01-01,777.0,246.19440539522293
sarimax,2023-02-01,800.0,234.3321020461647
sarimax,2023-03-01,942.0,249.34382658339626
sarimax,2023-04-01,1934.0,311.56394536823564
sarimax,2023-05-01,2531.0,412.9102923303824
sarimax,2023-06-01,2870.0,320.137867055358
sarimax,2023-07-01,3293.0,443.1283913564164
sarimax,2023-08-01,1368.0,417.5317546801536
sarimax,2023-09-01,723.0,350.68976308553954
sarimax,2023-10-01,757.0,390.74520780488433
sarimax,2023-11-01,520.0,308.93215525354844
sarimax,2023-12-01,360.0,275.35892840824744
sarimax,2023-02-01,800.0,864.2193684697029
sarimax,2023-03-01,942.0,846.0684738011361
sarimax,2023-04-01,1934.0,919.466722677962
sarimax,2023-05-01,2531.0,1017.1457583677798
sarimax,2023-06-01,2870.0,925.5727156586687
sarimax,2023-07-01,3293.0,1048.2775946638892
sarimax,2023-08-01,1368.0,1022.7622631483315
sarimax,2023-09-01,723.0,955.8112423617133
sarimax,2023-10-01,757.0,995.9292699406087
sarimax,2023-11-01,520.0,914.0368015043977
sarimax,2023-12-01,360.0,880.4857654219792
sarimax,2024-01-01,766.0,1229.034692405289
sarimax,2023-03-01,942.0,769.8041783788427
sarimax,2023-04-01,1934.0,847.6803019416054
sarimax,2023-05-01,2531.0,943.6379294634894
sarimax,2023-06-01,2870.0,852.7203961230505
sarimax,2023-07-01,3293.0,975.1089454241502
sarimax,2023-08-01,1368.0,949.716289615002
sarimax,2023-09-01,723.0,882.7750040676015
sarimax,2023-10-01,757.0,922.8736544770051
sarimax,2023-11-01,520.0,841.0255180421277
sarimax,2023-12-01,360.0,807.4626204431937
sarimax,2024-01-01,766.0,1155.8175957842554
sarimax,2024-02-01,3890.0,1173.1506400914848
sarimax,2023-04-01,1934.0,1050.534722072234
sarimax,2023-05-01,2531.0,1136.4537419725712
sarimax,2023-06-01,2870.0,1048.8158791735416
sarimax,2023-07-01,3293.0,1170.228162572017
sarimax,2023-08-01,1368.0,1145.1428071661999
sarimax,2023-09-01,723.0,1078.0290845102397
sarimax,2023-10-01,757.0,1118.2075621621314
sarimax,2023-11-01,520.0,1036.2815523958616
sarimax,2023-12-01,360.0,1002.7407520257052
sarimax,2024-01-01,766.0,1351.3551456632454
sarimax,2024-02-01,3890.0,1368.694772104201
sarimax,2024-03-01,4331.0,1466.2758698137281
sarimax,2023-05-01,2531.0,2186.1769078583184
sarimax,2023-06-01,2870.0,2034.6078927218337
sarimax,2023-07-01,3293.0,2181.8184562107754
sarimax,2023-08-01,1368.0,2146.7411378545166
sarimax,2023-09-01,723.0,2082.504989902271
sarimax,2023-10-01,757.0,2121.837539737999
sarimax,2023-11-01,520.0,2039.5998305083351
sarimax,2023-12-01,360.0,2006.0866083147655
sarimax,2024-01-01,766.0,2358.146213937326
sarimax,2024-02-01,3890.0,2375.534752629183
sarimax,2024-03-01,4331.0,2473.7496428712907
sarimax,2024-04-01,2181.0,3084.45753598428
sarimax,2023-06-01,2870.0,2453.7629833412925
sarimax,2023-07-01,3293.0,2574.2881919737665
sarimax,2023-08-01,1368.0,2549.090656110353
sarimax,2023-09-01,723.0,2480.563455553525
sarimax,2023-10-01,757.0,2521.678133147038
sarimax,2023-11-01,520.0,2438.373537592761
sarimax,2023-12-01,360.0,2405.2124697473078
sarimax,2024-01-01,766.0,2759.2463151477345
sarimax,2024-02-01,3890.0,2776.714098726703
sarimax,2024-03-01,4331.0,2875.2968242799484
sarimax,2024-04-01,2181.0,3489.3147586101004
sarimax,2024-05-01,1432.0,3897.3236262432933
sarimax,2023-07-01,3293.0,3079.777410066866
sarimax,2023-08-01,1368.0,3037.6916995337547
sarimax,2023-09-01,723.0,2972.829706132688
sarimax,2023-10-01,757.0,3013.034008664176
sarimax,2023-11-01,520.0,2930.242268875232
sarimax,2023-12-01,360.0,2896.947450702537
sarimax,2024-01-01,766.0,3249.5084658428686
sarimax,2024-02-01,3890.0,3266.939467888082
sarimax,2024-03-01,4331.0,3365.2491554947883
sarimax,2024-04-01,2181.0,3976.885436174009
sarimax,2024-05-01,1432.0,4383.703590684835
sarimax,2024-06-01,1147.0,4519.671615724842
sarimax,2023-08-01,1368.0,3298.2303967386715
sarimax,2023-09-01,723.0,3223.8269936053775
sarimax,2023-10-01,757.0,3266.116119180063
sarimax,2023-11-01,520.0,3182.414093788697
sarimax,2023-12-01,360.0,3149.3420536381486
sarimax,2024-01-01,766.0,3504.230964321692
sarimax,2024-02-01,3890.0,3521.7192886438947
sarimax,2024-03-01,4331.0,3620.4608727367972
sarimax,2024-04-01,2181.0,4235.860948088599
sarimax,2024-05-01,1432.0,4644.560944618342
sarimax,2024-06-01,1147.0,4782.537982322162
sarimax,2024-07-01,725.0,5124.535057391978
sarimax,2023-09-01,723.0,901.4212096556879
sarimax,2023-10-01,757.0,1119.5834937690188
sarimax,2023-11-01,520.0,955.5960032208893
sarimax,2023-12-01,360.0,957.6067424517569
sarimax,2024-01-01,766.0,1309.324258010818
sarimax,2024-02-01,3890.0,1333.8101058827258
sarimax,2024-03-01,4331.0,1431.7969736330174
sarimax,2024-04-01,2181.0,2067.814182700983
sarimax,2024-05-01,1432.0,2485.583193575809
sarimax,2024-06-01,1147.0,2634.120854567452
sarimax,2024-07-01,725.0,2980.1556337747397
sarimax,2024-08-01,703.0,1799.9792502183234
sarimax,2023-10-01,757.0,909.1690833881561
sarimax,2023-11-01,520.0,764.6873973326568
sarimax,2023-12-01,360.0,755.7672590158176
sarimax,2024-01-01,766.0,1114.4973309000272
sarimax,2024-02-01,3890.0,1136.0876352113594
sarimax,2024-03-01,4331.0,1235.7438167514913
sarimax,2024-04-01,2181.0,1873.0434828987025
sarimax,2024-05-01,1432.0,2292.135331891036
sarimax,2024-06-01,1147.0,2441.572979248212
sarimax,2024-07-01,725.0,2788.1070395974975
sarimax,2024-08-01,703.0,1603.7691326778377
sarimax,2024-09-01,721.0,1170.0326137707586
sarimax,2023-11-01,520.0,587.3790585865997
sarimax,2023-12-01,360.0,586.9969083347502
sarimax,2024-01-01,766.0,942.2276894498025
sarimax,2024-02-01,3890.0,964.7080204129355
sarimax,2024-03-01,4331.0,1063.9688430472738
sarimax,2024-04-01,2181.0,1700.280826573201
sarimax,2024-05-01,1432.0,2118.8247281821264
sarimax,2024-06-01,1147.0,2267.6966823119265
sarimax,2024-07-01,725.0,2614.003583949803
sarimax,2024-08-01,703.0,1431.8792853799596
sarimax,2024-09-01,721.0,998.775413438249
sarimax,2024-10-01,471.0,1050.4361234358284
sarimax,2023-12-01,360.0,507.8050984017315
sarimax,2024-01-01,766.0,867.791691961948
sarimax,2024-02-01,3890.0,888.6943571937968
sarimax,2024-03-01,4331.0,988.6093486062509
sarimax,2024-04-01,2181.0,1625.3758788496405
sarimax,2024-05-01,1432.0,2044.3272861303963
sarimax,2024-06-01,1147.0,2193.5266058974867
sarimax,2024-07-01,725.0,2539.985953233343
sarimax,2024-08-01,703.0,1356.4742015852667
sarimax,2024-09-01,721.0,922.9767118654368
sarimax,2024-10-01,471.0,974.6041127950695
sarimax,2024-11-01,358.0,775.6586547737716
sarimax,2024-01-01,766.0,690.2591126059509
sarimax,2024-02-01,3890.0,721.9171580419085
sarimax,2024-03-01,4331.0,817.8182090159454
sarimax,2024-04-01,2181.0,1455.415828225878
sarimax,2024-05-01,1432.0,1873.5340757000781
sarimax,2024-06-01,1147.0,2022.5991284428492
sarimax,2024-07-01,725.0,2368.856821100946
sarimax,2024-08-01,703.0,1186.6459475226382
sarimax,2024-09-01,721.0,753.5030354426397
sarimax,2024-10-01,471.0,805.1640966658174
sarimax,2024-11-01,358.0,606.2828911533236
sarimax,2024-12-01,371.0,503.66531241091735
lgbm,2014-01-01,348.0,485.2916666666667
lgbm,2014-02-01,537.0,485.2916666666667
lgbm,2014-03-01,1140.0,485.2916666666667
lgbm,2014-04-01,1529.0,485.2916666666667
lgbm,2014-05-01,1204.0,485.2916666666667
lgbm,2014-06-01,953.0,485.2916666666667
lgbm,2014-07-01,586.0,485.2916666666667
lgbm,2014-08-01,515.0,485.2916666666667
lgbm,2014-09-01,306.0,485.2916666666667
lgbm,2014-10-01,315.0,485.2916666666667
lgbm,2014-11-01,356.0,485.2916666666667
lgbm,2014-12-01,228.0,485.2916666666667
lgbm,2014-02-01,537.0,479.8
lgbm,2014-03-01,1140.0,479.8
lgbm,2014-04-01,1529.0,479.8
lgbm,2014-05-01,1204.0,479.8
lgbm,2014-06-01,953.0,479.8
lgbm,2014-07-01,586.0,479.8
lgbm,2014-08-01,515.0,479.8
lgbm,2014-09-01,306.0,479.8
lgbm,2014-10-01,315.0,479.8
lgbm,2014-11-01,356.0,479.8
lgbm,2014-12-01,228.0,479.8
lgbm,2015-01-01,233.0,479.8
lgbm,2014-03-01,1140.0,482.0
lgbm,2014-04-01,1529.0,482.0
lgbm,2014-05-01,1204.0,482.0
lgbm,2014-06-01,953.0,482.0
lgbm,2014-07-01,586.0,482.0
lgbm,2014-08-01,515.0,482.0
lgbm,2014-09-01,306.0,482.0
lgbm,2014-10-01,315.0,482.0
lgbm,2014-11-01,356.0,482.0
lgbm,2014-12-01,228.0,482.0
lgbm,2015-01-01,233.0,482.0
lgbm,2015-02-01,277.0,482.0
lgbm,2014-04-01,1529.0,506.3703703703704
lgbm,2014-05-01,1204.0,506.3703703703704
lgbm,2014-06-01,953.0,506.3703703703704
lgbm,2014-07-01,586.0,506.3703703703704
lgbm,2014-08-01,515.0,506.3703703703704
lgbm,2014-09-01,306.0,506.3703703703704
lgbm,2014-10-01,315.0,506.3703703703704
lgbm,2014-11-01,356.0,506.3703703703704
lgbm,2014-12-01,228.0,506.3703703703704
lgbm,2015-01-01,233.0,506.3703703703704
lgbm,2015-02-01,277.0,506.3703703703704
lgbm,2015-03-01,756.0,506.3703703703704
lgbm,2014-05-01,1204.0,542.8928571428571
lgbm,2014-06-01,953.0,542.8928571428571
lgbm,2014-07-01,586.0,542.8928571428571
lgbm,2014-08-01,515.0,542.8928571428571
lgbm,2014-09-01,306.0,542.8928571428571
lgbm,2014-10-01,315.0,542.8928571428571
lgbm,2014-11-01,356.0,542.8928571428571
lgbm,2014-12-01,228.0,542.8928571428571
lgbm,2015-01-01,233.0,542.8928571428571
lgbm,2015-02-01,277.0,542.8928571428571
lgbm,2015-03-01,756.0,542.8928571428571
lgbm,2015-04-01,1079.0,542.8928571428571
lgbm,2014-06-01,953.0,565.6896551724138
lgbm,2014-07-01,586.0,565.6896551724138
lgbm,2014-08-01,515.0,565.6896551724138
lgbm,2014-09-01,306.0,565.6896551724138
lgbm,2014-10-01,315.0,565.6896551724138
lgbm,2014-11-01,356.0,565.6896551724138
lgbm,2014-12-01,228.0,565.6896551724138
lgbm,2015-01-01,233.0,565.6896551724138
lgbm,2015-02-01,277.0,565.6896551724138
lgbm,2015-03-01,756.0,565.6896551724138
lgbm,2015-04-01,1079.0,565.6896551724138
lgbm,2015-05-01,1256.0,565.6896551724138
lgbm,2014-07-01,586.0,578.6
lgbm,2014-08-01,515.0,578.6
lgbm,2014-09-01,306.0,578.6
lgbm,2014-10-01,315.0,578.6
lgbm,2014-11-01,356.0,578.6
lgbm,2014-12-01,228.0,578.6
lgbm,2015-01-01,233.0,578.6
lgbm,2015-02-01,277.0,578.6
lgbm,2015-03-01,756.0,578.6
lgbm,2015-04-01,1079.0,578.6
lgbm,2015-05-01,1256.0,578.6
lgbm,2015-06-01,949.0,578.6
lgbm,2014-08-01,515.0,578.8387096774194
lgbm,2014-09-01,306.0,578.8387096774194
lgbm,2014-10-01,315.0,578.8387096774194
lgbm,2014-11-01,356.0,578.8387096774194
lgbm,2014-12-01,228.0,578.8387096774194
lgbm,2015-01-01,233.0,578.8387096774194
lgbm,2015-02-01,277.0,578.8387096774194
lgbm,2015-03-01,756.0,578.8387096774194
lgbm,2015-04-01,1079.0,578.8387096774194
lgbm,2015-05-01,1256.0,578.8387096774194
lgbm,2015-06-01,949.0,578.8387096774194
lgbm,2015-07-01,1211.0,578.8387096774194
lgbm,2014-09-01,306.0,576.84375
lgbm,2014-10-01,315.0,576.84375
lgbm,2014-11-01,356.0,576.84375
lgbm,2014-12-01,228.0,576.84375
lgbm,2015-01-01,233.0,576.84375
lgbm,2015-02-01,277.0,576.84375
lgbm,2015-03-01,756.0,576.84375
lgbm,2015-04-01,1079.0,576.84375
lgbm,2015-05-01,1256.0,576.84375
lgbm,2015-06-01,949.0,576.84375
lgbm,2015-07-01,1211.0,576.84375
lgbm,2015-08-01,1120.0,576.84375
lgbm,2014-10-01,315.0,568.6363636363636
lgbm,2014-11-01,356.0,568.6363636363636
lgbm,2014-12-01,228.0,568.6363636363636
lgbm,2015-01-01,233.0,568.6363636363636
lgbm,2015-02-01,277.0,568.6363636363636
lgbm,2015-03-01,756.0,568.6363636363636
lgbm,2015-04-01,1079.0,568.6363636363636
lgbm,2015-05-01,1256.0,568.6363636363636
lgbm,2015-06-01,949.0,568.6363636363636
lgbm,2015-07-01,1211.0,568.6363636363636
lgbm,2015-08-01,1120.0,568.6363636363636
lgbm,2015-09-01,773.0,568.6363636363636
lgbm,2014-11-01,356.0,561.1764705882352
lgbm,2014-12-01,228.0,561.1764705882352
lgbm,2015-01-01,233.0,561.1764705882352
lgbm,2015-02-01,277.0,561.1764705882352
lgbm,2015-03-01,756.0,561.1764705882352
lgbm,2015-04-01,1079.0,561.1764705882352
lgbm,2015-05-01,1256.0,561.1764705882352
lgbm,2015-06-01,949.0,561.1764705882352
lgbm,2015-07-01,1211.0,561.1764705882352
lgbm,2015-08-01,1120.0,561.1764705882352
lgbm,2015-09-01,773.0,561.1764705882352
lgbm,2015-10-01,389.0,561.1764705882352
lgbm,2014-12-01,228.0,555.3142857142857
lgbm,2015-01-01,233.0,555.3142857142857
lgbm,2015-02-01,277.0,555.3142857142857
lgbm,2015-03-01,756.0,555.3142857142857
lgbm,2015-04-01,1079.0,555.3142857142857
lgbm,2015-05-01,1256.0,555.3142857142857
lgbm,2015-06-01,949.0,555.3142857142857
lgbm,2015-07-01,1211.0,555.3142857142857
lgbm,2015-08-01,1120.0,555.3142857142857
lgbm,2015-09-01,773.0,555.3142857142857
lgbm,2015-10-01,389.0,555.3142857142857
lgbm,2015-11-01,380.0,555.3142857142857
lgbm,2015-01-01,233.0,546.2222222222222
lgbm,2015-02-01,277.0,546.2222222222222
lgbm,2015-03-01,756.0,546.2222222222222
lgbm,2015-04-01,1079.0,546.2222222222222
lgbm,2015-05-01,1256.0,546.2222222222222
lgbm,2015-06-01,949.0,546.2222222222222
lgbm,2015-07-01,1211.0,546.2222222222222
lgbm,2015-08-01,1120.0,546.2222222222222
lgbm,2015-09-01,773.0,546.2222222222222
lgbm,2015-10-01,389.0,546.2222222222222
lgbm,2015-11-01,380.0,546.2222222222222
lgbm,2015-12-01,273.0,546.2222222222222
lgbm,2015-02-01,277.0,537.7567567567568
lgbm,2015-03-01,756.0,537.7567567567568
lgbm,2015-04-01,1079.0,537.7567567567568
lgbm,2015-05-01,1256.0,537.7567567567568
lgbm,2015-06-01,949.0,537.7567567567568
lgbm,2015-07-01,1211.0,537.7567567567568
lgbm,2015-08-01,1120.0,537.7567567567568
lgbm,2015-09-01,773.0,537.7567567567568
lgbm,2015-10-01,389.0,537.7567567567568
lgbm,2015-11-01,380.0,537.7567567567568
lgbm,2015-12-01,273.0,537.7567567567568
lgbm,2016-01-01,419.0,537.7567567567568
lgbm,2015-03-01,756.0,530.8947368421053
lgbm,2015-04-01,1079.0,530.8947368421053
lgbm,2015-05-01,1256.0,530.8947368421053
lgbm,2015-06-01,949.0,530.8947368421053
lgbm,2015-07-01,1211.0,530.8947368421053
lgbm,2015-08-01,1120.0,530.8947368421053
lgbm,2015-09-01,773.0,530.8947368421053
lgbm,2015-10-01,389.0,530.8947368421053
lgbm,2015-11-01,380.0,530.8947368421053
lgbm,2015-12-01,273.0,530.8947368421053
lgbm,2016-01-01,419.0,530.8947368421053
lgbm,2016-02-01,709.0,530.8947368421053
lgbm,2015-04-01,1079.0,536.6666666666666
lgbm,2015-05-01,1256.0,536.6666666666666
lgbm,2015-06-01,949.0,536.6666666666666
lgbm,2015-07-01,1211.0,536.6666666666666
lgbm,2015-08-01,1120.0,536.6666666666666
lgbm,2015-09-01,773.0,536.6666666666666
lgbm,2015-10-01,389.0,536.6666666666666
lgbm,2015-11-01,380.0,536.6666666666666
lgbm,2015-12-01,273.0,536.6666666666666
lgbm,2016-01-01,419.0,536.6666666666666
lgbm,2016-02-01,709.0,536.6666666666666
lgbm,2016-03-01,511.0,536.6666666666666
lgbm,2015-05-01,1256.0,550.225
lgbm,2015-06-01,949.0,550.225
lgbm,2015-07-01,1211.0,550.225
lgbm,2015-08-01,1120.0,550.225
lgbm,2015-09-01,773.0,550.225
lgbm,2015-10-01,389.0,550.225
lgbm,2015-11-01,380.0,550.225
lgbm,2015-12-01,273.0,550.225
lgbm,2016-01-01,419.0,550.225
lgbm,2016-02-01,709.0,550.225
lgbm,2016-03-01,511.0,550.225
lgbm,2016-04-01,366.0,550.225
lgbm,2015-06-01,949.0,838.8829400404215
lgbm,2015-07-01,1211.0,687.3184035597023
lgbm,2015-08-01,1120.0,639.9913897498369
lgbm,2015-09-01,773.0,473.1495360949484
lgbm,2015-10-01,389.0,423.37762971828937
lgbm,2015-11-01,380.0,446.3000227038689
lgbm,2015-12-01,273.0,446.3000227038689
lgbm,2016-01-01,419.0,778.5044639756688
lgbm,2016-02-01,709.0,939.8141060019088
lgbm,2016-03-01,511.0,1025.8423154672325
lgbm,2016-04-01,366.0,1083.6433835573014
lgbm,2016-05-01,421.0,1075.6142218438908
lgbm,2015-07-01,1211.0,718.9686965063746
lgbm,2015-08-01,1120.0,549.7019891195177
lgbm,2015-09-01,773.0,480.681070815364
lgbm,2015-10-01,389.0,377.491061938093
lgbm,2015-11-01,380.0,445.7758138943466
lgbm,2015-12-01,273.0,445.7758138943466
lgbm,2016-01-01,419.0,779.4552515531054
lgbm,2016-02-01,709.0,903.0297619384141
lgbm,2016-03-01,511.0,1091.3340686481804
lgbm,2016-04-01,366.0,1176.949546363808
lgbm,2016-05-01,421.0,1194.5240775254506
lgbm,2016-06-01,327.0,1068.2102084771332
lgbm,2015-08-01,1120.0,576.9412998261395
lgbm,2015-09-01,773.0,522.0649821541275
lgbm,2015-10-01,389.0,413.5904864729108
lgbm,2015-11-01,380.0,514.7469888950138
lgbm,2015-12-01,273.0,528.1465659199478
lgbm,2016-01-01,419.0,755.7775189387314
lgbm,2016-02-01,709.0,826.317229580961
lgbm,2016-03-01,511.0,1097.5336228939022
lgbm,2016-04-01,366.0,1136.4428474847678
lgbm,2016-05-01,421.0,1136.4428474847678
lgbm,2016-06-01,327.0,1035.2863450626646
lgbm,2016-07-01,325.0,889.3338987898818
lgbm,2015-09-01,773.0,678.2547415706466
lgbm,2015-10-01,389.0,628.6906673935354
lgbm,2015-11-01,380.0,646.7759940448701
lgbm,2015-12-01,273.0,704.6015385284326
lgbm,2016-01-01,419.0,901.4990900002954
lgbm,2016-02-01,709.0,889.426668202537
lgbm,2016-03-01,511.0,1029.3113254448651
lgbm,2016-04-01,366.0,1088.3838076875397
lgbm,2016-05-01,421.0,1078.8753996219768
lgbm,2016-06-01,327.0,1060.790072970642
lgbm,2016-07-01,325.0,971.2914684005865
lgbm,2016-08-01,210.0,852.025397198657
lgbm,2015-10-01,389.0,646.8270920606593
lgbm,2015-11-01,380.0,665.4506581304325
lgbm,2015-12-01,273.0,709.3997516673231
lgbm,2016-01-01,419.0,900.7198116031426
lgbm,2016-02-01,709.0,868.5798786766468
lgbm,2016-03-01,511.0,996.4824268511362
lgbm,2016-04-01,366.0,1070.7654919670806
lgbm,2016-05-01,421.0,1054.6934363689804
lgbm,2016-06-01,327.0,1036.0698702992072
lgbm,2016-07-01,325.0,951.5086957003388
lgbm,2016-08-01,210.0,832.6855508115675
lgbm,2016-09-01,227.0,748.9871951153941
lgbm,2015-11-01,380.0,35.3865932257369
lgbm,2015-12-01,273.0,89.2947853515785
lgbm,2016-01-01,419.0,233.7132408573794
lgbm,2016-02-01,709.0,256.4127255732497
lgbm,2016-03-01,511.0,400.1342530771942
lgbm,2016-04-01,366.0,669.5136930232475
lgbm,2016-05-01,421.0,1226.3558644546993
lgbm,2016-06-01,327.0,1220.7739074354079
lgbm,2016-07-01,325.0,1084.0606994751668
lgbm,2016-08-01,210.0,991.7745675978827
lgbm,2016-09-01,227.0,836.5696526858177
lgbm,2016-10-01,324.0,663.6552346329823
lgbm,2015-12-01,273.0,102.80067134905683
lgbm,2016-01-01,419.0,270.0734084205079
lgbm,2016-02-01,709.0,292.1607780805782
lgbm,2016-03-01,511.0,450.35357261588933
lgbm,2016-04-01,366.0,933.5961952979153
lgbm,2016-05-01,421.0,1231.7311347961238
lgbm,2016-06-01,327.0,1168.5666583000332
lgbm,2016-07-01,325.0,1069.9881119433858
lgbm,2016-08-01,210.0,952.1130328831329
lgbm,2016-09-01,227.0,787.1074844843689
lgbm,2016-10-01,324.0,649.5299676424147
lgbm,2016-11-01,245.0,572.4145291723994
lgbm,2016-01-01,419.0,300.20336612289555
lgbm,2016-02-01,709.0,314.3453307873673
lgbm,2016-03-01,511.0,336.8276162672611
lgbm,2016-04-01,366.0,628.6908805091348
lgbm,2016-05-01,421.0,1175.0252806932642
lgbm,2016-06-01,327.0,1149.807619797231
lgbm,2016-07-01,325.0,1032.440089007323
lgbm,2016-08-01,210.0,912.3474995759216
lgbm,2016-09-01,227.0,939.0502690105
lgbm,2016-10-01,324.0,751.0584098742108
lgbm,2016-11-01,245.0,751.0584098742108
lgbm,2016-12-01,225.0,833.1449214273389
lgbm,2016-02-01,709.0,332.0464965606156
lgbm,2016-03-01,511.0,323.6223760977875
lgbm,2016-04-01,366.0,644.2359141031994
lgbm,2016-05-01,421.0,1196.2743964231886
lgbm,2016-06-01,327.0,1171.8139598413502
lgbm,2016-07-01,325.0,923.8433156564923
lgbm,2016-08-01,210.0,925.1276873768003
lgbm,2016-09-01,227.0,934.2642304980246
lgbm,2016-10-01,324.0,752.4961938172512
lgbm,2016-11-01,245.0,686.4713895882302
lgbm,2016-12-01,225.0,765.8621099844531
lgbm,2017-01-01,312.0,720.5133433481722
lgbm,2016-03-01,511.0,993.7833626302514
lgbm,2016-04-01,366.0,1211.3173393112027
lgbm,2016-05-01,421.0,1196.3217450218021
lgbm,2016-06-01,327.0,1112.701683888463
lgbm,2016-07-01,325.0,918.8914754453359
lgbm,2016-08-01,210.0,770.0311856337287
lgbm,2016-09-01,227.0,673.0978479232809
lgbm,2016-10-01,324.0,688.446001712313
lgbm,2016-11-01,245.0,640.9288758351885
lgbm,2016-12-01,225.0,709.2007831794962
lgbm,2017-01-01,312.0,703.5253237758412
lgbm,2017-02-01,208.0,960.2604313257126
lgbm,2016-04-01,366.0,983.1648710249998
lgbm,2016-05-01,421.0,1209.0698561562438
lgbm,2016-06-01,327.0,1167.8515708378075
lgbm,2016-07-01,325.0,911.7054149134939
lgbm,2016-08-01,210.0,771.1162244459088
lgbm,2016-09-01,227.0,771.1162244459088
lgbm,2016-10-01,324.0,703.752003514185
lgbm,2016-11-01,245.0,740.7717853914985
lgbm,2016-12-01,225.0,781.9900707099349
lgbm,2017-01-01,312.0,705.4398753975261
lgbm,2017-02-01,208.0,822.8658000982457
lgbm,2017-03-01,214.0,867.3964528226177
lgbm,2016-05-01,421.0,600.2866148379719
lgbm,2016-06-01,327.0,1130.0032325697066
lgbm,2016-07-01,325.0,989.5619200174841
lgbm,2016-08-01,210.0,714.7121136153571
lgbm,2016-09-01,227.0,729.1390597420942
lgbm,2016-10-01,324.0,844.1739934302582
lgbm,2016-11-01,245.0,714.7121136153571
lgbm,2016-12-01,225.0,749.2394692691767
lgbm,2017-01-01,312.0,722.5184991594782
lgbm,2017-02-01,208.0,816.5272408678273
lgbm,2017-03-01,214.0,802.1002947410902
lgbm,2017-04-01,367.0,953.9172496146638
lgbm,2016-06-01,327.0,597.5469645911198
lgbm,2016-07-01,325.0,987.433025527312
lgbm,2016-08-01,210.0,757.9345282649158
lgbm,2016-09-01,227.0,764.2773151765352
lgbm,2016-10-01,324.0,817.7997763103027
lgbm,2016-11-01,245.0,851.855959779994
lgbm,2016-12-01,225.0,801.0804613130488
lgbm,2017-01-01,312.0,720.1233531221199
lgbm,2017-02-01,208.0,835.7123553922308
lgbm,2017-03-01,214.0,862.5224110828333
lgbm,2017-04-01,367.0,958.3066131638409
lgbm,2017-05-01,281.0,854.8626196517706
lgbm,2016-07-01,325.0,303.82507135969325
lgbm,2016-08-01,210.0,195.01483134206637
lgbm,2016-09-01,227.0,150.64264169157005
lgbm,2016-10-01,324.0,184.66378508359642
lgbm,2016-11-01,245.0,196.16387721330247
lgbm,2016-12-01,225.0,302.45430784051746
lgbm,2017-01-01,312.0,345.33931496805315
lgbm,2017-02-01,208.0,411.3173132692239
lgbm,2017-03-01,214.0,471.69643068169864
lgbm,2017-04-01,367.0,586.8808200263961
lgbm,2017-05-01,281.0,1029.2338713266683
lgbm,2017-06-01,211.0,1007.9001881794893
lgbm,2016-08-01,210.0,118.24274702984592
lgbm,2016-09-01,227.0,139.99518555167734
lgbm,2016-10-01,324.0,210.28600572204002
lgbm,2016-11-01,245.0,146.26785998456046
lgbm,2016-12-01,225.0,291.8812103216367
lgbm,2017-01-01,312.0,353.781444870566
lgbm,2017-02-01,208.0,444.1991855803741
lgbm,2017-03-01,214.0,502.098136242932
lgbm,2017-04-01,367.0,788.1074404507924
lgbm,2017-05-01,281.0,1108.2622267031697
lgbm,2017-06-01,211.0,979.7134224316203
lgbm,2017-07-01,360.0,841.3996487988667
lgbm,2016-09-01,227.0,191.7036114927865
lgbm,2016-10-01,324.0,225.14921391170193
lgbm,2016-11-01,245.0,244.99996388927104
lgbm,2016-12-01,225.0,326.8267672539602
lgbm,2017-01-01,312.0,303.3748981605081
lgbm,2017-02-01,208.0,412.67499796159143
lgbm,2017-03-01,214.0,419.34770810622
lgbm,2017-04-01,367.0,523.6329561930254
lgbm,2017-05-01,281.0,519.5624859575643
lgbm,2017-06-01,211.0,407.1727887389242
lgbm,2017-07-01,360.0,297.69659471194115
lgbm,2017-08-01,241.0,258.78163952250753
lgbm,2016-10-01,324.0,207.0574347981012
lgbm,2016-11-01,245.0,199.8540949995136
lgbm,2016-12-01,225.0,292.94661558332285
lgbm,2017-01-01,312.0,334.0948526276819
lgbm,2017-02-01,208.0,450.7919174067475
lgbm,2017-03-01,214.0,495.8770086626452
lgbm,2017-04-01,367.0,741.5539591358582
lgbm,2017-05-01,281.0,1112.8210701630278
lgbm,2017-06-01,211.0,994.1194338389458
lgbm,2017-07-01,360.0,860.6437698265296
lgbm,2017-08-01,241.0,751.7716466337403
lgbm,2017-09-01,174.0,651.1307048345601
lgbm,2016-11-01,245.0,251.3819755281685
lgbm,2016-12-01,225.0,272.2955371705491
lgbm,2017-01-01,312.0,318.3244081496969
lgbm,2017-02-01,208.0,420.37651056871545
lgbm,2017-03-01,214.0,398.62854305266245
lgbm,2017-04-01,367.0,487.9692067734794
lgbm,2017-05-01,281.0,470.9178788543124
lgbm,2017-06-01,211.0,438.00525615118784
lgbm,2017-07-01,360.0,377.0074744992837
lgbm,2017-08-01,241.0,331.8808102647801
lgbm,2017-09-01,174.0,194.58948444370472
lgbm,2017-10-01,272.0,278.2208860055686
lgbm,2016-12-01,225.0,277.20037803189786
lgbm,2017-01-01,312.0,305.4275815187062
lgbm,2017-02-01,208.0,417.6629643891488
lgbm,2017-03-01,214.0,463.7777734621001
lgbm,2017-04-01,367.0,561.9256479893229
lgbm,2017-05-01,281.0,757.591999030634
lgbm,2017-06-01,211.0,1006.090208255241
lgbm,2017-07-01,360.0,883.9691277283944
lgbm,2017-08-01,241.0,963.8731788344631
lgbm,2017-09-01,174.0,748.718915883477
lgbm,2017-10-01,272.0,905.4935991780203
lgbm,2017-11-01,156.0,844.5957041429272
lgbm,2017-01-01,312.0,286.67169994799343
lgbm,2017-02-01,208.0,462.3472563634825
lgbm,2017-03-01,214.0,464.749980576994
lgbm,2017-04-01,367.0,568.0474571319297
lgbm,2017-05-01,281.0,758.2464150302411
lgbm,2017-06-01,211.0,1002.6580802411742
lgbm,2017-07-01,360.0,929.2199290240152
lgbm,2017-08-01,241.0,887.471496224473
lgbm,2017-09-01,174.0,713.3931364085494
lgbm,2017-10-01,272.0,887.6844296765515
lgbm,2017-11-01,156.0,794.2264521203616
lgbm,2017-12-01,256.0,829.5945510002985
lgbm,2017-02-01,208.0,410.021479652688
lgbm,2017-03-01,214.0,392.5448074179267
lgbm,2017-04-01,367.0,477.2205200993696
lgbm,2017-05-01,281.0,523.3454479438049
lgbm,2017-06-01,211.0,435.887504617104
lgbm,2017-07-01,360.0,394.20596784339597
lgbm,2017-08-01,241.0,258.52062632160704
lgbm,2017-09-01,174.0,158.7083071516251
lgbm,2017-10-01,272.0,233.08305735782167
lgbm,2017-11-01,156.0,184.0527667735733
lgbm,2017-12-01,256.0,276.80014965346953
lgbm,2018-01-01,220.0,365.16793152665656
lgbm,2017-03-01,214.0,416.43971894353496
lgbm,2017-04-01,367.0,562.2183252704665
lgbm,2017-05-01,281.0,705.9826477543963
lgbm,2017-06-01,211.0,1023.836963619413
lgbm,2017-07-01,360.0,900.9824674729851
lgbm,2017-08-01,241.0,979.5297485314393
lgbm,2017-09-01,174.0,782.0167133613764
lgbm,2017-10-01,272.0,882.550895024024
lgbm,2017-11-01,156.0,812.7770617971968
lgbm,2017-12-01,256.0,915.6666750758328
lgbm,2018-01-01,220.0,885.5642287790188
lgbm,2018-02-01,191.0,870.6341167797624
lgbm,2017-04-01,367.0,581.0027341993781
lgbm,2017-05-01,281.0,1141.9458742022553
lgbm,2017-06-01,211.0,1001.7736201611958
lgbm,2017-07-01,360.0,846.5701255263363
lgbm,2017-08-01,241.0,930.6751029236217
lgbm,2017-09-01,174.0,754.1799988076768
lgbm,2017-10-01,272.0,842.9135423417869
lgbm,2017-11-01,156.0,723.4121491713418
lgbm,2017-12-01,256.0,816.0517316172567
lgbm,2018-01-01,220.0,820.983916922939
lgbm,2018-02-01,191.0,836.3657992096713
lgbm,2018-03-01,224.0,716.4521828007514
lgbm,2017-05-01,281.0,617.096339770437
lgbm,2017-06-01,211.0,999.4476147970599
lgbm,2017-07-01,360.0,826.5285880781996
lgbm,2017-08-01,241.0,932.9301561806467
lgbm,2017-09-01,174.0,803.9799501777618
lgbm,2017-10-01,272.0,971.5545938878535
lgbm,2017-11-01,156.0,719.5747307551136
lgbm,2017-12-01,256.0,803.7640653591445
lgbm,2018-01-01,220.0,808.2156679990146
lgbm,2018-02-01,191.0,824.7414469418544
lgbm,2018-03-01,224.0,710.7059019883156
lgbm,2018-04-01,191.0,825.3502801080607
lgbm,2017-06-01,211.0,355.8484216275671
lgbm,2017-07-01,360.0,397.94827805067973
lgbm,2017-08-01,241.0,398.32999306766186
lgbm,2017-09-01,174.0,318.42825461491975
lgbm,2017-10-01,272.0,385.3757970483905
lgbm,2017-11-01,156.0,453.3555457386067
lgbm,2017-12-01,256.0,496.14265268174165
lgbm,2018-01-01,220.0,439.71570706007384
lgbm,2018-02-01,191.0,489.36692800330036
lgbm,2018-03-01,224.0,410.8080734001526
lgbm,2018-04-01,191.0,438.29884258408094
lgbm,2018-05-01,153.0,418.50986586846744
lgbm,2017-07-01,360.0,280.3650369847123
lgbm,2017-08-01,241.0,336.0392962947658
lgbm,2017-09-01,174.0,289.8081889267022
lgbm,2017-10-01,272.0,474.7595766849037
lgbm,2017-11-01,156.0,435.21123353430914
lgbm,2017-12-01,256.0,585.3497963223415
lgbm,2018-01-01,220.0,843.7658830969742
lgbm,2018-02-01,191.0,1091.8723327214627
lgbm,2018-03-01,224.0,1001.9391754519353
lgbm,2018-04-01,191.0,1040.9678487604967
lgbm,2018-05-01,153.0,1025.5634459415176
lgbm,2018-06-01,118.0,858.6796734770295
lgbm,2017-08-01,241.0,332.35636690235907
lgbm,2017-09-01,174.0,251.94614270976876
lgbm,2017-10-01,272.0,435.9849588820166
lgbm,2017-11-01,156.0,461.3797011890858
lgbm,2017-12-01,256.0,462.51804754350184
lgbm,2018-01-01,220.0,501.80483762934495
lgbm,2018-02-01,191.0,472.74950829219654
lgbm,2018-03-01,224.0,403.19051215834156
lgbm,2018-04-01,191.0,491.2282802560535
lgbm,2018-05-01,153.0,421.4423604193204
lgbm,2018-06-01,118.0,429.7530118184083
lgbm,2018-07-01,178.0,464.95494372386014
lgbm,2017-09-01,174.0,232.71953878651547
lgbm,2017-10-01,272.0,499.894826638766
lgbm,2017-11-01,156.0,469.04955277704596
lgbm,2017-12-01,256.0,554.5462643193893
lgbm,2018-01-01,220.0,928.6809656722777
lgbm,2018-02-01,191.0,1012.307935036524
lgbm,2018-03-01,224.0,1109.8272658971275
lgbm,2018-04-01,191.0,1111.4885467464462
lgbm,2018-05-01,153.0,970.7732770581988
lgbm,2018-06-01,118.0,823.1408214577328
lgbm,2018-07-01,178.0,899.1725598762863
lgbm,2018-08-01,114.0,760.5179155746998
lgbm,2017-10-01,272.0,479.11510648673874
lgbm,2017-11-01,156.0,453.72596790622026
lgbm,2017-12-01,256.0,502.46378177049525
lgbm,2018-01-01,220.0,847.8469756711115
lgbm,2018-02-01,191.0,1048.0882280445578
lgbm,2018-03-01,224.0,1003.6199670540317
lgbm,2018-04-01,191.0,1032.800130188806
lgbm,2018-05-01,153.0,831.4629599905089
lgbm,2018-06-01,118.0,819.0052871085786
lgbm,2018-07-01,178.0,896.0032595469991
lgbm,2018-08-01,114.0,757.930946889841
lgbm,2018-09-01,136.0,802.3724339472557
lgbm,2017-11-01,156.0,328.2437098971444
lgbm,2017-12-01,256.0,374.02164691353624
lgbm,2018-01-01,220.0,644.1814275762388
lgbm,2018-02-01,191.0,1027.3520051616176
lgbm,2018-03-01,224.0,1025.702190690759
lgbm,2018-04-01,191.0,1140.5485435623239
lgbm,2018-05-01,153.0,923.7888966621348
lgbm,2018-06-01,118.0,835.5100389377333
lgbm,2018-07-01,178.0,802.5420623949188
lgbm,2018-08-01,114.0,682.7576462194252
lgbm,2018-09-01,136.0,779.1420388235543
lgbm,2018-10-01,162.0,850.8695936616831
lgbm,2017-12-01,256.0,298.8903283021965
lgbm,2018-01-01,220.0,528.6358200455643
lgbm,2018-02-01,191.0,774.9685596047815
lgbm,2018-03-01,224.0,968.5986261352764
lgbm,2018-04-01,191.0,1122.5908270183468
lgbm,2018-05-01,153.0,940.4436160152395
lgbm,2018-06-01,118.0,974.8334838076607
lgbm,2018-07-01,178.0,813.3141872738219
lgbm,2018-08-01,114.0,758.059955316618
lgbm,2018-09-01,136.0,813.6827344936469
lgbm,2018-10-01,162.0,826.2771736665296
lgbm,2018-11-01,125.0,766.9767039201353
lgbm,2018-01-01,220.0,469.6532957523294
lgbm,2018-02-01,191.0,515.7640416730067
lgbm,2018-03-01,224.0,551.6025625248631
lgbm,2018-04-01,191.0,783.8925464247742
lgbm,2018-05-01,153.0,954.0761050770313
lgbm,2018-06-01,118.0,927.0087246568631
lgbm,2018-07-01,178.0,1044.236239864444
lgbm,2018-08-01,114.0,735.2377332822975
lgbm,2018-09-01,136.0,728.2428192594741
lgbm,2018-10-01,162.0,840.197067378505
lgbm,2018-11-01,125.0,794.4159784031116
lgbm,2018-12-01,221.0,784.0779369997988
lgbm,2018-02-01,191.0,284.0521955521968
lgbm,2018-03-01,224.0,262.37340528064635
lgbm,2018-04-01,191.0,423.37333224892507
lgbm,2018-05-01,153.0,431.2401628642377
lgbm,2018-06-01,118.0,441.1409866017337
lgbm,2018-07-01,178.0,548.4098312799899
lgbm,2018-08-01,114.0,577.3936498043194
lgbm,2018-09-01,136.0,928.8743254841984
lgbm,2018-10-01,162.0,922.9122012740975
lgbm,2018-11-01,125.0,792.3749509793277
lgbm,2018-12-01,221.0,795.1821976998696
lgbm,2019-01-01,209.0,830.468204319464
lgbm,2018-03-01,224.0,326.13528666725017
lgbm,2018-04-01,191.0,425.26169439949314
lgbm,2018-05-01,153.0,408.88042376735683
lgbm,2018-06-01,118.0,480.3848662877253
lgbm,2018-07-01,178.0,497.06008827687896
lgbm,2018-08-01,114.0,345.45723877744695
lgbm,2018-09-01,136.0,406.0494284566216
lgbm,2018-10-01,162.0,326.3509309927159
lgbm,2018-11-01,125.0,112.582872885475
lgbm,2018-12-01,221.0,277.22635138653413
lgbm,2019-01-01,209.0,312.9236489339615
lgbm,2019-02-01,233.0,315.4968899724291
lgbm,2018-04-01,191.0,419.4900702704571
lgbm,2018-05-01,153.0,415.8790152143485
lgbm,2018-06-01,118.0,482.2878884045931
lgbm,2018-07-01,178.0,693.1443959110032
lgbm,2018-08-01,114.0,992.5766524378704
lgbm,2018-09-01,136.0,961.0312042797307
lgbm,2018-10-01,162.0,932.9461220031797
lgbm,2018-11-01,125.0,842.9914603738373
lgbm,2018-12-01,221.0,757.2814463251863
lgbm,2019-01-01,209.0,817.8211913880054
lgbm,2019-02-01,233.0,805.060226885106
lgbm,2019-03-01,410.0,773.8967824938284
lgbm,2018-05-01,153.0,242.49561088458756
lgbm,2018-06-01,118.0,280.3763616898772
lgbm,2018-07-01,178.0,361.2608810652604
lgbm,2018-08-01,114.0,426.11621210286154
lgbm,2018-09-01,136.0,479.55347801845005
lgbm,2018-10-01,162.0,610.6436613125255
lgbm,2018-11-01,125.0,1006.8763926178135
lgbm,2018-12-01,221.0,863.4772172386374
lgbm,2019-01-01,209.0,889.1898809019307
lgbm,2019-02-01,233.0,807.0748216870672
lgbm,2019-03-01,410.0,817.6946140125569
lgbm,2019-04-01,631.0,864.2948000232567
lgbm,2018-06-01,118.0,292.0150314401601
lgbm,2018-07-01,178.0,249.14214567776372
lgbm,2018-08-01,114.0,240.6257210336083
lgbm,2018-09-01,136.0,332.22441618481173
lgbm,2018-10-01,162.0,347.71453511843595
lgbm,2018-11-01,125.0,427.3264804831184
lgbm,2018-12-01,221.0,494.79601531571416
lgbm,2019-01-01,209.0,391.67181482837464
lgbm,2019-02-01,233.0,442.4100517839879
lgbm,2019-03-01,410.0,451.7880097204387
lgbm,2019-04-01,631.0,408.42019884590604
lgbm,2019-05-01,1001.0,390.16138535824484
lgbm,2018-07-01,178.0,151.48379707171495
lgbm,2018-08-01,114.0,213.8230828858309
lgbm,2018-09-01,136.0,210.7171183325148
lgbm,2018-10-01,162.0,251.84296660554497
lgbm,2018-11-01,125.0,247.13485630577784
lgbm,2018-12-01,221.0,237.38939600333134
lgbm,2019-01-01,209.0,315.2448361747738
lgbm,2019-02-01,233.0,379.73865093759906
lgbm,2019-03-01,410.0,432.1705267952497
lgbm,2019-04-01,631.0,498.0375078605585
lgbm,2019-05-01,1001.0,366.4232015981376
lgbm,2019-06-01,1520.0,321.17269886809464
lgbm,2018-08-01,114.0,204.33269230099214
lgbm,2018-09-01,136.0,192.8753098820678
lgbm,2018-10-01,162.0,245.22156491457795
lgbm,2018-11-01,125.0,236.2874591772144
lgbm,2018-12-01,221.0,244.88760402885123
lgbm,2019-01-01,209.0,348.80618498688995
lgbm,2019-02-01,233.0,393.6979509814264
lgbm,2019-03-01,410.0,433.17495721562136
lgbm,2019-04-01,631.0,507.6282657651364
lgbm,2019-05-01,1001.0,612.804801229033
lgbm,2019-06-01,1520.0,958.160736119261
lgbm,2019-07-01,1746.0,919.5793201760638
lgbm,2018-09-01,136.0,163.55174285632594
lgbm,2018-10-01,162.0,254.6539921446355
lgbm,2018-11-01,125.0,177.6224017209174
lgbm,2018-12-01,221.0,240.5930012999042
lgbm,2019-01-01,209.0,291.1008198825047
lgbm,2019-02-01,233.0,251.20245458678878
lgbm,2019-03-01,410.0,329.00656632149827
lgbm,2019-04-01,631.0,306.7354257132572
lgbm,2019-05-01,1001.0,314.445633067551
lgbm,2019-06-01,1520.0,365.25682730648856
lgbm,2019-07-01,1746.0,403.54542590931834
lgbm,2019-08-01,1419.0,460.26318245403814
lgbm,2018-10-01,162.0,254.9403231949755
lgbm,2018-11-01,125.0,123.43119775841069
lgbm,2018-12-01,221.0,218.5277498085747
lgbm,2019-01-01,209.0,258.82483446219425
lgbm,2019-02-01,233.0,178.74646506954565
lgbm,2019-03-01,410.0,257.9373373192431
lgbm,2019-04-01,631.0,240.3339795218082
lgbm,2019-05-01,1001.0,221.96480704519837
lgbm,2019-06-01,1520.0,324.2843072007849
lgbm,2019-07-01,1746.0,314.1235289830217
lgbm,2019-08-01,1419.0,322.78243174583366
lgbm,2019-09-01,1484.0,362.47011161194195
lgbm,2018-11-01,125.0,141.0565700598641
lgbm,2018-12-01,221.0,146.8336181411944
lgbm,2019-01-01,209.0,194.90464624055494
lgbm,2019-02-01,233.0,162.2250028879443
lgbm,2019-03-01,410.0,186.79178575713615
lgbm,2019-04-01,631.0,170.9468484001658
lgbm,2019-05-01,1001.0,213.43168217376223
lgbm,2019-06-01,1520.0,230.30825160899886
lgbm,2019-07-01,1746.0,247.095969367118
lgbm,2019-08-01,1419.0,269.80366240426065
lgbm,2019-09-01,1484.0,346.456177268807
lgbm,2019-10-01,995.0,438.69052708108563
lgbm,2018-12-01,221.0,114.16624597922491
lgbm,2019-01-01,209.0,162.2239293459062
lgbm,2019-02-01,233.0,148.87914993332222
lgbm,2019-03-01,410.0,130.37720397416103
lgbm,2019-04-01,631.0,148.87914993332222
lgbm,2019-05-01,1001.0,187.15021272007166
lgbm,2019-06-01,1520.0,178.05042612375175
lgbm,2019-07-01,1746.0,187.15021272007166
lgbm,2019-08-01,1419.0,187.15021272007166
lgbm,2019-09-01,1484.0,187.15021272007166
lgbm,2019-10-01,995.0,187.15021272007166
lgbm,2019-11-01,847.0,187.15021272007166
lgbm,2019-01-01,209.0,223.16786695261305
lgbm,2019-02-01,233.0,182.65057010232002
lgbm,2019-03-01,410.0,159.51668197470755
lgbm,2019-04-01,631.0,178.61017445537345
lgbm,2019-05-01,1001.0,197.85560687043875
lgbm,2019-06-01,1520.0,209.12261694144797
lgbm,2019-07-01,1746.0,214.3146283687442
lgbm,2019-08-01,1419.0,223.4403035928098
lgbm,2019-09-01,1484.0,239.89932509111526
lgbm,2019-10-01,995.0,239.89932509111526
lgbm,2019-11-01,847.0,261.4511965074034
lgbm,2019-12-01,781.0,321.50006804151883
lgbm,2019-02-01,233.0,166.74119885328793
lgbm,2019-03-01,410.0,191.1938567089786
lgbm,2019-04-01,631.0,170.80024058192072
lgbm,2019-05-01,1001.0,215.37831615795508
lgbm,2019-06-01,1520.0,238.537118060568
lgbm,2019-07-01,1746.0,250.9652333390215
lgbm,2019-08-01,1419.0,282.4332873799561
lgbm,2019-09-01,1484.0,411.6728081994431
lgbm,2019-10-01,995.0,514.3483303640757
lgbm,2019-11-01,847.0,714.6911076619315
lgbm,2019-12-01,781.0,1052.216897064298
lgbm,2020-01-01,1250.0,976.2195222193451
lgbm,2019-03-01,410.0,230.71931514705685
lgbm,2019-04-01,631.0,228.17052663660962
lgbm,2019-05-01,1001.0,293.16070832836226
lgbm,2019-06-01,1520.0,309.65920508857323
lgbm,2019-07-01,1746.0,333.91143460030014
lgbm,2019-08-01,1419.0,350.5583242700147
lgbm,2019-09-01,1484.0,318.3371005237201
lgbm,2019-10-01,995.0,360.9526565339659
lgbm,2019-11-01,847.0,421.3104484476957
lgbm,2019-12-01,781.0,500.1211932548745
lgbm,2020-01-01,1250.0,626.697549996747
lgbm,2020-02-01,1815.0,954.5566244945197
lgbm,2019-04-01,631.0,417.2225958199214
lgbm,2019-05-01,1001.0,464.9581718100694
lgbm,2019-06-01,1520.0,462.05695698627585
lgbm,2019-07-01,1746.0,458.1675642950027
lgbm,2019-08-01,1419.0,419.2049549325553
lgbm,2019-09-01,1484.0,351.1729138694446
lgbm,2019-10-01,995.0,308.2305585635263
lgbm,2019-11-01,847.0,294.4968546875666
lgbm,2019-12-01,781.0,329.0784360143963
lgbm,2020-01-01,1250.0,339.3837568906299
lgbm,2020-02-01,1815.0,414.7804103615006
lgbm,2020-03-01,2097.0,523.1696413127033
lgbm,2019-05-01,1001.0,1072.235223307109
lgbm,2019-06-01,1520.0,1063.4172918170793
lgbm,2019-07-01,1746.0,1063.4172918170793
lgbm,2019-08-01,1419.0,1000.4673646985126
lgbm,2019-09-01,1484.0,930.5445186804233
lgbm,2019-10-01,995.0,772.209771950815
lgbm,2019-11-01,847.0,776.8911671236218
lgbm,2019-12-01,781.0,734.4152622400794
lgbm,2020-01-01,1250.0,798.3299201880887
lgbm,2020-02-01,1815.0,836.4409773530216
lgbm,2020-03-01,2097.0,847.7278352905815
lgbm,2020-04-01,2341.0,863.8474857824731
lgbm,2019-06-01,1520.0,1127.425811870377
lgbm,2019-07-01,1746.0,1105.1659632585752
lgbm,2019-08-01,1419.0,1004.2546072026736
lgbm,2019-09-01,1484.0,920.8582229610106
lgbm,2019-10-01,995.0,791.2250723647226
lgbm,2019-11-01,847.0,791.2250723647226
lgbm,2019-12-01,781.0,757.1669807054433
lgbm,2020-01-01,1250.0,763.2616845497749
lgbm,2020-02-01,1815.0,815.6159681325038
lgbm,2020-03-01,2097.0,823.3030603248602
lgbm,2020-04-01,2341.0,823.6957079399214
lgbm,2020-05-01,2148.0,825.5856343348211
lgbm,2019-07-01,1746.0,1181.9058891975849
lgbm,2019-08-01,1419.0,1135.9929643973123
lgbm,2019-09-01,1484.0,1047.0577226158064
lgbm,2019-10-01,995.0,882.9439875036297
lgbm,2019-11-01,847.0,888.8516091635643
lgbm,2019-12-01,781.0,843.3277541555187
lgbm,2020-01-01,1250.0,843.3277541555187
lgbm,2020-02-01,1815.0,861.0084338007916
lgbm,2020-03-01,2097.0,861.0084338007916
lgbm,2020-04-01,2341.0,859.5700830361778
lgbm,2020-05-01,2148.0,883.2013753310438
lgbm,2020-06-01,911.0,824.6333278461225
lgbm,2019-08-01,1419.0,1215.6566035099859
lgbm,2019-09-01,1484.0,1213.8714620444468
lgbm,2019-10-01,995.0,1029.2297871782434
lgbm,2019-11-01,847.0,1037.7519520183291
lgbm,2019-12-01,781.0,932.5635066409457
lgbm,2020-01-01,1250.0,932.5635066409457
lgbm,2020-02-01,1815.0,942.2853748879652
lgbm,2020-03-01,2097.0,942.2853748879652
lgbm,2020-04-01,2341.0,927.3355643216474
lgbm,2020-05-01,2148.0,910.2913567828806
lgbm,2020-06-01,911.0,811.126599319702
lgbm,2020-07-01,375.0,782.3363371733271
lgbm,2019-09-01,1484.0,1331.467980010926
lgbm,2019-10-01,995.0,1064.8337394136215
lgbm,2019-11-01,847.0,1031.6850865854828
lgbm,2019-12-01,781.0,991.8312649255072
lgbm,2020-01-01,1250.0,991.8312649255072
lgbm,2020-02-01,1815.0,1018.5095858895291
lgbm,2020-03-01,2097.0,1018.5095858895291
lgbm,2020-04-01,2341.0,997.4445551546877
lgbm,2020-05-01,2148.0,972.1245186875769
lgbm,2020-06-01,911.0,859.8933222250982
lgbm,2020-07-01,375.0,856.4623640031183
lgbm,2020-08-01,290.0,837.0137504682535
lgbm,2019-10-01,995.0,1133.0972159928672
lgbm,2019-11-01,847.0,1181.5373833379888
lgbm,2019-12-01,781.0,1102.407416229515
lgbm,2020-01-01,1250.0,1081.7938636751676
lgbm,2020-02-01,1815.0,1120.0681062737826
lgbm,2020-03-01,2097.0,1084.9788695550499
lgbm,2020-04-01,2341.0,1080.1531983527534
lgbm,2020-05-01,2148.0,1103.3760192902894
lgbm,2020-06-01,911.0,1006.2053942138756
lgbm,2020-07-01,375.0,998.7599661248425
lgbm,2020-08-01,290.0,934.0565757347292
lgbm,2020-09-01,186.0,927.3220301019408
lgbm,2019-11-01,847.0,1153.3478776120367
lgbm,2019-12-01,781.0,1034.1541510333582
lgbm,2020-01-01,1250.0,1010.9230349712105
lgbm,2020-02-01,1815.0,1046.4095109300636
lgbm,2020-03-01,2097.0,1024.522669722578
lgbm,2020-04-01,2341.0,1020.7332436702336
lgbm,2020-05-01,2148.0,1019.4674953803617
lgbm,2020-06-01,911.0,953.4474592381235
lgbm,2020-07-01,375.0,906.2728966949801
lgbm,2020-08-01,290.0,867.4219161096794
lgbm,2020-09-01,186.0,885.0750583070256
lgbm,2020-10-01,108.0,875.7919251857916
lgbm,2019-12-01,781.0,1003.1689670637815
lgbm,2020-01-01,1250.0,986.6043055790376
lgbm,2020-02-01,1815.0,1014.6867478532533
lgbm,2020-03-01,2097.0,995.7989242449069
lgbm,2020-04-01,2341.0,1000.4205603315718
lgbm,2020-05-01,2148.0,1019.3965271007344
lgbm,2020-06-01,911.0,942.0410988565371
lgbm,2020-07-01,375.0,877.5630920591474
lgbm,2020-08-01,290.0,857.4528843760792
lgbm,2020-09-01,186.0,857.227602691102
lgbm,2020-10-01,108.0,835.8391478477616
lgbm,2020-11-01,131.0,835.8391478477616
lgbm,2020-01-01,1250.0,743.1728067538872
lgbm,2020-02-01,1815.0,753.1601997684525
lgbm,2020-03-01,2097.0,716.5384708146768
lgbm,2020-04-01,2341.0,734.0859724161294
lgbm,2020-05-01,2148.0,743.071123032325
lgbm,2020-06-01,911.0,761.8998316192494
lgbm,2020-07-01,375.0,665.6856406395038
lgbm,2020-08-01,290.0,637.8059256231696
lgbm,2020-09-01,186.0,626.3407449937312
lgbm,2020-10-01,108.0,638.977611168397
lgbm,2020-11-01,131.0,625.6507921851027
lgbm,2020-12-01,81.0,627.5959502602637
lgbm,2020-02-01,1815.0,984.3143064867442
lgbm,2020-03-01,2097.0,991.2230012843901
lgbm,2020-04-01,2341.0,986.092808368789
lgbm,2020-05-01,2148.0,1019.7961873652779
lgbm,2020-06-01,911.0,951.8176417561072
lgbm,2020-07-01,375.0,938.7658615277452
lgbm,2020-08-01,290.0,883.7009634800503
lgbm,2020-09-01,186.0,882.6735542551231
lgbm,2020-10-01,108.0,844.1859225712248
lgbm,2020-11-01,131.0,790.3994229099973
lgbm,2020-12-01,81.0,791.5880028781843
lgbm,2021-01-01,109.0,895.5876939400821
lgbm,2020-03-01,2097.0,1257.856947659284
lgbm,2020-04-01,2341.0,1221.4978629831933
lgbm,2020-05-01,2148.0,1177.7118472116329
lgbm,2020-06-01,911.0,1183.2898692733504
lgbm,2020-07-01,375.0,1028.081954288346
lgbm,2020-08-01,290.0,1000.8981786830337
lgbm,2020-09-01,186.0,994.8003611898835
lgbm,2020-10-01,108.0,950.3510569979603
lgbm,2020-11-01,131.0,940.3368612383388
lgbm,2020-12-01,81.0,956.3478354220659
lgbm,2021-01-01,109.0,1011.5619934711657
lgbm,2021-02-01,87.0,1015.8020013687812
lgbm,2020-04-01,2341.0,1317.87926261214
lgbm,2020-05-01,2148.0,1274.316013085699
lgbm,2020-06-01,911.0,1267.7796442933054
lgbm,2020-07-01,375.0,1172.603520063692
lgbm,2020-08-01,290.0,1135.731286983081
lgbm,2020-09-01,186.0,1142.3033562363667
lgbm,2020-10-01,108.0,1113.656491371178
lgbm,2020-11-01,131.0,1067.4178093444248
lgbm,2020-12-01,81.0,1082.6916297978867
lgbm,2021-01-01,109.0,1111.7637013529259
lgbm,2021-02-01,87.0,1101.9646202240256
lgbm,2021-03-01,64.0,1061.8493162931716
lgbm,2020-05-01,2148.0,1401.160528740006
lgbm,2020-06-01,911.0,1520.5687151547868
lgbm,2020-07-01,375.0,1378.5754938769905
lgbm,2020-08-01,290.0,1192.2686825972055
lgbm,2020-09-01,186.0,1086.1262069409447
lgbm,2020-10-01,108.0,1307.873824010947
lgbm,2020-11-01,131.0,1196.3247697470683
lgbm,2020-12-01,81.0,1196.3247697470683
lgbm,2021-01-01,109.0,1239.359803755825
lgbm,2021-02-01,87.0,1251.4834566253555
lgbm,2021-03-01,64.0,1204.2000469291247
lgbm,2021-04-01,74.0,1204.2000469291247
lgbm,2020-06-01,911.0,1661.1879996454327
lgbm,2020-07-01,375.0,1429.260574741594
lgbm,2020-08-01,290.0,1334.8920721009094
lgbm,2020-09-01,186.0,1237.6795392419654
lgbm,2020-10-01,108.0,1357.8190946390382
lgbm,2020-11-01,131.0,1277.2338485711555
lgbm,2020-12-01,81.0,1238.0106602946148
lgbm,2021-01-01,109.0,1269.7452846577733
lgbm,2021-02-01,87.0,1240.6989180895985
lgbm,2021-03-01,64.0,1232.8114138443286
lgbm,2021-04-01,74.0,1237.6947154201823
lgbm,2021-05-01,108.0,1237.6947154201823
lgbm,2020-07-01,375.0,800.9394758192167
lgbm,2020-08-01,290.0,944.6107901084667
lgbm,2020-09-01,186.0,744.1712428202557
lgbm,2020-10-01,108.0,751.6855792274345
lgbm,2020-11-01,131.0,668.8211706607225
lgbm,2020-12-01,81.0,658.5608761514076
lgbm,2021-01-01,109.0,584.6418174770012
lgbm,2021-02-01,87.0,606.3259715032216
lgbm,2021-03-01,64.0,626.0954556704107
lgbm,2021-04-01,74.0,540.1721895931944
lgbm,2021-05-01,108.0,392.2876838893259
lgbm,2021-06-01,70.0,317.15962211151447
lgbm,2020-08-01,290.0,403.20738824280426
lgbm,2020-09-01,186.0,292.78892290558196
lgbm,2020-10-01,108.0,310.92640978562883
lgbm,2020-11-01,131.0,263.614378504402
lgbm,2020-12-01,81.0,253.2388314359753
lgbm,2021-01-01,109.0,300.633325771749
lgbm,2021-02-01,87.0,284.9127028513586
lgbm,2021-03-01,64.0,348.64697082142175
lgbm,2021-04-01,74.0,415.3419776452964
lgbm,2021-05-01,108.0,581.2590566846321
lgbm,2021-06-01,70.0,784.5755058626136
lgbm,2021-07-01,52.0,832.635307057229
lgbm,2020-09-01,186.0,289.0286023201169
lgbm,2020-10-01,108.0,343.37363717315117
lgbm,2020-11-01,131.0,302.2537777830534
lgbm,2020-12-01,81.0,294.53562107429485
lgbm,2021-01-01,109.0,305.68209648880156
lgbm,2021-02-01,87.0,336.74806296349055
lgbm,2021-03-01,64.0,383.5785637576723
lgbm,2021-04-01,74.0,384.43394333900767
lgbm,2021-05-01,108.0,405.031962276113
lgbm,2021-06-01,70.0,444.23903888376975
lgbm,2021-07-01,52.0,564.6321683609746
lgbm,2021-08-01,89.0,737.1804793460018
lgbm,2020-10-01,108.0,255.04042597511716
lgbm,2020-11-01,131.0,268.6002426131743
lgbm,2020-12-01,81.0,294.5047545944569
lgbm,2021-01-01,109.0,285.76093445829645
lgbm,2021-02-01,87.0,334.8322150337492
lgbm,2021-03-01,64.0,327.3520272778317
lgbm,2021-04-01,74.0,328.54253238043424
lgbm,2021-05-01,108.0,349.20548070123743
lgbm,2021-06-01,70.0,366.7762522191409
lgbm,2021-07-01,52.0,372.68727398898216
lgbm,2021-08-01,89.0,368.2724411892048
lgbm,2021-09-01,87.0,394.8483075279936
lgbm,2020-11-01,131.0,242.88812643725282
lgbm,2020-12-01,81.0,281.3691890294217
lgbm,2021-01-01,109.0,294.5557309580472
lgbm,2021-02-01,87.0,346.1939410476288
lgbm,2021-03-01,64.0,382.2026320423052
lgbm,2021-04-01,74.0,358.48801682727606
lgbm,2021-05-01,108.0,379.7037241534947
lgbm,2021-06-01,70.0,385.4369837243187
lgbm,2021-07-01,52.0,482.3909442710308
lgbm,2021-08-01,89.0,642.6008699428929
lgbm,2021-09-01,87.0,817.6694959402683
lgbm,2021-10-01,78.0,810.9529935526604
lgbm,2020-12-01,81.0,181.1378592018745
lgbm,2021-01-01,109.0,199.22515925243675
lgbm,2021-02-01,87.0,230.95974181877585
lgbm,2021-03-01,64.0,291.1546518995658
lgbm,2021-04-01,74.0,299.34685999597025
lgbm,2021-05-01,108.0,323.9688876207926
lgbm,2021-06-01,70.0,341.92135030257623
lgbm,2021-07-01,52.0,333.4322455444282
lgbm,2021-08-01,89.0,353.922350513722
lgbm,2021-09-01,87.0,388.73172568815085
lgbm,2021-10-01,78.0,461.00806118862795
lgbm,2021-11-01,74.0,565.1201919703318
lgbm,2021-01-01,109.0,157.34064797131842
lgbm,2021-02-01,87.0,197.96604123511818
lgbm,2021-03-01,64.0,226.35579001805783
lgbm,2021-04-01,74.0,247.33618085139588
lgbm,2021-05-01,108.0,259.72829182159353
lgbm,2021-06-01,70.0,263.0259373238395
lgbm,2021-07-01,52.0,281.5262454593921
lgbm,2021-08-01,89.0,304.53840910921645
lgbm,2021-09-01,87.0,310.6614832441875
lgbm,2021-10-01,78.0,338.03217138194816
lgbm,2021-11-01,74.0,338.1424353067009
lgbm,2021-12-01,19.0,340.2532998321732
lgbm,2021-02-01,87.0,179.06704984422285
lgbm,2021-03-01,64.0,214.71050584828657
lgbm,2021-04-01,74.0,249.90641996869664
lgbm,2021-05-01,108.0,262.6628498938714
lgbm,2021-06-01,70.0,264.44120473570246
lgbm,2021-07-01,52.0,250.90764687921163
lgbm,2021-08-01,89.0,258.63885687686127
lgbm,2021-09-01,87.0,237.58387656996615
lgbm,2021-10-01,78.0,235.48053908391188
lgbm,2021-11-01,74.0,253.60474532714176
lgbm,2021-12-01,19.0,339.817111910258
lgbm,2022-01-01,56.0,508.31892212378085
lgbm,2021-03-01,64.0,212.17587928286235
lgbm,2021-04-01,74.0,267.2447919673317
lgbm,2021-05-01,108.0,272.9258676914787
lgbm,2021-06-01,70.0,267.88746145414433
lgbm,2021-07-01,52.0,275.31800963475405
lgbm,2021-08-01,89.0,287.5791132907143
lgbm,2021-09-01,87.0,276.7444481401949
lgbm,2021-10-01,78.0,252.94861200982268
lgbm,2021-11-01,74.0,291.0626193969529
lgbm,2021-12-01,19.0,345.8393632587713
lgbm,2022-01-01,56.0,529.6703207487712
lgbm,2022-02-01,66.0,839.3453590908965
lgbm,2021-04-01,74.0,139.80794836706778
lgbm,2021-05-01,108.0,147.13460456812467
lgbm,2021-06-01,70.0,132.42393828949855
lgbm,2021-07-01,52.0,138.65250915133228
lgbm,2021-08-01,89.0,149.13950680447937
lgbm,2021-09-01,87.0,137.57263996292107
lgbm,2021-10-01,78.0,179.7244249257368
lgbm,2021-11-01,74.0,193.80614901336213
lgbm,2021-12-01,19.0,234.918062398448
lgbm,2022-01-01,56.0,483.00970627136064
lgbm,2022-02-01,66.0,799.6450284603443
lgbm,2022-03-01,106.0,1087.8948216685692
lgbm,2021-05-01,108.0,146.3068896233459
lgbm,2021-06-01,70.0,143.3017595335024
lgbm,2021-07-01,52.0,155.4203411420062
lgbm,2021-08-01,89.0,163.03151555102625
lgbm,2021-09-01,87.0,156.0785248981926
lgbm,2021-10-01,78.0,156.96018524140257
lgbm,2021-11-01,74.0,159.92065480615446
lgbm,2021-12-01,19.0,223.49362147173338
lgbm,2022-01-01,56.0,451.9547713456778
lgbm,2022-02-01,66.0,784.4220217906523
lgbm,2022-03-01,106.0,1070.4717908750501
lgbm,2022-04-01,210.0,1429.057620396029
lgbm,2021-06-01,70.0,123.5773297726109
lgbm,2021-07-01,52.0,125.06228688326642
lgbm,2021-08-01,89.0,136.02998517480987
lgbm,2021-09-01,87.0,126.09348070091191
lgbm,2021-10-01,78.0,146.89857489787153
lgbm,2021-11-01,74.0,160.0354462693686
lgbm,2021-12-01,19.0,237.75765570761766
lgbm,2022-01-01,56.0,478.8144482944028
lgbm,2022-02-01,66.0,817.9680389852119
lgbm,2022-03-01,106.0,1094.479267809494
lgbm,2022-04-01,210.0,1458.36273938093
lgbm,2022-05-01,363.0,1430.4007061239618
lgbm,2021-07-01,52.0,116.45575457072118
lgbm,2021-08-01,89.0,108.2212760489889
lgbm,2021-09-01,87.0,108.2212760489889
lgbm,2021-10-01,78.0,165.4159666824404
lgbm,2021-11-01,74.0,163.01457189668133
lgbm,2021-12-01,19.0,200.0172110797648
lgbm,2022-01-01,56.0,349.98556126407857
lgbm,2022-02-01,66.0,505.7119426241319
lgbm,2022-03-01,106.0,762.0639743147461
lgbm,2022-04-01,210.0,1073.5852857819698
lgbm,2022-05-01,363.0,1419.4721375540475
lgbm,2022-06-01,228.0,1442.3507131453796
lgbm,2021-08-01,89.0,73.8622656111272
lgbm,2021-09-01,87.0,72.26153003963613
lgbm,2021-10-01,78.0,132.25810859228648
lgbm,2021-11-01,74.0,149.04272204817693
lgbm,2021-12-01,19.0,166.4759270648755
lgbm,2022-01-01,56.0,328.4777292140886
lgbm,2022-02-01,66.0,519.6293331280116
lgbm,2022-03-01,106.0,957.7776585082186
lgbm,2022-04-01,210.0,1087.56900119566
lgbm,2022-05-01,363.0,1398.0344557587346
lgbm,2022-06-01,228.0,1435.538741281616
lgbm,2022-07-01,460.0,1476.6366773105283
lgbm,2021-09-01,87.0,95.62183876818226
lgbm,2021-10-01,78.0,113.94350088733921
lgbm,2021-11-01,74.0,120.82698019803067
lgbm,2021-12-01,19.0,185.88399885964625
lgbm,2022-01-01,56.0,364.9461960076992
lgbm,2022-02-01,66.0,561.9791929338766
lgbm,2022-03-01,106.0,1049.43212291818
lgbm,2022-04-01,210.0,1459.2691578923552
lgbm,2022-05-01,363.0,1411.4351090759683
lgbm,2022-06-01,228.0,1445.3923996648202
lgbm,2022-07-01,460.0,1472.789385587628
lgbm,2022-08-01,386.0,1355.6449436174591
lgbm,2021-10-01,78.0,135.19305500225772
lgbm,2021-11-01,74.0,145.52919100920633
lgbm,2021-12-01,19.0,184.41342682330753
lgbm,2022-01-01,56.0,352.66706207778014
lgbm,2022-02-01,66.0,513.14704601053
lgbm,2022-03-01,106.0,917.4932392978911
lgbm,2022-04-01,210.0,1030.776110373169
lgbm,2022-05-01,363.0,1300.0612645392227
lgbm,2022-06-01,228.0,1454.0320043004874
lgbm,2022-07-01,460.0,1481.265432007484
lgbm,2022-08-01,386.0,1457.2192985586137
lgbm,2022-09-01,269.0,1522.495788543475
lgbm,2021-11-01,74.0,135.90960502114217
lgbm,2021-12-01,19.0,154.6957640975862
lgbm,2022-01-01,56.0,318.14375857248547
lgbm,2022-02-01,66.0,495.60952892106866
lgbm,2022-03-01,106.0,764.6691069007891
lgbm,2022-04-01,210.0,1050.1085027428871
lgbm,2022-05-01,363.0,1418.9771623244615
lgbm,2022-06-01,228.0,1444.028900345615
lgbm,2022-07-01,460.0,1504.4541022308576
lgbm,2022-08-01,386.0,1463.6096211013398
lgbm,2022-09-01,269.0,1338.7507902270747
lgbm,2022-10-01,347.0,1418.9992584566185
lgbm,2021-12-01,19.0,175.25990147648625
lgbm,2022-01-01,56.0,351.88252739269257
lgbm,2022-02-01,66.0,489.53642379929875
lgbm,2022-03-01,106.0,866.5761298206677
lgbm,2022-04-01,210.0,1061.5991038508935
lgbm,2022-05-01,363.0,1437.4556255414648
lgbm,2022-06-01,228.0,1441.3758977936413
lgbm,2022-07-01,460.0,1465.0764281009972
lgbm,2022-08-01,386.0,1437.1203988049058
lgbm,2022-09-01,269.0,1439.4486280862523
lgbm,2022-10-01,347.0,1454.1760516987463
lgbm,2022-11-01,205.0,1530.6199865053313
lgbm,2022-01-01,56.0,268.7113459533148
lgbm,2022-02-01,66.0,413.1162772052924
lgbm,2022-03-01,106.0,775.7250854136057
lgbm,2022-04-01,210.0,1064.0518762659929
lgbm,2022-05-01,363.0,1457.68286438613
lgbm,2022-06-01,228.0,1450.978888257583
lgbm,2022-07-01,460.0,1498.7942284600717
lgbm,2022-08-01,386.0,1508.4006753442757
lgbm,2022-09-01,269.0,1351.255758869765
lgbm,2022-10-01,347.0,1404.7676047902053
lgbm,2022-11-01,205.0,1536.0700286590256
lgbm,2022-12-01,188.0,1536.0700286590256
lgbm,2022-02-01,66.0,252.2004109441153
lgbm,2022-03-01,106.0,328.0310623023495
lgbm,2022-04-01,210.0,489.348724082464
lgbm,2022-05-01,363.0,757.3879482045083
lgbm,2022-06-01,228.0,1096.557110510506
lgbm,2022-07-01,460.0,1568.8488294216013
lgbm,2022-08-01,386.0,1526.8255481463768
lgbm,2022-09-01,269.0,1552.044499023243
lgbm,2022-10-01,347.0,1474.791235173467
lgbm,2022-11-01,205.0,1320.916531227095
lgbm,2022-12-01,188.0,1396.942806726118
lgbm,2023-01-01,777.0,1507.082332750385
lgbm,2022-03-01,106.0,224.24613392680868
lgbm,2022-04-01,210.0,373.32284190500593
lgbm,2022-05-01,363.0,496.07367724887536
lgbm,2022-06-01,228.0,860.764218744999
lgbm,2022-07-01,460.0,1190.6202699253545
lgbm,2022-08-01,386.0,1568.8084731890726
lgbm,2022-09-01,269.0,1565.349636316827
lgbm,2022-10-01,347.0,1532.555540295366
lgbm,2022-11-01,205.0,1484.364459273966
lgbm,2022-12-01,188.0,1399.7895913140921
lgbm,2023-01-01,777.0,1399.7895913140921
lgbm,2023-02-01,800.0,1529.383118891395
lgbm,2022-04-01,210.0,261.35713469327413
lgbm,2022-05-01,363.0,366.7794041174404
lgbm,2022-06-01,228.0,631.2490170227874
lgbm,2022-07-01,460.0,1184.9826674704034
lgbm,2022-08-01,386.0,1612.7656677332682
lgbm,2022-09-01,269.0,1573.789370779926
lgbm,2022-10-01,347.0,1565.9369103874735
lgbm,2022-11-01,205.0,1541.4837739980826
lgbm,2022-12-01,188.0,1343.5656422856432
lgbm,2023-01-01,777.0,1398.2871067897627
lgbm,2023-02-01,800.0,1510.5020553935133
lgbm,2023-03-01,942.0,1567.865404023077
lgbm,2022-05-01,363.0,279.9838999400881
lgbm,2022-06-01,228.0,539.3263269353274
lgbm,2022-07-01,460.0,1006.3785062008319
lgbm,2022-08-01,386.0,1497.0789090083201
lgbm,2022-09-01,269.0,1590.9897250323281
lgbm,2022-10-01,347.0,1582.962050525851
lgbm,2022-11-01,205.0,1552.340031325115
lgbm,2022-12-01,188.0,1505.2394448955345
lgbm,2023-01-01,777.0,1386.9961806374345
lgbm,2023-02-01,800.0,1488.7766987419548
lgbm,2023-03-01,942.0,1501.8705749513622
lgbm,2023-04-01,1934.0,1612.5148690233657
lgbm,2022-06-01,228.0,575.6667383140818
lgbm,2022-07-01,460.0,992.484571375933
lgbm,2022-08-01,386.0,1483.8004414964241
lgbm,2022-09-01,269.0,1567.0767615412137
lgbm,2022-10-01,347.0,1551.2883084627204
lgbm,2022-11-01,205.0,1500.4904143600725
lgbm,2022-12-01,188.0,1450.6967132900895
lgbm,2023-01-01,777.0,1372.7790991241475
lgbm,2023-02-01,800.0,1531.844518640297
lgbm,2023-03-01,942.0,1542.0711314741748
lgbm,2023-04-01,1934.0,1591.3456636309947
lgbm,2023-05-01,2531.0,1658.0368348156098
lgbm,2022-07-01,460.0,571.6794125255597
lgbm,2022-08-01,386.0,1009.3263036028516
lgbm,2022-09-01,269.0,1537.6420790023417
lgbm,2022-10-01,347.0,1496.7543299231447
lgbm,2022-11-01,205.0,1494.4330632653268
lgbm,2022-12-01,188.0,1428.7879480609704
lgbm,2023-01-01,777.0,1411.6396504979268
lgbm,2023-02-01,800.0,1484.9607650982016
lgbm,2023-03-01,942.0,1578.123952968632
lgbm,2023-04-01,1934.0,1578.123952968632
lgbm,2023-05-01,2531.0,1718.5927068904027
lgbm,2023-06-01,2870.0,1744.3628541311436
lgbm,2022-08-01,386.0,813.8047460390213
lgbm,2022-09-01,269.0,1088.6521451184826
lgbm,2022-10-01,347.0,1491.2985191064367
lgbm,2022-11-01,205.0,1458.5063724224517
lgbm,2022-12-01,188.0,1438.4434760740987
lgbm,2023-01-01,777.0,1402.033406968529
lgbm,2023-02-01,800.0,1455.7688029912122
lgbm,2023-03-01,942.0,1477.2418648224836
lgbm,2023-04-01,1934.0,1545.2187561594665
lgbm,2023-05-01,2531.0,1656.0710308007435
lgbm,2023-06-01,2870.0,1697.259377390442
lgbm,2023-07-01,3293.0,1735.664379274084
lgbm,2022-09-01,269.0,669.7335674575662
lgbm,2022-10-01,347.0,992.6157108913969
lgbm,2022-11-01,205.0,1058.2032881699286
lgbm,2022-12-01,188.0,1500.2057482671385
lgbm,2023-01-01,777.0,1480.060542476503
lgbm,2023-02-01,800.0,1455.0287829393906
lgbm,2023-03-01,942.0,1426.9770731312747
lgbm,2023-04-01,1934.0,1458.0324429828531
lgbm,2023-05-01,2531.0,1549.8571143131544
lgbm,2023-06-01,2870.0,1609.8933081380524
lgbm,2023-07-01,3293.0,1609.8933081380524
lgbm,2023-08-01,1368.0,1679.1989719130638
lgbm,2022-10-01,347.0,419.9840562741743
lgbm,2022-11-01,205.0,616.3679014499286
lgbm,2022-12-01,188.0,943.6875515313601
lgbm,2023-01-01,777.0,871.7509643313755
lgbm,2023-02-01,800.0,1016.294816775945
lgbm,2023-03-01,942.0,1405.9408780119168
lgbm,2023-04-01,1934.0,1397.75940935379
lgbm,2023-05-01,2531.0,1397.75940935379
lgbm,2023-06-01,2870.0,1593.2620458228948
lgbm,2023-07-01,3293.0,1603.636130589771
lgbm,2023-08-01,1368.0,1380.4836436466708
lgbm,2023-09-01,723.0,1398.8295958549804
lgbm,2022-11-01,205.0,307.4896854001706
lgbm,2022-12-01,188.0,335.8628823192984
lgbm,2023-01-01,777.0,325.97749030925985
lgbm,2023-02-01,800.0,367.54421932703605
lgbm,2023-03-01,942.0,422.0547741879514
lgbm,2023-04-01,1934.0,636.780075103538
lgbm,2023-05-01,2531.0,898.1834137721638
lgbm,2023-06-01,2870.0,982.0770171395538
lgbm,2023-07-01,3293.0,1051.9272486791706
lgbm,2023-08-01,1368.0,1429.6749968212048
lgbm,2023-09-01,723.0,1232.8118614796872
lgbm,2023-10-01,757.0,1065.6739265253466
lgbm,2022-12-01,188.0,302.0228522564674
lgbm,2023-01-01,777.0,399.42976316817214
lgbm,2023-02-01,800.0,596.5138822704047
lgbm,2023-03-01,942.0,934.3741417939327
lgbm,2023-04-01,1934.0,1017.8767554858571
lgbm,2023-05-01,2531.0,1463.3654063904607
lgbm,2023-06-01,2870.0,1478.549310169576
lgbm,2023-07-01,3293.0,1495.4240658544309
lgbm,2023-08-01,1368.0,1418.2451202785935
lgbm,2023-09-01,723.0,1288.3673394631035
lgbm,2023-10-01,757.0,1111.3593769434224
lgbm,2023-11-01,520.0,1201.2219256658361
lgbm,2023-01-01,777.0,275.3299808188518
lgbm,2023-02-01,800.0,410.1020211431559
lgbm,2023-03-01,942.0,602.9568957381922
lgbm,2023-04-01,1934.0,912.1329713175229
lgbm,2023-05-01,2531.0,900.5855414562576
lgbm,2023-06-01,2870.0,979.522790580745
lgbm,2023-07-01,3293.0,1025.971827195763
lgbm,2023-08-01,1368.0,1380.9521045946324
lgbm,2023-09-01,723.0,1276.0334677026467
lgbm,2023-10-01,757.0,1286.0866936659943
lgbm,2023-11-01,520.0,1239.9714224753964
lgbm,2023-12-01,360.0,1247.6335497393816
lgbm,2023-02-01,800.0,919.894064826923
lgbm,2023-03-01,942.0,977.8637047788283
lgbm,2023-04-01,1934.0,1124.3872723034553
lgbm,2023-05-01,2531.0,1463.2321255355707
lgbm,2023-06-01,2870.0,1487.5905768531304
lgbm,2023-07-01,3293.0,1475.2683543839369
lgbm,2023-08-01,1368.0,1560.1974222518688
lgbm,2023-09-01,723.0,1319.6890668490728
lgbm,2023-10-01,757.0,1257.3837905401185
lgbm,2023-11-01,520.0,1203.6226510974377
lgbm,2023-12-01,360.0,1302.5063126976436
lgbm,2024-01-01,766.0,1199.1090648912011
lgbm,2023-03-01,942.0,995.0409118129508
lgbm,2023-04-01,1934.0,1362.576051865692
lgbm,2023-05-01,2531.0,1415.9948930697678
lgbm,2023-06-01,2870.0,1440.7976100436103
lgbm,2023-07-01,3293.0,1413.0513381683563
lgbm,2023-08-01,1368.0,1418.8643630386605
lgbm,2023-09-01,723.0,1224.2655663369235
lgbm,2023-10-01,757.0,1240.2330737474874
lgbm,2023-11-01,520.0,1181.814907235444
lgbm,2023-12-01,360.0,1262.099848650553
lgbm,2024-01-01,766.0,1162.7523656419878
lgbm,2024-02-01,3890.0,1110.944814822322
lgbm,2023-04-01,1934.0,1045.425989759019
lgbm,2023-05-01,2531.0,1436.8671554729624
lgbm,2023-06-01,2870.0,1510.8584065351388
lgbm,2023-07-01,3293.0,1468.2525886148126
lgbm,2023-08-01,1368.0,1370.1676317608164
lgbm,2023-09-01,723.0,1348.997117550043
lgbm,2023-10-01,757.0,1211.150532001766
lgbm,2023-11-01,520.0,1224.7489276419583
lgbm,2023-12-01,360.0,1243.3433096409126
lgbm,2024-01-01,766.0,1230.3806283179106
lgbm,2024-02-01,3890.0,1213.6220943173962
lgbm,2024-03-01,4331.0,1349.6240845487664
lgbm,2023-05-01,2531.0,1500.9536040932069
lgbm,2023-06-01,2870.0,1667.748912451829
lgbm,2023-07-01,3293.0,1579.8852969022946
lgbm,2023-08-01,1368.0,1475.592058918416
lgbm,2023-09-01,723.0,1102.0372291939138
lgbm,2023-10-01,757.0,995.7901984401009
lgbm,2023-11-01,520.0,715.7972991420705
lgbm,2023-12-01,360.0,824.4427185138981
lgbm,2024-01-01,766.0,738.2911070033591
lgbm,2024-02-01,3890.0,725.7381828223749
lgbm,2024-03-01,4331.0,979.1863101463777
lgbm,2024-04-01,2181.0,1101.9766178840457
lgbm,2023-06-01,2870.0,1769.7088999924467
lgbm,2023-07-01,3293.0,1686.627890117049
lgbm,2023-08-01,1368.0,1555.2608935482983
lgbm,2023-09-01,723.0,1197.0027231608265
lgbm,2023-10-01,757.0,1157.5659755225759
lgbm,2023-11-01,520.0,1188.7965126915203
lgbm,2023-12-01,360.0,1190.9076527686088
lgbm,2024-01-01,766.0,1099.7844132222756
lgbm,2024-02-01,3890.0,1054.0354490262553
lgbm,2024-03-01,4331.0,1089.0306508219855
lgbm,2024-04-01,2181.0,1179.3749216249425
lgbm,2024-05-01,1432.0,969.5047485111744
lgbm,2023-07-01,3293.0,1892.822916147381
lgbm,2023-08-01,1368.0,1698.584863435265
lgbm,2023-09-01,723.0,1312.9263028689538
lgbm,2023-10-01,757.0,1193.1151167571593
lgbm,2023-11-01,520.0,1189.1478924392284
lgbm,2023-12-01,360.0,1173.513574803652
lgbm,2024-01-01,766.0,1027.5673492744681
lgbm,2024-02-01,3890.0,808.4750112137343
lgbm,2024-03-01,4331.0,706.879031726516
lgbm,2024-04-01,2181.0,814.3105856986857
lgbm,2024-05-01,1432.0,492.568822440626
lgbm,2024-06-01,1147.0,340.35374890248556
lgbm,2023-08-01,1368.0,1857.444182144294
lgbm,2023-09-01,723.0,1303.7601535823708
lgbm,2023-10-01,757.0,1195.91646901997
lgbm,2023-11-01,520.0,1195.91646901997
lgbm,2023-12-01,360.0,1327.636675253345
lgbm,2024-01-01,766.0,1218.2215703961995
lgbm,2024-02-01,3890.0,1142.1896309620665
lgbm,2024-03-01,4331.0,1390.560597510081
lgbm,2024-04-01,2181.0,1327.509300377984
lgbm,2024-05-01,1432.0,1019.0508213892535
lgbm,2024-06-01,1147.0,772.4305431323507
lgbm,2024-07-01,725.0,501.31477593243545
lgbm,2023-09-01,723.0,1265.6728240365942
lgbm,2023-10-01,757.0,1173.6894533216916
lgbm,2023-11-01,520.0,1170.8086818151519
lgbm,2023-12-01,360.0,1390.5721697870201
lgbm,2024-01-01,766.0,1258.8584656886567
lgbm,2024-02-01,3890.0,1233.2000283456077
lgbm,2024-03-01,4331.0,1480.820022063831
lgbm,2024-04-01,2181.0,1377.3212405545676
lgbm,2024-05-01,1432.0,1079.7996164807596
lgbm,2024-06-01,1147.0,854.8808812944088
lgbm,2024-07-01,725.0,530.7638211679149
lgbm,2024-08-01,703.0,547.7399385569083
lgbm,2023-10-01,757.0,462.450155838869
lgbm,2023-11-01,520.0,399.2760129251441
lgbm,2023-12-01,360.0,440.8455621750723
lgbm,2024-01-01,766.0,403.90750707613665
lgbm,2024-02-01,3890.0,475.66273098628915
lgbm,2024-03-01,4331.0,571.8768127251647
lgbm,2024-04-01,2181.0,994.8070061913718
lgbm,2024-05-01,1432.0,642.7833067111882
lgbm,2024-06-01,1147.0,735.8166493117345
lgbm,2024-07-01,725.0,936.5489976709495
lgbm,2024-08-01,703.0,868.1333698159167
lgbm,2024-09-01,721.0,789.2901880307828
lgbm,2023-11-01,520.0,698.4563455182113
lgbm,2023-12-01,360.0,671.998382020527
lgbm,2024-01-01,766.0,671.9128512417561
lgbm,2024-02-01,3890.0,864.1514555569302
lgbm,2024-03-01,4331.0,1016.7158301687974
lgbm,2024-04-01,2181.0,1319.3869688869086
lgbm,2024-05-01,1432.0,1360.0478321164146
lgbm,2024-06-01,1147.0,1451.108447706349
lgbm,2024-07-01,725.0,1427.1996995861366
lgbm,2024-08-01,703.0,1009.4627792814351
lgbm,2024-09-01,721.0,760.3047655512601
lgbm,2024-10-01,471.0,519.611740467347
lgbm,2023-12-01,360.0,329.8680268146288
lgbm,2024-01-01,766.0,403.6311225543563
lgbm,2024-02-01,3890.0,454.6337451786816
lgbm,2024-03-01,4331.0,551.1616107914758
lgbm,2024-04-01,2181.0,979.3846753632379
lgbm,2024-05-01,1432.0,736.4280108219065
lgbm,2024-06-01,1147.0,828.5717030885995
lgbm,2024-07-01,725.0,950.8280220198787
lgbm,2024-08-01,703.0,847.3627884124426
lgbm,2024-09-01,721.0,857.2754851975077
lgbm,2024-10-01,471.0,837.6764946846554
lgbm,2024-11-01,358.0,759.9103863121062
lgbm,2024-01-01,766.0,322.49713012471426
lgbm,2024-02-01,3890.0,284.54811672382124
lgbm,2024-03-01,4331.0,419.96483259029014
lgbm,2024-04-01,2181.0,538.9075968321594
lgbm,2024-05-01,1432.0,642.8897477627471
lgbm,2024-06-01,1147.0,791.2428798545997
lgbm,2024-07-01,725.0,775.880358260273
lgbm,2024-08-01,703.0,939.3140191261929
lgbm,2024-09-01,721.0,975.8401694083487
lgbm,2024-10-01,471.0,882.9608192172832
lgbm,2024-11-01,358.0,842.9146214540102
lgbm,2024-12-01,371.0,819.5448129374403
xgboost,2014-01-01,348.0,215.40379333496094
xgboost,2014-02-01,537.0,217.28709411621094
xgboost,2014-03-01,1140.0,286.5660095214844
xgboost,2014-04-01,1529.0,274.0191345214844
xgboost,2014-05-01,1204.0,257.9717712402344
xgboost,2014-06-01,953.0,276.989013671875
xgboost,2014-07-01,586.0,262.8074951171875
xgboost,2014-08-01,515.0,275.98162841796875
xgboost,2014-09-01,306.0,262.8204650878906
xgboost,2014-10-01,315.0,277.0681457519531
xgboost,2014-11-01,356.0,277.9713439941406
xgboost,2014-12-01,228.0,263.62518310546875
xgboost,2014-02-01,537.0,287.05169677734375
xgboost,2014-03-01,1140.0,346.9032287597656
xgboost,2014-04-01,1529.0,280.6210021972656
xgboost,2014-05-01,1204.0,236.3419952392578
xgboost,2014-06-01,953.0,224.31639099121094
xgboost,2014-07-01,586.0,233.1728973388672
xgboost,2014-08-01,515.0,235.32395935058594
xgboost,2014-09-01,306.0,223.52828979492188
xgboost,2014-10-01,315.0,237.21871948242188
xgboost,2014-11-01,356.0,235.6096954345703
xgboost,2014-12-01,228.0,301.9938659667969
xgboost,2015-01-01,233.0,235.60719299316406
xgboost,2014-03-01,1140.0,369.3187561035156
xgboost,2014-04-01,1529.0,343.5350341796875
xgboost,2014-05-01,1204.0,279.5699768066406
xgboost,2014-06-01,953.0,258.1410217285156
xgboost,2014-07-01,586.0,258.466796875
xgboost,2014-08-01,515.0,256.8482360839844
xgboost,2014-09-01,306.0,257.700927734375
xgboost,2014-10-01,315.0,235.84930419921875
xgboost,2014-11-01,356.0,235.78176879882812
xgboost,2014-12-01,228.0,295.4095153808594
xgboost,2015-01-01,233.0,250.40090942382812
xgboost,2015-02-01,277.0,236.308349609375
xgboost,2014-04-01,1529.0,1083.6475830078125
xgboost,2014-05-01,1204.0,1119.9033203125
xgboost,2014-06-01,953.0,991.7494506835938
xgboost,2014-07-01,586.0,1034.24609375
xgboost,2014-08-01,515.0,842.8357543945312
xgboost,2014-09-01,306.0,894.5338745117188
xgboost,2014-10-01,315.0,910.6685180664062
xgboost,2014-11-01,356.0,1039.347412109375
xgboost,2014-12-01,228.0,1036.7066650390625
xgboost,2015-01-01,233.0,1036.5955810546875
xgboost,2015-02-01,277.0,1063.7601318359375
xgboost,2015-03-01,756.0,1028.7628173828125
xgboost,2014-05-01,1204.0,1527.68115234375
xgboost,2014-06-01,953.0,1411.4027099609375
xgboost,2014-07-01,586.0,1411.3031005859375
xgboost,2014-08-01,515.0,1175.580810546875
xgboost,2014-09-01,306.0,1175.3411865234375
xgboost,2014-10-01,315.0,1175.4705810546875
xgboost,2014-11-01,356.0,1167.628662109375
xgboost,2014-12-01,228.0,1167.61865234375
xgboost,2015-01-01,233.0,1167.608642578125
xgboost,2015-02-01,277.0,1169.177001953125
xgboost,2015-03-01,756.0,1175.612060546875
xgboost,2015-04-01,1079.0,1175.6064453125
xgboost,2014-06-01,953.0,1409.470947265625
xgboost,2014-07-01,586.0,1410.859130859375
xgboost,2014-08-01,515.0,1122.45703125
xgboost,2014-09-01,306.0,1114.7984619140625
xgboost,2014-10-01,315.0,1122.4739990234375
xgboost,2014-11-01,356.0,1122.9073486328125
xgboost,2014-12-01,228.0,1122.879150390625
xgboost,2015-01-01,233.0,1122.816650390625
xgboost,2015-02-01,277.0,1124.536865234375
xgboost,2015-03-01,756.0,1122.8399658203125
xgboost,2015-04-01,1079.0,1118.4918212890625
xgboost,2015-05-01,1256.0,1118.4837646484375
xgboost,2014-07-01,586.0,888.2446899414062
xgboost,2014-08-01,515.0,745.701416015625
xgboost,2014-09-01,306.0,866.4215698242188
xgboost,2014-10-01,315.0,824.5993041992188
xgboost,2014-11-01,356.0,1038.828125
xgboost,2014-12-01,228.0,1352.24462890625
xgboost,2015-01-01,233.0,1247.30029296875
xgboost,2015-02-01,277.0,1262.1375732421875
xgboost,2015-03-01,756.0,1157.4161376953125
xgboost,2015-04-01,1079.0,948.8126831054688
xgboost,2015-05-01,1256.0,697.1788330078125
xgboost,2015-06-01,949.0,767.845458984375
xgboost,2014-08-01,515.0,467.34173583984375
xgboost,2014-09-01,306.0,300.6531677246094
xgboost,2014-10-01,315.0,265.8188171386719
xgboost,2014-11-01,356.0,283.4354553222656
xgboost,2014-12-01,228.0,267.15325927734375
xgboost,2015-01-01,233.0,266.4361877441406
xgboost,2015-02-01,277.0,267.29254150390625
xgboost,2015-03-01,756.0,237.3297576904297
xgboost,2015-04-01,1079.0,260.40472412109375
xgboost,2015-05-01,1256.0,265.5013732910156
xgboost,2015-06-01,949.0,302.24285888671875
xgboost,2015-07-01,1211.0,323.7543029785156
xgboost,2014-09-01,306.0,289.5351257324219
xgboost,2014-10-01,315.0,265.7981872558594
xgboost,2014-11-01,356.0,291.5448913574219
xgboost,2014-12-01,228.0,281.51837158203125
xgboost,2015-01-01,233.0,277.0452575683594
xgboost,2015-02-01,277.0,273.1146240234375
xgboost,2015-03-01,756.0,239.31674194335938
xgboost,2015-04-01,1079.0,254.05909729003906
xgboost,2015-05-01,1256.0,264.3466491699219
xgboost,2015-06-01,949.0,306.5029296875
xgboost,2015-07-01,1211.0,322.8990783691406
xgboost,2015-08-01,1120.0,263.0058288574219
xgboost,2014-10-01,315.0,293.0663757324219
xgboost,2014-11-01,356.0,299.5917663574219
xgboost,2014-12-01,228.0,275.329833984375
xgboost,2015-01-01,233.0,274.0977478027344
xgboost,2015-02-01,277.0,274.71893310546875
xgboost,2015-03-01,756.0,247.10585021972656
xgboost,2015-04-01,1079.0,280.7713928222656
xgboost,2015-05-01,1256.0,287.07940673828125
xgboost,2015-06-01,949.0,275.6590576171875
xgboost,2015-07-01,1211.0,287.6611328125
xgboost,2015-08-01,1120.0,294.4800720214844
xgboost,2015-09-01,773.0,254.57009887695312
xgboost,2014-11-01,356.0,353.1593933105469
xgboost,2014-12-01,228.0,307.19964599609375
xgboost,2015-01-01,233.0,311.0428771972656
xgboost,2015-02-01,277.0,331.04156494140625
xgboost,2015-03-01,756.0,275.8521423339844
xgboost,2015-04-01,1079.0,291.19256591796875
xgboost,2015-05-01,1256.0,291.7943420410156
xgboost,2015-06-01,949.0,291.57427978515625
xgboost,2015-07-01,1211.0,290.5011291503906
xgboost,2015-08-01,1120.0,286.1239013671875
xgboost,2015-09-01,773.0,257.9718322753906
xgboost,2015-10-01,389.0,153.7686004638672
xgboost,2014-12-01,228.0,339.1135559082031
xgboost,2015-01-01,233.0,363.0411071777344
xgboost,2015-02-01,277.0,375.07049560546875
xgboost,2015-03-01,756.0,291.9407958984375
xgboost,2015-04-01,1079.0,307.91485595703125
xgboost,2015-05-01,1256.0,300.141845703125
xgboost,2015-06-01,949.0,300.4374084472656
xgboost,2015-07-01,1211.0,294.89581298828125
xgboost,2015-08-01,1120.0,295.9878234863281
xgboost,2015-09-01,773.0,268.80096435546875
xgboost,2015-10-01,389.0,150.27687072753906
xgboost,2015-11-01,380.0,150.43722534179688
xgboost,2015-01-01,233.0,306.77264404296875
xgboost,2015-02-01,277.0,307.9560241699219
xgboost,2015-03-01,756.0,263.1077575683594
xgboost,2015-04-01,1079.0,323.2860107421875
xgboost,2015-05-01,1256.0,322.9617614746094
xgboost,2015-06-01,949.0,316.577392578125
xgboost,2015-07-01,1211.0,300.1669921875
xgboost,2015-08-01,1120.0,300.3293762207031
xgboost,2015-09-01,773.0,256.99090576171875
xgboost,2015-10-01,389.0,149.79507446289062
xgboost,2015-11-01,380.0,150.47735595703125
xgboost,2015-12-01,273.0,213.9025421142578
xgboost,2015-02-01,277.0,234.9853515625
xgboost,2015-03-01,756.0,236.95201110839844
xgboost,2015-04-01,1079.0,316.8145446777344
xgboost,2015-05-01,1256.0,318.1644287109375
xgboost,2015-06-01,949.0,317.4774475097656
xgboost,2015-07-01,1211.0,299.6289367675781
xgboost,2015-08-01,1120.0,298.68560791015625
xgboost,2015-09-01,773.0,200.79551696777344
xgboost,2015-10-01,389.0,161.66160583496094
xgboost,2015-11-01,380.0,156.082763671875
xgboost,2015-12-01,273.0,235.30474853515625
xgboost,2016-01-01,419.0,236.52491760253906
xgboost,2015-03-01,756.0,251.5859832763672
xgboost,2015-04-01,1079.0,313.5891418457031
xgboost,2015-05-01,1256.0,310.669921875
xgboost,2015-06-01,949.0,304.806640625
xgboost,2015-07-01,1211.0,290.89349365234375
xgboost,2015-08-01,1120.0,301.0461120605469
xgboost,2015-09-01,773.0,220.66128540039062
xgboost,2015-10-01,389.0,149.44082641601562
xgboost,2015-11-01,380.0,148.73695373535156
xgboost,2015-12-01,273.0,234.98785400390625
xgboost,2016-01-01,419.0,240.46261596679688
xgboost,2016-02-01,709.0,329.7329406738281
xgboost,2015-04-01,1079.0,1007.7644653320312
xgboost,2015-05-01,1256.0,1007.0753173828125
xgboost,2015-06-01,949.0,1005.8598022460938
xgboost,2015-07-01,1211.0,1005.4631958007812
xgboost,2015-08-01,1120.0,1005.4950561523438
xgboost,2015-09-01,773.0,1003.0189819335938
xgboost,2015-10-01,389.0,1021.6615600585938
xgboost,2015-11-01,380.0,1025.615234375
xgboost,2015-12-01,273.0,1031.292236328125
xgboost,2016-01-01,419.0,1084.0712890625
xgboost,2016-02-01,709.0,1066.50927734375
xgboost,2016-03-01,511.0,1073.2239990234375
xgboost,2015-05-01,1256.0,1027.8199462890625
xgboost,2015-06-01,949.0,1039.5321044921875
xgboost,2015-07-01,1211.0,1035.8043212890625
xgboost,2015-08-01,1120.0,1029.492919921875
xgboost,2015-09-01,773.0,1038.04443359375
xgboost,2015-10-01,389.0,1039.7464599609375
xgboost,2015-11-01,380.0,1046.4056396484375
xgboost,2015-12-01,273.0,1091.826171875
xgboost,2016-01-01,419.0,1037.8721923828125
xgboost,2016-02-01,709.0,1078.3492431640625
xgboost,2016-03-01,511.0,907.1690673828125
xgboost,2016-04-01,366.0,1046.08154296875
xgboost,2015-06-01,949.0,1148.0115966796875
xgboost,2015-07-01,1211.0,1252.2696533203125
xgboost,2015-08-01,1120.0,949.3814697265625
xgboost,2015-09-01,773.0,457.62457275390625
xgboost,2015-10-01,389.0,151.183837890625
xgboost,2015-11-01,380.0,146.36732482910156
xgboost,2015-12-01,273.0,222.99305725097656
xgboost,2016-01-01,419.0,211.72393798828125
xgboost,2016-02-01,709.0,293.9019470214844
xgboost,2016-03-01,511.0,311.6634826660156
xgboost,2016-04-01,366.0,311.6905822753906
xgboost,2016-05-01,421.0,263.36505126953125
xgboost,2015-07-01,1211.0,909.5225219726562
xgboost,2015-08-01,1120.0,857.05029296875
xgboost,2015-09-01,773.0,510.9704895019531
xgboost,2015-10-01,389.0,148.904296875
xgboost,2015-11-01,380.0,152.6834716796875
xgboost,2015-12-01,273.0,225.39865112304688
xgboost,2016-01-01,419.0,221.04718017578125
xgboost,2016-02-01,709.0,292.4572448730469
xgboost,2016-03-01,511.0,281.5344543457031
xgboost,2016-04-01,366.0,290.43719482421875
xgboost,2016-05-01,421.0,248.54290771484375
xgboost,2016-06-01,327.0,257.3383483886719
xgboost,2015-08-01,1120.0,1083.01416015625
xgboost,2015-09-01,773.0,674.041015625
xgboost,2015-10-01,389.0,831.0700073242188
xgboost,2015-11-01,380.0,523.3553466796875
xgboost,2015-12-01,273.0,222.87767028808594
xgboost,2016-01-01,419.0,218.18087768554688
xgboost,2016-02-01,709.0,342.8900451660156
xgboost,2016-03-01,511.0,252.80177307128906
xgboost,2016-04-01,366.0,240.29441833496094
xgboost,2016-05-01,421.0,235.7188262939453
xgboost,2016-06-01,327.0,250.6668701171875
xgboost,2016-07-01,325.0,247.8465118408203
xgboost,2015-09-01,773.0,646.986083984375
xgboost,2015-10-01,389.0,847.0154418945312
xgboost,2015-11-01,380.0,479.4249572753906
xgboost,2015-12-01,273.0,247.28562927246094
xgboost,2016-01-01,419.0,215.86679077148438
xgboost,2016-02-01,709.0,347.73919677734375
xgboost,2016-03-01,511.0,260.82879638671875
xgboost,2016-04-01,366.0,264.04302978515625
xgboost,2016-05-01,421.0,249.65846252441406
xgboost,2016-06-01,327.0,289.234619140625
xgboost,2016-07-01,325.0,266.4879455566406
xgboost,2016-08-01,210.0,247.24449157714844
xgboost,2015-10-01,389.0,821.702392578125
xgboost,2015-11-01,380.0,456.3895263671875
xgboost,2015-12-01,273.0,229.4843292236328
xgboost,2016-01-01,419.0,218.0646209716797
xgboost,2016-02-01,709.0,351.99713134765625
xgboost,2016-03-01,511.0,273.0769958496094
xgboost,2016-04-01,366.0,254.9920654296875
xgboost,2016-05-01,421.0,252.67221069335938
xgboost,2016-06-01,327.0,261.43603515625
xgboost,2016-07-01,325.0,257.5254211425781
xgboost,2016-08-01,210.0,243.01068115234375
xgboost,2016-09-01,227.0,312.4220275878906
xgboost,2015-11-01,380.0,165.5751953125
xgboost,2015-12-01,273.0,217.52232360839844
xgboost,2016-01-01,419.0,220.41604614257812
xgboost,2016-02-01,709.0,349.96209716796875
xgboost,2016-03-01,511.0,272.9002380371094
xgboost,2016-04-01,366.0,278.5673522949219
xgboost,2016-05-01,421.0,262.5174560546875
xgboost,2016-06-01,327.0,254.75840759277344
xgboost,2016-07-01,325.0,258.9429626464844
xgboost,2016-08-01,210.0,257.3377685546875
xgboost,2016-09-01,227.0,317.88580322265625
xgboost,2016-10-01,324.0,280.6518249511719
xgboost,2015-12-01,273.0,255.62890625
xgboost,2016-01-01,419.0,246.3951416015625
xgboost,2016-02-01,709.0,364.6245422363281
xgboost,2016-03-01,511.0,281.2325744628906
xgboost,2016-04-01,366.0,286.47515869140625
xgboost,2016-05-01,421.0,282.9961853027344
xgboost,2016-06-01,327.0,257.8839111328125
xgboost,2016-07-01,325.0,255.1587371826172
xgboost,2016-08-01,210.0,250.80198669433594
xgboost,2016-09-01,227.0,310.3270263671875
xgboost,2016-10-01,324.0,261.134521484375
xgboost,2016-11-01,245.0,189.3945770263672
xgboost,2016-01-01,419.0,253.08761596679688
xgboost,2016-02-01,709.0,365.2098083496094
xgboost,2016-03-01,511.0,289.1258850097656
xgboost,2016-04-01,366.0,276.3136901855469
xgboost,2016-05-01,421.0,282.6528625488281
xgboost,2016-06-01,327.0,275.2095642089844
xgboost,2016-07-01,325.0,267.860107421875
xgboost,2016-08-01,210.0,270.22784423828125
xgboost,2016-09-01,227.0,320.9297180175781
xgboost,2016-10-01,324.0,232.0326690673828
xgboost,2016-11-01,245.0,174.54180908203125
xgboost,2016-12-01,225.0,230.27671813964844
xgboost,2016-02-01,709.0,381.45587158203125
xgboost,2016-03-01,511.0,305.4080505371094
xgboost,2016-04-01,366.0,270.9158020019531
xgboost,2016-05-01,421.0,266.0507507324219
xgboost,2016-06-01,327.0,239.21493530273438
xgboost,2016-07-01,325.0,235.7661590576172
xgboost,2016-08-01,210.0,223.9878692626953
xgboost,2016-09-01,227.0,290.55322265625
xgboost,2016-10-01,324.0,260.7757568359375
xgboost,2016-11-01,245.0,182.0419464111328
xgboost,2016-12-01,225.0,214.7057342529297
xgboost,2017-01-01,312.0,149.03225708007812
xgboost,2016-03-01,511.0,1027.173583984375
xgboost,2016-04-01,366.0,1042.030029296875
xgboost,2016-05-01,421.0,1096.5057373046875
xgboost,2016-06-01,327.0,1104.068603515625
xgboost,2016-07-01,325.0,1160.9312744140625
xgboost,2016-08-01,210.0,957.137939453125
xgboost,2016-09-01,227.0,840.7588500976562
xgboost,2016-10-01,324.0,432.685302734375
xgboost,2016-11-01,245.0,291.1427917480469
xgboost,2016-12-01,225.0,285.6113586425781
xgboost,2017-01-01,312.0,194.35665893554688
xgboost,2017-02-01,208.0,210.9418487548828
xgboost,2016-04-01,366.0,413.226318359375
xgboost,2016-05-01,421.0,275.852783203125
xgboost,2016-06-01,327.0,242.3712615966797
xgboost,2016-07-01,325.0,251.03868103027344
xgboost,2016-08-01,210.0,223.84326171875
xgboost,2016-09-01,227.0,262.56146240234375
xgboost,2016-10-01,324.0,259.5445251464844
xgboost,2016-11-01,245.0,203.5120849609375
xgboost,2016-12-01,225.0,211.7545928955078
xgboost,2017-01-01,312.0,173.12368774414062
xgboost,2017-02-01,208.0,219.02232360839844
xgboost,2017-03-01,214.0,294.16009521484375
xgboost,2016-05-01,421.0,273.6021423339844
xgboost,2016-06-01,327.0,318.2253723144531
xgboost,2016-07-01,325.0,271.4964294433594
xgboost,2016-08-01,210.0,220.76197814941406
xgboost,2016-09-01,227.0,239.57676696777344
xgboost,2016-10-01,324.0,213.61778259277344
xgboost,2016-11-01,245.0,172.8769989013672
xgboost,2016-12-01,225.0,223.07333374023438
xgboost,2017-01-01,312.0,173.15548706054688
xgboost,2017-02-01,208.0,209.5685272216797
xgboost,2017-03-01,214.0,276.32110595703125
xgboost,2017-04-01,367.0,298.2797546386719
xgboost,2016-06-01,327.0,292.8285217285156
xgboost,2016-07-01,325.0,251.61166381835938
xgboost,2016-08-01,210.0,235.77590942382812
xgboost,2016-09-01,227.0,297.52093505859375
xgboost,2016-10-01,324.0,254.66856384277344
xgboost,2016-11-01,245.0,223.19558715820312
xgboost,2016-12-01,225.0,207.15838623046875
xgboost,2017-01-01,312.0,166.82398986816406
xgboost,2017-02-01,208.0,232.3314971923828
xgboost,2017-03-01,214.0,252.9675750732422
xgboost,2017-04-01,367.0,332.36029052734375
xgboost,2017-05-01,281.0,294.5614013671875
xgboost,2016-07-01,325.0,272.30865478515625
xgboost,2016-08-01,210.0,271.4785461425781
xgboost,2016-09-01,227.0,291.003173828125
xgboost,2016-10-01,324.0,254.85720825195312
xgboost,2016-11-01,245.0,211.476318359375
xgboost,2016-12-01,225.0,213.65689086914062
xgboost,2017-01-01,312.0,179.57748413085938
xgboost,2017-02-01,208.0,213.0390167236328
xgboost,2017-03-01,214.0,255.05279541015625
xgboost,2017-04-01,367.0,299.0980529785156
xgboost,2017-05-01,281.0,282.9298400878906
xgboost,2017-06-01,211.0,280.93328857421875
xgboost,2016-08-01,210.0,259.2713928222656
xgboost,2016-09-01,227.0,269.59130859375
xgboost,2016-10-01,324.0,219.4112091064453
xgboost,2016-11-01,245.0,188.51695251464844
xgboost,2016-12-01,225.0,204.4849395751953
xgboost,2017-01-01,312.0,173.01832580566406
xgboost,2017-02-01,208.0,181.96112060546875
xgboost,2017-03-01,214.0,256.4005126953125
xgboost,2017-04-01,367.0,296.77984619140625
xgboost,2017-05-01,281.0,264.22808837890625
xgboost,2017-06-01,211.0,288.98126220703125
xgboost,2017-07-01,360.0,282.40576171875
xgboost,2016-09-01,227.0,276.4678039550781
xgboost,2016-10-01,324.0,236.25917053222656
xgboost,2016-11-01,245.0,204.53077697753906
xgboost,2016-12-01,225.0,181.7480010986328
xgboost,2017-01-01,312.0,160.07760620117188
xgboost,2017-02-01,208.0,254.3157958984375
xgboost,2017-03-01,214.0,338.0348815917969
xgboost,2017-04-01,367.0,357.100341796875
xgboost,2017-05-01,281.0,369.6595458984375
xgboost,2017-06-01,211.0,277.94244384765625
xgboost,2017-07-01,360.0,290.0959167480469
xgboost,2017-08-01,241.0,283.182373046875
xgboost,2016-10-01,324.0,210.387451171875
xgboost,2016-11-01,245.0,198.2826690673828
xgboost,2016-12-01,225.0,204.74658203125
xgboost,2017-01-01,312.0,180.2770538330078
xgboost,2017-02-01,208.0,216.45559692382812
xgboost,2017-03-01,214.0,289.76934814453125
xgboost,2017-04-01,367.0,327.6888732910156
xgboost,2017-05-01,281.0,280.8909606933594
xgboost,2017-06-01,211.0,306.630859375
xgboost,2017-07-01,360.0,311.93988037109375
xgboost,2017-08-01,241.0,281.37164306640625
xgboost,2017-09-01,174.0,279.99993896484375
xgboost,2016-11-01,245.0,255.5994415283203
xgboost,2016-12-01,225.0,214.7560272216797
xgboost,2017-01-01,312.0,158.12525939941406
xgboost,2017-02-01,208.0,256.3011474609375
xgboost,2017-03-01,214.0,337.40301513671875
xgboost,2017-04-01,367.0,325.9318542480469
xgboost,2017-05-01,281.0,276.3349304199219
xgboost,2017-06-01,211.0,270.013671875
xgboost,2017-07-01,360.0,338.099609375
xgboost,2017-08-01,241.0,273.1299133300781
xgboost,2017-09-01,174.0,284.267822265625
xgboost,2017-10-01,272.0,285.2821350097656
xgboost,2016-12-01,225.0,213.81060791015625
xgboost,2017-01-01,312.0,174.133544921875
xgboost,2017-02-01,208.0,263.13995361328125
xgboost,2017-03-01,214.0,299.0190124511719
xgboost,2017-04-01,367.0,346.2565002441406
xgboost,2017-05-01,281.0,298.1617431640625
xgboost,2017-06-01,211.0,283.6949462890625
xgboost,2017-07-01,360.0,333.9385681152344
xgboost,2017-08-01,241.0,294.3168640136719
xgboost,2017-09-01,174.0,252.3948516845703
xgboost,2017-10-01,272.0,258.5030517578125
xgboost,2017-11-01,156.0,246.85440063476562
xgboost,2017-01-01,312.0,181.9040985107422
xgboost,2017-02-01,208.0,223.20819091796875
xgboost,2017-03-01,214.0,277.3690490722656
xgboost,2017-04-01,367.0,340.2447204589844
xgboost,2017-05-01,281.0,320.0013732910156
xgboost,2017-06-01,211.0,294.25628662109375
xgboost,2017-07-01,360.0,324.6348571777344
xgboost,2017-08-01,241.0,300.8519592285156
xgboost,2017-09-01,174.0,269.8594970703125
xgboost,2017-10-01,272.0,252.22152709960938
xgboost,2017-11-01,156.0,256.6734313964844
xgboost,2017-12-01,256.0,262.6956787109375
xgboost,2017-02-01,208.0,357.3055725097656
xgboost,2017-03-01,214.0,316.4033508300781
xgboost,2017-04-01,367.0,363.3158874511719
xgboost,2017-05-01,281.0,333.7192077636719
xgboost,2017-06-01,211.0,301.19903564453125
xgboost,2017-07-01,360.0,329.1676330566406
xgboost,2017-08-01,241.0,319.5471496582031
xgboost,2017-09-01,174.0,249.37583923339844
xgboost,2017-10-01,272.0,256.6941833496094
xgboost,2017-11-01,156.0,252.16958618164062
xgboost,2017-12-01,256.0,254.32740783691406
xgboost,2018-01-01,220.0,333.5003662109375
xgboost,2017-03-01,214.0,229.463134765625
xgboost,2017-04-01,367.0,294.8831787109375
xgboost,2017-05-01,281.0,290.6223449707031
xgboost,2017-06-01,211.0,242.88446044921875
xgboost,2017-07-01,360.0,305.93975830078125
xgboost,2017-08-01,241.0,247.73117065429688
xgboost,2017-09-01,174.0,287.4259338378906
xgboost,2017-10-01,272.0,247.85208129882812
xgboost,2017-11-01,156.0,272.03424072265625
xgboost,2017-12-01,256.0,266.4560241699219
xgboost,2018-01-01,220.0,322.3355712890625
xgboost,2018-02-01,191.0,285.15338134765625
xgboost,2017-04-01,367.0,236.29006958007812
xgboost,2017-05-01,281.0,255.6362762451172
xgboost,2017-06-01,211.0,255.7771453857422
xgboost,2017-07-01,360.0,289.5221862792969
xgboost,2017-08-01,241.0,304.4253845214844
xgboost,2017-09-01,174.0,259.0172424316406
xgboost,2017-10-01,272.0,241.98634338378906
xgboost,2017-11-01,156.0,244.03421020507812
xgboost,2017-12-01,256.0,233.26290893554688
xgboost,2018-01-01,220.0,261.2933654785156
xgboost,2018-02-01,191.0,275.9717102050781
xgboost,2018-03-01,224.0,247.5766143798828
xgboost,2017-05-01,281.0,321.52166748046875
xgboost,2017-06-01,211.0,288.44329833984375
xgboost,2017-07-01,360.0,307.9577331542969
xgboost,2017-08-01,241.0,291.59869384765625
xgboost,2017-09-01,174.0,298.2726745605469
xgboost,2017-10-01,272.0,248.92898559570312
xgboost,2017-11-01,156.0,254.22604370117188
xgboost,2017-12-01,256.0,270.4537353515625
xgboost,2018-01-01,220.0,321.759765625
xgboost,2018-02-01,191.0,282.7069396972656
xgboost,2018-03-01,224.0,314.15264892578125
xgboost,2018-04-01,191.0,246.09498596191406
xgboost,2017-06-01,211.0,280.640869140625
xgboost,2017-07-01,360.0,293.281005859375
xgboost,2017-08-01,241.0,251.2826385498047
xgboost,2017-09-01,174.0,287.8274230957031
xgboost,2017-10-01,272.0,279.846923828125
xgboost,2017-11-01,156.0,269.3707275390625
xgboost,2017-12-01,256.0,261.1896667480469
xgboost,2018-01-01,220.0,311.8597412109375
xgboost,2018-02-01,191.0,289.39166259765625
xgboost,2018-03-01,224.0,310.7113952636719
xgboost,2018-04-01,191.0,269.8634338378906
xgboost,2018-05-01,153.0,328.9791564941406
xgboost,2017-07-01,360.0,236.35385131835938
xgboost,2017-08-01,241.0,233.74635314941406
xgboost,2017-09-01,174.0,264.3405456542969
xgboost,2017-10-01,272.0,237.47377014160156
xgboost,2017-11-01,156.0,249.90745544433594
xgboost,2017-12-01,256.0,300.8548889160156
xgboost,2018-01-01,220.0,370.04608154296875
xgboost,2018-02-01,191.0,265.9521789550781
xgboost,2018-03-01,224.0,370.71484375
xgboost,2018-04-01,191.0,301.6380920410156
xgboost,2018-05-01,153.0,342.0500183105469
xgboost,2018-06-01,118.0,284.11419677734375
xgboost,2017-08-01,241.0,323.52880859375
xgboost,2017-09-01,174.0,236.9407501220703
xgboost,2017-10-01,272.0,277.8492431640625
xgboost,2017-11-01,156.0,307.132080078125
xgboost,2017-12-01,256.0,264.5062561035156
xgboost,2018-01-01,220.0,280.2100830078125
xgboost,2018-02-01,191.0,268.9317932128906
xgboost,2018-03-01,224.0,273.33685302734375
xgboost,2018-04-01,191.0,279.3927307128906
xgboost,2018-05-01,153.0,305.7185974121094
xgboost,2018-06-01,118.0,305.9212341308594
xgboost,2018-07-01,178.0,298.2532653808594
xgboost,2017-09-01,174.0,246.2279052734375
xgboost,2017-10-01,272.0,276.493408203125
xgboost,2017-11-01,156.0,274.4389953613281
xgboost,2017-12-01,256.0,228.13111877441406
xgboost,2018-01-01,220.0,251.72882080078125
xgboost,2018-02-01,191.0,248.67684936523438
xgboost,2018-03-01,224.0,248.20387268066406
xgboost,2018-04-01,191.0,245.0631866455078
xgboost,2018-05-01,153.0,258.0329895019531
xgboost,2018-06-01,118.0,262.970458984375
xgboost,2018-07-01,178.0,249.34117126464844
xgboost,2018-08-01,114.0,257.42071533203125
xgboost,2017-10-01,272.0,244.7415008544922
xgboost,2017-11-01,156.0,265.8232727050781
xgboost,2017-12-01,256.0,263.84027099609375
xgboost,2018-01-01,220.0,318.4029541015625
xgboost,2018-02-01,191.0,299.16448974609375
xgboost,2018-03-01,224.0,278.8182373046875
xgboost,2018-04-01,191.0,322.4890441894531
xgboost,2018-05-01,153.0,301.2159118652344
xgboost,2018-06-01,118.0,268.81396484375
xgboost,2018-07-01,178.0,309.823974609375
xgboost,2018-08-01,114.0,250.1319122314453
xgboost,2018-09-01,136.0,290.7848815917969
xgboost,2017-11-01,156.0,233.0975799560547
xgboost,2017-12-01,256.0,230.99652099609375
xgboost,2018-01-01,220.0,258.11981201171875
xgboost,2018-02-01,191.0,256.00396728515625
xgboost,2018-03-01,224.0,227.72946166992188
xgboost,2018-04-01,191.0,242.317138671875
xgboost,2018-05-01,153.0,253.5677032470703
xgboost,2018-06-01,118.0,267.8063659667969
xgboost,2018-07-01,178.0,258.2809143066406
xgboost,2018-08-01,114.0,217.22329711914062
xgboost,2018-09-01,136.0,277.5225830078125
xgboost,2018-10-01,162.0,255.29713439941406
xgboost,2017-12-01,256.0,220.2489471435547
xgboost,2018-01-01,220.0,236.72311401367188
xgboost,2018-02-01,191.0,230.4210662841797
xgboost,2018-03-01,224.0,270.4594421386719
xgboost,2018-04-01,191.0,268.99591064453125
xgboost,2018-05-01,153.0,326.4841613769531
xgboost,2018-06-01,118.0,269.868896484375
xgboost,2018-07-01,178.0,248.66357421875
xgboost,2018-08-01,114.0,273.50286865234375
xgboost,2018-09-01,136.0,269.0624084472656
xgboost,2018-10-01,162.0,266.57305908203125
xgboost,2018-11-01,125.0,292.98797607421875
xgboost,2018-01-01,220.0,242.51966857910156
xgboost,2018-02-01,191.0,271.2974853515625
xgboost,2018-03-01,224.0,234.3939666748047
xgboost,2018-04-01,191.0,266.04718017578125
xgboost,2018-05-01,153.0,298.59063720703125
xgboost,2018-06-01,118.0,243.94581604003906
xgboost,2018-07-01,178.0,258.3232421875
xgboost,2018-08-01,114.0,245.85137939453125
xgboost,2018-09-01,136.0,248.75384521484375
xgboost,2018-10-01,162.0,244.48776245117188
xgboost,2018-11-01,125.0,293.79949951171875
xgboost,2018-12-01,221.0,297.7793273925781
xgboost,2018-02-01,191.0,258.8621520996094
xgboost,2018-03-01,224.0,231.04261779785156
xgboost,2018-04-01,191.0,256.94293212890625
xgboost,2018-05-01,153.0,250.88116455078125
xgboost,2018-06-01,118.0,250.78878784179688
xgboost,2018-07-01,178.0,237.10336303710938
xgboost,2018-08-01,114.0,245.46163940429688
xgboost,2018-09-01,136.0,256.3048095703125
xgboost,2018-10-01,162.0,220.06979370117188
xgboost,2018-11-01,125.0,256.16949462890625
xgboost,2018-12-01,221.0,255.02279663085938
xgboost,2019-01-01,209.0,233.697998046875
xgboost,2018-03-01,224.0,217.68142700195312
xgboost,2018-04-01,191.0,224.84014892578125
xgboost,2018-05-01,153.0,233.28575134277344
xgboost,2018-06-01,118.0,249.0911407470703
xgboost,2018-07-01,178.0,239.06884765625
xgboost,2018-08-01,114.0,236.95481872558594
xgboost,2018-09-01,136.0,260.06915283203125
xgboost,2018-10-01,162.0,219.8214111328125
xgboost,2018-11-01,125.0,243.66152954101562
xgboost,2018-12-01,221.0,258.0585632324219
xgboost,2019-01-01,209.0,216.70159912109375
xgboost,2019-02-01,233.0,232.14053344726562
xgboost,2018-04-01,191.0,214.70138549804688
xgboost,2018-05-01,153.0,236.84188842773438
xgboost,2018-06-01,118.0,260.4883728027344
xgboost,2018-07-01,178.0,231.69110107421875
xgboost,2018-08-01,114.0,245.84083557128906
xgboost,2018-09-01,136.0,258.1622619628906
xgboost,2018-10-01,162.0,222.57444763183594
xgboost,2018-11-01,125.0,254.9198455810547
xgboost,2018-12-01,221.0,240.95973205566406
xgboost,2019-01-01,209.0,225.2519989013672
xgboost,2019-02-01,233.0,229.88563537597656
xgboost,2019-03-01,410.0,252.83531188964844
xgboost,2018-05-01,153.0,231.5469207763672
xgboost,2018-06-01,118.0,223.303466796875
xgboost,2018-07-01,178.0,225.6597900390625
xgboost,2018-08-01,114.0,230.1768035888672
xgboost,2018-09-01,136.0,246.6286163330078
xgboost,2018-10-01,162.0,223.73251342773438
xgboost,2018-11-01,125.0,241.1221923828125
xgboost,2018-12-01,221.0,254.02195739746094
xgboost,2019-01-01,209.0,211.34939575195312
xgboost,2019-02-01,233.0,227.55056762695312
xgboost,2019-03-01,410.0,269.5319519042969
xgboost,2019-04-01,631.0,517.1744384765625
xgboost,2018-06-01,118.0,222.1651153564453
xgboost,2018-07-01,178.0,202.03421020507812
xgboost,2018-08-01,114.0,209.6750030517578
xgboost,2018-09-01,136.0,244.83416748046875
xgboost,2018-10-01,162.0,206.27110290527344
xgboost,2018-11-01,125.0,211.55484008789062
xgboost,2018-12-01,221.0,237.21275329589844
xgboost,2019-01-01,209.0,212.65623474121094
xgboost,2019-02-01,233.0,231.5216064453125
xgboost,2019-03-01,410.0,229.98867797851562
xgboost,2019-04-01,631.0,514.9744873046875
xgboost,2019-05-01,1001.0,221.92742919921875
xgboost,2018-07-01,178.0,186.1286163330078
xgboost,2018-08-01,114.0,148.76966857910156
xgboost,2018-09-01,136.0,195.28880310058594
xgboost,2018-10-01,162.0,171.86679077148438
xgboost,2018-11-01,125.0,141.8613739013672
xgboost,2018-12-01,221.0,212.77293395996094
xgboost,2019-01-01,209.0,171.275390625
xgboost,2019-02-01,233.0,224.92373657226562
xgboost,2019-03-01,410.0,190.8730010986328
xgboost,2019-04-01,631.0,493.9130859375
xgboost,2019-05-01,1001.0,182.35520935058594
xgboost,2019-06-01,1520.0,264.5770263671875
xgboost,2018-08-01,114.0,176.1359405517578
xgboost,2018-09-01,136.0,185.12307739257812
xgboost,2018-10-01,162.0,193.08863830566406
xgboost,2018-11-01,125.0,171.47386169433594
xgboost,2018-12-01,221.0,185.76272583007812
xgboost,2019-01-01,209.0,202.72378540039062
xgboost,2019-02-01,233.0,190.3598175048828
xgboost,2019-03-01,410.0,198.67835998535156
xgboost,2019-04-01,631.0,501.25909423828125
xgboost,2019-05-01,1001.0,206.75717163085938
xgboost,2019-06-01,1520.0,264.4606018066406
xgboost,2019-07-01,1746.0,214.05039978027344
xgboost,2018-09-01,136.0,210.41285705566406
xgboost,2018-10-01,162.0,199.58880615234375
xgboost,2018-11-01,125.0,168.3853759765625
xgboost,2018-12-01,221.0,235.70462036132812
xgboost,2019-01-01,209.0,182.05743408203125
xgboost,2019-02-01,233.0,184.96112060546875
xgboost,2019-03-01,410.0,215.1917266845703
xgboost,2019-04-01,631.0,513.0880737304688
xgboost,2019-05-01,1001.0,219.3729705810547
xgboost,2019-06-01,1520.0,264.0904846191406
xgboost,2019-07-01,1746.0,277.69427490234375
xgboost,2019-08-01,1419.0,272.6700439453125
xgboost,2018-10-01,162.0,146.91392517089844
xgboost,2018-11-01,125.0,127.39424896240234
xgboost,2018-12-01,221.0,184.23428344726562
xgboost,2019-01-01,209.0,147.91175842285156
xgboost,2019-02-01,233.0,171.00428771972656
xgboost,2019-03-01,410.0,179.9322967529297
xgboost,2019-04-01,631.0,511.353515625
xgboost,2019-05-01,1001.0,211.73060607910156
xgboost,2019-06-01,1520.0,199.0901336669922
xgboost,2019-07-01,1746.0,256.316162109375
xgboost,2019-08-01,1419.0,277.3392028808594
xgboost,2019-09-01,1484.0,215.72975158691406
xgboost,2018-11-01,125.0,154.3403778076172
xgboost,2018-12-01,221.0,182.75518798828125
xgboost,2019-01-01,209.0,159.64041137695312
xgboost,2019-02-01,233.0,160.6605987548828
xgboost,2019-03-01,410.0,175.88412475585938
xgboost,2019-04-01,631.0,519.814208984375
xgboost,2019-05-01,1001.0,199.98519897460938
xgboost,2019-06-01,1520.0,213.5072021484375
xgboost,2019-07-01,1746.0,297.8467102050781
xgboost,2019-08-01,1419.0,289.6079406738281
xgboost,2019-09-01,1484.0,239.3817901611328
xgboost,2019-10-01,995.0,590.3135375976562
xgboost,2018-12-01,221.0,144.3417510986328
xgboost,2019-01-01,209.0,147.74703979492188
xgboost,2019-02-01,233.0,184.04287719726562
xgboost,2019-03-01,410.0,160.56471252441406
xgboost,2019-04-01,631.0,344.8070373535156
xgboost,2019-05-01,1001.0,210.7811279296875
xgboost,2019-06-01,1520.0,184.95655822753906
xgboost,2019-07-01,1746.0,236.71119689941406
xgboost,2019-08-01,1419.0,227.4546356201172
xgboost,2019-09-01,1484.0,192.31504821777344
xgboost,2019-10-01,995.0,438.31005859375
xgboost,2019-11-01,847.0,458.37908935546875
xgboost,2019-01-01,209.0,152.95498657226562
xgboost,2019-02-01,233.0,203.53732299804688
xgboost,2019-03-01,410.0,166.67874145507812
xgboost,2019-04-01,631.0,417.20233154296875
xgboost,2019-05-01,1001.0,198.8164520263672
xgboost,2019-06-01,1520.0,191.65501403808594
xgboost,2019-07-01,1746.0,242.04034423828125
xgboost,2019-08-01,1419.0,252.66751098632812
xgboost,2019-09-01,1484.0,203.35231018066406
xgboost,2019-10-01,995.0,475.185546875
xgboost,2019-11-01,847.0,532.0681762695312
xgboost,2019-12-01,781.0,266.9798583984375
xgboost,2019-02-01,233.0,206.00689697265625
xgboost,2019-03-01,410.0,210.27468872070312
xgboost,2019-04-01,631.0,444.77294921875
xgboost,2019-05-01,1001.0,217.02516174316406
xgboost,2019-06-01,1520.0,258.8196105957031
xgboost,2019-07-01,1746.0,252.1317138671875
xgboost,2019-08-01,1419.0,307.5992126464844
xgboost,2019-09-01,1484.0,282.82061767578125
xgboost,2019-10-01,995.0,558.7738647460938
xgboost,2019-11-01,847.0,1305.6953125
xgboost,2019-12-01,781.0,1451.947021484375
xgboost,2020-01-01,1250.0,1267.7838134765625
xgboost,2019-03-01,410.0,215.41749572753906
xgboost,2019-04-01,631.0,444.4277648925781
xgboost,2019-05-01,1001.0,264.92156982421875
xgboost,2019-06-01,1520.0,254.06626892089844
xgboost,2019-07-01,1746.0,279.3937072753906
xgboost,2019-08-01,1419.0,359.6492614746094
xgboost,2019-09-01,1484.0,298.7964782714844
xgboost,2019-10-01,995.0,561.2977905273438
xgboost,2019-11-01,847.0,1330.554931640625
xgboost,2019-12-01,781.0,1400.2271728515625
xgboost,2020-01-01,1250.0,1282.7415771484375
xgboost,2020-02-01,1815.0,1296.19140625
xgboost,2019-04-01,631.0,473.0687255859375
xgboost,2019-05-01,1001.0,255.6341094970703
xgboost,2019-06-01,1520.0,299.5280456542969
xgboost,2019-07-01,1746.0,300.2153625488281
xgboost,2019-08-01,1419.0,312.5428771972656
xgboost,2019-09-01,1484.0,262.7145690917969
xgboost,2019-10-01,995.0,530.16552734375
xgboost,2019-11-01,847.0,500.75439453125
xgboost,2019-12-01,781.0,282.4435729980469
xgboost,2020-01-01,1250.0,507.2981872558594
xgboost,2020-02-01,1815.0,499.9143371582031
xgboost,2020-03-01,2097.0,455.35186767578125
xgboost,2019-05-01,1001.0,955.732421875
xgboost,2019-06-01,1520.0,1092.0184326171875
xgboost,2019-07-01,1746.0,1044.5372314453125
xgboost,2019-08-01,1419.0,1311.2025146484375
xgboost,2019-09-01,1484.0,1453.760986328125
xgboost,2019-10-01,995.0,1195.633056640625
xgboost,2019-11-01,847.0,851.8235473632812
xgboost,2019-12-01,781.0,1118.3480224609375
xgboost,2020-01-01,1250.0,916.480712890625
xgboost,2020-02-01,1815.0,819.29736328125
xgboost,2020-03-01,2097.0,868.6161499023438
xgboost,2020-04-01,2341.0,919.74365234375
xgboost,2019-06-01,1520.0,1267.5673828125
xgboost,2019-07-01,1746.0,977.9957275390625
xgboost,2019-08-01,1419.0,1514.916015625
xgboost,2019-09-01,1484.0,1450.1224365234375
xgboost,2019-10-01,995.0,1223.528564453125
xgboost,2019-11-01,847.0,977.2593994140625
xgboost,2019-12-01,781.0,1289.81298828125
xgboost,2020-01-01,1250.0,977.195556640625
xgboost,2020-02-01,1815.0,1042.9376220703125
xgboost,2020-03-01,2097.0,1041.6612548828125
xgboost,2020-04-01,2341.0,792.467529296875
xgboost,2020-05-01,2148.0,941.196044921875
xgboost,2019-07-01,1746.0,905.689453125
xgboost,2019-08-01,1419.0,1461.621826171875
xgboost,2019-09-01,1484.0,1509.2735595703125
xgboost,2019-10-01,995.0,1089.302978515625
xgboost,2019-11-01,847.0,983.93603515625
xgboost,2019-12-01,781.0,1092.6026611328125
xgboost,2020-01-01,1250.0,755.8829956054688
xgboost,2020-02-01,1815.0,923.3363037109375
xgboost,2020-03-01,2097.0,674.4786987304688
xgboost,2020-04-01,2341.0,815.4594116210938
xgboost,2020-05-01,2148.0,914.925537109375
xgboost,2020-06-01,911.0,950.8359375
xgboost,2019-08-01,1419.0,1324.2947998046875
xgboost,2019-09-01,1484.0,1031.090576171875
xgboost,2019-10-01,995.0,877.3023071289062
xgboost,2019-11-01,847.0,614.2319946289062
xgboost,2019-12-01,781.0,578.4851684570312
xgboost,2020-01-01,1250.0,639.8092651367188
xgboost,2020-02-01,1815.0,824.5967407226562
xgboost,2020-03-01,2097.0,889.2514038085938
xgboost,2020-04-01,2341.0,885.9125366210938
xgboost,2020-05-01,2148.0,1039.40185546875
xgboost,2020-06-01,911.0,1067.65283203125
xgboost,2020-07-01,375.0,1020.18505859375
xgboost,2019-09-01,1484.0,939.8238525390625
xgboost,2019-10-01,995.0,765.3587036132812
xgboost,2019-11-01,847.0,502.1485290527344
xgboost,2019-12-01,781.0,345.9434814453125
xgboost,2020-01-01,1250.0,646.0547485351562
xgboost,2020-02-01,1815.0,672.5724487304688
xgboost,2020-03-01,2097.0,792.7014770507812
xgboost,2020-04-01,2341.0,794.2516479492188
xgboost,2020-05-01,2148.0,1044.9337158203125
xgboost,2020-06-01,911.0,1244.6143798828125
xgboost,2020-07-01,375.0,964.1192626953125
xgboost,2020-08-01,290.0,923.5779418945312
xgboost,2019-10-01,995.0,966.5958862304688
xgboost,2019-11-01,847.0,800.9718017578125
xgboost,2019-12-01,781.0,779.6187133789062
xgboost,2020-01-01,1250.0,652.826416015625
xgboost,2020-02-01,1815.0,636.15771484375
xgboost,2020-03-01,2097.0,751.2219848632812
xgboost,2020-04-01,2341.0,789.5487060546875
xgboost,2020-05-01,2148.0,903.7486572265625
xgboost,2020-06-01,911.0,870.8056030273438
xgboost,2020-07-01,375.0,849.26171875
xgboost,2020-08-01,290.0,932.1473388671875
xgboost,2020-09-01,186.0,932.8091430664062
xgboost,2019-11-01,847.0,752.5298461914062
xgboost,2019-12-01,781.0,650.5883178710938
xgboost,2020-01-01,1250.0,639.917724609375
xgboost,2020-02-01,1815.0,633.2218017578125
xgboost,2020-03-01,2097.0,919.1831665039062
xgboost,2020-04-01,2341.0,879.2105712890625
xgboost,2020-05-01,2148.0,1131.443603515625
xgboost,2020-06-01,911.0,986.8336181640625
xgboost,2020-07-01,375.0,972.8358764648438
xgboost,2020-08-01,290.0,932.4283447265625
xgboost,2020-09-01,186.0,914.031005859375
xgboost,2020-10-01,108.0,436.32879638671875
xgboost,2019-12-01,781.0,686.1251831054688
xgboost,2020-01-01,1250.0,695.2325439453125
xgboost,2020-02-01,1815.0,718.6640014648438
xgboost,2020-03-01,2097.0,980.4071044921875
xgboost,2020-04-01,2341.0,970.8472900390625
xgboost,2020-05-01,2148.0,975.707275390625
xgboost,2020-06-01,911.0,1044.24609375
xgboost,2020-07-01,375.0,888.0659790039062
xgboost,2020-08-01,290.0,840.8633422851562
xgboost,2020-09-01,186.0,842.9315185546875
xgboost,2020-10-01,108.0,827.2969360351562
xgboost,2020-11-01,131.0,813.7403564453125
xgboost,2020-01-01,1250.0,661.0584716796875
xgboost,2020-02-01,1815.0,654.8041381835938
xgboost,2020-03-01,2097.0,891.500732421875
xgboost,2020-04-01,2341.0,898.508056640625
xgboost,2020-05-01,2148.0,966.6572265625
xgboost,2020-06-01,911.0,985.8555297851562
xgboost,2020-07-01,375.0,897.798583984375
xgboost,2020-08-01,290.0,878.0492553710938
xgboost,2020-09-01,186.0,765.2078247070312
xgboost,2020-10-01,108.0,751.2147827148438
xgboost,2020-11-01,131.0,753.9044799804688
xgboost,2020-12-01,81.0,750.66845703125
xgboost,2020-02-01,1815.0,1123.64013671875
xgboost,2020-03-01,2097.0,1011.6122436523438
xgboost,2020-04-01,2341.0,935.21826171875
xgboost,2020-05-01,2148.0,915.9708862304688
xgboost,2020-06-01,911.0,1014.2600708007812
xgboost,2020-07-01,375.0,1057.00927734375
xgboost,2020-08-01,290.0,1010.2667236328125
xgboost,2020-09-01,186.0,935.8319702148438
xgboost,2020-10-01,108.0,898.51708984375
xgboost,2020-11-01,131.0,918.9281616210938
xgboost,2020-12-01,81.0,912.1002197265625
xgboost,2021-01-01,109.0,909.4259033203125
xgboost,2020-03-01,2097.0,1124.9151611328125
xgboost,2020-04-01,2341.0,1034.0338134765625
xgboost,2020-05-01,2148.0,1189.693359375
xgboost,2020-06-01,911.0,963.339111328125
xgboost,2020-07-01,375.0,784.0308837890625
xgboost,2020-08-01,290.0,619.0546264648438
xgboost,2020-09-01,186.0,997.2899169921875
xgboost,2020-10-01,108.0,734.5598754882812
xgboost,2020-11-01,131.0,943.5772094726562
xgboost,2020-12-01,81.0,1065.716064453125
xgboost,2021-01-01,109.0,1105.253173828125
xgboost,2021-02-01,87.0,972.8572998046875
xgboost,2020-04-01,2341.0,1729.9932861328125
xgboost,2020-05-01,2148.0,1250.108154296875
xgboost,2020-06-01,911.0,1105.329833984375
xgboost,2020-07-01,375.0,683.7611694335938
xgboost,2020-08-01,290.0,442.15753173828125
xgboost,2020-09-01,186.0,380.1710205078125
xgboost,2020-10-01,108.0,264.30889892578125
xgboost,2020-11-01,131.0,217.48362731933594
xgboost,2020-12-01,81.0,205.75160217285156
xgboost,2021-01-01,109.0,168.9971923828125
xgboost,2021-02-01,87.0,168.40591430664062
xgboost,2021-03-01,64.0,236.66439819335938
xgboost,2020-05-01,2148.0,1907.4012451171875
xgboost,2020-06-01,911.0,1268.0765380859375
xgboost,2020-07-01,375.0,804.1669311523438
xgboost,2020-08-01,290.0,613.4878540039062
xgboost,2020-09-01,186.0,589.5616455078125
xgboost,2020-10-01,108.0,621.8997802734375
xgboost,2020-11-01,131.0,522.025146484375
xgboost,2020-12-01,81.0,351.2198791503906
xgboost,2021-01-01,109.0,279.880859375
xgboost,2021-02-01,87.0,285.8201599121094
xgboost,2021-03-01,64.0,418.5469970703125
xgboost,2021-04-01,74.0,586.1460571289062
xgboost,2020-06-01,911.0,1280.9754638671875
xgboost,2020-07-01,375.0,732.614990234375
xgboost,2020-08-01,290.0,564.7154541015625
xgboost,2020-09-01,186.0,590.8460693359375
xgboost,2020-10-01,108.0,655.004638671875
xgboost,2020-11-01,131.0,451.9710998535156
xgboost,2020-12-01,81.0,258.1925048828125
xgboost,2021-01-01,109.0,184.7517547607422
xgboost,2021-02-01,87.0,171.7063751220703
xgboost,2021-03-01,64.0,196.1911163330078
xgboost,2021-04-01,74.0,426.6603088378906
xgboost,2021-05-01,108.0,639.1593627929688
xgboost,2020-07-01,375.0,886.5993041992188
xgboost,2020-08-01,290.0,850.6961669921875
xgboost,2020-09-01,186.0,897.27587890625
xgboost,2020-10-01,108.0,1344.25390625
xgboost,2020-11-01,131.0,1614.334716796875
xgboost,2020-12-01,81.0,1603.5557861328125
xgboost,2021-01-01,109.0,1608.0745849609375
xgboost,2021-02-01,87.0,1125.4288330078125
xgboost,2021-03-01,64.0,944.3649291992188
xgboost,2021-04-01,74.0,709.6867065429688
xgboost,2021-05-01,108.0,781.9970703125
xgboost,2021-06-01,70.0,832.6342163085938
xgboost,2020-08-01,290.0,336.2515563964844
xgboost,2020-09-01,186.0,314.4647216796875
xgboost,2020-10-01,108.0,300.73681640625
xgboost,2020-11-01,131.0,233.03439331054688
xgboost,2020-12-01,81.0,172.2911376953125
xgboost,2021-01-01,109.0,148.6072235107422
xgboost,2021-02-01,87.0,191.05853271484375
xgboost,2021-03-01,64.0,223.40814208984375
xgboost,2021-04-01,74.0,476.4400939941406
xgboost,2021-05-01,108.0,552.6083984375
xgboost,2021-06-01,70.0,976.1101684570312
xgboost,2021-07-01,52.0,1159.2803955078125
xgboost,2020-09-01,186.0,309.39794921875
xgboost,2020-10-01,108.0,295.970947265625
xgboost,2020-11-01,131.0,208.91175842285156
xgboost,2020-12-01,81.0,116.6114730834961
xgboost,2021-01-01,109.0,191.51620483398438
xgboost,2021-02-01,87.0,192.1309356689453
xgboost,2021-03-01,64.0,222.8327178955078
xgboost,2021-04-01,74.0,458.0444641113281
xgboost,2021-05-01,108.0,547.7371215820312
xgboost,2021-06-01,70.0,881.961181640625
xgboost,2021-07-01,52.0,951.5806274414062
xgboost,2021-08-01,89.0,1141.7998046875
xgboost,2020-10-01,108.0,166.64097595214844
xgboost,2020-11-01,131.0,142.4498291015625
xgboost,2020-12-01,81.0,149.63232421875
xgboost,2021-01-01,109.0,157.27073669433594
xgboost,2021-02-01,87.0,178.7730255126953
xgboost,2021-03-01,64.0,199.96633911132812
xgboost,2021-04-01,74.0,396.9908752441406
xgboost,2021-05-01,108.0,610.6427001953125
xgboost,2021-06-01,70.0,964.1386108398438
xgboost,2021-07-01,52.0,1148.4090576171875
xgboost,2021-08-01,89.0,1124.74169921875
xgboost,2021-09-01,87.0,1017.4735107421875
xgboost,2020-11-01,131.0,116.35533905029297
xgboost,2020-12-01,81.0,128.28216552734375
xgboost,2021-01-01,109.0,148.33718872070312
xgboost,2021-02-01,87.0,179.479248046875
xgboost,2021-03-01,64.0,208.27670288085938
xgboost,2021-04-01,74.0,405.3527526855469
xgboost,2021-05-01,108.0,569.2321166992188
xgboost,2021-06-01,70.0,999.6633911132812
xgboost,2021-07-01,52.0,1103.4208984375
xgboost,2021-08-01,89.0,1167.918212890625
xgboost,2021-09-01,87.0,1030.7996826171875
xgboost,2021-10-01,78.0,1049.6712646484375
xgboost,2020-12-01,81.0,149.4776611328125
xgboost,2021-01-01,109.0,153.9236602783203
xgboost,2021-02-01,87.0,207.10508728027344
xgboost,2021-03-01,64.0,191.43748474121094
xgboost,2021-04-01,74.0,394.3435363769531
xgboost,2021-05-01,108.0,570.9560546875
xgboost,2021-06-01,70.0,959.9371337890625
xgboost,2021-07-01,52.0,1075.7027587890625
xgboost,2021-08-01,89.0,1176.313232421875
xgboost,2021-09-01,87.0,1060.6932373046875
xgboost,2021-10-01,78.0,1011.5274658203125
xgboost,2021-11-01,74.0,834.7766723632812
xgboost,2021-01-01,109.0,156.5669708251953
xgboost,2021-02-01,87.0,182.6085968017578
xgboost,2021-03-01,64.0,205.09115600585938
xgboost,2021-04-01,74.0,392.0123596191406
xgboost,2021-05-01,108.0,582.4175415039062
xgboost,2021-06-01,70.0,899.258544921875
xgboost,2021-07-01,52.0,1029.4638671875
xgboost,2021-08-01,89.0,1201.4671630859375
xgboost,2021-09-01,87.0,1095.3134765625
xgboost,2021-10-01,78.0,1071.4375
xgboost,2021-11-01,74.0,832.4326782226562
xgboost,2021-12-01,19.0,624.4293212890625
xgboost,2021-02-01,87.0,177.20074462890625
xgboost,2021-03-01,64.0,193.19589233398438
xgboost,2021-04-01,74.0,372.8147888183594
xgboost,2021-05-01,108.0,522.897705078125
xgboost,2021-06-01,70.0,542.4644165039062
xgboost,2021-07-01,52.0,904.60400390625
xgboost,2021-08-01,89.0,1073.76220703125
xgboost,2021-09-01,87.0,1086.06591796875
xgboost,2021-10-01,78.0,1072.9254150390625
xgboost,2021-11-01,74.0,862.633544921875
xgboost,2021-12-01,19.0,613.2059936523438
xgboost,2022-01-01,56.0,1008.697509765625
xgboost,2021-03-01,64.0,190.73300170898438
xgboost,2021-04-01,74.0,385.55694580078125
xgboost,2021-05-01,108.0,532.2283935546875
xgboost,2021-06-01,70.0,535.8326416015625
xgboost,2021-07-01,52.0,573.2252807617188
xgboost,2021-08-01,89.0,873.6927490234375
xgboost,2021-09-01,87.0,949.3456420898438
xgboost,2021-10-01,78.0,1077.5914306640625
xgboost,2021-11-01,74.0,845.3656616210938
xgboost,2021-12-01,19.0,732.01904296875
xgboost,2022-01-01,56.0,1080.3499755859375
xgboost,2022-02-01,66.0,1455.2154541015625
xgboost,2021-04-01,74.0,323.30389404296875
xgboost,2021-05-01,108.0,402.7509460449219
xgboost,2021-06-01,70.0,585.7266845703125
xgboost,2021-07-01,52.0,929.565673828125
xgboost,2021-08-01,89.0,941.894775390625
xgboost,2021-09-01,87.0,838.9992065429688
xgboost,2021-10-01,78.0,975.6480712890625
xgboost,2021-11-01,74.0,811.11328125
xgboost,2021-12-01,19.0,738.4083862304688
xgboost,2022-01-01,56.0,1049.3912353515625
xgboost,2022-02-01,66.0,1433.60986328125
xgboost,2022-03-01,106.0,1476.5982666015625
xgboost,2021-05-01,108.0,301.3637390136719
xgboost,2021-06-01,70.0,307.0789489746094
xgboost,2021-07-01,52.0,413.2779541015625
xgboost,2021-08-01,89.0,530.3767700195312
xgboost,2021-09-01,87.0,407.8795166015625
xgboost,2021-10-01,78.0,415.1299133300781
xgboost,2021-11-01,74.0,562.0519409179688
xgboost,2021-12-01,19.0,805.5558471679688
xgboost,2022-01-01,56.0,1193.0147705078125
xgboost,2022-02-01,66.0,1489.467529296875
xgboost,2022-03-01,106.0,1418.251708984375
xgboost,2022-04-01,210.0,1313.3531494140625
xgboost,2021-06-01,70.0,110.859619140625
xgboost,2021-07-01,52.0,171.42601013183594
xgboost,2021-08-01,89.0,150.9949493408203
xgboost,2021-09-01,87.0,199.9828643798828
xgboost,2021-10-01,78.0,247.37057495117188
xgboost,2021-11-01,74.0,399.8724060058594
xgboost,2021-12-01,19.0,619.9566040039062
xgboost,2022-01-01,56.0,1159.083251953125
xgboost,2022-02-01,66.0,1397.359130859375
xgboost,2022-03-01,106.0,1370.4595947265625
xgboost,2022-04-01,210.0,1184.9449462890625
xgboost,2022-05-01,363.0,1228.3724365234375
xgboost,2021-07-01,52.0,169.4326171875
xgboost,2021-08-01,89.0,160.59153747558594
xgboost,2021-09-01,87.0,206.85250854492188
xgboost,2021-10-01,78.0,225.63412475585938
xgboost,2021-11-01,74.0,429.315185546875
xgboost,2021-12-01,19.0,585.497314453125
xgboost,2022-01-01,56.0,1141.587158203125
xgboost,2022-02-01,66.0,1398.390625
xgboost,2022-03-01,106.0,1368.768798828125
xgboost,2022-04-01,210.0,1373.5714111328125
xgboost,2022-05-01,363.0,1213.103759765625
xgboost,2022-06-01,228.0,1115.849365234375
xgboost,2021-08-01,89.0,84.75506591796875
xgboost,2021-09-01,87.0,70.32991027832031
xgboost,2021-10-01,78.0,106.01605987548828
xgboost,2021-11-01,74.0,214.1024932861328
xgboost,2021-12-01,19.0,374.4730224609375
xgboost,2022-01-01,56.0,607.400146484375
xgboost,2022-02-01,66.0,1029.101318359375
xgboost,2022-03-01,106.0,1348.5887451171875
xgboost,2022-04-01,210.0,1257.0557861328125
xgboost,2022-05-01,363.0,1178.9132080078125
xgboost,2022-06-01,228.0,1438.9503173828125
xgboost,2022-07-01,460.0,1071.9365234375
xgboost,2021-09-01,87.0,95.34831237792969
xgboost,2021-10-01,78.0,126.57247924804688
xgboost,2021-11-01,74.0,187.05372619628906
xgboost,2021-12-01,19.0,199.53536987304688
xgboost,2022-01-01,56.0,288.2802429199219
xgboost,2022-02-01,66.0,546.5575561523438
xgboost,2022-03-01,106.0,1107.8907470703125
xgboost,2022-04-01,210.0,1304.911865234375
xgboost,2022-05-01,363.0,1184.5716552734375
xgboost,2022-06-01,228.0,1245.9151611328125
xgboost,2022-07-01,460.0,1116.4317626953125
xgboost,2022-08-01,386.0,1196.188232421875
xgboost,2021-10-01,78.0,142.0540771484375
xgboost,2021-11-01,74.0,212.04647827148438
xgboost,2021-12-01,19.0,385.214111328125
xgboost,2022-01-01,56.0,601.8507690429688
xgboost,2022-02-01,66.0,1042.4234619140625
xgboost,2022-03-01,106.0,1370.884521484375
xgboost,2022-04-01,210.0,1391.0299072265625
xgboost,2022-05-01,363.0,1130.1617431640625
xgboost,2022-06-01,228.0,1406.2852783203125
xgboost,2022-07-01,460.0,1023.1572875976562
xgboost,2022-08-01,386.0,1187.5379638671875
xgboost,2022-09-01,269.0,1555.73486328125
xgboost,2021-11-01,74.0,188.64810180664062
xgboost,2021-12-01,19.0,259.6639709472656
xgboost,2022-01-01,56.0,497.75048828125
xgboost,2022-02-01,66.0,639.1885375976562
xgboost,2022-03-01,106.0,1107.1182861328125
xgboost,2022-04-01,210.0,1264.37744140625
xgboost,2022-05-01,363.0,1150.5167236328125
xgboost,2022-06-01,228.0,1229.6068115234375
xgboost,2022-07-01,460.0,1358.9188232421875
xgboost,2022-08-01,386.0,1210.3472900390625
xgboost,2022-09-01,269.0,1529.133056640625
xgboost,2022-10-01,347.0,1759.477294921875
xgboost,2021-12-01,19.0,145.80877685546875
xgboost,2022-01-01,56.0,209.2794189453125
xgboost,2022-02-01,66.0,360.0981140136719
xgboost,2022-03-01,106.0,651.3768310546875
xgboost,2022-04-01,210.0,1034.046630859375
xgboost,2022-05-01,363.0,1308.674560546875
xgboost,2022-06-01,228.0,1434.1060791015625
xgboost,2022-07-01,460.0,1119.1024169921875
xgboost,2022-08-01,386.0,1438.6832275390625
xgboost,2022-09-01,269.0,1204.9674072265625
xgboost,2022-10-01,347.0,1216.397705078125
xgboost,2022-11-01,205.0,1497.4832763671875
xgboost,2022-01-01,56.0,162.02105712890625
xgboost,2022-02-01,66.0,201.99351501464844
xgboost,2022-03-01,106.0,438.0264587402344
xgboost,2022-04-01,210.0,699.3103637695312
xgboost,2022-05-01,363.0,1051.060302734375
xgboost,2022-06-01,228.0,1433.6954345703125
xgboost,2022-07-01,460.0,1260.915283203125
xgboost,2022-08-01,386.0,1277.132080078125
xgboost,2022-09-01,269.0,1270.234130859375
xgboost,2022-10-01,347.0,1194.96337890625
xgboost,2022-11-01,205.0,1190.4560546875
xgboost,2022-12-01,188.0,1222.894287109375
xgboost,2022-02-01,66.0,75.40628814697266
xgboost,2022-03-01,106.0,186.94786071777344
xgboost,2022-04-01,210.0,207.2592315673828
xgboost,2022-05-01,363.0,305.0103454589844
xgboost,2022-06-01,228.0,847.10302734375
xgboost,2022-07-01,460.0,1099.0335693359375
xgboost,2022-08-01,386.0,1418.153076171875
xgboost,2022-09-01,269.0,1376.968994140625
xgboost,2022-10-01,347.0,1355.9508056640625
xgboost,2022-11-01,205.0,1541.9901123046875
xgboost,2022-12-01,188.0,1403.532470703125
xgboost,2023-01-01,777.0,1223.3316650390625
xgboost,2022-03-01,106.0,167.5808868408203
xgboost,2022-04-01,210.0,260.2596435546875
xgboost,2022-05-01,363.0,625.05224609375
xgboost,2022-06-01,228.0,1152.1495361328125
xgboost,2022-07-01,460.0,1443.7362060546875
xgboost,2022-08-01,386.0,1443.1015625
xgboost,2022-09-01,269.0,1388.3580322265625
xgboost,2022-10-01,347.0,1388.3448486328125
xgboost,2022-11-01,205.0,1296.7904052734375
xgboost,2022-12-01,188.0,1296.7825927734375
xgboost,2023-01-01,777.0,1295.3641357421875
xgboost,2023-02-01,800.0,1439.79345703125
xgboost,2022-04-01,210.0,191.35137939453125
xgboost,2022-05-01,363.0,246.31112670898438
xgboost,2022-06-01,228.0,802.5220947265625
xgboost,2022-07-01,460.0,1191.420654296875
xgboost,2022-08-01,386.0,1587.4801025390625
xgboost,2022-09-01,269.0,1442.8663330078125
xgboost,2022-10-01,347.0,1388.0955810546875
xgboost,2022-11-01,205.0,1387.837646484375
xgboost,2022-12-01,188.0,1349.745361328125
xgboost,2023-01-01,777.0,1169.1099853515625
xgboost,2023-02-01,800.0,1280.797119140625
xgboost,2023-03-01,942.0,1438.855712890625
xgboost,2022-05-01,363.0,348.6526184082031
xgboost,2022-06-01,228.0,809.5338745117188
xgboost,2022-07-01,460.0,1191.824462890625
xgboost,2022-08-01,386.0,1599.07373046875
xgboost,2022-09-01,269.0,1471.55810546875
xgboost,2022-10-01,347.0,1416.64599609375
xgboost,2022-11-01,205.0,1603.194091796875
xgboost,2022-12-01,188.0,1378.6553955078125
xgboost,2023-01-01,777.0,1197.6278076171875
xgboost,2023-02-01,800.0,1307.9844970703125
xgboost,2023-03-01,942.0,1514.185302734375
xgboost,2023-04-01,1934.0,2022.6959228515625
xgboost,2022-06-01,228.0,750.630126953125
xgboost,2022-07-01,460.0,1170.7706298828125
xgboost,2022-08-01,386.0,1482.3721923828125
xgboost,2022-09-01,269.0,1392.49658203125
xgboost,2022-10-01,347.0,1388.7716064453125
xgboost,2022-11-01,205.0,1575.340087890625
xgboost,2022-12-01,188.0,1267.6800537109375
xgboost,2023-01-01,777.0,1279.5416259765625
xgboost,2023-02-01,800.0,1322.8802490234375
xgboost,2023-03-01,942.0,1512.4912109375
xgboost,2023-04-01,1934.0,1965.3243408203125
xgboost,2023-05-01,2531.0,1458.3941650390625
xgboost,2022-07-01,460.0,281.09527587890625
xgboost,2022-08-01,386.0,338.907470703125
xgboost,2022-09-01,269.0,327.16607666015625
xgboost,2022-10-01,347.0,321.50726318359375
xgboost,2022-11-01,205.0,355.3121337890625
xgboost,2022-12-01,188.0,338.54541015625
xgboost,2023-01-01,777.0,327.0707092285156
xgboost,2023-02-01,800.0,281.43426513671875
xgboost,2023-03-01,942.0,278.87322998046875
xgboost,2023-04-01,1934.0,327.087646484375
xgboost,2023-05-01,2531.0,285.76336669921875
xgboost,2023-06-01,2870.0,257.1436767578125
xgboost,2022-08-01,386.0,648.1632080078125
xgboost,2022-09-01,269.0,1168.4326171875
xgboost,2022-10-01,347.0,1492.3544921875
xgboost,2022-11-01,205.0,1584.1239013671875
xgboost,2022-12-01,188.0,1542.665283203125
xgboost,2023-01-01,777.0,1533.598876953125
xgboost,2023-02-01,800.0,1374.7081298828125
xgboost,2023-03-01,942.0,1272.7451171875
xgboost,2023-04-01,1934.0,1271.2330322265625
xgboost,2023-05-01,2531.0,1540.04150390625
xgboost,2023-06-01,2870.0,2004.82763671875
xgboost,2023-07-01,3293.0,2004.8597412109375
xgboost,2022-09-01,269.0,480.524658203125
xgboost,2022-10-01,347.0,495.6235046386719
xgboost,2022-11-01,205.0,491.7010803222656
xgboost,2022-12-01,188.0,475.65911865234375
xgboost,2023-01-01,777.0,484.9864196777344
xgboost,2023-02-01,800.0,478.8333435058594
xgboost,2023-03-01,942.0,479.34027099609375
xgboost,2023-04-01,1934.0,478.1046142578125
xgboost,2023-05-01,2531.0,480.5284118652344
xgboost,2023-06-01,2870.0,478.0569763183594
xgboost,2023-07-01,3293.0,483.89984130859375
xgboost,2023-08-01,1368.0,484.3242492675781
xgboost,2022-10-01,347.0,344.31610107421875
xgboost,2022-11-01,205.0,369.25640869140625
xgboost,2022-12-01,188.0,335.2657470703125
xgboost,2023-01-01,777.0,355.0751037597656
xgboost,2023-02-01,800.0,267.2840576171875
xgboost,2023-03-01,942.0,255.99049377441406
xgboost,2023-04-01,1934.0,277.4622497558594
xgboost,2023-05-01,2531.0,262.8824157714844
xgboost,2023-06-01,2870.0,272.2934875488281
xgboost,2023-07-01,3293.0,279.745849609375
xgboost,2023-08-01,1368.0,246.64247131347656
xgboost,2023-09-01,723.0,227.68563842773438
xgboost,2022-11-01,205.0,412.7953186035156
xgboost,2022-12-01,188.0,485.42938232421875
xgboost,2023-01-01,777.0,456.7359313964844
xgboost,2023-02-01,800.0,355.05194091796875
xgboost,2023-03-01,942.0,326.3742980957031
xgboost,2023-04-01,1934.0,295.8402099609375
xgboost,2023-05-01,2531.0,284.700439453125
xgboost,2023-06-01,2870.0,293.1907043457031
xgboost,2023-07-01,3293.0,325.06201171875
xgboost,2023-08-01,1368.0,338.7749328613281
xgboost,2023-09-01,723.0,267.61810302734375
xgboost,2023-10-01,757.0,275.9763488769531
xgboost,2022-12-01,188.0,219.6537628173828
xgboost,2023-01-01,777.0,270.91424560546875
xgboost,2023-02-01,800.0,227.13995361328125
xgboost,2023-03-01,942.0,258.79010009765625
xgboost,2023-04-01,1934.0,263.7445983886719
xgboost,2023-05-01,2531.0,282.1768798828125
xgboost,2023-06-01,2870.0,290.8360595703125
xgboost,2023-07-01,3293.0,267.3385009765625
xgboost,2023-08-01,1368.0,262.1859130859375
xgboost,2023-09-01,723.0,240.1095428466797
xgboost,2023-10-01,757.0,251.27322387695312
xgboost,2023-11-01,520.0,229.8270263671875
xgboost,2023-01-01,777.0,207.1105194091797
xgboost,2023-02-01,800.0,220.8489227294922
xgboost,2023-03-01,942.0,285.5960693359375
xgboost,2023-04-01,1934.0,284.57379150390625
xgboost,2023-05-01,2531.0,280.6294250488281
xgboost,2023-06-01,2870.0,294.34625244140625
xgboost,2023-07-01,3293.0,251.65867614746094
xgboost,2023-08-01,1368.0,252.65516662597656
xgboost,2023-09-01,723.0,243.84288024902344
xgboost,2023-10-01,757.0,247.76565551757812
xgboost,2023-11-01,520.0,216.126953125
xgboost,2023-12-01,360.0,221.10894775390625
xgboost,2023-02-01,800.0,1212.8929443359375
xgboost,2023-03-01,942.0,1575.34814453125
xgboost,2023-04-01,1934.0,1474.2037353515625
xgboost,2023-05-01,2531.0,1416.156005859375
xgboost,2023-06-01,2870.0,1418.2603759765625
xgboost,2023-07-01,3293.0,1179.1466064453125
xgboost,2023-08-01,1368.0,974.3204956054688
xgboost,2023-09-01,723.0,811.479736328125
xgboost,2023-10-01,757.0,715.484130859375
xgboost,2023-11-01,520.0,1087.2642822265625
xgboost,2023-12-01,360.0,1225.715576171875
xgboost,2024-01-01,766.0,822.7913208007812
xgboost,2023-03-01,942.0,1075.6575927734375
xgboost,2023-04-01,1934.0,1452.2449951171875
xgboost,2023-05-01,2531.0,1353.12646484375
xgboost,2023-06-01,2870.0,1398.978515625
xgboost,2023-07-01,3293.0,1132.4583740234375
xgboost,2023-08-01,1368.0,920.0460815429688
xgboost,2023-09-01,723.0,594.766845703125
xgboost,2023-10-01,757.0,566.0753784179688
xgboost,2023-11-01,520.0,840.2127075195312
xgboost,2023-12-01,360.0,842.3536987304688
xgboost,2024-01-01,766.0,787.232177734375
xgboost,2024-02-01,3890.0,725.2470703125
xgboost,2023-04-01,1934.0,891.0552368164062
xgboost,2023-05-01,2531.0,953.4360961914062
xgboost,2023-06-01,2870.0,891.4451904296875
xgboost,2023-07-01,3293.0,815.3642578125
xgboost,2023-08-01,1368.0,813.8031005859375
xgboost,2023-09-01,723.0,816.1610107421875
xgboost,2023-10-01,757.0,851.7766723632812
xgboost,2023-11-01,520.0,967.2617797851562
xgboost,2023-12-01,360.0,792.57763671875
xgboost,2024-01-01,766.0,957.1056518554688
xgboost,2024-02-01,3890.0,1079.62158203125
xgboost,2024-03-01,4331.0,1149.0078125
xgboost,2023-05-01,2531.0,1399.1090087890625
xgboost,2023-06-01,2870.0,1636.4132080078125
xgboost,2023-07-01,3293.0,1606.16943359375
xgboost,2023-08-01,1368.0,1040.680908203125
xgboost,2023-09-01,723.0,685.5012817382812
xgboost,2023-10-01,757.0,528.7437133789062
xgboost,2023-11-01,520.0,362.4052734375
xgboost,2023-12-01,360.0,314.422119140625
xgboost,2024-01-01,766.0,278.8991394042969
xgboost,2024-02-01,3890.0,321.5782165527344
xgboost,2024-03-01,4331.0,529.85400390625
xgboost,2024-04-01,2181.0,411.91278076171875
xgboost,2023-06-01,2870.0,2084.9111328125
xgboost,2023-07-01,3293.0,1507.0777587890625
xgboost,2023-08-01,1368.0,1333.121826171875
xgboost,2023-09-01,723.0,1326.9736328125
xgboost,2023-10-01,757.0,1414.8746337890625
xgboost,2023-11-01,520.0,1228.8541259765625
xgboost,2023-12-01,360.0,945.2841186523438
xgboost,2024-01-01,766.0,952.0411376953125
xgboost,2024-02-01,3890.0,859.506103515625
xgboost,2024-03-01,4331.0,1454.51513671875
xgboost,2024-04-01,2181.0,1584.80810546875
xgboost,2024-05-01,1432.0,925.47119140625
xgboost,2023-07-01,3293.0,2467.552490234375
xgboost,2023-08-01,1368.0,2078.990234375
xgboost,2023-09-01,723.0,1616.1856689453125
xgboost,2023-10-01,757.0,1611.8419189453125
xgboost,2023-11-01,520.0,1613.2569580078125
xgboost,2023-12-01,360.0,1129.4613037109375
xgboost,2024-01-01,766.0,913.0304565429688
xgboost,2024-02-01,3890.0,493.17669677734375
xgboost,2024-03-01,4331.0,565.2904052734375
xgboost,2024-04-01,2181.0,705.4031372070312
xgboost,2024-05-01,1432.0,717.7770385742188
xgboost,2024-06-01,1147.0,818.8765869140625
xgboost,2023-08-01,1368.0,3006.7880859375
xgboost,2023-09-01,723.0,3006.533203125
xgboost,2023-10-01,757.0,3006.562744140625
xgboost,2023-11-01,520.0,3006.6259765625
xgboost,2023-12-01,360.0,2379.99560546875
xgboost,2024-01-01,766.0,1033.260498046875
xgboost,2024-02-01,3890.0,895.036376953125
xgboost,2024-03-01,4331.0,650.8296508789062
xgboost,2024-04-01,2181.0,646.32470703125
xgboost,2024-05-01,1432.0,608.6572875976562
xgboost,2024-06-01,1147.0,535.293212890625
xgboost,2024-07-01,725.0,482.5906066894531
xgboost,2023-09-01,723.0,1744.1341552734375
xgboost,2023-10-01,757.0,1869.7425537109375
xgboost,2023-11-01,520.0,2159.650146484375
xgboost,2023-12-01,360.0,1601.987060546875
xgboost,2024-01-01,766.0,907.9730224609375
xgboost,2024-02-01,3890.0,475.62127685546875
xgboost,2024-03-01,4331.0,456.9437255859375
xgboost,2024-04-01,2181.0,503.4386901855469
xgboost,2024-05-01,1432.0,565.901123046875
xgboost,2024-06-01,1147.0,516.402099609375
xgboost,2024-07-01,725.0,324.5299072265625
xgboost,2024-08-01,703.0,419.5980529785156
xgboost,2023-10-01,757.0,450.115234375
xgboost,2023-11-01,520.0,294.22735595703125
xgboost,2023-12-01,360.0,281.15411376953125
xgboost,2024-01-01,766.0,264.5299072265625
xgboost,2024-02-01,3890.0,208.92623901367188
xgboost,2024-03-01,4331.0,362.1318054199219
xgboost,2024-04-01,2181.0,563.3236694335938
xgboost,2024-05-01,1432.0,799.0473022460938
xgboost,2024-06-01,1147.0,764.8521728515625
xgboost,2024-07-01,725.0,822.3462524414062
xgboost,2024-08-01,703.0,883.89794921875
xgboost,2024-09-01,721.0,902.3256225585938
xgboost,2023-11-01,520.0,439.7913818359375
xgboost,2023-12-01,360.0,306.9698791503906
xgboost,2024-01-01,766.0,294.6434326171875
xgboost,2024-02-01,3890.0,263.73870849609375
xgboost,2024-03-01,4331.0,474.9945373535156
xgboost,2024-04-01,2181.0,506.7100830078125
xgboost,2024-05-01,1432.0,542.4309692382812
xgboost,2024-06-01,1147.0,709.5121459960938
xgboost,2024-07-01,725.0,727.5349731445312
xgboost,2024-08-01,703.0,760.352294921875
xgboost,2024-09-01,721.0,758.2960815429688
xgboost,2024-10-01,471.0,785.8848266601562
xgboost,2023-12-01,360.0,333.44696044921875
xgboost,2024-01-01,766.0,321.2287292480469
xgboost,2024-02-01,3890.0,246.95794677734375
xgboost,2024-03-01,4331.0,544.16650390625
xgboost,2024-04-01,2181.0,884.2313232421875
xgboost,2024-05-01,1432.0,670.5630493164062
xgboost,2024-06-01,1147.0,758.1017456054688
xgboost,2024-07-01,725.0,763.51416015625
xgboost,2024-08-01,703.0,719.3449096679688
xgboost,2024-09-01,721.0,749.5761108398438
xgboost,2024-10-01,471.0,747.5479736328125
xgboost,2024-11-01,358.0,593.341552734375
xgboost,2024-01-01,766.0,297.4658203125
xgboost,2024-02-01,3890.0,263.4925842285156
xgboost,2024-03-01,4331.0,550.911376953125
xgboost,2024-04-01,2181.0,919.7136840820312
xgboost,2024-05-01,1432.0,644.5936889648438
xgboost,2024-06-01,1147.0,706.8939819335938
xgboost,2024-07-01,725.0,697.8648071289062
xgboost,2024-08-01,703.0,780.1939697265625
xgboost,2024-09-01,721.0,804.5316162109375
xgboost,2024-10-01,471.0,847.7377319335938
xgboost,2024-11-01,358.0,596.3471069335938
xgboost,2024-12-01,371.0,574.2225341796875
catboost,2014-01-01,348.0,341.52313030924876
catboost,2014-02-01,537.0,390.7276926603723
catboost,2014-03-01,1140.0,443.98732215186976
catboost,2014-04-01,1529.0,507.8370968846126
catboost,2014-05-01,1204.0,575.015422135292
catboost,2014-06-01,953.0,710.016818972032
catboost,2014-07-01,586.0,643.6944706164928
catboost,2014-08-01,515.0,664.191952692325
catboost,2014-09-01,306.0,692.4706108055717
catboost,2014-10-01,315.0,683.018288096008
catboost,2014-11-01,356.0,691.3030116125447
catboost,2014-12-01,228.0,720.292044279312
catboost,2014-02-01,537.0,414.2165958507846
catboost,2014-03-01,1140.0,453.3822840673829
catboost,2014-04-01,1529.0,516.8425647349039
catboost,2014-05-01,1204.0,546.4226903243316
catboost,2014-06-01,953.0,646.7613592676295
catboost,2014-07-01,586.0,639.0265531891935
catboost,2014-08-01,515.0,617.8017853114325
catboost,2014-09-01,306.0,624.4871679099198
catboost,2014-10-01,315.0,610.4237364492176
catboost,2014-11-01,356.0,654.4664155803518
catboost,2014-12-01,228.0,666.7622991014232
catboost,2015-01-01,233.0,666.0483911855201
catboost,2014-03-01,1140.0,635.6354337930052
catboost,2014-04-01,1529.0,712.451299946115
catboost,2014-05-01,1204.0,673.7314397974792
catboost,2014-06-01,953.0,723.0815222838188
catboost,2014-07-01,586.0,637.5147279495743
catboost,2014-08-01,515.0,659.2107410793452
catboost,2014-09-01,306.0,666.6847060113607
catboost,2014-10-01,315.0,657.3008980286941
catboost,2014-11-01,356.0,643.3292515044474
catboost,2014-12-01,228.0,684.7248087909262
catboost,2015-01-01,233.0,729.7417416798022
catboost,2015-02-01,277.0,759.8195900627957
catboost,2014-04-01,1529.0,946.5570697288117
catboost,2014-05-01,1204.0,874.1723195796542
catboost,2014-06-01,953.0,843.2596312523352
catboost,2014-07-01,586.0,737.1837141753177
catboost,2014-08-01,515.0,664.4923564722494
catboost,2014-09-01,306.0,682.3603913635225
catboost,2014-10-01,315.0,657.9270387543527
catboost,2014-11-01,356.0,689.8152850507421
catboost,2014-12-01,228.0,725.9123715866399
catboost,2015-01-01,233.0,798.4036302326974
catboost,2015-02-01,277.0,815.3529285033812
catboost,2015-03-01,756.0,797.6435579939205
catboost,2014-05-01,1204.0,1165.9396344106094
catboost,2014-06-01,953.0,1055.2475642440263
catboost,2014-07-01,586.0,855.5558569408454
catboost,2014-08-01,515.0,697.0961095797986
catboost,2014-09-01,306.0,682.5236840556429
catboost,2014-10-01,315.0,684.0165972573359
catboost,2014-11-01,356.0,734.8223320605333
catboost,2014-12-01,228.0,776.641996954235
catboost,2015-01-01,233.0,826.4260203584663
catboost,2015-02-01,277.0,911.8972258060523
catboost,2015-03-01,756.0,907.1887161956525
catboost,2015-04-01,1079.0,799.3818200037517
catboost,2014-06-01,953.0,1174.5380840523258
catboost,2014-07-01,586.0,974.945263796677
catboost,2014-08-01,515.0,818.5703767804804
catboost,2014-09-01,306.0,747.0078720769035
catboost,2014-10-01,315.0,744.8522274124773
catboost,2014-11-01,356.0,798.2352370244477
catboost,2014-12-01,228.0,862.4885370224384
catboost,2015-01-01,233.0,920.1998682533815
catboost,2015-02-01,277.0,1006.0496282985662
catboost,2015-03-01,756.0,998.9654325348204
catboost,2015-04-01,1079.0,875.4960274716607
catboost,2015-05-01,1256.0,818.9998224030691
catboost,2014-07-01,586.0,823.692219042118
catboost,2014-08-01,515.0,721.1903155804803
catboost,2014-09-01,306.0,720.0653691322462
catboost,2014-10-01,315.0,733.5318480600972
catboost,2014-11-01,356.0,772.6891047236106
catboost,2014-12-01,228.0,785.8393156954093
catboost,2015-01-01,233.0,834.2775189137269
catboost,2015-02-01,277.0,887.9114833350636
catboost,2015-03-01,756.0,912.1777222113747
catboost,2015-04-01,1079.0,827.4322199224138
catboost,2015-05-01,1256.0,789.0694842765089
catboost,2015-06-01,949.0,707.290303794511
catboost,2014-08-01,515.0,658.6722006650688
catboost,2014-09-01,306.0,671.2289142032116
catboost,2014-10-01,315.0,695.774245170454
catboost,2014-11-01,356.0,750.4462105812153
catboost,2014-12-01,228.0,825.6246433614137
catboost,2015-01-01,233.0,843.6664800889288
catboost,2015-02-01,277.0,851.4277384816326
catboost,2015-03-01,756.0,852.7126515891491
catboost,2015-04-01,1079.0,772.8475489065711
catboost,2015-05-01,1256.0,713.1824791730172
catboost,2015-06-01,949.0,631.8604658492352
catboost,2015-07-01,1211.0,532.6933608201736
catboost,2014-09-01,306.0,580.1028004453963
catboost,2014-10-01,315.0,603.2453481855845
catboost,2014-11-01,356.0,691.7876639613353
catboost,2014-12-01,228.0,761.7002029362244
catboost,2015-01-01,233.0,777.5784624476614
catboost,2015-02-01,277.0,812.9576928993201
catboost,2015-03-01,756.0,819.531190138035
catboost,2015-04-01,1079.0,717.9478504674144
catboost,2015-05-01,1256.0,668.8352678734833
catboost,2015-06-01,949.0,604.1039243775381
catboost,2015-07-01,1211.0,482.52758671143727
catboost,2015-08-01,1120.0,316.16299754842544
catboost,2014-10-01,315.0,388.1554861149166
catboost,2014-11-01,356.0,457.37968802039387
catboost,2014-12-01,228.0,509.23651365148294
catboost,2015-01-01,233.0,591.1859259514417
catboost,2015-02-01,277.0,779.9791569895283
catboost,2015-03-01,756.0,813.9245953624464
catboost,2015-04-01,1079.0,704.4222159278858
catboost,2015-05-01,1256.0,649.0400225651568
catboost,2015-06-01,949.0,623.6538294446666
catboost,2015-07-01,1211.0,533.5004576501398
catboost,2015-08-01,1120.0,405.10373176490134
catboost,2015-09-01,773.0,253.33124252482583
catboost,2014-11-01,356.0,404.7818253056284
catboost,2014-12-01,228.0,475.69685308045285
catboost,2015-01-01,233.0,535.3855158354393
catboost,2015-02-01,277.0,757.1473002370319
catboost,2015-03-01,756.0,822.9076857725258
catboost,2015-04-01,1079.0,702.2591382290747
catboost,2015-05-01,1256.0,661.034896054643
catboost,2015-06-01,949.0,607.8154517692659
catboost,2015-07-01,1211.0,559.9549608240351
catboost,2015-08-01,1120.0,477.5086058347881
catboost,2015-09-01,773.0,282.02877373121294
catboost,2015-10-01,389.0,212.23212497979807
catboost,2014-12-01,228.0,455.58678326777647
catboost,2015-01-01,233.0,499.04498353861885
catboost,2015-02-01,277.0,576.8518346796038
catboost,2015-03-01,756.0,710.3381555698885
catboost,2015-04-01,1079.0,656.0433142022725
catboost,2015-05-01,1256.0,621.7553567135566
catboost,2015-06-01,949.0,592.6632887736963
catboost,2015-07-01,1211.0,523.7145279783955
catboost,2015-08-01,1120.0,359.35775773608975
catboost,2015-09-01,773.0,266.0076407269944
catboost,2015-10-01,389.0,212.42998011986748
catboost,2015-11-01,380.0,183.7285656717666
catboost,2015-01-01,233.0,381.93866226449825
catboost,2015-02-01,277.0,419.1888229541583
catboost,2015-03-01,756.0,451.48118918954265
catboost,2015-04-01,1079.0,466.3613833140057
catboost,2015-05-01,1256.0,438.4929071298537
catboost,2015-06-01,949.0,425.40174529589956
catboost,2015-07-01,1211.0,351.35430523144635
catboost,2015-08-01,1120.0,286.5618183577803
catboost,2015-09-01,773.0,248.5287128476611
catboost,2015-10-01,389.0,208.0085606768751
catboost,2015-11-01,380.0,222.3452072307261
catboost,2015-12-01,273.0,232.91359185965484
catboost,2015-02-01,277.0,322.937349325221
catboost,2015-03-01,756.0,344.14438315714136
catboost,2015-04-01,1079.0,369.58227779543483
catboost,2015-05-01,1256.0,394.5103148407208
catboost,2015-06-01,949.0,385.7203408342491
catboost,2015-07-01,1211.0,345.6192558061102
catboost,2015-08-01,1120.0,296.56829921666366
catboost,2015-09-01,773.0,249.095412107987
catboost,2015-10-01,389.0,203.34133629617287
catboost,2015-11-01,380.0,196.87659272594
catboost,2015-12-01,273.0,216.74935079762474
catboost,2016-01-01,419.0,265.85943324067205
catboost,2015-03-01,756.0,325.02855427852114
catboost,2015-04-01,1079.0,358.7942093620022
catboost,2015-05-01,1256.0,381.91325815495696
catboost,2015-06-01,949.0,381.94516410594326
catboost,2015-07-01,1211.0,352.4491760091598
catboost,2015-08-01,1120.0,318.70637741620465
catboost,2015-09-01,773.0,277.8038773182037
catboost,2015-10-01,389.0,218.78793244584307
catboost,2015-11-01,380.0,203.76679763756653
catboost,2015-12-01,273.0,225.65852797319906
catboost,2016-01-01,419.0,275.75177978393435
catboost,2016-02-01,709.0,364.0102945677959
catboost,2015-04-01,1079.0,649.2134452116318
catboost,2015-05-01,1256.0,620.8906885646538
catboost,2015-06-01,949.0,600.8924439000883
catboost,2015-07-01,1211.0,526.3778022040575
catboost,2015-08-01,1120.0,467.2887439314252
catboost,2015-09-01,773.0,320.6754354102354
catboost,2015-10-01,389.0,253.50279900009383
catboost,2015-11-01,380.0,230.5336340834467
catboost,2015-12-01,273.0,260.90397933092754
catboost,2016-01-01,419.0,299.77445573078535
catboost,2016-02-01,709.0,355.6932384303574
catboost,2016-03-01,511.0,480.80420931865706
catboost,2015-05-01,1256.0,846.581928046733
catboost,2015-06-01,949.0,748.5216710361062
catboost,2015-07-01,1211.0,599.5822847855376
catboost,2015-08-01,1120.0,576.6594562686458
catboost,2015-09-01,773.0,525.5065047356068
catboost,2015-10-01,389.0,365.80184407348247
catboost,2015-11-01,380.0,272.96431968185846
catboost,2015-12-01,273.0,289.11100593537446
catboost,2016-01-01,419.0,297.1372342369616
catboost,2016-02-01,709.0,370.3279348575382
catboost,2016-03-01,511.0,445.6013071970209
catboost,2016-04-01,366.0,542.3111374932635
catboost,2015-06-01,949.0,931.2745652931734
catboost,2015-07-01,1211.0,653.222545123209
catboost,2015-08-01,1120.0,600.7246504286715
catboost,2015-09-01,773.0,570.3496559190224
catboost,2015-10-01,389.0,555.5116857543067
catboost,2015-11-01,380.0,510.02713814216673
catboost,2015-12-01,273.0,471.28995154067553
catboost,2016-01-01,419.0,477.2978195311508
catboost,2016-02-01,709.0,515.379591497125
catboost,2016-03-01,511.0,644.2140654538556
catboost,2016-04-01,366.0,985.7498818105653
catboost,2016-05-01,421.0,1028.708481971412
catboost,2015-07-01,1211.0,697.7762323205704
catboost,2015-08-01,1120.0,620.9057821415446
catboost,2015-09-01,773.0,533.9571818077399
catboost,2015-10-01,389.0,497.6502144363947
catboost,2015-11-01,380.0,414.97449161776547
catboost,2015-12-01,273.0,340.77862714617413
catboost,2016-01-01,419.0,359.5617551959286
catboost,2016-02-01,709.0,410.44912975833176
catboost,2016-03-01,511.0,475.2050543439383
catboost,2016-04-01,366.0,570.4793635235663
catboost,2016-05-01,421.0,925.4510188526974
catboost,2016-06-01,327.0,1040.4375097254901
catboost,2015-08-01,1120.0,856.1637004034383
catboost,2015-09-01,773.0,712.5747832184489
catboost,2015-10-01,389.0,673.2309413509645
catboost,2015-11-01,380.0,633.2146717239268
catboost,2015-12-01,273.0,721.0433645454987
catboost,2016-01-01,419.0,916.0851544435562
catboost,2016-02-01,709.0,976.1907897673382
catboost,2016-03-01,511.0,980.248758804897
catboost,2016-04-01,366.0,1049.7138352347747
catboost,2016-05-01,421.0,938.333052839964
catboost,2016-06-01,327.0,881.4446508613264
catboost,2016-07-01,325.0,829.572875341889
catboost,2015-09-01,773.0,836.47803693146
catboost,2015-10-01,389.0,681.0342663853696
catboost,2015-11-01,380.0,636.8425073667868
catboost,2015-12-01,273.0,633.8697778154176
catboost,2016-01-01,419.0,818.0189230038391
catboost,2016-02-01,709.0,921.3550301908365
catboost,2016-03-01,511.0,919.8954678028704
catboost,2016-04-01,366.0,958.6083913745683
catboost,2016-05-01,421.0,959.9320074340449
catboost,2016-06-01,327.0,904.9812580184673
catboost,2016-07-01,325.0,829.6548809845833
catboost,2016-08-01,210.0,790.7059329163244
catboost,2015-10-01,389.0,687.5003545859263
catboost,2015-11-01,380.0,655.7647383401097
catboost,2015-12-01,273.0,686.58473660778
catboost,2016-01-01,419.0,854.4949771242586
catboost,2016-02-01,709.0,947.7118630115883
catboost,2016-03-01,511.0,948.7699505926562
catboost,2016-04-01,366.0,965.1753046576999
catboost,2016-05-01,421.0,946.8492546745318
catboost,2016-06-01,327.0,887.8766369665165
catboost,2016-07-01,325.0,858.4984024181703
catboost,2016-08-01,210.0,746.8807627318217
catboost,2016-09-01,227.0,756.8026320546193
catboost,2015-11-01,380.0,371.55223749493894
catboost,2015-12-01,273.0,349.1543654921453
catboost,2016-01-01,419.0,393.53886581574136
catboost,2016-02-01,709.0,427.8329775758755
catboost,2016-03-01,511.0,508.02242075057256
catboost,2016-04-01,366.0,641.3991644076539
catboost,2016-05-01,421.0,964.5059364033904
catboost,2016-06-01,327.0,1060.2327235037128
catboost,2016-07-01,325.0,1014.6105481675387
catboost,2016-08-01,210.0,960.8414371250284
catboost,2016-09-01,227.0,889.1659445951885
catboost,2016-10-01,324.0,709.1760957913033
catboost,2015-12-01,273.0,375.2197710436932
catboost,2016-01-01,419.0,368.94286405230764
catboost,2016-02-01,709.0,393.96647676321277
catboost,2016-03-01,511.0,428.02665998457144
catboost,2016-04-01,366.0,553.3506081422166
catboost,2016-05-01,421.0,871.6788554840193
catboost,2016-06-01,327.0,1032.8183423829096
catboost,2016-07-01,325.0,1032.1842128383432
catboost,2016-08-01,210.0,987.3391545732038
catboost,2016-09-01,227.0,909.7395442477194
catboost,2016-10-01,324.0,708.3214917468767
catboost,2016-11-01,245.0,594.4679479438546
catboost,2016-01-01,419.0,312.1958467499595
catboost,2016-02-01,709.0,339.3198582402415
catboost,2016-03-01,511.0,352.28745490272365
catboost,2016-04-01,366.0,389.35515402824274
catboost,2016-05-01,421.0,433.4663912810066
catboost,2016-06-01,327.0,508.40949489108476
catboost,2016-07-01,325.0,650.6060778121722
catboost,2016-08-01,210.0,840.2070178668421
catboost,2016-09-01,227.0,921.2814516645144
catboost,2016-10-01,324.0,827.3431889182746
catboost,2016-11-01,245.0,748.0962279820169
catboost,2016-12-01,225.0,694.4025768371976
catboost,2016-02-01,709.0,411.6383354761314
catboost,2016-03-01,511.0,427.6312106140498
catboost,2016-04-01,366.0,532.5639907476727
catboost,2016-05-01,421.0,811.6390423905118
catboost,2016-06-01,327.0,991.1537495281734
catboost,2016-07-01,325.0,1023.9137292287526
catboost,2016-08-01,210.0,952.9858583055591
catboost,2016-09-01,227.0,909.5142516598547
catboost,2016-10-01,324.0,741.6865358428082
catboost,2016-11-01,245.0,624.2503500624481
catboost,2016-12-01,225.0,603.0400263613087
catboost,2017-01-01,312.0,698.2852377872231
catboost,2016-03-01,511.0,958.015105595583
catboost,2016-04-01,366.0,1085.1469729277846
catboost,2016-05-01,421.0,1122.7218779747163
catboost,2016-06-01,327.0,1073.1154339242194
catboost,2016-07-01,325.0,949.8223198807664
catboost,2016-08-01,210.0,803.9504086193367
catboost,2016-09-01,227.0,645.2451871645153
catboost,2016-10-01,324.0,504.58788651675604
catboost,2016-11-01,245.0,365.9280500444548
catboost,2016-12-01,225.0,289.0926110587246
catboost,2017-01-01,312.0,271.37910902979195
catboost,2017-02-01,208.0,295.8205432081726
catboost,2016-04-01,366.0,672.1641917635196
catboost,2016-05-01,421.0,920.5574921471293
catboost,2016-06-01,327.0,962.5084214953536
catboost,2016-07-01,325.0,968.3139332388507
catboost,2016-08-01,210.0,871.885195090766
catboost,2016-09-01,227.0,745.4309946990254
catboost,2016-10-01,324.0,595.2338717885939
catboost,2016-11-01,245.0,517.7821768639349
catboost,2016-12-01,225.0,405.0473703961835
catboost,2017-01-01,312.0,356.3110743098921
catboost,2017-02-01,208.0,307.0950305826429
catboost,2017-03-01,214.0,340.33676221925634
catboost,2016-05-01,421.0,460.3687766346951
catboost,2016-06-01,327.0,541.7197621864104
catboost,2016-07-01,325.0,700.7389367308821
catboost,2016-08-01,210.0,712.8277990686445
catboost,2016-09-01,227.0,698.563295091553
catboost,2016-10-01,324.0,607.0688378762366
catboost,2016-11-01,245.0,601.2813467009885
catboost,2016-12-01,225.0,589.6807620333547
catboost,2017-01-01,312.0,625.8667309931827
catboost,2017-02-01,208.0,678.1207245642792
catboost,2017-03-01,214.0,685.1525073759422
catboost,2017-04-01,367.0,776.7972509756569
catboost,2016-06-01,327.0,546.610654255988
catboost,2016-07-01,325.0,714.223667328728
catboost,2016-08-01,210.0,686.5376877805402
catboost,2016-09-01,227.0,678.8593657209539
catboost,2016-10-01,324.0,642.8702480285742
catboost,2016-11-01,245.0,590.1434571593145
catboost,2016-12-01,225.0,565.7335024654949
catboost,2017-01-01,312.0,564.5048431536941
catboost,2017-02-01,208.0,642.2196521726161
catboost,2017-03-01,214.0,666.771294217935
catboost,2017-04-01,367.0,750.5512012708814
catboost,2017-05-01,281.0,704.0932720004157
catboost,2016-07-01,325.0,348.1267871126827
catboost,2016-08-01,210.0,346.0757323249211
catboost,2016-09-01,227.0,326.0032646217327
catboost,2016-10-01,324.0,279.21592426590644
catboost,2016-11-01,245.0,219.86066300002733
catboost,2016-12-01,225.0,215.4873996227975
catboost,2017-01-01,312.0,215.05147190950322
catboost,2017-02-01,208.0,253.9937813835487
catboost,2017-03-01,214.0,328.2403141890986
catboost,2017-04-01,367.0,361.43426126965414
catboost,2017-05-01,281.0,383.0158456358576
catboost,2017-06-01,211.0,366.4936638697392
catboost,2016-08-01,210.0,323.2670418485865
catboost,2016-09-01,227.0,285.6636867846838
catboost,2016-10-01,324.0,279.3419233570862
catboost,2016-11-01,245.0,224.90305084901365
catboost,2016-12-01,225.0,207.92225008510582
catboost,2017-01-01,312.0,229.0347679634042
catboost,2017-02-01,208.0,259.9654635555536
catboost,2017-03-01,214.0,304.02048559804194
catboost,2017-04-01,367.0,365.67939459384456
catboost,2017-05-01,281.0,394.69237219670345
catboost,2017-06-01,211.0,382.8332640269631
catboost,2017-07-01,360.0,380.2216906167937
catboost,2016-09-01,227.0,232.77425762749687
catboost,2016-10-01,324.0,238.4952034842081
catboost,2016-11-01,245.0,202.68361950654463
catboost,2016-12-01,225.0,231.5298405064678
catboost,2017-01-01,312.0,237.98010931808767
catboost,2017-02-01,208.0,290.2687498689438
catboost,2017-03-01,214.0,357.75763434640453
catboost,2017-04-01,367.0,426.6724019126718
catboost,2017-05-01,281.0,417.32503195514687
catboost,2017-06-01,211.0,431.23536294235146
catboost,2017-07-01,360.0,396.7127413118447
catboost,2017-08-01,241.0,340.8681508438655
catboost,2016-10-01,324.0,249.96046165546022
catboost,2016-11-01,245.0,214.3268784162724
catboost,2016-12-01,225.0,237.13564323243952
catboost,2017-01-01,312.0,259.220920875187
catboost,2017-02-01,208.0,272.0241558586281
catboost,2017-03-01,214.0,321.15118140270147
catboost,2017-04-01,367.0,380.6476855293967
catboost,2017-05-01,281.0,356.3729898585512
catboost,2017-06-01,211.0,329.9115969589741
catboost,2017-07-01,360.0,301.0470741012085
catboost,2017-08-01,241.0,292.5519217448519
catboost,2017-09-01,174.0,283.5103775521927
catboost,2016-11-01,245.0,239.99631752006894
catboost,2016-12-01,225.0,257.5305515954385
catboost,2017-01-01,312.0,268.105811135079
catboost,2017-02-01,208.0,296.07569086284474
catboost,2017-03-01,214.0,327.2085309080837
catboost,2017-04-01,367.0,383.9341038432643
catboost,2017-05-01,281.0,358.94845098645203
catboost,2017-06-01,211.0,345.82146355284397
catboost,2017-07-01,360.0,319.6909400354732
catboost,2017-08-01,241.0,317.7613891415085
catboost,2017-09-01,174.0,315.8523418329879
catboost,2017-10-01,272.0,349.4060011159643
catboost,2016-12-01,225.0,263.7900439989762
catboost,2017-01-01,312.0,262.8629405113755
catboost,2017-02-01,208.0,301.6437181897479
catboost,2017-03-01,214.0,320.43016323660345
catboost,2017-04-01,367.0,381.23090797587713
catboost,2017-05-01,281.0,318.9591893488449
catboost,2017-06-01,211.0,307.77520503676874
catboost,2017-07-01,360.0,313.0855218929354
catboost,2017-08-01,241.0,324.7276811000934
catboost,2017-09-01,174.0,312.6016338224458
catboost,2017-10-01,272.0,339.33652070794074
catboost,2017-11-01,156.0,340.7014081391147
catboost,2017-01-01,312.0,245.95089906010264
catboost,2017-02-01,208.0,292.59815487326586
catboost,2017-03-01,214.0,313.013523972008
catboost,2017-04-01,367.0,391.7691489666699
catboost,2017-05-01,281.0,352.9632435638713
catboost,2017-06-01,211.0,331.8164199685592
catboost,2017-07-01,360.0,342.2530041258166
catboost,2017-08-01,241.0,328.7244355419249
catboost,2017-09-01,174.0,327.41786559534324
catboost,2017-10-01,272.0,310.920786112286
catboost,2017-11-01,156.0,314.6644466199539
catboost,2017-12-01,256.0,370.3630820703743
catboost,2017-02-01,208.0,306.14183359929825
catboost,2017-03-01,214.0,334.827975372018
catboost,2017-04-01,367.0,410.2812769812015
catboost,2017-05-01,281.0,407.03225002701964
catboost,2017-06-01,211.0,386.9091497116111
catboost,2017-07-01,360.0,371.75420001355553
catboost,2017-08-01,241.0,340.7170775106756
catboost,2017-09-01,174.0,342.7767139739983
catboost,2017-10-01,272.0,361.60538958016343
catboost,2017-11-01,156.0,358.0381762604104
catboost,2017-12-01,256.0,393.59856136317273
catboost,2018-01-01,220.0,430.3105658237483
catboost,2017-03-01,214.0,303.9624320026036
catboost,2017-04-01,367.0,393.95821994743716
catboost,2017-05-01,281.0,354.78777945685556
catboost,2017-06-01,211.0,345.31743872035406
catboost,2017-07-01,360.0,333.4012806458492
catboost,2017-08-01,241.0,332.38121098144245
catboost,2017-09-01,174.0,324.54079540434213
catboost,2017-10-01,272.0,332.2453709397954
catboost,2017-11-01,156.0,327.0438909185584
catboost,2017-12-01,256.0,408.41978219191384
catboost,2018-01-01,220.0,432.5699725748198
catboost,2018-02-01,191.0,434.52914293413
catboost,2017-04-01,367.0,327.0435468328176
catboost,2017-05-01,281.0,321.1724094426328
catboost,2017-06-01,211.0,291.8389093804519
catboost,2017-07-01,360.0,332.3864849746236
catboost,2017-08-01,241.0,321.70696374140766
catboost,2017-09-01,174.0,328.95996340588687
catboost,2017-10-01,272.0,359.4005386159882
catboost,2017-11-01,156.0,339.59188944588885
catboost,2017-12-01,256.0,392.7509230420473
catboost,2018-01-01,220.0,453.441935686232
catboost,2018-02-01,191.0,469.4674950740193
catboost,2018-03-01,224.0,488.21139716392264
catboost,2017-05-01,281.0,325.1179710448972
catboost,2017-06-01,211.0,317.6913691224361
catboost,2017-07-01,360.0,335.18535194407815
catboost,2017-08-01,241.0,340.1850827170246
catboost,2017-09-01,174.0,327.2349782613652
catboost,2017-10-01,272.0,350.7190232536807
catboost,2017-11-01,156.0,335.9119527955705
catboost,2017-12-01,256.0,397.03754195984845
catboost,2018-01-01,220.0,457.28028347495615
catboost,2018-02-01,191.0,426.4231247822671
catboost,2018-03-01,224.0,433.17193578963526
catboost,2018-04-01,191.0,449.44624447922183
catboost,2017-06-01,211.0,310.6189415145314
catboost,2017-07-01,360.0,331.1614718783519
catboost,2017-08-01,241.0,310.8150293112009
catboost,2017-09-01,174.0,316.8749033208487
catboost,2017-10-01,272.0,349.1070061550987
catboost,2017-11-01,156.0,333.0765676965764
catboost,2017-12-01,256.0,389.0253301470873
catboost,2018-01-01,220.0,416.4467198463227
catboost,2018-02-01,191.0,416.35742791068253
catboost,2018-03-01,224.0,433.03573710393187
catboost,2018-04-01,191.0,436.9749653080581
catboost,2018-05-01,153.0,415.98063825489805
catboost,2017-07-01,360.0,298.3725593408453
catboost,2017-08-01,241.0,305.50091860059763
catboost,2017-09-01,174.0,296.27468224507345
catboost,2017-10-01,272.0,343.4600790589354
catboost,2017-11-01,156.0,339.9229355524074
catboost,2017-12-01,256.0,365.19590109510455
catboost,2018-01-01,220.0,417.3653249556978
catboost,2018-02-01,191.0,421.28848174215307
catboost,2018-03-01,224.0,464.0055597796209
catboost,2018-04-01,191.0,445.7716605613492
catboost,2018-05-01,153.0,439.17621562432953
catboost,2018-06-01,118.0,481.30298470871946
catboost,2017-08-01,241.0,324.2723416943889
catboost,2017-09-01,174.0,290.04469952948205
catboost,2017-10-01,272.0,366.8125186254154
catboost,2017-11-01,156.0,346.31883783395045
catboost,2017-12-01,256.0,349.1265534443021
catboost,2018-01-01,220.0,374.7009697963574
catboost,2018-02-01,191.0,376.5224728815802
catboost,2018-03-01,224.0,387.440595204611
catboost,2018-04-01,191.0,369.76147326013006
catboost,2018-05-01,153.0,371.7180949107915
catboost,2018-06-01,118.0,374.83191452639176
catboost,2018-07-01,178.0,364.44693904639445
catboost,2017-09-01,174.0,271.0128760221839
catboost,2017-10-01,272.0,372.7481254629575
catboost,2017-11-01,156.0,325.6337420925631
catboost,2017-12-01,256.0,351.4241261310375
catboost,2018-01-01,220.0,412.37653324325015
catboost,2018-02-01,191.0,389.2119654093033
catboost,2018-03-01,224.0,391.9271101891329
catboost,2018-04-01,191.0,395.83073060563777
catboost,2018-05-01,153.0,386.5740242113841
catboost,2018-06-01,118.0,423.38143490470594
catboost,2018-07-01,178.0,396.7819697371006
catboost,2018-08-01,114.0,361.2598422866142
catboost,2017-10-01,272.0,327.23226780851826
catboost,2017-11-01,156.0,302.6906711417993
catboost,2017-12-01,256.0,329.6367107670835
catboost,2018-01-01,220.0,422.9189859113018
catboost,2018-02-01,191.0,456.31989922566953
catboost,2018-03-01,224.0,428.14817630379264
catboost,2018-04-01,191.0,461.9406512896612
catboost,2018-05-01,153.0,448.1854119205399
catboost,2018-06-01,118.0,449.0262883624792
catboost,2018-07-01,178.0,410.70237148982005
catboost,2018-08-01,114.0,348.8259268950491
catboost,2018-09-01,136.0,341.0528785901448
catboost,2017-11-01,156.0,311.4540991060095
catboost,2017-12-01,256.0,338.3973270146612
catboost,2018-01-01,220.0,408.861169333634
catboost,2018-02-01,191.0,425.19300917328593
catboost,2018-03-01,224.0,405.17813915340764
catboost,2018-04-01,191.0,421.0515419578669
catboost,2018-05-01,153.0,441.6199836983099
catboost,2018-06-01,118.0,435.6844869079276
catboost,2018-07-01,178.0,387.9237652057259
catboost,2018-08-01,114.0,345.89694564088546
catboost,2018-09-01,136.0,356.1274904336732
catboost,2018-10-01,162.0,339.0764238669136
catboost,2017-12-01,256.0,299.8729196474169
catboost,2018-01-01,220.0,345.88486829901393
catboost,2018-02-01,191.0,329.21999221392923
catboost,2018-03-01,224.0,302.55894450848393
catboost,2018-04-01,191.0,363.1077765150328
catboost,2018-05-01,153.0,329.9978848732353
catboost,2018-06-01,118.0,335.7469767563264
catboost,2018-07-01,178.0,336.361066669243
catboost,2018-08-01,114.0,321.0478445376513
catboost,2018-09-01,136.0,336.6552434227615
catboost,2018-10-01,162.0,326.7638738952184
catboost,2018-11-01,125.0,310.1548078655617
catboost,2018-01-01,220.0,353.3805940467844
catboost,2018-02-01,191.0,310.1641815944362
catboost,2018-03-01,224.0,312.9436967462757
catboost,2018-04-01,191.0,362.4215680853008
catboost,2018-05-01,153.0,322.1036512901519
catboost,2018-06-01,118.0,338.1719561844501
catboost,2018-07-01,178.0,330.5584110083312
catboost,2018-08-01,114.0,286.5288657194807
catboost,2018-09-01,136.0,325.5758253219419
catboost,2018-10-01,162.0,324.89272281939145
catboost,2018-11-01,125.0,300.3142172749789
catboost,2018-12-01,221.0,330.82494023425863
catboost,2018-02-01,191.0,297.8831843542423
catboost,2018-03-01,224.0,284.02811368250417
catboost,2018-04-01,191.0,327.6708700350496
catboost,2018-05-01,153.0,303.64171059933835
catboost,2018-06-01,118.0,309.71698930187193
catboost,2018-07-01,178.0,299.56453749125774
catboost,2018-08-01,114.0,298.69368741305004
catboost,2018-09-01,136.0,285.2000097757241
catboost,2018-10-01,162.0,300.06600648118393
catboost,2018-11-01,125.0,282.5660849295409
catboost,2018-12-01,221.0,293.5478200395768
catboost,2019-01-01,209.0,298.6608037148985
catboost,2018-03-01,224.0,276.57309072220426
catboost,2018-04-01,191.0,293.5961018230363
catboost,2018-05-01,153.0,279.72082832307035
catboost,2018-06-01,118.0,335.3079054760232
catboost,2018-07-01,178.0,320.4114533131632
catboost,2018-08-01,114.0,290.29658502485313
catboost,2018-09-01,136.0,320.1231178270966
catboost,2018-10-01,162.0,293.4722994628849
catboost,2018-11-01,125.0,269.1386896187508
catboost,2018-12-01,221.0,295.4750466713225
catboost,2019-01-01,209.0,280.5625100209261
catboost,2019-02-01,233.0,351.0868947826933
catboost,2018-04-01,191.0,273.88248115253305
catboost,2018-05-01,153.0,255.24247275202217
catboost,2018-06-01,118.0,299.2377831060877
catboost,2018-07-01,178.0,287.19048412957966
catboost,2018-08-01,114.0,271.16070205692193
catboost,2018-09-01,136.0,278.1823556504221
catboost,2018-10-01,162.0,282.78580071118006
catboost,2018-11-01,125.0,250.74282246326254
catboost,2018-12-01,221.0,259.42454475087953
catboost,2019-01-01,209.0,278.2617376068089
catboost,2019-02-01,233.0,327.27411313003006
catboost,2019-03-01,410.0,300.6075554240173
catboost,2018-05-01,153.0,245.39144836119516
catboost,2018-06-01,118.0,296.8439345150375
catboost,2018-07-01,178.0,287.5047977006385
catboost,2018-08-01,114.0,298.64280014054543
catboost,2018-09-01,136.0,309.73924511678086
catboost,2018-10-01,162.0,284.5270434814261
catboost,2018-11-01,125.0,281.9890576338233
catboost,2018-12-01,221.0,289.78662450358024
catboost,2019-01-01,209.0,293.58916389452054
catboost,2019-02-01,233.0,348.83689072038055
catboost,2019-03-01,410.0,314.24907714712606
catboost,2019-04-01,631.0,395.0197495415283
catboost,2018-06-01,118.0,256.1038326372965
catboost,2018-07-01,178.0,254.9031971785337
catboost,2018-08-01,114.0,235.81918554004295
catboost,2018-09-01,136.0,276.31823517617283
catboost,2018-10-01,162.0,252.24388203117778
catboost,2018-11-01,125.0,222.88970544123805
catboost,2018-12-01,221.0,258.75160417475826
catboost,2019-01-01,209.0,272.6021386068031
catboost,2019-02-01,233.0,310.12213325276855
catboost,2019-03-01,410.0,274.2428257522055
catboost,2019-04-01,631.0,326.9070361109117
catboost,2019-05-01,1001.0,302.3262537349916
catboost,2018-07-01,178.0,211.64824184068726
catboost,2018-08-01,114.0,189.29006569017787
catboost,2018-09-01,136.0,214.09853323446578
catboost,2018-10-01,162.0,205.99230749737688
catboost,2018-11-01,125.0,202.95661688537598
catboost,2018-12-01,221.0,201.72611379290328
catboost,2019-01-01,209.0,225.50258847306404
catboost,2019-02-01,233.0,318.6066970625188
catboost,2019-03-01,410.0,240.65667051729207
catboost,2019-04-01,631.0,338.8990232770041
catboost,2019-05-01,1001.0,306.99696907905434
catboost,2019-06-01,1520.0,268.112010940533
catboost,2018-08-01,114.0,179.99227258652428
catboost,2018-09-01,136.0,211.62051038945526
catboost,2018-10-01,162.0,197.04087368426258
catboost,2018-11-01,125.0,215.6017512793143
catboost,2018-12-01,221.0,196.92937500448346
catboost,2019-01-01,209.0,224.0161351808602
catboost,2019-02-01,233.0,269.8797627258135
catboost,2019-03-01,410.0,215.55148187648217
catboost,2019-04-01,631.0,290.3650448520249
catboost,2019-05-01,1001.0,249.54706349479113
catboost,2019-06-01,1520.0,265.90306502081046
catboost,2019-07-01,1746.0,261.70070112527833
catboost,2018-09-01,136.0,185.95597362600097
catboost,2018-10-01,162.0,170.99828519971413
catboost,2018-11-01,125.0,169.05857953000896
catboost,2018-12-01,221.0,183.06111329899522
catboost,2019-01-01,209.0,195.4188284987411
catboost,2019-02-01,233.0,264.3010225874843
catboost,2019-03-01,410.0,194.53645648568244
catboost,2019-04-01,631.0,292.28133106375947
catboost,2019-05-01,1001.0,224.0617878308602
catboost,2019-06-01,1520.0,243.27813047038174
catboost,2019-07-01,1746.0,244.22923442524856
catboost,2019-08-01,1419.0,228.8977952607679
catboost,2018-10-01,162.0,172.73651533673615
catboost,2018-11-01,125.0,141.94278594016743
catboost,2018-12-01,221.0,163.0881827379423
catboost,2019-01-01,209.0,166.94820820665296
catboost,2019-02-01,233.0,254.31888372439863
catboost,2019-03-01,410.0,186.12077225310213
catboost,2019-04-01,631.0,271.7744295059223
catboost,2019-05-01,1001.0,209.88105278061693
catboost,2019-06-01,1520.0,223.9638348827207
catboost,2019-07-01,1746.0,234.1007991040959
catboost,2019-08-01,1419.0,215.50022966639892
catboost,2019-09-01,1484.0,267.13617455266535
catboost,2018-11-01,125.0,151.62030493361397
catboost,2018-12-01,221.0,161.6762078281123
catboost,2019-01-01,209.0,168.14914757046245
catboost,2019-02-01,233.0,251.96878391960016
catboost,2019-03-01,410.0,183.39662740075022
catboost,2019-04-01,631.0,276.68640514143544
catboost,2019-05-01,1001.0,209.45695339202246
catboost,2019-06-01,1520.0,238.7982900599024
catboost,2019-07-01,1746.0,244.86440095993166
catboost,2019-08-01,1419.0,226.46522081038484
catboost,2019-09-01,1484.0,314.1194948311917
catboost,2019-10-01,995.0,325.01749116916204
catboost,2018-12-01,221.0,156.02016246521038
catboost,2019-01-01,209.0,167.2616085173097
catboost,2019-02-01,233.0,232.46937686643113
catboost,2019-03-01,410.0,182.63140863559295
catboost,2019-04-01,631.0,267.1878049886123
catboost,2019-05-01,1001.0,218.18862603629927
catboost,2019-06-01,1520.0,234.907619308635
catboost,2019-07-01,1746.0,228.23422796113033
catboost,2019-08-01,1419.0,208.75562781922812
catboost,2019-09-01,1484.0,268.24640658702396
catboost,2019-10-01,995.0,309.6360707957175
catboost,2019-11-01,847.0,368.77865114727086
catboost,2019-01-01,209.0,175.5482616875044
catboost,2019-02-01,233.0,258.58168057191415
catboost,2019-03-01,410.0,197.0408302507524
catboost,2019-04-01,631.0,261.9649531243781
catboost,2019-05-01,1001.0,214.8346252973631
catboost,2019-06-01,1520.0,227.04780463331323
catboost,2019-07-01,1746.0,226.33632536405983
catboost,2019-08-01,1419.0,232.846328774875
catboost,2019-09-01,1484.0,284.83484912251816
catboost,2019-10-01,995.0,322.4678742953954
catboost,2019-11-01,847.0,361.6319416052952
catboost,2019-12-01,781.0,372.31367064613835
catboost,2019-02-01,233.0,259.34302151279053
catboost,2019-03-01,410.0,216.49475103157042
catboost,2019-04-01,631.0,291.48780105638787
catboost,2019-05-01,1001.0,230.37595608986723
catboost,2019-06-01,1520.0,249.66305239063888
catboost,2019-07-01,1746.0,247.30861294351348
catboost,2019-08-01,1419.0,222.29403343918432
catboost,2019-09-01,1484.0,290.83210502305405
catboost,2019-10-01,995.0,283.77794457588243
catboost,2019-11-01,847.0,356.7833751299335
catboost,2019-12-01,781.0,367.4116099678606
catboost,2020-01-01,1250.0,364.2664924885279
catboost,2019-03-01,410.0,224.05068222769341
catboost,2019-04-01,631.0,248.85055993604723
catboost,2019-05-01,1001.0,228.6110180061316
catboost,2019-06-01,1520.0,217.89546274807134
catboost,2019-07-01,1746.0,225.6063498215247
catboost,2019-08-01,1419.0,212.96707090476522
catboost,2019-09-01,1484.0,232.63418546932755
catboost,2019-10-01,995.0,276.26180681709377
catboost,2019-11-01,847.0,316.0117849588171
catboost,2019-12-01,781.0,342.78484322380325
catboost,2020-01-01,1250.0,347.95900709589733
catboost,2020-02-01,1815.0,339.950243547422
catboost,2019-04-01,631.0,324.5571290778639
catboost,2019-05-01,1001.0,348.34695884233884
catboost,2019-06-01,1520.0,345.8644424076223
catboost,2019-07-01,1746.0,271.11526785014973
catboost,2019-08-01,1419.0,310.5344954208538
catboost,2019-09-01,1484.0,295.7254640866589
catboost,2019-10-01,995.0,355.12417330068183
catboost,2019-11-01,847.0,373.9494628795698
catboost,2019-12-01,781.0,395.7331077560502
catboost,2020-01-01,1250.0,391.22493911805174
catboost,2020-02-01,1815.0,390.81071450182196
catboost,2020-03-01,2097.0,406.2220075969632
catboost,2019-05-01,1001.0,672.8565595511843
catboost,2019-06-01,1520.0,733.9238766759529
catboost,2019-07-01,1746.0,720.2068090710093
catboost,2019-08-01,1419.0,643.2321471835403
catboost,2019-09-01,1484.0,656.9025514158332
catboost,2019-10-01,995.0,630.0750128153039
catboost,2019-11-01,847.0,611.2359198906909
catboost,2019-12-01,781.0,645.0259770146159
catboost,2020-01-01,1250.0,631.9340165610647
catboost,2020-02-01,1815.0,671.0856632187191
catboost,2020-03-01,2097.0,717.2106471753955
catboost,2020-04-01,2341.0,721.7964082335959
catboost,2019-06-01,1520.0,903.884186777404
catboost,2019-07-01,1746.0,803.3092175773102
catboost,2019-08-01,1419.0,818.5368998947996
catboost,2019-09-01,1484.0,756.4136596932301
catboost,2019-10-01,995.0,663.9264412345387
catboost,2019-11-01,847.0,604.3083193138975
catboost,2019-12-01,781.0,607.2247045596714
catboost,2020-01-01,1250.0,610.579813194704
catboost,2020-02-01,1815.0,615.4289308422383
catboost,2020-03-01,2097.0,669.1056648730465
catboost,2020-04-01,2341.0,698.86463165346
catboost,2020-05-01,2148.0,722.1751852124369
catboost,2019-07-01,1746.0,998.1529869557043
catboost,2019-08-01,1419.0,1049.4193889514431
catboost,2019-09-01,1484.0,925.0141386120706
catboost,2019-10-01,995.0,672.3844609466507
catboost,2019-11-01,847.0,604.1196009047811
catboost,2019-12-01,781.0,625.1560834691245
catboost,2020-01-01,1250.0,585.6140548748828
catboost,2020-02-01,1815.0,563.9982280908037
catboost,2020-03-01,2097.0,607.2587575503882
catboost,2020-04-01,2341.0,636.4325708535387
catboost,2020-05-01,2148.0,736.566385815612
catboost,2020-06-01,911.0,785.2539460782875
catboost,2019-08-01,1419.0,1213.8072978741352
catboost,2019-09-01,1484.0,1108.869035797783
catboost,2019-10-01,995.0,895.5153604085324
catboost,2019-11-01,847.0,681.864451749057
catboost,2019-12-01,781.0,631.771661482373
catboost,2020-01-01,1250.0,562.3728399054739
catboost,2020-02-01,1815.0,515.5438461707885
catboost,2020-03-01,2097.0,480.6041791346512
catboost,2020-04-01,2341.0,402.75967055142667
catboost,2020-05-01,2148.0,480.2476078165151
catboost,2020-06-01,911.0,552.5947340119044
catboost,2020-07-01,375.0,581.5077966227112
catboost,2019-09-01,1484.0,1127.2449986262704
catboost,2019-10-01,995.0,931.5424470646088
catboost,2019-11-01,847.0,700.3817383951372
catboost,2019-12-01,781.0,618.3680618216624
catboost,2020-01-01,1250.0,551.2342859706082
catboost,2020-02-01,1815.0,527.0322794986857
catboost,2020-03-01,2097.0,565.0265651182975
catboost,2020-04-01,2341.0,558.3706387407324
catboost,2020-05-01,2148.0,638.5492553571357
catboost,2020-06-01,911.0,776.830542893614
catboost,2020-07-01,375.0,777.223064782359
catboost,2020-08-01,290.0,799.0559344098574
catboost,2019-10-01,995.0,1035.9193867514225
catboost,2019-11-01,847.0,924.2488914322416
catboost,2019-12-01,781.0,726.3427512350962
catboost,2020-01-01,1250.0,605.8925230593284
catboost,2020-02-01,1815.0,582.3174478412451
catboost,2020-03-01,2097.0,604.2739642061
catboost,2020-04-01,2341.0,616.6341214795782
catboost,2020-05-01,2148.0,744.8000625113779
catboost,2020-06-01,911.0,863.2841222152327
catboost,2020-07-01,375.0,826.6803745745274
catboost,2020-08-01,290.0,837.9613004323987
catboost,2020-09-01,186.0,804.9977048336907
catboost,2019-11-01,847.0,866.2662310892272
catboost,2019-12-01,781.0,710.0916784821281
catboost,2020-01-01,1250.0,586.2871542662373
catboost,2020-02-01,1815.0,530.3521185925485
catboost,2020-03-01,2097.0,550.6210586265029
catboost,2020-04-01,2341.0,535.6978430028753
catboost,2020-05-01,2148.0,631.4659076374995
catboost,2020-06-01,911.0,783.4310856899929
catboost,2020-07-01,375.0,791.501495902101
catboost,2020-08-01,290.0,802.6122169229479
catboost,2020-09-01,186.0,816.4401408728146
catboost,2020-10-01,108.0,730.0167854859441
catboost,2019-12-01,781.0,743.3649857861271
catboost,2020-01-01,1250.0,680.3204665780197
catboost,2020-02-01,1815.0,635.3359573464166
catboost,2020-03-01,2097.0,679.5267783777755
catboost,2020-04-01,2341.0,666.2251722835898
catboost,2020-05-01,2148.0,753.087729877337
catboost,2020-06-01,911.0,830.775544522737
catboost,2020-07-01,375.0,791.2046246754836
catboost,2020-08-01,290.0,817.6062239322996
catboost,2020-09-01,186.0,781.9157078588394
catboost,2020-10-01,108.0,688.8769980838939
catboost,2020-11-01,131.0,624.5084948244265
catboost,2020-01-01,1250.0,676.697240350115
catboost,2020-02-01,1815.0,624.6357214299375
catboost,2020-03-01,2097.0,664.0904497817693
catboost,2020-04-01,2341.0,634.5991820189058
catboost,2020-05-01,2148.0,711.9643955934288
catboost,2020-06-01,911.0,810.7876464695755
catboost,2020-07-01,375.0,776.2710249842538
catboost,2020-08-01,290.0,809.387066228078
catboost,2020-09-01,186.0,771.3068935145413
catboost,2020-10-01,108.0,665.8053871664171
catboost,2020-11-01,131.0,580.2677556563822
catboost,2020-12-01,81.0,488.0823839003645
catboost,2020-02-01,1815.0,988.6509551527972
catboost,2020-03-01,2097.0,1003.3054781724384
catboost,2020-04-01,2341.0,868.1073219830396
catboost,2020-05-01,2148.0,842.1655665069773
catboost,2020-06-01,911.0,849.8540171757134
catboost,2020-07-01,375.0,818.5979232686743
catboost,2020-08-01,290.0,800.7729031603312
catboost,2020-09-01,186.0,730.6414205931524
catboost,2020-10-01,108.0,597.2998877902504
catboost,2020-11-01,131.0,526.7466050839445
catboost,2020-12-01,81.0,435.34431529210474
catboost,2021-01-01,109.0,336.5487542682873
catboost,2020-03-01,2097.0,1452.2526595198747
catboost,2020-04-01,2341.0,1212.3170404347773
catboost,2020-05-01,2148.0,976.0595179358936
catboost,2020-06-01,911.0,858.9219403564684
catboost,2020-07-01,375.0,742.126515854928
catboost,2020-08-01,290.0,711.7625745201195
catboost,2020-09-01,186.0,735.8001430052308
catboost,2020-10-01,108.0,736.9028766839357
catboost,2020-11-01,131.0,655.1020692636614
catboost,2020-12-01,81.0,542.9977936617506
catboost,2021-01-01,109.0,528.8677455079378
catboost,2021-02-01,87.0,582.5885588745481
catboost,2020-04-01,2341.0,1381.7644735457204
catboost,2020-05-01,2148.0,1156.8964686887414
catboost,2020-06-01,911.0,1051.122257692485
catboost,2020-07-01,375.0,876.3712587440618
catboost,2020-08-01,290.0,783.1315575589467
catboost,2020-09-01,186.0,752.108901767545
catboost,2020-10-01,108.0,801.9655717324736
catboost,2020-11-01,131.0,786.2589799901291
catboost,2020-12-01,81.0,583.2826266847964
catboost,2021-01-01,109.0,585.4800285628025
catboost,2021-02-01,87.0,609.2990681306651
catboost,2021-03-01,64.0,653.4653664578498
catboost,2020-05-01,2148.0,1524.6150534389344
catboost,2020-06-01,911.0,1194.7773297365798
catboost,2020-07-01,375.0,989.9646034731857
catboost,2020-08-01,290.0,823.3412941690026
catboost,2020-09-01,186.0,734.9726959060781
catboost,2020-10-01,108.0,651.8931704383278
catboost,2020-11-01,131.0,634.2074928956705
catboost,2020-12-01,81.0,683.5008370621417
catboost,2021-01-01,109.0,702.9143649930352
catboost,2021-02-01,87.0,697.4432947870678
catboost,2021-03-01,64.0,762.8470540072672
catboost,2021-04-01,74.0,815.5828143546701
catboost,2020-06-01,911.0,1529.3269099825532
catboost,2020-07-01,375.0,1229.6281382970587
catboost,2020-08-01,290.0,1079.662148367564
catboost,2020-09-01,186.0,1021.1308312427083
catboost,2020-10-01,108.0,933.699949167129
catboost,2020-11-01,131.0,788.7379227477722
catboost,2020-12-01,81.0,646.9493373561028
catboost,2021-01-01,109.0,621.366290575174
catboost,2021-02-01,87.0,618.3891578971641
catboost,2021-03-01,64.0,688.8862625175993
catboost,2021-04-01,74.0,750.4391767257782
catboost,2021-05-01,108.0,772.4801460201445
catboost,2020-07-01,375.0,728.3751970909393
catboost,2020-08-01,290.0,604.0620079849041
catboost,2020-09-01,186.0,597.8711190779771
catboost,2020-10-01,108.0,635.7773523502957
catboost,2020-11-01,131.0,724.7800258177188
catboost,2020-12-01,81.0,727.0380657086953
catboost,2021-01-01,109.0,717.4385835047087
catboost,2021-02-01,87.0,698.3052235852906
catboost,2021-03-01,64.0,755.6233947602493
catboost,2021-04-01,74.0,795.4127705748208
catboost,2021-05-01,108.0,781.879956486247
catboost,2021-06-01,70.0,752.556678237611
catboost,2020-08-01,290.0,407.9575950310044
catboost,2020-09-01,186.0,390.3140590121883
catboost,2020-10-01,108.0,350.06285857294563
catboost,2020-11-01,131.0,348.4072598647365
catboost,2020-12-01,81.0,303.1666183605275
catboost,2021-01-01,109.0,347.9422506713755
catboost,2021-02-01,87.0,360.65230385262
catboost,2021-03-01,64.0,378.3888002680973
catboost,2021-04-01,74.0,435.84351745874875
catboost,2021-05-01,108.0,464.24142511737006
catboost,2021-06-01,70.0,460.56359680616197
catboost,2021-07-01,52.0,465.4542917215552
catboost,2020-09-01,186.0,327.1803280440897
catboost,2020-10-01,108.0,350.2720019621663
catboost,2020-11-01,131.0,377.02199638392534
catboost,2020-12-01,81.0,356.8978147064718
catboost,2021-01-01,109.0,375.37884141852726
catboost,2021-02-01,87.0,373.5042937560503
catboost,2021-03-01,64.0,410.4540197180648
catboost,2021-04-01,74.0,477.67059067926584
catboost,2021-05-01,108.0,526.3577549266471
catboost,2021-06-01,70.0,685.5176849949622
catboost,2021-07-01,52.0,787.5547693232318
catboost,2021-08-01,89.0,692.6258563065204
catboost,2020-10-01,108.0,280.0838786082642
catboost,2020-11-01,131.0,303.4220667941847
catboost,2020-12-01,81.0,270.35229406837254
catboost,2021-01-01,109.0,357.0329246933735
catboost,2021-02-01,87.0,322.7089092451201
catboost,2021-03-01,64.0,317.8985713931514
catboost,2021-04-01,74.0,403.7719301564272
catboost,2021-05-01,108.0,453.74342379026115
catboost,2021-06-01,70.0,498.70492440152367
catboost,2021-07-01,52.0,581.3306708070057
catboost,2021-08-01,89.0,569.8184674339673
catboost,2021-09-01,87.0,611.0042777774844
catboost,2020-11-01,131.0,202.21382637220114
catboost,2020-12-01,81.0,177.94090308592
catboost,2021-01-01,109.0,265.4186095400289
catboost,2021-02-01,87.0,291.6026477565412
catboost,2021-03-01,64.0,299.8427226662406
catboost,2021-04-01,74.0,358.5944279256418
catboost,2021-05-01,108.0,377.9588063502042
catboost,2021-06-01,70.0,369.52558942126586
catboost,2021-07-01,52.0,415.73531289060236
catboost,2021-08-01,89.0,416.0254911853482
catboost,2021-09-01,87.0,407.87922866195976
catboost,2021-10-01,78.0,423.41392845539434
catboost,2020-12-01,81.0,141.5370743526072
catboost,2021-01-01,109.0,258.2973850501571
catboost,2021-02-01,87.0,313.1390892451151
catboost,2021-03-01,64.0,328.2225612694689
catboost,2021-04-01,74.0,384.701030329256
catboost,2021-05-01,108.0,418.04424211673324
catboost,2021-06-01,70.0,453.0688381791967
catboost,2021-07-01,52.0,508.50427820484293
catboost,2021-08-01,89.0,451.6915571228419
catboost,2021-09-01,87.0,448.1159652048442
catboost,2021-10-01,78.0,454.4516610980962
catboost,2021-11-01,74.0,499.0051633921898
catboost,2021-01-01,109.0,217.51664639320552
catboost,2021-02-01,87.0,307.37368513477145
catboost,2021-03-01,64.0,326.3210356761259
catboost,2021-04-01,74.0,368.1615242235478
catboost,2021-05-01,108.0,389.9376488383565
catboost,2021-06-01,70.0,393.78577803477503
catboost,2021-07-01,52.0,401.5832948147995
catboost,2021-08-01,89.0,386.7717542585763
catboost,2021-09-01,87.0,372.6538790090043
catboost,2021-10-01,78.0,364.2801305861505
catboost,2021-11-01,74.0,381.07561950612666
catboost,2021-12-01,19.0,459.4736037967008
catboost,2021-02-01,87.0,232.1756458346702
catboost,2021-03-01,64.0,292.8515533581317
catboost,2021-04-01,74.0,346.87412856815484
catboost,2021-05-01,108.0,398.71436302999723
catboost,2021-06-01,70.0,439.1171945629665
catboost,2021-07-01,52.0,475.22902392103674
catboost,2021-08-01,89.0,422.0978506537032
catboost,2021-09-01,87.0,429.94486511953414
catboost,2021-10-01,78.0,422.63918384020945
catboost,2021-11-01,74.0,441.93306405951364
catboost,2021-12-01,19.0,523.5958790743996
catboost,2022-01-01,56.0,701.0442628799482
catboost,2021-03-01,64.0,185.44869450372659
catboost,2021-04-01,74.0,305.41770203087765
catboost,2021-05-01,108.0,346.7482650836922
catboost,2021-06-01,70.0,345.39183882098575
catboost,2021-07-01,52.0,393.9038901654401
catboost,2021-08-01,89.0,350.31210857716326
catboost,2021-09-01,87.0,347.6898412031092
catboost,2021-10-01,78.0,362.05475240843185
catboost,2021-11-01,74.0,377.7009418950479
catboost,2021-12-01,19.0,447.84086282754276
catboost,2022-01-01,56.0,625.2442162865648
catboost,2022-02-01,66.0,934.8404498426419
catboost,2021-04-01,74.0,258.42608141618103
catboost,2021-05-01,108.0,345.3315646092743
catboost,2021-06-01,70.0,359.2755676429077
catboost,2021-07-01,52.0,397.3605307032276
catboost,2021-08-01,89.0,383.0391770371918
catboost,2021-09-01,87.0,396.1433572182873
catboost,2021-10-01,78.0,399.11144907937035
catboost,2021-11-01,74.0,450.9486598505976
catboost,2021-12-01,19.0,543.1433054499853
catboost,2022-01-01,56.0,757.177823268005
catboost,2022-02-01,66.0,970.4123897964328
catboost,2022-03-01,106.0,1090.1596500346554
catboost,2021-05-01,108.0,257.3430742897199
catboost,2021-06-01,70.0,296.2313255986568
catboost,2021-07-01,52.0,303.87299047143927
catboost,2021-08-01,89.0,327.33509378052736
catboost,2021-09-01,87.0,324.6079149567063
catboost,2021-10-01,78.0,360.3686223103899
catboost,2021-11-01,74.0,393.842955938954
catboost,2021-12-01,19.0,492.9310321909328
catboost,2022-01-01,56.0,682.4569830121203
catboost,2022-02-01,66.0,983.222511491717
catboost,2022-03-01,106.0,1137.8335161587336
catboost,2022-04-01,210.0,1279.215916789039
catboost,2021-06-01,70.0,202.7459970238935
catboost,2021-07-01,52.0,211.55465205215478
catboost,2021-08-01,89.0,283.46553691682965
catboost,2021-09-01,87.0,328.7919287875966
catboost,2021-10-01,78.0,373.7160687573685
catboost,2021-11-01,74.0,469.8749852381198
catboost,2021-12-01,19.0,591.3808164307432
catboost,2022-01-01,56.0,927.7658687117944
catboost,2022-02-01,66.0,1078.155024613527
catboost,2022-03-01,106.0,1220.3225145950469
catboost,2022-04-01,210.0,1126.6140358591872
catboost,2022-05-01,363.0,1122.0276169775934
catboost,2021-07-01,52.0,122.9933524995293
catboost,2021-08-01,89.0,178.6516519930957
catboost,2021-09-01,87.0,223.59089675164404
catboost,2021-10-01,78.0,297.1314518157875
catboost,2021-11-01,74.0,346.2755280424678
catboost,2021-12-01,19.0,458.61176199619365
catboost,2022-01-01,56.0,698.948777329529
catboost,2022-02-01,66.0,1046.2214540309267
catboost,2022-03-01,106.0,1292.0732648420549
catboost,2022-04-01,210.0,1201.2708986454043
catboost,2022-05-01,363.0,1151.9566521400911
catboost,2022-06-01,228.0,1139.5141700304712
catboost,2021-08-01,89.0,143.12967759906377
catboost,2021-09-01,87.0,189.18870558343554
catboost,2021-10-01,78.0,233.019419850441
catboost,2021-11-01,74.0,319.59303312650013
catboost,2021-12-01,19.0,473.6684508334378
catboost,2022-01-01,56.0,722.3562505862053
catboost,2022-02-01,66.0,1052.6291283779276
catboost,2022-03-01,106.0,1289.3603878530143
catboost,2022-04-01,210.0,1209.6106447241236
catboost,2022-05-01,363.0,1178.0785688641215
catboost,2022-06-01,228.0,1132.485685309476
catboost,2022-07-01,460.0,1112.36666849311
catboost,2021-09-01,87.0,170.8069974835729
catboost,2021-10-01,78.0,204.47922377176093
catboost,2021-11-01,74.0,262.7529402068486
catboost,2021-12-01,19.0,407.59467060127434
catboost,2022-01-01,56.0,649.4852629905503
catboost,2022-02-01,66.0,1035.2960643956535
catboost,2022-03-01,106.0,1301.6389321628708
catboost,2022-04-01,210.0,1268.5357675824305
catboost,2022-05-01,363.0,1249.0672213875418
catboost,2022-06-01,228.0,1193.601535224222
catboost,2022-07-01,460.0,1129.4439265164942
catboost,2022-08-01,386.0,1194.265006144471
catboost,2021-10-01,78.0,165.1335940011819
catboost,2021-11-01,74.0,204.72550819875397
catboost,2021-12-01,19.0,322.1182848871358
catboost,2022-01-01,56.0,493.4902120031945
catboost,2022-02-01,66.0,812.6519222462168
catboost,2022-03-01,106.0,1088.8160383824438
catboost,2022-04-01,210.0,1277.0927608541374
catboost,2022-05-01,363.0,1274.5974571240665
catboost,2022-06-01,228.0,1236.5826850711555
catboost,2022-07-01,460.0,1270.20872770292
catboost,2022-08-01,386.0,1217.4648149418294
catboost,2022-09-01,269.0,1210.1952732300515
catboost,2021-11-01,74.0,165.4226595931073
catboost,2021-12-01,19.0,291.1627909315078
catboost,2022-01-01,56.0,453.9615808712784
catboost,2022-02-01,66.0,751.2179423223592
catboost,2022-03-01,106.0,1094.321208139226
catboost,2022-04-01,210.0,1245.3347866724048
catboost,2022-05-01,363.0,1235.0340061778527
catboost,2022-06-01,228.0,1210.0653198491773
catboost,2022-07-01,460.0,1274.9902622715363
catboost,2022-08-01,386.0,1204.0645038592397
catboost,2022-09-01,269.0,1178.728381443639
catboost,2022-10-01,347.0,1249.4768035451846
catboost,2021-12-01,19.0,218.3435955017631
catboost,2022-01-01,56.0,408.7203555029276
catboost,2022-02-01,66.0,676.0653107859582
catboost,2022-03-01,106.0,1043.2496233420982
catboost,2022-04-01,210.0,1286.5903455816147
catboost,2022-05-01,363.0,1298.544448586965
catboost,2022-06-01,228.0,1249.4761145737893
catboost,2022-07-01,460.0,1322.5555061502578
catboost,2022-08-01,386.0,1154.5857319055754
catboost,2022-09-01,269.0,1110.255299690301
catboost,2022-10-01,347.0,1152.1506860934628
catboost,2022-11-01,205.0,1419.4375844585038
catboost,2022-01-01,56.0,245.28829018680915
catboost,2022-02-01,66.0,428.6571330468813
catboost,2022-03-01,106.0,705.5431415917155
catboost,2022-04-01,210.0,1002.9057517731871
catboost,2022-05-01,363.0,1225.2123282131734
catboost,2022-06-01,228.0,1246.6573719652358
catboost,2022-07-01,460.0,1292.0837322826555
catboost,2022-08-01,386.0,1318.1837828637604
catboost,2022-09-01,269.0,1191.0580872527414
catboost,2022-10-01,347.0,1117.8826350018421
catboost,2022-11-01,205.0,1143.6084241865365
catboost,2022-12-01,188.0,1438.6843259388006
catboost,2022-02-01,66.0,209.0405780088979
catboost,2022-03-01,106.0,309.38274039846726
catboost,2022-04-01,210.0,485.89756633899486
catboost,2022-05-01,363.0,747.939365019809
catboost,2022-06-01,228.0,1006.8348259519823
catboost,2022-07-01,460.0,1291.8792459604192
catboost,2022-08-01,386.0,1350.5690162159058
catboost,2022-09-01,269.0,1324.8390564393999
catboost,2022-10-01,347.0,1270.1052353732125
catboost,2022-11-01,205.0,1162.7185219744074
catboost,2022-12-01,188.0,1135.8969458102163
catboost,2023-01-01,777.0,1238.8000771212821
catboost,2022-03-01,106.0,211.3199485213296
catboost,2022-04-01,210.0,321.5783806459482
catboost,2022-05-01,363.0,480.3929218026286
catboost,2022-06-01,228.0,664.9030380867047
catboost,2022-07-01,460.0,928.5223818405343
catboost,2022-08-01,386.0,1116.8454403931078
catboost,2022-09-01,269.0,1284.5205406267692
catboost,2022-10-01,347.0,1296.997792596524
catboost,2022-11-01,205.0,1326.6708706064228
catboost,2022-12-01,188.0,1298.970207997633
catboost,2023-01-01,777.0,1191.272995236552
catboost,2023-02-01,800.0,1282.6388747371598
catboost,2022-04-01,210.0,219.16869037260818
catboost,2022-05-01,363.0,333.634328940601
catboost,2022-06-01,228.0,463.3908013773192
catboost,2022-07-01,460.0,721.7417391279943
catboost,2022-08-01,386.0,1009.4903125383032
catboost,2022-09-01,269.0,1280.7523928075018
catboost,2022-10-01,347.0,1330.8392117766687
catboost,2022-11-01,205.0,1321.6978538149697
catboost,2022-12-01,188.0,1291.9517491037245
catboost,2023-01-01,777.0,1141.568766503804
catboost,2023-02-01,800.0,1164.5788828363989
catboost,2023-03-01,942.0,1248.6360087808764
catboost,2022-05-01,363.0,315.02948543380984
catboost,2022-06-01,228.0,447.2997901904226
catboost,2022-07-01,460.0,681.060966180433
catboost,2022-08-01,386.0,962.5360603972222
catboost,2022-09-01,269.0,1166.9862923018534
catboost,2022-10-01,347.0,1369.0377391228478
catboost,2022-11-01,205.0,1350.5883476703877
catboost,2022-12-01,188.0,1297.1473328411419
catboost,2023-01-01,777.0,1280.8441306113796
catboost,2023-02-01,800.0,1210.5289638911702
catboost,2023-03-01,942.0,1274.639414584858
catboost,2023-04-01,1934.0,1425.9621437907595
catboost,2022-06-01,228.0,449.53317007219226
catboost,2022-07-01,460.0,680.3833846508946
catboost,2022-08-01,386.0,937.0354987248752
catboost,2022-09-01,269.0,1151.7152043499555
catboost,2022-10-01,347.0,1333.2338169602476
catboost,2022-11-01,205.0,1318.4742152242434
catboost,2022-12-01,188.0,1258.0955741126168
catboost,2023-01-01,777.0,1254.9025568932705
catboost,2023-02-01,800.0,1183.0810270159634
catboost,2023-03-01,942.0,1241.7571568552116
catboost,2023-04-01,1934.0,1407.734876695089
catboost,2023-05-01,2531.0,1632.037092919776
catboost,2022-07-01,460.0,369.6175061869633
catboost,2022-08-01,386.0,449.50900201329233
catboost,2022-09-01,269.0,571.4824662374805
catboost,2022-10-01,347.0,806.6925719896436
catboost,2022-11-01,205.0,1025.2466015651446
catboost,2022-12-01,188.0,1202.371852437589
catboost,2023-01-01,777.0,1311.2914458241357
catboost,2023-02-01,800.0,1315.7412717466163
catboost,2023-03-01,942.0,1343.080936835122
catboost,2023-04-01,1934.0,1318.9187016353267
catboost,2023-05-01,2531.0,1391.7470739308003
catboost,2023-06-01,2870.0,1442.805426960069
catboost,2022-08-01,386.0,581.3214381506749
catboost,2022-09-01,269.0,824.5249616974754
catboost,2022-10-01,347.0,1078.3943568843642
catboost,2022-11-01,205.0,1306.928665653992
catboost,2022-12-01,188.0,1249.1417933922057
catboost,2023-01-01,777.0,1283.3336902808485
catboost,2023-02-01,800.0,1245.2381234478094
catboost,2023-03-01,942.0,1235.4308401031271
catboost,2023-04-01,1934.0,1233.9240708068792
catboost,2023-05-01,2531.0,1399.0685619012277
catboost,2023-06-01,2870.0,1681.6587072010236
catboost,2023-07-01,3293.0,1804.5293474430462
catboost,2022-09-01,269.0,450.29592850251885
catboost,2022-10-01,347.0,481.1763645895531
catboost,2022-11-01,205.0,552.7269476286617
catboost,2022-12-01,188.0,737.0152456826306
catboost,2023-01-01,777.0,872.4768115604807
catboost,2023-02-01,800.0,977.6707827152619
catboost,2023-03-01,942.0,1126.7510633689371
catboost,2023-04-01,1934.0,1351.5985295770179
catboost,2023-05-01,2531.0,1497.2733181722167
catboost,2023-06-01,2870.0,1664.4812619604613
catboost,2023-07-01,3293.0,1684.07561715207
catboost,2023-08-01,1368.0,1417.97331931496
catboost,2022-10-01,347.0,327.45291899970107
catboost,2022-11-01,205.0,324.6808910393136
catboost,2022-12-01,188.0,312.504570805744
catboost,2023-01-01,777.0,319.8079754150165
catboost,2023-02-01,800.0,356.631693668396
catboost,2023-03-01,942.0,370.84956615471776
catboost,2023-04-01,1934.0,402.3211044787136
catboost,2023-05-01,2531.0,493.118221616884
catboost,2023-06-01,2870.0,594.1273277850427
catboost,2023-07-01,3293.0,937.0837656926573
catboost,2023-08-01,1368.0,1142.102244883845
catboost,2023-09-01,723.0,1237.2440207597401
catboost,2022-11-01,205.0,316.6892798921318
catboost,2022-12-01,188.0,311.0138810253352
catboost,2023-01-01,777.0,308.1684086384405
catboost,2023-02-01,800.0,350.51474008867285
catboost,2023-03-01,942.0,350.7503540037802
catboost,2023-04-01,1934.0,366.53336972945056
catboost,2023-05-01,2531.0,390.33887720248765
catboost,2023-06-01,2870.0,442.06801219597645
catboost,2023-07-01,3293.0,539.9763395173974
catboost,2023-08-01,1368.0,740.6523640620381
catboost,2023-09-01,723.0,883.8950132568987
catboost,2023-10-01,757.0,873.3607067461452
catboost,2022-12-01,188.0,285.2442770270621
catboost,2023-01-01,777.0,243.31688637251722
catboost,2023-02-01,800.0,302.77477510492963
catboost,2023-03-01,942.0,363.8007277295848
catboost,2023-04-01,1934.0,338.322470553343
catboost,2023-05-01,2531.0,383.09161495343164
catboost,2023-06-01,2870.0,441.7674072060801
catboost,2023-07-01,3293.0,488.1896725267653
catboost,2023-08-01,1368.0,552.9624857426104
catboost,2023-09-01,723.0,706.9870131457251
catboost,2023-10-01,757.0,772.7635387884742
catboost,2023-11-01,520.0,779.2269189061731
catboost,2023-01-01,777.0,213.32960256932193
catboost,2023-02-01,800.0,271.75811898660356
catboost,2023-03-01,942.0,321.8344940005727
catboost,2023-04-01,1934.0,336.2026388069995
catboost,2023-05-01,2531.0,382.28173507646846
catboost,2023-06-01,2870.0,414.7659441463784
catboost,2023-07-01,3293.0,492.01353369590845
catboost,2023-08-01,1368.0,577.642933833226
catboost,2023-09-01,723.0,704.8396223916868
catboost,2023-10-01,757.0,723.1302224612666
catboost,2023-11-01,520.0,723.6967452666221
catboost,2023-12-01,360.0,767.1250117369544
catboost,2023-02-01,800.0,775.9713016342254
catboost,2023-03-01,942.0,813.2060903052075
catboost,2023-04-01,1934.0,1022.9531987476339
catboost,2023-05-01,2531.0,1179.7154823175504
catboost,2023-06-01,2870.0,1345.2839259125044
catboost,2023-07-01,3293.0,1380.283916757358
catboost,2023-08-01,1368.0,1238.5598650335137
catboost,2023-09-01,723.0,1001.0493490529738
catboost,2023-10-01,757.0,813.8306682811124
catboost,2023-11-01,520.0,587.9268216073955
catboost,2023-12-01,360.0,647.0138542093368
catboost,2024-01-01,766.0,738.9967113007943
catboost,2023-03-01,942.0,859.2501954646827
catboost,2023-04-01,1934.0,1033.1997851263259
catboost,2023-05-01,2531.0,1197.3559094001212
catboost,2023-06-01,2870.0,1326.240292284038
catboost,2023-07-01,3293.0,1322.2624501118958
catboost,2023-08-01,1368.0,1256.0908341616741
catboost,2023-09-01,723.0,973.3939333337817
catboost,2023-10-01,757.0,712.8314266494647
catboost,2023-11-01,520.0,586.3964070239988
catboost,2023-12-01,360.0,521.5008221552446
catboost,2024-01-01,766.0,532.6012141106166
catboost,2024-02-01,3890.0,685.2760450942875
catboost,2023-04-01,1934.0,1079.3076170163354
catboost,2023-05-01,2531.0,1263.498675799592
catboost,2023-06-01,2870.0,1304.3868148224956
catboost,2023-07-01,3293.0,1310.2305663757036
catboost,2023-08-01,1368.0,1211.9569853584633
catboost,2023-09-01,723.0,943.4329816998397
catboost,2023-10-01,757.0,678.8440257574048
catboost,2023-11-01,520.0,541.1680426664162
catboost,2023-12-01,360.0,576.481959433969
catboost,2024-01-01,766.0,608.359687663753
catboost,2024-02-01,3890.0,816.8032145228174
catboost,2024-03-01,4331.0,894.7455050233111
catboost,2023-05-01,2531.0,1507.8581472836254
catboost,2023-06-01,2870.0,1414.7736256361145
catboost,2023-07-01,3293.0,1422.539092504824
catboost,2023-08-01,1368.0,1133.186019486011
catboost,2023-09-01,723.0,871.5041465562242
catboost,2023-10-01,757.0,755.9889087552635
catboost,2023-11-01,520.0,665.3524901863016
catboost,2023-12-01,360.0,715.9978613978104
catboost,2024-01-01,766.0,731.372219990744
catboost,2024-02-01,3890.0,860.7444169766409
catboost,2024-03-01,4331.0,987.7292596793245
catboost,2024-04-01,2181.0,1133.091138625688
catboost,2023-06-01,2870.0,1666.8616147465375
catboost,2023-07-01,3293.0,1584.5111526707155
catboost,2023-08-01,1368.0,1327.948756439449
catboost,2023-09-01,723.0,1024.6849611230277
catboost,2023-10-01,757.0,971.80083765444
catboost,2023-11-01,520.0,886.821644436368
catboost,2023-12-01,360.0,893.3122460116194
catboost,2024-01-01,766.0,963.8185629584439
catboost,2024-02-01,3890.0,1164.2197216933027
catboost,2024-03-01,4331.0,1332.5111628723062
catboost,2024-04-01,2181.0,1223.84989634825
catboost,2024-05-01,1432.0,1006.5789912060487
catboost,2023-07-01,3293.0,2066.0744103485504
catboost,2023-08-01,1368.0,1351.253839832487
catboost,2023-09-01,723.0,1031.4337542789326
catboost,2023-10-01,757.0,818.2148509152426
catboost,2023-11-01,520.0,607.0120401800566
catboost,2023-12-01,360.0,616.7133202800653
catboost,2024-01-01,766.0,693.865971368549
catboost,2024-02-01,3890.0,733.6936388115223
catboost,2024-03-01,4331.0,864.5720993743646
catboost,2024-04-01,2181.0,943.0384061089374
catboost,2024-05-01,1432.0,896.4946516872928
catboost,2024-06-01,1147.0,830.9912805141402
catboost,2023-08-01,1368.0,1813.3312677519973
catboost,2023-09-01,723.0,1297.2111657122553
catboost,2023-10-01,757.0,1053.4156798214844
catboost,2023-11-01,520.0,895.0641216558688
catboost,2023-12-01,360.0,757.4091052832642
catboost,2024-01-01,766.0,711.232918806692
catboost,2024-02-01,3890.0,683.4601305303884
catboost,2024-03-01,4331.0,742.562372639624
catboost,2024-04-01,2181.0,859.9367943811419
catboost,2024-05-01,1432.0,810.2269812788595
catboost,2024-06-01,1147.0,769.1666831386119
catboost,2024-07-01,725.0,675.3405372833982
catboost,2023-09-01,723.0,1121.9229585272756
catboost,2023-10-01,757.0,934.7272710874793
catboost,2023-11-01,520.0,664.8461344550875
catboost,2023-12-01,360.0,703.1502811721182
catboost,2024-01-01,766.0,699.2645749389461
catboost,2024-02-01,3890.0,724.9291090206016
catboost,2024-03-01,4331.0,824.4758024607845
catboost,2024-04-01,2181.0,899.9709699265429
catboost,2024-05-01,1432.0,826.4537190440017
catboost,2024-06-01,1147.0,757.3249202875418
catboost,2024-07-01,725.0,679.3642681584024
catboost,2024-08-01,703.0,636.4263860415458
catboost,2023-10-01,757.0,652.8823754663746
catboost,2023-11-01,520.0,593.802845485646
catboost,2023-12-01,360.0,694.9714754188901
catboost,2024-01-01,766.0,822.8417746355603
catboost,2024-02-01,3890.0,883.3100355415746
catboost,2024-03-01,4331.0,1038.6756917467567
catboost,2024-04-01,2181.0,1179.1828475268314
catboost,2024-05-01,1432.0,1022.3697236751227
catboost,2024-06-01,1147.0,940.3691634827973
catboost,2024-07-01,725.0,822.0865361285923
catboost,2024-08-01,703.0,583.1236115506573
catboost,2024-09-01,721.0,472.2884528412509
catboost,2023-11-01,520.0,686.0058337853907
catboost,2023-12-01,360.0,700.1234225538645
catboost,2024-01-01,766.0,755.8826671295346
catboost,2024-02-01,3890.0,816.1583738597162
catboost,2024-03-01,4331.0,1015.4257841455756
catboost,2024-04-01,2181.0,1206.4718577363783
catboost,2024-05-01,1432.0,1046.6035682808388
catboost,2024-06-01,1147.0,976.0226818829501
catboost,2024-07-01,725.0,870.3623971426439
catboost,2024-08-01,703.0,576.2114313222326
catboost,2024-09-01,721.0,463.9139882267792
catboost,2024-10-01,471.0,325.42077601136
catboost,2023-12-01,360.0,562.7654326225626
catboost,2024-01-01,766.0,651.0777674671538
catboost,2024-02-01,3890.0,763.9129622268644
catboost,2024-03-01,4331.0,812.6745335593386
catboost,2024-04-01,2181.0,915.4132484384083
catboost,2024-05-01,1432.0,836.0951522043044
catboost,2024-06-01,1147.0,737.8336236254838
catboost,2024-07-01,725.0,669.1713817817251
catboost,2024-08-01,703.0,638.9249011674674
catboost,2024-09-01,721.0,609.5637629728234
catboost,2024-10-01,471.0,620.5902723505376
catboost,2024-11-01,358.0,575.4476750032977
catboost,2024-01-01,766.0,392.8684020311028
catboost,2024-02-01,3890.0,411.6798716964961
catboost,2024-03-01,4331.0,449.50384886768643
catboost,2024-04-01,2181.0,447.14077911363506
catboost,2024-05-01,1432.0,457.0457445763118
catboost,2024-06-01,1147.0,459.8450187982716
catboost,2024-07-01,725.0,454.46810083123376
catboost,2024-08-01,703.0,385.4137253931922
catboost,2024-09-01,721.0,324.6819737580328
catboost,2024-10-01,471.0,271.31536406565897
catboost,2024-11-01,358.0,224.45586752758538
catboost,2024-12-01,371.0,249.6896623933108
randomforest,2014-01-01,348.0,297.65
randomforest,2014-02-01,537.0,371.61
randomforest,2014-03-01,1140.0,414.99
randomforest,2014-04-01,1529.0,406.93
randomforest,2014-05-01,1204.0,435.19
randomforest,2014-06-01,953.0,436.79
randomforest,2014-07-01,586.0,434.47
randomforest,2014-08-01,515.0,400.52
randomforest,2014-09-01,306.0,392.53
randomforest,2014-10-01,315.0,396.23
randomforest,2014-11-01,356.0,396.43
randomforest,2014-12-01,228.0,389.13
randomforest,2014-02-01,537.0,329.54
randomforest,2014-03-01,1140.0,360.61
randomforest,2014-04-01,1529.0,371.13
randomforest,2014-05-01,1204.0,332.84
randomforest,2014-06-01,953.0,339.24
randomforest,2014-07-01,586.0,328.89
randomforest,2014-08-01,515.0,297.41
randomforest,2014-09-01,306.0,297.57
randomforest,2014-10-01,315.0,315.33
randomforest,2014-11-01,356.0,309.93
randomforest,2014-12-01,228.0,301.76
randomforest,2015-01-01,233.0,308.71
randomforest,2014-03-01,1140.0,802.91
randomforest,2014-04-01,1529.0,909.39
randomforest,2014-05-01,1204.0,891.49
randomforest,2014-06-01,953.0,870.74
randomforest,2014-07-01,586.0,771.73
randomforest,2014-08-01,515.0,697.14
randomforest,2014-09-01,306.0,690.35
randomforest,2014-10-01,315.0,672.17
randomforest,2014-11-01,356.0,751.64
randomforest,2014-12-01,228.0,774.88
randomforest,2015-01-01,233.0,805.95
randomforest,2015-02-01,277.0,788.36
randomforest,2014-04-01,1529.0,1041.53
randomforest,2014-05-01,1204.0,1045.51
randomforest,2014-06-01,953.0,1000.93
randomforest,2014-07-01,586.0,920.34
randomforest,2014-08-01,515.0,807.22
randomforest,2014-09-01,306.0,802.66
randomforest,2014-10-01,315.0,815.24
randomforest,2014-11-01,356.0,859.85
randomforest,2014-12-01,228.0,896.41
randomforest,2015-01-01,233.0,903.08
randomforest,2015-02-01,277.0,894.53
randomforest,2015-03-01,756.0,875.96
randomforest,2014-05-01,1204.0,1258.82
randomforest,2014-06-01,953.0,1161.86
randomforest,2014-07-01,586.0,1072.25
randomforest,2014-08-01,515.0,847.63
randomforest,2014-09-01,306.0,837.23
randomforest,2014-10-01,315.0,819.48
randomforest,2014-11-01,356.0,925.19
randomforest,2014-12-01,228.0,973.19
randomforest,2015-01-01,233.0,1049.17
randomforest,2015-02-01,277.0,1078.78
randomforest,2015-03-01,756.0,1037.1
randomforest,2015-04-01,1079.0,1025.69
randomforest,2014-06-01,953.0,1168.97
randomforest,2014-07-01,586.0,1065.32
randomforest,2014-08-01,515.0,858.37
randomforest,2014-09-01,306.0,786.78
randomforest,2014-10-01,315.0,810.59
randomforest,2014-11-01,356.0,905.07
randomforest,2014-12-01,228.0,962.81
randomforest,2015-01-01,233.0,1029.1
randomforest,2015-02-01,277.0,1037.73
randomforest,2015-03-01,756.0,1041.21
randomforest,2015-04-01,1079.0,1009.81
randomforest,2015-05-01,1256.0,902.57
randomforest,2014-07-01,586.0,944.11
randomforest,2014-08-01,515.0,773.08
randomforest,2014-09-01,306.0,795.01
randomforest,2014-10-01,315.0,809.21
randomforest,2014-11-01,356.0,880.9
randomforest,2014-12-01,228.0,1020.15
randomforest,2015-01-01,233.0,1072.89
randomforest,2015-02-01,277.0,1044.92
randomforest,2015-03-01,756.0,1058.86
randomforest,2015-04-01,1079.0,937.2
randomforest,2015-05-01,1256.0,820.57
randomforest,2015-06-01,949.0,789.12
randomforest,2014-08-01,515.0,674.84
randomforest,2014-09-01,306.0,733.9
randomforest,2014-10-01,315.0,757.13
randomforest,2014-11-01,356.0,812.79
randomforest,2014-12-01,228.0,933.41
randomforest,2015-01-01,233.0,963.49
randomforest,2015-02-01,277.0,952.51
randomforest,2015-03-01,756.0,970.95
randomforest,2015-04-01,1079.0,883.39
randomforest,2015-05-01,1256.0,791.9
randomforest,2015-06-01,949.0,751.62
randomforest,2015-07-01,1211.0,695.47
randomforest,2014-09-01,306.0,608.46
randomforest,2014-10-01,315.0,720.17
randomforest,2014-11-01,356.0,810.71
randomforest,2014-12-01,228.0,929.62
randomforest,2015-01-01,233.0,997.42
randomforest,2015-02-01,277.0,1033.92
randomforest,2015-03-01,756.0,1082.66
randomforest,2015-04-01,1079.0,961.61
randomforest,2015-05-01,1256.0,764.14
randomforest,2015-06-01,949.0,675.7
randomforest,2015-07-01,1211.0,663.14
randomforest,2015-08-01,1120.0,623.31
randomforest,2014-10-01,315.0,344.22
randomforest,2014-11-01,356.0,361.1
randomforest,2014-12-01,228.0,401.05
randomforest,2015-01-01,233.0,448.36
randomforest,2015-02-01,277.0,449.15
randomforest,2015-03-01,756.0,447.39
randomforest,2015-04-01,1079.0,395.45
randomforest,2015-05-01,1256.0,364.63
randomforest,2015-06-01,949.0,354.39
randomforest,2015-07-01,1211.0,314.07
randomforest,2015-08-01,1120.0,283.35
randomforest,2015-09-01,773.0,203.32
randomforest,2014-11-01,356.0,350.04
randomforest,2014-12-01,228.0,378.88
randomforest,2015-01-01,233.0,432.4
randomforest,2015-02-01,277.0,419.59
randomforest,2015-03-01,756.0,414.93
randomforest,2015-04-01,1079.0,370.56
randomforest,2015-05-01,1256.0,337.36
randomforest,2015-06-01,949.0,331.94
randomforest,2015-07-01,1211.0,308.86
randomforest,2015-08-01,1120.0,296.55
randomforest,2015-09-01,773.0,211.55
randomforest,2015-10-01,389.0,180.19
randomforest,2014-12-01,228.0,381.35
randomforest,2015-01-01,233.0,427.01
randomforest,2015-02-01,277.0,414.59
randomforest,2015-03-01,756.0,425.86
randomforest,2015-04-01,1079.0,366.47
randomforest,2015-05-01,1256.0,343.73
randomforest,2015-06-01,949.0,339.02
randomforest,2015-07-01,1211.0,308.02
randomforest,2015-08-01,1120.0,298.29
randomforest,2015-09-01,773.0,210.92
randomforest,2015-10-01,389.0,176.91
randomforest,2015-11-01,380.0,184.65
randomforest,2015-01-01,233.0,348.12
randomforest,2015-02-01,277.0,356.48
randomforest,2015-03-01,756.0,334.14
randomforest,2015-04-01,1079.0,310.11
randomforest,2015-05-01,1256.0,297.5
randomforest,2015-06-01,949.0,299.87
randomforest,2015-07-01,1211.0,290.68
randomforest,2015-08-01,1120.0,288.27
randomforest,2015-09-01,773.0,215.04
randomforest,2015-10-01,389.0,179.45
randomforest,2015-11-01,380.0,187.48
randomforest,2015-12-01,273.0,209.86
randomforest,2015-02-01,277.0,283.86
randomforest,2015-03-01,756.0,274.6
randomforest,2015-04-01,1079.0,284.2
randomforest,2015-05-01,1256.0,289.92
randomforest,2015-06-01,949.0,299.37
randomforest,2015-07-01,1211.0,296.22
randomforest,2015-08-01,1120.0,291.1
randomforest,2015-09-01,773.0,232.66
randomforest,2015-10-01,389.0,191.31
randomforest,2015-11-01,380.0,186.29
randomforest,2015-12-01,273.0,201.58
randomforest,2016-01-01,419.0,274.75
randomforest,2015-03-01,756.0,280.58
randomforest,2015-04-01,1079.0,283.02
randomforest,2015-05-01,1256.0,288.41
randomforest,2015-06-01,949.0,294.62
randomforest,2015-07-01,1211.0,292.94
randomforest,2015-08-01,1120.0,290.17
randomforest,2015-09-01,773.0,229.86
randomforest,2015-10-01,389.0,187.2
randomforest,2015-11-01,380.0,186.43
randomforest,2015-12-01,273.0,201.09
randomforest,2016-01-01,419.0,267.39
randomforest,2016-02-01,709.0,344.65
randomforest,2015-04-01,1079.0,770.28
randomforest,2015-05-01,1256.0,758.12
randomforest,2015-06-01,949.0,722.82
randomforest,2015-07-01,1211.0,663.2
randomforest,2015-08-01,1120.0,622.63
randomforest,2015-09-01,773.0,646.69
randomforest,2015-10-01,389.0,712.5
randomforest,2015-11-01,380.0,776.59
randomforest,2015-12-01,273.0,829.43
randomforest,2016-01-01,419.0,978.14
randomforest,2016-02-01,709.0,1120.26
randomforest,2016-03-01,511.0,1149.61
randomforest,2015-05-01,1256.0,950.73
randomforest,2015-06-01,949.0,887.63
randomforest,2015-07-01,1211.0,743.65
randomforest,2015-08-01,1120.0,734.49
randomforest,2015-09-01,773.0,769.41
randomforest,2015-10-01,389.0,850.21
randomforest,2015-11-01,380.0,895.17
randomforest,2015-12-01,273.0,928.49
randomforest,2016-01-01,419.0,1011.36
randomforest,2016-02-01,709.0,1103.95
randomforest,2016-03-01,511.0,1116.62
randomforest,2016-04-01,366.0,1087.8
randomforest,2015-06-01,949.0,1055.39
randomforest,2015-07-01,1211.0,867.9
randomforest,2015-08-01,1120.0,764.12
randomforest,2015-09-01,773.0,755.94
randomforest,2015-10-01,389.0,865.03
randomforest,2015-11-01,380.0,911.52
randomforest,2015-12-01,273.0,980.01
randomforest,2016-01-01,419.0,1087.15
randomforest,2016-02-01,709.0,1128.45
randomforest,2016-03-01,511.0,1119.63
randomforest,2016-04-01,366.0,1013.32
randomforest,2016-05-01,421.0,975.22
randomforest,2015-07-01,1211.0,823.68
randomforest,2015-08-01,1120.0,813.44
randomforest,2015-09-01,773.0,719.9
randomforest,2015-10-01,389.0,834.58
randomforest,2015-11-01,380.0,903.09
randomforest,2015-12-01,273.0,972.4
randomforest,2016-01-01,419.0,1046.87
randomforest,2016-02-01,709.0,1154.77
randomforest,2016-03-01,511.0,1126.21
randomforest,2016-04-01,366.0,1060.56
randomforest,2016-05-01,421.0,981.38
randomforest,2016-06-01,327.0,813.89
randomforest,2015-08-01,1120.0,962.84
randomforest,2015-09-01,773.0,823.94
randomforest,2015-10-01,389.0,784.32
randomforest,2015-11-01,380.0,803.65
randomforest,2015-12-01,273.0,932.64
randomforest,2016-01-01,419.0,1055.97
randomforest,2016-02-01,709.0,1116.8
randomforest,2016-03-01,511.0,1120.73
randomforest,2016-04-01,366.0,1031.91
randomforest,2016-05-01,421.0,966.11
randomforest,2016-06-01,327.0,781.92
randomforest,2016-07-01,325.0,802.31
randomforest,2015-09-01,773.0,795.47
randomforest,2015-10-01,389.0,823.93
randomforest,2015-11-01,380.0,717.0
randomforest,2015-12-01,273.0,726.71
randomforest,2016-01-01,419.0,935.38
randomforest,2016-02-01,709.0,1098.73
randomforest,2016-03-01,511.0,1124.03
randomforest,2016-04-01,366.0,1079.79
randomforest,2016-05-01,421.0,1027.16
randomforest,2016-06-01,327.0,962.56
randomforest,2016-07-01,325.0,797.36
randomforest,2016-08-01,210.0,897.23
randomforest,2015-10-01,389.0,863.62
randomforest,2015-11-01,380.0,691.18
randomforest,2015-12-01,273.0,693.36
randomforest,2016-01-01,419.0,959.34
randomforest,2016-02-01,709.0,1093.42
randomforest,2016-03-01,511.0,1104.13
randomforest,2016-04-01,366.0,1069.15
randomforest,2016-05-01,421.0,1019.06
randomforest,2016-06-01,327.0,951.98
randomforest,2016-07-01,325.0,930.56
randomforest,2016-08-01,210.0,899.02
randomforest,2016-09-01,227.0,879.75
randomforest,2015-11-01,380.0,212.87
randomforest,2015-12-01,273.0,199.29
randomforest,2016-01-01,419.0,238.83
randomforest,2016-02-01,709.0,325.96
randomforest,2016-03-01,511.0,288.24
randomforest,2016-04-01,366.0,291.99
randomforest,2016-05-01,421.0,313.99
randomforest,2016-06-01,327.0,305.99
randomforest,2016-07-01,325.0,315.85
randomforest,2016-08-01,210.0,309.04
randomforest,2016-09-01,227.0,299.14
randomforest,2016-10-01,324.0,241.0
randomforest,2015-12-01,273.0,298.01
randomforest,2016-01-01,419.0,293.44
randomforest,2016-02-01,709.0,332.94
randomforest,2016-03-01,511.0,286.83
randomforest,2016-04-01,366.0,285.23
randomforest,2016-05-01,421.0,308.74
randomforest,2016-06-01,327.0,309.97
randomforest,2016-07-01,325.0,316.06
randomforest,2016-08-01,210.0,305.6
randomforest,2016-09-01,227.0,281.36
randomforest,2016-10-01,324.0,246.95
randomforest,2016-11-01,245.0,239.42
randomforest,2016-01-01,419.0,275.63
randomforest,2016-02-01,709.0,342.19
randomforest,2016-03-01,511.0,287.12
randomforest,2016-04-01,366.0,284.64
randomforest,2016-05-01,421.0,302.78
randomforest,2016-06-01,327.0,298.53
randomforest,2016-07-01,325.0,312.54
randomforest,2016-08-01,210.0,309.12
randomforest,2016-09-01,227.0,286.54
randomforest,2016-10-01,324.0,250.85
randomforest,2016-11-01,245.0,250.1
randomforest,2016-12-01,225.0,275.19
randomforest,2016-02-01,709.0,352.84
randomforest,2016-03-01,511.0,315.98
randomforest,2016-04-01,366.0,291.31
randomforest,2016-05-01,421.0,297.87
randomforest,2016-06-01,327.0,295.34
randomforest,2016-07-01,325.0,313.22
randomforest,2016-08-01,210.0,306.11
randomforest,2016-09-01,227.0,281.37
randomforest,2016-10-01,324.0,252.49
randomforest,2016-11-01,245.0,248.86
randomforest,2016-12-01,225.0,266.11
randomforest,2017-01-01,312.0,246.92
randomforest,2016-03-01,511.0,1063.98
randomforest,2016-04-01,366.0,1140.24
randomforest,2016-05-01,421.0,1072.12
randomforest,2016-06-01,327.0,1062.89
randomforest,2016-07-01,325.0,996.69
randomforest,2016-08-01,210.0,788.89
randomforest,2016-09-01,227.0,691.74
randomforest,2016-10-01,324.0,738.43
randomforest,2016-11-01,245.0,732.59
randomforest,2016-12-01,225.0,828.35
randomforest,2017-01-01,312.0,961.49
randomforest,2017-02-01,208.0,1090.16
randomforest,2016-04-01,366.0,558.3
randomforest,2016-05-01,421.0,864.78
randomforest,2016-06-01,327.0,983.39
randomforest,2016-07-01,325.0,1051.14
randomforest,2016-08-01,210.0,969.04
randomforest,2016-09-01,227.0,963.83
randomforest,2016-10-01,324.0,913.1
randomforest,2016-11-01,245.0,759.9
randomforest,2016-12-01,225.0,655.07
randomforest,2017-01-01,312.0,710.9
randomforest,2017-02-01,208.0,739.72
randomforest,2017-03-01,214.0,807.7
randomforest,2016-05-01,421.0,334.66
randomforest,2016-06-01,327.0,328.47
randomforest,2016-07-01,325.0,308.05
randomforest,2016-08-01,210.0,267.8
randomforest,2016-09-01,227.0,261.62
randomforest,2016-10-01,324.0,241.31
randomforest,2016-11-01,245.0,240.01
randomforest,2016-12-01,225.0,257.74
randomforest,2017-01-01,312.0,247.45
randomforest,2017-02-01,208.0,272.23
randomforest,2017-03-01,214.0,328.65
randomforest,2017-04-01,367.0,309.14
randomforest,2016-06-01,327.0,386.05
randomforest,2016-07-01,325.0,316.95
randomforest,2016-08-01,210.0,298.92
randomforest,2016-09-01,227.0,278.08
randomforest,2016-10-01,324.0,235.62
randomforest,2016-11-01,245.0,228.53
randomforest,2016-12-01,225.0,233.4
randomforest,2017-01-01,312.0,237.03
randomforest,2017-02-01,208.0,261.97
randomforest,2017-03-01,214.0,314.78
randomforest,2017-04-01,367.0,329.42
randomforest,2017-05-01,281.0,324.71
randomforest,2016-07-01,325.0,302.18
randomforest,2016-08-01,210.0,296.28
randomforest,2016-09-01,227.0,265.69
randomforest,2016-10-01,324.0,235.52
randomforest,2016-11-01,245.0,234.47
randomforest,2016-12-01,225.0,250.0
randomforest,2017-01-01,312.0,244.38
randomforest,2017-02-01,208.0,265.57
randomforest,2017-03-01,214.0,329.4
randomforest,2017-04-01,367.0,337.35
randomforest,2017-05-01,281.0,331.93
randomforest,2017-06-01,211.0,333.41
randomforest,2016-08-01,210.0,306.31
randomforest,2016-09-01,227.0,271.81
randomforest,2016-10-01,324.0,235.99
randomforest,2016-11-01,245.0,234.7
randomforest,2016-12-01,225.0,253.57
randomforest,2017-01-01,312.0,243.67
randomforest,2017-02-01,208.0,261.81
randomforest,2017-03-01,214.0,330.08
randomforest,2017-04-01,367.0,345.77
randomforest,2017-05-01,281.0,331.02
randomforest,2017-06-01,211.0,333.35
randomforest,2017-07-01,360.0,324.55
randomforest,2016-09-01,227.0,220.67
randomforest,2016-10-01,324.0,209.38
randomforest,2016-11-01,245.0,198.16
randomforest,2016-12-01,225.0,211.62
randomforest,2017-01-01,312.0,206.63
randomforest,2017-02-01,208.0,214.23
randomforest,2017-03-01,214.0,296.31
randomforest,2017-04-01,367.0,331.8
randomforest,2017-05-01,281.0,340.95
randomforest,2017-06-01,211.0,331.66
randomforest,2017-07-01,360.0,309.36
randomforest,2017-08-01,241.0,308.38
randomforest,2016-10-01,324.0,210.83
randomforest,2016-11-01,245.0,198.3
randomforest,2016-12-01,225.0,211.36
randomforest,2017-01-01,312.0,186.31
randomforest,2017-02-01,208.0,216.05
randomforest,2017-03-01,214.0,296.3
randomforest,2017-04-01,367.0,341.29
randomforest,2017-05-01,281.0,359.48
randomforest,2017-06-01,211.0,347.25
randomforest,2017-07-01,360.0,318.0
randomforest,2017-08-01,241.0,318.36
randomforest,2017-09-01,174.0,326.44
randomforest,2016-11-01,245.0,249.55
randomforest,2016-12-01,225.0,260.18
randomforest,2017-01-01,312.0,264.31
randomforest,2017-02-01,208.0,281.55
randomforest,2017-03-01,214.0,328.21
randomforest,2017-04-01,367.0,340.53
randomforest,2017-05-01,281.0,343.54
randomforest,2017-06-01,211.0,330.24
randomforest,2017-07-01,360.0,307.81
randomforest,2017-08-01,241.0,305.09
randomforest,2017-09-01,174.0,312.95
randomforest,2017-10-01,272.0,309.34
randomforest,2016-12-01,225.0,260.89
randomforest,2017-01-01,312.0,271.79
randomforest,2017-02-01,208.0,279.64
randomforest,2017-03-01,214.0,340.26
randomforest,2017-04-01,367.0,341.56
randomforest,2017-05-01,281.0,344.95
randomforest,2017-06-01,211.0,346.52
randomforest,2017-07-01,360.0,312.47
randomforest,2017-08-01,241.0,311.2
randomforest,2017-09-01,174.0,326.79
randomforest,2017-10-01,272.0,305.47
randomforest,2017-11-01,156.0,314.06
randomforest,2017-01-01,312.0,222.54
randomforest,2017-02-01,208.0,249.47
randomforest,2017-03-01,214.0,330.95
randomforest,2017-04-01,367.0,340.53
randomforest,2017-05-01,281.0,339.67
randomforest,2017-06-01,211.0,344.56
randomforest,2017-07-01,360.0,310.11
randomforest,2017-08-01,241.0,304.64
randomforest,2017-09-01,174.0,308.36
randomforest,2017-10-01,272.0,296.08
randomforest,2017-11-01,156.0,303.79
randomforest,2017-12-01,256.0,297.25
randomforest,2017-02-01,208.0,289.2
randomforest,2017-03-01,214.0,325.1
randomforest,2017-04-01,367.0,336.3
randomforest,2017-05-01,281.0,334.54
randomforest,2017-06-01,211.0,341.5
randomforest,2017-07-01,360.0,310.81
randomforest,2017-08-01,241.0,315.16
randomforest,2017-09-01,174.0,310.83
randomforest,2017-10-01,272.0,304.47
randomforest,2017-11-01,156.0,309.08
randomforest,2017-12-01,256.0,302.22
randomforest,2018-01-01,220.0,317.6
randomforest,2017-03-01,214.0,279.99
randomforest,2017-04-01,367.0,317.37
randomforest,2017-05-01,281.0,318.72
randomforest,2017-06-01,211.0,320.64
randomforest,2017-07-01,360.0,308.6
randomforest,2017-08-01,241.0,294.89
randomforest,2017-09-01,174.0,308.95
randomforest,2017-10-01,272.0,304.61
randomforest,2017-11-01,156.0,311.47
randomforest,2017-12-01,256.0,289.74
randomforest,2018-01-01,220.0,309.03
randomforest,2018-02-01,191.0,329.7
randomforest,2017-04-01,367.0,283.25
randomforest,2017-05-01,281.0,311.87
randomforest,2017-06-01,211.0,301.71
randomforest,2017-07-01,360.0,300.48
randomforest,2017-08-01,241.0,286.29
randomforest,2017-09-01,174.0,283.93
randomforest,2017-10-01,272.0,297.21
randomforest,2017-11-01,156.0,314.28
randomforest,2017-12-01,256.0,294.55
randomforest,2018-01-01,220.0,297.05
randomforest,2018-02-01,191.0,307.58
randomforest,2018-03-01,224.0,317.02
randomforest,2017-05-01,281.0,320.45
randomforest,2017-06-01,211.0,311.04
randomforest,2017-07-01,360.0,335.08
randomforest,2017-08-01,241.0,317.21
randomforest,2017-09-01,174.0,304.91
randomforest,2017-10-01,272.0,321.23
randomforest,2017-11-01,156.0,315.01
randomforest,2017-12-01,256.0,293.65
randomforest,2018-01-01,220.0,323.62
randomforest,2018-02-01,191.0,320.53
randomforest,2018-03-01,224.0,319.49
randomforest,2018-04-01,191.0,318.99
randomforest,2017-06-01,211.0,293.19
randomforest,2017-07-01,360.0,324.16
randomforest,2017-08-01,241.0,276.96
randomforest,2017-09-01,174.0,288.38
randomforest,2017-10-01,272.0,309.89
randomforest,2017-11-01,156.0,294.35
randomforest,2017-12-01,256.0,296.9
randomforest,2018-01-01,220.0,297.82
randomforest,2018-02-01,191.0,294.95
randomforest,2018-03-01,224.0,312.12
randomforest,2018-04-01,191.0,304.76
randomforest,2018-05-01,153.0,285.56
randomforest,2017-07-01,360.0,285.43
randomforest,2017-08-01,241.0,274.3
randomforest,2017-09-01,174.0,273.49
randomforest,2017-10-01,272.0,286.83
randomforest,2017-11-01,156.0,290.27
randomforest,2017-12-01,256.0,280.49
randomforest,2018-01-01,220.0,281.17
randomforest,2018-02-01,191.0,284.54
randomforest,2018-03-01,224.0,316.05
randomforest,2018-04-01,191.0,307.61
randomforest,2018-05-01,153.0,281.65
randomforest,2018-06-01,118.0,288.58
randomforest,2017-08-01,241.0,282.89
randomforest,2017-09-01,174.0,277.0
randomforest,2017-10-01,272.0,314.14
randomforest,2017-11-01,156.0,289.02
randomforest,2017-12-01,256.0,272.01
randomforest,2018-01-01,220.0,291.13
randomforest,2018-02-01,191.0,283.2
randomforest,2018-03-01,224.0,302.19
randomforest,2018-04-01,191.0,307.88
randomforest,2018-05-01,153.0,273.09
randomforest,2018-06-01,118.0,272.9
randomforest,2018-07-01,178.0,283.24
randomforest,2017-09-01,174.0,264.81
randomforest,2017-10-01,272.0,306.92
randomforest,2017-11-01,156.0,285.0
randomforest,2017-12-01,256.0,269.74
randomforest,2018-01-01,220.0,278.04
randomforest,2018-02-01,191.0,284.6
randomforest,2018-03-01,224.0,301.8
randomforest,2018-04-01,191.0,305.41
randomforest,2018-05-01,153.0,275.14
randomforest,2018-06-01,118.0,274.95
randomforest,2018-07-01,178.0,279.64
randomforest,2018-08-01,114.0,293.51
randomforest,2017-10-01,272.0,275.09
randomforest,2017-11-01,156.0,274.03
randomforest,2017-12-01,256.0,250.89
randomforest,2018-01-01,220.0,269.46
randomforest,2018-02-01,191.0,293.66
randomforest,2018-03-01,224.0,278.58
randomforest,2018-04-01,191.0,293.41
randomforest,2018-05-01,153.0,263.14
randomforest,2018-06-01,118.0,256.31
randomforest,2018-07-01,178.0,260.97
randomforest,2018-08-01,114.0,287.46
randomforest,2018-09-01,136.0,291.98
randomforest,2017-11-01,156.0,267.87
randomforest,2017-12-01,256.0,249.37
randomforest,2018-01-01,220.0,274.53
randomforest,2018-02-01,191.0,290.82
randomforest,2018-03-01,224.0,293.65
randomforest,2018-04-01,191.0,297.34
randomforest,2018-05-01,153.0,265.27
randomforest,2018-06-01,118.0,266.14
randomforest,2018-07-01,178.0,276.4
randomforest,2018-08-01,114.0,294.9
randomforest,2018-09-01,136.0,310.89
randomforest,2018-10-01,162.0,332.18
randomforest,2017-12-01,256.0,238.33
randomforest,2018-01-01,220.0,259.84
randomforest,2018-02-01,191.0,280.3
randomforest,2018-03-01,224.0,274.34
randomforest,2018-04-01,191.0,313.91
randomforest,2018-05-01,153.0,257.84
randomforest,2018-06-01,118.0,240.85
randomforest,2018-07-01,178.0,285.19
randomforest,2018-08-01,114.0,275.99
randomforest,2018-09-01,136.0,293.84
randomforest,2018-10-01,162.0,318.77
randomforest,2018-11-01,125.0,279.6
randomforest,2018-01-01,220.0,247.56
randomforest,2018-02-01,191.0,288.83
randomforest,2018-03-01,224.0,285.74
randomforest,2018-04-01,191.0,307.82
randomforest,2018-05-01,153.0,250.53
randomforest,2018-06-01,118.0,237.67
randomforest,2018-07-01,178.0,256.94
randomforest,2018-08-01,114.0,279.65
randomforest,2018-09-01,136.0,297.9
randomforest,2018-10-01,162.0,302.29
randomforest,2018-11-01,125.0,270.95
randomforest,2018-12-01,221.0,279.16
randomforest,2018-02-01,191.0,284.38
randomforest,2018-03-01,224.0,280.12
randomforest,2018-04-01,191.0,308.08
randomforest,2018-05-01,153.0,242.63
randomforest,2018-06-01,118.0,244.29
randomforest,2018-07-01,178.0,261.46
randomforest,2018-08-01,114.0,274.73
randomforest,2018-09-01,136.0,285.72
randomforest,2018-10-01,162.0,293.5
randomforest,2018-11-01,125.0,269.96
randomforest,2018-12-01,221.0,273.6
randomforest,2019-01-01,209.0,270.98
randomforest,2018-03-01,224.0,276.84
randomforest,2018-04-01,191.0,283.19
randomforest,2018-05-01,153.0,236.96
randomforest,2018-06-01,118.0,242.67
randomforest,2018-07-01,178.0,246.22
randomforest,2018-08-01,114.0,271.03
randomforest,2018-09-01,136.0,281.02
randomforest,2018-10-01,162.0,287.68
randomforest,2018-11-01,125.0,266.66
randomforest,2018-12-01,221.0,259.83
randomforest,2019-01-01,209.0,259.51
randomforest,2019-02-01,233.0,328.03
randomforest,2018-04-01,191.0,277.08
randomforest,2018-05-01,153.0,236.38
randomforest,2018-06-01,118.0,242.02
randomforest,2018-07-01,178.0,242.81
randomforest,2018-08-01,114.0,271.87
randomforest,2018-09-01,136.0,246.08
randomforest,2018-10-01,162.0,264.89
randomforest,2018-11-01,125.0,268.46
randomforest,2018-12-01,221.0,242.7
randomforest,2019-01-01,209.0,247.84
randomforest,2019-02-01,233.0,335.13
randomforest,2019-03-01,410.0,261.23
randomforest,2018-05-01,153.0,231.22
randomforest,2018-06-01,118.0,230.97
randomforest,2018-07-01,178.0,223.78
randomforest,2018-08-01,114.0,244.06
randomforest,2018-09-01,136.0,244.99
randomforest,2018-10-01,162.0,241.21
randomforest,2018-11-01,125.0,235.23
randomforest,2018-12-01,221.0,238.52
randomforest,2019-01-01,209.0,239.92
randomforest,2019-02-01,233.0,296.15
randomforest,2019-03-01,410.0,257.09
randomforest,2019-04-01,631.0,488.87
randomforest,2018-06-01,118.0,212.1
randomforest,2018-07-01,178.0,210.41
randomforest,2018-08-01,114.0,222.69
randomforest,2018-09-01,136.0,228.95
randomforest,2018-10-01,162.0,236.26
randomforest,2018-11-01,125.0,225.66
randomforest,2018-12-01,221.0,231.76
randomforest,2019-01-01,209.0,228.27
randomforest,2019-02-01,233.0,274.04
randomforest,2019-03-01,410.0,239.05
randomforest,2019-04-01,631.0,470.2
randomforest,2019-05-01,1001.0,289.77
randomforest,2018-07-01,178.0,196.86
randomforest,2018-08-01,114.0,200.78
randomforest,2018-09-01,136.0,212.4
randomforest,2018-10-01,162.0,226.55
randomforest,2018-11-01,125.0,225.48
randomforest,2018-12-01,221.0,223.86
randomforest,2019-01-01,209.0,230.93
randomforest,2019-02-01,233.0,273.42
randomforest,2019-03-01,410.0,228.58
randomforest,2019-04-01,631.0,470.45
randomforest,2019-05-01,1001.0,272.32
randomforest,2019-06-01,1520.0,336.05
randomforest,2018-08-01,114.0,201.18
randomforest,2018-09-01,136.0,197.87
randomforest,2018-10-01,162.0,212.46
randomforest,2018-11-01,125.0,216.84
randomforest,2018-12-01,221.0,211.55
randomforest,2019-01-01,209.0,221.31
randomforest,2019-02-01,233.0,272.37
randomforest,2019-03-01,410.0,221.47
randomforest,2019-04-01,631.0,473.72
randomforest,2019-05-01,1001.0,266.49
randomforest,2019-06-01,1520.0,323.02
randomforest,2019-07-01,1746.0,300.74
randomforest,2018-09-01,136.0,193.17
randomforest,2018-10-01,162.0,188.05
randomforest,2018-11-01,125.0,171.57
randomforest,2018-12-01,221.0,183.01
randomforest,2019-01-01,209.0,189.17
randomforest,2019-02-01,233.0,238.97
randomforest,2019-03-01,410.0,207.09
randomforest,2019-04-01,631.0,442.64
randomforest,2019-05-01,1001.0,265.95
randomforest,2019-06-01,1520.0,325.47
randomforest,2019-07-01,1746.0,290.74
randomforest,2019-08-01,1419.0,225.58
randomforest,2018-10-01,162.0,189.39
randomforest,2018-11-01,125.0,154.08
randomforest,2018-12-01,221.0,168.88
randomforest,2019-01-01,209.0,188.75
randomforest,2019-02-01,233.0,243.22
randomforest,2019-03-01,410.0,211.32
randomforest,2019-04-01,631.0,467.36
randomforest,2019-05-01,1001.0,262.12
randomforest,2019-06-01,1520.0,312.13
randomforest,2019-07-01,1746.0,290.61
randomforest,2019-08-01,1419.0,218.22
randomforest,2019-09-01,1484.0,358.37
randomforest,2018-11-01,125.0,153.7
randomforest,2018-12-01,221.0,158.12
randomforest,2019-01-01,209.0,184.29
randomforest,2019-02-01,233.0,228.75
randomforest,2019-03-01,410.0,198.48
randomforest,2019-04-01,631.0,440.48
randomforest,2019-05-01,1001.0,256.68
randomforest,2019-06-01,1520.0,323.09
randomforest,2019-07-01,1746.0,286.16
randomforest,2019-08-01,1419.0,218.16
randomforest,2019-09-01,1484.0,375.66
randomforest,2019-10-01,995.0,389.74
randomforest,2018-12-01,221.0,159.37
randomforest,2019-01-01,209.0,177.38
randomforest,2019-02-01,233.0,213.43
randomforest,2019-03-01,410.0,195.19
randomforest,2019-04-01,631.0,438.09
randomforest,2019-05-01,1001.0,236.65
randomforest,2019-06-01,1520.0,321.54
randomforest,2019-07-01,1746.0,286.4
randomforest,2019-08-01,1419.0,213.77
randomforest,2019-09-01,1484.0,391.01
randomforest,2019-10-01,995.0,375.6
randomforest,2019-11-01,847.0,510.98
randomforest,2019-01-01,209.0,185.24
randomforest,2019-02-01,233.0,226.69
randomforest,2019-03-01,410.0,201.48
randomforest,2019-04-01,631.0,426.99
randomforest,2019-05-01,1001.0,247.79
randomforest,2019-06-01,1520.0,299.28
randomforest,2019-07-01,1746.0,283.43
randomforest,2019-08-01,1419.0,220.31
randomforest,2019-09-01,1484.0,319.05
randomforest,2019-10-01,995.0,392.94
randomforest,2019-11-01,847.0,503.77
randomforest,2019-12-01,781.0,498.38
randomforest,2019-02-01,233.0,240.12
randomforest,2019-03-01,410.0,225.25
randomforest,2019-04-01,631.0,468.82
randomforest,2019-05-01,1001.0,257.77
randomforest,2019-06-01,1520.0,311.28
randomforest,2019-07-01,1746.0,283.81
randomforest,2019-08-01,1419.0,225.39
randomforest,2019-09-01,1484.0,354.87
randomforest,2019-10-01,995.0,395.84
randomforest,2019-11-01,847.0,513.31
randomforest,2019-12-01,781.0,526.43
randomforest,2020-01-01,1250.0,909.2
randomforest,2019-03-01,410.0,218.81
randomforest,2019-04-01,631.0,473.31
randomforest,2019-05-01,1001.0,251.53
randomforest,2019-06-01,1520.0,315.22
randomforest,2019-07-01,1746.0,290.76
randomforest,2019-08-01,1419.0,222.49
randomforest,2019-09-01,1484.0,350.93
randomforest,2019-10-01,995.0,389.49
randomforest,2019-11-01,847.0,511.21
randomforest,2019-12-01,781.0,514.77
randomforest,2020-01-01,1250.0,615.02
randomforest,2020-02-01,1815.0,1050.82
randomforest,2019-04-01,631.0,490.04
randomforest,2019-05-01,1001.0,298.73
randomforest,2019-06-01,1520.0,408.3
randomforest,2019-07-01,1746.0,309.06
randomforest,2019-08-01,1419.0,263.26
randomforest,2019-09-01,1484.0,397.09
randomforest,2019-10-01,995.0,407.29
randomforest,2019-11-01,847.0,522.53
randomforest,2019-12-01,781.0,522.21
randomforest,2020-01-01,1250.0,597.75
randomforest,2020-02-01,1815.0,1011.68
randomforest,2020-03-01,2097.0,1140.34
randomforest,2019-05-01,1001.0,987.81
randomforest,2019-06-01,1520.0,1175.46
randomforest,2019-07-01,1746.0,1091.94
randomforest,2019-08-01,1419.0,1173.44
randomforest,2019-09-01,1484.0,1052.98
randomforest,2019-10-01,995.0,821.61
randomforest,2019-11-01,847.0,709.62
randomforest,2019-12-01,781.0,705.13
randomforest,2020-01-01,1250.0,728.47
randomforest,2020-02-01,1815.0,816.1
randomforest,2020-03-01,2097.0,858.16
randomforest,2020-04-01,2341.0,868.21
randomforest,2019-06-01,1520.0,1141.94
randomforest,2019-07-01,1746.0,1047.2
randomforest,2019-08-01,1419.0,1165.28
randomforest,2019-09-01,1484.0,1141.56
randomforest,2019-10-01,995.0,843.72
randomforest,2019-11-01,847.0,785.52
randomforest,2019-12-01,781.0,769.88
randomforest,2020-01-01,1250.0,738.64
randomforest,2020-02-01,1815.0,785.48
randomforest,2020-03-01,2097.0,867.57
randomforest,2020-04-01,2341.0,849.08
randomforest,2020-05-01,2148.0,920.91
randomforest,2019-07-01,1746.0,1103.51
randomforest,2019-08-01,1419.0,1291.2
randomforest,2019-09-01,1484.0,1153.3
randomforest,2019-10-01,995.0,908.75
randomforest,2019-11-01,847.0,809.02
randomforest,2019-12-01,781.0,795.08
randomforest,2020-01-01,1250.0,760.77
randomforest,2020-02-01,1815.0,818.86
randomforest,2020-03-01,2097.0,938.88
randomforest,2020-04-01,2341.0,875.58
randomforest,2020-05-01,2148.0,984.11
randomforest,2020-06-01,911.0,948.83
randomforest,2019-08-01,1419.0,1394.57
randomforest,2019-09-01,1484.0,1254.26
randomforest,2019-10-01,995.0,971.97
randomforest,2019-11-01,847.0,865.08
randomforest,2019-12-01,781.0,835.47
randomforest,2020-01-01,1250.0,796.95
randomforest,2020-02-01,1815.0,820.89
randomforest,2020-03-01,2097.0,916.55
randomforest,2020-04-01,2341.0,875.07
randomforest,2020-05-01,2148.0,903.16
randomforest,2020-06-01,911.0,930.16
randomforest,2020-07-01,375.0,889.91
randomforest,2019-09-01,1484.0,1279.99
randomforest,2019-10-01,995.0,983.1
randomforest,2019-11-01,847.0,829.37
randomforest,2019-12-01,781.0,759.0
randomforest,2020-01-01,1250.0,720.34
randomforest,2020-02-01,1815.0,760.64
randomforest,2020-03-01,2097.0,896.66
randomforest,2020-04-01,2341.0,880.26
randomforest,2020-05-01,2148.0,930.63
randomforest,2020-06-01,911.0,977.95
randomforest,2020-07-01,375.0,902.72
randomforest,2020-08-01,290.0,824.31
randomforest,2019-10-01,995.0,1054.93
randomforest,2019-11-01,847.0,918.33
randomforest,2019-12-01,781.0,843.13
randomforest,2020-01-01,1250.0,790.0
randomforest,2020-02-01,1815.0,812.87
randomforest,2020-03-01,2097.0,890.77
randomforest,2020-04-01,2341.0,814.08
randomforest,2020-05-01,2148.0,922.06
randomforest,2020-06-01,911.0,883.27
randomforest,2020-07-01,375.0,835.47
randomforest,2020-08-01,290.0,841.57
randomforest,2020-09-01,186.0,851.88
randomforest,2019-11-01,847.0,869.01
randomforest,2019-12-01,781.0,816.12
randomforest,2020-01-01,1250.0,778.47
randomforest,2020-02-01,1815.0,805.51
randomforest,2020-03-01,2097.0,887.05
randomforest,2020-04-01,2341.0,832.14
randomforest,2020-05-01,2148.0,877.5
randomforest,2020-06-01,911.0,876.78
randomforest,2020-07-01,375.0,777.65
randomforest,2020-08-01,290.0,780.13
randomforest,2020-09-01,186.0,819.05
randomforest,2020-10-01,108.0,806.54
randomforest,2019-12-01,781.0,763.44
randomforest,2020-01-01,1250.0,722.45
randomforest,2020-02-01,1815.0,756.8
randomforest,2020-03-01,2097.0,771.31
randomforest,2020-04-01,2341.0,767.36
randomforest,2020-05-01,2148.0,787.1
randomforest,2020-06-01,911.0,808.33
randomforest,2020-07-01,375.0,795.78
randomforest,2020-08-01,290.0,782.89
randomforest,2020-09-01,186.0,807.66
randomforest,2020-10-01,108.0,807.32
randomforest,2020-11-01,131.0,800.54
randomforest,2020-01-01,1250.0,715.86
randomforest,2020-02-01,1815.0,764.9
randomforest,2020-03-01,2097.0,790.85
randomforest,2020-04-01,2341.0,783.02
randomforest,2020-05-01,2148.0,802.13
randomforest,2020-06-01,911.0,832.37
randomforest,2020-07-01,375.0,798.96
randomforest,2020-08-01,290.0,793.12
randomforest,2020-09-01,186.0,771.5
randomforest,2020-10-01,108.0,764.48
randomforest,2020-11-01,131.0,722.03
randomforest,2020-12-01,81.0,731.25
randomforest,2020-02-01,1815.0,1050.24
randomforest,2020-03-01,2097.0,1014.6
randomforest,2020-04-01,2341.0,964.84
randomforest,2020-05-01,2148.0,982.38
randomforest,2020-06-01,911.0,944.98
randomforest,2020-07-01,375.0,851.77
randomforest,2020-08-01,290.0,886.1
randomforest,2020-09-01,186.0,837.75
randomforest,2020-10-01,108.0,837.71
randomforest,2020-11-01,131.0,826.62
randomforest,2020-12-01,81.0,832.76
randomforest,2021-01-01,109.0,820.99
randomforest,2020-03-01,2097.0,1300.89
randomforest,2020-04-01,2341.0,1191.24
randomforest,2020-05-01,2148.0,1079.64
randomforest,2020-06-01,911.0,976.13
randomforest,2020-07-01,375.0,851.84
randomforest,2020-08-01,290.0,835.5
randomforest,2020-09-01,186.0,844.18
randomforest,2020-10-01,108.0,879.9
randomforest,2020-11-01,131.0,868.55
randomforest,2020-12-01,81.0,860.21
randomforest,2021-01-01,109.0,879.45
randomforest,2021-02-01,87.0,863.08
randomforest,2020-04-01,2341.0,1433.99
randomforest,2020-05-01,2148.0,1372.47
randomforest,2020-06-01,911.0,1200.28
randomforest,2020-07-01,375.0,1001.9
randomforest,2020-08-01,290.0,983.79
randomforest,2020-09-01,186.0,851.05
randomforest,2020-10-01,108.0,904.14
randomforest,2020-11-01,131.0,911.73
randomforest,2020-12-01,81.0,933.79
randomforest,2021-01-01,109.0,931.43
randomforest,2021-02-01,87.0,882.57
randomforest,2021-03-01,64.0,839.37
randomforest,2020-05-01,2148.0,1676.59
randomforest,2020-06-01,911.0,1275.4
randomforest,2020-07-01,375.0,1240.31
randomforest,2020-08-01,290.0,1051.21
randomforest,2020-09-01,186.0,1085.76
randomforest,2020-10-01,108.0,1176.38
randomforest,2020-11-01,131.0,1224.29
randomforest,2020-12-01,81.0,1172.2
randomforest,2021-01-01,109.0,1114.08
randomforest,2021-02-01,87.0,867.59
randomforest,2021-03-01,64.0,734.71
randomforest,2021-04-01,74.0,658.77
randomforest,2020-06-01,911.0,1545.29
randomforest,2020-07-01,375.0,1460.19
randomforest,2020-08-01,290.0,1189.27
randomforest,2020-09-01,186.0,1086.94
randomforest,2020-10-01,108.0,1221.68
randomforest,2020-11-01,131.0,1273.7
randomforest,2020-12-01,81.0,1277.6
randomforest,2021-01-01,109.0,1304.48
randomforest,2021-02-01,87.0,1307.77
randomforest,2021-03-01,64.0,1276.21
randomforest,2021-04-01,74.0,944.61
randomforest,2021-05-01,108.0,756.14
randomforest,2020-07-01,375.0,1051.41
randomforest,2020-08-01,290.0,1009.24
randomforest,2020-09-01,186.0,1096.78
randomforest,2020-10-01,108.0,1414.02
randomforest,2020-11-01,131.0,1473.35
randomforest,2020-12-01,81.0,1444.48
randomforest,2021-01-01,109.0,1402.03
randomforest,2021-02-01,87.0,901.88
randomforest,2021-03-01,64.0,780.96
randomforest,2021-04-01,74.0,731.69
randomforest,2021-05-01,108.0,765.24
randomforest,2021-06-01,70.0,1011.02
randomforest,2020-08-01,290.0,346.11
randomforest,2020-09-01,186.0,311.55
randomforest,2020-10-01,108.0,298.06
randomforest,2020-11-01,131.0,305.91
randomforest,2020-12-01,81.0,281.52
randomforest,2021-01-01,109.0,279.53
randomforest,2021-02-01,87.0,300.63
randomforest,2021-03-01,64.0,289.8
randomforest,2021-04-01,74.0,395.97
randomforest,2021-05-01,108.0,420.36
randomforest,2021-06-01,70.0,496.47
randomforest,2021-07-01,52.0,528.49
randomforest,2020-09-01,186.0,301.66
randomforest,2020-10-01,108.0,288.9
randomforest,2020-11-01,131.0,281.78
randomforest,2020-12-01,81.0,278.43
randomforest,2021-01-01,109.0,275.48
randomforest,2021-02-01,87.0,292.66
randomforest,2021-03-01,64.0,292.27
randomforest,2021-04-01,74.0,396.02
randomforest,2021-05-01,108.0,415.44
randomforest,2021-06-01,70.0,508.88
randomforest,2021-07-01,52.0,542.23
randomforest,2021-08-01,89.0,702.2
randomforest,2020-10-01,108.0,211.81
randomforest,2020-11-01,131.0,246.84
randomforest,2020-12-01,81.0,261.54
randomforest,2021-01-01,109.0,278.29
randomforest,2021-02-01,87.0,287.26
randomforest,2021-03-01,64.0,287.44
randomforest,2021-04-01,74.0,396.94
randomforest,2021-05-01,108.0,418.29
randomforest,2021-06-01,70.0,512.47
randomforest,2021-07-01,52.0,545.68
randomforest,2021-08-01,89.0,709.89
randomforest,2021-09-01,87.0,828.82
randomforest,2020-11-01,131.0,178.27
randomforest,2020-12-01,81.0,180.98
randomforest,2021-01-01,109.0,216.57
randomforest,2021-02-01,87.0,297.6
randomforest,2021-03-01,64.0,312.27
randomforest,2021-04-01,74.0,393.38
randomforest,2021-05-01,108.0,410.49
randomforest,2021-06-01,70.0,465.83
randomforest,2021-07-01,52.0,509.5
randomforest,2021-08-01,89.0,436.27
randomforest,2021-09-01,87.0,389.8
randomforest,2021-10-01,78.0,351.26
randomforest,2020-12-01,81.0,156.93
randomforest,2021-01-01,109.0,187.9
randomforest,2021-02-01,87.0,218.58
randomforest,2021-03-01,64.0,297.04
randomforest,2021-04-01,74.0,415.05
randomforest,2021-05-01,108.0,498.47
randomforest,2021-06-01,70.0,526.45
randomforest,2021-07-01,52.0,818.9
randomforest,2021-08-01,89.0,998.88
randomforest,2021-09-01,87.0,1262.68
randomforest,2021-10-01,78.0,1164.18
randomforest,2021-11-01,74.0,1064.14
randomforest,2021-01-01,109.0,169.54
randomforest,2021-02-01,87.0,210.92
randomforest,2021-03-01,64.0,281.85
randomforest,2021-04-01,74.0,413.18
randomforest,2021-05-01,108.0,531.18
randomforest,2021-06-01,70.0,821.6
randomforest,2021-07-01,52.0,968.67
randomforest,2021-08-01,89.0,1114.41
randomforest,2021-09-01,87.0,1280.58
randomforest,2021-10-01,78.0,1129.9
randomforest,2021-11-01,74.0,1020.39
randomforest,2021-12-01,19.0,952.93
randomforest,2021-02-01,87.0,189.88
randomforest,2021-03-01,64.0,220.45
randomforest,2021-04-01,74.0,398.5
randomforest,2021-05-01,108.0,438.99
randomforest,2021-06-01,70.0,514.55
randomforest,2021-07-01,52.0,560.37
randomforest,2021-08-01,89.0,871.23
randomforest,2021-09-01,87.0,1062.28
randomforest,2021-10-01,78.0,1270.06
randomforest,2021-11-01,74.0,1178.06
randomforest,2021-12-01,19.0,1104.85
randomforest,2022-01-01,56.0,1093.82
randomforest,2021-03-01,64.0,192.46
randomforest,2021-04-01,74.0,304.0
randomforest,2021-05-01,108.0,408.33
randomforest,2021-06-01,70.0,477.16
randomforest,2021-07-01,52.0,543.43
randomforest,2021-08-01,89.0,812.2
randomforest,2021-09-01,87.0,1057.17
randomforest,2021-10-01,78.0,1261.63
randomforest,2021-11-01,74.0,1192.52
randomforest,2021-12-01,19.0,1144.2
randomforest,2022-01-01,56.0,1083.79
randomforest,2022-02-01,66.0,971.15
randomforest,2021-04-01,74.0,263.78
randomforest,2021-05-01,108.0,380.31
randomforest,2021-06-01,70.0,398.11
randomforest,2021-07-01,52.0,405.97
randomforest,2021-08-01,89.0,327.79
randomforest,2021-09-01,87.0,314.29
randomforest,2021-10-01,78.0,337.83
randomforest,2021-11-01,74.0,344.43
randomforest,2021-12-01,19.0,463.8
randomforest,2022-01-01,56.0,569.89
randomforest,2022-02-01,66.0,940.03
randomforest,2022-03-01,106.0,1175.36
randomforest,2021-05-01,108.0,211.44
randomforest,2021-06-01,70.0,269.24
randomforest,2021-07-01,52.0,344.45
randomforest,2021-08-01,89.0,305.98
randomforest,2021-09-01,87.0,308.56
randomforest,2021-10-01,78.0,333.93
randomforest,2021-11-01,74.0,328.35
randomforest,2021-12-01,19.0,459.24
randomforest,2022-01-01,56.0,577.58
randomforest,2022-02-01,66.0,987.52
randomforest,2022-03-01,106.0,1200.95
randomforest,2022-04-01,210.0,1235.44
randomforest,2021-06-01,70.0,127.01
randomforest,2021-07-01,52.0,135.48
randomforest,2021-08-01,89.0,146.95
randomforest,2021-09-01,87.0,160.1
randomforest,2021-10-01,78.0,217.04
randomforest,2021-11-01,74.0,308.55
randomforest,2021-12-01,19.0,456.03
randomforest,2022-01-01,56.0,593.31
randomforest,2022-02-01,66.0,1200.24
randomforest,2022-03-01,106.0,1500.6
randomforest,2022-04-01,210.0,1458.46
randomforest,2022-05-01,363.0,1366.89
randomforest,2021-07-01,52.0,116.17
randomforest,2021-08-01,89.0,111.51
randomforest,2021-09-01,87.0,137.14
randomforest,2021-10-01,78.0,178.13
randomforest,2021-11-01,74.0,196.98
randomforest,2021-12-01,19.0,256.5
randomforest,2022-01-01,56.0,455.22
randomforest,2022-02-01,66.0,587.2
randomforest,2022-03-01,106.0,1181.06
randomforest,2022-04-01,210.0,1470.59
randomforest,2022-05-01,363.0,1455.61
randomforest,2022-06-01,228.0,1486.89
randomforest,2021-08-01,89.0,97.81
randomforest,2021-09-01,87.0,106.21
randomforest,2021-10-01,78.0,141.87
randomforest,2021-11-01,74.0,155.81
randomforest,2021-12-01,19.0,224.69
randomforest,2022-01-01,56.0,435.66
randomforest,2022-02-01,66.0,608.42
randomforest,2022-03-01,106.0,1201.1
randomforest,2022-04-01,210.0,1473.15
randomforest,2022-05-01,363.0,1458.33
randomforest,2022-06-01,228.0,1506.02
randomforest,2022-07-01,460.0,1517.81
randomforest,2021-09-01,87.0,103.7
randomforest,2021-10-01,78.0,136.04
randomforest,2021-11-01,74.0,154.97
randomforest,2021-12-01,19.0,204.0
randomforest,2022-01-01,56.0,251.57
randomforest,2022-02-01,66.0,471.37
randomforest,2022-03-01,106.0,613.83
randomforest,2022-04-01,210.0,1176.77
randomforest,2022-05-01,363.0,1471.56
randomforest,2022-06-01,228.0,1525.19
randomforest,2022-07-01,460.0,1517.02
randomforest,2022-08-01,386.0,1412.9
randomforest,2021-10-01,78.0,118.73
randomforest,2021-11-01,74.0,144.37
randomforest,2021-12-01,19.0,196.2
randomforest,2022-01-01,56.0,249.22
randomforest,2022-02-01,66.0,465.92
randomforest,2022-03-01,106.0,605.14
randomforest,2022-04-01,210.0,1188.99
randomforest,2022-05-01,363.0,1471.07
randomforest,2022-06-01,228.0,1534.09
randomforest,2022-07-01,460.0,1536.37
randomforest,2022-08-01,386.0,1431.69
randomforest,2022-09-01,269.0,1374.4
randomforest,2021-11-01,74.0,121.81
randomforest,2021-12-01,19.0,165.96
randomforest,2022-01-01,56.0,199.67
randomforest,2022-02-01,66.0,283.64
randomforest,2022-03-01,106.0,553.42
randomforest,2022-04-01,210.0,1119.37
randomforest,2022-05-01,363.0,1452.61
randomforest,2022-06-01,228.0,1517.91
randomforest,2022-07-01,460.0,1513.45
randomforest,2022-08-01,386.0,1503.98
randomforest,2022-09-01,269.0,1345.7
randomforest,2022-10-01,347.0,1318.81
randomforest,2021-12-01,19.0,114.15
randomforest,2022-01-01,56.0,116.22
randomforest,2022-02-01,66.0,173.68
randomforest,2022-03-01,106.0,278.73
randomforest,2022-04-01,210.0,588.96
randomforest,2022-05-01,363.0,1175.85
randomforest,2022-06-01,228.0,1513.85
randomforest,2022-07-01,460.0,1549.32
randomforest,2022-08-01,386.0,1513.27
randomforest,2022-09-01,269.0,1493.76
randomforest,2022-10-01,347.0,1317.87
randomforest,2022-11-01,205.0,1247.52
randomforest,2022-01-01,56.0,72.21
randomforest,2022-02-01,66.0,90.64
randomforest,2022-03-01,106.0,169.19
randomforest,2022-04-01,210.0,257.67
randomforest,2022-05-01,363.0,575.68
randomforest,2022-06-01,228.0,1175.92
randomforest,2022-07-01,460.0,1576.8
randomforest,2022-08-01,386.0,1600.12
randomforest,2022-09-01,269.0,1608.84
randomforest,2022-10-01,347.0,1561.7
randomforest,2022-11-01,205.0,1375.7
randomforest,2022-12-01,188.0,1342.38
randomforest,2022-02-01,66.0,81.7
randomforest,2022-03-01,106.0,163.75
randomforest,2022-04-01,210.0,253.55
randomforest,2022-05-01,363.0,574.15
randomforest,2022-06-01,228.0,1174.14
randomforest,2022-07-01,460.0,1565.58
randomforest,2022-08-01,386.0,1596.99
randomforest,2022-09-01,269.0,1600.14
randomforest,2022-10-01,347.0,1554.92
randomforest,2022-11-01,205.0,1383.46
randomforest,2022-12-01,188.0,1348.93
randomforest,2023-01-01,777.0,1357.13
randomforest,2022-03-01,106.0,147.53
randomforest,2022-04-01,210.0,244.5
randomforest,2022-05-01,363.0,583.25
randomforest,2022-06-01,228.0,1149.67
randomforest,2022-07-01,460.0,1528.86
randomforest,2022-08-01,386.0,1547.01
randomforest,2022-09-01,269.0,1545.39
randomforest,2022-10-01,347.0,1505.2
randomforest,2022-11-01,205.0,1329.66
randomforest,2022-12-01,188.0,1302.97
randomforest,2023-01-01,777.0,1340.21
randomforest,2023-02-01,800.0,1382.13
randomforest,2022-04-01,210.0,244.1
randomforest,2022-05-01,363.0,520.28
randomforest,2022-06-01,228.0,685.84
randomforest,2022-07-01,460.0,1257.24
randomforest,2022-08-01,386.0,1550.64
randomforest,2022-09-01,269.0,1557.47
randomforest,2022-10-01,347.0,1524.65
randomforest,2022-11-01,205.0,1378.79
randomforest,2022-12-01,188.0,1275.0
randomforest,2023-01-01,777.0,1296.57
randomforest,2023-02-01,800.0,1273.63
randomforest,2023-03-01,942.0,1392.37
randomforest,2022-05-01,363.0,402.6
randomforest,2022-06-01,228.0,572.06
randomforest,2022-07-01,460.0,1181.52
randomforest,2022-08-01,386.0,1570.36
randomforest,2022-09-01,269.0,1600.78
randomforest,2022-10-01,347.0,1563.78
randomforest,2022-11-01,205.0,1534.21
randomforest,2022-12-01,188.0,1312.18
randomforest,2023-01-01,777.0,1313.13
randomforest,2023-02-01,800.0,1278.21
randomforest,2023-03-01,942.0,1354.44
randomforest,2023-04-01,1934.0,1750.43
randomforest,2022-06-01,228.0,457.91
randomforest,2022-07-01,460.0,576.28
randomforest,2022-08-01,386.0,1187.15
randomforest,2022-09-01,269.0,1621.5
randomforest,2022-10-01,347.0,1644.96
randomforest,2022-11-01,205.0,1581.22
randomforest,2022-12-01,188.0,1442.7
randomforest,2023-01-01,777.0,1361.57
randomforest,2023-02-01,800.0,1312.92
randomforest,2023-03-01,942.0,1351.75
randomforest,2023-04-01,1934.0,1415.55
randomforest,2023-05-01,2531.0,1773.29
randomforest,2022-07-01,460.0,311.24
randomforest,2022-08-01,386.0,336.81
randomforest,2022-09-01,269.0,326.86
randomforest,2022-10-01,347.0,335.12
randomforest,2022-11-01,205.0,354.62
randomforest,2022-12-01,188.0,356.19
randomforest,2023-01-01,777.0,353.45
randomforest,2023-02-01,800.0,348.5
randomforest,2023-03-01,942.0,358.07
randomforest,2023-04-01,1934.0,356.01
randomforest,2023-05-01,2531.0,354.87
randomforest,2023-06-01,2870.0,353.01
randomforest,2022-08-01,386.0,484.58
randomforest,2022-09-01,269.0,494.37
randomforest,2022-10-01,347.0,539.71
randomforest,2022-11-01,205.0,1046.56
randomforest,2022-12-01,188.0,1469.88
randomforest,2023-01-01,777.0,1599.73
randomforest,2023-02-01,800.0,1435.4
randomforest,2023-03-01,942.0,1386.59
randomforest,2023-04-01,1934.0,1321.24
randomforest,2023-05-01,2531.0,1306.39
randomforest,2023-06-01,2870.0,1330.28
randomforest,2023-07-01,3293.0,1449.72
randomforest,2022-09-01,269.0,399.21
randomforest,2022-10-01,347.0,402.51
randomforest,2022-11-01,205.0,428.5
randomforest,2022-12-01,188.0,462.76
randomforest,2023-01-01,777.0,457.94
randomforest,2023-02-01,800.0,451.82
randomforest,2023-03-01,942.0,451.52
randomforest,2023-04-01,1934.0,453.15
randomforest,2023-05-01,2531.0,462.04
randomforest,2023-06-01,2870.0,438.8
randomforest,2023-07-01,3293.0,461.26
randomforest,2023-08-01,1368.0,444.36
randomforest,2022-10-01,347.0,335.53
randomforest,2022-11-01,205.0,343.69
randomforest,2022-12-01,188.0,312.32
randomforest,2023-01-01,777.0,356.28
randomforest,2023-02-01,800.0,349.34
randomforest,2023-03-01,942.0,333.1
randomforest,2023-04-01,1934.0,340.31
randomforest,2023-05-01,2531.0,343.75
randomforest,2023-06-01,2870.0,339.43
randomforest,2023-07-01,3293.0,337.27
randomforest,2023-08-01,1368.0,337.88
randomforest,2023-09-01,723.0,325.18
randomforest,2022-11-01,205.0,347.22
randomforest,2022-12-01,188.0,308.69
randomforest,2023-01-01,777.0,355.39
randomforest,2023-02-01,800.0,344.71
randomforest,2023-03-01,942.0,329.92
randomforest,2023-04-01,1934.0,337.72
randomforest,2023-05-01,2531.0,343.33
randomforest,2023-06-01,2870.0,341.52
randomforest,2023-07-01,3293.0,334.62
randomforest,2023-08-01,1368.0,328.46
randomforest,2023-09-01,723.0,317.25
randomforest,2023-10-01,757.0,310.37
randomforest,2022-12-01,188.0,191.45
randomforest,2023-01-01,777.0,202.77
randomforest,2023-02-01,800.0,187.36
randomforest,2023-03-01,942.0,192.58
randomforest,2023-04-01,1934.0,198.96
randomforest,2023-05-01,2531.0,194.28
randomforest,2023-06-01,2870.0,182.27
randomforest,2023-07-01,3293.0,179.45
randomforest,2023-08-01,1368.0,174.85
randomforest,2023-09-01,723.0,172.95
randomforest,2023-10-01,757.0,173.08
randomforest,2023-11-01,520.0,166.9
randomforest,2023-01-01,777.0,194.85
randomforest,2023-02-01,800.0,194.68
randomforest,2023-03-01,942.0,197.11
randomforest,2023-04-01,1934.0,193.44
randomforest,2023-05-01,2531.0,191.69
randomforest,2023-06-01,2870.0,175.64
randomforest,2023-07-01,3293.0,182.3
randomforest,2023-08-01,1368.0,172.18
randomforest,2023-09-01,723.0,167.23
randomforest,2023-10-01,757.0,167.49
randomforest,2023-11-01,520.0,165.16
randomforest,2023-12-01,360.0,181.17
randomforest,2023-02-01,800.0,1194.04
randomforest,2023-03-01,942.0,1451.05
randomforest,2023-04-01,1934.0,1467.61
randomforest,2023-05-01,2531.0,1361.57
randomforest,2023-06-01,2870.0,1434.83
randomforest,2023-07-01,3293.0,1392.9
randomforest,2023-08-01,1368.0,1297.12
randomforest,2023-09-01,723.0,1187.32
randomforest,2023-10-01,757.0,1281.91
randomforest,2023-11-01,520.0,1615.45
randomforest,2023-12-01,360.0,1569.76
randomforest,2024-01-01,766.0,1475.23
randomforest,2023-03-01,942.0,992.03
randomforest,2023-04-01,1934.0,1157.48
randomforest,2023-05-01,2531.0,1222.51
randomforest,2023-06-01,2870.0,1299.79
randomforest,2023-07-01,3293.0,1239.45
randomforest,2023-08-01,1368.0,1162.57
randomforest,2023-09-01,723.0,1065.23
randomforest,2023-10-01,757.0,1088.32
randomforest,2023-11-01,520.0,1010.55
randomforest,2023-12-01,360.0,1065.93
randomforest,2024-01-01,766.0,1101.26
randomforest,2024-02-01,3890.0,1257.04
randomforest,2023-04-01,1934.0,1049.15
randomforest,2023-05-01,2531.0,1112.97
randomforest,2023-06-01,2870.0,1293.42
randomforest,2023-07-01,3293.0,1235.75
randomforest,2023-08-01,1368.0,1112.03
randomforest,2023-09-01,723.0,1001.5
randomforest,2023-10-01,757.0,1065.63
randomforest,2023-11-01,520.0,969.05
randomforest,2023-12-01,360.0,881.2
randomforest,2024-01-01,766.0,940.61
randomforest,2024-02-01,3890.0,1062.12
randomforest,2024-03-01,4331.0,1247.05
randomforest,2023-05-01,2531.0,1458.08
randomforest,2023-06-01,2870.0,1516.21
randomforest,2023-07-01,3293.0,1470.5
randomforest,2023-08-01,1368.0,1250.56
randomforest,2023-09-01,723.0,1040.34
randomforest,2023-10-01,757.0,1171.46
randomforest,2023-11-01,520.0,1089.75
randomforest,2023-12-01,360.0,1359.39
randomforest,2024-01-01,766.0,1495.3
randomforest,2024-02-01,3890.0,1463.84
randomforest,2024-03-01,4331.0,1500.33
randomforest,2024-04-01,2181.0,1212.68
randomforest,2023-06-01,2870.0,2061.46
randomforest,2023-07-01,3293.0,1912.49
randomforest,2023-08-01,1368.0,1823.85
randomforest,2023-09-01,723.0,1567.0
randomforest,2023-10-01,757.0,1427.98
randomforest,2023-11-01,520.0,1278.08
randomforest,2023-12-01,360.0,1281.28
randomforest,2024-01-01,766.0,1315.34
randomforest,2024-02-01,3890.0,1297.21
randomforest,2024-03-01,4331.0,1338.02
randomforest,2024-04-01,2181.0,1336.57
randomforest,2024-05-01,1432.0,1168.91
randomforest,2023-07-01,3293.0,2289.81
randomforest,2023-08-01,1368.0,2207.85
randomforest,2023-09-01,723.0,1998.25
randomforest,2023-10-01,757.0,1880.78
randomforest,2023-11-01,520.0,1821.51
randomforest,2023-12-01,360.0,1532.14
randomforest,2024-01-01,766.0,1308.01
randomforest,2024-02-01,3890.0,1275.13
randomforest,2024-03-01,4331.0,1238.38
randomforest,2024-04-01,2181.0,1228.98
randomforest,2024-05-01,1432.0,1082.67
randomforest,2024-06-01,1147.0,1049.31
randomforest,2023-08-01,1368.0,2703.08
randomforest,2023-09-01,723.0,2544.35
randomforest,2023-10-01,757.0,2348.99
randomforest,2023-11-01,520.0,2179.55
randomforest,2023-12-01,360.0,1778.04
randomforest,2024-01-01,766.0,1573.38
randomforest,2024-02-01,3890.0,1371.23
randomforest,2024-03-01,4331.0,1188.74
randomforest,2024-04-01,2181.0,1162.23
randomforest,2024-05-01,1432.0,1001.19
randomforest,2024-06-01,1147.0,998.4
randomforest,2024-07-01,725.0,1020.69
randomforest,2023-09-01,723.0,1683.75
randomforest,2023-10-01,757.0,1688.43
randomforest,2023-11-01,520.0,1547.3
randomforest,2023-12-01,360.0,1492.15
randomforest,2024-01-01,766.0,1425.98
randomforest,2024-02-01,3890.0,1450.14
randomforest,2024-03-01,4331.0,1444.57
randomforest,2024-04-01,2181.0,1409.57
randomforest,2024-05-01,1432.0,1238.05
randomforest,2024-06-01,1147.0,1214.4
randomforest,2024-07-01,725.0,1223.22
randomforest,2024-08-01,703.0,1219.15
randomforest,2023-10-01,757.0,856.66
randomforest,2023-11-01,520.0,752.18
randomforest,2023-12-01,360.0,904.6
randomforest,2024-01-01,766.0,1029.76
randomforest,2024-02-01,3890.0,1433.91
randomforest,2024-03-01,4331.0,1600.36
randomforest,2024-04-01,2181.0,1412.3
randomforest,2024-05-01,1432.0,999.86
randomforest,2024-06-01,1147.0,883.47
randomforest,2024-07-01,725.0,646.93
randomforest,2024-08-01,703.0,637.62
randomforest,2024-09-01,721.0,637.55
randomforest,2023-11-01,520.0,732.16
randomforest,2023-12-01,360.0,889.23
randomforest,2024-01-01,766.0,1035.24
randomforest,2024-02-01,3890.0,1415.54
randomforest,2024-03-01,4331.0,1505.92
randomforest,2024-04-01,2181.0,1375.31
randomforest,2024-05-01,1432.0,995.47
randomforest,2024-06-01,1147.0,859.89
randomforest,2024-07-01,725.0,665.56
randomforest,2024-08-01,703.0,629.94
randomforest,2024-09-01,721.0,645.47
randomforest,2024-10-01,471.0,782.35
randomforest,2023-12-01,360.0,433.02
randomforest,2024-01-01,766.0,439.07
randomforest,2024-02-01,3890.0,452.55
randomforest,2024-03-01,4331.0,518.56
randomforest,2024-04-01,2181.0,499.55
randomforest,2024-05-01,1432.0,486.34
randomforest,2024-06-01,1147.0,472.15
randomforest,2024-07-01,725.0,398.44
randomforest,2024-08-01,703.0,285.07
randomforest,2024-09-01,721.0,254.16
randomforest,2024-10-01,471.0,255.7
randomforest,2024-11-01,358.0,234.3
randomforest,2024-01-01,766.0,319.73
randomforest,2024-02-01,3890.0,354.67
randomforest,2024-03-01,4331.0,471.37
randomforest,2024-04-01,2181.0,516.66
randomforest,2024-05-01,1432.0,514.7
randomforest,2024-06-01,1147.0,481.81
randomforest,2024-07-01,725.0,404.76
randomforest,2024-08-01,703.0,320.06
randomforest,2024-09-01,721.0,249.96
randomforest,2024-10-01,471.0,250.73
randomforest,2024-11-01,358.0,245.2
randomforest,2024-12-01,371.0,249.63
timesfm,2014-01-01,348.0,215.6595458984375
timesfm,2014-02-01,537.0,268.28802490234375
timesfm,2014-03-01,1140.0,363.94561767578125
timesfm,2014-04-01,1529.0,456.8016662597656
timesfm,2014-05-01,1204.0,564.6829833984375
timesfm,2014-06-01,953.0,485.42633056640625
timesfm,2014-07-01,586.0,390.6630554199219
timesfm,2014-08-01,515.0,275.5361633300781
timesfm,2014-09-01,306.0,217.6414031982422
timesfm,2014-10-01,315.0,215.11663818359375
timesfm,2014-11-01,356.0,197.7844696044922
timesfm,2014-12-01,228.0,211.611572265625
timesfm,2014-02-01,537.0,346.2147216796875
timesfm,2014-03-01,1140.0,419.2910461425781
timesfm,2014-04-01,1529.0,558.3345336914062
timesfm,2014-05-01,1204.0,687.7660522460938
timesfm,2014-06-01,953.0,588.72265625
timesfm,2014-07-01,586.0,467.30926513671875
timesfm,2014-08-01,515.0,312.54443359375
timesfm,2014-09-01,306.0,223.0458984375
timesfm,2014-10-01,315.0,232.86351013183594
timesfm,2014-11-01,356.0,249.36062622070312
timesfm,2014-12-01,228.0,240.07090759277344
timesfm,2015-01-01,233.0,221.240234375
timesfm,2014-03-01,1140.0,568.8818359375
timesfm,2014-04-01,1529.0,655.3881225585938
timesfm,2014-05-01,1204.0,844.0942993164062
timesfm,2014-06-01,953.0,729.6129150390625
timesfm,2014-07-01,586.0,597.9436645507812
timesfm,2014-08-01,515.0,392.8152770996094
timesfm,2014-09-01,306.0,272.3427734375
timesfm,2014-10-01,315.0,254.38966369628906
timesfm,2014-11-01,356.0,253.52989196777344
timesfm,2014-12-01,228.0,292.5614013671875
timesfm,2015-01-01,233.0,204.82986450195312
timesfm,2015-02-01,277.0,315.8656921386719
timesfm,2014-04-01,1529.0,1074.501708984375
timesfm,2014-05-01,1204.0,1110.2840576171875
timesfm,2014-06-01,953.0,936.3989868164062
timesfm,2014-07-01,586.0,765.8731689453125
timesfm,2014-08-01,515.0,517.5089111328125
timesfm,2014-09-01,306.0,367.09197998046875
timesfm,2014-10-01,315.0,307.6065673828125
timesfm,2014-11-01,356.0,288.27044677734375
timesfm,2014-12-01,228.0,316.90667724609375
timesfm,2015-01-01,233.0,278.1077575683594
timesfm,2015-02-01,277.0,363.89544677734375
timesfm,2015-03-01,756.0,470.5575866699219
timesfm,2014-05-01,1204.0,1493.36083984375
timesfm,2014-06-01,953.0,1167.0439453125
timesfm,2014-07-01,586.0,911.7000732421875
timesfm,2014-08-01,515.0,608.37255859375
timesfm,2014-09-01,306.0,421.9371643066406
timesfm,2014-10-01,315.0,352.8440856933594
timesfm,2014-11-01,356.0,318.7490234375
timesfm,2014-12-01,228.0,316.15814208984375
timesfm,2015-01-01,233.0,258.4630126953125
timesfm,2015-02-01,277.0,384.8650207519531
timesfm,2015-03-01,756.0,500.8010559082031
timesfm,2015-04-01,1079.0,686.7003173828125
timesfm,2014-06-01,953.0,991.5108032226562
timesfm,2014-07-01,586.0,777.02392578125
timesfm,2014-08-01,515.0,529.2593994140625
timesfm,2014-09-01,306.0,377.2210693359375
timesfm,2014-10-01,315.0,316.0902099609375
timesfm,2014-11-01,356.0,304.5574951171875
timesfm,2014-12-01,228.0,314.4759521484375
timesfm,2015-01-01,233.0,266.16583251953125
timesfm,2015-02-01,277.0,404.8473815917969
timesfm,2015-03-01,756.0,510.77197265625
timesfm,2015-04-01,1079.0,670.647705078125
timesfm,2015-05-01,1256.0,844.89501953125
timesfm,2014-07-01,586.0,785.4320678710938
timesfm,2014-08-01,515.0,502.0214538574219
timesfm,2014-09-01,306.0,374.8273010253906
timesfm,2014-10-01,315.0,328.8394470214844
timesfm,2014-11-01,356.0,295.6292724609375
timesfm,2014-12-01,228.0,303.62628173828125
timesfm,2015-01-01,233.0,251.4065704345703
timesfm,2015-02-01,277.0,386.0384216308594
timesfm,2015-03-01,756.0,508.72967529296875
timesfm,2015-04-01,1079.0,665.239501953125
timesfm,2015-05-01,1256.0,846.1439819335938
timesfm,2015-06-01,949.0,697.894287109375
timesfm,2014-08-01,515.0,397.2786865234375
timesfm,2014-09-01,306.0,280.387451171875
timesfm,2014-10-01,315.0,261.17572021484375
timesfm,2014-11-01,356.0,258.160400390625
timesfm,2014-12-01,228.0,247.14385986328125
timesfm,2015-01-01,233.0,171.70986938476562
timesfm,2015-02-01,277.0,304.0025939941406
timesfm,2015-03-01,756.0,429.8165283203125
timesfm,2015-04-01,1079.0,594.1494750976562
timesfm,2015-05-01,1256.0,773.89404296875
timesfm,2015-06-01,949.0,624.6334838867188
timesfm,2015-07-01,1211.0,484.78802490234375
timesfm,2014-09-01,306.0,357.2152099609375
timesfm,2014-10-01,315.0,314.2380676269531
timesfm,2014-11-01,356.0,305.5710144042969
timesfm,2014-12-01,228.0,300.91400146484375
timesfm,2015-01-01,233.0,245.0403594970703
timesfm,2015-02-01,277.0,354.16314697265625
timesfm,2015-03-01,756.0,463.60162353515625
timesfm,2015-04-01,1079.0,642.0198364257812
timesfm,2015-05-01,1256.0,785.3633422851562
timesfm,2015-06-01,949.0,631.9210815429688
timesfm,2015-07-01,1211.0,517.7022094726562
timesfm,2015-08-01,1120.0,336.552001953125
timesfm,2014-10-01,315.0,280.85418701171875
timesfm,2014-11-01,356.0,269.818359375
timesfm,2014-12-01,228.0,288.3152160644531
timesfm,2015-01-01,233.0,231.0899200439453
timesfm,2015-02-01,277.0,334.6080017089844
timesfm,2015-03-01,756.0,434.892822265625
timesfm,2015-04-01,1079.0,570.9554443359375
timesfm,2015-05-01,1256.0,775.8262939453125
timesfm,2015-06-01,949.0,608.9695434570312
timesfm,2015-07-01,1211.0,474.7840270996094
timesfm,2015-08-01,1120.0,323.4752197265625
timesfm,2015-09-01,773.0,259.31280517578125
timesfm,2014-11-01,356.0,326.03826904296875
timesfm,2014-12-01,228.0,327.3539123535156
timesfm,2015-01-01,233.0,284.5883483886719
timesfm,2015-02-01,277.0,406.5966796875
timesfm,2015-03-01,756.0,508.5675354003906
timesfm,2015-04-01,1079.0,661.0230712890625
timesfm,2015-05-01,1256.0,842.767578125
timesfm,2015-06-01,949.0,710.4635009765625
timesfm,2015-07-01,1211.0,550.9405517578125
timesfm,2015-08-01,1120.0,353.58355712890625
timesfm,2015-09-01,773.0,293.021484375
timesfm,2015-10-01,389.0,309.27838134765625
timesfm,2014-12-01,228.0,381.144775390625
timesfm,2015-01-01,233.0,323.6429748535156
timesfm,2015-02-01,277.0,464.453369140625
timesfm,2015-03-01,756.0,593.8922729492188
timesfm,2015-04-01,1079.0,755.419921875
timesfm,2015-05-01,1256.0,894.3123168945312
timesfm,2015-06-01,949.0,715.1541137695312
timesfm,2015-07-01,1211.0,569.0282592773438
timesfm,2015-08-01,1120.0,376.6640930175781
timesfm,2015-09-01,773.0,313.9662170410156
timesfm,2015-10-01,389.0,322.9088134765625
timesfm,2015-11-01,380.0,352.5711669921875
timesfm,2015-01-01,233.0,225.5042724609375
timesfm,2015-02-01,277.0,338.2927551269531
timesfm,2015-03-01,756.0,497.53277587890625
timesfm,2015-04-01,1079.0,687.6763305664062
timesfm,2015-05-01,1256.0,853.1798706054688
timesfm,2015-06-01,949.0,654.9954223632812
timesfm,2015-07-01,1211.0,492.0918884277344
timesfm,2015-08-01,1120.0,326.50714111328125
timesfm,2015-09-01,773.0,254.40872192382812
timesfm,2015-10-01,389.0,289.50323486328125
timesfm,2015-11-01,380.0,308.3416748046875
timesfm,2015-12-01,273.0,345.2080383300781
timesfm,2015-02-01,277.0,300.18902587890625
timesfm,2015-03-01,756.0,398.7814636230469
timesfm,2015-04-01,1079.0,601.4846801757812
timesfm,2015-05-01,1256.0,753.0355834960938
timesfm,2015-06-01,949.0,675.940673828125
timesfm,2015-07-01,1211.0,498.73211669921875
timesfm,2015-08-01,1120.0,351.45892333984375
timesfm,2015-09-01,773.0,296.2098388671875
timesfm,2015-10-01,389.0,304.1053466796875
timesfm,2015-11-01,380.0,331.3161315917969
timesfm,2015-12-01,273.0,349.6014404296875
timesfm,2016-01-01,419.0,411.6857604980469
timesfm,2015-03-01,756.0,381.26904296875
timesfm,2015-04-01,1079.0,528.2103271484375
timesfm,2015-05-01,1256.0,657.2019653320312
timesfm,2015-06-01,949.0,596.7030639648438
timesfm,2015-07-01,1211.0,466.5249328613281
timesfm,2015-08-01,1120.0,305.3515625
timesfm,2015-09-01,773.0,233.6297149658203
timesfm,2015-10-01,389.0,262.41351318359375
timesfm,2015-11-01,380.0,289.01397705078125
timesfm,2015-12-01,273.0,330.5556335449219
timesfm,2016-01-01,419.0,380.5893859863281
timesfm,2016-02-01,709.0,549.1847534179688
timesfm,2015-04-01,1079.0,900.228271484375
timesfm,2015-05-01,1256.0,938.1260986328125
timesfm,2015-06-01,949.0,765.2261962890625
timesfm,2015-07-01,1211.0,567.9671020507812
timesfm,2015-08-01,1120.0,398.74114990234375
timesfm,2015-09-01,773.0,309.918212890625
timesfm,2015-10-01,389.0,326.420166015625
timesfm,2015-11-01,380.0,381.2821960449219
timesfm,2015-12-01,273.0,412.52862548828125
timesfm,2016-01-01,419.0,485.5110168457031
timesfm,2016-02-01,709.0,636.9207763671875
timesfm,2016-03-01,511.0,866.6627197265625
timesfm,2015-05-01,1256.0,1158.8033447265625
timesfm,2015-06-01,949.0,914.0093994140625
timesfm,2015-07-01,1211.0,606.2576293945312
timesfm,2015-08-01,1120.0,409.209228515625
timesfm,2015-09-01,773.0,311.79449462890625
timesfm,2015-10-01,389.0,317.56524658203125
timesfm,2015-11-01,380.0,370.2163391113281
timesfm,2015-12-01,273.0,428.5782775878906
timesfm,2016-01-01,419.0,523.1168823242188
timesfm,2016-02-01,709.0,653.5567626953125
timesfm,2016-03-01,511.0,859.113037109375
timesfm,2016-04-01,366.0,1087.43408203125
timesfm,2015-06-01,949.0,1031.62744140625
timesfm,2015-07-01,1211.0,772.0258178710938
timesfm,2015-08-01,1120.0,512.2711181640625
timesfm,2015-09-01,773.0,370.9176330566406
timesfm,2015-10-01,389.0,385.58795166015625
timesfm,2015-11-01,380.0,410.77850341796875
timesfm,2015-12-01,273.0,465.76971435546875
timesfm,2016-01-01,419.0,580.702880859375
timesfm,2016-02-01,709.0,704.04296875
timesfm,2016-03-01,511.0,883.6326293945312
timesfm,2016-04-01,366.0,1108.57568359375
timesfm,2016-05-01,421.0,1221.2462158203125
timesfm,2015-07-01,1211.0,703.8636474609375
timesfm,2015-08-01,1120.0,507.83135986328125
timesfm,2015-09-01,773.0,373.7666931152344
timesfm,2015-10-01,389.0,368.9331359863281
timesfm,2015-11-01,380.0,414.4456481933594
timesfm,2015-12-01,273.0,450.7976989746094
timesfm,2016-01-01,419.0,550.11865234375
timesfm,2016-02-01,709.0,730.6271362304688
timesfm,2016-03-01,511.0,918.2844848632812
timesfm,2016-04-01,366.0,1103.0406494140625
timesfm,2016-05-01,421.0,1197.15625
timesfm,2016-06-01,327.0,1034.06201171875
timesfm,2015-08-01,1120.0,815.3534545898438
timesfm,2015-09-01,773.0,607.0128173828125
timesfm,2015-10-01,389.0,519.9080810546875
timesfm,2015-11-01,380.0,494.3781433105469
timesfm,2015-12-01,273.0,549.3658447265625
timesfm,2016-01-01,419.0,630.7928466796875
timesfm,2016-02-01,709.0,770.2523803710938
timesfm,2016-03-01,511.0,986.4649047851562
timesfm,2016-04-01,366.0,1153.169677734375
timesfm,2016-05-01,421.0,1194.265869140625
timesfm,2016-06-01,327.0,1030.758544921875
timesfm,2016-07-01,325.0,851.5338745117188
timesfm,2015-09-01,773.0,835.4710083007812
timesfm,2015-10-01,389.0,728.4111938476562
timesfm,2015-11-01,380.0,683.8443603515625
timesfm,2015-12-01,273.0,684.7128295898438
timesfm,2016-01-01,419.0,788.09423828125
timesfm,2016-02-01,709.0,910.133056640625
timesfm,2016-03-01,511.0,1051.717041015625
timesfm,2016-04-01,366.0,1244.9732666015625
timesfm,2016-05-01,421.0,1258.4195556640625
timesfm,2016-06-01,327.0,1031.7421875
timesfm,2016-07-01,325.0,824.399658203125
timesfm,2016-08-01,210.0,588.8345336914062
timesfm,2015-10-01,389.0,634.6484985351562
timesfm,2015-11-01,380.0,625.7510375976562
timesfm,2015-12-01,273.0,682.8485717773438
timesfm,2016-01-01,419.0,781.3915405273438
timesfm,2016-02-01,709.0,966.5087890625
timesfm,2016-03-01,511.0,1142.76611328125
timesfm,2016-04-01,366.0,1276.1492919921875
timesfm,2016-05-01,421.0,1277.0069580078125
timesfm,2016-06-01,327.0,1089.67333984375
timesfm,2016-07-01,325.0,853.7423095703125
timesfm,2016-08-01,210.0,617.5476684570312
timesfm,2016-09-01,227.0,398.54425048828125
timesfm,2015-11-01,380.0,393.5963134765625
timesfm,2015-12-01,273.0,487.8993835449219
timesfm,2016-01-01,419.0,619.0784301757812
timesfm,2016-02-01,709.0,815.8099365234375
timesfm,2016-03-01,511.0,1079.5716552734375
timesfm,2016-04-01,366.0,1241.7275390625
timesfm,2016-05-01,421.0,1242.701171875
timesfm,2016-06-01,327.0,1067.049072265625
timesfm,2016-07-01,325.0,864.5137939453125
timesfm,2016-08-01,210.0,574.9976806640625
timesfm,2016-09-01,227.0,363.6399230957031
timesfm,2016-10-01,324.0,285.937255859375
timesfm,2015-12-01,273.0,385.09466552734375
timesfm,2016-01-01,419.0,546.5828857421875
timesfm,2016-02-01,709.0,729.9423217773438
timesfm,2016-03-01,511.0,1004.6264038085938
timesfm,2016-04-01,366.0,1244.1075439453125
timesfm,2016-05-01,421.0,1283.78271484375
timesfm,2016-06-01,327.0,1093.4375
timesfm,2016-07-01,325.0,885.161865234375
timesfm,2016-08-01,210.0,646.95263671875
timesfm,2016-09-01,227.0,384.75933837890625
timesfm,2016-10-01,324.0,288.41650390625
timesfm,2016-11-01,245.0,233.20852661132812
timesfm,2016-01-01,419.0,347.7752380371094
timesfm,2016-02-01,709.0,582.4977416992188
timesfm,2016-03-01,511.0,854.291259765625
timesfm,2016-04-01,366.0,1094.2005615234375
timesfm,2016-05-01,421.0,1180.5281982421875
timesfm,2016-06-01,327.0,1018.93408203125
timesfm,2016-07-01,325.0,827.4539184570312
timesfm,2016-08-01,210.0,590.0203247070312
timesfm,2016-09-01,227.0,396.87164306640625
timesfm,2016-10-01,324.0,268.55859375
timesfm,2016-11-01,245.0,220.31826782226562
timesfm,2016-12-01,225.0,220.6254425048828
timesfm,2016-02-01,709.0,536.6018676757812
timesfm,2016-03-01,511.0,847.8206787109375
timesfm,2016-04-01,366.0,1070.44482421875
timesfm,2016-05-01,421.0,1151.9046630859375
timesfm,2016-06-01,327.0,1026.859130859375
timesfm,2016-07-01,325.0,814.188232421875
timesfm,2016-08-01,210.0,593.4260864257812
timesfm,2016-09-01,227.0,383.53741455078125
timesfm,2016-10-01,324.0,266.56414794921875
timesfm,2016-11-01,245.0,214.77772521972656
timesfm,2016-12-01,225.0,204.96365356445312
timesfm,2017-01-01,312.0,257.01904296875
timesfm,2016-03-01,511.0,973.6986083984375
timesfm,2016-04-01,366.0,1209.155029296875
timesfm,2016-05-01,421.0,1239.0145263671875
timesfm,2016-06-01,327.0,1068.128662109375
timesfm,2016-07-01,325.0,835.8212890625
timesfm,2016-08-01,210.0,554.0048217773438
timesfm,2016-09-01,227.0,353.93914794921875
timesfm,2016-10-01,324.0,269.48809814453125
timesfm,2016-11-01,245.0,235.8372802734375
timesfm,2016-12-01,225.0,227.32748413085938
timesfm,2017-01-01,312.0,265.8672180175781
timesfm,2017-02-01,208.0,376.341064453125
timesfm,2016-04-01,366.0,753.007080078125
timesfm,2016-05-01,421.0,926.8477783203125
timesfm,2016-06-01,327.0,858.4525756835938
timesfm,2016-07-01,325.0,714.6526489257812
timesfm,2016-08-01,210.0,526.4525146484375
timesfm,2016-09-01,227.0,324.01947021484375
timesfm,2016-10-01,324.0,258.41302490234375
timesfm,2016-11-01,245.0,237.6656036376953
timesfm,2016-12-01,225.0,242.2193145751953
timesfm,2017-01-01,312.0,268.7801513671875
timesfm,2017-02-01,208.0,345.35198974609375
timesfm,2017-03-01,214.0,511.5168762207031
timesfm,2016-05-01,421.0,553.791015625
timesfm,2016-06-01,327.0,599.4876098632812
timesfm,2016-07-01,325.0,530.1513671875
timesfm,2016-08-01,210.0,386.0023498535156
timesfm,2016-09-01,227.0,266.660400390625
timesfm,2016-10-01,324.0,188.1258544921875
timesfm,2016-11-01,245.0,181.6316680908203
timesfm,2016-12-01,225.0,206.00982666015625
timesfm,2017-01-01,312.0,231.98426818847656
timesfm,2017-02-01,208.0,306.6033020019531
timesfm,2017-03-01,214.0,441.2345886230469
timesfm,2017-04-01,367.0,606.7667236328125
timesfm,2016-06-01,327.0,506.53033447265625
timesfm,2016-07-01,325.0,485.8203430175781
timesfm,2016-08-01,210.0,367.7151794433594
timesfm,2016-09-01,227.0,242.6871337890625
timesfm,2016-10-01,324.0,218.42726135253906
timesfm,2016-11-01,245.0,178.31906127929688
timesfm,2016-12-01,225.0,191.28921508789062
timesfm,2017-01-01,312.0,229.650634765625
timesfm,2017-02-01,208.0,291.64593505859375
timesfm,2017-03-01,214.0,409.0950012207031
timesfm,2017-04-01,367.0,545.867919921875
timesfm,2017-05-01,281.0,660.3516845703125
timesfm,2016-07-01,325.0,390.50506591796875
timesfm,2016-08-01,210.0,309.98919677734375
timesfm,2016-09-01,227.0,212.631591796875
timesfm,2016-10-01,324.0,179.95445251464844
timesfm,2016-11-01,245.0,210.363037109375
timesfm,2016-12-01,225.0,190.4752197265625
timesfm,2017-01-01,312.0,228.28721618652344
timesfm,2017-02-01,208.0,308.585205078125
timesfm,2017-03-01,214.0,408.9370422363281
timesfm,2017-04-01,367.0,527.1129150390625
timesfm,2017-05-01,281.0,619.9856567382812
timesfm,2017-06-01,211.0,622.14208984375
timesfm,2016-08-01,210.0,289.92529296875
timesfm,2016-09-01,227.0,201.55177307128906
timesfm,2016-10-01,324.0,177.74069213867188
timesfm,2016-11-01,245.0,172.1273651123047
timesfm,2016-12-01,225.0,227.14089965820312
timesfm,2017-01-01,312.0,237.13720703125
timesfm,2017-02-01,208.0,305.869140625
timesfm,2017-03-01,214.0,444.07421875
timesfm,2017-04-01,367.0,562.2257080078125
timesfm,2017-05-01,281.0,652.6228637695312
timesfm,2017-06-01,211.0,607.6655883789062
timesfm,2017-07-01,360.0,573.9789428710938
timesfm,2016-09-01,227.0,141.0922088623047
timesfm,2016-10-01,324.0,147.79539489746094
timesfm,2016-11-01,245.0,167.91305541992188
timesfm,2016-12-01,225.0,189.85858154296875
timesfm,2017-01-01,312.0,252.0703125
timesfm,2017-02-01,208.0,300.1939697265625
timesfm,2017-03-01,214.0,423.1110534667969
timesfm,2017-04-01,367.0,573.9468994140625
timesfm,2017-05-01,281.0,660.469970703125
timesfm,2017-06-01,211.0,590.1580810546875
timesfm,2017-07-01,360.0,495.1229553222656
timesfm,2017-08-01,241.0,408.8550720214844
timesfm,2016-10-01,324.0,189.20677185058594
timesfm,2016-11-01,245.0,194.69131469726562
timesfm,2016-12-01,225.0,222.20303344726562
timesfm,2017-01-01,312.0,242.1930694580078
timesfm,2017-02-01,208.0,357.4931640625
timesfm,2017-03-01,214.0,486.2769470214844
timesfm,2017-04-01,367.0,620.5761108398438
timesfm,2017-05-01,281.0,739.9202270507812
timesfm,2017-06-01,211.0,660.9876098632812
timesfm,2017-07-01,360.0,565.2635498046875
timesfm,2017-08-01,241.0,431.92138671875
timesfm,2017-09-01,174.0,336.95947265625
timesfm,2016-11-01,245.0,289.13726806640625
timesfm,2016-12-01,225.0,304.5049133300781
timesfm,2017-01-01,312.0,341.58331298828125
timesfm,2017-02-01,208.0,409.6615905761719
timesfm,2017-03-01,214.0,588.1678466796875
timesfm,2017-04-01,367.0,733.1703491210938
timesfm,2017-05-01,281.0,832.6571655273438
timesfm,2017-06-01,211.0,731.2266845703125
timesfm,2017-07-01,360.0,597.3995361328125
timesfm,2017-08-01,241.0,455.7400817871094
timesfm,2017-09-01,174.0,323.7845764160156
timesfm,2017-10-01,272.0,314.65325927734375
timesfm,2016-12-01,225.0,247.6988067626953
timesfm,2017-01-01,312.0,277.21685791015625
timesfm,2017-02-01,208.0,363.6401672363281
timesfm,2017-03-01,214.0,486.50726318359375
timesfm,2017-04-01,367.0,663.3829345703125
timesfm,2017-05-01,281.0,768.5472412109375
timesfm,2017-06-01,211.0,687.906005859375
timesfm,2017-07-01,360.0,592.9951171875
timesfm,2017-08-01,241.0,446.817138671875
timesfm,2017-09-01,174.0,306.33905029296875
timesfm,2017-10-01,272.0,279.89813232421875
timesfm,2017-11-01,156.0,304.9356994628906
timesfm,2017-01-01,312.0,243.63510131835938
timesfm,2017-02-01,208.0,324.38775634765625
timesfm,2017-03-01,214.0,486.490966796875
timesfm,2017-04-01,367.0,673.1378173828125
timesfm,2017-05-01,281.0,832.1040649414062
timesfm,2017-06-01,211.0,737.3399047851562
timesfm,2017-07-01,360.0,628.5501708984375
timesfm,2017-08-01,241.0,475.9341735839844
timesfm,2017-09-01,174.0,325.81011962890625
timesfm,2017-10-01,272.0,262.77685546875
timesfm,2017-11-01,156.0,265.958251953125
timesfm,2017-12-01,256.0,332.68084716796875
timesfm,2017-02-01,208.0,341.76190185546875
timesfm,2017-03-01,214.0,479.8002624511719
timesfm,2017-04-01,367.0,669.64404296875
timesfm,2017-05-01,281.0,785.9297485351562
timesfm,2017-06-01,211.0,729.979736328125
timesfm,2017-07-01,360.0,629.41943359375
timesfm,2017-08-01,241.0,484.0278015136719
timesfm,2017-09-01,174.0,347.4071044921875
timesfm,2017-10-01,272.0,300.71240234375
timesfm,2017-11-01,156.0,266.78253173828125
timesfm,2017-12-01,256.0,304.17913818359375
timesfm,2018-01-01,220.0,406.29962158203125
timesfm,2017-03-01,214.0,272.57855224609375
timesfm,2017-04-01,367.0,482.48260498046875
timesfm,2017-05-01,281.0,657.0615844726562
timesfm,2017-06-01,211.0,620.1688232421875
timesfm,2017-07-01,360.0,577.37353515625
timesfm,2017-08-01,241.0,464.17132568359375
timesfm,2017-09-01,174.0,345.39703369140625
timesfm,2017-10-01,272.0,318.20806884765625
timesfm,2017-11-01,156.0,294.50738525390625
timesfm,2017-12-01,256.0,309.076904296875
timesfm,2018-01-01,220.0,359.7393798828125
timesfm,2018-02-01,191.0,485.4029846191406
timesfm,2017-04-01,367.0,303.8616027832031
timesfm,2017-05-01,281.0,482.01556396484375
timesfm,2017-06-01,211.0,499.29150390625
timesfm,2017-07-01,360.0,478.3301086425781
timesfm,2017-08-01,241.0,411.56939697265625
timesfm,2017-09-01,174.0,309.5948486328125
timesfm,2017-10-01,272.0,286.6074523925781
timesfm,2017-11-01,156.0,279.0890197753906
timesfm,2017-12-01,256.0,290.64208984375
timesfm,2018-01-01,220.0,338.8974609375
timesfm,2018-02-01,191.0,438.5193176269531
timesfm,2018-03-01,224.0,568.835205078125
timesfm,2017-05-01,281.0,488.75897216796875
timesfm,2017-06-01,211.0,513.6121826171875
timesfm,2017-07-01,360.0,503.6769714355469
timesfm,2017-08-01,241.0,424.1524963378906
timesfm,2017-09-01,174.0,330.38525390625
timesfm,2017-10-01,272.0,311.18377685546875
timesfm,2017-11-01,156.0,288.49676513671875
timesfm,2017-12-01,256.0,314.4263916015625
timesfm,2018-01-01,220.0,369.3616027832031
timesfm,2018-02-01,191.0,458.17755126953125
timesfm,2018-03-01,224.0,568.6336059570312
timesfm,2018-04-01,191.0,698.6631469726562
timesfm,2017-06-01,211.0,313.34027099609375
timesfm,2017-07-01,360.0,336.6209411621094
timesfm,2017-08-01,241.0,300.9734802246094
timesfm,2017-09-01,174.0,233.09902954101562
timesfm,2017-10-01,272.0,243.56517028808594
timesfm,2017-11-01,156.0,239.54608154296875
timesfm,2017-12-01,256.0,262.0123291015625
timesfm,2018-01-01,220.0,329.8030090332031
timesfm,2018-02-01,191.0,423.58941650390625
timesfm,2018-03-01,224.0,540.2145385742188
timesfm,2018-04-01,191.0,628.3989868164062
timesfm,2018-05-01,153.0,690.1805419921875
timesfm,2017-07-01,360.0,248.13023376464844
timesfm,2017-08-01,241.0,240.65875244140625
timesfm,2017-09-01,174.0,209.42440795898438
timesfm,2017-10-01,272.0,222.02688598632812
timesfm,2017-11-01,156.0,234.7487335205078
timesfm,2017-12-01,256.0,253.35679626464844
timesfm,2018-01-01,220.0,307.00469970703125
timesfm,2018-02-01,191.0,398.2569274902344
timesfm,2018-03-01,224.0,519.729248046875
timesfm,2018-04-01,191.0,632.4694213867188
timesfm,2018-05-01,153.0,674.0974731445312
timesfm,2018-06-01,118.0,606.8709716796875
timesfm,2017-08-01,241.0,349.1903076171875
timesfm,2017-09-01,174.0,291.5255126953125
timesfm,2017-10-01,272.0,287.32452392578125
timesfm,2017-11-01,156.0,282.009033203125
timesfm,2017-12-01,256.0,318.9976501464844
timesfm,2018-01-01,220.0,364.93267822265625
timesfm,2018-02-01,191.0,431.096435546875
timesfm,2018-03-01,224.0,513.2267456054688
timesfm,2018-04-01,191.0,595.19189453125
timesfm,2018-05-01,153.0,651.2191162109375
timesfm,2018-06-01,118.0,580.0604248046875
timesfm,2018-07-01,178.0,505.97247314453125
timesfm,2017-09-01,174.0,213.24978637695312
timesfm,2017-10-01,272.0,218.78976440429688
timesfm,2017-11-01,156.0,227.42987060546875
timesfm,2017-12-01,256.0,248.0373992919922
timesfm,2018-01-01,220.0,318.35467529296875
timesfm,2018-02-01,191.0,395.740234375
timesfm,2018-03-01,224.0,486.96990966796875
timesfm,2018-04-01,191.0,561.8809814453125
timesfm,2018-05-01,153.0,611.8294067382812
timesfm,2018-06-01,118.0,550.9451904296875
timesfm,2018-07-01,178.0,459.9333801269531
timesfm,2018-08-01,114.0,373.4423828125
timesfm,2017-10-01,272.0,174.64096069335938
timesfm,2017-11-01,156.0,190.34262084960938
timesfm,2017-12-01,256.0,212.87747192382812
timesfm,2018-01-01,220.0,261.87408447265625
timesfm,2018-02-01,191.0,363.3458557128906
timesfm,2018-03-01,224.0,467.0707702636719
timesfm,2018-04-01,191.0,549.4098510742188
timesfm,2018-05-01,153.0,562.4848022460938
timesfm,2018-06-01,118.0,489.70538330078125
timesfm,2018-07-01,178.0,407.92877197265625
timesfm,2018-08-01,114.0,316.23193359375
timesfm,2018-09-01,136.0,265.692138671875
timesfm,2017-11-01,156.0,242.39793395996094
timesfm,2017-12-01,256.0,271.40362548828125
timesfm,2018-01-01,220.0,328.57928466796875
timesfm,2018-02-01,191.0,408.06768798828125
timesfm,2018-03-01,224.0,550.2386474609375
timesfm,2018-04-01,191.0,656.7933959960938
timesfm,2018-05-01,153.0,637.3635864257812
timesfm,2018-06-01,118.0,520.431640625
timesfm,2018-07-01,178.0,424.7133483886719
timesfm,2018-08-01,114.0,321.279296875
timesfm,2018-09-01,136.0,254.4475860595703
timesfm,2018-10-01,162.0,256.119873046875
timesfm,2017-12-01,256.0,153.08961486816406
timesfm,2018-01-01,220.0,238.77381896972656
timesfm,2018-02-01,191.0,358.125732421875
timesfm,2018-03-01,224.0,491.3756103515625
timesfm,2018-04-01,191.0,622.2529296875
timesfm,2018-05-01,153.0,647.6205444335938
timesfm,2018-06-01,118.0,535.2696533203125
timesfm,2018-07-01,178.0,411.1627502441406
timesfm,2018-08-01,114.0,302.7279052734375
timesfm,2018-09-01,136.0,223.2059326171875
timesfm,2018-10-01,162.0,209.370849609375
timesfm,2018-11-01,125.0,214.50538635253906
timesfm,2018-01-01,220.0,294.8498229980469
timesfm,2018-02-01,191.0,401.293212890625
timesfm,2018-03-01,224.0,567.3165283203125
timesfm,2018-04-01,191.0,695.17529296875
timesfm,2018-05-01,153.0,718.1265869140625
timesfm,2018-06-01,118.0,616.909423828125
timesfm,2018-07-01,178.0,466.4698181152344
timesfm,2018-08-01,114.0,324.94720458984375
timesfm,2018-09-01,136.0,240.73922729492188
timesfm,2018-10-01,162.0,210.4268798828125
timesfm,2018-11-01,125.0,188.8551025390625
timesfm,2018-12-01,221.0,207.80068969726562
timesfm,2018-02-01,191.0,239.6766815185547
timesfm,2018-03-01,224.0,404.8027038574219
timesfm,2018-04-01,191.0,586.8086547851562
timesfm,2018-05-01,153.0,647.478515625
timesfm,2018-06-01,118.0,553.9091796875
timesfm,2018-07-01,178.0,448.08172607421875
timesfm,2018-08-01,114.0,310.8357238769531
timesfm,2018-09-01,136.0,208.836181640625
timesfm,2018-10-01,162.0,193.7746124267578
timesfm,2018-11-01,125.0,181.17227172851562
timesfm,2018-12-01,221.0,178.65309143066406
timesfm,2019-01-01,209.0,212.96823120117188
timesfm,2018-03-01,224.0,243.607666015625
timesfm,2018-04-01,191.0,399.9795227050781
timesfm,2018-05-01,153.0,507.61676025390625
timesfm,2018-06-01,118.0,478.7078857421875
timesfm,2018-07-01,178.0,415.1146545410156
timesfm,2018-08-01,114.0,307.43890380859375
timesfm,2018-09-01,136.0,213.94418334960938
timesfm,2018-10-01,162.0,204.59979248046875
timesfm,2018-11-01,125.0,198.25880432128906
timesfm,2018-12-01,221.0,208.96875
timesfm,2019-01-01,209.0,225.71859741210938
timesfm,2019-02-01,233.0,265.05126953125
timesfm,2018-04-01,191.0,264.04901123046875
timesfm,2018-05-01,153.0,363.09136962890625
timesfm,2018-06-01,118.0,389.5312805175781
timesfm,2018-07-01,178.0,365.0610656738281
timesfm,2018-08-01,114.0,291.47637939453125
timesfm,2018-09-01,136.0,221.2620849609375
timesfm,2018-10-01,162.0,199.69287109375
timesfm,2018-11-01,125.0,193.9598388671875
timesfm,2018-12-01,221.0,202.03585815429688
timesfm,2019-01-01,209.0,219.5526123046875
timesfm,2019-02-01,233.0,250.95542907714844
timesfm,2019-03-01,410.0,310.6831359863281
timesfm,2018-05-01,153.0,242.4126739501953
timesfm,2018-06-01,118.0,279.85052490234375
timesfm,2018-07-01,178.0,297.8868103027344
timesfm,2018-08-01,114.0,257.27398681640625
timesfm,2018-09-01,136.0,208.94517517089844
timesfm,2018-10-01,162.0,197.94915771484375
timesfm,2018-11-01,125.0,174.888916015625
timesfm,2018-12-01,221.0,179.71524047851562
timesfm,2019-01-01,209.0,195.82574462890625
timesfm,2019-02-01,233.0,229.76698303222656
timesfm,2019-03-01,410.0,278.41021728515625
timesfm,2019-04-01,631.0,352.19500732421875
timesfm,2018-06-01,118.0,201.74395751953125
timesfm,2018-07-01,178.0,226.5613250732422
timesfm,2018-08-01,114.0,212.06524658203125
timesfm,2018-09-01,136.0,187.26649475097656
timesfm,2018-10-01,162.0,172.5160369873047
timesfm,2018-11-01,125.0,161.8282012939453
timesfm,2018-12-01,221.0,158.37954711914062
timesfm,2019-01-01,209.0,177.45237731933594
timesfm,2019-02-01,233.0,217.60577392578125
timesfm,2019-03-01,410.0,259.95013427734375
timesfm,2019-04-01,631.0,311.35650634765625
timesfm,2019-05-01,1001.0,340.1370849609375
timesfm,2018-07-01,178.0,148.3670196533203
timesfm,2018-08-01,114.0,155.57235717773438
timesfm,2018-09-01,136.0,157.36712646484375
timesfm,2018-10-01,162.0,165.87234497070312
timesfm,2018-11-01,125.0,167.027099609375
timesfm,2018-12-01,221.0,175.6931915283203
timesfm,2019-01-01,209.0,182.716064453125
timesfm,2019-02-01,233.0,197.0905303955078
timesfm,2019-03-01,410.0,216.62774658203125
timesfm,2019-04-01,631.0,252.40455627441406
timesfm,2019-05-01,1001.0,267.635986328125
timesfm,2019-06-01,1520.0,252.0079803466797
timesfm,2018-08-01,114.0,159.06951904296875
timesfm,2018-09-01,136.0,171.6778106689453
timesfm,2018-10-01,162.0,182.21755981445312
timesfm,2018-11-01,125.0,189.57296752929688
timesfm,2018-12-01,221.0,191.15045166015625
timesfm,2019-01-01,209.0,194.7232666015625
timesfm,2019-02-01,233.0,206.07183837890625
timesfm,2019-03-01,410.0,227.87255859375
timesfm,2019-04-01,631.0,258.0806884765625
timesfm,2019-05-01,1001.0,273.73919677734375
timesfm,2019-06-01,1520.0,271.4980773925781
timesfm,2019-07-01,1746.0,257.70880126953125
timesfm,2018-09-01,136.0,134.10067749023438
timesfm,2018-10-01,162.0,146.76304626464844
timesfm,2018-11-01,125.0,163.00393676757812
timesfm,2018-12-01,221.0,170.1693572998047
timesfm,2019-01-01,209.0,182.7366180419922
timesfm,2019-02-01,233.0,196.23269653320312
timesfm,2019-03-01,410.0,221.23666381835938
timesfm,2019-04-01,631.0,245.77659606933594
timesfm,2019-05-01,1001.0,251.1625518798828
timesfm,2019-06-01,1520.0,245.6170654296875
timesfm,2019-07-01,1746.0,238.63182067871094
timesfm,2019-08-01,1419.0,215.63070678710938
timesfm,2018-10-01,162.0,151.4772186279297
timesfm,2018-11-01,125.0,164.5832977294922
timesfm,2018-12-01,221.0,179.0981903076172
timesfm,2019-01-01,209.0,183.0755615234375
timesfm,2019-02-01,233.0,191.37184143066406
timesfm,2019-03-01,410.0,208.78196716308594
timesfm,2019-04-01,631.0,224.35342407226562
timesfm,2019-05-01,1001.0,228.19619750976562
timesfm,2019-06-01,1520.0,219.52871704101562
timesfm,2019-07-01,1746.0,222.42294311523438
timesfm,2019-08-01,1419.0,217.1041259765625
timesfm,2019-09-01,1484.0,211.62181091308594
timesfm,2018-11-01,125.0,157.12110900878906
timesfm,2018-12-01,221.0,170.5645751953125
timesfm,2019-01-01,209.0,184.66876220703125
timesfm,2019-02-01,233.0,189.210693359375
timesfm,2019-03-01,410.0,211.12075805664062
timesfm,2019-04-01,631.0,234.09906005859375
timesfm,2019-05-01,1001.0,244.19741821289062
timesfm,2019-06-01,1520.0,238.95327758789062
timesfm,2019-07-01,1746.0,230.72286987304688
timesfm,2019-08-01,1419.0,228.09646606445312
timesfm,2019-09-01,1484.0,224.59994506835938
timesfm,2019-10-01,995.0,222.38229370117188
timesfm,2018-12-01,221.0,142.28054809570312
timesfm,2019-01-01,209.0,140.67239379882812
timesfm,2019-02-01,233.0,163.64280700683594
timesfm,2019-03-01,410.0,186.46585083007812
timesfm,2019-04-01,631.0,222.25137329101562
timesfm,2019-05-01,1001.0,246.61441040039062
timesfm,2019-06-01,1520.0,241.1952667236328
timesfm,2019-07-01,1746.0,235.1576690673828
timesfm,2019-08-01,1419.0,207.6142120361328
timesfm,2019-09-01,1484.0,199.54000854492188
timesfm,2019-10-01,995.0,193.36318969726562
timesfm,2019-11-01,847.0,194.44384765625
timesfm,2019-01-01,209.0,209.64987182617188
timesfm,2019-02-01,233.0,201.1531524658203
timesfm,2019-03-01,410.0,226.187255859375
timesfm,2019-04-01,631.0,239.2747802734375
timesfm,2019-05-01,1001.0,253.93768310546875
timesfm,2019-06-01,1520.0,253.62188720703125
timesfm,2019-07-01,1746.0,252.6399383544922
timesfm,2019-08-01,1419.0,234.76626586914062
timesfm,2019-09-01,1484.0,217.92092895507812
timesfm,2019-10-01,995.0,227.6878204345703
timesfm,2019-11-01,847.0,225.85696411132812
timesfm,2019-12-01,781.0,237.0226593017578
timesfm,2019-02-01,233.0,205.97412109375
timesfm,2019-03-01,410.0,204.35293579101562
timesfm,2019-04-01,631.0,224.83648681640625
timesfm,2019-05-01,1001.0,229.48924255371094
timesfm,2019-06-01,1520.0,228.30003356933594
timesfm,2019-07-01,1746.0,225.45114135742188
timesfm,2019-08-01,1419.0,211.89581298828125
timesfm,2019-09-01,1484.0,206.43075561523438
timesfm,2019-10-01,995.0,200.88528442382812
timesfm,2019-11-01,847.0,210.39312744140625
timesfm,2019-12-01,781.0,211.26666259765625
timesfm,2020-01-01,1250.0,223.48818969726562
timesfm,2019-03-01,410.0,231.66351318359375
timesfm,2019-04-01,631.0,225.08676147460938
timesfm,2019-05-01,1001.0,239.34593200683594
timesfm,2019-06-01,1520.0,225.92288208007812
timesfm,2019-07-01,1746.0,227.60955810546875
timesfm,2019-08-01,1419.0,216.27581787109375
timesfm,2019-09-01,1484.0,209.89280700683594
timesfm,2019-10-01,995.0,213.3666534423828
timesfm,2019-11-01,847.0,221.6484375
timesfm,2019-12-01,781.0,237.69839477539062
timesfm,2020-01-01,1250.0,242.61781311035156
timesfm,2020-02-01,1815.0,251.3474578857422
timesfm,2019-04-01,631.0,416.90234375
timesfm,2019-05-01,1001.0,411.8320007324219
timesfm,2019-06-01,1520.0,385.31353759765625
timesfm,2019-07-01,1746.0,347.2677001953125
timesfm,2019-08-01,1419.0,302.2413330078125
timesfm,2019-09-01,1484.0,272.5746154785156
timesfm,2019-10-01,995.0,262.2227783203125
timesfm,2019-11-01,847.0,268.8504638671875
timesfm,2019-12-01,781.0,292.13787841796875
timesfm,2020-01-01,1250.0,314.76654052734375
timesfm,2020-02-01,1815.0,346.0931396484375
timesfm,2020-03-01,2097.0,376.92620849609375
timesfm,2019-05-01,1001.0,645.3602905273438
timesfm,2019-06-01,1520.0,566.0728759765625
timesfm,2019-07-01,1746.0,497.9930419921875
timesfm,2019-08-01,1419.0,416.4280090332031
timesfm,2019-09-01,1484.0,348.1910095214844
timesfm,2019-10-01,995.0,328.59564208984375
timesfm,2019-11-01,847.0,314.442138671875
timesfm,2019-12-01,781.0,337.9354553222656
timesfm,2020-01-01,1250.0,370.5589599609375
timesfm,2020-02-01,1815.0,423.8772888183594
timesfm,2020-03-01,2097.0,458.00286865234375
timesfm,2020-04-01,2341.0,488.9606018066406
timesfm,2019-06-01,1520.0,935.957763671875
timesfm,2019-07-01,1746.0,810.146728515625
timesfm,2019-08-01,1419.0,657.6724853515625
timesfm,2019-09-01,1484.0,537.3006591796875
timesfm,2019-10-01,995.0,466.5599060058594
timesfm,2019-11-01,847.0,424.3707275390625
timesfm,2019-12-01,781.0,420.0099792480469
timesfm,2020-01-01,1250.0,452.7184143066406
timesfm,2020-02-01,1815.0,514.3894653320312
timesfm,2020-03-01,2097.0,566.8156127929688
timesfm,2020-04-01,2341.0,588.5154418945312
timesfm,2020-05-01,2148.0,599.6734008789062
timesfm,2019-07-01,1746.0,1271.2589111328125
timesfm,2019-08-01,1419.0,1021.1239013671875
timesfm,2019-09-01,1484.0,811.91064453125
timesfm,2019-10-01,995.0,683.4427490234375
timesfm,2019-11-01,847.0,587.8638916015625
timesfm,2019-12-01,781.0,555.0070190429688
timesfm,2020-01-01,1250.0,554.6282958984375
timesfm,2020-02-01,1815.0,611.8003540039062
timesfm,2020-03-01,2097.0,650.5283203125
timesfm,2020-04-01,2341.0,686.470458984375
timesfm,2020-05-01,2148.0,684.2059326171875
timesfm,2020-06-01,911.0,611.4569091796875
timesfm,2019-08-01,1419.0,1455.665771484375
timesfm,2019-09-01,1484.0,1174.926025390625
timesfm,2019-10-01,995.0,976.4419555664062
timesfm,2019-11-01,847.0,826.04248046875
timesfm,2019-12-01,781.0,726.9647827148438
timesfm,2020-01-01,1250.0,672.1552734375
timesfm,2020-02-01,1815.0,679.1167602539062
timesfm,2020-03-01,2097.0,692.8938598632812
timesfm,2020-04-01,2341.0,699.3340454101562
timesfm,2020-05-01,2148.0,692.4888305664062
timesfm,2020-06-01,911.0,595.8551025390625
timesfm,2020-07-01,375.0,539.81689453125
timesfm,2019-09-01,1484.0,1202.107421875
timesfm,2019-10-01,995.0,980.4735717773438
timesfm,2019-11-01,847.0,843.81103515625
timesfm,2019-12-01,781.0,754.8793334960938
timesfm,2020-01-01,1250.0,711.409912109375
timesfm,2020-02-01,1815.0,745.46435546875
timesfm,2020-03-01,2097.0,784.674560546875
timesfm,2020-04-01,2341.0,814.1038208007812
timesfm,2020-05-01,2148.0,800.5254516601562
timesfm,2020-06-01,911.0,681.9871215820312
timesfm,2020-07-01,375.0,573.3665771484375
timesfm,2020-08-01,290.0,478.79522705078125
timesfm,2019-10-01,995.0,1364.932861328125
timesfm,2019-11-01,847.0,1186.242431640625
timesfm,2019-12-01,781.0,1097.0703125
timesfm,2020-01-01,1250.0,1034.92822265625
timesfm,2020-02-01,1815.0,1046.60791015625
timesfm,2020-03-01,2097.0,1063.0804443359375
timesfm,2020-04-01,2341.0,1067.8148193359375
timesfm,2020-05-01,2148.0,1033.9110107421875
timesfm,2020-06-01,911.0,867.0853271484375
timesfm,2020-07-01,375.0,710.9042358398438
timesfm,2020-08-01,290.0,541.2811279296875
timesfm,2020-09-01,186.0,456.8934631347656
timesfm,2019-11-01,847.0,889.60302734375
timesfm,2019-12-01,781.0,778.8090209960938
timesfm,2020-01-01,1250.0,738.3455810546875
timesfm,2020-02-01,1815.0,779.2949829101562
timesfm,2020-03-01,2097.0,822.984130859375
timesfm,2020-04-01,2341.0,857.7683715820312
timesfm,2020-05-01,2148.0,858.8896484375
timesfm,2020-06-01,911.0,749.9749755859375
timesfm,2020-07-01,375.0,628.6383056640625
timesfm,2020-08-01,290.0,462.72369384765625
timesfm,2020-09-01,186.0,350.75946044921875
timesfm,2020-10-01,108.0,327.47601318359375
timesfm,2019-12-01,781.0,823.5807495117188
timesfm,2020-01-01,1250.0,769.3602294921875
timesfm,2020-02-01,1815.0,814.32421875
timesfm,2020-03-01,2097.0,862.1275024414062
timesfm,2020-04-01,2341.0,911.107421875
timesfm,2020-05-01,2148.0,912.5767822265625
timesfm,2020-06-01,911.0,782.55224609375
timesfm,2020-07-01,375.0,656.548583984375
timesfm,2020-08-01,290.0,507.4371337890625
timesfm,2020-09-01,186.0,371.5426025390625
timesfm,2020-10-01,108.0,306.1631774902344
timesfm,2020-11-01,131.0,297.43267822265625
timesfm,2020-01-01,1250.0,742.5879516601562
timesfm,2020-02-01,1815.0,763.4947509765625
timesfm,2020-03-01,2097.0,809.1192016601562
timesfm,2020-04-01,2341.0,868.263427734375
timesfm,2020-05-01,2148.0,876.1393432617188
timesfm,2020-06-01,911.0,747.9014892578125
timesfm,2020-07-01,375.0,628.80810546875
timesfm,2020-08-01,290.0,498.2629089355469
timesfm,2020-09-01,186.0,397.2098388671875
timesfm,2020-10-01,108.0,320.96954345703125
timesfm,2020-11-01,131.0,266.3021240234375
timesfm,2020-12-01,81.0,263.3052673339844
timesfm,2020-02-01,1815.0,1306.80517578125
timesfm,2020-03-01,2097.0,1289.2333984375
timesfm,2020-04-01,2341.0,1243.3916015625
timesfm,2020-05-01,2148.0,1157.9566650390625
timesfm,2020-06-01,911.0,938.526123046875
timesfm,2020-07-01,375.0,732.9061279296875
timesfm,2020-08-01,290.0,554.4161376953125
timesfm,2020-09-01,186.0,422.0686950683594
timesfm,2020-10-01,108.0,365.86846923828125
timesfm,2020-11-01,131.0,311.69219970703125
timesfm,2020-12-01,81.0,294.4479064941406
timesfm,2021-01-01,109.0,309.8435363769531
timesfm,2020-03-01,2097.0,1655.1142578125
timesfm,2020-04-01,2341.0,1509.60888671875
timesfm,2020-05-01,2148.0,1345.2423095703125
timesfm,2020-06-01,911.0,1103.999755859375
timesfm,2020-07-01,375.0,851.5571899414062
timesfm,2020-08-01,290.0,612.1473388671875
timesfm,2020-09-01,186.0,465.8271179199219
timesfm,2020-10-01,108.0,410.2647705078125
timesfm,2020-11-01,131.0,362.86993408203125
timesfm,2020-12-01,81.0,334.7766418457031
timesfm,2021-01-01,109.0,326.2488708496094
timesfm,2021-02-01,87.0,402.2757873535156
timesfm,2020-04-01,2341.0,1893.09765625
timesfm,2020-05-01,2148.0,1634.8060302734375
timesfm,2020-06-01,911.0,1278.220947265625
timesfm,2020-07-01,375.0,980.5933227539062
timesfm,2020-08-01,290.0,669.415283203125
timesfm,2020-09-01,186.0,465.9117736816406
timesfm,2020-10-01,108.0,391.5469970703125
timesfm,2020-11-01,131.0,377.80206298828125
timesfm,2020-12-01,81.0,372.02593994140625
timesfm,2021-01-01,109.0,349.5751953125
timesfm,2021-02-01,87.0,396.63323974609375
timesfm,2021-03-01,64.0,512.1051025390625
timesfm,2020-05-01,2148.0,2057.845947265625
timesfm,2020-06-01,911.0,1598.728759765625
timesfm,2020-07-01,375.0,1195.1195068359375
timesfm,2020-08-01,290.0,863.4383544921875
timesfm,2020-09-01,186.0,582.169677734375
timesfm,2020-10-01,108.0,453.1824035644531
timesfm,2020-11-01,131.0,395.68096923828125
timesfm,2020-12-01,81.0,386.0535888671875
timesfm,2021-01-01,109.0,398.30523681640625
timesfm,2021-02-01,87.0,444.8376159667969
timesfm,2021-03-01,64.0,540.385498046875
timesfm,2021-04-01,74.0,712.0554809570312
timesfm,2020-06-01,911.0,1695.8687744140625
timesfm,2020-07-01,375.0,1260.6510009765625
timesfm,2020-08-01,290.0,876.0394287109375
timesfm,2020-09-01,186.0,623.93603515625
timesfm,2020-10-01,108.0,451.14111328125
timesfm,2020-11-01,131.0,385.16278076171875
timesfm,2020-12-01,81.0,349.445068359375
timesfm,2021-01-01,109.0,375.49066162109375
timesfm,2021-02-01,87.0,441.4685974121094
timesfm,2021-03-01,64.0,504.4976806640625
timesfm,2021-04-01,74.0,617.775634765625
timesfm,2021-05-01,108.0,746.1430053710938
timesfm,2020-07-01,375.0,617.5810546875
timesfm,2020-08-01,290.0,455.79608154296875
timesfm,2020-09-01,186.0,348.0853271484375
timesfm,2020-10-01,108.0,295.6952819824219
timesfm,2020-11-01,131.0,236.73574829101562
timesfm,2020-12-01,81.0,216.28585815429688
timesfm,2021-01-01,109.0,213.2660675048828
timesfm,2021-02-01,87.0,285.16998291015625
timesfm,2021-03-01,64.0,399.54205322265625
timesfm,2021-04-01,74.0,506.2996520996094
timesfm,2021-05-01,108.0,582.635009765625
timesfm,2021-06-01,70.0,598.11572265625
timesfm,2020-08-01,290.0,249.01171875
timesfm,2020-09-01,186.0,228.9927978515625
timesfm,2020-10-01,108.0,238.48089599609375
timesfm,2020-11-01,131.0,241.33790588378906
timesfm,2020-12-01,81.0,206.682861328125
timesfm,2021-01-01,109.0,193.8913116455078
timesfm,2021-02-01,87.0,237.99661254882812
timesfm,2021-03-01,64.0,354.5663146972656
timesfm,2021-04-01,74.0,499.78924560546875
timesfm,2021-05-01,108.0,586.35693359375
timesfm,2021-06-01,70.0,549.2086181640625
timesfm,2021-07-01,52.0,542.1560668945312
timesfm,2020-09-01,186.0,233.02011108398438
timesfm,2020-10-01,108.0,239.02365112304688
timesfm,2020-11-01,131.0,224.9659423828125
timesfm,2020-12-01,81.0,213.882568359375
timesfm,2021-01-01,109.0,195.12710571289062
timesfm,2021-02-01,87.0,222.87608337402344
timesfm,2021-03-01,64.0,319.1592102050781
timesfm,2021-04-01,74.0,484.1026306152344
timesfm,2021-05-01,108.0,596.4264526367188
timesfm,2021-06-01,70.0,598.2633666992188
timesfm,2021-07-01,52.0,536.547607421875
timesfm,2021-08-01,89.0,480.6910705566406
timesfm,2020-10-01,108.0,190.69825744628906
timesfm,2020-11-01,131.0,209.8197479248047
timesfm,2020-12-01,81.0,200.0323486328125
timesfm,2021-01-01,109.0,221.1173553466797
timesfm,2021-02-01,87.0,236.6602020263672
timesfm,2021-03-01,64.0,309.934814453125
timesfm,2021-04-01,74.0,461.6325378417969
timesfm,2021-05-01,108.0,604.6405029296875
timesfm,2021-06-01,70.0,592.8920288085938
timesfm,2021-07-01,52.0,546.841796875
timesfm,2021-08-01,89.0,435.6649169921875
timesfm,2021-09-01,87.0,368.82147216796875
timesfm,2020-11-01,131.0,131.93946838378906
timesfm,2020-12-01,81.0,160.5536346435547
timesfm,2021-01-01,109.0,185.5636444091797
timesfm,2021-02-01,87.0,246.98040771484375
timesfm,2021-03-01,64.0,331.3769226074219
timesfm,2021-04-01,74.0,486.357177734375
timesfm,2021-05-01,108.0,642.7920532226562
timesfm,2021-06-01,70.0,620.7471923828125
timesfm,2021-07-01,52.0,551.885009765625
timesfm,2021-08-01,89.0,441.7551574707031
timesfm,2021-09-01,87.0,356.3187255859375
timesfm,2021-10-01,78.0,349.1424560546875
timesfm,2020-12-01,81.0,146.91958618164062
timesfm,2021-01-01,109.0,181.28622436523438
timesfm,2021-02-01,87.0,225.2642822265625
timesfm,2021-03-01,64.0,336.087646484375
timesfm,2021-04-01,74.0,459.9602355957031
timesfm,2021-05-01,108.0,571.8662719726562
timesfm,2021-06-01,70.0,563.43359375
timesfm,2021-07-01,52.0,531.46337890625
timesfm,2021-08-01,89.0,435.432861328125
timesfm,2021-09-01,87.0,335.81866455078125
timesfm,2021-10-01,78.0,313.1576843261719
timesfm,2021-11-01,74.0,326.25469970703125
timesfm,2021-01-01,109.0,99.74603271484375
timesfm,2021-02-01,87.0,156.7003936767578
timesfm,2021-03-01,64.0,242.60659790039062
timesfm,2021-04-01,74.0,396.7581481933594
timesfm,2021-05-01,108.0,484.7755126953125
timesfm,2021-06-01,70.0,443.07403564453125
timesfm,2021-07-01,52.0,425.6945495605469
timesfm,2021-08-01,89.0,356.07513427734375
timesfm,2021-09-01,87.0,297.9203186035156
timesfm,2021-10-01,78.0,267.66217041015625
timesfm,2021-11-01,74.0,267.155517578125
timesfm,2021-12-01,19.0,314.7916259765625
timesfm,2021-02-01,87.0,131.0003662109375
timesfm,2021-03-01,64.0,217.90740966796875
timesfm,2021-04-01,74.0,352.0561828613281
timesfm,2021-05-01,108.0,488.3230285644531
timesfm,2021-06-01,70.0,489.7927551269531
timesfm,2021-07-01,52.0,443.12445068359375
timesfm,2021-08-01,89.0,392.3963623046875
timesfm,2021-09-01,87.0,340.6641845703125
timesfm,2021-10-01,78.0,339.60296630859375
timesfm,2021-11-01,74.0,339.910888671875
timesfm,2021-12-01,19.0,390.3385009765625
timesfm,2022-01-01,56.0,466.8662109375
timesfm,2021-03-01,64.0,103.42598724365234
timesfm,2021-04-01,74.0,218.98532104492188
timesfm,2021-05-01,108.0,314.286376953125
timesfm,2021-06-01,70.0,321.81817626953125
timesfm,2021-07-01,52.0,314.8320617675781
timesfm,2021-08-01,89.0,236.9492645263672
timesfm,2021-09-01,87.0,181.1068572998047
timesfm,2021-10-01,78.0,194.47503662109375
timesfm,2021-11-01,74.0,228.47439575195312
timesfm,2021-12-01,19.0,271.8487548828125
timesfm,2022-01-01,56.0,356.9262390136719
timesfm,2022-02-01,66.0,459.7659912109375
timesfm,2021-04-01,74.0,81.5511474609375
timesfm,2021-05-01,108.0,165.0450439453125
timesfm,2021-06-01,70.0,192.44674682617188
timesfm,2021-07-01,52.0,180.8665313720703
timesfm,2021-08-01,89.0,137.37994384765625
timesfm,2021-09-01,87.0,77.60204315185547
timesfm,2021-10-01,78.0,70.85757446289062
timesfm,2021-11-01,74.0,93.88735961914062
timesfm,2021-12-01,19.0,158.3021697998047
timesfm,2022-01-01,56.0,252.45166015625
timesfm,2022-02-01,66.0,356.0520324707031
timesfm,2022-03-01,106.0,459.64971923828125
timesfm,2021-05-01,108.0,97.48799133300781
timesfm,2021-06-01,70.0,110.85604858398438
timesfm,2021-07-01,52.0,115.93436431884766
timesfm,2021-08-01,89.0,80.09054565429688
timesfm,2021-09-01,87.0,62.991058349609375
timesfm,2021-10-01,78.0,52.093345642089844
timesfm,2021-11-01,74.0,45.91967010498047
timesfm,2021-12-01,19.0,98.95437622070312
timesfm,2022-01-01,56.0,195.03073120117188
timesfm,2022-02-01,66.0,308.169921875
timesfm,2022-03-01,106.0,407.7628479003906
timesfm,2022-04-01,210.0,478.89404296875
timesfm,2021-06-01,70.0,108.89805603027344
timesfm,2021-07-01,52.0,123.68307495117188
timesfm,2021-08-01,89.0,110.602783203125
timesfm,2021-09-01,87.0,85.37522888183594
timesfm,2021-10-01,78.0,85.93022918701172
timesfm,2021-11-01,74.0,95.69517517089844
timesfm,2021-12-01,19.0,119.78601837158203
timesfm,2022-01-01,56.0,199.6152801513672
timesfm,2022-02-01,66.0,295.34014892578125
timesfm,2022-03-01,106.0,388.99053955078125
timesfm,2022-04-01,210.0,444.9474182128906
timesfm,2022-05-01,363.0,439.4002685546875
timesfm,2021-07-01,52.0,58.13885498046875
timesfm,2021-08-01,89.0,43.173667907714844
timesfm,2021-09-01,87.0,45.16315460205078
timesfm,2021-10-01,78.0,41.71772766113281
timesfm,2021-11-01,74.0,44.98271179199219
timesfm,2021-12-01,19.0,68.7572250366211
timesfm,2022-01-01,56.0,109.23916625976562
timesfm,2022-02-01,66.0,185.36483764648438
timesfm,2022-03-01,106.0,274.52984619140625
timesfm,2022-04-01,210.0,335.7822265625
timesfm,2022-05-01,363.0,342.5981750488281
timesfm,2022-06-01,228.0,280.64453125
timesfm,2021-08-01,89.0,17.52618408203125
timesfm,2021-09-01,87.0,1.8408203125
timesfm,2021-10-01,78.0,17.204605102539062
timesfm,2021-11-01,74.0,16.326828002929688
timesfm,2021-12-01,19.0,30.891677856445312
timesfm,2022-01-01,56.0,70.18612670898438
timesfm,2022-02-01,66.0,107.25691223144531
timesfm,2022-03-01,106.0,169.75584411621094
timesfm,2022-04-01,210.0,230.32742309570312
timesfm,2022-05-01,363.0,245.54156494140625
timesfm,2022-06-01,228.0,213.7996826171875
timesfm,2022-07-01,460.0,156.18417358398438
timesfm,2021-09-01,87.0,59.72831726074219
timesfm,2021-10-01,78.0,57.37333679199219
timesfm,2021-11-01,74.0,70.62389373779297
timesfm,2021-12-01,19.0,81.89234924316406
timesfm,2022-01-01,56.0,113.74560546875
timesfm,2022-02-01,66.0,170.61387634277344
timesfm,2022-03-01,106.0,219.2472686767578
timesfm,2022-04-01,210.0,267.05609130859375
timesfm,2022-05-01,363.0,283.0621032714844
timesfm,2022-06-01,228.0,237.89862060546875
timesfm,2022-07-01,460.0,197.69505310058594
timesfm,2022-08-01,386.0,134.77906799316406
timesfm,2021-10-01,78.0,65.24874877929688
timesfm,2021-11-01,74.0,63.293731689453125
timesfm,2021-12-01,19.0,82.52498626708984
timesfm,2022-01-01,56.0,105.4773178100586
timesfm,2022-02-01,66.0,157.72869873046875
timesfm,2022-03-01,106.0,222.559326171875
timesfm,2022-04-01,210.0,269.2210388183594
timesfm,2022-05-01,363.0,276.41278076171875
timesfm,2022-06-01,228.0,230.51126098632812
timesfm,2022-07-01,460.0,163.9704132080078
timesfm,2022-08-01,386.0,116.29357147216797
timesfm,2022-09-01,269.0,75.38008880615234
timesfm,2021-11-01,74.0,69.14765930175781
timesfm,2021-12-01,19.0,70.59980773925781
timesfm,2022-01-01,56.0,87.57923126220703
timesfm,2022-02-01,66.0,108.09260559082031
timesfm,2022-03-01,106.0,148.1285400390625
timesfm,2022-04-01,210.0,194.28900146484375
timesfm,2022-05-01,363.0,207.0743865966797
timesfm,2022-06-01,228.0,182.31756591796875
timesfm,2022-07-01,460.0,144.71531677246094
timesfm,2022-08-01,386.0,91.2241439819336
timesfm,2022-09-01,269.0,78.4493179321289
timesfm,2022-10-01,347.0,70.97074127197266
timesfm,2021-12-01,19.0,72.3563461303711
timesfm,2022-01-01,56.0,83.41333770751953
timesfm,2022-02-01,66.0,124.71875762939453
timesfm,2022-03-01,106.0,166.63084411621094
timesfm,2022-04-01,210.0,213.2811279296875
timesfm,2022-05-01,363.0,230.07373046875
timesfm,2022-06-01,228.0,194.13043212890625
timesfm,2022-07-01,460.0,161.8730926513672
timesfm,2022-08-01,386.0,112.37757873535156
timesfm,2022-09-01,269.0,69.42606353759766
timesfm,2022-10-01,347.0,80.1155776977539
timesfm,2022-11-01,205.0,81.20133209228516
timesfm,2022-01-01,56.0,23.061355590820312
timesfm,2022-02-01,66.0,44.4674072265625
timesfm,2022-03-01,106.0,78.49552154541016
timesfm,2022-04-01,210.0,104.26568603515625
timesfm,2022-05-01,363.0,122.63929748535156
timesfm,2022-06-01,228.0,97.15319061279297
timesfm,2022-07-01,460.0,72.68820190429688
timesfm,2022-08-01,386.0,57.744850158691406
timesfm,2022-09-01,269.0,46.67816925048828
timesfm,2022-10-01,347.0,51.62750244140625
timesfm,2022-11-01,205.0,60.3779296875
timesfm,2022-12-01,188.0,52.711448669433594
timesfm,2022-02-01,66.0,62.001800537109375
timesfm,2022-03-01,106.0,110.52840423583984
timesfm,2022-04-01,210.0,155.68145751953125
timesfm,2022-05-01,363.0,171.0823211669922
timesfm,2022-06-01,228.0,146.0212860107422
timesfm,2022-07-01,460.0,104.41595458984375
timesfm,2022-08-01,386.0,61.4974365234375
timesfm,2022-09-01,269.0,47.58106994628906
timesfm,2022-10-01,347.0,64.11237335205078
timesfm,2022-11-01,205.0,74.07926177978516
timesfm,2022-12-01,188.0,79.5196304321289
timesfm,2023-01-01,777.0,83.96627044677734
timesfm,2022-03-01,106.0,68.73682403564453
timesfm,2022-04-01,210.0,111.13074493408203
timesfm,2022-05-01,363.0,144.8873748779297
timesfm,2022-06-01,228.0,120.91349792480469
timesfm,2022-07-01,460.0,99.42733001708984
timesfm,2022-08-01,386.0,65.32646942138672
timesfm,2022-09-01,269.0,38.41999053955078
timesfm,2022-10-01,347.0,42.607765197753906
timesfm,2022-11-01,205.0,61.17463684082031
timesfm,2022-12-01,188.0,69.56552124023438
timesfm,2023-01-01,777.0,71.8826675415039
timesfm,2023-02-01,800.0,85.48700714111328
timesfm,2022-04-01,210.0,117.511962890625
timesfm,2022-05-01,363.0,141.98770141601562
timesfm,2022-06-01,228.0,131.33689880371094
timesfm,2022-07-01,460.0,104.79315948486328
timesfm,2022-08-01,386.0,74.40424346923828
timesfm,2022-09-01,269.0,52.22937774658203
timesfm,2022-10-01,347.0,49.49388885498047
timesfm,2022-11-01,205.0,60.47136688232422
timesfm,2022-12-01,188.0,75.68377685546875
timesfm,2023-01-01,777.0,86.56781005859375
timesfm,2023-02-01,800.0,93.72296142578125
timesfm,2023-03-01,942.0,120.99745178222656
timesfm,2022-05-01,363.0,240.12673950195312
timesfm,2022-06-01,228.0,207.94692993164062
timesfm,2022-07-01,460.0,165.93270874023438
timesfm,2022-08-01,386.0,99.44775390625
timesfm,2022-09-01,269.0,53.54432678222656
timesfm,2022-10-01,347.0,55.55785369873047
timesfm,2022-11-01,205.0,61.34098815917969
timesfm,2022-12-01,188.0,74.95606231689453
timesfm,2023-01-01,777.0,101.23632049560547
timesfm,2023-02-01,800.0,142.29437255859375
timesfm,2023-03-01,942.0,188.60549926757812
timesfm,2023-04-01,1934.0,255.42703247070312
timesfm,2022-06-01,228.0,359.4814453125
timesfm,2022-07-01,460.0,284.8888244628906
timesfm,2022-08-01,386.0,190.1705322265625
timesfm,2022-09-01,269.0,125.70204162597656
timesfm,2022-10-01,347.0,105.91336059570312
timesfm,2022-11-01,205.0,121.57173156738281
timesfm,2022-12-01,188.0,128.5105438232422
timesfm,2023-01-01,777.0,147.42514038085938
timesfm,2023-02-01,800.0,206.5652313232422
timesfm,2023-03-01,942.0,276.8525695800781
timesfm,2023-04-01,1934.0,353.619873046875
timesfm,2023-05-01,2531.0,423.88006591796875
timesfm,2022-07-01,460.0,194.1923370361328
timesfm,2022-08-01,386.0,130.22280883789062
timesfm,2022-09-01,269.0,81.04430389404297
timesfm,2022-10-01,347.0,69.84740447998047
timesfm,2022-11-01,205.0,70.6142578125
timesfm,2022-12-01,188.0,84.52375030517578
timesfm,2023-01-01,777.0,96.05377197265625
timesfm,2023-02-01,800.0,121.27786254882812
timesfm,2023-03-01,942.0,183.65164184570312
timesfm,2023-04-01,1934.0,244.05816650390625
timesfm,2023-05-01,2531.0,279.55615234375
timesfm,2023-06-01,2870.0,262.2178039550781
timesfm,2022-08-01,386.0,377.5086364746094
timesfm,2022-09-01,269.0,274.429443359375
timesfm,2022-10-01,347.0,211.89633178710938
timesfm,2022-11-01,205.0,190.0538787841797
timesfm,2022-12-01,188.0,174.06797790527344
timesfm,2023-01-01,777.0,192.2254180908203
timesfm,2023-02-01,800.0,232.7367706298828
timesfm,2023-03-01,942.0,300.6160888671875
timesfm,2023-04-01,1934.0,404.8167724609375
timesfm,2023-05-01,2531.0,486.698974609375
timesfm,2023-06-01,2870.0,454.3096618652344
timesfm,2023-07-01,3293.0,421.65753173828125
timesfm,2022-09-01,269.0,297.16107177734375
timesfm,2022-10-01,347.0,257.514892578125
timesfm,2022-11-01,205.0,222.21383666992188
timesfm,2022-12-01,188.0,210.281005859375
timesfm,2023-01-01,777.0,210.55679321289062
timesfm,2023-02-01,800.0,251.86846923828125
timesfm,2023-03-01,942.0,316.915283203125
timesfm,2023-04-01,1934.0,409.2925720214844
timesfm,2023-05-01,2531.0,490.8658142089844
timesfm,2023-06-01,2870.0,482.1889953613281
timesfm,2023-07-01,3293.0,424.7795715332031
timesfm,2023-08-01,1368.0,360.9940490722656
timesfm,2022-10-01,347.0,235.62722778320312
timesfm,2022-11-01,205.0,216.87957763671875
timesfm,2022-12-01,188.0,188.2105255126953
timesfm,2023-01-01,777.0,187.80406188964844
timesfm,2023-02-01,800.0,212.42071533203125
timesfm,2023-03-01,942.0,283.90826416015625
timesfm,2023-04-01,1934.0,376.2489929199219
timesfm,2023-05-01,2531.0,465.78887939453125
timesfm,2023-06-01,2870.0,447.1938171386719
timesfm,2023-07-01,3293.0,408.9796142578125
timesfm,2023-08-01,1368.0,337.1775817871094
timesfm,2023-09-01,723.0,290.8318786621094
timesfm,2022-11-01,205.0,343.0072326660156
timesfm,2022-12-01,188.0,324.86285400390625
timesfm,2023-01-01,777.0,317.8638610839844
timesfm,2023-02-01,800.0,360.06591796875
timesfm,2023-03-01,942.0,410.9169616699219
timesfm,2023-04-01,1934.0,500.40283203125
timesfm,2023-05-01,2531.0,595.534423828125
timesfm,2023-06-01,2870.0,582.5404052734375
timesfm,2023-07-01,3293.0,537.211669921875
timesfm,2023-08-01,1368.0,472.8324279785156
timesfm,2023-09-01,723.0,414.8309326171875
timesfm,2023-10-01,757.0,389.39605712890625
timesfm,2022-12-01,188.0,223.10037231445312
timesfm,2023-01-01,777.0,212.6365966796875
timesfm,2023-02-01,800.0,245.2349853515625
timesfm,2023-03-01,942.0,308.06866455078125
timesfm,2023-04-01,1934.0,377.37554931640625
timesfm,2023-05-01,2531.0,439.1339111328125
timesfm,2023-06-01,2870.0,444.2381286621094
timesfm,2023-07-01,3293.0,434.7713623046875
timesfm,2023-08-01,1368.0,388.6331787109375
timesfm,2023-09-01,723.0,352.4938659667969
timesfm,2023-10-01,757.0,338.09210205078125
timesfm,2023-11-01,520.0,324.677001953125
timesfm,2023-01-01,777.0,206.88104248046875
timesfm,2023-02-01,800.0,239.95904541015625
timesfm,2023-03-01,942.0,305.4473876953125
timesfm,2023-04-01,1934.0,378.2139892578125
timesfm,2023-05-01,2531.0,437.7232666015625
timesfm,2023-06-01,2870.0,404.36358642578125
timesfm,2023-07-01,3293.0,389.89361572265625
timesfm,2023-08-01,1368.0,347.59063720703125
timesfm,2023-09-01,723.0,311.04888916015625
timesfm,2023-10-01,757.0,309.54205322265625
timesfm,2023-11-01,520.0,304.6339111328125
timesfm,2023-12-01,360.0,303.96099853515625
timesfm,2023-02-01,800.0,869.799072265625
timesfm,2023-03-01,942.0,893.7597045898438
timesfm,2023-04-01,1934.0,902.271484375
timesfm,2023-05-01,2531.0,883.6785278320312
timesfm,2023-06-01,2870.0,786.749267578125
timesfm,2023-07-01,3293.0,678.079345703125
timesfm,2023-08-01,1368.0,596.0684814453125
timesfm,2023-09-01,723.0,535.3304443359375
timesfm,2023-10-01,757.0,511.6081237792969
timesfm,2023-11-01,520.0,497.76849365234375
timesfm,2023-12-01,360.0,491.093505859375
timesfm,2024-01-01,766.0,513.15380859375
timesfm,2023-03-01,942.0,906.9251708984375
timesfm,2023-04-01,1934.0,940.2101440429688
timesfm,2023-05-01,2531.0,938.9924926757812
timesfm,2023-06-01,2870.0,852.019287109375
timesfm,2023-07-01,3293.0,745.1831665039062
timesfm,2023-08-01,1368.0,616.2915649414062
timesfm,2023-09-01,723.0,548.3846435546875
timesfm,2023-10-01,757.0,532.4271850585938
timesfm,2023-11-01,520.0,523.8638305664062
timesfm,2023-12-01,360.0,530.2708740234375
timesfm,2024-01-01,766.0,557.8406982421875
timesfm,2024-02-01,3890.0,623.90966796875
timesfm,2023-04-01,1934.0,1086.62646484375
timesfm,2023-05-01,2531.0,1059.86669921875
timesfm,2023-06-01,2870.0,949.0850830078125
timesfm,2023-07-01,3293.0,839.2823486328125
timesfm,2023-08-01,1368.0,717.2066040039062
timesfm,2023-09-01,723.0,615.4396362304688
timesfm,2023-10-01,757.0,574.3573608398438
timesfm,2023-11-01,520.0,557.6134033203125
timesfm,2023-12-01,360.0,563.697021484375
timesfm,2024-01-01,766.0,616.0948486328125
timesfm,2024-02-01,3890.0,681.874755859375
timesfm,2024-03-01,4331.0,772.0847778320312
timesfm,2023-05-01,2531.0,1867.48828125
timesfm,2023-06-01,2870.0,1583.0980224609375
timesfm,2023-07-01,3293.0,1283.3355712890625
timesfm,2023-08-01,1368.0,1059.103759765625
timesfm,2023-09-01,723.0,869.6937255859375
timesfm,2023-10-01,757.0,751.7933959960938
timesfm,2023-11-01,520.0,697.0949096679688
timesfm,2023-12-01,360.0,691.6078491210938
timesfm,2024-01-01,766.0,733.7091674804688
timesfm,2024-02-01,3890.0,813.8197021484375
timesfm,2024-03-01,4331.0,874.0460205078125
timesfm,2024-04-01,2181.0,943.9617919921875
timesfm,2023-06-01,2870.0,2181.69140625
timesfm,2023-07-01,3293.0,1718.388671875
timesfm,2023-08-01,1368.0,1275.8509521484375
timesfm,2023-09-01,723.0,1008.2982177734375
timesfm,2023-10-01,757.0,861.6257934570312
timesfm,2023-11-01,520.0,749.6065673828125
timesfm,2023-12-01,360.0,693.218017578125
timesfm,2024-01-01,766.0,721.2177124023438
timesfm,2024-02-01,3890.0,803.086181640625
timesfm,2024-03-01,4331.0,888.16552734375
timesfm,2024-04-01,2181.0,917.0296630859375
timesfm,2024-05-01,1432.0,912.727783203125
timesfm,2023-07-01,3293.0,2307.948486328125
timesfm,2023-08-01,1368.0,1687.87109375
timesfm,2023-09-01,723.0,1224.0921630859375
timesfm,2023-10-01,757.0,1016.7124633789062
timesfm,2023-11-01,520.0,894.4676513671875
timesfm,2023-12-01,360.0,801.5006713867188
timesfm,2024-01-01,766.0,797.7787475585938
timesfm,2024-02-01,3890.0,846.0404052734375
timesfm,2024-03-01,4331.0,938.5416259765625
timesfm,2024-04-01,2181.0,998.4100341796875
timesfm,2024-05-01,1432.0,923.5965576171875
timesfm,2024-06-01,1147.0,749.6510620117188
timesfm,2023-08-01,1368.0,2449.33056640625
timesfm,2023-09-01,723.0,1774.7752685546875
timesfm,2023-10-01,757.0,1345.459228515625
timesfm,2023-11-01,520.0,1135.5419921875
timesfm,2023-12-01,360.0,1028.4393310546875
timesfm,2024-01-01,766.0,984.6829833984375
timesfm,2024-02-01,3890.0,1016.1651000976562
timesfm,2024-03-01,4331.0,1055.117919921875
timesfm,2024-04-01,2181.0,1114.2037353515625
timesfm,2024-05-01,1432.0,1051.4622802734375
timesfm,2024-06-01,1147.0,814.0892944335938
timesfm,2024-07-01,725.0,608.518798828125
timesfm,2023-09-01,723.0,926.2726440429688
timesfm,2023-10-01,757.0,708.32373046875
timesfm,2023-11-01,520.0,586.0123291015625
timesfm,2023-12-01,360.0,570.3443603515625
timesfm,2024-01-01,766.0,605.3699951171875
timesfm,2024-02-01,3890.0,693.080322265625
timesfm,2024-03-01,4331.0,772.3331909179688
timesfm,2024-04-01,2181.0,838.0606689453125
timesfm,2024-05-01,1432.0,827.1649169921875
timesfm,2024-06-01,1147.0,659.80712890625
timesfm,2024-07-01,725.0,483.86175537109375
timesfm,2024-08-01,703.0,319.90069580078125
timesfm,2023-10-01,757.0,578.4840698242188
timesfm,2023-11-01,520.0,476.8758239746094
timesfm,2023-12-01,360.0,457.851318359375
timesfm,2024-01-01,766.0,514.7633056640625
timesfm,2024-02-01,3890.0,618.7333984375
timesfm,2024-03-01,4331.0,710.4564208984375
timesfm,2024-04-01,2181.0,769.6693115234375
timesfm,2024-05-01,1432.0,742.5328979492188
timesfm,2024-06-01,1147.0,635.1251220703125
timesfm,2024-07-01,725.0,487.8857727050781
timesfm,2024-08-01,703.0,314.7667236328125
timesfm,2024-09-01,721.0,208.8157958984375
timesfm,2023-11-01,520.0,739.6245727539062
timesfm,2023-12-01,360.0,709.9374389648438
timesfm,2024-01-01,766.0,752.6398315429688
timesfm,2024-02-01,3890.0,875.7321166992188
timesfm,2024-03-01,4331.0,974.0452270507812
timesfm,2024-04-01,2181.0,1029.6173095703125
timesfm,2024-05-01,1432.0,973.209716796875
timesfm,2024-06-01,1147.0,798.45361328125
timesfm,2024-07-01,725.0,641.169677734375
timesfm,2024-08-01,703.0,432.74468994140625
timesfm,2024-09-01,721.0,286.2647705078125
timesfm,2024-10-01,471.0,236.82522583007812
timesfm,2023-12-01,360.0,555.2762451171875
timesfm,2024-01-01,766.0,606.800537109375
timesfm,2024-02-01,3890.0,695.1142578125
timesfm,2024-03-01,4331.0,829.3762817382812
timesfm,2024-04-01,2181.0,918.881591796875
timesfm,2024-05-01,1432.0,877.47802734375
timesfm,2024-06-01,1147.0,730.3221435546875
timesfm,2024-07-01,725.0,570.576171875
timesfm,2024-08-01,703.0,419.3741455078125
timesfm,2024-09-01,721.0,291.5691833496094
timesfm,2024-10-01,471.0,224.6766815185547
timesfm,2024-11-01,358.0,180.1375274658203
timesfm,2024-01-01,766.0,438.0147399902344
timesfm,2024-02-01,3890.0,527.048583984375
timesfm,2024-03-01,4331.0,624.7650146484375
timesfm,2024-04-01,2181.0,715.8397216796875
timesfm,2024-05-01,1432.0,724.8997802734375
timesfm,2024-06-01,1147.0,600.2315673828125
timesfm,2024-07-01,725.0,475.76971435546875
timesfm,2024-08-01,703.0,334.078125
timesfm,2024-09-01,721.0,256.58013916015625
timesfm,2024-10-01,471.0,205.00291442871094
timesfm,2024-11-01,358.0,158.96536254882812
timesfm,2024-12-01,371.0,141.690185546875
