model,date,y_true,y_pred
sarimax,2014-01-01,219.0,515.1796494265861
sarimax,2014-02-01,239.0,653.8904982028358
sarimax,2014-03-01,317.0,1078.4648745262107
sarimax,2014-04-01,307.0,1147.4440269455583
sarimax,2014-05-01,524.0,639.8370068318579
sarimax,2014-06-01,539.0,359.4703597454718
sarimax,2014-07-01,331.0,121.41177143148644
sarimax,2014-08-01,290.0,38.92771041302225
sarimax,2014-09-01,246.0,6.325276367214457
sarimax,2014-10-01,269.0,0.0
sarimax,2014-11-01,559.0,0.0
sarimax,2014-12-01,624.0,0.0
sarimax,2014-02-01,239.0,264.69697528097043
sarimax,2014-03-01,317.0,724.8312008711928
sarimax,2014-04-01,307.0,798.296565715112
sarimax,2014-05-01,524.0,340.91449664586247
sarimax,2014-06-01,539.0,59.39204527695742
sarimax,2014-07-01,331.0,0.0
sarimax,2014-08-01,290.0,0.0
sarimax,2014-09-01,246.0,0.0
sarimax,2014-10-01,269.0,0.0
sarimax,2014-11-01,559.0,0.0
sarimax,2014-12-01,624.0,0.0
sarimax,2015-01-01,1909.0,0.0
sarimax,2014-03-01,317.0,690.6141760706939
sarimax,2014-04-01,307.0,767.7619824599825
sarimax,2014-05-01,524.0,308.37865856859423
sarimax,2014-06-01,539.0,27.61005601639269
sarimax,2014-07-01,331.0,0.0
sarimax,2014-08-01,290.0,0.0
sarimax,2014-09-01,246.0,0.0
sarimax,2014-10-01,269.0,0.0
sarimax,2014-11-01,559.0,0.0
sarimax,2014-12-01,624.0,0.0
sarimax,2015-01-01,1909.0,0.0
sarimax,2015-02-01,2671.0,0.0
sarimax,2014-04-01,307.0,280.6948932176805
sarimax,2014-05-01,524.0,0.0
sarimax,2014-06-01,539.0,0.0
sarimax,2014-07-01,331.0,0.0
sarimax,2014-08-01,290.0,0.0
sarimax,2014-09-01,246.0,0.0
sarimax,2014-10-01,269.0,0.0
sarimax,2014-11-01,559.0,0.0
sarimax,2014-12-01,624.0,0.0
sarimax,2015-01-01,1909.0,0.0
sarimax,2015-02-01,2671.0,0.0
sarimax,2015-03-01,8504.0,0.0
sarimax,2014-05-01,524.0,0.0
sarimax,2014-06-01,539.0,0.0
sarimax,2014-07-01,331.0,0.0
sarimax,2014-08-01,290.0,0.0
sarimax,2014-09-01,246.0,0.0
sarimax,2014-10-01,269.0,0.0
sarimax,2014-11-01,559.0,0.0
sarimax,2014-12-01,624.0,0.0
sarimax,2015-01-01,1909.0,0.0
sarimax,2015-02-01,2671.0,0.0
sarimax,2015-03-01,8504.0,0.0
sarimax,2015-04-01,6009.0,0.0
sarimax,2014-06-01,539.0,405.32156334970915
sarimax,2014-07-01,331.0,86.8531698095436
sarimax,2014-08-01,290.0,59.082404363390594
sarimax,2014-09-01,246.0,17.299158190098353
sarimax,2014-10-01,269.0,0.0
sarimax,2014-11-01,559.0,0.0
sarimax,2014-12-01,624.0,0.0
sarimax,2015-01-01,1909.0,0.0
sarimax,2015-02-01,2671.0,9.29349038916944
sarimax,2015-03-01,8504.0,120.57181131968865
sarimax,2015-04-01,6009.0,140.4202114172611
sarimax,2015-05-01,3454.0,318.4916996954595
sarimax,2014-07-01,331.0,264.25509286857056
sarimax,2014-08-01,290.0,215.2710735791689
sarimax,2014-09-01,246.0,183.38309166459803
sarimax,2014-10-01,269.0,158.9730537911669
sarimax,2014-11-01,559.0,126.3202994107214
sarimax,2014-12-01,624.0,128.65338792816794
sarimax,2015-01-01,1909.0,142.6901361587681
sarimax,2015-02-01,2671.0,172.13957688460957
sarimax,2015-03-01,8504.0,283.8537657712109
sarimax,2015-04-01,6009.0,303.92656001312525
sarimax,2015-05-01,3454.0,481.6575479128402
sarimax,2015-06-01,1852.0,466.61802146328586
sarimax,2014-08-01,290.0,304.72377544745007
sarimax,2014-09-01,246.0,262.375596958368
sarimax,2014-10-01,269.0,242.8506018288118
sarimax,2014-11-01,559.0,207.9375156190232
sarimax,2014-12-01,624.0,211.30828325885992
sarimax,2015-01-01,1909.0,224.85529271319282
sarimax,2015-02-01,2671.0,254.5048445324749
sarimax,2015-03-01,8504.0,366.0222355317092
sarimax,2015-04-01,6009.0,386.06158917883596
sarimax,2015-05-01,3454.0,563.8771757856653
sarimax,2015-06-01,1852.0,548.9300834350631
sarimax,2015-07-01,1579.0,335.3454154018209
sarimax,2014-09-01,246.0,242.64058659823488
sarimax,2014-10-01,269.0,225.4351771306017
sarimax,2014-11-01,559.0,189.44788995427496
sarimax,2014-12-01,624.0,193.31632356204403
sarimax,2015-01-01,1909.0,206.6331023833087
sarimax,2015-02-01,2671.0,236.3899319370192
sarimax,2015-03-01,8504.0,347.8602306490971
sarimax,2015-04-01,6009.0,367.92448535446255
sarimax,2015-05-01,3454.0,545.7268244864804
sarimax,2015-06-01,1852.0,530.7825984712399
sarimax,2015-07-01,1579.0,317.1952815395239
sarimax,2015-08-01,2407.0,277.62154186359453
sarimax,2014-10-01,269.0,229.94852716343357
sarimax,2014-11-01,559.0,193.42716993322057
sarimax,2014-12-01,624.0,197.53714083601542
sarimax,2015-01-01,1909.0,210.73549842015592
sarimax,2015-02-01,2671.0,240.52885625556863
sarimax,2015-03-01,8504.0,351.910329274048
sarimax,2015-04-01,6009.0,371.9297679106915
sarimax,2015-05-01,3454.0,549.8005467945892
sarimax,2015-06-01,1852.0,534.9154600467024
sarimax,2015-07-01,1579.0,321.3374813162728
sarimax,2015-08-01,2407.0,281.76161357153836
sarimax,2015-09-01,1575.0,241.03394047263112
sarimax,2014-11-01,559.0,245.75579480698516
sarimax,2014-12-01,624.0,243.70310743777492
sarimax,2015-01-01,1909.0,259.7495744223157
sarimax,2015-02-01,2671.0,288.1982468198174
sarimax,2015-03-01,8504.0,400.1073642673226
sarimax,2015-04-01,6009.0,419.767765136974
sarimax,2015-05-01,3454.0,597.8684150068141
sarimax,2015-06-01,1852.0,582.9977059272311
sarimax,2015-07-01,1579.0,369.4619769986938
sarimax,2015-08-01,2407.0,329.8694532997431
sarimax,2015-09-01,1575.0,289.1395977843302
sarimax,2015-10-01,2422.0,307.3470973688691
sarimax,2014-12-01,624.0,663.696908343639
sarimax,2015-01-01,1909.0,630.4071761961347
sarimax,2015-02-01,2671.0,681.7044234440905
sarimax,2015-03-01,8504.0,783.2088277390715
sarimax,2015-04-01,6009.0,807.8684419516818
sarimax,2015-05-01,3454.0,983.5528762050424
sarimax,2015-06-01,1852.0,969.5993820645286
sarimax,2015-07-01,1579.0,755.5588815864764
sarimax,2015-08-01,2407.0,716.1948993916855
sarimax,2015-09-01,1575.0,675.3757599734137
sarimax,2015-10-01,2422.0,693.610838487305
sarimax,2015-11-01,5563.0,948.3834333676615
sarimax,2015-01-01,1909.0,577.2719971539484
sarimax,2015-02-01,2671.0,634.8271436542858
sarimax,2015-03-01,8504.0,733.333089826353
sarimax,2015-04-01,6009.0,759.3025560256293
sarimax,2015-05-01,3454.0,934.4251425301014
sarimax,2015-06-01,1852.0,920.8296886804922
sarimax,2015-07-01,1579.0,706.6608049476563
sarimax,2015-08-01,2407.0,667.3591107918106
sarimax,2015-09-01,1575.0,626.5030693264849
sarimax,2015-10-01,2422.0,644.7618793029112
sarimax,2015-11-01,5563.0,899.5976732136486
sarimax,2015-12-01,3416.0,957.2995788100268
sarimax,2015-02-01,2671.0,2406.083217748923
sarimax,2015-03-01,8504.0,2301.3217991132583
sarimax,2015-04-01,6009.0,2422.71951289208
sarimax,2015-05-01,3454.0,2552.955105973853
sarimax,2015-06-01,1852.0,2559.1208751966865
sarimax,2015-07-01,1579.0,2335.3353068969477
sarimax,2015-08-01,2407.0,2300.4734109419674
sarimax,2015-09-01,1575.0,2257.6442724347826
sarimax,2015-10-01,2422.0,2276.7453190008277
sarimax,2015-11-01,5563.0,2530.3460739925977
sarimax,2015-12-01,3416.0,2588.0879063725606
sarimax,2016-01-01,7561.0,3731.052384237814
sarimax,2015-03-01,8504.0,2652.0452899258535
sarimax,2015-04-01,6009.0,2731.020282821261
sarimax,2015-05-01,3454.0,2881.9805749266575
sarimax,2015-06-01,1852.0,2876.9074878447873
sarimax,2015-07-01,1579.0,2658.2488964250533
sarimax,2015-08-01,2407.0,2620.8553137304557
sarimax,2015-09-01,1575.0,2579.3354415227946
sarimax,2015-10-01,2422.0,2597.7392060369016
sarimax,2015-11-01,5563.0,2850.936847940767
sarimax,2015-12-01,3416.0,2908.3947376190586
sarimax,2016-01-01,7561.0,4048.6860279566727
sarimax,2016-02-01,6961.0,4726.307650075875
sarimax,2015-04-01,6009.0,11576.523911090968
sarimax,2015-05-01,3454.0,13879.935900888133
sarimax,2015-06-01,1852.0,15361.826591953048
sarimax,2015-07-01,1579.0,16209.65365528647
sarimax,2015-08-01,2407.0,16920.30448960438
sarimax,2015-09-01,1575.0,17409.229946684667
sarimax,2015-10-01,2422.0,17797.633794000187
sarimax,2015-11-01,5563.0,18299.818812788824
sarimax,2015-12-01,3416.0,18539.24336317291
sarimax,2016-01-01,7561.0,19756.444329725877
sarimax,2016-02-01,6961.0,20494.703617767875
sarimax,2016-03-01,3134.0,25496.268318831924
sarimax,2015-05-01,3454.0,7277.897304136009
sarimax,2015-06-01,1852.0,6102.140969390272
sarimax,2015-07-01,1579.0,7100.240430789902
sarimax,2015-08-01,2407.0,5786.948533640548
sarimax,2015-09-01,1575.0,7085.1786548877235
sarimax,2015-10-01,2422.0,5696.596458368122
sarimax,2015-11-01,5563.0,7420.780302372022
sarimax,2015-12-01,3416.0,5925.7671151849645
sarimax,2016-01-01,7561.0,8672.291575927318
sarimax,2016-02-01,6961.0,7624.753410379222
sarimax,2016-03-01,3134.0,14496.101260862217
sarimax,2016-04-01,1931.0,10440.462122828794
sarimax,2015-06-01,1852.0,4017.5008915628287
sarimax,2015-07-01,1579.0,3290.7499959117495
sarimax,2015-08-01,2407.0,3686.229718014034
sarimax,2015-09-01,1575.0,3277.766747689696
sarimax,2015-10-01,2422.0,3607.9621430693783
sarimax,2015-11-01,5563.0,3571.243746845068
sarimax,2015-12-01,3416.0,3852.9095332810593
sarimax,2016-01-01,7561.0,4713.055459080322
sarimax,2016-02-01,6961.0,5507.005045344594
sarimax,2016-03-01,3134.0,10158.206224314501
sarimax,2016-04-01,1931.0,8232.966082013654
sarimax,2016-05-01,1520.0,6076.325178364038
sarimax,2015-07-01,1579.0,1490.1444249360363
sarimax,2015-08-01,2407.0,1460.55630792062
sarimax,2015-09-01,1575.0,1421.5849198063165
sarimax,2015-10-01,2422.0,1436.4233130226514
sarimax,2015-11-01,5563.0,1666.4378391551654
sarimax,2015-12-01,3416.0,1718.9569767226442
sarimax,2016-01-01,7561.0,2767.0042959975
sarimax,2016-02-01,6961.0,3390.7819043456634
sarimax,2016-03-01,3134.0,8151.720088982626
sarimax,2016-04-01,1931.0,6119.634704292388
sarimax,2016-05-01,1520.0,4081.012697705951
sarimax,2016-06-01,947.0,2780.2331938639454
sarimax,2015-08-01,2407.0,1560.303864286411
sarimax,2015-09-01,1575.0,1520.560446672549
sarimax,2015-10-01,2422.0,1535.4545784879672
sarimax,2015-11-01,5563.0,1765.476452755178
sarimax,2015-12-01,3416.0,1817.9981721171787
sarimax,2016-01-01,7561.0,2866.0894782712517
sarimax,2016-02-01,6961.0,3489.8927575686066
sarimax,2016-03-01,3134.0,8251.030037858267
sarimax,2016-04-01,1931.0,6218.858683944945
sarimax,2016-05-01,1520.0,4180.140779288496
sarimax,2016-06-01,947.0,2879.3053349059146
sarimax,2016-07-01,631.0,2618.4115167952937
sarimax,2015-09-01,1575.0,2469.043324375856
sarimax,2015-10-01,2422.0,2474.5406253119145
sarimax,2015-11-01,5563.0,2705.3622699151683
sarimax,2015-12-01,3416.0,2757.7899760432856
sarimax,2016-01-01,7561.0,3805.6241667924796
sarimax,2016-02-01,6961.0,4429.272459227149
sarimax,2016-03-01,3134.0,9189.213024422903
sarimax,2016-04-01,1931.0,7157.558431700817
sarimax,2016-05-01,1520.0,5119.416977591903
sarimax,2016-06-01,947.0,3818.917795662282
sarimax,2016-07-01,631.0,3558.0374946018856
sarimax,2016-08-01,434.0,4224.006442686347
sarimax,2015-10-01,2422.0,1480.8147893556022
sarimax,2015-11-01,5563.0,1724.124548042806
sarimax,2015-12-01,3416.0,1775.1031266992093
sarimax,2016-01-01,7561.0,2824.046693769709
sarimax,2016-02-01,6961.0,3448.2135664125876
sarimax,2016-03-01,3134.0,8212.350743153593
sarimax,2016-04-01,1931.0,6178.884894254908
sarimax,2016-05-01,1520.0,4138.723397893687
sarimax,2016-06-01,947.0,2837.045830381021
sarimax,2016-07-01,631.0,2576.1181614587344
sarimax,2016-08-01,434.0,3242.7203889796065
sarimax,2016-09-01,341.0,2557.0741803101664
sarimax,2015-11-01,5563.0,2753.8852392162407
sarimax,2015-12-01,3416.0,2795.453271549383
sarimax,2016-01-01,7561.0,3846.74763789418
sarimax,2016-02-01,6961.0,4471.583864558428
sarimax,2016-03-01,3134.0,9241.768208028985
sarimax,2016-04-01,1931.0,7205.694981576302
sarimax,2016-05-01,1520.0,5162.626484860625
sarimax,2016-06-01,947.0,3859.253076700241
sarimax,2016-07-01,631.0,3598.2572405680007
sarimax,2016-08-01,434.0,4265.77083062268
sarimax,2016-09-01,341.0,3579.2982079333165
sarimax,2016-10-01,389.0,4274.12237178347
sarimax,2015-12-01,3416.0,5960.13904486566
sarimax,2016-01-01,7561.0,6978.5845816901065
sarimax,2016-02-01,6961.0,7642.065349562888
sarimax,2016-03-01,3134.0,12590.903055105344
sarimax,2016-04-01,1931.0,10476.98109099955
sarimax,2016-05-01,1520.0,8346.191988683311
sarimax,2016-06-01,947.0,6991.758699895345
sarimax,2016-07-01,631.0,6728.703064028541
sarimax,2016-08-01,434.0,7423.673980124454
sarimax,2016-09-01,341.0,6712.304240478724
sarimax,2016-10-01,389.0,7433.162727714406
sarimax,2016-11-01,268.0,10137.719009430994
sarimax,2016-01-01,7561.0,4217.831171821026
sarimax,2016-02-01,6961.0,4651.612944991075
sarimax,2016-03-01,3134.0,9421.493202081356
sarimax,2016-04-01,1931.0,7199.240210293018
sarimax,2016-05-01,1520.0,4991.981484085217
sarimax,2016-06-01,947.0,3578.3834441802082
sarimax,2016-07-01,631.0,3266.3688220130944
sarimax,2016-08-01,434.0,3920.915692613214
sarimax,2016-09-01,341.0,3185.361100730731
sarimax,2016-10-01,389.0,3882.23783547492
sarimax,2016-11-01,268.0,6559.521375468228
sarimax,2016-12-01,604.0,4748.940896970475
sarimax,2016-02-01,6961.0,7640.950772123766
sarimax,2016-03-01,3134.0,12734.424739965354
sarimax,2016-04-01,1931.0,10013.369318163175
sarimax,2016-05-01,1520.0,7339.13284890333
sarimax,2016-06-01,947.0,5631.842101345741
sarimax,2016-07-01,631.0,5230.409456107323
sarimax,2016-08-01,434.0,5922.230656167565
sarimax,2016-09-01,341.0,5057.562048516577
sarimax,2016-10-01,389.0,5815.548320574721
sarimax,2016-11-01,268.0,8786.621401463959
sarimax,2016-12-01,604.0,6716.270194681306
sarimax,2017-01-01,343.0,10708.237487655791
sarimax,2016-03-01,3134.0,13116.678379556486
sarimax,2016-04-01,1931.0,10015.442745592136
sarimax,2016-05-01,1520.0,8514.075665689543
sarimax,2016-06-01,947.0,6204.8971291032
sarimax,2016-07-01,631.0,6792.689400942667
sarimax,2016-08-01,434.0,6678.2926269350755
sarimax,2016-09-01,341.0,6797.71330571667
sarimax,2016-10-01,389.0,6674.35383445094
sarimax,2016-11-01,268.0,10499.42881019653
sarimax,2016-12-01,604.0,7599.191658255185
sarimax,2017-01-01,343.0,12460.935973982916
sarimax,2017-02-01,366.0,11003.709562393618
sarimax,2016-04-01,1931.0,2680.152021732121
sarimax,2016-05-01,1520.0,2484.1804185910855
sarimax,2016-06-01,947.0,2220.4392477425745
sarimax,2016-07-01,631.0,2015.2446668393482
sarimax,2016-08-01,434.0,2104.5727194440105
sarimax,2016-09-01,341.0,1940.2320733604452
sarimax,2016-10-01,389.0,2091.2870060144633
sarimax,2016-11-01,268.0,2839.8543355329703
sarimax,2016-12-01,604.0,2549.358182342138
sarimax,2017-01-01,343.0,4292.960847515485
sarimax,2017-02-01,366.0,4836.368046130167
sarimax,2017-03-01,458.0,9124.471932448985
sarimax,2016-05-01,1520.0,1631.9837367507826
sarimax,2016-06-01,947.0,1336.2295468703167
sarimax,2016-07-01,631.0,1119.077455083137
sarimax,2016-08-01,434.0,1240.4209706100924
sarimax,2016-09-01,341.0,1048.6552015926127
sarimax,2016-10-01,389.0,1226.6864874710132
sarimax,2016-11-01,268.0,2056.188612334163
sarimax,2016-12-01,604.0,1702.6783588486787
sarimax,2017-01-01,343.0,3528.592578352508
sarimax,2017-02-01,366.0,4032.9693270707176
sarimax,2017-03-01,458.0,8039.657909988882
sarimax,2017-04-01,441.0,5788.887367679642
sarimax,2016-06-01,947.0,1210.6689516279807
sarimax,2016-07-01,631.0,998.4073729664474
sarimax,2016-08-01,434.0,1119.4682734369733
sarimax,2016-09-01,341.0,927.0667677481442
sarimax,2016-10-01,389.0,1106.6056589072755
sarimax,2016-11-01,268.0,1946.5366646503298
sarimax,2016-12-01,604.0,1585.052471107556
sarimax,2017-01-01,343.0,3420.9414779694885
sarimax,2017-02-01,366.0,3920.5193132546556
sarimax,2017-03-01,458.0,7894.716341531299
sarimax,2017-04-01,441.0,5648.229062650876
sarimax,2017-05-01,344.0,3505.9046757782567
sarimax,2016-07-01,631.0,714.6907409641569
sarimax,2016-08-01,434.0,852.9864511641148
sarimax,2016-09-01,341.0,648.4270217339248
sarimax,2016-10-01,389.0,837.4477708440158
sarimax,2016-11-01,268.0,1690.633508290604
sarimax,2016-12-01,604.0,1318.4124088007588
sarimax,2017-01-01,343.0,3169.431198639013
sarimax,2017-02-01,366.0,3661.976371585822
sarimax,2017-03-01,458.0,7580.682400058611
sarimax,2017-04-01,441.0,5341.83963409127
sarimax,2017-05-01,344.0,3211.553518573014
sarimax,2017-06-01,335.0,1813.501921121919
sarimax,2016-08-01,434.0,762.3388881284105
sarimax,2016-09-01,341.0,562.1377541131667
sarimax,2016-10-01,389.0,748.4062928003401
sarimax,2016-11-01,268.0,1602.8934860357463
sarimax,2016-12-01,604.0,1229.9162325246102
sarimax,2017-01-01,343.0,3081.224235643699
sarimax,2017-02-01,366.0,3573.5385145409023
sarimax,2017-03-01,458.0,7493.671421566136
sarimax,2017-04-01,441.0,5254.517118470826
sarimax,2017-05-01,344.0,3124.064815151649
sarimax,2017-06-01,335.0,1725.8280401928803
sarimax,2017-07-01,297.0,1444.3118083859642
sarimax,2016-09-01,341.0,208.5671024069244
sarimax,2016-10-01,389.0,409.4431241807142
sarimax,2016-11-01,268.0,1244.5391911208562
sarimax,2016-12-01,604.0,884.9490261336948
sarimax,2017-01-01,343.0,2723.3809993510267
sarimax,2017-02-01,366.0,3222.4133127037594
sarimax,2017-03-01,458.0,7170.681572695379
sarimax,2017-04-01,441.0,4928.526497056142
sarimax,2017-05-01,344.0,2790.8791391798277
sarimax,2017-06-01,335.0,1389.8517197551707
sarimax,2017-07-01,297.0,1108.2362486096422
sarimax,2017-08-01,269.0,1736.5635450040113
sarimax,2016-10-01,389.0,551.7703900325369
sarimax,2016-11-01,268.0,1376.2067913535598
sarimax,2016-12-01,604.0,1023.8095318816997
sarimax,2017-01-01,343.0,2855.7765210158304
sarimax,2017-02-01,366.0,3358.2531345221055
sarimax,2017-03-01,458.0,7318.620784331277
sarimax,2017-04-01,441.0,5075.324821509357
sarimax,2017-05-01,344.0,2934.3967527870336
sarimax,2017-06-01,335.0,1532.2075506381213
sarimax,2017-07-01,297.0,1250.5069824878121
sarimax,2017-08-01,269.0,1880.3113541929401
sarimax,2017-09-01,271.0,1191.2293430615712
sarimax,2016-11-01,268.0,1194.7886244640363
sarimax,2016-12-01,604.0,854.7207546191185
sarimax,2017-01-01,343.0,2676.4070735940104
sarimax,2017-02-01,366.0,3184.5163212916614
sarimax,2017-03-01,458.0,7160.105411101101
sarimax,2017-04-01,441.0,4915.734262111952
sarimax,2017-05-01,344.0,2770.2299240608804
sarimax,2017-06-01,335.0,1366.6766631737382
sarimax,2017-07-01,297.0,1084.762988731189
sarimax,2017-08-01,269.0,1716.5719540110083
sarimax,2017-09-01,271.0,1026.063077415384
sarimax,2017-10-01,252.0,1719.9662932339504
sarimax,2016-12-01,604.0,266.1748210960941
sarimax,2017-01-01,343.0,2370.631314475696
sarimax,2017-02-01,366.0,3097.554427677528
sarimax,2017-03-01,458.0,7282.72242329614
sarimax,2017-04-01,441.0,5172.405050551716
sarimax,2017-05-01,344.0,3134.2715959525603
sarimax,2017-06-01,335.0,1815.6644647318767
sarimax,2017-07-01,297.0,1605.3794921327471
sarimax,2017-08-01,269.0,2296.1347880965463
sarimax,2017-09-01,271.0,1648.560621448743
sarimax,2017-10-01,252.0,2380.320709288655
sarimax,2017-11-01,152.0,4933.5715831772995
sarimax,2017-01-01,343.0,2388.497733447718
sarimax,2017-02-01,366.0,2900.80117838201
sarimax,2017-03-01,458.0,7355.507561453775
sarimax,2017-04-01,441.0,5029.486235540911
sarimax,2017-05-01,344.0,2799.5523943326243
sarimax,2017-06-01,335.0,1340.1982077962032
sarimax,2017-07-01,297.0,1065.5969922983613
sarimax,2017-08-01,269.0,1741.099050867179
sarimax,2017-09-01,271.0,1018.7543573955402
sarimax,2017-10-01,252.0,1748.0250132415017
sarimax,2017-11-01,152.0,4413.629190741414
sarimax,2017-12-01,203.0,2628.592985251169
sarimax,2017-02-01,366.0,827.3651920252227
sarimax,2017-03-01,458.0,5944.931563112257
sarimax,2017-04-01,441.0,3495.8711476557637
sarimax,2017-05-01,344.0,1161.6921429475965
sarimax,2017-06-01,335.0,0.0
sarimax,2017-07-01,297.0,0.0
sarimax,2017-08-01,269.0,92.5085558450437
sarimax,2017-09-01,271.0,0.0
sarimax,2017-10-01,252.0,104.69024888855608
sarimax,2017-11-01,152.0,2972.1933882256453
sarimax,2017-12-01,203.0,1033.6966070378799
sarimax,2018-01-01,158.0,4807.035092648566
sarimax,2017-03-01,458.0,5718.1910524157565
sarimax,2017-04-01,441.0,3824.9434941446116
sarimax,2017-05-01,344.0,1878.0165063749214
sarimax,2017-06-01,335.0,693.0350950800674
sarimax,2017-07-01,297.0,663.7399713995385
sarimax,2017-08-01,269.0,1582.532092746349
sarimax,2017-09-01,271.0,995.0440842588587
sarimax,2017-10-01,252.0,1888.994575583899
sarimax,2017-11-01,152.0,4784.729751718667
sarimax,2017-12-01,203.0,2995.596867300076
sarimax,2018-01-01,158.0,6734.401355775313
sarimax,2018-02-01,240.0,6260.506527036744
sarimax,2017-04-01,441.0,0.0
sarimax,2017-05-01,344.0,0.0
sarimax,2017-06-01,335.0,0.0
sarimax,2017-07-01,297.0,0.0
sarimax,2017-08-01,269.0,0.0
sarimax,2017-09-01,271.0,0.0
sarimax,2017-10-01,252.0,0.0
sarimax,2017-11-01,152.0,2128.8468872416224
sarimax,2017-12-01,203.0,1109.242909616724
sarimax,2018-01-01,158.0,3846.7123660354164
sarimax,2018-02-01,240.0,3629.546814783353
sarimax,2018-03-01,311.0,1353.1723081062783
sarimax,2017-05-01,344.0,0.0
sarimax,2017-06-01,335.0,0.0
sarimax,2017-07-01,297.0,0.0
sarimax,2017-08-01,269.0,0.0
sarimax,2017-09-01,271.0,0.0
sarimax,2017-10-01,252.0,296.50754936638566
sarimax,2017-11-01,152.0,2438.9848776360677
sarimax,2017-12-01,203.0,1369.7528090881683
sarimax,2018-01-01,158.0,4025.973041902718
sarimax,2018-02-01,240.0,3763.037206597167
sarimax,2018-03-01,311.0,1465.8493295936519
sarimax,2018-04-01,699.0,770.2316204138401
sarimax,2017-06-01,335.0,0.0
sarimax,2017-07-01,297.0,0.0
sarimax,2017-08-01,269.0,367.30162968989873
sarimax,2017-09-01,271.0,42.37470588712921
sarimax,2017-10-01,252.0,771.1023472734795
sarimax,2017-11-01,152.0,2828.7174730807847
sarimax,2017-12-01,203.0,1735.473153283105
sarimax,2018-01-01,158.0,4313.214065872133
sarimax,2018-02-01,240.0,4023.5474209979197
sarimax,2018-03-01,311.0,1734.7240112227028
sarimax,2018-04-01,699.0,1027.3464583884756
sarimax,2018-05-01,515.0,773.536737910594
sarimax,2017-07-01,297.0,273.77170186362304
sarimax,2017-08-01,269.0,893.7841884474122
sarimax,2017-09-01,271.0,487.7354794145688
sarimax,2017-10-01,252.0,1146.37320523195
sarimax,2017-11-01,152.0,3138.8926482908428
sarimax,2017-12-01,203.0,2009.5387866424414
sarimax,2018-01-01,158.0,4537.419469940227
sarimax,2018-02-01,240.0,4220.949375571432
sarimax,2018-03-01,311.0,1921.4814136892874
sarimax,2018-04-01,699.0,1199.119171378951
sarimax,2018-05-01,515.0,931.1277391340395
sarimax,2018-06-01,402.0,591.4213059389255
sarimax,2017-08-01,269.0,913.2782287897669
sarimax,2017-09-01,271.0,504.195024741304
sarimax,2017-10-01,252.0,1160.460772351405
sarimax,2017-11-01,152.0,3151.1805574385107
sarimax,2017-12-01,203.0,2020.2109095106707
sarimax,2018-01-01,158.0,4547.028381137323
sarimax,2018-02-01,240.0,4229.563593556264
sarimax,2018-03-01,311.0,1929.1809521029954
sarimax,2018-04-01,699.0,1206.157587667763
sarimax,2018-05-01,515.0,937.6610437825502
sarimax,2018-06-01,402.0,597.5405159392583
sarimax,2018-07-01,476.0,401.92725888746384
sarimax,2017-09-01,271.0,0.0
sarimax,2017-10-01,252.0,720.0679524583059
sarimax,2017-11-01,152.0,2769.441143005329
sarimax,2017-12-01,203.0,1706.85372613377
sarimax,2018-01-01,158.0,4261.293848587683
sarimax,2018-02-01,240.0,3983.4177074726676
sarimax,2018-03-01,311.0,1729.1311070264087
sarimax,2018-04-01,699.0,1034.7143037050494
sarimax,2018-05-01,515.0,786.3956500637778
sarimax,2018-06-01,402.0,463.721056380165
sarimax,2018-07-01,476.0,281.3171830158677
sarimax,2018-08-01,294.0,170.6060828867304
sarimax,2017-10-01,252.0,982.4630770056375
sarimax,2017-11-01,152.0,3004.2317899440186
sarimax,2017-12-01,203.0,1924.6002351761426
sarimax,2018-01-01,158.0,4459.850702740775
sarimax,2018-02-01,240.0,4170.660664313222
sarimax,2018-03-01,311.0,1910.6464951714283
sarimax,2018-04-01,699.0,1210.0149753070043
sarimax,2018-05-01,515.0,956.2648413809382
sarimax,2018-06-01,402.0,629.6286085810145
sarimax,2018-07-01,476.0,443.9742905580331
sarimax,2018-08-01,294.0,330.67577086011966
sarimax,2018-09-01,325.0,289.1481280589797
sarimax,2017-11-01,152.0,2370.3843735328255
sarimax,2017-12-01,203.0,1386.3856144774415
sarimax,2018-01-01,158.0,3973.9838451224978
sarimax,2018-02-01,240.0,3741.7080941187205
sarimax,2018-03-01,311.0,1539.634676788699
sarimax,2018-04-01,699.0,877.8993878999197
sarimax,2018-05-01,515.0,652.7318018685414
sarimax,2018-06-01,402.0,349.97907364170726
sarimax,2018-07-01,476.0,182.67480501096438
sarimax,2018-08-01,294.0,83.76709852865423
sarimax,2018-09-01,325.0,53.53025367524209
sarimax,2018-10-01,231.0,96.04271789255426
sarimax,2017-12-01,203.0,0.0
sarimax,2018-01-01,158.0,2301.3362251994045
sarimax,2018-02-01,240.0,2314.5940933447278
sarimax,2018-03-01,311.0,444.50941549167146
sarimax,2018-04-01,699.0,0.0
sarimax,2018-05-01,515.0,0.0
sarimax,2018-06-01,402.0,0.0
sarimax,2018-07-01,476.0,0.0
sarimax,2018-08-01,294.0,0.0
sarimax,2018-09-01,325.0,0.0
sarimax,2018-10-01,231.0,0.0
sarimax,2018-11-01,244.0,0.0
sarimax,2018-01-01,158.0,2807.3902909356007
sarimax,2018-02-01,240.0,2778.340817158899
sarimax,2018-03-01,311.0,895.3607246369118
sarimax,2018-04-01,699.0,399.92810868620256
sarimax,2018-05-01,515.0,278.88607302864233
sarimax,2018-06-01,402.0,73.81144179607881
sarimax,2018-07-01,476.0,0.0
sarimax,2018-08-01,294.0,0.0
sarimax,2018-09-01,325.0,0.0
sarimax,2018-10-01,231.0,11.796273850301475
sarimax,2018-11-01,244.0,0.0
sarimax,2018-12-01,273.0,184.18865062089924
sarimax,2018-02-01,240.0,570.0231351255355
sarimax,2018-03-01,311.0,0.0
sarimax,2018-04-01,699.0,0.0
sarimax,2018-05-01,515.0,0.0
sarimax,2018-06-01,402.0,0.0
sarimax,2018-07-01,476.0,0.0
sarimax,2018-08-01,294.0,0.0
sarimax,2018-09-01,325.0,0.0
sarimax,2018-10-01,231.0,0.0
sarimax,2018-11-01,244.0,0.0
sarimax,2018-12-01,273.0,0.0
sarimax,2019-01-01,175.0,0.0
sarimax,2018-03-01,311.0,0.0
sarimax,2018-04-01,699.0,0.0
sarimax,2018-05-01,515.0,0.0
sarimax,2018-06-01,402.0,0.0
sarimax,2018-07-01,476.0,0.0
sarimax,2018-08-01,294.0,0.0
sarimax,2018-09-01,325.0,0.0
sarimax,2018-10-01,231.0,0.0
sarimax,2018-11-01,244.0,0.0
sarimax,2018-12-01,273.0,0.0
sarimax,2019-01-01,175.0,0.0
sarimax,2019-02-01,378.0,0.0
sarimax,2018-04-01,699.0,0.0
sarimax,2018-05-01,515.0,0.0
sarimax,2018-06-01,402.0,0.0
sarimax,2018-07-01,476.0,0.0
sarimax,2018-08-01,294.0,0.0
sarimax,2018-09-01,325.0,0.0
sarimax,2018-10-01,231.0,0.0
sarimax,2018-11-01,244.0,0.0
sarimax,2018-12-01,273.0,0.0
sarimax,2019-01-01,175.0,0.0
sarimax,2019-02-01,378.0,0.0
sarimax,2019-03-01,675.0,0.0
sarimax,2018-05-01,515.0,477.80601971698474
sarimax,2018-06-01,402.0,216.24585337102437
sarimax,2018-07-01,476.0,60.52603566166398
sarimax,2018-08-01,294.0,0.0
sarimax,2018-09-01,325.0,0.0
sarimax,2018-10-01,231.0,0.0
sarimax,2018-11-01,244.0,0.0
sarimax,2018-12-01,273.0,45.99292443522398
sarimax,2019-01-01,175.0,0.0
sarimax,2019-02-01,378.0,0.0
sarimax,2019-03-01,675.0,40.26043592304484
sarimax,2019-04-01,983.0,232.48382929841722
sarimax,2018-06-01,402.0,247.2960770086869
sarimax,2018-07-01,476.0,86.73215604399431
sarimax,2018-08-01,294.0,0.0
sarimax,2018-09-01,325.0,0.0
sarimax,2018-10-01,231.0,0.0
sarimax,2018-11-01,244.0,0.0
sarimax,2018-12-01,273.0,59.66332565049501
sarimax,2019-01-01,175.0,0.0
sarimax,2019-02-01,378.0,0.0
sarimax,2019-03-01,675.0,51.169409252350974
sarimax,2019-04-01,983.0,242.85417950269093
sarimax,2019-05-01,1336.0,102.56796792580201
sarimax,2018-07-01,476.0,213.22449649562884
sarimax,2018-08-01,294.0,90.8632507562514
sarimax,2018-09-01,325.0,37.14891891544107
sarimax,2018-10-01,231.0,43.508988406508664
sarimax,2018-11-01,244.0,0.0
sarimax,2018-12-01,273.0,113.05133187928078
sarimax,2019-01-01,175.0,0.0
sarimax,2019-02-01,378.0,9.376560387776259
sarimax,2019-03-01,675.0,88.4032429368547
sarimax,2019-04-01,983.0,276.92371461144353
sarimax,2019-05-01,1336.0,134.01808285007843
sarimax,2019-06-01,1484.0,70.70543328111754
sarimax,2018-08-01,294.0,304.61712623067586
sarimax,2018-09-01,325.0,212.27605430510192
sarimax,2018-10-01,231.0,188.17844690328135
sarimax,2018-11-01,244.0,48.15741787454552
sarimax,2018-12-01,273.0,214.7903153408172
sarimax,2019-01-01,175.0,45.90296011687464
sarimax,2019-02-01,378.0,84.5563645546306
sarimax,2019-03-01,675.0,154.34054662479537
sarimax,2019-04-01,983.0,335.66128519532447
sarimax,2019-05-01,1336.0,187.00515091063124
sarimax,2019-06-01,1484.0,119.15538359988278
sarimax,2019-07-01,1160.0,134.0826208543168
sarimax,2018-09-01,325.0,230.58018151017683
sarimax,2018-10-01,231.0,229.1023031143394
sarimax,2018-11-01,244.0,106.89193264290091
sarimax,2018-12-01,273.0,287.3147917100863
sarimax,2019-01-01,175.0,129.54182172930695
sarimax,2019-02-01,378.0,176.85055188137613
sarimax,2019-03-01,675.0,253.38712476733198
sarimax,2019-04-01,983.0,440.28376074675464
sarimax,2019-05-01,1336.0,295.74227425369554
sarimax,2019-06-01,1484.0,231.0998721386673
sarimax,2019-07-01,1160.0,248.67118471348107
sarimax,2019-08-01,1157.0,140.26751996145634
sarimax,2018-10-01,231.0,280.4107338885896
sarimax,2018-11-01,244.0,124.23959230041781
sarimax,2018-12-01,273.0,278.11019485258305
sarimax,2019-01-01,175.0,99.20168366950503
sarimax,2019-02-01,378.0,129.94322708738125
sarimax,2019-03-01,675.0,193.48279179536522
sarimax,2019-04-01,983.0,369.91956856558363
sarimax,2019-05-01,1336.0,217.37430084442732
sarimax,2019-06-01,1484.0,146.45474249771897
sarimax,2019-07-01,1160.0,158.97983043171263
sarimax,2019-08-01,1157.0,46.74076581443086
sarimax,2019-09-01,1364.0,59.351668354153496
sarimax,2018-11-01,244.0,84.72759889899302
sarimax,2018-12-01,273.0,246.39418527151503
sarimax,2019-01-01,175.0,73.63256161743908
sarimax,2019-02-01,378.0,109.21601232628842
sarimax,2019-03-01,675.0,176.56975727597333
sarimax,2019-04-01,983.0,356.01601512585864
sarimax,2019-05-01,1336.0,205.8376978738965
sarimax,2019-06-01,1484.0,136.78266350802062
sarimax,2019-07-01,1160.0,150.77878132036756
sarimax,2019-08-01,1157.0,39.696228229903085
sarimax,2019-09-01,1364.0,53.21987816564269
sarimax,2019-10-01,800.0,0.0
sarimax,2018-12-01,273.0,397.54418626920386
sarimax,2019-01-01,175.0,218.53121679519984
sarimax,2019-02-01,378.0,249.01920609318609
sarimax,2019-03-01,675.0,312.23647417844296
sarimax,2019-04-01,983.0,488.6240304607505
sarimax,2019-05-01,1336.0,335.73211179518137
sarimax,2019-06-01,1484.0,264.4773975859213
sarimax,2019-07-01,1160.0,276.83033433423975
sarimax,2019-08-01,1157.0,164.27699843460263
sarimax,2019-09-01,1364.0,176.7161843591935
sarimax,2019-10-01,800.0,115.75721971788855
sarimax,2019-11-01,496.0,70.91846206380686
sarimax,2019-01-01,175.0,96.71503364715304
sarimax,2019-02-01,378.0,129.49802143161477
sarimax,2019-03-01,675.0,194.6296280432191
sarimax,2019-04-01,983.0,372.3974330453211
sarimax,2019-05-01,1336.0,220.82195732047694
sarimax,2019-06-01,1484.0,150.6580066637003
sarimax,2019-07-01,1160.0,163.8136200078285
sarimax,2019-08-01,1157.0,52.02450988919409
sarimax,2019-09-01,1364.0,65.01742173572597
sarimax,2019-10-01,800.0,4.553243668001279
sarimax,2019-11-01,496.0,0.0
sarimax,2019-12-01,297.0,0.0
sarimax,2019-02-01,378.0,213.90844960195903
sarimax,2019-03-01,675.0,283.7761152832866
sarimax,2019-04-01,983.0,465.5179259246837
sarimax,2019-05-01,1336.0,316.7766116917737
sarimax,2019-06-01,1484.0,248.79962547916594
sarimax,2019-07-01,1160.0,263.7885802542883
sarimax,2019-08-01,1157.0,153.26967679109399
sarimax,2019-09-01,1364.0,167.35148743586154
sarimax,2019-10-01,800.0,107.67168627841659
sarimax,2019-11-01,496.0,63.882349860165974
sarimax,2019-12-01,297.0,102.21323859935238
sarimax,2020-01-01,289.0,28.932270273874998
sarimax,2019-03-01,675.0,415.35247256012883
sarimax,2019-04-01,983.0,571.37793026391
sarimax,2019-05-01,1336.0,402.2614163987032
sarimax,2019-06-01,1484.0,318.1550610216748
sarimax,2019-07-01,1160.0,320.3865330079864
sarimax,2019-08-01,1157.0,199.7578405174723
sarimax,2019-09-01,1364.0,205.84475597137197
sarimax,2019-10-01,800.0,139.83195750833062
sarimax,2019-11-01,496.0,91.03822909824547
sarimax,2019-12-01,297.0,125.4025483348793
sarimax,2020-01-01,289.0,48.98017418589539
sarimax,2020-02-01,294.0,189.697753188205
sarimax,2019-04-01,983.0,779.5569991157026
sarimax,2019-05-01,1336.0,569.7254498578064
sarimax,2019-06-01,1484.0,453.3862415760439
sarimax,2019-07-01,1160.0,430.0810041635408
sarimax,2019-08-01,1157.0,289.2544935228292
sarimax,2019-09-01,1364.0,279.33705770181234
sarimax,2019-10-01,800.0,200.66127981507242
sarimax,2019-11-01,496.0,141.82702732933708
sarimax,2019-12-01,297.0,168.25133768839157
sarimax,2020-01-01,289.0,85.54555198846539
sarimax,2020-02-01,294.0,221.27438843041915
sarimax,2020-03-01,251.0,401.59190920363733
sarimax,2019-05-01,1336.0,717.5300258335843
sarimax,2019-06-01,1484.0,557.4600571197328
sarimax,2019-07-01,1160.0,499.72781304828464
sarimax,2019-08-01,1157.0,331.89972911178836
sarimax,2019-09-01,1364.0,300.7187586303091
sarimax,2019-10-01,800.0,205.3534835324236
sarimax,2019-11-01,496.0,133.35697826529398
sarimax,2019-12-01,297.0,149.46376430800495
sarimax,2020-01-01,289.0,58.6575849169196
sarimax,2020-02-01,294.0,187.97842283602571
sarimax,2020-03-01,251.0,363.2263347375965
sarimax,2020-04-01,104.0,701.0558149347994
sarimax,2019-06-01,1484.0,1056.662864092872
sarimax,2019-07-01,1160.0,904.5511565332548
sarimax,2019-08-01,1157.0,662.1229160126421
sarimax,2019-09-01,1364.0,571.9027498356411
sarimax,2019-10-01,800.0,429.85995367477284
sarimax,2019-11-01,496.0,320.90595422882757
sarimax,2019-12-01,297.0,307.8042843004239
sarimax,2020-01-01,289.0,193.9027487723559
sarimax,2020-02-01,294.0,304.92106875341415
sarimax,2020-03-01,251.0,465.66445264138565
sarimax,2020-04-01,104.0,792.07674664717
sarimax,2020-05-01,222.0,866.9723928263356
sarimax,2019-07-01,1160.0,1250.1520689333092
sarimax,2019-08-01,1157.0,942.9291178499063
sarimax,2019-09-01,1364.0,801.2351831231715
sarimax,2019-10-01,800.0,618.3711481213927
sarimax,2019-11-01,496.0,476.9644016874299
sarimax,2019-12-01,297.0,438.14270122071025
sarimax,2020-01-01,289.0,303.8404153579438
sarimax,2020-02-01,294.0,398.61629510891896
sarimax,2020-03-01,251.0,546.4280712345593
sarimax,2020-04-01,104.0,862.6607062828868
sarimax,2020-05-01,222.0,929.2861621089994
sarimax,2020-06-01,601.0,930.6586737043101
sarimax,2019-08-01,1157.0,870.1876168825472
sarimax,2019-09-01,1364.0,742.3114248923382
sarimax,2019-10-01,800.0,570.4113409053687
sarimax,2019-11-01,496.0,437.706693039112
sarimax,2019-12-01,297.0,405.7891952606277
sarimax,2020-01-01,289.0,276.965178048669
sarimax,2020-02-01,294.0,376.08985644000165
sarimax,2020-03-01,251.0,527.3538034306564
sarimax,2020-04-01,104.0,846.323030013516
sarimax,2020-05-01,222.0,915.1262424840875
sarimax,2020-06-01,601.0,918.2250520218945
sarimax,2020-07-01,804.0,774.5126947421921
sarimax,2019-09-01,1364.0,974.0687671626249
sarimax,2019-10-01,800.0,758.5064944837125
sarimax,2019-11-01,496.0,591.1158148709912
sarimax,2019-12-01,297.0,531.7022621298522
sarimax,2020-01-01,289.0,381.0693573588511
sarimax,2020-02-01,294.0,462.85077054618046
sarimax,2020-03-01,251.0,600.3226990946378
sarimax,2020-04-01,104.0,908.4100658021085
sarimax,2020-05-01,222.0,968.436678721735
sarimax,2020-06-01,601.0,964.6108819021123
sarimax,2020-07-01,804.0,815.5477433087502
sarimax,2020-08-01,696.0,709.8620456877511
sarimax,2019-10-01,800.0,1073.8062088761003
sarimax,2019-11-01,496.0,847.0971478019944
sarimax,2019-12-01,297.0,740.5655738508415
sarimax,2020-01-01,289.0,552.4998348046166
sarimax,2020-02-01,294.0,604.5208909075329
sarimax,2020-03-01,251.0,718.3325134882423
sarimax,2020-04-01,104.0,1007.6514434397277
sarimax,2020-05-01,222.0,1052.6968259664181
sarimax,2020-06-01,601.0,1036.9875771309778
sarimax,2020-07-01,804.0,878.5531664478331
sarimax,2020-08-01,696.0,765.3647522837483
sarimax,2020-09-01,490.0,868.3672510838707
sarimax,2019-11-01,496.0,625.9541560915866
sarimax,2019-12-01,297.0,561.2303786922756
sarimax,2020-01-01,289.0,406.3668282071968
sarimax,2020-02-01,294.0,484.8002843376976
sarimax,2020-03-01,251.0,619.622913744784
sarimax,2020-04-01,104.0,925.5712901171621
sarimax,2020-05-01,222.0,983.9662267750625
sarimax,2020-06-01,601.0,978.8223718814367
sarimax,2020-07-01,804.0,828.639143361058
sarimax,2020-08-01,696.0,722.1203730644944
sarimax,2020-09-01,490.0,830.4285940075456
sarimax,2020-10-01,344.0,485.6547725491432
sarimax,2019-12-01,297.0,463.09362431290623
sarimax,2020-01-01,289.0,333.2812505742231
sarimax,2020-02-01,294.0,431.5289401900928
sarimax,2020-03-01,251.0,582.0239591316579
sarimax,2020-04-01,104.0,900.1955589227373
sarimax,2020-05-01,222.0,968.5059754424543
sarimax,2020-06-01,601.0,971.0953753881311
sarimax,2020-07-01,804.0,826.7152489092283
sarimax,2020-08-01,696.0,725.0025592432504
sarimax,2020-09-01,490.0,837.1128838606922
sarimax,2020-10-01,344.0,495.0428583472632
sarimax,2020-11-01,258.0,339.8674900764774
sarimax,2020-01-01,289.0,193.2806529454862
sarimax,2020-02-01,294.0,312.22971629069934
sarimax,2020-03-01,251.0,479.14817014426626
sarimax,2020-04-01,104.0,810.5147614815223
sarimax,2020-05-01,222.0,889.056471634485
sarimax,2020-06-01,601.0,899.8677674846706
sarimax,2020-07-01,804.0,762.3102066857116
sarimax,2020-08-01,696.0,665.8027926638978
sarimax,2020-09-01,490.0,782.0418900552683
sarimax,2020-10-01,344.0,443.53747585882485
sarimax,2020-11-01,258.0,291.1745907665935
sarimax,2020-12-01,141.0,201.01710317290514
sarimax,2020-02-01,294.0,389.4099154241036
sarimax,2020-03-01,251.0,541.648030354311
sarimax,2020-04-01,104.0,861.3890241528986
sarimax,2020-05-01,222.0,930.7261952551714
sarimax,2020-06-01,601.0,934.24826378125
sarimax,2020-07-01,804.0,790.9170884638469
sarimax,2020-08-01,696.0,689.838906114608
sarimax,2020-09-01,490.0,802.4586181573441
sarimax,2020-10-01,344.0,461.08662770008914
sarimax,2020-11-01,258.0,306.45312033081075
sarimax,2020-12-01,141.0,214.49764408768144
sarimax,2021-01-01,238.0,159.24031301538673
sarimax,2020-03-01,251.0,464.9037046482456
sarimax,2020-04-01,104.0,799.4337998826066
sarimax,2020-05-01,222.0,880.457542284057
sarimax,2020-06-01,601.0,893.2391830046705
sarimax,2020-07-01,804.0,757.2629371205949
sarimax,2020-08-01,696.0,661.9891768172108
sarimax,2020-09-01,490.0,779.2034085301729
sarimax,2020-10-01,344.0,441.4928190928124
sarimax,2020-11-01,258.0,289.75621744173725
sarimax,2020-12-01,141.0,200.09357403045715
sarimax,2021-01-01,238.0,146.6412195404082
sarimax,2021-02-01,244.0,247.05881660807157
sarimax,2020-04-01,104.0,633.9272562460837
sarimax,2020-05-01,222.0,753.5056284097572
sarimax,2020-06-01,601.0,796.8250462151116
sarimax,2020-07-01,804.0,684.9069319749107
sarimax,2020-08-01,696.0,608.8523623786758
sarimax,2020-09-01,490.0,741.3213078638158
sarimax,2020-10-01,344.0,415.5445515234687
sarimax,2020-11-01,258.0,273.28962671540273
sarimax,2020-12-01,141.0,191.15466261088503
sarimax,2021-01-01,238.0,143.7477005526638
sarimax,2021-02-01,244.0,248.88705014976387
sarimax,2021-03-01,376.0,374.5519766631196
sarimax,2020-05-01,222.0,319.8768816958085
sarimax,2020-06-01,601.0,439.4926244101757
sarimax,2020-07-01,804.0,388.2601958319326
sarimax,2020-08-01,696.0,359.9878063973233
sarimax,2020-09-01,490.0,530.2560852084623
sarimax,2020-10-01,344.0,234.69922467907998
sarimax,2020-11-01,258.0,116.33383103212967
sarimax,2020-12-01,141.0,53.094333777352176
sarimax,2021-01-01,238.0,20.506736577256333
sarimax,2021-02-01,244.0,137.508969414143
sarimax,2021-03-01,376.0,272.65401197992736
sarimax,2021-04-01,985.0,357.4224764802257
sarimax,2020-06-01,601.0,360.5295947201746
sarimax,2020-07-01,804.0,324.4796805325925
sarimax,2020-08-01,696.0,308.105393079181
sarimax,2020-09-01,490.0,487.80217440792757
sarimax,2020-10-01,344.0,199.90454721423538
sarimax,2020-11-01,258.0,87.59857573012442
sarimax,2020-12-01,141.0,29.15894452827888
sarimax,2021-01-01,238.0,0.2990613069828463
sarimax,2021-02-01,244.0,120.33783958406048
sarimax,2021-03-01,376.0,257.9456363781164
sarimax,2021-04-01,985.0,344.72237458301504
sarimax,2021-05-01,4061.0,586.6314408269462
sarimax,2020-07-01,804.0,518.3024254461232
sarimax,2020-08-01,696.0,465.2195804576992
sarimax,2020-09-01,490.0,615.8432149838114
sarimax,2020-10-01,344.0,304.586111881863
sarimax,2020-11-01,258.0,173.79714826350522
sarimax,2020-12-01,141.0,100.72217398952613
sarimax,2021-01-01,238.0,60.405847341290084
sarimax,2021-02-01,244.0,171.22441934567397
sarimax,2021-03-01,376.0,301.4293901484518
sarimax,2021-04-01,985.0,382.2422581248566
sarimax,2021-05-01,4061.0,619.4908601664085
sarimax,2021-06-01,2800.0,889.3713896295051
sarimax,2020-08-01,696.0,702.2572357746711
sarimax,2020-09-01,490.0,814.3369642366539
sarimax,2020-10-01,344.0,472.3666086631943
sarimax,2020-11-01,258.0,317.25907097175923
sarimax,2020-12-01,141.0,224.92284670713383
sarimax,2021-01-01,238.0,169.4231065062432
sarimax,2021-02-01,244.0,268.1345367529349
sarimax,2021-03-01,376.0,388.69440884907806
sarimax,2021-04-01,985.0,461.8121676533779
sarimax,2021-05-01,4061.0,692.9997589851229
sarimax,2021-06-01,2800.0,958.1975304314964
sarimax,2021-07-01,1868.0,903.2597001414182
sarimax,2020-09-01,490.0,802.4933834701358
sarimax,2020-10-01,344.0,456.401338333158
sarimax,2020-11-01,258.0,298.0183982811126
sarimax,2020-12-01,141.0,203.0889902822307
sarimax,2021-01-01,238.0,145.41856661735386
sarimax,2021-02-01,244.0,242.54372593886194
sarimax,2021-03-01,376.0,361.93851960957227
sarimax,2021-04-01,985.0,434.22476086604325
sarimax,2021-05-01,4061.0,664.6990168649522
sarimax,2021-06-01,2800.0,929.140260898865
sarimax,2021-07-01,1868.0,873.4451624971259
sarimax,2021-08-01,1415.0,815.5878127060643
sarimax,2020-10-01,344.0,205.1450763094416
sarimax,2020-11-01,258.0,95.22719827220558
sarimax,2020-12-01,141.0,38.66386589807749
sarimax,2021-01-01,238.0,11.252004612486601
sarimax,2021-02-01,244.0,132.4574808865301
sarimax,2021-03-01,376.0,271.0019265094977
sarimax,2021-04-01,985.0,358.5346877126776
sarimax,2021-05-01,4061.0,601.0256169623289
sarimax,2021-06-01,2800.0,874.7954405256875
sarimax,2021-07-01,1868.0,826.3330597760926
sarimax,2021-08-01,1415.0,774.4365750091379
sarimax,2021-09-01,584.0,774.0459514574552
sarimax,2020-11-01,258.0,213.8938175325691
sarimax,2020-12-01,141.0,141.38942636212215
sarimax,2021-01-01,238.0,101.47638527827473
sarimax,2021-02-01,244.0,212.71446293169788
sarimax,2021-03-01,376.0,343.32238173116355
sarimax,2021-04-01,985.0,424.52205288900075
sarimax,2021-05-01,4061.0,662.05255493107
sarimax,2021-06-01,2800.0,932.0459357623118
sarimax,2021-07-01,1868.0,880.7178480440191
sarimax,2021-08-01,1415.0,826.3799861415044
sarimax,2021-09-01,584.0,823.9483791660352
sarimax,2021-10-01,428.0,475.3411212711908
sarimax,2020-12-01,141.0,176.79722802675127
sarimax,2021-01-01,238.0,129.97160537423267
sarimax,2021-02-01,244.0,235.73072705850768
sarimax,2021-03-01,376.0,361.9950744574531
sarimax,2021-04-01,985.0,439.7524749565831
sarimax,2021-05-01,4061.0,674.5468486811056
sarimax,2021-06-01,2800.0,942.3559266788612
sarimax,2021-07-01,1868.0,889.2837613075575
sarimax,2021-08-01,1415.0,833.5771096413229
sarimax,2021-09-01,584.0,830.0688300149345
sarimax,2021-10-01,428.0,480.58470406298363
sarimax,2021-11-01,204.0,288.63602397095866
sarimax,2021-01-01,238.0,101.2753566804042
sarimax,2021-02-01,244.0,212.66479015283545
sarimax,2021-03-01,376.0,343.3941955710587
sarimax,2021-04-01,985.0,424.6914865833915
sarimax,2021-05-01,4061.0,662.2996008918086
sarimax,2021-06-01,2800.0,932.3537362366565
sarimax,2021-07-01,1868.0,881.0731609799159
sarimax,2021-08-01,1415.0,826.7748319678526
sarimax,2021-09-01,584.0,824.3757920297649
sarimax,2021-10-01,428.0,475.7923092942039
sarimax,2021-11-01,204.0,284.5556050133656
sarimax,2021-12-01,90.0,128.4787803602836
sarimax,2021-02-01,244.0,322.3397676778423
sarimax,2021-03-01,376.0,431.58296138146954
sarimax,2021-04-01,985.0,495.8103465427849
sarimax,2021-05-01,4061.0,719.8768745950536
sarimax,2021-06-01,2800.0,979.2113870871868
sarimax,2021-07-01,1868.0,919.4460224904753
sarimax,2021-08-01,1415.0,858.3743395531473
sarimax,2021-09-01,584.0,850.5745437229772
sarimax,2021-10-01,428.0,497.75764891489354
sarimax,2021-11-01,204.0,303.15208359944126
sarimax,2021-12-01,90.0,144.39435505558237
sarimax,2022-01-01,152.0,188.7621844632916
sarimax,2021-03-01,376.0,368.74453456135006
sarimax,2021-04-01,985.0,445.2625368021685
sarimax,2021-05-01,4061.0,679.0956117963711
sarimax,2021-06-01,2800.0,946.2161015916636
sarimax,2021-07-01,1868.0,892.65863900106
sarimax,2021-08-01,1415.0,836.4734436260385
sarimax,2021-09-01,584.0,832.526519041525
sarimax,2021-10-01,428.0,482.8272201592852
sarimax,2021-11-01,204.0,290.6874474069258
sarimax,2021-12-01,90.0,133.8799004048974
sarimax,2022-01-01,152.0,179.79898689194272
sarimax,2022-02-01,137.0,185.45045942880571
sarimax,2021-04-01,985.0,451.10593472458595
sarimax,2021-05-01,4061.0,683.8170191635401
sarimax,2021-06-01,2800.0,950.0433613597684
sarimax,2021-07-01,1868.0,895.7732354112806
sarimax,2021-08-01,1415.0,839.0266696185627
sarimax,2021-09-01,584.0,834.6368608411626
sarimax,2021-10-01,428.0,484.5797718737838
sarimax,2021-11-01,204.0,292.15692392575374
sarimax,2021-12-01,90.0,135.1254227679109
sarimax,2022-01-01,152.0,180.86639556867402
sarimax,2022-02-01,137.0,186.37716281173778
sarimax,2022-03-01,205.0,232.9468403880144
sarimax,2021-05-01,4061.0,1107.898209153279
sarimax,2021-06-01,2800.0,1286.412372137535
sarimax,2021-07-01,1868.0,1162.063974577879
sarimax,2021-08-01,1415.0,1050.71650507287
sarimax,2021-09-01,584.0,1003.6503367101882
sarimax,2021-10-01,428.0,618.4903984615829
sarimax,2021-11-01,204.0,398.4586620570674
sarimax,2021-12-01,90.0,219.71537776807918
sarimax,2022-01-01,152.0,248.18813394707155
sarimax,2022-02-01,137.0,240.16341264596153
sarimax,2022-03-01,205.0,275.70786630325904
sarimax,2022-04-01,317.0,505.84322670894574
sarimax,2021-06-01,2800.0,3672.9096631216603
sarimax,2021-07-01,1868.0,3095.1006721787935
sarimax,2021-08-01,1415.0,2625.628607067497
sarimax,2021-09-01,584.0,2295.2218786422495
sarimax,2021-10-01,428.0,1679.8594768900925
sarimax,2021-11-01,204.0,1277.1193244470162
sarimax,2021-12-01,90.0,953.3659441493674
sarimax,2022-01-01,152.0,866.0762023054912
sarimax,2022-02-01,137.0,766.3221228112154
sarimax,2022-03-01,205.0,727.7466563307119
sarimax,2022-04-01,317.0,895.1435012086754
sarimax,2022-05-01,533.0,2451.182371667544
sarimax,2021-07-01,1868.0,2379.5489957998448
sarimax,2021-08-01,1415.0,2036.897235887036
sarimax,2021-09-01,584.0,1808.7823286838775
sarimax,2021-10-01,428.0,1277.1813288050503
sarimax,2021-11-01,204.0,942.0687142158511
sarimax,2021-12-01,90.0,672.8990530630871
sarimax,2022-01-01,152.0,629.7942412298933
sarimax,2022-02-01,137.0,565.6486737655919
sarimax,2022-03-01,205.0,556.0665367793954
sarimax,2022-04-01,317.0,747.6618951657288
sarimax,2022-05-01,533.0,2326.21599625848
sarimax,2022-06-01,493.0,1849.280320538029
sarimax,2021-08-01,1415.0,1625.3975878275353
sarimax,2021-09-01,584.0,1476.7648402182108
sarimax,2021-10-01,428.0,1007.9776115731772
sarimax,2021-11-01,204.0,722.732989501877
sarimax,2021-12-01,90.0,493.15279702555677
sarimax,2022-01-01,152.0,481.44018778498815
sarimax,2022-02-01,137.0,442.22322642482794
sarimax,2022-03-01,205.0,452.35856624952635
sarimax,2022-04-01,317.0,659.393411752746
sarimax,2022-05-01,533.0,2249.42750138671
sarimax,2022-06-01,493.0,1782.8928096770494
sarimax,2022-07-01,618.0,1399.0628099371486
sarimax,2021-09-01,584.0,1308.2325591352133
sarimax,2021-10-01,428.0,872.6760669599689
sarimax,2021-11-01,204.0,613.6252398809693
sarimax,2021-12-01,90.0,404.69151529723655
sarimax,2022-01-01,152.0,409.28184186641806
sarimax,2022-02-01,137.0,382.9083892041545
sarimax,2022-03-01,205.0,403.2241201717348
sarimax,2022-04-01,317.0,618.453558827488
sarimax,2022-05-01,533.0,2215.5699240880576
sarimax,2022-06-01,493.0,1753.5874457019338
sarimax,2022-07-01,618.0,1373.3911205774234
sarimax,2022-08-01,476.0,1083.440760717115
sarimax,2021-10-01,428.0,294.8200945327485
sarimax,2021-11-01,204.0,150.8295407349171
sarimax,2021-12-01,90.0,32.33569485261513
sarimax,2022-01-01,152.0,108.208272917476
sarimax,2022-02-01,137.0,137.81841585605144
sarimax,2022-03-01,205.0,202.520582161387
sarimax,2022-04-01,317.0,453.7837362008101
sarimax,2022-05-01,533.0,2083.4168078673792
sarimax,2022-06-01,493.0,1640.0760239925773
sarimax,2022-07-01,618.0,1274.8321627129753
sarimax,2022-08-01,476.0,997.6176038440226
sarimax,2022-09-01,268.0,479.20626745091846
sarimax,2021-11-01,204.0,257.1433034539909
sarimax,2021-12-01,90.0,117.4915346747956
sarimax,2022-01-01,152.0,176.72058531938782
sarimax,2022-02-01,137.0,193.218958465939
sarimax,2022-03-01,205.0,247.63249037440835
sarimax,2022-04-01,317.0,490.90469728221757
sarimax,2022-05-01,533.0,2114.653583911335
sarimax,2022-06-01,493.0,1666.0031885714848
sarimax,2022-07-01,618.0,1296.6075020279336
sarimax,2022-08-01,476.0,1016.2194306321574
sarimax,2022-09-01,268.0,495.25017317707585
sarimax,2022-10-01,283.0,345.79190221263764
sarimax,2021-12-01,90.0,75.10529611662645
sarimax,2022-01-01,152.0,142.79824071072446
sarimax,2022-02-01,137.0,165.95921982724388
sarimax,2022-03-01,205.0,225.61105411989683
sarimax,2022-04-01,317.0,472.98889221570704
sarimax,2022-05-01,533.0,2099.905507236241
sarimax,2022-06-01,493.0,1653.8537886562015
sarimax,2022-07-01,618.0,1286.4989060508865
sarimax,2022-08-01,476.0,1007.7021552078277
sarimax,2022-09-01,268.0,487.9945804641762
sarimax,2022-10-01,283.0,339.516292947295
sarimax,2022-11-01,86.0,185.5626950451029
sarimax,2022-01-01,152.0,155.97261971424524
sarimax,2022-02-01,137.0,177.7739996706015
sarimax,2022-03-01,205.0,236.46655206659665
sarimax,2022-04-01,317.0,483.40899652563246
sarimax,2022-05-01,533.0,2111.1407371038995
sarimax,2022-06-01,493.0,1663.8271627089875
sarimax,2022-07-01,618.0,1295.5646526180763
sarimax,2022-08-01,476.0,1016.3264741767028
sarimax,2022-09-01,268.0,496.10715346100943
sarimax,2022-10-01,283.0,347.46387913733565
sarimax,2022-11-01,86.0,193.32155200159445
sarimax,2022-12-01,67.0,79.35752292939443
sarimax,2022-02-01,137.0,173.35885480427004
sarimax,2022-03-01,205.0,231.59647647120775
sarimax,2022-04-01,317.0,477.8725142738496
sarimax,2022-05-01,533.0,2103.9619767868044
sarimax,2022-06-01,493.0,1657.1939618493045
sarimax,2022-07-01,618.0,1289.2783861572952
sarimax,2022-08-01,476.0,1010.0498260108766
sarimax,2022-09-01,268.0,489.99682362061947
sarimax,2022-10-01,283.0,341.25490457390765
sarimax,2022-11-01,86.0,187.09183879287002
sarimax,2022-12-01,67.0,73.0564501146994
sarimax,2023-01-01,346.0,153.4390896872343
sarimax,2022-03-01,205.0,202.61202264817342
sarimax,2022-04-01,317.0,454.69709904010693
sarimax,2022-05-01,533.0,2085.3792236589406
sarimax,2022-06-01,493.0,1642.1902220666457
sarimax,2022-07-01,618.0,1277.092657222092
sarimax,2022-08-01,476.0,1000.0867075262954
sarimax,2022-09-01,268.0,481.7797149744234
sarimax,2022-10-01,283.0,334.4161682043017
sarimax,2022-11-01,86.0,181.3366998352056
sarimax,2022-12-01,67.0,68.15507836723847
sarimax,2023-01-01,346.0,149.2092859499252
sarimax,2023-02-01,335.0,145.97965154903378
sarimax,2022-04-01,317.0,456.6251079258183
sarimax,2022-05-01,533.0,2086.9707969028177
sarimax,2022-06-01,493.0,1643.475068260199
sarimax,2022-07-01,618.0,1278.138010056646
sarimax,2022-08-01,476.0,1000.9496092048181
sarimax,2022-09-01,268.0,482.49541310450445
sarimax,2022-10-01,283.0,335.021267640901
sarimax,2022-11-01,86.0,181.85346521863363
sarimax,2022-12-01,67.0,68.6035867495417
sarimax,2023-01-01,346.0,149.60373578674563
sarimax,2023-02-01,335.0,146.33167236533842
sarimax,2023-03-01,825.0,246.9541651316947
sarimax,2022-05-01,533.0,1977.2553537120652
sarimax,2022-06-01,493.0,1557.3299814935745
sarimax,2022-07-01,618.0,1210.5988616626164
sarimax,2022-08-01,476.0,948.1016005869354
sarimax,2022-09-01,268.0,441.2399160854225
sarimax,2022-10-01,283.0,302.9204368109176
sarimax,2022-11-01,86.0,156.97723219246853
sarimax,2022-12-01,67.0,49.43082559905292
sarimax,2023-01-01,346.0,134.93238298271788
sarimax,2023-02-01,335.0,135.21334615987982
sarimax,2023-03-01,825.0,238.6397860055303
sarimax,2023-04-01,641.0,598.6037583714841
sarimax,2022-06-01,493.0,419.88632769651736
sarimax,2022-07-01,618.0,312.9702397311528
sarimax,2022-08-01,476.0,229.97526342503073
sarimax,2022-09-01,268.0,0.0
sarimax,2022-10-01,283.0,0.0
sarimax,2022-11-01,86.0,0.0
sarimax,2022-12-01,67.0,0.0
sarimax,2023-01-01,346.0,0.0
sarimax,2023-02-01,335.0,0.0
sarimax,2023-03-01,825.0,66.35936103150225
sarimax,2023-04-01,641.0,462.26651860566085
sarimax,2023-05-01,333.0,2164.413313633942
sarimax,2022-07-01,618.0,371.7385379432769
sarimax,2022-08-01,476.0,277.2323796947744
sarimax,2022-09-01,268.0,0.0
sarimax,2022-10-01,283.0,0.0
sarimax,2022-11-01,86.0,0.0
sarimax,2022-12-01,67.0,0.0
sarimax,2023-01-01,346.0,0.0
sarimax,2023-02-01,335.0,0.0
sarimax,2023-03-01,825.0,78.01167602690398
sarimax,2023-04-01,641.0,472.19107028711517
sarimax,2023-05-01,333.0,2173.4877967784805
sarimax,2023-06-01,251.0,1526.2678936312648
sarimax,2022-08-01,476.0,474.2483299282564
sarimax,2022-09-01,268.0,68.15306459794414
sarimax,2022-10-01,283.0,0.11326622135416642
sarimax,2022-11-01,86.0,0.0
sarimax,2022-12-01,67.0,0.0
sarimax,2023-01-01,346.0,0.0
sarimax,2023-02-01,335.0,0.0
sarimax,2023-03-01,825.0,123.8577500212845
sarimax,2023-04-01,641.0,510.64277741012194
sarimax,2023-05-01,333.0,2207.5085200898407
sarimax,2023-06-01,251.0,1554.758829699782
sarimax,2023-07-01,484.0,1148.3618544770682
sarimax,2022-09-01,268.0,69.55197805703699
sarimax,2022-10-01,283.0,1.239138192580242
sarimax,2022-11-01,86.0,0.0
sarimax,2022-12-01,67.0,0.0
sarimax,2023-01-01,346.0,0.0
sarimax,2023-02-01,335.0,0.0
sarimax,2023-03-01,825.0,124.2849279932669
sarimax,2023-04-01,641.0,511.0030952762372
sarimax,2023-05-01,333.0,2207.798493198403
sarimax,2023-06-01,251.0,1555.0188570045934
sarimax,2023-07-01,484.0,1148.5991539506654
sarimax,2023-08-01,423.0,855.1851092593206
sarimax,2022-10-01,283.0,155.13612951141246
sarimax,2022-11-01,86.0,31.900746225879246
sarimax,2022-12-01,67.0,0.0
sarimax,2023-01-01,346.0,38.59389014616556
sarimax,2023-02-01,335.0,49.06697742736347
sarimax,2023-03-01,825.0,161.4911131556837
sarimax,2023-04-01,641.0,537.5876867165682
sarimax,2023-05-01,333.0,2227.9377683449443
sarimax,2023-06-01,251.0,1567.2677334229313
sarimax,2023-07-01,484.0,1154.5255237717304
sarimax,2023-08-01,423.0,856.5230756427624
sarimax,2023-09-01,351.0,331.7214977143544
sarimax,2022-11-01,86.0,134.15315035873186
sarimax,2022-12-01,67.0,22.05583442387489
sarimax,2023-01-01,346.0,104.72357762247671
sarimax,2023-02-01,335.0,102.63607999382401
sarimax,2023-03-01,825.0,205.15355953509118
sarimax,2023-04-01,641.0,573.4274742885003
sarimax,2023-05-01,333.0,2257.553018234329
sarimax,2023-06-01,251.0,1592.0521834163894
sarimax,2023-07-01,484.0,1175.502395868052
sarimax,2023-08-01,423.0,874.48546779694
sarimax,2023-09-01,351.0,347.3150735665863
sarimax,2023-10-01,394.0,274.91841482523637
sarimax,2022-12-01,67.0,0.0
sarimax,2023-01-01,346.0,73.95817049376652
sarimax,2023-02-01,335.0,77.91587313154469
sarimax,2023-03-01,825.0,185.19836488873807
sarimax,2023-04-01,641.0,557.2089159783435
sarimax,2023-05-01,333.0,2244.1647948818777
sarimax,2023-06-01,251.0,1581.0598901563403
sarimax,2023-07-01,484.0,1166.4039728224714
sarimax,2023-08-01,423.0,866.8559117809205
sarimax,2023-09-01,351.0,340.86167930462534
sarimax,2023-10-01,394.0,269.3774392149321
sarimax,2023-11-01,220.0,59.49431462165872
sarimax,2023-01-01,346.0,140.6305174125281
sarimax,2023-02-01,335.0,131.4163062806134
sarimax,2023-03-01,825.0,228.31159503242216
sarimax,2023-04-01,641.0,592.1339161258127
sarimax,2023-05-01,333.0,2272.65045756327
sarimax,2023-06-01,251.0,1604.4420339987066
sarimax,2023-07-01,484.0,1185.7607259876943
sarimax,2023-08-01,423.0,883.0420010154753
sarimax,2023-09-01,351.0,354.5445834319885
sarimax,2023-10-01,394.0,281.0886352584515
sarimax,2023-11-01,220.0,69.65138210584725
sarimax,2023-12-01,230.0,1.4596617646813002
sarimax,2023-02-01,335.0,299.20589730796434
sarimax,2023-03-01,825.0,366.3683273287334
sarimax,2023-04-01,641.0,706.506823994156
sarimax,2023-05-01,333.0,2367.3344029682644
sarimax,2023-06-01,251.0,1684.916229136839
sarimax,2023-07-01,484.0,1255.035036592848
sarimax,2023-08-01,423.0,943.2559360076531
sarimax,2023-09-01,351.0,407.7416041459844
sarimax,2023-10-01,394.0,328.61198554907924
sarimax,2023-11-01,220.0,112.64639165117347
sarimax,2023-12-01,230.0,40.902869857294725
sarimax,2024-01-01,459.0,205.47947380828106
sarimax,2023-03-01,825.0,391.4987698197403
sarimax,2023-04-01,641.0,723.4837443495604
sarimax,2023-05-01,333.0,2379.0249772274465
sarimax,2023-06-01,251.0,1690.9266010367419
sarimax,2023-07-01,484.0,1256.5523446901432
sarimax,2023-08-01,423.0,941.4848826009701
sarimax,2023-09-01,351.0,403.22688704823037
sarimax,2023-10-01,394.0,322.0901079266121
sarimax,2023-11-01,220.0,104.60069373337933
sarimax,2023-12-01,230.0,31.631405602056866
sarimax,2024-01-01,459.0,195.1850337378421
sarimax,2024-02-01,2445.0,178.87571514203987
sarimax,2023-04-01,641.0,1072.4926358524579
sarimax,2023-05-01,333.0,2660.5918234114324
sarimax,2023-06-01,251.0,1919.9121830647077
sarimax,2023-07-01,484.0,1443.9405977120696
sarimax,2023-08-01,423.0,1095.828369477351
sarimax,2023-09-01,351.0,531.5020509080555
sarimax,2023-10-01,394.0,429.6585115953508
sarimax,2023-11-01,220.0,195.75506357246934
sarimax,2023-12-01,230.0,109.81117785836926
sarimax,2024-01-01,459.0,263.1281517395505
sarimax,2024-02-01,2445.0,238.67823511013225
sarimax,2024-03-01,3856.0,503.2849919806638
sarimax,2023-05-01,333.0,2313.265759372843
sarimax,2023-06-01,251.0,1642.8773142958098
sarimax,2023-07-01,484.0,1222.585844061863
sarimax,2023-08-01,423.0,917.9387491680293
sarimax,2023-09-01,351.0,388.386642163603
sarimax,2023-10-01,394.0,313.6952032250085
sarimax,2023-11-01,220.0,101.14580362265173
sarimax,2023-12-01,230.0,32.166410083093965
sarimax,2024-01-01,459.0,199.0501139210586
sarimax,2024-02-01,2445.0,185.14805891692924
sarimax,2024-03-01,3856.0,458.5449101115845
sarimax,2024-04-01,2008.0,425.46707680035314
sarimax,2023-06-01,251.0,81.50776661832828
sarimax,2023-07-01,484.0,0.0
sarimax,2023-08-01,423.0,0.0
sarimax,2023-09-01,351.0,0.0
sarimax,2023-10-01,394.0,0.0
sarimax,2023-11-01,220.0,0.0
sarimax,2023-12-01,230.0,0.0
sarimax,2024-01-01,459.0,0.0
sarimax,2024-02-01,2445.0,0.0
sarimax,2024-03-01,3856.0,243.00909166150387
sarimax,2024-04-01,2008.0,238.70855578594882
sarimax,2024-05-01,1335.0,214.2141141584919
sarimax,2023-07-01,484.0,122.66059324421127
sarimax,2023-08-01,423.0,35.0433977908462
sarimax,2023-09-01,351.0,0.0
sarimax,2023-10-01,394.0,0.0
sarimax,2023-11-01,220.0,0.0
sarimax,2023-12-01,230.0,0.0
sarimax,2024-01-01,459.0,0.0
sarimax,2024-02-01,2445.0,0.0
sarimax,2024-03-01,3856.0,237.4484417397002
sarimax,2024-04-01,2008.0,227.68811686000063
sarimax,2024-05-01,1335.0,198.85091568504615
sarimax,2024-06-01,1623.0,155.67206588178908
sarimax,2023-08-01,423.0,323.18960206216445
sarimax,2023-09-01,351.0,0.0
sarimax,2023-10-01,394.0,0.0
sarimax,2023-11-01,220.0,0.0
sarimax,2023-12-01,230.0,0.0
sarimax,2024-01-01,459.0,0.0
sarimax,2024-02-01,2445.0,0.0
sarimax,2024-03-01,3856.0,306.57634720421504
sarimax,2024-04-01,2008.0,285.72576425426723
sarimax,2024-05-01,1335.0,247.86777134404446
sarimax,2024-06-01,1623.0,197.96855682783624
sarimax,2024-07-01,806.0,387.47395228052284
sarimax,2023-09-01,351.0,1.050039424985755
sarimax,2023-10-01,394.0,2.922218160105448
sarimax,2023-11-01,220.0,0.0
sarimax,2023-12-01,230.0,0.0
sarimax,2024-01-01,459.0,33.24179676234699
sarimax,2024-02-01,2445.0,46.986455000445844
sarimax,2024-03-01,3856.0,352.6009375175024
sarimax,2024-04-01,2008.0,329.11206074847394
sarimax,2024-05-01,1335.0,289.0404117783032
sarimax,2024-06-01,1623.0,237.64359550847826
sarimax,2024-07-01,806.0,426.0741946524209
sarimax,2024-08-01,607.0,331.9312169929706
sarimax,2023-10-01,394.0,274.94238693188254
sarimax,2023-11-01,220.0,58.64136466228895
sarimax,2023-12-01,230.0,0.0
sarimax,2024-01-01,459.0,158.24298245013182
sarimax,2024-02-01,2445.0,142.33103845519972
sarimax,2024-03-01,3856.0,424.7127091676143
sarimax,2024-04-01,2008.0,382.8897508421483
sarimax,2024-05-01,1335.0,328.3782953473255
sarimax,2024-06-01,1623.0,265.6925522377496
sarimax,2024-07-01,806.0,445.27686877933763
sarimax,2024-08-01,607.0,344.1857378401909
sarimax,2024-09-01,592.0,205.48679426625148
sarimax,2023-11-01,220.0,158.07670914082746
sarimax,2023-12-01,230.0,72.65255825145927
sarimax,2024-01-01,459.0,230.29736868095472
sarimax,2024-02-01,2445.0,204.86101165809333
sarimax,2024-03-01,3856.0,479.9915944672689
sarimax,2024-04-01,2008.0,432.1224100200903
sarimax,2024-05-01,1335.0,372.69823391172923
sarimax,2024-06-01,1623.0,306.3577678652148
sarimax,2024-07-01,806.0,483.14874865070647
sarimax,2024-08-01,607.0,379.86062953092926
sarimax,2024-09-01,592.0,239.4756227424382
sarimax,2024-10-01,616.0,267.06424743110557
sarimax,2023-12-01,230.0,121.69515763828895
sarimax,2024-01-01,459.0,269.22438270097246
sarimax,2024-02-01,2445.0,235.8445060611267
sarimax,2024-03-01,3856.0,504.73615928381355
sarimax,2024-04-01,2008.0,451.96872841267066
sarimax,2024-05-01,1335.0,388.6984948001734
sarimax,2024-06-01,1623.0,319.33696451762705
sarimax,2024-07-01,806.0,493.7552035511439
sarimax,2024-08-01,607.0,388.6037597561351
sarimax,2024-09-01,592.0,246.75532769852015
sarimax,2024-10-01,616.0,273.1948682145153
sarimax,2024-11-01,636.0,85.69850713994606
sarimax,2024-01-01,459.0,350.46322143062264
sarimax,2024-02-01,2445.0,295.99104580687657
sarimax,2024-03-01,3856.0,548.1928046688092
sarimax,2024-04-01,2008.0,482.6611230672053
sarimax,2024-05-01,1335.0,409.54300804262675
sarimax,2024-06-01,1623.0,332.30972534014194
sarimax,2024-07-01,806.0,500.5065540759945
sarimax,2024-08-01,607.0,390.49106892099235
sarimax,2024-09-01,592.0,244.80505993601437
sarimax,2024-10-01,616.0,268.2795315383811
sarimax,2024-11-01,636.0,78.46379780291396
sarimax,2024-12-01,500.0,70.73114310258666
lgbm,2014-01-01,219.0,999.4166666666666
lgbm,2014-02-01,239.0,999.4166666666666
lgbm,2014-03-01,317.0,999.4166666666666
lgbm,2014-04-01,307.0,999.4166666666666
lgbm,2014-05-01,524.0,999.4166666666666
lgbm,2014-06-01,539.0,999.4166666666666
lgbm,2014-07-01,331.0,999.4166666666666
lgbm,2014-08-01,290.0,999.4166666666666
lgbm,2014-09-01,246.0,999.4166666666666
lgbm,2014-10-01,269.0,999.4166666666666
lgbm,2014-11-01,559.0,999.4166666666666
lgbm,2014-12-01,624.0,999.4166666666666
lgbm,2014-02-01,239.0,968.2
lgbm,2014-03-01,317.0,968.2
lgbm,2014-04-01,307.0,968.2
lgbm,2014-05-01,524.0,968.2
lgbm,2014-06-01,539.0,968.2
lgbm,2014-07-01,331.0,968.2
lgbm,2014-08-01,290.0,968.2
lgbm,2014-09-01,246.0,968.2
lgbm,2014-10-01,269.0,968.2
lgbm,2014-11-01,559.0,968.2
lgbm,2014-12-01,624.0,968.2
lgbm,2015-01-01,1909.0,968.2
lgbm,2014-03-01,317.0,940.1538461538462
lgbm,2014-04-01,307.0,940.1538461538462
lgbm,2014-05-01,524.0,940.1538461538462
lgbm,2014-06-01,539.0,940.1538461538462
lgbm,2014-07-01,331.0,940.1538461538462
lgbm,2014-08-01,290.0,940.1538461538462
lgbm,2014-09-01,246.0,940.1538461538462
lgbm,2014-10-01,269.0,940.1538461538462
lgbm,2014-11-01,559.0,940.1538461538462
lgbm,2014-12-01,624.0,940.1538461538462
lgbm,2015-01-01,1909.0,940.1538461538462
lgbm,2015-02-01,2671.0,940.1538461538462
lgbm,2014-04-01,307.0,917.074074074074
lgbm,2014-05-01,524.0,917.074074074074
lgbm,2014-06-01,539.0,917.074074074074
lgbm,2014-07-01,331.0,917.074074074074
lgbm,2014-08-01,290.0,917.074074074074
lgbm,2014-09-01,246.0,917.074074074074
lgbm,2014-10-01,269.0,917.074074074074
lgbm,2014-11-01,559.0,917.074074074074
lgbm,2014-12-01,624.0,917.074074074074
lgbm,2015-01-01,1909.0,917.074074074074
lgbm,2015-02-01,2671.0,917.074074074074
lgbm,2015-03-01,8504.0,917.074074074074
lgbm,2014-05-01,524.0,895.2857142857143
lgbm,2014-06-01,539.0,895.2857142857143
lgbm,2014-07-01,331.0,895.2857142857143
lgbm,2014-08-01,290.0,895.2857142857143
lgbm,2014-09-01,246.0,895.2857142857143
lgbm,2014-10-01,269.0,895.2857142857143
lgbm,2014-11-01,559.0,895.2857142857143
lgbm,2014-12-01,624.0,895.2857142857143
lgbm,2015-01-01,1909.0,895.2857142857143
lgbm,2015-02-01,2671.0,895.2857142857143
lgbm,2015-03-01,8504.0,895.2857142857143
lgbm,2015-04-01,6009.0,895.2857142857143
lgbm,2014-06-01,539.0,882.4827586206897
lgbm,2014-07-01,331.0,882.4827586206897
lgbm,2014-08-01,290.0,882.4827586206897
lgbm,2014-09-01,246.0,882.4827586206897
lgbm,2014-10-01,269.0,882.4827586206897
lgbm,2014-11-01,559.0,882.4827586206897
lgbm,2014-12-01,624.0,882.4827586206897
lgbm,2015-01-01,1909.0,882.4827586206897
lgbm,2015-02-01,2671.0,882.4827586206897
lgbm,2015-03-01,8504.0,882.4827586206897
lgbm,2015-04-01,6009.0,882.4827586206897
lgbm,2015-05-01,3454.0,882.4827586206897
lgbm,2014-07-01,331.0,871.0333333333333
lgbm,2014-08-01,290.0,871.0333333333333
lgbm,2014-09-01,246.0,871.0333333333333
lgbm,2014-10-01,269.0,871.0333333333333
lgbm,2014-11-01,559.0,871.0333333333333
lgbm,2014-12-01,624.0,871.0333333333333
lgbm,2015-01-01,1909.0,871.0333333333333
lgbm,2015-02-01,2671.0,871.0333333333333
lgbm,2015-03-01,8504.0,871.0333333333333
lgbm,2015-04-01,6009.0,871.0333333333333
lgbm,2015-05-01,3454.0,871.0333333333333
lgbm,2015-06-01,1852.0,871.0333333333333
lgbm,2014-08-01,290.0,853.6129032258065
lgbm,2014-09-01,246.0,853.6129032258065
lgbm,2014-10-01,269.0,853.6129032258065
lgbm,2014-11-01,559.0,853.6129032258065
lgbm,2014-12-01,624.0,853.6129032258065
lgbm,2015-01-01,1909.0,853.6129032258065
lgbm,2015-02-01,2671.0,853.6129032258065
lgbm,2015-03-01,8504.0,853.6129032258065
lgbm,2015-04-01,6009.0,853.6129032258065
lgbm,2015-05-01,3454.0,853.6129032258065
lgbm,2015-06-01,1852.0,853.6129032258065
lgbm,2015-07-01,1579.0,853.6129032258065
lgbm,2014-09-01,246.0,836.0
lgbm,2014-10-01,269.0,836.0
lgbm,2014-11-01,559.0,836.0
lgbm,2014-12-01,624.0,836.0
lgbm,2015-01-01,1909.0,836.0
lgbm,2015-02-01,2671.0,836.0
lgbm,2015-03-01,8504.0,836.0
lgbm,2015-04-01,6009.0,836.0
lgbm,2015-05-01,3454.0,836.0
lgbm,2015-06-01,1852.0,836.0
lgbm,2015-07-01,1579.0,836.0
lgbm,2015-08-01,2407.0,836.0
lgbm,2014-10-01,269.0,818.1212121212121
lgbm,2014-11-01,559.0,818.1212121212121
lgbm,2014-12-01,624.0,818.1212121212121
lgbm,2015-01-01,1909.0,818.1212121212121
lgbm,2015-02-01,2671.0,818.1212121212121
lgbm,2015-03-01,8504.0,818.1212121212121
lgbm,2015-04-01,6009.0,818.1212121212121
lgbm,2015-05-01,3454.0,818.1212121212121
lgbm,2015-06-01,1852.0,818.1212121212121
lgbm,2015-07-01,1579.0,818.1212121212121
lgbm,2015-08-01,2407.0,818.1212121212121
lgbm,2015-09-01,1575.0,818.1212121212121
lgbm,2014-11-01,559.0,801.9705882352941
lgbm,2014-12-01,624.0,801.9705882352941
lgbm,2015-01-01,1909.0,801.9705882352941
lgbm,2015-02-01,2671.0,801.9705882352941
lgbm,2015-03-01,8504.0,801.9705882352941
lgbm,2015-04-01,6009.0,801.9705882352941
lgbm,2015-05-01,3454.0,801.9705882352941
lgbm,2015-06-01,1852.0,801.9705882352941
lgbm,2015-07-01,1579.0,801.9705882352941
lgbm,2015-08-01,2407.0,801.9705882352941
lgbm,2015-09-01,1575.0,801.9705882352941
lgbm,2015-10-01,2422.0,801.9705882352941
lgbm,2014-12-01,624.0,795.0285714285715
lgbm,2015-01-01,1909.0,795.0285714285715
lgbm,2015-02-01,2671.0,795.0285714285715
lgbm,2015-03-01,8504.0,795.0285714285715
lgbm,2015-04-01,6009.0,795.0285714285715
lgbm,2015-05-01,3454.0,795.0285714285715
lgbm,2015-06-01,1852.0,795.0285714285715
lgbm,2015-07-01,1579.0,795.0285714285715
lgbm,2015-08-01,2407.0,795.0285714285715
lgbm,2015-09-01,1575.0,795.0285714285715
lgbm,2015-10-01,2422.0,795.0285714285715
lgbm,2015-11-01,5563.0,795.0285714285715
lgbm,2015-01-01,1909.0,790.2777777777778
lgbm,2015-02-01,2671.0,790.2777777777778
lgbm,2015-03-01,8504.0,790.2777777777778
lgbm,2015-04-01,6009.0,790.2777777777778
lgbm,2015-05-01,3454.0,790.2777777777778
lgbm,2015-06-01,1852.0,790.2777777777778
lgbm,2015-07-01,1579.0,790.2777777777778
lgbm,2015-08-01,2407.0,790.2777777777778
lgbm,2015-09-01,1575.0,790.2777777777778
lgbm,2015-10-01,2422.0,790.2777777777778
lgbm,2015-11-01,5563.0,790.2777777777778
lgbm,2015-12-01,3416.0,790.2777777777778
lgbm,2015-02-01,2671.0,820.5135135135135
lgbm,2015-03-01,8504.0,820.5135135135135
lgbm,2015-04-01,6009.0,820.5135135135135
lgbm,2015-05-01,3454.0,820.5135135135135
lgbm,2015-06-01,1852.0,820.5135135135135
lgbm,2015-07-01,1579.0,820.5135135135135
lgbm,2015-08-01,2407.0,820.5135135135135
lgbm,2015-09-01,1575.0,820.5135135135135
lgbm,2015-10-01,2422.0,820.5135135135135
lgbm,2015-11-01,5563.0,820.5135135135135
lgbm,2015-12-01,3416.0,820.5135135135135
lgbm,2016-01-01,7561.0,820.5135135135135
lgbm,2015-03-01,8504.0,869.2105263157895
lgbm,2015-04-01,6009.0,869.2105263157895
lgbm,2015-05-01,3454.0,869.2105263157895
lgbm,2015-06-01,1852.0,869.2105263157895
lgbm,2015-07-01,1579.0,869.2105263157895
lgbm,2015-08-01,2407.0,869.2105263157895
lgbm,2015-09-01,1575.0,869.2105263157895
lgbm,2015-10-01,2422.0,869.2105263157895
lgbm,2015-11-01,5563.0,869.2105263157895
lgbm,2015-12-01,3416.0,869.2105263157895
lgbm,2016-01-01,7561.0,869.2105263157895
lgbm,2016-02-01,6961.0,869.2105263157895
lgbm,2015-04-01,6009.0,1064.974358974359
lgbm,2015-05-01,3454.0,1064.974358974359
lgbm,2015-06-01,1852.0,1064.974358974359
lgbm,2015-07-01,1579.0,1064.974358974359
lgbm,2015-08-01,2407.0,1064.974358974359
lgbm,2015-09-01,1575.0,1064.974358974359
lgbm,2015-10-01,2422.0,1064.974358974359
lgbm,2015-11-01,5563.0,1064.974358974359
lgbm,2015-12-01,3416.0,1064.974358974359
lgbm,2016-01-01,7561.0,1064.974358974359
lgbm,2016-02-01,6961.0,1064.974358974359
lgbm,2016-03-01,3134.0,1064.974358974359
lgbm,2015-05-01,3454.0,1188.575
lgbm,2015-06-01,1852.0,1188.575
lgbm,2015-07-01,1579.0,1188.575
lgbm,2015-08-01,2407.0,1188.575
lgbm,2015-09-01,1575.0,1188.575
lgbm,2015-10-01,2422.0,1188.575
lgbm,2015-11-01,5563.0,1188.575
lgbm,2015-12-01,3416.0,1188.575
lgbm,2016-01-01,7561.0,1188.575
lgbm,2016-02-01,6961.0,1188.575
lgbm,2016-03-01,3134.0,1188.575
lgbm,2016-04-01,1931.0,1188.575
lgbm,2015-06-01,1852.0,3226.4492019991476
lgbm,2015-07-01,1579.0,3226.4492019991476
lgbm,2015-08-01,2407.0,3226.4492019991476
lgbm,2015-09-01,1575.0,3226.4492019991476
lgbm,2015-10-01,2422.0,3226.4492019991476
lgbm,2015-11-01,5563.0,3226.4492019991476
lgbm,2015-12-01,3416.0,3226.4492019991476
lgbm,2016-01-01,7561.0,3226.4492019991476
lgbm,2016-02-01,6961.0,3226.4492019991476
lgbm,2016-03-01,3134.0,2602.082406875389
lgbm,2016-04-01,1931.0,1770.1122911622247
lgbm,2016-05-01,1520.0,1680.4635352467192
lgbm,2015-07-01,1579.0,2718.4884326111696
lgbm,2015-08-01,2407.0,3346.802821354072
lgbm,2015-09-01,1575.0,3346.802821354072
lgbm,2015-10-01,2422.0,3346.802821354072
lgbm,2015-11-01,5563.0,3346.802821354072
lgbm,2015-12-01,3416.0,3346.802821354072
lgbm,2016-01-01,7561.0,2545.1650428403536
lgbm,2016-02-01,6961.0,1819.5271116932759
lgbm,2016-03-01,3134.0,1819.5271116932759
lgbm,2016-04-01,1931.0,1819.5271116932759
lgbm,2016-05-01,1520.0,1819.5271116932759
lgbm,2016-06-01,947.0,1819.5271116932759
lgbm,2015-08-01,2407.0,2216.75061507263
lgbm,2015-09-01,1575.0,2216.75061507263
lgbm,2015-10-01,2422.0,3349.2566855298987
lgbm,2015-11-01,5563.0,3349.2566855298987
lgbm,2015-12-01,3416.0,2993.450780805311
lgbm,2016-01-01,7561.0,2993.450780805311
lgbm,2016-02-01,6961.0,1860.9447103480422
lgbm,2016-03-01,3134.0,1800.3982372552985
lgbm,2016-04-01,1931.0,1800.3982372552985
lgbm,2016-05-01,1520.0,1800.3982372552985
lgbm,2016-06-01,947.0,1800.3982372552985
lgbm,2016-07-01,631.0,1800.3982372552985
lgbm,2015-09-01,1575.0,2797.409412386563
lgbm,2015-10-01,2422.0,3290.0994574678975
lgbm,2015-11-01,5563.0,3553.987486215764
lgbm,2015-12-01,3416.0,3253.4634754979697
lgbm,2016-01-01,7561.0,3168.4268929914715
lgbm,2016-02-01,6961.0,2567.3670478288846
lgbm,2016-03-01,3134.0,1885.0229439450438
lgbm,2016-04-01,1931.0,1885.0229439450438
lgbm,2016-05-01,1520.0,1885.0229439450438
lgbm,2016-06-01,947.0,1885.0229439450438
lgbm,2016-07-01,631.0,1885.0229439450438
lgbm,2016-08-01,434.0,1885.0229439450438
lgbm,2015-10-01,2422.0,2894.873571045129
lgbm,2015-11-01,5563.0,3336.7962243504467
lgbm,2015-12-01,3416.0,3119.941885127304
lgbm,2016-01-01,7561.0,2940.2988524902075
lgbm,2016-02-01,6961.0,2286.745355562333
lgbm,2016-03-01,3134.0,1844.8227022570165
lgbm,2016-04-01,1931.0,1844.8227022570165
lgbm,2016-05-01,1520.0,1844.8227022570165
lgbm,2016-06-01,947.0,1844.8227022570165
lgbm,2016-07-01,631.0,1844.8227022570165
lgbm,2016-08-01,434.0,1844.8227022570165
lgbm,2016-09-01,341.0,1844.8227022570165
lgbm,2015-11-01,5563.0,3136.3027269998097
lgbm,2015-12-01,3416.0,2818.923260931878
lgbm,2016-01-01,7561.0,2637.4557404377056
lgbm,2016-02-01,6961.0,2245.66423845831
lgbm,2016-03-01,3134.0,1721.1719534404342
lgbm,2016-04-01,1931.0,1721.1719534404342
lgbm,2016-05-01,1520.0,1721.1719534404342
lgbm,2016-06-01,947.0,1721.1719534404342
lgbm,2016-07-01,631.0,1721.1719534404342
lgbm,2016-08-01,434.0,1721.1719534404342
lgbm,2016-09-01,341.0,1721.1719534404342
lgbm,2016-10-01,389.0,1721.1719534404342
lgbm,2015-12-01,3416.0,3216.7277456117927
lgbm,2016-01-01,7561.0,2963.0751251292163
lgbm,2016-02-01,6961.0,2291.6226479148922
lgbm,2016-03-01,3134.0,2024.6427453614658
lgbm,2016-04-01,1931.0,2024.6427453614658
lgbm,2016-05-01,1520.0,2024.6427453614658
lgbm,2016-06-01,947.0,2024.6427453614658
lgbm,2016-07-01,631.0,2024.6427453614658
lgbm,2016-08-01,434.0,2024.6427453614658
lgbm,2016-09-01,341.0,2024.6427453614658
lgbm,2016-10-01,389.0,2024.6427453614658
lgbm,2016-11-01,268.0,2024.6427453614658
lgbm,2016-01-01,7561.0,3003.2756122420224
lgbm,2016-02-01,6961.0,2403.1290249366757
lgbm,2016-03-01,3134.0,1963.6108326214476
lgbm,2016-04-01,1931.0,1963.6108326214476
lgbm,2016-05-01,1520.0,1963.6108326214476
lgbm,2016-06-01,947.0,1963.6108326214476
lgbm,2016-07-01,631.0,1963.6108326214476
lgbm,2016-08-01,434.0,1963.6108326214476
lgbm,2016-09-01,341.0,2182.2281511638057
lgbm,2016-10-01,389.0,2182.2281511638057
lgbm,2016-11-01,268.0,2182.2281511638057
lgbm,2016-12-01,604.0,2182.2281511638057
lgbm,2016-02-01,6961.0,2880.7696611311594
lgbm,2016-03-01,3134.0,2286.3994212018797
lgbm,2016-04-01,1931.0,2286.3994212018797
lgbm,2016-05-01,1520.0,2286.3994212018797
lgbm,2016-06-01,947.0,2340.2416283748184
lgbm,2016-07-01,631.0,2340.2416283748184
lgbm,2016-08-01,434.0,2340.2416283748184
lgbm,2016-09-01,341.0,2394.698939582726
lgbm,2016-10-01,389.0,2394.698939582726
lgbm,2016-11-01,268.0,2394.698939582726
lgbm,2016-12-01,604.0,2394.698939582726
lgbm,2017-01-01,343.0,1719.375587147021
lgbm,2016-03-01,3134.0,3007.8275404581173
lgbm,2016-04-01,1931.0,3007.8275404581173
lgbm,2016-05-01,1520.0,3007.8275404581173
lgbm,2016-06-01,947.0,3007.8275404581173
lgbm,2016-07-01,631.0,3230.3119307728507
lgbm,2016-08-01,434.0,3230.3119307728507
lgbm,2016-09-01,341.0,3230.3119307728507
lgbm,2016-10-01,389.0,2946.0154784850174
lgbm,2016-11-01,268.0,2794.6109366381065
lgbm,2016-12-01,604.0,2794.6109366381065
lgbm,2017-01-01,343.0,2469.2016252214535
lgbm,2017-02-01,366.0,2469.2016252214535
lgbm,2016-04-01,1931.0,3057.4227856765365
lgbm,2016-05-01,1520.0,3057.4227856765365
lgbm,2016-06-01,947.0,3084.5904446687036
lgbm,2016-07-01,631.0,3084.5904446687036
lgbm,2016-08-01,434.0,3142.409331602711
lgbm,2016-09-01,341.0,3142.409331602711
lgbm,2016-10-01,389.0,3142.409331602711
lgbm,2016-11-01,268.0,2726.827564350923
lgbm,2016-12-01,604.0,2726.827564350923
lgbm,2017-01-01,343.0,2461.1838938442684
lgbm,2017-02-01,366.0,2461.1838938442684
lgbm,2017-03-01,458.0,2461.1838938442684
lgbm,2016-05-01,1520.0,2897.2231218828015
lgbm,2016-06-01,947.0,2924.793478521222
lgbm,2016-07-01,631.0,2924.793478521222
lgbm,2016-08-01,434.0,3011.274116745338
lgbm,2016-09-01,341.0,3011.274116745338
lgbm,2016-10-01,389.0,3011.274116745338
lgbm,2016-11-01,268.0,2597.4531303974527
lgbm,2016-12-01,604.0,2597.4531303974527
lgbm,2017-01-01,343.0,2418.9883728848627
lgbm,2017-02-01,366.0,2418.9883728848627
lgbm,2017-03-01,458.0,2418.9883728848627
lgbm,2017-04-01,441.0,2418.9883728848627
lgbm,2016-06-01,947.0,1312.9221423072263
lgbm,2016-07-01,631.0,1394.4032599839554
lgbm,2016-08-01,434.0,1148.7291068191018
lgbm,2016-09-01,341.0,1148.7291068191018
lgbm,2016-10-01,389.0,976.6050316903827
lgbm,2016-11-01,268.0,869.314252397998
lgbm,2016-12-01,604.0,671.0642016810447
lgbm,2017-01-01,343.0,578.8646961785927
lgbm,2017-02-01,366.0,578.8646961785927
lgbm,2017-03-01,458.0,693.8152363889986
lgbm,2017-04-01,441.0,693.8152363889986
lgbm,2017-05-01,344.0,693.8152363889986
lgbm,2016-07-01,631.0,902.2729695427375
lgbm,2016-08-01,434.0,945.5849584423469
lgbm,2016-09-01,341.0,867.2734923258391
lgbm,2016-10-01,389.0,945.5849584423469
lgbm,2016-11-01,268.0,605.8197125004389
lgbm,2016-12-01,604.0,684.1311786169466
lgbm,2017-01-01,343.0,605.8197125004389
lgbm,2017-02-01,366.0,605.8197125004389
lgbm,2017-03-01,458.0,605.8197125004389
lgbm,2017-04-01,441.0,523.2875120141142
lgbm,2017-05-01,344.0,371.60435304985947
lgbm,2017-06-01,335.0,195.35129327099062
lgbm,2016-08-01,434.0,878.4653280092646
lgbm,2016-09-01,341.0,807.196857187884
lgbm,2016-10-01,389.0,868.8121490521057
lgbm,2016-11-01,268.0,566.6111681079419
lgbm,2016-12-01,604.0,594.9075720818391
lgbm,2017-01-01,343.0,566.6111681079419
lgbm,2017-02-01,366.0,594.9075720818391
lgbm,2017-03-01,458.0,566.6111681079419
lgbm,2017-04-01,441.0,538.776846851427
lgbm,2017-05-01,344.0,217.9739128940555
lgbm,2017-06-01,335.0,217.9739128940555
lgbm,2017-07-01,297.0,0.0
lgbm,2016-09-01,341.0,631.786856311078
lgbm,2016-10-01,389.0,1053.8829987789798
lgbm,2016-11-01,268.0,990.7678702121583
lgbm,2016-12-01,604.0,1167.4916687720936
lgbm,2017-01-01,343.0,1591.0432347425142
lgbm,2017-02-01,366.0,3356.4455363824936
lgbm,2017-03-01,458.0,3310.1240926373075
lgbm,2017-04-01,441.0,3310.1240926373075
lgbm,2017-05-01,344.0,2371.939729192496
lgbm,2017-06-01,335.0,1925.3777994867864
lgbm,2017-07-01,297.0,2371.939729192496
lgbm,2017-08-01,269.0,2371.939729192496
lgbm,2016-10-01,389.0,356.1290608410742
lgbm,2016-11-01,268.0,200.63064641655237
lgbm,2016-12-01,604.0,200.63064641655237
lgbm,2017-01-01,343.0,200.63064641655237
lgbm,2017-02-01,366.0,274.2655387674605
lgbm,2017-03-01,458.0,261.97738481816356
lgbm,2017-04-01,441.0,261.97738481816356
lgbm,2017-05-01,344.0,261.97738481816356
lgbm,2017-06-01,335.0,0.0
lgbm,2017-07-01,297.0,0.0
lgbm,2017-08-01,269.0,0.0
lgbm,2017-09-01,271.0,211.93442629374965
lgbm,2016-11-01,268.0,220.1160280865648
lgbm,2016-12-01,604.0,93.8674394812266
lgbm,2017-01-01,343.0,93.8674394812266
lgbm,2017-02-01,366.0,121.3951932095249
lgbm,2017-03-01,458.0,140.9957003722114
lgbm,2017-04-01,441.0,168.66732923690967
lgbm,2017-05-01,344.0,168.66732923690967
lgbm,2017-06-01,335.0,0.0
lgbm,2017-07-01,297.0,0.0
lgbm,2017-08-01,269.0,0.0
lgbm,2017-09-01,271.0,241.82575380061093
lgbm,2017-10-01,252.0,241.82575380061093
lgbm,2016-12-01,604.0,322.6089506504872
lgbm,2017-01-01,343.0,322.6089506504872
lgbm,2017-02-01,366.0,322.6089506504872
lgbm,2017-03-01,458.0,123.81978342147195
lgbm,2017-04-01,441.0,123.81978342147195
lgbm,2017-05-01,344.0,123.81978342147195
lgbm,2017-06-01,335.0,0.0
lgbm,2017-07-01,297.0,0.0
lgbm,2017-08-01,269.0,0.0
lgbm,2017-09-01,271.0,36.49258820213615
lgbm,2017-10-01,252.0,36.49258820213615
lgbm,2017-11-01,152.0,36.49258820213615
lgbm,2017-01-01,343.0,657.5496485726384
lgbm,2017-02-01,366.0,916.09931701868
lgbm,2017-03-01,458.0,1143.4312065871081
lgbm,2017-04-01,441.0,805.0789456905334
lgbm,2017-05-01,344.0,962.9357977652874
lgbm,2017-06-01,335.0,212.2633211551877
lgbm,2017-07-01,297.0,0.0
lgbm,2017-08-01,269.0,0.0
lgbm,2017-09-01,271.0,0.0
lgbm,2017-10-01,252.0,395.3087676997273
lgbm,2017-11-01,152.0,395.3087676997273
lgbm,2017-12-01,203.0,653.8584361457689
lgbm,2017-02-01,366.0,404.5243867358611
lgbm,2017-03-01,458.0,532.2419366454935
lgbm,2017-04-01,441.0,270.9435254672937
lgbm,2017-05-01,344.0,336.0442861003946
lgbm,2017-06-01,335.0,101.95073130341373
lgbm,2017-07-01,297.0,0.0
lgbm,2017-08-01,269.0,79.79500944351723
lgbm,2017-09-01,271.0,334.0163591729429
lgbm,2017-10-01,252.0,404.12301936921347
lgbm,2017-11-01,152.0,368.26090406593516
lgbm,2017-12-01,203.0,746.0319148785136
lgbm,2018-01-01,158.0,1792.4836420465358
lgbm,2017-03-01,458.0,305.7021866896953
lgbm,2017-04-01,441.0,107.79921771478708
lgbm,2017-05-01,344.0,0.0
lgbm,2017-06-01,335.0,0.0
lgbm,2017-07-01,297.0,0.0
lgbm,2017-08-01,269.0,0.0
lgbm,2017-09-01,271.0,0.0
lgbm,2017-10-01,252.0,149.84292643848374
lgbm,2017-11-01,152.0,0.0
lgbm,2017-12-01,203.0,33.833354943007485
lgbm,2018-01-01,158.0,462.73436974617454
lgbm,2018-02-01,240.0,1070.1612056087527
lgbm,2017-04-01,441.0,349.5925740151619
lgbm,2017-05-01,344.0,496.592560109963
lgbm,2017-06-01,335.0,278.3065366637808
lgbm,2017-07-01,297.0,0.0
lgbm,2017-08-01,269.0,0.0
lgbm,2017-09-01,271.0,309.60591443446293
lgbm,2017-10-01,252.0,475.23860815762947
lgbm,2017-11-01,152.0,423.0876232805237
lgbm,2017-12-01,203.0,519.9260352872199
lgbm,2018-01-01,158.0,1271.1299639481715
lgbm,2018-02-01,240.0,1220.1253884553346
lgbm,2018-03-01,311.0,1934.5191088217814
lgbm,2017-05-01,344.0,408.8585573625583
lgbm,2017-06-01,335.0,113.45189020347712
lgbm,2017-07-01,297.0,0.0
lgbm,2017-08-01,269.0,0.0
lgbm,2017-09-01,271.0,299.8841200736968
lgbm,2017-10-01,252.0,541.5636773285762
lgbm,2017-11-01,152.0,397.84000322851705
lgbm,2017-12-01,203.0,526.4728477173753
lgbm,2018-01-01,158.0,1328.5877514342249
lgbm,2018-02-01,240.0,1404.148461872635
lgbm,2018-03-01,311.0,3571.7135679214384
lgbm,2018-04-01,699.0,3165.1456583573677
lgbm,2017-06-01,335.0,0.0
lgbm,2017-07-01,297.0,0.0
lgbm,2017-08-01,269.0,0.0
lgbm,2017-09-01,271.0,0.0
lgbm,2017-10-01,252.0,181.0597443677466
lgbm,2017-11-01,152.0,0.0
lgbm,2017-12-01,203.0,117.84257658446441
lgbm,2018-01-01,158.0,554.4442135831059
lgbm,2018-02-01,240.0,853.2649440474572
lgbm,2018-03-01,311.0,1111.795088861215
lgbm,2018-04-01,699.0,1288.3173830147518
lgbm,2018-05-01,515.0,1972.4293627096931
lgbm,2017-07-01,297.0,0.0
lgbm,2017-08-01,269.0,0.0
lgbm,2017-09-01,271.0,74.48501710193453
lgbm,2017-10-01,252.0,339.1932245704374
lgbm,2017-11-01,152.0,255.45363059367574
lgbm,2017-12-01,203.0,433.34379885406867
lgbm,2018-01-01,158.0,975.714214090478
lgbm,2018-02-01,240.0,1503.9522499610046
lgbm,2018-03-01,311.0,938.1166145144971
lgbm,2018-04-01,699.0,719.2566283390076
lgbm,2018-05-01,515.0,1038.7258899481646
lgbm,2018-06-01,402.0,896.6325791741958
lgbm,2017-08-01,269.0,244.1741344924441
lgbm,2017-09-01,271.0,14.499970377412165
lgbm,2017-10-01,252.0,348.63407137525627
lgbm,2017-11-01,152.0,367.30153811231634
lgbm,2017-12-01,203.0,882.3481596818634
lgbm,2018-01-01,158.0,1516.8359959211957
lgbm,2018-02-01,240.0,3746.9755701708514
lgbm,2018-03-01,311.0,3245.831246855771
lgbm,2018-04-01,699.0,3124.6151808879627
lgbm,2018-05-01,515.0,3348.7806049261653
lgbm,2018-06-01,402.0,2773.994736528148
lgbm,2018-07-01,476.0,2027.3001066421245
lgbm,2017-09-01,271.0,0.0
lgbm,2017-10-01,252.0,193.58906419864016
lgbm,2017-11-01,152.0,0.0
lgbm,2017-12-01,203.0,549.9467642436842
lgbm,2018-01-01,158.0,1101.84779669313
lgbm,2018-02-01,240.0,1878.4857989459078
lgbm,2018-03-01,311.0,3147.9761139580723
lgbm,2018-04-01,699.0,3686.862995444472
lgbm,2018-05-01,515.0,4245.570038716644
lgbm,2018-06-01,402.0,3099.6491073264233
lgbm,2018-07-01,476.0,2058.236104731531
lgbm,2018-08-01,294.0,2369.108808137652
lgbm,2017-10-01,252.0,555.2068507612064
lgbm,2017-11-01,152.0,636.219727870404
lgbm,2017-12-01,203.0,1128.83492099006
lgbm,2018-01-01,158.0,1438.928291391681
lgbm,2018-02-01,240.0,1945.0311264572063
lgbm,2018-03-01,311.0,4002.8294510694436
lgbm,2018-04-01,699.0,2838.7373346492964
lgbm,2018-05-01,515.0,3154.6406633631696
lgbm,2018-06-01,402.0,2810.2772092894215
lgbm,2018-07-01,476.0,2195.0050975753356
lgbm,2018-08-01,294.0,3071.554813326109
lgbm,2018-09-01,325.0,3861.6598323431617
lgbm,2017-11-01,152.0,575.4150423772118
lgbm,2017-12-01,203.0,709.1893302738155
lgbm,2018-01-01,158.0,1685.9305985692574
lgbm,2018-02-01,240.0,3821.7262895957206
lgbm,2018-03-01,311.0,4020.8794059267593
lgbm,2018-04-01,699.0,2968.720223942815
lgbm,2018-05-01,515.0,3327.338620959438
lgbm,2018-06-01,402.0,3106.144428990946
lgbm,2018-07-01,476.0,2460.500991587079
lgbm,2018-08-01,294.0,2235.9370780677577
lgbm,2018-09-01,325.0,4030.805056883272
lgbm,2018-10-01,231.0,3777.040616563536
lgbm,2017-12-01,203.0,176.96990969990802
lgbm,2018-01-01,158.0,774.5125959993512
lgbm,2018-02-01,240.0,1503.4421811260622
lgbm,2018-03-01,311.0,3673.9040989299087
lgbm,2018-04-01,699.0,3364.2769220561645
lgbm,2018-05-01,515.0,4186.3368029998755
lgbm,2018-06-01,402.0,4240.58305065306
lgbm,2018-07-01,476.0,2626.435635821326
lgbm,2018-08-01,294.0,2087.169063117914
lgbm,2018-09-01,325.0,2476.1861091094825
lgbm,2018-10-01,231.0,2638.3406044338903
lgbm,2018-11-01,244.0,3271.773911582877
lgbm,2018-01-01,158.0,813.4386261919813
lgbm,2018-02-01,240.0,1167.8985785320515
lgbm,2018-03-01,311.0,1273.3625402798639
lgbm,2018-04-01,699.0,452.09900304968204
lgbm,2018-05-01,515.0,1195.2912820171846
lgbm,2018-06-01,402.0,892.9827058442805
lgbm,2018-07-01,476.0,383.51041682490893
lgbm,2018-08-01,294.0,29.13654063658592
lgbm,2018-09-01,325.0,641.1655551196769
lgbm,2018-10-01,231.0,419.8493001424436
lgbm,2018-11-01,244.0,1655.6208928258498
lgbm,2018-12-01,273.0,4334.315355964737
lgbm,2018-02-01,240.0,176.45715203975402
lgbm,2018-03-01,311.0,335.4771550827188
lgbm,2018-04-01,699.0,0.0
lgbm,2018-05-01,515.0,618.5279339871166
lgbm,2018-06-01,402.0,80.88806793483896
lgbm,2018-07-01,476.0,147.30349592694205
lgbm,2018-08-01,294.0,0.0
lgbm,2018-09-01,325.0,709.018260962821
lgbm,2018-10-01,231.0,755.8909996248091
lgbm,2018-11-01,244.0,848.8575418117183
lgbm,2018-12-01,273.0,1437.0743198752336
lgbm,2019-01-01,175.0,3601.7989254588974
lgbm,2018-03-01,311.0,454.8437374044837
lgbm,2018-04-01,699.0,292.0306705630103
lgbm,2018-05-01,515.0,773.8770279728387
lgbm,2018-06-01,402.0,238.76903038302123
lgbm,2018-07-01,476.0,274.24271728311
lgbm,2018-08-01,294.0,0.0
lgbm,2018-09-01,325.0,403.8116366259651
lgbm,2018-10-01,231.0,837.5577951326962
lgbm,2018-11-01,244.0,1202.0790929381742
lgbm,2018-12-01,273.0,1514.834676697896
lgbm,2019-01-01,175.0,4250.195751666756
lgbm,2019-02-01,378.0,4139.200727877766
lgbm,2018-04-01,699.0,0.0
lgbm,2018-05-01,515.0,83.52676404263259
lgbm,2018-06-01,402.0,0.0
lgbm,2018-07-01,476.0,0.0
lgbm,2018-08-01,294.0,0.0
lgbm,2018-09-01,325.0,0.0
lgbm,2018-10-01,231.0,664.184834774363
lgbm,2018-11-01,244.0,1242.8113203339717
lgbm,2018-12-01,273.0,1696.0706658630452
lgbm,2019-01-01,175.0,3685.0716520407605
lgbm,2019-02-01,378.0,3940.1099970601467
lgbm,2019-03-01,675.0,3940.1099970601467
lgbm,2018-05-01,515.0,363.85919148570355
lgbm,2018-06-01,402.0,77.98906594868598
lgbm,2018-07-01,476.0,0.0
lgbm,2018-08-01,294.0,0.0
lgbm,2018-09-01,325.0,320.13005787500936
lgbm,2018-10-01,231.0,86.66214000589449
lgbm,2018-11-01,244.0,555.9644041700909
lgbm,2018-12-01,273.0,1009.4609907784032
lgbm,2019-01-01,175.0,1473.466064979295
lgbm,2019-02-01,378.0,2568.920454278725
lgbm,2019-03-01,675.0,4820.311339185914
lgbm,2019-04-01,983.0,3865.6794663387063
lgbm,2018-06-01,402.0,398.7194984910312
lgbm,2018-07-01,476.0,169.68685930990486
lgbm,2018-08-01,294.0,6.058744492880267
lgbm,2018-09-01,325.0,109.25343499834491
lgbm,2018-10-01,231.0,455.45945534747955
lgbm,2018-11-01,244.0,838.0052071119977
lgbm,2018-12-01,273.0,1273.6278839546933
lgbm,2019-01-01,175.0,1273.6278839546933
lgbm,2019-02-01,378.0,2469.5313658862538
lgbm,2019-03-01,675.0,4723.92544189887
lgbm,2019-04-01,983.0,4627.9422255266745
lgbm,2019-05-01,1336.0,3818.4098822468495
lgbm,2018-07-01,476.0,128.0543130541891
lgbm,2018-08-01,294.0,243.26987275704118
lgbm,2018-09-01,325.0,144.63973848743225
lgbm,2018-10-01,231.0,369.6817178920603
lgbm,2018-11-01,244.0,460.9525488109419
lgbm,2018-12-01,273.0,1305.6649012931057
lgbm,2019-01-01,175.0,1488.833457769686
lgbm,2019-02-01,378.0,4832.665892671609
lgbm,2019-03-01,675.0,4984.941042326542
lgbm,2019-04-01,983.0,4235.503927490868
lgbm,2019-05-01,1336.0,3578.7434260917908
lgbm,2019-06-01,1484.0,3578.7434260917908
lgbm,2018-08-01,294.0,576.8013486548169
lgbm,2018-09-01,325.0,1111.1545402559118
lgbm,2018-10-01,231.0,1702.9238771570606
lgbm,2018-11-01,244.0,3836.824848350795
lgbm,2018-12-01,273.0,4362.963992115336
lgbm,2019-01-01,175.0,4738.171709209641
lgbm,2019-02-01,378.0,4530.754870796276
lgbm,2019-03-01,675.0,4046.1506883430366
lgbm,2019-04-01,983.0,3838.8107232071397
lgbm,2019-05-01,1336.0,3938.505621674989
lgbm,2019-06-01,1484.0,3972.835372936235
lgbm,2019-07-01,1160.0,3784.3347035433726
lgbm,2018-09-01,325.0,328.87937980213843
lgbm,2018-10-01,231.0,679.3619054991065
lgbm,2018-11-01,244.0,924.5038037988785
lgbm,2018-12-01,273.0,1111.1186885212958
lgbm,2019-01-01,175.0,1760.868098636036
lgbm,2019-02-01,378.0,4496.482022813845
lgbm,2019-03-01,675.0,4412.505354349454
lgbm,2019-04-01,983.0,4178.127320229436
lgbm,2019-05-01,1336.0,4147.051300201086
lgbm,2019-06-01,1484.0,2853.887148199925
lgbm,2019-07-01,1160.0,3366.805785725177
lgbm,2019-08-01,1157.0,2939.9212072824735
lgbm,2018-10-01,231.0,863.0369977288141
lgbm,2018-11-01,244.0,1213.47816701634
lgbm,2018-12-01,273.0,1636.3573360865475
lgbm,2019-01-01,175.0,4052.3059496999645
lgbm,2019-02-01,378.0,4575.68864794054
lgbm,2019-03-01,675.0,4326.422196733527
lgbm,2019-04-01,983.0,4063.2195066291924
lgbm,2019-05-01,1336.0,3697.850101861352
lgbm,2019-06-01,1484.0,3040.7670232533164
lgbm,2019-07-01,1160.0,3410.8207561212234
lgbm,2019-08-01,1157.0,2942.72901484013
lgbm,2019-09-01,1364.0,2827.623414927974
lgbm,2018-11-01,244.0,620.4355839476121
lgbm,2018-12-01,273.0,1227.8179175284415
lgbm,2019-01-01,175.0,2462.9188765421072
lgbm,2019-02-01,378.0,4676.359359225719
lgbm,2019-03-01,675.0,5274.342010174023
lgbm,2019-04-01,983.0,5321.571201794227
lgbm,2019-05-01,1336.0,4347.727776897665
lgbm,2019-06-01,1484.0,2613.1596770014307
lgbm,2019-07-01,1160.0,3034.366189770726
lgbm,2019-08-01,1157.0,2239.507250287375
lgbm,2019-09-01,1364.0,3411.170612047736
lgbm,2019-10-01,800.0,3553.7156255892583
lgbm,2018-12-01,273.0,610.6623888009767
lgbm,2019-01-01,175.0,1270.5903445604845
lgbm,2019-02-01,378.0,2215.0573148138396
lgbm,2019-03-01,675.0,4330.672763451219
lgbm,2019-04-01,983.0,4905.363286318142
lgbm,2019-05-01,1336.0,4369.3946615501445
lgbm,2019-06-01,1484.0,2959.34479802087
lgbm,2019-07-01,1160.0,2844.38318617963
lgbm,2019-08-01,1157.0,2216.8022906418278
lgbm,2019-09-01,1364.0,2216.2238467090833
lgbm,2019-10-01,800.0,3736.507801338022
lgbm,2019-11-01,496.0,3663.3038566747846
lgbm,2019-01-01,175.0,1042.323249397174
lgbm,2019-02-01,378.0,1771.574309019675
lgbm,2019-03-01,675.0,3902.8585306001737
lgbm,2019-04-01,983.0,4885.084524705752
lgbm,2019-05-01,1336.0,4771.792063096649
lgbm,2019-06-01,1484.0,2956.306046291243
lgbm,2019-07-01,1160.0,2812.798433751162
lgbm,2019-08-01,1157.0,2186.2543688196965
lgbm,2019-09-01,1364.0,2204.1462022065266
lgbm,2019-10-01,800.0,2838.4811339727785
lgbm,2019-11-01,496.0,3749.4832112721533
lgbm,2019-12-01,297.0,4042.403274982174
lgbm,2019-02-01,378.0,1013.5754108974543
lgbm,2019-03-01,675.0,1473.6642252255463
lgbm,2019-04-01,983.0,2012.6131333349435
lgbm,2019-05-01,1336.0,4796.944431895333
lgbm,2019-06-01,1484.0,3936.3286064821236
lgbm,2019-07-01,1160.0,3741.3490558244166
lgbm,2019-08-01,1157.0,2444.3208718529017
lgbm,2019-09-01,1364.0,2275.787962774748
lgbm,2019-10-01,800.0,2389.1836994127657
lgbm,2019-11-01,496.0,3026.890484197037
lgbm,2019-12-01,297.0,3610.063785786318
lgbm,2020-01-01,289.0,3883.2199830965915
lgbm,2019-03-01,675.0,1005.0872767632806
lgbm,2019-04-01,983.0,1611.6258738790866
lgbm,2019-05-01,1336.0,4458.556270353329
lgbm,2019-06-01,1484.0,3511.375962670484
lgbm,2019-07-01,1160.0,3824.5809906676577
lgbm,2019-08-01,1157.0,2617.290815157834
lgbm,2019-09-01,1364.0,2411.3985544701522
lgbm,2019-10-01,800.0,2412.886098845952
lgbm,2019-11-01,496.0,2999.1432746724786
lgbm,2019-12-01,297.0,3308.538101073884
lgbm,2020-01-01,289.0,4300.89815209236
lgbm,2020-02-01,294.0,4379.785914333763
lgbm,2019-04-01,983.0,1442.6551883881327
lgbm,2019-05-01,1336.0,1748.9916069835715
lgbm,2019-06-01,1484.0,3327.1766221913535
lgbm,2019-07-01,1160.0,3672.673860119961
lgbm,2019-08-01,1157.0,3061.181323090705
lgbm,2019-09-01,1364.0,2349.4841844712937
lgbm,2019-10-01,800.0,2163.416719162949
lgbm,2019-11-01,496.0,2692.8456631761374
lgbm,2019-12-01,297.0,2812.1229535776934
lgbm,2020-01-01,289.0,3976.668228066233
lgbm,2020-02-01,294.0,4395.771748937473
lgbm,2020-03-01,251.0,4736.044942382818
lgbm,2019-05-01,1336.0,1511.9489607086948
lgbm,2019-06-01,1484.0,2778.8167489483435
lgbm,2019-07-01,1160.0,3218.0866804060242
lgbm,2019-08-01,1157.0,2294.8569706793073
lgbm,2019-09-01,1364.0,2193.8141832909096
lgbm,2019-10-01,800.0,2123.283186503119
lgbm,2019-11-01,496.0,2591.9575400738972
lgbm,2019-12-01,297.0,3304.990030705298
lgbm,2020-01-01,289.0,4199.259988990163
lgbm,2020-02-01,294.0,4239.6786711699115
lgbm,2020-03-01,251.0,5238.262529884468
lgbm,2020-04-01,104.0,4769.346752425632
lgbm,2019-06-01,1484.0,683.2638121055046
lgbm,2019-07-01,1160.0,1216.5646629763883
lgbm,2019-08-01,1157.0,115.13381586274338
lgbm,2019-09-01,1364.0,0.0
lgbm,2019-10-01,800.0,0.0
lgbm,2019-11-01,496.0,0.0
lgbm,2019-12-01,297.0,0.0
lgbm,2020-01-01,289.0,265.1050511561261
lgbm,2020-02-01,294.0,1264.8045496000286
lgbm,2020-03-01,251.0,1706.9291498992875
lgbm,2020-04-01,104.0,4071.2433524933317
lgbm,2020-05-01,222.0,4194.5537283903095
lgbm,2019-07-01,1160.0,881.1005727228863
lgbm,2019-08-01,1157.0,0.0
lgbm,2019-09-01,1364.0,0.0
lgbm,2019-10-01,800.0,0.0
lgbm,2019-11-01,496.0,130.45708149761532
lgbm,2019-12-01,297.0,0.0
lgbm,2020-01-01,289.0,408.73833528414673
lgbm,2020-02-01,294.0,1233.3414555400384
lgbm,2020-03-01,251.0,2030.9350496300501
lgbm,2020-04-01,104.0,4372.245797836596
lgbm,2020-05-01,222.0,4135.752681257856
lgbm,2020-06-01,601.0,2875.343572706941
lgbm,2019-08-01,1157.0,341.6231797767844
lgbm,2019-09-01,1364.0,0.5746009518288648
lgbm,2019-10-01,800.0,0.0
lgbm,2019-11-01,496.0,0.0
lgbm,2019-12-01,297.0,0.0
lgbm,2020-01-01,289.0,46.15929968915282
lgbm,2020-02-01,294.0,921.3660590653278
lgbm,2020-03-01,251.0,1716.8820544265716
lgbm,2020-04-01,104.0,2940.860525756147
lgbm,2020-05-01,222.0,4720.397859063903
lgbm,2020-06-01,601.0,2726.4808838910512
lgbm,2020-07-01,804.0,2346.1685105249467
lgbm,2019-09-01,1364.0,670.4189927850956
lgbm,2019-10-01,800.0,736.4326203707473
lgbm,2019-11-01,496.0,1059.6816237503467
lgbm,2019-12-01,297.0,681.4982298429292
lgbm,2020-01-01,289.0,1304.2445683135604
lgbm,2020-02-01,294.0,2295.7528341260754
lgbm,2020-03-01,251.0,4341.946067365456
lgbm,2020-04-01,104.0,4385.483705109505
lgbm,2020-05-01,222.0,4613.6303580741
lgbm,2020-06-01,601.0,2714.803649686569
lgbm,2020-07-01,804.0,2357.642805469036
lgbm,2020-08-01,696.0,2948.618423527503
lgbm,2019-10-01,800.0,1164.7042050693824
lgbm,2019-11-01,496.0,1214.1977797738184
lgbm,2019-12-01,297.0,1034.3927499482693
lgbm,2020-01-01,289.0,1956.9987611077552
lgbm,2020-02-01,294.0,3994.6353621832104
lgbm,2020-03-01,251.0,5162.757534103497
lgbm,2020-04-01,104.0,4382.956066074158
lgbm,2020-05-01,222.0,3823.5586432474615
lgbm,2020-06-01,601.0,2374.2918016748504
lgbm,2020-07-01,804.0,2694.335351560502
lgbm,2020-08-01,696.0,2274.9971189386874
lgbm,2020-09-01,490.0,2854.9378128420144
lgbm,2019-11-01,496.0,1628.4872476981652
lgbm,2019-12-01,297.0,3223.475951036462
lgbm,2020-01-01,289.0,4279.4030582852565
lgbm,2020-02-01,294.0,5135.913100401532
lgbm,2020-03-01,251.0,4735.2893121321085
lgbm,2020-04-01,104.0,3904.312693707813
lgbm,2020-05-01,222.0,4255.404953211603
lgbm,2020-06-01,601.0,1953.3823309774264
lgbm,2020-07-01,804.0,1634.421360021158
lgbm,2020-08-01,696.0,3242.5875655549175
lgbm,2020-09-01,490.0,1593.5869484903455
lgbm,2020-10-01,344.0,3624.6910241887276
lgbm,2019-12-01,297.0,696.4658748522864
lgbm,2020-01-01,289.0,1167.6240347557507
lgbm,2020-02-01,294.0,1718.500754368959
lgbm,2020-03-01,251.0,4387.155505439303
lgbm,2020-04-01,104.0,4494.34465637007
lgbm,2020-05-01,222.0,4141.022543761924
lgbm,2020-06-01,601.0,2487.6000072145644
lgbm,2020-07-01,804.0,2354.486900406707
lgbm,2020-08-01,696.0,2466.5982649880552
lgbm,2020-09-01,490.0,2588.9823727784938
lgbm,2020-10-01,344.0,3638.1318109109325
lgbm,2020-11-01,258.0,3398.6841180170118
lgbm,2020-01-01,289.0,547.481574231689
lgbm,2020-02-01,294.0,1315.9139453819519
lgbm,2020-03-01,251.0,1613.0311280932372
lgbm,2020-04-01,104.0,3767.5963728057604
lgbm,2020-05-01,222.0,4196.663570396653
lgbm,2020-06-01,601.0,2571.325515646344
lgbm,2020-07-01,804.0,2667.454286207182
lgbm,2020-08-01,696.0,2680.3330679507762
lgbm,2020-09-01,490.0,2284.955212356175
lgbm,2020-10-01,344.0,3603.7166006044317
lgbm,2020-11-01,258.0,3358.4144313185993
lgbm,2020-12-01,141.0,3439.0367073420543
lgbm,2020-02-01,294.0,1135.1667133516262
lgbm,2020-03-01,251.0,1619.6069713287743
lgbm,2020-04-01,104.0,3485.0991448867153
lgbm,2020-05-01,222.0,4356.9424816560395
lgbm,2020-06-01,601.0,2406.335831280329
lgbm,2020-07-01,804.0,2142.076966223489
lgbm,2020-08-01,696.0,3190.43223344552
lgbm,2020-09-01,490.0,1580.907169604606
lgbm,2020-10-01,344.0,3563.826421303608
lgbm,2020-11-01,258.0,3563.5461811223304
lgbm,2020-12-01,141.0,3542.2690893497593
lgbm,2021-01-01,238.0,3744.2212014441975
lgbm,2020-03-01,251.0,743.8606538282461
lgbm,2020-04-01,104.0,402.5400031783154
lgbm,2020-05-01,222.0,755.103375471978
lgbm,2020-06-01,601.0,379.0206572891806
lgbm,2020-07-01,804.0,0.0
lgbm,2020-08-01,696.0,256.14779360295563
lgbm,2020-09-01,490.0,0.0
lgbm,2020-10-01,344.0,518.2789923831441
lgbm,2020-11-01,258.0,502.81910395628626
lgbm,2020-12-01,141.0,545.6680047338725
lgbm,2021-01-01,238.0,555.8684776055754
lgbm,2021-02-01,244.0,953.2283417405625
lgbm,2020-04-01,104.0,223.04863052734285
lgbm,2020-05-01,222.0,543.6157661687141
lgbm,2020-06-01,601.0,0.0
lgbm,2020-07-01,804.0,0.0
lgbm,2020-08-01,696.0,0.0
lgbm,2020-09-01,490.0,172.47357111301108
lgbm,2020-10-01,344.0,533.1403463852882
lgbm,2020-11-01,258.0,535.5079055958769
lgbm,2020-12-01,141.0,494.4522079716737
lgbm,2021-01-01,238.0,512.1219629865234
lgbm,2021-02-01,244.0,422.6677080681553
lgbm,2021-03-01,376.0,485.06466407061566
lgbm,2020-05-01,222.0,544.014677959225
lgbm,2020-06-01,601.0,0.0
lgbm,2020-07-01,804.0,0.0
lgbm,2020-08-01,696.0,0.0
lgbm,2020-09-01,490.0,30.982097349520387
lgbm,2020-10-01,344.0,415.4795162339649
lgbm,2020-11-01,258.0,502.4358013362765
lgbm,2020-12-01,141.0,641.8998794776425
lgbm,2021-01-01,238.0,900.6178875274712
lgbm,2021-02-01,244.0,1156.2318121244773
lgbm,2021-03-01,376.0,1480.3409557224559
lgbm,2021-04-01,985.0,1362.9008784408484
lgbm,2020-06-01,601.0,0.0
lgbm,2020-07-01,804.0,0.0
lgbm,2020-08-01,696.0,0.0
lgbm,2020-09-01,490.0,0.0
lgbm,2020-10-01,344.0,381.37489706982564
lgbm,2020-11-01,258.0,561.9280814622632
lgbm,2020-12-01,141.0,1051.4029828737544
lgbm,2021-01-01,238.0,1323.4485930660696
lgbm,2021-02-01,244.0,1516.375302856297
lgbm,2021-03-01,376.0,1971.981714238205
lgbm,2021-04-01,985.0,4261.686788845709
lgbm,2021-05-01,4061.0,4073.27500157788
lgbm,2020-07-01,804.0,229.7339033690798
lgbm,2020-08-01,696.0,0.0
lgbm,2020-09-01,490.0,0.0
lgbm,2020-10-01,344.0,482.2083639259563
lgbm,2020-11-01,258.0,536.1724106040439
lgbm,2020-12-01,141.0,604.8227428055933
lgbm,2021-01-01,238.0,912.2084497049533
lgbm,2021-02-01,244.0,1011.120022451343
lgbm,2021-03-01,376.0,1532.6015129267093
lgbm,2021-04-01,985.0,1439.5769570969462
lgbm,2021-05-01,4061.0,1552.7033388081495
lgbm,2021-06-01,2800.0,3707.7233556052843
lgbm,2020-08-01,696.0,723.9828864109152
lgbm,2020-09-01,490.0,425.9756641268798
lgbm,2020-10-01,344.0,781.2660129216446
lgbm,2020-11-01,258.0,1217.0264258261657
lgbm,2020-12-01,141.0,1379.1759192344098
lgbm,2021-01-01,238.0,1720.9186454881844
lgbm,2021-02-01,244.0,3258.945988709998
lgbm,2021-03-01,376.0,3592.482334846775
lgbm,2021-04-01,985.0,3941.021896654056
lgbm,2021-05-01,4061.0,3206.625088047148
lgbm,2021-06-01,2800.0,3539.5708895669413
lgbm,2021-07-01,1868.0,4012.3229866910033
lgbm,2020-09-01,490.0,780.7197713378074
lgbm,2020-10-01,344.0,1039.6960714610495
lgbm,2020-11-01,258.0,1103.7184032070809
lgbm,2020-12-01,141.0,1494.476565023919
lgbm,2021-01-01,238.0,1790.523387858878
lgbm,2021-02-01,244.0,3638.015452362686
lgbm,2021-03-01,376.0,3648.2147180926036
lgbm,2021-04-01,985.0,3746.840091748319
lgbm,2021-05-01,4061.0,3500.570120525895
lgbm,2021-06-01,2800.0,3707.4057283013935
lgbm,2021-07-01,1868.0,4287.347155891784
lgbm,2021-08-01,1415.0,4534.793065550028
lgbm,2020-10-01,344.0,670.8492283670137
lgbm,2020-11-01,258.0,966.7723246725266
lgbm,2020-12-01,141.0,1130.6554548688905
lgbm,2021-01-01,238.0,1660.4542683920045
lgbm,2021-02-01,244.0,3546.52892428477
lgbm,2021-03-01,376.0,3908.3248316303448
lgbm,2021-04-01,985.0,4121.163627941765
lgbm,2021-05-01,4061.0,3760.4579254232663
lgbm,2021-06-01,2800.0,3775.251494205828
lgbm,2021-07-01,1868.0,4361.845955836689
lgbm,2021-08-01,1415.0,4696.655511955044
lgbm,2021-09-01,584.0,4228.422802954592
lgbm,2020-11-01,258.0,442.907368164166
lgbm,2020-12-01,141.0,459.3892841347496
lgbm,2021-01-01,238.0,681.728652883465
lgbm,2021-02-01,244.0,555.1563119428907
lgbm,2021-03-01,376.0,385.7185914092372
lgbm,2021-04-01,985.0,349.6451225382346
lgbm,2021-05-01,4061.0,77.09022422105201
lgbm,2021-06-01,2800.0,410.2140417120823
lgbm,2021-07-01,1868.0,593.3139322317221
lgbm,2021-08-01,1415.0,897.5220713483737
lgbm,2021-09-01,584.0,1152.8015634944668
lgbm,2021-10-01,428.0,1515.6628491801773
lgbm,2020-12-01,141.0,325.0749207154193
lgbm,2021-01-01,238.0,516.9505817461122
lgbm,2021-02-01,244.0,209.33914591761254
lgbm,2021-03-01,376.0,81.45117772133446
lgbm,2021-04-01,985.0,0.0
lgbm,2021-05-01,4061.0,63.50429943497742
lgbm,2021-06-01,2800.0,323.832200743098
lgbm,2021-07-01,1868.0,343.9430683536402
lgbm,2021-08-01,1415.0,922.2545518293293
lgbm,2021-09-01,584.0,1137.3441281804112
lgbm,2021-10-01,428.0,1254.2316018190963
lgbm,2021-11-01,204.0,1056.037454521683
lgbm,2021-01-01,238.0,395.60069561950695
lgbm,2021-02-01,244.0,190.7162294313765
lgbm,2021-03-01,376.0,48.13610265415736
lgbm,2021-04-01,985.0,99.5959837670215
lgbm,2021-05-01,4061.0,66.88801266895334
lgbm,2021-06-01,2800.0,365.7930636130488
lgbm,2021-07-01,1868.0,470.47320538623046
lgbm,2021-08-01,1415.0,984.862565853353
lgbm,2021-09-01,584.0,1379.648983404538
lgbm,2021-10-01,428.0,1383.9046341739725
lgbm,2021-11-01,204.0,860.3421462395044
lgbm,2021-12-01,90.0,437.9895235722467
lgbm,2021-02-01,244.0,153.37757950435915
lgbm,2021-03-01,376.0,4.651349261542043
lgbm,2021-04-01,985.0,33.591772647333855
lgbm,2021-05-01,4061.0,0.0
lgbm,2021-06-01,2800.0,301.2393825745087
lgbm,2021-07-01,1868.0,556.8430768800829
lgbm,2021-08-01,1415.0,1088.0144035926278
lgbm,2021-09-01,584.0,1261.06253729773
lgbm,2021-10-01,428.0,1197.3596874845143
lgbm,2021-11-01,204.0,823.7121619065405
lgbm,2021-12-01,90.0,366.12821892002535
lgbm,2022-01-01,152.0,138.83159790348165
lgbm,2021-03-01,376.0,136.98171195689247
lgbm,2021-04-01,985.0,61.803343809814045
lgbm,2021-05-01,4061.0,0.0
lgbm,2021-06-01,2800.0,410.1620242723059
lgbm,2021-07-01,1868.0,591.9254253507795
lgbm,2021-08-01,1415.0,1464.2520503211656
lgbm,2021-09-01,584.0,1532.0203643066984
lgbm,2021-10-01,428.0,1869.008611593895
lgbm,2021-11-01,204.0,3144.3371067105027
lgbm,2021-12-01,90.0,3192.1221346210637
lgbm,2022-01-01,152.0,3385.5921592812665
lgbm,2022-02-01,137.0,3702.8302576016
lgbm,2021-04-01,985.0,148.6036764250149
lgbm,2021-05-01,4061.0,134.69488565263242
lgbm,2021-06-01,2800.0,377.64595695293497
lgbm,2021-07-01,1868.0,737.9523868526853
lgbm,2021-08-01,1415.0,1439.9272592817904
lgbm,2021-09-01,584.0,1503.7286785715246
lgbm,2021-10-01,428.0,1621.7048821511644
lgbm,2021-11-01,204.0,2994.844708864254
lgbm,2021-12-01,90.0,3195.5581013414367
lgbm,2022-01-01,152.0,3471.881306304769
lgbm,2022-02-01,137.0,3765.4035528623012
lgbm,2022-03-01,205.0,4793.533295950198
lgbm,2021-05-01,4061.0,925.5322315003132
lgbm,2021-06-01,2800.0,1769.2397174511223
lgbm,2021-07-01,1868.0,4211.301601508208
lgbm,2021-08-01,1415.0,5137.374859490296
lgbm,2021-09-01,584.0,4648.88496440454
lgbm,2021-10-01,428.0,3375.0301033599685
lgbm,2021-11-01,204.0,2114.698918628787
lgbm,2021-12-01,90.0,2066.3121745584285
lgbm,2022-01-01,152.0,2862.9939745867146
lgbm,2022-02-01,137.0,3570.8176895212882
lgbm,2022-03-01,205.0,4773.785230459626
lgbm,2022-04-01,317.0,5237.322985654008
lgbm,2021-06-01,2800.0,3785.551275324521
lgbm,2021-07-01,1868.0,4766.334242400178
lgbm,2021-08-01,1415.0,4864.013699510058
lgbm,2021-09-01,584.0,4035.180981437502
lgbm,2021-10-01,428.0,3044.335280414354
lgbm,2021-11-01,204.0,1863.617060635903
lgbm,2021-12-01,90.0,1994.2165504389864
lgbm,2022-01-01,152.0,2224.1330671062715
lgbm,2022-02-01,137.0,3892.7613092129
lgbm,2022-03-01,205.0,4932.9474440952445
lgbm,2022-04-01,317.0,5271.816566031242
lgbm,2022-05-01,533.0,5324.288096979144
lgbm,2021-07-01,1868.0,5097.156332928295
lgbm,2021-08-01,1415.0,4795.562379380406
lgbm,2021-09-01,584.0,3874.8023592244886
lgbm,2021-10-01,428.0,2721.752991029184
lgbm,2021-11-01,204.0,2377.599242035819
lgbm,2021-12-01,90.0,2788.0806170818723
lgbm,2022-01-01,152.0,3492.9812670278225
lgbm,2022-02-01,137.0,4091.7418419454584
lgbm,2022-03-01,205.0,5157.988891037776
lgbm,2022-04-01,317.0,5239.283657341517
lgbm,2022-05-01,533.0,5242.687664284373
lgbm,2022-06-01,493.0,3955.28810156455
lgbm,2021-08-01,1415.0,3958.131131448364
lgbm,2021-09-01,584.0,3510.132083473116
lgbm,2021-10-01,428.0,2896.4414884311395
lgbm,2021-11-01,204.0,2301.335228236422
lgbm,2021-12-01,90.0,2718.989872968372
lgbm,2022-01-01,152.0,3448.3848049532494
lgbm,2022-02-01,137.0,4054.383417425597
lgbm,2022-03-01,205.0,5026.55939585124
lgbm,2022-04-01,317.0,5129.643642354525
lgbm,2022-05-01,533.0,5145.1107151143915
lgbm,2022-06-01,493.0,4274.130550200532
lgbm,2022-07-01,618.0,2917.625182320733
lgbm,2021-09-01,584.0,1055.5778353229502
lgbm,2021-10-01,428.0,489.08088822090633
lgbm,2021-11-01,204.0,0.0
lgbm,2021-12-01,90.0,0.0
lgbm,2022-01-01,152.0,138.53629329094863
lgbm,2022-02-01,137.0,635.0855671024167
lgbm,2022-03-01,205.0,1938.4332422961786
lgbm,2022-04-01,317.0,4475.305635471746
lgbm,2022-05-01,533.0,4958.865497703288
lgbm,2022-06-01,493.0,4435.89599272408
lgbm,2022-07-01,618.0,2583.958701956786
lgbm,2022-08-01,476.0,2009.7350747734934
lgbm,2021-10-01,428.0,0.0
lgbm,2021-11-01,204.0,0.0
lgbm,2021-12-01,90.0,0.0
lgbm,2022-01-01,152.0,201.97195953363783
lgbm,2022-02-01,137.0,561.76223809248
lgbm,2022-03-01,205.0,1382.1589882552776
lgbm,2022-04-01,317.0,2796.4312636209816
lgbm,2022-05-01,533.0,4843.1490583830055
lgbm,2022-06-01,493.0,4215.850853370495
lgbm,2022-07-01,618.0,3219.1145442340467
lgbm,2022-08-01,476.0,2161.8997520478747
lgbm,2022-09-01,268.0,1886.9405194011886
lgbm,2021-11-01,204.0,0.0
lgbm,2021-12-01,90.0,0.0
lgbm,2022-01-01,152.0,71.93445254543475
lgbm,2022-02-01,137.0,457.8356275636255
lgbm,2022-03-01,205.0,1544.9832662582342
lgbm,2022-04-01,317.0,3338.6023577132987
lgbm,2022-05-01,533.0,5432.180511548169
lgbm,2022-06-01,493.0,4627.0822267014555
lgbm,2022-07-01,618.0,3181.063851647502
lgbm,2022-08-01,476.0,1739.7816502232026
lgbm,2022-09-01,268.0,1085.184659583074
lgbm,2022-10-01,283.0,0.0
lgbm,2021-12-01,90.0,0.0
lgbm,2022-01-01,152.0,279.9513891347011
lgbm,2022-02-01,137.0,449.1905691320968
lgbm,2022-03-01,205.0,1333.5653640223118
lgbm,2022-04-01,317.0,3036.897880936019
lgbm,2022-05-01,533.0,5061.589088645886
lgbm,2022-06-01,493.0,4494.009969227543
lgbm,2022-07-01,618.0,3067.4100021889612
lgbm,2022-08-01,476.0,1948.0617897098082
lgbm,2022-09-01,268.0,1822.5714872577355
lgbm,2022-10-01,283.0,1902.822854014954
lgbm,2022-11-01,86.0,2919.3065886323516
lgbm,2022-01-01,152.0,299.4926403232199
lgbm,2022-02-01,137.0,561.9990884579138
lgbm,2022-03-01,205.0,1341.482427695551
lgbm,2022-04-01,317.0,3165.037343780939
lgbm,2022-05-01,533.0,5054.576415990371
lgbm,2022-06-01,493.0,4231.705527165693
lgbm,2022-07-01,618.0,3211.1123324385358
lgbm,2022-08-01,476.0,2005.1991158448175
lgbm,2022-09-01,268.0,1867.2699644598238
lgbm,2022-10-01,283.0,2015.366157594307
lgbm,2022-11-01,86.0,3033.180375361051
lgbm,2022-12-01,67.0,3551.97631294708
lgbm,2022-02-01,137.0,435.5887652055351
lgbm,2022-03-01,205.0,1438.4333562137333
lgbm,2022-04-01,317.0,2971.3335470837123
lgbm,2022-05-01,533.0,4855.091955766268
lgbm,2022-06-01,493.0,4171.656943865257
lgbm,2022-07-01,618.0,3461.2419382787375
lgbm,2022-08-01,476.0,1979.473640155668
lgbm,2022-09-01,268.0,1982.2829066646825
lgbm,2022-10-01,283.0,2045.2452501229304
lgbm,2022-11-01,86.0,3165.31316691877
lgbm,2022-12-01,67.0,3225.352977811453
lgbm,2023-01-01,346.0,4005.774438946053
lgbm,2022-03-01,205.0,1148.1237769730703
lgbm,2022-04-01,317.0,3094.232755438124
lgbm,2022-05-01,533.0,4903.986846763293
lgbm,2022-06-01,493.0,4311.562039767961
lgbm,2022-07-01,618.0,3282.3904617290946
lgbm,2022-08-01,476.0,1971.9162396971794
lgbm,2022-09-01,268.0,1864.0573562631562
lgbm,2022-10-01,283.0,2006.3566430576047
lgbm,2022-11-01,86.0,3043.868867494923
lgbm,2022-12-01,67.0,3094.444461622286
lgbm,2023-01-01,346.0,3868.5135169787786
lgbm,2023-02-01,335.0,3954.480335664031
lgbm,2022-04-01,317.0,1091.432417646308
lgbm,2022-05-01,533.0,2663.7003532764434
lgbm,2022-06-01,493.0,3972.5567138593815
lgbm,2022-07-01,618.0,3416.0078921253494
lgbm,2022-08-01,476.0,2356.4397332576236
lgbm,2022-09-01,268.0,2132.82873538025
lgbm,2022-10-01,283.0,2017.8928919197413
lgbm,2022-11-01,86.0,2977.9258298291447
lgbm,2022-12-01,67.0,3204.744938717703
lgbm,2023-01-01,346.0,3386.483203775243
lgbm,2023-02-01,335.0,4036.14590562677
lgbm,2023-03-01,825.0,4659.484323648047
lgbm,2022-05-01,533.0,1040.449719642656
lgbm,2022-06-01,493.0,2400.727920327085
lgbm,2022-07-01,618.0,3701.644639142381
lgbm,2022-08-01,476.0,2799.405343110833
lgbm,2022-09-01,268.0,2487.055369553107
lgbm,2022-10-01,283.0,2297.8941960500133
lgbm,2022-11-01,86.0,2673.1308116898203
lgbm,2022-12-01,67.0,3055.567116390604
lgbm,2023-01-01,346.0,3185.8056379005325
lgbm,2023-02-01,335.0,3281.5023917881144
lgbm,2023-03-01,825.0,4387.43583754906
lgbm,2023-04-01,641.0,4898.68772904204
lgbm,2022-06-01,493.0,845.5911104141569
lgbm,2022-07-01,618.0,1324.6874282843987
lgbm,2022-08-01,476.0,843.4319833044245
lgbm,2022-09-01,268.0,358.32654948679294
lgbm,2022-10-01,283.0,27.90681406178564
lgbm,2022-11-01,86.0,0.0
lgbm,2022-12-01,67.0,376.45614078805727
lgbm,2023-01-01,346.0,684.7089409146265
lgbm,2023-02-01,335.0,1132.8286107594613
lgbm,2023-03-01,825.0,2442.6860011144095
lgbm,2023-04-01,641.0,4360.113535709314
lgbm,2023-05-01,333.0,4113.167542192923
lgbm,2022-07-01,618.0,757.4313521431314
lgbm,2022-08-01,476.0,695.7877027471142
lgbm,2022-09-01,268.0,666.8031522996253
lgbm,2022-10-01,283.0,444.33444983426864
lgbm,2022-11-01,86.0,256.869933657782
lgbm,2022-12-01,67.0,517.542428435993
lgbm,2023-01-01,346.0,672.5964315126362
lgbm,2023-02-01,335.0,981.4675850734394
lgbm,2023-03-01,825.0,1586.7797929958444
lgbm,2023-04-01,641.0,3389.929649499756
lgbm,2023-05-01,333.0,4288.069061769447
lgbm,2023-06-01,251.0,4132.0263501496465
lgbm,2022-08-01,476.0,257.6418367971696
lgbm,2022-09-01,268.0,0.0
lgbm,2022-10-01,283.0,0.0
lgbm,2022-11-01,86.0,7.242381505431849
lgbm,2022-12-01,67.0,497.37913890914524
lgbm,2023-01-01,346.0,775.068799345553
lgbm,2023-02-01,335.0,1406.2573490695834
lgbm,2023-03-01,825.0,2693.210989238455
lgbm,2023-04-01,641.0,4122.367610561377
lgbm,2023-05-01,333.0,4126.447149104342
lgbm,2023-06-01,251.0,3340.583079687831
lgbm,2023-07-01,484.0,2865.8364522853235
lgbm,2022-09-01,268.0,54.47549641151916
lgbm,2022-10-01,283.0,17.80714144852778
lgbm,2022-11-01,86.0,0.0
lgbm,2022-12-01,67.0,360.065508938965
lgbm,2023-01-01,346.0,598.131371310603
lgbm,2023-02-01,335.0,728.2928790665607
lgbm,2023-03-01,825.0,1749.5790439469447
lgbm,2023-04-01,641.0,3413.3746231832665
lgbm,2023-05-01,333.0,3980.9579989360627
lgbm,2023-06-01,251.0,3423.726517379102
lgbm,2023-07-01,484.0,3145.6890450255796
lgbm,2023-08-01,423.0,2422.9329594091855
lgbm,2022-10-01,283.0,117.50786849373505
lgbm,2022-11-01,86.0,0.0
lgbm,2022-12-01,67.0,297.8547326858499
lgbm,2023-01-01,346.0,499.45608583132105
lgbm,2023-02-01,335.0,621.288911902046
lgbm,2023-03-01,825.0,1275.0088002295868
lgbm,2023-04-01,641.0,2292.497934436863
lgbm,2023-05-01,333.0,3794.8563199368023
lgbm,2023-06-01,251.0,3510.3534911569127
lgbm,2023-07-01,484.0,3419.855290686177
lgbm,2023-08-01,423.0,2412.241248225258
lgbm,2023-09-01,351.0,2217.147340958436
lgbm,2022-11-01,86.0,81.47842263802465
lgbm,2022-12-01,67.0,326.58588489684524
lgbm,2023-01-01,346.0,655.2493001876201
lgbm,2023-02-01,335.0,1090.3584562861477
lgbm,2023-03-01,825.0,2804.840545244792
lgbm,2023-04-01,641.0,4276.699488333487
lgbm,2023-05-01,333.0,4100.92345910011
lgbm,2023-06-01,251.0,3464.8416196696444
lgbm,2023-07-01,484.0,2864.076348448668
lgbm,2023-08-01,423.0,2249.599541339734
lgbm,2023-09-01,351.0,2246.4275446536
lgbm,2023-10-01,394.0,2362.945919170137
lgbm,2022-12-01,67.0,231.53766817380296
lgbm,2023-01-01,346.0,379.5252544813879
lgbm,2023-02-01,335.0,486.2884108581642
lgbm,2023-03-01,825.0,1284.6001010122889
lgbm,2023-04-01,641.0,2348.018591290424
lgbm,2023-05-01,333.0,3725.3194658357597
lgbm,2023-06-01,251.0,3419.444231470391
lgbm,2023-07-01,484.0,3126.8338262844204
lgbm,2023-08-01,423.0,2511.301797791637
lgbm,2023-09-01,351.0,2228.591867370151
lgbm,2023-10-01,394.0,2318.1799749359293
lgbm,2023-11-01,220.0,3278.751045253189
lgbm,2023-01-01,346.0,315.2036829287827
lgbm,2023-02-01,335.0,492.225894335213
lgbm,2023-03-01,825.0,889.1672773440787
lgbm,2023-04-01,641.0,1619.5432313016768
lgbm,2023-05-01,333.0,3470.334573582968
lgbm,2023-06-01,251.0,3563.8042798850174
lgbm,2023-07-01,484.0,3441.647383744576
lgbm,2023-08-01,423.0,2880.852128589499
lgbm,2023-09-01,351.0,2168.9230769626492
lgbm,2023-10-01,394.0,2291.8528465267877
lgbm,2023-11-01,220.0,2958.0734803237765
lgbm,2023-12-01,230.0,3230.050097027153
lgbm,2023-02-01,335.0,666.7310604472658
lgbm,2023-03-01,825.0,1381.5607177576737
lgbm,2023-04-01,641.0,2634.3776257661075
lgbm,2023-05-01,333.0,3910.835631929408
lgbm,2023-06-01,251.0,3367.492502944005
lgbm,2023-07-01,484.0,3508.9346494891197
lgbm,2023-08-01,423.0,2420.024476970422
lgbm,2023-09-01,351.0,2058.229163676526
lgbm,2023-10-01,394.0,2182.334532956586
lgbm,2023-11-01,220.0,3008.394291311823
lgbm,2023-12-01,230.0,3681.7199039490583
lgbm,2024-01-01,459.0,4457.906312560158
lgbm,2023-03-01,825.0,924.2204519601318
lgbm,2023-04-01,641.0,2317.555430739711
lgbm,2023-05-01,333.0,3770.9728909587675
lgbm,2023-06-01,251.0,3456.132510749703
lgbm,2023-07-01,484.0,3673.6704182101143
lgbm,2023-08-01,423.0,2508.0871170234586
lgbm,2023-09-01,351.0,2349.4738440316755
lgbm,2023-10-01,394.0,2347.0090920325283
lgbm,2023-11-01,220.0,2994.6465406278567
lgbm,2023-12-01,230.0,3231.7075062226468
lgbm,2024-01-01,459.0,4161.05280604999
lgbm,2024-02-01,2445.0,4843.669227948195
lgbm,2023-04-01,641.0,1922.8669193932303
lgbm,2023-05-01,333.0,3958.8552153515434
lgbm,2023-06-01,251.0,3449.5404592001382
lgbm,2023-07-01,484.0,3251.5751160315244
lgbm,2023-08-01,423.0,2549.5981126744946
lgbm,2023-09-01,351.0,2283.0508406270897
lgbm,2023-10-01,394.0,2405.6369321308575
lgbm,2023-11-01,220.0,2859.773483013252
lgbm,2023-12-01,230.0,2925.7975999679115
lgbm,2024-01-01,459.0,4632.1285511894675
lgbm,2024-02-01,2445.0,4488.797342120073
lgbm,2024-03-01,3856.0,4401.094227227645
lgbm,2023-05-01,333.0,941.9713152794089
lgbm,2023-06-01,251.0,668.1371630473161
lgbm,2023-07-01,484.0,688.6474707998696
lgbm,2023-08-01,423.0,631.6160099950824
lgbm,2023-09-01,351.0,1016.9850806655564
lgbm,2023-10-01,394.0,1701.11662269813
lgbm,2023-11-01,220.0,3518.6264200473315
lgbm,2023-12-01,230.0,3784.708358660679
lgbm,2024-01-01,459.0,4670.833189342064
lgbm,2024-02-01,2445.0,4775.798256372507
lgbm,2024-03-01,3856.0,4392.336675291269
lgbm,2024-04-01,2008.0,3611.652673452119
lgbm,2023-06-01,251.0,239.93702619499396
lgbm,2023-07-01,484.0,132.0452099818632
lgbm,2023-08-01,423.0,347.9878137720082
lgbm,2023-09-01,351.0,469.9557538645202
lgbm,2023-10-01,394.0,636.9688426680403
lgbm,2023-11-01,220.0,891.9710443184889
lgbm,2023-12-01,230.0,901.0878143430052
lgbm,2024-01-01,459.0,1616.006699126204
lgbm,2024-02-01,2445.0,3432.053655881762
lgbm,2024-03-01,3856.0,3557.385463271763
lgbm,2024-04-01,2008.0,3469.754679276155
lgbm,2024-05-01,1335.0,3308.1060291271097
lgbm,2023-07-01,484.0,359.30769131327094
lgbm,2023-08-01,423.0,399.94213859094714
lgbm,2023-09-01,351.0,407.6904133805445
lgbm,2023-10-01,394.0,605.4048946052014
lgbm,2023-11-01,220.0,716.5505056782054
lgbm,2023-12-01,230.0,957.5943614077529
lgbm,2024-01-01,459.0,2792.8264287958573
lgbm,2024-02-01,2445.0,4435.715060097976
lgbm,2024-03-01,3856.0,3880.517339593277
lgbm,2024-04-01,2008.0,3603.6088091518714
lgbm,2024-05-01,1335.0,2900.8101384779025
lgbm,2024-06-01,1623.0,2654.4615927642394
lgbm,2023-08-01,423.0,506.26529117096754
lgbm,2023-09-01,351.0,539.0837225822295
lgbm,2023-10-01,394.0,647.8018097669935
lgbm,2023-11-01,220.0,836.1442045950365
lgbm,2023-12-01,230.0,1508.446569808128
lgbm,2024-01-01,459.0,2685.0239845841807
lgbm,2024-02-01,2445.0,4467.980559176634
lgbm,2024-03-01,3856.0,3745.740522583203
lgbm,2024-04-01,2008.0,3444.252280882465
lgbm,2024-05-01,1335.0,3056.5567683426852
lgbm,2024-06-01,1623.0,2973.6102494026736
lgbm,2024-07-01,806.0,2697.5258850970617
lgbm,2023-09-01,351.0,512.7850473258222
lgbm,2023-10-01,394.0,505.0279471151858
lgbm,2023-11-01,220.0,505.24829724591035
lgbm,2023-12-01,230.0,715.8412610234957
lgbm,2024-01-01,459.0,1462.936481186447
lgbm,2024-02-01,2445.0,2021.4939433967381
lgbm,2024-03-01,3856.0,3781.969320548707
lgbm,2024-04-01,2008.0,3660.6424316482776
lgbm,2024-05-01,1335.0,3031.284787545705
lgbm,2024-06-01,1623.0,2549.960496855199
lgbm,2024-07-01,806.0,2270.9999558200034
lgbm,2024-08-01,607.0,2131.7244302415775
lgbm,2023-10-01,394.0,521.3940293449272
lgbm,2023-11-01,220.0,693.554873071511
lgbm,2023-12-01,230.0,1139.4604058749978
lgbm,2024-01-01,459.0,2336.045720622367
lgbm,2024-02-01,2445.0,4050.0671180251315
lgbm,2024-03-01,3856.0,4039.7209410315604
lgbm,2024-04-01,2008.0,3484.202596906301
lgbm,2024-05-01,1335.0,3003.9465256261037
lgbm,2024-06-01,1623.0,2984.935684852626
lgbm,2024-07-01,806.0,2597.274583524608
lgbm,2024-08-01,607.0,2996.8849758098168
lgbm,2024-09-01,592.0,3033.5232495458704
lgbm,2023-11-01,220.0,439.84649872576983
lgbm,2023-12-01,230.0,703.0208417373925
lgbm,2024-01-01,459.0,1225.8573353147162
lgbm,2024-02-01,2445.0,2120.196799520055
lgbm,2024-03-01,3856.0,3609.0423607375933
lgbm,2024-04-01,2008.0,3680.564433635196
lgbm,2024-05-01,1335.0,3280.27342905408
lgbm,2024-06-01,1623.0,2946.562655510679
lgbm,2024-07-01,806.0,2135.2278264696824
lgbm,2024-08-01,607.0,2098.0621425710888
lgbm,2024-09-01,592.0,2556.038346193135
lgbm,2024-10-01,616.0,3843.2338601438146
lgbm,2023-12-01,230.0,564.3538950369241
lgbm,2024-01-01,459.0,720.1741881717778
lgbm,2024-02-01,2445.0,1029.7345284798066
lgbm,2024-03-01,3856.0,1499.7521680783066
lgbm,2024-04-01,2008.0,1458.2115376573136
lgbm,2024-05-01,1335.0,1429.2228070573697
lgbm,2024-06-01,1623.0,1528.7530282510425
lgbm,2024-07-01,806.0,1031.6454121448853
lgbm,2024-08-01,607.0,690.0778004127977
lgbm,2024-09-01,592.0,0.0
lgbm,2024-10-01,616.0,117.10807138997153
lgbm,2024-11-01,636.0,221.12180308919284
lgbm,2024-01-01,459.0,678.333603609546
lgbm,2024-02-01,2445.0,996.5496571182656
lgbm,2024-03-01,3856.0,1479.8267375526782
lgbm,2024-04-01,2008.0,1458.5347329509257
lgbm,2024-05-01,1335.0,1418.956424836651
lgbm,2024-06-01,1623.0,1530.5373617628081
lgbm,2024-07-01,806.0,782.963544002043
lgbm,2024-08-01,607.0,226.10975578519012
lgbm,2024-09-01,592.0,0.0
lgbm,2024-10-01,616.0,141.43248731799736
lgbm,2024-11-01,636.0,551.460508684062
lgbm,2024-12-01,500.0,476.571586552787
xgboost,2014-01-01,219.0,986.90576171875
xgboost,2014-02-01,239.0,1422.6622314453125
xgboost,2014-03-01,317.0,1422.6622314453125
xgboost,2014-04-01,307.0,1439.0308837890625
xgboost,2014-05-01,524.0,1412.03662109375
xgboost,2014-06-01,539.0,688.4673461914062
xgboost,2014-07-01,331.0,287.37060546875
xgboost,2014-08-01,290.0,228.4259490966797
xgboost,2014-09-01,246.0,229.19024658203125
xgboost,2014-10-01,269.0,229.19024658203125
xgboost,2014-11-01,559.0,950.5267333984375
xgboost,2014-12-01,624.0,1405.2950439453125
xgboost,2014-02-01,239.0,244.58621215820312
xgboost,2014-03-01,317.0,254.2786865234375
xgboost,2014-04-01,307.0,254.140869140625
xgboost,2014-05-01,524.0,282.8782653808594
xgboost,2014-06-01,539.0,282.20465087890625
xgboost,2014-07-01,331.0,282.1423034667969
xgboost,2014-08-01,290.0,281.70166015625
xgboost,2014-09-01,246.0,299.0591735839844
xgboost,2014-10-01,269.0,269.6673889160156
xgboost,2014-11-01,559.0,269.6708068847656
xgboost,2014-12-01,624.0,244.4375
xgboost,2015-01-01,1909.0,269.66217041015625
xgboost,2014-03-01,317.0,282.0290832519531
xgboost,2014-04-01,307.0,274.29400634765625
xgboost,2014-05-01,524.0,274.26885986328125
xgboost,2014-06-01,539.0,274.7033996582031
xgboost,2014-07-01,331.0,274.2401123046875
xgboost,2014-08-01,290.0,273.6964416503906
xgboost,2014-09-01,246.0,259.5201110839844
xgboost,2014-10-01,269.0,289.66229248046875
xgboost,2014-11-01,559.0,289.66229248046875
xgboost,2014-12-01,624.0,281.78155517578125
xgboost,2015-01-01,1909.0,288.5125427246094
xgboost,2015-02-01,2671.0,273.649169921875
xgboost,2014-04-01,307.0,319.45037841796875
xgboost,2014-05-01,524.0,314.2359924316406
xgboost,2014-06-01,539.0,313.82965087890625
xgboost,2014-07-01,331.0,306.72906494140625
xgboost,2014-08-01,290.0,304.5589294433594
xgboost,2014-09-01,246.0,272.5257263183594
xgboost,2014-10-01,269.0,273.0585632324219
xgboost,2014-11-01,559.0,246.56259155273438
xgboost,2014-12-01,624.0,245.9463653564453
xgboost,2015-01-01,1909.0,283.0682067871094
xgboost,2015-02-01,2671.0,278.76934814453125
xgboost,2015-03-01,8504.0,301.1557312011719
xgboost,2014-05-01,524.0,304.3691711425781
xgboost,2014-06-01,539.0,303.611083984375
xgboost,2014-07-01,331.0,302.5076599121094
xgboost,2014-08-01,290.0,299.1376037597656
xgboost,2014-09-01,246.0,296.3188171386719
xgboost,2014-10-01,269.0,296.3263244628906
xgboost,2014-11-01,559.0,275.580322265625
xgboost,2014-12-01,624.0,296.3232421875
xgboost,2015-01-01,1909.0,332.31329345703125
xgboost,2015-02-01,2671.0,300.57489013671875
xgboost,2015-03-01,8504.0,297.1487121582031
xgboost,2015-04-01,6009.0,298.2320556640625
xgboost,2014-06-01,539.0,308.10296630859375
xgboost,2014-07-01,331.0,308.10296630859375
xgboost,2014-08-01,290.0,307.8542175292969
xgboost,2014-09-01,246.0,302.0531005859375
xgboost,2014-10-01,269.0,280.362060546875
xgboost,2014-11-01,559.0,280.3197326660156
xgboost,2014-12-01,624.0,279.7903137207031
xgboost,2015-01-01,1909.0,273.54620361328125
xgboost,2015-02-01,2671.0,241.08763122558594
xgboost,2015-03-01,8504.0,227.9397430419922
xgboost,2015-04-01,6009.0,248.94113159179688
xgboost,2015-05-01,3454.0,254.17401123046875
xgboost,2014-07-01,331.0,398.21246337890625
xgboost,2014-08-01,290.0,332.275390625
xgboost,2014-09-01,246.0,301.2646789550781
xgboost,2014-10-01,269.0,277.5142822265625
xgboost,2014-11-01,559.0,259.97259521484375
xgboost,2014-12-01,624.0,247.43313598632812
xgboost,2015-01-01,1909.0,247.4081573486328
xgboost,2015-02-01,2671.0,222.05465698242188
xgboost,2015-03-01,8504.0,219.6217498779297
xgboost,2015-04-01,6009.0,258.82696533203125
xgboost,2015-05-01,3454.0,304.61859130859375
xgboost,2015-06-01,1852.0,323.250244140625
xgboost,2014-08-01,290.0,330.9915771484375
xgboost,2014-09-01,246.0,315.9809875488281
xgboost,2014-10-01,269.0,293.3885803222656
xgboost,2014-11-01,559.0,281.1393127441406
xgboost,2014-12-01,624.0,273.9344177246094
xgboost,2015-01-01,1909.0,295.2872619628906
xgboost,2015-02-01,2671.0,273.6829528808594
xgboost,2015-03-01,8504.0,267.6136474609375
xgboost,2015-04-01,6009.0,267.5610046386719
xgboost,2015-05-01,3454.0,290.16522216796875
xgboost,2015-06-01,1852.0,302.80767822265625
xgboost,2015-07-01,1579.0,334.8345031738281
xgboost,2014-09-01,246.0,277.606689453125
xgboost,2014-10-01,269.0,277.6051940917969
xgboost,2014-11-01,559.0,277.60552978515625
xgboost,2014-12-01,624.0,277.6060791015625
xgboost,2015-01-01,1909.0,300.8255920410156
xgboost,2015-02-01,2671.0,266.426025390625
xgboost,2015-03-01,8504.0,267.03851318359375
xgboost,2015-04-01,6009.0,266.6726989746094
xgboost,2015-05-01,3454.0,267.959716796875
xgboost,2015-06-01,1852.0,270.0638427734375
xgboost,2015-07-01,1579.0,300.82525634765625
xgboost,2015-08-01,2407.0,303.78424072265625
xgboost,2014-10-01,269.0,228.59120178222656
xgboost,2014-11-01,559.0,220.79441833496094
xgboost,2014-12-01,624.0,220.2009735107422
xgboost,2015-01-01,1909.0,231.05587768554688
xgboost,2015-02-01,2671.0,262.9442138671875
xgboost,2015-03-01,8504.0,272.4397888183594
xgboost,2015-04-01,6009.0,281.9356689453125
xgboost,2015-05-01,3454.0,279.4377746582031
xgboost,2015-06-01,1852.0,284.0196838378906
xgboost,2015-07-01,1579.0,256.2760009765625
xgboost,2015-08-01,2407.0,233.23301696777344
xgboost,2015-09-01,1575.0,230.87911987304688
xgboost,2014-11-01,559.0,240.09129333496094
xgboost,2014-12-01,624.0,246.10691833496094
xgboost,2015-01-01,1909.0,228.498779296875
xgboost,2015-02-01,2671.0,270.32879638671875
xgboost,2015-03-01,8504.0,258.7206726074219
xgboost,2015-04-01,6009.0,309.9620056152344
xgboost,2015-05-01,3454.0,317.2629699707031
xgboost,2015-06-01,1852.0,319.02001953125
xgboost,2015-07-01,1579.0,293.1589050292969
xgboost,2015-08-01,2407.0,305.25042724609375
xgboost,2015-09-01,1575.0,289.91387939453125
xgboost,2015-10-01,2422.0,253.74063110351562
xgboost,2014-12-01,624.0,274.7309875488281
xgboost,2015-01-01,1909.0,227.0008544921875
xgboost,2015-02-01,2671.0,268.6187438964844
xgboost,2015-03-01,8504.0,277.2726135253906
xgboost,2015-04-01,6009.0,278.1383972167969
xgboost,2015-05-01,3454.0,256.650634765625
xgboost,2015-06-01,1852.0,297.4527893066406
xgboost,2015-07-01,1579.0,265.8876647949219
xgboost,2015-08-01,2407.0,280.73199462890625
xgboost,2015-09-01,1575.0,256.38714599609375
xgboost,2015-10-01,2422.0,286.80255126953125
xgboost,2015-11-01,5563.0,274.9157409667969
xgboost,2015-01-01,1909.0,597.421142578125
xgboost,2015-02-01,2671.0,563.1661376953125
xgboost,2015-03-01,8504.0,562.91650390625
xgboost,2015-04-01,6009.0,562.578369140625
xgboost,2015-05-01,3454.0,578.2825927734375
xgboost,2015-06-01,1852.0,584.877197265625
xgboost,2015-07-01,1579.0,584.014404296875
xgboost,2015-08-01,2407.0,584.0132446289062
xgboost,2015-09-01,1575.0,584.428466796875
xgboost,2015-10-01,2422.0,460.71270751953125
xgboost,2015-11-01,5563.0,283.5313720703125
xgboost,2015-12-01,3416.0,250.8967742919922
xgboost,2015-02-01,2671.0,3684.833740234375
xgboost,2015-03-01,8504.0,3970.113525390625
xgboost,2015-04-01,6009.0,4338.998046875
xgboost,2015-05-01,3454.0,4338.99853515625
xgboost,2015-06-01,1852.0,4338.99853515625
xgboost,2015-07-01,1579.0,3853.62353515625
xgboost,2015-08-01,2407.0,3853.624267578125
xgboost,2015-09-01,1575.0,3853.62353515625
xgboost,2015-10-01,2422.0,3853.62353515625
xgboost,2015-11-01,5563.0,3853.62353515625
xgboost,2015-12-01,3416.0,3853.624267578125
xgboost,2016-01-01,7561.0,3853.624267578125
xgboost,2015-03-01,8504.0,2648.991943359375
xgboost,2015-04-01,6009.0,2649.154541015625
xgboost,2015-05-01,3454.0,2646.541015625
xgboost,2015-06-01,1852.0,2647.988037109375
xgboost,2015-07-01,1579.0,2711.0703125
xgboost,2015-08-01,2407.0,2711.07080078125
xgboost,2015-09-01,1575.0,3422.388916015625
xgboost,2015-10-01,2422.0,3421.478271484375
xgboost,2015-11-01,5563.0,3419.65576171875
xgboost,2015-12-01,3416.0,3385.712890625
xgboost,2016-01-01,7561.0,3391.278564453125
xgboost,2016-02-01,6961.0,3391.933837890625
xgboost,2015-04-01,6009.0,4339.00048828125
xgboost,2015-05-01,3454.0,2013.0999755859375
xgboost,2015-06-01,1852.0,1532.339599609375
xgboost,2015-07-01,1579.0,753.6007690429688
xgboost,2015-08-01,2407.0,451.0859680175781
xgboost,2015-09-01,1575.0,270.8774719238281
xgboost,2015-10-01,2422.0,372.87298583984375
xgboost,2015-11-01,5563.0,419.9792785644531
xgboost,2015-12-01,3416.0,427.2007751464844
xgboost,2016-01-01,7561.0,477.5715637207031
xgboost,2016-02-01,6961.0,473.21142578125
xgboost,2016-03-01,3134.0,270.3879089355469
xgboost,2015-05-01,3454.0,2097.471435546875
xgboost,2015-06-01,1852.0,1582.0308837890625
xgboost,2015-07-01,1579.0,780.126220703125
xgboost,2015-08-01,2407.0,489.63299560546875
xgboost,2015-09-01,1575.0,225.98309326171875
xgboost,2015-10-01,2422.0,359.0354919433594
xgboost,2015-11-01,5563.0,350.06622314453125
xgboost,2015-12-01,3416.0,368.1592102050781
xgboost,2016-01-01,7561.0,412.7293395996094
xgboost,2016-02-01,6961.0,446.6047668457031
xgboost,2016-03-01,3134.0,258.4306945800781
xgboost,2016-04-01,1931.0,264.99969482421875
xgboost,2015-06-01,1852.0,1771.8494873046875
xgboost,2015-07-01,1579.0,855.0150146484375
xgboost,2015-08-01,2407.0,609.0304565429688
xgboost,2015-09-01,1575.0,320.0235595703125
xgboost,2015-10-01,2422.0,446.1067199707031
xgboost,2015-11-01,5563.0,371.625244140625
xgboost,2015-12-01,3416.0,388.9443359375
xgboost,2016-01-01,7561.0,435.5468444824219
xgboost,2016-02-01,6961.0,447.4063415527344
xgboost,2016-03-01,3134.0,317.98614501953125
xgboost,2016-04-01,1931.0,320.5732116699219
xgboost,2016-05-01,1520.0,253.5891571044922
xgboost,2015-07-01,1579.0,1814.484619140625
xgboost,2015-08-01,2407.0,3301.260009765625
xgboost,2015-09-01,1575.0,5581.00732421875
xgboost,2015-10-01,2422.0,4243.56689453125
xgboost,2015-11-01,5563.0,4054.02880859375
xgboost,2015-12-01,3416.0,2026.1141357421875
xgboost,2016-01-01,7561.0,1784.4517822265625
xgboost,2016-02-01,6961.0,935.4850463867188
xgboost,2016-03-01,3134.0,717.6383056640625
xgboost,2016-04-01,1931.0,581.8356323242188
xgboost,2016-05-01,1520.0,269.5417175292969
xgboost,2016-06-01,947.0,221.83413696289062
xgboost,2015-08-01,2407.0,765.9076538085938
xgboost,2015-09-01,1575.0,484.3032531738281
xgboost,2015-10-01,2422.0,442.2406005859375
xgboost,2015-11-01,5563.0,354.900634765625
xgboost,2015-12-01,3416.0,339.28411865234375
xgboost,2016-01-01,7561.0,411.3182678222656
xgboost,2016-02-01,6961.0,414.0640869140625
xgboost,2016-03-01,3134.0,291.9778747558594
xgboost,2016-04-01,1931.0,314.4071350097656
xgboost,2016-05-01,1520.0,261.5731506347656
xgboost,2016-06-01,947.0,243.82286071777344
xgboost,2016-07-01,631.0,238.3809814453125
xgboost,2015-09-01,1575.0,3290.216064453125
xgboost,2015-10-01,2422.0,6294.81396484375
xgboost,2015-11-01,5563.0,3972.426025390625
xgboost,2015-12-01,3416.0,3665.38427734375
xgboost,2016-01-01,7561.0,1642.542724609375
xgboost,2016-02-01,6961.0,1914.7183837890625
xgboost,2016-03-01,3134.0,1915.1268310546875
xgboost,2016-04-01,1931.0,3184.177001953125
xgboost,2016-05-01,1520.0,5871.90380859375
xgboost,2016-06-01,947.0,3972.422607421875
xgboost,2016-07-01,631.0,3650.3701171875
xgboost,2016-08-01,434.0,1642.5543212890625
xgboost,2015-10-01,2422.0,949.7919311523438
xgboost,2015-11-01,5563.0,758.7721557617188
xgboost,2015-12-01,3416.0,697.6735229492188
xgboost,2016-01-01,7561.0,1268.860595703125
xgboost,2016-02-01,6961.0,958.8116455078125
xgboost,2016-03-01,3134.0,693.3275756835938
xgboost,2016-04-01,1931.0,1044.56689453125
xgboost,2016-05-01,1520.0,747.9613037109375
xgboost,2016-06-01,947.0,532.9826049804688
xgboost,2016-07-01,631.0,288.393310546875
xgboost,2016-08-01,434.0,276.33172607421875
xgboost,2016-09-01,341.0,366.2789306640625
xgboost,2015-11-01,5563.0,2009.1009521484375
xgboost,2015-12-01,3416.0,3325.05029296875
xgboost,2016-01-01,7561.0,4711.03955078125
xgboost,2016-02-01,6961.0,4003.66796875
xgboost,2016-03-01,3134.0,2207.521728515625
xgboost,2016-04-01,1931.0,1569.5565185546875
xgboost,2016-05-01,1520.0,716.418701171875
xgboost,2016-06-01,947.0,412.0736389160156
xgboost,2016-07-01,631.0,227.9953155517578
xgboost,2016-08-01,434.0,200.09193420410156
xgboost,2016-09-01,341.0,204.36204528808594
xgboost,2016-10-01,389.0,186.5736846923828
xgboost,2015-12-01,3416.0,3552.1376953125
xgboost,2016-01-01,7561.0,3932.604736328125
xgboost,2016-02-01,6961.0,2112.7333984375
xgboost,2016-03-01,3134.0,1753.6318359375
xgboost,2016-04-01,1931.0,1928.159912109375
xgboost,2016-05-01,1520.0,1872.724365234375
xgboost,2016-06-01,947.0,2282.559814453125
xgboost,2016-07-01,631.0,3243.4169921875
xgboost,2016-08-01,434.0,2889.955322265625
xgboost,2016-09-01,341.0,2893.70458984375
xgboost,2016-10-01,389.0,2913.12451171875
xgboost,2016-11-01,268.0,2327.289794921875
xgboost,2016-01-01,7561.0,4127.49072265625
xgboost,2016-02-01,6961.0,3267.543701171875
xgboost,2016-03-01,3134.0,1801.2637939453125
xgboost,2016-04-01,1931.0,1878.7598876953125
xgboost,2016-05-01,1520.0,1622.1239013671875
xgboost,2016-06-01,947.0,1969.2469482421875
xgboost,2016-07-01,631.0,3294.60498046875
xgboost,2016-08-01,434.0,3281.577392578125
xgboost,2016-09-01,341.0,4121.87939453125
xgboost,2016-10-01,389.0,3398.42578125
xgboost,2016-11-01,268.0,1837.4241943359375
xgboost,2016-12-01,604.0,1717.973388671875
xgboost,2016-02-01,6961.0,2698.917724609375
xgboost,2016-03-01,3134.0,3307.16357421875
xgboost,2016-04-01,1931.0,3329.74267578125
xgboost,2016-05-01,1520.0,3317.26806640625
xgboost,2016-06-01,947.0,3331.6904296875
xgboost,2016-07-01,631.0,3328.9912109375
xgboost,2016-08-01,434.0,3330.78955078125
xgboost,2016-09-01,341.0,3334.7451171875
xgboost,2016-10-01,389.0,3370.711669921875
xgboost,2016-11-01,268.0,3370.17919921875
xgboost,2016-12-01,604.0,3333.473388671875
xgboost,2017-01-01,343.0,3326.288818359375
xgboost,2016-03-01,3134.0,2119.42236328125
xgboost,2016-04-01,1931.0,1822.23388671875
xgboost,2016-05-01,1520.0,2134.21240234375
xgboost,2016-06-01,947.0,1798.255615234375
xgboost,2016-07-01,631.0,2956.0517578125
xgboost,2016-08-01,434.0,5596.07666015625
xgboost,2016-09-01,341.0,4294.4296875
xgboost,2016-10-01,389.0,4270.1103515625
xgboost,2016-11-01,268.0,1922.9942626953125
xgboost,2016-12-01,604.0,1831.4976806640625
xgboost,2017-01-01,343.0,2142.37548828125
xgboost,2017-02-01,366.0,1801.2730712890625
xgboost,2016-04-01,1931.0,3411.82958984375
xgboost,2016-05-01,1520.0,3373.421875
xgboost,2016-06-01,947.0,3711.51416015625
xgboost,2016-07-01,631.0,1707.705322265625
xgboost,2016-08-01,434.0,2310.81396484375
xgboost,2016-09-01,341.0,1943.0445556640625
xgboost,2016-10-01,389.0,2539.970458984375
xgboost,2016-11-01,268.0,4952.40185546875
xgboost,2016-12-01,604.0,3893.796875
xgboost,2017-01-01,343.0,3884.623291015625
xgboost,2017-02-01,366.0,3754.947998046875
xgboost,2017-03-01,458.0,2618.144287109375
xgboost,2016-05-01,1520.0,1843.7264404296875
xgboost,2016-06-01,947.0,2000.072265625
xgboost,2016-07-01,631.0,1849.955078125
xgboost,2016-08-01,434.0,3252.2529296875
xgboost,2016-09-01,341.0,4749.32958984375
xgboost,2016-10-01,389.0,4074.2666015625
xgboost,2016-11-01,268.0,4226.1044921875
xgboost,2016-12-01,604.0,2758.08154296875
xgboost,2017-01-01,343.0,2338.422119140625
xgboost,2017-02-01,366.0,1837.1234130859375
xgboost,2017-03-01,458.0,1989.0152587890625
xgboost,2017-04-01,441.0,1841.7672119140625
xgboost,2016-06-01,947.0,589.6758422851562
xgboost,2016-07-01,631.0,211.87332153320312
xgboost,2016-08-01,434.0,203.78297424316406
xgboost,2016-09-01,341.0,195.8339080810547
xgboost,2016-10-01,389.0,182.35800170898438
xgboost,2016-11-01,268.0,253.80311584472656
xgboost,2016-12-01,604.0,258.3868408203125
xgboost,2017-01-01,343.0,493.5849304199219
xgboost,2017-02-01,366.0,566.93994140625
xgboost,2017-03-01,458.0,702.0625610351562
xgboost,2017-04-01,441.0,594.2457275390625
xgboost,2017-05-01,344.0,345.9898376464844
xgboost,2016-07-01,631.0,716.8141479492188
xgboost,2016-08-01,434.0,554.701171875
xgboost,2016-09-01,341.0,429.0036315917969
xgboost,2016-10-01,389.0,379.1237487792969
xgboost,2016-11-01,268.0,398.1439514160156
xgboost,2016-12-01,604.0,523.2210083007812
xgboost,2017-01-01,343.0,387.997314453125
xgboost,2017-02-01,366.0,497.5021667480469
xgboost,2017-03-01,458.0,513.5711669921875
xgboost,2017-04-01,441.0,382.6236877441406
xgboost,2017-05-01,344.0,315.5709533691406
xgboost,2017-06-01,335.0,298.09698486328125
xgboost,2016-08-01,434.0,1127.80078125
xgboost,2016-09-01,341.0,871.4132080078125
xgboost,2016-10-01,389.0,806.5816040039062
xgboost,2016-11-01,268.0,699.426513671875
xgboost,2016-12-01,604.0,816.3062744140625
xgboost,2017-01-01,343.0,675.3953857421875
xgboost,2017-02-01,366.0,1312.618408203125
xgboost,2017-03-01,458.0,816.7962036132812
xgboost,2017-04-01,441.0,650.491455078125
xgboost,2017-05-01,344.0,1210.642333984375
xgboost,2017-06-01,335.0,765.3922119140625
xgboost,2017-07-01,297.0,630.3216552734375
xgboost,2016-09-01,341.0,347.7493896484375
xgboost,2016-10-01,389.0,303.65240478515625
xgboost,2016-11-01,268.0,312.1522216796875
xgboost,2016-12-01,604.0,553.3041381835938
xgboost,2017-01-01,343.0,381.4697570800781
xgboost,2017-02-01,366.0,533.5992431640625
xgboost,2017-03-01,458.0,564.6527099609375
xgboost,2017-04-01,441.0,332.3685607910156
xgboost,2017-05-01,344.0,351.1904602050781
xgboost,2017-06-01,335.0,313.1192321777344
xgboost,2017-07-01,297.0,329.56292724609375
xgboost,2017-08-01,269.0,350.1776123046875
xgboost,2016-10-01,389.0,261.5528869628906
xgboost,2016-11-01,268.0,299.83392333984375
xgboost,2016-12-01,604.0,525.7009887695312
xgboost,2017-01-01,343.0,428.20306396484375
xgboost,2017-02-01,366.0,546.6818237304688
xgboost,2017-03-01,458.0,567.7749633789062
xgboost,2017-04-01,441.0,333.4614562988281
xgboost,2017-05-01,344.0,313.97686767578125
xgboost,2017-06-01,335.0,321.94415283203125
xgboost,2017-07-01,297.0,300.2546081542969
xgboost,2017-08-01,269.0,247.8260955810547
xgboost,2017-09-01,271.0,215.29153442382812
xgboost,2016-11-01,268.0,431.41534423828125
xgboost,2016-12-01,604.0,730.5262451171875
xgboost,2017-01-01,343.0,631.94140625
xgboost,2017-02-01,366.0,837.1963500976562
xgboost,2017-03-01,458.0,848.8204956054688
xgboost,2017-04-01,441.0,621.81884765625
xgboost,2017-05-01,344.0,401.1758117675781
xgboost,2017-06-01,335.0,323.4858093261719
xgboost,2017-07-01,297.0,374.8060302734375
xgboost,2017-08-01,269.0,300.20806884765625
xgboost,2017-09-01,271.0,307.0905456542969
xgboost,2017-10-01,252.0,345.49591064453125
xgboost,2016-12-01,604.0,531.7415161132812
xgboost,2017-01-01,343.0,425.2377624511719
xgboost,2017-02-01,366.0,553.593505859375
xgboost,2017-03-01,458.0,605.0904541015625
xgboost,2017-04-01,441.0,361.1886901855469
xgboost,2017-05-01,344.0,323.4388122558594
xgboost,2017-06-01,335.0,316.21368408203125
xgboost,2017-07-01,297.0,291.0264892578125
xgboost,2017-08-01,269.0,258.08282470703125
xgboost,2017-09-01,271.0,217.97036743164062
xgboost,2017-10-01,252.0,211.62208557128906
xgboost,2017-11-01,152.0,206.43209838867188
xgboost,2017-01-01,343.0,472.8136901855469
xgboost,2017-02-01,366.0,604.0189208984375
xgboost,2017-03-01,458.0,632.9934692382812
xgboost,2017-04-01,441.0,623.4115600585938
xgboost,2017-05-01,344.0,396.6892395019531
xgboost,2017-06-01,335.0,356.89447021484375
xgboost,2017-07-01,297.0,263.3756408691406
xgboost,2017-08-01,269.0,224.78172302246094
xgboost,2017-09-01,271.0,198.03749084472656
xgboost,2017-10-01,252.0,196.50576782226562
xgboost,2017-11-01,152.0,211.84805297851562
xgboost,2017-12-01,203.0,200.5186309814453
xgboost,2017-02-01,366.0,598.2063598632812
xgboost,2017-03-01,458.0,638.14990234375
xgboost,2017-04-01,441.0,543.023681640625
xgboost,2017-05-01,344.0,339.8349609375
xgboost,2017-06-01,335.0,319.424072265625
xgboost,2017-07-01,297.0,264.6474304199219
xgboost,2017-08-01,269.0,211.6446075439453
xgboost,2017-09-01,271.0,209.36216735839844
xgboost,2017-10-01,252.0,199.5354461669922
xgboost,2017-11-01,152.0,206.3514862060547
xgboost,2017-12-01,203.0,255.56600952148438
xgboost,2018-01-01,158.0,260.0445861816406
xgboost,2017-03-01,458.0,425.37786865234375
xgboost,2017-04-01,441.0,277.8772888183594
xgboost,2017-05-01,344.0,275.77935791015625
xgboost,2017-06-01,335.0,292.3304443359375
xgboost,2017-07-01,297.0,268.0985412597656
xgboost,2017-08-01,269.0,256.54766845703125
xgboost,2017-09-01,271.0,218.38328552246094
xgboost,2017-10-01,252.0,191.8977508544922
xgboost,2017-11-01,152.0,204.65550231933594
xgboost,2017-12-01,203.0,218.176025390625
xgboost,2018-01-01,158.0,285.82830810546875
xgboost,2018-02-01,240.0,313.3756408691406
xgboost,2017-04-01,441.0,314.2791442871094
xgboost,2017-05-01,344.0,337.2808837890625
xgboost,2017-06-01,335.0,339.15521240234375
xgboost,2017-07-01,297.0,290.7901916503906
xgboost,2017-08-01,269.0,288.6580505371094
xgboost,2017-09-01,271.0,290.010986328125
xgboost,2017-10-01,252.0,282.5818176269531
xgboost,2017-11-01,152.0,300.50311279296875
xgboost,2017-12-01,203.0,298.5647888183594
xgboost,2018-01-01,158.0,303.4593811035156
xgboost,2018-02-01,240.0,304.62548828125
xgboost,2018-03-01,311.0,291.3585510253906
xgboost,2017-05-01,344.0,349.8716735839844
xgboost,2017-06-01,335.0,324.07415771484375
xgboost,2017-07-01,297.0,292.87359619140625
xgboost,2017-08-01,269.0,284.4858703613281
xgboost,2017-09-01,271.0,280.1498718261719
xgboost,2017-10-01,252.0,266.3712463378906
xgboost,2017-11-01,152.0,262.68731689453125
xgboost,2017-12-01,203.0,224.8474884033203
xgboost,2018-01-01,158.0,253.9205322265625
xgboost,2018-02-01,240.0,255.20472717285156
xgboost,2018-03-01,311.0,213.53807067871094
xgboost,2018-04-01,699.0,245.40365600585938
xgboost,2017-06-01,335.0,336.73822021484375
xgboost,2017-07-01,297.0,279.576171875
xgboost,2017-08-01,269.0,266.3048400878906
xgboost,2017-09-01,271.0,238.92507934570312
xgboost,2017-10-01,252.0,205.31143188476562
xgboost,2017-11-01,152.0,211.36911010742188
xgboost,2017-12-01,203.0,191.78164672851562
xgboost,2018-01-01,158.0,261.14544677734375
xgboost,2018-02-01,240.0,280.2571716308594
xgboost,2018-03-01,311.0,380.43572998046875
xgboost,2018-04-01,699.0,465.35382080078125
xgboost,2018-05-01,515.0,348.93646240234375
xgboost,2017-07-01,297.0,287.41461181640625
xgboost,2017-08-01,269.0,300.9153747558594
xgboost,2017-09-01,271.0,297.5142822265625
xgboost,2017-10-01,252.0,264.394287109375
xgboost,2017-11-01,152.0,234.30950927734375
xgboost,2017-12-01,203.0,193.412109375
xgboost,2018-01-01,158.0,227.96434020996094
xgboost,2018-02-01,240.0,226.9712677001953
xgboost,2018-03-01,311.0,228.9386749267578
xgboost,2018-04-01,699.0,248.86866760253906
xgboost,2018-05-01,515.0,271.8486633300781
xgboost,2018-06-01,402.0,282.4860534667969
xgboost,2017-08-01,269.0,322.9034423828125
xgboost,2017-09-01,271.0,292.3455810546875
xgboost,2017-10-01,252.0,262.29095458984375
xgboost,2017-11-01,152.0,212.22097778320312
xgboost,2017-12-01,203.0,188.8036651611328
xgboost,2018-01-01,158.0,224.48757934570312
xgboost,2018-02-01,240.0,224.0584716796875
xgboost,2018-03-01,311.0,270.8772888183594
xgboost,2018-04-01,699.0,282.9423522949219
xgboost,2018-05-01,515.0,353.829833984375
xgboost,2018-06-01,402.0,261.0634460449219
xgboost,2018-07-01,476.0,236.89601135253906
xgboost,2017-09-01,271.0,265.7757568359375
xgboost,2017-10-01,252.0,212.9370574951172
xgboost,2017-11-01,152.0,213.86817932128906
xgboost,2017-12-01,203.0,211.77711486816406
xgboost,2018-01-01,158.0,221.8721923828125
xgboost,2018-02-01,240.0,245.95779418945312
xgboost,2018-03-01,311.0,265.4364929199219
xgboost,2018-04-01,699.0,282.50787353515625
xgboost,2018-05-01,515.0,328.775634765625
xgboost,2018-06-01,402.0,284.367431640625
xgboost,2018-07-01,476.0,305.4941711425781
xgboost,2018-08-01,294.0,304.89422607421875
xgboost,2017-10-01,252.0,269.6664733886719
xgboost,2017-11-01,152.0,270.2569580078125
xgboost,2017-12-01,203.0,269.6977233886719
xgboost,2018-01-01,158.0,285.07861328125
xgboost,2018-02-01,240.0,285.0907287597656
xgboost,2018-03-01,311.0,283.3297424316406
xgboost,2018-04-01,699.0,306.7731628417969
xgboost,2018-05-01,515.0,316.2392883300781
xgboost,2018-06-01,402.0,289.7699890136719
xgboost,2018-07-01,476.0,307.4866638183594
xgboost,2018-08-01,294.0,266.63134765625
xgboost,2018-09-01,325.0,244.24917602539062
xgboost,2017-11-01,152.0,202.7362060546875
xgboost,2017-12-01,203.0,211.71792602539062
xgboost,2018-01-01,158.0,213.8621826171875
xgboost,2018-02-01,240.0,349.3236389160156
xgboost,2018-03-01,311.0,316.5783386230469
xgboost,2018-04-01,699.0,346.4991760253906
xgboost,2018-05-01,515.0,345.7491149902344
xgboost,2018-06-01,402.0,292.10003662109375
xgboost,2018-07-01,476.0,301.2613220214844
xgboost,2018-08-01,294.0,289.6090393066406
xgboost,2018-09-01,325.0,292.2967224121094
xgboost,2018-10-01,231.0,309.649658203125
xgboost,2017-12-01,203.0,188.6691131591797
xgboost,2018-01-01,158.0,194.88421630859375
xgboost,2018-02-01,240.0,281.6726379394531
xgboost,2018-03-01,311.0,439.8836669921875
xgboost,2018-04-01,699.0,378.38800048828125
xgboost,2018-05-01,515.0,393.0659484863281
xgboost,2018-06-01,402.0,334.9668884277344
xgboost,2018-07-01,476.0,262.0052795410156
xgboost,2018-08-01,294.0,210.0362091064453
xgboost,2018-09-01,325.0,175.43240356445312
xgboost,2018-10-01,231.0,172.963134765625
xgboost,2018-11-01,244.0,226.0944061279297
xgboost,2018-01-01,158.0,204.5504913330078
xgboost,2018-02-01,240.0,281.1391906738281
xgboost,2018-03-01,311.0,423.6031799316406
xgboost,2018-04-01,699.0,407.44000244140625
xgboost,2018-05-01,515.0,405.01422119140625
xgboost,2018-06-01,402.0,333.2227783203125
xgboost,2018-07-01,476.0,260.02642822265625
xgboost,2018-08-01,294.0,198.96212768554688
xgboost,2018-09-01,325.0,199.29295349121094
xgboost,2018-10-01,231.0,213.70614624023438
xgboost,2018-11-01,244.0,246.7987060546875
xgboost,2018-12-01,273.0,365.240234375
xgboost,2018-02-01,240.0,290.46392822265625
xgboost,2018-03-01,311.0,430.7882080078125
xgboost,2018-04-01,699.0,468.6215515136719
xgboost,2018-05-01,515.0,571.4142456054688
xgboost,2018-06-01,402.0,334.29248046875
xgboost,2018-07-01,476.0,256.73370361328125
xgboost,2018-08-01,294.0,160.54835510253906
xgboost,2018-09-01,325.0,152.00167846679688
xgboost,2018-10-01,231.0,176.98654174804688
xgboost,2018-11-01,244.0,259.69879150390625
xgboost,2018-12-01,273.0,473.2459411621094
xgboost,2019-01-01,175.0,897.9592895507812
xgboost,2018-03-01,311.0,416.09912109375
xgboost,2018-04-01,699.0,462.1405334472656
xgboost,2018-05-01,515.0,580.2064819335938
xgboost,2018-06-01,402.0,408.8924255371094
xgboost,2018-07-01,476.0,278.1593933105469
xgboost,2018-08-01,294.0,241.20855712890625
xgboost,2018-09-01,325.0,175.4676055908203
xgboost,2018-10-01,231.0,192.45477294921875
xgboost,2018-11-01,244.0,195.7761688232422
xgboost,2018-12-01,273.0,354.1435241699219
xgboost,2019-01-01,175.0,823.687255859375
xgboost,2019-02-01,378.0,1155.2078857421875
xgboost,2018-04-01,699.0,378.67340087890625
xgboost,2018-05-01,515.0,374.6985778808594
xgboost,2018-06-01,402.0,328.2214050292969
xgboost,2018-07-01,476.0,286.34332275390625
xgboost,2018-08-01,294.0,315.1258544921875
xgboost,2018-09-01,325.0,238.51370239257812
xgboost,2018-10-01,231.0,192.0823211669922
xgboost,2018-11-01,244.0,292.44921875
xgboost,2018-12-01,273.0,555.9610595703125
xgboost,2019-01-01,175.0,843.7700805664062
xgboost,2019-02-01,378.0,1217.753173828125
xgboost,2019-03-01,675.0,683.9937744140625
xgboost,2018-05-01,515.0,645.3588256835938
xgboost,2018-06-01,402.0,574.4046020507812
xgboost,2018-07-01,476.0,325.26312255859375
xgboost,2018-08-01,294.0,277.919677734375
xgboost,2018-09-01,325.0,228.63002014160156
xgboost,2018-10-01,231.0,199.32687377929688
xgboost,2018-11-01,244.0,212.2425994873047
xgboost,2018-12-01,273.0,345.8397216796875
xgboost,2019-01-01,175.0,602.2660522460938
xgboost,2019-02-01,378.0,1012.1293334960938
xgboost,2019-03-01,675.0,860.4199829101562
xgboost,2019-04-01,983.0,785.3900756835938
xgboost,2018-06-01,402.0,565.385986328125
xgboost,2018-07-01,476.0,356.1173400878906
xgboost,2018-08-01,294.0,298.5757751464844
xgboost,2018-09-01,325.0,273.6665344238281
xgboost,2018-10-01,231.0,290.691162109375
xgboost,2018-11-01,244.0,292.1661682128906
xgboost,2018-12-01,273.0,522.8634643554688
xgboost,2019-01-01,175.0,833.4847412109375
xgboost,2019-02-01,378.0,1127.038330078125
xgboost,2019-03-01,675.0,802.64501953125
xgboost,2019-04-01,983.0,681.1951904296875
xgboost,2019-05-01,1336.0,530.4139404296875
xgboost,2018-07-01,476.0,308.12548828125
xgboost,2018-08-01,294.0,283.07000732421875
xgboost,2018-09-01,325.0,245.00596618652344
xgboost,2018-10-01,231.0,192.74241638183594
xgboost,2018-11-01,244.0,212.24766540527344
xgboost,2018-12-01,273.0,516.560791015625
xgboost,2019-01-01,175.0,899.0431518554688
xgboost,2019-02-01,378.0,1238.8658447265625
xgboost,2019-03-01,675.0,908.3335571289062
xgboost,2019-04-01,983.0,778.7996826171875
xgboost,2019-05-01,1336.0,552.298095703125
xgboost,2019-06-01,1484.0,483.2138977050781
xgboost,2018-08-01,294.0,339.471923828125
xgboost,2018-09-01,325.0,400.8204345703125
xgboost,2018-10-01,231.0,400.27532958984375
xgboost,2018-11-01,244.0,425.2957763671875
xgboost,2018-12-01,273.0,796.6087646484375
xgboost,2019-01-01,175.0,961.0988159179688
xgboost,2019-02-01,378.0,1225.31103515625
xgboost,2019-03-01,675.0,896.0452880859375
xgboost,2019-04-01,983.0,848.8111572265625
xgboost,2019-05-01,1336.0,536.7740478515625
xgboost,2019-06-01,1484.0,504.474365234375
xgboost,2019-07-01,1160.0,445.1533203125
xgboost,2018-09-01,325.0,246.27513122558594
xgboost,2018-10-01,231.0,225.70294189453125
xgboost,2018-11-01,244.0,228.6293487548828
xgboost,2018-12-01,273.0,391.37359619140625
xgboost,2019-01-01,175.0,724.6217041015625
xgboost,2019-02-01,378.0,1095.7039794921875
xgboost,2019-03-01,675.0,879.0725708007812
xgboost,2019-04-01,983.0,859.4592895507812
xgboost,2019-05-01,1336.0,613.5431518554688
xgboost,2019-06-01,1484.0,410.4954528808594
xgboost,2019-07-01,1160.0,386.9967041015625
xgboost,2019-08-01,1157.0,463.8987121582031
xgboost,2018-10-01,231.0,409.65301513671875
xgboost,2018-11-01,244.0,427.5271301269531
xgboost,2018-12-01,273.0,828.6951293945312
xgboost,2019-01-01,175.0,1022.7570190429688
xgboost,2019-02-01,378.0,1256.7586669921875
xgboost,2019-03-01,675.0,966.00244140625
xgboost,2019-04-01,983.0,861.81689453125
xgboost,2019-05-01,1336.0,617.268798828125
xgboost,2019-06-01,1484.0,463.31964111328125
xgboost,2019-07-01,1160.0,451.0802001953125
xgboost,2019-08-01,1157.0,489.301513671875
xgboost,2019-09-01,1364.0,320.86785888671875
xgboost,2018-11-01,244.0,263.3587646484375
xgboost,2018-12-01,273.0,422.7398681640625
xgboost,2019-01-01,175.0,621.9669189453125
xgboost,2019-02-01,378.0,1023.3060913085938
xgboost,2019-03-01,675.0,948.8759155273438
xgboost,2019-04-01,983.0,928.7572021484375
xgboost,2019-05-01,1336.0,717.3814697265625
xgboost,2019-06-01,1484.0,606.5472412109375
xgboost,2019-07-01,1160.0,430.9554443359375
xgboost,2019-08-01,1157.0,372.7970886230469
xgboost,2019-09-01,1364.0,334.157470703125
xgboost,2019-10-01,800.0,279.23236083984375
xgboost,2018-12-01,273.0,353.7338562011719
xgboost,2019-01-01,175.0,679.7861938476562
xgboost,2019-02-01,378.0,1211.9981689453125
xgboost,2019-03-01,675.0,968.6480712890625
xgboost,2019-04-01,983.0,938.2625732421875
xgboost,2019-05-01,1336.0,748.4258422851562
xgboost,2019-06-01,1484.0,646.3787231445312
xgboost,2019-07-01,1160.0,638.84912109375
xgboost,2019-08-01,1157.0,660.6961059570312
xgboost,2019-09-01,1364.0,515.4676513671875
xgboost,2019-10-01,800.0,286.0678405761719
xgboost,2019-11-01,496.0,572.1987915039062
xgboost,2019-01-01,175.0,440.11236572265625
xgboost,2019-02-01,378.0,697.305419921875
xgboost,2019-03-01,675.0,715.92822265625
xgboost,2019-04-01,983.0,709.441650390625
xgboost,2019-05-01,1336.0,509.9096984863281
xgboost,2019-06-01,1484.0,445.3368835449219
xgboost,2019-07-01,1160.0,345.7226867675781
xgboost,2019-08-01,1157.0,513.516845703125
xgboost,2019-09-01,1364.0,364.36651611328125
xgboost,2019-10-01,800.0,282.41461181640625
xgboost,2019-11-01,496.0,537.0784912109375
xgboost,2019-12-01,297.0,450.4964294433594
xgboost,2019-02-01,378.0,248.45843505859375
xgboost,2019-03-01,675.0,514.0311889648438
xgboost,2019-04-01,983.0,634.0499877929688
xgboost,2019-05-01,1336.0,585.08154296875
xgboost,2019-06-01,1484.0,700.7031860351562
xgboost,2019-07-01,1160.0,615.329833984375
xgboost,2019-08-01,1157.0,409.12640380859375
xgboost,2019-09-01,1364.0,387.85845947265625
xgboost,2019-10-01,800.0,291.5466613769531
xgboost,2019-11-01,496.0,597.2859497070312
xgboost,2019-12-01,297.0,815.044189453125
xgboost,2020-01-01,289.0,1080.7728271484375
xgboost,2019-03-01,675.0,490.303466796875
xgboost,2019-04-01,983.0,533.8998413085938
xgboost,2019-05-01,1336.0,392.93841552734375
xgboost,2019-06-01,1484.0,474.78662109375
xgboost,2019-07-01,1160.0,385.8989562988281
xgboost,2019-08-01,1157.0,362.4375305175781
xgboost,2019-09-01,1364.0,325.9036865234375
xgboost,2019-10-01,800.0,273.10443115234375
xgboost,2019-11-01,496.0,576.8162231445312
xgboost,2019-12-01,297.0,861.5596313476562
xgboost,2020-01-01,289.0,1006.8898315429688
xgboost,2020-02-01,294.0,1014.1354370117188
xgboost,2019-04-01,983.0,798.0131225585938
xgboost,2019-05-01,1336.0,579.1251831054688
xgboost,2019-06-01,1484.0,568.6216430664062
xgboost,2019-07-01,1160.0,367.6777038574219
xgboost,2019-08-01,1157.0,343.5906066894531
xgboost,2019-09-01,1364.0,286.2664489746094
xgboost,2019-10-01,800.0,283.0542907714844
xgboost,2019-11-01,496.0,573.2584838867188
xgboost,2019-12-01,297.0,853.5330200195312
xgboost,2020-01-01,289.0,1059.4681396484375
xgboost,2020-02-01,294.0,994.0151977539062
xgboost,2020-03-01,251.0,691.707763671875
xgboost,2019-05-01,1336.0,922.4347534179688
xgboost,2019-06-01,1484.0,831.8428344726562
xgboost,2019-07-01,1160.0,651.6151123046875
xgboost,2019-08-01,1157.0,644.4364624023438
xgboost,2019-09-01,1364.0,691.505126953125
xgboost,2019-10-01,800.0,699.9236450195312
xgboost,2019-11-01,496.0,1048.896484375
xgboost,2019-12-01,297.0,1190.26904296875
xgboost,2020-01-01,289.0,1206.797119140625
xgboost,2020-02-01,294.0,893.9894409179688
xgboost,2020-03-01,251.0,660.3079833984375
xgboost,2020-04-01,104.0,580.0827026367188
xgboost,2019-06-01,1484.0,844.9144287109375
xgboost,2019-07-01,1160.0,582.2423095703125
xgboost,2019-08-01,1157.0,346.3211975097656
xgboost,2019-09-01,1364.0,344.00701904296875
xgboost,2019-10-01,800.0,309.9884948730469
xgboost,2019-11-01,496.0,527.6686401367188
xgboost,2019-12-01,297.0,425.2019958496094
xgboost,2020-01-01,289.0,652.0524291992188
xgboost,2020-02-01,294.0,1195.267822265625
xgboost,2020-03-01,251.0,1126.676025390625
xgboost,2020-04-01,104.0,872.7265014648438
xgboost,2020-05-01,222.0,697.5302734375
xgboost,2019-07-01,1160.0,868.0411987304688
xgboost,2019-08-01,1157.0,726.8192749023438
xgboost,2019-09-01,1364.0,508.17791748046875
xgboost,2019-10-01,800.0,281.1006774902344
xgboost,2019-11-01,496.0,563.6286010742188
xgboost,2019-12-01,297.0,604.8934936523438
xgboost,2020-01-01,289.0,838.8754272460938
xgboost,2020-02-01,294.0,1397.5264892578125
xgboost,2020-03-01,251.0,1370.8604736328125
xgboost,2020-04-01,104.0,1405.604248046875
xgboost,2020-05-01,222.0,773.927978515625
xgboost,2020-06-01,601.0,563.7236328125
xgboost,2019-08-01,1157.0,843.6064453125
xgboost,2019-09-01,1364.0,607.6136474609375
xgboost,2019-10-01,800.0,317.1023254394531
xgboost,2019-11-01,496.0,532.4824829101562
xgboost,2019-12-01,297.0,440.2644958496094
xgboost,2020-01-01,289.0,669.6095581054688
xgboost,2020-02-01,294.0,1408.4461669921875
xgboost,2020-03-01,251.0,1347.4149169921875
xgboost,2020-04-01,104.0,1458.5589599609375
xgboost,2020-05-01,222.0,1385.5999755859375
xgboost,2020-06-01,601.0,799.9221801757812
xgboost,2020-07-01,804.0,491.74554443359375
xgboost,2019-09-01,1364.0,790.4061889648438
xgboost,2019-10-01,800.0,835.8516845703125
xgboost,2019-11-01,496.0,693.9148559570312
xgboost,2019-12-01,297.0,1192.84912109375
xgboost,2020-01-01,289.0,1060.840087890625
xgboost,2020-02-01,294.0,1256.6112060546875
xgboost,2020-03-01,251.0,1304.369384765625
xgboost,2020-04-01,104.0,1361.8076171875
xgboost,2020-05-01,222.0,1326.1690673828125
xgboost,2020-06-01,601.0,903.2021484375
xgboost,2020-07-01,804.0,755.1838989257812
xgboost,2020-08-01,696.0,458.4005126953125
xgboost,2019-10-01,800.0,874.9298706054688
xgboost,2019-11-01,496.0,1059.027099609375
xgboost,2019-12-01,297.0,1359.23974609375
xgboost,2020-01-01,289.0,1055.2481689453125
xgboost,2020-02-01,294.0,1161.0086669921875
xgboost,2020-03-01,251.0,1326.3656005859375
xgboost,2020-04-01,104.0,1369.6983642578125
xgboost,2020-05-01,222.0,1297.65283203125
xgboost,2020-06-01,601.0,887.6522827148438
xgboost,2020-07-01,804.0,691.9576416015625
xgboost,2020-08-01,696.0,505.466796875
xgboost,2020-09-01,490.0,276.9179992675781
xgboost,2019-11-01,496.0,1148.4791259765625
xgboost,2019-12-01,297.0,1451.1365966796875
xgboost,2020-01-01,289.0,892.609619140625
xgboost,2020-02-01,294.0,1334.1673583984375
xgboost,2020-03-01,251.0,1327.429443359375
xgboost,2020-04-01,104.0,1405.83349609375
xgboost,2020-05-01,222.0,1333.3724365234375
xgboost,2020-06-01,601.0,827.8490600585938
xgboost,2020-07-01,804.0,713.0247192382812
xgboost,2020-08-01,696.0,591.59619140625
xgboost,2020-09-01,490.0,310.1658935546875
xgboost,2020-10-01,344.0,329.4966735839844
xgboost,2019-12-01,297.0,488.2744140625
xgboost,2020-01-01,289.0,588.5659790039062
xgboost,2020-02-01,294.0,459.7878112792969
xgboost,2020-03-01,251.0,408.8623352050781
xgboost,2020-04-01,104.0,434.8957214355469
xgboost,2020-05-01,222.0,372.1716003417969
xgboost,2020-06-01,601.0,406.67352294921875
xgboost,2020-07-01,804.0,280.6065673828125
xgboost,2020-08-01,696.0,285.14715576171875
xgboost,2020-09-01,490.0,298.56402587890625
xgboost,2020-10-01,344.0,335.7017517089844
xgboost,2020-11-01,258.0,366.296875
xgboost,2020-01-01,289.0,396.9540710449219
xgboost,2020-02-01,294.0,400.4273376464844
xgboost,2020-03-01,251.0,312.3201599121094
xgboost,2020-04-01,104.0,312.86749267578125
xgboost,2020-05-01,222.0,302.89886474609375
xgboost,2020-06-01,601.0,300.4922180175781
xgboost,2020-07-01,804.0,255.62496948242188
xgboost,2020-08-01,696.0,279.85931396484375
xgboost,2020-09-01,490.0,258.5284729003906
xgboost,2020-10-01,344.0,250.3030242919922
xgboost,2020-11-01,258.0,254.4196014404297
xgboost,2020-12-01,141.0,219.99891662597656
xgboost,2020-02-01,294.0,308.2720031738281
xgboost,2020-03-01,251.0,337.4921569824219
xgboost,2020-04-01,104.0,352.99859619140625
xgboost,2020-05-01,222.0,379.3869934082031
xgboost,2020-06-01,601.0,321.1553039550781
xgboost,2020-07-01,804.0,325.7583923339844
xgboost,2020-08-01,696.0,296.7742004394531
xgboost,2020-09-01,490.0,258.663330078125
xgboost,2020-10-01,344.0,260.7550964355469
xgboost,2020-11-01,258.0,286.81591796875
xgboost,2020-12-01,141.0,267.5279846191406
xgboost,2021-01-01,238.0,315.9263000488281
xgboost,2020-03-01,251.0,283.0158386230469
xgboost,2020-04-01,104.0,342.6040344238281
xgboost,2020-05-01,222.0,357.20379638671875
xgboost,2020-06-01,601.0,342.6025390625
xgboost,2020-07-01,804.0,324.5935974121094
xgboost,2020-08-01,696.0,298.3207702636719
xgboost,2020-09-01,490.0,256.5984191894531
xgboost,2020-10-01,344.0,277.0834045410156
xgboost,2020-11-01,258.0,272.8847961425781
xgboost,2020-12-01,141.0,232.02789306640625
xgboost,2021-01-01,238.0,291.4099426269531
xgboost,2021-02-01,244.0,244.13302612304688
xgboost,2020-04-01,104.0,310.56781005859375
xgboost,2020-05-01,222.0,336.099609375
xgboost,2020-06-01,601.0,335.0915222167969
xgboost,2020-07-01,804.0,310.6358642578125
xgboost,2020-08-01,696.0,379.26068115234375
xgboost,2020-09-01,490.0,308.66363525390625
xgboost,2020-10-01,344.0,316.9431457519531
xgboost,2020-11-01,258.0,369.20098876953125
xgboost,2020-12-01,141.0,312.640869140625
xgboost,2021-01-01,238.0,354.5823974609375
xgboost,2021-02-01,244.0,287.95831298828125
xgboost,2021-03-01,376.0,257.65960693359375
xgboost,2020-05-01,222.0,243.67518615722656
xgboost,2020-06-01,601.0,231.8938446044922
xgboost,2020-07-01,804.0,283.8541564941406
xgboost,2020-08-01,696.0,456.49859619140625
xgboost,2020-09-01,490.0,665.7991943359375
xgboost,2020-10-01,344.0,683.3441772460938
xgboost,2020-11-01,258.0,584.3838500976562
xgboost,2020-12-01,141.0,369.3681640625
xgboost,2021-01-01,238.0,352.9969482421875
xgboost,2021-02-01,244.0,282.47265625
xgboost,2021-03-01,376.0,234.0910186767578
xgboost,2021-04-01,985.0,215.20263671875
xgboost,2020-06-01,601.0,226.26226806640625
xgboost,2020-07-01,804.0,225.47996520996094
xgboost,2020-08-01,696.0,321.04327392578125
xgboost,2020-09-01,490.0,590.258056640625
xgboost,2020-10-01,344.0,652.193603515625
xgboost,2020-11-01,258.0,628.9107055664062
xgboost,2020-12-01,141.0,535.04833984375
xgboost,2021-01-01,238.0,480.9456787109375
xgboost,2021-02-01,244.0,310.4889221191406
xgboost,2021-03-01,376.0,267.58294677734375
xgboost,2021-04-01,985.0,221.91209411621094
xgboost,2021-05-01,4061.0,195.3659210205078
xgboost,2020-07-01,804.0,482.13116455078125
xgboost,2020-08-01,696.0,533.3975830078125
xgboost,2020-09-01,490.0,648.8080444335938
xgboost,2020-10-01,344.0,504.3294372558594
xgboost,2020-11-01,258.0,300.47247314453125
xgboost,2020-12-01,141.0,294.8272399902344
xgboost,2021-01-01,238.0,352.6877746582031
xgboost,2021-02-01,244.0,257.35260009765625
xgboost,2021-03-01,376.0,208.65240478515625
xgboost,2021-04-01,985.0,212.2620086669922
xgboost,2021-05-01,4061.0,215.9465789794922
xgboost,2021-06-01,2800.0,231.00784301757812
xgboost,2020-08-01,696.0,937.914794921875
xgboost,2020-09-01,490.0,696.4852294921875
xgboost,2020-10-01,344.0,505.9909362792969
xgboost,2020-11-01,258.0,303.53912353515625
xgboost,2020-12-01,141.0,297.69329833984375
xgboost,2021-01-01,238.0,334.4821472167969
xgboost,2021-02-01,244.0,282.5110778808594
xgboost,2021-03-01,376.0,245.4362030029297
xgboost,2021-04-01,985.0,205.03948974609375
xgboost,2021-05-01,4061.0,217.37271118164062
xgboost,2021-06-01,2800.0,200.75543212890625
xgboost,2021-07-01,1868.0,256.4443054199219
xgboost,2020-09-01,490.0,1055.720458984375
xgboost,2020-10-01,344.0,716.9894409179688
xgboost,2020-11-01,258.0,501.4295349121094
xgboost,2020-12-01,141.0,284.2297058105469
xgboost,2021-01-01,238.0,360.1685791015625
xgboost,2021-02-01,244.0,267.56640625
xgboost,2021-03-01,376.0,213.65821838378906
xgboost,2021-04-01,985.0,192.6400146484375
xgboost,2021-05-01,4061.0,212.4611053466797
xgboost,2021-06-01,2800.0,219.4696044921875
xgboost,2021-07-01,1868.0,313.5137023925781
xgboost,2021-08-01,1415.0,472.2398986816406
xgboost,2020-10-01,344.0,474.8188781738281
xgboost,2020-11-01,258.0,312.90045166015625
xgboost,2020-12-01,141.0,351.3775329589844
xgboost,2021-01-01,238.0,358.8209533691406
xgboost,2021-02-01,244.0,296.9602966308594
xgboost,2021-03-01,376.0,257.458251953125
xgboost,2021-04-01,985.0,214.10972595214844
xgboost,2021-05-01,4061.0,221.53561401367188
xgboost,2021-06-01,2800.0,225.6788787841797
xgboost,2021-07-01,1868.0,247.79844665527344
xgboost,2021-08-01,1415.0,320.9544372558594
xgboost,2021-09-01,584.0,409.89947509765625
xgboost,2020-11-01,258.0,305.73052978515625
xgboost,2020-12-01,141.0,306.5915832519531
xgboost,2021-01-01,238.0,301.4243469238281
xgboost,2021-02-01,244.0,256.6011047363281
xgboost,2021-03-01,376.0,209.9765167236328
xgboost,2021-04-01,985.0,219.30714416503906
xgboost,2021-05-01,4061.0,219.48526000976562
xgboost,2021-06-01,2800.0,232.1841278076172
xgboost,2021-07-01,1868.0,334.51007080078125
xgboost,2021-08-01,1415.0,448.327880859375
xgboost,2021-09-01,584.0,434.9105224609375
xgboost,2021-10-01,428.0,457.03057861328125
xgboost,2020-12-01,141.0,323.9178771972656
xgboost,2021-01-01,238.0,372.58502197265625
xgboost,2021-02-01,244.0,284.8583679199219
xgboost,2021-03-01,376.0,277.4407653808594
xgboost,2021-04-01,985.0,241.25006103515625
xgboost,2021-05-01,4061.0,200.32948303222656
xgboost,2021-06-01,2800.0,227.29458618164062
xgboost,2021-07-01,1868.0,325.4234313964844
xgboost,2021-08-01,1415.0,425.6117248535156
xgboost,2021-09-01,584.0,378.2213134765625
xgboost,2021-10-01,428.0,448.56915283203125
xgboost,2021-11-01,204.0,390.9977111816406
xgboost,2021-01-01,238.0,293.4937744140625
xgboost,2021-02-01,244.0,529.5648803710938
xgboost,2021-03-01,376.0,830.2639770507812
xgboost,2021-04-01,985.0,1364.3790283203125
xgboost,2021-05-01,4061.0,1317.6812744140625
xgboost,2021-06-01,2800.0,1184.122314453125
xgboost,2021-07-01,1868.0,1366.5196533203125
xgboost,2021-08-01,1415.0,1376.151611328125
xgboost,2021-09-01,584.0,1197.5931396484375
xgboost,2021-10-01,428.0,1085.0611572265625
xgboost,2021-11-01,204.0,1299.0860595703125
xgboost,2021-12-01,90.0,811.9161376953125
xgboost,2021-02-01,244.0,463.72607421875
xgboost,2021-03-01,376.0,671.3024291992188
xgboost,2021-04-01,985.0,1203.4700927734375
xgboost,2021-05-01,4061.0,1243.5106201171875
xgboost,2021-06-01,2800.0,1219.0523681640625
xgboost,2021-07-01,1868.0,1099.39208984375
xgboost,2021-08-01,1415.0,1383.5223388671875
xgboost,2021-09-01,584.0,1372.3856201171875
xgboost,2021-10-01,428.0,1025.8778076171875
xgboost,2021-11-01,204.0,1276.7686767578125
xgboost,2021-12-01,90.0,852.1851196289062
xgboost,2022-01-01,152.0,520.7869262695312
xgboost,2021-03-01,376.0,517.6854248046875
xgboost,2021-04-01,985.0,311.2920227050781
xgboost,2021-05-01,4061.0,669.1372680664062
xgboost,2021-06-01,2800.0,961.87890625
xgboost,2021-07-01,1868.0,993.060302734375
xgboost,2021-08-01,1415.0,1168.716796875
xgboost,2021-09-01,584.0,1236.24169921875
xgboost,2021-10-01,428.0,990.2158203125
xgboost,2021-11-01,204.0,1237.8203125
xgboost,2021-12-01,90.0,920.6746215820312
xgboost,2022-01-01,152.0,693.2055053710938
xgboost,2022-02-01,137.0,448.640869140625
xgboost,2021-04-01,985.0,302.80535888671875
xgboost,2021-05-01,4061.0,552.410888671875
xgboost,2021-06-01,2800.0,630.5174560546875
xgboost,2021-07-01,1868.0,872.732666015625
xgboost,2021-08-01,1415.0,1199.2384033203125
xgboost,2021-09-01,584.0,1251.1025390625
xgboost,2021-10-01,428.0,1000.0819702148438
xgboost,2021-11-01,204.0,1236.707763671875
xgboost,2021-12-01,90.0,924.6752319335938
xgboost,2022-01-01,152.0,640.6417236328125
xgboost,2022-02-01,137.0,461.88494873046875
xgboost,2022-03-01,205.0,316.0444030761719
xgboost,2021-05-01,4061.0,1360.2330322265625
xgboost,2021-06-01,2800.0,1149.1573486328125
xgboost,2021-07-01,1868.0,1069.1658935546875
xgboost,2021-08-01,1415.0,1199.3380126953125
xgboost,2021-09-01,584.0,1248.639404296875
xgboost,2021-10-01,428.0,968.7630004882812
xgboost,2021-11-01,204.0,992.1392211914062
xgboost,2021-12-01,90.0,1095.449951171875
xgboost,2022-01-01,152.0,1104.125244140625
xgboost,2022-02-01,137.0,1013.6773681640625
xgboost,2022-03-01,205.0,1326.8035888671875
xgboost,2022-04-01,317.0,1416.14404296875
xgboost,2021-06-01,2800.0,5210.79541015625
xgboost,2021-07-01,1868.0,6136.04150390625
xgboost,2021-08-01,1415.0,5967.21923828125
xgboost,2021-09-01,584.0,1738.4208984375
xgboost,2021-10-01,428.0,1832.8436279296875
xgboost,2021-11-01,204.0,1961.03125
xgboost,2021-12-01,90.0,1959.900390625
xgboost,2022-01-01,152.0,5192.8818359375
xgboost,2022-02-01,137.0,3908.939697265625
xgboost,2022-03-01,205.0,5401.607421875
xgboost,2022-04-01,317.0,5320.3603515625
xgboost,2022-05-01,533.0,2743.9619140625
xgboost,2021-07-01,1868.0,5454.31982421875
xgboost,2021-08-01,1415.0,4664.77880859375
xgboost,2021-09-01,584.0,2769.923583984375
xgboost,2021-10-01,428.0,3902.337646484375
xgboost,2021-11-01,204.0,3933.8291015625
xgboost,2021-12-01,90.0,3860.015380859375
xgboost,2022-01-01,152.0,3770.917724609375
xgboost,2022-02-01,137.0,2175.34130859375
xgboost,2022-03-01,205.0,2171.85693359375
xgboost,2022-04-01,317.0,1985.729248046875
xgboost,2022-05-01,533.0,2523.650146484375
xgboost,2022-06-01,493.0,7444.65869140625
xgboost,2021-08-01,1415.0,4713.07568359375
xgboost,2021-09-01,584.0,3136.65771484375
xgboost,2021-10-01,428.0,3919.2890625
xgboost,2021-11-01,204.0,4910.12255859375
xgboost,2021-12-01,90.0,3305.18408203125
xgboost,2022-01-01,152.0,3602.804931640625
xgboost,2022-02-01,137.0,2070.833984375
xgboost,2022-03-01,205.0,2122.07275390625
xgboost,2022-04-01,317.0,1924.322021484375
xgboost,2022-05-01,533.0,2464.533447265625
xgboost,2022-06-01,493.0,7049.46630859375
xgboost,2022-07-01,618.0,3973.69873046875
xgboost,2021-09-01,584.0,1084.3765869140625
xgboost,2021-10-01,428.0,1091.182861328125
xgboost,2021-11-01,204.0,1063.9932861328125
xgboost,2021-12-01,90.0,928.4264526367188
xgboost,2022-01-01,152.0,3106.148193359375
xgboost,2022-02-01,137.0,4086.397216796875
xgboost,2022-03-01,205.0,6501.3955078125
xgboost,2022-04-01,317.0,5951.837890625
xgboost,2022-05-01,533.0,2004.7510986328125
xgboost,2022-06-01,493.0,2279.096923828125
xgboost,2022-07-01,618.0,1839.84423828125
xgboost,2022-08-01,476.0,2387.211669921875
xgboost,2021-10-01,428.0,246.60130310058594
xgboost,2021-11-01,204.0,233.28216552734375
xgboost,2021-12-01,90.0,253.0006866455078
xgboost,2022-01-01,152.0,3303.194580078125
xgboost,2022-02-01,137.0,3940.241943359375
xgboost,2022-03-01,205.0,6141.458984375
xgboost,2022-04-01,317.0,6514.1240234375
xgboost,2022-05-01,533.0,2374.171630859375
xgboost,2022-06-01,493.0,1755.32958984375
xgboost,2022-07-01,618.0,1920.4508056640625
xgboost,2022-08-01,476.0,1985.47412109375
xgboost,2022-09-01,268.0,3044.18408203125
xgboost,2021-11-01,204.0,330.9932861328125
xgboost,2021-12-01,90.0,351.0793151855469
xgboost,2022-01-01,152.0,3553.47021484375
xgboost,2022-02-01,137.0,4132.80419921875
xgboost,2022-03-01,205.0,6505.62841796875
xgboost,2022-04-01,317.0,5844.17529296875
xgboost,2022-05-01,533.0,1986.17333984375
xgboost,2022-06-01,493.0,2184.676025390625
xgboost,2022-07-01,618.0,1779.944091796875
xgboost,2022-08-01,476.0,2365.317626953125
xgboost,2022-09-01,268.0,3048.64599609375
xgboost,2022-10-01,283.0,3621.13427734375
xgboost,2021-12-01,90.0,253.39617919921875
xgboost,2022-01-01,152.0,3566.433837890625
xgboost,2022-02-01,137.0,4149.4140625
xgboost,2022-03-01,205.0,6493.0537109375
xgboost,2022-04-01,317.0,5856.0087890625
xgboost,2022-05-01,533.0,1979.0
xgboost,2022-06-01,493.0,2237.635498046875
xgboost,2022-07-01,618.0,1777.3712158203125
xgboost,2022-08-01,476.0,2277.496337890625
xgboost,2022-09-01,268.0,3026.358642578125
xgboost,2022-10-01,283.0,5115.84912109375
xgboost,2022-11-01,86.0,5714.83203125
xgboost,2022-01-01,152.0,2892.882080078125
xgboost,2022-02-01,137.0,4214.22216796875
xgboost,2022-03-01,205.0,6629.46728515625
xgboost,2022-04-01,317.0,5959.4365234375
xgboost,2022-05-01,533.0,1978.056640625
xgboost,2022-06-01,493.0,2243.41015625
xgboost,2022-07-01,618.0,1845.3497314453125
xgboost,2022-08-01,476.0,2325.899169921875
xgboost,2022-09-01,268.0,3058.12060546875
xgboost,2022-10-01,283.0,4723.669921875
xgboost,2022-11-01,86.0,5335.29150390625
xgboost,2022-12-01,67.0,4515.13525390625
xgboost,2022-02-01,137.0,331.134521484375
xgboost,2022-03-01,205.0,483.3912048339844
xgboost,2022-04-01,317.0,1133.5693359375
xgboost,2022-05-01,533.0,1262.2052001953125
xgboost,2022-06-01,493.0,1138.3817138671875
xgboost,2022-07-01,618.0,1243.059326171875
xgboost,2022-08-01,476.0,1116.490966796875
xgboost,2022-09-01,268.0,948.1699829101562
xgboost,2022-10-01,283.0,1007.0025634765625
xgboost,2022-11-01,86.0,1420.6453857421875
xgboost,2022-12-01,67.0,1611.1551513671875
xgboost,2023-01-01,346.0,3518.552001953125
xgboost,2022-03-01,205.0,500.8420715332031
xgboost,2022-04-01,317.0,1196.6986083984375
xgboost,2022-05-01,533.0,1332.3878173828125
xgboost,2022-06-01,493.0,1239.264892578125
xgboost,2022-07-01,618.0,1197.1163330078125
xgboost,2022-08-01,476.0,1018.5546875
xgboost,2022-09-01,268.0,1013.7076416015625
xgboost,2022-10-01,283.0,1100.568603515625
xgboost,2022-11-01,86.0,1366.7811279296875
xgboost,2022-12-01,67.0,1586.92529296875
xgboost,2023-01-01,346.0,3915.48974609375
xgboost,2023-02-01,335.0,3971.56689453125
xgboost,2022-04-01,317.0,978.8082885742188
xgboost,2022-05-01,533.0,943.1112060546875
xgboost,2022-06-01,493.0,1110.6016845703125
xgboost,2022-07-01,618.0,1182.53955078125
xgboost,2022-08-01,476.0,970.3211059570312
xgboost,2022-09-01,268.0,855.6726684570312
xgboost,2022-10-01,283.0,1103.1146240234375
xgboost,2022-11-01,86.0,1109.8067626953125
xgboost,2022-12-01,67.0,1340.115234375
xgboost,2023-01-01,346.0,3623.101806640625
xgboost,2023-02-01,335.0,5097.12548828125
xgboost,2023-03-01,825.0,4724.01123046875
xgboost,2022-05-01,533.0,613.4406127929688
xgboost,2022-06-01,493.0,838.5480346679688
xgboost,2022-07-01,618.0,861.1560668945312
xgboost,2022-08-01,476.0,773.5479125976562
xgboost,2022-09-01,268.0,646.4616088867188
xgboost,2022-10-01,283.0,1073.2967529296875
xgboost,2022-11-01,86.0,1045.5458984375
xgboost,2022-12-01,67.0,1335.8006591796875
xgboost,2023-01-01,346.0,3623.833740234375
xgboost,2023-02-01,335.0,4796.8388671875
xgboost,2023-03-01,825.0,4710.42138671875
xgboost,2023-04-01,641.0,4139.9794921875
xgboost,2022-06-01,493.0,697.9238891601562
xgboost,2022-07-01,618.0,822.1808471679688
xgboost,2022-08-01,476.0,734.4081420898438
xgboost,2022-09-01,268.0,595.329345703125
xgboost,2022-10-01,283.0,341.8098449707031
xgboost,2022-11-01,86.0,266.3031005859375
xgboost,2022-12-01,67.0,765.156982421875
xgboost,2023-01-01,346.0,3430.66796875
xgboost,2023-02-01,335.0,4830.3115234375
xgboost,2023-03-01,825.0,4900.64794921875
xgboost,2023-04-01,641.0,4168.24658203125
xgboost,2023-05-01,333.0,1763.3406982421875
xgboost,2022-07-01,618.0,624.8021240234375
xgboost,2022-08-01,476.0,650.7649536132812
xgboost,2022-09-01,268.0,631.5891723632812
xgboost,2022-10-01,283.0,1085.612548828125
xgboost,2022-11-01,86.0,1142.506103515625
xgboost,2022-12-01,67.0,1395.9241943359375
xgboost,2023-01-01,346.0,3648.974609375
xgboost,2023-02-01,335.0,4842.5712890625
xgboost,2023-03-01,825.0,4363.72412109375
xgboost,2023-04-01,641.0,3160.8125
xgboost,2023-05-01,333.0,2117.636474609375
xgboost,2023-06-01,251.0,2254.376953125
xgboost,2022-08-01,476.0,487.40380859375
xgboost,2022-09-01,268.0,357.20831298828125
xgboost,2022-10-01,283.0,289.227294921875
xgboost,2022-11-01,86.0,256.96588134765625
xgboost,2022-12-01,67.0,722.6055297851562
xgboost,2023-01-01,346.0,3491.6875
xgboost,2023-02-01,335.0,4793.138671875
xgboost,2023-03-01,825.0,4375.86669921875
xgboost,2023-04-01,641.0,3192.14990234375
xgboost,2023-05-01,333.0,2121.849365234375
xgboost,2023-06-01,251.0,2251.18017578125
xgboost,2023-07-01,484.0,2206.114013671875
xgboost,2022-09-01,268.0,330.15771484375
xgboost,2022-10-01,283.0,315.202392578125
xgboost,2022-11-01,86.0,450.2460632324219
xgboost,2022-12-01,67.0,842.676513671875
xgboost,2023-01-01,346.0,3457.044189453125
xgboost,2023-02-01,335.0,4815.751953125
xgboost,2023-03-01,825.0,4366.1533203125
xgboost,2023-04-01,641.0,3205.603515625
xgboost,2023-05-01,333.0,2129.187744140625
xgboost,2023-06-01,251.0,2219.019775390625
xgboost,2023-07-01,484.0,2233.3017578125
xgboost,2023-08-01,423.0,2234.500244140625
xgboost,2022-10-01,283.0,224.093994140625
xgboost,2022-11-01,86.0,279.8629150390625
xgboost,2022-12-01,67.0,815.2443237304688
xgboost,2023-01-01,346.0,3497.484619140625
xgboost,2023-02-01,335.0,4791.68359375
xgboost,2023-03-01,825.0,4366.49609375
xgboost,2023-04-01,641.0,2307.878662109375
xgboost,2023-05-01,333.0,1816.346435546875
xgboost,2023-06-01,251.0,2297.92333984375
xgboost,2023-07-01,484.0,2127.229736328125
xgboost,2023-08-01,423.0,3149.121337890625
xgboost,2023-09-01,351.0,4477.310546875
xgboost,2022-11-01,86.0,319.638671875
xgboost,2022-12-01,67.0,928.0616455078125
xgboost,2023-01-01,346.0,3485.86962890625
xgboost,2023-02-01,335.0,4728.54736328125
xgboost,2023-03-01,825.0,4374.1865234375
xgboost,2023-04-01,641.0,3186.44921875
xgboost,2023-05-01,333.0,2128.031005859375
xgboost,2023-06-01,251.0,2233.52685546875
xgboost,2023-07-01,484.0,2210.882080078125
xgboost,2023-08-01,423.0,2194.1630859375
xgboost,2023-09-01,351.0,3037.768798828125
xgboost,2023-10-01,394.0,4952.88037109375
xgboost,2022-12-01,67.0,786.4515991210938
xgboost,2023-01-01,346.0,3529.027587890625
xgboost,2023-02-01,335.0,4689.158203125
xgboost,2023-03-01,825.0,4369.7587890625
xgboost,2023-04-01,641.0,3192.716064453125
xgboost,2023-05-01,333.0,2123.231201171875
xgboost,2023-06-01,251.0,2211.752197265625
xgboost,2023-07-01,484.0,2136.408447265625
xgboost,2023-08-01,423.0,2106.05419921875
xgboost,2023-09-01,351.0,3051.82861328125
xgboost,2023-10-01,394.0,5851.703125
xgboost,2023-11-01,220.0,5356.1279296875
xgboost,2023-01-01,346.0,2907.62451171875
xgboost,2023-02-01,335.0,4713.8271484375
xgboost,2023-03-01,825.0,4580.38720703125
xgboost,2023-04-01,641.0,3340.112060546875
xgboost,2023-05-01,333.0,2154.04248046875
xgboost,2023-06-01,251.0,2157.773193359375
xgboost,2023-07-01,484.0,2156.447998046875
xgboost,2023-08-01,423.0,2084.189697265625
xgboost,2023-09-01,351.0,2924.329833984375
xgboost,2023-10-01,394.0,4394.07275390625
xgboost,2023-11-01,220.0,6005.150390625
xgboost,2023-12-01,230.0,5576.7431640625
xgboost,2023-02-01,335.0,531.6326293945312
xgboost,2023-03-01,825.0,2066.4462890625
xgboost,2023-04-01,641.0,3222.767578125
xgboost,2023-05-01,333.0,4055.135009765625
xgboost,2023-06-01,251.0,2956.982177734375
xgboost,2023-07-01,484.0,2894.723388671875
xgboost,2023-08-01,423.0,3132.03759765625
xgboost,2023-09-01,351.0,3588.619384765625
xgboost,2023-10-01,394.0,3124.387939453125
xgboost,2023-11-01,220.0,3105.195068359375
xgboost,2023-12-01,230.0,1798.5545654296875
xgboost,2024-01-01,459.0,2584.0859375
xgboost,2023-03-01,825.0,2005.702880859375
xgboost,2023-04-01,641.0,3186.8681640625
xgboost,2023-05-01,333.0,4389.74365234375
xgboost,2023-06-01,251.0,2670.476806640625
xgboost,2023-07-01,484.0,2918.552734375
xgboost,2023-08-01,423.0,2759.1494140625
xgboost,2023-09-01,351.0,3408.011474609375
xgboost,2023-10-01,394.0,5110.685546875
xgboost,2023-11-01,220.0,2890.537841796875
xgboost,2023-12-01,230.0,1965.8837890625
xgboost,2024-01-01,459.0,2020.4398193359375
xgboost,2024-02-01,2445.0,2214.263671875
xgboost,2023-04-01,641.0,732.5046997070312
xgboost,2023-05-01,333.0,814.2295532226562
xgboost,2023-06-01,251.0,768.9133911132812
xgboost,2023-07-01,484.0,760.9127197265625
xgboost,2023-08-01,423.0,733.9596557617188
xgboost,2023-09-01,351.0,594.7272338867188
xgboost,2023-10-01,394.0,545.792724609375
xgboost,2023-11-01,220.0,272.27471923828125
xgboost,2023-12-01,230.0,1829.6497802734375
xgboost,2024-01-01,459.0,4470.17578125
xgboost,2024-02-01,2445.0,5611.7373046875
xgboost,2024-03-01,3856.0,6500.17236328125
xgboost,2023-05-01,333.0,709.7879638671875
xgboost,2023-06-01,251.0,735.7139282226562
xgboost,2023-07-01,484.0,694.6702270507812
xgboost,2023-08-01,423.0,687.4952392578125
xgboost,2023-09-01,351.0,638.3837890625
xgboost,2023-10-01,394.0,1143.2999267578125
xgboost,2023-11-01,220.0,1326.6600341796875
xgboost,2023-12-01,230.0,2731.191162109375
xgboost,2024-01-01,459.0,5032.6162109375
xgboost,2024-02-01,2445.0,5689.9140625
xgboost,2024-03-01,3856.0,6496.1259765625
xgboost,2024-04-01,2008.0,2017.33642578125
xgboost,2023-06-01,251.0,260.52081298828125
xgboost,2023-07-01,484.0,510.16302490234375
xgboost,2023-08-01,423.0,304.4084777832031
xgboost,2023-09-01,351.0,261.4417419433594
xgboost,2023-10-01,394.0,333.536376953125
xgboost,2023-11-01,220.0,342.4139709472656
xgboost,2023-12-01,230.0,2028.583251953125
xgboost,2024-01-01,459.0,5233.3798828125
xgboost,2024-02-01,2445.0,5383.673828125
xgboost,2024-03-01,3856.0,4268.76220703125
xgboost,2024-04-01,2008.0,4105.55517578125
xgboost,2024-05-01,1335.0,2834.999267578125
xgboost,2023-07-01,484.0,423.9320373535156
xgboost,2023-08-01,423.0,302.142333984375
xgboost,2023-09-01,351.0,303.065185546875
xgboost,2023-10-01,394.0,424.0750732421875
xgboost,2023-11-01,220.0,381.3597106933594
xgboost,2023-12-01,230.0,1864.65380859375
xgboost,2024-01-01,459.0,4492.88427734375
xgboost,2024-02-01,2445.0,5308.95947265625
xgboost,2024-03-01,3856.0,4319.318359375
xgboost,2024-04-01,2008.0,4108.89990234375
xgboost,2024-05-01,1335.0,3358.602294921875
xgboost,2024-06-01,1623.0,1863.3980712890625
xgboost,2023-08-01,423.0,280.609619140625
xgboost,2023-09-01,351.0,353.7931823730469
xgboost,2023-10-01,394.0,531.5134887695312
xgboost,2023-11-01,220.0,382.24285888671875
xgboost,2023-12-01,230.0,2011.69384765625
xgboost,2024-01-01,459.0,5265.53076171875
xgboost,2024-02-01,2445.0,5287.595703125
xgboost,2024-03-01,3856.0,4317.14501953125
xgboost,2024-04-01,2008.0,4109.42529296875
xgboost,2024-05-01,1335.0,3030.08056640625
xgboost,2024-06-01,1623.0,1870.6143798828125
xgboost,2024-07-01,806.0,1612.38916015625
xgboost,2023-09-01,351.0,316.4812927246094
xgboost,2023-10-01,394.0,428.8992919921875
xgboost,2023-11-01,220.0,350.9754638671875
xgboost,2023-12-01,230.0,1962.1861572265625
xgboost,2024-01-01,459.0,5243.16162109375
xgboost,2024-02-01,2445.0,5280.94873046875
xgboost,2024-03-01,3856.0,4333.1513671875
xgboost,2024-04-01,2008.0,4109.95458984375
xgboost,2024-05-01,1335.0,3098.90625
xgboost,2024-06-01,1623.0,1863.33251953125
xgboost,2024-07-01,806.0,1614.447265625
xgboost,2024-08-01,607.0,1898.8984375
xgboost,2023-10-01,394.0,472.3773193359375
xgboost,2023-11-01,220.0,383.874755859375
xgboost,2023-12-01,230.0,1816.3555908203125
xgboost,2024-01-01,459.0,5134.63134765625
xgboost,2024-02-01,2445.0,5279.974609375
xgboost,2024-03-01,3856.0,4400.30517578125
xgboost,2024-04-01,2008.0,3814.897705078125
xgboost,2024-05-01,1335.0,3211.296142578125
xgboost,2024-06-01,1623.0,1839.4273681640625
xgboost,2024-07-01,806.0,1567.0714111328125
xgboost,2024-08-01,607.0,1010.0606689453125
xgboost,2024-09-01,592.0,911.3670654296875
xgboost,2023-11-01,220.0,472.72088623046875
xgboost,2023-12-01,230.0,2039.0137939453125
xgboost,2024-01-01,459.0,5855.60791015625
xgboost,2024-02-01,2445.0,5304.4443359375
xgboost,2024-03-01,3856.0,4394.734375
xgboost,2024-04-01,2008.0,3793.90966796875
xgboost,2024-05-01,1335.0,3363.376953125
xgboost,2024-06-01,1623.0,1842.6826171875
xgboost,2024-07-01,806.0,1647.991943359375
xgboost,2024-08-01,607.0,2118.8486328125
xgboost,2024-09-01,592.0,2039.338623046875
xgboost,2024-10-01,616.0,5316.37890625
xgboost,2023-12-01,230.0,1464.5504150390625
xgboost,2024-01-01,459.0,3938.393310546875
xgboost,2024-02-01,2445.0,5264.056640625
xgboost,2024-03-01,3856.0,4443.10009765625
xgboost,2024-04-01,2008.0,4369.1259765625
xgboost,2024-05-01,1335.0,3280.9697265625
xgboost,2024-06-01,1623.0,1864.6044921875
xgboost,2024-07-01,806.0,1631.5850830078125
xgboost,2024-08-01,607.0,2004.11767578125
xgboost,2024-09-01,592.0,1655.2564697265625
xgboost,2024-10-01,616.0,4112.1435546875
xgboost,2024-11-01,636.0,5192.9013671875
xgboost,2024-01-01,459.0,906.1631469726562
xgboost,2024-02-01,2445.0,685.2403564453125
xgboost,2024-03-01,3856.0,686.8999633789062
xgboost,2024-04-01,2008.0,441.9143371582031
xgboost,2024-05-01,1335.0,391.0518493652344
xgboost,2024-06-01,1623.0,307.9875793457031
xgboost,2024-07-01,806.0,302.7525939941406
xgboost,2024-08-01,607.0,224.7133026123047
xgboost,2024-09-01,592.0,166.13070678710938
xgboost,2024-10-01,616.0,200.47276306152344
xgboost,2024-11-01,636.0,183.08663940429688
xgboost,2024-12-01,500.0,292.4208068847656
catboost,2014-01-01,219.0,530.7462256255327
catboost,2014-02-01,239.0,766.7010566504204
catboost,2014-03-01,317.0,797.7475072563223
catboost,2014-04-01,307.0,774.1433083349181
catboost,2014-05-01,524.0,718.2340566717223
catboost,2014-06-01,539.0,631.5558070138574
catboost,2014-07-01,331.0,594.6732342619014
catboost,2014-08-01,290.0,571.2792715853705
catboost,2014-09-01,246.0,639.4739442744598
catboost,2014-10-01,269.0,642.6754365469976
catboost,2014-11-01,559.0,701.32618259633
catboost,2014-12-01,624.0,677.1460028228332
catboost,2014-02-01,239.0,448.0274246665107
catboost,2014-03-01,317.0,583.0274829114048
catboost,2014-04-01,307.0,649.6318175728072
catboost,2014-05-01,524.0,654.9425597726888
catboost,2014-06-01,539.0,642.1165414579725
catboost,2014-07-01,331.0,588.7734918601951
catboost,2014-08-01,290.0,575.5160189428079
catboost,2014-09-01,246.0,616.4127374696575
catboost,2014-10-01,269.0,609.3147369869503
catboost,2014-11-01,559.0,579.6114911609486
catboost,2014-12-01,624.0,602.1190353537294
catboost,2015-01-01,1909.0,622.79034071331
catboost,2014-03-01,317.0,441.1798714753765
catboost,2014-04-01,307.0,496.265493861347
catboost,2014-05-01,524.0,561.3534288101839
catboost,2014-06-01,539.0,544.8594004598363
catboost,2014-07-01,331.0,507.4164450304432
catboost,2014-08-01,290.0,510.84670856903074
catboost,2014-09-01,246.0,494.8483854960144
catboost,2014-10-01,269.0,495.52756856405915
catboost,2014-11-01,559.0,478.65417396058217
catboost,2014-12-01,624.0,466.97728322069383
catboost,2015-01-01,1909.0,494.19081141630636
catboost,2015-02-01,2671.0,497.3126521034629
catboost,2014-04-01,307.0,486.8766960078729
catboost,2014-05-01,524.0,581.964673918218
catboost,2014-06-01,539.0,549.5611759887063
catboost,2014-07-01,331.0,555.0519755333879
catboost,2014-08-01,290.0,551.0007998605926
catboost,2014-09-01,246.0,548.4392777140905
catboost,2014-10-01,269.0,523.1047177596054
catboost,2014-11-01,559.0,540.316427958568
catboost,2014-12-01,624.0,578.5805079483318
catboost,2015-01-01,1909.0,586.5688501192765
catboost,2015-02-01,2671.0,555.1595786683881
catboost,2015-03-01,8504.0,517.6396374312819
catboost,2014-05-01,524.0,409.44657684370287
catboost,2014-06-01,539.0,434.3041523805322
catboost,2014-07-01,331.0,422.23712011790457
catboost,2014-08-01,290.0,481.1667597983731
catboost,2014-09-01,246.0,544.0428763030861
catboost,2014-10-01,269.0,537.3060745312737
catboost,2014-11-01,559.0,484.6330922285304
catboost,2014-12-01,624.0,467.6271545056042
catboost,2015-01-01,1909.0,464.55195340180904
catboost,2015-02-01,2671.0,415.96906884539027
catboost,2015-03-01,8504.0,385.8951000778229
catboost,2015-04-01,6009.0,405.30891773264744
catboost,2014-06-01,539.0,519.7386150420397
catboost,2014-07-01,331.0,500.9390850523906
catboost,2014-08-01,290.0,532.145426775489
catboost,2014-09-01,246.0,493.05447846263064
catboost,2014-10-01,269.0,483.05581454198807
catboost,2014-11-01,559.0,455.6091423617203
catboost,2014-12-01,624.0,420.4027465205135
catboost,2015-01-01,1909.0,426.69004677236563
catboost,2015-02-01,2671.0,413.01099346608817
catboost,2015-03-01,8504.0,403.8909653386378
catboost,2015-04-01,6009.0,446.3674641512468
catboost,2015-05-01,3454.0,449.29052165582607
catboost,2014-07-01,331.0,536.9068444922005
catboost,2014-08-01,290.0,546.9197735167287
catboost,2014-09-01,246.0,551.8426143566755
catboost,2014-10-01,269.0,531.9312895732098
catboost,2014-11-01,559.0,480.45355387235105
catboost,2014-12-01,624.0,464.3036603399306
catboost,2015-01-01,1909.0,467.98645861604086
catboost,2015-02-01,2671.0,444.6981904753708
catboost,2015-03-01,8504.0,431.1361244199887
catboost,2015-04-01,6009.0,434.3929382513315
catboost,2015-05-01,3454.0,459.9507423593205
catboost,2015-06-01,1852.0,469.44316951264966
catboost,2014-08-01,290.0,423.7019098908676
catboost,2014-09-01,246.0,466.6444390913251
catboost,2014-10-01,269.0,448.55160420542916
catboost,2014-11-01,559.0,422.2769507481952
catboost,2014-12-01,624.0,439.8445144596015
catboost,2015-01-01,1909.0,455.20512001125957
catboost,2015-02-01,2671.0,443.64658805544747
catboost,2015-03-01,8504.0,402.53562385449817
catboost,2015-04-01,6009.0,395.58275024226
catboost,2015-05-01,3454.0,404.66243327162226
catboost,2015-06-01,1852.0,426.9766007587145
catboost,2015-07-01,1579.0,448.08882465256426
catboost,2014-09-01,246.0,383.05858794314526
catboost,2014-10-01,269.0,375.49915535435514
catboost,2014-11-01,559.0,370.0059120731716
catboost,2014-12-01,624.0,379.4360290489606
catboost,2015-01-01,1909.0,420.74775504497455
catboost,2015-02-01,2671.0,392.0767636499172
catboost,2015-03-01,8504.0,399.75304744556644
catboost,2015-04-01,6009.0,409.5856960553257
catboost,2015-05-01,3454.0,390.41791693947926
catboost,2015-06-01,1852.0,388.70069748352563
catboost,2015-07-01,1579.0,417.8134125905454
catboost,2015-08-01,2407.0,401.703271653003
catboost,2014-10-01,269.0,294.63088036063573
catboost,2014-11-01,559.0,298.42000952567344
catboost,2014-12-01,624.0,284.3197402154998
catboost,2015-01-01,1909.0,321.042535649561
catboost,2015-02-01,2671.0,343.46495594393593
catboost,2015-03-01,8504.0,329.0056191266542
catboost,2015-04-01,6009.0,356.3962036324882
catboost,2015-05-01,3454.0,343.9924994809754
catboost,2015-06-01,1852.0,355.59650054240296
catboost,2015-07-01,1579.0,380.5877422243681
catboost,2015-08-01,2407.0,389.23410450409636
catboost,2015-09-01,1575.0,334.1276408212507
catboost,2014-11-01,559.0,271.92737290996547
catboost,2014-12-01,624.0,296.952354335831
catboost,2015-01-01,1909.0,339.9596634111798
catboost,2015-02-01,2671.0,346.06462207760524
catboost,2015-03-01,8504.0,362.9286764043804
catboost,2015-04-01,6009.0,366.1193473499258
catboost,2015-05-01,3454.0,357.20607393598516
catboost,2015-06-01,1852.0,341.4565234790256
catboost,2015-07-01,1579.0,393.5903694259121
catboost,2015-08-01,2407.0,365.7079904957457
catboost,2015-09-01,1575.0,313.5116000677317
catboost,2015-10-01,2422.0,350.57891769257213
catboost,2014-12-01,624.0,459.8263892019774
catboost,2015-01-01,1909.0,446.21870458258786
catboost,2015-02-01,2671.0,396.55212311322845
catboost,2015-03-01,8504.0,361.5620108872922
catboost,2015-04-01,6009.0,375.3706176581003
catboost,2015-05-01,3454.0,365.74116084702007
catboost,2015-06-01,1852.0,374.1372908252379
catboost,2015-07-01,1579.0,374.6952126838517
catboost,2015-08-01,2407.0,364.1140194215115
catboost,2015-09-01,1575.0,346.26346419510776
catboost,2015-10-01,2422.0,343.1494731835491
catboost,2015-11-01,5563.0,363.7176033411108
catboost,2015-01-01,1909.0,530.2205248591246
catboost,2015-02-01,2671.0,463.039096407693
catboost,2015-03-01,8504.0,412.3032512434645
catboost,2015-04-01,6009.0,433.74772962265183
catboost,2015-05-01,3454.0,429.27761642394864
catboost,2015-06-01,1852.0,429.88479064730876
catboost,2015-07-01,1579.0,459.7804776690867
catboost,2015-08-01,2407.0,424.99120500778116
catboost,2015-09-01,1575.0,401.32775471308963
catboost,2015-10-01,2422.0,416.75972416256724
catboost,2015-11-01,5563.0,451.22689623666605
catboost,2015-12-01,3416.0,469.3097331545375
catboost,2015-02-01,2671.0,1220.789306360477
catboost,2015-03-01,8504.0,1336.0161943803146
catboost,2015-04-01,6009.0,1217.963604875115
catboost,2015-05-01,3454.0,1279.0155100151105
catboost,2015-06-01,1852.0,1190.6895278902136
catboost,2015-07-01,1579.0,1127.3102265316547
catboost,2015-08-01,2407.0,1229.6521453705866
catboost,2015-09-01,1575.0,1156.3515298764369
catboost,2015-10-01,2422.0,1366.4214030408957
catboost,2015-11-01,5563.0,1469.6409543486807
catboost,2015-12-01,3416.0,1651.0580623890978
catboost,2016-01-01,7561.0,1756.3147811451718
catboost,2015-03-01,8504.0,2177.049071059472
catboost,2015-04-01,6009.0,2123.1463226342994
catboost,2015-05-01,3454.0,2070.0016575724303
catboost,2015-06-01,1852.0,2035.8477554755307
catboost,2015-07-01,1579.0,1949.856956538146
catboost,2015-08-01,2407.0,1816.9367794530272
catboost,2015-09-01,1575.0,1770.111141284337
catboost,2015-10-01,2422.0,1923.5337386675296
catboost,2015-11-01,5563.0,2152.0239205363687
catboost,2015-12-01,3416.0,2183.6161459460523
catboost,2016-01-01,7561.0,2018.390724456343
catboost,2016-02-01,6961.0,1717.7876612234058
catboost,2015-04-01,6009.0,4867.872024984899
catboost,2015-05-01,3454.0,4173.1159477812
catboost,2015-06-01,1852.0,3324.7528279974804
catboost,2015-07-01,1579.0,2845.66933008304
catboost,2015-08-01,2407.0,2287.1810182735453
catboost,2015-09-01,1575.0,2365.2785781147722
catboost,2015-10-01,2422.0,2444.9847416971643
catboost,2015-11-01,5563.0,2569.854428048493
catboost,2015-12-01,3416.0,2303.8812897122853
catboost,2016-01-01,7561.0,2158.8957396751803
catboost,2016-02-01,6961.0,1716.3202958961756
catboost,2016-03-01,3134.0,1383.126051638413
catboost,2015-05-01,3454.0,4469.429373981144
catboost,2015-06-01,1852.0,3691.8373309151093
catboost,2015-07-01,1579.0,3198.6730805820293
catboost,2015-08-01,2407.0,2807.896054785803
catboost,2015-09-01,1575.0,2734.509482884161
catboost,2015-10-01,2422.0,2897.045734667875
catboost,2015-11-01,5563.0,2594.9929731485254
catboost,2015-12-01,3416.0,2551.5948977584208
catboost,2016-01-01,7561.0,2267.7657827742996
catboost,2016-02-01,6961.0,1787.4512936478168
catboost,2016-03-01,3134.0,1582.8032817575727
catboost,2016-04-01,1931.0,1500.1925733702
catboost,2015-06-01,1852.0,3255.6945466061525
catboost,2015-07-01,1579.0,2788.9450281005666
catboost,2015-08-01,2407.0,2751.066219844858
catboost,2015-09-01,1575.0,2627.5851032371434
catboost,2015-10-01,2422.0,2787.6429069336
catboost,2015-11-01,5563.0,2559.335893016113
catboost,2015-12-01,3416.0,2555.194104875942
catboost,2016-01-01,7561.0,2353.5560378695254
catboost,2016-02-01,6961.0,2028.0155563780304
catboost,2016-03-01,3134.0,1767.7840118705185
catboost,2016-04-01,1931.0,1581.1306083939264
catboost,2016-05-01,1520.0,1532.8709119313435
catboost,2015-07-01,1579.0,2072.6953732670313
catboost,2015-08-01,2407.0,2006.9640084328048
catboost,2015-09-01,1575.0,2218.1446888220803
catboost,2015-10-01,2422.0,2508.5382275663274
catboost,2015-11-01,5563.0,2615.4033072260245
catboost,2015-12-01,3416.0,2564.555459964865
catboost,2016-01-01,7561.0,2187.4903935273633
catboost,2016-02-01,6961.0,1763.8845078300296
catboost,2016-03-01,3134.0,1527.841611647107
catboost,2016-04-01,1931.0,1540.7497725767043
catboost,2016-05-01,1520.0,1530.9955018697908
catboost,2016-06-01,947.0,1617.351785708743
catboost,2015-08-01,2407.0,1819.8436148364754
catboost,2015-09-01,1575.0,1989.8766431113654
catboost,2015-10-01,2422.0,2619.34686122114
catboost,2015-11-01,5563.0,2694.9487750943367
catboost,2015-12-01,3416.0,2641.9783843024225
catboost,2016-01-01,7561.0,2270.863881584549
catboost,2016-02-01,6961.0,1976.7869844830375
catboost,2016-03-01,3134.0,1799.8865451305935
catboost,2016-04-01,1931.0,1497.8437947967143
catboost,2016-05-01,1520.0,1143.4260120073727
catboost,2016-06-01,947.0,1113.1411006042044
catboost,2016-07-01,631.0,865.1476796596571
catboost,2015-09-01,1575.0,2422.546172433993
catboost,2015-10-01,2422.0,2528.5668719467303
catboost,2015-11-01,5563.0,2402.886774462794
catboost,2015-12-01,3416.0,2418.7348467896663
catboost,2016-01-01,7561.0,2166.2066873068757
catboost,2016-02-01,6961.0,1780.05621192507
catboost,2016-03-01,3134.0,1585.89715600985
catboost,2016-04-01,1931.0,1412.4933953136638
catboost,2016-05-01,1520.0,1250.7675725790082
catboost,2016-06-01,947.0,900.3318943956739
catboost,2016-07-01,631.0,681.9632234705253
catboost,2016-08-01,434.0,485.1299268495351
catboost,2015-10-01,2422.0,1981.727365164989
catboost,2015-11-01,5563.0,2328.44915614435
catboost,2015-12-01,3416.0,2419.967930370185
catboost,2016-01-01,7561.0,2177.6099138736436
catboost,2016-02-01,6961.0,1850.4730799647923
catboost,2016-03-01,3134.0,1541.7318162464237
catboost,2016-04-01,1931.0,1296.1088038662622
catboost,2016-05-01,1520.0,917.1280354692396
catboost,2016-06-01,947.0,714.394918103417
catboost,2016-07-01,631.0,537.8400802915801
catboost,2016-08-01,434.0,440.5075840488844
catboost,2016-09-01,341.0,462.7796755729529
catboost,2015-11-01,5563.0,2407.33613475739
catboost,2015-12-01,3416.0,2332.494060395171
catboost,2016-01-01,7561.0,2267.0144739956704
catboost,2016-02-01,6961.0,2015.545133251539
catboost,2016-03-01,3134.0,1751.4689970952954
catboost,2016-04-01,1931.0,1661.527322455888
catboost,2016-05-01,1520.0,1430.680625329754
catboost,2016-06-01,947.0,1321.900085937157
catboost,2016-07-01,631.0,1033.781409463989
catboost,2016-08-01,434.0,851.8765996864809
catboost,2016-09-01,341.0,835.8090070799419
catboost,2016-10-01,389.0,806.9697323202981
catboost,2015-12-01,3416.0,3514.6620797121877
catboost,2016-01-01,7561.0,3039.4177659589172
catboost,2016-02-01,6961.0,2306.5606548403885
catboost,2016-03-01,3134.0,1773.6839131886272
catboost,2016-04-01,1931.0,1702.7832393434428
catboost,2016-05-01,1520.0,1545.6616636818967
catboost,2016-06-01,947.0,1341.6349514330216
catboost,2016-07-01,631.0,1132.9268140672043
catboost,2016-08-01,434.0,1129.8670045641643
catboost,2016-09-01,341.0,937.5592206797323
catboost,2016-10-01,389.0,903.2810742094607
catboost,2016-11-01,268.0,721.7883079480234
catboost,2016-01-01,7561.0,2956.8790584450308
catboost,2016-02-01,6961.0,2372.07874806225
catboost,2016-03-01,3134.0,1885.5715384241062
catboost,2016-04-01,1931.0,1780.3667014508196
catboost,2016-05-01,1520.0,1477.243998250842
catboost,2016-06-01,947.0,1344.4753780944484
catboost,2016-07-01,631.0,1063.802832399424
catboost,2016-08-01,434.0,1058.032661097094
catboost,2016-09-01,341.0,913.8452144772235
catboost,2016-10-01,389.0,881.3095520438725
catboost,2016-11-01,268.0,709.0263600988037
catboost,2016-12-01,604.0,667.1308229295228
catboost,2016-02-01,6961.0,2954.7189280135094
catboost,2016-03-01,3134.0,2691.047524078078
catboost,2016-04-01,1931.0,2362.053075145147
catboost,2016-05-01,1520.0,1826.897940520617
catboost,2016-06-01,947.0,1849.5286499027486
catboost,2016-07-01,631.0,1804.5802741688133
catboost,2016-08-01,434.0,1861.7646361227132
catboost,2016-09-01,341.0,2416.757653054829
catboost,2016-10-01,389.0,2657.956562041742
catboost,2016-11-01,268.0,2974.619984449424
catboost,2016-12-01,604.0,2540.8079411836084
catboost,2017-01-01,343.0,1742.0454017752336
catboost,2016-03-01,3134.0,3373.3018018819407
catboost,2016-04-01,1931.0,2914.289846493737
catboost,2016-05-01,1520.0,2471.4760887843863
catboost,2016-06-01,947.0,2311.1848489820973
catboost,2016-07-01,631.0,2293.98801220584
catboost,2016-08-01,434.0,2697.3395225266063
catboost,2016-09-01,341.0,3772.950445794278
catboost,2016-10-01,389.0,3119.421705255862
catboost,2016-11-01,268.0,3276.1648785122916
catboost,2016-12-01,604.0,2857.5687301130674
catboost,2017-01-01,343.0,2250.1115739056554
catboost,2017-02-01,366.0,1885.8614088955107
catboost,2016-04-01,1931.0,3005.008920172933
catboost,2016-05-01,1520.0,2702.377350563854
catboost,2016-06-01,947.0,2666.070128089081
catboost,2016-07-01,631.0,2852.4778379629993
catboost,2016-08-01,434.0,2929.8530048845905
catboost,2016-09-01,341.0,3493.0221677953004
catboost,2016-10-01,389.0,2794.688272366224
catboost,2016-11-01,268.0,3228.5395501990615
catboost,2016-12-01,604.0,2907.1746591981228
catboost,2017-01-01,343.0,2301.5493011818126
catboost,2017-02-01,366.0,1931.3464643553955
catboost,2017-03-01,458.0,2010.3288977054945
catboost,2016-05-01,1520.0,1664.5582705277125
catboost,2016-06-01,947.0,1616.5071451868753
catboost,2016-07-01,631.0,1702.1266233895024
catboost,2016-08-01,434.0,2066.8643329291735
catboost,2016-09-01,341.0,3128.02807467306
catboost,2016-10-01,389.0,2926.6975091263653
catboost,2016-11-01,268.0,3254.299700659078
catboost,2016-12-01,604.0,2845.492746094218
catboost,2017-01-01,343.0,2014.888723843876
catboost,2017-02-01,366.0,1711.7266787556264
catboost,2017-03-01,458.0,1604.3463035603363
catboost,2017-04-01,441.0,1560.6965708086439
catboost,2016-06-01,947.0,1289.9869074603944
catboost,2016-07-01,631.0,1186.8389070466446
catboost,2016-08-01,434.0,1273.829919462016
catboost,2016-09-01,341.0,1901.0657759347562
catboost,2016-10-01,389.0,1936.183997485512
catboost,2016-11-01,268.0,2595.795096782513
catboost,2016-12-01,604.0,3195.112012965978
catboost,2017-01-01,343.0,2317.1061009040986
catboost,2017-02-01,366.0,1864.2840849360487
catboost,2017-03-01,458.0,1415.0340033172147
catboost,2017-04-01,441.0,1323.3671252561458
catboost,2017-05-01,344.0,1139.329730749889
catboost,2016-07-01,631.0,981.7068779252581
catboost,2016-08-01,434.0,979.6521478657837
catboost,2016-09-01,341.0,1472.5396881823385
catboost,2016-10-01,389.0,1244.080181984292
catboost,2016-11-01,268.0,1790.337753407084
catboost,2016-12-01,604.0,2063.4450293521404
catboost,2017-01-01,343.0,2122.3778827694405
catboost,2017-02-01,366.0,2009.156781763335
catboost,2017-03-01,458.0,2058.109610678275
catboost,2017-04-01,441.0,1826.4870164908104
catboost,2017-05-01,344.0,1680.022455566635
catboost,2017-06-01,335.0,1506.9339413910695
catboost,2016-08-01,434.0,846.3807574226822
catboost,2016-09-01,341.0,1257.6069189840623
catboost,2016-10-01,389.0,1073.9961067169384
catboost,2016-11-01,268.0,1302.4786930187397
catboost,2016-12-01,604.0,1433.5161711912276
catboost,2017-01-01,343.0,1268.963072576661
catboost,2017-02-01,366.0,1181.7725705609214
catboost,2017-03-01,458.0,1202.7166874634413
catboost,2017-04-01,441.0,1127.1693343062263
catboost,2017-05-01,344.0,1102.079557059291
catboost,2017-06-01,335.0,1050.837362465366
catboost,2017-07-01,297.0,903.5744307768214
catboost,2016-09-01,341.0,839.0441010856424
catboost,2016-10-01,389.0,638.7871890512089
catboost,2016-11-01,268.0,981.1288373289087
catboost,2016-12-01,604.0,1202.2290867566273
catboost,2017-01-01,343.0,1007.5580201720704
catboost,2017-02-01,366.0,945.3096727124775
catboost,2017-03-01,458.0,795.1444532857671
catboost,2017-04-01,441.0,694.9957486292658
catboost,2017-05-01,344.0,564.3837798856821
catboost,2017-06-01,335.0,380.30521888587054
catboost,2017-07-01,297.0,420.2371313104584
catboost,2017-08-01,269.0,461.6928124495628
catboost,2016-10-01,389.0,425.4213608364041
catboost,2016-11-01,268.0,783.5557022879055
catboost,2016-12-01,604.0,998.0931340824064
catboost,2017-01-01,343.0,818.42593238806
catboost,2017-02-01,366.0,790.7571240783494
catboost,2017-03-01,458.0,667.1855487457251
catboost,2017-04-01,441.0,601.4201001979413
catboost,2017-05-01,344.0,591.6221106180062
catboost,2017-06-01,335.0,495.83993650866296
catboost,2017-07-01,297.0,491.9530894684933
catboost,2017-08-01,269.0,512.0167640937987
catboost,2017-09-01,271.0,539.0752325202754
catboost,2016-11-01,268.0,768.8602062722006
catboost,2016-12-01,604.0,1004.509687626784
catboost,2017-01-01,343.0,790.0924743470227
catboost,2017-02-01,366.0,771.9956585455217
catboost,2017-03-01,458.0,711.4705600810707
catboost,2017-04-01,441.0,729.2056054745632
catboost,2017-05-01,344.0,641.9844386548024
catboost,2017-06-01,335.0,580.6250741818149
catboost,2017-07-01,297.0,502.6223215054624
catboost,2017-08-01,269.0,477.8288258456887
catboost,2017-09-01,271.0,565.7632552080181
catboost,2017-10-01,252.0,487.689293038198
catboost,2016-12-01,604.0,540.389844077032
catboost,2017-01-01,343.0,532.3947009721549
catboost,2017-02-01,366.0,579.2333205947175
catboost,2017-03-01,458.0,605.2177518168435
catboost,2017-04-01,441.0,721.7694842043429
catboost,2017-05-01,344.0,669.2707525746262
catboost,2017-06-01,335.0,561.1321551042552
catboost,2017-07-01,297.0,430.35702325282455
catboost,2017-08-01,269.0,371.9556048689735
catboost,2017-09-01,271.0,379.48929073890326
catboost,2017-10-01,252.0,412.6799409975306
catboost,2017-11-01,152.0,508.4771486529248
catboost,2017-01-01,343.0,675.1519452885345
catboost,2017-02-01,366.0,667.6402265688596
catboost,2017-03-01,458.0,765.8688567624507
catboost,2017-04-01,441.0,652.1291968044704
catboost,2017-05-01,344.0,618.7043547830319
catboost,2017-06-01,335.0,596.8184888881883
catboost,2017-07-01,297.0,515.3347281205163
catboost,2017-08-01,269.0,360.19817354535485
catboost,2017-09-01,271.0,371.0622045169757
catboost,2017-10-01,252.0,435.4046325061727
catboost,2017-11-01,152.0,488.5280531627852
catboost,2017-12-01,203.0,534.9974142094561
catboost,2017-02-01,366.0,564.0345957064036
catboost,2017-03-01,458.0,586.1850332341135
catboost,2017-04-01,441.0,507.7438583141013
catboost,2017-05-01,344.0,466.76008807917015
catboost,2017-06-01,335.0,403.612194557428
catboost,2017-07-01,297.0,392.28961638292026
catboost,2017-08-01,269.0,312.1735862341445
catboost,2017-09-01,271.0,322.3735158370382
catboost,2017-10-01,252.0,313.60401818272044
catboost,2017-11-01,152.0,296.9561805666119
catboost,2017-12-01,203.0,259.1344011216456
catboost,2018-01-01,158.0,334.15545768373863
catboost,2017-03-01,458.0,531.789751572416
catboost,2017-04-01,441.0,505.3903065860727
catboost,2017-05-01,344.0,439.00268266922376
catboost,2017-06-01,335.0,365.48147404332303
catboost,2017-07-01,297.0,387.30447627057333
catboost,2017-08-01,269.0,369.485040501884
catboost,2017-09-01,271.0,414.5803888905125
catboost,2017-10-01,252.0,352.50250119054
catboost,2017-11-01,152.0,410.2977299789884
catboost,2017-12-01,203.0,439.23852274388264
catboost,2018-01-01,158.0,399.09852570577823
catboost,2018-02-01,240.0,524.8857548170632
catboost,2017-04-01,441.0,473.44650463700896
catboost,2017-05-01,344.0,457.05207924752585
catboost,2017-06-01,335.0,405.50173557765515
catboost,2017-07-01,297.0,369.75214290722056
catboost,2017-08-01,269.0,394.6110902695257
catboost,2017-09-01,271.0,389.0060652208381
catboost,2017-10-01,252.0,365.51724440896123
catboost,2017-11-01,152.0,354.0108453087355
catboost,2017-12-01,203.0,287.45813222916854
catboost,2018-01-01,158.0,369.54812730652316
catboost,2018-02-01,240.0,397.6009462994723
catboost,2018-03-01,311.0,545.7354020290579
catboost,2017-05-01,344.0,402.4614760620059
catboost,2017-06-01,335.0,363.8802830504685
catboost,2017-07-01,297.0,358.3697751172865
catboost,2017-08-01,269.0,383.7266735085309
catboost,2017-09-01,271.0,348.7825111177601
catboost,2017-10-01,252.0,380.1932640693358
catboost,2017-11-01,152.0,421.36111090191
catboost,2017-12-01,203.0,317.8633865659335
catboost,2018-01-01,158.0,445.6773274873592
catboost,2018-02-01,240.0,506.1557932158074
catboost,2018-03-01,311.0,480.80905634604346
catboost,2018-04-01,699.0,762.0951369651075
catboost,2017-06-01,335.0,378.3770871645147
catboost,2017-07-01,297.0,343.7387767700386
catboost,2017-08-01,269.0,348.372570579824
catboost,2017-09-01,271.0,385.292374403336
catboost,2017-10-01,252.0,359.37417491279484
catboost,2017-11-01,152.0,429.28109434916087
catboost,2017-12-01,203.0,411.55252702965595
catboost,2018-01-01,158.0,451.235896919223
catboost,2018-02-01,240.0,521.2170185068743
catboost,2018-03-01,311.0,536.7757993434478
catboost,2018-04-01,699.0,601.5038654357818
catboost,2018-05-01,515.0,679.9402779033386
catboost,2017-07-01,297.0,306.2240300351407
catboost,2017-08-01,269.0,311.1373330839706
catboost,2017-09-01,271.0,292.3655991657531
catboost,2017-10-01,252.0,296.1935067802285
catboost,2017-11-01,152.0,312.04623321188865
catboost,2017-12-01,203.0,264.9871854084861
catboost,2018-01-01,158.0,340.0843465613759
catboost,2018-02-01,240.0,410.60196423230764
catboost,2018-03-01,311.0,384.89539349886354
catboost,2018-04-01,699.0,506.7127742950595
catboost,2018-05-01,515.0,455.5134861777186
catboost,2018-06-01,402.0,444.3605405074501
catboost,2017-08-01,269.0,313.5922866246476
catboost,2017-09-01,271.0,309.29579232664355
catboost,2017-10-01,252.0,297.7289262551667
catboost,2017-11-01,152.0,237.53317033860685
catboost,2017-12-01,203.0,284.22422797999843
catboost,2018-01-01,158.0,394.20187142043255
catboost,2018-02-01,240.0,389.47619044409294
catboost,2018-03-01,311.0,467.2931277785267
catboost,2018-04-01,699.0,529.5557865420963
catboost,2018-05-01,515.0,634.8314633855664
catboost,2018-06-01,402.0,661.7488874664683
catboost,2018-07-01,476.0,688.9010793182395
catboost,2017-09-01,271.0,295.1142586928995
catboost,2017-10-01,252.0,288.17322721388337
catboost,2017-11-01,152.0,335.5069250242118
catboost,2017-12-01,203.0,284.41003244598437
catboost,2018-01-01,158.0,366.52711093564494
catboost,2018-02-01,240.0,403.0852628866387
catboost,2018-03-01,311.0,401.9757335646166
catboost,2018-04-01,699.0,651.0616473987974
catboost,2018-05-01,515.0,671.2894293366386
catboost,2018-06-01,402.0,747.1991624406631
catboost,2018-07-01,476.0,808.4499731259834
catboost,2018-08-01,294.0,994.776513898802
catboost,2017-10-01,252.0,275.5946731995791
catboost,2017-11-01,152.0,296.88086906436456
catboost,2017-12-01,203.0,282.5832656646767
catboost,2018-01-01,158.0,346.174847183107
catboost,2018-02-01,240.0,391.8033789084893
catboost,2018-03-01,311.0,420.19220693161185
catboost,2018-04-01,699.0,592.1034567133388
catboost,2018-05-01,515.0,613.4252507280457
catboost,2018-06-01,402.0,613.4000011369277
catboost,2018-07-01,476.0,736.3123137125161
catboost,2018-08-01,294.0,971.7791968796685
catboost,2018-09-01,325.0,1231.9201081345318
catboost,2017-11-01,152.0,251.7344874957637
catboost,2017-12-01,203.0,257.40956299694994
catboost,2018-01-01,158.0,363.8400868204317
catboost,2018-02-01,240.0,389.4887363501807
catboost,2018-03-01,311.0,473.7485037508919
catboost,2018-04-01,699.0,488.14558498726205
catboost,2018-05-01,515.0,481.1030269070377
catboost,2018-06-01,402.0,494.9490499166154
catboost,2018-07-01,476.0,427.87327925843704
catboost,2018-08-01,294.0,493.8401299944609
catboost,2018-09-01,325.0,457.75185102774697
catboost,2018-10-01,231.0,576.7848311909534
catboost,2017-12-01,203.0,252.4894212898996
catboost,2018-01-01,158.0,274.9095925407819
catboost,2018-02-01,240.0,356.9846984316548
catboost,2018-03-01,311.0,445.053086352911
catboost,2018-04-01,699.0,471.4903664624363
catboost,2018-05-01,515.0,435.05602885834605
catboost,2018-06-01,402.0,450.9721483367679
catboost,2018-07-01,476.0,358.8099017940244
catboost,2018-08-01,294.0,484.727865684065
catboost,2018-09-01,325.0,394.59144297076875
catboost,2018-10-01,231.0,524.1768324613697
catboost,2018-11-01,244.0,703.5140843366928
catboost,2018-01-01,158.0,311.5400273617306
catboost,2018-02-01,240.0,406.99217375955845
catboost,2018-03-01,311.0,391.9806384686061
catboost,2018-04-01,699.0,491.1335241929123
catboost,2018-05-01,515.0,448.6700539479101
catboost,2018-06-01,402.0,437.1490105988066
catboost,2018-07-01,476.0,361.63438963392593
catboost,2018-08-01,294.0,443.6927606658759
catboost,2018-09-01,325.0,406.7160358218673
catboost,2018-10-01,231.0,500.932293721668
catboost,2018-11-01,244.0,710.4834921460672
catboost,2018-12-01,273.0,1274.3342529840081
catboost,2018-02-01,240.0,279.37529510170543
catboost,2018-03-01,311.0,352.01720256868873
catboost,2018-04-01,699.0,460.6512232479081
catboost,2018-05-01,515.0,410.8669569519142
catboost,2018-06-01,402.0,426.41743907636896
catboost,2018-07-01,476.0,364.4029396015401
catboost,2018-08-01,294.0,445.0276518240289
catboost,2018-09-01,325.0,448.10695465689787
catboost,2018-10-01,231.0,555.0827886315151
catboost,2018-11-01,244.0,828.0253234185303
catboost,2018-12-01,273.0,1323.108694777789
catboost,2019-01-01,175.0,1986.040842349376
catboost,2018-03-01,311.0,295.4651510668159
catboost,2018-04-01,699.0,385.3470976992328
catboost,2018-05-01,515.0,322.81174430993826
catboost,2018-06-01,402.0,340.4472967257125
catboost,2018-07-01,476.0,280.07850330954716
catboost,2018-08-01,294.0,322.73231669566337
catboost,2018-09-01,325.0,273.9831608829238
catboost,2018-10-01,231.0,463.4992954024402
catboost,2018-11-01,244.0,568.772552109611
catboost,2018-12-01,273.0,833.0225236766212
catboost,2019-01-01,175.0,1441.2218328875138
catboost,2019-02-01,378.0,2353.251879277913
catboost,2018-04-01,699.0,448.4019793155079
catboost,2018-05-01,515.0,370.1089779737554
catboost,2018-06-01,402.0,448.5571948230314
catboost,2018-07-01,476.0,399.1622357151691
catboost,2018-08-01,294.0,415.66538309187956
catboost,2018-09-01,325.0,400.03607118505533
catboost,2018-10-01,231.0,548.5513778277511
catboost,2018-11-01,244.0,739.2405261175703
catboost,2018-12-01,273.0,1136.3376505844433
catboost,2019-01-01,175.0,2026.676234886002
catboost,2019-02-01,378.0,4641.294136336272
catboost,2019-03-01,675.0,6407.834214211724
catboost,2018-05-01,515.0,672.9400295284386
catboost,2018-06-01,402.0,820.0581598492306
catboost,2018-07-01,476.0,692.2933667806775
catboost,2018-08-01,294.0,715.9872365755803
catboost,2018-09-01,325.0,714.9865570349599
catboost,2018-10-01,231.0,870.0710492727458
catboost,2018-11-01,244.0,1043.44594415866
catboost,2018-12-01,273.0,1518.8201711268537
catboost,2019-01-01,175.0,2306.000820038935
catboost,2019-02-01,378.0,4818.38495259628
catboost,2019-03-01,675.0,5969.728273771679
catboost,2019-04-01,983.0,5301.76013041639
catboost,2018-06-01,402.0,534.6152664087033
catboost,2018-07-01,476.0,542.7483912338671
catboost,2018-08-01,294.0,494.0868161863083
catboost,2018-09-01,325.0,448.83700436210984
catboost,2018-10-01,231.0,510.6802791436206
catboost,2018-11-01,244.0,636.0168299495946
catboost,2018-12-01,273.0,957.9894460743026
catboost,2019-01-01,175.0,1662.9458020160405
catboost,2019-02-01,378.0,3399.722982163595
catboost,2019-03-01,675.0,6190.423380258173
catboost,2019-04-01,983.0,5335.9239425802025
catboost,2019-05-01,1336.0,4330.762099989443
catboost,2018-07-01,476.0,377.6821106687654
catboost,2018-08-01,294.0,361.00018080407597
catboost,2018-09-01,325.0,417.08218999190024
catboost,2018-10-01,231.0,512.6765683507554
catboost,2018-11-01,244.0,661.9200491850512
catboost,2018-12-01,273.0,1103.6619734234725
catboost,2019-01-01,175.0,2015.0699167357052
catboost,2019-02-01,378.0,4601.429445014839
catboost,2019-03-01,675.0,6273.206365412798
catboost,2019-04-01,983.0,5229.321585829821
catboost,2019-05-01,1336.0,3401.2174248578003
catboost,2019-06-01,1484.0,2560.6903423266162
catboost,2018-08-01,294.0,386.7273398732151
catboost,2018-09-01,325.0,442.1893721304956
catboost,2018-10-01,231.0,555.3569356837618
catboost,2018-11-01,244.0,654.4790256375657
catboost,2018-12-01,273.0,1162.8080895047742
catboost,2019-01-01,175.0,2236.1307384268002
catboost,2019-02-01,378.0,5062.865632923575
catboost,2019-03-01,675.0,6234.066982517026
catboost,2019-04-01,983.0,5173.58532706617
catboost,2019-05-01,1336.0,3420.299078499379
catboost,2019-06-01,1484.0,2635.445070823815
catboost,2019-07-01,1160.0,2309.2870921023564
catboost,2018-09-01,325.0,376.6677218886432
catboost,2018-10-01,231.0,443.1370721602857
catboost,2018-11-01,244.0,667.3822765864702
catboost,2018-12-01,273.0,1083.1212938153446
catboost,2019-01-01,175.0,1838.1926795900958
catboost,2019-02-01,378.0,3959.8664794472747
catboost,2019-03-01,675.0,6586.870837756336
catboost,2019-04-01,983.0,5189.625372466771
catboost,2019-05-01,1336.0,3527.2160322092705
catboost,2019-06-01,1484.0,2300.688409100135
catboost,2019-07-01,1160.0,2013.4466676522693
catboost,2019-08-01,1157.0,2032.5782291417293
catboost,2018-10-01,231.0,420.82922595843115
catboost,2018-11-01,244.0,587.8975030982706
catboost,2018-12-01,273.0,977.405680490366
catboost,2019-01-01,175.0,1847.4310170730996
catboost,2019-02-01,378.0,4059.241265450476
catboost,2019-03-01,675.0,6402.684368954801
catboost,2019-04-01,983.0,5178.46417012283
catboost,2019-05-01,1336.0,3659.503879977615
catboost,2019-06-01,1484.0,2446.9674421636573
catboost,2019-07-01,1160.0,2009.3338952688575
catboost,2019-08-01,1157.0,2086.169669409615
catboost,2019-09-01,1364.0,1944.2489592816805
catboost,2018-11-01,244.0,499.37817560271867
catboost,2018-12-01,273.0,798.6837567309101
catboost,2019-01-01,175.0,1474.9566318476056
catboost,2019-02-01,378.0,2202.9041163349207
catboost,2019-03-01,675.0,5063.875379610878
catboost,2019-04-01,983.0,5413.324652107715
catboost,2019-05-01,1336.0,4343.328196892914
catboost,2019-06-01,1484.0,2915.598642053107
catboost,2019-07-01,1160.0,2248.432602796798
catboost,2019-08-01,1157.0,1981.936475306955
catboost,2019-09-01,1364.0,1859.764573713253
catboost,2019-10-01,800.0,2045.4937403994795
catboost,2018-12-01,273.0,578.5225392138013
catboost,2019-01-01,175.0,1094.7563051188104
catboost,2019-02-01,378.0,1725.6699883456033
catboost,2019-03-01,675.0,3493.357754294977
catboost,2019-04-01,983.0,5646.484961881193
catboost,2019-05-01,1336.0,4984.735592779303
catboost,2019-06-01,1484.0,3355.1766577660374
catboost,2019-07-01,1160.0,1950.2326037541313
catboost,2019-08-01,1157.0,1926.5461532922673
catboost,2019-09-01,1364.0,1953.8004654097408
catboost,2019-10-01,800.0,2045.7646859741146
catboost,2019-11-01,496.0,3116.6746832377885
catboost,2019-01-01,175.0,801.0791706998023
catboost,2019-02-01,378.0,1257.7404343141309
catboost,2019-03-01,675.0,1828.0905047468027
catboost,2019-04-01,983.0,3500.8752982870933
catboost,2019-05-01,1336.0,4530.156214609642
catboost,2019-06-01,1484.0,3584.0006358571277
catboost,2019-07-01,1160.0,2614.017412103706
catboost,2019-08-01,1157.0,2001.3537100251738
catboost,2019-09-01,1364.0,1786.2934181016344
catboost,2019-10-01,800.0,1934.9886803374943
catboost,2019-11-01,496.0,2586.2636849493274
catboost,2019-12-01,297.0,3804.192421455988
catboost,2019-02-01,378.0,480.4095635482455
catboost,2019-03-01,675.0,750.7879863356151
catboost,2019-04-01,983.0,1273.1382966349793
catboost,2019-05-01,1336.0,1331.6592686401887
catboost,2019-06-01,1484.0,1342.8904892357657
catboost,2019-07-01,1160.0,1181.7873621923356
catboost,2019-08-01,1157.0,1226.8288914558386
catboost,2019-09-01,1364.0,1094.3812538355942
catboost,2019-10-01,800.0,1130.7188235364392
catboost,2019-11-01,496.0,1427.7437993924082
catboost,2019-12-01,297.0,2134.017811194827
catboost,2020-01-01,289.0,3981.8041968280654
catboost,2019-03-01,675.0,567.8421041175607
catboost,2019-04-01,983.0,795.8366711230481
catboost,2019-05-01,1336.0,837.1683719855121
catboost,2019-06-01,1484.0,848.1635742023805
catboost,2019-07-01,1160.0,790.93513068604
catboost,2019-08-01,1157.0,645.7047728468606
catboost,2019-09-01,1364.0,631.1934518083361
catboost,2019-10-01,800.0,665.6599465457692
catboost,2019-11-01,496.0,911.7815361622369
catboost,2019-12-01,297.0,1384.338192379993
catboost,2020-01-01,289.0,2052.0624964874523
catboost,2020-02-01,294.0,4475.357524871753
catboost,2019-04-01,983.0,1122.7023181623808
catboost,2019-05-01,1336.0,1294.019155531036
catboost,2019-06-01,1484.0,1196.343591768007
catboost,2019-07-01,1160.0,1056.8405092306589
catboost,2019-08-01,1157.0,837.4720451168517
catboost,2019-09-01,1364.0,767.4236500124804
catboost,2019-10-01,800.0,798.7958205378279
catboost,2019-11-01,496.0,1017.7514928810593
catboost,2019-12-01,297.0,1568.1739049497075
catboost,2020-01-01,289.0,2764.331373693119
catboost,2020-02-01,294.0,5150.627355843875
catboost,2020-03-01,251.0,5361.213766064017
catboost,2019-05-01,1336.0,1180.662260490414
catboost,2019-06-01,1484.0,1249.4380262026416
catboost,2019-07-01,1160.0,1141.2913803436622
catboost,2019-08-01,1157.0,1032.9917446087477
catboost,2019-09-01,1364.0,909.9026900864219
catboost,2019-10-01,800.0,761.8428280892058
catboost,2019-11-01,496.0,949.9895124953711
catboost,2019-12-01,297.0,1452.0703660056893
catboost,2020-01-01,289.0,2190.195069302472
catboost,2020-02-01,294.0,4588.345148324883
catboost,2020-03-01,251.0,5594.290413359938
catboost,2020-04-01,104.0,5077.530441795501
catboost,2019-06-01,1484.0,1566.5170042237748
catboost,2019-07-01,1160.0,2108.465525683647
catboost,2019-08-01,1157.0,2344.052394134359
catboost,2019-09-01,1364.0,2725.076227782787
catboost,2019-10-01,800.0,3031.2424021066226
catboost,2019-11-01,496.0,3274.6684471177514
catboost,2019-12-01,297.0,3708.4755392780366
catboost,2020-01-01,289.0,3945.7956515846427
catboost,2020-02-01,294.0,3941.6367055003607
catboost,2020-03-01,251.0,4044.268388254882
catboost,2020-04-01,104.0,3695.6017315510358
catboost,2020-05-01,222.0,3384.8373850488583
catboost,2019-07-01,1160.0,1683.35028096788
catboost,2019-08-01,1157.0,1924.3103260771336
catboost,2019-09-01,1364.0,2335.4009235048998
catboost,2019-10-01,800.0,2583.3662716020767
catboost,2019-11-01,496.0,3663.948836094693
catboost,2019-12-01,297.0,3866.138531318828
catboost,2020-01-01,289.0,4106.643186395765
catboost,2020-02-01,294.0,4234.104873911009
catboost,2020-03-01,251.0,4022.2633279021206
catboost,2020-04-01,104.0,3647.3110081918126
catboost,2020-05-01,222.0,3184.9334567758506
catboost,2020-06-01,601.0,2217.4670438085977
catboost,2019-08-01,1157.0,1233.6882492573693
catboost,2019-09-01,1364.0,994.166286908375
catboost,2019-10-01,800.0,1005.0565184684159
catboost,2019-11-01,496.0,1503.7546708967984
catboost,2019-12-01,297.0,2557.712957437476
catboost,2020-01-01,289.0,4541.950910867413
catboost,2020-02-01,294.0,5082.917166633477
catboost,2020-03-01,251.0,5240.376930717033
catboost,2020-04-01,104.0,3904.427735032178
catboost,2020-05-01,222.0,3154.15966305742
catboost,2020-06-01,601.0,2145.733052101228
catboost,2020-07-01,804.0,1643.2921292567958
catboost,2019-09-01,1364.0,1050.5000077531065
catboost,2019-10-01,800.0,1040.3827552561788
catboost,2019-11-01,496.0,1395.6357718140116
catboost,2019-12-01,297.0,2055.1132459794244
catboost,2020-01-01,289.0,3666.696792714217
catboost,2020-02-01,294.0,5087.97092535089
catboost,2020-03-01,251.0,4932.11593305323
catboost,2020-04-01,104.0,4287.413028944629
catboost,2020-05-01,222.0,3269.692316175973
catboost,2020-06-01,601.0,2185.112670362035
catboost,2020-07-01,804.0,1695.5344901956878
catboost,2020-08-01,696.0,1505.5353131569782
catboost,2019-10-01,800.0,1351.396384159854
catboost,2019-11-01,496.0,1730.1488729961916
catboost,2019-12-01,297.0,3072.650242308936
catboost,2020-01-01,289.0,4538.016151227455
catboost,2020-02-01,294.0,5062.200388808313
catboost,2020-03-01,251.0,4980.19016432256
catboost,2020-04-01,104.0,3851.920901159415
catboost,2020-05-01,222.0,3305.6774857849546
catboost,2020-06-01,601.0,2307.296229243744
catboost,2020-07-01,804.0,1790.1090412758167
catboost,2020-08-01,696.0,1593.1699089959502
catboost,2020-09-01,490.0,1223.8877949639475
catboost,2019-11-01,496.0,1278.219601257453
catboost,2019-12-01,297.0,1566.6135267093905
catboost,2020-01-01,289.0,2802.429782497419
catboost,2020-02-01,294.0,5341.273438080924
catboost,2020-03-01,251.0,4936.540792469736
catboost,2020-04-01,104.0,4685.050428234836
catboost,2020-05-01,222.0,3744.1543602113434
catboost,2020-06-01,601.0,2307.3554720008947
catboost,2020-07-01,804.0,1767.6437521277244
catboost,2020-08-01,696.0,1566.8354850328546
catboost,2020-09-01,490.0,1173.4233763516834
catboost,2020-10-01,344.0,1302.2321066189431
catboost,2019-12-01,297.0,780.6260420861558
catboost,2020-01-01,289.0,1055.1643280040325
catboost,2020-02-01,294.0,1573.4385765861366
catboost,2020-03-01,251.0,2644.481799288904
catboost,2020-04-01,104.0,5109.441359134968
catboost,2020-05-01,222.0,4783.059272684854
catboost,2020-06-01,601.0,3324.10934742162
catboost,2020-07-01,804.0,2212.103682602214
catboost,2020-08-01,696.0,1741.150350093746
catboost,2020-09-01,490.0,1541.3099576830869
catboost,2020-10-01,344.0,1440.2494401803192
catboost,2020-11-01,258.0,1197.1630750185589
catboost,2020-01-01,289.0,714.1729145225006
catboost,2020-02-01,294.0,907.1620537643797
catboost,2020-03-01,251.0,1289.6835775125344
catboost,2020-04-01,104.0,1320.7837651572356
catboost,2020-05-01,222.0,1412.2617563580895
catboost,2020-06-01,601.0,1173.1258924142574
catboost,2020-07-01,804.0,1083.856097163041
catboost,2020-08-01,696.0,829.7474458284387
catboost,2020-09-01,490.0,637.1790574754936
catboost,2020-10-01,344.0,564.3924122578408
catboost,2020-11-01,258.0,386.2632822591179
catboost,2020-12-01,141.0,427.1393938188867
catboost,2020-02-01,294.0,663.3996800764639
catboost,2020-03-01,251.0,881.1636323635375
catboost,2020-04-01,104.0,975.5370700735406
catboost,2020-05-01,222.0,1163.0175977927634
catboost,2020-06-01,601.0,1051.5175020172578
catboost,2020-07-01,804.0,977.6027455526598
catboost,2020-08-01,696.0,863.901432724045
catboost,2020-09-01,490.0,666.2922330711688
catboost,2020-10-01,344.0,570.4429177531522
catboost,2020-11-01,258.0,411.2833308311839
catboost,2020-12-01,141.0,426.1249946959874
catboost,2021-01-01,238.0,552.610507320187
catboost,2020-03-01,251.0,363.60066253561683
catboost,2020-04-01,104.0,488.35566243718915
catboost,2020-05-01,222.0,562.8811546847568
catboost,2020-06-01,601.0,619.5304656304859
catboost,2020-07-01,804.0,722.9460878647519
catboost,2020-08-01,696.0,660.535301188247
catboost,2020-09-01,490.0,603.1060070949068
catboost,2020-10-01,344.0,519.4382411041626
catboost,2020-11-01,258.0,370.434893020736
catboost,2020-12-01,141.0,311.27062442695114
catboost,2021-01-01,238.0,443.46204212794714
catboost,2021-02-01,244.0,297.34121365500334
catboost,2020-04-01,104.0,448.64902037249976
catboost,2020-05-01,222.0,508.47121912554485
catboost,2020-06-01,601.0,535.6924736051784
catboost,2020-07-01,804.0,581.8703020181736
catboost,2020-08-01,696.0,549.4426554606794
catboost,2020-09-01,490.0,539.7283317647458
catboost,2020-10-01,344.0,478.2732780362561
catboost,2020-11-01,258.0,368.75316859233965
catboost,2020-12-01,141.0,335.96698818734706
catboost,2021-01-01,238.0,379.34445726728154
catboost,2021-02-01,244.0,287.1959539268936
catboost,2021-03-01,376.0,248.87986123287476
catboost,2020-05-01,222.0,382.0883526880697
catboost,2020-06-01,601.0,461.51664288206814
catboost,2020-07-01,804.0,578.2118521675446
catboost,2020-08-01,696.0,592.639200155944
catboost,2020-09-01,490.0,704.8290053316158
catboost,2020-10-01,344.0,641.6864584857793
catboost,2020-11-01,258.0,515.2023485234082
catboost,2020-12-01,141.0,370.6572649031309
catboost,2021-01-01,238.0,465.10652379026874
catboost,2021-02-01,244.0,270.00994891422135
catboost,2021-03-01,376.0,270.3989992928738
catboost,2021-04-01,985.0,290.5806320105062
catboost,2020-06-01,601.0,430.4732161872496
catboost,2020-07-01,804.0,518.9254312139353
catboost,2020-08-01,696.0,526.093379350427
catboost,2020-09-01,490.0,625.7445911476825
catboost,2020-10-01,344.0,618.3266531477873
catboost,2020-11-01,258.0,507.0769151122131
catboost,2020-12-01,141.0,362.23283214624644
catboost,2021-01-01,238.0,476.5282590206567
catboost,2021-02-01,244.0,317.3886123043135
catboost,2021-03-01,376.0,288.5315070824158
catboost,2021-04-01,985.0,279.9131414445974
catboost,2021-05-01,4061.0,279.9708609424895
catboost,2020-07-01,804.0,614.6471182832931
catboost,2020-08-01,696.0,680.5727557630983
catboost,2020-09-01,490.0,734.7312931097254
catboost,2020-10-01,344.0,608.7565940795281
catboost,2020-11-01,258.0,420.5760533405295
catboost,2020-12-01,141.0,364.403950933622
catboost,2021-01-01,238.0,444.4655883611199
catboost,2021-02-01,244.0,328.701163645831
catboost,2021-03-01,376.0,291.6115914620309
catboost,2021-04-01,985.0,257.48909839043074
catboost,2021-05-01,4061.0,311.2191993792766
catboost,2021-06-01,2800.0,262.3733649676036
catboost,2020-08-01,696.0,785.3122617428044
catboost,2020-09-01,490.0,818.7641562741519
catboost,2020-10-01,344.0,703.816692569959
catboost,2020-11-01,258.0,556.5805364415694
catboost,2020-12-01,141.0,410.74345764384816
catboost,2021-01-01,238.0,512.2056505731423
catboost,2021-02-01,244.0,359.58026875321605
catboost,2021-03-01,376.0,341.9245022890924
catboost,2021-04-01,985.0,285.7486363044029
catboost,2021-05-01,4061.0,247.28460839526895
catboost,2021-06-01,2800.0,192.81371944482078
catboost,2021-07-01,1868.0,271.1455215177091
catboost,2020-09-01,490.0,791.1409941745861
catboost,2020-10-01,344.0,626.1833053264393
catboost,2020-11-01,258.0,500.65138802806496
catboost,2020-12-01,141.0,344.74000858053796
catboost,2021-01-01,238.0,419.82301983134175
catboost,2021-02-01,244.0,314.1795520350587
catboost,2021-03-01,376.0,274.64895815924194
catboost,2021-04-01,985.0,277.58997841005976
catboost,2021-05-01,4061.0,294.5994173968836
catboost,2021-06-01,2800.0,316.89325720510374
catboost,2021-07-01,1868.0,365.38071651106634
catboost,2021-08-01,1415.0,438.03698419596435
catboost,2020-10-01,344.0,516.8369221118388
catboost,2020-11-01,258.0,394.984607063559
catboost,2020-12-01,141.0,344.12271597285985
catboost,2021-01-01,238.0,447.53033301285666
catboost,2021-02-01,244.0,279.7940017055465
catboost,2021-03-01,376.0,274.41573166612875
catboost,2021-04-01,985.0,279.3609135978319
catboost,2021-05-01,4061.0,243.74925976767508
catboost,2021-06-01,2800.0,318.8426045002698
catboost,2021-07-01,1868.0,378.8194361158976
catboost,2021-08-01,1415.0,542.9363066218863
catboost,2021-09-01,584.0,636.7618902118754
catboost,2020-11-01,258.0,337.23485315581615
catboost,2020-12-01,141.0,319.97711254921967
catboost,2021-01-01,238.0,380.664651718473
catboost,2021-02-01,244.0,277.3082901361347
catboost,2021-03-01,376.0,325.0301102107344
catboost,2021-04-01,985.0,348.9115459710681
catboost,2021-05-01,4061.0,339.66359616434795
catboost,2021-06-01,2800.0,440.7939091020372
catboost,2021-07-01,1868.0,506.3052185136486
catboost,2021-08-01,1415.0,511.9279932251849
catboost,2021-09-01,584.0,562.9783373426213
catboost,2021-10-01,428.0,532.3769908720316
catboost,2020-12-01,141.0,272.8281429659095
catboost,2021-01-01,238.0,333.3580156667382
catboost,2021-02-01,244.0,280.85217606899914
catboost,2021-03-01,376.0,361.38191901886216
catboost,2021-04-01,985.0,388.5066341462931
catboost,2021-05-01,4061.0,409.58105720396884
catboost,2021-06-01,2800.0,465.7266962238932
catboost,2021-07-01,1868.0,566.0203108661913
catboost,2021-08-01,1415.0,613.822818993147
catboost,2021-09-01,584.0,629.576768132486
catboost,2021-10-01,428.0,537.818054266029
catboost,2021-11-01,204.0,433.70392660526363
catboost,2021-01-01,238.0,339.5583519422943
catboost,2021-02-01,244.0,263.0093938751944
catboost,2021-03-01,376.0,319.37603097006956
catboost,2021-04-01,985.0,324.95636874966965
catboost,2021-05-01,4061.0,450.92566795303514
catboost,2021-06-01,2800.0,492.50747939009375
catboost,2021-07-01,1868.0,619.8191963146294
catboost,2021-08-01,1415.0,830.841603214388
catboost,2021-09-01,584.0,848.6007856057315
catboost,2021-10-01,428.0,731.8290274650863
catboost,2021-11-01,204.0,604.6338464579744
catboost,2021-12-01,90.0,566.0811113422358
catboost,2021-02-01,244.0,244.62674250864325
catboost,2021-03-01,376.0,302.8558267972028
catboost,2021-04-01,985.0,319.74505909154504
catboost,2021-05-01,4061.0,461.797683691262
catboost,2021-06-01,2800.0,573.4842504683043
catboost,2021-07-01,1868.0,751.5920294324592
catboost,2021-08-01,1415.0,839.2864851724595
catboost,2021-09-01,584.0,876.6973733449904
catboost,2021-10-01,428.0,724.3556809951122
catboost,2021-11-01,204.0,605.3281090691985
catboost,2021-12-01,90.0,589.2859921658176
catboost,2022-01-01,152.0,513.448691926903
catboost,2021-03-01,376.0,307.42171212563187
catboost,2021-04-01,985.0,374.24212806424487
catboost,2021-05-01,4061.0,515.6738720764072
catboost,2021-06-01,2800.0,572.1083300048747
catboost,2021-07-01,1868.0,699.5353710990668
catboost,2021-08-01,1415.0,839.518216751839
catboost,2021-09-01,584.0,846.4169766512928
catboost,2021-10-01,428.0,641.2440152358762
catboost,2021-11-01,204.0,668.5598881254789
catboost,2021-12-01,90.0,594.3148752279258
catboost,2022-01-01,152.0,484.62050904884995
catboost,2022-02-01,137.0,406.7595677352193
catboost,2021-04-01,985.0,427.2235854041452
catboost,2021-05-01,4061.0,565.5870842073898
catboost,2021-06-01,2800.0,649.4662092726333
catboost,2021-07-01,1868.0,879.9730924990228
catboost,2021-08-01,1415.0,1084.0756063267602
catboost,2021-09-01,584.0,1166.0337500989522
catboost,2021-10-01,428.0,949.9646301935137
catboost,2021-11-01,204.0,882.0566152227663
catboost,2021-12-01,90.0,791.7486600235463
catboost,2022-01-01,152.0,669.4074984892785
catboost,2022-02-01,137.0,866.8839345636991
catboost,2022-03-01,205.0,1127.616450496352
catboost,2021-05-01,4061.0,1036.141586881746
catboost,2021-06-01,2800.0,1230.927320416069
catboost,2021-07-01,1868.0,1801.2438848825427
catboost,2021-08-01,1415.0,2764.267395093984
catboost,2021-09-01,584.0,3578.6661921904965
catboost,2021-10-01,428.0,2680.7851005582925
catboost,2021-11-01,204.0,2332.454611084874
catboost,2021-12-01,90.0,2093.4990127954725
catboost,2022-01-01,152.0,2263.445606946291
catboost,2022-02-01,137.0,3209.4178822374292
catboost,2022-03-01,205.0,4591.489977065148
catboost,2022-04-01,317.0,5078.352165066841
catboost,2021-06-01,2800.0,3948.9999487095647
catboost,2021-07-01,1868.0,5220.186018000866
catboost,2021-08-01,1415.0,4389.760204569579
catboost,2021-09-01,584.0,2707.9601347519697
catboost,2021-10-01,428.0,1757.575305291099
catboost,2021-11-01,204.0,1614.9679657326276
catboost,2021-12-01,90.0,1650.1752614954257
catboost,2022-01-01,152.0,1858.8612507103164
catboost,2022-02-01,137.0,3287.5154764167787
catboost,2022-03-01,205.0,4774.8594232842315
catboost,2022-04-01,317.0,5376.79189079829
catboost,2022-05-01,533.0,5846.6579802099195
catboost,2021-07-01,1868.0,5119.0126543500955
catboost,2021-08-01,1415.0,4136.721332903664
catboost,2021-09-01,584.0,2801.354555692039
catboost,2021-10-01,428.0,1933.5751244198138
catboost,2021-11-01,204.0,1669.7252782966002
catboost,2021-12-01,90.0,1623.4346620687784
catboost,2022-01-01,152.0,1812.9925267062654
catboost,2022-02-01,137.0,2978.7187263749615
catboost,2022-03-01,205.0,4750.404869557729
catboost,2022-04-01,317.0,5301.006511043196
catboost,2022-05-01,533.0,6207.881306395539
catboost,2022-06-01,493.0,4331.386872640389
catboost,2021-08-01,1415.0,3134.1625586732034
catboost,2021-09-01,584.0,2732.8395185015256
catboost,2021-10-01,428.0,2016.323968103768
catboost,2021-11-01,204.0,1787.9392623504796
catboost,2021-12-01,90.0,1975.667861063708
catboost,2022-01-01,152.0,2370.506562846668
catboost,2022-02-01,137.0,3841.249253838826
catboost,2022-03-01,205.0,4704.125464074274
catboost,2022-04-01,317.0,4882.158873210088
catboost,2022-05-01,533.0,5067.323048436057
catboost,2022-06-01,493.0,3801.3013793804826
catboost,2022-07-01,618.0,2258.891945047857
catboost,2021-09-01,584.0,1295.068839678509
catboost,2021-10-01,428.0,1196.0852749784585
catboost,2021-11-01,204.0,1125.329654728714
catboost,2021-12-01,90.0,1082.2169019871521
catboost,2022-01-01,152.0,1272.4145691409904
catboost,2022-02-01,137.0,2073.2680830520076
catboost,2022-03-01,205.0,3591.3959121952794
catboost,2022-04-01,317.0,5020.330031098305
catboost,2022-05-01,533.0,5330.059474158149
catboost,2022-06-01,493.0,3936.92414142125
catboost,2022-07-01,618.0,2601.953554130184
catboost,2022-08-01,476.0,2064.639984723243
catboost,2021-10-01,428.0,762.5533472327968
catboost,2021-11-01,204.0,705.7232846894044
catboost,2021-12-01,90.0,646.0240506924354
catboost,2022-01-01,152.0,645.9753196661899
catboost,2022-02-01,137.0,947.2191309266507
catboost,2022-03-01,205.0,1481.797263133068
catboost,2022-04-01,317.0,2701.599302426006
catboost,2022-05-01,533.0,5071.30191980456
catboost,2022-06-01,493.0,3937.080868616117
catboost,2022-07-01,618.0,3146.8487920157313
catboost,2022-08-01,476.0,1959.2660891784167
catboost,2022-09-01,268.0,1448.133951724414
catboost,2021-11-01,204.0,533.0914683867292
catboost,2021-12-01,90.0,591.4528640272853
catboost,2022-01-01,152.0,573.3124483034086
catboost,2022-02-01,137.0,654.8884690884163
catboost,2022-03-01,205.0,1155.668888298438
catboost,2022-04-01,317.0,1856.9069740909508
catboost,2022-05-01,533.0,3189.6292874750875
catboost,2022-06-01,493.0,3647.3881696776584
catboost,2022-07-01,618.0,2809.0653311599062
catboost,2022-08-01,476.0,2326.760723605435
catboost,2022-09-01,268.0,1430.9977483445236
catboost,2022-10-01,283.0,1074.8508929316247
catboost,2021-12-01,90.0,330.2307885879528
catboost,2022-01-01,152.0,385.06670395791014
catboost,2022-02-01,137.0,468.4451574113672
catboost,2022-03-01,205.0,545.4705418166699
catboost,2022-04-01,317.0,647.5050428316149
catboost,2022-05-01,533.0,1065.836805429546
catboost,2022-06-01,493.0,1385.6554794572576
catboost,2022-07-01,618.0,1080.3465662934725
catboost,2022-08-01,476.0,869.7625378679805
catboost,2022-09-01,268.0,674.8941895222985
catboost,2022-10-01,283.0,500.4809076994528
catboost,2022-11-01,86.0,268.23012964276836
catboost,2022-01-01,152.0,334.3053776447242
catboost,2022-02-01,137.0,468.54494750376045
catboost,2022-03-01,205.0,554.4019737379001
catboost,2022-04-01,317.0,692.0561095597056
catboost,2022-05-01,533.0,1018.6814673028412
catboost,2022-06-01,493.0,1544.8965622383992
catboost,2022-07-01,618.0,1399.9846957269322
catboost,2022-08-01,476.0,985.4771481726729
catboost,2022-09-01,268.0,813.2726252439476
catboost,2022-10-01,283.0,509.22398371576253
catboost,2022-11-01,86.0,238.66052363708513
catboost,2022-12-01,67.0,402.67719974250906
catboost,2022-02-01,137.0,331.4026300676005
catboost,2022-03-01,205.0,568.5820036714456
catboost,2022-04-01,317.0,827.6375997377322
catboost,2022-05-01,533.0,1348.6046606518657
catboost,2022-06-01,493.0,1745.7513385701818
catboost,2022-07-01,618.0,1525.7147620771273
catboost,2022-08-01,476.0,1102.3315753186926
catboost,2022-09-01,268.0,854.9964590316401
catboost,2022-10-01,283.0,613.9548977500381
catboost,2022-11-01,86.0,397.3289300225347
catboost,2022-12-01,67.0,430.15205620192876
catboost,2023-01-01,346.0,680.9598498719934
catboost,2022-03-01,205.0,349.0746198711655
catboost,2022-04-01,317.0,572.0104774545443
catboost,2022-05-01,533.0,831.8074192959182
catboost,2022-06-01,493.0,1157.4843502747783
catboost,2022-07-01,618.0,1266.2414079876455
catboost,2022-08-01,476.0,890.5700569202161
catboost,2022-09-01,268.0,646.0338193232277
catboost,2022-10-01,283.0,518.9088949226158
catboost,2022-11-01,86.0,313.53437301687575
catboost,2022-12-01,67.0,375.88464449530386
catboost,2023-01-01,346.0,504.7895178313737
catboost,2023-02-01,335.0,622.8612754627941
catboost,2022-04-01,317.0,557.0994811698442
catboost,2022-05-01,533.0,819.5480732454378
catboost,2022-06-01,493.0,1162.265615326071
catboost,2022-07-01,618.0,1287.4557284300754
catboost,2022-08-01,476.0,935.806149387436
catboost,2022-09-01,268.0,671.0159263146113
catboost,2022-10-01,283.0,541.6328536708315
catboost,2022-11-01,86.0,320.11692986931166
catboost,2022-12-01,67.0,404.71210545770305
catboost,2023-01-01,346.0,580.2209517261339
catboost,2023-02-01,335.0,691.8663129623872
catboost,2023-03-01,825.0,1280.4668438587285
catboost,2022-05-01,533.0,672.6761614133245
catboost,2022-06-01,493.0,981.4346237342908
catboost,2022-07-01,618.0,1008.2526017070657
catboost,2022-08-01,476.0,898.9329702129472
catboost,2022-09-01,268.0,623.863678969625
catboost,2022-10-01,283.0,483.0541611255792
catboost,2022-11-01,86.0,255.4424805093206
catboost,2022-12-01,67.0,385.0227780570167
catboost,2023-01-01,346.0,530.6031140403085
catboost,2023-02-01,335.0,550.852755845213
catboost,2023-03-01,825.0,686.0953761677634
catboost,2023-04-01,641.0,1581.3854654435245
catboost,2022-06-01,493.0,750.917932627247
catboost,2022-07-01,618.0,700.5146412397032
catboost,2022-08-01,476.0,607.7812951415419
catboost,2022-09-01,268.0,478.853937670081
catboost,2022-10-01,283.0,379.5473032942133
catboost,2022-11-01,86.0,253.9856928723624
catboost,2022-12-01,67.0,342.9001942191434
catboost,2023-01-01,346.0,567.1436655578191
catboost,2023-02-01,335.0,671.23608238498
catboost,2023-03-01,825.0,1305.352075102221
catboost,2023-04-01,641.0,3048.480402515288
catboost,2023-05-01,333.0,3747.248090136878
catboost,2022-07-01,618.0,602.3629872550487
catboost,2022-08-01,476.0,508.33811183288265
catboost,2022-09-01,268.0,422.9455971998176
catboost,2022-10-01,283.0,350.1859279802446
catboost,2022-11-01,86.0,210.31377250332002
catboost,2022-12-01,67.0,339.40070536922974
catboost,2023-01-01,346.0,625.3564862823278
catboost,2023-02-01,335.0,881.4574515697714
catboost,2023-03-01,825.0,1413.4728054739958
catboost,2023-04-01,641.0,3006.677887941313
catboost,2023-05-01,333.0,3478.584996269484
catboost,2023-06-01,251.0,3241.071987488818
catboost,2022-08-01,476.0,553.8214503180932
catboost,2022-09-01,268.0,410.74690081888684
catboost,2022-10-01,283.0,321.06101494901645
catboost,2022-11-01,86.0,208.97863104330315
catboost,2022-12-01,67.0,295.75601179721775
catboost,2023-01-01,346.0,704.428581441596
catboost,2023-02-01,335.0,1051.5514252704404
catboost,2023-03-01,825.0,2261.483617618628
catboost,2023-04-01,641.0,3478.7028061889805
catboost,2023-05-01,333.0,3883.195744886075
catboost,2023-06-01,251.0,3256.501123567661
catboost,2023-07-01,484.0,2188.090649924604
catboost,2022-09-01,268.0,416.78359917626426
catboost,2022-10-01,283.0,366.78864016736577
catboost,2022-11-01,86.0,206.38776746287817
catboost,2022-12-01,67.0,309.2911239005299
catboost,2023-01-01,346.0,630.1453197576898
catboost,2023-02-01,335.0,932.3657402999442
catboost,2023-03-01,825.0,1696.3273053119879
catboost,2023-04-01,641.0,3156.3806404927277
catboost,2023-05-01,333.0,3744.9967122976095
catboost,2023-06-01,251.0,3091.988126605112
catboost,2023-07-01,484.0,2529.1787821983644
catboost,2023-08-01,423.0,2120.561375714531
catboost,2022-10-01,283.0,313.5048906165181
catboost,2022-11-01,86.0,239.0526463560625
catboost,2022-12-01,67.0,312.9453760083669
catboost,2023-01-01,346.0,606.836708064866
catboost,2023-02-01,335.0,751.242722126349
catboost,2023-03-01,825.0,1238.29475897127
catboost,2023-04-01,641.0,2813.234042848517
catboost,2023-05-01,333.0,3600.3129856882883
catboost,2023-06-01,251.0,2840.3652975639907
catboost,2023-07-01,484.0,2680.3078306495627
catboost,2023-08-01,423.0,2217.879356380847
catboost,2023-09-01,351.0,1876.335710029667
catboost,2022-11-01,86.0,204.66125329294687
catboost,2022-12-01,67.0,308.6492394233661
catboost,2023-01-01,346.0,542.596357069705
catboost,2023-02-01,335.0,547.3566475258309
catboost,2023-03-01,825.0,870.273856942888
catboost,2023-04-01,641.0,2015.3837820259819
catboost,2023-05-01,333.0,2879.0946244337665
catboost,2023-06-01,251.0,2997.0274837819625
catboost,2023-07-01,484.0,2618.6289344354
catboost,2023-08-01,423.0,2387.6355274633515
catboost,2023-09-01,351.0,1908.3726388741018
catboost,2023-10-01,394.0,2105.6078439665066
catboost,2022-12-01,67.0,341.20998905385613
catboost,2023-01-01,346.0,656.7098193252078
catboost,2023-02-01,335.0,1118.2520627163362
catboost,2023-03-01,825.0,2068.1931284299453
catboost,2023-04-01,641.0,3668.5809665444094
catboost,2023-05-01,333.0,3395.0393000765052
catboost,2023-06-01,251.0,2839.1671216406494
catboost,2023-07-01,484.0,2233.3908363957653
catboost,2023-08-01,423.0,1661.166815497705
catboost,2023-09-01,351.0,1646.9586457448436
catboost,2023-10-01,394.0,1754.3832260469517
catboost,2023-11-01,220.0,2066.048330052809
catboost,2023-01-01,346.0,399.2929282418519
catboost,2023-02-01,335.0,553.6381038603129
catboost,2023-03-01,825.0,976.2404088876228
catboost,2023-04-01,641.0,2613.831350323262
catboost,2023-05-01,333.0,3344.797160848392
catboost,2023-06-01,251.0,2704.8904873952774
catboost,2023-07-01,484.0,2501.650332785528
catboost,2023-08-01,423.0,1959.301465152789
catboost,2023-09-01,351.0,1629.1745214018156
catboost,2023-10-01,394.0,1767.8446441550966
catboost,2023-11-01,220.0,1869.7766247125967
catboost,2023-12-01,230.0,2980.1644668488343
catboost,2023-02-01,335.0,508.53073060740616
catboost,2023-03-01,825.0,820.5102559972404
catboost,2023-04-01,641.0,2145.6320050264794
catboost,2023-05-01,333.0,2807.8444042530573
catboost,2023-06-01,251.0,2427.4699997148186
catboost,2023-07-01,484.0,2669.40724193895
catboost,2023-08-01,423.0,2370.4172254530786
catboost,2023-09-01,351.0,1847.7993693230192
catboost,2023-10-01,394.0,2004.3599425670013
catboost,2023-11-01,220.0,2123.5280526957695
catboost,2023-12-01,230.0,2714.535954508014
catboost,2024-01-01,459.0,4622.545723439021
catboost,2023-03-01,825.0,805.4988546107764
catboost,2023-04-01,641.0,2112.2151655660273
catboost,2023-05-01,333.0,2518.817394052967
catboost,2023-06-01,251.0,2968.1976875874934
catboost,2023-07-01,484.0,2559.198279618364
catboost,2023-08-01,423.0,2131.0669742917944
catboost,2023-09-01,351.0,2041.277025418261
catboost,2023-10-01,394.0,2256.8797535620097
catboost,2023-11-01,220.0,2103.536580609278
catboost,2023-12-01,230.0,2871.377577486185
catboost,2024-01-01,459.0,4445.447336683557
catboost,2024-02-01,2445.0,4415.978613711029
catboost,2023-04-01,641.0,2097.9833735401426
catboost,2023-05-01,333.0,2584.996963459167
catboost,2023-06-01,251.0,2768.5429463295777
catboost,2023-07-01,484.0,2566.490778455813
catboost,2023-08-01,423.0,2104.545223293071
catboost,2023-09-01,351.0,1840.1677134547958
catboost,2023-10-01,394.0,2109.2365880838197
catboost,2023-11-01,220.0,2199.1655567500084
catboost,2023-12-01,230.0,3126.044341535175
catboost,2024-01-01,459.0,4651.094009867961
catboost,2024-02-01,2445.0,4742.544277009962
catboost,2024-03-01,3856.0,5046.130387499452
catboost,2023-05-01,333.0,863.7137488308723
catboost,2023-06-01,251.0,793.2776919208791
catboost,2023-07-01,484.0,670.2031591765272
catboost,2023-08-01,423.0,613.2110985881407
catboost,2023-09-01,351.0,400.009389820775
catboost,2023-10-01,394.0,327.1463878688671
catboost,2023-11-01,220.0,248.64936335631796
catboost,2023-12-01,230.0,281.9678421338265
catboost,2024-01-01,459.0,386.10469415979185
catboost,2024-02-01,2445.0,340.181955463823
catboost,2024-03-01,3856.0,469.66766022019067
catboost,2024-04-01,2008.0,537.9926137046529
catboost,2023-06-01,251.0,467.096708835943
catboost,2023-07-01,484.0,505.6621511839778
catboost,2023-08-01,423.0,474.96242604556016
catboost,2023-09-01,351.0,298.02664510888894
catboost,2023-10-01,394.0,346.132987322601
catboost,2023-11-01,220.0,340.5829518227631
catboost,2023-12-01,230.0,513.3962568368922
catboost,2024-01-01,459.0,574.6713091714935
catboost,2024-02-01,2445.0,571.8604382350273
catboost,2024-03-01,3856.0,706.3994976180336
catboost,2024-04-01,2008.0,740.6129857250207
catboost,2024-05-01,1335.0,696.6624927522741
catboost,2023-07-01,484.0,475.3934440392695
catboost,2023-08-01,423.0,429.4028598434619
catboost,2023-09-01,351.0,353.8716461282654
catboost,2023-10-01,394.0,339.502089258374
catboost,2023-11-01,220.0,364.8436171454781
catboost,2023-12-01,230.0,501.25837698375125
catboost,2024-01-01,459.0,540.9242344745528
catboost,2024-02-01,2445.0,625.9886139835526
catboost,2024-03-01,3856.0,808.2129621774332
catboost,2024-04-01,2008.0,849.6738839592914
catboost,2024-05-01,1335.0,868.1478756808374
catboost,2024-06-01,1623.0,827.6586122186364
catboost,2023-08-01,423.0,392.4802868765222
catboost,2023-09-01,351.0,345.8972870129561
catboost,2023-10-01,394.0,349.42637216633625
catboost,2023-11-01,220.0,367.12843205972956
catboost,2023-12-01,230.0,573.8604354527849
catboost,2024-01-01,459.0,628.7864859008548
catboost,2024-02-01,2445.0,740.9212432887082
catboost,2024-03-01,3856.0,860.3859066946646
catboost,2024-04-01,2008.0,925.9134698643186
catboost,2024-05-01,1335.0,956.4283467967408
catboost,2024-06-01,1623.0,999.9953355560319
catboost,2024-07-01,806.0,1141.6769597072616
catboost,2023-09-01,351.0,373.55546846926063
catboost,2023-10-01,394.0,384.17676754844035
catboost,2023-11-01,220.0,401.42632791795825
catboost,2023-12-01,230.0,561.0749041542729
catboost,2024-01-01,459.0,615.3172413353864
catboost,2024-02-01,2445.0,743.9962059854176
catboost,2024-03-01,3856.0,865.7073616223709
catboost,2024-04-01,2008.0,847.3571260044769
catboost,2024-05-01,1335.0,824.2608695219102
catboost,2024-06-01,1623.0,739.7015592743818
catboost,2024-07-01,806.0,562.0815965665798
catboost,2024-08-01,607.0,448.2466091576283
catboost,2023-10-01,394.0,354.0751437346386
catboost,2023-11-01,220.0,333.414769917492
catboost,2023-12-01,230.0,580.1008284095807
catboost,2024-01-01,459.0,690.5684856175444
catboost,2024-02-01,2445.0,878.2069551059639
catboost,2024-03-01,3856.0,1037.366957481499
catboost,2024-04-01,2008.0,1218.3167706375502
catboost,2024-05-01,1335.0,1385.0571606596739
catboost,2024-06-01,1623.0,1256.9154958038712
catboost,2024-07-01,806.0,1229.7955241656005
catboost,2024-08-01,607.0,1198.4881960219695
catboost,2024-09-01,592.0,1277.1377671897442
catboost,2023-11-01,220.0,337.03038602527613
catboost,2023-12-01,230.0,645.5717994122377
catboost,2024-01-01,459.0,863.8265505908996
catboost,2024-02-01,2445.0,1005.3184244814504
catboost,2024-03-01,3856.0,1359.1073263413157
catboost,2024-04-01,2008.0,1435.8309076925784
catboost,2024-05-01,1335.0,1625.2243957382234
catboost,2024-06-01,1623.0,2211.8958384486314
catboost,2024-07-01,806.0,2559.6684195932003
catboost,2024-08-01,607.0,3197.496182038242
catboost,2024-09-01,592.0,3495.332264260267
catboost,2024-10-01,616.0,3841.2057041273997
catboost,2023-12-01,230.0,513.7725605265607
catboost,2024-01-01,459.0,545.778351532126
catboost,2024-02-01,2445.0,610.8767284135799
catboost,2024-03-01,3856.0,789.3821370335584
catboost,2024-04-01,2008.0,794.8915337133903
catboost,2024-05-01,1335.0,684.5133546945981
catboost,2024-06-01,1623.0,601.3052881780748
catboost,2024-07-01,806.0,567.2616237691584
catboost,2024-08-01,607.0,381.3056781120515
catboost,2024-09-01,592.0,336.7334749640154
catboost,2024-10-01,616.0,384.61198083525414
catboost,2024-11-01,636.0,364.79914776240014
catboost,2024-01-01,459.0,357.4140250603176
catboost,2024-02-01,2445.0,509.6554103477179
catboost,2024-03-01,3856.0,625.9796374344073
catboost,2024-04-01,2008.0,773.2284264556212
catboost,2024-05-01,1335.0,753.0439795371464
catboost,2024-06-01,1623.0,669.6696214448405
catboost,2024-07-01,806.0,612.8985150880729
catboost,2024-08-01,607.0,489.6324931308068
catboost,2024-09-01,592.0,382.30313199717136
catboost,2024-10-01,616.0,355.7947085229033
catboost,2024-11-01,636.0,370.10232433984595
catboost,2024-12-01,500.0,414.1478173860929
randomforest,2014-01-01,219.0,991.26
randomforest,2014-02-01,239.0,1114.61
randomforest,2014-03-01,317.0,1156.15
randomforest,2014-04-01,307.0,1151.57
randomforest,2014-05-01,524.0,997.84
randomforest,2014-06-01,539.0,779.01
randomforest,2014-07-01,331.0,519.27
randomforest,2014-08-01,290.0,385.88
randomforest,2014-09-01,246.0,564.99
randomforest,2014-10-01,269.0,770.88
randomforest,2014-11-01,559.0,1056.08
randomforest,2014-12-01,624.0,1221.11
randomforest,2014-02-01,239.0,394.15
randomforest,2014-03-01,317.0,479.65
randomforest,2014-04-01,307.0,496.95
randomforest,2014-05-01,524.0,438.05
randomforest,2014-06-01,539.0,368.99
randomforest,2014-07-01,331.0,316.34
randomforest,2014-08-01,290.0,335.82
randomforest,2014-09-01,246.0,449.4
randomforest,2014-10-01,269.0,552.68
randomforest,2014-11-01,559.0,587.69
randomforest,2014-12-01,624.0,656.19
randomforest,2015-01-01,1909.0,717.95
randomforest,2014-03-01,317.0,302.74
randomforest,2014-04-01,307.0,347.77
randomforest,2014-05-01,524.0,324.44
randomforest,2014-06-01,539.0,293.74
randomforest,2014-07-01,331.0,261.43
randomforest,2014-08-01,290.0,311.21
randomforest,2014-09-01,246.0,408.75
randomforest,2014-10-01,269.0,472.49
randomforest,2014-11-01,559.0,474.14
randomforest,2014-12-01,624.0,472.33
randomforest,2015-01-01,1909.0,436.34
randomforest,2015-02-01,2671.0,277.84
randomforest,2014-04-01,307.0,391.72
randomforest,2014-05-01,524.0,350.5
randomforest,2014-06-01,539.0,325.62
randomforest,2014-07-01,331.0,300.62
randomforest,2014-08-01,290.0,337.45
randomforest,2014-09-01,246.0,432.21
randomforest,2014-10-01,269.0,485.67
randomforest,2014-11-01,559.0,482.87
randomforest,2014-12-01,624.0,485.73
randomforest,2015-01-01,1909.0,441.89
randomforest,2015-02-01,2671.0,291.46
randomforest,2015-03-01,8504.0,278.73
randomforest,2014-05-01,524.0,334.07
randomforest,2014-06-01,539.0,311.88
randomforest,2014-07-01,331.0,289.14
randomforest,2014-08-01,290.0,339.58
randomforest,2014-09-01,246.0,436.18
randomforest,2014-10-01,269.0,485.54
randomforest,2014-11-01,559.0,483.36
randomforest,2014-12-01,624.0,489.27
randomforest,2015-01-01,1909.0,426.81
randomforest,2015-02-01,2671.0,287.1
randomforest,2015-03-01,8504.0,280.5
randomforest,2015-04-01,6009.0,273.42
randomforest,2014-06-01,539.0,381.37
randomforest,2014-07-01,331.0,353.59
randomforest,2014-08-01,290.0,398.41
randomforest,2014-09-01,246.0,517.29
randomforest,2014-10-01,269.0,534.65
randomforest,2014-11-01,559.0,521.65
randomforest,2014-12-01,624.0,522.98
randomforest,2015-01-01,1909.0,464.57
randomforest,2015-02-01,2671.0,299.16
randomforest,2015-03-01,8504.0,301.53
randomforest,2015-04-01,6009.0,313.97
randomforest,2015-05-01,3454.0,315.67
randomforest,2014-07-01,331.0,429.04
randomforest,2014-08-01,290.0,449.58
randomforest,2014-09-01,246.0,567.49
randomforest,2014-10-01,269.0,579.71
randomforest,2014-11-01,559.0,558.94
randomforest,2014-12-01,624.0,562.73
randomforest,2015-01-01,1909.0,488.71
randomforest,2015-02-01,2671.0,335.77
randomforest,2015-03-01,8504.0,316.39
randomforest,2015-04-01,6009.0,342.73
randomforest,2015-05-01,3454.0,347.98
randomforest,2015-06-01,1852.0,389.4
randomforest,2014-08-01,290.0,382.16
randomforest,2014-09-01,246.0,502.39
randomforest,2014-10-01,269.0,552.03
randomforest,2014-11-01,559.0,542.04
randomforest,2014-12-01,624.0,547.35
randomforest,2015-01-01,1909.0,479.94
randomforest,2015-02-01,2671.0,316.76
randomforest,2015-03-01,8504.0,300.18
randomforest,2015-04-01,6009.0,304.43
randomforest,2015-05-01,3454.0,299.86
randomforest,2015-06-01,1852.0,332.4
randomforest,2015-07-01,1579.0,369.13
randomforest,2014-09-01,246.0,383.19
randomforest,2014-10-01,269.0,467.17
randomforest,2014-11-01,559.0,471.96
randomforest,2014-12-01,624.0,487.8
randomforest,2015-01-01,1909.0,483.83
randomforest,2015-02-01,2671.0,309.32
randomforest,2015-03-01,8504.0,303.91
randomforest,2015-04-01,6009.0,300.73
randomforest,2015-05-01,3454.0,289.94
randomforest,2015-06-01,1852.0,284.12
randomforest,2015-07-01,1579.0,280.95
randomforest,2015-08-01,2407.0,385.12
randomforest,2014-10-01,269.0,340.28
randomforest,2014-11-01,559.0,350.61
randomforest,2014-12-01,624.0,354.46
randomforest,2015-01-01,1909.0,362.47
randomforest,2015-02-01,2671.0,289.82
randomforest,2015-03-01,8504.0,286.44
randomforest,2015-04-01,6009.0,290.7
randomforest,2015-05-01,3454.0,291.01
randomforest,2015-06-01,1852.0,290.2
randomforest,2015-07-01,1579.0,287.83
randomforest,2015-08-01,2407.0,284.25
randomforest,2015-09-01,1575.0,276.54
randomforest,2014-11-01,559.0,251.39
randomforest,2014-12-01,624.0,250.41
randomforest,2015-01-01,1909.0,253.89
randomforest,2015-02-01,2671.0,275.83
randomforest,2015-03-01,8504.0,288.25
randomforest,2015-04-01,6009.0,299.81
randomforest,2015-05-01,3454.0,311.12
randomforest,2015-06-01,1852.0,319.36
randomforest,2015-07-01,1579.0,309.43
randomforest,2015-08-01,2407.0,298.46
randomforest,2015-09-01,1575.0,281.77
randomforest,2015-10-01,2422.0,273.68
randomforest,2014-12-01,624.0,408.69
randomforest,2015-01-01,1909.0,329.14
randomforest,2015-02-01,2671.0,297.38
randomforest,2015-03-01,8504.0,293.29
randomforest,2015-04-01,6009.0,312.72
randomforest,2015-05-01,3454.0,320.75
randomforest,2015-06-01,1852.0,326.72
randomforest,2015-07-01,1579.0,317.48
randomforest,2015-08-01,2407.0,317.85
randomforest,2015-09-01,1575.0,304.13
randomforest,2015-10-01,2422.0,303.63
randomforest,2015-11-01,5563.0,352.58
randomforest,2015-01-01,1909.0,529.37
randomforest,2015-02-01,2671.0,431.62
randomforest,2015-03-01,8504.0,346.43
randomforest,2015-04-01,6009.0,329.64
randomforest,2015-05-01,3454.0,327.88
randomforest,2015-06-01,1852.0,332.41
randomforest,2015-07-01,1579.0,341.2
randomforest,2015-08-01,2407.0,331.84
randomforest,2015-09-01,1575.0,326.64
randomforest,2015-10-01,2422.0,337.57
randomforest,2015-11-01,5563.0,380.68
randomforest,2015-12-01,3416.0,393.98
randomforest,2015-02-01,2671.0,2217.84
randomforest,2015-03-01,8504.0,2430.16
randomforest,2015-04-01,6009.0,2713.7
randomforest,2015-05-01,3454.0,2826.6
randomforest,2015-06-01,1852.0,2766.26
randomforest,2015-07-01,1579.0,2530.7
randomforest,2015-08-01,2407.0,2421.41
randomforest,2015-09-01,1575.0,2247.1
randomforest,2015-10-01,2422.0,2223.03
randomforest,2015-11-01,5563.0,2339.32
randomforest,2015-12-01,3416.0,2580.64
randomforest,2016-01-01,7561.0,2707.13
randomforest,2015-03-01,8504.0,2628.76
randomforest,2015-04-01,6009.0,2740.38
randomforest,2015-05-01,3454.0,2776.29
randomforest,2015-06-01,1852.0,2730.54
randomforest,2015-07-01,1579.0,2701.64
randomforest,2015-08-01,2407.0,2511.5
randomforest,2015-09-01,1575.0,2572.8
randomforest,2015-10-01,2422.0,2743.74
randomforest,2015-11-01,5563.0,2872.15
randomforest,2015-12-01,3416.0,2951.86
randomforest,2016-01-01,7561.0,2957.31
randomforest,2016-02-01,6961.0,2696.55
randomforest,2015-04-01,6009.0,5863.23
randomforest,2015-05-01,3454.0,5616.08
randomforest,2015-06-01,1852.0,5227.14
randomforest,2015-07-01,1579.0,4985.86
randomforest,2015-08-01,2407.0,4655.78
randomforest,2015-09-01,1575.0,4291.63
randomforest,2015-10-01,2422.0,4032.33
randomforest,2015-11-01,5563.0,4021.48
randomforest,2015-12-01,3416.0,3864.62
randomforest,2016-01-01,7561.0,3251.27
randomforest,2016-02-01,6961.0,3242.77
randomforest,2016-03-01,3134.0,3818.88
randomforest,2015-05-01,3454.0,5764.0
randomforest,2015-06-01,1852.0,5133.37
randomforest,2015-07-01,1579.0,4869.34
randomforest,2015-08-01,2407.0,4521.99
randomforest,2015-09-01,1575.0,4256.0
randomforest,2015-10-01,2422.0,4021.72
randomforest,2015-11-01,5563.0,4124.77
randomforest,2015-12-01,3416.0,3939.44
randomforest,2016-01-01,7561.0,3294.14
randomforest,2016-02-01,6961.0,3274.2
randomforest,2016-03-01,3134.0,3875.49
randomforest,2016-04-01,1931.0,3995.82
randomforest,2015-06-01,1852.0,3763.46
randomforest,2015-07-01,1579.0,3742.49
randomforest,2015-08-01,2407.0,3580.31
randomforest,2015-09-01,1575.0,3335.42
randomforest,2015-10-01,2422.0,3128.14
randomforest,2015-11-01,5563.0,3167.63
randomforest,2015-12-01,3416.0,2993.1
randomforest,2016-01-01,7561.0,3103.73
randomforest,2016-02-01,6961.0,2812.77
randomforest,2016-03-01,3134.0,3153.94
randomforest,2016-04-01,1931.0,2999.92
randomforest,2016-05-01,1520.0,3126.64
randomforest,2015-07-01,1579.0,2800.3
randomforest,2015-08-01,2407.0,3178.26
randomforest,2015-09-01,1575.0,3300.31
randomforest,2015-10-01,2422.0,3220.27
randomforest,2015-11-01,5563.0,3020.46
randomforest,2015-12-01,3416.0,2941.9
randomforest,2016-01-01,7561.0,2988.67
randomforest,2016-02-01,6961.0,2955.09
randomforest,2016-03-01,3134.0,3063.04
randomforest,2016-04-01,1931.0,2883.72
randomforest,2016-05-01,1520.0,2926.99
randomforest,2016-06-01,947.0,2925.72
randomforest,2015-08-01,2407.0,2139.65
randomforest,2015-09-01,1575.0,2619.57
randomforest,2015-10-01,2422.0,3386.91
randomforest,2015-11-01,5563.0,3464.48
randomforest,2015-12-01,3416.0,3386.91
randomforest,2016-01-01,7561.0,2768.14
randomforest,2016-02-01,6961.0,2656.35
randomforest,2016-03-01,3134.0,2660.92
randomforest,2016-04-01,1931.0,2761.02
randomforest,2016-05-01,1520.0,2785.32
randomforest,2016-06-01,947.0,2818.74
randomforest,2016-07-01,631.0,2891.6
randomforest,2015-09-01,1575.0,2970.31
randomforest,2015-10-01,2422.0,3512.14
randomforest,2015-11-01,5563.0,3569.65
randomforest,2015-12-01,3416.0,3136.01
randomforest,2016-01-01,7561.0,2633.25
randomforest,2016-02-01,6961.0,2588.9
randomforest,2016-03-01,3134.0,2859.57
randomforest,2016-04-01,1931.0,2942.45
randomforest,2016-05-01,1520.0,3009.18
randomforest,2016-06-01,947.0,2980.94
randomforest,2016-07-01,631.0,2945.58
randomforest,2016-08-01,434.0,3000.66
randomforest,2015-10-01,2422.0,2579.49
randomforest,2015-11-01,5563.0,3126.72
randomforest,2015-12-01,3416.0,3015.81
randomforest,2016-01-01,7561.0,3067.68
randomforest,2016-02-01,6961.0,2595.63
randomforest,2016-03-01,3134.0,2287.32
randomforest,2016-04-01,1931.0,2167.88
randomforest,2016-05-01,1520.0,2194.41
randomforest,2016-06-01,947.0,2257.3
randomforest,2016-07-01,631.0,2637.8
randomforest,2016-08-01,434.0,2996.31
randomforest,2016-09-01,341.0,3071.24
randomforest,2015-11-01,5563.0,2722.6
randomforest,2015-12-01,3416.0,2952.06
randomforest,2016-01-01,7561.0,2904.13
randomforest,2016-02-01,6961.0,2734.58
randomforest,2016-03-01,3134.0,2413.09
randomforest,2016-04-01,1931.0,2233.5
randomforest,2016-05-01,1520.0,2149.61
randomforest,2016-06-01,947.0,2221.75
randomforest,2016-07-01,631.0,2397.35
randomforest,2016-08-01,434.0,2547.65
randomforest,2016-09-01,341.0,2830.22
randomforest,2016-10-01,389.0,2874.33
randomforest,2015-12-01,3416.0,3774.55
randomforest,2016-01-01,7561.0,3418.72
randomforest,2016-02-01,6961.0,2873.8
randomforest,2016-03-01,3134.0,2690.6
randomforest,2016-04-01,1931.0,3019.38
randomforest,2016-05-01,1520.0,3034.46
randomforest,2016-06-01,947.0,3185.75
randomforest,2016-07-01,631.0,3126.01
randomforest,2016-08-01,434.0,2986.11
randomforest,2016-09-01,341.0,2991.51
randomforest,2016-10-01,389.0,3072.39
randomforest,2016-11-01,268.0,3034.48
randomforest,2016-01-01,7561.0,3285.26
randomforest,2016-02-01,6961.0,3003.64
randomforest,2016-03-01,3134.0,2623.74
randomforest,2016-04-01,1931.0,2809.88
randomforest,2016-05-01,1520.0,2774.1
randomforest,2016-06-01,947.0,2915.32
randomforest,2016-07-01,631.0,2921.86
randomforest,2016-08-01,434.0,2880.56
randomforest,2016-09-01,341.0,2901.38
randomforest,2016-10-01,389.0,2818.2
randomforest,2016-11-01,268.0,2804.51
randomforest,2016-12-01,604.0,3044.65
randomforest,2016-02-01,6961.0,4034.1
randomforest,2016-03-01,3134.0,3235.74
randomforest,2016-04-01,1931.0,3646.87
randomforest,2016-05-01,1520.0,2977.06
randomforest,2016-06-01,947.0,3605.05
randomforest,2016-07-01,631.0,3041.7
randomforest,2016-08-01,434.0,3726.61
randomforest,2016-09-01,341.0,3334.47
randomforest,2016-10-01,389.0,3799.27
randomforest,2016-11-01,268.0,3582.64
randomforest,2016-12-01,604.0,3239.3
randomforest,2017-01-01,343.0,3629.21
randomforest,2016-03-01,3134.0,4536.49
randomforest,2016-04-01,1931.0,4115.32
randomforest,2016-05-01,1520.0,3677.66
randomforest,2016-06-01,947.0,3504.97
randomforest,2016-07-01,631.0,3693.64
randomforest,2016-08-01,434.0,3708.59
randomforest,2016-09-01,341.0,3920.16
randomforest,2016-10-01,389.0,3940.93
randomforest,2016-11-01,268.0,3866.22
randomforest,2016-12-01,604.0,3948.57
randomforest,2017-01-01,343.0,3892.15
randomforest,2017-02-01,366.0,3537.45
randomforest,2016-04-01,1931.0,3783.0
randomforest,2016-05-01,1520.0,3394.34
randomforest,2016-06-01,947.0,3936.89
randomforest,2016-07-01,631.0,3718.87
randomforest,2016-08-01,434.0,3774.2
randomforest,2016-09-01,341.0,4092.31
randomforest,2016-10-01,389.0,3807.75
randomforest,2016-11-01,268.0,4153.92
randomforest,2016-12-01,604.0,4246.92
randomforest,2017-01-01,343.0,3595.87
randomforest,2017-02-01,366.0,3527.22
randomforest,2017-03-01,458.0,3613.89
randomforest,2016-05-01,1520.0,2476.42
randomforest,2016-06-01,947.0,2990.6
randomforest,2016-07-01,631.0,3355.71
randomforest,2016-08-01,434.0,4244.36
randomforest,2016-09-01,341.0,4706.89
randomforest,2016-10-01,389.0,3515.7
randomforest,2016-11-01,268.0,3980.9
randomforest,2016-12-01,604.0,4044.8
randomforest,2017-01-01,343.0,3296.0
randomforest,2017-02-01,366.0,3119.55
randomforest,2017-03-01,458.0,3210.56
randomforest,2017-04-01,441.0,3529.84
randomforest,2016-06-01,947.0,2120.36
randomforest,2016-07-01,631.0,2319.91
randomforest,2016-08-01,434.0,3277.45
randomforest,2016-09-01,341.0,5225.58
randomforest,2016-10-01,389.0,4188.33
randomforest,2016-11-01,268.0,4354.76
randomforest,2016-12-01,604.0,3367.59
randomforest,2017-01-01,343.0,2758.28
randomforest,2017-02-01,366.0,2652.71
randomforest,2017-03-01,458.0,2942.42
randomforest,2017-04-01,441.0,3285.1
randomforest,2017-05-01,344.0,3394.96
randomforest,2016-07-01,631.0,911.43
randomforest,2016-08-01,434.0,884.17
randomforest,2016-09-01,341.0,1093.6
randomforest,2016-10-01,389.0,870.02
randomforest,2016-11-01,268.0,898.47
randomforest,2016-12-01,604.0,925.04
randomforest,2017-01-01,343.0,795.06
randomforest,2017-02-01,366.0,784.53
randomforest,2017-03-01,458.0,781.08
randomforest,2017-04-01,441.0,785.04
randomforest,2017-05-01,344.0,733.06
randomforest,2017-06-01,335.0,678.18
randomforest,2016-08-01,434.0,716.45
randomforest,2016-09-01,341.0,930.46
randomforest,2016-10-01,389.0,790.4
randomforest,2016-11-01,268.0,866.64
randomforest,2016-12-01,604.0,904.89
randomforest,2017-01-01,343.0,818.01
randomforest,2017-02-01,366.0,797.85
randomforest,2017-03-01,458.0,816.68
randomforest,2017-04-01,441.0,824.12
randomforest,2017-05-01,344.0,743.81
randomforest,2017-06-01,335.0,627.71
randomforest,2017-07-01,297.0,662.79
randomforest,2016-09-01,341.0,474.68
randomforest,2016-10-01,389.0,340.97
randomforest,2016-11-01,268.0,426.49
randomforest,2016-12-01,604.0,463.12
randomforest,2017-01-01,343.0,412.84
randomforest,2017-02-01,366.0,366.79
randomforest,2017-03-01,458.0,388.91
randomforest,2017-04-01,441.0,390.17
randomforest,2017-05-01,344.0,357.5
randomforest,2017-06-01,335.0,327.1
randomforest,2017-07-01,297.0,323.37
randomforest,2017-08-01,269.0,292.84
randomforest,2016-10-01,389.0,265.56
randomforest,2016-11-01,268.0,394.4
randomforest,2016-12-01,604.0,468.86
randomforest,2017-01-01,343.0,419.43
randomforest,2017-02-01,366.0,384.59
randomforest,2017-03-01,458.0,402.99
randomforest,2017-04-01,441.0,407.95
randomforest,2017-05-01,344.0,368.81
randomforest,2017-06-01,335.0,317.31
randomforest,2017-07-01,297.0,308.52
randomforest,2017-08-01,269.0,308.52
randomforest,2017-09-01,271.0,303.97
randomforest,2016-11-01,268.0,405.93
randomforest,2016-12-01,604.0,431.35
randomforest,2017-01-01,343.0,432.61
randomforest,2017-02-01,366.0,427.34
randomforest,2017-03-01,458.0,434.79
randomforest,2017-04-01,441.0,440.21
randomforest,2017-05-01,344.0,398.6
randomforest,2017-06-01,335.0,328.14
randomforest,2017-07-01,297.0,322.57
randomforest,2017-08-01,269.0,321.0
randomforest,2017-09-01,271.0,317.87
randomforest,2017-10-01,252.0,305.53
randomforest,2016-12-01,604.0,295.43
randomforest,2017-01-01,343.0,373.41
randomforest,2017-02-01,366.0,385.04
randomforest,2017-03-01,458.0,406.56
randomforest,2017-04-01,441.0,411.37
randomforest,2017-05-01,344.0,379.23
randomforest,2017-06-01,335.0,315.94
randomforest,2017-07-01,297.0,303.4
randomforest,2017-08-01,269.0,300.28
randomforest,2017-09-01,271.0,295.58
randomforest,2017-10-01,252.0,273.27
randomforest,2017-11-01,152.0,268.91
randomforest,2017-01-01,343.0,791.24
randomforest,2017-02-01,366.0,783.33
randomforest,2017-03-01,458.0,794.8
randomforest,2017-04-01,441.0,793.89
randomforest,2017-05-01,344.0,729.01
randomforest,2017-06-01,335.0,613.28
randomforest,2017-07-01,297.0,700.81
randomforest,2017-08-01,269.0,770.02
randomforest,2017-09-01,271.0,802.65
randomforest,2017-10-01,252.0,844.93
randomforest,2017-11-01,152.0,808.44
randomforest,2017-12-01,203.0,781.3
randomforest,2017-02-01,366.0,501.9
randomforest,2017-03-01,458.0,481.74
randomforest,2017-04-01,441.0,407.17
randomforest,2017-05-01,344.0,372.46
randomforest,2017-06-01,335.0,318.46
randomforest,2017-07-01,297.0,304.02
randomforest,2017-08-01,269.0,308.16
randomforest,2017-09-01,271.0,326.83
randomforest,2017-10-01,252.0,328.99
randomforest,2017-11-01,152.0,323.83
randomforest,2017-12-01,203.0,328.98
randomforest,2018-01-01,158.0,340.74
randomforest,2017-03-01,458.0,425.06
randomforest,2017-04-01,441.0,401.98
randomforest,2017-05-01,344.0,372.36
randomforest,2017-06-01,335.0,328.21
randomforest,2017-07-01,297.0,313.54
randomforest,2017-08-01,269.0,306.47
randomforest,2017-09-01,271.0,345.29
randomforest,2017-10-01,252.0,337.57
randomforest,2017-11-01,152.0,325.84
randomforest,2017-12-01,203.0,328.17
randomforest,2018-01-01,158.0,337.33
randomforest,2018-02-01,240.0,338.6
randomforest,2017-04-01,441.0,405.46
randomforest,2017-05-01,344.0,388.21
randomforest,2017-06-01,335.0,349.28
randomforest,2017-07-01,297.0,326.5
randomforest,2017-08-01,269.0,310.19
randomforest,2017-09-01,271.0,342.49
randomforest,2017-10-01,252.0,324.82
randomforest,2017-11-01,152.0,326.43
randomforest,2017-12-01,203.0,324.48
randomforest,2018-01-01,158.0,337.24
randomforest,2018-02-01,240.0,337.14
randomforest,2018-03-01,311.0,348.75
randomforest,2017-05-01,344.0,397.79
randomforest,2017-06-01,335.0,341.6
randomforest,2017-07-01,297.0,325.67
randomforest,2017-08-01,269.0,313.3
randomforest,2017-09-01,271.0,362.04
randomforest,2017-10-01,252.0,337.64
randomforest,2017-11-01,152.0,343.08
randomforest,2017-12-01,203.0,346.48
randomforest,2018-01-01,158.0,348.77
randomforest,2018-02-01,240.0,352.73
randomforest,2018-03-01,311.0,362.65
randomforest,2018-04-01,699.0,361.61
randomforest,2017-06-01,335.0,356.73
randomforest,2017-07-01,297.0,312.42
randomforest,2017-08-01,269.0,346.16
randomforest,2017-09-01,271.0,324.31
randomforest,2017-10-01,252.0,359.1
randomforest,2017-11-01,152.0,344.05
randomforest,2017-12-01,203.0,354.57
randomforest,2018-01-01,158.0,341.37
randomforest,2018-02-01,240.0,364.18
randomforest,2018-03-01,311.0,338.57
randomforest,2018-04-01,699.0,378.46
randomforest,2018-05-01,515.0,351.62
randomforest,2017-07-01,297.0,310.09
randomforest,2017-08-01,269.0,342.07
randomforest,2017-09-01,271.0,344.92
randomforest,2017-10-01,252.0,353.87
randomforest,2017-11-01,152.0,335.24
randomforest,2017-12-01,203.0,335.47
randomforest,2018-01-01,158.0,341.82
randomforest,2018-02-01,240.0,361.86
randomforest,2018-03-01,311.0,354.78
randomforest,2018-04-01,699.0,384.12
randomforest,2018-05-01,515.0,350.82
randomforest,2018-06-01,402.0,359.75
randomforest,2017-08-01,269.0,334.21
randomforest,2017-09-01,271.0,346.77
randomforest,2017-10-01,252.0,361.51
randomforest,2017-11-01,152.0,350.16
randomforest,2017-12-01,203.0,336.73
randomforest,2018-01-01,158.0,336.44
randomforest,2018-02-01,240.0,360.97
randomforest,2018-03-01,311.0,358.31
randomforest,2018-04-01,699.0,386.69
randomforest,2018-05-01,515.0,357.99
randomforest,2018-06-01,402.0,357.91
randomforest,2018-07-01,476.0,330.92
randomforest,2017-09-01,271.0,338.71
randomforest,2017-10-01,252.0,347.54
randomforest,2017-11-01,152.0,338.14
randomforest,2017-12-01,203.0,336.26
randomforest,2018-01-01,158.0,314.94
randomforest,2018-02-01,240.0,348.87
randomforest,2018-03-01,311.0,341.08
randomforest,2018-04-01,699.0,367.41
randomforest,2018-05-01,515.0,333.96
randomforest,2018-06-01,402.0,369.42
randomforest,2018-07-01,476.0,324.6
randomforest,2018-08-01,294.0,367.51
randomforest,2017-10-01,252.0,322.7
randomforest,2017-11-01,152.0,318.55
randomforest,2017-12-01,203.0,327.47
randomforest,2018-01-01,158.0,334.59
randomforest,2018-02-01,240.0,335.22
randomforest,2018-03-01,311.0,318.04
randomforest,2018-04-01,699.0,346.74
randomforest,2018-05-01,515.0,339.44
randomforest,2018-06-01,402.0,345.6
randomforest,2018-07-01,476.0,339.77
randomforest,2018-08-01,294.0,341.76
randomforest,2018-09-01,325.0,327.31
randomforest,2017-11-01,152.0,254.26
randomforest,2017-12-01,203.0,260.74
randomforest,2018-01-01,158.0,278.91
randomforest,2018-02-01,240.0,324.1
randomforest,2018-03-01,311.0,330.99
randomforest,2018-04-01,699.0,367.71
randomforest,2018-05-01,515.0,363.48
randomforest,2018-06-01,402.0,350.1
randomforest,2018-07-01,476.0,333.32
randomforest,2018-08-01,294.0,318.08
randomforest,2018-09-01,325.0,318.55
randomforest,2018-10-01,231.0,356.44
randomforest,2017-12-01,203.0,235.77
randomforest,2018-01-01,158.0,248.62
randomforest,2018-02-01,240.0,264.94
randomforest,2018-03-01,311.0,334.19
randomforest,2018-04-01,699.0,427.36
randomforest,2018-05-01,515.0,400.52
randomforest,2018-06-01,402.0,383.91
randomforest,2018-07-01,476.0,336.23
randomforest,2018-08-01,294.0,337.03
randomforest,2018-09-01,325.0,336.39
randomforest,2018-10-01,231.0,387.21
randomforest,2018-11-01,244.0,416.26
randomforest,2018-01-01,158.0,257.01
randomforest,2018-02-01,240.0,281.72
randomforest,2018-03-01,311.0,340.53
randomforest,2018-04-01,699.0,424.87
randomforest,2018-05-01,515.0,437.45
randomforest,2018-06-01,402.0,404.09
randomforest,2018-07-01,476.0,327.54
randomforest,2018-08-01,294.0,318.56
randomforest,2018-09-01,325.0,334.85
randomforest,2018-10-01,231.0,393.08
randomforest,2018-11-01,244.0,436.46
randomforest,2018-12-01,273.0,473.37
randomforest,2018-02-01,240.0,255.36
randomforest,2018-03-01,311.0,283.49
randomforest,2018-04-01,699.0,407.42
randomforest,2018-05-01,515.0,441.06
randomforest,2018-06-01,402.0,460.04
randomforest,2018-07-01,476.0,406.62
randomforest,2018-08-01,294.0,334.14
randomforest,2018-09-01,325.0,322.67
randomforest,2018-10-01,231.0,361.28
randomforest,2018-11-01,244.0,410.8
randomforest,2018-12-01,273.0,457.09
randomforest,2019-01-01,175.0,491.17
randomforest,2018-03-01,311.0,283.66
randomforest,2018-04-01,699.0,399.29
randomforest,2018-05-01,515.0,425.38
randomforest,2018-06-01,402.0,441.21
randomforest,2018-07-01,476.0,378.0
randomforest,2018-08-01,294.0,327.32
randomforest,2018-09-01,325.0,318.45
randomforest,2018-10-01,231.0,356.22
randomforest,2018-11-01,244.0,418.19
randomforest,2018-12-01,273.0,478.58
randomforest,2019-01-01,175.0,512.96
randomforest,2019-02-01,378.0,522.31
randomforest,2018-04-01,699.0,425.01
randomforest,2018-05-01,515.0,434.58
randomforest,2018-06-01,402.0,441.62
randomforest,2018-07-01,476.0,357.14
randomforest,2018-08-01,294.0,322.19
randomforest,2018-09-01,325.0,319.41
randomforest,2018-10-01,231.0,357.04
randomforest,2018-11-01,244.0,418.56
randomforest,2018-12-01,273.0,469.78
randomforest,2019-01-01,175.0,493.54
randomforest,2019-02-01,378.0,465.27
randomforest,2019-03-01,675.0,411.31
randomforest,2018-05-01,515.0,1045.19
randomforest,2018-06-01,402.0,1023.54
randomforest,2018-07-01,476.0,989.84
randomforest,2018-08-01,294.0,1000.78
randomforest,2018-09-01,325.0,1043.34
randomforest,2018-10-01,231.0,1039.97
randomforest,2018-11-01,244.0,1119.09
randomforest,2018-12-01,273.0,1139.26
randomforest,2019-01-01,175.0,1229.35
randomforest,2019-02-01,378.0,1250.81
randomforest,2019-03-01,675.0,1207.09
randomforest,2019-04-01,983.0,1108.19
randomforest,2018-06-01,402.0,541.02
randomforest,2018-07-01,476.0,403.63
randomforest,2018-08-01,294.0,333.12
randomforest,2018-09-01,325.0,328.75
randomforest,2018-10-01,231.0,372.74
randomforest,2018-11-01,244.0,437.91
randomforest,2018-12-01,273.0,489.32
randomforest,2019-01-01,175.0,506.55
randomforest,2019-02-01,378.0,496.06
randomforest,2019-03-01,675.0,448.23
randomforest,2019-04-01,983.0,385.52
randomforest,2019-05-01,1336.0,369.48
randomforest,2018-07-01,476.0,350.87
randomforest,2018-08-01,294.0,338.85
randomforest,2018-09-01,325.0,337.62
randomforest,2018-10-01,231.0,368.91
randomforest,2018-11-01,244.0,422.31
randomforest,2018-12-01,273.0,484.34
randomforest,2019-01-01,175.0,517.51
randomforest,2019-02-01,378.0,510.16
randomforest,2019-03-01,675.0,476.41
randomforest,2019-04-01,983.0,406.39
randomforest,2019-05-01,1336.0,380.93
randomforest,2019-06-01,1484.0,384.27
randomforest,2018-08-01,294.0,376.11
randomforest,2018-09-01,325.0,344.4
randomforest,2018-10-01,231.0,375.46
randomforest,2018-11-01,244.0,407.21
randomforest,2018-12-01,273.0,481.46
randomforest,2019-01-01,175.0,527.83
randomforest,2019-02-01,378.0,518.93
randomforest,2019-03-01,675.0,482.79
randomforest,2019-04-01,983.0,421.0
randomforest,2019-05-01,1336.0,395.91
randomforest,2019-06-01,1484.0,398.51
randomforest,2019-07-01,1160.0,386.0
randomforest,2018-09-01,325.0,292.18
randomforest,2018-10-01,231.0,330.46
randomforest,2018-11-01,244.0,391.92
randomforest,2018-12-01,273.0,479.25
randomforest,2019-01-01,175.0,538.88
randomforest,2019-02-01,378.0,537.69
randomforest,2019-03-01,675.0,497.95
randomforest,2019-04-01,983.0,408.77
randomforest,2019-05-01,1336.0,376.8
randomforest,2019-06-01,1484.0,379.56
randomforest,2019-07-01,1160.0,368.69
randomforest,2019-08-01,1157.0,360.26
randomforest,2018-10-01,231.0,347.4
randomforest,2018-11-01,244.0,393.1
randomforest,2018-12-01,273.0,491.95
randomforest,2019-01-01,175.0,529.24
randomforest,2019-02-01,378.0,513.75
randomforest,2019-03-01,675.0,451.57
randomforest,2019-04-01,983.0,386.82
randomforest,2019-05-01,1336.0,366.5
randomforest,2019-06-01,1484.0,376.75
randomforest,2019-07-01,1160.0,362.53
randomforest,2019-08-01,1157.0,351.67
randomforest,2019-09-01,1364.0,321.66
randomforest,2018-11-01,244.0,294.75
randomforest,2018-12-01,273.0,430.61
randomforest,2019-01-01,175.0,514.57
randomforest,2019-02-01,378.0,514.89
randomforest,2019-03-01,675.0,436.49
randomforest,2019-04-01,983.0,380.56
randomforest,2019-05-01,1336.0,374.87
randomforest,2019-06-01,1484.0,367.64
randomforest,2019-07-01,1160.0,366.95
randomforest,2019-08-01,1157.0,332.35
randomforest,2019-09-01,1364.0,307.17
randomforest,2019-10-01,800.0,307.37
randomforest,2018-12-01,273.0,340.77
randomforest,2019-01-01,175.0,500.32
randomforest,2019-02-01,378.0,551.84
randomforest,2019-03-01,675.0,559.28
randomforest,2019-04-01,983.0,475.57
randomforest,2019-05-01,1336.0,396.74
randomforest,2019-06-01,1484.0,373.2
randomforest,2019-07-01,1160.0,356.35
randomforest,2019-08-01,1157.0,323.74
randomforest,2019-09-01,1364.0,305.1
randomforest,2019-10-01,800.0,319.44
randomforest,2019-11-01,496.0,490.4
randomforest,2019-01-01,175.0,400.76
randomforest,2019-02-01,378.0,433.58
randomforest,2019-03-01,675.0,437.05
randomforest,2019-04-01,983.0,425.75
randomforest,2019-05-01,1336.0,400.72
randomforest,2019-06-01,1484.0,378.3
randomforest,2019-07-01,1160.0,367.45
randomforest,2019-08-01,1157.0,333.43
randomforest,2019-09-01,1364.0,290.85
randomforest,2019-10-01,800.0,286.81
randomforest,2019-11-01,496.0,526.49
randomforest,2019-12-01,297.0,552.37
randomforest,2019-02-01,378.0,251.58
randomforest,2019-03-01,675.0,301.04
randomforest,2019-04-01,983.0,363.15
randomforest,2019-05-01,1336.0,425.46
randomforest,2019-06-01,1484.0,494.72
randomforest,2019-07-01,1160.0,426.76
randomforest,2019-08-01,1157.0,344.22
randomforest,2019-09-01,1364.0,318.81
randomforest,2019-10-01,800.0,309.02
randomforest,2019-11-01,496.0,509.74
randomforest,2019-12-01,297.0,527.57
randomforest,2020-01-01,289.0,627.19
randomforest,2019-03-01,675.0,386.53
randomforest,2019-04-01,983.0,404.62
randomforest,2019-05-01,1336.0,410.88
randomforest,2019-06-01,1484.0,463.74
randomforest,2019-07-01,1160.0,397.23
randomforest,2019-08-01,1157.0,332.53
randomforest,2019-09-01,1364.0,300.48
randomforest,2019-10-01,800.0,284.73
randomforest,2019-11-01,496.0,462.24
randomforest,2019-12-01,297.0,460.7
randomforest,2020-01-01,289.0,569.34
randomforest,2020-02-01,294.0,477.23
randomforest,2019-04-01,983.0,947.47
randomforest,2019-05-01,1336.0,973.5
randomforest,2019-06-01,1484.0,939.47
randomforest,2019-07-01,1160.0,827.73
randomforest,2019-08-01,1157.0,771.33
randomforest,2019-09-01,1364.0,796.51
randomforest,2019-10-01,800.0,895.06
randomforest,2019-11-01,496.0,1136.42
randomforest,2019-12-01,297.0,1172.0
randomforest,2020-01-01,289.0,1138.0
randomforest,2020-02-01,294.0,1074.62
randomforest,2020-03-01,251.0,919.23
randomforest,2019-05-01,1336.0,896.63
randomforest,2019-06-01,1484.0,912.82
randomforest,2019-07-01,1160.0,839.38
randomforest,2019-08-01,1157.0,859.68
randomforest,2019-09-01,1364.0,890.36
randomforest,2019-10-01,800.0,973.78
randomforest,2019-11-01,496.0,1210.5
randomforest,2019-12-01,297.0,1202.56
randomforest,2020-01-01,289.0,1096.5
randomforest,2020-02-01,294.0,1072.88
randomforest,2020-03-01,251.0,879.67
randomforest,2020-04-01,104.0,872.1
randomforest,2019-06-01,1484.0,1450.25
randomforest,2019-07-01,1160.0,2024.31
randomforest,2019-08-01,1157.0,2741.9
randomforest,2019-09-01,1364.0,4262.02
randomforest,2019-10-01,800.0,3976.0
randomforest,2019-11-01,496.0,3561.78
randomforest,2019-12-01,297.0,2900.71
randomforest,2020-01-01,289.0,3439.14
randomforest,2020-02-01,294.0,3610.62
randomforest,2020-03-01,251.0,4007.26
randomforest,2020-04-01,104.0,3988.63
randomforest,2020-05-01,222.0,3766.94
randomforest,2019-07-01,1160.0,1843.27
randomforest,2019-08-01,1157.0,2618.25
randomforest,2019-09-01,1364.0,4324.48
randomforest,2019-10-01,800.0,4081.79
randomforest,2019-11-01,496.0,3802.2
randomforest,2019-12-01,297.0,2917.01
randomforest,2020-01-01,289.0,3484.87
randomforest,2020-02-01,294.0,3559.23
randomforest,2020-03-01,251.0,4023.8
randomforest,2020-04-01,104.0,4113.5
randomforest,2020-05-01,222.0,3762.01
randomforest,2020-06-01,601.0,2954.73
randomforest,2019-08-01,1157.0,1286.69
randomforest,2019-09-01,1364.0,1322.41
randomforest,2019-10-01,800.0,1465.87
randomforest,2019-11-01,496.0,1619.92
randomforest,2019-12-01,297.0,2765.97
randomforest,2020-01-01,289.0,5093.05
randomforest,2020-02-01,294.0,4938.79
randomforest,2020-03-01,251.0,4971.57
randomforest,2020-04-01,104.0,3585.9
randomforest,2020-05-01,222.0,3235.67
randomforest,2020-06-01,601.0,2683.84
randomforest,2020-07-01,804.0,2787.03
randomforest,2019-09-01,1364.0,1249.0
randomforest,2019-10-01,800.0,1423.73
randomforest,2019-11-01,496.0,1603.72
randomforest,2019-12-01,297.0,2725.11
randomforest,2020-01-01,289.0,5022.84
randomforest,2020-02-01,294.0,5002.1
randomforest,2020-03-01,251.0,4988.73
randomforest,2020-04-01,104.0,3591.74
randomforest,2020-05-01,222.0,3176.67
randomforest,2020-06-01,601.0,2693.16
randomforest,2020-07-01,804.0,2841.43
randomforest,2020-08-01,696.0,3150.52
randomforest,2019-10-01,800.0,1557.72
randomforest,2019-11-01,496.0,2505.24
randomforest,2019-12-01,297.0,4107.87
randomforest,2020-01-01,289.0,4583.62
randomforest,2020-02-01,294.0,4883.47
randomforest,2020-03-01,251.0,4367.45
randomforest,2020-04-01,104.0,3433.0
randomforest,2020-05-01,222.0,3102.07
randomforest,2020-06-01,601.0,2632.26
randomforest,2020-07-01,804.0,2947.21
randomforest,2020-08-01,696.0,3093.17
randomforest,2020-09-01,490.0,3553.04
randomforest,2019-11-01,496.0,1126.96
randomforest,2019-12-01,297.0,1441.53
randomforest,2020-01-01,289.0,1417.97
randomforest,2020-02-01,294.0,1461.0
randomforest,2020-03-01,251.0,1317.91
randomforest,2020-04-01,104.0,1146.53
randomforest,2020-05-01,222.0,1257.77
randomforest,2020-06-01,601.0,1221.84
randomforest,2020-07-01,804.0,1140.42
randomforest,2020-08-01,696.0,1089.78
randomforest,2020-09-01,490.0,987.47
randomforest,2020-10-01,344.0,894.26
randomforest,2019-12-01,297.0,453.88
randomforest,2020-01-01,289.0,488.82
randomforest,2020-02-01,294.0,394.68
randomforest,2020-03-01,251.0,321.96
randomforest,2020-04-01,104.0,308.33
randomforest,2020-05-01,222.0,289.59
randomforest,2020-06-01,601.0,313.84
randomforest,2020-07-01,804.0,310.13
randomforest,2020-08-01,696.0,333.3
randomforest,2020-09-01,490.0,372.29
randomforest,2020-10-01,344.0,445.37
randomforest,2020-11-01,258.0,386.07
randomforest,2020-01-01,289.0,399.43
randomforest,2020-02-01,294.0,330.84
randomforest,2020-03-01,251.0,304.68
randomforest,2020-04-01,104.0,310.3
randomforest,2020-05-01,222.0,304.12
randomforest,2020-06-01,601.0,347.74
randomforest,2020-07-01,804.0,379.8
randomforest,2020-08-01,696.0,370.34
randomforest,2020-09-01,490.0,386.31
randomforest,2020-10-01,344.0,318.27
randomforest,2020-11-01,258.0,308.04
randomforest,2020-12-01,141.0,289.51
randomforest,2020-02-01,294.0,271.98
randomforest,2020-03-01,251.0,276.07
randomforest,2020-04-01,104.0,310.9
randomforest,2020-05-01,222.0,354.33
randomforest,2020-06-01,601.0,428.56
randomforest,2020-07-01,804.0,410.74
randomforest,2020-08-01,696.0,387.18
randomforest,2020-09-01,490.0,333.15
randomforest,2020-10-01,344.0,303.62
randomforest,2020-11-01,258.0,287.47
randomforest,2020-12-01,141.0,291.98
randomforest,2021-01-01,238.0,307.72
randomforest,2020-03-01,251.0,304.69
randomforest,2020-04-01,104.0,349.29
randomforest,2020-05-01,222.0,387.27
randomforest,2020-06-01,601.0,425.66
randomforest,2020-07-01,804.0,387.79
randomforest,2020-08-01,696.0,327.95
randomforest,2020-09-01,490.0,319.71
randomforest,2020-10-01,344.0,288.44
randomforest,2020-11-01,258.0,291.52
randomforest,2020-12-01,141.0,305.86
randomforest,2021-01-01,238.0,355.58
randomforest,2021-02-01,244.0,351.47
randomforest,2020-04-01,104.0,262.54
randomforest,2020-05-01,222.0,262.05
randomforest,2020-06-01,601.0,293.57
randomforest,2020-07-01,804.0,317.43
randomforest,2020-08-01,696.0,366.4
randomforest,2020-09-01,490.0,383.19
randomforest,2020-10-01,344.0,362.43
randomforest,2020-11-01,258.0,328.84
randomforest,2020-12-01,141.0,310.87
randomforest,2021-01-01,238.0,333.96
randomforest,2021-02-01,244.0,293.87
randomforest,2021-03-01,376.0,278.94
randomforest,2020-05-01,222.0,201.18
randomforest,2020-06-01,601.0,225.34
randomforest,2020-07-01,804.0,231.48
randomforest,2020-08-01,696.0,295.88
randomforest,2020-09-01,490.0,571.03
randomforest,2020-10-01,344.0,525.62
randomforest,2020-11-01,258.0,482.3
randomforest,2020-12-01,141.0,439.85
randomforest,2021-01-01,238.0,335.14
randomforest,2021-02-01,244.0,291.34
randomforest,2021-03-01,376.0,261.03
randomforest,2021-04-01,985.0,272.52
randomforest,2020-06-01,601.0,234.95
randomforest,2020-07-01,804.0,236.9
randomforest,2020-08-01,696.0,293.48
randomforest,2020-09-01,490.0,574.8
randomforest,2020-10-01,344.0,500.87
randomforest,2020-11-01,258.0,444.73
randomforest,2020-12-01,141.0,387.68
randomforest,2021-01-01,238.0,332.37
randomforest,2021-02-01,244.0,292.39
randomforest,2021-03-01,376.0,262.81
randomforest,2021-04-01,985.0,275.52
randomforest,2021-05-01,4061.0,262.16
randomforest,2020-07-01,804.0,571.15
randomforest,2020-08-01,696.0,474.43
randomforest,2020-09-01,490.0,550.93
randomforest,2020-10-01,344.0,448.6
randomforest,2020-11-01,258.0,312.38
randomforest,2020-12-01,141.0,293.01
randomforest,2021-01-01,238.0,315.12
randomforest,2021-02-01,244.0,274.71
randomforest,2021-03-01,376.0,271.93
randomforest,2021-04-01,985.0,276.53
randomforest,2021-05-01,4061.0,255.3
randomforest,2021-06-01,2800.0,240.52
randomforest,2020-08-01,696.0,862.33
randomforest,2020-09-01,490.0,777.65
randomforest,2020-10-01,344.0,662.01
randomforest,2020-11-01,258.0,641.86
randomforest,2020-12-01,141.0,619.58
randomforest,2021-01-01,238.0,669.69
randomforest,2021-02-01,244.0,752.87
randomforest,2021-03-01,376.0,850.19
randomforest,2021-04-01,985.0,1023.82
randomforest,2021-05-01,4061.0,1323.08
randomforest,2021-06-01,2800.0,1447.43
randomforest,2021-07-01,1868.0,1318.15
randomforest,2020-09-01,490.0,766.72
randomforest,2020-10-01,344.0,675.91
randomforest,2020-11-01,258.0,656.21
randomforest,2020-12-01,141.0,650.68
randomforest,2021-01-01,238.0,673.27
randomforest,2021-02-01,244.0,763.69
randomforest,2021-03-01,376.0,809.49
randomforest,2021-04-01,985.0,957.87
randomforest,2021-05-01,4061.0,1048.95
randomforest,2021-06-01,2800.0,1308.15
randomforest,2021-07-01,1868.0,1269.87
randomforest,2021-08-01,1415.0,1157.69
randomforest,2020-10-01,344.0,422.48
randomforest,2020-11-01,258.0,323.21
randomforest,2020-12-01,141.0,305.77
randomforest,2021-01-01,238.0,304.04
randomforest,2021-02-01,244.0,278.08
randomforest,2021-03-01,376.0,248.2
randomforest,2021-04-01,985.0,227.81
randomforest,2021-05-01,4061.0,218.44
randomforest,2021-06-01,2800.0,225.63
randomforest,2021-07-01,1868.0,242.91
randomforest,2021-08-01,1415.0,325.64
randomforest,2021-09-01,584.0,512.23
randomforest,2020-11-01,258.0,323.25
randomforest,2020-12-01,141.0,310.21
randomforest,2021-01-01,238.0,314.13
randomforest,2021-02-01,244.0,283.02
randomforest,2021-03-01,376.0,262.38
randomforest,2021-04-01,985.0,240.45
randomforest,2021-05-01,4061.0,216.41
randomforest,2021-06-01,2800.0,226.39
randomforest,2021-07-01,1868.0,236.92
randomforest,2021-08-01,1415.0,287.64
randomforest,2021-09-01,584.0,398.14
randomforest,2021-10-01,428.0,473.72
randomforest,2020-12-01,141.0,273.17
randomforest,2021-01-01,238.0,294.71
randomforest,2021-02-01,244.0,257.7
randomforest,2021-03-01,376.0,218.81
randomforest,2021-04-01,985.0,232.73
randomforest,2021-05-01,4061.0,235.52
randomforest,2021-06-01,2800.0,246.75
randomforest,2021-07-01,1868.0,311.65
randomforest,2021-08-01,1415.0,494.28
randomforest,2021-09-01,584.0,449.22
randomforest,2021-10-01,428.0,428.38
randomforest,2021-11-01,204.0,387.04
randomforest,2021-01-01,238.0,270.84
randomforest,2021-02-01,244.0,262.28
randomforest,2021-03-01,376.0,245.08
randomforest,2021-04-01,985.0,290.92
randomforest,2021-05-01,4061.0,478.35
randomforest,2021-06-01,2800.0,392.08
randomforest,2021-07-01,1868.0,379.53
randomforest,2021-08-01,1415.0,397.03
randomforest,2021-09-01,584.0,342.77
randomforest,2021-10-01,428.0,333.1
randomforest,2021-11-01,204.0,315.52
randomforest,2021-12-01,90.0,307.73
randomforest,2021-02-01,244.0,241.7
randomforest,2021-03-01,376.0,250.65
randomforest,2021-04-01,985.0,298.02
randomforest,2021-05-01,4061.0,509.64
randomforest,2021-06-01,2800.0,421.01
randomforest,2021-07-01,1868.0,389.7
randomforest,2021-08-01,1415.0,389.29
randomforest,2021-09-01,584.0,327.46
randomforest,2021-10-01,428.0,316.3
randomforest,2021-11-01,204.0,303.39
randomforest,2021-12-01,90.0,302.81
randomforest,2022-01-01,152.0,293.67
randomforest,2021-03-01,376.0,253.25
randomforest,2021-04-01,985.0,301.33
randomforest,2021-05-01,4061.0,515.29
randomforest,2021-06-01,2800.0,424.32
randomforest,2021-07-01,1868.0,383.73
randomforest,2021-08-01,1415.0,388.72
randomforest,2021-09-01,584.0,337.59
randomforest,2021-10-01,428.0,325.65
randomforest,2021-11-01,204.0,311.85
randomforest,2021-12-01,90.0,308.41
randomforest,2022-01-01,152.0,316.07
randomforest,2022-02-01,137.0,296.23
randomforest,2021-04-01,985.0,388.01
randomforest,2021-05-01,4061.0,543.57
randomforest,2021-06-01,2800.0,468.86
randomforest,2021-07-01,1868.0,359.81
randomforest,2021-08-01,1415.0,338.14
randomforest,2021-09-01,584.0,326.85
randomforest,2021-10-01,428.0,318.45
randomforest,2021-11-01,204.0,310.04
randomforest,2021-12-01,90.0,306.67
randomforest,2022-01-01,152.0,316.16
randomforest,2022-02-01,137.0,284.13
randomforest,2022-03-01,205.0,293.82
randomforest,2021-05-01,4061.0,1326.79
randomforest,2021-06-01,2800.0,1466.72
randomforest,2021-07-01,1868.0,1409.79
randomforest,2021-08-01,1415.0,1188.23
randomforest,2021-09-01,584.0,1121.1
randomforest,2021-10-01,428.0,1105.19
randomforest,2021-11-01,204.0,1120.93
randomforest,2021-12-01,90.0,1136.74
randomforest,2022-01-01,152.0,1126.93
randomforest,2022-02-01,137.0,1176.67
randomforest,2022-03-01,205.0,1255.18
randomforest,2022-04-01,317.0,1254.07
randomforest,2021-06-01,2800.0,5171.91
randomforest,2021-07-01,1868.0,5646.98
randomforest,2021-08-01,1415.0,5067.81
randomforest,2021-09-01,584.0,3389.85
randomforest,2021-10-01,428.0,2531.95
randomforest,2021-11-01,204.0,2644.46
randomforest,2021-12-01,90.0,3140.27
randomforest,2022-01-01,152.0,3391.26
randomforest,2022-02-01,137.0,4729.38
randomforest,2022-03-01,205.0,4936.99
randomforest,2022-04-01,317.0,5290.31
randomforest,2022-05-01,533.0,4827.31
randomforest,2021-07-01,1868.0,5439.24
randomforest,2021-08-01,1415.0,5544.83
randomforest,2021-09-01,584.0,3659.87
randomforest,2021-10-01,428.0,2484.26
randomforest,2021-11-01,204.0,2607.95
randomforest,2021-12-01,90.0,2931.69
randomforest,2022-01-01,152.0,3321.06
randomforest,2022-02-01,137.0,4686.53
randomforest,2022-03-01,205.0,4854.32
randomforest,2022-04-01,317.0,4738.39
randomforest,2022-05-01,533.0,5105.9
randomforest,2022-06-01,493.0,4738.57
randomforest,2021-08-01,1415.0,3722.19
randomforest,2021-09-01,584.0,3655.19
randomforest,2021-10-01,428.0,3090.76
randomforest,2021-11-01,204.0,3245.58
randomforest,2021-12-01,90.0,3261.91
randomforest,2022-01-01,152.0,3558.63
randomforest,2022-02-01,137.0,4280.76
randomforest,2022-03-01,205.0,4634.84
randomforest,2022-04-01,317.0,4934.85
randomforest,2022-05-01,533.0,4198.72
randomforest,2022-06-01,493.0,4160.62
randomforest,2022-07-01,618.0,3683.1
randomforest,2021-09-01,584.0,1213.83
randomforest,2021-10-01,428.0,1214.33
randomforest,2021-11-01,204.0,1212.29
randomforest,2021-12-01,90.0,1398.21
randomforest,2022-01-01,152.0,1607.37
randomforest,2022-02-01,137.0,3007.02
randomforest,2022-03-01,205.0,5141.61
randomforest,2022-04-01,317.0,5273.88
randomforest,2022-05-01,533.0,4316.71
randomforest,2022-06-01,493.0,3349.84
randomforest,2022-07-01,618.0,2537.96
randomforest,2022-08-01,476.0,2722.22
randomforest,2021-10-01,428.0,514.24
randomforest,2021-11-01,204.0,340.93
randomforest,2021-12-01,90.0,312.35
randomforest,2022-01-01,152.0,305.47
randomforest,2022-02-01,137.0,273.57
randomforest,2022-03-01,205.0,273.19
randomforest,2022-04-01,317.0,371.65
randomforest,2022-05-01,533.0,364.22
randomforest,2022-06-01,493.0,431.92
randomforest,2022-07-01,618.0,495.19
randomforest,2022-08-01,476.0,436.25
randomforest,2022-09-01,268.0,381.96
randomforest,2021-11-01,204.0,322.71
randomforest,2021-12-01,90.0,314.24
randomforest,2022-01-01,152.0,312.34
randomforest,2022-02-01,137.0,284.23
randomforest,2022-03-01,205.0,276.22
randomforest,2022-04-01,317.0,361.1
randomforest,2022-05-01,533.0,385.43
randomforest,2022-06-01,493.0,437.46
randomforest,2022-07-01,618.0,482.67
randomforest,2022-08-01,476.0,422.87
randomforest,2022-09-01,268.0,367.05
randomforest,2022-10-01,283.0,308.85
randomforest,2021-12-01,90.0,271.96
randomforest,2022-01-01,152.0,258.19
randomforest,2022-02-01,137.0,254.35
randomforest,2022-03-01,205.0,378.12
randomforest,2022-04-01,317.0,497.46
randomforest,2022-05-01,533.0,416.66
randomforest,2022-06-01,493.0,442.49
randomforest,2022-07-01,618.0,435.31
randomforest,2022-08-01,476.0,397.69
randomforest,2022-09-01,268.0,338.21
randomforest,2022-10-01,283.0,281.93
randomforest,2022-11-01,86.0,271.83
randomforest,2022-01-01,152.0,192.35
randomforest,2022-02-01,137.0,284.22
randomforest,2022-03-01,205.0,455.93
randomforest,2022-04-01,317.0,695.35
randomforest,2022-05-01,533.0,1019.44
randomforest,2022-06-01,493.0,1317.08
randomforest,2022-07-01,618.0,1251.89
randomforest,2022-08-01,476.0,1165.68
randomforest,2022-09-01,268.0,1083.5
randomforest,2022-10-01,283.0,938.34
randomforest,2022-11-01,86.0,819.49
randomforest,2022-12-01,67.0,845.26
randomforest,2022-02-01,137.0,266.7
randomforest,2022-03-01,205.0,447.24
randomforest,2022-04-01,317.0,708.37
randomforest,2022-05-01,533.0,991.61
randomforest,2022-06-01,493.0,1327.4
randomforest,2022-07-01,618.0,1220.92
randomforest,2022-08-01,476.0,1110.41
randomforest,2022-09-01,268.0,1075.8
randomforest,2022-10-01,283.0,963.97
randomforest,2022-11-01,86.0,909.41
randomforest,2022-12-01,67.0,933.32
randomforest,2023-01-01,346.0,1801.82
randomforest,2022-03-01,205.0,358.91
randomforest,2022-04-01,317.0,700.41
randomforest,2022-05-01,533.0,1097.71
randomforest,2022-06-01,493.0,1338.09
randomforest,2022-07-01,618.0,1333.56
randomforest,2022-08-01,476.0,1168.25
randomforest,2022-09-01,268.0,1052.54
randomforest,2022-10-01,283.0,899.09
randomforest,2022-11-01,86.0,760.22
randomforest,2022-12-01,67.0,871.17
randomforest,2023-01-01,346.0,1734.85
randomforest,2023-02-01,335.0,3377.04
randomforest,2022-04-01,317.0,560.22
randomforest,2022-05-01,533.0,743.37
randomforest,2022-06-01,493.0,926.16
randomforest,2022-07-01,618.0,1000.84
randomforest,2022-08-01,476.0,1109.45
randomforest,2022-09-01,268.0,1047.53
randomforest,2022-10-01,283.0,947.67
randomforest,2022-11-01,86.0,868.37
randomforest,2022-12-01,67.0,946.43
randomforest,2023-01-01,346.0,1850.9
randomforest,2023-02-01,335.0,3290.36
randomforest,2023-03-01,825.0,5690.22
randomforest,2022-05-01,533.0,680.88
randomforest,2022-06-01,493.0,968.49
randomforest,2022-07-01,618.0,1149.07
randomforest,2022-08-01,476.0,1221.47
randomforest,2022-09-01,268.0,1088.67
randomforest,2022-10-01,283.0,979.29
randomforest,2022-11-01,86.0,1009.73
randomforest,2022-12-01,67.0,1464.6
randomforest,2023-01-01,346.0,2511.32
randomforest,2023-02-01,335.0,4738.28
randomforest,2023-03-01,825.0,5760.31
randomforest,2023-04-01,641.0,5410.5
randomforest,2022-06-01,493.0,642.75
randomforest,2022-07-01,618.0,820.93
randomforest,2022-08-01,476.0,781.88
randomforest,2022-09-01,268.0,685.83
randomforest,2022-10-01,283.0,634.98
randomforest,2022-11-01,86.0,714.22
randomforest,2022-12-01,67.0,895.65
randomforest,2023-01-01,346.0,1825.28
randomforest,2023-02-01,335.0,3510.31
randomforest,2023-03-01,825.0,5782.97
randomforest,2023-04-01,641.0,5491.74
randomforest,2023-05-01,333.0,4694.74
randomforest,2022-07-01,618.0,513.85
randomforest,2022-08-01,476.0,430.57
randomforest,2022-09-01,268.0,344.01
randomforest,2022-10-01,283.0,297.36
randomforest,2022-11-01,86.0,269.33
randomforest,2022-12-01,67.0,468.16
randomforest,2023-01-01,346.0,1280.44
randomforest,2023-02-01,335.0,2306.03
randomforest,2023-03-01,825.0,4760.17
randomforest,2023-04-01,641.0,5656.44
randomforest,2023-05-01,333.0,5158.91
randomforest,2023-06-01,251.0,4098.14
randomforest,2022-08-01,476.0,768.83
randomforest,2022-09-01,268.0,682.03
randomforest,2022-10-01,283.0,620.48
randomforest,2022-11-01,86.0,735.31
randomforest,2022-12-01,67.0,963.74
randomforest,2023-01-01,346.0,2019.52
randomforest,2023-02-01,335.0,3775.52
randomforest,2023-03-01,825.0,5772.7
randomforest,2023-04-01,641.0,5718.61
randomforest,2023-05-01,333.0,4600.2
randomforest,2023-06-01,251.0,3967.68
randomforest,2023-07-01,484.0,3410.66
randomforest,2022-09-01,268.0,344.8
randomforest,2022-10-01,283.0,292.16
randomforest,2022-11-01,86.0,266.08
randomforest,2022-12-01,67.0,458.65
randomforest,2023-01-01,346.0,1300.15
randomforest,2023-02-01,335.0,2304.3
randomforest,2023-03-01,825.0,4957.32
randomforest,2023-04-01,641.0,5852.86
randomforest,2023-05-01,333.0,5116.66
randomforest,2023-06-01,251.0,4262.62
randomforest,2023-07-01,484.0,3314.52
randomforest,2023-08-01,423.0,2609.8
randomforest,2022-10-01,283.0,274.11
randomforest,2022-11-01,86.0,275.0
randomforest,2022-12-01,67.0,449.58
randomforest,2023-01-01,346.0,1136.05
randomforest,2023-02-01,335.0,2505.59
randomforest,2023-03-01,825.0,5530.35
randomforest,2023-04-01,641.0,5523.17
randomforest,2023-05-01,333.0,5093.44
randomforest,2023-06-01,251.0,4433.31
randomforest,2023-07-01,484.0,3622.47
randomforest,2023-08-01,423.0,2831.54
randomforest,2023-09-01,351.0,2770.48
randomforest,2022-11-01,86.0,276.75
randomforest,2022-12-01,67.0,456.07
randomforest,2023-01-01,346.0,1127.05
randomforest,2023-02-01,335.0,2472.05
randomforest,2023-03-01,825.0,5484.02
randomforest,2023-04-01,641.0,5849.85
randomforest,2023-05-01,333.0,5076.0
randomforest,2023-06-01,251.0,4341.63
randomforest,2023-07-01,484.0,3627.5
randomforest,2023-08-01,423.0,3134.51
randomforest,2023-09-01,351.0,3055.72
randomforest,2023-10-01,394.0,3336.9
randomforest,2022-12-01,67.0,409.67
randomforest,2023-01-01,346.0,1084.57
randomforest,2023-02-01,335.0,2482.89
randomforest,2023-03-01,825.0,5450.04
randomforest,2023-04-01,641.0,5766.48
randomforest,2023-05-01,333.0,5096.96
randomforest,2023-06-01,251.0,4624.94
randomforest,2023-07-01,484.0,3619.83
randomforest,2023-08-01,423.0,2840.46
randomforest,2023-09-01,351.0,2801.53
randomforest,2023-10-01,394.0,3294.73
randomforest,2023-11-01,220.0,4259.68
randomforest,2023-01-01,346.0,907.46
randomforest,2023-02-01,335.0,1333.77
randomforest,2023-03-01,825.0,2544.42
randomforest,2023-04-01,641.0,5955.15
randomforest,2023-05-01,333.0,5100.75
randomforest,2023-06-01,251.0,4498.54
randomforest,2023-07-01,484.0,3793.5
randomforest,2023-08-01,423.0,2768.4
randomforest,2023-09-01,351.0,2564.59
randomforest,2023-10-01,394.0,3316.0
randomforest,2023-11-01,220.0,4266.75
randomforest,2023-12-01,230.0,4541.72
randomforest,2023-02-01,335.0,501.82
randomforest,2023-03-01,825.0,661.07
randomforest,2023-04-01,641.0,1206.52
randomforest,2023-05-01,333.0,2033.44
randomforest,2023-06-01,251.0,3306.48
randomforest,2023-07-01,484.0,4618.82
randomforest,2023-08-01,423.0,3943.58
randomforest,2023-09-01,351.0,3398.59
randomforest,2023-10-01,394.0,2847.27
randomforest,2023-11-01,220.0,3541.19
randomforest,2023-12-01,230.0,3845.58
randomforest,2024-01-01,459.0,4307.49
randomforest,2023-03-01,825.0,486.69
randomforest,2023-04-01,641.0,679.05
randomforest,2023-05-01,333.0,963.84
randomforest,2023-06-01,251.0,910.7
randomforest,2023-07-01,484.0,834.74
randomforest,2023-08-01,423.0,806.79
randomforest,2023-09-01,351.0,766.03
randomforest,2023-10-01,394.0,709.97
randomforest,2023-11-01,220.0,816.52
randomforest,2023-12-01,230.0,1395.81
randomforest,2024-01-01,459.0,2271.68
randomforest,2024-02-01,2445.0,3196.05
randomforest,2023-04-01,641.0,1141.54
randomforest,2023-05-01,333.0,2165.38
randomforest,2023-06-01,251.0,3530.38
randomforest,2023-07-01,484.0,4619.18
randomforest,2023-08-01,423.0,3635.37
randomforest,2023-09-01,351.0,3124.58
randomforest,2023-10-01,394.0,2850.81
randomforest,2023-11-01,220.0,3516.18
randomforest,2023-12-01,230.0,3969.22
randomforest,2024-01-01,459.0,4341.88
randomforest,2024-02-01,2445.0,4196.89
randomforest,2024-03-01,3856.0,4899.72
randomforest,2023-05-01,333.0,820.73
randomforest,2023-06-01,251.0,821.76
randomforest,2023-07-01,484.0,873.01
randomforest,2023-08-01,423.0,878.63
randomforest,2023-09-01,351.0,795.88
randomforest,2023-10-01,394.0,820.89
randomforest,2023-11-01,220.0,966.92
randomforest,2023-12-01,230.0,1528.18
randomforest,2024-01-01,459.0,2163.41
randomforest,2024-02-01,2445.0,2992.81
randomforest,2024-03-01,3856.0,5136.6
randomforest,2024-04-01,2008.0,5215.39
randomforest,2023-06-01,251.0,367.26
randomforest,2023-07-01,484.0,349.83
randomforest,2023-08-01,423.0,346.9
randomforest,2023-09-01,351.0,281.14
randomforest,2023-10-01,394.0,210.54
randomforest,2023-11-01,220.0,236.14
randomforest,2023-12-01,230.0,693.89
randomforest,2024-01-01,459.0,1233.38
randomforest,2024-02-01,2445.0,1562.91
randomforest,2024-03-01,3856.0,2808.01
randomforest,2024-04-01,2008.0,4942.2
randomforest,2024-05-01,1335.0,3800.56
randomforest,2023-07-01,484.0,302.58
randomforest,2023-08-01,423.0,294.88
randomforest,2023-09-01,351.0,245.93
randomforest,2023-10-01,394.0,313.17
randomforest,2023-11-01,220.0,422.31
randomforest,2023-12-01,230.0,896.19
randomforest,2024-01-01,459.0,1294.44
randomforest,2024-02-01,2445.0,1504.49
randomforest,2024-03-01,3856.0,1472.86
randomforest,2024-04-01,2008.0,1480.4
randomforest,2024-05-01,1335.0,1319.8
randomforest,2024-06-01,1623.0,1291.85
randomforest,2023-08-01,423.0,357.74
randomforest,2023-09-01,351.0,321.31
randomforest,2023-10-01,394.0,427.65
randomforest,2023-11-01,220.0,420.05
randomforest,2023-12-01,230.0,831.87
randomforest,2024-01-01,459.0,1157.86
randomforest,2024-02-01,2445.0,1460.93
randomforest,2024-03-01,3856.0,1339.48
randomforest,2024-04-01,2008.0,1405.98
randomforest,2024-05-01,1335.0,1313.61
randomforest,2024-06-01,1623.0,1372.99
randomforest,2024-07-01,806.0,1358.7
randomforest,2023-09-01,351.0,356.87
randomforest,2023-10-01,394.0,422.06
randomforest,2023-11-01,220.0,407.8
randomforest,2023-12-01,230.0,819.02
randomforest,2024-01-01,459.0,1103.02
randomforest,2024-02-01,2445.0,1502.97
randomforest,2024-03-01,3856.0,1499.97
randomforest,2024-04-01,2008.0,1562.76
randomforest,2024-05-01,1335.0,2092.04
randomforest,2024-06-01,1623.0,1976.69
randomforest,2024-07-01,806.0,2019.7
randomforest,2024-08-01,607.0,2070.15
randomforest,2023-10-01,394.0,463.28
randomforest,2023-11-01,220.0,415.26
randomforest,2023-12-01,230.0,828.0
randomforest,2024-01-01,459.0,1081.05
randomforest,2024-02-01,2445.0,1629.03
randomforest,2024-03-01,3856.0,2774.75
randomforest,2024-04-01,2008.0,4968.24
randomforest,2024-05-01,1335.0,3974.1
randomforest,2024-06-01,1623.0,3137.02
randomforest,2024-07-01,806.0,2266.67
randomforest,2024-08-01,607.0,2145.96
randomforest,2024-09-01,592.0,2117.54
randomforest,2023-11-01,220.0,442.31
randomforest,2023-12-01,230.0,830.22
randomforest,2024-01-01,459.0,1157.03
randomforest,2024-02-01,2445.0,1683.87
randomforest,2024-03-01,3856.0,2873.67
randomforest,2024-04-01,2008.0,4899.03
randomforest,2024-05-01,1335.0,4157.74
randomforest,2024-06-01,1623.0,3435.37
randomforest,2024-07-01,806.0,2351.72
randomforest,2024-08-01,607.0,2333.63
randomforest,2024-09-01,592.0,2546.96
randomforest,2024-10-01,616.0,3588.41
randomforest,2023-12-01,230.0,748.34
randomforest,2024-01-01,459.0,1159.61
randomforest,2024-02-01,2445.0,1800.62
randomforest,2024-03-01,3856.0,2932.05
randomforest,2024-04-01,2008.0,4713.57
randomforest,2024-05-01,1335.0,4020.35
randomforest,2024-06-01,1623.0,3257.23
randomforest,2024-07-01,806.0,2163.87
randomforest,2024-08-01,607.0,1869.34
randomforest,2024-09-01,592.0,1901.11
randomforest,2024-10-01,616.0,2291.61
randomforest,2024-11-01,636.0,2868.18
randomforest,2024-01-01,459.0,498.81
randomforest,2024-02-01,2445.0,483.82
randomforest,2024-03-01,3856.0,597.26
randomforest,2024-04-01,2008.0,550.14
randomforest,2024-05-01,1335.0,450.52
randomforest,2024-06-01,1623.0,317.02
randomforest,2024-07-01,806.0,315.82
randomforest,2024-08-01,607.0,275.15
randomforest,2024-09-01,592.0,225.78
randomforest,2024-10-01,616.0,208.2
randomforest,2024-11-01,636.0,260.37
randomforest,2024-12-01,500.0,312.48
timesfm,2014-01-01,219.0,239.3464813232422
timesfm,2014-02-01,239.0,256.29315185546875
timesfm,2014-03-01,317.0,271.2331848144531
timesfm,2014-04-01,307.0,277.3955078125
timesfm,2014-05-01,524.0,281.32757568359375
timesfm,2014-06-01,539.0,280.51824951171875
timesfm,2014-07-01,331.0,289.6092529296875
timesfm,2014-08-01,290.0,287.4114685058594
timesfm,2014-09-01,246.0,277.0660400390625
timesfm,2014-10-01,269.0,274.0983581542969
timesfm,2014-11-01,559.0,274.81195068359375
timesfm,2014-12-01,624.0,278.64898681640625
timesfm,2014-02-01,239.0,235.29689025878906
timesfm,2014-03-01,317.0,262.263916015625
timesfm,2014-04-01,307.0,276.6832275390625
timesfm,2014-05-01,524.0,297.22528076171875
timesfm,2014-06-01,539.0,307.7403259277344
timesfm,2014-07-01,331.0,315.0540771484375
timesfm,2014-08-01,290.0,309.29058837890625
timesfm,2014-09-01,246.0,312.7735595703125
timesfm,2014-10-01,269.0,311.7396240234375
timesfm,2014-11-01,559.0,309.846923828125
timesfm,2014-12-01,624.0,297.71514892578125
timesfm,2015-01-01,1909.0,297.20770263671875
timesfm,2014-03-01,317.0,234.8080291748047
timesfm,2014-04-01,307.0,261.56890869140625
timesfm,2014-05-01,524.0,279.92205810546875
timesfm,2014-06-01,539.0,289.46783447265625
timesfm,2014-07-01,331.0,293.13726806640625
timesfm,2014-08-01,290.0,293.4162292480469
timesfm,2014-09-01,246.0,293.0341796875
timesfm,2014-10-01,269.0,303.941162109375
timesfm,2014-11-01,559.0,305.5352478027344
timesfm,2014-12-01,624.0,304.401611328125
timesfm,2015-01-01,1909.0,288.8597717285156
timesfm,2015-02-01,2671.0,293.93377685546875
timesfm,2014-04-01,307.0,327.7729187011719
timesfm,2014-05-01,524.0,349.1607360839844
timesfm,2014-06-01,539.0,351.38018798828125
timesfm,2014-07-01,331.0,360.8432922363281
timesfm,2014-08-01,290.0,371.256591796875
timesfm,2014-09-01,246.0,383.3023376464844
timesfm,2014-10-01,269.0,386.9876403808594
timesfm,2014-11-01,559.0,390.012451171875
timesfm,2014-12-01,624.0,375.09173583984375
timesfm,2015-01-01,1909.0,360.5838623046875
timesfm,2015-02-01,2671.0,338.54547119140625
timesfm,2015-03-01,8504.0,349.054931640625
timesfm,2014-05-01,524.0,291.3502197265625
timesfm,2014-06-01,539.0,298.81634521484375
timesfm,2014-07-01,331.0,300.843017578125
timesfm,2014-08-01,290.0,297.8748779296875
timesfm,2014-09-01,246.0,301.84326171875
timesfm,2014-10-01,269.0,322.4140625
timesfm,2014-11-01,559.0,317.51611328125
timesfm,2014-12-01,624.0,316.90093994140625
timesfm,2015-01-01,1909.0,304.25555419921875
timesfm,2015-02-01,2671.0,300.17919921875
timesfm,2015-03-01,8504.0,295.5155029296875
timesfm,2015-04-01,6009.0,320.4322814941406
timesfm,2014-06-01,539.0,556.2152709960938
timesfm,2014-07-01,331.0,581.260009765625
timesfm,2014-08-01,290.0,610.0465087890625
timesfm,2014-09-01,246.0,626.8641967773438
timesfm,2014-10-01,269.0,631.0286254882812
timesfm,2014-11-01,559.0,617.158203125
timesfm,2014-12-01,624.0,545.8001708984375
timesfm,2015-01-01,1909.0,478.7204895019531
timesfm,2015-02-01,2671.0,424.7028503417969
timesfm,2015-03-01,8504.0,421.28668212890625
timesfm,2015-04-01,6009.0,437.5737609863281
timesfm,2015-05-01,3454.0,487.4368591308594
timesfm,2014-07-01,331.0,524.9133911132812
timesfm,2014-08-01,290.0,538.7486572265625
timesfm,2014-09-01,246.0,579.1364135742188
timesfm,2014-10-01,269.0,593.1328125
timesfm,2014-11-01,559.0,552.0576171875
timesfm,2014-12-01,624.0,526.83544921875
timesfm,2015-01-01,1909.0,464.9541931152344
timesfm,2015-02-01,2671.0,437.4561462402344
timesfm,2015-03-01,8504.0,427.0919494628906
timesfm,2015-04-01,6009.0,448.03564453125
timesfm,2015-05-01,3454.0,478.57293701171875
timesfm,2015-06-01,1852.0,518.4533081054688
timesfm,2014-08-01,290.0,289.84979248046875
timesfm,2014-09-01,246.0,303.386962890625
timesfm,2014-10-01,269.0,334.5277099609375
timesfm,2014-11-01,559.0,351.73101806640625
timesfm,2014-12-01,624.0,353.22088623046875
timesfm,2015-01-01,1909.0,347.06793212890625
timesfm,2015-02-01,2671.0,341.7251281738281
timesfm,2015-03-01,8504.0,364.8798522949219
timesfm,2015-04-01,6009.0,359.83258056640625
timesfm,2015-05-01,3454.0,358.6163330078125
timesfm,2015-06-01,1852.0,361.81719970703125
timesfm,2015-07-01,1579.0,364.81402587890625
timesfm,2014-09-01,246.0,297.46185302734375
timesfm,2014-10-01,269.0,302.07012939453125
timesfm,2014-11-01,559.0,326.52923583984375
timesfm,2014-12-01,624.0,347.7783508300781
timesfm,2015-01-01,1909.0,344.7467956542969
timesfm,2015-02-01,2671.0,352.1478271484375
timesfm,2015-03-01,8504.0,360.65863037109375
timesfm,2015-04-01,6009.0,381.9472351074219
timesfm,2015-05-01,3454.0,379.0068359375
timesfm,2015-06-01,1852.0,365.398681640625
timesfm,2015-07-01,1579.0,352.6224365234375
timesfm,2015-08-01,2407.0,342.5011291503906
timesfm,2014-10-01,269.0,253.150390625
timesfm,2014-11-01,559.0,275.8204040527344
timesfm,2014-12-01,624.0,297.82171630859375
timesfm,2015-01-01,1909.0,304.5201416015625
timesfm,2015-02-01,2671.0,319.467041015625
timesfm,2015-03-01,8504.0,333.06231689453125
timesfm,2015-04-01,6009.0,330.7718505859375
timesfm,2015-05-01,3454.0,357.3478698730469
timesfm,2015-06-01,1852.0,357.8919372558594
timesfm,2015-07-01,1579.0,344.3856201171875
timesfm,2015-08-01,2407.0,331.4366455078125
timesfm,2015-09-01,1575.0,327.7778015136719
timesfm,2014-11-01,559.0,266.8782043457031
timesfm,2014-12-01,624.0,296.92138671875
timesfm,2015-01-01,1909.0,319.96484375
timesfm,2015-02-01,2671.0,325.0428466796875
timesfm,2015-03-01,8504.0,341.70318603515625
timesfm,2015-04-01,6009.0,344.15826416015625
timesfm,2015-05-01,3454.0,349.49542236328125
timesfm,2015-06-01,1852.0,371.4909362792969
timesfm,2015-07-01,1579.0,367.50146484375
timesfm,2015-08-01,2407.0,357.97320556640625
timesfm,2015-09-01,1575.0,334.5491943359375
timesfm,2015-10-01,2422.0,330.5176086425781
timesfm,2014-12-01,624.0,591.584716796875
timesfm,2015-01-01,1909.0,589.041259765625
timesfm,2015-02-01,2671.0,568.785400390625
timesfm,2015-03-01,8504.0,511.6358337402344
timesfm,2015-04-01,6009.0,471.45098876953125
timesfm,2015-05-01,3454.0,448.7099609375
timesfm,2015-06-01,1852.0,448.7254943847656
timesfm,2015-07-01,1579.0,465.56390380859375
timesfm,2015-08-01,2407.0,453.6671447753906
timesfm,2015-09-01,1575.0,440.8574523925781
timesfm,2015-10-01,2422.0,427.4627380371094
timesfm,2015-11-01,5563.0,429.43804931640625
timesfm,2015-01-01,1909.0,544.3911743164062
timesfm,2015-02-01,2671.0,543.381103515625
timesfm,2015-03-01,8504.0,531.810302734375
timesfm,2015-04-01,6009.0,494.5916748046875
timesfm,2015-05-01,3454.0,474.9863586425781
timesfm,2015-06-01,1852.0,473.2767028808594
timesfm,2015-07-01,1579.0,479.5207824707031
timesfm,2015-08-01,2407.0,486.8607177734375
timesfm,2015-09-01,1575.0,477.81622314453125
timesfm,2015-10-01,2422.0,464.97601318359375
timesfm,2015-11-01,5563.0,453.5323486328125
timesfm,2015-12-01,3416.0,456.8663330078125
timesfm,2015-02-01,2671.0,1941.315673828125
timesfm,2015-03-01,8504.0,1773.462890625
timesfm,2015-04-01,6009.0,1501.5797119140625
timesfm,2015-05-01,3454.0,1214.4163818359375
timesfm,2015-06-01,1852.0,978.1544189453125
timesfm,2015-07-01,1579.0,794.32275390625
timesfm,2015-08-01,2407.0,689.5977783203125
timesfm,2015-09-01,1575.0,630.0702514648438
timesfm,2015-10-01,2422.0,605.966796875
timesfm,2015-11-01,5563.0,587.7625122070312
timesfm,2015-12-01,3416.0,583.0565185546875
timesfm,2016-01-01,7561.0,611.9121704101562
timesfm,2015-03-01,8504.0,2577.017333984375
timesfm,2015-04-01,6009.0,2254.221435546875
timesfm,2015-05-01,3454.0,1857.3369140625
timesfm,2015-06-01,1852.0,1468.335205078125
timesfm,2015-07-01,1579.0,1168.061767578125
timesfm,2015-08-01,2407.0,926.888671875
timesfm,2015-09-01,1575.0,788.576904296875
timesfm,2015-10-01,2422.0,730.5505981445312
timesfm,2015-11-01,5563.0,710.184814453125
timesfm,2015-12-01,3416.0,700.3665771484375
timesfm,2016-01-01,7561.0,720.862548828125
timesfm,2016-02-01,6961.0,740.6174926757812
timesfm,2015-04-01,6009.0,8146.845703125
timesfm,2015-05-01,3454.0,6978.10693359375
timesfm,2015-06-01,1852.0,5640.6201171875
timesfm,2015-07-01,1579.0,4289.08154296875
timesfm,2015-08-01,2407.0,3315.5146484375
timesfm,2015-09-01,1575.0,2248.6953125
timesfm,2015-10-01,2422.0,1525.0697021484375
timesfm,2015-11-01,5563.0,1298.912841796875
timesfm,2015-12-01,3416.0,1166.67919921875
timesfm,2016-01-01,7561.0,1137.4847412109375
timesfm,2016-02-01,6961.0,1051.130615234375
timesfm,2016-03-01,3134.0,1062.862548828125
timesfm,2015-05-01,3454.0,3733.32861328125
timesfm,2015-06-01,1852.0,2437.719970703125
timesfm,2015-07-01,1579.0,1489.1357421875
timesfm,2015-08-01,2407.0,965.9243774414062
timesfm,2015-09-01,1575.0,720.4655151367188
timesfm,2015-10-01,2422.0,644.1787109375
timesfm,2015-11-01,5563.0,685.3859252929688
timesfm,2015-12-01,3416.0,788.4089965820312
timesfm,2016-01-01,7561.0,894.3721923828125
timesfm,2016-02-01,6961.0,892.0101318359375
timesfm,2016-03-01,3134.0,904.0592041015625
timesfm,2016-04-01,1931.0,842.6522827148438
timesfm,2015-06-01,1852.0,2214.9326171875
timesfm,2015-07-01,1579.0,1625.0543212890625
timesfm,2015-08-01,2407.0,1271.17431640625
timesfm,2015-09-01,1575.0,1033.4735107421875
timesfm,2015-10-01,2422.0,847.7584838867188
timesfm,2015-11-01,5563.0,750.4031982421875
timesfm,2015-12-01,3416.0,750.0594482421875
timesfm,2016-01-01,7561.0,812.3299560546875
timesfm,2016-02-01,6961.0,824.5304565429688
timesfm,2016-03-01,3134.0,820.3878173828125
timesfm,2016-04-01,1931.0,798.5114135742188
timesfm,2016-05-01,1520.0,726.0436401367188
timesfm,2015-07-01,1579.0,1218.3380126953125
timesfm,2015-08-01,2407.0,1009.8316040039062
timesfm,2015-09-01,1575.0,806.5980834960938
timesfm,2015-10-01,2422.0,703.5296020507812
timesfm,2015-11-01,5563.0,628.734130859375
timesfm,2015-12-01,3416.0,633.2794799804688
timesfm,2016-01-01,7561.0,681.9962768554688
timesfm,2016-02-01,6961.0,763.48779296875
timesfm,2016-03-01,3134.0,818.3318481445312
timesfm,2016-04-01,1931.0,760.99462890625
timesfm,2016-05-01,1520.0,677.2482299804688
timesfm,2016-06-01,947.0,582.4500732421875
timesfm,2015-08-01,2407.0,1241.2613525390625
timesfm,2015-09-01,1575.0,1117.2392578125
timesfm,2015-10-01,2422.0,985.4578857421875
timesfm,2015-11-01,5563.0,913.5890502929688
timesfm,2015-12-01,3416.0,890.8028564453125
timesfm,2016-01-01,7561.0,934.7954711914062
timesfm,2016-02-01,6961.0,979.4125366210938
timesfm,2016-03-01,3134.0,1070.366455078125
timesfm,2016-04-01,1931.0,1020.2232055664062
timesfm,2016-05-01,1520.0,881.7683715820312
timesfm,2016-06-01,947.0,757.1317138671875
timesfm,2016-07-01,631.0,652.20654296875
timesfm,2015-09-01,1575.0,2466.442626953125
timesfm,2015-10-01,2422.0,2302.5517578125
timesfm,2015-11-01,5563.0,2065.88818359375
timesfm,2015-12-01,3416.0,1877.189697265625
timesfm,2016-01-01,7561.0,1722.2691650390625
timesfm,2016-02-01,6961.0,1544.59521484375
timesfm,2016-03-01,3134.0,1389.0028076171875
timesfm,2016-04-01,1931.0,1212.4605712890625
timesfm,2016-05-01,1520.0,1056.403564453125
timesfm,2016-06-01,947.0,868.805419921875
timesfm,2016-07-01,631.0,773.482177734375
timesfm,2016-08-01,434.0,744.1107788085938
timesfm,2015-10-01,2422.0,1301.5618896484375
timesfm,2015-11-01,5563.0,1252.75341796875
timesfm,2015-12-01,3416.0,1267.1085205078125
timesfm,2016-01-01,7561.0,1336.548828125
timesfm,2016-02-01,6961.0,1337.515380859375
timesfm,2016-03-01,3134.0,1289.664794921875
timesfm,2016-04-01,1931.0,1165.861328125
timesfm,2016-05-01,1520.0,1017.74169921875
timesfm,2016-06-01,947.0,883.9891967773438
timesfm,2016-07-01,631.0,773.5856323242188
timesfm,2016-08-01,434.0,749.8812866210938
timesfm,2016-09-01,341.0,747.4447021484375
timesfm,2015-11-01,5563.0,2613.0927734375
timesfm,2015-12-01,3416.0,2567.05712890625
timesfm,2016-01-01,7561.0,2348.18359375
timesfm,2016-02-01,6961.0,2070.8154296875
timesfm,2016-03-01,3134.0,1871.2579345703125
timesfm,2016-04-01,1931.0,1607.05615234375
timesfm,2016-05-01,1520.0,1360.21435546875
timesfm,2016-06-01,947.0,1212.044189453125
timesfm,2016-07-01,631.0,1086.231201171875
timesfm,2016-08-01,434.0,1010.2193603515625
timesfm,2016-09-01,341.0,982.3958740234375
timesfm,2016-10-01,389.0,977.1698608398438
timesfm,2015-12-01,3416.0,5039.21337890625
timesfm,2016-01-01,7561.0,4374.1806640625
timesfm,2016-02-01,6961.0,3644.759033203125
timesfm,2016-03-01,3134.0,2985.1845703125
timesfm,2016-04-01,1931.0,2522.097900390625
timesfm,2016-05-01,1520.0,2037.2191162109375
timesfm,2016-06-01,947.0,1710.100830078125
timesfm,2016-07-01,631.0,1553.9442138671875
timesfm,2016-08-01,434.0,1437.3887939453125
timesfm,2016-09-01,341.0,1334.880126953125
timesfm,2016-10-01,389.0,1206.31005859375
timesfm,2016-11-01,268.0,1143.07080078125
timesfm,2016-01-01,7561.0,2539.497314453125
timesfm,2016-02-01,6961.0,2122.9541015625
timesfm,2016-03-01,3134.0,1847.7637939453125
timesfm,2016-04-01,1931.0,1640.4974365234375
timesfm,2016-05-01,1520.0,1510.96875
timesfm,2016-06-01,947.0,1368.8592529296875
timesfm,2016-07-01,631.0,1264.3516845703125
timesfm,2016-08-01,434.0,1216.1080322265625
timesfm,2016-09-01,341.0,1145.153564453125
timesfm,2016-10-01,389.0,1078.4674072265625
timesfm,2016-11-01,268.0,1039.288330078125
timesfm,2016-12-01,604.0,1030.9365234375
timesfm,2016-02-01,6961.0,5389.875
timesfm,2016-03-01,3134.0,4051.955810546875
timesfm,2016-04-01,1931.0,3015.267333984375
timesfm,2016-05-01,1520.0,2316.206298828125
timesfm,2016-06-01,947.0,1970.6318359375
timesfm,2016-07-01,631.0,1660.49072265625
timesfm,2016-08-01,434.0,1493.9964599609375
timesfm,2016-09-01,341.0,1425.752685546875
timesfm,2016-10-01,389.0,1404.7723388671875
timesfm,2016-11-01,268.0,1388.90576171875
timesfm,2016-12-01,604.0,1353.26171875
timesfm,2017-01-01,343.0,1407.866455078125
timesfm,2016-03-01,3134.0,5106.58935546875
timesfm,2016-04-01,1931.0,3874.32275390625
timesfm,2016-05-01,1520.0,2858.620849609375
timesfm,2016-06-01,947.0,2206.248779296875
timesfm,2016-07-01,631.0,1812.7874755859375
timesfm,2016-08-01,434.0,1563.4949951171875
timesfm,2016-09-01,341.0,1474.813232421875
timesfm,2016-10-01,389.0,1455.5811767578125
timesfm,2016-11-01,268.0,1431.2379150390625
timesfm,2016-12-01,604.0,1378.2310791015625
timesfm,2017-01-01,343.0,1405.354736328125
timesfm,2017-02-01,366.0,1413.3282470703125
timesfm,2016-04-01,1931.0,2285.403564453125
timesfm,2016-05-01,1520.0,1938.610595703125
timesfm,2016-06-01,947.0,1623.7242431640625
timesfm,2016-07-01,631.0,1386.90625
timesfm,2016-08-01,434.0,1237.5811767578125
timesfm,2016-09-01,341.0,1104.407958984375
timesfm,2016-10-01,389.0,1065.874267578125
timesfm,2016-11-01,268.0,1048.3974609375
timesfm,2016-12-01,604.0,1044.13818359375
timesfm,2017-01-01,343.0,1033.64453125
timesfm,2017-02-01,366.0,1081.36328125
timesfm,2017-03-01,458.0,1073.338134765625
timesfm,2016-05-01,1520.0,1516.2705078125
timesfm,2016-06-01,947.0,1324.0357666015625
timesfm,2016-07-01,631.0,1163.7978515625
timesfm,2016-08-01,434.0,1063.58642578125
timesfm,2016-09-01,341.0,1052.319580078125
timesfm,2016-10-01,389.0,1028.1669921875
timesfm,2016-11-01,268.0,1037.2374267578125
timesfm,2016-12-01,604.0,1032.188232421875
timesfm,2017-01-01,343.0,1064.9351806640625
timesfm,2017-02-01,366.0,1036.872314453125
timesfm,2017-03-01,458.0,1098.7445068359375
timesfm,2017-04-01,441.0,1056.378662109375
timesfm,2016-06-01,947.0,1354.5772705078125
timesfm,2016-07-01,631.0,1234.967041015625
timesfm,2016-08-01,434.0,1121.549560546875
timesfm,2016-09-01,341.0,1035.953857421875
timesfm,2016-10-01,389.0,1044.473876953125
timesfm,2016-11-01,268.0,1036.183349609375
timesfm,2016-12-01,604.0,1067.471923828125
timesfm,2017-01-01,343.0,1118.94482421875
timesfm,2017-02-01,366.0,1175.32861328125
timesfm,2017-03-01,458.0,1173.7833251953125
timesfm,2017-04-01,441.0,1164.900390625
timesfm,2017-05-01,344.0,1096.000732421875
timesfm,2016-07-01,631.0,847.0386962890625
timesfm,2016-08-01,434.0,821.6445922851562
timesfm,2016-09-01,341.0,780.1531982421875
timesfm,2016-10-01,389.0,750.1314697265625
timesfm,2016-11-01,268.0,790.56103515625
timesfm,2016-12-01,604.0,805.69287109375
timesfm,2017-01-01,343.0,856.7083740234375
timesfm,2017-02-01,366.0,925.132568359375
timesfm,2017-03-01,458.0,985.7052001953125
timesfm,2017-04-01,441.0,927.1072998046875
timesfm,2017-05-01,344.0,893.4586791992188
timesfm,2017-06-01,335.0,792.3880615234375
timesfm,2016-08-01,434.0,566.66796875
timesfm,2016-09-01,341.0,592.9921875
timesfm,2016-10-01,389.0,641.7435302734375
timesfm,2016-11-01,268.0,666.69580078125
timesfm,2016-12-01,604.0,767.8778076171875
timesfm,2017-01-01,343.0,857.718017578125
timesfm,2017-02-01,366.0,927.0076904296875
timesfm,2017-03-01,458.0,975.1272583007812
timesfm,2017-04-01,441.0,952.4902954101562
timesfm,2017-05-01,344.0,855.8593139648438
timesfm,2017-06-01,335.0,800.1471557617188
timesfm,2017-07-01,297.0,729.150634765625
timesfm,2016-09-01,341.0,363.1591491699219
timesfm,2016-10-01,389.0,400.0849609375
timesfm,2016-11-01,268.0,426.56781005859375
timesfm,2016-12-01,604.0,434.4070739746094
timesfm,2017-01-01,343.0,573.955322265625
timesfm,2017-02-01,366.0,682.66552734375
timesfm,2017-03-01,458.0,755.1593627929688
timesfm,2017-04-01,441.0,766.63037109375
timesfm,2017-05-01,344.0,729.2582397460938
timesfm,2017-06-01,335.0,630.0938110351562
timesfm,2017-07-01,297.0,608.4827880859375
timesfm,2017-08-01,269.0,534.9158325195312
timesfm,2016-10-01,389.0,247.43325805664062
timesfm,2016-11-01,268.0,330.53350830078125
timesfm,2016-12-01,604.0,390.23443603515625
timesfm,2017-01-01,343.0,452.04541015625
timesfm,2017-02-01,366.0,606.1878051757812
timesfm,2017-03-01,458.0,702.9075927734375
timesfm,2017-04-01,441.0,701.7369384765625
timesfm,2017-05-01,344.0,672.129638671875
timesfm,2017-06-01,335.0,637.220458984375
timesfm,2017-07-01,297.0,580.1825561523438
timesfm,2017-08-01,269.0,587.8580322265625
timesfm,2017-09-01,271.0,537.3793334960938
timesfm,2016-11-01,268.0,341.3474426269531
timesfm,2016-12-01,604.0,447.87701416015625
timesfm,2017-01-01,343.0,573.4346923828125
timesfm,2017-02-01,366.0,692.8656005859375
timesfm,2017-03-01,458.0,856.6060180664062
timesfm,2017-04-01,441.0,877.2926635742188
timesfm,2017-05-01,344.0,839.7537231445312
timesfm,2017-06-01,335.0,781.3384399414062
timesfm,2017-07-01,297.0,757.4584350585938
timesfm,2017-08-01,269.0,695.0092163085938
timesfm,2017-09-01,271.0,710.3909912109375
timesfm,2017-10-01,252.0,772.877685546875
timesfm,2016-12-01,604.0,208.0836944580078
timesfm,2017-01-01,343.0,329.00634765625
timesfm,2017-02-01,366.0,474.599609375
timesfm,2017-03-01,458.0,574.2615966796875
timesfm,2017-04-01,441.0,586.780517578125
timesfm,2017-05-01,344.0,557.99365234375
timesfm,2017-06-01,335.0,511.7188720703125
timesfm,2017-07-01,297.0,518.1372680664062
timesfm,2017-08-01,269.0,553.5205078125
timesfm,2017-09-01,271.0,521.5821533203125
timesfm,2017-10-01,252.0,625.8786010742188
timesfm,2017-11-01,152.0,765.7937622070312
timesfm,2017-01-01,343.0,658.2785034179688
timesfm,2017-02-01,366.0,869.372802734375
timesfm,2017-03-01,458.0,1015.200439453125
timesfm,2017-04-01,441.0,978.0819702148438
timesfm,2017-05-01,344.0,857.8483276367188
timesfm,2017-06-01,335.0,698.9390869140625
timesfm,2017-07-01,297.0,622.5619506835938
timesfm,2017-08-01,269.0,625.0296630859375
timesfm,2017-09-01,271.0,662.8597412109375
timesfm,2017-10-01,252.0,761.2972412109375
timesfm,2017-11-01,152.0,937.25341796875
timesfm,2017-12-01,203.0,1095.2060546875
timesfm,2017-02-01,366.0,375.69317626953125
timesfm,2017-03-01,458.0,548.249755859375
timesfm,2017-04-01,441.0,590.3731689453125
timesfm,2017-05-01,344.0,531.9808349609375
timesfm,2017-06-01,335.0,437.3198547363281
timesfm,2017-07-01,297.0,386.47894287109375
timesfm,2017-08-01,269.0,358.2441101074219
timesfm,2017-09-01,271.0,374.157470703125
timesfm,2017-10-01,252.0,511.8224182128906
timesfm,2017-11-01,152.0,655.521728515625
timesfm,2017-12-01,203.0,811.8651733398438
timesfm,2018-01-01,158.0,903.1607055664062
timesfm,2017-03-01,458.0,408.61669921875
timesfm,2017-04-01,441.0,452.71795654296875
timesfm,2017-05-01,344.0,452.92193603515625
timesfm,2017-06-01,335.0,366.2467041015625
timesfm,2017-07-01,297.0,356.2106018066406
timesfm,2017-08-01,269.0,346.3914489746094
timesfm,2017-09-01,271.0,341.087646484375
timesfm,2017-10-01,252.0,444.7230224609375
timesfm,2017-11-01,152.0,607.45458984375
timesfm,2017-12-01,203.0,777.3251342773438
timesfm,2018-01-01,158.0,901.6839599609375
timesfm,2018-02-01,240.0,912.5921630859375
timesfm,2017-04-01,441.0,484.27716064453125
timesfm,2017-05-01,344.0,473.52978515625
timesfm,2017-06-01,335.0,471.814453125
timesfm,2017-07-01,297.0,426.9792175292969
timesfm,2017-08-01,269.0,445.18695068359375
timesfm,2017-09-01,271.0,401.2686462402344
timesfm,2017-10-01,252.0,470.63348388671875
timesfm,2017-11-01,152.0,591.96630859375
timesfm,2017-12-01,203.0,753.4176025390625
timesfm,2018-01-01,158.0,876.826416015625
timesfm,2018-02-01,240.0,891.055419921875
timesfm,2018-03-01,311.0,858.1343383789062
timesfm,2017-05-01,344.0,414.4418029785156
timesfm,2017-06-01,335.0,388.08941650390625
timesfm,2017-07-01,297.0,393.18023681640625
timesfm,2017-08-01,269.0,349.5391845703125
timesfm,2017-09-01,271.0,362.6743469238281
timesfm,2017-10-01,252.0,414.6747131347656
timesfm,2017-11-01,152.0,477.0877685546875
timesfm,2017-12-01,203.0,590.7001953125
timesfm,2018-01-01,158.0,669.52197265625
timesfm,2018-02-01,240.0,702.3417358398438
timesfm,2018-03-01,311.0,665.7347412109375
timesfm,2018-04-01,699.0,602.8655395507812
timesfm,2017-06-01,335.0,334.7936706542969
timesfm,2017-07-01,297.0,336.6329650878906
timesfm,2017-08-01,269.0,334.7327880859375
timesfm,2017-09-01,271.0,316.79400634765625
timesfm,2017-10-01,252.0,357.9251708984375
timesfm,2017-11-01,152.0,412.096923828125
timesfm,2017-12-01,203.0,459.1651306152344
timesfm,2018-01-01,158.0,556.6109619140625
timesfm,2018-02-01,240.0,597.482177734375
timesfm,2018-03-01,311.0,589.7461547851562
timesfm,2018-04-01,699.0,526.2975463867188
timesfm,2018-05-01,515.0,488.699462890625
timesfm,2017-07-01,297.0,313.9735107421875
timesfm,2017-08-01,269.0,325.34222412109375
timesfm,2017-09-01,271.0,321.169921875
timesfm,2017-10-01,252.0,335.5233154296875
timesfm,2017-11-01,152.0,387.3382873535156
timesfm,2017-12-01,203.0,450.85595703125
timesfm,2018-01-01,158.0,487.1522521972656
timesfm,2018-02-01,240.0,544.1331787109375
timesfm,2018-03-01,311.0,547.9666137695312
timesfm,2018-04-01,699.0,520.31787109375
timesfm,2018-05-01,515.0,476.2719421386719
timesfm,2018-06-01,402.0,434.9949035644531
timesfm,2017-08-01,269.0,272.7719421386719
timesfm,2017-09-01,271.0,293.75286865234375
timesfm,2017-10-01,252.0,332.39971923828125
timesfm,2017-11-01,152.0,362.4639587402344
timesfm,2017-12-01,203.0,446.38812255859375
timesfm,2018-01-01,158.0,525.6937255859375
timesfm,2018-02-01,240.0,548.5440063476562
timesfm,2018-03-01,311.0,564.1895751953125
timesfm,2018-04-01,699.0,522.9381103515625
timesfm,2018-05-01,515.0,470.10980224609375
timesfm,2018-06-01,402.0,431.99749755859375
timesfm,2018-07-01,476.0,385.8147888183594
timesfm,2017-09-01,271.0,236.2865447998047
timesfm,2017-10-01,252.0,297.3110046386719
timesfm,2017-11-01,152.0,344.2324523925781
timesfm,2017-12-01,203.0,396.94610595703125
timesfm,2018-01-01,158.0,508.4063720703125
timesfm,2018-02-01,240.0,536.3817749023438
timesfm,2018-03-01,311.0,533.4266357421875
timesfm,2018-04-01,699.0,502.8836669921875
timesfm,2018-05-01,515.0,459.18621826171875
timesfm,2018-06-01,402.0,416.48565673828125
timesfm,2018-07-01,476.0,363.8515625
timesfm,2018-08-01,294.0,327.8935852050781
timesfm,2017-10-01,252.0,238.4456329345703
timesfm,2017-11-01,152.0,299.4176025390625
timesfm,2017-12-01,203.0,333.7097473144531
timesfm,2018-01-01,158.0,365.8599853515625
timesfm,2018-02-01,240.0,434.8797607421875
timesfm,2018-03-01,311.0,449.86529541015625
timesfm,2018-04-01,699.0,447.1809997558594
timesfm,2018-05-01,515.0,440.67919921875
timesfm,2018-06-01,402.0,405.7997131347656
timesfm,2018-07-01,476.0,347.4222106933594
timesfm,2018-08-01,294.0,321.1116943359375
timesfm,2018-09-01,325.0,298.7276611328125
timesfm,2017-11-01,152.0,265.8368225097656
timesfm,2017-12-01,203.0,325.7534484863281
timesfm,2018-01-01,158.0,379.23052978515625
timesfm,2018-02-01,240.0,393.3563232421875
timesfm,2018-03-01,311.0,426.89105224609375
timesfm,2018-04-01,699.0,407.2835693359375
timesfm,2018-05-01,515.0,385.79150390625
timesfm,2018-06-01,402.0,370.1631164550781
timesfm,2018-07-01,476.0,334.34771728515625
timesfm,2018-08-01,294.0,279.85040283203125
timesfm,2018-09-01,325.0,263.07464599609375
timesfm,2018-10-01,231.0,259.05767822265625
timesfm,2017-12-01,203.0,97.73381042480469
timesfm,2018-01-01,158.0,150.51824951171875
timesfm,2018-02-01,240.0,208.9710693359375
timesfm,2018-03-01,311.0,218.48301696777344
timesfm,2018-04-01,699.0,271.39630126953125
timesfm,2018-05-01,515.0,267.7301025390625
timesfm,2018-06-01,402.0,258.9728088378906
timesfm,2018-07-01,476.0,253.35719299316406
timesfm,2018-08-01,294.0,230.1352081298828
timesfm,2018-09-01,325.0,216.0394744873047
timesfm,2018-10-01,231.0,216.4000244140625
timesfm,2018-11-01,244.0,233.9904022216797
timesfm,2018-01-01,158.0,172.67144775390625
timesfm,2018-02-01,240.0,230.2965087890625
timesfm,2018-03-01,311.0,280.09063720703125
timesfm,2018-04-01,699.0,256.7445068359375
timesfm,2018-05-01,515.0,286.06927490234375
timesfm,2018-06-01,402.0,259.608154296875
timesfm,2018-07-01,476.0,228.69473266601562
timesfm,2018-08-01,294.0,217.75071716308594
timesfm,2018-09-01,325.0,195.05178833007812
timesfm,2018-10-01,231.0,226.54351806640625
timesfm,2018-11-01,244.0,248.2543182373047
timesfm,2018-12-01,273.0,285.1401062011719
timesfm,2018-02-01,240.0,135.5299530029297
timesfm,2018-03-01,311.0,157.9574737548828
timesfm,2018-04-01,699.0,185.7615509033203
timesfm,2018-05-01,515.0,177.81881713867188
timesfm,2018-06-01,402.0,216.57662963867188
timesfm,2018-07-01,476.0,194.67665100097656
timesfm,2018-08-01,294.0,174.2655029296875
timesfm,2018-09-01,325.0,177.46510314941406
timesfm,2018-10-01,231.0,177.388916015625
timesfm,2018-11-01,244.0,216.3812713623047
timesfm,2018-12-01,273.0,264.7773742675781
timesfm,2019-01-01,175.0,313.7640075683594
timesfm,2018-03-01,311.0,215.87631225585938
timesfm,2018-04-01,699.0,224.00184631347656
timesfm,2018-05-01,515.0,238.13119506835938
timesfm,2018-06-01,402.0,226.35191345214844
timesfm,2018-07-01,476.0,238.31451416015625
timesfm,2018-08-01,294.0,229.64849853515625
timesfm,2018-09-01,325.0,217.62278747558594
timesfm,2018-10-01,231.0,245.83782958984375
timesfm,2018-11-01,244.0,262.69384765625
timesfm,2018-12-01,273.0,307.7779541015625
timesfm,2019-01-01,175.0,350.4825134277344
timesfm,2019-02-01,378.0,396.4129943847656
timesfm,2018-04-01,699.0,299.5459289550781
timesfm,2018-05-01,515.0,313.8963623046875
timesfm,2018-06-01,402.0,310.84375
timesfm,2018-07-01,476.0,267.9597473144531
timesfm,2018-08-01,294.0,271.7420349121094
timesfm,2018-09-01,325.0,264.8142395019531
timesfm,2018-10-01,231.0,282.66448974609375
timesfm,2018-11-01,244.0,336.45794677734375
timesfm,2018-12-01,273.0,395.1910705566406
timesfm,2019-01-01,175.0,485.304443359375
timesfm,2019-02-01,378.0,566.5349731445312
timesfm,2019-03-01,675.0,639.00927734375
timesfm,2018-05-01,515.0,676.2515869140625
timesfm,2018-06-01,402.0,659.1690673828125
timesfm,2018-07-01,476.0,587.77490234375
timesfm,2018-08-01,294.0,499.66796875
timesfm,2018-09-01,325.0,495.928955078125
timesfm,2018-10-01,231.0,502.81494140625
timesfm,2018-11-01,244.0,554.827880859375
timesfm,2018-12-01,273.0,634.8055419921875
timesfm,2019-01-01,175.0,709.4168090820312
timesfm,2019-02-01,378.0,807.536376953125
timesfm,2019-03-01,675.0,887.205078125
timesfm,2019-04-01,983.0,947.9268798828125
timesfm,2018-06-01,402.0,464.5516052246094
timesfm,2018-07-01,476.0,417.70233154296875
timesfm,2018-08-01,294.0,362.5124206542969
timesfm,2018-09-01,325.0,314.47540283203125
timesfm,2018-10-01,231.0,352.4484558105469
timesfm,2018-11-01,244.0,407.40301513671875
timesfm,2018-12-01,273.0,492.68963623046875
timesfm,2019-01-01,175.0,584.960693359375
timesfm,2019-02-01,378.0,745.5902099609375
timesfm,2019-03-01,675.0,889.2730712890625
timesfm,2019-04-01,983.0,983.2920532226562
timesfm,2019-05-01,1336.0,1017.2565307617188
timesfm,2018-07-01,476.0,351.325927734375
timesfm,2018-08-01,294.0,320.19268798828125
timesfm,2018-09-01,325.0,306.6603698730469
timesfm,2018-10-01,231.0,308.81146240234375
timesfm,2018-11-01,244.0,371.6974792480469
timesfm,2018-12-01,273.0,408.381591796875
timesfm,2019-01-01,175.0,488.75390625
timesfm,2019-02-01,378.0,603.4282836914062
timesfm,2019-03-01,675.0,735.2200927734375
timesfm,2019-04-01,983.0,822.8618774414062
timesfm,2019-05-01,1336.0,852.97216796875
timesfm,2019-06-01,1484.0,870.2427368164062
timesfm,2018-08-01,294.0,431.0372009277344
timesfm,2018-09-01,325.0,426.65936279296875
timesfm,2018-10-01,231.0,443.938232421875
timesfm,2018-11-01,244.0,464.04718017578125
timesfm,2018-12-01,273.0,530.8670654296875
timesfm,2019-01-01,175.0,577.4375
timesfm,2019-02-01,378.0,670.239990234375
timesfm,2019-03-01,675.0,774.5924682617188
timesfm,2019-04-01,983.0,832.7030639648438
timesfm,2019-05-01,1336.0,847.1340942382812
timesfm,2019-06-01,1484.0,833.2597045898438
timesfm,2019-07-01,1160.0,841.304443359375
timesfm,2018-09-01,325.0,293.2154235839844
timesfm,2018-10-01,231.0,286.35528564453125
timesfm,2018-11-01,244.0,336.6868591308594
timesfm,2018-12-01,273.0,369.5000915527344
timesfm,2019-01-01,175.0,451.5877685546875
timesfm,2019-02-01,378.0,538.05615234375
timesfm,2019-03-01,675.0,613.7736206054688
timesfm,2019-04-01,983.0,684.4583129882812
timesfm,2019-05-01,1336.0,700.30224609375
timesfm,2019-06-01,1484.0,738.5397338867188
timesfm,2019-07-01,1160.0,743.35205078125
timesfm,2019-08-01,1157.0,749.3068237304688
timesfm,2018-10-01,231.0,323.37750244140625
timesfm,2018-11-01,244.0,352.0726013183594
timesfm,2018-12-01,273.0,409.38848876953125
timesfm,2019-01-01,175.0,452.6265563964844
timesfm,2019-02-01,378.0,548.6424560546875
timesfm,2019-03-01,675.0,601.403076171875
timesfm,2019-04-01,983.0,669.4374389648438
timesfm,2019-05-01,1336.0,681.896728515625
timesfm,2019-06-01,1484.0,691.7951049804688
timesfm,2019-07-01,1160.0,739.3933715820312
timesfm,2019-08-01,1157.0,760.5411376953125
timesfm,2019-09-01,1364.0,799.6661376953125
timesfm,2018-11-01,244.0,276.9770812988281
timesfm,2018-12-01,273.0,328.1216125488281
timesfm,2019-01-01,175.0,445.3944091796875
timesfm,2019-02-01,378.0,537.97021484375
timesfm,2019-03-01,675.0,634.22900390625
timesfm,2019-04-01,983.0,644.169189453125
timesfm,2019-05-01,1336.0,647.7183837890625
timesfm,2019-06-01,1484.0,622.4921875
timesfm,2019-07-01,1160.0,591.6204223632812
timesfm,2019-08-01,1157.0,618.74853515625
timesfm,2019-09-01,1364.0,654.9814453125
timesfm,2019-10-01,800.0,694.8363037109375
timesfm,2018-12-01,273.0,303.5372314453125
timesfm,2019-01-01,175.0,340.8200378417969
timesfm,2019-02-01,378.0,421.732177734375
timesfm,2019-03-01,675.0,460.68603515625
timesfm,2019-04-01,983.0,498.5299377441406
timesfm,2019-05-01,1336.0,484.80938720703125
timesfm,2019-06-01,1484.0,503.7115173339844
timesfm,2019-07-01,1160.0,519.103759765625
timesfm,2019-08-01,1157.0,522.9599609375
timesfm,2019-09-01,1364.0,580.7073364257812
timesfm,2019-10-01,800.0,622.060791015625
timesfm,2019-11-01,496.0,665.50537109375
timesfm,2019-01-01,175.0,308.0952453613281
timesfm,2019-02-01,378.0,353.082763671875
timesfm,2019-03-01,675.0,420.1443176269531
timesfm,2019-04-01,983.0,431.9176025390625
timesfm,2019-05-01,1336.0,439.98187255859375
timesfm,2019-06-01,1484.0,413.08673095703125
timesfm,2019-07-01,1160.0,428.7684326171875
timesfm,2019-08-01,1157.0,442.8101806640625
timesfm,2019-09-01,1364.0,444.1076965332031
timesfm,2019-10-01,800.0,489.22637939453125
timesfm,2019-11-01,496.0,514.5714721679688
timesfm,2019-12-01,297.0,537.248291015625
timesfm,2019-02-01,378.0,219.63595581054688
timesfm,2019-03-01,675.0,265.2300109863281
timesfm,2019-04-01,983.0,309.00372314453125
timesfm,2019-05-01,1336.0,306.9682922363281
timesfm,2019-06-01,1484.0,329.0806579589844
timesfm,2019-07-01,1160.0,320.2791442871094
timesfm,2019-08-01,1157.0,329.6806640625
timesfm,2019-09-01,1364.0,351.3544616699219
timesfm,2019-10-01,800.0,349.6142272949219
timesfm,2019-11-01,496.0,383.63336181640625
timesfm,2019-12-01,297.0,401.92620849609375
timesfm,2020-01-01,289.0,417.27825927734375
timesfm,2019-03-01,675.0,388.9938659667969
timesfm,2019-04-01,983.0,393.76629638671875
timesfm,2019-05-01,1336.0,395.2779235839844
timesfm,2019-06-01,1484.0,386.358642578125
timesfm,2019-07-01,1160.0,398.33660888671875
timesfm,2019-08-01,1157.0,393.5067138671875
timesfm,2019-09-01,1364.0,412.18182373046875
timesfm,2019-10-01,800.0,426.3457946777344
timesfm,2019-11-01,496.0,434.81060791015625
timesfm,2019-12-01,297.0,470.9877624511719
timesfm,2020-01-01,289.0,493.6773986816406
timesfm,2020-02-01,294.0,494.92779541015625
timesfm,2019-04-01,983.0,656.13525390625
timesfm,2019-05-01,1336.0,615.7264404296875
timesfm,2019-06-01,1484.0,604.1043701171875
timesfm,2019-07-01,1160.0,591.5782470703125
timesfm,2019-08-01,1157.0,588.3631591796875
timesfm,2019-09-01,1364.0,562.1851806640625
timesfm,2019-10-01,800.0,586.646240234375
timesfm,2019-11-01,496.0,604.9830322265625
timesfm,2019-12-01,297.0,632.672119140625
timesfm,2020-01-01,289.0,687.6402587890625
timesfm,2020-02-01,294.0,702.3173828125
timesfm,2020-03-01,251.0,670.65625
timesfm,2019-05-01,1336.0,935.5722045898438
timesfm,2019-06-01,1484.0,877.5119018554688
timesfm,2019-07-01,1160.0,861.5849609375
timesfm,2019-08-01,1157.0,812.9553833007812
timesfm,2019-09-01,1364.0,770.5640258789062
timesfm,2019-10-01,800.0,743.641357421875
timesfm,2019-11-01,496.0,774.440185546875
timesfm,2019-12-01,297.0,813.0286865234375
timesfm,2020-01-01,289.0,875.3826904296875
timesfm,2020-02-01,294.0,922.2191772460938
timesfm,2020-03-01,251.0,888.2739868164062
timesfm,2020-04-01,104.0,814.8958129882812
timesfm,2019-06-01,1484.0,1312.068115234375
timesfm,2019-07-01,1160.0,1247.707763671875
timesfm,2019-08-01,1157.0,1214.87548828125
timesfm,2019-09-01,1364.0,1161.3133544921875
timesfm,2019-10-01,800.0,1132.341552734375
timesfm,2019-11-01,496.0,1132.99365234375
timesfm,2019-12-01,297.0,1154.51708984375
timesfm,2020-01-01,289.0,1183.0283203125
timesfm,2020-02-01,294.0,1189.005615234375
timesfm,2020-03-01,251.0,1149.681640625
timesfm,2020-04-01,104.0,1038.27783203125
timesfm,2020-05-01,222.0,921.5431518554688
timesfm,2019-07-01,1160.0,1444.19091796875
timesfm,2019-08-01,1157.0,1338.7379150390625
timesfm,2019-09-01,1364.0,1294.8304443359375
timesfm,2019-10-01,800.0,1255.1212158203125
timesfm,2019-11-01,496.0,1237.968994140625
timesfm,2019-12-01,297.0,1228.650146484375
timesfm,2020-01-01,289.0,1236.7225341796875
timesfm,2020-02-01,294.0,1209.329345703125
timesfm,2020-03-01,251.0,1131.108154296875
timesfm,2020-04-01,104.0,1033.173828125
timesfm,2020-05-01,222.0,891.4160766601562
timesfm,2020-06-01,601.0,779.609130859375
timesfm,2019-08-01,1157.0,890.5509033203125
timesfm,2019-09-01,1364.0,788.8231811523438
timesfm,2019-10-01,800.0,757.3368530273438
timesfm,2019-11-01,496.0,776.0393676757812
timesfm,2019-12-01,297.0,845.386962890625
timesfm,2020-01-01,289.0,899.539306640625
timesfm,2020-02-01,294.0,936.6827392578125
timesfm,2020-03-01,251.0,920.9285278320312
timesfm,2020-04-01,104.0,854.5723266601562
timesfm,2020-05-01,222.0,760.4396362304688
timesfm,2020-06-01,601.0,663.0665283203125
timesfm,2020-07-01,804.0,591.7160034179688
timesfm,2019-09-01,1364.0,1027.6014404296875
timesfm,2019-10-01,800.0,985.8597412109375
timesfm,2019-11-01,496.0,1026.0006103515625
timesfm,2019-12-01,297.0,1085.5205078125
timesfm,2020-01-01,289.0,1165.079833984375
timesfm,2020-02-01,294.0,1182.442626953125
timesfm,2020-03-01,251.0,1145.637451171875
timesfm,2020-04-01,104.0,1031.827392578125
timesfm,2020-05-01,222.0,889.11376953125
timesfm,2020-06-01,601.0,749.3516845703125
timesfm,2020-07-01,804.0,631.2243041992188
timesfm,2020-08-01,696.0,563.4613037109375
timesfm,2019-10-01,800.0,1326.9879150390625
timesfm,2019-11-01,496.0,1356.0450439453125
timesfm,2019-12-01,297.0,1433.604248046875
timesfm,2020-01-01,289.0,1490.6942138671875
timesfm,2020-02-01,294.0,1474.522705078125
timesfm,2020-03-01,251.0,1353.0238037109375
timesfm,2020-04-01,104.0,1229.47607421875
timesfm,2020-05-01,222.0,1047.7640380859375
timesfm,2020-06-01,601.0,882.8383178710938
timesfm,2020-07-01,804.0,723.7899169921875
timesfm,2020-08-01,696.0,615.1961059570312
timesfm,2020-09-01,490.0,558.9156494140625
timesfm,2019-11-01,496.0,618.650634765625
timesfm,2019-12-01,297.0,716.44091796875
timesfm,2020-01-01,289.0,867.611572265625
timesfm,2020-02-01,294.0,982.226318359375
timesfm,2020-03-01,251.0,996.1203002929688
timesfm,2020-04-01,104.0,929.4547119140625
timesfm,2020-05-01,222.0,847.5120239257812
timesfm,2020-06-01,601.0,740.337890625
timesfm,2020-07-01,804.0,650.6932373046875
timesfm,2020-08-01,696.0,566.997314453125
timesfm,2020-09-01,490.0,498.988037109375
timesfm,2020-10-01,344.0,475.6062927246094
timesfm,2019-12-01,297.0,353.9349060058594
timesfm,2020-01-01,289.0,487.60125732421875
timesfm,2020-02-01,294.0,633.9993896484375
timesfm,2020-03-01,251.0,728.179931640625
timesfm,2020-04-01,104.0,740.6961669921875
timesfm,2020-05-01,222.0,680.3966674804688
timesfm,2020-06-01,601.0,616.7985229492188
timesfm,2020-07-01,804.0,546.4814453125
timesfm,2020-08-01,696.0,485.34423828125
timesfm,2020-09-01,490.0,441.8235168457031
timesfm,2020-10-01,344.0,408.63958740234375
timesfm,2020-11-01,258.0,400.9513244628906
timesfm,2020-01-01,289.0,219.9696044921875
timesfm,2020-02-01,294.0,347.44482421875
timesfm,2020-03-01,251.0,434.3373107910156
timesfm,2020-04-01,104.0,488.7820739746094
timesfm,2020-05-01,222.0,485.9826354980469
timesfm,2020-06-01,601.0,446.4159240722656
timesfm,2020-07-01,804.0,413.12713623046875
timesfm,2020-08-01,696.0,395.0414733886719
timesfm,2020-09-01,490.0,386.98883056640625
timesfm,2020-10-01,344.0,385.0549011230469
timesfm,2020-11-01,258.0,366.0354919433594
timesfm,2020-12-01,141.0,359.0382080078125
timesfm,2020-02-01,294.0,276.00628662109375
timesfm,2020-03-01,251.0,354.00091552734375
timesfm,2020-04-01,104.0,402.3278503417969
timesfm,2020-05-01,222.0,421.75433349609375
timesfm,2020-06-01,601.0,407.91827392578125
timesfm,2020-07-01,804.0,370.5782165527344
timesfm,2020-08-01,696.0,351.33782958984375
timesfm,2020-09-01,490.0,354.8759765625
timesfm,2020-10-01,344.0,349.91009521484375
timesfm,2020-11-01,258.0,354.8997802734375
timesfm,2020-12-01,141.0,338.121826171875
timesfm,2021-01-01,238.0,329.73828125
timesfm,2020-03-01,251.0,303.2206115722656
timesfm,2020-04-01,104.0,377.62017822265625
timesfm,2020-05-01,222.0,410.812744140625
timesfm,2020-06-01,601.0,418.59368896484375
timesfm,2020-07-01,804.0,399.2667541503906
timesfm,2020-08-01,696.0,353.59613037109375
timesfm,2020-09-01,490.0,337.8309020996094
timesfm,2020-10-01,344.0,350.4629211425781
timesfm,2020-11-01,258.0,338.6795959472656
timesfm,2020-12-01,141.0,338.00048828125
timesfm,2021-01-01,238.0,323.4654541015625
timesfm,2021-02-01,244.0,327.3139343261719
timesfm,2020-04-01,104.0,226.9052734375
timesfm,2020-05-01,222.0,269.1354675292969
timesfm,2020-06-01,601.0,297.39404296875
timesfm,2020-07-01,804.0,304.3652038574219
timesfm,2020-08-01,696.0,302.2166442871094
timesfm,2020-09-01,490.0,274.2931823730469
timesfm,2020-10-01,344.0,267.3441467285156
timesfm,2020-11-01,258.0,279.2021179199219
timesfm,2020-12-01,141.0,279.3620300292969
timesfm,2021-01-01,238.0,286.0311584472656
timesfm,2021-02-01,244.0,284.85418701171875
timesfm,2021-03-01,376.0,299.3687438964844
timesfm,2020-05-01,222.0,130.88345336914062
timesfm,2020-06-01,601.0,162.1695556640625
timesfm,2020-07-01,804.0,181.67831420898438
timesfm,2020-08-01,696.0,187.8242645263672
timesfm,2020-09-01,490.0,180.45736694335938
timesfm,2020-10-01,344.0,163.79678344726562
timesfm,2020-11-01,258.0,159.88482666015625
timesfm,2020-12-01,141.0,180.87356567382812
timesfm,2021-01-01,238.0,186.17530822753906
timesfm,2021-02-01,244.0,212.5972137451172
timesfm,2021-03-01,376.0,225.24151611328125
timesfm,2021-04-01,985.0,249.43182373046875
timesfm,2020-06-01,601.0,278.3001708984375
timesfm,2020-07-01,804.0,309.4090881347656
timesfm,2020-08-01,696.0,318.2746276855469
timesfm,2020-09-01,490.0,298.07489013671875
timesfm,2020-10-01,344.0,294.302001953125
timesfm,2020-11-01,258.0,271.37493896484375
timesfm,2020-12-01,141.0,269.21600341796875
timesfm,2021-01-01,238.0,287.76605224609375
timesfm,2021-02-01,244.0,302.8491516113281
timesfm,2021-03-01,376.0,323.52667236328125
timesfm,2021-04-01,985.0,338.3409118652344
timesfm,2021-05-01,4061.0,353.7958984375
timesfm,2020-07-01,804.0,708.440673828125
timesfm,2020-08-01,696.0,744.394287109375
timesfm,2020-09-01,490.0,734.5855712890625
timesfm,2020-10-01,344.0,670.8231201171875
timesfm,2020-11-01,258.0,600.3626708984375
timesfm,2020-12-01,141.0,532.9147338867188
timesfm,2021-01-01,238.0,502.1708984375
timesfm,2021-02-01,244.0,494.7294006347656
timesfm,2021-03-01,376.0,492.28033447265625
timesfm,2021-04-01,985.0,496.8125305175781
timesfm,2021-05-01,4061.0,508.4489440917969
timesfm,2021-06-01,2800.0,512.0501708984375
timesfm,2020-08-01,696.0,773.1595458984375
timesfm,2020-09-01,490.0,760.8616943359375
timesfm,2020-10-01,344.0,739.401611328125
timesfm,2020-11-01,258.0,692.4824829101562
timesfm,2020-12-01,141.0,635.7584228515625
timesfm,2021-01-01,238.0,573.6045532226562
timesfm,2021-02-01,244.0,531.068115234375
timesfm,2021-03-01,376.0,496.4449157714844
timesfm,2021-04-01,985.0,478.47564697265625
timesfm,2021-05-01,4061.0,461.2960205078125
timesfm,2021-06-01,2800.0,470.0938415527344
timesfm,2021-07-01,1868.0,474.158447265625
timesfm,2020-09-01,490.0,587.50830078125
timesfm,2020-10-01,344.0,582.2744140625
timesfm,2020-11-01,258.0,582.1801147460938
timesfm,2020-12-01,141.0,565.5721435546875
timesfm,2021-01-01,238.0,553.0960083007812
timesfm,2021-02-01,244.0,524.7096557617188
timesfm,2021-03-01,376.0,508.2578430175781
timesfm,2021-04-01,985.0,495.5500793457031
timesfm,2021-05-01,4061.0,470.392822265625
timesfm,2021-06-01,2800.0,464.4635925292969
timesfm,2021-07-01,1868.0,468.25408935546875
timesfm,2021-08-01,1415.0,463.4617004394531
timesfm,2020-10-01,344.0,422.55047607421875
timesfm,2020-11-01,258.0,409.4750061035156
timesfm,2020-12-01,141.0,415.2004089355469
timesfm,2021-01-01,238.0,400.13262939453125
timesfm,2021-02-01,244.0,398.3175964355469
timesfm,2021-03-01,376.0,374.6180419921875
timesfm,2021-04-01,985.0,370.2117919921875
timesfm,2021-05-01,4061.0,380.1014709472656
timesfm,2021-06-01,2800.0,383.68719482421875
timesfm,2021-07-01,1868.0,378.93988037109375
timesfm,2021-08-01,1415.0,380.7943420410156
timesfm,2021-09-01,584.0,357.16058349609375
timesfm,2020-11-01,258.0,312.4188537597656
timesfm,2020-12-01,141.0,309.6148681640625
timesfm,2021-01-01,238.0,319.2481384277344
timesfm,2021-02-01,244.0,328.0815734863281
timesfm,2021-03-01,376.0,347.968505859375
timesfm,2021-04-01,985.0,345.4587707519531
timesfm,2021-05-01,4061.0,346.22137451171875
timesfm,2021-06-01,2800.0,371.17291259765625
timesfm,2021-07-01,1868.0,364.0810546875
timesfm,2021-08-01,1415.0,365.1654052734375
timesfm,2021-09-01,584.0,343.75115966796875
timesfm,2021-10-01,428.0,320.55731201171875
timesfm,2020-12-01,141.0,247.69203186035156
timesfm,2021-01-01,238.0,257.3497619628906
timesfm,2021-02-01,244.0,282.6457214355469
timesfm,2021-03-01,376.0,289.4144592285156
timesfm,2021-04-01,985.0,300.8227844238281
timesfm,2021-05-01,4061.0,300.35357666015625
timesfm,2021-06-01,2800.0,307.6365966796875
timesfm,2021-07-01,1868.0,321.4627685546875
timesfm,2021-08-01,1415.0,308.656005859375
timesfm,2021-09-01,584.0,289.9206237792969
timesfm,2021-10-01,428.0,257.3819885253906
timesfm,2021-11-01,204.0,244.57838439941406
timesfm,2021-01-01,238.0,124.40896606445312
timesfm,2021-02-01,244.0,134.03614807128906
timesfm,2021-03-01,376.0,164.48953247070312
timesfm,2021-04-01,985.0,170.14053344726562
timesfm,2021-05-01,4061.0,202.47076416015625
timesfm,2021-06-01,2800.0,224.1254119873047
timesfm,2021-07-01,1868.0,242.67037963867188
timesfm,2021-08-01,1415.0,275.3155822753906
timesfm,2021-09-01,584.0,260.7925720214844
timesfm,2021-10-01,428.0,242.13990783691406
timesfm,2021-11-01,204.0,218.72254943847656
timesfm,2021-12-01,90.0,225.70553588867188
timesfm,2021-02-01,244.0,230.51394653320312
timesfm,2021-03-01,376.0,252.9986572265625
timesfm,2021-04-01,985.0,272.197021484375
timesfm,2021-05-01,4061.0,257.7949523925781
timesfm,2021-06-01,2800.0,273.79071044921875
timesfm,2021-07-01,1868.0,278.5533752441406
timesfm,2021-08-01,1415.0,276.7421875
timesfm,2021-09-01,584.0,268.3494873046875
timesfm,2021-10-01,428.0,228.7978973388672
timesfm,2021-11-01,204.0,211.81399536132812
timesfm,2021-12-01,90.0,193.4839630126953
timesfm,2022-01-01,152.0,229.28036499023438
timesfm,2021-03-01,376.0,227.33465576171875
timesfm,2021-04-01,985.0,258.44561767578125
timesfm,2021-05-01,4061.0,275.56768798828125
timesfm,2021-06-01,2800.0,277.5462646484375
timesfm,2021-07-01,1868.0,289.5523986816406
timesfm,2021-08-01,1415.0,299.22418212890625
timesfm,2021-09-01,584.0,282.498779296875
timesfm,2021-10-01,428.0,281.8507385253906
timesfm,2021-11-01,204.0,246.04971313476562
timesfm,2021-12-01,90.0,246.17518615722656
timesfm,2022-01-01,152.0,264.9830627441406
timesfm,2022-02-01,137.0,299.9237365722656
timesfm,2021-04-01,985.0,355.1648254394531
timesfm,2021-05-01,4061.0,381.805908203125
timesfm,2021-06-01,2800.0,397.8040466308594
timesfm,2021-07-01,1868.0,386.432861328125
timesfm,2021-08-01,1415.0,389.25616455078125
timesfm,2021-09-01,584.0,355.81768798828125
timesfm,2021-10-01,428.0,332.9713134765625
timesfm,2021-11-01,204.0,323.3951721191406
timesfm,2021-12-01,90.0,305.4934997558594
timesfm,2022-01-01,152.0,330.5236511230469
timesfm,2022-02-01,137.0,350.289306640625
timesfm,2022-03-01,205.0,373.48455810546875
timesfm,2021-05-01,4061.0,1043.912353515625
timesfm,2021-06-01,2800.0,927.7156982421875
timesfm,2021-07-01,1868.0,820.4383544921875
timesfm,2021-08-01,1415.0,715.43603515625
timesfm,2021-09-01,584.0,605.0618896484375
timesfm,2021-10-01,428.0,487.08892822265625
timesfm,2021-11-01,204.0,419.56585693359375
timesfm,2021-12-01,90.0,390.881103515625
timesfm,2022-01-01,152.0,374.9070129394531
timesfm,2022-02-01,137.0,399.103515625
timesfm,2022-03-01,205.0,421.5802001953125
timesfm,2022-04-01,317.0,433.6681213378906
timesfm,2021-06-01,2800.0,3372.456787109375
timesfm,2021-07-01,1868.0,2461.406982421875
timesfm,2021-08-01,1415.0,1777.985107421875
timesfm,2021-09-01,584.0,1271.3387451171875
timesfm,2021-10-01,428.0,937.4835205078125
timesfm,2021-11-01,204.0,624.058837890625
timesfm,2021-12-01,90.0,508.6136474609375
timesfm,2022-01-01,152.0,520.52001953125
timesfm,2022-02-01,137.0,503.8962707519531
timesfm,2022-03-01,205.0,583.9107666015625
timesfm,2022-04-01,317.0,569.5936279296875
timesfm,2022-05-01,533.0,568.3532104492188
timesfm,2021-07-01,1868.0,1896.689697265625
timesfm,2021-08-01,1415.0,1434.22265625
timesfm,2021-09-01,584.0,1066.495849609375
timesfm,2021-10-01,428.0,794.4126586914062
timesfm,2021-11-01,204.0,630.798828125
timesfm,2021-12-01,90.0,524.667236328125
timesfm,2022-01-01,152.0,500.1184387207031
timesfm,2022-02-01,137.0,528.8696899414062
timesfm,2022-03-01,205.0,523.8941650390625
timesfm,2022-04-01,317.0,527.3820190429688
timesfm,2022-05-01,533.0,531.724853515625
timesfm,2022-06-01,493.0,540.9561767578125
timesfm,2021-08-01,1415.0,1177.67578125
timesfm,2021-09-01,584.0,882.9135131835938
timesfm,2021-10-01,428.0,703.507080078125
timesfm,2021-11-01,204.0,586.1456298828125
timesfm,2021-12-01,90.0,533.48779296875
timesfm,2022-01-01,152.0,508.9560241699219
timesfm,2022-02-01,137.0,506.81256103515625
timesfm,2022-03-01,205.0,527.50048828125
timesfm,2022-04-01,317.0,511.2679138183594
timesfm,2022-05-01,533.0,507.2120056152344
timesfm,2022-06-01,493.0,511.03033447265625
timesfm,2022-07-01,618.0,507.2466735839844
timesfm,2021-09-01,584.0,977.4842529296875
timesfm,2021-10-01,428.0,781.4918212890625
timesfm,2021-11-01,204.0,659.8200073242188
timesfm,2021-12-01,90.0,591.6228637695312
timesfm,2022-01-01,152.0,580.239013671875
timesfm,2022-02-01,137.0,574.2496337890625
timesfm,2022-03-01,205.0,568.4884033203125
timesfm,2022-04-01,317.0,574.8917236328125
timesfm,2022-05-01,533.0,539.67529296875
timesfm,2022-06-01,493.0,513.141357421875
timesfm,2022-07-01,618.0,492.78271484375
timesfm,2022-08-01,476.0,477.6549072265625
timesfm,2021-10-01,428.0,453.43377685546875
timesfm,2021-11-01,204.0,383.27642822265625
timesfm,2021-12-01,90.0,370.5918273925781
timesfm,2022-01-01,152.0,379.2801513671875
timesfm,2022-02-01,137.0,419.4154968261719
timesfm,2022-03-01,205.0,440.4551086425781
timesfm,2022-04-01,317.0,434.3481140136719
timesfm,2022-05-01,533.0,448.4081115722656
timesfm,2022-06-01,493.0,441.4948425292969
timesfm,2022-07-01,618.0,415.1175231933594
timesfm,2022-08-01,476.0,395.4056396484375
timesfm,2022-09-01,268.0,364.26507568359375
timesfm,2021-11-01,204.0,383.9656677246094
timesfm,2021-12-01,90.0,339.8163146972656
timesfm,2022-01-01,152.0,331.6197204589844
timesfm,2022-02-01,137.0,328.336669921875
timesfm,2022-03-01,205.0,354.7019348144531
timesfm,2022-04-01,317.0,375.1947326660156
timesfm,2022-05-01,533.0,382.3682861328125
timesfm,2022-06-01,493.0,411.4073181152344
timesfm,2022-07-01,618.0,390.999267578125
timesfm,2022-08-01,476.0,359.2091979980469
timesfm,2022-09-01,268.0,339.3321533203125
timesfm,2022-10-01,283.0,322.14263916015625
timesfm,2021-12-01,90.0,226.6922607421875
timesfm,2022-01-01,152.0,227.94686889648438
timesfm,2022-02-01,137.0,248.58836364746094
timesfm,2022-03-01,205.0,264.688720703125
timesfm,2022-04-01,317.0,286.4043273925781
timesfm,2022-05-01,533.0,324.67022705078125
timesfm,2022-06-01,493.0,322.7142639160156
timesfm,2022-07-01,618.0,338.4165954589844
timesfm,2022-08-01,476.0,312.8681945800781
timesfm,2022-09-01,268.0,264.85260009765625
timesfm,2022-10-01,283.0,262.1533203125
timesfm,2022-11-01,86.0,267.68548583984375
timesfm,2022-01-01,152.0,141.22720336914062
timesfm,2022-02-01,137.0,174.2871856689453
timesfm,2022-03-01,205.0,207.15731811523438
timesfm,2022-04-01,317.0,223.7498779296875
timesfm,2022-05-01,533.0,255.11514282226562
timesfm,2022-06-01,493.0,282.70135498046875
timesfm,2022-07-01,618.0,276.5688171386719
timesfm,2022-08-01,476.0,275.4954833984375
timesfm,2022-09-01,268.0,236.07095336914062
timesfm,2022-10-01,283.0,195.03713989257812
timesfm,2022-11-01,86.0,199.7912139892578
timesfm,2022-12-01,67.0,199.62733459472656
timesfm,2022-02-01,137.0,172.04281616210938
timesfm,2022-03-01,205.0,212.68455505371094
timesfm,2022-04-01,317.0,229.7791748046875
timesfm,2022-05-01,533.0,252.31309509277344
timesfm,2022-06-01,493.0,289.6263732910156
timesfm,2022-07-01,618.0,297.4058837890625
timesfm,2022-08-01,476.0,277.57733154296875
timesfm,2022-09-01,268.0,252.33262634277344
timesfm,2022-10-01,283.0,215.22247314453125
timesfm,2022-11-01,86.0,199.0983123779297
timesfm,2022-12-01,67.0,210.4332275390625
timesfm,2023-01-01,346.0,234.1773681640625
timesfm,2022-03-01,205.0,161.94921875
timesfm,2022-04-01,317.0,214.40467834472656
timesfm,2022-05-01,533.0,246.54176330566406
timesfm,2022-06-01,493.0,266.5324401855469
timesfm,2022-07-01,618.0,273.0257568359375
timesfm,2022-08-01,476.0,263.1047058105469
timesfm,2022-09-01,268.0,228.92135620117188
timesfm,2022-10-01,283.0,200.9630889892578
timesfm,2022-11-01,86.0,169.828857421875
timesfm,2022-12-01,67.0,176.33367919921875
timesfm,2023-01-01,346.0,217.55149841308594
timesfm,2023-02-01,335.0,288.212646484375
timesfm,2022-04-01,317.0,256.96630859375
timesfm,2022-05-01,533.0,309.0006408691406
timesfm,2022-06-01,493.0,327.457763671875
timesfm,2022-07-01,618.0,323.8731689453125
timesfm,2022-08-01,476.0,319.1203308105469
timesfm,2022-09-01,268.0,288.25164794921875
timesfm,2022-10-01,283.0,256.03509521484375
timesfm,2022-11-01,86.0,238.06179809570312
timesfm,2022-12-01,67.0,220.5784454345703
timesfm,2023-01-01,346.0,249.55810546875
timesfm,2023-02-01,335.0,321.5885009765625
timesfm,2023-03-01,825.0,428.3634033203125
timesfm,2022-05-01,533.0,356.93731689453125
timesfm,2022-06-01,493.0,386.45050048828125
timesfm,2022-07-01,618.0,364.85986328125
timesfm,2022-08-01,476.0,331.7109069824219
timesfm,2022-09-01,268.0,307.23272705078125
timesfm,2022-10-01,283.0,289.7569885253906
timesfm,2022-11-01,86.0,260.8110046386719
timesfm,2022-12-01,67.0,248.99765014648438
timesfm,2023-01-01,346.0,275.27301025390625
timesfm,2023-02-01,335.0,383.16522216796875
timesfm,2023-03-01,825.0,509.3137512207031
timesfm,2023-04-01,641.0,647.289306640625
timesfm,2022-06-01,493.0,510.26483154296875
timesfm,2022-07-01,618.0,503.3453369140625
timesfm,2022-08-01,476.0,457.39837646484375
timesfm,2022-09-01,268.0,386.41851806640625
timesfm,2022-10-01,283.0,348.04205322265625
timesfm,2022-11-01,86.0,322.5655212402344
timesfm,2022-12-01,67.0,291.1368408203125
timesfm,2023-01-01,346.0,311.9639892578125
timesfm,2023-02-01,335.0,409.9481201171875
timesfm,2023-03-01,825.0,555.8687133789062
timesfm,2023-04-01,641.0,709.8140869140625
timesfm,2023-05-01,333.0,844.9640502929688
timesfm,2022-07-01,618.0,451.0357666015625
timesfm,2022-08-01,476.0,436.2499084472656
timesfm,2022-09-01,268.0,385.18426513671875
timesfm,2022-10-01,283.0,346.53009033203125
timesfm,2022-11-01,86.0,343.9916687011719
timesfm,2022-12-01,67.0,329.05078125
timesfm,2023-01-01,346.0,316.8849792480469
timesfm,2023-02-01,335.0,364.1793212890625
timesfm,2023-03-01,825.0,478.007080078125
timesfm,2023-04-01,641.0,602.0355224609375
timesfm,2023-05-01,333.0,719.6083374023438
timesfm,2023-06-01,251.0,763.752685546875
timesfm,2022-08-01,476.0,574.927001953125
timesfm,2022-09-01,268.0,522.0225830078125
timesfm,2022-10-01,283.0,472.04388427734375
timesfm,2022-11-01,86.0,426.13409423828125
timesfm,2022-12-01,67.0,417.2137145996094
timesfm,2023-01-01,346.0,426.2865905761719
timesfm,2023-02-01,335.0,446.3802185058594
timesfm,2023-03-01,825.0,520.73974609375
timesfm,2023-04-01,641.0,623.3552856445312
timesfm,2023-05-01,333.0,715.198486328125
timesfm,2023-06-01,251.0,759.3563232421875
timesfm,2023-07-01,484.0,746.0247802734375
timesfm,2022-09-01,268.0,435.5225524902344
timesfm,2022-10-01,283.0,414.274169921875
timesfm,2022-11-01,86.0,388.9342346191406
timesfm,2022-12-01,67.0,365.2366638183594
timesfm,2023-01-01,346.0,392.92510986328125
timesfm,2023-02-01,335.0,440.2537841796875
timesfm,2023-03-01,825.0,500.7442321777344
timesfm,2023-04-01,641.0,623.3406982421875
timesfm,2023-05-01,333.0,714.821044921875
timesfm,2023-06-01,251.0,752.8629150390625
timesfm,2023-07-01,484.0,751.1492919921875
timesfm,2023-08-01,423.0,721.7076416015625
timesfm,2022-10-01,283.0,275.4914245605469
timesfm,2022-11-01,86.0,263.470703125
timesfm,2022-12-01,67.0,258.1666564941406
timesfm,2023-01-01,346.0,270.2213134765625
timesfm,2023-02-01,335.0,344.8427429199219
timesfm,2023-03-01,825.0,413.06842041015625
timesfm,2023-04-01,641.0,492.1632080078125
timesfm,2023-05-01,333.0,618.3160400390625
timesfm,2023-06-01,251.0,640.5888061523438
timesfm,2023-07-01,484.0,627.046875
timesfm,2023-08-01,423.0,610.802734375
timesfm,2023-09-01,351.0,569.790771484375
timesfm,2022-11-01,86.0,292.76116943359375
timesfm,2022-12-01,67.0,292.7225036621094
timesfm,2023-01-01,346.0,314.3893737792969
timesfm,2023-02-01,335.0,376.67523193359375
timesfm,2023-03-01,825.0,498.5216064453125
timesfm,2023-04-01,641.0,599.693603515625
timesfm,2023-05-01,333.0,703.8382568359375
timesfm,2023-06-01,251.0,788.839599609375
timesfm,2023-07-01,484.0,746.918701171875
timesfm,2023-08-01,423.0,712.7635498046875
timesfm,2023-09-01,351.0,686.937744140625
timesfm,2023-10-01,394.0,634.2891845703125
timesfm,2022-12-01,67.0,86.06854248046875
timesfm,2023-01-01,346.0,122.66423034667969
timesfm,2023-02-01,335.0,194.53228759765625
timesfm,2023-03-01,825.0,315.0233459472656
timesfm,2023-04-01,641.0,483.16796875
timesfm,2023-05-01,333.0,602.9920654296875
timesfm,2023-06-01,251.0,652.2445068359375
timesfm,2023-07-01,484.0,670.4153442382812
timesfm,2023-08-01,423.0,606.8193359375
timesfm,2023-09-01,351.0,543.4261474609375
timesfm,2023-10-01,394.0,486.72479248046875
timesfm,2023-11-01,220.0,417.88543701171875
timesfm,2023-01-01,346.0,80.76490783691406
timesfm,2023-02-01,335.0,174.56112670898438
timesfm,2023-03-01,825.0,289.1264953613281
timesfm,2023-04-01,641.0,405.7088928222656
timesfm,2023-05-01,333.0,518.3099975585938
timesfm,2023-06-01,251.0,531.982421875
timesfm,2023-07-01,484.0,526.0215454101562
timesfm,2023-08-01,423.0,545.4818115234375
timesfm,2023-09-01,351.0,513.671630859375
timesfm,2023-10-01,394.0,482.77166748046875
timesfm,2023-11-01,220.0,461.81524658203125
timesfm,2023-12-01,230.0,429.6982421875
timesfm,2023-02-01,335.0,384.18280029296875
timesfm,2023-03-01,825.0,548.3180541992188
timesfm,2023-04-01,641.0,693.9949951171875
timesfm,2023-05-01,333.0,847.5205688476562
timesfm,2023-06-01,251.0,884.4381103515625
timesfm,2023-07-01,484.0,836.7797241210938
timesfm,2023-08-01,423.0,826.7943725585938
timesfm,2023-09-01,351.0,785.5335693359375
timesfm,2023-10-01,394.0,696.22802734375
timesfm,2023-11-01,220.0,607.8112182617188
timesfm,2023-12-01,230.0,558.58837890625
timesfm,2024-01-01,459.0,524.57861328125
timesfm,2023-03-01,825.0,360.91156005859375
timesfm,2023-04-01,641.0,525.5762939453125
timesfm,2023-05-01,333.0,660.6590576171875
timesfm,2023-06-01,251.0,724.7816162109375
timesfm,2023-07-01,484.0,699.656494140625
timesfm,2023-08-01,423.0,644.8587646484375
timesfm,2023-09-01,351.0,622.05615234375
timesfm,2023-10-01,394.0,603.3949584960938
timesfm,2023-11-01,220.0,550.466796875
timesfm,2023-12-01,230.0,484.9109802246094
timesfm,2024-01-01,459.0,444.9181823730469
timesfm,2024-02-01,2445.0,438.1263732910156
timesfm,2023-04-01,641.0,1071.198974609375
timesfm,2023-05-01,333.0,1273.7275390625
timesfm,2023-06-01,251.0,1294.310302734375
timesfm,2023-07-01,484.0,1188.140625
timesfm,2023-08-01,423.0,1026.544921875
timesfm,2023-09-01,351.0,859.5040893554688
timesfm,2023-10-01,394.0,755.458984375
timesfm,2023-11-01,220.0,660.111083984375
timesfm,2023-12-01,230.0,573.258056640625
timesfm,2024-01-01,459.0,532.1160278320312
timesfm,2024-02-01,2445.0,503.657470703125
timesfm,2024-03-01,3856.0,514.0865478515625
timesfm,2023-05-01,333.0,660.88134765625
timesfm,2023-06-01,251.0,786.9254150390625
timesfm,2023-07-01,484.0,807.8447265625
timesfm,2023-08-01,423.0,783.8270263671875
timesfm,2023-09-01,351.0,713.9326171875
timesfm,2023-10-01,394.0,596.194091796875
timesfm,2023-11-01,220.0,530.9432983398438
timesfm,2023-12-01,230.0,474.2785949707031
timesfm,2024-01-01,459.0,416.501220703125
timesfm,2024-02-01,2445.0,404.91326904296875
timesfm,2024-03-01,3856.0,414.61444091796875
timesfm,2024-04-01,2008.0,441.1424560546875
timesfm,2023-06-01,251.0,327.57476806640625
timesfm,2023-07-01,484.0,370.5057678222656
timesfm,2023-08-01,423.0,438.95098876953125
timesfm,2023-09-01,351.0,473.7748718261719
timesfm,2023-10-01,394.0,480.3724060058594
timesfm,2023-11-01,220.0,458.46380615234375
timesfm,2023-12-01,230.0,452.53729248046875
timesfm,2024-01-01,459.0,454.56427001953125
timesfm,2024-02-01,2445.0,436.18804931640625
timesfm,2024-03-01,3856.0,428.9288330078125
timesfm,2024-04-01,2008.0,442.33538818359375
timesfm,2024-05-01,1335.0,471.7822265625
timesfm,2023-07-01,484.0,268.4371643066406
timesfm,2023-08-01,423.0,294.3932189941406
timesfm,2023-09-01,351.0,324.26513671875
timesfm,2023-10-01,394.0,335.4042053222656
timesfm,2023-11-01,220.0,344.29241943359375
timesfm,2023-12-01,230.0,348.9022521972656
timesfm,2024-01-01,459.0,362.56048583984375
timesfm,2024-02-01,2445.0,389.8956604003906
timesfm,2024-03-01,3856.0,406.49664306640625
timesfm,2024-04-01,2008.0,412.72015380859375
timesfm,2024-05-01,1335.0,438.8525390625
timesfm,2024-06-01,1623.0,457.7430419921875
timesfm,2023-08-01,423.0,552.1966552734375
timesfm,2023-09-01,351.0,587.5804443359375
timesfm,2023-10-01,394.0,613.4710083007812
timesfm,2023-11-01,220.0,610.4173583984375
timesfm,2023-12-01,230.0,600.8502197265625
timesfm,2024-01-01,459.0,587.068115234375
timesfm,2024-02-01,2445.0,588.151123046875
timesfm,2024-03-01,3856.0,600.2024536132812
timesfm,2024-04-01,2008.0,587.7685546875
timesfm,2024-05-01,1335.0,572.763916015625
timesfm,2024-06-01,1623.0,581.482666015625
timesfm,2024-07-01,806.0,601.0625610351562
timesfm,2023-09-01,351.0,412.75384521484375
timesfm,2023-10-01,394.0,443.05059814453125
timesfm,2023-11-01,220.0,480.1141662597656
timesfm,2023-12-01,230.0,511.99560546875
timesfm,2024-01-01,459.0,549.733642578125
timesfm,2024-02-01,2445.0,590.5355224609375
timesfm,2024-03-01,3856.0,600.1968994140625
timesfm,2024-04-01,2008.0,597.5052490234375
timesfm,2024-05-01,1335.0,563.2366943359375
timesfm,2024-06-01,1623.0,511.4997863769531
timesfm,2024-07-01,806.0,515.4444580078125
timesfm,2024-08-01,607.0,563.9437255859375
timesfm,2023-10-01,394.0,377.26849365234375
timesfm,2023-11-01,220.0,390.5760498046875
timesfm,2023-12-01,230.0,412.8367919921875
timesfm,2024-01-01,459.0,417.0697937011719
timesfm,2024-02-01,2445.0,475.8485107421875
timesfm,2024-03-01,3856.0,500.42303466796875
timesfm,2024-04-01,2008.0,528.80810546875
timesfm,2024-05-01,1335.0,540.2314453125
timesfm,2024-06-01,1623.0,537.45751953125
timesfm,2024-07-01,806.0,511.993896484375
timesfm,2024-08-01,607.0,517.1365966796875
timesfm,2024-09-01,592.0,539.376708984375
timesfm,2023-11-01,220.0,405.9966125488281
timesfm,2023-12-01,230.0,402.6918640136719
timesfm,2024-01-01,459.0,420.990966796875
timesfm,2024-02-01,2445.0,426.2946472167969
timesfm,2024-03-01,3856.0,468.76141357421875
timesfm,2024-04-01,2008.0,469.39306640625
timesfm,2024-05-01,1335.0,498.5578308105469
timesfm,2024-06-01,1623.0,515.145263671875
timesfm,2024-07-01,806.0,507.3005676269531
timesfm,2024-08-01,607.0,478.62335205078125
timesfm,2024-09-01,592.0,472.36761474609375
timesfm,2024-10-01,616.0,478.81280517578125
timesfm,2023-12-01,230.0,219.92051696777344
timesfm,2024-01-01,459.0,247.27523803710938
timesfm,2024-02-01,2445.0,289.00079345703125
timesfm,2024-03-01,3856.0,319.76715087890625
timesfm,2024-04-01,2008.0,356.9304504394531
timesfm,2024-05-01,1335.0,353.02685546875
timesfm,2024-06-01,1623.0,379.56182861328125
timesfm,2024-07-01,806.0,399.4594421386719
timesfm,2024-08-01,607.0,400.3676452636719
timesfm,2024-09-01,592.0,395.149658203125
timesfm,2024-10-01,616.0,394.2381591796875
timesfm,2024-11-01,636.0,402.2576599121094
timesfm,2024-01-01,459.0,267.9903564453125
timesfm,2024-02-01,2445.0,316.9075622558594
timesfm,2024-03-01,3856.0,364.68133544921875
timesfm,2024-04-01,2008.0,390.448974609375
timesfm,2024-05-01,1335.0,419.0139465332031
timesfm,2024-06-01,1623.0,403.7827453613281
timesfm,2024-07-01,806.0,403.44610595703125
timesfm,2024-08-01,607.0,406.4319763183594
timesfm,2024-09-01,592.0,406.784912109375
timesfm,2024-10-01,616.0,421.8402404785156
timesfm,2024-11-01,636.0,454.1459045410156
timesfm,2024-12-01,500.0,489.8892822265625
