model,date,y_true,y_pred
sarimax,2014-01-01,1115.0,1151.3056409878257
sarimax,2014-02-01,2206.0,2079.866149261842
sarimax,2014-03-01,2971.0,5741.044653537372
sarimax,2014-04-01,3858.0,6669.284614406793
sarimax,2014-05-01,4606.0,5730.126831551415
sarimax,2014-06-01,2788.0,4185.722629508086
sarimax,2014-07-01,1104.0,1817.7770733846203
sarimax,2014-08-01,368.0,1063.5407270904386
sarimax,2014-09-01,197.0,865.2718871619311
sarimax,2014-10-01,173.0,594.7234006922899
sarimax,2014-11-01,312.0,593.9943024430318
sarimax,2014-12-01,183.0,746.0619924430117
sarimax,2014-02-01,2206.0,2018.7837328798678
sarimax,2014-03-01,2971.0,5670.405293230188
sarimax,2014-04-01,3858.0,6595.632959403468
sarimax,2014-05-01,4606.0,5655.936540063913
sarimax,2014-06-01,2788.0,4111.848433304711
sarimax,2014-07-01,1104.0,1744.8166603128357
sarimax,2014-08-01,368.0,990.8242471199966
sarimax,2014-09-01,197.0,792.6614767674981
sarimax,2014-10-01,173.0,522.1950266796947
sarimax,2014-11-01,312.0,521.4697955483487
sarimax,2014-12-01,183.0,673.5860905659571
sarimax,2015-01-01,479.0,1121.3879884201053
sarimax,2014-03-01,2971.0,6023.559997106735
sarimax,2014-04-01,3858.0,6998.919376237501
sarimax,2014-05-01,4606.0,6061.332879192652
sarimax,2014-06-01,2788.0,4502.329433283944
sarimax,2014-07-01,1104.0,2104.8089262169833
sarimax,2014-08-01,368.0,1342.5727059825977
sarimax,2014-09-01,197.0,1140.8813801746303
sarimax,2014-10-01,173.0,867.7651129598304
sarimax,2014-11-01,312.0,866.8981254789013
sarimax,2014-12-01,183.0,1017.4730974535038
sarimax,2015-01-01,479.0,1464.2509230243356
sarimax,2015-02-01,933.0,2609.9756989913185
sarimax,2014-04-01,3858.0,2850.6022831209284
sarimax,2014-05-01,4606.0,2169.6287695746664
sarimax,2014-06-01,2788.0,1281.985265717572
sarimax,2014-07-01,1104.0,42.44603454400976
sarimax,2014-08-01,368.0,0.0
sarimax,2014-09-01,197.0,0.0
sarimax,2014-10-01,173.0,0.0
sarimax,2014-11-01,312.0,0.0
sarimax,2014-12-01,183.0,0.0
sarimax,2015-01-01,479.0,50.291697951286494
sarimax,2015-02-01,933.0,1028.3512703457689
sarimax,2015-03-01,1747.0,2715.8918871962605
sarimax,2014-05-01,4606.0,3533.4526604973007
sarimax,2014-06-01,2788.0,2770.9664980042667
sarimax,2014-07-01,1104.0,1632.114149431845
sarimax,2014-08-01,368.0,1213.060383388622
sarimax,2014-09-01,197.0,1155.9467857371471
sarimax,2014-10-01,173.0,988.5692083281083
sarimax,2014-11-01,312.0,993.9180389777194
sarimax,2014-12-01,183.0,1204.9981914711689
sarimax,2015-01-01,479.0,1691.9026318506467
sarimax,2015-02-01,933.0,2657.9938423032545
sarimax,2015-03-01,1747.0,4443.304713808411
sarimax,2015-04-01,3129.0,5295.536089829865
sarimax,2014-06-01,2788.0,3748.5878570141604
sarimax,2014-07-01,1104.0,2698.120999558313
sarimax,2014-08-01,368.0,2278.101499622304
sarimax,2014-09-01,197.0,2234.5883854167155
sarimax,2014-10-01,173.0,2069.6091710809947
sarimax,2014-11-01,312.0,2076.537768993931
sarimax,2014-12-01,183.0,2290.2458049347106
sarimax,2015-01-01,479.0,2779.529344140291
sarimax,2015-02-01,933.0,3735.9642714068355
sarimax,2015-03-01,1747.0,5599.295938896603
sarimax,2015-04-01,3129.0,6448.849201600456
sarimax,2015-05-01,3306.0,6471.445946545933
sarimax,2014-07-01,1104.0,1366.175429663037
sarimax,2014-08-01,368.0,1027.6929895473402
sarimax,2014-09-01,197.0,912.6411005833796
sarimax,2014-10-01,173.0,764.1258449047957
sarimax,2014-11-01,312.0,757.0944467502578
sarimax,2014-12-01,183.0,970.98777823771
sarimax,2015-01-01,479.0,1452.951464570079
sarimax,2015-02-01,933.0,2429.590929447646
sarimax,2015-03-01,1747.0,4139.665482330702
sarimax,2015-04-01,3129.0,4994.780497043277
sarimax,2015-05-01,3306.0,5117.93110453056
sarimax,2015-06-01,1263.0,3492.192856358372
sarimax,2014-08-01,368.0,671.880181781266
sarimax,2014-09-01,197.0,594.9683989108698
sarimax,2014-10-01,173.0,422.93806891929137
sarimax,2014-11-01,312.0,426.0032033897944
sarimax,2014-12-01,183.0,633.2340099134733
sarimax,2015-01-01,479.0,1116.650725504525
sarimax,2015-02-01,933.0,2096.771970141127
sarimax,2015-03-01,1747.0,3768.8958504318016
sarimax,2015-04-01,3129.0,4625.0225326203945
sarimax,2015-05-01,3306.0,4773.793166692618
sarimax,2015-06-01,1263.0,3140.14529772332
sarimax,2015-07-01,460.0,1328.2840582630113
sarimax,2014-09-01,197.0,183.55031339923931
sarimax,2014-10-01,173.0,62.87646948905531
sarimax,2014-11-01,312.0,40.56182385881316
sarimax,2014-12-01,183.0,259.7784071483005
sarimax,2015-01-01,479.0,736.933205740371
sarimax,2015-02-01,933.0,1721.0734334644806
sarimax,2015-03-01,1747.0,3382.90042781261
sarimax,2015-04-01,3129.0,4240.02579988009
sarimax,2015-05-01,3306.0,4394.313982246045
sarimax,2015-06-01,1263.0,2759.0296198643937
sarimax,2015-07-01,460.0,948.3375482378086
sarimax,2015-08-01,356.0,241.47960463437477
sarimax,2014-10-01,173.0,78.8341308120975
sarimax,2014-11-01,312.0,55.243748004894705
sarimax,2014-12-01,183.0,275.15355625807507
sarimax,2015-01-01,479.0,751.9856020792063
sarimax,2015-02-01,933.0,1736.213134555184
sarimax,2015-03-01,1747.0,3398.677919265216
sarimax,2015-04-01,3129.0,4255.824882425553
sarimax,2015-05-01,3306.0,4409.6082363824835
sarimax,2015-06-01,1263.0,2774.483975691855
sarimax,2015-07-01,460.0,963.6830942162803
sarimax,2015-08-01,356.0,256.85187110021894
sarimax,2015-09-01,118.0,90.7472901467395
sarimax,2014-11-01,312.0,187.94363622990792
sarimax,2014-12-01,183.0,389.13050360563665
sarimax,2015-01-01,479.0,875.1405110717233
sarimax,2015-02-01,933.0,1854.7676777690012
sarimax,2015-03-01,1747.0,3520.5836090533435
sarimax,2015-04-01,3129.0,4376.632623344678
sarimax,2015-05-01,3306.0,4530.151822217107
sarimax,2015-06-01,1263.0,2895.0162817641108
sarimax,2015-07-01,460.0,1084.1714097270951
sarimax,2015-08-01,356.0,377.3188114000015
sarimax,2015-09-01,118.0,211.24972652451288
sarimax,2015-10-01,152.0,105.06071645693086
sarimax,2014-12-01,183.0,560.308478669063
sarimax,2015-01-01,479.0,1023.3233821957178
sarimax,2015-02-01,933.0,2014.1265837751084
sarimax,2015-03-01,1747.0,3674.9808562752614
sarimax,2015-04-01,3129.0,4533.694640291902
sarimax,2015-05-01,3306.0,4685.553175012954
sarimax,2015-06-01,1263.0,3051.1656229309524
sarimax,2015-07-01,460.0,1239.9332486219141
sarimax,2015-08-01,356.0,533.2506431566318
sarimax,2015-09-01,118.0,367.1097928962369
sarimax,2015-10-01,152.0,260.9088839527841
sarimax,2015-11-01,489.0,347.59664057980484
sarimax,2015-01-01,479.0,499.23780032258486
sarimax,2015-02-01,933.0,1564.0435326409252
sarimax,2015-03-01,1747.0,3184.823075556237
sarimax,2015-04-01,3129.0,4062.1813430710195
sarimax,2015-05-01,3306.0,4206.806590407519
sarimax,2015-06-01,1263.0,2576.449336099623
sarimax,2015-07-01,460.0,763.3171760251543
sarimax,2015-08-01,356.0,57.70749167831908
sarimax,2015-09-01,118.0,0.0
sarimax,2015-10-01,152.0,0.0
sarimax,2015-11-01,489.0,0.0
sarimax,2015-12-01,742.0,0.0
sarimax,2015-02-01,933.0,1534.1170334374945
sarimax,2015-03-01,1747.0,3159.860947044522
sarimax,2015-04-01,3129.0,4034.7821073106907
sarimax,2015-05-01,3306.0,4180.553418824996
sarimax,2015-06-01,1263.0,2549.607035735716
sarimax,2015-07-01,460.0,736.7659314350545
sarimax,2015-08-01,356.0,31.005985327738927
sarimax,2015-09-01,118.0,0.0
sarimax,2015-10-01,152.0,0.0
sarimax,2015-11-01,489.0,0.0
sarimax,2015-12-01,742.0,0.0
sarimax,2016-01-01,4072.0,186.55266551541723
sarimax,2015-03-01,1747.0,2340.704321074678
sarimax,2015-04-01,3129.0,3337.6817057255544
sarimax,2015-05-01,3306.0,3407.991189711693
sarimax,2015-06-01,1263.0,1813.833002341645
sarimax,2015-07-01,460.0,0.0
sarimax,2015-08-01,356.0,0.0
sarimax,2015-09-01,118.0,0.0
sarimax,2015-10-01,152.0,0.0
sarimax,2015-11-01,489.0,0.0
sarimax,2015-12-01,742.0,0.0
sarimax,2016-01-01,4072.0,0.0
sarimax,2016-02-01,6168.0,137.7699700816122
sarimax,2015-04-01,3129.0,2556.8557316324413
sarimax,2015-05-01,3306.0,2799.6519658974994
sarimax,2015-06-01,1263.0,1132.3785505332544
sarimax,2015-07-01,460.0,0.0
sarimax,2015-08-01,356.0,0.0
sarimax,2015-09-01,118.0,0.0
sarimax,2015-10-01,152.0,0.0
sarimax,2015-11-01,489.0,0.0
sarimax,2015-12-01,742.0,0.0
sarimax,2016-01-01,4072.0,0.0
sarimax,2016-02-01,6168.0,0.0
sarimax,2016-03-01,5445.0,247.04032979531604
sarimax,2015-05-01,3306.0,3624.8613351718527
sarimax,2015-06-01,1263.0,1838.548229536417
sarimax,2015-07-01,460.0,108.67491154166964
sarimax,2015-08-01,356.0,0.0
sarimax,2015-09-01,118.0,0.0
sarimax,2015-10-01,152.0,0.0
sarimax,2015-11-01,489.0,0.0
sarimax,2015-12-01,742.0,0.0
sarimax,2016-01-01,4072.0,0.0
sarimax,2016-02-01,6168.0,180.76241263138664
sarimax,2016-03-01,5445.0,979.504914079474
sarimax,2016-04-01,3539.0,2205.0507003316825
sarimax,2015-06-01,1263.0,1388.128896619139
sarimax,2015-07-01,460.0,0.0
sarimax,2015-08-01,356.0,0.0
sarimax,2015-09-01,118.0,0.0
sarimax,2015-10-01,152.0,0.0
sarimax,2015-11-01,489.0,0.0
sarimax,2015-12-01,742.0,0.0
sarimax,2016-01-01,4072.0,0.0
sarimax,2016-02-01,6168.0,0.0
sarimax,2016-03-01,5445.0,576.0835424371382
sarimax,2016-04-01,3539.0,1799.204683281739
sarimax,2016-05-01,2218.0,2159.314134262776
sarimax,2015-07-01,460.0,0.0
sarimax,2015-08-01,356.0,0.0
sarimax,2015-09-01,118.0,0.0
sarimax,2015-10-01,152.0,0.0
sarimax,2015-11-01,489.0,0.0
sarimax,2015-12-01,742.0,0.0
sarimax,2016-01-01,4072.0,0.0
sarimax,2016-02-01,6168.0,0.0
sarimax,2016-03-01,5445.0,417.51027177486617
sarimax,2016-04-01,3539.0,1640.917785622873
sarimax,2016-05-01,2218.0,2000.763007677492
sarimax,2016-06-01,723.0,29.746520551520717
sarimax,2015-08-01,356.0,86.4757060681323
sarimax,2015-09-01,118.0,0.0
sarimax,2015-10-01,152.0,0.0
sarimax,2015-11-01,489.0,0.0
sarimax,2015-12-01,742.0,0.0
sarimax,2016-01-01,4072.0,117.27176961152547
sarimax,2016-02-01,6168.0,777.417694313185
sarimax,2016-03-01,5445.0,1573.0842263423422
sarimax,2016-04-01,3539.0,2800.8449351161016
sarimax,2016-05-01,2218.0,3156.7222367502854
sarimax,2016-06-01,723.0,1184.8845887234522
sarimax,2016-07-01,463.0,104.54213021412147
sarimax,2015-09-01,118.0,129.86981772158617
sarimax,2015-10-01,152.0,66.62355903790926
sarimax,2015-11-01,489.0,147.5417222861109
sarimax,2015-12-01,742.0,119.83972364932492
sarimax,2016-01-01,4072.0,463.78230613385466
sarimax,2016-02-01,6168.0,1120.747831200314
sarimax,2016-03-01,5445.0,1918.402756117634
sarimax,2016-04-01,3539.0,3144.4737216590966
sarimax,2016-05-01,2218.0,3501.626009847985
sarimax,2016-06-01,723.0,1529.8027398058543
sarimax,2016-07-01,463.0,448.46525714454555
sarimax,2016-08-01,169.0,144.85813457240124
sarimax,2015-10-01,152.0,48.473197868768004
sarimax,2015-11-01,489.0,132.45958342898638
sarimax,2015-12-01,742.0,103.27525843509295
sarimax,2016-01-01,4072.0,447.9975531274012
sarimax,2016-02-01,6168.0,1104.6858345359794
sarimax,2016-03-01,5445.0,1902.517957066667
sarimax,2016-04-01,3539.0,3128.422977670049
sarimax,2016-05-01,2218.0,3485.706534996172
sarimax,2016-06-01,723.0,1513.8949005190148
sarimax,2016-07-01,463.0,432.4355331871857
sarimax,2016-08-01,169.0,128.72760810744566
sarimax,2016-09-01,152.0,0.0
sarimax,2015-11-01,489.0,282.22439728690983
sarimax,2015-12-01,742.0,230.13793142386817
sarimax,2016-01-01,4072.0,586.0662734564024
sarimax,2016-02-01,6168.0,1236.9892707949402
sarimax,2016-03-01,5445.0,2037.5815265860551
sarimax,2016-04-01,3539.0,3262.292400743101
sarimax,2016-05-01,2218.0,3620.059488013839
sarimax,2016-06-01,723.0,1647.844596488261
sarimax,2016-07-01,463.0,566.8342292592868
sarimax,2016-08-01,169.0,263.2509600506975
sarimax,2016-09-01,152.0,46.43266105309925
sarimax,2016-10-01,208.0,62.10733423103892
sarimax,2015-12-01,742.0,526.6432182841822
sarimax,2016-01-01,4072.0,838.0590655455962
sarimax,2016-02-01,6168.0,1510.7493145527483
sarimax,2016-03-01,5445.0,2300.474556417215
sarimax,2016-04-01,3539.0,3530.7499393628927
sarimax,2016-05-01,2218.0,3885.6459920429493
sarimax,2016-06-01,723.0,1914.6687975604527
sarimax,2016-07-01,463.0,833.3234543134608
sarimax,2016-08-01,169.0,530.2909545562525
sarimax,2016-09-01,152.0,313.28870763895844
sarimax,2016-10-01,208.0,329.0633620474268
sarimax,2016-11-01,201.0,603.5940692333048
sarimax,2016-01-01,4072.0,1149.8202265259288
sarimax,2016-02-01,6168.0,1776.3203663230913
sarimax,2016-03-01,5445.0,2589.3264481973333
sarimax,2016-04-01,3539.0,3807.139767343084
sarimax,2016-05-01,2218.0,4168.799178543174
sarimax,2016-06-01,723.0,2195.4428381903217
sarimax,2016-07-01,463.0,1113.817023432271
sarimax,2016-08-01,169.0,808.9091926312294
sarimax,2016-09-01,152.0,592.3698510987225
sarimax,2016-10-01,208.0,607.8690767019124
sarimax,2016-11-01,201.0,882.1077807617177
sarimax,2016-12-01,403.0,1013.9019196935841
sarimax,2016-02-01,6168.0,5977.133372522641
sarimax,2016-03-01,5445.0,6122.488662343804
sarimax,2016-04-01,3539.0,7687.476443137989
sarimax,2016-05-01,2218.0,7868.756656797922
sarimax,2016-06-01,723.0,5991.843628498023
sarimax,2016-07-01,463.0,4856.733947603378
sarimax,2016-08-01,169.0,4575.479628011226
sarimax,2016-09-01,152.0,4345.518186819465
sarimax,2016-10-01,208.0,4367.950268650988
sarimax,2016-11-01,201.0,4637.655927915992
sarimax,2016-12-01,403.0,4769.8980645745405
sarimax,2017-01-01,536.0,7124.389276132398
sarimax,2016-03-01,5445.0,6376.052504927899
sarimax,2016-04-01,3539.0,7896.025156033058
sarimax,2016-05-01,2218.0,8107.228587156059
sarimax,2016-06-01,723.0,6213.971416101605
sarimax,2016-07-01,463.0,5085.906590350065
sarimax,2016-08-01,169.0,4796.212547467023
sarimax,2016-09-01,152.0,4570.02823541378
sarimax,2016-10-01,208.0,4590.223881010808
sarimax,2016-11-01,201.0,4860.3369361021905
sarimax,2016-12-01,403.0,4990.510596819696
sarimax,2017-01-01,536.0,7334.050397801782
sarimax,2017-02-01,485.0,8896.864334202628
sarimax,2016-04-01,3539.0,6512.931301740518
sarimax,2016-05-01,2218.0,6950.763955315838
sarimax,2016-06-01,723.0,4949.739902902792
sarimax,2016-07-01,463.0,3868.279147441272
sarimax,2016-08-01,169.0,3545.9294998236405
sarimax,2016-09-01,152.0,3333.775745861808
sarimax,2016-10-01,208.0,3346.772100112063
sarimax,2016-11-01,201.0,3618.4508645113724
sarimax,2016-12-01,403.0,3743.566598269116
sarimax,2017-01-01,536.0,6060.9337052275705
sarimax,2017-02-01,485.0,7608.722304072242
sarimax,2017-03-01,919.0,7398.839772861739
sarimax,2016-05-01,2218.0,2597.2314613730073
sarimax,2016-06-01,723.0,857.8703205251581
sarimax,2016-07-01,463.0,0.0
sarimax,2016-08-01,169.0,0.0
sarimax,2016-09-01,152.0,0.0
sarimax,2016-10-01,208.0,0.0
sarimax,2016-11-01,201.0,0.0
sarimax,2016-12-01,403.0,0.0
sarimax,2017-01-01,536.0,2032.6506234067886
sarimax,2017-02-01,485.0,3615.762218411952
sarimax,2017-03-01,919.0,3372.8534464371487
sarimax,2017-04-01,1176.0,2493.880201128133
sarimax,2016-06-01,723.0,287.17531906388086
sarimax,2016-07-01,463.0,0.0
sarimax,2016-08-01,169.0,0.0
sarimax,2016-09-01,152.0,0.0
sarimax,2016-10-01,208.0,0.0
sarimax,2016-11-01,201.0,0.0
sarimax,2016-12-01,403.0,0.0
sarimax,2017-01-01,536.0,1538.937645115487
sarimax,2017-02-01,485.0,3137.341169109245
sarimax,2017-03-01,919.0,2880.1181579907784
sarimax,2017-04-01,1176.0,1970.5233332596017
sarimax,2017-05-01,1186.0,1103.4816517271295
sarimax,2016-07-01,463.0,0.0
sarimax,2016-08-01,169.0,0.0
sarimax,2016-09-01,152.0,0.0
sarimax,2016-10-01,208.0,0.0
sarimax,2016-11-01,201.0,0.0
sarimax,2016-12-01,403.0,0.0
sarimax,2017-01-01,536.0,2092.782817675699
sarimax,2017-02-01,485.0,3685.0813776073514
sarimax,2017-03-01,919.0,3433.569889182848
sarimax,2017-04-01,1176.0,2536.1911032460303
sarimax,2017-05-01,1186.0,1674.7151436151144
sarimax,2017-06-01,855.0,11.611562763005338
sarimax,2016-08-01,169.0,461.3571055261025
sarimax,2016-09-01,152.0,196.90385468797334
sarimax,2016-10-01,208.0,221.55446606741225
sarimax,2016-11-01,201.0,500.3260972110602
sarimax,2016-12-01,403.0,643.4613832474955
sarimax,2017-01-01,536.0,3099.3275006546905
sarimax,2017-02-01,485.0,4722.267985511735
sarimax,2017-03-01,919.0,4442.080865343793
sarimax,2017-04-01,1176.0,3483.362291494692
sarimax,2017-05-01,1186.0,2593.939942905711
sarimax,2017-06-01,855.0,941.0597297729514
sarimax,2017-07-01,269.0,524.6200257322002
sarimax,2016-09-01,152.0,0.0
sarimax,2016-10-01,208.0,0.0
sarimax,2016-11-01,201.0,67.49166684783701
sarimax,2016-12-01,403.0,210.460403379928
sarimax,2017-01-01,536.0,2660.31355028733
sarimax,2017-02-01,485.0,4280.061372138266
sarimax,2017-03-01,919.0,4002.87337881903
sarimax,2017-04-01,1176.0,3050.57538586621
sarimax,2017-05-01,1186.0,2164.078036325648
sarimax,2017-06-01,855.0,510.127786528006
sarimax,2017-07-01,269.0,92.62780050423834
sarimax,2017-08-01,184.0,0.0
sarimax,2016-10-01,208.0,424.3436356159126
sarimax,2016-11-01,201.0,667.3180939027657
sarimax,2016-12-01,403.0,814.3061885194571
sarimax,2017-01-01,536.0,3260.372595454713
sarimax,2017-02-01,485.0,4878.493710219007
sarimax,2017-03-01,919.0,4602.897631154809
sarimax,2017-04-01,1176.0,3654.03284189329
sarimax,2017-05-01,1186.0,2769.098635699562
sarimax,2017-06-01,855.0,1114.5765013841878
sarimax,2017-07-01,269.0,696.5098116125941
sarimax,2017-08-01,184.0,457.81859680095124
sarimax,2017-09-01,216.0,376.4857475646314
sarimax,2016-11-01,201.0,329.2097041698186
sarimax,2016-12-01,403.0,492.8155287461
sarimax,2017-01-01,536.0,2931.7544449842153
sarimax,2017-02-01,485.0,4547.683026577423
sarimax,2017-03-01,919.0,4274.413661961726
sarimax,2017-04-01,1176.0,3330.63787370045
sarimax,2017-05-01,1186.0,2448.0180557174576
sarimax,2017-06-01,855.0,792.64904921108
sarimax,2017-07-01,269.0,373.74305658999157
sarimax,2017-08-01,184.0,135.34551638667995
sarimax,2017-09-01,216.0,53.67108006399059
sarimax,2017-10-01,235.0,103.23290100855074
sarimax,2016-12-01,403.0,293.89403320505863
sarimax,2017-01-01,536.0,2741.418507041642
sarimax,2017-02-01,485.0,4355.0153774847295
sarimax,2017-03-01,919.0,4082.7652469449436
sarimax,2017-04-01,1176.0,3140.685265051158
sarimax,2017-05-01,1186.0,2258.8564367655827
sarimax,2017-06-01,855.0,603.199049302882
sarimax,2017-07-01,269.0,184.0080327967149
sarimax,2017-08-01,184.0,0.0
sarimax,2017-09-01,216.0,0.0
sarimax,2017-10-01,235.0,0.0
sarimax,2017-11-01,196.0,7.320372679814469
sarimax,2017-01-01,536.0,2913.899608824178
sarimax,2017-02-01,485.0,4519.890839947137
sarimax,2017-03-01,919.0,4247.616077850191
sarimax,2017-04-01,1176.0,3302.367054936942
sarimax,2017-05-01,1186.0,2419.2179042876855
sarimax,2017-06-01,855.0,764.0501193135589
sarimax,2017-07-01,269.0,345.3494588608508
sarimax,2017-08-01,184.0,106.88022748218464
sarimax,2017-09-01,216.0,25.289061670772327
sarimax,2017-10-01,235.0,74.8591676834167
sarimax,2017-11-01,196.0,168.39928938194763
sarimax,2017-12-01,332.0,385.3049468478517
sarimax,2017-02-01,485.0,865.994721832177
sarimax,2017-03-01,919.0,1101.3176281393737
sarimax,2017-04-01,1176.0,652.4053568662678
sarimax,2017-05-01,1186.0,38.29475587993761
sarimax,2017-06-01,855.0,0.0
sarimax,2017-07-01,269.0,0.0
sarimax,2017-08-01,184.0,0.0
sarimax,2017-09-01,216.0,0.0
sarimax,2017-10-01,235.0,0.0
sarimax,2017-11-01,196.0,0.0
sarimax,2017-12-01,332.0,0.0
sarimax,2018-01-01,305.0,0.0
sarimax,2017-03-01,919.0,507.5218693446368
sarimax,2017-04-01,1176.0,108.18112828567178
sarimax,2017-05-01,1186.0,0.0
sarimax,2017-06-01,855.0,0.0
sarimax,2017-07-01,269.0,0.0
sarimax,2017-08-01,184.0,0.0
sarimax,2017-09-01,216.0,0.0
sarimax,2017-10-01,235.0,0.0
sarimax,2017-11-01,196.0,0.0
sarimax,2017-12-01,332.0,0.0
sarimax,2018-01-01,305.0,0.0
sarimax,2018-02-01,313.0,0.0
sarimax,2017-04-01,1176.0,776.5798953837332
sarimax,2017-05-01,1186.0,116.74278776253345
sarimax,2017-06-01,855.0,0.0
sarimax,2017-07-01,269.0,0.0
sarimax,2017-08-01,184.0,0.0
sarimax,2017-09-01,216.0,0.0
sarimax,2017-10-01,235.0,0.0
sarimax,2017-11-01,196.0,0.0
sarimax,2017-12-01,332.0,0.0
sarimax,2018-01-01,305.0,0.0
sarimax,2018-02-01,313.0,565.0949958821084
sarimax,2018-03-01,452.0,452.02600305557667
sarimax,2017-05-01,1186.0,740.1779997339075
sarimax,2017-06-01,855.0,0.0
sarimax,2017-07-01,269.0,0.0
sarimax,2017-08-01,184.0,0.0
sarimax,2017-09-01,216.0,0.0
sarimax,2017-10-01,235.0,0.0
sarimax,2017-11-01,196.0,0.0
sarimax,2017-12-01,332.0,0.0
sarimax,2018-01-01,305.0,243.80213418806397
sarimax,2018-02-01,313.0,1255.3222231354857
sarimax,2018-03-01,452.0,1116.7391499703022
sarimax,2018-04-01,680.0,303.3007090762758
sarimax,2017-06-01,855.0,0.0
sarimax,2017-07-01,269.0,0.0
sarimax,2017-08-01,184.0,0.0
sarimax,2017-09-01,216.0,0.0
sarimax,2017-10-01,235.0,0.0
sarimax,2017-11-01,196.0,0.0
sarimax,2017-12-01,332.0,0.0
sarimax,2018-01-01,305.0,895.038304979669
sarimax,2018-02-01,313.0,1908.7119627074467
sarimax,2018-03-01,452.0,1768.9687714815495
sarimax,2018-04-01,680.0,953.3621055304034
sarimax,2018-05-01,377.0,303.33456401954163
sarimax,2017-07-01,269.0,977.2913681836991
sarimax,2017-08-01,184.0,653.2609202772322
sarimax,2017-09-01,216.0,552.3023169081273
sarimax,2017-10-01,235.0,593.278831553372
sarimax,2017-11-01,196.0,753.7300162413146
sarimax,2017-12-01,332.0,980.2769032629678
sarimax,2018-01-01,305.0,2661.8543615885937
sarimax,2018-02-01,313.0,3650.802585922893
sarimax,2018-03-01,452.0,3524.381396601638
sarimax,2018-04-01,680.0,2733.677376500392
sarimax,2018-05-01,377.0,2098.9738616213604
sarimax,2018-06-01,278.0,1204.1609804154432
sarimax,2017-08-01,184.0,0.0
sarimax,2017-09-01,216.0,0.0
sarimax,2017-10-01,235.0,0.0
sarimax,2017-11-01,196.0,0.0
sarimax,2017-12-01,332.0,0.0
sarimax,2018-01-01,305.0,1668.004555653735
sarimax,2018-02-01,313.0,2676.563176368265
sarimax,2018-03-01,452.0,2539.560670435166
sarimax,2018-04-01,680.0,1729.0562616278114
sarimax,2018-05-01,377.0,1082.1702029561102
sarimax,2018-06-01,278.0,176.70286318124022
sarimax,2018-07-01,207.0,0.0
sarimax,2017-09-01,216.0,486.33464044934374
sarimax,2017-10-01,235.0,441.08065359760684
sarimax,2017-11-01,196.0,624.9050689190642
sarimax,2017-12-01,332.0,848.4032780713108
sarimax,2018-01-01,305.0,2579.494796528494
sarimax,2018-02-01,313.0,3600.983146926757
sarimax,2018-03-01,452.0,3456.970548493728
sarimax,2018-04-01,680.0,2633.3050157380458
sarimax,2018-05-01,377.0,1978.3249005800253
sarimax,2018-06-01,278.0,1065.7777904048385
sarimax,2018-07-01,207.0,642.6509261857059
sarimax,2018-08-01,155.0,453.2322903336677
sarimax,2017-10-01,235.0,38.27127295197204
sarimax,2017-11-01,196.0,249.22905075497053
sarimax,2017-12-01,332.0,467.6384183917997
sarimax,2018-01-01,305.0,2207.574399307784
sarimax,2018-02-01,313.0,3234.1051385578676
sarimax,2018-03-01,452.0,3087.305544949025
sarimax,2018-04-01,680.0,2258.346547414473
sarimax,2018-05-01,377.0,1600.1155421721012
sarimax,2018-06-01,278.0,684.7237610682492
sarimax,2018-07-01,207.0,262.3935743962207
sarimax,2018-08-01,155.0,72.46421180944873
sarimax,2018-09-01,237.0,79.86355955502736
sarimax,2017-11-01,196.0,542.0682936039345
sarimax,2017-12-01,332.0,742.236137434972
sarimax,2018-01-01,305.0,2487.2695900931535
sarimax,2018-02-01,313.0,3514.231686940002
sarimax,2018-03-01,452.0,3366.969266697195
sarimax,2018-04-01,680.0,2536.887783595441
sarimax,2018-05-01,377.0,1877.9850623639222
sarimax,2018-06-01,278.0,962.0011039530539
sarimax,2018-07-01,207.0,539.8366901302595
sarimax,2018-08-01,155.0,349.8011214581952
sarimax,2018-09-01,237.0,357.1755816531885
sarimax,2018-10-01,270.0,394.770383153037
sarimax,2017-12-01,332.0,222.99992058603675
sarimax,2018-01-01,305.0,1991.6789283906026
sarimax,2018-02-01,313.0,3008.584433956411
sarimax,2018-03-01,452.0,2864.783883848265
sarimax,2018-04-01,680.0,2039.2290899188056
sarimax,2018-05-01,377.0,1383.2441691371764
sarimax,2018-06-01,278.0,469.78108918798864
sarimax,2018-07-01,207.0,46.91011422294994
sarimax,2018-08-01,155.0,0.0
sarimax,2018-09-01,237.0,0.0
sarimax,2018-10-01,270.0,0.0
sarimax,2018-11-01,318.0,0.0
sarimax,2018-01-01,305.0,2156.0298215372386
sarimax,2018-02-01,313.0,3162.8459680822925
sarimax,2018-03-01,452.0,3020.930963746974
sarimax,2018-04-01,680.0,2195.430917460249
sarimax,2018-05-01,377.0,1539.7132989337338
sarimax,2018-06-01,278.0,626.4299320319926
sarimax,2018-07-01,207.0,203.5076737492712
sarimax,2018-08-01,155.0,13.959111854009166
sarimax,2018-09-01,237.0,21.447925614850476
sarimax,2018-10-01,270.0,58.956421821239
sarimax,2018-11-01,318.0,35.96378556723258
sarimax,2018-12-01,732.0,204.97896735267628
sarimax,2018-02-01,313.0,278.08800540596326
sarimax,2018-03-01,452.0,339.4716650978391
sarimax,2018-04-01,680.0,0.0
sarimax,2018-05-01,377.0,0.0
sarimax,2018-06-01,278.0,0.0
sarimax,2018-07-01,207.0,0.0
sarimax,2018-08-01,155.0,0.0
sarimax,2018-09-01,237.0,0.0
sarimax,2018-10-01,270.0,0.0
sarimax,2018-11-01,318.0,0.0
sarimax,2018-12-01,732.0,0.0
sarimax,2019-01-01,1125.0,0.0
sarimax,2018-03-01,452.0,392.8179585811545
sarimax,2018-04-01,680.0,0.0
sarimax,2018-05-01,377.0,0.0
sarimax,2018-06-01,278.0,0.0
sarimax,2018-07-01,207.0,0.0
sarimax,2018-08-01,155.0,0.0
sarimax,2018-09-01,237.0,0.0
sarimax,2018-10-01,270.0,0.0
sarimax,2018-11-01,318.0,0.0
sarimax,2018-12-01,732.0,0.0
sarimax,2019-01-01,1125.0,0.0
sarimax,2019-02-01,2786.0,0.0
sarimax,2018-04-01,680.0,0.0
sarimax,2018-05-01,377.0,0.0
sarimax,2018-06-01,278.0,0.0
sarimax,2018-07-01,207.0,0.0
sarimax,2018-08-01,155.0,0.0
sarimax,2018-09-01,237.0,0.0
sarimax,2018-10-01,270.0,0.0
sarimax,2018-11-01,318.0,0.0
sarimax,2018-12-01,732.0,0.0
sarimax,2019-01-01,1125.0,0.0
sarimax,2019-02-01,2786.0,0.0
sarimax,2019-03-01,7174.0,0.0
sarimax,2018-05-01,377.0,611.9183683820096
sarimax,2018-06-01,278.0,0.0
sarimax,2018-07-01,207.0,0.0
sarimax,2018-08-01,155.0,0.0
sarimax,2018-09-01,237.0,0.0
sarimax,2018-10-01,270.0,0.0
sarimax,2018-11-01,318.0,0.0
sarimax,2018-12-01,732.0,0.0
sarimax,2019-01-01,1125.0,0.0
sarimax,2019-02-01,2786.0,0.0
sarimax,2019-03-01,7174.0,0.0
sarimax,2019-04-01,8015.0,0.0
sarimax,2018-06-01,278.0,0.0
sarimax,2018-07-01,207.0,0.0
sarimax,2018-08-01,155.0,0.0
sarimax,2018-09-01,237.0,0.0
sarimax,2018-10-01,270.0,0.0
sarimax,2018-11-01,318.0,0.0
sarimax,2018-12-01,732.0,0.0
sarimax,2019-01-01,1125.0,0.0
sarimax,2019-02-01,2786.0,0.0
sarimax,2019-03-01,7174.0,0.0
sarimax,2019-04-01,8015.0,0.0
sarimax,2019-05-01,12592.0,0.0
sarimax,2018-07-01,207.0,269.1053434847267
sarimax,2018-08-01,155.0,77.08485810611373
sarimax,2018-09-01,237.0,93.10883476488094
sarimax,2018-10-01,270.0,125.55586227767284
sarimax,2018-11-01,318.0,98.30963912071824
sarimax,2018-12-01,732.0,258.53303233122045
sarimax,2019-01-01,1125.0,290.25786498987566
sarimax,2019-02-01,2786.0,276.60309465803954
sarimax,2019-03-01,7174.0,523.8769336605844
sarimax,2019-04-01,8015.0,762.5208025515058
sarimax,2019-05-01,12592.0,574.4011807034145
sarimax,2019-06-01,9419.0,390.2502294858902
sarimax,2018-08-01,155.0,0.0
sarimax,2018-09-01,237.0,0.254568255810943
sarimax,2018-10-01,270.0,32.53309328721961
sarimax,2018-11-01,318.0,5.275831276783366
sarimax,2018-12-01,732.0,165.45609729706786
sarimax,2019-01-01,1125.0,197.07795388811422
sarimax,2019-02-01,2786.0,183.46116863225708
sarimax,2019-03-01,7174.0,430.5450686200614
sarimax,2019-04-01,8015.0,669.1702655100046
sarimax,2019-05-01,12592.0,480.8491149549261
sarimax,2019-06-01,9419.0,296.84753964855105
sarimax,2019-07-01,1218.0,37.15869791265075
sarimax,2018-09-01,237.0,265.7071877444403
sarimax,2018-10-01,270.0,292.19817757151935
sarimax,2018-11-01,318.0,265.2399201884922
sarimax,2018-12-01,732.0,425.28372748812535
sarimax,2019-01-01,1125.0,456.62935959028994
sarimax,2019-02-01,2786.0,443.1148492383851
sarimax,2019-03-01,7174.0,689.6869591892477
sarimax,2019-04-01,8015.0,928.2618436822047
sarimax,2019-05-01,12592.0,739.3976697185662
sarimax,2019-06-01,9419.0,555.7985910097073
sarimax,2019-07-01,1218.0,297.00322232713825
sarimax,2019-08-01,628.0,232.9697326833903
sarimax,2018-10-01,270.0,247.8788968482638
sarimax,2018-11-01,318.0,221.8792597601788
sarimax,2018-12-01,732.0,381.8556045314525
sarimax,2019-01-01,1125.0,413.18525805018703
sarimax,2019-02-01,2786.0,399.67776396581263
sarimax,2019-03-01,7174.0,646.2136777094975
sarimax,2019-04-01,8015.0,884.7850017041009
sarimax,2019-05-01,12592.0,695.882408232557
sarimax,2019-06-01,9419.0,512.3118066390169
sarimax,2019-07-01,1218.0,253.5796522500561
sarimax,2019-08-01,628.0,189.55021323092188
sarimax,2019-09-01,831.0,253.32379047468552
sarimax,2018-11-01,318.0,256.08961075195487
sarimax,2018-12-01,732.0,415.3260588432438
sarimax,2019-01-01,1125.0,446.7077252126167
sarimax,2019-02-01,2786.0,433.19506906008934
sarimax,2019-03-01,7174.0,679.7429560705591
sarimax,2019-04-01,8015.0,918.3154296069177
sarimax,2019-05-01,12592.0,729.4253580135701
sarimax,2019-06-01,9419.0,545.8454754693443
sarimax,2019-07-01,1218.0,287.09271906102583
sarimax,2019-08-01,628.0,223.0619599121884
sarimax,2019-09-01,831.0,286.8335369596693
sarimax,2019-10-01,783.0,314.72957853296043
sarimax,2018-12-01,732.0,511.20891850732943
sarimax,2019-01-01,1125.0,540.5030794200577
sarimax,2019-02-01,2786.0,527.1136668375987
sarimax,2019-03-01,7174.0,773.6914753993369
sarimax,2019-04-01,8015.0,1012.2681929495102
sarimax,2019-05-01,12592.0,823.4184549438452
sarimax,2019-06-01,9419.0,639.8086553256774
sarimax,2019-07-01,1218.0,380.9894837391616
sarimax,2019-08-01,628.0,316.9544688756676
sarimax,2019-09-01,831.0,380.71959785883587
sarimax,2019-10-01,783.0,408.6138339742783
sarimax,2019-11-01,678.0,424.8851584057795
sarimax,2019-01-01,1125.0,882.8180214261758
sarimax,2019-02-01,2786.0,862.0701808075727
sarimax,2019-03-01,7174.0,1109.078301958523
sarimax,2019-04-01,8015.0,1347.6264749664529
sarimax,2019-05-01,12592.0,1158.7618196733943
sarimax,2019-06-01,9419.0,975.1641906020875
sarimax,2019-07-01,1218.0,716.3722615467034
sarimax,2019-08-01,628.0,652.338991572722
sarimax,2019-09-01,831.0,716.106764900961
sarimax,2019-10-01,783.0,744.0017414255199
sarimax,2019-11-01,678.0,760.27766697919
sarimax,2019-12-01,998.0,1072.9064865642235
sarimax,2019-02-01,2786.0,1237.6960835800803
sarimax,2019-03-01,7174.0,1476.8137241821546
sarimax,2019-04-01,8015.0,1715.861281200908
sarimax,2019-05-01,12592.0,1527.1279409692702
sarimax,2019-06-01,9419.0,1343.4131007898923
sarimax,2019-07-01,1218.0,1084.356973090767
sarimax,2019-08-01,628.0,1020.3067870579627
sarimax,2019-09-01,831.0,1084.0489199358572
sarimax,2019-10-01,783.0,1111.9367172652028
sarimax,2019-11-01,678.0,1128.1680291031994
sarimax,2019-12-01,998.0,1440.6542899231551
sarimax,2020-01-01,3065.0,1680.288209147424
sarimax,2019-03-01,7174.0,3889.9153200494397
sarimax,2019-04-01,8015.0,4090.3971954662707
sarimax,2019-05-01,12592.0,3902.0629441106225
sarimax,2019-06-01,9419.0,3719.2426305995755
sarimax,2019-07-01,1218.0,3462.3443960296377
sarimax,2019-08-01,628.0,3398.4321137507877
sarimax,2019-09-01,831.0,3462.383428340688
sarimax,2019-10-01,783.0,3490.329794335946
sarimax,2019-11-01,678.0,3506.925070520072
sarimax,2019-12-01,998.0,3820.574343803173
sarimax,2020-01-01,3065.0,4061.96533221736
sarimax,2020-02-01,7404.0,5126.275579475953
sarimax,2019-04-01,8015.0,9511.76529021462
sarimax,2019-05-01,12592.0,9440.56962127838
sarimax,2019-06-01,9419.0,9262.308325084538
sarimax,2019-07-01,1218.0,9001.440448164229
sarimax,2019-08-01,628.0,8937.271051382617
sarimax,2019-09-01,831.0,9000.803801768268
sarimax,2019-10-01,783.0,9028.632726804086
sarimax,2019-11-01,678.0,9044.497817600568
sarimax,2019-12-01,998.0,9355.81384436185
sarimax,2020-01-01,3065.0,9593.679783803827
sarimax,2020-02-01,7404.0,10644.11644542501
sarimax,2020-03-01,13878.0,13462.676866009431
sarimax,2019-05-01,12592.0,7028.510780307478
sarimax,2019-06-01,9419.0,6883.881138664555
sarimax,2019-07-01,1218.0,6614.434887121825
sarimax,2019-08-01,628.0,6549.985933183225
sarimax,2019-09-01,831.0,6612.933815259479
sarimax,2019-10-01,783.0,6640.601372601983
sarimax,2019-11-01,678.0,6655.461896909557
sarimax,2019-12-01,998.0,6963.567999533925
sarimax,2020-01-01,3065.0,7196.5844120471065
sarimax,2020-02-01,7404.0,8227.934721502328
sarimax,2020-03-01,13878.0,10997.434095285305
sarimax,2020-04-01,14498.0,11604.934240290975
sarimax,2019-06-01,9419.0,14538.844610716775
sarimax,2019-07-01,1218.0,15085.230025889472
sarimax,2019-08-01,628.0,15346.326367269512
sarimax,2019-09-01,831.0,15534.726043423705
sarimax,2019-10-01,783.0,15611.648119787544
sarimax,2019-11-01,678.0,15641.90497146946
sarimax,2019-12-01,998.0,15944.52881902715
sarimax,2020-01-01,3065.0,16160.733331413903
sarimax,2020-02-01,7404.0,17115.374464376597
sarimax,2020-03-01,13878.0,19685.1627671277
sarimax,2020-04-01,14498.0,20263.96247059693
sarimax,2020-05-01,12378.0,22752.284496076943
sarimax,2019-07-01,1218.0,8503.195492863777
sarimax,2019-08-01,628.0,8271.706183343502
sarimax,2019-09-01,831.0,8286.82769042672
sarimax,2019-10-01,783.0,8301.590294146265
sarimax,2019-11-01,678.0,8307.033483607654
sarimax,2019-12-01,998.0,8594.417306235835
sarimax,2020-01-01,3065.0,8797.196101643058
sarimax,2020-02-01,7404.0,9710.389084700346
sarimax,2020-03-01,13878.0,12176.311037520425
sarimax,2020-04-01,14498.0,12740.012209503291
sarimax,2020-05-01,12378.0,15109.51297351157
sarimax,2020-06-01,3986.0,13327.055460100288
sarimax,2019-08-01,628.0,1103.3086133661575
sarimax,2019-09-01,831.0,1188.7125116002908
sarimax,2019-10-01,783.0,1199.9797167031843
sarimax,2019-11-01,678.0,1215.8986095755622
sarimax,2019-12-01,998.0,1495.0017543081897
sarimax,2020-01-01,3065.0,1694.3384206321043
sarimax,2020-02-01,7404.0,2580.6811195439313
sarimax,2020-03-01,13878.0,4982.360600207988
sarimax,2020-04-01,14498.0,5536.163625280957
sarimax,2020-05-01,12378.0,7831.128356160285
sarimax,2020-06-01,3986.0,6095.6415328555195
sarimax,2020-07-01,2125.0,1697.0424244409546
sarimax,2019-09-01,831.0,514.9255326448861
sarimax,2019-10-01,783.0,638.5499451526728
sarimax,2019-11-01,678.0,590.3982513096389
sarimax,2019-12-01,998.0,904.5422126294509
sarimax,2020-01-01,3065.0,1081.7497932513807
sarimax,2020-02-01,7404.0,1973.2275390655848
sarimax,2020-03-01,13878.0,4351.673237144721
sarimax,2020-04-01,14498.0,4906.806511683264
sarimax,2020-05-01,12378.0,7180.532302852878
sarimax,2020-06-01,3986.0,5458.290986523386
sarimax,2020-07-01,2125.0,1090.870299218404
sarimax,2020-08-01,1595.0,754.9285952451119
sarimax,2019-10-01,783.0,1086.2447169847965
sarimax,2019-11-01,678.0,963.3340059394031
sarimax,2019-12-01,998.0,1318.2550801132584
sarimax,2020-01-01,3065.0,1469.880377702226
sarimax,2020-02-01,7404.0,2367.448105508751
sarimax,2020-03-01,13878.0,4719.53643620292
sarimax,2020-04-01,14498.0,5276.233245570165
sarimax,2020-05-01,12378.0,7525.965285010912
sarimax,2020-06-01,3986.0,5818.680813419047
sarimax,2020-07-01,2125.0,1486.4415980340918
sarimax,2020-08-01,1595.0,1153.3138451764362
sarimax,2020-09-01,1327.0,1298.2795815784375
sarimax,2019-11-01,678.0,532.9769578886423
sarimax,2019-12-01,998.0,959.2306327317365
sarimax,2020-01-01,3065.0,1068.972862934494
sarimax,2020-02-01,7404.0,1985.7042039403152
sarimax,2020-03-01,13878.0,4314.296012467615
sarimax,2020-04-01,14498.0,4876.966649584917
sarimax,2020-05-01,12378.0,7110.587131427642
sarimax,2020-06-01,3986.0,5413.186905149338
sarimax,2020-07-01,2125.0,1099.367916292355
sarimax,2020-08-01,1595.0,768.323308127068
sarimax,2020-09-01,1327.0,912.5554472508423
sarimax,2020-10-01,989.0,903.806037969788
sarimax,2019-12-01,998.0,1164.1255976745852
sarimax,2020-01-01,3065.0,1239.8946802197643
sarimax,2020-02-01,7404.0,2177.3841810623553
sarimax,2020-03-01,13878.0,4497.533382011033
sarimax,2020-04-01,14498.0,5067.08276546761
sarimax,2020-05-01,12378.0,7300.2477458984085
sarimax,2020-06-01,3986.0,5602.925330237502
sarimax,2020-07-01,2125.0,1282.4614634565842
sarimax,2020-08-01,1595.0,951.7580048142444
sarimax,2020-09-01,1327.0,1095.6694449102738
sarimax,2020-10-01,989.0,1087.096149068724
sarimax,2020-11-01,1663.0,1054.7864446244605
sarimax,2020-01-01,3065.0,1002.5841379475946
sarimax,2020-02-01,7404.0,1973.2827104833227
sarimax,2020-03-01,13878.0,4255.49096657923
sarimax,2020-04-01,14498.0,4835.316234161615
sarimax,2020-05-01,12378.0,7043.331825893995
sarimax,2020-06-01,3986.0,5361.389711535429
sarimax,2020-07-01,2125.0,1068.7613041620743
sarimax,2020-08-01,1595.0,741.3253809820926
sarimax,2020-09-01,1327.0,884.0683624528256
sarimax,2020-10-01,989.0,876.201781542029
sarimax,2020-11-01,1663.0,844.2286973861177
sarimax,2020-12-01,1569.0,1209.8537400148598
sarimax,2020-02-01,7404.0,4883.683581600847
sarimax,2020-03-01,13878.0,6649.1420575379125
sarimax,2020-04-01,14498.0,7506.957920895495
sarimax,2020-05-01,12378.0,9524.621614462256
sarimax,2020-06-01,3986.0,7953.396601705169
sarimax,2020-07-01,2125.0,3656.0761366038478
sarimax,2020-08-01,1595.0,3362.189146696614
sarimax,2020-09-01,1327.0,3486.8221615933494
sarimax,2020-10-01,989.0,3489.401014661363
sarimax,2020-11-01,1663.0,3452.627583388601
sarimax,2020-12-01,1569.0,3822.0818212910194
sarimax,2021-01-01,2106.0,5071.032403882817
sarimax,2020-03-01,13878.0,10462.475998154581
sarimax,2020-04-01,14498.0,10799.900859732472
sarimax,2020-05-01,12378.0,13467.308532888117
sarimax,2020-06-01,3986.0,11508.341306175083
sarimax,2020-07-01,2125.0,6754.170537901237
sarimax,2020-08-01,1595.0,6367.432569992413
sarimax,2020-09-01,1327.0,6531.861398807284
sarimax,2020-10-01,989.0,6511.161525925381
sarimax,2020-11-01,1663.0,6473.899913051423
sarimax,2020-12-01,1569.0,6831.295710970277
sarimax,2021-01-01,2106.0,8198.001138903695
sarimax,2021-02-01,2408.0,11414.35950530397
sarimax,2020-04-01,14498.0,15400.484887093255
sarimax,2020-05-01,12378.0,18254.008777163635
sarimax,2020-06-01,3986.0,16081.300012621596
sarimax,2020-07-01,2125.0,10247.456456039628
sarimax,2020-08-01,1595.0,9826.302090333402
sarimax,2020-09-01,1327.0,9990.265336865921
sarimax,2020-10-01,989.0,9967.25950123292
sarimax,2020-11-01,1663.0,9907.024473090527
sarimax,2020-12-01,1569.0,10254.870035048923
sarimax,2021-01-01,2106.0,11828.074180430998
sarimax,2021-02-01,2408.0,15377.194882185113
sarimax,2021-03-01,2411.0,21235.912290649885
sarimax,2020-05-01,12378.0,16991.16747608088
sarimax,2020-06-01,3986.0,14929.31974211981
sarimax,2020-07-01,2125.0,8967.861044313166
sarimax,2020-08-01,1595.0,8558.200699849176
sarimax,2020-09-01,1327.0,8717.581396548663
sarimax,2020-10-01,989.0,8695.769457127586
sarimax,2020-11-01,1663.0,8633.364913663305
sarimax,2020-12-01,1569.0,8980.530382671588
sarimax,2021-01-01,2106.0,10569.935627829007
sarimax,2021-02-01,2408.0,14145.130473304873
sarimax,2021-03-01,2411.0,20024.127091414644
sarimax,2021-04-01,3488.0,20707.167562948085
sarimax,2020-06-01,3986.0,9968.411189467266
sarimax,2020-07-01,2125.0,6076.4247502975
sarimax,2020-08-01,1595.0,5561.732943059938
sarimax,2020-09-01,1327.0,5799.797186090575
sarimax,2020-10-01,989.0,5743.718301320405
sarimax,2020-11-01,1663.0,5736.8198261442085
sarimax,2020-12-01,1569.0,6090.31028018238
sarimax,2021-01-01,2106.0,7351.792783541944
sarimax,2021-02-01,2408.0,10389.306743471903
sarimax,2021-03-01,2411.0,15853.488233618713
sarimax,2021-04-01,3488.0,16579.850805104037
sarimax,2021-05-01,4774.0,17707.222935812995
sarimax,2020-07-01,2125.0,0.0
sarimax,2020-08-01,1595.0,0.0
sarimax,2020-09-01,1327.0,0.0
sarimax,2020-10-01,989.0,0.0
sarimax,2020-11-01,1663.0,0.0
sarimax,2020-12-01,1569.0,0.0
sarimax,2021-01-01,2106.0,0.0
sarimax,2021-02-01,2408.0,1817.1227540128843
sarimax,2021-03-01,2411.0,7658.581784191676
sarimax,2021-04-01,3488.0,8345.596026769972
sarimax,2021-05-01,4774.0,8256.333741405264
sarimax,2021-06-01,2520.0,1446.896134626003
sarimax,2020-08-01,1595.0,4710.753884003718
sarimax,2020-09-01,1327.0,4023.012139580059
sarimax,2020-10-01,989.0,4248.55580313708
sarimax,2020-11-01,1663.0,4140.750615351779
sarimax,2020-12-01,1569.0,4520.232984906126
sarimax,2021-01-01,2106.0,5867.662419450526
sarimax,2021-02-01,2408.0,9065.927044469852
sarimax,2021-03-01,2411.0,14649.69037071917
sarimax,2021-04-01,3488.0,15364.086064699144
sarimax,2021-05-01,4774.0,16100.672704398676
sarimax,2021-06-01,2520.0,9934.861233918118
sarimax,2021-07-01,1181.0,5369.51460529555
sarimax,2020-09-01,1327.0,0.0
sarimax,2020-10-01,989.0,444.2786655792958
sarimax,2020-11-01,1663.0,195.43070124809162
sarimax,2020-12-01,1569.0,628.3198204846536
sarimax,2021-01-01,2106.0,1919.1248961309634
sarimax,2021-02-01,2408.0,5061.706851188996
sarimax,2021-03-01,2411.0,10595.115830407867
sarimax,2021-04-01,3488.0,11315.351173770496
sarimax,2021-05-01,4774.0,12206.482460366402
sarimax,2021-06-01,2520.0,6161.386690531905
sarimax,2021-07-01,1181.0,1449.4695897919464
sarimax,2021-08-01,978.0,892.5000492119236
sarimax,2020-10-01,989.0,2280.751762231419
sarimax,2020-11-01,1663.0,1969.807650068186
sarimax,2020-12-01,1569.0,2414.26085962778
sarimax,2021-01-01,2106.0,3669.9226600145694
sarimax,2021-02-01,2408.0,6754.658479473615
sarimax,2021-03-01,2411.0,12244.538806450048
sarimax,2021-04-01,3488.0,12969.152198031383
sarimax,2021-05-01,4774.0,14002.278621896734
sarimax,2021-06-01,2520.0,8067.694264272596
sarimax,2021-07-01,1181.0,3221.487956749632
sarimax,2021-08-01,978.0,2663.2407657606645
sarimax,2021-09-01,741.0,2617.01030127662
sarimax,2020-11-01,1663.0,419.47303508536083
sarimax,2020-12-01,1569.0,897.8763868772926
sarimax,2021-01-01,2106.0,2117.5281628057323
sarimax,2021-02-01,2408.0,5143.070068675655
sarimax,2021-03-01,2411.0,10589.192662345018
sarimax,2021-04-01,3488.0,11318.192761675504
sarimax,2021-05-01,4774.0,12494.873180535029
sarimax,2021-06-01,2520.0,6672.032752275809
sarimax,2021-07-01,1181.0,1690.0470540523024
sarimax,2021-08-01,978.0,1130.5113179631048
sarimax,2021-09-01,741.0,1094.3698150321618
sarimax,2021-10-01,706.0,899.1277671407241
sarimax,2020-12-01,1569.0,2544.8716746287396
sarimax,2021-01-01,2106.0,3685.882542343205
sarimax,2021-02-01,2408.0,6685.415134777988
sarimax,2021-03-01,2411.0,12104.181341152746
sarimax,2021-04-01,3488.0,12836.079134812297
sarimax,2021-05-01,4774.0,14097.413249138923
sarimax,2021-06-01,2520.0,8340.546975870746
sarimax,2021-07-01,1181.0,3278.4154802937574
sarimax,2021-08-01,978.0,2718.12106194224
sarimax,2021-09-01,741.0,2687.933707876121
sarimax,2021-10-01,706.0,2496.357653056721
sarimax,2021-11-01,1161.0,2777.032653541058
sarimax,2021-01-01,2106.0,2343.5725334130207
sarimax,2021-02-01,2408.0,5380.4613791794945
sarimax,2021-03-01,2411.0,10784.485075388748
sarimax,2021-04-01,3488.0,11518.111185048296
sarimax,2021-05-01,4774.0,12806.150598489621
sarimax,2021-06-01,2520.0,7070.196175467694
sarimax,2021-07-01,1181.0,1982.6766618266756
sarimax,2021-08-01,978.0,1422.1422240395789
sarimax,2021-09-01,741.0,1393.8407880723917
sarimax,2021-10-01,706.0,1203.4259346961123
sarimax,2021-11-01,1161.0,1480.9817162967965
sarimax,2021-12-01,1897.0,1597.6722247443481
sarimax,2021-02-01,2408.0,5048.056267679274
sarimax,2021-03-01,2411.0,10461.079274461368
sarimax,2021-04-01,3488.0,11193.34257834092
sarimax,2021-05-01,4774.0,12492.926846965001
sarimax,2021-06-01,2520.0,6765.7484500731425
sarimax,2021-07-01,1181.0,1667.531978030563
sarimax,2021-08-01,978.0,1106.8956217371365
sarimax,2021-09-01,741.0,1079.38929791985
sarimax,2021-10-01,706.0,889.4639369108709
sarimax,2021-11-01,1161.0,1165.7048092997406
sarimax,2021-12-01,1897.0,1283.0941276797244
sarimax,2022-01-01,6041.0,2601.3155220222407
sarimax,2021-03-01,2411.0,6721.0284592836815
sarimax,2021-04-01,3488.0,7545.466739054448
sarimax,2021-05-01,4774.0,9092.372697851184
sarimax,2021-06-01,2520.0,3563.871966114241
sarimax,2021-07-01,1181.0,0.0
sarimax,2021-08-01,978.0,0.0
sarimax,2021-09-01,741.0,0.0
sarimax,2021-10-01,706.0,0.0
sarimax,2021-11-01,1161.0,0.0
sarimax,2021-12-01,1897.0,0.0
sarimax,2022-01-01,6041.0,0.0
sarimax,2022-02-01,7641.0,1746.1084727249781
sarimax,2021-04-01,3488.0,1336.5265337462233
sarimax,2021-05-01,4774.0,3182.9165782675996
sarimax,2021-06-01,2520.0,0.0
sarimax,2021-07-01,1181.0,0.0
sarimax,2021-08-01,978.0,0.0
sarimax,2021-09-01,741.0,0.0
sarimax,2021-10-01,706.0,0.0
sarimax,2021-11-01,1161.0,0.0
sarimax,2021-12-01,1897.0,0.0
sarimax,2022-01-01,6041.0,0.0
sarimax,2022-02-01,7641.0,0.0
sarimax,2022-03-01,13693.0,0.0
sarimax,2021-05-01,4774.0,6263.501820268353
sarimax,2021-06-01,2520.0,770.6719104270269
sarimax,2021-07-01,1181.0,0.0
sarimax,2021-08-01,978.0,0.0
sarimax,2021-09-01,741.0,0.0
sarimax,2021-10-01,706.0,0.0
sarimax,2021-11-01,1161.0,0.0
sarimax,2021-12-01,1897.0,0.0
sarimax,2022-01-01,6041.0,0.0
sarimax,2022-02-01,7641.0,0.0
sarimax,2022-03-01,13693.0,2704.8481160248725
sarimax,2022-04-01,18176.0,3517.0984183574574
sarimax,2021-06-01,2520.0,0.0
sarimax,2021-07-01,1181.0,0.0
sarimax,2021-08-01,978.0,0.0
sarimax,2021-09-01,741.0,0.0
sarimax,2021-10-01,706.0,0.0
sarimax,2021-11-01,1161.0,0.0
sarimax,2021-12-01,1897.0,0.0
sarimax,2022-01-01,6041.0,0.0
sarimax,2022-02-01,7641.0,0.0
sarimax,2022-03-01,13693.0,298.9833196466916
sarimax,2022-04-01,18176.0,1130.7257424435209
sarimax,2022-05-01,15727.0,588.8323056059294
sarimax,2021-07-01,1181.0,0.0
sarimax,2021-08-01,978.0,0.0
sarimax,2021-09-01,741.0,0.0
sarimax,2021-10-01,706.0,0.0
sarimax,2021-11-01,1161.0,0.0
sarimax,2021-12-01,1897.0,0.0
sarimax,2022-01-01,6041.0,0.0
sarimax,2022-02-01,7641.0,2035.8842028627123
sarimax,2022-03-01,13693.0,5924.38641819462
sarimax,2022-04-01,18176.0,6726.981455683931
sarimax,2022-05-01,15727.0,5967.853879510161
sarimax,2022-06-01,6163.0,28.301013228718602
sarimax,2021-08-01,978.0,1390.5081211697732
sarimax,2021-09-01,741.0,1311.0961845284237
sarimax,2021-10-01,706.0,1128.6111219632096
sarimax,2021-11-01,1161.0,1395.9208439250112
sarimax,2021-12-01,1897.0,1517.913200478471
sarimax,2022-01-01,6041.0,2853.0582227120026
sarimax,2022-02-01,7641.0,5261.018092762039
sarimax,2022-03-01,13693.0,8639.709312801655
sarimax,2022-04-01,18176.0,9478.30861934694
sarimax,2022-05-01,15727.0,8987.519200711218
sarimax,2022-06-01,6163.0,3531.542262586042
sarimax,2022-07-01,3171.0,1920.2333734193594
sarimax,2021-09-01,741.0,740.8017687145526
sarimax,2021-10-01,706.0,573.0869287408904
sarimax,2021-11-01,1161.0,842.4761773663422
sarimax,2021-12-01,1897.0,962.6554161306608
sarimax,2022-01-01,6041.0,2290.476886960206
sarimax,2022-02-01,7641.0,4679.157566834541
sarimax,2022-03-01,13693.0,8026.943018199738
sarimax,2022-04-01,18176.0,8867.724980138644
sarimax,2022-05-01,15727.0,8393.20267761871
sarimax,2022-06-01,6163.0,2966.5409386123924
sarimax,2022-07-01,3171.0,1357.7251308699858
sarimax,2022-08-01,2379.0,985.7025846506245
sarimax,2021-10-01,706.0,573.3712293076144
sarimax,2021-11-01,1161.0,842.7505579228337
sarimax,2021-12-01,1897.0,962.9316733583918
sarimax,2022-01-01,6041.0,2290.757465007314
sarimax,2022-02-01,7641.0,4679.449714157292
sarimax,2022-03-01,13693.0,8027.253700881001
sarimax,2022-04-01,18176.0,8868.034353809755
sarimax,2022-05-01,15727.0,8393.502294975258
sarimax,2022-06-01,6163.0,2966.8229739857256
sarimax,2022-07-01,3171.0,1358.0056710012914
sarimax,2022-08-01,2379.0,985.982188107346
sarimax,2022-09-01,2638.0,732.9585551721904
sarimax,2021-11-01,1161.0,1030.02849835582
sarimax,2021-12-01,1897.0,1145.114145654442
sarimax,2022-01-01,6041.0,2474.043698154634
sarimax,2022-02-01,7641.0,4864.272753869167
sarimax,2022-03-01,13693.0,8214.621883014759
sarimax,2022-04-01,18176.0,9055.222675523828
sarimax,2022-05-01,15727.0,8579.353451421142
sarimax,2022-06-01,6163.0,3150.264326283858
sarimax,2022-07-01,3171.0,1541.2420846727327
sarimax,2022-08-01,2379.0,1169.0902204063616
sarimax,2022-09-01,2638.0,916.0544167670924
sarimax,2022-10-01,3062.0,724.3173682593424
sarimax,2021-12-01,1897.0,1330.016636489337
sarimax,2022-01-01,6041.0,2652.955530305324
sarimax,2022-02-01,7641.0,5041.547700241302
sarimax,2022-03-01,13693.0,8388.430565920153
sarimax,2022-04-01,18176.0,9229.277346063871
sarimax,2022-05-01,15727.0,8755.207165663558
sarimax,2022-06-01,6163.0,3329.360947288974
sarimax,2022-07-01,3171.0,1720.614487882207
sarimax,2022-08-01,2379.0,1348.635386607864
sarimax,2022-09-01,2638.0,1095.615961038972
sarimax,2022-10-01,3062.0,904.0389953210004
sarimax,2022-11-01,2911.0,1472.2084853963704
sarimax,2022-01-01,6041.0,3457.739460157505
sarimax,2022-02-01,7641.0,5831.488981850551
sarimax,2022-03-01,13693.0,9192.343017925545
sarimax,2022-04-01,18176.0,10032.152494393838
sarimax,2022-05-01,15727.0,9551.85584111771
sarimax,2022-06-01,6163.0,4114.753018087775
sarimax,2022-07-01,3171.0,2505.0495731253636
sarimax,2022-08-01,2379.0,2132.470858968702
sarimax,2022-09-01,2638.0,1879.3945923977728
sarimax,2022-10-01,3062.0,1687.2620367707677
sarimax,2022-11-01,2911.0,2255.8330917398002
sarimax,2022-12-01,3744.0,2561.403979349146
sarimax,2022-02-01,7641.0,9535.367554741013
sarimax,2022-03-01,13693.0,12863.093441291672
sarimax,2022-04-01,18176.0,13706.701772295159
sarimax,2022-05-01,15727.0,13193.991333833685
sarimax,2022-06-01,6163.0,7699.7873411280125
sarimax,2022-07-01,3171.0,6085.2175112125
sarimax,2022-08-01,2379.0,5709.594002962469
sarimax,2022-09-01,2638.0,5456.229005252564
sarimax,2022-10-01,3062.0,5261.274716025612
sarimax,2022-11-01,2911.0,5831.885243935362
sarimax,2022-12-01,3744.0,6129.726621159267
sarimax,2023-01-01,5478.0,8369.58426882149
sarimax,2022-03-01,13693.0,10080.382870586916
sarimax,2022-04-01,18176.0,11023.437680362682
sarimax,2022-05-01,15727.0,10574.030118032904
sarimax,2022-06-01,6163.0,5214.30554896724
sarimax,2022-07-01,3171.0,3610.918627415622
sarimax,2022-08-01,2379.0,3242.409931133049
sarimax,2022-09-01,2638.0,2989.7157806219952
sarimax,2022-10-01,3062.0,2801.338385097495
sarimax,2022-11-01,2911.0,3367.1954588299554
sarimax,2022-12-01,3744.0,3683.0521099575894
sarimax,2023-01-01,5478.0,6001.2002168937815
sarimax,2023-02-01,4938.0,6944.1567579087905
sarimax,2022-04-01,18176.0,15792.604458313974
sarimax,2022-05-01,15727.0,15074.686600545949
sarimax,2022-06-01,6163.0,9374.076913296503
sarimax,2022-07-01,3171.0,7741.032131447222
sarimax,2022-08-01,2379.0,7354.121190835889
sarimax,2022-09-01,2638.0,7099.681522737454
sarimax,2022-10-01,3062.0,6894.2422254151525
sarimax,2022-11-01,2911.0,7472.431113104167
sarimax,2022-12-01,3744.0,7741.550819136475
sarimax,2023-01-01,5478.0,9856.590309870253
sarimax,2023-02-01,4938.0,10726.457029870428
sarimax,2023-03-01,5663.0,13375.85594301561
sarimax,2022-05-01,15727.0,18337.093184399113
sarimax,2022-06-01,6163.0,12660.955294494099
sarimax,2022-07-01,3171.0,11045.312290643125
sarimax,2022-08-01,2379.0,10663.230555651191
sarimax,2022-09-01,2638.0,10409.417074539984
sarimax,2022-10-01,3062.0,10209.232959416444
sarimax,2022-11-01,2911.0,10783.617947529876
sarimax,2022-12-01,3744.0,11067.15770829629
sarimax,2023-01-01,5478.0,13244.864061198306
sarimax,2023-02-01,4938.0,14137.28181259877
sarimax,2023-03-01,5663.0,16891.774096625086
sarimax,2023-04-01,6983.0,19518.052112653564
sarimax,2022-06-01,6163.0,9077.225980286916
sarimax,2022-07-01,3171.0,7696.801121701046
sarimax,2022-08-01,2379.0,7244.56264134968
sarimax,2022-09-01,2638.0,7007.5229726374555
sarimax,2022-10-01,3062.0,6798.1573286835355
sarimax,2022-11-01,2911.0,7377.088910660034
sarimax,2022-12-01,3744.0,7647.614105210677
sarimax,2023-01-01,5478.0,9770.210211859463
sarimax,2023-02-01,4938.0,10642.744806905444
sarimax,2023-03-01,5663.0,13304.683493391873
sarimax,2023-04-01,6983.0,15878.842807377809
sarimax,2023-05-01,4417.0,15523.065270254641
sarimax,2022-07-01,3171.0,3656.8837942295468
sarimax,2022-08-01,2379.0,3408.2595388053533
sarimax,2022-09-01,2638.0,3125.9261537074312
sarimax,2022-10-01,3062.0,2913.5108210782196
sarimax,2022-11-01,2911.0,3499.3197047804024
sarimax,2022-12-01,3744.0,3736.5418546900028
sarimax,2023-01-01,5478.0,5712.293226310096
sarimax,2023-02-01,4938.0,6532.050331925621
sarimax,2023-03-01,5663.0,8947.903726307288
sarimax,2023-04-01,6983.0,11383.50553179606
sarimax,2023-05-01,4417.0,11179.670743069832
sarimax,2023-06-01,3165.0,6009.8227908180725
sarimax,2022-08-01,2379.0,2725.71804588127
sarimax,2022-09-01,2638.0,2477.936175886982
sarimax,2022-10-01,3062.0,2260.2386284817067
sarimax,2022-11-01,2911.0,2846.5649788252185
sarimax,2022-12-01,3744.0,3085.63160989255
sarimax,2023-01-01,5478.0,5070.230969012797
sarimax,2023-02-01,4938.0,5893.154844117565
sarimax,2023-03-01,5663.0,8323.79343088789
sarimax,2023-04-01,6983.0,10767.719580060184
sarimax,2023-05-01,4417.0,10554.756204534697
sarimax,2023-06-01,3165.0,5367.042064573205
sarimax,2023-07-01,2934.0,3364.645420103364
sarimax,2022-09-01,2638.0,1991.0320074106457
sarimax,2022-10-01,3062.0,1796.0450627408059
sarimax,2022-11-01,2911.0,2378.835171385764
sarimax,2022-12-01,3744.0,2617.5315469006
sarimax,2023-01-01,5478.0,4597.700671554683
sarimax,2023-02-01,4938.0,5419.084316251887
sarimax,2023-03-01,5663.0,7842.463237914091
sarimax,2023-04-01,6983.0,10282.303731671369
sarimax,2023-05-01,4417.0,10073.8210907669
sarimax,2023-06-01,3165.0,4894.876634857399
sarimax,2023-07-01,2934.0,2894.463061814957
sarimax,2023-08-01,2086.0,2455.78696207542
sarimax,2022-10-01,3062.0,2705.479551480899
sarimax,2022-11-01,2911.0,3245.6569157703316
sarimax,2022-12-01,3744.0,3490.3721529899913
sarimax,2023-01-01,5478.0,5465.169242159955
sarimax,2023-02-01,4938.0,6285.216204853183
sarimax,2023-03-01,5663.0,8701.468532921332
sarimax,2023-04-01,6983.0,11137.318303364964
sarimax,2023-05-01,4417.0,10933.216486917763
sarimax,2023-06-01,3165.0,5762.847725755337
sarimax,2023-07-01,2934.0,3764.373311230492
sarimax,2023-08-01,2086.0,3326.388187175842
sarimax,2023-09-01,2295.0,3287.2703994985495
sarimax,2022-11-01,2911.0,3746.8798444936283
sarimax,2022-12-01,3744.0,3968.509494777562
sarimax,2023-01-01,5478.0,5949.726872729242
sarimax,2023-02-01,4938.0,6770.059849925479
sarimax,2023-03-01,5663.0,9190.69467558441
sarimax,2023-04-01,6983.0,11628.93703221688
sarimax,2023-05-01,4417.0,11422.195763542384
sarimax,2023-06-01,3165.0,6246.655315583201
sarimax,2023-07-01,2934.0,4247.011610467462
sarimax,2023-08-01,2086.0,3808.6098043387437
sarimax,2023-09-01,2295.0,3769.84289865592
sarimax,2023-10-01,2355.0,3918.2884421342983
sarimax,2022-12-01,3744.0,2794.0970644233435
sarimax,2023-01-01,5478.0,4837.2092325581925
sarimax,2023-02-01,4938.0,5649.137066473772
sarimax,2023-03-01,5663.0,8078.228366043773
sarimax,2023-04-01,6983.0,10520.000046069086
sarimax,2023-05-01,4417.0,10309.123397592912
sarimax,2023-06-01,3165.0,5125.385572536875
sarimax,2023-07-01,2934.0,3123.8915007838177
sarimax,2023-08-01,2086.0,2684.829623035636
sarimax,2023-09-01,2295.0,2646.6184051390032
sarimax,2023-10-01,2355.0,2795.5781388763435
sarimax,2023-11-01,3868.0,3007.70318799462
sarimax,2023-01-01,5478.0,6180.438460224583
sarimax,2023-02-01,4938.0,6927.827627988296
sarimax,2023-03-01,5663.0,9384.190294113318
sarimax,2023-04-01,6983.0,11832.465220065995
sarimax,2023-05-01,4417.0,11612.513473460645
sarimax,2023-06-01,3165.0,6410.21905197177
sarimax,2023-07-01,2934.0,4404.5552663142325
sarimax,2023-08-01,2086.0,3964.001451408309
sarimax,2023-09-01,2295.0,3927.045240101941
sarimax,2023-10-01,2355.0,4077.1659637055245
sarimax,2023-11-01,3868.0,4287.758129943169
sarimax,2023-12-01,20715.0,5062.879515681578
sarimax,2023-02-01,4938.0,5943.233021363354
sarimax,2023-03-01,5663.0,8412.945120383129
sarimax,2023-04-01,6983.0,10832.70540908113
sarimax,2023-05-01,4417.0,10636.091640526325
sarimax,2023-06-01,3165.0,5476.209744729149
sarimax,2023-07-01,2934.0,3480.245965618048
sarimax,2023-08-01,2086.0,3043.122844656993
sarimax,2023-09-01,2295.0,3003.271967308658
sarimax,2023-10-01,2355.0,3150.712293786223
sarimax,2023-11-01,3868.0,3364.8429792988973
sarimax,2023-12-01,20715.0,4139.397967574299
sarimax,2024-01-01,72410.0,7325.485111176385
sarimax,2023-03-01,5663.0,7006.259550943101
sarimax,2023-04-01,6983.0,9498.410852874536
sarimax,2023-05-01,4417.0,9289.181997173893
sarimax,2023-06-01,3165.0,4133.134841318432
sarimax,2023-07-01,2934.0,2137.0436705607162
sarimax,2023-08-01,2086.0,1700.1145813642288
sarimax,2023-09-01,2295.0,1660.153807167592
sarimax,2023-10-01,2355.0,1807.5088505634117
sarimax,2023-11-01,3868.0,2021.7552103367223
sarimax,2023-12-01,20715.0,2796.2916942869583
sarimax,2024-01-01,72410.0,5982.840811995192
sarimax,2024-02-01,98704.0,6732.656226799263
sarimax,2023-04-01,6983.0,7594.498933995797
sarimax,2023-05-01,4417.0,7540.8679031309075
sarimax,2023-06-01,3165.0,2509.0315295816754
sarimax,2023-07-01,2934.0,546.7819338097829
sarimax,2023-08-01,2086.0,120.60379616487467
sarimax,2023-09-01,2295.0,71.30492759446128
sarimax,2023-10-01,2355.0,209.93866162444488
sarimax,2023-11-01,3868.0,435.685093537718
sarimax,2023-12-01,20715.0,1208.3807813936883
sarimax,2024-01-01,72410.0,4440.656046465154
sarimax,2024-02-01,98704.0,5231.07469495858
sarimax,2024-03-01,82032.0,9267.822446113138
sarimax,2023-05-01,4417.0,6684.005702284841
sarimax,2023-06-01,3165.0,1701.3693872657968
sarimax,2023-07-01,2934.0,0.0
sarimax,2023-08-01,2086.0,0.0
sarimax,2023-09-01,2295.0,0.0
sarimax,2023-10-01,2355.0,0.0
sarimax,2023-11-01,3868.0,0.0
sarimax,2023-12-01,20715.0,396.54217064632905
sarimax,2024-01-01,72410.0,3631.2637785795214
sarimax,2024-02-01,98704.0,4423.854862864312
sarimax,2024-03-01,82032.0,8466.01028543399
sarimax,2024-04-01,30462.0,11755.629698556899
sarimax,2023-06-01,3165.0,0.0
sarimax,2023-07-01,2934.0,0.0
sarimax,2023-08-01,2086.0,0.0
sarimax,2023-09-01,2295.0,0.0
sarimax,2023-10-01,2355.0,0.0
sarimax,2023-11-01,3868.0,0.0
sarimax,2023-12-01,20715.0,0.0
sarimax,2024-01-01,72410.0,337.6932104782725
sarimax,2024-02-01,98704.0,1087.4908219471465
sarimax,2024-03-01,82032.0,5023.1228637444065
sarimax,2024-04-01,30462.0,8249.492129986904
sarimax,2024-05-01,14210.0,5754.0091092720395
sarimax,2023-07-01,2934.0,3078.0794470393425
sarimax,2023-08-01,2086.0,2310.3984189017124
sarimax,2023-09-01,2295.0,2314.147671961897
sarimax,2023-10-01,2355.0,2417.276051485055
sarimax,2023-11-01,3868.0,2672.8495401463824
sarimax,2023-12-01,20715.0,3440.63462908615
sarimax,2024-01-01,72410.0,6779.277762088876
sarimax,2024-02-01,98704.0,7664.006307721982
sarimax,2024-03-01,82032.0,11935.586206148322
sarimax,2024-04-01,30462.0,15361.426148857274
sarimax,2024-05-01,14210.0,12873.32185168927
sarimax,2024-06-01,4584.0,6087.41389818519
sarimax,2023-08-01,2086.0,2116.986815341349
sarimax,2023-09-01,2295.0,2130.97446854475
sarimax,2023-10-01,2355.0,2231.835811470409
sarimax,2023-11-01,3868.0,2487.9973822996467
sarimax,2023-12-01,20715.0,3255.6662601257885
sarimax,2024-01-01,72410.0,6594.869105695706
sarimax,2024-02-01,98704.0,7480.073026934284
sarimax,2024-03-01,82032.0,11752.84735930524
sarimax,2024-04-01,30462.0,15179.395829472276
sarimax,2024-05-01,14210.0,12691.317784794086
sarimax,2024-06-01,4584.0,5903.547424565211
sarimax,2024-07-01,1353.0,3833.7286412586377
sarimax,2023-09-01,2295.0,2090.218714979298
sarimax,2023-10-01,2355.0,2193.0387586825423
sarimax,2023-11-01,3868.0,2448.785702018298
sarimax,2023-12-01,20715.0,3216.5349110531956
sarimax,2024-01-01,72410.0,6555.588945441274
sarimax,2024-02-01,98704.0,7440.676678845386
sarimax,2024-03-01,82032.0,11713.154046014652
sarimax,2024-04-01,30462.0,15139.526632996802
sarimax,2024-05-01,14210.0,12651.442056854785
sarimax,2024-06-01,4584.0,5864.1341909256635
sarimax,2024-07-01,1353.0,3794.469032327551
sarimax,2024-08-01,1368.0,2983.76176819248
sarimax,2023-10-01,2355.0,2468.4885301550853
sarimax,2023-11-01,3868.0,2709.3521831735898
sarimax,2023-12-01,20715.0,3480.220298246051
sarimax,2024-01-01,72410.0,6818.341769499781
sarimax,2024-02-01,98704.0,7703.317228617063
sarimax,2024-03-01,82032.0,11975.14580894927
sarimax,2024-04-01,30462.0,15401.15624459113
sarimax,2024-05-01,14210.0,12913.056784274271
sarimax,2024-06-01,4584.0,6126.716714510308
sarimax,2024-07-01,1353.0,4057.3728851128285
sarimax,2024-08-01,1368.0,3246.659114195533
sarimax,2024-09-01,1506.0,3488.9503795239193
sarimax,2023-11-01,3868.0,2554.7632723914944
sarimax,2023-12-01,20715.0,3334.421287951981
sarimax,2024-01-01,72410.0,6670.9228289767725
sarimax,2024-02-01,98704.0,7556.532492915056
sarimax,2024-03-01,82032.0,11828.852768810402
sarimax,2024-04-01,30462.0,15255.224571635812
sarimax,2024-05-01,14210.0,12767.133871502183
sarimax,2024-06-01,4584.0,5979.893293957782
sarimax,2024-07-01,1353.0,3910.2498843607186
sarimax,2024-08-01,1368.0,3099.5422243820726
sarimax,2024-09-01,1506.0,3341.8389034799343
sarimax,2024-10-01,1598.0,3644.2388039460557
sarimax,2023-12-01,20715.0,5129.483481199901
sarimax,2024-01-01,72410.0,8360.390770449558
sarimax,2024-02-01,98704.0,9276.056417349257
sarimax,2024-03-01,82032.0,13553.982651304941
sarimax,2024-04-01,30462.0,16988.499213079955
sarimax,2024-05-01,14210.0,14500.351458525995
sarimax,2024-06-01,4584.0,7695.309009121931
sarimax,2024-07-01,1353.0,5619.712516272462
sarimax,2024-08-01,1368.0,4809.129008652138
sarimax,2024-09-01,1506.0,5051.532340899402
sarimax,2024-10-01,1598.0,5354.71512445344
sarimax,2024-11-01,2674.0,5756.023265201595
sarimax,2024-01-01,72410.0,30665.643114052033
sarimax,2024-02-01,98704.0,30817.577875123407
sarimax,2024-03-01,82032.0,35070.21753942502
sarimax,2024-04-01,30462.0,38433.975797735155
sarimax,2024-05-01,14210.0,35944.65298485123
sarimax,2024-06-01,4584.0,29301.797673839632
sarimax,2024-07-01,1353.0,27280.15173410807
sarimax,2024-08-01,1368.0,26468.469786944246
sarimax,2024-09-01,1506.0,26709.897529054248
sarimax,2024-10-01,1598.0,27005.970787517308
sarimax,2024-11-01,2674.0,27439.778704280216
sarimax,2024-12-01,2416.0,33900.85199884382
lgbm,2014-01-01,1115.0,1278.1666666666667
lgbm,2014-02-01,2206.0,1278.1666666666667
lgbm,2014-03-01,2971.0,1278.1666666666667
lgbm,2014-04-01,3858.0,1278.1666666666667
lgbm,2014-05-01,4606.0,1278.1666666666667
lgbm,2014-06-01,2788.0,1278.1666666666667
lgbm,2014-07-01,1104.0,1278.1666666666667
lgbm,2014-08-01,368.0,1278.1666666666667
lgbm,2014-09-01,197.0,1278.1666666666667
lgbm,2014-10-01,173.0,1278.1666666666667
lgbm,2014-11-01,312.0,1278.1666666666667
lgbm,2014-12-01,183.0,1278.1666666666667
lgbm,2014-02-01,2206.0,1271.64
lgbm,2014-03-01,2971.0,1271.64
lgbm,2014-04-01,3858.0,1271.64
lgbm,2014-05-01,4606.0,1271.64
lgbm,2014-06-01,2788.0,1271.64
lgbm,2014-07-01,1104.0,1271.64
lgbm,2014-08-01,368.0,1271.64
lgbm,2014-09-01,197.0,1271.64
lgbm,2014-10-01,173.0,1271.64
lgbm,2014-11-01,312.0,1271.64
lgbm,2014-12-01,183.0,1271.64
lgbm,2015-01-01,479.0,1271.64
lgbm,2014-03-01,2971.0,1307.576923076923
lgbm,2014-04-01,3858.0,1307.576923076923
lgbm,2014-05-01,4606.0,1307.576923076923
lgbm,2014-06-01,2788.0,1307.576923076923
lgbm,2014-07-01,1104.0,1307.576923076923
lgbm,2014-08-01,368.0,1307.576923076923
lgbm,2014-09-01,197.0,1307.576923076923
lgbm,2014-10-01,173.0,1307.576923076923
lgbm,2014-11-01,312.0,1307.576923076923
lgbm,2014-12-01,183.0,1307.576923076923
lgbm,2015-01-01,479.0,1307.576923076923
lgbm,2015-02-01,933.0,1307.576923076923
lgbm,2014-04-01,3858.0,1369.1851851851852
lgbm,2014-05-01,4606.0,1369.1851851851852
lgbm,2014-06-01,2788.0,1369.1851851851852
lgbm,2014-07-01,1104.0,1369.1851851851852
lgbm,2014-08-01,368.0,1369.1851851851852
lgbm,2014-09-01,197.0,1369.1851851851852
lgbm,2014-10-01,173.0,1369.1851851851852
lgbm,2014-11-01,312.0,1369.1851851851852
lgbm,2014-12-01,183.0,1369.1851851851852
lgbm,2015-01-01,479.0,1369.1851851851852
lgbm,2015-02-01,933.0,1369.1851851851852
lgbm,2015-03-01,1747.0,1369.1851851851852
lgbm,2014-05-01,4606.0,1458.0714285714287
lgbm,2014-06-01,2788.0,1458.0714285714287
lgbm,2014-07-01,1104.0,1458.0714285714287
lgbm,2014-08-01,368.0,1458.0714285714287
lgbm,2014-09-01,197.0,1458.0714285714287
lgbm,2014-10-01,173.0,1458.0714285714287
lgbm,2014-11-01,312.0,1458.0714285714287
lgbm,2014-12-01,183.0,1458.0714285714287
lgbm,2015-01-01,479.0,1458.0714285714287
lgbm,2015-02-01,933.0,1458.0714285714287
lgbm,2015-03-01,1747.0,1458.0714285714287
lgbm,2015-04-01,3129.0,1458.0714285714287
lgbm,2014-06-01,2788.0,1566.6206896551723
lgbm,2014-07-01,1104.0,1566.6206896551723
lgbm,2014-08-01,368.0,1566.6206896551723
lgbm,2014-09-01,197.0,1566.6206896551723
lgbm,2014-10-01,173.0,1566.6206896551723
lgbm,2014-11-01,312.0,1566.6206896551723
lgbm,2014-12-01,183.0,1566.6206896551723
lgbm,2015-01-01,479.0,1566.6206896551723
lgbm,2015-02-01,933.0,1566.6206896551723
lgbm,2015-03-01,1747.0,1566.6206896551723
lgbm,2015-04-01,3129.0,1566.6206896551723
lgbm,2015-05-01,3306.0,1566.6206896551723
lgbm,2014-07-01,1104.0,1607.3333333333333
lgbm,2014-08-01,368.0,1607.3333333333333
lgbm,2014-09-01,197.0,1607.3333333333333
lgbm,2014-10-01,173.0,1607.3333333333333
lgbm,2014-11-01,312.0,1607.3333333333333
lgbm,2014-12-01,183.0,1607.3333333333333
lgbm,2015-01-01,479.0,1607.3333333333333
lgbm,2015-02-01,933.0,1607.3333333333333
lgbm,2015-03-01,1747.0,1607.3333333333333
lgbm,2015-04-01,3129.0,1607.3333333333333
lgbm,2015-05-01,3306.0,1607.3333333333333
lgbm,2015-06-01,1263.0,1607.3333333333333
lgbm,2014-08-01,368.0,1591.0967741935483
lgbm,2014-09-01,197.0,1591.0967741935483
lgbm,2014-10-01,173.0,1591.0967741935483
lgbm,2014-11-01,312.0,1591.0967741935483
lgbm,2014-12-01,183.0,1591.0967741935483
lgbm,2015-01-01,479.0,1591.0967741935483
lgbm,2015-02-01,933.0,1591.0967741935483
lgbm,2015-03-01,1747.0,1591.0967741935483
lgbm,2015-04-01,3129.0,1591.0967741935483
lgbm,2015-05-01,3306.0,1591.0967741935483
lgbm,2015-06-01,1263.0,1591.0967741935483
lgbm,2015-07-01,460.0,1591.0967741935483
lgbm,2014-09-01,197.0,1552.875
lgbm,2014-10-01,173.0,1552.875
lgbm,2014-11-01,312.0,1552.875
lgbm,2014-12-01,183.0,1552.875
lgbm,2015-01-01,479.0,1552.875
lgbm,2015-02-01,933.0,1552.875
lgbm,2015-03-01,1747.0,1552.875
lgbm,2015-04-01,3129.0,1552.875
lgbm,2015-05-01,3306.0,1552.875
lgbm,2015-06-01,1263.0,1552.875
lgbm,2015-07-01,460.0,1552.875
lgbm,2015-08-01,356.0,1552.875
lgbm,2014-10-01,173.0,1511.7878787878788
lgbm,2014-11-01,312.0,1511.7878787878788
lgbm,2014-12-01,183.0,1511.7878787878788
lgbm,2015-01-01,479.0,1511.7878787878788
lgbm,2015-02-01,933.0,1511.7878787878788
lgbm,2015-03-01,1747.0,1511.7878787878788
lgbm,2015-04-01,3129.0,1511.7878787878788
lgbm,2015-05-01,3306.0,1511.7878787878788
lgbm,2015-06-01,1263.0,1511.7878787878788
lgbm,2015-07-01,460.0,1511.7878787878788
lgbm,2015-08-01,356.0,1511.7878787878788
lgbm,2015-09-01,118.0,1511.7878787878788
lgbm,2014-11-01,312.0,1472.4117647058824
lgbm,2014-12-01,183.0,1472.4117647058824
lgbm,2015-01-01,479.0,1472.4117647058824
lgbm,2015-02-01,933.0,1472.4117647058824
lgbm,2015-03-01,1747.0,1472.4117647058824
lgbm,2015-04-01,3129.0,1472.4117647058824
lgbm,2015-05-01,3306.0,1472.4117647058824
lgbm,2015-06-01,1263.0,1472.4117647058824
lgbm,2015-07-01,460.0,1472.4117647058824
lgbm,2015-08-01,356.0,1472.4117647058824
lgbm,2015-09-01,118.0,1472.4117647058824
lgbm,2015-10-01,152.0,1472.4117647058824
lgbm,2014-12-01,183.0,1439.2571428571428
lgbm,2015-01-01,479.0,1439.2571428571428
lgbm,2015-02-01,933.0,1439.2571428571428
lgbm,2015-03-01,1747.0,1439.2571428571428
lgbm,2015-04-01,3129.0,1439.2571428571428
lgbm,2015-05-01,3306.0,1439.2571428571428
lgbm,2015-06-01,1263.0,1439.2571428571428
lgbm,2015-07-01,460.0,1439.2571428571428
lgbm,2015-08-01,356.0,1439.2571428571428
lgbm,2015-09-01,118.0,1439.2571428571428
lgbm,2015-10-01,152.0,1439.2571428571428
lgbm,2015-11-01,489.0,1439.2571428571428
lgbm,2015-01-01,479.0,1404.361111111111
lgbm,2015-02-01,933.0,1404.361111111111
lgbm,2015-03-01,1747.0,1404.361111111111
lgbm,2015-04-01,3129.0,1404.361111111111
lgbm,2015-05-01,3306.0,1404.361111111111
lgbm,2015-06-01,1263.0,1404.361111111111
lgbm,2015-07-01,460.0,1404.361111111111
lgbm,2015-08-01,356.0,1404.361111111111
lgbm,2015-09-01,118.0,1404.361111111111
lgbm,2015-10-01,152.0,1404.361111111111
lgbm,2015-11-01,489.0,1404.361111111111
lgbm,2015-12-01,742.0,1404.361111111111
lgbm,2015-02-01,933.0,1379.3513513513512
lgbm,2015-03-01,1747.0,1379.3513513513512
lgbm,2015-04-01,3129.0,1379.3513513513512
lgbm,2015-05-01,3306.0,1379.3513513513512
lgbm,2015-06-01,1263.0,1379.3513513513512
lgbm,2015-07-01,460.0,1379.3513513513512
lgbm,2015-08-01,356.0,1379.3513513513512
lgbm,2015-09-01,118.0,1379.3513513513512
lgbm,2015-10-01,152.0,1379.3513513513512
lgbm,2015-11-01,489.0,1379.3513513513512
lgbm,2015-12-01,742.0,1379.3513513513512
lgbm,2016-01-01,4072.0,1379.3513513513512
lgbm,2015-03-01,1747.0,1367.6052631578948
lgbm,2015-04-01,3129.0,1367.6052631578948
lgbm,2015-05-01,3306.0,1367.6052631578948
lgbm,2015-06-01,1263.0,1367.6052631578948
lgbm,2015-07-01,460.0,1367.6052631578948
lgbm,2015-08-01,356.0,1367.6052631578948
lgbm,2015-09-01,118.0,1367.6052631578948
lgbm,2015-10-01,152.0,1367.6052631578948
lgbm,2015-11-01,489.0,1367.6052631578948
lgbm,2015-12-01,742.0,1367.6052631578948
lgbm,2016-01-01,4072.0,1367.6052631578948
lgbm,2016-02-01,6168.0,1367.6052631578948
lgbm,2015-04-01,3129.0,1377.3333333333333
lgbm,2015-05-01,3306.0,1377.3333333333333
lgbm,2015-06-01,1263.0,1377.3333333333333
lgbm,2015-07-01,460.0,1377.3333333333333
lgbm,2015-08-01,356.0,1377.3333333333333
lgbm,2015-09-01,118.0,1377.3333333333333
lgbm,2015-10-01,152.0,1377.3333333333333
lgbm,2015-11-01,489.0,1377.3333333333333
lgbm,2015-12-01,742.0,1377.3333333333333
lgbm,2016-01-01,4072.0,1377.3333333333333
lgbm,2016-02-01,6168.0,1377.3333333333333
lgbm,2016-03-01,5445.0,1377.3333333333333
lgbm,2015-05-01,3306.0,2133.2728107738485
lgbm,2015-06-01,1263.0,2158.565495443343
lgbm,2015-07-01,460.0,1730.5149766969678
lgbm,2015-08-01,356.0,1402.0726866716138
lgbm,2015-09-01,118.0,1402.0726866716138
lgbm,2015-10-01,152.0,641.0849552148582
lgbm,2015-11-01,489.0,708.9771876996759
lgbm,2015-12-01,742.0,683.6845030301813
lgbm,2016-01-01,4072.0,1111.7350217765559
lgbm,2016-02-01,6168.0,1440.1773118019098
lgbm,2016-03-01,5445.0,1440.1773118019098
lgbm,2016-04-01,3539.0,1440.1773118019098
lgbm,2015-06-01,1263.0,2024.7985341009314
lgbm,2015-07-01,460.0,2024.7985341009314
lgbm,2015-08-01,356.0,2024.7985341009314
lgbm,2015-09-01,118.0,2024.7985341009314
lgbm,2015-10-01,152.0,2024.7985341009314
lgbm,2015-11-01,489.0,1977.9529605590399
lgbm,2015-12-01,742.0,2022.079728152493
lgbm,2016-01-01,4072.0,2022.079728152493
lgbm,2016-02-01,6168.0,2431.696849657654
lgbm,2016-03-01,5445.0,2814.2099403911143
lgbm,2016-04-01,3539.0,2814.2099403911143
lgbm,2016-05-01,2218.0,3029.1231253930096
lgbm,2015-07-01,460.0,1762.150421294896
lgbm,2015-08-01,356.0,1762.150421294896
lgbm,2015-09-01,118.0,1762.150421294896
lgbm,2015-10-01,152.0,1762.150421294896
lgbm,2015-11-01,489.0,1783.8656734899819
lgbm,2015-12-01,742.0,1905.4977061037366
lgbm,2016-01-01,4072.0,1905.4977061037366
lgbm,2016-02-01,6168.0,2295.791066028522
lgbm,2016-03-01,5445.0,2715.3522922307147
lgbm,2016-04-01,3539.0,2715.3522922307147
lgbm,2016-05-01,2218.0,2958.224269034312
lgbm,2016-06-01,723.0,2958.224269034312
lgbm,2015-08-01,356.0,0.0
lgbm,2015-09-01,118.0,0.0
lgbm,2015-10-01,152.0,0.0
lgbm,2015-11-01,489.0,0.0
lgbm,2015-12-01,742.0,395.38513252824123
lgbm,2016-01-01,4072.0,595.2980103930787
lgbm,2016-02-01,6168.0,812.4701561507134
lgbm,2016-03-01,5445.0,3428.2946054716313
lgbm,2016-04-01,3539.0,3203.1879619401952
lgbm,2016-05-01,2218.0,3265.2283668257674
lgbm,2016-06-01,723.0,2420.3765201609867
lgbm,2016-07-01,463.0,2003.2914965385135
lgbm,2015-09-01,118.0,0.0
lgbm,2015-10-01,152.0,0.0
lgbm,2015-11-01,489.0,0.0
lgbm,2015-12-01,742.0,434.5172983576833
lgbm,2016-01-01,4072.0,602.6018145528184
lgbm,2016-02-01,6168.0,973.5312882738763
lgbm,2016-03-01,5445.0,2706.6725861508435
lgbm,2016-04-01,3539.0,3262.6986690001504
lgbm,2016-05-01,2218.0,3261.9463004316067
lgbm,2016-06-01,723.0,2588.387013580012
lgbm,2016-07-01,463.0,2280.3871090864823
lgbm,2016-08-01,169.0,1958.4940317462244
lgbm,2015-10-01,152.0,0.0
lgbm,2015-11-01,489.0,0.0
lgbm,2015-12-01,742.0,356.97792748625807
lgbm,2016-01-01,4072.0,428.6044822179117
lgbm,2016-02-01,6168.0,935.6057522923611
lgbm,2016-03-01,5445.0,2659.1207128589535
lgbm,2016-04-01,3539.0,3300.642134773311
lgbm,2016-05-01,2218.0,3267.770336838658
lgbm,2016-06-01,723.0,3267.770336838658
lgbm,2016-07-01,463.0,2487.00731510945
lgbm,2016-08-01,169.0,1678.6076245983463
lgbm,2016-09-01,152.0,1599.9425570547262
lgbm,2015-11-01,489.0,0.0
lgbm,2015-12-01,742.0,422.6941624356403
lgbm,2016-01-01,4072.0,571.207237693455
lgbm,2016-02-01,6168.0,964.5683241534306
lgbm,2016-03-01,5445.0,2487.9612974618226
lgbm,2016-04-01,3539.0,3197.455678026936
lgbm,2016-05-01,2218.0,3197.804751209416
lgbm,2016-06-01,723.0,3106.2677717604333
lgbm,2016-07-01,463.0,2370.19232009228
lgbm,2016-08-01,169.0,1605.9829730065617
lgbm,2016-09-01,152.0,1605.9829730065617
lgbm,2016-10-01,208.0,1490.0046825171382
lgbm,2015-12-01,742.0,428.70896767976353
lgbm,2016-01-01,4072.0,579.0812740933791
lgbm,2016-02-01,6168.0,1029.5986198703158
lgbm,2016-03-01,5445.0,2573.4093999871184
lgbm,2016-04-01,3539.0,3060.018218914899
lgbm,2016-05-01,2218.0,3060.018218914899
lgbm,2016-06-01,723.0,3060.018218914899
lgbm,2016-07-01,463.0,2405.1078905976005
lgbm,2016-08-01,169.0,1881.842972082981
lgbm,2016-09-01,152.0,1679.241855655233
lgbm,2016-10-01,208.0,1784.5955071797703
lgbm,2016-11-01,201.0,1784.5955071797703
lgbm,2016-01-01,4072.0,2034.2425226208024
lgbm,2016-02-01,6168.0,2951.9350217580427
lgbm,2016-03-01,5445.0,3453.2637274976078
lgbm,2016-04-01,3539.0,2967.7602079666817
lgbm,2016-05-01,2218.0,2925.151236095631
lgbm,2016-06-01,723.0,2536.6462014590866
lgbm,2016-07-01,463.0,2537.1093247797285
lgbm,2016-08-01,169.0,1580.0996598038005
lgbm,2016-09-01,152.0,1663.2310404287543
lgbm,2016-10-01,208.0,1836.8937611751935
lgbm,2016-11-01,201.0,1836.8937611751935
lgbm,2016-12-01,403.0,1728.2402817563964
lgbm,2016-02-01,6168.0,3147.3209840429986
lgbm,2016-03-01,5445.0,3296.1867170916667
lgbm,2016-04-01,3539.0,3067.2526595925083
lgbm,2016-05-01,2218.0,2896.7871677697203
lgbm,2016-06-01,723.0,2454.4350489253347
lgbm,2016-07-01,463.0,2151.7560843044935
lgbm,2016-08-01,169.0,1639.2449743657376
lgbm,2016-09-01,152.0,1810.4978750890132
lgbm,2016-10-01,208.0,2081.3878300564184
lgbm,2016-11-01,201.0,2058.4600601360175
lgbm,2016-12-01,403.0,1798.0752692897386
lgbm,2017-01-01,536.0,1979.769734295647
lgbm,2016-03-01,5445.0,3565.8778303792674
lgbm,2016-04-01,3539.0,2911.0850622672124
lgbm,2016-05-01,2218.0,2854.2339655847877
lgbm,2016-06-01,723.0,2080.253582948871
lgbm,2016-07-01,463.0,1805.984706690456
lgbm,2016-08-01,169.0,1886.4838798057738
lgbm,2016-09-01,152.0,2250.526852355668
lgbm,2016-10-01,208.0,2404.014124003915
lgbm,2016-11-01,201.0,2404.014124003915
lgbm,2016-12-01,403.0,2404.014124003915
lgbm,2017-01-01,536.0,2390.541167470054
lgbm,2017-02-01,485.0,2664.810043728469
lgbm,2016-04-01,3539.0,3063.089125905819
lgbm,2016-05-01,2218.0,2994.076453466044
lgbm,2016-06-01,723.0,2194.347896428031
lgbm,2016-07-01,463.0,1814.9542869802565
lgbm,2016-08-01,169.0,1732.1183253039337
lgbm,2016-09-01,152.0,2184.1286109993007
lgbm,2016-10-01,208.0,2476.410405548218
lgbm,2016-11-01,201.0,2545.4230779879945
lgbm,2016-12-01,403.0,2673.907624294241
lgbm,2017-01-01,536.0,2754.314885561376
lgbm,2017-02-01,485.0,3005.223948702905
lgbm,2017-03-01,919.0,2889.613775685974
lgbm,2016-05-01,2218.0,2595.2694027650905
lgbm,2016-06-01,723.0,2239.843713786963
lgbm,2016-07-01,463.0,2011.4609171515913
lgbm,2016-08-01,169.0,1740.3051195884696
lgbm,2016-09-01,152.0,2143.9640838846594
lgbm,2016-10-01,208.0,2438.6778201798297
lgbm,2016-11-01,201.0,2576.78266587887
lgbm,2016-12-01,403.0,2603.7862571793185
lgbm,2017-01-01,536.0,2634.9936722083253
lgbm,2017-02-01,485.0,2873.742244291348
lgbm,2017-03-01,919.0,2825.0961592575936
lgbm,2017-04-01,1176.0,2764.2368125976154
lgbm,2016-06-01,723.0,2527.1398908899787
lgbm,2016-07-01,463.0,1991.656756219071
lgbm,2016-08-01,169.0,2105.4092999166087
lgbm,2016-09-01,152.0,2672.1445222819634
lgbm,2016-10-01,208.0,2672.1445222819634
lgbm,2016-11-01,201.0,2857.108138376278
lgbm,2016-12-01,403.0,3061.428012986508
lgbm,2017-01-01,536.0,2858.843028974445
lgbm,2017-02-01,485.0,2949.9987846058516
lgbm,2017-03-01,919.0,3074.2699590106645
lgbm,2017-04-01,1176.0,3011.612396140001
lgbm,2017-05-01,1186.0,2550.170515744336
lgbm,2016-07-01,463.0,666.0159043467183
lgbm,2016-08-01,169.0,0.0
lgbm,2016-09-01,152.0,139.38095294850484
lgbm,2016-10-01,208.0,0.0
lgbm,2016-11-01,201.0,365.99262519363657
lgbm,2016-12-01,403.0,828.1401582108576
lgbm,2017-01-01,536.0,1813.8384638166976
lgbm,2017-02-01,485.0,3804.8744046371753
lgbm,2017-03-01,919.0,3914.731291606263
lgbm,2017-04-01,1176.0,3014.0069610206674
lgbm,2017-05-01,1186.0,2208.4229749618557
lgbm,2017-06-01,855.0,1951.2911989170548
lgbm,2016-08-01,169.0,0.0
lgbm,2016-09-01,152.0,0.0
lgbm,2016-10-01,208.0,0.0
lgbm,2016-11-01,201.0,434.2298273618131
lgbm,2016-12-01,403.0,899.565570461269
lgbm,2017-01-01,536.0,2310.683091955313
lgbm,2017-02-01,485.0,3750.811959621575
lgbm,2017-03-01,919.0,3730.3316042735814
lgbm,2017-04-01,1176.0,3009.9965409028955
lgbm,2017-05-01,1186.0,2254.6110812205493
lgbm,2017-06-01,855.0,1553.8470464808554
lgbm,2017-07-01,269.0,1930.9598939348175
lgbm,2016-09-01,152.0,0.0
lgbm,2016-10-01,208.0,0.0
lgbm,2016-11-01,201.0,515.2609463797643
lgbm,2016-12-01,403.0,584.6261623750222
lgbm,2017-01-01,536.0,1870.8058221263566
lgbm,2017-02-01,485.0,3947.828940411818
lgbm,2017-03-01,919.0,4053.999386530768
lgbm,2017-04-01,1176.0,2718.6582336349406
lgbm,2017-05-01,1186.0,2281.347500924525
lgbm,2017-06-01,855.0,1781.1911348083097
lgbm,2017-07-01,269.0,2172.5756869033244
lgbm,2017-08-01,184.0,2076.3848799889774
lgbm,2016-10-01,208.0,0.0
lgbm,2016-11-01,201.0,349.64474716223737
lgbm,2016-12-01,403.0,706.4159961584209
lgbm,2017-01-01,536.0,1299.2806784369013
lgbm,2017-02-01,485.0,3841.0798160402246
lgbm,2017-03-01,919.0,3950.8304616338937
lgbm,2017-04-01,1176.0,3101.3277398411465
lgbm,2017-05-01,1186.0,2326.0119835577107
lgbm,2017-06-01,855.0,2097.988969888349
lgbm,2017-07-01,269.0,2185.3216921699272
lgbm,2017-08-01,184.0,2227.841772126399
lgbm,2017-09-01,216.0,2506.5799653697795
lgbm,2016-11-01,201.0,364.8172095325553
lgbm,2016-12-01,403.0,642.1147304187047
lgbm,2017-01-01,536.0,1420.0006310900046
lgbm,2017-02-01,485.0,3755.7121674341333
lgbm,2017-03-01,919.0,4058.636607418428
lgbm,2017-04-01,1176.0,3222.0214628387494
lgbm,2017-05-01,1186.0,2728.911463298192
lgbm,2017-06-01,855.0,1725.2484125681299
lgbm,2017-07-01,269.0,1848.5753822196891
lgbm,2017-08-01,184.0,2161.1750904081878
lgbm,2017-09-01,216.0,2210.319935982422
lgbm,2017-10-01,235.0,2494.8203152202464
lgbm,2016-12-01,403.0,592.07251699684
lgbm,2017-01-01,536.0,1382.7442723008198
lgbm,2017-02-01,485.0,3989.2676426201956
lgbm,2017-03-01,919.0,3977.888788479398
lgbm,2017-04-01,1176.0,3051.3855424282847
lgbm,2017-05-01,1186.0,2456.272270276942
lgbm,2017-06-01,855.0,1983.741301446058
lgbm,2017-07-01,269.0,2173.03424470443
lgbm,2017-08-01,184.0,2221.11125239548
lgbm,2017-09-01,216.0,2300.5775161243027
lgbm,2017-10-01,235.0,2524.5907135656457
lgbm,2017-11-01,196.0,2918.6908862341693
lgbm,2017-01-01,536.0,1270.6235360945946
lgbm,2017-02-01,485.0,3246.6756482165806
lgbm,2017-03-01,919.0,3855.1204859132476
lgbm,2017-04-01,1176.0,3123.8602796106
lgbm,2017-05-01,1186.0,2787.437999600139
lgbm,2017-06-01,855.0,2338.395411338365
lgbm,2017-07-01,269.0,2049.2747076096275
lgbm,2017-08-01,184.0,2002.5336623495505
lgbm,2017-09-01,216.0,2171.6971882428434
lgbm,2017-10-01,235.0,2405.661962990719
lgbm,2017-11-01,196.0,2875.133836888837
lgbm,2017-12-01,332.0,3022.7433552468774
lgbm,2017-02-01,485.0,1041.4950488381053
lgbm,2017-03-01,919.0,3518.278770302697
lgbm,2017-04-01,1176.0,3042.1625852648754
lgbm,2017-05-01,1186.0,2892.0849304650565
lgbm,2017-06-01,855.0,2590.7330610636
lgbm,2017-07-01,269.0,2180.626467803339
lgbm,2017-08-01,184.0,1845.5230144575912
lgbm,2017-09-01,216.0,2034.1063405205546
lgbm,2017-10-01,235.0,2218.523987110697
lgbm,2017-11-01,196.0,2519.442450768788
lgbm,2017-12-01,332.0,2879.8234849576565
lgbm,2018-01-01,305.0,3149.228999643884
lgbm,2017-03-01,919.0,1476.7291461584873
lgbm,2017-04-01,1176.0,2889.6738155890835
lgbm,2017-05-01,1186.0,3199.6879847389764
lgbm,2017-06-01,855.0,2883.3767279049666
lgbm,2017-07-01,269.0,2546.459268772165
lgbm,2017-08-01,184.0,2266.9708357542013
lgbm,2017-09-01,216.0,2301.218396626716
lgbm,2017-10-01,235.0,2321.8403106252404
lgbm,2017-11-01,196.0,2567.734716434646
lgbm,2017-12-01,332.0,3039.429478108388
lgbm,2018-01-01,305.0,3022.478233587186
lgbm,2018-02-01,313.0,3022.478233587186
lgbm,2017-04-01,1176.0,1514.5952689174876
lgbm,2017-05-01,1186.0,3162.333845889067
lgbm,2017-06-01,855.0,3084.1113928600635
lgbm,2017-07-01,269.0,3302.1221922322447
lgbm,2017-08-01,184.0,2527.995892159316
lgbm,2017-09-01,216.0,2303.7021227424393
lgbm,2017-10-01,235.0,2325.0438485386476
lgbm,2017-11-01,196.0,2510.2117966906185
lgbm,2017-12-01,332.0,2870.139429652324
lgbm,2018-01-01,305.0,2633.7956015802306
lgbm,2018-02-01,313.0,2745.287927952421
lgbm,2018-03-01,452.0,2781.6565630239315
lgbm,2017-05-01,1186.0,2852.9124723925343
lgbm,2017-06-01,855.0,2649.7767055697727
lgbm,2017-07-01,269.0,3127.203560899913
lgbm,2017-08-01,184.0,2750.693873774259
lgbm,2017-09-01,216.0,2117.964190226772
lgbm,2017-10-01,235.0,1952.1813957412253
lgbm,2017-11-01,196.0,2274.830740473727
lgbm,2017-12-01,332.0,2959.730423038995
lgbm,2018-01-01,305.0,2934.077864359114
lgbm,2018-02-01,313.0,2934.077864359114
lgbm,2018-03-01,452.0,2727.6563385021427
lgbm,2018-04-01,680.0,2583.8113710524267
lgbm,2017-06-01,855.0,1611.5501215909933
lgbm,2017-07-01,269.0,2995.861942349486
lgbm,2017-08-01,184.0,2536.4548048440524
lgbm,2017-09-01,216.0,2216.418386163065
lgbm,2017-10-01,235.0,2262.3758155127766
lgbm,2017-11-01,196.0,2513.6248321558105
lgbm,2017-12-01,332.0,2941.3089924722617
lgbm,2018-01-01,305.0,2927.8791389098315
lgbm,2018-02-01,313.0,2927.8791389098315
lgbm,2018-03-01,452.0,2842.3212368653617
lgbm,2018-04-01,680.0,2857.675572218484
lgbm,2018-05-01,377.0,2588.02940602435
lgbm,2017-07-01,269.0,1204.7769170271724
lgbm,2017-08-01,184.0,2536.894649470057
lgbm,2017-09-01,216.0,2207.5767049492856
lgbm,2017-10-01,235.0,2305.407692933924
lgbm,2017-11-01,196.0,2511.4509158636324
lgbm,2017-12-01,332.0,3083.8719966187227
lgbm,2018-01-01,305.0,3117.0586531682516
lgbm,2018-02-01,313.0,3163.6386255852653
lgbm,2018-03-01,452.0,3065.8182642915353
lgbm,2018-04-01,680.0,2759.4577774544164
lgbm,2018-05-01,377.0,2871.7721068368096
lgbm,2018-06-01,278.0,2614.0293672603198
lgbm,2017-08-01,184.0,260.4946396717781
lgbm,2017-09-01,216.0,0.0
lgbm,2017-10-01,235.0,0.0
lgbm,2017-11-01,196.0,411.15199670556314
lgbm,2017-12-01,332.0,1220.2299589048575
lgbm,2018-01-01,305.0,3318.727710417065
lgbm,2018-02-01,313.0,4091.4392084301458
lgbm,2018-03-01,452.0,4290.251924065123
lgbm,2018-04-01,680.0,3401.551406653084
lgbm,2018-05-01,377.0,2237.4527217931386
lgbm,2018-06-01,278.0,1828.5755824810183
lgbm,2018-07-01,207.0,1644.329825333561
lgbm,2017-09-01,216.0,0.0
lgbm,2017-10-01,235.0,0.0
lgbm,2017-11-01,196.0,124.14652478952075
lgbm,2017-12-01,332.0,997.353300545442
lgbm,2018-01-01,305.0,2071.9776707486276
lgbm,2018-02-01,313.0,3573.8662668093443
lgbm,2018-03-01,452.0,4052.7940716425696
lgbm,2018-04-01,680.0,3716.2712244015333
lgbm,2018-05-01,377.0,2287.9322440692767
lgbm,2018-06-01,278.0,1980.6464105097236
lgbm,2018-07-01,207.0,1813.2403212283102
lgbm,2018-08-01,155.0,2139.189231428785
lgbm,2017-10-01,235.0,0.0
lgbm,2017-11-01,196.0,128.41801282412504
lgbm,2017-12-01,332.0,1004.3628129836667
lgbm,2018-01-01,305.0,2029.7512987744317
lgbm,2018-02-01,313.0,3496.5399442951425
lgbm,2018-03-01,452.0,4107.8346675526855
lgbm,2018-04-01,680.0,3640.5909618299233
lgbm,2018-05-01,377.0,2503.221274850007
lgbm,2018-06-01,278.0,1730.8514252564198
lgbm,2018-07-01,207.0,1993.5166485955458
lgbm,2018-08-01,155.0,2254.665206421571
lgbm,2018-09-01,237.0,2383.3628304741874
lgbm,2017-11-01,196.0,396.5288029125078
lgbm,2017-12-01,332.0,1093.268140521491
lgbm,2018-01-01,305.0,2099.6313888029767
lgbm,2018-02-01,313.0,3976.893142990862
lgbm,2018-03-01,452.0,4340.975077937761
lgbm,2018-04-01,680.0,3379.2746826467533
lgbm,2018-05-01,377.0,2501.8909752860395
lgbm,2018-06-01,278.0,1865.847616075137
lgbm,2018-07-01,207.0,1628.731442629457
lgbm,2018-08-01,155.0,2028.43116945163
lgbm,2018-09-01,237.0,2079.5647481882133
lgbm,2018-10-01,270.0,1864.4634021035472
lgbm,2017-12-01,332.0,1182.5693117323237
lgbm,2018-01-01,305.0,3322.962631787527
lgbm,2018-02-01,313.0,3852.329543994207
lgbm,2018-03-01,452.0,4284.548317947643
lgbm,2018-04-01,680.0,3900.1310154998614
lgbm,2018-05-01,377.0,2457.077953379007
lgbm,2018-06-01,278.0,2019.4693023328339
lgbm,2018-07-01,207.0,1620.7050876462029
lgbm,2018-08-01,155.0,1986.1111571593704
lgbm,2018-09-01,237.0,2065.4664352702525
lgbm,2018-10-01,270.0,2062.5603946931806
lgbm,2018-11-01,318.0,2490.178838749481
lgbm,2018-01-01,305.0,1004.4310856849173
lgbm,2018-02-01,313.0,2049.3238423324083
lgbm,2018-03-01,452.0,3628.965879641039
lgbm,2018-04-01,680.0,3660.6300153401153
lgbm,2018-05-01,377.0,3173.71607232223
lgbm,2018-06-01,278.0,2463.7443054383843
lgbm,2018-07-01,207.0,1689.875822051326
lgbm,2018-08-01,155.0,2085.6381964422976
lgbm,2018-09-01,237.0,2071.109335470503
lgbm,2018-10-01,270.0,1925.4996313068991
lgbm,2018-11-01,318.0,2547.4892516293976
lgbm,2018-12-01,732.0,3108.6210930292696
lgbm,2018-02-01,313.0,1123.2891779479592
lgbm,2018-03-01,452.0,2261.688668912732
lgbm,2018-04-01,680.0,3236.9296856903457
lgbm,2018-05-01,377.0,3113.1828026931657
lgbm,2018-06-01,278.0,3052.1875854805307
lgbm,2018-07-01,207.0,2030.4210388053475
lgbm,2018-08-01,155.0,2161.8530322474876
lgbm,2018-09-01,237.0,1767.4535939008986
lgbm,2018-10-01,270.0,1891.841601771473
lgbm,2018-11-01,318.0,2296.4515914259473
lgbm,2018-12-01,732.0,2799.604413104427
lgbm,2019-01-01,1125.0,3810.7388741613445
lgbm,2018-03-01,452.0,816.1801505484907
lgbm,2018-04-01,680.0,1848.7942085377535
lgbm,2018-05-01,377.0,3335.4263813797565
lgbm,2018-06-01,278.0,3403.4407500567377
lgbm,2018-07-01,207.0,3253.038389560837
lgbm,2018-08-01,155.0,2891.3062444688367
lgbm,2018-09-01,237.0,1961.6793209611433
lgbm,2018-10-01,270.0,1598.8093796500427
lgbm,2018-11-01,318.0,2274.3320721915056
lgbm,2018-12-01,732.0,2793.472795918753
lgbm,2019-01-01,1125.0,2930.593214513209
lgbm,2019-02-01,2786.0,3050.642649936992
lgbm,2018-04-01,680.0,371.7307183028602
lgbm,2018-05-01,377.0,12.872389739670554
lgbm,2018-06-01,278.0,0.0
lgbm,2018-07-01,207.0,171.45452811806823
lgbm,2018-08-01,155.0,384.88762852449855
lgbm,2018-09-01,237.0,370.3955631549215
lgbm,2018-10-01,270.0,186.64837145671342
lgbm,2018-11-01,318.0,874.341091397425
lgbm,2018-12-01,732.0,2305.792659908773
lgbm,2019-01-01,1125.0,3776.4713188350393
lgbm,2019-02-01,2786.0,4077.7180090319857
lgbm,2019-03-01,7174.0,4160.73931734932
lgbm,2018-05-01,377.0,250.36244081540892
lgbm,2018-06-01,278.0,55.34808438835228
lgbm,2018-07-01,207.0,0.0
lgbm,2018-08-01,155.0,237.71559904774247
lgbm,2018-09-01,237.0,0.0
lgbm,2018-10-01,270.0,0.0
lgbm,2018-11-01,318.0,558.0604237271972
lgbm,2018-12-01,732.0,812.7587269624928
lgbm,2019-01-01,1125.0,2473.7635917167413
lgbm,2019-02-01,2786.0,4064.3192835794894
lgbm,2019-03-01,7174.0,4055.4236439704346
lgbm,2019-04-01,8015.0,3409.5182113795195
lgbm,2018-06-01,278.0,343.8837843260938
lgbm,2018-07-01,207.0,0.0
lgbm,2018-08-01,155.0,314.39157568990015
lgbm,2018-09-01,237.0,4.594895735797907
lgbm,2018-10-01,270.0,0.0
lgbm,2018-11-01,318.0,649.0163198230928
lgbm,2018-12-01,732.0,1061.3201916984224
lgbm,2019-01-01,1125.0,2458.817997586016
lgbm,2019-02-01,2786.0,4250.877715749446
lgbm,2019-03-01,7174.0,4279.829518699164
lgbm,2019-04-01,8015.0,3632.2495173678894
lgbm,2019-05-01,12592.0,2761.3694155280564
lgbm,2018-07-01,207.0,75.18345591776408
lgbm,2018-08-01,155.0,348.0424271710245
lgbm,2018-09-01,237.0,0.0
lgbm,2018-10-01,270.0,0.0
lgbm,2018-11-01,318.0,634.2888870711902
lgbm,2018-12-01,732.0,891.3507439476513
lgbm,2019-01-01,1125.0,2385.712755639494
lgbm,2019-02-01,2786.0,4169.086089541396
lgbm,2019-03-01,7174.0,4198.013007064625
lgbm,2019-04-01,8015.0,3388.2232633567855
lgbm,2019-05-01,12592.0,2863.9043467313086
lgbm,2019-06-01,9419.0,3045.8429859451326
lgbm,2018-08-01,155.0,183.93356545282043
lgbm,2018-09-01,237.0,0.0
lgbm,2018-10-01,270.0,0.0
lgbm,2018-11-01,318.0,596.8297020051472
lgbm,2018-12-01,732.0,1075.3922386207867
lgbm,2019-01-01,1125.0,2206.145133220881
lgbm,2019-02-01,2786.0,4311.629535344697
lgbm,2019-03-01,7174.0,4367.299400445203
lgbm,2019-04-01,8015.0,3803.153412700915
lgbm,2019-05-01,12592.0,3132.138173114203
lgbm,2019-06-01,9419.0,3029.4843510180067
lgbm,2019-07-01,1218.0,2859.562282048129
lgbm,2018-09-01,237.0,102.92449205322274
lgbm,2018-10-01,270.0,0.0
lgbm,2018-11-01,318.0,706.3621870671145
lgbm,2018-12-01,732.0,2080.4517637754934
lgbm,2019-01-01,1125.0,4271.17378274081
lgbm,2019-02-01,2786.0,4249.076487679569
lgbm,2019-03-01,7174.0,4362.296081373095
lgbm,2019-04-01,8015.0,3174.0019479231087
lgbm,2019-05-01,12592.0,3017.3720268311304
lgbm,2019-06-01,9419.0,3165.352224669379
lgbm,2019-07-01,1218.0,2996.7521513133474
lgbm,2019-08-01,628.0,2981.2717872461694
lgbm,2018-10-01,270.0,25.812656889290523
lgbm,2018-11-01,318.0,532.6716745966994
lgbm,2018-12-01,732.0,894.5478133818759
lgbm,2019-01-01,1125.0,2327.934532796443
lgbm,2019-02-01,2786.0,4147.971271544708
lgbm,2019-03-01,7174.0,4349.692556946447
lgbm,2019-04-01,8015.0,3741.6842067438706
lgbm,2019-05-01,12592.0,3182.116190258602
lgbm,2019-06-01,9419.0,3002.3445896849375
lgbm,2019-07-01,1218.0,2898.285460483587
lgbm,2019-08-01,628.0,2957.7880087433655
lgbm,2019-09-01,831.0,2594.159654720482
lgbm,2018-11-01,318.0,605.6773819022304
lgbm,2018-12-01,732.0,894.7510777243621
lgbm,2019-01-01,1125.0,2248.373528387107
lgbm,2019-02-01,2786.0,4070.291330167695
lgbm,2019-03-01,7174.0,4216.335077676808
lgbm,2019-04-01,8015.0,3575.3053823926425
lgbm,2019-05-01,12592.0,3162.403045110693
lgbm,2019-06-01,9419.0,3183.2782813361396
lgbm,2019-07-01,1218.0,2941.403293176642
lgbm,2019-08-01,628.0,3004.6902596901923
lgbm,2019-09-01,831.0,2464.754358677589
lgbm,2019-10-01,783.0,2557.944706029192
lgbm,2018-12-01,732.0,585.9299831244062
lgbm,2019-01-01,1125.0,1070.9454005783882
lgbm,2019-02-01,2786.0,2152.377947599835
lgbm,2019-03-01,7174.0,4240.595361010144
lgbm,2019-04-01,8015.0,4122.385485993058
lgbm,2019-05-01,12592.0,3632.061126221218
lgbm,2019-06-01,9419.0,3102.0225566827867
lgbm,2019-07-01,1218.0,2552.3899429909825
lgbm,2019-08-01,628.0,2796.854415283134
lgbm,2019-09-01,831.0,2480.4601405717367
lgbm,2019-10-01,783.0,2597.680445014101
lgbm,2019-11-01,678.0,2630.5559605443245
lgbm,2019-01-01,1125.0,1119.9487328249977
lgbm,2019-02-01,2786.0,2405.689896300993
lgbm,2019-03-01,7174.0,4277.097058817506
lgbm,2019-04-01,8015.0,4342.550010201458
lgbm,2019-05-01,12592.0,3785.032121719293
lgbm,2019-06-01,9419.0,3214.1494269605
lgbm,2019-07-01,1218.0,2779.2310627209104
lgbm,2019-08-01,628.0,2802.5893488696447
lgbm,2019-09-01,831.0,2535.257755229317
lgbm,2019-10-01,783.0,2456.4725292688795
lgbm,2019-11-01,678.0,2684.0408233082208
lgbm,2019-12-01,998.0,3244.1253345172813
lgbm,2019-02-01,2786.0,2418.33190910003
lgbm,2019-03-01,7174.0,4248.627838397786
lgbm,2019-04-01,8015.0,3902.80330246261
lgbm,2019-05-01,12592.0,3922.3687451014184
lgbm,2019-06-01,9419.0,3220.574042496097
lgbm,2019-07-01,1218.0,2805.632629012842
lgbm,2019-08-01,628.0,2913.57332366445
lgbm,2019-09-01,831.0,2309.547442628729
lgbm,2019-10-01,783.0,2635.834586508729
lgbm,2019-11-01,678.0,2749.3495108103143
lgbm,2019-12-01,998.0,3147.346641280525
lgbm,2020-01-01,3065.0,3424.071721726156
lgbm,2019-03-01,7174.0,4248.980704325424
lgbm,2019-04-01,8015.0,4077.670096085062
lgbm,2019-05-01,12592.0,3946.197529137705
lgbm,2019-06-01,9419.0,2944.980264698396
lgbm,2019-07-01,1218.0,2697.9760855643844
lgbm,2019-08-01,628.0,2738.713767379388
lgbm,2019-09-01,831.0,2477.631822648082
lgbm,2019-10-01,783.0,2666.030464770443
lgbm,2019-11-01,678.0,2698.390871640149
lgbm,2019-12-01,998.0,3064.8420576054546
lgbm,2020-01-01,3065.0,3273.5136142099873
lgbm,2020-02-01,7404.0,3105.6888111818807
lgbm,2019-04-01,8015.0,4600.000768677001
lgbm,2019-05-01,12592.0,4504.813248057992
lgbm,2019-06-01,9419.0,3375.9454999428744
lgbm,2019-07-01,1218.0,2487.4470404933686
lgbm,2019-08-01,628.0,2816.4262821293437
lgbm,2019-09-01,831.0,2366.427149929134
lgbm,2019-10-01,783.0,2769.2873592940527
lgbm,2019-11-01,678.0,2843.166825325206
lgbm,2019-12-01,998.0,3035.2394180220317
lgbm,2020-01-01,3065.0,3458.2489261011515
lgbm,2020-02-01,7404.0,3303.793748099719
lgbm,2020-03-01,13878.0,3029.308453369194
lgbm,2019-05-01,12592.0,4791.281906020833
lgbm,2019-06-01,9419.0,3529.3274648127826
lgbm,2019-07-01,1218.0,2569.10797754473
lgbm,2019-08-01,628.0,2903.6343081222735
lgbm,2019-09-01,831.0,2596.828498864154
lgbm,2019-10-01,783.0,2902.1784084385363
lgbm,2019-11-01,678.0,3070.2618148731135
lgbm,2019-12-01,998.0,3122.7495990913594
lgbm,2020-01-01,3065.0,3409.153487547713
lgbm,2020-02-01,7404.0,3486.668757806566
lgbm,2020-03-01,13878.0,3067.1877339568105
lgbm,2020-04-01,14498.0,3019.231728916052
lgbm,2019-06-01,9419.0,3966.5232378085593
lgbm,2019-07-01,1218.0,3183.397076882048
lgbm,2019-08-01,628.0,3561.6374994321795
lgbm,2019-09-01,831.0,3342.120540912929
lgbm,2019-10-01,783.0,3317.2130493912296
lgbm,2019-11-01,678.0,3961.5861508697976
lgbm,2019-12-01,998.0,3586.140403891632
lgbm,2020-01-01,3065.0,3817.843017184356
lgbm,2020-02-01,7404.0,4037.927658895888
lgbm,2020-03-01,13878.0,3627.0181368712424
lgbm,2020-04-01,14498.0,3604.032675081625
lgbm,2020-05-01,12378.0,3336.8026760383455
lgbm,2019-07-01,1218.0,4032.851355360511
lgbm,2019-08-01,628.0,3893.2240839472665
lgbm,2019-09-01,831.0,3488.5681064752753
lgbm,2019-10-01,783.0,3761.8917469376474
lgbm,2019-11-01,678.0,4078.3582258779625
lgbm,2019-12-01,998.0,4143.886661451449
lgbm,2020-01-01,3065.0,3891.5515734705623
lgbm,2020-02-01,7404.0,4084.6282498495193
lgbm,2020-03-01,13878.0,3668.501475400959
lgbm,2020-04-01,14498.0,3764.0662759513466
lgbm,2020-05-01,12378.0,3481.997653463623
lgbm,2020-06-01,3986.0,2647.2807596189787
lgbm,2019-08-01,628.0,1282.4211734773874
lgbm,2019-09-01,831.0,1646.1501881126321
lgbm,2019-10-01,783.0,1708.5144024927556
lgbm,2019-11-01,678.0,1879.9519786221801
lgbm,2019-12-01,998.0,4093.5196477387735
lgbm,2020-01-01,3065.0,4064.4843587758774
lgbm,2020-02-01,7404.0,4142.323669782729
lgbm,2020-03-01,13878.0,3950.736338745083
lgbm,2020-04-01,14498.0,2832.982979339525
lgbm,2020-05-01,12378.0,3265.4392596880225
lgbm,2020-06-01,3986.0,2513.6057998592096
lgbm,2020-07-01,2125.0,2312.103317280727
lgbm,2019-09-01,831.0,236.51402316632502
lgbm,2019-10-01,783.0,43.16020132370744
lgbm,2019-11-01,678.0,0.0
lgbm,2019-12-01,998.0,0.0
lgbm,2020-01-01,3065.0,0.0
lgbm,2020-02-01,7404.0,487.54331133940633
lgbm,2020-03-01,13878.0,1015.7231877605923
lgbm,2020-04-01,14498.0,992.920541314642
lgbm,2020-05-01,12378.0,945.1240924922776
lgbm,2020-06-01,3986.0,529.5370059303849
lgbm,2020-07-01,2125.0,252.36589196141355
lgbm,2020-08-01,1595.0,542.2713456913477
lgbm,2019-10-01,783.0,928.588884574758
lgbm,2019-11-01,678.0,1613.0045169560774
lgbm,2019-12-01,998.0,3347.895495088405
lgbm,2020-01-01,3065.0,4260.647469384536
lgbm,2020-02-01,7404.0,4219.022791895513
lgbm,2020-03-01,13878.0,4252.4967661336805
lgbm,2020-04-01,14498.0,3560.544524145445
lgbm,2020-05-01,12378.0,3252.9122055069524
lgbm,2020-06-01,3986.0,2062.7864847753945
lgbm,2020-07-01,2125.0,2028.2606629146323
lgbm,2020-08-01,1595.0,2706.1949226154256
lgbm,2020-09-01,1327.0,3025.5600440544176
lgbm,2019-11-01,678.0,1610.8735139589355
lgbm,2019-12-01,998.0,2353.4358742045483
lgbm,2020-01-01,3065.0,4422.336040942466
lgbm,2020-02-01,7404.0,4448.211854441142
lgbm,2020-03-01,13878.0,4405.931281438262
lgbm,2020-04-01,14498.0,3590.809002671107
lgbm,2020-05-01,12378.0,3275.75620887633
lgbm,2020-06-01,3986.0,2168.5510990003067
lgbm,2020-07-01,2125.0,2205.8287449744557
lgbm,2020-08-01,1595.0,2789.4859773975586
lgbm,2020-09-01,1327.0,2818.1759167698883
lgbm,2020-10-01,989.0,2863.112591787197
lgbm,2019-12-01,998.0,934.2506012138552
lgbm,2020-01-01,3065.0,1625.843249531041
lgbm,2020-02-01,7404.0,2091.783868571258
lgbm,2020-03-01,13878.0,3854.265568745674
lgbm,2020-04-01,14498.0,3653.5545000421303
lgbm,2020-05-01,12378.0,3605.4865285016217
lgbm,2020-06-01,3986.0,2233.2339559166476
lgbm,2020-07-01,2125.0,1945.0903317462746
lgbm,2020-08-01,1595.0,2284.1226690872986
lgbm,2020-09-01,1327.0,2856.3034956159736
lgbm,2020-10-01,989.0,2938.060681442585
lgbm,2020-11-01,1663.0,2922.5931909715823
lgbm,2020-01-01,3065.0,2065.8743204065718
lgbm,2020-02-01,7404.0,4700.635024523312
lgbm,2020-03-01,13878.0,4493.733753515973
lgbm,2020-04-01,14498.0,3826.069730548304
lgbm,2020-05-01,12378.0,3322.3952001902303
lgbm,2020-06-01,3986.0,2057.967786465448
lgbm,2020-07-01,2125.0,1884.5725481424952
lgbm,2020-08-01,1595.0,1623.3441201455094
lgbm,2020-09-01,1327.0,1799.2487020277797
lgbm,2020-10-01,989.0,1787.446010328417
lgbm,2020-11-01,1663.0,2077.0813910509587
lgbm,2020-12-01,1569.0,3300.6708564088603
lgbm,2020-02-01,7404.0,4537.295234805071
lgbm,2020-03-01,13878.0,4509.468481140672
lgbm,2020-04-01,14498.0,3511.975488298101
lgbm,2020-05-01,12378.0,3181.7796238572823
lgbm,2020-06-01,3986.0,2141.7382114431252
lgbm,2020-07-01,2125.0,1960.094857682972
lgbm,2020-08-01,1595.0,2626.0943116507815
lgbm,2020-09-01,1327.0,2775.738991624777
lgbm,2020-10-01,989.0,2859.19767850042
lgbm,2020-11-01,1663.0,3063.9626580889253
lgbm,2020-12-01,1569.0,3112.251541760716
lgbm,2021-01-01,2106.0,3456.322655648493
lgbm,2020-03-01,13878.0,4791.147374239363
lgbm,2020-04-01,14498.0,3763.383232236061
lgbm,2020-05-01,12378.0,2524.8996597498744
lgbm,2020-06-01,3986.0,2046.4866570863746
lgbm,2020-07-01,2125.0,840.7848858457351
lgbm,2020-08-01,1595.0,58.86298321239725
lgbm,2020-09-01,1327.0,0.0
lgbm,2020-10-01,989.0,0.0
lgbm,2020-11-01,1663.0,409.9320359076183
lgbm,2020-12-01,1569.0,609.915898075915
lgbm,2021-01-01,2106.0,1284.5216931728385
lgbm,2021-02-01,2408.0,1828.6834064861644
lgbm,2020-04-01,14498.0,4900.901721469821
lgbm,2020-05-01,12378.0,3029.025833340435
lgbm,2020-06-01,3986.0,2009.0636103473498
lgbm,2020-07-01,2125.0,1022.9210690879044
lgbm,2020-08-01,1595.0,258.2401570928055
lgbm,2020-09-01,1327.0,0.0
lgbm,2020-10-01,989.0,0.0
lgbm,2020-11-01,1663.0,748.3528517370096
lgbm,2020-12-01,1569.0,1711.6810693769485
lgbm,2021-01-01,2106.0,1800.9566777249881
lgbm,2021-02-01,2408.0,2242.2604292557976
lgbm,2021-03-01,2411.0,1798.2182629782046
lgbm,2020-05-01,12378.0,4052.134104587288
lgbm,2020-06-01,3986.0,2468.32504814571
lgbm,2020-07-01,2125.0,430.42048720609085
lgbm,2020-08-01,1595.0,0.0
lgbm,2020-09-01,1327.0,0.0
lgbm,2020-10-01,989.0,0.0
lgbm,2020-11-01,1663.0,1048.6503440510135
lgbm,2020-12-01,1569.0,1636.882845928674
lgbm,2021-01-01,2106.0,2431.3552008816146
lgbm,2021-02-01,2408.0,2675.238380391131
lgbm,2021-03-01,2411.0,4294.296774110716
lgbm,2021-04-01,3488.0,4329.453449907801
lgbm,2020-06-01,3986.0,3997.140379314253
lgbm,2020-07-01,2125.0,3937.172629567578
lgbm,2020-08-01,1595.0,4055.770361485902
lgbm,2020-09-01,1327.0,4193.336783655023
lgbm,2020-10-01,989.0,4280.357580049623
lgbm,2020-11-01,1663.0,5227.731611739889
lgbm,2020-12-01,1569.0,5763.344719891512
lgbm,2021-01-01,2106.0,5763.344719891512
lgbm,2021-02-01,2408.0,5358.861978662312
lgbm,2021-03-01,2411.0,5345.817499694614
lgbm,2021-04-01,3488.0,5453.685180612302
lgbm,2021-05-01,4774.0,5401.914887959276
lgbm,2020-07-01,2125.0,4202.126562269514
lgbm,2020-08-01,1595.0,3946.5840738832107
lgbm,2020-09-01,1327.0,4044.7652778960455
lgbm,2020-10-01,989.0,4184.307089876061
lgbm,2020-11-01,1663.0,5103.674139500581
lgbm,2020-12-01,1569.0,5764.505583729949
lgbm,2021-01-01,2106.0,5764.505583729949
lgbm,2021-02-01,2408.0,5471.815657783491
lgbm,2021-03-01,2411.0,5514.4941377257055
lgbm,2021-04-01,3488.0,5608.828167600508
lgbm,2021-05-01,4774.0,5576.9619115940095
lgbm,2021-06-01,2520.0,5514.4941377257055
lgbm,2020-08-01,1595.0,324.5587190000535
lgbm,2020-09-01,1327.0,0.0
lgbm,2020-10-01,989.0,0.0
lgbm,2020-11-01,1663.0,1075.3889828233391
lgbm,2020-12-01,1569.0,2325.293912408831
lgbm,2021-01-01,2106.0,2720.351104907932
lgbm,2021-02-01,2408.0,3275.698389094532
lgbm,2021-03-01,2411.0,5172.869890235022
lgbm,2021-04-01,3488.0,5435.234024923088
lgbm,2021-05-01,4774.0,5234.1049432239115
lgbm,2021-06-01,2520.0,3198.517818784165
lgbm,2021-07-01,1181.0,4010.2860758820157
lgbm,2020-09-01,1327.0,848.8821131254115
lgbm,2020-10-01,989.0,596.3485343724215
lgbm,2020-11-01,1663.0,635.8075061065188
lgbm,2020-12-01,1569.0,1560.3304500854122
lgbm,2021-01-01,2106.0,2441.7742048311648
lgbm,2021-02-01,2408.0,3023.3599635147502
lgbm,2021-03-01,2411.0,4301.351927095829
lgbm,2021-04-01,3488.0,5381.42278807952
lgbm,2021-05-01,4774.0,4937.591641852752
lgbm,2021-06-01,2520.0,3855.164240174164
lgbm,2021-07-01,1181.0,3766.189953707543
lgbm,2021-08-01,978.0,4152.2366480829005
lgbm,2020-10-01,989.0,1336.9975165791818
lgbm,2020-11-01,1663.0,1686.128723260742
lgbm,2020-12-01,1569.0,3565.765706998311
lgbm,2021-01-01,2106.0,6173.283682532834
lgbm,2021-02-01,2408.0,5296.206168934746
lgbm,2021-03-01,2411.0,5271.5941017265395
lgbm,2021-04-01,3488.0,5376.902253329384
lgbm,2021-05-01,4774.0,5283.081144178553
lgbm,2021-06-01,2520.0,3816.006270463335
lgbm,2021-07-01,1181.0,4358.40337514335
lgbm,2021-08-01,978.0,4304.16376808978
lgbm,2021-09-01,741.0,5149.901653526028
lgbm,2020-11-01,1663.0,1850.983308053782
lgbm,2020-12-01,1569.0,3052.613199117626
lgbm,2021-01-01,2106.0,5955.129771850667
lgbm,2021-02-01,2408.0,5870.498938192684
lgbm,2021-03-01,2411.0,5809.188053242874
lgbm,2021-04-01,3488.0,5901.72421515165
lgbm,2021-05-01,4774.0,5876.733200929807
lgbm,2021-06-01,2520.0,4388.827403593084
lgbm,2021-07-01,1181.0,4648.459949301789
lgbm,2021-08-01,978.0,4054.014196912167
lgbm,2021-09-01,741.0,5964.471220339908
lgbm,2021-10-01,706.0,5507.592641945966
lgbm,2020-12-01,1569.0,2504.0122549923917
lgbm,2021-01-01,2106.0,3697.5765283247088
lgbm,2021-02-01,2408.0,5128.0914311283705
lgbm,2021-03-01,2411.0,5160.995671204827
lgbm,2021-04-01,3488.0,5397.152439581017
lgbm,2021-05-01,4774.0,4758.643702687609
lgbm,2021-06-01,2520.0,4284.692149198667
lgbm,2021-07-01,1181.0,4621.469895513863
lgbm,2021-08-01,978.0,3934.7886754812635
lgbm,2021-09-01,741.0,5496.740076531699
lgbm,2021-10-01,706.0,5289.984424774417
lgbm,2021-11-01,1161.0,5396.852107312256
lgbm,2021-01-01,2106.0,2416.649184268176
lgbm,2021-02-01,2408.0,2978.472173513382
lgbm,2021-03-01,2411.0,3723.095999325443
lgbm,2021-04-01,3488.0,4684.5252666395145
lgbm,2021-05-01,4774.0,4608.040815106058
lgbm,2021-06-01,2520.0,3521.445396155081
lgbm,2021-07-01,1181.0,4119.918230644405
lgbm,2021-08-01,978.0,3705.2069969970557
lgbm,2021-09-01,741.0,4981.7212534205055
lgbm,2021-10-01,706.0,3969.913532221509
lgbm,2021-11-01,1161.0,4565.03906434314
lgbm,2021-12-01,1897.0,4565.03906434314
lgbm,2021-02-01,2408.0,1746.2154989737714
lgbm,2021-03-01,2411.0,1919.9688288318112
lgbm,2021-04-01,3488.0,1812.6110352198439
lgbm,2021-05-01,4774.0,1767.5261245318104
lgbm,2021-06-01,2520.0,785.0621586158022
lgbm,2021-07-01,1181.0,707.5115351245319
lgbm,2021-08-01,978.0,0.0
lgbm,2021-09-01,741.0,1088.023273640126
lgbm,2021-10-01,706.0,1469.3525011838285
lgbm,2021-11-01,1161.0,1849.9129859484617
lgbm,2021-12-01,1897.0,2325.6917079421237
lgbm,2022-01-01,6041.0,1443.0555642759832
lgbm,2021-03-01,2411.0,2613.6876732962555
lgbm,2021-04-01,3488.0,2718.0239428380582
lgbm,2021-05-01,4774.0,2634.3328165448374
lgbm,2021-06-01,2520.0,1290.0993303595176
lgbm,2021-07-01,1181.0,492.9661842895494
lgbm,2021-08-01,978.0,0.3088957376646526
lgbm,2021-09-01,741.0,533.3831853276363
lgbm,2021-10-01,706.0,0.0
lgbm,2021-11-01,1161.0,428.9956089733256
lgbm,2021-12-01,1897.0,331.8874162016726
lgbm,2022-01-01,6041.0,0.0
lgbm,2022-02-01,7641.0,769.1182040169667
lgbm,2021-04-01,3488.0,2999.437454155064
lgbm,2021-05-01,4774.0,3370.9063460021994
lgbm,2021-06-01,2520.0,3396.5885064557483
lgbm,2021-07-01,1181.0,4005.1300827850296
lgbm,2021-08-01,978.0,3953.7842289031937
lgbm,2021-09-01,741.0,4632.191148437863
lgbm,2021-10-01,706.0,3804.852874441608
lgbm,2021-11-01,1161.0,4477.497145805534
lgbm,2021-12-01,1897.0,4408.999105121439
lgbm,2022-01-01,6041.0,3899.189587228748
lgbm,2022-02-01,7641.0,3944.2173141600315
lgbm,2022-03-01,13693.0,3978.48807445041
lgbm,2021-05-01,4774.0,5290.172462929834
lgbm,2021-06-01,2520.0,3668.0139601026917
lgbm,2021-07-01,1181.0,3950.4865763896773
lgbm,2021-08-01,978.0,3849.9310066413905
lgbm,2021-09-01,741.0,5091.626249648552
lgbm,2021-10-01,706.0,4009.9511378481243
lgbm,2021-11-01,1161.0,5028.843197320953
lgbm,2021-12-01,1897.0,4942.250235249534
lgbm,2022-01-01,6041.0,4787.848503468398
lgbm,2022-02-01,7641.0,4787.848503468398
lgbm,2022-03-01,13693.0,5709.07828993788
lgbm,2022-04-01,18176.0,5709.07828993788
lgbm,2021-06-01,2520.0,4253.235313176977
lgbm,2021-07-01,1181.0,4605.414842295587
lgbm,2021-08-01,978.0,4347.104130886693
lgbm,2021-09-01,741.0,4994.502535279416
lgbm,2021-10-01,706.0,4325.691182253886
lgbm,2021-11-01,1161.0,4805.00436177335
lgbm,2021-12-01,1897.0,4941.117274637978
lgbm,2022-01-01,6041.0,4580.482608135888
lgbm,2022-02-01,7641.0,4815.238794268544
lgbm,2022-03-01,13693.0,5487.461575619354
lgbm,2022-04-01,18176.0,5487.461575619354
lgbm,2022-05-01,15727.0,5487.461575619354
lgbm,2021-07-01,1181.0,565.2569130224571
lgbm,2021-08-01,978.0,0.0
lgbm,2021-09-01,741.0,0.0
lgbm,2021-10-01,706.0,0.0
lgbm,2021-11-01,1161.0,0.0
lgbm,2021-12-01,1897.0,107.8180761304244
lgbm,2022-01-01,6041.0,12.212638779369847
lgbm,2022-02-01,7641.0,76.80733586410847
lgbm,2022-03-01,13693.0,776.8711521310311
lgbm,2022-04-01,18176.0,1669.6054773789417
lgbm,2022-05-01,15727.0,966.3254357838196
lgbm,2022-06-01,6163.0,455.8687070176092
lgbm,2021-08-01,978.0,419.3141460349103
lgbm,2021-09-01,741.0,131.40748425389057
lgbm,2021-10-01,706.0,218.32682182999878
lgbm,2021-11-01,1161.0,316.9976923020663
lgbm,2021-12-01,1897.0,355.37176042208625
lgbm,2022-01-01,6041.0,172.44839394138037
lgbm,2022-02-01,7641.0,56.86451884200647
lgbm,2022-03-01,13693.0,548.0586165775089
lgbm,2022-04-01,18176.0,686.0206664694299
lgbm,2022-05-01,15727.0,0.0
lgbm,2022-06-01,6163.0,0.0
lgbm,2022-07-01,3171.0,0.0
lgbm,2021-09-01,741.0,1094.2747773509698
lgbm,2021-10-01,706.0,674.7073023443995
lgbm,2021-11-01,1161.0,625.4244717206288
lgbm,2021-12-01,1897.0,507.20208269729886
lgbm,2022-01-01,6041.0,345.5376300769712
lgbm,2022-02-01,7641.0,382.2512758429696
lgbm,2022-03-01,13693.0,1333.500284488491
lgbm,2022-04-01,18176.0,2717.017246657838
lgbm,2022-05-01,15727.0,3180.9973961383744
lgbm,2022-06-01,6163.0,1467.3722524797743
lgbm,2022-07-01,3171.0,288.28659317033157
lgbm,2022-08-01,2379.0,0.0
lgbm,2021-10-01,706.0,1207.02154686238
lgbm,2021-11-01,1161.0,1599.096960703122
lgbm,2021-12-01,1897.0,1906.1428759067678
lgbm,2022-01-01,6041.0,1905.239644083946
lgbm,2022-02-01,7641.0,1976.9874564159165
lgbm,2022-03-01,13693.0,2779.441496633167
lgbm,2022-04-01,18176.0,3400.797719444494
lgbm,2022-05-01,15727.0,3980.9612815832907
lgbm,2022-06-01,6163.0,3814.0399596767043
lgbm,2022-07-01,3171.0,4188.273806583431
lgbm,2022-08-01,2379.0,4454.8563677716875
lgbm,2022-09-01,2638.0,4907.162686995487
lgbm,2021-11-01,1161.0,816.320397739769
lgbm,2021-12-01,1897.0,1518.8980744847788
lgbm,2022-01-01,6041.0,1469.1061492305012
lgbm,2022-02-01,7641.0,1608.6725811810388
lgbm,2022-03-01,13693.0,2170.279383863683
lgbm,2022-04-01,18176.0,2370.0528676750005
lgbm,2022-05-01,15727.0,383.82653174859297
lgbm,2022-06-01,6163.0,0.0
lgbm,2022-07-01,3171.0,0.0
lgbm,2022-08-01,2379.0,38.301493340812236
lgbm,2022-09-01,2638.0,87.9559858407488
lgbm,2022-10-01,3062.0,165.32257693507012
lgbm,2021-12-01,1897.0,1780.0498981286796
lgbm,2022-01-01,6041.0,1923.8112882401783
lgbm,2022-02-01,7641.0,1669.018824287931
lgbm,2022-03-01,13693.0,2612.2597054802754
lgbm,2022-04-01,18176.0,3624.4909917351465
lgbm,2022-05-01,15727.0,3996.6426945714293
lgbm,2022-06-01,6163.0,3243.2293389941183
lgbm,2022-07-01,3171.0,2261.98443331619
lgbm,2022-08-01,2379.0,1228.2318226998811
lgbm,2022-09-01,2638.0,731.3555885774501
lgbm,2022-10-01,3062.0,1736.1732437468463
lgbm,2022-11-01,2911.0,1881.9285630711215
lgbm,2022-01-01,6041.0,2176.2496004415902
lgbm,2022-02-01,7641.0,2065.7949934674098
lgbm,2022-03-01,13693.0,2671.8005615804464
lgbm,2022-04-01,18176.0,3682.5817325978132
lgbm,2022-05-01,15727.0,3305.0057598802823
lgbm,2022-06-01,6163.0,2180.483634060693
lgbm,2022-07-01,3171.0,1122.9613189800855
lgbm,2022-08-01,2379.0,1219.3060842508353
lgbm,2022-09-01,2638.0,1447.4587866078894
lgbm,2022-10-01,3062.0,1890.1889657749302
lgbm,2022-11-01,2911.0,2147.306973263691
lgbm,2022-12-01,3744.0,1969.8527389169813
lgbm,2022-02-01,7641.0,5351.78847657308
lgbm,2022-03-01,13693.0,5334.7262903078035
lgbm,2022-04-01,18176.0,4655.861408294748
lgbm,2022-05-01,15727.0,3152.9775276624605
lgbm,2022-06-01,6163.0,2547.3123322220526
lgbm,2022-07-01,3171.0,1680.7643965315237
lgbm,2022-08-01,2379.0,1218.890038363957
lgbm,2022-09-01,2638.0,1287.515149987966
lgbm,2022-10-01,3062.0,2126.7479227879026
lgbm,2022-11-01,2911.0,3041.0338085459316
lgbm,2022-12-01,3744.0,4521.977256414096
lgbm,2023-01-01,5478.0,5321.762675367538
lgbm,2022-03-01,13693.0,7014.361337193512
lgbm,2022-04-01,18176.0,6174.65026197298
lgbm,2022-05-01,15727.0,4957.191058374209
lgbm,2022-06-01,6163.0,4540.616212830486
lgbm,2022-07-01,3171.0,4686.582105548202
lgbm,2022-08-01,2379.0,5159.811245781168
lgbm,2022-09-01,2638.0,4962.735572346623
lgbm,2022-10-01,3062.0,5508.064105272079
lgbm,2022-11-01,2911.0,5473.021482001702
lgbm,2022-12-01,3744.0,6295.265720846356
lgbm,2023-01-01,5478.0,6013.722125294136
lgbm,2023-02-01,4938.0,5956.026352640154
lgbm,2022-04-01,18176.0,8536.448521344222
lgbm,2022-05-01,15727.0,4707.6795539820105
lgbm,2022-06-01,6163.0,5035.2778438000905
lgbm,2022-07-01,3171.0,4932.287735239245
lgbm,2022-08-01,2379.0,5224.67881925007
lgbm,2022-09-01,2638.0,5271.505337900413
lgbm,2022-10-01,3062.0,5416.410389838664
lgbm,2022-11-01,2911.0,5746.329176804103
lgbm,2022-12-01,3744.0,8163.857690026313
lgbm,2023-01-01,5478.0,8242.30398339846
lgbm,2023-02-01,4938.0,7892.405588200275
lgbm,2023-03-01,5663.0,8208.57229955044
lgbm,2022-05-01,15727.0,5742.593142095172
lgbm,2022-06-01,6163.0,5414.484540565455
lgbm,2022-07-01,3171.0,5888.033167422255
lgbm,2022-08-01,2379.0,6069.023393147501
lgbm,2022-09-01,2638.0,6300.995011828605
lgbm,2022-10-01,3062.0,6175.19814275381
lgbm,2022-11-01,2911.0,6537.039725838276
lgbm,2022-12-01,3744.0,9397.09837718354
lgbm,2023-01-01,5478.0,9937.6761916635
lgbm,2023-02-01,4938.0,9268.469265779198
lgbm,2023-03-01,5663.0,9706.023939466448
lgbm,2023-04-01,6983.0,9465.249227833718
lgbm,2022-06-01,6163.0,7631.84664085212
lgbm,2022-07-01,3171.0,6615.75726092013
lgbm,2022-08-01,2379.0,7186.52920178309
lgbm,2022-09-01,2638.0,7976.981948033476
lgbm,2022-10-01,3062.0,6981.143284856792
lgbm,2022-11-01,2911.0,6693.364559272297
lgbm,2022-12-01,3744.0,8933.349750815614
lgbm,2023-01-01,5478.0,10010.428975884368
lgbm,2023-02-01,4938.0,10421.32432661694
lgbm,2023-03-01,5663.0,10480.749135711558
lgbm,2023-04-01,6983.0,9160.40478215727
lgbm,2023-05-01,4417.0,9109.891728857589
lgbm,2022-07-01,3171.0,6854.837395016311
lgbm,2022-08-01,2379.0,7656.706838609921
lgbm,2022-09-01,2638.0,8178.012860058002
lgbm,2022-10-01,3062.0,6953.620904696115
lgbm,2022-11-01,2911.0,6953.485364396328
lgbm,2022-12-01,3744.0,9165.614750544326
lgbm,2023-01-01,5478.0,10284.879002286068
lgbm,2023-02-01,4938.0,10267.745047165801
lgbm,2023-03-01,5663.0,10514.64265752352
lgbm,2023-04-01,6983.0,9456.900540366467
lgbm,2023-05-01,4417.0,9607.967724660894
lgbm,2023-06-01,3165.0,10024.887650880937
lgbm,2022-08-01,2379.0,2287.380446537619
lgbm,2022-09-01,2638.0,2628.845175035705
lgbm,2022-10-01,3062.0,2863.7295559261315
lgbm,2022-11-01,2911.0,2567.911897123217
lgbm,2022-12-01,3744.0,3669.36797716782
lgbm,2023-01-01,5478.0,4915.957937376315
lgbm,2023-02-01,4938.0,8356.40873032791
lgbm,2023-03-01,5663.0,10430.905844131441
lgbm,2023-04-01,6983.0,9286.024371068865
lgbm,2023-05-01,4417.0,9538.169879178793
lgbm,2023-06-01,3165.0,9156.046016248967
lgbm,2023-07-01,2934.0,8488.462210888829
lgbm,2022-09-01,2638.0,2745.3730478103557
lgbm,2022-10-01,3062.0,2705.084977737225
lgbm,2022-11-01,2911.0,2458.60688173631
lgbm,2022-12-01,3744.0,3773.898975422226
lgbm,2023-01-01,5478.0,4899.627461818679
lgbm,2023-02-01,4938.0,8826.914312180657
lgbm,2023-03-01,5663.0,10276.013372043728
lgbm,2023-04-01,6983.0,8712.633967242497
lgbm,2023-05-01,4417.0,8473.022038853078
lgbm,2023-06-01,3165.0,8698.532694854983
lgbm,2023-07-01,2934.0,8300.54087683293
lgbm,2023-08-01,2086.0,8698.532694854983
lgbm,2022-10-01,3062.0,2811.491220223136
lgbm,2022-11-01,2911.0,2750.647118717567
lgbm,2022-12-01,3744.0,3460.8813692806443
lgbm,2023-01-01,5478.0,4310.108760255676
lgbm,2023-02-01,4938.0,4895.679630879764
lgbm,2023-03-01,5663.0,8814.39593261864
lgbm,2023-04-01,6983.0,9314.146834711408
lgbm,2023-05-01,4417.0,9235.39579386187
lgbm,2023-06-01,3165.0,8980.124091893302
lgbm,2023-07-01,2934.0,8237.30905323229
lgbm,2023-08-01,2086.0,8980.124091893302
lgbm,2023-09-01,2295.0,9137.104009653021
lgbm,2022-11-01,2911.0,3217.2867716948167
lgbm,2022-12-01,3744.0,4278.180692857601
lgbm,2023-01-01,5478.0,9613.68037951743
lgbm,2023-02-01,4938.0,10639.289935457626
lgbm,2023-03-01,5663.0,10178.377646059644
lgbm,2023-04-01,6983.0,9259.373471472134
lgbm,2023-05-01,4417.0,9681.383926619572
lgbm,2023-06-01,3165.0,7598.149422896207
lgbm,2023-07-01,2934.0,7650.822747864909
lgbm,2023-08-01,2086.0,7650.822747864909
lgbm,2023-09-01,2295.0,7769.720315926681
lgbm,2023-10-01,2355.0,8911.184940021149
lgbm,2022-12-01,3744.0,4332.1346526805355
lgbm,2023-01-01,5478.0,5467.806547858536
lgbm,2023-02-01,4938.0,9486.2506260433
lgbm,2023-03-01,5663.0,10005.331107524567
lgbm,2023-04-01,6983.0,9011.847334212522
lgbm,2023-05-01,4417.0,8911.64616052393
lgbm,2023-06-01,3165.0,9124.873907581275
lgbm,2023-07-01,2934.0,8161.419770265142
lgbm,2023-08-01,2086.0,8883.534842310679
lgbm,2023-09-01,2295.0,8795.191151711295
lgbm,2023-10-01,2355.0,9708.259535170138
lgbm,2023-11-01,3868.0,10140.877024456691
lgbm,2023-01-01,5478.0,5050.241294913488
lgbm,2023-02-01,4938.0,8507.319516865247
lgbm,2023-03-01,5663.0,10439.839579510724
lgbm,2023-04-01,6983.0,9376.526801965812
lgbm,2023-05-01,4417.0,9273.16900952621
lgbm,2023-06-01,3165.0,9004.421659699068
lgbm,2023-07-01,2934.0,9054.320124259617
lgbm,2023-08-01,2086.0,9070.287109710314
lgbm,2023-09-01,2295.0,9378.220374331899
lgbm,2023-10-01,2355.0,9799.969997891092
lgbm,2023-11-01,3868.0,10764.382861681821
lgbm,2023-12-01,20715.0,10506.64495684927
lgbm,2023-02-01,4938.0,9195.337192859883
lgbm,2023-03-01,5663.0,10294.026090797906
lgbm,2023-04-01,6983.0,9667.18429460906
lgbm,2023-05-01,4417.0,9674.689349184508
lgbm,2023-06-01,3165.0,9178.936302430171
lgbm,2023-07-01,2934.0,8789.513268136592
lgbm,2023-08-01,2086.0,9147.485434008764
lgbm,2023-09-01,2295.0,9244.612121305878
lgbm,2023-10-01,2355.0,9900.592098363533
lgbm,2023-11-01,3868.0,11283.889523566388
lgbm,2023-12-01,20715.0,10453.032354621086
lgbm,2024-01-01,72410.0,10498.169231633847
lgbm,2023-03-01,5663.0,8780.373590130483
lgbm,2023-04-01,6983.0,9110.250435752838
lgbm,2023-05-01,4417.0,9198.772931717229
lgbm,2023-06-01,3165.0,8557.041365578458
lgbm,2023-07-01,2934.0,8437.736309045848
lgbm,2023-08-01,2086.0,9147.226136853555
lgbm,2023-09-01,2295.0,9297.913829131903
lgbm,2023-10-01,2355.0,9859.227488028895
lgbm,2023-11-01,3868.0,10179.508598180097
lgbm,2023-12-01,20715.0,9893.08103794844
lgbm,2024-01-01,72410.0,9942.097393694963
lgbm,2024-02-01,98704.0,10011.115039607734
lgbm,2023-04-01,6983.0,8256.363034606378
lgbm,2023-05-01,4417.0,8441.130473990848
lgbm,2023-06-01,3165.0,8296.174800752726
lgbm,2023-07-01,2934.0,7881.77785966091
lgbm,2023-08-01,2086.0,8297.179549790524
lgbm,2023-09-01,2295.0,8537.96884255568
lgbm,2023-10-01,2355.0,9530.819199939207
lgbm,2023-11-01,3868.0,9706.927335165557
lgbm,2023-12-01,20715.0,10185.977641082089
lgbm,2024-01-01,72410.0,9973.092818620586
lgbm,2024-02-01,98704.0,9869.327582847203
lgbm,2024-03-01,82032.0,9780.470748228376
lgbm,2023-05-01,4417.0,8136.295922815133
lgbm,2023-06-01,3165.0,7368.36999714843
lgbm,2023-07-01,2934.0,7714.947363363265
lgbm,2023-08-01,2086.0,7924.377125730523
lgbm,2023-09-01,2295.0,8390.759753407245
lgbm,2023-10-01,2355.0,9069.227471193062
lgbm,2023-11-01,3868.0,9216.956380246866
lgbm,2023-12-01,20715.0,9545.571870991665
lgbm,2024-01-01,72410.0,9804.464637160945
lgbm,2024-02-01,98704.0,9488.569936559523
lgbm,2024-03-01,82032.0,9120.524211799147
lgbm,2024-04-01,30462.0,9120.524211799147
lgbm,2023-06-01,3165.0,2994.315521008075
lgbm,2023-07-01,2934.0,2442.9496254200167
lgbm,2023-08-01,2086.0,2412.284728791737
lgbm,2023-09-01,2295.0,2957.84002410674
lgbm,2023-10-01,2355.0,4437.0439454166635
lgbm,2023-11-01,3868.0,5144.522483236258
lgbm,2023-12-01,20715.0,5985.575693936302
lgbm,2024-01-01,72410.0,8562.273349265035
lgbm,2024-02-01,98704.0,8050.830013266723
lgbm,2024-03-01,82032.0,7712.569480167814
lgbm,2024-04-01,30462.0,7796.684112976993
lgbm,2024-05-01,14210.0,7627.2542255462495
lgbm,2023-07-01,2934.0,2452.428064634705
lgbm,2023-08-01,2086.0,2859.852775853027
lgbm,2023-09-01,2295.0,3639.7298304034694
lgbm,2023-10-01,2355.0,3836.803942607413
lgbm,2023-11-01,3868.0,4267.7516526602585
lgbm,2023-12-01,20715.0,4019.054114351148
lgbm,2024-01-01,72410.0,3746.8606520988715
lgbm,2024-02-01,98704.0,3695.8540296781725
lgbm,2024-03-01,82032.0,3121.9348402741093
lgbm,2024-04-01,30462.0,2653.438913557441
lgbm,2024-05-01,14210.0,2632.4375852337657
lgbm,2024-06-01,4584.0,2437.9343873332814
lgbm,2023-08-01,2086.0,2777.4314901462035
lgbm,2023-09-01,2295.0,3782.6220931859707
lgbm,2023-10-01,2355.0,4210.289465397289
lgbm,2023-11-01,3868.0,4339.759789568009
lgbm,2023-12-01,20715.0,4278.049029663442
lgbm,2024-01-01,72410.0,3894.6482467157534
lgbm,2024-02-01,98704.0,4139.150479766516
lgbm,2024-03-01,82032.0,3522.473207411948
lgbm,2024-04-01,30462.0,3299.1654946039253
lgbm,2024-05-01,14210.0,3157.62442575533
lgbm,2024-06-01,4584.0,2753.4912616723263
lgbm,2024-07-01,1353.0,2725.768762259254
lgbm,2023-09-01,2295.0,3054.823780959927
lgbm,2023-10-01,2355.0,3041.8506719751194
lgbm,2023-11-01,3868.0,3396.192168833527
lgbm,2023-12-01,20715.0,4463.030739110765
lgbm,2024-01-01,72410.0,5493.141312858831
lgbm,2024-02-01,98704.0,8118.170316337977
lgbm,2024-03-01,82032.0,8371.428643157864
lgbm,2024-04-01,30462.0,8561.578545266715
lgbm,2024-05-01,14210.0,8317.594517245627
lgbm,2024-06-01,4584.0,8226.892175095649
lgbm,2024-07-01,1353.0,7096.280886873208
lgbm,2024-08-01,1368.0,8653.18777490585
lgbm,2023-10-01,2355.0,3274.11698010156
lgbm,2023-11-01,3868.0,4183.711279431621
lgbm,2023-12-01,20715.0,4205.581649088697
lgbm,2024-01-01,72410.0,5676.723608952288
lgbm,2024-02-01,98704.0,9172.414443311822
lgbm,2024-03-01,82032.0,7425.740162135707
lgbm,2024-04-01,30462.0,7516.655249144568
lgbm,2024-05-01,14210.0,7311.857900652537
lgbm,2024-06-01,4584.0,7375.318172071987
lgbm,2024-07-01,1353.0,6528.438462793038
lgbm,2024-08-01,1368.0,7860.131488196323
lgbm,2024-09-01,1506.0,8015.5341572831985
lgbm,2023-11-01,3868.0,3676.712211842141
lgbm,2023-12-01,20715.0,4329.765928140817
lgbm,2024-01-01,72410.0,5879.794459347176
lgbm,2024-02-01,98704.0,9518.122017268588
lgbm,2024-03-01,82032.0,9387.660827862548
lgbm,2024-04-01,30462.0,8223.747976218358
lgbm,2024-05-01,14210.0,7365.743355809754
lgbm,2024-06-01,4584.0,6955.178427884973
lgbm,2024-07-01,1353.0,6251.665853177734
lgbm,2024-08-01,1368.0,7420.4815452497305
lgbm,2024-09-01,1506.0,7255.8703958510105
lgbm,2024-10-01,1598.0,8351.490675500945
lgbm,2023-12-01,20715.0,4821.693990465401
lgbm,2024-01-01,72410.0,6010.785051972928
lgbm,2024-02-01,98704.0,10033.916737496822
lgbm,2024-03-01,82032.0,10255.297626990976
lgbm,2024-04-01,30462.0,8966.987066009222
lgbm,2024-05-01,14210.0,7833.864127149856
lgbm,2024-06-01,4584.0,7579.603005897475
lgbm,2024-07-01,1353.0,6713.166478470464
lgbm,2024-08-01,1368.0,7474.988846170695
lgbm,2024-09-01,1506.0,8377.303179902548
lgbm,2024-10-01,1598.0,9263.061705137907
lgbm,2024-11-01,2674.0,9789.237293326722
lgbm,2024-01-01,72410.0,13054.114288026285
lgbm,2024-02-01,98704.0,13188.87663784199
lgbm,2024-03-01,82032.0,12225.687626815026
lgbm,2024-04-01,30462.0,11390.818306926365
lgbm,2024-05-01,14210.0,9735.29911784978
lgbm,2024-06-01,4584.0,6408.220731129531
lgbm,2024-07-01,1353.0,6531.317492633907
lgbm,2024-08-01,1368.0,7243.923149046846
lgbm,2024-09-01,1506.0,7707.887157095507
lgbm,2024-10-01,1598.0,8913.055851875348
lgbm,2024-11-01,2674.0,10753.814843322903
lgbm,2024-12-01,2416.0,12693.735239532629
xgboost,2014-01-01,1115.0,417.50946044921875
xgboost,2014-02-01,2206.0,467.2479248046875
xgboost,2014-03-01,2971.0,490.9406433105469
xgboost,2014-04-01,3858.0,456.082275390625
xgboost,2014-05-01,4606.0,423.20489501953125
xgboost,2014-06-01,2788.0,361.25048828125
xgboost,2014-07-01,1104.0,213.37281799316406
xgboost,2014-08-01,368.0,267.5028076171875
xgboost,2014-09-01,197.0,254.0369110107422
xgboost,2014-10-01,173.0,213.3754119873047
xgboost,2014-11-01,312.0,291.57659912109375
xgboost,2014-12-01,183.0,293.763916015625
xgboost,2014-02-01,2206.0,1315.0179443359375
xgboost,2014-03-01,2971.0,1315.088623046875
xgboost,2014-04-01,3858.0,1318.406982421875
xgboost,2014-05-01,4606.0,1273.0482177734375
xgboost,2014-06-01,2788.0,1214.500732421875
xgboost,2014-07-01,1104.0,1102.4893798828125
xgboost,2014-08-01,368.0,1136.6865234375
xgboost,2014-09-01,197.0,1129.885009765625
xgboost,2014-10-01,173.0,1129.885009765625
xgboost,2014-11-01,312.0,1170.9013671875
xgboost,2014-12-01,183.0,1170.8934326171875
xgboost,2015-01-01,479.0,1171.90283203125
xgboost,2014-03-01,2971.0,1809.4974365234375
xgboost,2014-04-01,3858.0,1776.942626953125
xgboost,2014-05-01,4606.0,1749.6953125
xgboost,2014-06-01,2788.0,1710.5821533203125
xgboost,2014-07-01,1104.0,1690.80859375
xgboost,2014-08-01,368.0,1712.3905029296875
xgboost,2014-09-01,197.0,1733.3094482421875
xgboost,2014-10-01,173.0,1733.3094482421875
xgboost,2014-11-01,312.0,1771.613525390625
xgboost,2014-12-01,183.0,1771.9134521484375
xgboost,2015-01-01,479.0,1775.1383056640625
xgboost,2015-02-01,933.0,1775.085693359375
xgboost,2014-04-01,3858.0,2405.5888671875
xgboost,2014-05-01,4606.0,2405.513916015625
xgboost,2014-06-01,2788.0,2405.410400390625
xgboost,2014-07-01,1104.0,2391.829833984375
xgboost,2014-08-01,368.0,2391.829833984375
xgboost,2014-09-01,197.0,2441.549072265625
xgboost,2014-10-01,173.0,2441.549072265625
xgboost,2014-11-01,312.0,2441.549072265625
xgboost,2014-12-01,183.0,2441.549072265625
xgboost,2015-01-01,479.0,2444.17724609375
xgboost,2015-02-01,933.0,2443.697021484375
xgboost,2015-03-01,1747.0,2462.743408203125
xgboost,2014-05-01,4606.0,3049.971923828125
xgboost,2014-06-01,2788.0,2455.788330078125
xgboost,2014-07-01,1104.0,2464.98681640625
xgboost,2014-08-01,368.0,2402.84423828125
xgboost,2014-09-01,197.0,2402.84326171875
xgboost,2014-10-01,173.0,2402.843505859375
xgboost,2014-11-01,312.0,2402.848876953125
xgboost,2014-12-01,183.0,2402.84912109375
xgboost,2015-01-01,479.0,2783.729248046875
xgboost,2015-02-01,933.0,2784.914306640625
xgboost,2015-03-01,1747.0,2834.001953125
xgboost,2015-04-01,3129.0,2868.551513671875
xgboost,2014-06-01,2788.0,2895.777099609375
xgboost,2014-07-01,1104.0,3009.0966796875
xgboost,2014-08-01,368.0,2826.527587890625
xgboost,2014-09-01,197.0,2973.6259765625
xgboost,2014-10-01,173.0,2794.14306640625
xgboost,2014-11-01,312.0,3011.74365234375
xgboost,2014-12-01,183.0,2830.717041015625
xgboost,2015-01-01,479.0,3017.973876953125
xgboost,2015-02-01,933.0,2836.722900390625
xgboost,2015-03-01,1747.0,3017.84765625
xgboost,2015-04-01,3129.0,2837.28369140625
xgboost,2015-05-01,3306.0,3018.7724609375
xgboost,2014-07-01,1104.0,2333.384765625
xgboost,2014-08-01,368.0,2325.414306640625
xgboost,2014-09-01,197.0,3025.3701171875
xgboost,2014-10-01,173.0,3029.384033203125
xgboost,2014-11-01,312.0,3029.38427734375
xgboost,2014-12-01,183.0,2396.437255859375
xgboost,2015-01-01,479.0,2401.786865234375
xgboost,2015-02-01,933.0,2400.592041015625
xgboost,2015-03-01,1747.0,3034.927001953125
xgboost,2015-04-01,3129.0,3029.50537109375
xgboost,2015-05-01,3306.0,3029.695068359375
xgboost,2015-06-01,1263.0,2397.112060546875
xgboost,2014-08-01,368.0,1121.416748046875
xgboost,2014-09-01,197.0,1252.9371337890625
xgboost,2014-10-01,173.0,1325.859375
xgboost,2014-11-01,312.0,1430.249267578125
xgboost,2014-12-01,183.0,1430.24951171875
xgboost,2015-01-01,479.0,1430.3228759765625
xgboost,2015-02-01,933.0,1680.8328857421875
xgboost,2015-03-01,1747.0,1325.5771484375
xgboost,2015-04-01,3129.0,1681.384033203125
xgboost,2015-05-01,3306.0,1325.9879150390625
xgboost,2015-06-01,1263.0,1681.675048828125
xgboost,2015-07-01,460.0,1074.4322509765625
xgboost,2014-09-01,197.0,329.358154296875
xgboost,2014-10-01,173.0,328.0771789550781
xgboost,2014-11-01,312.0,346.0226135253906
xgboost,2014-12-01,183.0,346.1572570800781
xgboost,2015-01-01,479.0,463.87396240234375
xgboost,2015-02-01,933.0,647.2909545898438
xgboost,2015-03-01,1747.0,534.3087768554688
xgboost,2015-04-01,3129.0,654.183837890625
xgboost,2015-05-01,3306.0,652.8362426757812
xgboost,2015-06-01,1263.0,638.7333984375
xgboost,2015-07-01,460.0,327.21368408203125
xgboost,2015-08-01,356.0,327.2133483886719
xgboost,2014-10-01,173.0,195.09130859375
xgboost,2014-11-01,312.0,274.427001953125
xgboost,2014-12-01,183.0,274.3658447265625
xgboost,2015-01-01,479.0,405.1705322265625
xgboost,2015-02-01,933.0,597.832763671875
xgboost,2015-03-01,1747.0,699.9495239257812
xgboost,2015-04-01,3129.0,571.6034545898438
xgboost,2015-05-01,3306.0,554.75390625
xgboost,2015-06-01,1263.0,501.0180969238281
xgboost,2015-07-01,460.0,377.8181457519531
xgboost,2015-08-01,356.0,354.1371154785156
xgboost,2015-09-01,118.0,300.3733825683594
xgboost,2014-11-01,312.0,266.66436767578125
xgboost,2014-12-01,183.0,261.0853271484375
xgboost,2015-01-01,479.0,261.41796875
xgboost,2015-02-01,933.0,620.3299560546875
xgboost,2015-03-01,1747.0,759.5960693359375
xgboost,2015-04-01,3129.0,422.3144226074219
xgboost,2015-05-01,3306.0,698.7323608398438
xgboost,2015-06-01,1263.0,777.6217041015625
xgboost,2015-07-01,460.0,286.5391540527344
xgboost,2015-08-01,356.0,252.88987731933594
xgboost,2015-09-01,118.0,261.676025390625
xgboost,2015-10-01,152.0,265.4638671875
xgboost,2014-12-01,183.0,295.453857421875
xgboost,2015-01-01,479.0,400.1122741699219
xgboost,2015-02-01,933.0,752.1075439453125
xgboost,2015-03-01,1747.0,872.976318359375
xgboost,2015-04-01,3129.0,398.30731201171875
xgboost,2015-05-01,3306.0,437.09912109375
xgboost,2015-06-01,1263.0,393.107177734375
xgboost,2015-07-01,460.0,177.19898986816406
xgboost,2015-08-01,356.0,205.6340789794922
xgboost,2015-09-01,118.0,207.1917724609375
xgboost,2015-10-01,152.0,244.41934204101562
xgboost,2015-11-01,489.0,245.00218200683594
xgboost,2015-01-01,479.0,220.94525146484375
xgboost,2015-02-01,933.0,596.3490600585938
xgboost,2015-03-01,1747.0,729.8692626953125
xgboost,2015-04-01,3129.0,423.80084228515625
xgboost,2015-05-01,3306.0,682.8877563476562
xgboost,2015-06-01,1263.0,916.2406616210938
xgboost,2015-07-01,460.0,371.3370056152344
xgboost,2015-08-01,356.0,205.35159301757812
xgboost,2015-09-01,118.0,211.0926971435547
xgboost,2015-10-01,152.0,237.3748779296875
xgboost,2015-11-01,489.0,235.0481414794922
xgboost,2015-12-01,742.0,254.75662231445312
xgboost,2015-02-01,933.0,790.68017578125
xgboost,2015-03-01,1747.0,940.8637084960938
xgboost,2015-04-01,3129.0,537.1350708007812
xgboost,2015-05-01,3306.0,956.8394165039062
xgboost,2015-06-01,1263.0,502.9560241699219
xgboost,2015-07-01,460.0,314.78265380859375
xgboost,2015-08-01,356.0,238.91848754882812
xgboost,2015-09-01,118.0,188.96372985839844
xgboost,2015-10-01,152.0,239.23333740234375
xgboost,2015-11-01,489.0,243.8307647705078
xgboost,2015-12-01,742.0,352.5361328125
xgboost,2016-01-01,4072.0,640.1618041992188
xgboost,2015-03-01,1747.0,877.5992431640625
xgboost,2015-04-01,3129.0,500.84002685546875
xgboost,2015-05-01,3306.0,904.3740844726562
xgboost,2015-06-01,1263.0,593.2559204101562
xgboost,2015-07-01,460.0,368.8898010253906
xgboost,2015-08-01,356.0,287.7029724121094
xgboost,2015-09-01,118.0,251.8758087158203
xgboost,2015-10-01,152.0,227.24742126464844
xgboost,2015-11-01,489.0,230.13565063476562
xgboost,2015-12-01,742.0,267.4596862792969
xgboost,2016-01-01,4072.0,325.9908142089844
xgboost,2016-02-01,6168.0,635.592041015625
xgboost,2015-04-01,3129.0,2003.32568359375
xgboost,2015-05-01,3306.0,4833.9013671875
xgboost,2015-06-01,1263.0,4730.29150390625
xgboost,2015-07-01,460.0,4529.72509765625
xgboost,2015-08-01,356.0,2712.9580078125
xgboost,2015-09-01,118.0,1158.135498046875
xgboost,2015-10-01,152.0,612.64013671875
xgboost,2015-11-01,489.0,406.1987609863281
xgboost,2015-12-01,742.0,326.1272888183594
xgboost,2016-01-01,4072.0,338.77410888671875
xgboost,2016-02-01,6168.0,623.4139404296875
xgboost,2016-03-01,5445.0,788.6956176757812
xgboost,2015-05-01,3306.0,3202.2841796875
xgboost,2015-06-01,1263.0,2991.368408203125
xgboost,2015-07-01,460.0,3005.465087890625
xgboost,2015-08-01,356.0,1726.1220703125
xgboost,2015-09-01,118.0,594.8914794921875
xgboost,2015-10-01,152.0,339.17803955078125
xgboost,2015-11-01,489.0,276.5494079589844
xgboost,2015-12-01,742.0,243.55906677246094
xgboost,2016-01-01,4072.0,325.76800537109375
xgboost,2016-02-01,6168.0,445.03607177734375
xgboost,2016-03-01,5445.0,366.9143371582031
xgboost,2016-04-01,3539.0,439.534912109375
xgboost,2015-06-01,1263.0,3237.507568359375
xgboost,2015-07-01,460.0,3265.82568359375
xgboost,2015-08-01,356.0,1927.4774169921875
xgboost,2015-09-01,118.0,1819.5208740234375
xgboost,2015-10-01,152.0,1883.1588134765625
xgboost,2015-11-01,489.0,1881.8426513671875
xgboost,2015-12-01,742.0,2871.89453125
xgboost,2016-01-01,4072.0,2733.939453125
xgboost,2016-02-01,6168.0,3139.616455078125
xgboost,2016-03-01,5445.0,3115.594482421875
xgboost,2016-04-01,3539.0,2315.665771484375
xgboost,2016-05-01,2218.0,2951.13427734375
xgboost,2015-07-01,460.0,940.7022705078125
xgboost,2015-08-01,356.0,490.0318298339844
xgboost,2015-09-01,118.0,277.06787109375
xgboost,2015-10-01,152.0,243.70443725585938
xgboost,2015-11-01,489.0,241.0682373046875
xgboost,2015-12-01,742.0,227.9663543701172
xgboost,2016-01-01,4072.0,341.3489685058594
xgboost,2016-02-01,6168.0,472.5542907714844
xgboost,2016-03-01,5445.0,752.563720703125
xgboost,2016-04-01,3539.0,954.3779907226562
xgboost,2016-05-01,2218.0,1138.096435546875
xgboost,2016-06-01,723.0,1114.937744140625
xgboost,2015-08-01,356.0,361.41754150390625
xgboost,2015-09-01,118.0,217.1422119140625
xgboost,2015-10-01,152.0,296.8003845214844
xgboost,2015-11-01,489.0,261.77215576171875
xgboost,2015-12-01,742.0,223.79261779785156
xgboost,2016-01-01,4072.0,438.1344909667969
xgboost,2016-02-01,6168.0,698.9843139648438
xgboost,2016-03-01,5445.0,494.9312438964844
xgboost,2016-04-01,3539.0,945.5420532226562
xgboost,2016-05-01,2218.0,1199.68798828125
xgboost,2016-06-01,723.0,627.1217651367188
xgboost,2016-07-01,463.0,508.0934143066406
xgboost,2015-09-01,118.0,232.7146759033203
xgboost,2015-10-01,152.0,248.8509521484375
xgboost,2015-11-01,489.0,244.53057861328125
xgboost,2015-12-01,742.0,243.87335205078125
xgboost,2016-01-01,4072.0,346.29150390625
xgboost,2016-02-01,6168.0,689.3853759765625
xgboost,2016-03-01,5445.0,864.298828125
xgboost,2016-04-01,3539.0,931.6864624023438
xgboost,2016-05-01,2218.0,959.6201782226562
xgboost,2016-06-01,723.0,692.0545043945312
xgboost,2016-07-01,463.0,517.81787109375
xgboost,2016-08-01,169.0,330.7773132324219
xgboost,2015-10-01,152.0,230.5087127685547
xgboost,2015-11-01,489.0,225.20208740234375
xgboost,2015-12-01,742.0,236.22630310058594
xgboost,2016-01-01,4072.0,432.4299621582031
xgboost,2016-02-01,6168.0,818.4132690429688
xgboost,2016-03-01,5445.0,1644.126220703125
xgboost,2016-04-01,3539.0,1130.743408203125
xgboost,2016-05-01,2218.0,1692.5452880859375
xgboost,2016-06-01,723.0,963.8021850585938
xgboost,2016-07-01,463.0,675.9141845703125
xgboost,2016-08-01,169.0,377.8056640625
xgboost,2016-09-01,152.0,176.6239013671875
xgboost,2015-11-01,489.0,191.884521484375
xgboost,2015-12-01,742.0,189.84519958496094
xgboost,2016-01-01,4072.0,480.59588623046875
xgboost,2016-02-01,6168.0,922.2874145507812
xgboost,2016-03-01,5445.0,1625.9837646484375
xgboost,2016-04-01,3539.0,1850.9112548828125
xgboost,2016-05-01,2218.0,5098.845703125
xgboost,2016-06-01,723.0,5102.52001953125
xgboost,2016-07-01,463.0,2983.184326171875
xgboost,2016-08-01,169.0,1264.562255859375
xgboost,2016-09-01,152.0,643.1799926757812
xgboost,2016-10-01,208.0,512.8357543945312
xgboost,2015-12-01,742.0,502.1082458496094
xgboost,2016-01-01,4072.0,559.5619506835938
xgboost,2016-02-01,6168.0,1055.8792724609375
xgboost,2016-03-01,5445.0,1793.031494140625
xgboost,2016-04-01,3539.0,4552.27294921875
xgboost,2016-05-01,2218.0,5359.18310546875
xgboost,2016-06-01,723.0,3348.428466796875
xgboost,2016-07-01,463.0,2276.732666015625
xgboost,2016-08-01,169.0,1134.827880859375
xgboost,2016-09-01,152.0,746.8220825195312
xgboost,2016-10-01,208.0,400.00927734375
xgboost,2016-11-01,201.0,360.94891357421875
xgboost,2016-01-01,4072.0,676.4263305664062
xgboost,2016-02-01,6168.0,1056.11083984375
xgboost,2016-03-01,5445.0,1768.017578125
xgboost,2016-04-01,3539.0,4435.5439453125
xgboost,2016-05-01,2218.0,5359.64306640625
xgboost,2016-06-01,723.0,3347.642333984375
xgboost,2016-07-01,463.0,2234.43408203125
xgboost,2016-08-01,169.0,1116.727783203125
xgboost,2016-09-01,152.0,769.4488525390625
xgboost,2016-10-01,208.0,435.6250305175781
xgboost,2016-11-01,201.0,368.09039306640625
xgboost,2016-12-01,403.0,358.0743713378906
xgboost,2016-02-01,6168.0,5317.404296875
xgboost,2016-03-01,5445.0,4849.0595703125
xgboost,2016-04-01,3539.0,4356.93798828125
xgboost,2016-05-01,2218.0,4894.14208984375
xgboost,2016-06-01,723.0,3184.78857421875
xgboost,2016-07-01,463.0,2273.382080078125
xgboost,2016-08-01,169.0,1083.4881591796875
xgboost,2016-09-01,152.0,420.9277038574219
xgboost,2016-10-01,208.0,311.844970703125
xgboost,2016-11-01,201.0,506.2032165527344
xgboost,2016-12-01,403.0,1257.00537109375
xgboost,2017-01-01,536.0,2148.168212890625
xgboost,2016-03-01,5445.0,4922.974609375
xgboost,2016-04-01,3539.0,4123.4384765625
xgboost,2016-05-01,2218.0,4014.80615234375
xgboost,2016-06-01,723.0,2801.6298828125
xgboost,2016-07-01,463.0,2502.692626953125
xgboost,2016-08-01,169.0,1214.8092041015625
xgboost,2016-09-01,152.0,501.2001647949219
xgboost,2016-10-01,208.0,360.8782958984375
xgboost,2016-11-01,201.0,521.7462768554688
xgboost,2016-12-01,403.0,1399.4208984375
xgboost,2017-01-01,536.0,2196.179443359375
xgboost,2017-02-01,485.0,2971.80810546875
xgboost,2016-04-01,3539.0,4350.64306640625
xgboost,2016-05-01,2218.0,4369.1875
xgboost,2016-06-01,723.0,2894.92529296875
xgboost,2016-07-01,463.0,2162.794677734375
xgboost,2016-08-01,169.0,1166.8126220703125
xgboost,2016-09-01,152.0,455.28515625
xgboost,2016-10-01,208.0,382.9343566894531
xgboost,2016-11-01,201.0,747.6624755859375
xgboost,2016-12-01,403.0,1763.8480224609375
xgboost,2017-01-01,536.0,3672.72216796875
xgboost,2017-02-01,485.0,3383.84521484375
xgboost,2017-03-01,919.0,3967.22119140625
xgboost,2016-05-01,2218.0,3869.493408203125
xgboost,2016-06-01,723.0,3075.8623046875
xgboost,2016-07-01,463.0,2279.001220703125
xgboost,2016-08-01,169.0,1164.3428955078125
xgboost,2016-09-01,152.0,405.26593017578125
xgboost,2016-10-01,208.0,235.59765625
xgboost,2016-11-01,201.0,707.2850341796875
xgboost,2016-12-01,403.0,1529.5638427734375
xgboost,2017-01-01,536.0,2074.3330078125
xgboost,2017-02-01,485.0,3061.31494140625
xgboost,2017-03-01,919.0,3716.110107421875
xgboost,2017-04-01,1176.0,3646.027099609375
xgboost,2016-06-01,723.0,2569.683837890625
xgboost,2016-07-01,463.0,2417.3916015625
xgboost,2016-08-01,169.0,1208.8555908203125
xgboost,2016-09-01,152.0,492.6221008300781
xgboost,2016-10-01,208.0,479.44781494140625
xgboost,2016-11-01,201.0,1022.5118408203125
xgboost,2016-12-01,403.0,1950.629150390625
xgboost,2017-01-01,536.0,3637.16357421875
xgboost,2017-02-01,485.0,3036.458251953125
xgboost,2017-03-01,919.0,2849.71875
xgboost,2017-04-01,1176.0,3392.88818359375
xgboost,2017-05-01,1186.0,2600.310791015625
xgboost,2016-07-01,463.0,522.7625122070312
xgboost,2016-08-01,169.0,336.4963073730469
xgboost,2016-09-01,152.0,226.45059204101562
xgboost,2016-10-01,208.0,200.0298309326172
xgboost,2016-11-01,201.0,776.6030883789062
xgboost,2016-12-01,403.0,1766.967529296875
xgboost,2017-01-01,536.0,3750.97314453125
xgboost,2017-02-01,485.0,3763.43408203125
xgboost,2017-03-01,919.0,3310.700927734375
xgboost,2017-04-01,1176.0,2623.510498046875
xgboost,2017-05-01,1186.0,879.5186157226562
xgboost,2017-06-01,855.0,412.9439392089844
xgboost,2016-08-01,169.0,341.0760498046875
xgboost,2016-09-01,152.0,263.999755859375
xgboost,2016-10-01,208.0,293.2755126953125
xgboost,2016-11-01,201.0,866.1895751953125
xgboost,2016-12-01,403.0,1746.8070068359375
xgboost,2017-01-01,536.0,2444.908447265625
xgboost,2017-02-01,485.0,3803.06982421875
xgboost,2017-03-01,919.0,3211.787841796875
xgboost,2017-04-01,1176.0,2498.48779296875
xgboost,2017-05-01,1186.0,1688.6566162109375
xgboost,2017-06-01,855.0,616.4356689453125
xgboost,2017-07-01,269.0,353.90313720703125
xgboost,2016-09-01,152.0,183.4898223876953
xgboost,2016-10-01,208.0,220.981689453125
xgboost,2016-11-01,201.0,693.4677734375
xgboost,2016-12-01,403.0,1292.630859375
xgboost,2017-01-01,536.0,2497.200927734375
xgboost,2017-02-01,485.0,3614.172607421875
xgboost,2017-03-01,919.0,3319.495849609375
xgboost,2017-04-01,1176.0,2621.728759765625
xgboost,2017-05-01,1186.0,1387.8714599609375
xgboost,2017-06-01,855.0,436.92657470703125
xgboost,2017-07-01,269.0,205.62939453125
xgboost,2017-08-01,184.0,150.9442138671875
xgboost,2016-10-01,208.0,279.678466796875
xgboost,2016-11-01,201.0,585.9815063476562
xgboost,2016-12-01,403.0,1470.1898193359375
xgboost,2017-01-01,536.0,3206.608642578125
xgboost,2017-02-01,485.0,3944.588134765625
xgboost,2017-03-01,919.0,4358.85986328125
xgboost,2017-04-01,1176.0,3264.642333984375
xgboost,2017-05-01,1186.0,1741.74560546875
xgboost,2017-06-01,855.0,616.4266967773438
xgboost,2017-07-01,269.0,310.5878601074219
xgboost,2017-08-01,184.0,154.5000457763672
xgboost,2017-09-01,216.0,311.8206481933594
xgboost,2016-11-01,201.0,602.0738525390625
xgboost,2016-12-01,403.0,1465.25537109375
xgboost,2017-01-01,536.0,2994.663818359375
xgboost,2017-02-01,485.0,3952.1123046875
xgboost,2017-03-01,919.0,4528.8408203125
xgboost,2017-04-01,1176.0,3261.05322265625
xgboost,2017-05-01,1186.0,1775.7369384765625
xgboost,2017-06-01,855.0,844.3762817382812
xgboost,2017-07-01,269.0,498.748291015625
xgboost,2017-08-01,184.0,252.0504608154297
xgboost,2017-09-01,216.0,250.52520751953125
xgboost,2017-10-01,235.0,445.3464660644531
xgboost,2016-12-01,403.0,1465.7294921875
xgboost,2017-01-01,536.0,2705.95703125
xgboost,2017-02-01,485.0,3905.339599609375
xgboost,2017-03-01,919.0,4518.046875
xgboost,2017-04-01,1176.0,3267.855224609375
xgboost,2017-05-01,1186.0,1735.84033203125
xgboost,2017-06-01,855.0,623.9745483398438
xgboost,2017-07-01,269.0,358.28289794921875
xgboost,2017-08-01,184.0,188.7417755126953
xgboost,2017-09-01,216.0,221.88230895996094
xgboost,2017-10-01,235.0,310.32843017578125
xgboost,2017-11-01,196.0,524.5748291015625
xgboost,2017-01-01,536.0,1837.374267578125
xgboost,2017-02-01,485.0,3718.137451171875
xgboost,2017-03-01,919.0,3692.525634765625
xgboost,2017-04-01,1176.0,3075.018798828125
xgboost,2017-05-01,1186.0,1452.69189453125
xgboost,2017-06-01,855.0,482.2757263183594
xgboost,2017-07-01,269.0,411.0193176269531
xgboost,2017-08-01,184.0,139.6278076171875
xgboost,2017-09-01,216.0,187.41329956054688
xgboost,2017-10-01,235.0,384.43505859375
xgboost,2017-11-01,196.0,572.079833984375
xgboost,2017-12-01,332.0,3478.28125
xgboost,2017-02-01,485.0,1132.780517578125
xgboost,2017-03-01,919.0,2044.64501953125
xgboost,2017-04-01,1176.0,2883.37841796875
xgboost,2017-05-01,1186.0,1666.2547607421875
xgboost,2017-06-01,855.0,559.7117919921875
xgboost,2017-07-01,269.0,285.6558837890625
xgboost,2017-08-01,184.0,170.0947723388672
xgboost,2017-09-01,216.0,210.07606506347656
xgboost,2017-10-01,235.0,176.09793090820312
xgboost,2017-11-01,196.0,454.9110107421875
xgboost,2017-12-01,332.0,595.84912109375
xgboost,2018-01-01,305.0,863.9566040039062
xgboost,2017-03-01,919.0,1060.6029052734375
xgboost,2017-04-01,1176.0,1844.4222412109375
xgboost,2017-05-01,1186.0,1572.1771240234375
xgboost,2017-06-01,855.0,1030.28564453125
xgboost,2017-07-01,269.0,535.1046142578125
xgboost,2017-08-01,184.0,229.2534942626953
xgboost,2017-09-01,216.0,171.41201782226562
xgboost,2017-10-01,235.0,306.0442810058594
xgboost,2017-11-01,196.0,433.4131774902344
xgboost,2017-12-01,332.0,701.9160766601562
xgboost,2018-01-01,305.0,773.7831420898438
xgboost,2018-02-01,313.0,1628.169677734375
xgboost,2017-04-01,1176.0,1576.9151611328125
xgboost,2017-05-01,1186.0,1094.2159423828125
xgboost,2017-06-01,855.0,1120.3592529296875
xgboost,2017-07-01,269.0,506.0953674316406
xgboost,2017-08-01,184.0,422.66558837890625
xgboost,2017-09-01,216.0,194.90196228027344
xgboost,2017-10-01,235.0,217.56834411621094
xgboost,2017-11-01,196.0,483.28887939453125
xgboost,2017-12-01,332.0,595.2294311523438
xgboost,2018-01-01,305.0,640.6038818359375
xgboost,2018-02-01,313.0,831.3624877929688
xgboost,2018-03-01,452.0,1577.5052490234375
xgboost,2017-05-01,1186.0,1813.405029296875
xgboost,2017-06-01,855.0,1885.837158203125
xgboost,2017-07-01,269.0,1867.2137451171875
xgboost,2017-08-01,184.0,2126.9755859375
xgboost,2017-09-01,216.0,3162.291015625
xgboost,2017-10-01,235.0,3332.85498046875
xgboost,2017-11-01,196.0,3292.637451171875
xgboost,2017-12-01,332.0,3339.478759765625
xgboost,2018-01-01,305.0,2031.563232421875
xgboost,2018-02-01,313.0,1211.1522216796875
xgboost,2018-03-01,452.0,1239.830322265625
xgboost,2018-04-01,680.0,1012.6743774414062
xgboost,2017-06-01,855.0,482.1087646484375
xgboost,2017-07-01,269.0,421.9304504394531
xgboost,2017-08-01,184.0,161.76637268066406
xgboost,2017-09-01,216.0,236.61981201171875
xgboost,2017-10-01,235.0,321.5180969238281
xgboost,2017-11-01,196.0,400.084716796875
xgboost,2017-12-01,332.0,424.7951354980469
xgboost,2018-01-01,305.0,855.6989135742188
xgboost,2018-02-01,313.0,1598.61083984375
xgboost,2018-03-01,452.0,1966.2933349609375
xgboost,2018-04-01,680.0,4286.83642578125
xgboost,2018-05-01,377.0,4382.5556640625
xgboost,2017-07-01,269.0,545.9134521484375
xgboost,2017-08-01,184.0,342.6804504394531
xgboost,2017-09-01,216.0,233.15443420410156
xgboost,2017-10-01,235.0,226.6544189453125
xgboost,2017-11-01,196.0,345.0790100097656
xgboost,2017-12-01,332.0,420.43084716796875
xgboost,2018-01-01,305.0,560.6456298828125
xgboost,2018-02-01,313.0,694.0809936523438
xgboost,2018-03-01,452.0,618.921630859375
xgboost,2018-04-01,680.0,614.741455078125
xgboost,2018-05-01,377.0,620.043212890625
xgboost,2018-06-01,278.0,615.136962890625
xgboost,2017-08-01,184.0,156.25233459472656
xgboost,2017-09-01,216.0,200.52732849121094
xgboost,2017-10-01,235.0,293.8084411621094
xgboost,2017-11-01,196.0,543.1826782226562
xgboost,2017-12-01,332.0,1132.6722412109375
xgboost,2018-01-01,305.0,2158.126220703125
xgboost,2018-02-01,313.0,4623.689453125
xgboost,2018-03-01,452.0,5354.33740234375
xgboost,2018-04-01,680.0,4840.35205078125
xgboost,2018-05-01,377.0,2698.248046875
xgboost,2018-06-01,278.0,1023.535400390625
xgboost,2018-07-01,207.0,759.29736328125
xgboost,2017-09-01,216.0,217.2056884765625
xgboost,2017-10-01,235.0,292.4267272949219
xgboost,2017-11-01,196.0,447.2427062988281
xgboost,2017-12-01,332.0,635.4239501953125
xgboost,2018-01-01,305.0,669.7431640625
xgboost,2018-02-01,313.0,793.737060546875
xgboost,2018-03-01,452.0,1218.885498046875
xgboost,2018-04-01,680.0,1759.8494873046875
xgboost,2018-05-01,377.0,2903.54052734375
xgboost,2018-06-01,278.0,2817.9892578125
xgboost,2018-07-01,207.0,2752.689697265625
xgboost,2018-08-01,155.0,2675.960693359375
xgboost,2017-10-01,235.0,307.78985595703125
xgboost,2017-11-01,196.0,454.840087890625
xgboost,2017-12-01,332.0,647.620849609375
xgboost,2018-01-01,305.0,750.4735717773438
xgboost,2018-02-01,313.0,1249.0537109375
xgboost,2018-03-01,452.0,1873.4630126953125
xgboost,2018-04-01,680.0,4567.99560546875
xgboost,2018-05-01,377.0,4341.2958984375
xgboost,2018-06-01,278.0,4011.569580078125
xgboost,2018-07-01,207.0,2893.285888671875
xgboost,2018-08-01,155.0,1105.304443359375
xgboost,2018-09-01,237.0,499.99273681640625
xgboost,2017-11-01,196.0,476.811279296875
xgboost,2017-12-01,332.0,603.758544921875
xgboost,2018-01-01,305.0,645.8482055664062
xgboost,2018-02-01,313.0,787.4757080078125
xgboost,2018-03-01,452.0,1269.5799560546875
xgboost,2018-04-01,680.0,1705.4449462890625
xgboost,2018-05-01,377.0,804.8512573242188
xgboost,2018-06-01,278.0,411.3768310546875
xgboost,2018-07-01,207.0,260.7225341796875
xgboost,2018-08-01,155.0,277.6547546386719
xgboost,2018-09-01,237.0,165.37139892578125
xgboost,2018-10-01,270.0,223.83773803710938
xgboost,2017-12-01,332.0,665.5904541015625
xgboost,2018-01-01,305.0,725.2040405273438
xgboost,2018-02-01,313.0,781.2254638671875
xgboost,2018-03-01,452.0,1303.8939208984375
xgboost,2018-04-01,680.0,1739.583251953125
xgboost,2018-05-01,377.0,905.3120727539062
xgboost,2018-06-01,278.0,598.5489501953125
xgboost,2018-07-01,207.0,392.2615661621094
xgboost,2018-08-01,155.0,279.3344421386719
xgboost,2018-09-01,237.0,144.69972229003906
xgboost,2018-10-01,270.0,184.7664794921875
xgboost,2018-11-01,318.0,381.0350341796875
xgboost,2018-01-01,305.0,594.5873413085938
xgboost,2018-02-01,313.0,633.461669921875
xgboost,2018-03-01,452.0,902.4478759765625
xgboost,2018-04-01,680.0,1075.1048583984375
xgboost,2018-05-01,377.0,944.1188354492188
xgboost,2018-06-01,278.0,1094.6375732421875
xgboost,2018-07-01,207.0,688.2822265625
xgboost,2018-08-01,155.0,394.6041259765625
xgboost,2018-09-01,237.0,150.30052185058594
xgboost,2018-10-01,270.0,198.5895538330078
xgboost,2018-11-01,318.0,479.6137390136719
xgboost,2018-12-01,732.0,481.58831787109375
xgboost,2018-02-01,313.0,462.3416748046875
xgboost,2018-03-01,452.0,804.6450805664062
xgboost,2018-04-01,680.0,1495.07861328125
xgboost,2018-05-01,377.0,1141.151123046875
xgboost,2018-06-01,278.0,1205.8212890625
xgboost,2018-07-01,207.0,784.1715087890625
xgboost,2018-08-01,155.0,666.8917236328125
xgboost,2018-09-01,237.0,395.7300109863281
xgboost,2018-10-01,270.0,192.7422332763672
xgboost,2018-11-01,318.0,230.5091094970703
xgboost,2018-12-01,732.0,276.9559326171875
xgboost,2019-01-01,1125.0,359.5979919433594
xgboost,2018-03-01,452.0,444.7212219238281
xgboost,2018-04-01,680.0,585.0404663085938
xgboost,2018-05-01,377.0,634.2342529296875
xgboost,2018-06-01,278.0,590.6112670898438
xgboost,2018-07-01,207.0,377.4079895019531
xgboost,2018-08-01,155.0,272.7182312011719
xgboost,2018-09-01,237.0,264.56182861328125
xgboost,2018-10-01,270.0,226.54849243164062
xgboost,2018-11-01,318.0,277.2300720214844
xgboost,2018-12-01,732.0,331.9007568359375
xgboost,2019-01-01,1125.0,371.2433166503906
xgboost,2019-02-01,2786.0,335.235107421875
xgboost,2018-04-01,680.0,626.842529296875
xgboost,2018-05-01,377.0,644.142333984375
xgboost,2018-06-01,278.0,636.602294921875
xgboost,2018-07-01,207.0,423.08929443359375
xgboost,2018-08-01,155.0,298.720458984375
xgboost,2018-09-01,237.0,167.82066345214844
xgboost,2018-10-01,270.0,200.3062286376953
xgboost,2018-11-01,318.0,273.24908447265625
xgboost,2018-12-01,732.0,369.5908203125
xgboost,2019-01-01,1125.0,424.4634704589844
xgboost,2019-02-01,2786.0,627.7694702148438
xgboost,2019-03-01,7174.0,529.04345703125
xgboost,2018-05-01,377.0,633.4630126953125
xgboost,2018-06-01,278.0,426.0260925292969
xgboost,2018-07-01,207.0,323.7666320800781
xgboost,2018-08-01,155.0,224.27513122558594
xgboost,2018-09-01,237.0,160.86903381347656
xgboost,2018-10-01,270.0,188.6576690673828
xgboost,2018-11-01,318.0,306.8567199707031
xgboost,2018-12-01,732.0,284.75543212890625
xgboost,2019-01-01,1125.0,383.9999084472656
xgboost,2019-02-01,2786.0,645.6192016601562
xgboost,2019-03-01,7174.0,630.88720703125
xgboost,2019-04-01,8015.0,571.8681030273438
xgboost,2018-06-01,278.0,317.81866455078125
xgboost,2018-07-01,207.0,312.58441162109375
xgboost,2018-08-01,155.0,347.1651611328125
xgboost,2018-09-01,237.0,201.03524780273438
xgboost,2018-10-01,270.0,217.49827575683594
xgboost,2018-11-01,318.0,216.46292114257812
xgboost,2018-12-01,732.0,269.4103698730469
xgboost,2019-01-01,1125.0,363.438720703125
xgboost,2019-02-01,2786.0,432.17279052734375
xgboost,2019-03-01,7174.0,519.4597778320312
xgboost,2019-04-01,8015.0,491.45367431640625
xgboost,2019-05-01,12592.0,430.3263854980469
xgboost,2018-07-01,207.0,264.5215148925781
xgboost,2018-08-01,155.0,273.8024597167969
xgboost,2018-09-01,237.0,196.54986572265625
xgboost,2018-10-01,270.0,173.15481567382812
xgboost,2018-11-01,318.0,202.1085968017578
xgboost,2018-12-01,732.0,390.74176025390625
xgboost,2019-01-01,1125.0,346.4127197265625
xgboost,2019-02-01,2786.0,432.4386901855469
xgboost,2019-03-01,7174.0,548.2173461914062
xgboost,2019-04-01,8015.0,467.918701171875
xgboost,2019-05-01,12592.0,408.470703125
xgboost,2019-06-01,9419.0,426.5668029785156
xgboost,2018-08-01,155.0,236.78770446777344
xgboost,2018-09-01,237.0,170.50408935546875
xgboost,2018-10-01,270.0,189.8264617919922
xgboost,2018-11-01,318.0,226.4899139404297
xgboost,2018-12-01,732.0,274.5098876953125
xgboost,2019-01-01,1125.0,407.40673828125
xgboost,2019-02-01,2786.0,587.9551391601562
xgboost,2019-03-01,7174.0,525.6376953125
xgboost,2019-04-01,8015.0,574.66748046875
xgboost,2019-05-01,12592.0,456.9493713378906
xgboost,2019-06-01,9419.0,444.6298522949219
xgboost,2019-07-01,1218.0,388.9468688964844
xgboost,2018-09-01,237.0,173.47097778320312
xgboost,2018-10-01,270.0,193.4950714111328
xgboost,2018-11-01,318.0,209.740966796875
xgboost,2018-12-01,732.0,360.5664367675781
xgboost,2019-01-01,1125.0,611.9738159179688
xgboost,2019-02-01,2786.0,656.3306274414062
xgboost,2019-03-01,7174.0,668.5608520507812
xgboost,2019-04-01,8015.0,700.76904296875
xgboost,2019-05-01,12592.0,533.1646728515625
xgboost,2019-06-01,9419.0,499.353515625
xgboost,2019-07-01,1218.0,373.4339904785156
xgboost,2019-08-01,628.0,324.8832702636719
xgboost,2018-10-01,270.0,206.12884521484375
xgboost,2018-11-01,318.0,194.12649536132812
xgboost,2018-12-01,732.0,352.7398681640625
xgboost,2019-01-01,1125.0,550.8487548828125
xgboost,2019-02-01,2786.0,651.5413818359375
xgboost,2019-03-01,7174.0,604.1271362304688
xgboost,2019-04-01,8015.0,534.8904418945312
xgboost,2019-05-01,12592.0,482.49029541015625
xgboost,2019-06-01,9419.0,497.0474548339844
xgboost,2019-07-01,1218.0,404.7615966796875
xgboost,2019-08-01,628.0,414.90264892578125
xgboost,2019-09-01,831.0,349.9992370605469
xgboost,2018-11-01,318.0,217.9380340576172
xgboost,2018-12-01,732.0,375.74652099609375
xgboost,2019-01-01,1125.0,605.10888671875
xgboost,2019-02-01,2786.0,636.865478515625
xgboost,2019-03-01,7174.0,566.3321533203125
xgboost,2019-04-01,8015.0,544.6991577148438
xgboost,2019-05-01,12592.0,427.2333984375
xgboost,2019-06-01,9419.0,486.04541015625
xgboost,2019-07-01,1218.0,402.5841369628906
xgboost,2019-08-01,628.0,340.9355163574219
xgboost,2019-09-01,831.0,244.8230438232422
xgboost,2019-10-01,783.0,273.5581970214844
xgboost,2018-12-01,732.0,355.4831237792969
xgboost,2019-01-01,1125.0,632.4161987304688
xgboost,2019-02-01,2786.0,672.3023071289062
xgboost,2019-03-01,7174.0,632.8023681640625
xgboost,2019-04-01,8015.0,540.3779907226562
xgboost,2019-05-01,12592.0,432.648193359375
xgboost,2019-06-01,9419.0,409.3511047363281
xgboost,2019-07-01,1218.0,420.584716796875
xgboost,2019-08-01,628.0,409.2958068847656
xgboost,2019-09-01,831.0,454.0669250488281
xgboost,2019-10-01,783.0,332.22344970703125
xgboost,2019-11-01,678.0,401.3877258300781
xgboost,2019-01-01,1125.0,736.3848876953125
xgboost,2019-02-01,2786.0,750.2141723632812
xgboost,2019-03-01,7174.0,1180.84228515625
xgboost,2019-04-01,8015.0,1284.6978759765625
xgboost,2019-05-01,12592.0,1288.4256591796875
xgboost,2019-06-01,9419.0,1265.474365234375
xgboost,2019-07-01,1218.0,1265.3746337890625
xgboost,2019-08-01,628.0,822.3101196289062
xgboost,2019-09-01,831.0,514.6648559570312
xgboost,2019-10-01,783.0,413.7799072265625
xgboost,2019-11-01,678.0,525.4090576171875
xgboost,2019-12-01,998.0,561.9757690429688
xgboost,2019-02-01,2786.0,1841.9676513671875
xgboost,2019-03-01,7174.0,4755.8505859375
xgboost,2019-04-01,8015.0,5362.07568359375
xgboost,2019-05-01,12592.0,4632.30908203125
xgboost,2019-06-01,9419.0,2740.7705078125
xgboost,2019-07-01,1218.0,1460.6385498046875
xgboost,2019-08-01,628.0,707.4650268554688
xgboost,2019-09-01,831.0,418.7010803222656
xgboost,2019-10-01,783.0,312.77850341796875
xgboost,2019-11-01,678.0,398.9017028808594
xgboost,2019-12-01,998.0,562.6570434570312
xgboost,2020-01-01,3065.0,694.66455078125
xgboost,2019-03-01,7174.0,4131.03759765625
xgboost,2019-04-01,8015.0,5096.1630859375
xgboost,2019-05-01,12592.0,3885.9453125
xgboost,2019-06-01,9419.0,2496.45263671875
xgboost,2019-07-01,1218.0,1104.1143798828125
xgboost,2019-08-01,628.0,770.8431396484375
xgboost,2019-09-01,831.0,692.9514770507812
xgboost,2019-10-01,783.0,407.4102783203125
xgboost,2019-11-01,678.0,525.6970825195312
xgboost,2019-12-01,998.0,493.2058410644531
xgboost,2020-01-01,3065.0,743.1110229492188
xgboost,2020-02-01,7404.0,1457.967041015625
xgboost,2019-04-01,8015.0,4869.533203125
xgboost,2019-05-01,12592.0,4813.4072265625
xgboost,2019-06-01,9419.0,2218.530029296875
xgboost,2019-07-01,1218.0,1056.3131103515625
xgboost,2019-08-01,628.0,773.133544921875
xgboost,2019-09-01,831.0,649.843505859375
xgboost,2019-10-01,783.0,397.1588134765625
xgboost,2019-11-01,678.0,423.1351318359375
xgboost,2019-12-01,998.0,712.4874877929688
xgboost,2020-01-01,3065.0,866.0103759765625
xgboost,2020-02-01,7404.0,1083.480712890625
xgboost,2020-03-01,13878.0,1505.164794921875
xgboost,2019-05-01,12592.0,5982.88037109375
xgboost,2019-06-01,9419.0,2473.426513671875
xgboost,2019-07-01,1218.0,2607.6015625
xgboost,2019-08-01,628.0,2677.8505859375
xgboost,2019-09-01,831.0,3142.041748046875
xgboost,2019-10-01,783.0,4449.7392578125
xgboost,2019-11-01,678.0,4640.34228515625
xgboost,2019-12-01,998.0,4649.11962890625
xgboost,2020-01-01,3065.0,5200.67041015625
xgboost,2020-02-01,7404.0,3806.480712890625
xgboost,2020-03-01,13878.0,2388.431396484375
xgboost,2020-04-01,14498.0,1897.908447265625
xgboost,2019-06-01,9419.0,9528.888671875
xgboost,2019-07-01,1218.0,9817.91796875
xgboost,2019-08-01,628.0,11267.09765625
xgboost,2019-09-01,831.0,12591.9638671875
xgboost,2019-10-01,783.0,12591.9580078125
xgboost,2019-11-01,678.0,12591.9599609375
xgboost,2019-12-01,998.0,12591.9716796875
xgboost,2020-01-01,3065.0,12591.9697265625
xgboost,2020-02-01,7404.0,10857.5029296875
xgboost,2020-03-01,13878.0,8967.560546875
xgboost,2020-04-01,14498.0,8967.5625
xgboost,2020-05-01,12378.0,8967.568359375
xgboost,2019-07-01,1218.0,10094.9375
xgboost,2019-08-01,628.0,10308.986328125
xgboost,2019-09-01,831.0,10308.9833984375
xgboost,2019-10-01,783.0,10945.109375
xgboost,2019-11-01,678.0,10945.1044921875
xgboost,2019-12-01,998.0,10945.1025390625
xgboost,2020-01-01,3065.0,10945.103515625
xgboost,2020-02-01,7404.0,10945.1142578125
xgboost,2020-03-01,13878.0,10731.0439453125
xgboost,2020-04-01,14498.0,10094.9375
xgboost,2020-05-01,12378.0,10094.939453125
xgboost,2020-06-01,3986.0,10064.1318359375
xgboost,2019-08-01,628.0,909.4576416015625
xgboost,2019-09-01,831.0,694.8460083007812
xgboost,2019-10-01,783.0,502.4491882324219
xgboost,2019-11-01,678.0,464.2823181152344
xgboost,2019-12-01,998.0,921.911865234375
xgboost,2020-01-01,3065.0,1467.709716796875
xgboost,2020-02-01,7404.0,1819.6932373046875
xgboost,2020-03-01,13878.0,3018.1591796875
xgboost,2020-04-01,14498.0,3722.273681640625
xgboost,2020-05-01,12378.0,2825.36181640625
xgboost,2020-06-01,3986.0,2462.279296875
xgboost,2020-07-01,2125.0,1027.7762451171875
xgboost,2019-09-01,831.0,435.13385009765625
xgboost,2019-10-01,783.0,315.89373779296875
xgboost,2019-11-01,678.0,360.8115539550781
xgboost,2019-12-01,998.0,505.07220458984375
xgboost,2020-01-01,3065.0,1020.3722534179688
xgboost,2020-02-01,7404.0,2200.41357421875
xgboost,2020-03-01,13878.0,3591.085205078125
xgboost,2020-04-01,14498.0,3707.140869140625
xgboost,2020-05-01,12378.0,2729.8486328125
xgboost,2020-06-01,3986.0,1855.4910888671875
xgboost,2020-07-01,2125.0,1027.50146484375
xgboost,2020-08-01,1595.0,385.3616943359375
xgboost,2019-10-01,783.0,990.2466430664062
xgboost,2019-11-01,678.0,1710.4976806640625
xgboost,2019-12-01,998.0,1610.6640625
xgboost,2020-01-01,3065.0,1794.7205810546875
xgboost,2020-02-01,7404.0,2962.29248046875
xgboost,2020-03-01,13878.0,3685.487548828125
xgboost,2020-04-01,14498.0,2444.52783203125
xgboost,2020-05-01,12378.0,2068.6806640625
xgboost,2020-06-01,3986.0,1966.2061767578125
xgboost,2020-07-01,2125.0,1653.889404296875
xgboost,2020-08-01,1595.0,533.561767578125
xgboost,2020-09-01,1327.0,367.6882019042969
xgboost,2019-11-01,678.0,1379.32568359375
xgboost,2019-12-01,998.0,1409.86865234375
xgboost,2020-01-01,3065.0,1600.89599609375
xgboost,2020-02-01,7404.0,1649.6109619140625
xgboost,2020-03-01,13878.0,1508.6453857421875
xgboost,2020-04-01,14498.0,1116.41357421875
xgboost,2020-05-01,12378.0,662.7518920898438
xgboost,2020-06-01,3986.0,430.9317626953125
xgboost,2020-07-01,2125.0,335.4158630371094
xgboost,2020-08-01,1595.0,233.5587158203125
xgboost,2020-09-01,1327.0,269.19085693359375
xgboost,2020-10-01,989.0,296.3086853027344
xgboost,2019-12-01,998.0,785.2007446289062
xgboost,2020-01-01,3065.0,1179.3900146484375
xgboost,2020-02-01,7404.0,1566.3321533203125
xgboost,2020-03-01,13878.0,1522.1419677734375
xgboost,2020-04-01,14498.0,985.901123046875
xgboost,2020-05-01,12378.0,837.8897705078125
xgboost,2020-06-01,3986.0,439.9059143066406
xgboost,2020-07-01,2125.0,309.85552978515625
xgboost,2020-08-01,1595.0,191.21450805664062
xgboost,2020-09-01,1327.0,231.8758544921875
xgboost,2020-10-01,989.0,200.53521728515625
xgboost,2020-11-01,1663.0,254.0535888671875
xgboost,2020-01-01,3065.0,1099.8681640625
xgboost,2020-02-01,7404.0,1093.8428955078125
xgboost,2020-03-01,13878.0,1240.663818359375
xgboost,2020-04-01,14498.0,799.5685424804688
xgboost,2020-05-01,12378.0,484.9911804199219
xgboost,2020-06-01,3986.0,432.880859375
xgboost,2020-07-01,2125.0,375.7577819824219
xgboost,2020-08-01,1595.0,201.19363403320312
xgboost,2020-09-01,1327.0,233.06982421875
xgboost,2020-10-01,989.0,225.77159118652344
xgboost,2020-11-01,1663.0,209.416015625
xgboost,2020-12-01,1569.0,278.1348876953125
xgboost,2020-02-01,7404.0,3091.8935546875
xgboost,2020-03-01,13878.0,3366.313720703125
xgboost,2020-04-01,14498.0,2803.213623046875
xgboost,2020-05-01,12378.0,2336.69873046875
xgboost,2020-06-01,3986.0,1681.5572509765625
xgboost,2020-07-01,2125.0,539.2986450195312
xgboost,2020-08-01,1595.0,250.77366638183594
xgboost,2020-09-01,1327.0,191.33242797851562
xgboost,2020-10-01,989.0,238.2694091796875
xgboost,2020-11-01,1663.0,242.94683837890625
xgboost,2020-12-01,1569.0,300.1882629394531
xgboost,2021-01-01,2106.0,444.9256286621094
xgboost,2020-03-01,13878.0,4547.1279296875
xgboost,2020-04-01,14498.0,3381.001953125
xgboost,2020-05-01,12378.0,1924.2906494140625
xgboost,2020-06-01,3986.0,767.325927734375
xgboost,2020-07-01,2125.0,430.00927734375
xgboost,2020-08-01,1595.0,397.04034423828125
xgboost,2020-09-01,1327.0,185.79615783691406
xgboost,2020-10-01,989.0,203.01785278320312
xgboost,2020-11-01,1663.0,251.67613220214844
xgboost,2020-12-01,1569.0,374.5022888183594
xgboost,2021-01-01,2106.0,409.7130126953125
xgboost,2021-02-01,2408.0,667.7962646484375
xgboost,2020-04-01,14498.0,6327.1494140625
xgboost,2020-05-01,12378.0,2263.935546875
xgboost,2020-06-01,3986.0,900.1803588867188
xgboost,2020-07-01,2125.0,478.6466979980469
xgboost,2020-08-01,1595.0,485.342529296875
xgboost,2020-09-01,1327.0,483.7698669433594
xgboost,2020-10-01,989.0,328.15185546875
xgboost,2020-11-01,1663.0,274.5973815917969
xgboost,2020-12-01,1569.0,632.4349365234375
xgboost,2021-01-01,2106.0,2732.65673828125
xgboost,2021-02-01,2408.0,2785.057373046875
xgboost,2021-03-01,2411.0,2689.69140625
xgboost,2020-05-01,12378.0,3411.765869140625
xgboost,2020-06-01,3986.0,1681.2049560546875
xgboost,2020-07-01,2125.0,503.95159912109375
xgboost,2020-08-01,1595.0,310.77276611328125
xgboost,2020-09-01,1327.0,228.90884399414062
xgboost,2020-10-01,989.0,266.89935302734375
xgboost,2020-11-01,1663.0,239.12814331054688
xgboost,2020-12-01,1569.0,349.6705627441406
xgboost,2021-01-01,2106.0,3808.98388671875
xgboost,2021-02-01,2408.0,6168.29443359375
xgboost,2021-03-01,2411.0,3367.2197265625
xgboost,2021-04-01,3488.0,2785.9697265625
xgboost,2020-06-01,3986.0,5060.79345703125
xgboost,2020-07-01,2125.0,2276.447265625
xgboost,2020-08-01,1595.0,771.1373901367188
xgboost,2020-09-01,1327.0,625.10595703125
xgboost,2020-10-01,989.0,543.5706787109375
xgboost,2020-11-01,1663.0,701.111328125
xgboost,2020-12-01,1569.0,856.8909301757812
xgboost,2021-01-01,2106.0,2811.096435546875
xgboost,2021-02-01,2408.0,5512.416015625
xgboost,2021-03-01,2411.0,5979.14013671875
xgboost,2021-04-01,3488.0,4311.505859375
xgboost,2021-05-01,4774.0,4158.0322265625
xgboost,2020-07-01,2125.0,1996.347900390625
xgboost,2020-08-01,1595.0,1194.457763671875
xgboost,2020-09-01,1327.0,540.3912963867188
xgboost,2020-10-01,989.0,478.0592346191406
xgboost,2020-11-01,1663.0,704.765625
xgboost,2020-12-01,1569.0,586.5382690429688
xgboost,2021-01-01,2106.0,1298.4713134765625
xgboost,2021-02-01,2408.0,2940.148193359375
xgboost,2021-03-01,2411.0,6068.78515625
xgboost,2021-04-01,3488.0,5753.16943359375
xgboost,2021-05-01,4774.0,2648.429443359375
xgboost,2021-06-01,2520.0,1751.649658203125
xgboost,2020-08-01,1595.0,897.9470825195312
xgboost,2020-09-01,1327.0,673.4893188476562
xgboost,2020-10-01,989.0,542.1033325195312
xgboost,2020-11-01,1663.0,719.947021484375
xgboost,2020-12-01,1569.0,670.810546875
xgboost,2021-01-01,2106.0,1473.01904296875
xgboost,2021-02-01,2408.0,3689.240966796875
xgboost,2021-03-01,2411.0,6631.34326171875
xgboost,2021-04-01,3488.0,5680.29638671875
xgboost,2021-05-01,4774.0,2621.25244140625
xgboost,2021-06-01,2520.0,1093.7794189453125
xgboost,2021-07-01,1181.0,510.081298828125
xgboost,2020-09-01,1327.0,779.6441650390625
xgboost,2020-10-01,989.0,1749.5335693359375
xgboost,2020-11-01,1663.0,2959.8505859375
xgboost,2020-12-01,1569.0,3493.52001953125
xgboost,2021-01-01,2106.0,5082.796875
xgboost,2021-02-01,2408.0,6198.5771484375
xgboost,2021-03-01,2411.0,6209.236328125
xgboost,2021-04-01,3488.0,4282.56591796875
xgboost,2021-05-01,4774.0,2666.13232421875
xgboost,2021-06-01,2520.0,1491.4276123046875
xgboost,2021-07-01,1181.0,724.6519165039062
xgboost,2021-08-01,978.0,443.56475830078125
xgboost,2020-10-01,989.0,1409.4725341796875
xgboost,2020-11-01,1663.0,1343.4146728515625
xgboost,2020-12-01,1569.0,1574.3433837890625
xgboost,2021-01-01,2106.0,2613.30517578125
xgboost,2021-02-01,2408.0,3439.4736328125
xgboost,2021-03-01,2411.0,5164.9169921875
xgboost,2021-04-01,3488.0,5440.44921875
xgboost,2021-05-01,4774.0,3812.923095703125
xgboost,2021-06-01,2520.0,2151.045654296875
xgboost,2021-07-01,1181.0,1230.2384033203125
xgboost,2021-08-01,978.0,724.1181030273438
xgboost,2021-09-01,741.0,433.30206298828125
xgboost,2020-11-01,1663.0,1898.221923828125
xgboost,2020-12-01,1569.0,3060.867431640625
xgboost,2021-01-01,2106.0,5091.4326171875
xgboost,2021-02-01,2408.0,6200.9873046875
xgboost,2021-03-01,2411.0,6201.5068359375
xgboost,2021-04-01,3488.0,4310.92578125
xgboost,2021-05-01,4774.0,2647.03466796875
xgboost,2021-06-01,2520.0,1620.5546875
xgboost,2021-07-01,1181.0,1231.0616455078125
xgboost,2021-08-01,978.0,925.6507568359375
xgboost,2021-09-01,741.0,826.4072875976562
xgboost,2021-10-01,706.0,1658.4188232421875
xgboost,2020-12-01,1569.0,1910.937744140625
xgboost,2021-01-01,2106.0,3392.00048828125
xgboost,2021-02-01,2408.0,5148.0146484375
xgboost,2021-03-01,2411.0,6197.560546875
xgboost,2021-04-01,3488.0,5405.3916015625
xgboost,2021-05-01,4774.0,2636.073486328125
xgboost,2021-06-01,2520.0,1611.9910888671875
xgboost,2021-07-01,1181.0,1201.7801513671875
xgboost,2021-08-01,978.0,1012.599365234375
xgboost,2021-09-01,741.0,1036.634765625
xgboost,2021-10-01,706.0,1717.666259765625
xgboost,2021-11-01,1161.0,1504.66650390625
xgboost,2021-01-01,2106.0,2577.493408203125
xgboost,2021-02-01,2408.0,3531.659423828125
xgboost,2021-03-01,2411.0,5038.7373046875
xgboost,2021-04-01,3488.0,5297.53125
xgboost,2021-05-01,4774.0,3644.97412109375
xgboost,2021-06-01,2520.0,1997.0784912109375
xgboost,2021-07-01,1181.0,1094.677734375
xgboost,2021-08-01,978.0,1113.49658203125
xgboost,2021-09-01,741.0,1308.099609375
xgboost,2021-10-01,706.0,1339.1500244140625
xgboost,2021-11-01,1161.0,1320.1455078125
xgboost,2021-12-01,1897.0,1326.599365234375
xgboost,2021-02-01,2408.0,3811.22265625
xgboost,2021-03-01,2411.0,5208.99169921875
xgboost,2021-04-01,3488.0,5768.09326171875
xgboost,2021-05-01,4774.0,3467.84326171875
xgboost,2021-06-01,2520.0,1867.74365234375
xgboost,2021-07-01,1181.0,1556.6368408203125
xgboost,2021-08-01,978.0,1085.92822265625
xgboost,2021-09-01,741.0,1498.1380615234375
xgboost,2021-10-01,706.0,1520.9295654296875
xgboost,2021-11-01,1161.0,1533.8316650390625
xgboost,2021-12-01,1897.0,1672.549072265625
xgboost,2022-01-01,6041.0,1775.074951171875
xgboost,2021-03-01,2411.0,2451.144287109375
xgboost,2021-04-01,3488.0,2163.63720703125
xgboost,2021-05-01,4774.0,2061.313720703125
xgboost,2021-06-01,2520.0,1816.8009033203125
xgboost,2021-07-01,1181.0,2761.638916015625
xgboost,2021-08-01,978.0,2859.795166015625
xgboost,2021-09-01,741.0,2936.433837890625
xgboost,2021-10-01,706.0,3166.16162109375
xgboost,2021-11-01,1161.0,3101.544921875
xgboost,2021-12-01,1897.0,1340.6162109375
xgboost,2022-01-01,6041.0,1442.78759765625
xgboost,2022-02-01,7641.0,1463.3043212890625
xgboost,2021-04-01,3488.0,1887.2882080078125
xgboost,2021-05-01,4774.0,1759.8895263671875
xgboost,2021-06-01,2520.0,1538.8883056640625
xgboost,2021-07-01,1181.0,1517.38330078125
xgboost,2021-08-01,978.0,1060.7205810546875
xgboost,2021-09-01,741.0,1529.907470703125
xgboost,2021-10-01,706.0,1553.3668212890625
xgboost,2021-11-01,1161.0,1564.660400390625
xgboost,2021-12-01,1897.0,1570.35107421875
xgboost,2022-01-01,6041.0,1611.0423583984375
xgboost,2022-02-01,7641.0,1555.655029296875
xgboost,2022-03-01,13693.0,1566.904052734375
xgboost,2021-05-01,4774.0,2761.689697265625
xgboost,2021-06-01,2520.0,1684.3828125
xgboost,2021-07-01,1181.0,1586.93017578125
xgboost,2021-08-01,978.0,1376.8184814453125
xgboost,2021-09-01,741.0,1577.3597412109375
xgboost,2021-10-01,706.0,1592.3944091796875
xgboost,2021-11-01,1161.0,1653.55322265625
xgboost,2021-12-01,1897.0,1702.8189697265625
xgboost,2022-01-01,6041.0,1731.1285400390625
xgboost,2022-02-01,7641.0,1689.1610107421875
xgboost,2022-03-01,13693.0,1794.2259521484375
xgboost,2022-04-01,18176.0,2304.6259765625
xgboost,2021-06-01,2520.0,3004.259033203125
xgboost,2021-07-01,1181.0,2952.5595703125
xgboost,2021-08-01,978.0,3380.839111328125
xgboost,2021-09-01,741.0,3211.685302734375
xgboost,2021-10-01,706.0,2929.2099609375
xgboost,2021-11-01,1161.0,2764.547607421875
xgboost,2021-12-01,1897.0,2912.22998046875
xgboost,2022-01-01,6041.0,3182.016357421875
xgboost,2022-02-01,7641.0,3332.81396484375
xgboost,2022-03-01,13693.0,2933.578857421875
xgboost,2022-04-01,18176.0,2771.3349609375
xgboost,2022-05-01,15727.0,2931.184326171875
xgboost,2021-07-01,1181.0,1830.411865234375
xgboost,2021-08-01,978.0,1723.2833251953125
xgboost,2021-09-01,741.0,1314.4697265625
xgboost,2021-10-01,706.0,1296.6556396484375
xgboost,2021-11-01,1161.0,1296.1119384765625
xgboost,2021-12-01,1897.0,1293.469970703125
xgboost,2022-01-01,6041.0,1472.1204833984375
xgboost,2022-02-01,7641.0,1611.5655517578125
xgboost,2022-03-01,13693.0,1519.3299560546875
xgboost,2022-04-01,18176.0,1648.9862060546875
xgboost,2022-05-01,15727.0,1386.5106201171875
xgboost,2022-06-01,6163.0,1316.230712890625
xgboost,2021-08-01,978.0,1185.51318359375
xgboost,2021-09-01,741.0,1462.9989013671875
xgboost,2021-10-01,706.0,1570.8277587890625
xgboost,2021-11-01,1161.0,1536.0433349609375
xgboost,2021-12-01,1897.0,1614.6510009765625
xgboost,2022-01-01,6041.0,1632.5316162109375
xgboost,2022-02-01,7641.0,1684.8060302734375
xgboost,2022-03-01,13693.0,1720.71533203125
xgboost,2022-04-01,18176.0,1861.158203125
xgboost,2022-05-01,15727.0,2310.523193359375
xgboost,2022-06-01,6163.0,2293.805908203125
xgboost,2022-07-01,3171.0,1920.52685546875
xgboost,2021-09-01,741.0,1511.7550048828125
xgboost,2021-10-01,706.0,1583.16650390625
xgboost,2021-11-01,1161.0,1676.9195556640625
xgboost,2021-12-01,1897.0,1729.2344970703125
xgboost,2022-01-01,6041.0,1744.12353515625
xgboost,2022-02-01,7641.0,1811.05224609375
xgboost,2022-03-01,13693.0,2456.97119140625
xgboost,2022-04-01,18176.0,2548.700927734375
xgboost,2022-05-01,15727.0,2954.54931640625
xgboost,2022-06-01,6163.0,2741.019287109375
xgboost,2022-07-01,3171.0,2082.43798828125
xgboost,2022-08-01,2379.0,1690.6480712890625
xgboost,2021-10-01,706.0,823.4999389648438
xgboost,2021-11-01,1161.0,1307.8414306640625
xgboost,2021-12-01,1897.0,1601.6563720703125
xgboost,2022-01-01,6041.0,1695.8199462890625
xgboost,2022-02-01,7641.0,1799.7548828125
xgboost,2022-03-01,13693.0,2517.854248046875
xgboost,2022-04-01,18176.0,2644.871826171875
xgboost,2022-05-01,15727.0,3319.072509765625
xgboost,2022-06-01,6163.0,3055.9287109375
xgboost,2022-07-01,3171.0,1333.057373046875
xgboost,2022-08-01,2379.0,862.2551879882812
xgboost,2022-09-01,2638.0,765.7793579101562
xgboost,2021-11-01,1161.0,550.474365234375
xgboost,2021-12-01,1897.0,545.999755859375
xgboost,2022-01-01,6041.0,540.7792358398438
xgboost,2022-02-01,7641.0,543.316162109375
xgboost,2022-03-01,13693.0,752.5695190429688
xgboost,2022-04-01,18176.0,1559.2972412109375
xgboost,2022-05-01,15727.0,1209.4658203125
xgboost,2022-06-01,6163.0,1074.1376953125
xgboost,2022-07-01,3171.0,944.3565673828125
xgboost,2022-08-01,2379.0,922.1229248046875
xgboost,2022-09-01,2638.0,931.7564086914062
xgboost,2022-10-01,3062.0,943.1236572265625
xgboost,2021-12-01,1897.0,1591.4254150390625
xgboost,2022-01-01,6041.0,1625.2103271484375
xgboost,2022-02-01,7641.0,1689.0087890625
xgboost,2022-03-01,13693.0,1811.028076171875
xgboost,2022-04-01,18176.0,2662.377197265625
xgboost,2022-05-01,15727.0,3265.225830078125
xgboost,2022-06-01,6163.0,3111.312744140625
xgboost,2022-07-01,3171.0,1560.34130859375
xgboost,2022-08-01,2379.0,877.6765747070312
xgboost,2022-09-01,2638.0,786.8799438476562
xgboost,2022-10-01,3062.0,707.419677734375
xgboost,2022-11-01,2911.0,612.390625
xgboost,2022-01-01,6041.0,2096.498046875
xgboost,2022-02-01,7641.0,2555.5830078125
xgboost,2022-03-01,13693.0,2985.593994140625
xgboost,2022-04-01,18176.0,3140.685302734375
xgboost,2022-05-01,15727.0,3406.86279296875
xgboost,2022-06-01,6163.0,1375.9744873046875
xgboost,2022-07-01,3171.0,874.0328979492188
xgboost,2022-08-01,2379.0,742.4345703125
xgboost,2022-09-01,2638.0,719.4910888671875
xgboost,2022-10-01,3062.0,600.3036499023438
xgboost,2022-11-01,2911.0,816.82177734375
xgboost,2022-12-01,3744.0,1628.650390625
xgboost,2022-02-01,7641.0,4460.44873046875
xgboost,2022-03-01,13693.0,3340.45458984375
xgboost,2022-04-01,18176.0,1681.1463623046875
xgboost,2022-05-01,15727.0,1618.6363525390625
xgboost,2022-06-01,6163.0,1314.3687744140625
xgboost,2022-07-01,3171.0,960.9549560546875
xgboost,2022-08-01,2379.0,808.2899780273438
xgboost,2022-09-01,2638.0,808.6832885742188
xgboost,2022-10-01,3062.0,1599.863525390625
xgboost,2022-11-01,2911.0,1933.0972900390625
xgboost,2022-12-01,3744.0,5302.5087890625
xgboost,2023-01-01,5478.0,4546.1943359375
xgboost,2022-03-01,13693.0,7878.80029296875
xgboost,2022-04-01,18176.0,5294.18896484375
xgboost,2022-05-01,15727.0,3012.213134765625
xgboost,2022-06-01,6163.0,2095.505859375
xgboost,2022-07-01,3171.0,3765.5517578125
xgboost,2022-08-01,2379.0,4745.7744140625
xgboost,2022-09-01,2638.0,2799.402587890625
xgboost,2022-10-01,3062.0,3154.556640625
xgboost,2022-11-01,2911.0,4648.68310546875
xgboost,2022-12-01,3744.0,2710.753662109375
xgboost,2023-01-01,5478.0,1315.2105712890625
xgboost,2023-02-01,4938.0,2032.0869140625
xgboost,2022-04-01,18176.0,10166.21875
xgboost,2022-05-01,15727.0,8100.09375
xgboost,2022-06-01,6163.0,1328.70947265625
xgboost,2022-07-01,3171.0,925.713134765625
xgboost,2022-08-01,2379.0,891.5567626953125
xgboost,2022-09-01,2638.0,784.4771728515625
xgboost,2022-10-01,3062.0,1417.963134765625
xgboost,2022-11-01,2911.0,1796.4832763671875
xgboost,2022-12-01,3744.0,5320.09033203125
xgboost,2023-01-01,5478.0,3026.810546875
xgboost,2023-02-01,4938.0,2764.8779296875
xgboost,2023-03-01,5663.0,3211.364013671875
xgboost,2022-05-01,15727.0,11516.404296875
xgboost,2022-06-01,6163.0,3713.225341796875
xgboost,2022-07-01,3171.0,2067.237548828125
xgboost,2022-08-01,2379.0,1591.56591796875
xgboost,2022-09-01,2638.0,1300.9154052734375
xgboost,2022-10-01,3062.0,1616.6146240234375
xgboost,2022-11-01,2911.0,1834.8992919921875
xgboost,2022-12-01,3744.0,5493.7392578125
xgboost,2023-01-01,5478.0,3588.965087890625
xgboost,2023-02-01,4938.0,2957.446044921875
xgboost,2023-03-01,5663.0,2772.72900390625
xgboost,2023-04-01,6983.0,2687.42431640625
xgboost,2022-06-01,6163.0,5529.38671875
xgboost,2022-07-01,3171.0,2951.08642578125
xgboost,2022-08-01,2379.0,1725.4989013671875
xgboost,2022-09-01,2638.0,1311.5458984375
xgboost,2022-10-01,3062.0,1700.8951416015625
xgboost,2022-11-01,2911.0,1614.2110595703125
xgboost,2022-12-01,3744.0,1876.995361328125
xgboost,2023-01-01,5478.0,2414.506103515625
xgboost,2023-02-01,4938.0,2831.440185546875
xgboost,2023-03-01,5663.0,3871.349365234375
xgboost,2023-04-01,6983.0,4399.26806640625
xgboost,2023-05-01,4417.0,3338.5966796875
xgboost,2022-07-01,3171.0,4651.64404296875
xgboost,2022-08-01,2379.0,2516.944091796875
xgboost,2022-09-01,2638.0,1542.484130859375
xgboost,2022-10-01,3062.0,1671.822265625
xgboost,2022-11-01,2911.0,1861.3734130859375
xgboost,2022-12-01,3744.0,2619.06689453125
xgboost,2023-01-01,5478.0,2737.16259765625
xgboost,2023-02-01,4938.0,3187.984619140625
xgboost,2023-03-01,5663.0,3704.811279296875
xgboost,2023-04-01,6983.0,2606.854736328125
xgboost,2023-05-01,4417.0,1743.337890625
xgboost,2023-06-01,3165.0,1671.5537109375
xgboost,2022-08-01,2379.0,1964.7520751953125
xgboost,2022-09-01,2638.0,1518.828125
xgboost,2022-10-01,3062.0,1711.6480712890625
xgboost,2022-11-01,2911.0,1802.2679443359375
xgboost,2022-12-01,3744.0,2133.6875
xgboost,2023-01-01,5478.0,2159.977294921875
xgboost,2023-02-01,4938.0,3157.55419921875
xgboost,2023-03-01,5663.0,4243.759765625
xgboost,2023-04-01,6983.0,3012.944091796875
xgboost,2023-05-01,4417.0,2135.296630859375
xgboost,2023-06-01,3165.0,2008.7557373046875
xgboost,2023-07-01,2934.0,1888.2183837890625
xgboost,2022-09-01,2638.0,1699.6739501953125
xgboost,2022-10-01,3062.0,1667.568115234375
xgboost,2022-11-01,2911.0,1842.6004638671875
xgboost,2022-12-01,3744.0,2150.090087890625
xgboost,2023-01-01,5478.0,2155.49560546875
xgboost,2023-02-01,4938.0,3221.336669921875
xgboost,2023-03-01,5663.0,4136.63818359375
xgboost,2023-04-01,6983.0,3061.744873046875
xgboost,2023-05-01,4417.0,2594.739013671875
xgboost,2023-06-01,3165.0,2338.8134765625
xgboost,2023-07-01,2934.0,1796.121826171875
xgboost,2023-08-01,2086.0,1838.08642578125
xgboost,2022-10-01,3062.0,2909.79833984375
xgboost,2022-11-01,2911.0,2982.61865234375
xgboost,2022-12-01,3744.0,2934.825439453125
xgboost,2023-01-01,5478.0,2933.59423828125
xgboost,2023-02-01,4938.0,2968.083740234375
xgboost,2023-03-01,5663.0,2979.791259765625
xgboost,2023-04-01,6983.0,2935.663330078125
xgboost,2023-05-01,4417.0,2372.13818359375
xgboost,2023-06-01,3165.0,2138.028076171875
xgboost,2023-07-01,2934.0,2408.887451171875
xgboost,2023-08-01,2086.0,2422.832275390625
xgboost,2023-09-01,2295.0,2344.400634765625
xgboost,2022-11-01,2911.0,3204.979736328125
xgboost,2022-12-01,3744.0,3088.32080078125
xgboost,2023-01-01,5478.0,2756.870361328125
xgboost,2023-02-01,4938.0,2792.901123046875
xgboost,2023-03-01,5663.0,3065.849853515625
xgboost,2023-04-01,6983.0,2971.5478515625
xgboost,2023-05-01,4417.0,1920.7054443359375
xgboost,2023-06-01,3165.0,1978.656982421875
xgboost,2023-07-01,2934.0,2313.346435546875
xgboost,2023-08-01,2086.0,2309.9736328125
xgboost,2023-09-01,2295.0,3129.0703125
xgboost,2023-10-01,2355.0,4205.0361328125
xgboost,2022-12-01,3744.0,2739.573486328125
xgboost,2023-01-01,5478.0,2647.94091796875
xgboost,2023-02-01,4938.0,2834.159912109375
xgboost,2023-03-01,5663.0,2783.197265625
xgboost,2023-04-01,6983.0,2739.45166015625
xgboost,2023-05-01,4417.0,2218.47021484375
xgboost,2023-06-01,3165.0,1978.17626953125
xgboost,2023-07-01,2934.0,2482.85693359375
xgboost,2023-08-01,2086.0,2450.074462890625
xgboost,2023-09-01,2295.0,2619.4482421875
xgboost,2023-10-01,2355.0,3157.440185546875
xgboost,2023-11-01,3868.0,2934.55615234375
xgboost,2023-01-01,5478.0,2929.788818359375
xgboost,2023-02-01,4938.0,2720.474609375
xgboost,2023-03-01,5663.0,2731.112548828125
xgboost,2023-04-01,6983.0,2618.55126953125
xgboost,2023-05-01,4417.0,1773.182861328125
xgboost,2023-06-01,3165.0,1752.79833984375
xgboost,2023-07-01,2934.0,2501.808349609375
xgboost,2023-08-01,2086.0,2482.9111328125
xgboost,2023-09-01,2295.0,1941.5838623046875
xgboost,2023-10-01,2355.0,3284.035400390625
xgboost,2023-11-01,3868.0,3178.42724609375
xgboost,2023-12-01,20715.0,2828.9541015625
xgboost,2023-02-01,4938.0,4431.98046875
xgboost,2023-03-01,5663.0,3822.658935546875
xgboost,2023-04-01,6983.0,3084.137939453125
xgboost,2023-05-01,4417.0,2489.833251953125
xgboost,2023-06-01,3165.0,2712.68896484375
xgboost,2023-07-01,2934.0,3095.9833984375
xgboost,2023-08-01,2086.0,3264.603759765625
xgboost,2023-09-01,2295.0,3112.666015625
xgboost,2023-10-01,2355.0,2832.401611328125
xgboost,2023-11-01,3868.0,2982.50244140625
xgboost,2023-12-01,20715.0,3369.445068359375
xgboost,2024-01-01,72410.0,3759.322998046875
xgboost,2023-03-01,5663.0,3708.736083984375
xgboost,2023-04-01,6983.0,3375.915283203125
xgboost,2023-05-01,4417.0,3334.7216796875
xgboost,2023-06-01,3165.0,3093.461181640625
xgboost,2023-07-01,2934.0,2661.428955078125
xgboost,2023-08-01,2086.0,2981.950439453125
xgboost,2023-09-01,2295.0,3411.557373046875
xgboost,2023-10-01,2355.0,3103.284423828125
xgboost,2023-11-01,3868.0,3257.26904296875
xgboost,2023-12-01,20715.0,3509.28173828125
xgboost,2024-01-01,72410.0,3429.543701171875
xgboost,2024-02-01,98704.0,3472.980712890625
xgboost,2023-04-01,6983.0,4609.67724609375
xgboost,2023-05-01,4417.0,4296.2802734375
xgboost,2023-06-01,3165.0,3663.69140625
xgboost,2023-07-01,2934.0,2822.527099609375
xgboost,2023-08-01,2086.0,2311.32275390625
xgboost,2023-09-01,2295.0,2728.866455078125
xgboost,2023-10-01,2355.0,3043.009521484375
xgboost,2023-11-01,3868.0,3898.410888671875
xgboost,2023-12-01,20715.0,3995.425537109375
xgboost,2024-01-01,72410.0,4301.41650390625
xgboost,2024-02-01,98704.0,4357.3271484375
xgboost,2024-03-01,82032.0,4347.8974609375
xgboost,2023-05-01,4417.0,6169.345703125
xgboost,2023-06-01,3165.0,6170.06787109375
xgboost,2023-07-01,2934.0,6103.8671875
xgboost,2023-08-01,2086.0,6484.39453125
xgboost,2023-09-01,2295.0,6123.47119140625
xgboost,2023-10-01,2355.0,6434.47021484375
xgboost,2023-11-01,3868.0,6264.572265625
xgboost,2023-12-01,20715.0,6267.037109375
xgboost,2024-01-01,72410.0,6360.310546875
xgboost,2024-02-01,98704.0,6402.3310546875
xgboost,2024-03-01,82032.0,6555.9833984375
xgboost,2024-04-01,30462.0,9678.021484375
xgboost,2023-06-01,3165.0,3537.601806640625
xgboost,2023-07-01,2934.0,3631.290771484375
xgboost,2023-08-01,2086.0,3518.00537109375
xgboost,2023-09-01,2295.0,3709.718994140625
xgboost,2023-10-01,2355.0,3636.69140625
xgboost,2023-11-01,3868.0,3807.283203125
xgboost,2023-12-01,20715.0,4510.8056640625
xgboost,2024-01-01,72410.0,4544.3623046875
xgboost,2024-02-01,98704.0,4533.11083984375
xgboost,2024-03-01,82032.0,4843.615234375
xgboost,2024-04-01,30462.0,7831.54443359375
xgboost,2024-05-01,14210.0,13197.0341796875
xgboost,2023-07-01,2934.0,2114.40673828125
xgboost,2023-08-01,2086.0,1793.3753662109375
xgboost,2023-09-01,2295.0,2898.7626953125
xgboost,2023-10-01,2355.0,3111.390625
xgboost,2023-11-01,3868.0,4438.90234375
xgboost,2023-12-01,20715.0,4694.2705078125
xgboost,2024-01-01,72410.0,4812.06787109375
xgboost,2024-02-01,98704.0,4703.82177734375
xgboost,2024-03-01,82032.0,4812.5400390625
xgboost,2024-04-01,30462.0,7069.82568359375
xgboost,2024-05-01,14210.0,7792.12353515625
xgboost,2024-06-01,4584.0,9334.533203125
xgboost,2023-08-01,2086.0,2733.20654296875
xgboost,2023-09-01,2295.0,3244.35400390625
xgboost,2023-10-01,2355.0,3357.400146484375
xgboost,2023-11-01,3868.0,4242.98681640625
xgboost,2023-12-01,20715.0,4843.74072265625
xgboost,2024-01-01,72410.0,4691.13427734375
xgboost,2024-02-01,98704.0,4445.4912109375
xgboost,2024-03-01,82032.0,4749.4521484375
xgboost,2024-04-01,30462.0,7713.94873046875
xgboost,2024-05-01,14210.0,13366.87109375
xgboost,2024-06-01,4584.0,9268.5859375
xgboost,2024-07-01,1353.0,10240.30859375
xgboost,2023-09-01,2295.0,2947.710693359375
xgboost,2023-10-01,2355.0,3227.50390625
xgboost,2023-11-01,3868.0,4896.4951171875
xgboost,2023-12-01,20715.0,4887.20068359375
xgboost,2024-01-01,72410.0,4898.3232421875
xgboost,2024-02-01,98704.0,5207.3935546875
xgboost,2024-03-01,82032.0,5455.9541015625
xgboost,2024-04-01,30462.0,7786.357421875
xgboost,2024-05-01,14210.0,12980.92578125
xgboost,2024-06-01,4584.0,9843.4716796875
xgboost,2024-07-01,1353.0,10301.37109375
xgboost,2024-08-01,1368.0,4553.2099609375
xgboost,2023-10-01,2355.0,2470.426513671875
xgboost,2023-11-01,3868.0,3019.3056640625
xgboost,2023-12-01,20715.0,4674.5341796875
xgboost,2024-01-01,72410.0,4940.45849609375
xgboost,2024-02-01,98704.0,5123.54541015625
xgboost,2024-03-01,82032.0,5514.36181640625
xgboost,2024-04-01,30462.0,8323.0986328125
xgboost,2024-05-01,14210.0,14115.2998046875
xgboost,2024-06-01,4584.0,11215.7841796875
xgboost,2024-07-01,1353.0,4593.4912109375
xgboost,2024-08-01,1368.0,3486.376708984375
xgboost,2024-09-01,1506.0,3108.74853515625
xgboost,2023-11-01,3868.0,2760.85693359375
xgboost,2023-12-01,20715.0,3936.954833984375
xgboost,2024-01-01,72410.0,5156.9306640625
xgboost,2024-02-01,98704.0,5203.37939453125
xgboost,2024-03-01,82032.0,5284.0
xgboost,2024-04-01,30462.0,7847.25390625
xgboost,2024-05-01,14210.0,12849.306640625
xgboost,2024-06-01,4584.0,9521.955078125
xgboost,2024-07-01,1353.0,10175.970703125
xgboost,2024-08-01,1368.0,4457.41748046875
xgboost,2024-09-01,1506.0,3765.05859375
xgboost,2024-10-01,1598.0,3408.19921875
xgboost,2023-12-01,20715.0,4420.38427734375
xgboost,2024-01-01,72410.0,4500.10400390625
xgboost,2024-02-01,98704.0,4503.9365234375
xgboost,2024-03-01,82032.0,4036.339111328125
xgboost,2024-04-01,30462.0,7136.115234375
xgboost,2024-05-01,14210.0,7983.0458984375
xgboost,2024-06-01,4584.0,9796.4912109375
xgboost,2024-07-01,1353.0,9913.0
xgboost,2024-08-01,1368.0,9905.6796875
xgboost,2024-09-01,1506.0,4206.49609375
xgboost,2024-10-01,1598.0,3945.1318359375
xgboost,2024-11-01,2674.0,4959.33203125
xgboost,2024-01-01,72410.0,18202.765625
xgboost,2024-02-01,98704.0,17988.908203125
xgboost,2024-03-01,82032.0,15428.36328125
xgboost,2024-04-01,30462.0,15440.1298828125
xgboost,2024-05-01,14210.0,15439.5390625
xgboost,2024-06-01,4584.0,7010.87548828125
xgboost,2024-07-01,1353.0,5736.96142578125
xgboost,2024-08-01,1368.0,6061.1357421875
xgboost,2024-09-01,1506.0,6053.3134765625
xgboost,2024-10-01,1598.0,6015.6591796875
xgboost,2024-11-01,2674.0,6430.6474609375
xgboost,2024-12-01,2416.0,17041.974609375
catboost,2014-01-01,1115.0,687.5209584499462
catboost,2014-02-01,2206.0,740.0752901249333
catboost,2014-03-01,2971.0,773.3627430462527
catboost,2014-04-01,3858.0,705.0344708704752
catboost,2014-05-01,4606.0,673.3960562831525
catboost,2014-06-01,2788.0,664.9711693645716
catboost,2014-07-01,1104.0,662.4846294807045
catboost,2014-08-01,368.0,688.7141712177611
catboost,2014-09-01,197.0,632.8117571033611
catboost,2014-10-01,173.0,637.8477745885408
catboost,2014-11-01,312.0,672.0454702743825
catboost,2014-12-01,183.0,722.8043270674854
catboost,2014-02-01,2206.0,1011.1854420772872
catboost,2014-03-01,2971.0,1147.4846572879956
catboost,2014-04-01,3858.0,1090.2523344543984
catboost,2014-05-01,4606.0,994.4969669896118
catboost,2014-06-01,2788.0,943.9688771045883
catboost,2014-07-01,1104.0,909.824860213387
catboost,2014-08-01,368.0,786.2022389259851
catboost,2014-09-01,197.0,715.7870025100151
catboost,2014-10-01,173.0,698.4402155349167
catboost,2014-11-01,312.0,735.9460993439292
catboost,2014-12-01,183.0,744.5475721624641
catboost,2015-01-01,479.0,757.7874623091317
catboost,2014-03-01,2971.0,1919.9827100928148
catboost,2014-04-01,3858.0,1758.5818668443094
catboost,2014-05-01,4606.0,1480.3944915550803
catboost,2014-06-01,2788.0,1284.7653266305872
catboost,2014-07-01,1104.0,1165.688725511621
catboost,2014-08-01,368.0,1108.4629630449435
catboost,2014-09-01,197.0,1114.553138807227
catboost,2014-10-01,173.0,1142.0816223353436
catboost,2014-11-01,312.0,1208.8088291529075
catboost,2014-12-01,183.0,1263.501032230196
catboost,2015-01-01,479.0,1210.23283181839
catboost,2015-02-01,933.0,1292.4861077401717
catboost,2014-04-01,3858.0,2469.5113551891955
catboost,2014-05-01,4606.0,2196.5855677270265
catboost,2014-06-01,2788.0,1844.9826996733218
catboost,2014-07-01,1104.0,1555.9404297856615
catboost,2014-08-01,368.0,1237.2206911085075
catboost,2014-09-01,197.0,1104.4509835784293
catboost,2014-10-01,173.0,1140.3286784301042
catboost,2014-11-01,312.0,1171.5264719353513
catboost,2014-12-01,183.0,1240.561938815405
catboost,2015-01-01,479.0,1275.128832324826
catboost,2015-02-01,933.0,1325.4726467406388
catboost,2015-03-01,1747.0,1312.3111005224732
catboost,2014-05-01,4606.0,2873.657780378853
catboost,2014-06-01,2788.0,2282.263878944897
catboost,2014-07-01,1104.0,1935.2121499589061
catboost,2014-08-01,368.0,1729.0031062270834
catboost,2014-09-01,197.0,1605.3090935635225
catboost,2014-10-01,173.0,1352.1632098833484
catboost,2014-11-01,312.0,1355.24370487195
catboost,2014-12-01,183.0,1340.6071582841748
catboost,2015-01-01,479.0,1395.350587495677
catboost,2015-02-01,933.0,1474.1795181542197
catboost,2015-03-01,1747.0,1523.9526508720269
catboost,2015-04-01,3129.0,1490.2894408294082
catboost,2014-06-01,2788.0,3215.261631069811
catboost,2014-07-01,1104.0,2385.6053843728696
catboost,2014-08-01,368.0,2126.7912190997667
catboost,2014-09-01,197.0,1927.0071943021214
catboost,2014-10-01,173.0,1800.7016847041898
catboost,2014-11-01,312.0,1818.5240068817216
catboost,2014-12-01,183.0,1898.4552573805656
catboost,2015-01-01,479.0,1969.3218353015243
catboost,2015-02-01,933.0,2023.0408760203031
catboost,2015-03-01,1747.0,2072.1697274652397
catboost,2015-04-01,3129.0,2129.0877073449865
catboost,2015-05-01,3306.0,2123.8182308168534
catboost,2014-07-01,1104.0,2299.7710086401494
catboost,2014-08-01,368.0,2023.3027488896996
catboost,2014-09-01,197.0,1918.5118405708915
catboost,2014-10-01,173.0,1798.685177579876
catboost,2014-11-01,312.0,1781.884298264597
catboost,2014-12-01,183.0,1836.284827191602
catboost,2015-01-01,479.0,1971.9369720058125
catboost,2015-02-01,933.0,1977.8011599481256
catboost,2015-03-01,1747.0,1962.9383267869694
catboost,2015-04-01,3129.0,1994.0180846274188
catboost,2015-05-01,3306.0,2099.0564257829583
catboost,2015-06-01,1263.0,2096.7633931324704
catboost,2014-08-01,368.0,1034.4597485674271
catboost,2014-09-01,197.0,982.3231104337173
catboost,2014-10-01,173.0,1015.8773383522306
catboost,2014-11-01,312.0,1087.7358571911768
catboost,2014-12-01,183.0,1288.5643634757967
catboost,2015-01-01,479.0,1484.3335608847572
catboost,2015-02-01,933.0,1758.1197580010837
catboost,2015-03-01,1747.0,1892.3277045068294
catboost,2015-04-01,3129.0,1964.6982148580034
catboost,2015-05-01,3306.0,1925.0527570596528
catboost,2015-06-01,1263.0,1700.1160025100723
catboost,2015-07-01,460.0,1443.4547564079728
catboost,2014-09-01,197.0,591.5338545565183
catboost,2014-10-01,173.0,651.3041024303429
catboost,2014-11-01,312.0,787.2437834651822
catboost,2014-12-01,183.0,866.7602775613587
catboost,2015-01-01,479.0,1039.2394108976268
catboost,2015-02-01,933.0,1325.8599642797037
catboost,2015-03-01,1747.0,1675.1831645236218
catboost,2015-04-01,3129.0,2053.1132188453003
catboost,2015-05-01,3306.0,2025.9388898215666
catboost,2015-06-01,1263.0,1870.6770505921077
catboost,2015-07-01,460.0,1516.0338608243198
catboost,2015-08-01,356.0,1089.1054125384544
catboost,2014-10-01,173.0,454.70005765272344
catboost,2014-11-01,312.0,653.398534639258
catboost,2014-12-01,183.0,840.7006661722313
catboost,2015-01-01,479.0,1088.0660796844022
catboost,2015-02-01,933.0,1493.2641469298196
catboost,2015-03-01,1747.0,1860.7316907199238
catboost,2015-04-01,3129.0,2205.829951988797
catboost,2015-05-01,3306.0,1942.4244691917486
catboost,2015-06-01,1263.0,1687.548164336992
catboost,2015-07-01,460.0,1381.8983930005188
catboost,2015-08-01,356.0,1029.0451807993231
catboost,2015-09-01,118.0,855.7681314936756
catboost,2014-11-01,312.0,465.37092153203173
catboost,2014-12-01,183.0,730.5774878861654
catboost,2015-01-01,479.0,947.2341789227139
catboost,2015-02-01,933.0,1392.255888179794
catboost,2015-03-01,1747.0,1910.839399863496
catboost,2015-04-01,3129.0,1997.0243089851842
catboost,2015-05-01,3306.0,1936.2712861464224
catboost,2015-06-01,1263.0,1641.5096488718941
catboost,2015-07-01,460.0,1300.6787319875411
catboost,2015-08-01,356.0,1094.605155667463
catboost,2015-09-01,118.0,929.6141781841815
catboost,2015-10-01,152.0,796.1238675681212
catboost,2014-12-01,183.0,592.8948287046501
catboost,2015-01-01,479.0,816.8545012716164
catboost,2015-02-01,933.0,1288.1291954215462
catboost,2015-03-01,1747.0,1747.8408650294368
catboost,2015-04-01,3129.0,2126.6714268876913
catboost,2015-05-01,3306.0,2098.317652734102
catboost,2015-06-01,1263.0,1686.4781461464518
catboost,2015-07-01,460.0,1318.5463658376982
catboost,2015-08-01,356.0,992.5830542646665
catboost,2015-09-01,118.0,824.6413776466169
catboost,2015-10-01,152.0,724.6023383756044
catboost,2015-11-01,489.0,627.6137694357998
catboost,2015-01-01,479.0,512.4816900306897
catboost,2015-02-01,933.0,861.3917491104895
catboost,2015-03-01,1747.0,1255.8885247693713
catboost,2015-04-01,3129.0,1668.7847381812853
catboost,2015-05-01,3306.0,2183.1690317787725
catboost,2015-06-01,1263.0,1999.537517238427
catboost,2015-07-01,460.0,2089.8909178806066
catboost,2015-08-01,356.0,1372.8341328461436
catboost,2015-09-01,118.0,1008.2261951470914
catboost,2015-10-01,152.0,758.7722307843138
catboost,2015-11-01,489.0,530.8537438014424
catboost,2015-12-01,742.0,549.6933150442076
catboost,2015-02-01,933.0,914.9865504411251
catboost,2015-03-01,1747.0,1255.9105579926888
catboost,2015-04-01,3129.0,1626.5339113013526
catboost,2015-05-01,3306.0,1838.1609120357825
catboost,2015-06-01,1263.0,1880.9828508510504
catboost,2015-07-01,460.0,1922.7907205976803
catboost,2015-08-01,356.0,1244.2284236793716
catboost,2015-09-01,118.0,841.5367190906086
catboost,2015-10-01,152.0,590.8193513354969
catboost,2015-11-01,489.0,494.7092810679511
catboost,2015-12-01,742.0,520.287384228141
catboost,2016-01-01,4072.0,590.9224974675155
catboost,2015-03-01,1747.0,1330.1740855125013
catboost,2015-04-01,3129.0,1760.9725599856029
catboost,2015-05-01,3306.0,2141.0151221873316
catboost,2015-06-01,1263.0,1922.1495268089516
catboost,2015-07-01,460.0,1982.6935386098392
catboost,2015-08-01,356.0,1210.7898997428497
catboost,2015-09-01,118.0,817.9156783324993
catboost,2015-10-01,152.0,654.72738135436
catboost,2015-11-01,489.0,523.0484967467518
catboost,2015-12-01,742.0,548.6223468960101
catboost,2016-01-01,4072.0,623.7227544473113
catboost,2016-02-01,6168.0,807.5866492479904
catboost,2015-04-01,3129.0,2289.985371907184
catboost,2015-05-01,3306.0,2163.995478947562
catboost,2015-06-01,1263.0,2092.5511194527157
catboost,2015-07-01,460.0,2162.9477935591203
catboost,2015-08-01,356.0,1456.6542122952721
catboost,2015-09-01,118.0,908.9969781291549
catboost,2015-10-01,152.0,717.1840059777722
catboost,2015-11-01,489.0,582.5342638416846
catboost,2015-12-01,742.0,623.212283896597
catboost,2016-01-01,4072.0,676.309503852986
catboost,2016-02-01,6168.0,828.3538689556575
catboost,2016-03-01,5445.0,1221.0806113518745
catboost,2015-05-01,3306.0,2764.0178953998043
catboost,2015-06-01,1263.0,2388.817932629252
catboost,2015-07-01,460.0,2405.925534252832
catboost,2015-08-01,356.0,1345.4551453520971
catboost,2015-09-01,118.0,1007.0283635658466
catboost,2015-10-01,152.0,848.6580920915612
catboost,2015-11-01,489.0,681.2617878695215
catboost,2015-12-01,742.0,588.1918877720758
catboost,2016-01-01,4072.0,635.485453485077
catboost,2016-02-01,6168.0,849.9868462256345
catboost,2016-03-01,5445.0,1201.3118214511928
catboost,2016-04-01,3539.0,1809.5743297827812
catboost,2015-06-01,1263.0,2513.1774672417278
catboost,2015-07-01,460.0,2103.212222746057
catboost,2015-08-01,356.0,1412.9466687138654
catboost,2015-09-01,118.0,1061.2000437529844
catboost,2015-10-01,152.0,770.6483715912822
catboost,2015-11-01,489.0,563.6203832168991
catboost,2015-12-01,742.0,563.9852765408225
catboost,2016-01-01,4072.0,602.917180913052
catboost,2016-02-01,6168.0,842.3795532124335
catboost,2016-03-01,5445.0,1297.5124437504858
catboost,2016-04-01,3539.0,1987.4578242180896
catboost,2016-05-01,2218.0,3004.2211630748834
catboost,2015-07-01,460.0,1803.7774866455466
catboost,2015-08-01,356.0,1149.6244306870067
catboost,2015-09-01,118.0,762.3292779226355
catboost,2015-10-01,152.0,545.9159881391045
catboost,2015-11-01,489.0,456.49869442984436
catboost,2015-12-01,742.0,421.4531405188959
catboost,2016-01-01,4072.0,548.5638082462351
catboost,2016-02-01,6168.0,785.0489121152675
catboost,2016-03-01,5445.0,1221.5449472772625
catboost,2016-04-01,3539.0,2002.9791054664274
catboost,2016-05-01,2218.0,2827.3536067985333
catboost,2016-06-01,723.0,2746.4610379845963
catboost,2015-08-01,356.0,548.9035455525204
catboost,2015-09-01,118.0,511.3256426694154
catboost,2015-10-01,152.0,477.52553060868115
catboost,2015-11-01,489.0,417.58081635662415
catboost,2015-12-01,742.0,441.3328620052048
catboost,2016-01-01,4072.0,561.650819965895
catboost,2016-02-01,6168.0,720.8916708012653
catboost,2016-03-01,5445.0,1154.824288358487
catboost,2016-04-01,3539.0,1667.238010392689
catboost,2016-05-01,2218.0,2462.1976643760095
catboost,2016-06-01,723.0,2525.1916372733795
catboost,2016-07-01,463.0,1864.1874394437998
catboost,2015-09-01,118.0,426.10244306427137
catboost,2015-10-01,152.0,366.8801407551598
catboost,2015-11-01,489.0,375.4854592826596
catboost,2015-12-01,742.0,415.4900598431268
catboost,2016-01-01,4072.0,518.0450128161257
catboost,2016-02-01,6168.0,722.2357095726617
catboost,2016-03-01,5445.0,1201.794381160898
catboost,2016-04-01,3539.0,1753.9846905645177
catboost,2016-05-01,2218.0,2245.3918991966075
catboost,2016-06-01,723.0,2527.972493259257
catboost,2016-07-01,463.0,1799.5927940396762
catboost,2016-08-01,169.0,1181.9529017678665
catboost,2015-10-01,152.0,334.7007129835697
catboost,2015-11-01,489.0,358.49128953446166
catboost,2015-12-01,742.0,385.91056763821507
catboost,2016-01-01,4072.0,497.0805003179372
catboost,2016-02-01,6168.0,832.7556728833033
catboost,2016-03-01,5445.0,1297.2936456631744
catboost,2016-04-01,3539.0,2127.2646572684384
catboost,2016-05-01,2218.0,2682.422660538564
catboost,2016-06-01,723.0,2323.4373300378784
catboost,2016-07-01,463.0,1752.5509840019943
catboost,2016-08-01,169.0,1124.3852405083799
catboost,2016-09-01,152.0,556.617694298209
catboost,2015-11-01,489.0,274.9398324289789
catboost,2015-12-01,742.0,383.79555833213556
catboost,2016-01-01,4072.0,529.3583095394089
catboost,2016-02-01,6168.0,949.400462785452
catboost,2016-03-01,5445.0,1346.9883600760961
catboost,2016-04-01,3539.0,2232.35784529773
catboost,2016-05-01,2218.0,3055.69310461691
catboost,2016-06-01,723.0,2619.8796905943473
catboost,2016-07-01,463.0,1600.4862253879178
catboost,2016-08-01,169.0,903.1099204470179
catboost,2016-09-01,152.0,443.2332562343245
catboost,2016-10-01,208.0,248.92136182911577
catboost,2015-12-01,742.0,400.8608033628001
catboost,2016-01-01,4072.0,557.9568582845858
catboost,2016-02-01,6168.0,956.9717135447411
catboost,2016-03-01,5445.0,1555.688756793434
catboost,2016-04-01,3539.0,2339.232326202259
catboost,2016-05-01,2218.0,2960.1191902368755
catboost,2016-06-01,723.0,2585.022240152572
catboost,2016-07-01,463.0,1949.4707204700148
catboost,2016-08-01,169.0,1160.2225823271901
catboost,2016-09-01,152.0,537.0245521403824
catboost,2016-10-01,208.0,396.84510245050467
catboost,2016-11-01,201.0,329.68339974369405
catboost,2016-01-01,4072.0,742.2032769771672
catboost,2016-02-01,6168.0,1099.048575464734
catboost,2016-03-01,5445.0,1619.4117308467157
catboost,2016-04-01,3539.0,2269.383099639779
catboost,2016-05-01,2218.0,3132.6284200222117
catboost,2016-06-01,723.0,2332.6308145499665
catboost,2016-07-01,463.0,1613.2853004643575
catboost,2016-08-01,169.0,739.5414658829086
catboost,2016-09-01,152.0,386.1371288525671
catboost,2016-10-01,208.0,271.2815831783241
catboost,2016-11-01,201.0,323.01548023308203
catboost,2016-12-01,403.0,438.05600194102226
catboost,2016-02-01,6168.0,2613.338027251598
catboost,2016-03-01,5445.0,2433.530947296488
catboost,2016-04-01,3539.0,2886.4633125750947
catboost,2016-05-01,2218.0,2945.3928993325726
catboost,2016-06-01,723.0,2077.1153353228306
catboost,2016-07-01,463.0,1488.158178918704
catboost,2016-08-01,169.0,742.5156088189108
catboost,2016-09-01,152.0,569.8613199832565
catboost,2016-10-01,208.0,429.79498999730333
catboost,2016-11-01,201.0,501.32599071297125
catboost,2016-12-01,403.0,771.7406038836984
catboost,2017-01-01,536.0,1717.3820952606955
catboost,2016-03-01,5445.0,3767.6314357195647
catboost,2016-04-01,3539.0,3455.143172021266
catboost,2016-05-01,2218.0,2905.8167334338164
catboost,2016-06-01,723.0,1987.0983746449506
catboost,2016-07-01,463.0,1351.9714670769363
catboost,2016-08-01,169.0,694.0193630536085
catboost,2016-09-01,152.0,448.93577342102026
catboost,2016-10-01,208.0,386.35598180926286
catboost,2016-11-01,201.0,467.44517818258623
catboost,2016-12-01,403.0,856.6374728630606
catboost,2017-01-01,536.0,1775.0910287627416
catboost,2017-02-01,485.0,2756.6446072068948
catboost,2016-04-01,3539.0,3796.159756364707
catboost,2016-05-01,2218.0,3177.085181586039
catboost,2016-06-01,723.0,1942.110036314465
catboost,2016-07-01,463.0,1295.5373192780162
catboost,2016-08-01,169.0,717.8043606853049
catboost,2016-09-01,152.0,522.2344683431866
catboost,2016-10-01,208.0,556.6233837553133
catboost,2016-11-01,201.0,735.472132857196
catboost,2016-12-01,403.0,1407.7671727181555
catboost,2017-01-01,536.0,2183.940739524636
catboost,2017-02-01,485.0,2766.7905825545686
catboost,2017-03-01,919.0,3142.4913651532497
catboost,2016-05-01,2218.0,2807.714328634027
catboost,2016-06-01,723.0,1755.4093392918521
catboost,2016-07-01,463.0,1277.452806132327
catboost,2016-08-01,169.0,775.103209903405
catboost,2016-09-01,152.0,551.8809509773673
catboost,2016-10-01,208.0,474.7694314270966
catboost,2016-11-01,201.0,483.4498108493631
catboost,2016-12-01,403.0,851.5283576145093
catboost,2017-01-01,536.0,1771.254902755491
catboost,2017-02-01,485.0,2833.8980874360986
catboost,2017-03-01,919.0,3260.7373534174617
catboost,2017-04-01,1176.0,2985.8585456691517
catboost,2016-06-01,723.0,1772.3415021569642
catboost,2016-07-01,463.0,1346.6951737364607
catboost,2016-08-01,169.0,685.8162062295579
catboost,2016-09-01,152.0,446.1787956218211
catboost,2016-10-01,208.0,358.1363106656838
catboost,2016-11-01,201.0,464.572094167617
catboost,2016-12-01,403.0,893.4455533843782
catboost,2017-01-01,536.0,1719.5476908085307
catboost,2017-02-01,485.0,2607.541193874771
catboost,2017-03-01,919.0,3250.3505635640713
catboost,2017-04-01,1176.0,3151.521082055878
catboost,2017-05-01,1186.0,2015.2493470667196
catboost,2016-07-01,463.0,669.6066495564927
catboost,2016-08-01,169.0,456.07683749798844
catboost,2016-09-01,152.0,406.5399830298072
catboost,2016-10-01,208.0,304.96172256084424
catboost,2016-11-01,201.0,481.8157234709033
catboost,2016-12-01,403.0,876.1965041483713
catboost,2017-01-01,536.0,1748.312809402119
catboost,2017-02-01,485.0,2685.5056041908756
catboost,2017-03-01,919.0,3267.54882285786
catboost,2017-04-01,1176.0,2768.0506011104553
catboost,2017-05-01,1186.0,1540.803887611661
catboost,2017-06-01,855.0,644.0273292595635
catboost,2016-08-01,169.0,413.93323771959194
catboost,2016-09-01,152.0,383.4193770023928
catboost,2016-10-01,208.0,313.51512860320645
catboost,2016-11-01,201.0,499.16958037987547
catboost,2016-12-01,403.0,865.7363452262441
catboost,2017-01-01,536.0,2072.611559594631
catboost,2017-02-01,485.0,3135.7318389338316
catboost,2017-03-01,919.0,3480.4015309315387
catboost,2017-04-01,1176.0,2685.839927043718
catboost,2017-05-01,1186.0,1373.2218154589264
catboost,2017-06-01,855.0,682.8116910311977
catboost,2017-07-01,269.0,339.1995264951927
catboost,2016-09-01,152.0,326.4185749604426
catboost,2016-10-01,208.0,407.39718308258057
catboost,2016-11-01,201.0,614.8451853649833
catboost,2016-12-01,403.0,1178.53287004574
catboost,2017-01-01,536.0,2583.6156705829444
catboost,2017-02-01,485.0,3428.8452494671683
catboost,2017-03-01,919.0,3354.9263322449624
catboost,2017-04-01,1176.0,2387.857779046465
catboost,2017-05-01,1186.0,1218.4666429655124
catboost,2017-06-01,855.0,632.6828484494258
catboost,2017-07-01,269.0,339.29735080822184
catboost,2017-08-01,184.0,216.3679989194984
catboost,2016-10-01,208.0,284.5062440602335
catboost,2016-11-01,201.0,531.4618718154014
catboost,2016-12-01,403.0,1077.828283813903
catboost,2017-01-01,536.0,2803.8461365255407
catboost,2017-02-01,485.0,3490.834684730742
catboost,2017-03-01,919.0,3354.6528367137444
catboost,2017-04-01,1176.0,2491.011950640758
catboost,2017-05-01,1186.0,1125.1668328348082
catboost,2017-06-01,855.0,604.7381203492265
catboost,2017-07-01,269.0,358.6638959972868
catboost,2017-08-01,184.0,192.9488511809068
catboost,2017-09-01,216.0,279.1935184642798
catboost,2016-11-01,201.0,533.5816520270656
catboost,2016-12-01,403.0,1152.750777190578
catboost,2017-01-01,536.0,2877.851987328835
catboost,2017-02-01,485.0,3670.972867195375
catboost,2017-03-01,919.0,3644.4845264382284
catboost,2017-04-01,1176.0,2649.2465946457933
catboost,2017-05-01,1186.0,1336.8239527126798
catboost,2017-06-01,855.0,607.3461457189459
catboost,2017-07-01,269.0,408.3433820364712
catboost,2017-08-01,184.0,175.98051057145517
catboost,2017-09-01,216.0,215.10644887642889
catboost,2017-10-01,235.0,319.6761506631931
catboost,2016-12-01,403.0,890.2140530099454
catboost,2017-01-01,536.0,2278.93069055675
catboost,2017-02-01,485.0,3392.9748711403836
catboost,2017-03-01,919.0,3327.2442359434935
catboost,2017-04-01,1176.0,2743.2503531372668
catboost,2017-05-01,1186.0,1377.254164300024
catboost,2017-06-01,855.0,656.7265984049311
catboost,2017-07-01,269.0,350.8901132874248
catboost,2017-08-01,184.0,155.62327345752237
catboost,2017-09-01,216.0,229.1145111841322
catboost,2017-10-01,235.0,287.74041749091975
catboost,2017-11-01,196.0,661.4532582533759
catboost,2017-01-01,536.0,1624.1310553416515
catboost,2017-02-01,485.0,2542.752774045799
catboost,2017-03-01,919.0,3304.022526167436
catboost,2017-04-01,1176.0,3027.4456174539046
catboost,2017-05-01,1186.0,1698.90148213018
catboost,2017-06-01,855.0,980.2498558974942
catboost,2017-07-01,269.0,512.6020172646915
catboost,2017-08-01,184.0,303.47681511601286
catboost,2017-09-01,216.0,259.96945098849164
catboost,2017-10-01,235.0,246.62930696146714
catboost,2017-11-01,196.0,517.9831412454013
catboost,2017-12-01,332.0,950.1411707911826
catboost,2017-02-01,485.0,1352.0284647147257
catboost,2017-03-01,919.0,2440.0532761525083
catboost,2017-04-01,1176.0,3040.673824070259
catboost,2017-05-01,1186.0,2226.991721638955
catboost,2017-06-01,855.0,1584.836298741337
catboost,2017-07-01,269.0,748.1154770106476
catboost,2017-08-01,184.0,513.1770222103088
catboost,2017-09-01,216.0,269.5315613895143
catboost,2017-10-01,235.0,358.252583914518
catboost,2017-11-01,196.0,496.9832391708659
catboost,2017-12-01,332.0,911.4885994560453
catboost,2018-01-01,305.0,2016.0461709107894
catboost,2017-03-01,919.0,1268.6967773037593
catboost,2017-04-01,1176.0,2242.0844640982687
catboost,2017-05-01,1186.0,2148.5706551528574
catboost,2017-06-01,855.0,1619.6994121142325
catboost,2017-07-01,269.0,1155.2943516805926
catboost,2017-08-01,184.0,784.3725281698854
catboost,2017-09-01,216.0,549.8098217885477
catboost,2017-10-01,235.0,403.46317609847097
catboost,2017-11-01,196.0,661.434852026296
catboost,2017-12-01,332.0,1002.5587834618365
catboost,2018-01-01,305.0,1718.284747786617
catboost,2018-02-01,313.0,2755.8579358668203
catboost,2017-04-01,1176.0,1719.0384192449287
catboost,2017-05-01,1186.0,2047.0753674501088
catboost,2017-06-01,855.0,1648.1060512135716
catboost,2017-07-01,269.0,1381.4929910222652
catboost,2017-08-01,184.0,914.3967525053636
catboost,2017-09-01,216.0,613.6735105301335
catboost,2017-10-01,235.0,385.57158732141284
catboost,2017-11-01,196.0,569.5034366747144
catboost,2017-12-01,332.0,936.6384220762161
catboost,2018-01-01,305.0,1588.4796811951708
catboost,2018-02-01,313.0,2500.058491004526
catboost,2018-03-01,452.0,3349.256372258369
catboost,2017-05-01,1186.0,1454.1453097425845
catboost,2017-06-01,855.0,1418.0207085828722
catboost,2017-07-01,269.0,1321.9345895076601
catboost,2017-08-01,184.0,1046.7625117075158
catboost,2017-09-01,216.0,684.865905920357
catboost,2017-10-01,235.0,365.64794358428344
catboost,2017-11-01,196.0,566.188383527009
catboost,2017-12-01,332.0,880.7269383627151
catboost,2018-01-01,305.0,1423.6107814037764
catboost,2018-02-01,313.0,2614.8154000460636
catboost,2018-03-01,452.0,3277.5720302257623
catboost,2018-04-01,680.0,3333.3902768748744
catboost,2017-06-01,855.0,1087.798290782787
catboost,2017-07-01,269.0,825.5917216501742
catboost,2017-08-01,184.0,556.3702455105076
catboost,2017-09-01,216.0,349.08831486243
catboost,2017-10-01,235.0,257.48631539353073
catboost,2017-11-01,196.0,559.4876728104695
catboost,2017-12-01,332.0,886.0217161574988
catboost,2018-01-01,305.0,1668.080315418545
catboost,2018-02-01,313.0,2966.7520980581658
catboost,2018-03-01,452.0,3720.3369933251274
catboost,2018-04-01,680.0,4093.654281534394
catboost,2018-05-01,377.0,3157.6430532590502
catboost,2017-07-01,269.0,667.962632775504
catboost,2017-08-01,184.0,353.74419138287317
catboost,2017-09-01,216.0,258.8684955728918
catboost,2017-10-01,235.0,242.90281584545028
catboost,2017-11-01,196.0,600.9827786079638
catboost,2017-12-01,332.0,1013.9872723498302
catboost,2018-01-01,305.0,2073.5000010267277
catboost,2018-02-01,313.0,3474.01869986993
catboost,2018-03-01,452.0,3536.9466392793956
catboost,2018-04-01,680.0,2879.251647392748
catboost,2018-05-01,377.0,1795.7317884164354
catboost,2018-06-01,278.0,1424.3029426535652
catboost,2017-08-01,184.0,248.886043772545
catboost,2017-09-01,216.0,233.77376399510808
catboost,2017-10-01,235.0,233.33218916565238
catboost,2017-11-01,196.0,497.43020863684467
catboost,2017-12-01,332.0,920.853019217847
catboost,2018-01-01,305.0,2033.878572215149
catboost,2018-02-01,313.0,3552.0649210282004
catboost,2018-03-01,452.0,3975.5745873961155
catboost,2018-04-01,680.0,4027.2110813016307
catboost,2018-05-01,377.0,3055.3103659716644
catboost,2018-06-01,278.0,1598.126772667733
catboost,2018-07-01,207.0,872.9721639965817
catboost,2017-09-01,216.0,218.29324004024556
catboost,2017-10-01,235.0,238.40821820410338
catboost,2017-11-01,196.0,537.7132021538972
catboost,2017-12-01,332.0,908.3488917966495
catboost,2018-01-01,305.0,1894.2644690943246
catboost,2018-02-01,313.0,3271.8405269460927
catboost,2018-03-01,452.0,3682.7688443141087
catboost,2018-04-01,680.0,3250.5183007561923
catboost,2018-05-01,377.0,2038.4805317883147
catboost,2018-06-01,278.0,1322.7333299153838
catboost,2018-07-01,207.0,868.0026344603643
catboost,2018-08-01,155.0,509.9114779021895
catboost,2017-10-01,235.0,308.86669476468796
catboost,2017-11-01,196.0,595.7139490687669
catboost,2017-12-01,332.0,1036.2945206241893
catboost,2018-01-01,305.0,2219.3458110300926
catboost,2018-02-01,313.0,3507.9136368205113
catboost,2018-03-01,452.0,3828.1753943392314
catboost,2018-04-01,680.0,3657.0043617153196
catboost,2018-05-01,377.0,2095.6943324737163
catboost,2018-06-01,278.0,1312.4478449298706
catboost,2018-07-01,207.0,843.2715510350912
catboost,2018-08-01,155.0,583.7723902845569
catboost,2018-09-01,237.0,332.60869606741176
catboost,2017-11-01,196.0,577.4470037013701
catboost,2017-12-01,332.0,1061.2543926067365
catboost,2018-01-01,305.0,2130.7484751526895
catboost,2018-02-01,313.0,3302.431148190014
catboost,2018-03-01,452.0,3685.8067521815533
catboost,2018-04-01,680.0,3119.55710521924
catboost,2018-05-01,377.0,1969.4554406411937
catboost,2018-06-01,278.0,1428.5370535781071
catboost,2018-07-01,207.0,1042.1090898085072
catboost,2018-08-01,155.0,625.5164787962195
catboost,2018-09-01,237.0,306.45615946119005
catboost,2018-10-01,270.0,321.43219623559037
catboost,2017-12-01,332.0,778.9624476194076
catboost,2018-01-01,305.0,1624.5215031691946
catboost,2018-02-01,313.0,2922.0917074210547
catboost,2018-03-01,452.0,3935.080353544463
catboost,2018-04-01,680.0,4434.001563766782
catboost,2018-05-01,377.0,3341.780865885511
catboost,2018-06-01,278.0,2040.79543148656
catboost,2018-07-01,207.0,1062.0967510395305
catboost,2018-08-01,155.0,644.9921997772448
catboost,2018-09-01,237.0,388.77572010794336
catboost,2018-10-01,270.0,348.9877510944224
catboost,2018-11-01,318.0,397.05130463993885
catboost,2018-01-01,305.0,594.7356229026866
catboost,2018-02-01,313.0,792.7972638963739
catboost,2018-03-01,452.0,1653.6653309543158
catboost,2018-04-01,680.0,2977.408522337203
catboost,2018-05-01,377.0,3112.2965590451613
catboost,2018-06-01,278.0,2745.7028179248937
catboost,2018-07-01,207.0,1605.0043285932568
catboost,2018-08-01,155.0,958.63383233938
catboost,2018-09-01,237.0,540.6318206592251
catboost,2018-10-01,270.0,286.55111647329943
catboost,2018-11-01,318.0,337.28658548653675
catboost,2018-12-01,732.0,474.3834172389536
catboost,2018-02-01,313.0,505.1919484686539
catboost,2018-03-01,452.0,622.2823728169541
catboost,2018-04-01,680.0,1024.004072117689
catboost,2018-05-01,377.0,1479.9394963445595
catboost,2018-06-01,278.0,2034.5483826870336
catboost,2018-07-01,207.0,1894.8389139316146
catboost,2018-08-01,155.0,1625.201022189592
catboost,2018-09-01,237.0,950.6106490928771
catboost,2018-10-01,270.0,500.74720978493565
catboost,2018-11-01,318.0,410.2130953101379
catboost,2018-12-01,732.0,478.93766613962566
catboost,2019-01-01,1125.0,652.6783526658775
catboost,2018-03-01,452.0,549.4824719956923
catboost,2018-04-01,680.0,812.1388013385395
catboost,2018-05-01,377.0,1216.4747463220697
catboost,2018-06-01,278.0,1697.071192820342
catboost,2018-07-01,207.0,1884.1768333819573
catboost,2018-08-01,155.0,1787.8539312861042
catboost,2018-09-01,237.0,1479.0208568707958
catboost,2018-10-01,270.0,1010.4574106717508
catboost,2018-11-01,318.0,887.0030076218654
catboost,2018-12-01,732.0,1000.3057529359817
catboost,2019-01-01,1125.0,1311.3929976079394
catboost,2019-02-01,2786.0,1691.0555711925826
catboost,2018-04-01,680.0,611.8740349568943
catboost,2018-05-01,377.0,714.9933671089586
catboost,2018-06-01,278.0,803.6866532251909
catboost,2018-07-01,207.0,859.8442162640945
catboost,2018-08-01,155.0,706.8635950202191
catboost,2018-09-01,237.0,488.08422562692624
catboost,2018-10-01,270.0,282.68127549974577
catboost,2018-11-01,318.0,242.91360977251043
catboost,2018-12-01,732.0,260.4119021763512
catboost,2019-01-01,1125.0,399.5784800339633
catboost,2019-02-01,2786.0,522.5298215452234
catboost,2019-03-01,7174.0,813.9039056008367
catboost,2018-05-01,377.0,698.0547852373135
catboost,2018-06-01,278.0,908.790644785473
catboost,2018-07-01,207.0,853.6894039629499
catboost,2018-08-01,155.0,706.4112092590594
catboost,2018-09-01,237.0,565.2172926095292
catboost,2018-10-01,270.0,378.3258669092925
catboost,2018-11-01,318.0,310.8830912362124
catboost,2018-12-01,732.0,353.54382802018745
catboost,2019-01-01,1125.0,484.8969618221337
catboost,2019-02-01,2786.0,575.0442635537049
catboost,2019-03-01,7174.0,816.859997994977
catboost,2019-04-01,8015.0,1670.3283570392591
catboost,2018-06-01,278.0,584.886671694203
catboost,2018-07-01,207.0,484.51328897909127
catboost,2018-08-01,155.0,364.2934106708699
catboost,2018-09-01,237.0,264.3424885623547
catboost,2018-10-01,270.0,219.31376451917367
catboost,2018-11-01,318.0,207.88630505207652
catboost,2018-12-01,732.0,376.05589076944614
catboost,2019-01-01,1125.0,487.00959788978366
catboost,2019-02-01,2786.0,552.0339143368523
catboost,2019-03-01,7174.0,949.9599208037342
catboost,2019-04-01,8015.0,1801.203681505945
catboost,2019-05-01,12592.0,3515.24121706219
catboost,2018-07-01,207.0,322.6173347188102
catboost,2018-08-01,155.0,286.40231512693197
catboost,2018-09-01,237.0,256.1782803760343
catboost,2018-10-01,270.0,171.19681782746989
catboost,2018-11-01,318.0,221.75935925151828
catboost,2018-12-01,732.0,409.63217830872827
catboost,2019-01-01,1125.0,487.113522775088
catboost,2019-02-01,2786.0,702.0272324276817
catboost,2019-03-01,7174.0,1368.9243477239224
catboost,2019-04-01,8015.0,2456.021410215319
catboost,2019-05-01,12592.0,3634.8233488026435
catboost,2019-06-01,9419.0,3524.8742333008045
catboost,2018-08-01,155.0,259.5346293144704
catboost,2018-09-01,237.0,209.84793865884274
catboost,2018-10-01,270.0,216.854134277276
catboost,2018-11-01,318.0,302.33349977460546
catboost,2018-12-01,732.0,445.8494002633711
catboost,2019-01-01,1125.0,501.2487281744168
catboost,2019-02-01,2786.0,703.7585392171188
catboost,2019-03-01,7174.0,1244.472986411428
catboost,2019-04-01,8015.0,2246.5407883613702
catboost,2019-05-01,12592.0,3103.077064109074
catboost,2019-06-01,9419.0,3090.0599580835806
catboost,2019-07-01,1218.0,2152.8074450371187
catboost,2018-09-01,237.0,196.6163153662592
catboost,2018-10-01,270.0,214.98911290346393
catboost,2018-11-01,318.0,259.2084850096743
catboost,2018-12-01,732.0,513.1637907032439
catboost,2019-01-01,1125.0,837.4743554511905
catboost,2019-02-01,2786.0,1572.2188231661394
catboost,2019-03-01,7174.0,2973.523539569966
catboost,2019-04-01,8015.0,3719.6304762151667
catboost,2019-05-01,12592.0,4107.069652738256
catboost,2019-06-01,9419.0,3492.232381116707
catboost,2019-07-01,1218.0,1949.4539558149452
catboost,2019-08-01,628.0,1278.2064786378764
catboost,2018-10-01,270.0,171.66996575886083
catboost,2018-11-01,318.0,208.28399489435014
catboost,2018-12-01,732.0,497.50855586209263
catboost,2019-01-01,1125.0,800.6835322515061
catboost,2019-02-01,2786.0,1667.4377521740553
catboost,2019-03-01,7174.0,3865.743207483849
catboost,2019-04-01,8015.0,4534.8011321178565
catboost,2019-05-01,12592.0,4346.355619504813
catboost,2019-06-01,9419.0,3664.930849228415
catboost,2019-07-01,1218.0,1810.546964238943
catboost,2019-08-01,628.0,1140.4208917187739
catboost,2019-09-01,831.0,933.7033800232164
catboost,2018-11-01,318.0,138.16940909303275
catboost,2018-12-01,732.0,493.948156374253
catboost,2019-01-01,1125.0,855.180369478524
catboost,2019-02-01,2786.0,1525.4499825947546
catboost,2019-03-01,7174.0,3247.345235990826
catboost,2019-04-01,8015.0,4191.1918384973815
catboost,2019-05-01,12592.0,4256.584150383421
catboost,2019-06-01,9419.0,3653.8657144147583
catboost,2019-07-01,1218.0,1854.3443282762887
catboost,2019-08-01,628.0,1273.6658852450032
catboost,2019-09-01,831.0,1110.6847299366025
catboost,2019-10-01,783.0,979.5644139544836
catboost,2018-12-01,732.0,480.44829045326003
catboost,2019-01-01,1125.0,753.6971006244851
catboost,2019-02-01,2786.0,1405.3862566161492
catboost,2019-03-01,7174.0,3010.7549105441167
catboost,2019-04-01,8015.0,3907.3264580179552
catboost,2019-05-01,12592.0,4410.893279228545
catboost,2019-06-01,9419.0,3925.1690986799726
catboost,2019-07-01,1218.0,2673.3333617159255
catboost,2019-08-01,628.0,1537.6288618288252
catboost,2019-09-01,831.0,1249.589058641058
catboost,2019-10-01,783.0,1138.7592988308863
catboost,2019-11-01,678.0,1178.2942508695714
catboost,2019-01-01,1125.0,1162.1002578329494
catboost,2019-02-01,2786.0,2131.8986659111188
catboost,2019-03-01,7174.0,3686.379870322292
catboost,2019-04-01,8015.0,3875.9271882570883
catboost,2019-05-01,12592.0,4056.3999989756176
catboost,2019-06-01,9419.0,3300.968643917561
catboost,2019-07-01,1218.0,1712.8277984365063
catboost,2019-08-01,628.0,1204.7566530864576
catboost,2019-09-01,831.0,991.7847517751336
catboost,2019-10-01,783.0,868.4035024884979
catboost,2019-11-01,678.0,1004.3294432880721
catboost,2019-12-01,998.0,1450.6737234521577
catboost,2019-02-01,2786.0,2037.4045085637258
catboost,2019-03-01,7174.0,3777.098271692215
catboost,2019-04-01,8015.0,4555.156871439174
catboost,2019-05-01,12592.0,3865.058697633872
catboost,2019-06-01,9419.0,3255.525172247947
catboost,2019-07-01,1218.0,1741.4277781414876
catboost,2019-08-01,628.0,1194.123258684514
catboost,2019-09-01,831.0,1012.5925462870407
catboost,2019-10-01,783.0,913.9834283818259
catboost,2019-11-01,678.0,907.2172867458575
catboost,2019-12-01,998.0,1306.4472753355858
catboost,2020-01-01,3065.0,2089.371168072218
catboost,2019-03-01,7174.0,4076.5265814667064
catboost,2019-04-01,8015.0,4713.526949262058
catboost,2019-05-01,12592.0,4050.843324884657
catboost,2019-06-01,9419.0,3343.7746099947994
catboost,2019-07-01,1218.0,1622.0358757538907
catboost,2019-08-01,628.0,1167.833716636027
catboost,2019-09-01,831.0,1086.9738383383653
catboost,2019-10-01,783.0,1121.2533205522534
catboost,2019-11-01,678.0,1487.947559678819
catboost,2019-12-01,998.0,2117.681241847514
catboost,2020-01-01,3065.0,2908.486035384718
catboost,2020-02-01,7404.0,3118.0771106976094
catboost,2019-04-01,8015.0,5190.4100124834185
catboost,2019-05-01,12592.0,4031.3508728414718
catboost,2019-06-01,9419.0,3303.405108767819
catboost,2019-07-01,1218.0,1613.622992099767
catboost,2019-08-01,628.0,1028.0834161807447
catboost,2019-09-01,831.0,778.859582809911
catboost,2019-10-01,783.0,741.6959452121034
catboost,2019-11-01,678.0,982.6429335649357
catboost,2019-12-01,998.0,1489.7993589581315
catboost,2020-01-01,3065.0,2245.325724583469
catboost,2020-02-01,7404.0,2976.8666307987446
catboost,2020-03-01,13878.0,3133.9711277004185
catboost,2019-05-01,12592.0,4536.391556255565
catboost,2019-06-01,9419.0,3117.4844053456864
catboost,2019-07-01,1218.0,1607.6282434206735
catboost,2019-08-01,628.0,976.4410660215547
catboost,2019-09-01,831.0,818.9028717924266
catboost,2019-10-01,783.0,794.2357744278697
catboost,2019-11-01,678.0,1039.6903982323347
catboost,2019-12-01,998.0,1604.9290616401556
catboost,2020-01-01,3065.0,2241.4405415006095
catboost,2020-02-01,7404.0,2964.080939550915
catboost,2020-03-01,13878.0,3203.662469071278
catboost,2020-04-01,14498.0,2978.961181546478
catboost,2019-06-01,9419.0,7925.32981650428
catboost,2019-07-01,1218.0,6163.1624887132375
catboost,2019-08-01,628.0,4357.603512633703
catboost,2019-09-01,831.0,2298.170678743355
catboost,2019-10-01,783.0,1615.1756646373485
catboost,2019-11-01,678.0,1567.4926758597023
catboost,2019-12-01,998.0,1885.7185772237217
catboost,2020-01-01,3065.0,2448.1125330450523
catboost,2020-02-01,7404.0,2667.6896382459
catboost,2020-03-01,13878.0,2765.6228935668123
catboost,2020-04-01,14498.0,2900.97766565028
catboost,2020-05-01,12378.0,2657.1217644120998
catboost,2019-07-01,1218.0,6260.986338232868
catboost,2019-08-01,628.0,5148.202489090888
catboost,2019-09-01,831.0,2404.3431530913413
catboost,2019-10-01,783.0,1554.740841014007
catboost,2019-11-01,678.0,1615.5434111480868
catboost,2019-12-01,998.0,1937.8392827729149
catboost,2020-01-01,3065.0,2543.3948661016666
catboost,2020-02-01,7404.0,3167.0161600225647
catboost,2020-03-01,13878.0,3114.566145328765
catboost,2020-04-01,14498.0,2806.6164671889755
catboost,2020-05-01,12378.0,2479.6442880904815
catboost,2020-06-01,3986.0,1895.8387097143132
catboost,2019-08-01,628.0,887.3253910046685
catboost,2019-09-01,831.0,948.9165673411355
catboost,2019-10-01,783.0,1311.0801072257918
catboost,2019-11-01,678.0,1781.526904434938
catboost,2019-12-01,998.0,2597.942756196245
catboost,2020-01-01,3065.0,3053.9756041306255
catboost,2020-02-01,7404.0,3296.0157609639027
catboost,2020-03-01,13878.0,3051.7985980383482
catboost,2020-04-01,14498.0,2882.230860701589
catboost,2020-05-01,12378.0,2547.1514175779776
catboost,2020-06-01,3986.0,1721.9825397057703
catboost,2020-07-01,2125.0,1191.9212460912413
catboost,2019-09-01,831.0,615.0159568743449
catboost,2019-10-01,783.0,553.31863009435
catboost,2019-11-01,678.0,595.0278824101177
catboost,2019-12-01,998.0,783.9547987290528
catboost,2020-01-01,3065.0,1593.8817787644139
catboost,2020-02-01,7404.0,2625.6317491668424
catboost,2020-03-01,13878.0,3172.0412329458377
catboost,2020-04-01,14498.0,3576.123482542173
catboost,2020-05-01,12378.0,3063.068837427986
catboost,2020-06-01,3986.0,1654.871741088305
catboost,2020-07-01,2125.0,1092.70052993133
catboost,2020-08-01,1595.0,454.1090197489448
catboost,2019-10-01,783.0,1163.3977744377828
catboost,2019-11-01,678.0,1612.5479358216057
catboost,2019-12-01,998.0,2191.2457628496554
catboost,2020-01-01,3065.0,2937.544945377652
catboost,2020-02-01,7404.0,3338.7226456691324
catboost,2020-03-01,13878.0,3166.7645263615414
catboost,2020-04-01,14498.0,3021.2340858104612
catboost,2020-05-01,12378.0,2512.1898202954394
catboost,2020-06-01,3986.0,1541.78249855095
catboost,2020-07-01,2125.0,1007.8572619391023
catboost,2020-08-01,1595.0,589.0428066671982
catboost,2020-09-01,1327.0,403.3205775999138
catboost,2019-11-01,678.0,1045.743660154135
catboost,2019-12-01,998.0,1656.5608714974362
catboost,2020-01-01,3065.0,2628.2388955487995
catboost,2020-02-01,7404.0,3302.9667459208836
catboost,2020-03-01,13878.0,3356.9838746534133
catboost,2020-04-01,14498.0,3358.1970375452543
catboost,2020-05-01,12378.0,2585.409391969699
catboost,2020-06-01,3986.0,1521.1207959920625
catboost,2020-07-01,2125.0,1043.6707420043872
catboost,2020-08-01,1595.0,587.6446548574654
catboost,2020-09-01,1327.0,346.53730706677015
catboost,2020-10-01,989.0,412.0677508198935
catboost,2019-12-01,998.0,878.6846749701692
catboost,2020-01-01,3065.0,1458.269995698245
catboost,2020-02-01,7404.0,2536.5596581851332
catboost,2020-03-01,13878.0,3217.8876175490773
catboost,2020-04-01,14498.0,3656.7759430766178
catboost,2020-05-01,12378.0,3201.657834141982
catboost,2020-06-01,3986.0,1908.6098315747454
catboost,2020-07-01,2125.0,1063.3216983983116
catboost,2020-08-01,1595.0,512.7766982309812
catboost,2020-09-01,1327.0,257.7258825460958
catboost,2020-10-01,989.0,279.38290665847535
catboost,2020-11-01,1663.0,329.7054576765661
catboost,2020-01-01,3065.0,1654.7936545305636
catboost,2020-02-01,7404.0,2843.3436127616515
catboost,2020-03-01,13878.0,3389.6924606825733
catboost,2020-04-01,14498.0,3511.139069497277
catboost,2020-05-01,12378.0,3093.5489580769045
catboost,2020-06-01,3986.0,1754.1451326067274
catboost,2020-07-01,2125.0,958.5720877356006
catboost,2020-08-01,1595.0,554.578904186179
catboost,2020-09-01,1327.0,296.7711105162509
catboost,2020-10-01,989.0,292.60694020454184
catboost,2020-11-01,1663.0,344.5677756378275
catboost,2020-12-01,1569.0,354.54869441762185
catboost,2020-02-01,7404.0,3255.2131793990184
catboost,2020-03-01,13878.0,3355.4267942518177
catboost,2020-04-01,14498.0,3305.7872340549975
catboost,2020-05-01,12378.0,2805.423658846872
catboost,2020-06-01,3986.0,1486.209348067086
catboost,2020-07-01,2125.0,850.4393291248734
catboost,2020-08-01,1595.0,474.5598603488952
catboost,2020-09-01,1327.0,308.34221820709195
catboost,2020-10-01,989.0,353.04589513880956
catboost,2020-11-01,1663.0,289.32070087311035
catboost,2020-12-01,1569.0,461.2212456022503
catboost,2021-01-01,2106.0,724.0884059942022
catboost,2020-03-01,13878.0,4290.445275853913
catboost,2020-04-01,14498.0,3522.97616600889
catboost,2020-05-01,12378.0,2794.1708166569524
catboost,2020-06-01,3986.0,1496.8706569158787
catboost,2020-07-01,2125.0,900.0782220467522
catboost,2020-08-01,1595.0,491.02607570114355
catboost,2020-09-01,1327.0,325.6184178046003
catboost,2020-10-01,989.0,326.3626271731491
catboost,2020-11-01,1663.0,381.8143299561623
catboost,2020-12-01,1569.0,464.0722666343786
catboost,2021-01-01,2106.0,601.4924509359173
catboost,2021-02-01,2408.0,1033.3562068821775
catboost,2020-04-01,14498.0,6528.438700531854
catboost,2020-05-01,12378.0,4606.066961582383
catboost,2020-06-01,3986.0,2404.0945050599307
catboost,2020-07-01,2125.0,1025.4429689096596
catboost,2020-08-01,1595.0,474.1368864972749
catboost,2020-09-01,1327.0,372.83530083080655
catboost,2020-10-01,989.0,381.05006805937023
catboost,2020-11-01,1663.0,437.01431528914236
catboost,2020-12-01,1569.0,1107.742000483059
catboost,2021-01-01,2106.0,1768.8758351436413
catboost,2021-02-01,2408.0,2703.0713236182532
catboost,2021-03-01,2411.0,2878.603965125249
catboost,2020-05-01,12378.0,6995.388188786392
catboost,2020-06-01,3986.0,3204.004135092494
catboost,2020-07-01,2125.0,1074.4269658339463
catboost,2020-08-01,1595.0,479.4134457268756
catboost,2020-09-01,1327.0,401.7860006470587
catboost,2020-10-01,989.0,434.1712263394186
catboost,2020-11-01,1663.0,523.3102893030825
catboost,2020-12-01,1569.0,1039.9214903421628
catboost,2021-01-01,2106.0,2318.5632314614977
catboost,2021-02-01,2408.0,3637.241758792762
catboost,2021-03-01,2411.0,3711.578306461518
catboost,2021-04-01,3488.0,2967.9128465885133
catboost,2020-06-01,3986.0,4459.458545237346
catboost,2020-07-01,2125.0,1822.4917908961686
catboost,2020-08-01,1595.0,802.3401318402505
catboost,2020-09-01,1327.0,465.39884217514555
catboost,2020-10-01,989.0,624.908375625308
catboost,2020-11-01,1663.0,729.2551050391908
catboost,2020-12-01,1569.0,1520.7201254754425
catboost,2021-01-01,2106.0,3112.5330330345796
catboost,2021-02-01,2408.0,4110.3487631996595
catboost,2021-03-01,2411.0,4683.8692166686305
catboost,2021-04-01,3488.0,4659.102151188383
catboost,2021-05-01,4774.0,2957.099921809796
catboost,2020-07-01,2125.0,1708.207171458179
catboost,2020-08-01,1595.0,710.0333718538297
catboost,2020-09-01,1327.0,428.8462168895999
catboost,2020-10-01,989.0,578.6727754135111
catboost,2020-11-01,1663.0,599.9136418493231
catboost,2020-12-01,1569.0,1272.106180651087
catboost,2021-01-01,2106.0,2525.1681711919914
catboost,2021-02-01,2408.0,3798.5838864985053
catboost,2021-03-01,2411.0,4661.886871953773
catboost,2021-04-01,3488.0,4797.859126237487
catboost,2021-05-01,4774.0,3313.309183916909
catboost,2021-06-01,2520.0,1280.3796950150604
catboost,2020-08-01,1595.0,1076.7250240294786
catboost,2020-09-01,1327.0,537.2066866176749
catboost,2020-10-01,989.0,574.9433725496667
catboost,2020-11-01,1663.0,872.8763134213007
catboost,2020-12-01,1569.0,1653.1869534074417
catboost,2021-01-01,2106.0,3076.752839568806
catboost,2021-02-01,2408.0,3600.5372200098673
catboost,2021-03-01,2411.0,4047.247571857148
catboost,2021-04-01,3488.0,4575.931072677025
catboost,2021-05-01,4774.0,2965.874525011792
catboost,2021-06-01,2520.0,1634.4629027794495
catboost,2021-07-01,1181.0,942.128161731628
catboost,2020-09-01,1327.0,1199.2398205582376
catboost,2020-10-01,989.0,994.6350419911581
catboost,2020-11-01,1663.0,1245.5500728188247
catboost,2020-12-01,1569.0,1953.5419976315588
catboost,2021-01-01,2106.0,3249.705790508575
catboost,2021-02-01,2408.0,4320.7174599321115
catboost,2021-03-01,2411.0,4552.821954850817
catboost,2021-04-01,3488.0,4973.004859043045
catboost,2021-05-01,4774.0,3460.27329482003
catboost,2021-06-01,2520.0,1862.5984103218957
catboost,2021-07-01,1181.0,1542.4998466188915
catboost,2021-08-01,978.0,1343.8364751629215
catboost,2020-10-01,989.0,1155.0500864296
catboost,2020-11-01,1663.0,1124.3175740505646
catboost,2020-12-01,1569.0,1782.8175933874986
catboost,2021-01-01,2106.0,3555.4806213219313
catboost,2021-02-01,2408.0,4724.718294452316
catboost,2021-03-01,2411.0,5143.292239995603
catboost,2021-04-01,3488.0,4900.829728027563
catboost,2021-05-01,4774.0,2988.969348343408
catboost,2021-06-01,2520.0,1735.6716550241085
catboost,2021-07-01,1181.0,1375.6043139460692
catboost,2021-08-01,978.0,1234.4484515389663
catboost,2021-09-01,741.0,1122.7632039623718
catboost,2020-11-01,1663.0,1118.648305463752
catboost,2020-12-01,1569.0,1782.1386785245056
catboost,2021-01-01,2106.0,3380.850406442682
catboost,2021-02-01,2408.0,3889.263334036378
catboost,2021-03-01,2411.0,4393.08515836349
catboost,2021-04-01,3488.0,4407.708949473983
catboost,2021-05-01,4774.0,3108.1251834922537
catboost,2021-06-01,2520.0,1900.271294976937
catboost,2021-07-01,1181.0,1447.060789167819
catboost,2021-08-01,978.0,1310.9790837331857
catboost,2021-09-01,741.0,1143.7801938225612
catboost,2021-10-01,706.0,1003.8334061633369
catboost,2020-12-01,1569.0,2242.805863566683
catboost,2021-01-01,2106.0,3669.2996709343697
catboost,2021-02-01,2408.0,4430.950622688362
catboost,2021-03-01,2411.0,4661.485622531449
catboost,2021-04-01,3488.0,4430.809258786174
catboost,2021-05-01,4774.0,3309.0369794944745
catboost,2021-06-01,2520.0,2035.279671380997
catboost,2021-07-01,1181.0,1602.0878332533412
catboost,2021-08-01,978.0,1446.0535114718257
catboost,2021-09-01,741.0,1356.0634441405032
catboost,2021-10-01,706.0,1517.8641006676694
catboost,2021-11-01,1161.0,1632.4109920936553
catboost,2021-01-01,2106.0,2483.9470262341006
catboost,2021-02-01,2408.0,3653.181354010406
catboost,2021-03-01,2411.0,3988.4453566911975
catboost,2021-04-01,3488.0,3900.0385729107165
catboost,2021-05-01,4774.0,2829.631384097981
catboost,2021-06-01,2520.0,1906.4029370228184
catboost,2021-07-01,1181.0,1635.9561956891864
catboost,2021-08-01,978.0,1391.7254911842977
catboost,2021-09-01,741.0,1287.372144824758
catboost,2021-10-01,706.0,1421.703639897661
catboost,2021-11-01,1161.0,1347.0537479411364
catboost,2021-12-01,1897.0,1526.4366432447207
catboost,2021-02-01,2408.0,2888.3138439979343
catboost,2021-03-01,2411.0,3377.671753498709
catboost,2021-04-01,3488.0,3359.4444604189166
catboost,2021-05-01,4774.0,2422.5064447687814
catboost,2021-06-01,2520.0,1545.6402247038354
catboost,2021-07-01,1181.0,1290.3111861921338
catboost,2021-08-01,978.0,1128.900939107823
catboost,2021-09-01,741.0,1156.3321342924623
catboost,2021-10-01,706.0,1285.7094521613737
catboost,2021-11-01,1161.0,1323.2979168677462
catboost,2021-12-01,1897.0,1475.047745138923
catboost,2022-01-01,6041.0,1616.449880152781
catboost,2021-03-01,2411.0,2828.255774631748
catboost,2021-04-01,3488.0,2951.527664302696
catboost,2021-05-01,4774.0,2471.8660461074296
catboost,2021-06-01,2520.0,1833.1941080605814
catboost,2021-07-01,1181.0,1417.5304399751235
catboost,2021-08-01,978.0,1086.864945675141
catboost,2021-09-01,741.0,971.5240632087482
catboost,2021-10-01,706.0,1060.1016787753654
catboost,2021-11-01,1161.0,1033.7121460620147
catboost,2021-12-01,1897.0,1118.0315499130875
catboost,2022-01-01,6041.0,1253.967125688962
catboost,2022-02-01,7641.0,1424.6491844267987
catboost,2021-04-01,3488.0,2671.55506106179
catboost,2021-05-01,4774.0,2002.2639705945714
catboost,2021-06-01,2520.0,1578.6219825311593
catboost,2021-07-01,1181.0,1285.8029543404482
catboost,2021-08-01,978.0,1031.8990674714448
catboost,2021-09-01,741.0,933.1692600766496
catboost,2021-10-01,706.0,1020.4392274445374
catboost,2021-11-01,1161.0,960.884627270126
catboost,2021-12-01,1897.0,1150.4997044881684
catboost,2022-01-01,6041.0,1306.2122512769054
catboost,2022-02-01,7641.0,1500.9813599281897
catboost,2022-03-01,13693.0,1604.016785606239
catboost,2021-05-01,4774.0,3044.5306439061574
catboost,2021-06-01,2520.0,2252.44422303316
catboost,2021-07-01,1181.0,1732.3633190102962
catboost,2021-08-01,978.0,1441.412529977334
catboost,2021-09-01,741.0,1208.0655936787848
catboost,2021-10-01,706.0,1242.6934447006674
catboost,2021-11-01,1161.0,1195.4413123378677
catboost,2021-12-01,1897.0,1343.1487846596192
catboost,2022-01-01,6041.0,1473.5505627580947
catboost,2022-02-01,7641.0,1593.730348263406
catboost,2022-03-01,13693.0,2018.181374574353
catboost,2022-04-01,18176.0,2091.8791750579276
catboost,2021-06-01,2520.0,3359.7195325411326
catboost,2021-07-01,1181.0,2419.2620180571143
catboost,2021-08-01,978.0,1868.1056210019228
catboost,2021-09-01,741.0,1465.272006423569
catboost,2021-10-01,706.0,1420.777130223018
catboost,2021-11-01,1161.0,1292.9784578477204
catboost,2021-12-01,1897.0,1429.4672803287392
catboost,2022-01-01,6041.0,1559.8021039602836
catboost,2022-02-01,7641.0,2014.8895213312703
catboost,2022-03-01,13693.0,2446.0295799058113
catboost,2022-04-01,18176.0,2897.9676847893256
catboost,2022-05-01,15727.0,3039.603329638845
catboost,2021-07-01,1181.0,1957.057999038455
catboost,2021-08-01,978.0,1536.543522975652
catboost,2021-09-01,741.0,1265.317232833358
catboost,2021-10-01,706.0,1323.5288612653658
catboost,2021-11-01,1161.0,1239.8398120931051
catboost,2021-12-01,1897.0,1324.966447523031
catboost,2022-01-01,6041.0,1626.490282576675
catboost,2022-02-01,7641.0,1978.1771004861305
catboost,2022-03-01,13693.0,2616.0510811627532
catboost,2022-04-01,18176.0,3328.094243871029
catboost,2022-05-01,15727.0,3236.6124750242643
catboost,2022-06-01,6163.0,2589.792207425859
catboost,2021-08-01,978.0,1045.7719565836883
catboost,2021-09-01,741.0,973.09492520351
catboost,2021-10-01,706.0,1132.4492565068122
catboost,2021-11-01,1161.0,1264.422055070106
catboost,2021-12-01,1897.0,1457.6856571438375
catboost,2022-01-01,6041.0,1867.1786819761405
catboost,2022-02-01,7641.0,2249.853242647692
catboost,2022-03-01,13693.0,2783.500553933579
catboost,2022-04-01,18176.0,3442.8353252222705
catboost,2022-05-01,15727.0,3231.6099019601597
catboost,2022-06-01,6163.0,2220.263017608663
catboost,2022-07-01,3171.0,1473.8455622962942
catboost,2021-09-01,741.0,1001.3131933373511
catboost,2021-10-01,706.0,1148.5342672814309
catboost,2021-11-01,1161.0,1232.6907664516839
catboost,2021-12-01,1897.0,1473.5041021299062
catboost,2022-01-01,6041.0,1881.8292977109938
catboost,2022-02-01,7641.0,2147.2967205236637
catboost,2022-03-01,13693.0,2652.150860301803
catboost,2022-04-01,18176.0,3268.5405927662
catboost,2022-05-01,15727.0,3053.988257078228
catboost,2022-06-01,6163.0,2147.0792839060296
catboost,2022-07-01,3171.0,1408.4382228607883
catboost,2022-08-01,2379.0,1183.9629841662968
catboost,2021-10-01,706.0,879.6993538517379
catboost,2021-11-01,1161.0,933.2382509008958
catboost,2021-12-01,1897.0,1093.7078780078532
catboost,2022-01-01,6041.0,1350.907201657686
catboost,2022-02-01,7641.0,1647.7588832682836
catboost,2022-03-01,13693.0,2268.376901004521
catboost,2022-04-01,18176.0,2771.099117806529
catboost,2022-05-01,15727.0,2982.2979605496485
catboost,2022-06-01,6163.0,2184.9189361372514
catboost,2022-07-01,3171.0,1357.7393209865759
catboost,2022-08-01,2379.0,974.8345461263433
catboost,2022-09-01,2638.0,880.6840148038764
catboost,2021-11-01,1161.0,701.7943168985178
catboost,2021-12-01,1897.0,797.9950024125917
catboost,2022-01-01,6041.0,1175.9259071528359
catboost,2022-02-01,7641.0,1620.2548615172138
catboost,2022-03-01,13693.0,2360.807591345328
catboost,2022-04-01,18176.0,3003.413606985959
catboost,2022-05-01,15727.0,2921.2923716045625
catboost,2022-06-01,6163.0,2117.6243321031375
catboost,2022-07-01,3171.0,1306.8877222723645
catboost,2022-08-01,2379.0,1008.9028405844961
catboost,2022-09-01,2638.0,874.2907980483144
catboost,2022-10-01,3062.0,836.0625064102901
catboost,2021-12-01,1897.0,1397.5464068070826
catboost,2022-01-01,6041.0,1744.1264471565705
catboost,2022-02-01,7641.0,2060.6733874115885
catboost,2022-03-01,13693.0,2683.323315031371
catboost,2022-04-01,18176.0,3321.3745518785063
catboost,2022-05-01,15727.0,2893.7601535151916
catboost,2022-06-01,6163.0,1980.1732994586387
catboost,2022-07-01,3171.0,1327.2008876000755
catboost,2022-08-01,2379.0,1013.5660170532312
catboost,2022-09-01,2638.0,1097.7861104357216
catboost,2022-10-01,3062.0,1172.7084367173968
catboost,2022-11-01,2911.0,1326.325052748485
catboost,2022-01-01,6041.0,2171.585591591034
catboost,2022-02-01,7641.0,2561.956140902822
catboost,2022-03-01,13693.0,3172.983089756831
catboost,2022-04-01,18176.0,3437.8807302897703
catboost,2022-05-01,15727.0,2817.9927085219088
catboost,2022-06-01,6163.0,1770.3067296003562
catboost,2022-07-01,3171.0,1346.2503906888273
catboost,2022-08-01,2379.0,1046.4990848640546
catboost,2022-09-01,2638.0,958.380127312988
catboost,2022-10-01,3062.0,1150.0926877361298
catboost,2022-11-01,2911.0,1518.8415634463765
catboost,2022-12-01,3744.0,1766.3767774474015
catboost,2022-02-01,7641.0,4481.49759579668
catboost,2022-03-01,13693.0,4046.0532528907515
catboost,2022-04-01,18176.0,3769.3320405237755
catboost,2022-05-01,15727.0,3262.6632350111104
catboost,2022-06-01,6163.0,2074.229254472091
catboost,2022-07-01,3171.0,1688.4503089526245
catboost,2022-08-01,2379.0,1288.4458852469893
catboost,2022-09-01,2638.0,1208.5114074873532
catboost,2022-10-01,3062.0,1440.5745985475173
catboost,2022-11-01,2911.0,1723.8879263718436
catboost,2022-12-01,3744.0,2310.748078785918
catboost,2023-01-01,5478.0,2778.152703250633
catboost,2022-03-01,13693.0,6931.924341350798
catboost,2022-04-01,18176.0,6402.234854207797
catboost,2022-05-01,15727.0,4677.859093086985
catboost,2022-06-01,6163.0,2686.5585406831005
catboost,2022-07-01,3171.0,1824.2201872287274
catboost,2022-08-01,2379.0,1597.873330628007
catboost,2022-09-01,2638.0,1526.516882673763
catboost,2022-10-01,3062.0,1659.573814151623
catboost,2022-11-01,2911.0,2000.0337804859798
catboost,2022-12-01,3744.0,2413.195109437963
catboost,2023-01-01,5478.0,2867.4476952344826
catboost,2023-02-01,4938.0,3359.436816770941
catboost,2022-04-01,18176.0,11430.799238690433
catboost,2022-05-01,15727.0,7505.483510148947
catboost,2022-06-01,6163.0,5204.983237295415
catboost,2022-07-01,3171.0,3072.8268929491987
catboost,2022-08-01,2379.0,1839.1905105025128
catboost,2022-09-01,2638.0,1538.6664528394622
catboost,2022-10-01,3062.0,1261.586905574677
catboost,2022-11-01,2911.0,1677.208177387081
catboost,2022-12-01,3744.0,2053.7014170576344
catboost,2023-01-01,5478.0,2636.0418133122134
catboost,2023-02-01,4938.0,3093.8987189437553
catboost,2023-03-01,5663.0,3530.7107346228363
catboost,2022-05-01,15727.0,9396.718561910313
catboost,2022-06-01,6163.0,5687.869547969128
catboost,2022-07-01,3171.0,3261.765301434058
catboost,2022-08-01,2379.0,2287.563483752696
catboost,2022-09-01,2638.0,1769.5066521818298
catboost,2022-10-01,3062.0,1814.3228853168598
catboost,2022-11-01,2911.0,2318.3761337953
catboost,2022-12-01,3744.0,2571.9312813356955
catboost,2023-01-01,5478.0,2781.123696913944
catboost,2023-02-01,4938.0,2977.353831860086
catboost,2023-03-01,5663.0,3022.695341015454
catboost,2023-04-01,6983.0,3453.484812905353
catboost,2022-06-01,6163.0,9639.317294616825
catboost,2022-07-01,3171.0,7624.465937994414
catboost,2022-08-01,2379.0,7672.241144004117
catboost,2022-09-01,2638.0,7306.04139037027
catboost,2022-10-01,3062.0,7185.757102267921
catboost,2022-11-01,2911.0,7154.59003829595
catboost,2022-12-01,3744.0,7785.956832620582
catboost,2023-01-01,5478.0,8809.403521426138
catboost,2023-02-01,4938.0,9260.2848840988
catboost,2023-03-01,5663.0,9530.46862824361
catboost,2023-04-01,6983.0,9663.878020840952
catboost,2023-05-01,4417.0,9118.7558066817
catboost,2022-07-01,3171.0,5116.490573649079
catboost,2022-08-01,2379.0,3730.761088268006
catboost,2022-09-01,2638.0,2875.554063234613
catboost,2022-10-01,3062.0,2147.7846295764307
catboost,2022-11-01,2911.0,2436.2391443626116
catboost,2022-12-01,3744.0,2574.6093192746066
catboost,2023-01-01,5478.0,2619.5574722620795
catboost,2023-02-01,4938.0,2689.0354720937057
catboost,2023-03-01,5663.0,2791.323377345486
catboost,2023-04-01,6983.0,2902.756961724943
catboost,2023-05-01,4417.0,2660.714717302497
catboost,2023-06-01,3165.0,2391.286421767646
catboost,2022-08-01,2379.0,2061.421611328139
catboost,2022-09-01,2638.0,1635.5096798283498
catboost,2022-10-01,3062.0,1528.6779702823092
catboost,2022-11-01,2911.0,1766.6152445863336
catboost,2022-12-01,3744.0,2224.9244813508444
catboost,2023-01-01,5478.0,2471.0724433200107
catboost,2023-02-01,4938.0,2605.312759286369
catboost,2023-03-01,5663.0,2687.5514540205268
catboost,2023-04-01,6983.0,3130.1583702147127
catboost,2023-05-01,4417.0,3160.6348184130215
catboost,2023-06-01,3165.0,2654.753855596411
catboost,2023-07-01,2934.0,1526.882387458047
catboost,2022-09-01,2638.0,2007.7642909436752
catboost,2022-10-01,3062.0,1906.699337955894
catboost,2022-11-01,2911.0,2412.8031173559316
catboost,2022-12-01,3744.0,2642.2059521929586
catboost,2023-01-01,5478.0,2760.979231226279
catboost,2023-02-01,4938.0,2890.07538736293
catboost,2023-03-01,5663.0,2945.1866045323877
catboost,2023-04-01,6983.0,2861.389295349052
catboost,2023-05-01,4417.0,2405.8862782335464
catboost,2023-06-01,3165.0,1945.8072390269222
catboost,2023-07-01,2934.0,1643.583957367398
catboost,2023-08-01,2086.0,1333.0914151913637
catboost,2022-10-01,3062.0,2440.4038196129854
catboost,2022-11-01,2911.0,2708.870337874148
catboost,2022-12-01,3744.0,2818.858142901337
catboost,2023-01-01,5478.0,2943.6222823557714
catboost,2023-02-01,4938.0,2923.246692787333
catboost,2023-03-01,5663.0,2879.011759129624
catboost,2023-04-01,6983.0,3088.289524409608
catboost,2023-05-01,4417.0,3044.2823328102227
catboost,2023-06-01,3165.0,2541.505597056997
catboost,2023-07-01,2934.0,1977.2077717027032
catboost,2023-08-01,2086.0,1860.5766714334195
catboost,2023-09-01,2295.0,2219.2744661420593
catboost,2022-11-01,2911.0,3245.6022682937155
catboost,2022-12-01,3744.0,3482.812945972169
catboost,2023-01-01,5478.0,3423.110111732038
catboost,2023-02-01,4938.0,3303.64901319063
catboost,2023-03-01,5663.0,3396.8678200955806
catboost,2023-04-01,6983.0,3545.775416510399
catboost,2023-05-01,4417.0,3253.867895016793
catboost,2023-06-01,3165.0,2690.8667489284044
catboost,2023-07-01,2934.0,2340.5654687200363
catboost,2023-08-01,2086.0,2149.826612895456
catboost,2023-09-01,2295.0,2334.601892253607
catboost,2023-10-01,2355.0,2439.195962901361
catboost,2022-12-01,3744.0,3083.3516980286895
catboost,2023-01-01,5478.0,3268.9255536778605
catboost,2023-02-01,4938.0,3097.247269509494
catboost,2023-03-01,5663.0,3166.850556608501
catboost,2023-04-01,6983.0,3262.688430213046
catboost,2023-05-01,4417.0,3141.1937256294927
catboost,2023-06-01,3165.0,2562.661182401651
catboost,2023-07-01,2934.0,2137.1573539253695
catboost,2023-08-01,2086.0,2112.7438078970763
catboost,2023-09-01,2295.0,2312.236244684693
catboost,2023-10-01,2355.0,2504.4711850895083
catboost,2023-11-01,3868.0,2774.9239990102296
catboost,2023-01-01,5478.0,4564.042191220047
catboost,2023-02-01,4938.0,4340.445386273772
catboost,2023-03-01,5663.0,4062.5309780102116
catboost,2023-04-01,6983.0,4401.602079567941
catboost,2023-05-01,4417.0,3719.2880787038403
catboost,2023-06-01,3165.0,3100.072185041364
catboost,2023-07-01,2934.0,2282.936986697813
catboost,2023-08-01,2086.0,2050.133740785929
catboost,2023-09-01,2295.0,2338.9560895824106
catboost,2023-10-01,2355.0,2439.1038649654356
catboost,2023-11-01,3868.0,2891.9097457762027
catboost,2023-12-01,20715.0,3819.730867350384
catboost,2023-02-01,4938.0,5473.619056035653
catboost,2023-03-01,5663.0,5262.500911964638
catboost,2023-04-01,6983.0,5328.503663746986
catboost,2023-05-01,4417.0,4820.933696428292
catboost,2023-06-01,3165.0,3545.263512798212
catboost,2023-07-01,2934.0,2763.522315541948
catboost,2023-08-01,2086.0,2421.964098805748
catboost,2023-09-01,2295.0,2615.316402231174
catboost,2023-10-01,2355.0,2993.4584582961343
catboost,2023-11-01,3868.0,3345.7782305933824
catboost,2023-12-01,20715.0,4182.445999177176
catboost,2024-01-01,72410.0,5945.703038422
catboost,2023-03-01,5663.0,5016.776640743509
catboost,2023-04-01,6983.0,4710.013980509975
catboost,2023-05-01,4417.0,4200.360525193862
catboost,2023-06-01,3165.0,3410.2805239646623
catboost,2023-07-01,2934.0,2704.721445338916
catboost,2023-08-01,2086.0,2485.6794679459344
catboost,2023-09-01,2295.0,2677.1401238864664
catboost,2023-10-01,2355.0,2802.8437995573872
catboost,2023-11-01,3868.0,3300.785793576945
catboost,2023-12-01,20715.0,4160.656947309879
catboost,2024-01-01,72410.0,5668.758256833147
catboost,2024-02-01,98704.0,6566.566469132318
catboost,2023-04-01,6983.0,5979.111940941873
catboost,2023-05-01,4417.0,5638.6398505153675
catboost,2023-06-01,3165.0,4424.082079757638
catboost,2023-07-01,2934.0,3026.7317697372896
catboost,2023-08-01,2086.0,2712.060270252128
catboost,2023-09-01,2295.0,2741.0950808465077
catboost,2023-10-01,2355.0,2859.163456583261
catboost,2023-11-01,3868.0,3344.9117681229473
catboost,2023-12-01,20715.0,4200.27979777041
catboost,2024-01-01,72410.0,5592.845659309683
catboost,2024-02-01,98704.0,6184.757048514499
catboost,2024-03-01,82032.0,7797.255422835375
catboost,2023-05-01,4417.0,8151.185853288767
catboost,2023-06-01,3165.0,7763.3618971544975
catboost,2023-07-01,2934.0,7140.588222593221
catboost,2023-08-01,2086.0,6386.0126119572415
catboost,2023-09-01,2295.0,5748.180452122298
catboost,2023-10-01,2355.0,4916.702307162974
catboost,2023-11-01,3868.0,4137.611159045029
catboost,2023-12-01,20715.0,4497.354598682216
catboost,2024-01-01,72410.0,5522.203380875896
catboost,2024-02-01,98704.0,6317.20289431294
catboost,2024-03-01,82032.0,7789.747132178539
catboost,2024-04-01,30462.0,9837.349718004849
catboost,2023-06-01,3165.0,3073.303164844805
catboost,2023-07-01,2934.0,2343.1037230974075
catboost,2023-08-01,2086.0,2187.918666612398
catboost,2023-09-01,2295.0,2548.988658159054
catboost,2023-10-01,2355.0,2746.4141635354626
catboost,2023-11-01,3868.0,3166.4776050828063
catboost,2023-12-01,20715.0,4164.12018274254
catboost,2024-01-01,72410.0,5646.078089926612
catboost,2024-02-01,98704.0,6667.11656464508
catboost,2024-03-01,82032.0,7396.259779204898
catboost,2024-04-01,30462.0,9642.486356705875
catboost,2024-05-01,14210.0,9599.676933142313
catboost,2023-07-01,2934.0,2565.9606623038853
catboost,2023-08-01,2086.0,2427.3062040282953
catboost,2023-09-01,2295.0,2588.9086076969556
catboost,2023-10-01,2355.0,2860.4429641065317
catboost,2023-11-01,3868.0,3234.8376573219475
catboost,2023-12-01,20715.0,4223.42024728448
catboost,2024-01-01,72410.0,5471.141318899607
catboost,2024-02-01,98704.0,6310.217736754115
catboost,2024-03-01,82032.0,7326.90007938177
catboost,2024-04-01,30462.0,9408.942896259323
catboost,2024-05-01,14210.0,9749.236250642054
catboost,2024-06-01,4584.0,6935.457816838451
catboost,2023-08-01,2086.0,2679.9027249916576
catboost,2023-09-01,2295.0,2859.996473143529
catboost,2023-10-01,2355.0,3039.420879250359
catboost,2023-11-01,3868.0,3523.0267765270055
catboost,2023-12-01,20715.0,4380.486725419781
catboost,2024-01-01,72410.0,5638.256240495681
catboost,2024-02-01,98704.0,6734.562969288404
catboost,2024-03-01,82032.0,7506.311627307749
catboost,2024-04-01,30462.0,9292.32924649413
catboost,2024-05-01,14210.0,9293.262647116237
catboost,2024-06-01,4584.0,7022.851871054258
catboost,2024-07-01,1353.0,5533.437966908514
catboost,2023-09-01,2295.0,2166.3811698994996
catboost,2023-10-01,2355.0,2428.8259742589576
catboost,2023-11-01,3868.0,2768.7320712432843
catboost,2023-12-01,20715.0,3708.0405408353995
catboost,2024-01-01,72410.0,5167.9602972832
catboost,2024-02-01,98704.0,5858.640246494243
catboost,2024-03-01,82032.0,6473.311673854238
catboost,2024-04-01,30462.0,7886.437533453169
catboost,2024-05-01,14210.0,9869.740951598016
catboost,2024-06-01,4584.0,7330.121804306368
catboost,2024-07-01,1353.0,5945.808054383443
catboost,2024-08-01,1368.0,4455.869985817786
catboost,2023-10-01,2355.0,2445.498781056615
catboost,2023-11-01,3868.0,2937.485207307582
catboost,2023-12-01,20715.0,4053.3431410388157
catboost,2024-01-01,72410.0,5948.030050686998
catboost,2024-02-01,98704.0,6916.495031970526
catboost,2024-03-01,82032.0,8247.909633544616
catboost,2024-04-01,30462.0,10750.74814707524
catboost,2024-05-01,14210.0,10429.423120980546
catboost,2024-06-01,4584.0,7642.30049935079
catboost,2024-07-01,1353.0,6011.859009891121
catboost,2024-08-01,1368.0,4942.187068138115
catboost,2024-09-01,1506.0,4538.634319352748
catboost,2023-11-01,3868.0,2718.5708353916616
catboost,2023-12-01,20715.0,3768.0881352309484
catboost,2024-01-01,72410.0,5626.55603513749
catboost,2024-02-01,98704.0,6442.256905046331
catboost,2024-03-01,82032.0,7500.084810003433
catboost,2024-04-01,30462.0,10384.45711351442
catboost,2024-05-01,14210.0,9765.764865671521
catboost,2024-06-01,4584.0,7516.444213667884
catboost,2024-07-01,1353.0,5696.013602256491
catboost,2024-08-01,1368.0,4249.723967531897
catboost,2024-09-01,1506.0,3653.74055284369
catboost,2024-10-01,1598.0,3690.9676212686577
catboost,2023-12-01,20715.0,4871.322354493435
catboost,2024-01-01,72410.0,6275.693646015459
catboost,2024-02-01,98704.0,7487.521232941126
catboost,2024-03-01,82032.0,9102.851059288932
catboost,2024-04-01,30462.0,9406.751947298639
catboost,2024-05-01,14210.0,8709.954066325261
catboost,2024-06-01,4584.0,6831.54560270764
catboost,2024-07-01,1353.0,4904.021910990753
catboost,2024-08-01,1368.0,3751.0302363116543
catboost,2024-09-01,1506.0,3691.500314348639
catboost,2024-10-01,1598.0,3798.0176356966044
catboost,2024-11-01,2674.0,4640.997378188638
catboost,2024-01-01,72410.0,11307.681789448177
catboost,2024-02-01,98704.0,10588.809948623744
catboost,2024-03-01,82032.0,9493.707685846448
catboost,2024-04-01,30462.0,9229.847424608291
catboost,2024-05-01,14210.0,9092.317288550401
catboost,2024-06-01,4584.0,6733.78342789043
catboost,2024-07-01,1353.0,5241.662683702324
catboost,2024-08-01,1368.0,4888.019815398755
catboost,2024-09-01,1506.0,4738.810258520954
catboost,2024-10-01,1598.0,5263.541106784245
catboost,2024-11-01,2674.0,6492.279221555299
catboost,2024-12-01,2416.0,7498.798258466722
randomforest,2014-01-01,1115.0,545.07
randomforest,2014-02-01,2206.0,544.13
randomforest,2014-03-01,2971.0,580.01
randomforest,2014-04-01,3858.0,534.92
randomforest,2014-05-01,4606.0,492.33
randomforest,2014-06-01,2788.0,465.79
randomforest,2014-07-01,1104.0,362.04
randomforest,2014-08-01,368.0,293.03
randomforest,2014-09-01,197.0,261.21
randomforest,2014-10-01,173.0,268.2
randomforest,2014-11-01,312.0,297.0
randomforest,2014-12-01,183.0,328.82
randomforest,2014-02-01,2206.0,1115.46
randomforest,2014-03-01,2971.0,1146.74
randomforest,2014-04-01,3858.0,1134.09
randomforest,2014-05-01,4606.0,1144.09
randomforest,2014-06-01,2788.0,1150.77
randomforest,2014-07-01,1104.0,1038.81
randomforest,2014-08-01,368.0,970.41
randomforest,2014-09-01,197.0,954.73
randomforest,2014-10-01,173.0,979.23
randomforest,2014-11-01,312.0,968.56
randomforest,2014-12-01,183.0,995.5
randomforest,2015-01-01,479.0,998.3
randomforest,2014-03-01,2971.0,1840.24
randomforest,2014-04-01,3858.0,1788.76
randomforest,2014-05-01,4606.0,1722.69
randomforest,2014-06-01,2788.0,1707.69
randomforest,2014-07-01,1104.0,1588.24
randomforest,2014-08-01,368.0,1266.98
randomforest,2014-09-01,197.0,1147.89
randomforest,2014-10-01,173.0,1170.28
randomforest,2014-11-01,312.0,1216.05
randomforest,2014-12-01,183.0,1210.18
randomforest,2015-01-01,479.0,1272.41
randomforest,2015-02-01,933.0,1356.26
randomforest,2014-04-01,3858.0,2519.22
randomforest,2014-05-01,4606.0,2467.7
randomforest,2014-06-01,2788.0,2401.84
randomforest,2014-07-01,1104.0,2234.52
randomforest,2014-08-01,368.0,2081.73
randomforest,2014-09-01,197.0,1973.39
randomforest,2014-10-01,173.0,2036.45
randomforest,2014-11-01,312.0,2054.47
randomforest,2014-12-01,183.0,2157.1
randomforest,2015-01-01,479.0,2306.35
randomforest,2015-02-01,933.0,2304.96
randomforest,2015-03-01,1747.0,2365.0
randomforest,2014-05-01,4606.0,3280.62
randomforest,2014-06-01,2788.0,3008.67
randomforest,2014-07-01,1104.0,2785.13
randomforest,2014-08-01,368.0,2547.03
randomforest,2014-09-01,197.0,2433.8
randomforest,2014-10-01,173.0,2376.68
randomforest,2014-11-01,312.0,2414.17
randomforest,2014-12-01,183.0,2537.62
randomforest,2015-01-01,479.0,2751.85
randomforest,2015-02-01,933.0,2834.0
randomforest,2015-03-01,1747.0,2828.92
randomforest,2015-04-01,3129.0,2876.92
randomforest,2014-06-01,2788.0,3255.12
randomforest,2014-07-01,1104.0,2788.81
randomforest,2014-08-01,368.0,2665.47
randomforest,2014-09-01,197.0,2559.0
randomforest,2014-10-01,173.0,2608.13
randomforest,2014-11-01,312.0,2689.87
randomforest,2014-12-01,183.0,2818.83
randomforest,2015-01-01,479.0,2906.28
randomforest,2015-02-01,933.0,2984.88
randomforest,2015-03-01,1747.0,2986.89
randomforest,2015-04-01,3129.0,3002.33
randomforest,2015-05-01,3306.0,2988.98
randomforest,2014-07-01,1104.0,2666.62
randomforest,2014-08-01,368.0,2533.55
randomforest,2014-09-01,197.0,2483.57
randomforest,2014-10-01,173.0,2535.51
randomforest,2014-11-01,312.0,2597.56
randomforest,2014-12-01,183.0,2633.65
randomforest,2015-01-01,479.0,2726.62
randomforest,2015-02-01,933.0,2839.12
randomforest,2015-03-01,1747.0,2866.31
randomforest,2015-04-01,3129.0,2819.8
randomforest,2015-05-01,3306.0,2764.77
randomforest,2015-06-01,1263.0,2773.55
randomforest,2014-08-01,368.0,975.26
randomforest,2014-09-01,197.0,950.19
randomforest,2014-10-01,173.0,992.38
randomforest,2014-11-01,312.0,1053.41
randomforest,2014-12-01,183.0,1155.23
randomforest,2015-01-01,479.0,1252.58
randomforest,2015-02-01,933.0,1558.55
randomforest,2015-03-01,1747.0,1926.98
randomforest,2015-04-01,3129.0,2507.55
randomforest,2015-05-01,3306.0,2487.23
randomforest,2015-06-01,1263.0,2458.17
randomforest,2015-07-01,460.0,2143.67
randomforest,2014-09-01,197.0,364.43
randomforest,2014-10-01,173.0,364.97
randomforest,2014-11-01,312.0,385.85
randomforest,2014-12-01,183.0,405.47
randomforest,2015-01-01,479.0,456.04
randomforest,2015-02-01,933.0,802.61
randomforest,2015-03-01,1747.0,1178.82
randomforest,2015-04-01,3129.0,1615.38
randomforest,2015-05-01,3306.0,1817.75
randomforest,2015-06-01,1263.0,3001.91
randomforest,2015-07-01,460.0,3376.51
randomforest,2015-08-01,356.0,2480.86
randomforest,2014-10-01,173.0,258.76
randomforest,2014-11-01,312.0,317.65
randomforest,2014-12-01,183.0,346.55
randomforest,2015-01-01,479.0,469.37
randomforest,2015-02-01,933.0,983.32
randomforest,2015-03-01,1747.0,1506.93
randomforest,2015-04-01,3129.0,2439.7
randomforest,2015-05-01,3306.0,3648.66
randomforest,2015-06-01,1263.0,3762.83
randomforest,2015-07-01,460.0,3752.34
randomforest,2015-08-01,356.0,2541.61
randomforest,2015-09-01,118.0,1759.02
randomforest,2014-11-01,312.0,270.02
randomforest,2014-12-01,183.0,305.88
randomforest,2015-01-01,479.0,446.75
randomforest,2015-02-01,933.0,1007.74
randomforest,2015-03-01,1747.0,1678.31
randomforest,2015-04-01,3129.0,3589.37
randomforest,2015-05-01,3306.0,4343.07
randomforest,2015-06-01,1263.0,4374.03
randomforest,2015-07-01,460.0,3739.23
randomforest,2015-08-01,356.0,2413.26
randomforest,2015-09-01,118.0,1648.75
randomforest,2015-10-01,152.0,931.13
randomforest,2014-12-01,183.0,348.51
randomforest,2015-01-01,479.0,465.05
randomforest,2015-02-01,933.0,1022.25
randomforest,2015-03-01,1747.0,1638.22
randomforest,2015-04-01,3129.0,2676.57
randomforest,2015-05-01,3306.0,3908.38
randomforest,2015-06-01,1263.0,4157.31
randomforest,2015-07-01,460.0,3754.57
randomforest,2015-08-01,356.0,2504.79
randomforest,2015-09-01,118.0,1641.72
randomforest,2015-10-01,152.0,876.99
randomforest,2015-11-01,489.0,563.09
randomforest,2015-01-01,479.0,365.4
randomforest,2015-02-01,933.0,846.95
randomforest,2015-03-01,1747.0,1419.91
randomforest,2015-04-01,3129.0,2465.93
randomforest,2015-05-01,3306.0,3946.11
randomforest,2015-06-01,1263.0,4233.91
randomforest,2015-07-01,460.0,4014.48
randomforest,2015-08-01,356.0,2609.64
randomforest,2015-09-01,118.0,1768.33
randomforest,2015-10-01,152.0,1368.69
randomforest,2015-11-01,489.0,835.64
randomforest,2015-12-01,742.0,491.95
randomforest,2015-02-01,933.0,926.63
randomforest,2015-03-01,1747.0,1452.23
randomforest,2015-04-01,3129.0,2572.62
randomforest,2015-05-01,3306.0,3928.51
randomforest,2015-06-01,1263.0,4153.66
randomforest,2015-07-01,460.0,3984.85
randomforest,2015-08-01,356.0,2538.83
randomforest,2015-09-01,118.0,1742.49
randomforest,2015-10-01,152.0,1352.22
randomforest,2015-11-01,489.0,832.19
randomforest,2015-12-01,742.0,526.88
randomforest,2016-01-01,4072.0,469.52
randomforest,2015-03-01,1747.0,1418.29
randomforest,2015-04-01,3129.0,2446.07
randomforest,2015-05-01,3306.0,3827.0
randomforest,2015-06-01,1263.0,4015.1
randomforest,2015-07-01,460.0,3908.95
randomforest,2015-08-01,356.0,2627.71
randomforest,2015-09-01,118.0,1782.25
randomforest,2015-10-01,152.0,1463.06
randomforest,2015-11-01,489.0,1011.52
randomforest,2015-12-01,742.0,774.45
randomforest,2016-01-01,4072.0,619.27
randomforest,2016-02-01,6168.0,769.65
randomforest,2015-04-01,3129.0,3601.05
randomforest,2015-05-01,3306.0,4242.67
randomforest,2015-06-01,1263.0,4124.49
randomforest,2015-07-01,460.0,3939.12
randomforest,2015-08-01,356.0,2613.02
randomforest,2015-09-01,118.0,1815.78
randomforest,2015-10-01,152.0,1530.5
randomforest,2015-11-01,489.0,1046.92
randomforest,2015-12-01,742.0,823.33
randomforest,2016-01-01,4072.0,619.43
randomforest,2016-02-01,6168.0,840.24
randomforest,2016-03-01,5445.0,1296.66
randomforest,2015-05-01,3306.0,3827.82
randomforest,2015-06-01,1263.0,3768.96
randomforest,2015-07-01,460.0,3661.02
randomforest,2015-08-01,356.0,2265.23
randomforest,2015-09-01,118.0,1756.26
randomforest,2015-10-01,152.0,1788.1
randomforest,2015-11-01,489.0,1873.46
randomforest,2015-12-01,742.0,1969.41
randomforest,2016-01-01,4072.0,2118.94
randomforest,2016-02-01,6168.0,2415.45
randomforest,2016-03-01,5445.0,2495.08
randomforest,2016-04-01,3539.0,2599.77
randomforest,2015-06-01,1263.0,3234.45
randomforest,2015-07-01,460.0,3189.46
randomforest,2015-08-01,356.0,2228.65
randomforest,2015-09-01,118.0,1900.99
randomforest,2015-10-01,152.0,1968.31
randomforest,2015-11-01,489.0,2035.23
randomforest,2015-12-01,742.0,2130.5
randomforest,2016-01-01,4072.0,2277.91
randomforest,2016-02-01,6168.0,2544.89
randomforest,2016-03-01,5445.0,2608.48
randomforest,2016-04-01,3539.0,2606.22
randomforest,2016-05-01,2218.0,2630.02
randomforest,2015-07-01,460.0,1301.92
randomforest,2015-08-01,356.0,1060.66
randomforest,2015-09-01,118.0,647.61
randomforest,2015-10-01,152.0,502.25
randomforest,2015-11-01,489.0,422.43
randomforest,2015-12-01,742.0,338.95
randomforest,2016-01-01,4072.0,434.17
randomforest,2016-02-01,6168.0,681.91
randomforest,2016-03-01,5445.0,905.93
randomforest,2016-04-01,3539.0,1032.61
randomforest,2016-05-01,2218.0,1156.28
randomforest,2016-06-01,723.0,1467.23
randomforest,2015-08-01,356.0,417.78
randomforest,2015-09-01,118.0,314.52
randomforest,2015-10-01,152.0,286.18
randomforest,2015-11-01,489.0,306.04
randomforest,2015-12-01,742.0,324.27
randomforest,2016-01-01,4072.0,428.77
randomforest,2016-02-01,6168.0,616.53
randomforest,2016-03-01,5445.0,921.81
randomforest,2016-04-01,3539.0,1126.72
randomforest,2016-05-01,2218.0,1254.2
randomforest,2016-06-01,723.0,1035.0
randomforest,2016-07-01,463.0,817.16
randomforest,2015-09-01,118.0,313.15
randomforest,2015-10-01,152.0,289.42
randomforest,2015-11-01,489.0,311.25
randomforest,2015-12-01,742.0,326.75
randomforest,2016-01-01,4072.0,440.44
randomforest,2016-02-01,6168.0,637.74
randomforest,2016-03-01,5445.0,982.85
randomforest,2016-04-01,3539.0,1172.06
randomforest,2016-05-01,2218.0,1340.56
randomforest,2016-06-01,723.0,1133.33
randomforest,2016-07-01,463.0,1107.38
randomforest,2016-08-01,169.0,591.64
randomforest,2015-10-01,152.0,230.85
randomforest,2015-11-01,489.0,279.74
randomforest,2015-12-01,742.0,288.9
randomforest,2016-01-01,4072.0,438.59
randomforest,2016-02-01,6168.0,780.84
randomforest,2016-03-01,5445.0,1301.7
randomforest,2016-04-01,3539.0,1654.81
randomforest,2016-05-01,2218.0,2869.7
randomforest,2016-06-01,723.0,3256.3
randomforest,2016-07-01,463.0,3012.85
randomforest,2016-08-01,169.0,1763.76
randomforest,2016-09-01,152.0,1725.43
randomforest,2015-11-01,489.0,251.87
randomforest,2015-12-01,742.0,275.64
randomforest,2016-01-01,4072.0,446.7
randomforest,2016-02-01,6168.0,820.18
randomforest,2016-03-01,5445.0,1360.75
randomforest,2016-04-01,3539.0,1944.39
randomforest,2016-05-01,2218.0,3541.7
randomforest,2016-06-01,723.0,3275.57
randomforest,2016-07-01,463.0,2848.77
randomforest,2016-08-01,169.0,1738.85
randomforest,2016-09-01,152.0,1661.99
randomforest,2016-10-01,208.0,1891.23
randomforest,2015-12-01,742.0,460.74
randomforest,2016-01-01,4072.0,489.58
randomforest,2016-02-01,6168.0,808.21
randomforest,2016-03-01,5445.0,1326.35
randomforest,2016-04-01,3539.0,1843.48
randomforest,2016-05-01,2218.0,3415.38
randomforest,2016-06-01,723.0,3047.86
randomforest,2016-07-01,463.0,2836.25
randomforest,2016-08-01,169.0,1633.79
randomforest,2016-09-01,152.0,935.88
randomforest,2016-10-01,208.0,488.37
randomforest,2016-11-01,201.0,402.4
randomforest,2016-01-01,4072.0,684.63
randomforest,2016-02-01,6168.0,908.93
randomforest,2016-03-01,5445.0,1349.24
randomforest,2016-04-01,3539.0,1864.45
randomforest,2016-05-01,2218.0,3433.75
randomforest,2016-06-01,723.0,3042.42
randomforest,2016-07-01,463.0,2652.43
randomforest,2016-08-01,169.0,1568.21
randomforest,2016-09-01,152.0,945.25
randomforest,2016-10-01,208.0,529.81
randomforest,2016-11-01,201.0,524.92
randomforest,2016-12-01,403.0,525.1
randomforest,2016-02-01,6168.0,3897.2
randomforest,2016-03-01,5445.0,3848.4
randomforest,2016-04-01,3539.0,3869.56
randomforest,2016-05-01,2218.0,3721.6
randomforest,2016-06-01,723.0,3073.8
randomforest,2016-07-01,463.0,2187.49
randomforest,2016-08-01,169.0,1546.71
randomforest,2016-09-01,152.0,941.65
randomforest,2016-10-01,208.0,730.33
randomforest,2016-11-01,201.0,746.41
randomforest,2016-12-01,403.0,1479.11
randomforest,2017-01-01,536.0,1927.28
randomforest,2016-03-01,5445.0,4786.53
randomforest,2016-04-01,3539.0,3987.69
randomforest,2016-05-01,2218.0,3724.67
randomforest,2016-06-01,723.0,3292.4
randomforest,2016-07-01,463.0,2250.56
randomforest,2016-08-01,169.0,1647.54
randomforest,2016-09-01,152.0,1718.02
randomforest,2016-10-01,208.0,2165.7
randomforest,2016-11-01,201.0,2448.36
randomforest,2016-12-01,403.0,2910.04
randomforest,2017-01-01,536.0,3466.27
randomforest,2017-02-01,485.0,3244.42
randomforest,2016-04-01,3539.0,4275.8
randomforest,2016-05-01,2218.0,3833.57
randomforest,2016-06-01,723.0,3548.71
randomforest,2016-07-01,463.0,2246.29
randomforest,2016-08-01,169.0,1459.27
randomforest,2016-09-01,152.0,803.64
randomforest,2016-10-01,208.0,704.18
randomforest,2016-11-01,201.0,825.73
randomforest,2016-12-01,403.0,1525.87
randomforest,2017-01-01,536.0,2389.63
randomforest,2017-02-01,485.0,3068.01
randomforest,2017-03-01,919.0,3529.08
randomforest,2016-05-01,2218.0,3153.42
randomforest,2016-06-01,723.0,2873.2
randomforest,2016-07-01,463.0,2295.88
randomforest,2016-08-01,169.0,1525.53
randomforest,2016-09-01,152.0,993.08
randomforest,2016-10-01,208.0,724.68
randomforest,2016-11-01,201.0,811.02
randomforest,2016-12-01,403.0,1400.25
randomforest,2017-01-01,536.0,1780.68
randomforest,2017-02-01,485.0,3066.1
randomforest,2017-03-01,919.0,3465.47
randomforest,2017-04-01,1176.0,3434.59
randomforest,2016-06-01,723.0,2335.46
randomforest,2016-07-01,463.0,2246.98
randomforest,2016-08-01,169.0,1675.11
randomforest,2016-09-01,152.0,2030.08
randomforest,2016-10-01,208.0,2332.07
randomforest,2016-11-01,201.0,2781.65
randomforest,2016-12-01,403.0,3014.26
randomforest,2017-01-01,536.0,3667.3
randomforest,2017-02-01,485.0,3056.12
randomforest,2017-03-01,919.0,3219.1
randomforest,2017-04-01,1176.0,3058.0
randomforest,2017-05-01,1186.0,2432.93
randomforest,2016-07-01,463.0,674.99
randomforest,2016-08-01,169.0,487.75
randomforest,2016-09-01,152.0,376.29
randomforest,2016-10-01,208.0,249.38
randomforest,2016-11-01,201.0,472.74
randomforest,2016-12-01,403.0,985.39
randomforest,2017-01-01,536.0,1908.41
randomforest,2017-02-01,485.0,3088.24
randomforest,2017-03-01,919.0,3502.78
randomforest,2017-04-01,1176.0,3229.76
randomforest,2017-05-01,1186.0,2457.15
randomforest,2017-06-01,855.0,1392.18
randomforest,2016-08-01,169.0,415.67
randomforest,2016-09-01,152.0,253.99
randomforest,2016-10-01,208.0,245.18
randomforest,2016-11-01,201.0,476.4
randomforest,2016-12-01,403.0,1012.63
randomforest,2017-01-01,536.0,1974.05
randomforest,2017-02-01,485.0,3230.9
randomforest,2017-03-01,919.0,3604.75
randomforest,2017-04-01,1176.0,3261.39
randomforest,2017-05-01,1186.0,2523.75
randomforest,2017-06-01,855.0,1356.15
randomforest,2017-07-01,269.0,584.27
randomforest,2016-09-01,152.0,201.0
randomforest,2016-10-01,208.0,238.95
randomforest,2016-11-01,201.0,463.4
randomforest,2016-12-01,403.0,970.47
randomforest,2017-01-01,536.0,2105.77
randomforest,2017-02-01,485.0,3398.99
randomforest,2017-03-01,919.0,3629.4
randomforest,2017-04-01,1176.0,3362.8
randomforest,2017-05-01,1186.0,2441.62
randomforest,2017-06-01,855.0,1158.77
randomforest,2017-07-01,269.0,588.58
randomforest,2017-08-01,184.0,370.02
randomforest,2016-10-01,208.0,238.8
randomforest,2016-11-01,201.0,468.79
randomforest,2016-12-01,403.0,1258.1
randomforest,2017-01-01,536.0,2435.5
randomforest,2017-02-01,485.0,3636.0
randomforest,2017-03-01,919.0,3756.91
randomforest,2017-04-01,1176.0,3799.47
randomforest,2017-05-01,1186.0,2816.58
randomforest,2017-06-01,855.0,1242.31
randomforest,2017-07-01,269.0,557.27
randomforest,2017-08-01,184.0,365.09
randomforest,2017-09-01,216.0,238.05
randomforest,2016-11-01,201.0,467.68
randomforest,2016-12-01,403.0,1243.23
randomforest,2017-01-01,536.0,2318.99
randomforest,2017-02-01,485.0,3621.65
randomforest,2017-03-01,919.0,3579.23
randomforest,2017-04-01,1176.0,3196.12
randomforest,2017-05-01,1186.0,2298.95
randomforest,2017-06-01,855.0,1136.74
randomforest,2017-07-01,269.0,592.5
randomforest,2017-08-01,184.0,333.6
randomforest,2017-09-01,216.0,226.13
randomforest,2017-10-01,235.0,367.71
randomforest,2016-12-01,403.0,1121.11
randomforest,2017-01-01,536.0,2422.64
randomforest,2017-02-01,485.0,3527.18
randomforest,2017-03-01,919.0,3564.65
randomforest,2017-04-01,1176.0,3166.55
randomforest,2017-05-01,1186.0,2163.19
randomforest,2017-06-01,855.0,1321.31
randomforest,2017-07-01,269.0,624.76
randomforest,2017-08-01,184.0,388.99
randomforest,2017-09-01,216.0,222.83
randomforest,2017-10-01,235.0,304.55
randomforest,2017-11-01,196.0,526.07
randomforest,2017-01-01,536.0,1259.02
randomforest,2017-02-01,485.0,2296.71
randomforest,2017-03-01,919.0,3484.46
randomforest,2017-04-01,1176.0,3345.94
randomforest,2017-05-01,1186.0,2379.96
randomforest,2017-06-01,855.0,1445.8
randomforest,2017-07-01,269.0,753.23
randomforest,2017-08-01,184.0,606.38
randomforest,2017-09-01,216.0,417.82
randomforest,2017-10-01,235.0,331.8
randomforest,2017-11-01,196.0,436.57
randomforest,2017-12-01,332.0,682.6
randomforest,2017-02-01,485.0,1344.12
randomforest,2017-03-01,919.0,2614.16
randomforest,2017-04-01,1176.0,3268.75
randomforest,2017-05-01,1186.0,2485.03
randomforest,2017-06-01,855.0,1647.03
randomforest,2017-07-01,269.0,1184.4
randomforest,2017-08-01,184.0,688.81
randomforest,2017-09-01,216.0,422.6
randomforest,2017-10-01,235.0,344.57
randomforest,2017-11-01,196.0,426.43
randomforest,2017-12-01,332.0,601.56
randomforest,2018-01-01,305.0,856.1
randomforest,2017-03-01,919.0,1086.77
randomforest,2017-04-01,1176.0,2032.39
randomforest,2017-05-01,1186.0,2359.4
randomforest,2017-06-01,855.0,1840.47
randomforest,2017-07-01,269.0,1512.95
randomforest,2017-08-01,184.0,920.55
randomforest,2017-09-01,216.0,713.46
randomforest,2017-10-01,235.0,512.69
randomforest,2017-11-01,196.0,526.51
randomforest,2017-12-01,332.0,575.3
randomforest,2018-01-01,305.0,671.3
randomforest,2018-02-01,313.0,894.3
randomforest,2017-04-01,1176.0,1841.98
randomforest,2017-05-01,1186.0,2489.27
randomforest,2017-06-01,855.0,1951.67
randomforest,2017-07-01,269.0,1861.26
randomforest,2017-08-01,184.0,1654.95
randomforest,2017-09-01,216.0,1886.04
randomforest,2017-10-01,235.0,2166.33
randomforest,2017-11-01,196.0,2657.2
randomforest,2017-12-01,332.0,2768.36
randomforest,2018-01-01,305.0,2933.33
randomforest,2018-02-01,313.0,3264.27
randomforest,2018-03-01,452.0,2886.94
randomforest,2017-05-01,1186.0,1496.91
randomforest,2017-06-01,855.0,1150.91
randomforest,2017-07-01,269.0,947.49
randomforest,2017-08-01,184.0,790.9
randomforest,2017-09-01,216.0,686.5
randomforest,2017-10-01,235.0,521.37
randomforest,2017-11-01,196.0,551.21
randomforest,2017-12-01,332.0,562.71
randomforest,2018-01-01,305.0,685.1
randomforest,2018-02-01,313.0,824.44
randomforest,2018-03-01,452.0,1612.47
randomforest,2018-04-01,680.0,2374.06
randomforest,2017-06-01,855.0,826.75
randomforest,2017-07-01,269.0,735.42
randomforest,2017-08-01,184.0,660.71
randomforest,2017-09-01,216.0,444.61
randomforest,2017-10-01,235.0,378.06
randomforest,2017-11-01,196.0,452.65
randomforest,2017-12-01,332.0,569.99
randomforest,2018-01-01,305.0,666.12
randomforest,2018-02-01,313.0,763.1
randomforest,2018-03-01,452.0,1596.54
randomforest,2018-04-01,680.0,2094.32
randomforest,2018-05-01,377.0,2632.14
randomforest,2017-07-01,269.0,777.56
randomforest,2017-08-01,184.0,702.53
randomforest,2017-09-01,216.0,498.37
randomforest,2017-10-01,235.0,466.03
randomforest,2017-11-01,196.0,540.04
randomforest,2017-12-01,332.0,617.91
randomforest,2018-01-01,305.0,727.92
randomforest,2018-02-01,313.0,796.78
randomforest,2018-03-01,452.0,1394.74
randomforest,2018-04-01,680.0,1460.95
randomforest,2018-05-01,377.0,1167.5
randomforest,2018-06-01,278.0,1103.11
randomforest,2017-08-01,184.0,182.86
randomforest,2017-09-01,216.0,207.36
randomforest,2017-10-01,235.0,319.38
randomforest,2017-11-01,196.0,481.15
randomforest,2017-12-01,332.0,628.67
randomforest,2018-01-01,305.0,812.36
randomforest,2018-02-01,313.0,1271.18
randomforest,2018-03-01,452.0,1591.58
randomforest,2018-04-01,680.0,1972.33
randomforest,2018-05-01,377.0,2435.02
randomforest,2018-06-01,278.0,2206.63
randomforest,2018-07-01,207.0,2069.37
randomforest,2017-09-01,216.0,208.98
randomforest,2017-10-01,235.0,282.94
randomforest,2017-11-01,196.0,453.81
randomforest,2017-12-01,332.0,604.76
randomforest,2018-01-01,305.0,794.74
randomforest,2018-02-01,313.0,1217.91
randomforest,2018-03-01,452.0,1552.94
randomforest,2018-04-01,680.0,2004.21
randomforest,2018-05-01,377.0,2509.11
randomforest,2018-06-01,278.0,2157.93
randomforest,2018-07-01,207.0,2171.53
randomforest,2018-08-01,155.0,2157.6
randomforest,2017-10-01,235.0,276.09
randomforest,2017-11-01,196.0,448.13
randomforest,2017-12-01,332.0,610.59
randomforest,2018-01-01,305.0,814.93
randomforest,2018-02-01,313.0,1269.46
randomforest,2018-03-01,452.0,1541.85
randomforest,2018-04-01,680.0,1942.23
randomforest,2018-05-01,377.0,2418.91
randomforest,2018-06-01,278.0,2170.12
randomforest,2018-07-01,207.0,2078.59
randomforest,2018-08-01,155.0,2118.21
randomforest,2018-09-01,237.0,2150.43
randomforest,2017-11-01,196.0,436.94
randomforest,2017-12-01,332.0,612.7
randomforest,2018-01-01,305.0,814.62
randomforest,2018-02-01,313.0,1332.2
randomforest,2018-03-01,452.0,1584.77
randomforest,2018-04-01,680.0,2043.59
randomforest,2018-05-01,377.0,2468.98
randomforest,2018-06-01,278.0,2230.52
randomforest,2018-07-01,207.0,2142.48
randomforest,2018-08-01,155.0,2227.8
randomforest,2018-09-01,237.0,2247.46
randomforest,2018-10-01,270.0,2671.7
randomforest,2017-12-01,332.0,469.51
randomforest,2018-01-01,305.0,751.62
randomforest,2018-02-01,313.0,1314.0
randomforest,2018-03-01,452.0,1690.64
randomforest,2018-04-01,680.0,3305.89
randomforest,2018-05-01,377.0,2775.01
randomforest,2018-06-01,278.0,2457.85
randomforest,2018-07-01,207.0,1943.47
randomforest,2018-08-01,155.0,1708.4
randomforest,2018-09-01,237.0,2169.03
randomforest,2018-10-01,270.0,2547.83
randomforest,2018-11-01,318.0,2859.85
randomforest,2018-01-01,305.0,617.4
randomforest,2018-02-01,313.0,904.77
randomforest,2018-03-01,452.0,1510.88
randomforest,2018-04-01,680.0,2003.1
randomforest,2018-05-01,377.0,2578.27
randomforest,2018-06-01,278.0,2434.76
randomforest,2018-07-01,207.0,2030.73
randomforest,2018-08-01,155.0,1852.4
randomforest,2018-09-01,237.0,2098.96
randomforest,2018-10-01,270.0,2351.58
randomforest,2018-11-01,318.0,2625.23
randomforest,2018-12-01,732.0,3004.03
randomforest,2018-02-01,313.0,719.46
randomforest,2018-03-01,452.0,1047.77
randomforest,2018-04-01,680.0,1515.0
randomforest,2018-05-01,377.0,1636.82
randomforest,2018-06-01,278.0,1595.13
randomforest,2018-07-01,207.0,1377.46
randomforest,2018-08-01,155.0,839.81
randomforest,2018-09-01,237.0,610.15
randomforest,2018-10-01,270.0,396.0
randomforest,2018-11-01,318.0,257.39
randomforest,2018-12-01,732.0,304.71
randomforest,2019-01-01,1125.0,433.97
randomforest,2018-03-01,452.0,722.19
randomforest,2018-04-01,680.0,898.73
randomforest,2018-05-01,377.0,1072.72
randomforest,2018-06-01,278.0,1123.34
randomforest,2018-07-01,207.0,881.13
randomforest,2018-08-01,155.0,684.06
randomforest,2018-09-01,237.0,427.63
randomforest,2018-10-01,270.0,343.37
randomforest,2018-11-01,318.0,232.36
randomforest,2018-12-01,732.0,279.81
randomforest,2019-01-01,1125.0,397.21
randomforest,2019-02-01,2786.0,542.56
randomforest,2018-04-01,680.0,700.59
randomforest,2018-05-01,377.0,734.73
randomforest,2018-06-01,278.0,772.27
randomforest,2018-07-01,207.0,619.19
randomforest,2018-08-01,155.0,494.38
randomforest,2018-09-01,237.0,406.58
randomforest,2018-10-01,270.0,284.33
randomforest,2018-11-01,318.0,231.94
randomforest,2018-12-01,732.0,275.33
randomforest,2019-01-01,1125.0,372.27
randomforest,2019-02-01,2786.0,462.14
randomforest,2019-03-01,7174.0,631.51
randomforest,2018-05-01,377.0,763.19
randomforest,2018-06-01,278.0,790.22
randomforest,2018-07-01,207.0,610.91
randomforest,2018-08-01,155.0,462.18
randomforest,2018-09-01,237.0,360.97
randomforest,2018-10-01,270.0,211.38
randomforest,2018-11-01,318.0,226.34
randomforest,2018-12-01,732.0,275.47
randomforest,2019-01-01,1125.0,377.93
randomforest,2019-02-01,2786.0,469.89
randomforest,2019-03-01,7174.0,668.82
randomforest,2019-04-01,8015.0,802.22
randomforest,2018-06-01,278.0,399.87
randomforest,2018-07-01,207.0,338.94
randomforest,2018-08-01,155.0,303.44
randomforest,2018-09-01,237.0,234.05
randomforest,2018-10-01,270.0,218.88
randomforest,2018-11-01,318.0,229.88
randomforest,2018-12-01,732.0,294.03
randomforest,2019-01-01,1125.0,396.15
randomforest,2019-02-01,2786.0,476.97
randomforest,2019-03-01,7174.0,638.7
randomforest,2019-04-01,8015.0,665.34
randomforest,2019-05-01,12592.0,600.24
randomforest,2018-07-01,207.0,304.75
randomforest,2018-08-01,155.0,273.56
randomforest,2018-09-01,237.0,219.16
randomforest,2018-10-01,270.0,209.31
randomforest,2018-11-01,318.0,245.69
randomforest,2018-12-01,732.0,292.11
randomforest,2019-01-01,1125.0,392.83
randomforest,2019-02-01,2786.0,458.11
randomforest,2019-03-01,7174.0,646.83
randomforest,2019-04-01,8015.0,695.77
randomforest,2019-05-01,12592.0,558.71
randomforest,2019-06-01,9419.0,501.94
randomforest,2018-08-01,155.0,241.52
randomforest,2018-09-01,237.0,213.85
randomforest,2018-10-01,270.0,203.86
randomforest,2018-11-01,318.0,248.24
randomforest,2018-12-01,732.0,300.34
randomforest,2019-01-01,1125.0,452.13
randomforest,2019-02-01,2786.0,648.76
randomforest,2019-03-01,7174.0,708.56
randomforest,2019-04-01,8015.0,753.45
randomforest,2019-05-01,12592.0,827.55
randomforest,2019-06-01,9419.0,797.88
randomforest,2019-07-01,1218.0,778.04
randomforest,2018-09-01,237.0,205.0
randomforest,2018-10-01,270.0,203.92
randomforest,2018-11-01,318.0,425.7
randomforest,2018-12-01,732.0,562.31
randomforest,2019-01-01,1125.0,728.52
randomforest,2019-02-01,2786.0,863.78
randomforest,2019-03-01,7174.0,1087.72
randomforest,2019-04-01,8015.0,1398.8
randomforest,2019-05-01,12592.0,1249.58
randomforest,2019-06-01,9419.0,1191.36
randomforest,2019-07-01,1218.0,1156.48
randomforest,2019-08-01,628.0,948.29
randomforest,2018-10-01,270.0,214.53
randomforest,2018-11-01,318.0,434.39
randomforest,2018-12-01,732.0,557.22
randomforest,2019-01-01,1125.0,741.26
randomforest,2019-02-01,2786.0,1201.1
randomforest,2019-03-01,7174.0,1444.92
randomforest,2019-04-01,8015.0,1367.2
randomforest,2019-05-01,12592.0,1227.83
randomforest,2019-06-01,9419.0,1169.01
randomforest,2019-07-01,1218.0,1112.16
randomforest,2019-08-01,628.0,931.86
randomforest,2019-09-01,831.0,1057.55
randomforest,2018-11-01,318.0,434.23
randomforest,2018-12-01,732.0,591.61
randomforest,2019-01-01,1125.0,693.4
randomforest,2019-02-01,2786.0,809.34
randomforest,2019-03-01,7174.0,1058.14
randomforest,2019-04-01,8015.0,1358.27
randomforest,2019-05-01,12592.0,1249.88
randomforest,2019-06-01,9419.0,1171.47
randomforest,2019-07-01,1218.0,1150.28
randomforest,2019-08-01,628.0,1003.41
randomforest,2019-09-01,831.0,1105.51
randomforest,2019-10-01,783.0,1191.73
randomforest,2018-12-01,732.0,411.82
randomforest,2019-01-01,1125.0,634.72
randomforest,2019-02-01,2786.0,814.15
randomforest,2019-03-01,7174.0,1058.04
randomforest,2019-04-01,8015.0,1336.12
randomforest,2019-05-01,12592.0,1302.35
randomforest,2019-06-01,9419.0,1255.16
randomforest,2019-07-01,1218.0,1173.65
randomforest,2019-08-01,628.0,942.49
randomforest,2019-09-01,831.0,1072.95
randomforest,2019-10-01,783.0,1146.98
randomforest,2019-11-01,678.0,1241.21
randomforest,2019-01-01,1125.0,841.19
randomforest,2019-02-01,2786.0,1204.92
randomforest,2019-03-01,7174.0,1386.01
randomforest,2019-04-01,8015.0,1279.81
randomforest,2019-05-01,12592.0,1159.08
randomforest,2019-06-01,9419.0,1149.99
randomforest,2019-07-01,1218.0,1138.25
randomforest,2019-08-01,628.0,933.76
randomforest,2019-09-01,831.0,1040.87
randomforest,2019-10-01,783.0,1183.97
randomforest,2019-11-01,678.0,1321.64
randomforest,2019-12-01,998.0,1424.31
randomforest,2019-02-01,2786.0,1513.52
randomforest,2019-03-01,7174.0,1907.08
randomforest,2019-04-01,8015.0,3342.35
randomforest,2019-05-01,12592.0,3478.74
randomforest,2019-06-01,9419.0,2868.34
randomforest,2019-07-01,1218.0,2556.69
randomforest,2019-08-01,628.0,2403.72
randomforest,2019-09-01,831.0,2654.31
randomforest,2019-10-01,783.0,2740.33
randomforest,2019-11-01,678.0,3118.75
randomforest,2019-12-01,998.0,3347.69
randomforest,2020-01-01,3065.0,3322.25
randomforest,2019-03-01,7174.0,3547.32
randomforest,2019-04-01,8015.0,3534.54
randomforest,2019-05-01,12592.0,3407.86
randomforest,2019-06-01,9419.0,2625.1
randomforest,2019-07-01,1218.0,2585.71
randomforest,2019-08-01,628.0,2337.61
randomforest,2019-09-01,831.0,2654.38
randomforest,2019-10-01,783.0,3014.44
randomforest,2019-11-01,678.0,3458.1
randomforest,2019-12-01,998.0,3467.55
randomforest,2020-01-01,3065.0,3318.27
randomforest,2020-02-01,7404.0,2960.33
randomforest,2019-04-01,8015.0,4890.7
randomforest,2019-05-01,12592.0,4341.23
randomforest,2019-06-01,9419.0,3369.06
randomforest,2019-07-01,1218.0,3630.9
randomforest,2019-08-01,628.0,3980.08
randomforest,2019-09-01,831.0,4159.46
randomforest,2019-10-01,783.0,4154.43
randomforest,2019-11-01,678.0,4507.41
randomforest,2019-12-01,998.0,4482.25
randomforest,2020-01-01,3065.0,4405.11
randomforest,2020-02-01,7404.0,3536.05
randomforest,2020-03-01,13878.0,2917.04
randomforest,2019-05-01,12592.0,5362.41
randomforest,2019-06-01,9419.0,3686.01
randomforest,2019-07-01,1218.0,3908.91
randomforest,2019-08-01,628.0,5049.43
randomforest,2019-09-01,831.0,5201.74
randomforest,2019-10-01,783.0,5185.76
randomforest,2019-11-01,678.0,5412.95
randomforest,2019-12-01,998.0,5561.24
randomforest,2020-01-01,3065.0,5504.79
randomforest,2020-02-01,7404.0,4189.66
randomforest,2020-03-01,13878.0,3339.63
randomforest,2020-04-01,14498.0,3072.78
randomforest,2019-06-01,9419.0,6946.72
randomforest,2019-07-01,1218.0,6621.5
randomforest,2019-08-01,628.0,6602.49
randomforest,2019-09-01,831.0,6228.1
randomforest,2019-10-01,783.0,5972.63
randomforest,2019-11-01,678.0,5840.52
randomforest,2019-12-01,998.0,5686.65
randomforest,2020-01-01,3065.0,5813.15
randomforest,2020-02-01,7404.0,4942.7
randomforest,2020-03-01,13878.0,3714.63
randomforest,2020-04-01,14498.0,3371.96
randomforest,2020-05-01,12378.0,2793.72
randomforest,2019-07-01,1218.0,7508.71
randomforest,2019-08-01,628.0,7718.01
randomforest,2019-09-01,831.0,7793.02
randomforest,2019-10-01,783.0,7961.42
randomforest,2019-11-01,678.0,8017.85
randomforest,2019-12-01,998.0,7965.12
randomforest,2020-01-01,3065.0,7891.29
randomforest,2020-02-01,7404.0,7389.67
randomforest,2020-03-01,13878.0,6933.87
randomforest,2020-04-01,14498.0,6482.72
randomforest,2020-05-01,12378.0,5500.76
randomforest,2020-06-01,3986.0,3601.39
randomforest,2019-08-01,628.0,1147.73
randomforest,2019-09-01,831.0,1248.13
randomforest,2019-10-01,783.0,1651.2
randomforest,2019-11-01,678.0,3581.0
randomforest,2019-12-01,998.0,4815.51
randomforest,2020-01-01,3065.0,5395.71
randomforest,2020-02-01,7404.0,5058.35
randomforest,2020-03-01,13878.0,3747.18
randomforest,2020-04-01,14498.0,2954.49
randomforest,2020-05-01,12378.0,2753.04
randomforest,2020-06-01,3986.0,2338.42
randomforest,2020-07-01,2125.0,1923.96
randomforest,2019-09-01,831.0,539.76
randomforest,2019-10-01,783.0,491.83
randomforest,2019-11-01,678.0,535.22
randomforest,2019-12-01,998.0,711.29
randomforest,2020-01-01,3065.0,937.46
randomforest,2020-02-01,7404.0,1733.67
randomforest,2020-03-01,13878.0,3054.28
randomforest,2020-04-01,14498.0,3444.05
randomforest,2020-05-01,12378.0,3071.54
randomforest,2020-06-01,3986.0,2387.95
randomforest,2020-07-01,2125.0,1436.45
randomforest,2020-08-01,1595.0,789.07
randomforest,2019-10-01,783.0,1127.81
randomforest,2019-11-01,678.0,1548.77
randomforest,2019-12-01,998.0,2571.27
randomforest,2020-01-01,3065.0,4802.03
randomforest,2020-02-01,7404.0,5293.17
randomforest,2020-03-01,13878.0,4416.55
randomforest,2020-04-01,14498.0,3895.16
randomforest,2020-05-01,12378.0,3415.41
randomforest,2020-06-01,3986.0,2171.9
randomforest,2020-07-01,2125.0,1745.67
randomforest,2020-08-01,1595.0,1901.49
randomforest,2020-09-01,1327.0,1968.96
randomforest,2019-11-01,678.0,1052.71
randomforest,2019-12-01,998.0,1413.16
randomforest,2020-01-01,3065.0,1632.47
randomforest,2020-02-01,7404.0,2423.38
randomforest,2020-03-01,13878.0,3048.12
randomforest,2020-04-01,14498.0,3499.35
randomforest,2020-05-01,12378.0,3234.1
randomforest,2020-06-01,3986.0,2334.51
randomforest,2020-07-01,2125.0,1544.98
randomforest,2020-08-01,1595.0,1117.25
randomforest,2020-09-01,1327.0,903.74
randomforest,2020-10-01,989.0,892.79
randomforest,2019-12-01,998.0,761.03
randomforest,2020-01-01,3065.0,1187.25
randomforest,2020-02-01,7404.0,1808.64
randomforest,2020-03-01,13878.0,3070.47
randomforest,2020-04-01,14498.0,3492.43
randomforest,2020-05-01,12378.0,3153.12
randomforest,2020-06-01,3986.0,2649.62
randomforest,2020-07-01,2125.0,1835.96
randomforest,2020-08-01,1595.0,1440.64
randomforest,2020-09-01,1327.0,676.5
randomforest,2020-10-01,989.0,517.74
randomforest,2020-11-01,1663.0,499.76
randomforest,2020-01-01,3065.0,1381.66
randomforest,2020-02-01,7404.0,1768.93
randomforest,2020-03-01,13878.0,3043.09
randomforest,2020-04-01,14498.0,3230.85
randomforest,2020-05-01,12378.0,3122.45
randomforest,2020-06-01,3986.0,2435.21
randomforest,2020-07-01,2125.0,1797.78
randomforest,2020-08-01,1595.0,1635.29
randomforest,2020-09-01,1327.0,1125.8
randomforest,2020-10-01,989.0,897.53
randomforest,2020-11-01,1663.0,884.76
randomforest,2020-12-01,1569.0,924.87
randomforest,2020-02-01,7404.0,4502.37
randomforest,2020-03-01,13878.0,4280.59
randomforest,2020-04-01,14498.0,3942.69
randomforest,2020-05-01,12378.0,3470.18
randomforest,2020-06-01,3986.0,2091.24
randomforest,2020-07-01,2125.0,1562.46
randomforest,2020-08-01,1595.0,1020.98
randomforest,2020-09-01,1327.0,1029.25
randomforest,2020-10-01,989.0,1248.57
randomforest,2020-11-01,1663.0,1454.57
randomforest,2020-12-01,1569.0,1706.46
randomforest,2021-01-01,2106.0,2480.25
randomforest,2020-03-01,13878.0,4807.04
randomforest,2020-04-01,14498.0,4148.75
randomforest,2020-05-01,12378.0,3282.3
randomforest,2020-06-01,3986.0,2071.32
randomforest,2020-07-01,2125.0,1557.1
randomforest,2020-08-01,1595.0,918.41
randomforest,2020-09-01,1327.0,885.38
randomforest,2020-10-01,989.0,923.41
randomforest,2020-11-01,1663.0,1383.38
randomforest,2020-12-01,1569.0,1859.04
randomforest,2021-01-01,2106.0,2576.08
randomforest,2021-02-01,2408.0,2947.28
randomforest,2020-04-01,14498.0,7454.87
randomforest,2020-05-01,12378.0,6232.48
randomforest,2020-06-01,3986.0,2733.28
randomforest,2020-07-01,2125.0,1761.52
randomforest,2020-08-01,1595.0,1587.83
randomforest,2020-09-01,1327.0,1202.31
randomforest,2020-10-01,989.0,1154.64
randomforest,2020-11-01,1663.0,1455.38
randomforest,2020-12-01,1569.0,2083.06
randomforest,2021-01-01,2106.0,3194.52
randomforest,2021-02-01,2408.0,3751.32
randomforest,2021-03-01,2411.0,3851.27
randomforest,2020-05-01,12378.0,9125.33
randomforest,2020-06-01,3986.0,5630.32
randomforest,2020-07-01,2125.0,2524.4
randomforest,2020-08-01,1595.0,1847.65
randomforest,2020-09-01,1327.0,1620.5
randomforest,2020-10-01,989.0,1537.25
randomforest,2020-11-01,1663.0,1720.0
randomforest,2020-12-01,1569.0,2713.25
randomforest,2021-01-01,2106.0,4448.0
randomforest,2021-02-01,2408.0,5459.13
randomforest,2021-03-01,2411.0,5443.42
randomforest,2021-04-01,3488.0,4207.12
randomforest,2020-06-01,3986.0,6885.74
randomforest,2020-07-01,2125.0,5691.67
randomforest,2020-08-01,1595.0,2858.9
randomforest,2020-09-01,1327.0,2017.46
randomforest,2020-10-01,989.0,2112.8
randomforest,2020-11-01,1663.0,2254.75
randomforest,2020-12-01,1569.0,2621.1
randomforest,2021-01-01,2106.0,4295.14
randomforest,2021-02-01,2408.0,5179.62
randomforest,2021-03-01,2411.0,5495.41
randomforest,2021-04-01,3488.0,5259.73
randomforest,2021-05-01,4774.0,4144.89
randomforest,2020-07-01,2125.0,2990.43
randomforest,2020-08-01,1595.0,2543.75
randomforest,2020-09-01,1327.0,2387.8
randomforest,2020-10-01,989.0,2347.27
randomforest,2020-11-01,1663.0,2418.74
randomforest,2020-12-01,1569.0,2800.15
randomforest,2021-01-01,2106.0,4664.58
randomforest,2021-02-01,2408.0,6632.33
randomforest,2021-03-01,2411.0,7321.99
randomforest,2021-04-01,3488.0,8688.65
randomforest,2021-05-01,4774.0,5531.0
randomforest,2021-06-01,2520.0,3420.36
randomforest,2020-08-01,1595.0,1952.46
randomforest,2020-09-01,1327.0,1969.8
randomforest,2020-10-01,989.0,2316.27
randomforest,2020-11-01,1663.0,2466.99
randomforest,2020-12-01,1569.0,2866.39
randomforest,2021-01-01,2106.0,4508.31
randomforest,2021-02-01,2408.0,5992.82
randomforest,2021-03-01,2411.0,6330.23
randomforest,2021-04-01,3488.0,6399.52
randomforest,2021-05-01,4774.0,3700.37
randomforest,2021-06-01,2520.0,2676.61
randomforest,2021-07-01,1181.0,2379.77
randomforest,2020-09-01,1327.0,1386.89
randomforest,2020-10-01,989.0,1383.98
randomforest,2020-11-01,1663.0,1578.31
randomforest,2020-12-01,1569.0,2324.3
randomforest,2021-01-01,2106.0,3802.35
randomforest,2021-02-01,2408.0,5613.98
randomforest,2021-03-01,2411.0,6410.06
randomforest,2021-04-01,3488.0,6565.17
randomforest,2021-05-01,4774.0,4019.1
randomforest,2021-06-01,2520.0,2971.16
randomforest,2021-07-01,1181.0,2216.69
randomforest,2021-08-01,978.0,1852.6
randomforest,2020-10-01,989.0,1474.99
randomforest,2020-11-01,1663.0,1692.91
randomforest,2020-12-01,1569.0,2642.19
randomforest,2021-01-01,2106.0,4479.36
randomforest,2021-02-01,2408.0,6105.72
randomforest,2021-03-01,2411.0,6368.96
randomforest,2021-04-01,3488.0,6165.42
randomforest,2021-05-01,4774.0,3066.58
randomforest,2021-06-01,2520.0,2582.16
randomforest,2021-07-01,1181.0,2109.73
randomforest,2021-08-01,978.0,2026.26
randomforest,2021-09-01,741.0,2166.21
randomforest,2020-11-01,1663.0,1547.31
randomforest,2020-12-01,1569.0,2057.86
randomforest,2021-01-01,2106.0,3849.32
randomforest,2021-02-01,2408.0,5873.73
randomforest,2021-03-01,2411.0,6300.17
randomforest,2021-04-01,3488.0,6174.22
randomforest,2021-05-01,4774.0,3140.22
randomforest,2021-06-01,2520.0,2499.02
randomforest,2021-07-01,1181.0,1847.87
randomforest,2021-08-01,978.0,1844.05
randomforest,2021-09-01,741.0,1912.85
randomforest,2021-10-01,706.0,2290.94
randomforest,2020-12-01,1569.0,2102.71
randomforest,2021-01-01,2106.0,3779.85
randomforest,2021-02-01,2408.0,5826.0
randomforest,2021-03-01,2411.0,6354.59
randomforest,2021-04-01,3488.0,6473.67
randomforest,2021-05-01,4774.0,3671.0
randomforest,2021-06-01,2520.0,2863.79
randomforest,2021-07-01,1181.0,2195.91
randomforest,2021-08-01,978.0,1930.83
randomforest,2021-09-01,741.0,1875.96
randomforest,2021-10-01,706.0,2143.43
randomforest,2021-11-01,1161.0,2369.54
randomforest,2021-01-01,2106.0,3020.1
randomforest,2021-02-01,2408.0,5392.74
randomforest,2021-03-01,2411.0,6377.42
randomforest,2021-04-01,3488.0,6263.22
randomforest,2021-05-01,4774.0,3160.36
randomforest,2021-06-01,2520.0,2687.73
randomforest,2021-07-01,1181.0,2172.8
randomforest,2021-08-01,978.0,1826.21
randomforest,2021-09-01,741.0,1789.26
randomforest,2021-10-01,706.0,1975.42
randomforest,2021-11-01,1161.0,2067.98
randomforest,2021-12-01,1897.0,2024.66
randomforest,2021-02-01,2408.0,4083.14
randomforest,2021-03-01,2411.0,6455.54
randomforest,2021-04-01,3488.0,6572.46
randomforest,2021-05-01,4774.0,4237.62
randomforest,2021-06-01,2520.0,3165.1
randomforest,2021-07-01,1181.0,2231.1
randomforest,2021-08-01,978.0,1738.27
randomforest,2021-09-01,741.0,1850.04
randomforest,2021-10-01,706.0,1950.04
randomforest,2021-11-01,1161.0,2113.6
randomforest,2021-12-01,1897.0,2093.09
randomforest,2022-01-01,6041.0,2119.71
randomforest,2021-03-01,2411.0,3099.41
randomforest,2021-04-01,3488.0,4174.16
randomforest,2021-05-01,4774.0,3558.58
randomforest,2021-06-01,2520.0,2598.0
randomforest,2021-07-01,1181.0,2077.92
randomforest,2021-08-01,978.0,1671.92
randomforest,2021-09-01,741.0,1483.72
randomforest,2021-10-01,706.0,1490.42
randomforest,2021-11-01,1161.0,1614.37
randomforest,2021-12-01,1897.0,1699.83
randomforest,2022-01-01,6041.0,1814.12
randomforest,2022-02-01,7641.0,2009.47
randomforest,2021-04-01,3488.0,2698.33
randomforest,2021-05-01,4774.0,2831.37
randomforest,2021-06-01,2520.0,2582.26
randomforest,2021-07-01,1181.0,1879.55
randomforest,2021-08-01,978.0,1672.69
randomforest,2021-09-01,741.0,1520.14
randomforest,2021-10-01,706.0,1595.76
randomforest,2021-11-01,1161.0,1704.69
randomforest,2021-12-01,1897.0,1820.69
randomforest,2022-01-01,6041.0,1962.77
randomforest,2022-02-01,7641.0,2048.26
randomforest,2022-03-01,13693.0,1992.21
randomforest,2021-05-01,4774.0,2869.41
randomforest,2021-06-01,2520.0,2525.12
randomforest,2021-07-01,1181.0,2020.29
randomforest,2021-08-01,978.0,1753.78
randomforest,2021-09-01,741.0,1802.85
randomforest,2021-10-01,706.0,1921.4
randomforest,2021-11-01,1161.0,2052.76
randomforest,2021-12-01,1897.0,2022.13
randomforest,2022-01-01,6041.0,2094.0
randomforest,2022-02-01,7641.0,2111.55
randomforest,2022-03-01,13693.0,2086.51
randomforest,2022-04-01,18176.0,2161.2
randomforest,2021-06-01,2520.0,3579.7
randomforest,2021-07-01,1181.0,2616.05
randomforest,2021-08-01,978.0,2303.38
randomforest,2021-09-01,741.0,1951.7
randomforest,2021-10-01,706.0,2061.13
randomforest,2021-11-01,1161.0,2079.19
randomforest,2021-12-01,1897.0,2083.69
randomforest,2022-01-01,6041.0,2090.7
randomforest,2022-02-01,7641.0,2129.44
randomforest,2022-03-01,13693.0,2250.58
randomforest,2022-04-01,18176.0,2424.78
randomforest,2022-05-01,15727.0,2742.58
randomforest,2021-07-01,1181.0,2189.53
randomforest,2021-08-01,978.0,1893.69
randomforest,2021-09-01,741.0,1886.44
randomforest,2021-10-01,706.0,2144.27
randomforest,2021-11-01,1161.0,2220.55
randomforest,2021-12-01,1897.0,2209.62
randomforest,2022-01-01,6041.0,2201.9
randomforest,2022-02-01,7641.0,2182.41
randomforest,2022-03-01,13693.0,2238.08
randomforest,2022-04-01,18176.0,2443.54
randomforest,2022-05-01,15727.0,2759.72
randomforest,2022-06-01,6163.0,2539.86
randomforest,2021-08-01,978.0,1185.38
randomforest,2021-09-01,741.0,1325.8
randomforest,2021-10-01,706.0,1544.73
randomforest,2021-11-01,1161.0,1676.87
randomforest,2021-12-01,1897.0,2003.31
randomforest,2022-01-01,6041.0,2185.72
randomforest,2022-02-01,7641.0,2403.41
randomforest,2022-03-01,13693.0,2302.47
randomforest,2022-04-01,18176.0,2519.42
randomforest,2022-05-01,15727.0,2371.89
randomforest,2022-06-01,6163.0,1817.02
randomforest,2022-07-01,3171.0,1730.3
randomforest,2021-09-01,741.0,1277.87
randomforest,2021-10-01,706.0,1518.28
randomforest,2021-11-01,1161.0,1675.19
randomforest,2021-12-01,1897.0,1978.76
randomforest,2022-01-01,6041.0,2285.33
randomforest,2022-02-01,7641.0,2427.38
randomforest,2022-03-01,13693.0,2486.98
randomforest,2022-04-01,18176.0,2609.27
randomforest,2022-05-01,15727.0,2433.12
randomforest,2022-06-01,6163.0,1813.02
randomforest,2022-07-01,3171.0,1638.65
randomforest,2022-08-01,2379.0,1425.38
randomforest,2021-10-01,706.0,941.96
randomforest,2021-11-01,1161.0,1567.33
randomforest,2021-12-01,1897.0,1886.31
randomforest,2022-01-01,6041.0,2383.58
randomforest,2022-02-01,7641.0,2494.96
randomforest,2022-03-01,13693.0,2708.37
randomforest,2022-04-01,18176.0,3097.03
randomforest,2022-05-01,15727.0,2974.81
randomforest,2022-06-01,6163.0,2014.35
randomforest,2022-07-01,3171.0,1509.68
randomforest,2022-08-01,2379.0,1176.8
randomforest,2022-09-01,2638.0,1213.2
randomforest,2021-11-01,1161.0,788.15
randomforest,2021-12-01,1897.0,1348.77
randomforest,2022-01-01,6041.0,1847.68
randomforest,2022-02-01,7641.0,2359.49
randomforest,2022-03-01,13693.0,2628.21
randomforest,2022-04-01,18176.0,2958.45
randomforest,2022-05-01,15727.0,3177.9
randomforest,2022-06-01,6163.0,2296.87
randomforest,2022-07-01,3171.0,1471.32
randomforest,2022-08-01,2379.0,1203.5
randomforest,2022-09-01,2638.0,1181.78
randomforest,2022-10-01,3062.0,1210.23
randomforest,2021-12-01,1897.0,1682.98
randomforest,2022-01-01,6041.0,1949.81
randomforest,2022-02-01,7641.0,2421.92
randomforest,2022-03-01,13693.0,2650.27
randomforest,2022-04-01,18176.0,2827.76
randomforest,2022-05-01,15727.0,3051.3
randomforest,2022-06-01,6163.0,2231.86
randomforest,2022-07-01,3171.0,1455.89
randomforest,2022-08-01,2379.0,1122.43
randomforest,2022-09-01,2638.0,1124.15
randomforest,2022-10-01,3062.0,1232.03
randomforest,2022-11-01,2911.0,1500.31
randomforest,2022-01-01,6041.0,2199.07
randomforest,2022-02-01,7641.0,2413.73
randomforest,2022-03-01,13693.0,2582.81
randomforest,2022-04-01,18176.0,2623.75
randomforest,2022-05-01,15727.0,2340.24
randomforest,2022-06-01,6163.0,1680.86
randomforest,2022-07-01,3171.0,1333.82
randomforest,2022-08-01,2379.0,1174.7
randomforest,2022-09-01,2638.0,1254.45
randomforest,2022-10-01,3062.0,1529.4
randomforest,2022-11-01,2911.0,1795.11
randomforest,2022-12-01,3744.0,2397.62
randomforest,2022-02-01,7641.0,3858.88
randomforest,2022-03-01,13693.0,3211.46
randomforest,2022-04-01,18176.0,3080.96
randomforest,2022-05-01,15727.0,2630.72
randomforest,2022-06-01,6163.0,1767.43
randomforest,2022-07-01,3171.0,1734.1
randomforest,2022-08-01,2379.0,2291.18
randomforest,2022-09-01,2638.0,2406.1
randomforest,2022-10-01,3062.0,2939.06
randomforest,2022-11-01,2911.0,3766.17
randomforest,2022-12-01,3744.0,3566.6
randomforest,2023-01-01,5478.0,2680.5
randomforest,2022-03-01,13693.0,6547.22
randomforest,2022-04-01,18176.0,5021.82
randomforest,2022-05-01,15727.0,3173.09
randomforest,2022-06-01,6163.0,2123.22
randomforest,2022-07-01,3171.0,1630.22
randomforest,2022-08-01,2379.0,1251.55
randomforest,2022-09-01,2638.0,1288.91
randomforest,2022-10-01,3062.0,1585.57
randomforest,2022-11-01,2911.0,1903.28
randomforest,2022-12-01,3744.0,3551.34
randomforest,2023-01-01,5478.0,4254.18
randomforest,2023-02-01,4938.0,3725.5
randomforest,2022-04-01,18176.0,10146.3
randomforest,2022-05-01,15727.0,7179.63
randomforest,2022-06-01,6163.0,6526.86
randomforest,2022-07-01,3171.0,4678.25
randomforest,2022-08-01,2379.0,2756.57
randomforest,2022-09-01,2638.0,2724.55
randomforest,2022-10-01,3062.0,3204.25
randomforest,2022-11-01,2911.0,3687.87
randomforest,2022-12-01,3744.0,3344.99
randomforest,2023-01-01,5478.0,3392.13
randomforest,2023-02-01,4938.0,3481.81
randomforest,2023-03-01,5663.0,3529.9
randomforest,2022-05-01,15727.0,9994.45
randomforest,2022-06-01,6163.0,7205.84
randomforest,2022-07-01,3171.0,6784.04
randomforest,2022-08-01,2379.0,5910.14
randomforest,2022-09-01,2638.0,4143.59
randomforest,2022-10-01,3062.0,2844.46
randomforest,2022-11-01,2911.0,3201.57
randomforest,2022-12-01,3744.0,3452.88
randomforest,2023-01-01,5478.0,3013.97
randomforest,2023-02-01,4938.0,2968.06
randomforest,2023-03-01,5663.0,3196.52
randomforest,2023-04-01,6983.0,3304.65
randomforest,2022-06-01,6163.0,10616.81
randomforest,2022-07-01,3171.0,7605.92
randomforest,2022-08-01,2379.0,7313.66
randomforest,2022-09-01,2638.0,7759.92
randomforest,2022-10-01,3062.0,8163.84
randomforest,2022-11-01,2911.0,8743.27
randomforest,2022-12-01,3744.0,10369.19
randomforest,2023-01-01,5478.0,10803.63
randomforest,2023-02-01,4938.0,11275.17
randomforest,2023-03-01,5663.0,11512.86
randomforest,2023-04-01,6983.0,11247.89
randomforest,2023-05-01,4417.0,11501.19
randomforest,2022-07-01,3171.0,4390.31
randomforest,2022-08-01,2379.0,2594.59
randomforest,2022-09-01,2638.0,2392.59
randomforest,2022-10-01,3062.0,2804.57
randomforest,2022-11-01,2911.0,3285.69
randomforest,2022-12-01,3744.0,3443.11
randomforest,2023-01-01,5478.0,2970.78
randomforest,2023-02-01,4938.0,2814.65
randomforest,2023-03-01,5663.0,3035.34
randomforest,2023-04-01,6983.0,2968.77
randomforest,2023-05-01,4417.0,3060.5
randomforest,2023-06-01,3165.0,3117.12
randomforest,2022-08-01,2379.0,2601.71
randomforest,2022-09-01,2638.0,2589.04
randomforest,2022-10-01,3062.0,2859.44
randomforest,2022-11-01,2911.0,3422.09
randomforest,2022-12-01,3744.0,3638.36
randomforest,2023-01-01,5478.0,3159.36
randomforest,2023-02-01,4938.0,2924.92
randomforest,2023-03-01,5663.0,2908.61
randomforest,2023-04-01,6983.0,2988.92
randomforest,2023-05-01,4417.0,2942.58
randomforest,2023-06-01,3165.0,2829.22
randomforest,2023-07-01,2934.0,2620.17
randomforest,2022-09-01,2638.0,2570.68
randomforest,2022-10-01,3062.0,2728.93
randomforest,2022-11-01,2911.0,3251.15
randomforest,2022-12-01,3744.0,3488.8
randomforest,2023-01-01,5478.0,3004.2
randomforest,2023-02-01,4938.0,2770.06
randomforest,2023-03-01,5663.0,2846.05
randomforest,2023-04-01,6983.0,2908.55
randomforest,2023-05-01,4417.0,2959.3
randomforest,2023-06-01,3165.0,2861.07
randomforest,2023-07-01,2934.0,2454.09
randomforest,2023-08-01,2086.0,2246.56
randomforest,2022-10-01,3062.0,2904.89
randomforest,2022-11-01,2911.0,3540.2
randomforest,2022-12-01,3744.0,3685.96
randomforest,2023-01-01,5478.0,3153.65
randomforest,2023-02-01,4938.0,2924.09
randomforest,2023-03-01,5663.0,3101.76
randomforest,2023-04-01,6983.0,3454.58
randomforest,2023-05-01,4417.0,3094.32
randomforest,2023-06-01,3165.0,2919.56
randomforest,2023-07-01,2934.0,2431.55
randomforest,2023-08-01,2086.0,2535.72
randomforest,2023-09-01,2295.0,2767.56
randomforest,2022-11-01,2911.0,3533.21
randomforest,2022-12-01,3744.0,3467.31
randomforest,2023-01-01,5478.0,3347.17
randomforest,2023-02-01,4938.0,3166.34
randomforest,2023-03-01,5663.0,3250.02
randomforest,2023-04-01,6983.0,3377.04
randomforest,2023-05-01,4417.0,2875.22
randomforest,2023-06-01,3165.0,2498.14
randomforest,2023-07-01,2934.0,2236.89
randomforest,2023-08-01,2086.0,2259.4
randomforest,2023-09-01,2295.0,2473.44
randomforest,2023-10-01,2355.0,2690.42
randomforest,2022-12-01,3744.0,3259.28
randomforest,2023-01-01,5478.0,3287.85
randomforest,2023-02-01,4938.0,3128.75
randomforest,2023-03-01,5663.0,3193.88
randomforest,2023-04-01,6983.0,3189.64
randomforest,2023-05-01,4417.0,3018.52
randomforest,2023-06-01,3165.0,2725.74
randomforest,2023-07-01,2934.0,2347.4
randomforest,2023-08-01,2086.0,2476.47
randomforest,2023-09-01,2295.0,2701.15
randomforest,2023-10-01,2355.0,2968.6
randomforest,2023-11-01,3868.0,3154.97
randomforest,2023-01-01,5478.0,3660.53
randomforest,2023-02-01,4938.0,3079.42
randomforest,2023-03-01,5663.0,2918.39
randomforest,2023-04-01,6983.0,3109.28
randomforest,2023-05-01,4417.0,3206.05
randomforest,2023-06-01,3165.0,2659.43
randomforest,2023-07-01,2934.0,2185.35
randomforest,2023-08-01,2086.0,2308.22
randomforest,2023-09-01,2295.0,2498.87
randomforest,2023-10-01,2355.0,2805.09
randomforest,2023-11-01,3868.0,3265.8
randomforest,2023-12-01,20715.0,3477.13
randomforest,2023-02-01,4938.0,4466.72
randomforest,2023-03-01,5663.0,3485.35
randomforest,2023-04-01,6983.0,3042.07
randomforest,2023-05-01,4417.0,2876.48
randomforest,2023-06-01,3165.0,2955.91
randomforest,2023-07-01,2934.0,2613.56
randomforest,2023-08-01,2086.0,2550.02
randomforest,2023-09-01,2295.0,3035.35
randomforest,2023-10-01,2355.0,3161.12
randomforest,2023-11-01,3868.0,3369.59
randomforest,2023-12-01,20715.0,3469.17
randomforest,2024-01-01,72410.0,3666.55
randomforest,2023-03-01,5663.0,3736.99
randomforest,2023-04-01,6983.0,3402.67
randomforest,2023-05-01,4417.0,3264.39
randomforest,2023-06-01,3165.0,2865.8
randomforest,2023-07-01,2934.0,2415.1
randomforest,2023-08-01,2086.0,2636.05
randomforest,2023-09-01,2295.0,3362.38
randomforest,2023-10-01,2355.0,3875.19
randomforest,2023-11-01,3868.0,3945.25
randomforest,2023-12-01,20715.0,3927.39
randomforest,2024-01-01,72410.0,3871.53
randomforest,2024-02-01,98704.0,4019.41
randomforest,2023-04-01,6983.0,4453.17
randomforest,2023-05-01,4417.0,3828.32
randomforest,2023-06-01,3165.0,3367.03
randomforest,2023-07-01,2934.0,2437.75
randomforest,2023-08-01,2086.0,2430.73
randomforest,2023-09-01,2295.0,3146.11
randomforest,2023-10-01,2355.0,3649.31
randomforest,2023-11-01,3868.0,4056.59
randomforest,2023-12-01,20715.0,4457.23
randomforest,2024-01-01,72410.0,4454.0
randomforest,2024-02-01,98704.0,4412.89
randomforest,2024-03-01,82032.0,4975.84
randomforest,2023-05-01,4417.0,9633.33
randomforest,2023-06-01,3165.0,9843.07
randomforest,2023-07-01,2934.0,9107.55
randomforest,2023-08-01,2086.0,8573.83
randomforest,2023-09-01,2295.0,8710.36
randomforest,2023-10-01,2355.0,8742.64
randomforest,2023-11-01,3868.0,8973.48
randomforest,2023-12-01,20715.0,9228.79
randomforest,2024-01-01,72410.0,9437.04
randomforest,2024-02-01,98704.0,9532.51
randomforest,2024-03-01,82032.0,10410.01
randomforest,2024-04-01,30462.0,10559.27
randomforest,2023-06-01,3165.0,3577.2
randomforest,2023-07-01,2934.0,2727.21
randomforest,2023-08-01,2086.0,2526.52
randomforest,2023-09-01,2295.0,3147.56
randomforest,2023-10-01,2355.0,3705.41
randomforest,2023-11-01,3868.0,4202.63
randomforest,2023-12-01,20715.0,4541.96
randomforest,2024-01-01,72410.0,4637.0
randomforest,2024-02-01,98704.0,4679.15
randomforest,2024-03-01,82032.0,5418.51
randomforest,2024-04-01,30462.0,5896.35
randomforest,2024-05-01,14210.0,6078.53
randomforest,2023-07-01,2934.0,2755.16
randomforest,2023-08-01,2086.0,2753.47
randomforest,2023-09-01,2295.0,3406.07
randomforest,2023-10-01,2355.0,3831.89
randomforest,2023-11-01,3868.0,4256.11
randomforest,2023-12-01,20715.0,4392.57
randomforest,2024-01-01,72410.0,4576.17
randomforest,2024-02-01,98704.0,4477.71
randomforest,2024-03-01,82032.0,5174.95
randomforest,2024-04-01,30462.0,5478.99
randomforest,2024-05-01,14210.0,5039.11
randomforest,2024-06-01,4584.0,4050.96
randomforest,2023-08-01,2086.0,2965.68
randomforest,2023-09-01,2295.0,3435.91
randomforest,2023-10-01,2355.0,3730.04
randomforest,2023-11-01,3868.0,4298.36
randomforest,2023-12-01,20715.0,4455.44
randomforest,2024-01-01,72410.0,4572.13
randomforest,2024-02-01,98704.0,4532.38
randomforest,2024-03-01,82032.0,5392.06
randomforest,2024-04-01,30462.0,5493.78
randomforest,2024-05-01,14210.0,5181.57
randomforest,2024-06-01,4584.0,3920.91
randomforest,2024-07-01,1353.0,3565.0
randomforest,2023-09-01,2295.0,2968.12
randomforest,2023-10-01,2355.0,3272.93
randomforest,2023-11-01,3868.0,3708.81
randomforest,2023-12-01,20715.0,4183.94
randomforest,2024-01-01,72410.0,4583.26
randomforest,2024-02-01,98704.0,4636.03
randomforest,2024-03-01,82032.0,5232.99
randomforest,2024-04-01,30462.0,5551.52
randomforest,2024-05-01,14210.0,5017.82
randomforest,2024-06-01,4584.0,4027.69
randomforest,2024-07-01,1353.0,3332.15
randomforest,2024-08-01,1368.0,3393.17
randomforest,2023-10-01,2355.0,2706.71
randomforest,2023-11-01,3868.0,3369.22
randomforest,2023-12-01,20715.0,4096.5
randomforest,2024-01-01,72410.0,4470.89
randomforest,2024-02-01,98704.0,4519.03
randomforest,2024-03-01,82032.0,5192.73
randomforest,2024-04-01,30462.0,5828.08
randomforest,2024-05-01,14210.0,5901.31
randomforest,2024-06-01,4584.0,4328.71
randomforest,2024-07-01,1353.0,3243.57
randomforest,2024-08-01,1368.0,3007.31
randomforest,2024-09-01,1506.0,3054.2
randomforest,2023-11-01,3868.0,3215.49
randomforest,2023-12-01,20715.0,4007.5
randomforest,2024-01-01,72410.0,4446.15
randomforest,2024-02-01,98704.0,4460.27
randomforest,2024-03-01,82032.0,5067.04
randomforest,2024-04-01,30462.0,5675.43
randomforest,2024-05-01,14210.0,5707.58
randomforest,2024-06-01,4584.0,4133.62
randomforest,2024-07-01,1353.0,3248.77
randomforest,2024-08-01,1368.0,2985.59
randomforest,2024-09-01,1506.0,2961.15
randomforest,2024-10-01,1598.0,3137.17
randomforest,2023-12-01,20715.0,4348.86
randomforest,2024-01-01,72410.0,4209.46
randomforest,2024-02-01,98704.0,4354.97
randomforest,2024-03-01,82032.0,4777.71
randomforest,2024-04-01,30462.0,4709.51
randomforest,2024-05-01,14210.0,3819.32
randomforest,2024-06-01,4584.0,3355.83
randomforest,2024-07-01,1353.0,3032.31
randomforest,2024-08-01,1368.0,3092.85
randomforest,2024-09-01,1506.0,3263.54
randomforest,2024-10-01,1598.0,3733.72
randomforest,2024-11-01,2674.0,3921.96
randomforest,2024-01-01,72410.0,15461.25
randomforest,2024-02-01,98704.0,14273.9
randomforest,2024-03-01,82032.0,13594.22
randomforest,2024-04-01,30462.0,13320.45
randomforest,2024-05-01,14210.0,12333.9
randomforest,2024-06-01,4584.0,8184.5
randomforest,2024-07-01,1353.0,8352.03
randomforest,2024-08-01,1368.0,8423.56
randomforest,2024-09-01,1506.0,9069.14
randomforest,2024-10-01,1598.0,9589.32
randomforest,2024-11-01,2674.0,9776.73
randomforest,2024-12-01,2416.0,11863.48
timesfm,2014-01-01,1115.0,750.8273315429688
timesfm,2014-02-01,2206.0,962.4625854492188
timesfm,2014-03-01,2971.0,1196.2509765625
timesfm,2014-04-01,3858.0,1223.9654541015625
timesfm,2014-05-01,4606.0,1069.5009765625
timesfm,2014-06-01,2788.0,710.4545288085938
timesfm,2014-07-01,1104.0,424.6920166015625
timesfm,2014-08-01,368.0,314.11212158203125
timesfm,2014-09-01,197.0,320.89276123046875
timesfm,2014-10-01,173.0,328.8403015136719
timesfm,2014-11-01,312.0,284.50738525390625
timesfm,2014-12-01,183.0,329.97894287109375
timesfm,2014-02-01,2206.0,1598.500244140625
timesfm,2014-03-01,2971.0,1916.7452392578125
timesfm,2014-04-01,3858.0,1886.0322265625
timesfm,2014-05-01,4606.0,1496.9378662109375
timesfm,2014-06-01,2788.0,953.2753295898438
timesfm,2014-07-01,1104.0,495.3753967285156
timesfm,2014-08-01,368.0,327.7080993652344
timesfm,2014-09-01,197.0,294.7174072265625
timesfm,2014-10-01,173.0,313.9949035644531
timesfm,2014-11-01,312.0,298.114501953125
timesfm,2014-12-01,183.0,295.85858154296875
timesfm,2015-01-01,479.0,444.53289794921875
timesfm,2014-03-01,2971.0,3084.79150390625
timesfm,2014-04-01,3858.0,2926.152099609375
timesfm,2014-05-01,4606.0,2313.894775390625
timesfm,2014-06-01,2788.0,1449.114501953125
timesfm,2014-07-01,1104.0,806.4461059570312
timesfm,2014-08-01,368.0,444.460693359375
timesfm,2014-09-01,197.0,391.4388732910156
timesfm,2014-10-01,173.0,359.6230773925781
timesfm,2014-11-01,312.0,356.7893981933594
timesfm,2014-12-01,183.0,427.564453125
timesfm,2015-01-01,479.0,558.8802490234375
timesfm,2015-02-01,933.0,1052.876953125
timesfm,2014-04-01,3858.0,3003.032958984375
timesfm,2014-05-01,4606.0,2420.027099609375
timesfm,2014-06-01,2788.0,1572.822265625
timesfm,2014-07-01,1104.0,847.7098388671875
timesfm,2014-08-01,368.0,461.4256286621094
timesfm,2014-09-01,197.0,370.9039306640625
timesfm,2014-10-01,173.0,267.421142578125
timesfm,2014-11-01,312.0,244.67250061035156
timesfm,2014-12-01,183.0,423.95269775390625
timesfm,2015-01-01,479.0,692.209228515625
timesfm,2015-02-01,933.0,1166.9642333984375
timesfm,2015-03-01,1747.0,1734.2122802734375
timesfm,2014-05-01,4606.0,3396.64990234375
timesfm,2014-06-01,2788.0,2342.38232421875
timesfm,2014-07-01,1104.0,1407.9444580078125
timesfm,2014-08-01,368.0,845.5195922851562
timesfm,2014-09-01,197.0,567.01416015625
timesfm,2014-10-01,173.0,390.1765441894531
timesfm,2014-11-01,312.0,344.5472106933594
timesfm,2014-12-01,183.0,442.8101501464844
timesfm,2015-01-01,479.0,764.994140625
timesfm,2015-02-01,933.0,1253.1787109375
timesfm,2015-03-01,1747.0,1683.4593505859375
timesfm,2015-04-01,3129.0,1889.4334716796875
timesfm,2014-06-01,2788.0,3647.660400390625
timesfm,2014-07-01,1104.0,2602.043212890625
timesfm,2014-08-01,368.0,1748.4068603515625
timesfm,2014-09-01,197.0,1201.707275390625
timesfm,2014-10-01,173.0,817.5504760742188
timesfm,2014-11-01,312.0,619.0562133789062
timesfm,2014-12-01,183.0,582.781494140625
timesfm,2015-01-01,479.0,789.33642578125
timesfm,2015-02-01,933.0,1226.33447265625
timesfm,2015-03-01,1747.0,1615.570556640625
timesfm,2015-04-01,3129.0,1741.155029296875
timesfm,2015-05-01,3306.0,1614.9853515625
timesfm,2014-07-01,1104.0,1441.4613037109375
timesfm,2014-08-01,368.0,943.5254516601562
timesfm,2014-09-01,197.0,720.5123901367188
timesfm,2014-10-01,173.0,622.371337890625
timesfm,2014-11-01,312.0,610.2407836914062
timesfm,2014-12-01,183.0,652.3447265625
timesfm,2015-01-01,479.0,884.1207885742188
timesfm,2015-02-01,933.0,1408.5255126953125
timesfm,2015-03-01,1747.0,2019.7008056640625
timesfm,2015-04-01,3129.0,2204.75
timesfm,2015-05-01,3306.0,1980.03662109375
timesfm,2015-06-01,1263.0,1408.6986083984375
timesfm,2014-08-01,368.0,571.4838256835938
timesfm,2014-09-01,197.0,502.33172607421875
timesfm,2014-10-01,173.0,465.0238037109375
timesfm,2014-11-01,312.0,467.1070861816406
timesfm,2014-12-01,183.0,551.8381958007812
timesfm,2015-01-01,479.0,726.05517578125
timesfm,2015-02-01,933.0,1144.427978515625
timesfm,2015-03-01,1747.0,1717.3858642578125
timesfm,2015-04-01,3129.0,1911.2764892578125
timesfm,2015-05-01,3306.0,1709.341552734375
timesfm,2015-06-01,1263.0,1082.110107421875
timesfm,2015-07-01,460.0,543.4437255859375
timesfm,2014-09-01,197.0,337.95416259765625
timesfm,2014-10-01,173.0,354.9622802734375
timesfm,2014-11-01,312.0,381.6099853515625
timesfm,2014-12-01,183.0,483.23260498046875
timesfm,2015-01-01,479.0,654.7489624023438
timesfm,2015-02-01,933.0,1139.425048828125
timesfm,2015-03-01,1747.0,1785.3978271484375
timesfm,2015-04-01,3129.0,2032.18994140625
timesfm,2015-05-01,3306.0,1811.914306640625
timesfm,2015-06-01,1263.0,1167.95166015625
timesfm,2015-07-01,460.0,561.3029174804688
timesfm,2015-08-01,356.0,247.05181884765625
timesfm,2014-10-01,173.0,217.45693969726562
timesfm,2014-11-01,312.0,243.60174560546875
timesfm,2014-12-01,183.0,352.6639709472656
timesfm,2015-01-01,479.0,566.6146850585938
timesfm,2015-02-01,933.0,1003.1734008789062
timesfm,2015-03-01,1747.0,1575.106201171875
timesfm,2015-04-01,3129.0,1839.32080078125
timesfm,2015-05-01,3306.0,1705.553955078125
timesfm,2015-06-01,1263.0,1124.02587890625
timesfm,2015-07-01,460.0,548.2781982421875
timesfm,2015-08-01,356.0,236.93763732910156
timesfm,2015-09-01,118.0,115.91340637207031
timesfm,2014-11-01,312.0,185.79864501953125
timesfm,2014-12-01,183.0,282.7848815917969
timesfm,2015-01-01,479.0,509.4418029785156
timesfm,2015-02-01,933.0,956.5438842773438
timesfm,2015-03-01,1747.0,1456.72607421875
timesfm,2015-04-01,3129.0,1697.4588623046875
timesfm,2015-05-01,3306.0,1555.502685546875
timesfm,2015-06-01,1263.0,1011.2554321289062
timesfm,2015-07-01,460.0,554.3041381835938
timesfm,2015-08-01,356.0,204.41400146484375
timesfm,2015-09-01,118.0,131.72540283203125
timesfm,2015-10-01,152.0,93.16580200195312
timesfm,2014-12-01,183.0,317.615966796875
timesfm,2015-01-01,479.0,616.516845703125
timesfm,2015-02-01,933.0,1207.19921875
timesfm,2015-03-01,1747.0,1888.557373046875
timesfm,2015-04-01,3129.0,2139.814208984375
timesfm,2015-05-01,3306.0,1937.0126953125
timesfm,2015-06-01,1263.0,1195.2440185546875
timesfm,2015-07-01,460.0,550.623291015625
timesfm,2015-08-01,356.0,284.14178466796875
timesfm,2015-09-01,118.0,145.2741241455078
timesfm,2015-10-01,152.0,128.9828643798828
timesfm,2015-11-01,489.0,125.58126831054688
timesfm,2015-01-01,479.0,224.86929321289062
timesfm,2015-02-01,933.0,693.7987670898438
timesfm,2015-03-01,1747.0,1224.2083740234375
timesfm,2015-04-01,3129.0,1545.2333984375
timesfm,2015-05-01,3306.0,1463.359130859375
timesfm,2015-06-01,1263.0,967.4108276367188
timesfm,2015-07-01,460.0,484.98583984375
timesfm,2015-08-01,356.0,199.03884887695312
timesfm,2015-09-01,118.0,170.94061279296875
timesfm,2015-10-01,152.0,131.26564025878906
timesfm,2015-11-01,489.0,148.3143310546875
timesfm,2015-12-01,742.0,149.2516632080078
timesfm,2015-02-01,933.0,969.6693115234375
timesfm,2015-03-01,1747.0,1612.212890625
timesfm,2015-04-01,3129.0,1779.8314208984375
timesfm,2015-05-01,3306.0,1589.343017578125
timesfm,2015-06-01,1263.0,923.44140625
timesfm,2015-07-01,460.0,423.4313659667969
timesfm,2015-08-01,356.0,190.05772399902344
timesfm,2015-09-01,118.0,127.58940887451172
timesfm,2015-10-01,152.0,170.12892150878906
timesfm,2015-11-01,489.0,201.86044311523438
timesfm,2015-12-01,742.0,295.34033203125
timesfm,2016-01-01,4072.0,519.7020263671875
timesfm,2015-03-01,1747.0,1611.2327880859375
timesfm,2015-04-01,3129.0,1882.5947265625
timesfm,2015-05-01,3306.0,1623.0909423828125
timesfm,2015-06-01,1263.0,879.5233764648438
timesfm,2015-07-01,460.0,313.42828369140625
timesfm,2015-08-01,356.0,69.88641357421875
timesfm,2015-09-01,118.0,40.558311462402344
timesfm,2015-10-01,152.0,85.24533081054688
timesfm,2015-11-01,489.0,186.42050170898438
timesfm,2015-12-01,742.0,327.26031494140625
timesfm,2016-01-01,4072.0,524.4449462890625
timesfm,2016-02-01,6168.0,977.860107421875
timesfm,2015-04-01,3129.0,2189.9541015625
timesfm,2015-05-01,3306.0,1930.653076171875
timesfm,2015-06-01,1263.0,1160.537841796875
timesfm,2015-07-01,460.0,546.5660400390625
timesfm,2015-08-01,356.0,256.9227600097656
timesfm,2015-09-01,118.0,203.0362091064453
timesfm,2015-10-01,152.0,174.52474975585938
timesfm,2015-11-01,489.0,197.037109375
timesfm,2015-12-01,742.0,365.50799560546875
timesfm,2016-01-01,4072.0,626.2853393554688
timesfm,2016-02-01,6168.0,1068.85400390625
timesfm,2016-03-01,5445.0,1593.708984375
timesfm,2015-05-01,3306.0,2951.34228515625
timesfm,2015-06-01,1263.0,1827.38671875
timesfm,2015-07-01,460.0,919.0192260742188
timesfm,2015-08-01,356.0,476.83392333984375
timesfm,2015-09-01,118.0,379.0475158691406
timesfm,2015-10-01,152.0,368.4019775390625
timesfm,2015-11-01,489.0,329.6409912109375
timesfm,2015-12-01,742.0,415.3043212890625
timesfm,2016-01-01,4072.0,767.740234375
timesfm,2016-02-01,6168.0,1255.032470703125
timesfm,2016-03-01,5445.0,1819.32861328125
timesfm,2016-04-01,3539.0,2258.518798828125
timesfm,2015-06-01,1263.0,2042.1798095703125
timesfm,2015-07-01,460.0,1103.8983154296875
timesfm,2015-08-01,356.0,526.4486083984375
timesfm,2015-09-01,118.0,337.458251953125
timesfm,2015-10-01,152.0,327.4341125488281
timesfm,2015-11-01,489.0,242.5018310546875
timesfm,2015-12-01,742.0,283.55120849609375
timesfm,2016-01-01,4072.0,659.473876953125
timesfm,2016-02-01,6168.0,1261.7880859375
timesfm,2016-03-01,5445.0,1920.061767578125
timesfm,2016-04-01,3539.0,2327.635498046875
timesfm,2016-05-01,2218.0,2277.005859375
timesfm,2015-07-01,460.0,573.4111328125
timesfm,2015-08-01,356.0,246.734130859375
timesfm,2015-09-01,118.0,143.49253845214844
timesfm,2015-10-01,152.0,208.67080688476562
timesfm,2015-11-01,489.0,283.43572998046875
timesfm,2015-12-01,742.0,256.3173828125
timesfm,2016-01-01,4072.0,494.9891662597656
timesfm,2016-02-01,6168.0,1112.97607421875
timesfm,2016-03-01,5445.0,1856.585693359375
timesfm,2016-04-01,3539.0,2268.30517578125
timesfm,2016-05-01,2218.0,2109.75341796875
timesfm,2016-06-01,723.0,1222.9263916015625
timesfm,2015-08-01,356.0,215.74839782714844
timesfm,2015-09-01,118.0,141.5078887939453
timesfm,2015-10-01,152.0,156.19630432128906
timesfm,2015-11-01,489.0,209.92079162597656
timesfm,2015-12-01,742.0,312.755859375
timesfm,2016-01-01,4072.0,457.2926330566406
timesfm,2016-02-01,6168.0,1015.5140991210938
timesfm,2016-03-01,5445.0,1672.082763671875
timesfm,2016-04-01,3539.0,2179.7802734375
timesfm,2016-05-01,2218.0,2126.110595703125
timesfm,2016-06-01,723.0,1138.9541015625
timesfm,2016-07-01,463.0,388.75396728515625
timesfm,2015-09-01,118.0,278.03271484375
timesfm,2015-10-01,152.0,284.5338134765625
timesfm,2015-11-01,489.0,249.37997436523438
timesfm,2015-12-01,742.0,288.89202880859375
timesfm,2016-01-01,4072.0,546.2657470703125
timesfm,2016-02-01,6168.0,1131.7962646484375
timesfm,2016-03-01,5445.0,1792.7001953125
timesfm,2016-04-01,3539.0,2184.49462890625
timesfm,2016-05-01,2218.0,2053.568359375
timesfm,2016-06-01,723.0,1135.65869140625
timesfm,2016-07-01,463.0,420.33740234375
timesfm,2016-08-01,169.0,114.1629867553711
timesfm,2015-10-01,152.0,204.17405700683594
timesfm,2015-11-01,489.0,292.0275573730469
timesfm,2015-12-01,742.0,301.6332702636719
timesfm,2016-01-01,4072.0,529.4508056640625
timesfm,2016-02-01,6168.0,1123.38427734375
timesfm,2016-03-01,5445.0,1746.2738037109375
timesfm,2016-04-01,3539.0,2107.849853515625
timesfm,2016-05-01,2218.0,1979.654541015625
timesfm,2016-06-01,723.0,1183.8804931640625
timesfm,2016-07-01,463.0,494.4295654296875
timesfm,2016-08-01,169.0,172.42807006835938
timesfm,2016-09-01,152.0,88.75953674316406
timesfm,2015-11-01,489.0,136.8540802001953
timesfm,2015-12-01,742.0,332.0318603515625
timesfm,2016-01-01,4072.0,576.9151000976562
timesfm,2016-02-01,6168.0,1010.1281127929688
timesfm,2016-03-01,5445.0,1754.4656982421875
timesfm,2016-04-01,3539.0,2144.623779296875
timesfm,2016-05-01,2218.0,1968.087646484375
timesfm,2016-06-01,723.0,1161.1251220703125
timesfm,2016-07-01,463.0,451.18994140625
timesfm,2016-08-01,169.0,70.39714050292969
timesfm,2016-09-01,152.0,0.0
timesfm,2016-10-01,208.0,76.21975708007812
timesfm,2015-12-01,742.0,446.1005554199219
timesfm,2016-01-01,4072.0,740.1321411132812
timesfm,2016-02-01,6168.0,1279.1282958984375
timesfm,2016-03-01,5445.0,1989.351318359375
timesfm,2016-04-01,3539.0,2496.687744140625
timesfm,2016-05-01,2218.0,2351.0068359375
timesfm,2016-06-01,723.0,1410.998046875
timesfm,2016-07-01,463.0,582.58740234375
timesfm,2016-08-01,169.0,223.39085388183594
timesfm,2016-09-01,152.0,59.081871032714844
timesfm,2016-10-01,208.0,132.90802001953125
timesfm,2016-11-01,201.0,268.0293273925781
timesfm,2016-01-01,4072.0,866.1199340820312
timesfm,2016-02-01,6168.0,1384.07861328125
timesfm,2016-03-01,5445.0,2041.3367919921875
timesfm,2016-04-01,3539.0,2523.325927734375
timesfm,2016-05-01,2218.0,2540.175537109375
timesfm,2016-06-01,723.0,1563.8353271484375
timesfm,2016-07-01,463.0,627.7352294921875
timesfm,2016-08-01,169.0,171.463623046875
timesfm,2016-09-01,152.0,45.04327392578125
timesfm,2016-10-01,208.0,141.84088134765625
timesfm,2016-11-01,201.0,268.01617431640625
timesfm,2016-12-01,403.0,338.6215515136719
timesfm,2016-02-01,6168.0,4323.7646484375
timesfm,2016-03-01,5445.0,4447.283203125
timesfm,2016-04-01,3539.0,4139.1123046875
timesfm,2016-05-01,2218.0,3460.7587890625
timesfm,2016-06-01,723.0,2128.3505859375
timesfm,2016-07-01,463.0,934.415283203125
timesfm,2016-08-01,169.0,283.773193359375
timesfm,2016-09-01,152.0,99.91634368896484
timesfm,2016-10-01,208.0,171.69119262695312
timesfm,2016-11-01,201.0,350.41802978515625
timesfm,2016-12-01,403.0,543.703857421875
timesfm,2017-01-01,536.0,934.445556640625
timesfm,2016-03-01,5445.0,6145.8662109375
timesfm,2016-04-01,3539.0,5486.4541015625
timesfm,2016-05-01,2218.0,4132.5498046875
timesfm,2016-06-01,723.0,2532.63720703125
timesfm,2016-07-01,463.0,1217.35107421875
timesfm,2016-08-01,169.0,355.4462890625
timesfm,2016-09-01,152.0,0.0
timesfm,2016-10-01,208.0,0.0
timesfm,2016-11-01,201.0,199.52391052246094
timesfm,2016-12-01,403.0,440.95367431640625
timesfm,2017-01-01,536.0,975.3534545898438
timesfm,2017-02-01,485.0,1662.1883544921875
timesfm,2016-04-01,3539.0,4884.57666015625
timesfm,2016-05-01,2218.0,3762.84228515625
timesfm,2016-06-01,723.0,1989.095947265625
timesfm,2016-07-01,463.0,742.0298461914062
timesfm,2016-08-01,169.0,122.48209381103516
timesfm,2016-09-01,152.0,0.0
timesfm,2016-10-01,208.0,17.797470092773438
timesfm,2016-11-01,201.0,167.4770050048828
timesfm,2016-12-01,403.0,388.518798828125
timesfm,2017-01-01,536.0,939.6334838867188
timesfm,2017-02-01,485.0,1679.177001953125
timesfm,2017-03-01,919.0,2432.291015625
timesfm,2016-05-01,2218.0,2207.593505859375
timesfm,2016-06-01,723.0,1303.0032958984375
timesfm,2016-07-01,463.0,550.935791015625
timesfm,2016-08-01,169.0,161.1910400390625
timesfm,2016-09-01,152.0,62.48065185546875
timesfm,2016-10-01,208.0,127.28082275390625
timesfm,2016-11-01,201.0,200.45838928222656
timesfm,2016-12-01,403.0,424.82696533203125
timesfm,2017-01-01,536.0,871.9481201171875
timesfm,2017-02-01,485.0,1455.7916259765625
timesfm,2017-03-01,919.0,2012.518310546875
timesfm,2017-04-01,1176.0,2237.55029296875
timesfm,2016-06-01,723.0,1176.438720703125
timesfm,2016-07-01,463.0,649.7247924804688
timesfm,2016-08-01,169.0,372.04547119140625
timesfm,2016-09-01,152.0,211.39857482910156
timesfm,2016-10-01,208.0,237.74566650390625
timesfm,2016-11-01,201.0,265.1268615722656
timesfm,2016-12-01,403.0,381.97705078125
timesfm,2017-01-01,536.0,781.0197143554688
timesfm,2017-02-01,485.0,1335.865478515625
timesfm,2017-03-01,919.0,1887.377685546875
timesfm,2017-04-01,1176.0,2066.0732421875
timesfm,2017-05-01,1186.0,1824.0926513671875
timesfm,2016-07-01,463.0,331.76458740234375
timesfm,2016-08-01,169.0,215.99876403808594
timesfm,2016-09-01,152.0,184.02890014648438
timesfm,2016-10-01,208.0,240.74757385253906
timesfm,2016-11-01,201.0,311.8733825683594
timesfm,2016-12-01,403.0,424.12164306640625
timesfm,2017-01-01,536.0,743.1812744140625
timesfm,2017-02-01,485.0,1218.1527099609375
timesfm,2017-03-01,919.0,1720.16748046875
timesfm,2017-04-01,1176.0,1946.19189453125
timesfm,2017-05-01,1186.0,1616.3861083984375
timesfm,2017-06-01,855.0,949.938232421875
timesfm,2016-08-01,169.0,337.0842590332031
timesfm,2016-09-01,152.0,303.6071472167969
timesfm,2016-10-01,208.0,273.5762634277344
timesfm,2016-11-01,201.0,306.1639099121094
timesfm,2016-12-01,403.0,491.8963317871094
timesfm,2017-01-01,536.0,914.311767578125
timesfm,2017-02-01,485.0,1414.9873046875
timesfm,2017-03-01,919.0,1959.086181640625
timesfm,2017-04-01,1176.0,2158.986328125
timesfm,2017-05-01,1186.0,1823.6798095703125
timesfm,2017-06-01,855.0,1063.7021484375
timesfm,2017-07-01,269.0,513.873291015625
timesfm,2016-09-01,152.0,92.67828369140625
timesfm,2016-10-01,208.0,204.5452880859375
timesfm,2016-11-01,201.0,292.40625
timesfm,2016-12-01,403.0,493.7071533203125
timesfm,2017-01-01,536.0,909.8406372070312
timesfm,2017-02-01,485.0,1400.916015625
timesfm,2017-03-01,919.0,1924.000732421875
timesfm,2017-04-01,1176.0,2054.009765625
timesfm,2017-05-01,1186.0,1731.8602294921875
timesfm,2017-06-01,855.0,973.6168212890625
timesfm,2017-07-01,269.0,502.0147705078125
timesfm,2017-08-01,184.0,230.19134521484375
timesfm,2016-10-01,208.0,192.12603759765625
timesfm,2016-11-01,201.0,280.3396301269531
timesfm,2016-12-01,403.0,485.50836181640625
timesfm,2017-01-01,536.0,919.7693481445312
timesfm,2017-02-01,485.0,1515.1728515625
timesfm,2017-03-01,919.0,2109.261962890625
timesfm,2017-04-01,1176.0,2330.95947265625
timesfm,2017-05-01,1186.0,1967.0394287109375
timesfm,2017-06-01,855.0,1174.078857421875
timesfm,2017-07-01,269.0,572.9444580078125
timesfm,2017-08-01,184.0,329.1307373046875
timesfm,2017-09-01,216.0,221.2916259765625
timesfm,2016-11-01,201.0,222.04962158203125
timesfm,2016-12-01,403.0,451.02337646484375
timesfm,2017-01-01,536.0,1006.737548828125
timesfm,2017-02-01,485.0,1678.3170166015625
timesfm,2017-03-01,919.0,2483.0634765625
timesfm,2017-04-01,1176.0,2741.547607421875
timesfm,2017-05-01,1186.0,2340.08251953125
timesfm,2017-06-01,855.0,1304.283447265625
timesfm,2017-07-01,269.0,603.0636596679688
timesfm,2017-08-01,184.0,255.81182861328125
timesfm,2017-09-01,216.0,130.60806274414062
timesfm,2017-10-01,235.0,122.43228912353516
timesfm,2016-12-01,403.0,224.23089599609375
timesfm,2017-01-01,536.0,643.1263427734375
timesfm,2017-02-01,485.0,1330.951416015625
timesfm,2017-03-01,919.0,2102.71923828125
timesfm,2017-04-01,1176.0,2459.876708984375
timesfm,2017-05-01,1186.0,2048.4365234375
timesfm,2017-06-01,855.0,1173.43603515625
timesfm,2017-07-01,269.0,532.407470703125
timesfm,2017-08-01,184.0,312.6126403808594
timesfm,2017-09-01,216.0,242.81781005859375
timesfm,2017-10-01,235.0,251.18601989746094
timesfm,2017-11-01,196.0,269.6226806640625
timesfm,2017-01-01,536.0,841.4133911132812
timesfm,2017-02-01,485.0,1516.8707275390625
timesfm,2017-03-01,919.0,2268.34228515625
timesfm,2017-04-01,1176.0,2652.12744140625
timesfm,2017-05-01,1186.0,2299.976318359375
timesfm,2017-06-01,855.0,1279.3818359375
timesfm,2017-07-01,269.0,596.4384765625
timesfm,2017-08-01,184.0,319.79742431640625
timesfm,2017-09-01,216.0,283.5035400390625
timesfm,2017-10-01,235.0,342.2065734863281
timesfm,2017-11-01,196.0,367.11419677734375
timesfm,2017-12-01,332.0,536.0185546875
timesfm,2017-02-01,485.0,989.945556640625
timesfm,2017-03-01,919.0,1746.3665771484375
timesfm,2017-04-01,1176.0,2143.9833984375
timesfm,2017-05-01,1186.0,1924.7547607421875
timesfm,2017-06-01,855.0,1138.53515625
timesfm,2017-07-01,269.0,470.7225646972656
timesfm,2017-08-01,184.0,182.2484588623047
timesfm,2017-09-01,216.0,172.021484375
timesfm,2017-10-01,235.0,236.64877319335938
timesfm,2017-11-01,196.0,358.5093078613281
timesfm,2017-12-01,332.0,590.9999389648438
timesfm,2018-01-01,305.0,1092.34716796875
timesfm,2017-03-01,919.0,1013.2922973632812
timesfm,2017-04-01,1176.0,1533.9359130859375
timesfm,2017-05-01,1186.0,1447.6766357421875
timesfm,2017-06-01,855.0,823.7249755859375
timesfm,2017-07-01,269.0,369.43548583984375
timesfm,2017-08-01,184.0,138.13186645507812
timesfm,2017-09-01,216.0,125.81802368164062
timesfm,2017-10-01,235.0,226.90512084960938
timesfm,2017-11-01,196.0,323.6169128417969
timesfm,2017-12-01,332.0,557.5280151367188
timesfm,2018-01-01,305.0,1052.713134765625
timesfm,2018-02-01,313.0,1603.706298828125
timesfm,2017-04-01,1176.0,1423.75146484375
timesfm,2017-05-01,1186.0,1375.662353515625
timesfm,2017-06-01,855.0,811.5339965820312
timesfm,2017-07-01,269.0,370.54608154296875
timesfm,2017-08-01,184.0,213.5795135498047
timesfm,2017-09-01,216.0,214.71893310546875
timesfm,2017-10-01,235.0,262.3728942871094
timesfm,2017-11-01,196.0,333.91705322265625
timesfm,2017-12-01,332.0,504.67803955078125
timesfm,2018-01-01,305.0,945.7540283203125
timesfm,2018-02-01,313.0,1456.177001953125
timesfm,2018-03-01,452.0,1887.603515625
timesfm,2017-05-01,1186.0,1329.7294921875
timesfm,2017-06-01,855.0,766.2301025390625
timesfm,2017-07-01,269.0,370.18359375
timesfm,2017-08-01,184.0,239.3175811767578
timesfm,2017-09-01,216.0,286.513916015625
timesfm,2017-10-01,235.0,359.2208251953125
timesfm,2017-11-01,196.0,393.9133605957031
timesfm,2017-12-01,332.0,565.94775390625
timesfm,2018-01-01,305.0,1019.7001953125
timesfm,2018-02-01,313.0,1536.6138916015625
timesfm,2018-03-01,452.0,1914.9141845703125
timesfm,2018-04-01,680.0,1953.1431884765625
timesfm,2017-06-01,855.0,857.4617919921875
timesfm,2017-07-01,269.0,507.0975341796875
timesfm,2017-08-01,184.0,337.7850036621094
timesfm,2017-09-01,216.0,289.4702453613281
timesfm,2017-10-01,235.0,411.5976257324219
timesfm,2017-11-01,196.0,410.263427734375
timesfm,2017-12-01,332.0,509.72149658203125
timesfm,2018-01-01,305.0,972.685791015625
timesfm,2018-02-01,313.0,1539.9635009765625
timesfm,2018-03-01,452.0,1923.989501953125
timesfm,2018-04-01,680.0,1948.57470703125
timesfm,2018-05-01,377.0,1615.5665283203125
timesfm,2017-07-01,269.0,580.28173828125
timesfm,2017-08-01,184.0,410.2955322265625
timesfm,2017-09-01,216.0,348.0040283203125
timesfm,2017-10-01,235.0,380.327392578125
timesfm,2017-11-01,196.0,480.903076171875
timesfm,2017-12-01,332.0,531.36181640625
timesfm,2018-01-01,305.0,932.4688110351562
timesfm,2018-02-01,313.0,1526.5201416015625
timesfm,2018-03-01,452.0,1942.8819580078125
timesfm,2018-04-01,680.0,1959.67431640625
timesfm,2018-05-01,377.0,1633.8458251953125
timesfm,2018-06-01,278.0,939.0471801757812
timesfm,2017-08-01,184.0,130.32244873046875
timesfm,2017-09-01,216.0,192.74716186523438
timesfm,2017-10-01,235.0,277.4329528808594
timesfm,2017-11-01,196.0,344.9271545410156
timesfm,2017-12-01,332.0,527.15185546875
timesfm,2018-01-01,305.0,820.3911743164062
timesfm,2018-02-01,313.0,1301.371337890625
timesfm,2018-03-01,452.0,1759.673095703125
timesfm,2018-04-01,680.0,1793.056396484375
timesfm,2018-05-01,377.0,1494.852783203125
timesfm,2018-06-01,278.0,851.0624389648438
timesfm,2018-07-01,207.0,337.79815673828125
timesfm,2017-09-01,216.0,172.24734497070312
timesfm,2017-10-01,235.0,251.70803833007812
timesfm,2017-11-01,196.0,310.4105224609375
timesfm,2017-12-01,332.0,439.5535888671875
timesfm,2018-01-01,305.0,918.6602783203125
timesfm,2018-02-01,313.0,1373.3984375
timesfm,2018-03-01,452.0,1734.931884765625
timesfm,2018-04-01,680.0,1825.575927734375
timesfm,2018-05-01,377.0,1534.412109375
timesfm,2018-06-01,278.0,837.9913940429688
timesfm,2018-07-01,207.0,366.3404541015625
timesfm,2018-08-01,155.0,117.70613098144531
timesfm,2017-10-01,235.0,157.02633666992188
timesfm,2017-11-01,196.0,255.63824462890625
timesfm,2017-12-01,332.0,417.5087585449219
timesfm,2018-01-01,305.0,930.9624633789062
timesfm,2018-02-01,313.0,1607.21630859375
timesfm,2018-03-01,452.0,1959.882568359375
timesfm,2018-04-01,680.0,1983.76025390625
timesfm,2018-05-01,377.0,1727.89404296875
timesfm,2018-06-01,278.0,990.7670288085938
timesfm,2018-07-01,207.0,321.928955078125
timesfm,2018-08-01,155.0,153.61917114257812
timesfm,2018-09-01,237.0,143.02499389648438
timesfm,2017-11-01,196.0,160.85980224609375
timesfm,2017-12-01,332.0,393.48321533203125
timesfm,2018-01-01,305.0,903.9666748046875
timesfm,2018-02-01,313.0,1592.5556640625
timesfm,2018-03-01,452.0,2097.197021484375
timesfm,2018-04-01,680.0,2040.3402099609375
timesfm,2018-05-01,377.0,1741.8619384765625
timesfm,2018-06-01,278.0,1057.277099609375
timesfm,2018-07-01,207.0,474.66693115234375
timesfm,2018-08-01,155.0,135.013427734375
timesfm,2018-09-01,237.0,142.25115966796875
timesfm,2018-10-01,270.0,178.2098388671875
timesfm,2017-12-01,332.0,61.38226318359375
timesfm,2018-01-01,305.0,540.44287109375
timesfm,2018-02-01,313.0,1162.9556884765625
timesfm,2018-03-01,452.0,1688.984619140625
timesfm,2018-04-01,680.0,1825.4697265625
timesfm,2018-05-01,377.0,1441.8896484375
timesfm,2018-06-01,278.0,815.8978271484375
timesfm,2018-07-01,207.0,372.0048522949219
timesfm,2018-08-01,155.0,139.25372314453125
timesfm,2018-09-01,237.0,84.27651977539062
timesfm,2018-10-01,270.0,136.08203125
timesfm,2018-11-01,318.0,159.07516479492188
timesfm,2018-01-01,305.0,727.81201171875
timesfm,2018-02-01,313.0,1481.9923095703125
timesfm,2018-03-01,452.0,1980.6396484375
timesfm,2018-04-01,680.0,2084.94482421875
timesfm,2018-05-01,377.0,1747.9881591796875
timesfm,2018-06-01,278.0,941.2938232421875
timesfm,2018-07-01,207.0,362.39410400390625
timesfm,2018-08-01,155.0,90.75621032714844
timesfm,2018-09-01,237.0,77.39962768554688
timesfm,2018-10-01,270.0,99.59909057617188
timesfm,2018-11-01,318.0,103.64544677734375
timesfm,2018-12-01,732.0,178.7097930908203
timesfm,2018-02-01,313.0,501.1490173339844
timesfm,2018-03-01,452.0,1121.937744140625
timesfm,2018-04-01,680.0,1363.9512939453125
timesfm,2018-05-01,377.0,1227.53076171875
timesfm,2018-06-01,278.0,720.3508911132812
timesfm,2018-07-01,207.0,275.5334167480469
timesfm,2018-08-01,155.0,99.80845642089844
timesfm,2018-09-01,237.0,104.71487426757812
timesfm,2018-10-01,270.0,163.66439819335938
timesfm,2018-11-01,318.0,146.38954162597656
timesfm,2018-12-01,732.0,217.7445526123047
timesfm,2019-01-01,1125.0,409.7974548339844
timesfm,2018-03-01,452.0,592.3858642578125
timesfm,2018-04-01,680.0,931.81591796875
timesfm,2018-05-01,377.0,965.71142578125
timesfm,2018-06-01,278.0,523.1949462890625
timesfm,2018-07-01,207.0,201.24632263183594
timesfm,2018-08-01,155.0,46.14564514160156
timesfm,2018-09-01,237.0,8.500518798828125
timesfm,2018-10-01,270.0,129.1671142578125
timesfm,2018-11-01,318.0,181.3906707763672
timesfm,2018-12-01,732.0,233.1778564453125
timesfm,2019-01-01,1125.0,482.5595397949219
timesfm,2019-02-01,2786.0,848.177490234375
timesfm,2018-04-01,680.0,710.812744140625
timesfm,2018-05-01,377.0,788.3984985351562
timesfm,2018-06-01,278.0,458.8216857910156
timesfm,2018-07-01,207.0,165.9933319091797
timesfm,2018-08-01,155.0,61.87255859375
timesfm,2018-09-01,237.0,50.643768310546875
timesfm,2018-10-01,270.0,76.2684326171875
timesfm,2018-11-01,318.0,189.37277221679688
timesfm,2018-12-01,732.0,278.1760559082031
timesfm,2019-01-01,1125.0,482.0650634765625
timesfm,2019-02-01,2786.0,827.5092163085938
timesfm,2019-03-01,7174.0,1204.76220703125
timesfm,2018-05-01,377.0,863.7477416992188
timesfm,2018-06-01,278.0,555.1309814453125
timesfm,2018-07-01,207.0,274.84613037109375
timesfm,2018-08-01,155.0,140.01422119140625
timesfm,2018-09-01,237.0,134.90481567382812
timesfm,2018-10-01,270.0,167.42916870117188
timesfm,2018-11-01,318.0,162.6272735595703
timesfm,2018-12-01,732.0,277.0462951660156
timesfm,2019-01-01,1125.0,495.8766174316406
timesfm,2019-02-01,2786.0,852.0142211914062
timesfm,2019-03-01,7174.0,1279.1170654296875
timesfm,2019-04-01,8015.0,1491.228515625
timesfm,2018-06-01,278.0,285.68328857421875
timesfm,2018-07-01,207.0,109.06219482421875
timesfm,2018-08-01,155.0,59.62361145019531
timesfm,2018-09-01,237.0,83.58578491210938
timesfm,2018-10-01,270.0,138.6599578857422
timesfm,2018-11-01,318.0,100.63490295410156
timesfm,2018-12-01,732.0,80.5087890625
timesfm,2019-01-01,1125.0,268.0622253417969
timesfm,2019-02-01,2786.0,572.6343994140625
timesfm,2019-03-01,7174.0,921.8445434570312
timesfm,2019-04-01,8015.0,1106.229736328125
timesfm,2019-05-01,12592.0,983.1641845703125
timesfm,2018-07-01,207.0,193.82606506347656
timesfm,2018-08-01,155.0,163.06414794921875
timesfm,2018-09-01,237.0,213.17935180664062
timesfm,2018-10-01,270.0,258.6280212402344
timesfm,2018-11-01,318.0,279.3475341796875
timesfm,2018-12-01,732.0,276.7320861816406
timesfm,2019-01-01,1125.0,407.0633544921875
timesfm,2019-02-01,2786.0,739.1280517578125
timesfm,2019-03-01,7174.0,1104.1324462890625
timesfm,2019-04-01,8015.0,1253.370361328125
timesfm,2019-05-01,12592.0,1120.6455078125
timesfm,2019-06-01,9419.0,730.4276733398438
timesfm,2018-08-01,155.0,142.3193817138672
timesfm,2018-09-01,237.0,178.53704833984375
timesfm,2018-10-01,270.0,219.46218872070312
timesfm,2018-11-01,318.0,277.3259582519531
timesfm,2018-12-01,732.0,328.191162109375
timesfm,2019-01-01,1125.0,414.0592346191406
timesfm,2019-02-01,2786.0,602.8055419921875
timesfm,2019-03-01,7174.0,842.8095703125
timesfm,2019-04-01,8015.0,958.8238525390625
timesfm,2019-05-01,12592.0,817.4854125976562
timesfm,2019-06-01,9419.0,578.288330078125
timesfm,2019-07-01,1218.0,358.9230041503906
timesfm,2018-09-01,237.0,118.80552673339844
timesfm,2018-10-01,270.0,206.48379516601562
timesfm,2018-11-01,318.0,267.49267578125
timesfm,2018-12-01,732.0,297.89794921875
timesfm,2019-01-01,1125.0,471.9229736328125
timesfm,2019-02-01,2786.0,690.8265380859375
timesfm,2019-03-01,7174.0,946.93603515625
timesfm,2019-04-01,8015.0,1155.7861328125
timesfm,2019-05-01,12592.0,1042.68701171875
timesfm,2019-06-01,9419.0,613.69140625
timesfm,2019-07-01,1218.0,346.017333984375
timesfm,2019-08-01,628.0,261.5413818359375
timesfm,2018-10-01,270.0,306.5114440917969
timesfm,2018-11-01,318.0,425.9683837890625
timesfm,2018-12-01,732.0,537.6179809570312
timesfm,2019-01-01,1125.0,737.33740234375
timesfm,2019-02-01,2786.0,1040.7518310546875
timesfm,2019-03-01,7174.0,1310.2073974609375
timesfm,2019-04-01,8015.0,1372.6407470703125
timesfm,2019-05-01,12592.0,1165.630615234375
timesfm,2019-06-01,9419.0,733.1864624023438
timesfm,2019-07-01,1218.0,360.9952087402344
timesfm,2019-08-01,628.0,280.3851013183594
timesfm,2019-09-01,831.0,268.2701721191406
timesfm,2018-11-01,318.0,299.2975158691406
timesfm,2018-12-01,732.0,411.61151123046875
timesfm,2019-01-01,1125.0,666.82861328125
timesfm,2019-02-01,2786.0,933.7112426757812
timesfm,2019-03-01,7174.0,1235.586669921875
timesfm,2019-04-01,8015.0,1270.707275390625
timesfm,2019-05-01,12592.0,1032.0030517578125
timesfm,2019-06-01,9419.0,650.854736328125
timesfm,2019-07-01,1218.0,349.63836669921875
timesfm,2019-08-01,628.0,212.37857055664062
timesfm,2019-09-01,831.0,214.0818328857422
timesfm,2019-10-01,783.0,245.1312713623047
timesfm,2018-12-01,732.0,351.8577880859375
timesfm,2019-01-01,1125.0,569.1499633789062
timesfm,2019-02-01,2786.0,947.9218139648438
timesfm,2019-03-01,7174.0,1250.102783203125
timesfm,2019-04-01,8015.0,1409.2921142578125
timesfm,2019-05-01,12592.0,1159.02587890625
timesfm,2019-06-01,9419.0,714.2669067382812
timesfm,2019-07-01,1218.0,389.4880676269531
timesfm,2019-08-01,628.0,259.1488037109375
timesfm,2019-09-01,831.0,167.78662109375
timesfm,2019-10-01,783.0,189.31893920898438
timesfm,2019-11-01,678.0,216.1864471435547
timesfm,2019-01-01,1125.0,1084.587158203125
timesfm,2019-02-01,2786.0,1362.5987548828125
timesfm,2019-03-01,7174.0,1731.4908447265625
timesfm,2019-04-01,8015.0,1714.1151123046875
timesfm,2019-05-01,12592.0,1408.8599853515625
timesfm,2019-06-01,9419.0,854.6029663085938
timesfm,2019-07-01,1218.0,421.40716552734375
timesfm,2019-08-01,628.0,232.48306274414062
timesfm,2019-09-01,831.0,184.662353515625
timesfm,2019-10-01,783.0,177.09051513671875
timesfm,2019-11-01,678.0,239.68199157714844
timesfm,2019-12-01,998.0,352.1656799316406
timesfm,2019-02-01,2786.0,1387.0848388671875
timesfm,2019-03-01,7174.0,1639.1285400390625
timesfm,2019-04-01,8015.0,1745.594482421875
timesfm,2019-05-01,12592.0,1460.41748046875
timesfm,2019-06-01,9419.0,964.0930786132812
timesfm,2019-07-01,1218.0,509.42901611328125
timesfm,2019-08-01,628.0,284.2374267578125
timesfm,2019-09-01,831.0,246.47412109375
timesfm,2019-10-01,783.0,239.3491668701172
timesfm,2019-11-01,678.0,252.40748596191406
timesfm,2019-12-01,998.0,393.6146240234375
timesfm,2020-01-01,3065.0,620.1436157226562
timesfm,2019-03-01,7174.0,3869.082763671875
timesfm,2019-04-01,8015.0,3432.552734375
timesfm,2019-05-01,12592.0,2651.67626953125
timesfm,2019-06-01,9419.0,1667.3328857421875
timesfm,2019-07-01,1218.0,896.4188842773438
timesfm,2019-08-01,628.0,466.3887939453125
timesfm,2019-09-01,831.0,282.6796569824219
timesfm,2019-10-01,783.0,296.0289611816406
timesfm,2019-11-01,678.0,357.9856262207031
timesfm,2019-12-01,998.0,484.0198974609375
timesfm,2020-01-01,3065.0,782.515625
timesfm,2020-02-01,7404.0,1143.4984130859375
timesfm,2019-04-01,8015.0,6921.6943359375
timesfm,2019-05-01,12592.0,5097.72021484375
timesfm,2019-06-01,9419.0,3036.568359375
timesfm,2019-07-01,1218.0,1501.592529296875
timesfm,2019-08-01,628.0,667.8624877929688
timesfm,2019-09-01,831.0,292.94525146484375
timesfm,2019-10-01,783.0,234.50015258789062
timesfm,2019-11-01,678.0,313.8634033203125
timesfm,2019-12-01,998.0,487.3228759765625
timesfm,2020-01-01,3065.0,892.192626953125
timesfm,2020-02-01,7404.0,1222.248046875
timesfm,2020-03-01,13878.0,1510.372802734375
timesfm,2019-05-01,12592.0,6086.314453125
timesfm,2019-06-01,9419.0,3647.140625
timesfm,2019-07-01,1218.0,1630.5911865234375
timesfm,2019-08-01,628.0,609.167724609375
timesfm,2019-09-01,831.0,234.70030212402344
timesfm,2019-10-01,783.0,145.60435485839844
timesfm,2019-11-01,678.0,184.43411254882812
timesfm,2019-12-01,998.0,341.62396240234375
timesfm,2020-01-01,3065.0,752.7462158203125
timesfm,2020-02-01,7404.0,1230.3629150390625
timesfm,2020-03-01,13878.0,1492.2476806640625
timesfm,2020-04-01,14498.0,1558.115234375
timesfm,2019-06-01,9419.0,9695.2265625
timesfm,2019-07-01,1218.0,6535.0361328125
timesfm,2019-08-01,628.0,3908.058837890625
timesfm,2019-09-01,831.0,2266.2294921875
timesfm,2019-10-01,783.0,1289.3603515625
timesfm,2019-11-01,678.0,671.7347412109375
timesfm,2019-12-01,998.0,466.7762145996094
timesfm,2020-01-01,3065.0,628.86767578125
timesfm,2020-02-01,7404.0,1113.23974609375
timesfm,2020-03-01,13878.0,1414.524169921875
timesfm,2020-04-01,14498.0,1493.5469970703125
timesfm,2020-05-01,12378.0,1294.9266357421875
timesfm,2019-07-01,1218.0,5695.09912109375
timesfm,2019-08-01,628.0,3135.489501953125
timesfm,2019-09-01,831.0,1236.089599609375
timesfm,2019-10-01,783.0,527.9566650390625
timesfm,2019-11-01,678.0,318.84698486328125
timesfm,2019-12-01,998.0,323.71673583984375
timesfm,2020-01-01,3065.0,655.830322265625
timesfm,2020-02-01,7404.0,1221.8223876953125
timesfm,2020-03-01,13878.0,1676.9442138671875
timesfm,2020-04-01,14498.0,1656.5357666015625
timesfm,2020-05-01,12378.0,1443.1448974609375
timesfm,2020-06-01,3986.0,909.0054321289062
timesfm,2019-08-01,628.0,727.4880981445312
timesfm,2019-09-01,831.0,503.99591064453125
timesfm,2019-10-01,783.0,402.80133056640625
timesfm,2019-11-01,678.0,437.37286376953125
timesfm,2019-12-01,998.0,545.2653198242188
timesfm,2020-01-01,3065.0,870.7727661132812
timesfm,2020-02-01,7404.0,1457.1048583984375
timesfm,2020-03-01,13878.0,1840.2080078125
timesfm,2020-04-01,14498.0,1777.4202880859375
timesfm,2020-05-01,12378.0,1385.0989990234375
timesfm,2020-06-01,3986.0,869.6438598632812
timesfm,2020-07-01,2125.0,480.5721435546875
timesfm,2019-09-01,831.0,425.6217346191406
timesfm,2019-10-01,783.0,336.27130126953125
timesfm,2019-11-01,678.0,334.82598876953125
timesfm,2019-12-01,998.0,468.6185302734375
timesfm,2020-01-01,3065.0,827.2696533203125
timesfm,2020-02-01,7404.0,1359.5137939453125
timesfm,2020-03-01,13878.0,1797.4200439453125
timesfm,2020-04-01,14498.0,1808.499755859375
timesfm,2020-05-01,12378.0,1451.9219970703125
timesfm,2020-06-01,3986.0,823.93017578125
timesfm,2020-07-01,2125.0,494.4441833496094
timesfm,2020-08-01,1595.0,397.76385498046875
timesfm,2019-10-01,783.0,718.4715576171875
timesfm,2019-11-01,678.0,610.64208984375
timesfm,2019-12-01,998.0,591.4698486328125
timesfm,2020-01-01,3065.0,962.9288940429688
timesfm,2020-02-01,7404.0,1520.6929931640625
timesfm,2020-03-01,13878.0,1927.4664306640625
timesfm,2020-04-01,14498.0,1960.39501953125
timesfm,2020-05-01,12378.0,1632.3397216796875
timesfm,2020-06-01,3986.0,1049.08642578125
timesfm,2020-07-01,2125.0,443.66131591796875
timesfm,2020-08-01,1595.0,354.8544616699219
timesfm,2020-09-01,1327.0,341.759521484375
timesfm,2019-11-01,678.0,738.424560546875
timesfm,2019-12-01,998.0,897.4144897460938
timesfm,2020-01-01,3065.0,1248.2127685546875
timesfm,2020-02-01,7404.0,1862.2691650390625
timesfm,2020-03-01,13878.0,2284.91552734375
timesfm,2020-04-01,14498.0,2223.71923828125
timesfm,2020-05-01,12378.0,1843.4891357421875
timesfm,2020-06-01,3986.0,1124.52685546875
timesfm,2020-07-01,2125.0,580.2831420898438
timesfm,2020-08-01,1595.0,259.4433288574219
timesfm,2020-09-01,1327.0,230.82083129882812
timesfm,2020-10-01,989.0,258.419189453125
timesfm,2019-12-01,998.0,726.3233032226562
timesfm,2020-01-01,3065.0,1106.1680908203125
timesfm,2020-02-01,7404.0,1623.0498046875
timesfm,2020-03-01,13878.0,2065.803466796875
timesfm,2020-04-01,14498.0,2118.162109375
timesfm,2020-05-01,12378.0,1748.8759765625
timesfm,2020-06-01,3986.0,1098.887939453125
timesfm,2020-07-01,2125.0,610.1773681640625
timesfm,2020-08-01,1595.0,389.6689147949219
timesfm,2020-09-01,1327.0,228.0233154296875
timesfm,2020-10-01,989.0,240.49562072753906
timesfm,2020-11-01,1663.0,256.97735595703125
timesfm,2020-01-01,3065.0,1635.1690673828125
timesfm,2020-02-01,7404.0,2237.99267578125
timesfm,2020-03-01,13878.0,2501.439453125
timesfm,2020-04-01,14498.0,2391.991455078125
timesfm,2020-05-01,12378.0,1914.8128662109375
timesfm,2020-06-01,3986.0,1093.4881591796875
timesfm,2020-07-01,2125.0,519.4251098632812
timesfm,2020-08-01,1595.0,324.6860046386719
timesfm,2020-09-01,1327.0,288.0431823730469
timesfm,2020-10-01,989.0,234.72149658203125
timesfm,2020-11-01,1663.0,300.020263671875
timesfm,2020-12-01,1569.0,376.6686096191406
timesfm,2020-02-01,7404.0,4284.40625
timesfm,2020-03-01,13878.0,4124.728515625
timesfm,2020-04-01,14498.0,3394.293212890625
timesfm,2020-05-01,12378.0,2540.317626953125
timesfm,2020-06-01,3986.0,1468.5712890625
timesfm,2020-07-01,2125.0,740.331787109375
timesfm,2020-08-01,1595.0,440.4385070800781
timesfm,2020-09-01,1327.0,343.53118896484375
timesfm,2020-10-01,989.0,384.0545959472656
timesfm,2020-11-01,1663.0,342.2279052734375
timesfm,2020-12-01,1569.0,441.0740966796875
timesfm,2021-01-01,2106.0,672.006103515625
timesfm,2020-03-01,13878.0,6617.14208984375
timesfm,2020-04-01,14498.0,5130.58203125
timesfm,2020-05-01,12378.0,3394.94677734375
timesfm,2020-06-01,3986.0,1852.2431640625
timesfm,2020-07-01,2125.0,817.5260009765625
timesfm,2020-08-01,1595.0,418.2189636230469
timesfm,2020-09-01,1327.0,273.6680603027344
timesfm,2020-10-01,989.0,271.93487548828125
timesfm,2020-11-01,1663.0,401.2243957519531
timesfm,2020-12-01,1569.0,411.3162841796875
timesfm,2021-01-01,2106.0,711.4595947265625
timesfm,2021-02-01,2408.0,1229.280517578125
timesfm,2020-04-01,14498.0,9966.5029296875
timesfm,2020-05-01,12378.0,6758.5
timesfm,2020-06-01,3986.0,3520.07275390625
timesfm,2020-07-01,2125.0,1639.6845703125
timesfm,2020-08-01,1595.0,710.2840576171875
timesfm,2020-09-01,1327.0,239.38674926757812
timesfm,2020-10-01,989.0,235.72572326660156
timesfm,2020-11-01,1663.0,352.881591796875
timesfm,2020-12-01,1569.0,576.4998779296875
timesfm,2021-01-01,2106.0,859.0089111328125
timesfm,2021-02-01,2408.0,1523.896240234375
timesfm,2021-03-01,2411.0,2283.6845703125
timesfm,2020-05-01,12378.0,9207.1748046875
timesfm,2020-06-01,3986.0,5050.32958984375
timesfm,2020-07-01,2125.0,2099.77197265625
timesfm,2020-08-01,1595.0,874.77978515625
timesfm,2020-09-01,1327.0,264.1363525390625
timesfm,2020-10-01,989.0,95.4620361328125
timesfm,2020-11-01,1663.0,373.0326843261719
timesfm,2020-12-01,1569.0,532.4344482421875
timesfm,2021-01-01,2106.0,938.3750610351562
timesfm,2021-02-01,2408.0,1492.2578125
timesfm,2021-03-01,2411.0,2210.31884765625
timesfm,2021-04-01,3488.0,2532.772705078125
timesfm,2020-06-01,3986.0,7659.216796875
timesfm,2020-07-01,2125.0,4468.69287109375
timesfm,2020-08-01,1595.0,2358.48046875
timesfm,2020-09-01,1327.0,1228.76220703125
timesfm,2020-10-01,989.0,664.6321411132812
timesfm,2020-11-01,1663.0,570.745361328125
timesfm,2020-12-01,1569.0,763.9808349609375
timesfm,2021-01-01,2106.0,1151.80029296875
timesfm,2021-02-01,2408.0,1654.955078125
timesfm,2021-03-01,2411.0,2210.34521484375
timesfm,2021-04-01,3488.0,2583.411865234375
timesfm,2021-05-01,4774.0,2375.95361328125
timesfm,2020-07-01,2125.0,1494.9820556640625
timesfm,2020-08-01,1595.0,777.6959228515625
timesfm,2020-09-01,1327.0,412.81158447265625
timesfm,2020-10-01,989.0,282.977294921875
timesfm,2020-11-01,1663.0,348.4774169921875
timesfm,2020-12-01,1569.0,484.32183837890625
timesfm,2021-01-01,2106.0,953.7620849609375
timesfm,2021-02-01,2408.0,1602.0291748046875
timesfm,2021-03-01,2411.0,2188.541015625
timesfm,2021-04-01,3488.0,2330.75732421875
timesfm,2021-05-01,4774.0,2160.0556640625
timesfm,2021-06-01,2520.0,1365.107177734375
timesfm,2020-08-01,1595.0,1424.4620361328125
timesfm,2020-09-01,1327.0,937.0819091796875
timesfm,2020-10-01,989.0,641.3215942382812
timesfm,2020-11-01,1663.0,658.984375
timesfm,2020-12-01,1569.0,960.5496826171875
timesfm,2021-01-01,2106.0,1609.8663330078125
timesfm,2021-02-01,2408.0,2427.85888671875
timesfm,2021-03-01,2411.0,3078.724365234375
timesfm,2021-04-01,3488.0,3172.22802734375
timesfm,2021-05-01,4774.0,2745.40380859375
timesfm,2021-06-01,2520.0,1966.741455078125
timesfm,2021-07-01,1181.0,1180.086669921875
timesfm,2020-09-01,1327.0,1069.36767578125
timesfm,2020-10-01,989.0,922.9898681640625
timesfm,2020-11-01,1663.0,771.9485473632812
timesfm,2020-12-01,1569.0,1013.5880737304688
timesfm,2021-01-01,2106.0,1635.04833984375
timesfm,2021-02-01,2408.0,2543.73291015625
timesfm,2021-03-01,2411.0,3534.6357421875
timesfm,2021-04-01,3488.0,3870.008544921875
timesfm,2021-05-01,4774.0,3433.50048828125
timesfm,2021-06-01,2520.0,2258.474853515625
timesfm,2021-07-01,1181.0,1447.52783203125
timesfm,2021-08-01,978.0,927.0382080078125
timesfm,2020-10-01,989.0,1137.0074462890625
timesfm,2020-11-01,1663.0,1136.49169921875
timesfm,2020-12-01,1569.0,1165.5159912109375
timesfm,2021-01-01,2106.0,1890.70947265625
timesfm,2021-02-01,2408.0,2714.92431640625
timesfm,2021-03-01,2411.0,3499.557373046875
timesfm,2021-04-01,3488.0,3916.671142578125
timesfm,2021-05-01,4774.0,3587.070068359375
timesfm,2021-06-01,2520.0,2241.76171875
timesfm,2021-07-01,1181.0,982.61083984375
timesfm,2021-08-01,978.0,613.8734741210938
timesfm,2021-09-01,741.0,500.6001892089844
timesfm,2020-11-01,1663.0,786.211669921875
timesfm,2020-12-01,1569.0,845.4407958984375
timesfm,2021-01-01,2106.0,1276.9644775390625
timesfm,2021-02-01,2408.0,2239.24267578125
timesfm,2021-03-01,2411.0,3053.595947265625
timesfm,2021-04-01,3488.0,3257.98779296875
timesfm,2021-05-01,4774.0,3115.015380859375
timesfm,2021-06-01,2520.0,1995.58447265625
timesfm,2021-07-01,1181.0,932.84375
timesfm,2021-08-01,978.0,310.5264892578125
timesfm,2021-09-01,741.0,354.3696594238281
timesfm,2021-10-01,706.0,381.4813232421875
timesfm,2020-12-01,1569.0,2110.7587890625
timesfm,2021-01-01,2106.0,2753.62060546875
timesfm,2021-02-01,2408.0,3398.4052734375
timesfm,2021-03-01,2411.0,4222.6494140625
timesfm,2021-04-01,3488.0,4263.5869140625
timesfm,2021-05-01,4774.0,3538.2783203125
timesfm,2021-06-01,2520.0,2326.765625
timesfm,2021-07-01,1181.0,1288.1837158203125
timesfm,2021-08-01,978.0,645.1074829101562
timesfm,2021-09-01,741.0,294.45361328125
timesfm,2021-10-01,706.0,476.70361328125
timesfm,2021-11-01,1161.0,625.522705078125
timesfm,2021-01-01,2106.0,2076.761474609375
timesfm,2021-02-01,2408.0,2919.709716796875
timesfm,2021-03-01,2411.0,3562.656005859375
timesfm,2021-04-01,3488.0,3750.5595703125
timesfm,2021-05-01,4774.0,3244.4013671875
timesfm,2021-06-01,2520.0,1928.8245849609375
timesfm,2021-07-01,1181.0,1151.96630859375
timesfm,2021-08-01,978.0,718.36865234375
timesfm,2021-09-01,741.0,597.5382080078125
timesfm,2021-10-01,706.0,548.0696411132812
timesfm,2021-11-01,1161.0,673.2715454101562
timesfm,2021-12-01,1897.0,841.6142578125
timesfm,2021-02-01,2408.0,3104.22265625
timesfm,2021-03-01,2411.0,3936.636474609375
timesfm,2021-04-01,3488.0,4164.9697265625
timesfm,2021-05-01,4774.0,3454.962890625
timesfm,2021-06-01,2520.0,2130.931640625
timesfm,2021-07-01,1181.0,959.0540161132812
timesfm,2021-08-01,978.0,531.0590209960938
timesfm,2021-09-01,741.0,442.26007080078125
timesfm,2021-10-01,706.0,526.65625
timesfm,2021-11-01,1161.0,584.8497924804688
timesfm,2021-12-01,1897.0,784.7081298828125
timesfm,2022-01-01,6041.0,1288.181884765625
timesfm,2021-03-01,2411.0,3160.197021484375
timesfm,2021-04-01,3488.0,3448.72705078125
timesfm,2021-05-01,4774.0,3039.27783203125
timesfm,2021-06-01,2520.0,1841.9952392578125
timesfm,2021-07-01,1181.0,843.64404296875
timesfm,2021-08-01,978.0,374.0061950683594
timesfm,2021-09-01,741.0,354.0400390625
timesfm,2021-10-01,706.0,485.3041076660156
timesfm,2021-11-01,1161.0,605.3545532226562
timesfm,2021-12-01,1897.0,798.8170166015625
timesfm,2022-01-01,6041.0,1266.0037841796875
timesfm,2022-02-01,7641.0,2059.87841796875
timesfm,2021-04-01,3488.0,2619.159423828125
timesfm,2021-05-01,4774.0,2303.2333984375
timesfm,2021-06-01,2520.0,1448.123046875
timesfm,2021-07-01,1181.0,700.2205200195312
timesfm,2021-08-01,978.0,348.623291015625
timesfm,2021-09-01,741.0,325.30499267578125
timesfm,2021-10-01,706.0,498.4792785644531
timesfm,2021-11-01,1161.0,653.511474609375
timesfm,2021-12-01,1897.0,816.7022094726562
timesfm,2022-01-01,6041.0,1257.376220703125
timesfm,2022-02-01,7641.0,1811.50244140625
timesfm,2022-03-01,13693.0,2304.773681640625
timesfm,2021-05-01,4774.0,3583.2451171875
timesfm,2021-06-01,2520.0,2339.7001953125
timesfm,2021-07-01,1181.0,1244.600341796875
timesfm,2021-08-01,978.0,688.7826538085938
timesfm,2021-09-01,741.0,452.48126220703125
timesfm,2021-10-01,706.0,547.3989868164062
timesfm,2021-11-01,1161.0,875.234130859375
timesfm,2021-12-01,1897.0,1137.6739501953125
timesfm,2022-01-01,6041.0,1507.5462646484375
timesfm,2022-02-01,7641.0,2191.24169921875
timesfm,2022-03-01,13693.0,2689.68359375
timesfm,2022-04-01,18176.0,2824.43212890625
timesfm,2021-06-01,2520.0,3786.766845703125
timesfm,2021-07-01,1181.0,2007.2066650390625
timesfm,2021-08-01,978.0,947.7247924804688
timesfm,2021-09-01,741.0,670.6118774414062
timesfm,2021-10-01,706.0,599.963623046875
timesfm,2021-11-01,1161.0,799.9270629882812
timesfm,2021-12-01,1897.0,1411.566162109375
timesfm,2022-01-01,6041.0,2153.43505859375
timesfm,2022-02-01,7641.0,2812.766357421875
timesfm,2022-03-01,13693.0,3400.484130859375
timesfm,2022-04-01,18176.0,3438.654052734375
timesfm,2022-05-01,15727.0,2940.322265625
timesfm,2021-07-01,1181.0,1337.378173828125
timesfm,2021-08-01,978.0,674.3406982421875
timesfm,2021-09-01,741.0,416.5592041015625
timesfm,2021-10-01,706.0,533.851806640625
timesfm,2021-11-01,1161.0,694.1515502929688
timesfm,2021-12-01,1897.0,836.243896484375
timesfm,2022-01-01,6041.0,1583.4598388671875
timesfm,2022-02-01,7641.0,2479.820068359375
timesfm,2022-03-01,13693.0,3058.197265625
timesfm,2022-04-01,18176.0,3128.064208984375
timesfm,2022-05-01,15727.0,2708.9267578125
timesfm,2022-06-01,6163.0,1611.327880859375
timesfm,2021-08-01,978.0,899.1035766601562
timesfm,2021-09-01,741.0,536.9652099609375
timesfm,2021-10-01,706.0,491.6434020996094
timesfm,2021-11-01,1161.0,668.1463012695312
timesfm,2021-12-01,1897.0,991.0618896484375
timesfm,2022-01-01,6041.0,1557.7589111328125
timesfm,2022-02-01,7641.0,2508.06884765625
timesfm,2022-03-01,13693.0,3157.452392578125
timesfm,2022-04-01,18176.0,3241.829345703125
timesfm,2022-05-01,15727.0,2786.259033203125
timesfm,2022-06-01,6163.0,1779.5174560546875
timesfm,2022-07-01,3171.0,836.421142578125
timesfm,2021-09-01,741.0,952.617431640625
timesfm,2021-10-01,706.0,807.586669921875
timesfm,2021-11-01,1161.0,807.207763671875
timesfm,2021-12-01,1897.0,1174.73291015625
timesfm,2022-01-01,6041.0,1837.243896484375
timesfm,2022-02-01,7641.0,2658.6767578125
timesfm,2022-03-01,13693.0,3421.478515625
timesfm,2022-04-01,18176.0,3483.27001953125
timesfm,2022-05-01,15727.0,2897.170654296875
timesfm,2022-06-01,6163.0,1728.7174072265625
timesfm,2022-07-01,3171.0,982.4158935546875
timesfm,2022-08-01,2379.0,500.0574951171875
timesfm,2021-10-01,706.0,749.2412109375
timesfm,2021-11-01,1161.0,740.9212646484375
timesfm,2021-12-01,1897.0,955.9627685546875
timesfm,2022-01-01,6041.0,1816.4425048828125
timesfm,2022-02-01,7641.0,2678.821533203125
timesfm,2022-03-01,13693.0,3265.44580078125
timesfm,2022-04-01,18176.0,3354.475341796875
timesfm,2022-05-01,15727.0,2961.04150390625
timesfm,2022-06-01,6163.0,1763.3592529296875
timesfm,2022-07-01,3171.0,766.9905395507812
timesfm,2022-08-01,2379.0,506.8927001953125
timesfm,2022-09-01,2638.0,260.557373046875
timesfm,2021-11-01,1161.0,743.130859375
timesfm,2021-12-01,1897.0,948.527099609375
timesfm,2022-01-01,6041.0,1669.107666015625
timesfm,2022-02-01,7641.0,2787.970947265625
timesfm,2022-03-01,13693.0,3311.3623046875
timesfm,2022-04-01,18176.0,3238.397705078125
timesfm,2022-05-01,15727.0,2756.291259765625
timesfm,2022-06-01,6163.0,1820.010986328125
timesfm,2022-07-01,3171.0,852.1590576171875
timesfm,2022-08-01,2379.0,265.6806335449219
timesfm,2022-09-01,2638.0,177.8834228515625
timesfm,2022-10-01,3062.0,82.196044921875
timesfm,2021-12-01,1897.0,1468.341552734375
timesfm,2022-01-01,6041.0,2116.48046875
timesfm,2022-02-01,7641.0,3177.57275390625
timesfm,2022-03-01,13693.0,4274.197265625
timesfm,2022-04-01,18176.0,4233.037109375
timesfm,2022-05-01,15727.0,3250.619140625
timesfm,2022-06-01,6163.0,1987.4130859375
timesfm,2022-07-01,3171.0,1014.8307495117188
timesfm,2022-08-01,2379.0,382.43560791015625
timesfm,2022-09-01,2638.0,55.846466064453125
timesfm,2022-10-01,3062.0,123.63540649414062
timesfm,2022-11-01,2911.0,178.24554443359375
timesfm,2022-01-01,6041.0,2691.750244140625
timesfm,2022-02-01,7641.0,3346.21337890625
timesfm,2022-03-01,13693.0,4227.93212890625
timesfm,2022-04-01,18176.0,4454.3642578125
timesfm,2022-05-01,15727.0,3709.429443359375
timesfm,2022-06-01,6163.0,2243.97705078125
timesfm,2022-07-01,3171.0,1175.102294921875
timesfm,2022-08-01,2379.0,601.8311157226562
timesfm,2022-09-01,2638.0,172.76058959960938
timesfm,2022-10-01,3062.0,122.84890747070312
timesfm,2022-11-01,2911.0,282.9609375
timesfm,2022-12-01,3744.0,566.719482421875
timesfm,2022-02-01,7641.0,7944.87255859375
timesfm,2022-03-01,13693.0,7664.45751953125
timesfm,2022-04-01,18176.0,6798.6240234375
timesfm,2022-05-01,15727.0,5421.0302734375
timesfm,2022-06-01,6163.0,3385.125
timesfm,2022-07-01,3171.0,1686.7677001953125
timesfm,2022-08-01,2379.0,823.3683471679688
timesfm,2022-09-01,2638.0,372.2020263671875
timesfm,2022-10-01,3062.0,74.4542236328125
timesfm,2022-11-01,2911.0,253.43698120117188
timesfm,2022-12-01,3744.0,508.4650573730469
timesfm,2023-01-01,5478.0,1172.48974609375
timesfm,2022-03-01,13693.0,7941.63134765625
timesfm,2022-04-01,18176.0,6306.96484375
timesfm,2022-05-01,15727.0,4701.240234375
timesfm,2022-06-01,6163.0,3045.99853515625
timesfm,2022-07-01,3171.0,1589.6661376953125
timesfm,2022-08-01,2379.0,626.5025634765625
timesfm,2022-09-01,2638.0,369.8178405761719
timesfm,2022-10-01,3062.0,266.45635986328125
timesfm,2022-11-01,2911.0,101.56381225585938
timesfm,2022-12-01,3744.0,334.88873291015625
timesfm,2023-01-01,5478.0,925.866943359375
timesfm,2023-02-01,4938.0,1956.1016845703125
timesfm,2022-04-01,18176.0,12588.2333984375
timesfm,2022-05-01,15727.0,8429.306640625
timesfm,2022-06-01,6163.0,4650.34375
timesfm,2022-07-01,3171.0,2607.48193359375
timesfm,2022-08-01,2379.0,1098.79931640625
timesfm,2022-09-01,2638.0,117.12405395507812
timesfm,2022-10-01,3062.0,21.36553955078125
timesfm,2022-11-01,2911.0,44.65576171875
timesfm,2022-12-01,3744.0,185.51016235351562
timesfm,2023-01-01,5478.0,996.4486694335938
timesfm,2023-02-01,4938.0,2153.09521484375
timesfm,2023-03-01,5663.0,3330.981201171875
timesfm,2022-05-01,15727.0,13271.490234375
timesfm,2022-06-01,6163.0,7115.56494140625
timesfm,2022-07-01,3171.0,3022.41064453125
timesfm,2022-08-01,2379.0,1552.3636474609375
timesfm,2022-09-01,2638.0,444.4005126953125
timesfm,2022-10-01,3062.0,0.0
timesfm,2022-11-01,2911.0,247.764404296875
timesfm,2022-12-01,3744.0,513.6865844726562
timesfm,2023-01-01,5478.0,1104.650146484375
timesfm,2023-02-01,4938.0,2392.886474609375
timesfm,2023-03-01,5663.0,3570.0810546875
timesfm,2023-04-01,6983.0,4202.10986328125
timesfm,2022-06-01,6163.0,8915.2265625
timesfm,2022-07-01,3171.0,4108.572265625
timesfm,2022-08-01,2379.0,1390.326416015625
timesfm,2022-09-01,2638.0,634.7537231445312
timesfm,2022-10-01,3062.0,260.8718566894531
timesfm,2022-11-01,2911.0,125.8253173828125
timesfm,2022-12-01,3744.0,529.6481323242188
timesfm,2023-01-01,5478.0,1225.26318359375
timesfm,2023-02-01,4938.0,2210.970703125
timesfm,2023-03-01,5663.0,3444.446044921875
timesfm,2023-04-01,6983.0,4033.242919921875
timesfm,2023-05-01,4417.0,3871.37744140625
timesfm,2022-07-01,3171.0,2355.33984375
timesfm,2022-08-01,2379.0,1019.3767700195312
timesfm,2022-09-01,2638.0,399.587646484375
timesfm,2022-10-01,3062.0,306.1037292480469
timesfm,2022-11-01,2911.0,248.25802612304688
timesfm,2022-12-01,3744.0,382.9976806640625
timesfm,2023-01-01,5478.0,1158.63525390625
timesfm,2023-02-01,4938.0,2162.3271484375
timesfm,2023-03-01,5663.0,3353.890869140625
timesfm,2023-04-01,6983.0,3759.691650390625
timesfm,2023-05-01,4417.0,3453.12353515625
timesfm,2023-06-01,3165.0,2225.6474609375
timesfm,2022-08-01,2379.0,2000.53857421875
timesfm,2022-09-01,2638.0,1171.4248046875
timesfm,2022-10-01,3062.0,679.6702270507812
timesfm,2022-11-01,2911.0,701.4849853515625
timesfm,2022-12-01,3744.0,751.4443359375
timesfm,2023-01-01,5478.0,1478.5657958984375
timesfm,2023-02-01,4938.0,2641.20654296875
timesfm,2023-03-01,5663.0,3721.543701171875
timesfm,2023-04-01,6983.0,4179.5615234375
timesfm,2023-05-01,4417.0,3708.396240234375
timesfm,2023-06-01,3165.0,2347.28466796875
timesfm,2023-07-01,2934.0,1196.650634765625
timesfm,2022-09-01,2638.0,1619.968017578125
timesfm,2022-10-01,3062.0,1192.848388671875
timesfm,2022-11-01,2911.0,922.1953125
timesfm,2022-12-01,3744.0,1197.28466796875
timesfm,2023-01-01,5478.0,1719.3370361328125
timesfm,2023-02-01,4938.0,2860.520751953125
timesfm,2023-03-01,5663.0,4246.85595703125
timesfm,2023-04-01,6983.0,4753.9326171875
timesfm,2023-05-01,4417.0,4142.48291015625
timesfm,2023-06-01,3165.0,2452.58984375
timesfm,2023-07-01,2934.0,1187.509521484375
timesfm,2023-08-01,2086.0,766.0143432617188
timesfm,2022-10-01,3062.0,2531.30810546875
timesfm,2022-11-01,2911.0,2312.3212890625
timesfm,2022-12-01,3744.0,2434.43701171875
timesfm,2023-01-01,5478.0,3417.77197265625
timesfm,2023-02-01,4938.0,4441.27490234375
timesfm,2023-03-01,5663.0,5711.703125
timesfm,2023-04-01,6983.0,6339.63330078125
timesfm,2023-05-01,4417.0,5628.6318359375
timesfm,2023-06-01,3165.0,3273.25537109375
timesfm,2023-07-01,2934.0,1366.562744140625
timesfm,2023-08-01,2086.0,781.0855102539062
timesfm,2023-09-01,2295.0,718.558349609375
timesfm,2022-11-01,2911.0,3138.935302734375
timesfm,2022-12-01,3744.0,3147.8994140625
timesfm,2023-01-01,5478.0,3891.1064453125
timesfm,2023-02-01,4938.0,5455.654296875
timesfm,2023-03-01,5663.0,6303.30078125
timesfm,2023-04-01,6983.0,6597.0517578125
timesfm,2023-05-01,4417.0,6085.068359375
timesfm,2023-06-01,3165.0,4189.1943359375
timesfm,2023-07-01,2934.0,1978.8912353515625
timesfm,2023-08-01,2086.0,836.7748413085938
timesfm,2023-09-01,2295.0,563.4515380859375
timesfm,2023-10-01,2355.0,582.564208984375
timesfm,2022-12-01,3744.0,3000.468994140625
timesfm,2023-01-01,5478.0,3630.538818359375
timesfm,2023-02-01,4938.0,4712.552734375
timesfm,2023-03-01,5663.0,6260.3408203125
timesfm,2023-04-01,6983.0,6330.15185546875
timesfm,2023-05-01,4417.0,5433.3974609375
timesfm,2023-06-01,3165.0,3508.978759765625
timesfm,2023-07-01,2934.0,1870.2340087890625
timesfm,2023-08-01,2086.0,958.74658203125
timesfm,2023-09-01,2295.0,660.8003540039062
timesfm,2023-10-01,2355.0,537.7310791015625
timesfm,2023-11-01,3868.0,879.1204223632812
timesfm,2023-01-01,5478.0,4956.02099609375
timesfm,2023-02-01,4938.0,5941.9462890625
timesfm,2023-03-01,5663.0,6983.42138671875
timesfm,2023-04-01,6983.0,7492.82763671875
timesfm,2023-05-01,4417.0,6328.2626953125
timesfm,2023-06-01,3165.0,3872.746826171875
timesfm,2023-07-01,2934.0,1992.803955078125
timesfm,2023-08-01,2086.0,1142.246337890625
timesfm,2023-09-01,2295.0,804.94482421875
timesfm,2023-10-01,2355.0,666.3228149414062
timesfm,2023-11-01,3868.0,836.5355224609375
timesfm,2023-12-01,20715.0,1443.541259765625
timesfm,2023-02-01,4938.0,6679.83642578125
timesfm,2023-03-01,5663.0,7245.5283203125
timesfm,2023-04-01,6983.0,7172.8671875
timesfm,2023-05-01,4417.0,6403.33984375
timesfm,2023-06-01,3165.0,4110.6962890625
timesfm,2023-07-01,2934.0,2123.739501953125
timesfm,2023-08-01,2086.0,1321.482177734375
timesfm,2023-09-01,2295.0,1040.097900390625
timesfm,2023-10-01,2355.0,990.8369750976562
timesfm,2023-11-01,3868.0,1012.7357177734375
timesfm,2023-12-01,20715.0,1506.6934814453125
timesfm,2024-01-01,72410.0,2792.416748046875
timesfm,2023-03-01,5663.0,5071.947265625
timesfm,2023-04-01,6983.0,4955.470703125
timesfm,2023-05-01,4417.0,4339.73046875
timesfm,2023-06-01,3165.0,2971.668701171875
timesfm,2023-07-01,2934.0,1601.9793701171875
timesfm,2023-08-01,2086.0,994.682373046875
timesfm,2023-09-01,2295.0,910.837158203125
timesfm,2023-10-01,2355.0,901.6801147460938
timesfm,2023-11-01,3868.0,1088.3067626953125
timesfm,2023-12-01,20715.0,1337.6728515625
timesfm,2024-01-01,72410.0,2300.118896484375
timesfm,2024-02-01,98704.0,3689.379150390625
timesfm,2023-04-01,6983.0,5889.5439453125
timesfm,2023-05-01,4417.0,5067.77490234375
timesfm,2023-06-01,3165.0,3286.626953125
timesfm,2023-07-01,2934.0,1993.1007080078125
timesfm,2023-08-01,2086.0,1247.3603515625
timesfm,2023-09-01,2295.0,989.770751953125
timesfm,2023-10-01,2355.0,972.6341552734375
timesfm,2023-11-01,3868.0,1087.875732421875
timesfm,2023-12-01,20715.0,1644.62109375
timesfm,2024-01-01,72410.0,2893.37744140625
timesfm,2024-02-01,98704.0,4362.0546875
timesfm,2024-03-01,82032.0,5687.53173828125
timesfm,2023-05-01,4417.0,6531.1904296875
timesfm,2023-06-01,3165.0,4239.3310546875
timesfm,2023-07-01,2934.0,2305.61962890625
timesfm,2023-08-01,2086.0,1693.12646484375
timesfm,2023-09-01,2295.0,1284.453857421875
timesfm,2023-10-01,2355.0,1196.2314453125
timesfm,2023-11-01,3868.0,1403.7822265625
timesfm,2023-12-01,20715.0,2059.16552734375
timesfm,2024-01-01,72410.0,3399.979736328125
timesfm,2024-02-01,98704.0,5163.91845703125
timesfm,2024-03-01,82032.0,6615.6904296875
timesfm,2024-04-01,30462.0,7257.7001953125
timesfm,2023-06-01,3165.0,2366.0390625
timesfm,2023-07-01,2934.0,1194.8720703125
timesfm,2023-08-01,2086.0,725.6112670898438
timesfm,2023-09-01,2295.0,682.38623046875
timesfm,2023-10-01,2355.0,727.2373657226562
timesfm,2023-11-01,3868.0,770.605224609375
timesfm,2023-12-01,20715.0,1263.7998046875
timesfm,2024-01-01,72410.0,2523.87158203125
timesfm,2024-02-01,98704.0,4054.502685546875
timesfm,2024-03-01,82032.0,5288.515625
timesfm,2024-04-01,30462.0,5590.73388671875
timesfm,2024-05-01,14210.0,4742.5927734375
timesfm,2023-07-01,2934.0,2216.968994140625
timesfm,2023-08-01,2086.0,1641.070556640625
timesfm,2023-09-01,2295.0,1267.1434326171875
timesfm,2023-10-01,2355.0,1226.279296875
timesfm,2023-11-01,3868.0,1330.646240234375
timesfm,2023-12-01,20715.0,1585.369140625
timesfm,2024-01-01,72410.0,2617.58154296875
timesfm,2024-02-01,98704.0,4144.14306640625
timesfm,2024-03-01,82032.0,5504.2041015625
timesfm,2024-04-01,30462.0,5821.4189453125
timesfm,2024-05-01,14210.0,5009.2353515625
timesfm,2024-06-01,4584.0,2981.025146484375
timesfm,2023-08-01,2086.0,2289.741943359375
timesfm,2023-09-01,2295.0,1970.9613037109375
timesfm,2023-10-01,2355.0,1675.46728515625
timesfm,2023-11-01,3868.0,1859.371337890625
timesfm,2023-12-01,20715.0,2326.91259765625
timesfm,2024-01-01,72410.0,3197.488037109375
timesfm,2024-02-01,98704.0,4354.732421875
timesfm,2024-03-01,82032.0,5756.38623046875
timesfm,2024-04-01,30462.0,6268.087890625
timesfm,2024-05-01,14210.0,5528.64404296875
timesfm,2024-06-01,4584.0,3607.414794921875
timesfm,2024-07-01,1353.0,2033.1845703125
timesfm,2023-09-01,2295.0,1746.8936767578125
timesfm,2023-10-01,2355.0,1545.319580078125
timesfm,2023-11-01,3868.0,1467.72509765625
timesfm,2023-12-01,20715.0,2130.26318359375
timesfm,2024-01-01,72410.0,3105.311279296875
timesfm,2024-02-01,98704.0,4215.794921875
timesfm,2024-03-01,82032.0,5406.6748046875
timesfm,2024-04-01,30462.0,6081.611328125
timesfm,2024-05-01,14210.0,5328.9775390625
timesfm,2024-06-01,4584.0,3293.35107421875
timesfm,2024-07-01,1353.0,2107.0576171875
timesfm,2024-08-01,1368.0,1421.643310546875
timesfm,2023-10-01,2355.0,2272.376953125
timesfm,2023-11-01,3868.0,2222.861572265625
timesfm,2023-12-01,20715.0,2548.90087890625
timesfm,2024-01-01,72410.0,3594.98193359375
timesfm,2024-02-01,98704.0,4752.7275390625
timesfm,2024-03-01,82032.0,5802.7568359375
timesfm,2024-04-01,30462.0,6173.6015625
timesfm,2024-05-01,14210.0,5562.515625
timesfm,2024-06-01,4584.0,3532.078125
timesfm,2024-07-01,1353.0,1927.6982421875
timesfm,2024-08-01,1368.0,1402.6865234375
timesfm,2024-09-01,1506.0,1173.868896484375
timesfm,2023-11-01,3868.0,2187.751953125
timesfm,2023-12-01,20715.0,2430.35302734375
timesfm,2024-01-01,72410.0,3235.073974609375
timesfm,2024-02-01,98704.0,4601.89013671875
timesfm,2024-03-01,82032.0,5698.85498046875
timesfm,2024-04-01,30462.0,5865.43701171875
timesfm,2024-05-01,14210.0,4983.748046875
timesfm,2024-06-01,4584.0,3229.390625
timesfm,2024-07-01,1353.0,1600.588134765625
timesfm,2024-08-01,1368.0,885.49462890625
timesfm,2024-09-01,1506.0,811.5338134765625
timesfm,2024-10-01,1598.0,967.9547729492188
timesfm,2023-12-01,20715.0,4818.3671875
timesfm,2024-01-01,72410.0,5689.79345703125
timesfm,2024-02-01,98704.0,6562.64501953125
timesfm,2024-03-01,82032.0,7751.25732421875
timesfm,2024-04-01,30462.0,7793.19921875
timesfm,2024-05-01,14210.0,6456.935546875
timesfm,2024-06-01,4584.0,4168.86279296875
timesfm,2024-07-01,1353.0,2513.177734375
timesfm,2024-08-01,1368.0,1602.0863037109375
timesfm,2024-09-01,1506.0,1169.6351318359375
timesfm,2024-10-01,1598.0,1281.481201171875
timesfm,2024-11-01,2674.0,1578.4049072265625
timesfm,2024-01-01,72410.0,18282.62109375
timesfm,2024-02-01,98704.0,16395.568359375
timesfm,2024-03-01,82032.0,13974.5361328125
timesfm,2024-04-01,30462.0,11823.673828125
timesfm,2024-05-01,14210.0,9144.6953125
timesfm,2024-06-01,4584.0,5601.6396484375
timesfm,2024-07-01,1353.0,2554.298828125
timesfm,2024-08-01,1368.0,1427.9034423828125
timesfm,2024-09-01,1506.0,1147.0126953125
timesfm,2024-10-01,1598.0,1059.0426025390625
timesfm,2024-11-01,2674.0,1386.64306640625
timesfm,2024-12-01,2416.0,2126.02734375
