model,date,y_true,y_pred
sarimax,2014-01-01,1415.0,1708.1961400040793
sarimax,2014-02-01,1920.0,10466.8024568776
sarimax,2014-03-01,2818.0,51907.73197387097
sarimax,2014-04-01,2106.0,35803.26049856121
sarimax,2014-05-01,1315.0,8496.45492001698
sarimax,2014-06-01,993.0,2434.569628557356
sarimax,2014-07-01,375.0,321.28848100156586
sarimax,2014-08-01,376.0,253.78607370719058
sarimax,2014-09-01,417.0,456.636000204035
sarimax,2014-10-01,476.0,295.91519850336323
sarimax,2014-11-01,679.0,366.728448696836
sarimax,2014-12-01,350.0,708.4221698158221
sarimax,2014-02-01,1920.0,10079.11747392908
sarimax,2014-03-01,2818.0,51475.34830279226
sarimax,2014-04-01,2106.0,35385.56925269292
sarimax,2014-05-01,1315.0,8138.5297187013075
sarimax,2014-06-01,993.0,2084.7914456503704
sarimax,2014-07-01,375.0,0.0
sarimax,2014-08-01,376.0,0.0
sarimax,2014-09-01,417.0,111.83036914167988
sarimax,2014-10-01,476.0,0.0
sarimax,2014-11-01,679.0,21.876306822426073
sarimax,2014-12-01,350.0,363.5039838851995
sarimax,2015-01-01,592.0,1124.7143859452815
sarimax,2014-03-01,2818.0,27833.149026758383
sarimax,2014-04-01,2106.0,17877.345951144212
sarimax,2014-05-01,1315.0,0.0
sarimax,2014-06-01,993.0,0.0
sarimax,2014-07-01,375.0,0.0
sarimax,2014-08-01,376.0,0.0
sarimax,2014-09-01,417.0,0.0
sarimax,2014-10-01,476.0,0.0
sarimax,2014-11-01,679.0,0.0
sarimax,2014-12-01,350.0,0.0
sarimax,2015-01-01,592.0,0.0
sarimax,2015-02-01,801.0,430.84750425983384
sarimax,2014-04-01,2106.0,643.8362881969806
sarimax,2014-05-01,1315.0,0.0
sarimax,2014-06-01,993.0,0.0
sarimax,2014-07-01,375.0,0.0
sarimax,2014-08-01,376.0,0.0
sarimax,2014-09-01,417.0,0.0
sarimax,2014-10-01,476.0,0.0
sarimax,2014-11-01,679.0,0.0
sarimax,2014-12-01,350.0,0.0
sarimax,2015-01-01,592.0,0.0
sarimax,2015-02-01,801.0,8089.550551526294
sarimax,2015-03-01,3920.0,54419.33176092563
sarimax,2014-05-01,1315.0,0.0
sarimax,2014-06-01,993.0,0.0
sarimax,2014-07-01,375.0,0.0
sarimax,2014-08-01,376.0,0.0
sarimax,2014-09-01,417.0,0.0
sarimax,2014-10-01,476.0,0.0
sarimax,2014-11-01,679.0,0.0
sarimax,2014-12-01,350.0,0.0
sarimax,2015-01-01,592.0,564.0408591350002
sarimax,2015-02-01,801.0,10351.790255794262
sarimax,2015-03-01,3920.0,57300.466838442255
sarimax,2015-04-01,8918.0,39017.84237865095
sarimax,2014-06-01,993.0,1006.3933781538781
sarimax,2014-07-01,375.0,720.1896905525518
sarimax,2014-08-01,376.0,590.8418415088702
sarimax,2014-09-01,417.0,731.7549829827238
sarimax,2014-10-01,476.0,641.0896999610208
sarimax,2014-11-01,679.0,668.0657063739116
sarimax,2014-12-01,350.0,998.6031682521581
sarimax,2015-01-01,592.0,2419.75753577377
sarimax,2015-02-01,801.0,12281.067260147807
sarimax,2015-03-01,3920.0,59582.83764122653
sarimax,2015-04-01,8918.0,41165.63982603137
sarimax,2015-05-01,10646.0,10163.757958775925
sarimax,2014-07-01,375.0,702.9959285833397
sarimax,2014-08-01,376.0,575.5499652988673
sarimax,2014-09-01,417.0,715.4975078710672
sarimax,2014-10-01,476.0,625.3228265158473
sarimax,2014-11-01,679.0,652.0491066680952
sarimax,2014-12-01,350.0,982.7152055721634
sarimax,2015-01-01,592.0,2403.777502870684
sarimax,2015-02-01,801.0,12264.81502771611
sarimax,2015-03-01,3920.0,59565.05330295401
sarimax,2015-04-01,8918.0,41148.44223189718
sarimax,2015-05-01,10646.0,10147.542376047953
sarimax,2015-06-01,3014.0,3223.828774708254
sarimax,2014-08-01,376.0,152.7916896225613
sarimax,2014-09-01,417.0,341.1202636361259
sarimax,2014-10-01,476.0,226.243137584051
sarimax,2014-11-01,679.0,265.5838111836575
sarimax,2014-12-01,350.0,589.8025089701875
sarimax,2015-01-01,592.0,2014.258711640761
sarimax,2015-02-01,801.0,11874.781394262523
sarimax,2015-03-01,3920.0,59181.662606320344
sarimax,2015-04-01,8918.0,40762.406054838735
sarimax,2015-05-01,10646.0,9757.96424998159
sarimax,2015-06-01,3014.0,2833.3133349855143
sarimax,2015-07-01,882.0,399.1141062857905
sarimax,2014-09-01,417.0,629.2867321642407
sarimax,2014-10-01,476.0,481.1806602045219
sarimax,2014-11-01,679.0,537.5205285928237
sarimax,2014-12-01,350.0,853.0391335860955
sarimax,2015-01-01,592.0,2282.0104027882667
sarimax,2015-02-01,801.0,12140.994956225473
sarimax,2015-03-01,3920.0,59452.70464857828
sarimax,2015-04-01,8918.0,41031.45431673803
sarimax,2015-05-01,10646.0,10024.932188598032
sarimax,2015-06-01,3014.0,3099.6040655417
sarimax,2015-07-01,882.0,665.3412502425854
sarimax,2015-08-01,614.0,624.3053679804482
sarimax,2014-10-01,476.0,206.7186371369067
sarimax,2014-11-01,679.0,294.88709980005353
sarimax,2014-12-01,350.0,594.1091041868616
sarimax,2015-01-01,592.0,2031.4753263996138
sarimax,2015-02-01,801.0,11886.791917895946
sarimax,2015-03-01,3920.0,59203.67665542521
sarimax,2015-04-01,8918.0,40780.1667626695
sarimax,2015-05-01,10646.0,9772.271726931402
sarimax,2015-06-01,3014.0,2846.2250767695423
sarimax,2015-07-01,882.0,411.9954390542457
sarimax,2015-08-01,614.0,370.87998868279203
sarimax,2015-09-01,466.0,572.4178803629679
sarimax,2014-11-01,679.0,643.1702248012116
sarimax,2014-12-01,350.0,901.9094085722912
sarimax,2015-01-01,592.0,2360.122035444832
sarimax,2015-02-01,801.0,12206.017235543592
sarimax,2015-03-01,3920.0,59534.32514566947
sarimax,2015-04-01,8918.0,41105.74453241216
sarimax,2015-05-01,10646.0,10095.386605415959
sarimax,2015-06-01,3014.0,3167.757072465047
sarimax,2015-07-01,882.0,733.6686729078265
sarimax,2015-08-01,614.0,692.3555728258569
sarimax,2015-09-01,466.0,894.0126306704824
sarimax,2015-10-01,433.0,734.5851396037299
sarimax,2014-12-01,350.0,948.3038166838401
sarimax,2015-01-01,592.0,2401.102146615091
sarimax,2015-02-01,801.0,12249.73676447956
sarimax,2015-03-01,3920.0,59576.463804415536
sarimax,2015-04-01,8918.0,41148.6719095657
sarimax,2015-05-01,10646.0,10138.046295870823
sarimax,2015-06-01,3014.0,3210.63049301092
sarimax,2015-07-01,882.0,776.4506534793941
sarimax,2015-08-01,614.0,735.1877652099915
sarimax,2015-09-01,466.0,936.8186211258326
sarimax,2015-10-01,433.0,777.4050236248463
sarimax,2015-11-01,1256.0,865.6724631558936
sarimax,2015-01-01,592.0,1626.070334430297
sarimax,2015-02-01,801.0,11563.61400659196
sarimax,2015-03-01,3920.0,58836.81935174235
sarimax,2015-04-01,8918.0,40435.4704685291
sarimax,2015-05-01,10646.0,9417.466815973588
sarimax,2015-06-01,3014.0,2497.28414212369
sarimax,2015-07-01,882.0,60.21678182861251
sarimax,2015-08-01,614.0,20.583809573308926
sarimax,2015-09-01,466.0,221.35877636898212
sarimax,2015-10-01,433.0,62.40452025113652
sarimax,2015-11-01,1256.0,150.47237352168668
sarimax,2015-12-01,3029.0,450.36515221508813
sarimax,2015-02-01,801.0,10223.697268795742
sarimax,2015-03-01,3920.0,57652.74140497354
sarimax,2015-04-01,8918.0,39171.52598178813
sarimax,2015-05-01,10646.0,8194.973056469302
sarimax,2015-06-01,3014.0,1253.8871746328314
sarimax,2015-07-01,882.0,0.0
sarimax,2015-08-01,614.0,0.0
sarimax,2015-09-01,466.0,0.0
sarimax,2015-10-01,433.0,0.0
sarimax,2015-11-01,1256.0,0.0
sarimax,2015-12-01,3029.0,0.0
sarimax,2016-01-01,22677.0,0.0
sarimax,2015-03-01,3920.0,44323.77124133201
sarimax,2015-04-01,8918.0,27688.44397608265
sarimax,2015-05-01,10646.0,0.0
sarimax,2015-06-01,3014.0,0.0
sarimax,2015-07-01,882.0,0.0
sarimax,2015-08-01,614.0,0.0
sarimax,2015-09-01,466.0,0.0
sarimax,2015-10-01,433.0,0.0
sarimax,2015-11-01,1256.0,0.0
sarimax,2015-12-01,3029.0,0.0
sarimax,2016-01-01,22677.0,0.0
sarimax,2016-02-01,52456.0,0.0
sarimax,2015-04-01,8918.0,0.0
sarimax,2015-05-01,10646.0,0.0
sarimax,2015-06-01,3014.0,0.0
sarimax,2015-07-01,882.0,0.0
sarimax,2015-08-01,614.0,0.0
sarimax,2015-09-01,466.0,0.0
sarimax,2015-10-01,433.0,0.0
sarimax,2015-11-01,1256.0,0.0
sarimax,2015-12-01,3029.0,0.0
sarimax,2016-01-01,22677.0,0.0
sarimax,2016-02-01,52456.0,0.0
sarimax,2016-03-01,54111.0,0.0
sarimax,2015-05-01,10646.0,0.0
sarimax,2015-06-01,3014.0,0.0
sarimax,2015-07-01,882.0,0.0
sarimax,2015-08-01,614.0,0.0
sarimax,2015-09-01,466.0,0.0
sarimax,2015-10-01,433.0,0.0
sarimax,2015-11-01,1256.0,0.0
sarimax,2015-12-01,3029.0,0.0
sarimax,2016-01-01,22677.0,0.0
sarimax,2016-02-01,52456.0,0.0
sarimax,2016-03-01,54111.0,0.0
sarimax,2016-04-01,42332.0,0.0
sarimax,2015-06-01,3014.0,4336.151832201575
sarimax,2015-07-01,882.0,4716.908088280956
sarimax,2015-08-01,614.0,3304.7208144854244
sarimax,2015-09-01,466.0,4436.859200213531
sarimax,2015-10-01,433.0,3652.616016520739
sarimax,2015-11-01,1256.0,4329.111009544046
sarimax,2015-12-01,3029.0,3932.810662273432
sarimax,2016-01-01,22677.0,4624.701741495923
sarimax,2016-02-01,52456.0,4770.503514279444
sarimax,2016-03-01,54111.0,6987.626639747165
sarimax,2016-04-01,42332.0,9181.408251329454
sarimax,2016-05-01,15246.0,9796.996436748743
sarimax,2015-07-01,882.0,3086.8241303352606
sarimax,2015-08-01,614.0,1899.0567033152583
sarimax,2015-09-01,466.0,2866.1891600176177
sarimax,2015-10-01,433.0,2203.2284340400447
sarimax,2015-11-01,1256.0,2790.0055887744875
sarimax,2015-12-01,3029.0,2460.638209357933
sarimax,2016-01-01,22677.0,3104.658466034155
sarimax,2016-02-01,52456.0,3286.5542380709703
sarimax,2016-03-01,54111.0,5473.95597710869
sarimax,2016-04-01,42332.0,7677.911749541296
sarimax,2016-05-01,15246.0,8275.347456770065
sarimax,2016-06-01,1738.0,4062.277873682692
sarimax,2015-08-01,614.0,0.0
sarimax,2015-09-01,466.0,513.6788726773462
sarimax,2015-10-01,433.0,0.0
sarimax,2015-11-01,1256.0,359.13474190468037
sarimax,2015-12-01,3029.0,0.0
sarimax,2016-01-01,22677.0,631.7703104752947
sarimax,2016-02-01,52456.0,731.8837803045649
sarimax,2016-03-01,54111.0,2979.506469380468
sarimax,2016-04-01,42332.0,5141.834216205263
sarimax,2016-05-01,15246.0,5771.665547971485
sarimax,2016-06-01,1738.0,1533.3009641196832
sarimax,2016-07-01,697.0,168.40899347827417
sarimax,2015-09-01,466.0,2342.562774136722
sarimax,2015-10-01,433.0,1124.3835369085466
sarimax,2015-11-01,1256.0,2116.27911630664
sarimax,2015-12-01,3029.0,1491.0479050828676
sarimax,2016-01-01,22677.0,2350.179430369418
sarimax,2016-02-01,52456.0,2374.800970974694
sarimax,2016-03-01,54111.0,4678.380359319324
sarimax,2016-04-01,42332.0,6803.103919480234
sarimax,2016-05-01,15246.0,7463.303682668307
sarimax,2016-06-01,1738.0,3200.3822137397465
sarimax,2016-07-01,697.0,1850.3978350863745
sarimax,2016-08-01,424.0,1662.0989990787411
sarimax,2015-10-01,433.0,0.0
sarimax,2015-11-01,1256.0,113.57281993613583
sarimax,2015-12-01,3029.0,0.0
sarimax,2016-01-01,22677.0,279.51845914210946
sarimax,2016-02-01,52456.0,170.8609335029982
sarimax,2016-03-01,54111.0,2572.8824486365043
sarimax,2016-04-01,42332.0,4629.864218972285
sarimax,2016-05-01,15246.0,5343.292848806421
sarimax,2016-06-01,1738.0,1038.425332147819
sarimax,2016-07-01,697.0,0.0
sarimax,2016-08-01,424.0,0.0
sarimax,2016-09-01,425.0,0.0
sarimax,2015-11-01,1256.0,2180.6087141916987
sarimax,2015-12-01,3029.0,1002.6191440657808
sarimax,2016-01-01,22677.0,2264.7027780858502
sarimax,2016-02-01,52456.0,1994.3394537941028
sarimax,2016-03-01,54111.0,4515.543657875018
sarimax,2016-04-01,42332.0,6489.009283851718
sarimax,2016-05-01,15246.0,7266.766332450943
sarimax,2016-06-01,1738.0,2912.1965572832005
sarimax,2016-07-01,697.0,1621.936376156747
sarimax,2016-08-01,424.0,1388.5581552986278
sarimax,2016-09-01,425.0,1397.0904102491209
sarimax,2016-10-01,807.0,1358.5229646949547
sarimax,2015-12-01,3029.0,0.0
sarimax,2016-01-01,22677.0,1276.9654461992104
sarimax,2016-02-01,52456.0,881.779853370283
sarimax,2016-03-01,54111.0,3494.585864624975
sarimax,2016-04-01,42332.0,5402.56231656405
sarimax,2016-05-01,15246.0,6229.488287921361
sarimax,2016-06-01,1738.0,1837.9153354417763
sarimax,2016-07-01,697.0,573.3429531386164
sarimax,2016-08-01,424.0,320.92488270217734
sarimax,2016-09-01,425.0,343.29286666660494
sarimax,2016-10-01,807.0,294.57103249827816
sarimax,2016-11-01,932.0,868.041240192077
sarimax,2016-01-01,22677.0,5258.191317039436
sarimax,2016-02-01,52456.0,4279.605493747567
sarimax,2016-03-01,54111.0,7320.579932545163
sarimax,2016-04-01,42332.0,8918.86960804728
sarimax,2016-05-01,15246.0,9975.986566102925
sarimax,2016-06-01,1738.0,5413.062970813045
sarimax,2016-07-01,697.0,4270.390549827592
sarimax,2016-08-01,424.0,3928.017975378602
sarimax,2016-09-01,425.0,4016.0413974337444
sarimax,2016-10-01,807.0,3919.1353957378788
sarimax,2016-11-01,932.0,4528.165468254244
sarimax,2016-12-01,1822.0,5252.943836458798
sarimax,2016-02-01,52456.0,26188.713529894034
sarimax,2016-03-01,54111.0,25977.9137822724
sarimax,2016-04-01,42332.0,29887.92529765261
sarimax,2016-05-01,15246.0,29243.082351036355
sarimax,2016-06-01,1738.0,25936.22798211956
sarimax,2016-07-01,697.0,23920.033300823918
sarimax,2016-08-01,424.0,24215.21723875036
sarimax,2016-09-01,425.0,23844.681110415062
sarimax,2016-10-01,807.0,24080.098973448985
sarimax,2016-11-01,932.0,24446.361431329045
sarimax,2016-12-01,1822.0,25333.91538864221
sarimax,2017-01-01,2847.0,35653.595679855665
sarimax,2016-03-01,54111.0,59675.84467987776
sarimax,2016-04-01,42332.0,59498.63859846546
sarimax,2016-05-01,15246.0,61070.49348821036
sarimax,2016-06-01,1738.0,56536.5409762256
sarimax,2016-07-01,697.0,55373.70710837332
sarimax,2016-08-01,424.0,55135.05574954505
sarimax,2016-09-01,425.0,55126.845499892464
sarimax,2016-10-01,807.0,55117.630550293245
sarimax,2016-11-01,932.0,55645.77797607481
sarimax,2016-12-01,1822.0,56381.53049602557
sarimax,2017-01-01,2847.0,66496.72027236133
sarimax,2017-02-01,1758.0,81746.0159306493
sarimax,2016-04-01,42332.0,52139.93532659086
sarimax,2016-05-01,15246.0,54630.104118177565
sarimax,2016-06-01,1738.0,49630.910176607096
sarimax,2016-07-01,697.0,48706.34973058149
sarimax,2016-08-01,424.0,48348.05895838191
sarimax,2016-09-01,425.0,48400.061918828826
sarimax,2016-10-01,807.0,48360.82549118522
sarimax,2016-11-01,932.0,48903.65975243337
sarimax,2016-12-01,1822.0,49630.95553240413
sarimax,2017-01-01,2847.0,59740.50853922523
sarimax,2017-02-01,1758.0,74973.76662650495
sarimax,2017-03-01,1531.0,77350.109262415
sarimax,2016-05-01,15246.0,41529.18898568009
sarimax,2016-06-01,1738.0,38140.43577818654
sarimax,2016-07-01,697.0,36484.53353066216
sarimax,2016-08-01,424.0,36481.43208362888
sarimax,2016-09-01,425.0,36366.537317162365
sarimax,2016-10-01,807.0,36408.0748324241
sarimax,2016-11-01,932.0,36908.362859991015
sarimax,2016-12-01,1822.0,37638.99586787277
sarimax,2017-01-01,2847.0,47602.81722166696
sarimax,2017-02-01,1758.0,62631.348374155845
sarimax,2017-03-01,1531.0,65016.06304014038
sarimax,2017-04-01,1225.0,61607.05292355703
sarimax,2016-06-01,1738.0,2381.3172374092537
sarimax,2016-07-01,697.0,4405.507010843992
sarimax,2016-08-01,424.0,2978.249956245802
sarimax,2016-09-01,425.0,3418.715319726736
sarimax,2016-10-01,807.0,3243.8123082593065
sarimax,2016-11-01,932.0,3826.968702111794
sarimax,2016-12-01,1822.0,4516.30911769033
sarimax,2017-01-01,2847.0,14422.658852075494
sarimax,2017-02-01,1758.0,29337.906652218386
sarimax,2017-03-01,1531.0,31730.12400101983
sarimax,2017-04-01,1225.0,28381.47283629641
sarimax,2017-05-01,664.0,15775.559223136384
sarimax,2016-07-01,697.0,3535.6993248315275
sarimax,2016-08-01,424.0,2201.0351076724946
sarimax,2016-09-01,425.0,2603.4815794784045
sarimax,2016-10-01,807.0,2443.9462137742566
sarimax,2016-11-01,932.0,3021.212405876947
sarimax,2016-12-01,1822.0,3714.2778594365514
sarimax,2017-01-01,2847.0,13630.738222981852
sarimax,2017-02-01,1758.0,28563.3427986811
sarimax,2017-03-01,1531.0,30954.558442299218
sarimax,2017-04-01,1225.0,27596.355017317313
sarimax,2017-05-01,664.0,14973.898548917052
sarimax,2017-06-01,440.0,4415.316046605994
sarimax,2016-08-01,424.0,0.0
sarimax,2016-09-01,425.0,0.0
sarimax,2016-10-01,807.0,0.0
sarimax,2016-11-01,932.0,0.0
sarimax,2016-12-01,1822.0,162.84514726355155
sarimax,2017-01-01,2847.0,10080.935329980708
sarimax,2017-02-01,1758.0,25004.358128568194
sarimax,2017-03-01,1531.0,27396.731013351542
sarimax,2017-04-01,1225.0,24042.16894410029
sarimax,2017-05-01,664.0,11426.579069830985
sarimax,2017-06-01,440.0,869.3366527883081
sarimax,2017-07-01,298.0,0.0
sarimax,2016-09-01,425.0,1872.2140528952625
sarimax,2016-10-01,807.0,1334.2606931915625
sarimax,2016-11-01,932.0,2048.0887232143436
sarimax,2016-12-01,1822.0,2690.5755038420307
sarimax,2017-01-01,2847.0,12614.712375552936
sarimax,2017-02-01,1758.0,27525.340602819568
sarimax,2017-03-01,1531.0,29919.649591063455
sarimax,2017-04-01,1225.0,26569.419428166344
sarimax,2017-05-01,664.0,13962.39604183404
sarimax,2017-06-01,440.0,3406.7910664815126
sarimax,2017-07-01,298.0,1817.6513614645671
sarimax,2017-08-01,342.0,1547.1392337436403
sarimax,2016-10-01,807.0,0.0
sarimax,2016-11-01,932.0,277.58822990102436
sarimax,2016-12-01,1822.0,854.925036044139
sarimax,2017-01-01,2847.0,10800.98752943604
sarimax,2017-02-01,1758.0,25701.115606373827
sarimax,2017-03-01,1531.0,28098.53127333601
sarimax,2017-04-01,1225.0,24748.43487643251
sarimax,2017-05-01,664.0,12143.874905943689
sarimax,2017-06-01,440.0,1588.5554578694391
sarimax,2017-07-01,298.0,0.0
sarimax,2017-08-01,342.0,0.0
sarimax,2017-09-01,571.0,0.0
sarimax,2016-11-01,932.0,2207.6290057906626
sarimax,2016-12-01,1822.0,2604.1258064233252
sarimax,2017-01-01,2847.0,12613.55105659836
sarimax,2017-02-01,1758.0,27488.803971474677
sarimax,2017-03-01,1531.0,29894.544561729672
sarimax,2017-04-01,1225.0,26542.53843842348
sarimax,2017-05-01,664.0,13940.798973372965
sarimax,2017-06-01,440.0,3385.4657713976794
sarimax,2017-07-01,298.0,1796.3636420574878
sarimax,2017-08-01,342.0,1525.7867110047619
sarimax,2017-09-01,571.0,1451.9295646989247
sarimax,2017-10-01,966.0,1625.3329629906866
sarimax,2016-12-01,1822.0,868.3186470128724
sarimax,2017-01-01,2847.0,11038.952322750194
sarimax,2017-02-01,1758.0,25852.459205461164
sarimax,2017-03-01,1531.0,28279.058842806236
sarimax,2017-04-01,1225.0,24921.73222943589
sarimax,2017-05-01,664.0,12326.099049614637
sarimax,2017-06-01,440.0,1770.5484259253208
sarimax,2017-07-01,298.0,181.64451682915455
sarimax,2017-08-01,342.0,0.0
sarimax,2017-09-01,571.0,0.0
sarimax,2017-10-01,966.0,10.455548214956195
sarimax,2017-11-01,746.0,486.3744039588537
sarimax,2017-01-01,2847.0,12344.128055806232
sarimax,2017-02-01,1758.0,27041.107769875132
sarimax,2017-03-01,1531.0,29511.034420222597
sarimax,2017-04-01,1225.0,26134.495604082476
sarimax,2017-05-01,664.0,13537.93792460616
sarimax,2017-06-01,440.0,2979.1336835063757
sarimax,2017-07-01,298.0,1391.1624958148432
sarimax,2017-08-01,342.0,1120.2229964415337
sarimax,2017-09-01,571.0,1046.5094237546475
sarimax,2017-10-01,966.0,1219.909308077381
sarimax,2017-11-01,746.0,1695.6837197644886
sarimax,2017-12-01,1109.0,3029.39541440446
sarimax,2017-02-01,1758.0,13557.54271983905
sarimax,2017-03-01,1531.0,17214.581539224622
sarimax,2017-04-01,1225.0,13801.468102709498
sarimax,2017-05-01,664.0,1964.5874928551038
sarimax,2017-06-01,440.0,0.0
sarimax,2017-07-01,298.0,0.0
sarimax,2017-08-01,342.0,0.0
sarimax,2017-09-01,571.0,0.0
sarimax,2017-10-01,966.0,0.0
sarimax,2017-11-01,746.0,0.0
sarimax,2017-12-01,1109.0,0.0
sarimax,2018-01-01,1267.0,2331.469799228351
sarimax,2017-03-01,1531.0,1225.8453047834482
sarimax,2017-04-01,1225.0,0.0
sarimax,2017-05-01,664.0,0.0
sarimax,2017-06-01,440.0,0.0
sarimax,2017-07-01,298.0,0.0
sarimax,2017-08-01,342.0,0.0
sarimax,2017-09-01,571.0,0.0
sarimax,2017-10-01,966.0,0.0
sarimax,2017-11-01,746.0,0.0
sarimax,2017-12-01,1109.0,0.0
sarimax,2018-01-01,1267.0,0.0
sarimax,2018-02-01,975.0,5589.674517071315
sarimax,2017-04-01,1225.0,208.59895365580087
sarimax,2017-05-01,664.0,0.0
sarimax,2017-06-01,440.0,0.0
sarimax,2017-07-01,298.0,0.0
sarimax,2017-08-01,342.0,0.0
sarimax,2017-09-01,571.0,0.0
sarimax,2017-10-01,966.0,0.0
sarimax,2017-11-01,746.0,0.0
sarimax,2017-12-01,1109.0,0.0
sarimax,2018-01-01,1267.0,0.0
sarimax,2018-02-01,975.0,6007.185738531054
sarimax,2018-03-01,866.0,6824.365601054129
sarimax,2017-05-01,664.0,0.0
sarimax,2017-06-01,440.0,0.0
sarimax,2017-07-01,298.0,0.0
sarimax,2017-08-01,342.0,0.0
sarimax,2017-09-01,571.0,0.0
sarimax,2017-10-01,966.0,0.0
sarimax,2017-11-01,746.0,0.0
sarimax,2017-12-01,1109.0,0.0
sarimax,2018-01-01,1267.0,0.0
sarimax,2018-02-01,975.0,7420.201465888327
sarimax,2018-03-01,866.0,8239.863005996402
sarimax,2018-04-01,771.0,1553.2301430460275
sarimax,2017-06-01,440.0,0.0
sarimax,2017-07-01,298.0,0.0
sarimax,2017-08-01,342.0,0.0
sarimax,2017-09-01,571.0,0.0
sarimax,2017-10-01,966.0,0.0
sarimax,2017-11-01,746.0,0.0
sarimax,2017-12-01,1109.0,0.0
sarimax,2018-01-01,1267.0,5331.43265350438
sarimax,2018-02-01,975.0,22292.725734090123
sarimax,2018-03-01,866.0,23165.89045028413
sarimax,2018-04-01,771.0,16151.38756293611
sarimax,2018-05-01,411.0,80.3887805901577
sarimax,2017-07-01,298.0,0.0
sarimax,2017-08-01,342.0,0.0
sarimax,2017-09-01,571.0,0.0
sarimax,2017-10-01,966.0,0.0
sarimax,2017-11-01,746.0,0.0
sarimax,2017-12-01,1109.0,1250.746294195373
sarimax,2018-01-01,1267.0,13121.887493679264
sarimax,2018-02-01,975.0,30007.44093814622
sarimax,2018-03-01,866.0,30876.550807196436
sarimax,2018-04-01,771.0,23889.51903161513
sarimax,2018-05-01,411.0,7882.472388501597
sarimax,2018-06-01,338.0,0.0
sarimax,2017-08-01,342.0,0.0
sarimax,2017-09-01,571.0,0.0
sarimax,2017-10-01,966.0,0.0
sarimax,2017-11-01,746.0,500.38063013202935
sarimax,2017-12-01,1109.0,1902.670799024529
sarimax,2018-01-01,1267.0,13775.662614582368
sarimax,2018-02-01,975.0,30666.05668236376
sarimax,2018-03-01,866.0,31535.34063047118
sarimax,2018-04-01,771.0,24546.656793223145
sarimax,2018-05-01,411.0,8535.698099074445
sarimax,2018-06-01,338.0,574.1880937951819
sarimax,2018-07-01,355.0,0.0
sarimax,2017-09-01,571.0,490.0996522825266
sarimax,2017-10-01,966.0,551.1486719452771
sarimax,2017-11-01,746.0,1109.4982201889975
sarimax,2017-12-01,1109.0,2504.596063566957
sarimax,2018-01-01,1267.0,14377.641770853767
sarimax,2018-02-01,975.0,31263.331646045626
sarimax,2018-03-01,866.0,32132.654414808392
sarimax,2018-04-01,771.0,25145.3228915468
sarimax,2018-05-01,411.0,9137.738759918187
sarimax,2018-06-01,338.0,1177.8921232698867
sarimax,2018-07-01,355.0,512.3712376303688
sarimax,2018-08-01,275.0,371.767194819889
sarimax,2017-10-01,966.0,663.4815903910669
sarimax,2017-11-01,746.0,1211.1818558458313
sarimax,2017-12-01,1109.0,2609.905412895164
sarimax,2018-01-01,1267.0,14481.978719320927
sarimax,2018-02-01,975.0,31368.502988559347
sarimax,2018-03-01,866.0,32237.710471709033
sarimax,2018-04-01,771.0,25250.270959712885
sarimax,2018-05-01,411.0,9242.31058549729
sarimax,2018-06-01,338.0,1282.2891182572566
sarimax,2018-07-01,355.0,616.754168668007
sarimax,2018-08-01,275.0,476.14645372998706
sarimax,2018-09-01,484.0,572.3696785501137
sarimax,2017-11-01,746.0,1631.2666755638863
sarimax,2017-12-01,1109.0,2990.0722041404806
sarimax,2018-01-01,1267.0,14874.62477381782
sarimax,2018-02-01,975.0,31754.849049715413
sarimax,2018-03-01,866.0,32625.505086254932
sarimax,2018-04-01,771.0,25638.177563383088
sarimax,2018-05-01,411.0,9631.872039283897
sarimax,2018-06-01,338.0,1672.5294200241287
sarimax,2018-07-01,355.0,1007.0650229074945
sarimax,2018-08-01,275.0,866.4679967289285
sarimax,2018-09-01,484.0,962.7062694061689
sarimax,2018-10-01,511.0,1350.1354595201349
sarimax,2017-12-01,1109.0,1760.5134378773616
sarimax,2018-01-01,1267.0,13758.637067601143
sarimax,2018-02-01,975.0,30594.085377790907
sarimax,2018-03-01,866.0,31477.846338842326
sarimax,2018-04-01,771.0,24487.899115282722
sarimax,2018-05-01,411.0,8487.603747889098
sarimax,2018-06-01,338.0,529.9745801655936
sarimax,2018-07-01,355.0,0.0
sarimax,2018-08-01,275.0,0.0
sarimax,2018-09-01,484.0,0.0
sarimax,2018-10-01,511.0,207.9567755074326
sarimax,2018-11-01,616.0,188.79485126585323
sarimax,2018-01-01,1267.0,12853.875774418088
sarimax,2018-02-01,975.0,29775.603791612546
sarimax,2018-03-01,866.0,30630.250071675924
sarimax,2018-04-01,771.0,23650.052771699517
sarimax,2018-05-01,411.0,7646.111041127177
sarimax,2018-06-01,338.0,0.0
sarimax,2018-07-01,355.0,0.0
sarimax,2018-08-01,275.0,0.0
sarimax,2018-09-01,484.0,0.0
sarimax,2018-10-01,511.0,0.0
sarimax,2018-11-01,616.0,0.0
sarimax,2018-12-01,1085.0,17.7777550404478
sarimax,2018-02-01,975.0,13140.20988442911
sarimax,2018-03-01,866.0,15411.213979515036
sarimax,2018-04-01,771.0,8198.649040888184
sarimax,2018-05-01,411.0,0.0
sarimax,2018-06-01,338.0,0.0
sarimax,2018-07-01,355.0,0.0
sarimax,2018-08-01,275.0,0.0
sarimax,2018-09-01,484.0,0.0
sarimax,2018-10-01,511.0,0.0
sarimax,2018-11-01,616.0,0.0
sarimax,2018-12-01,1085.0,0.0
sarimax,2019-01-01,1624.0,0.0
sarimax,2018-03-01,866.0,0.0
sarimax,2018-04-01,771.0,0.0
sarimax,2018-05-01,411.0,0.0
sarimax,2018-06-01,338.0,0.0
sarimax,2018-07-01,355.0,0.0
sarimax,2018-08-01,275.0,0.0
sarimax,2018-09-01,484.0,0.0
sarimax,2018-10-01,511.0,0.0
sarimax,2018-11-01,616.0,0.0
sarimax,2018-12-01,1085.0,0.0
sarimax,2019-01-01,1624.0,0.0
sarimax,2019-02-01,3761.0,0.0
sarimax,2018-04-01,771.0,0.0
sarimax,2018-05-01,411.0,0.0
sarimax,2018-06-01,338.0,0.0
sarimax,2018-07-01,355.0,0.0
sarimax,2018-08-01,275.0,0.0
sarimax,2018-09-01,484.0,0.0
sarimax,2018-10-01,511.0,0.0
sarimax,2018-11-01,616.0,0.0
sarimax,2018-12-01,1085.0,0.0
sarimax,2019-01-01,1624.0,0.0
sarimax,2019-02-01,3761.0,0.0
sarimax,2019-03-01,22227.0,0.0
sarimax,2018-05-01,411.0,0.0
sarimax,2018-06-01,338.0,0.0
sarimax,2018-07-01,355.0,0.0
sarimax,2018-08-01,275.0,0.0
sarimax,2018-09-01,484.0,0.0
sarimax,2018-10-01,511.0,0.0
sarimax,2018-11-01,616.0,0.0
sarimax,2018-12-01,1085.0,0.0
sarimax,2019-01-01,1624.0,0.0
sarimax,2019-02-01,3761.0,0.0
sarimax,2019-03-01,22227.0,0.0
sarimax,2019-04-01,50747.0,0.0
sarimax,2018-06-01,338.0,0.0
sarimax,2018-07-01,355.0,0.0
sarimax,2018-08-01,275.0,0.0
sarimax,2018-09-01,484.0,0.0
sarimax,2018-10-01,511.0,0.0
sarimax,2018-11-01,616.0,0.0
sarimax,2018-12-01,1085.0,0.0
sarimax,2019-01-01,1624.0,0.0
sarimax,2019-02-01,3761.0,0.0
sarimax,2019-03-01,22227.0,0.0
sarimax,2019-04-01,50747.0,0.0
sarimax,2019-05-01,50832.0,0.0
sarimax,2018-07-01,355.0,0.0
sarimax,2018-08-01,275.0,0.0
sarimax,2018-09-01,484.0,0.0
sarimax,2018-10-01,511.0,0.0
sarimax,2018-11-01,616.0,0.0
sarimax,2018-12-01,1085.0,270.1083470803582
sarimax,2019-01-01,1624.0,860.5313807043201
sarimax,2019-02-01,3761.0,170.7928474956202
sarimax,2019-03-01,22227.0,2.8583894540398234
sarimax,2019-04-01,50747.0,0.0
sarimax,2019-05-01,50832.0,0.0
sarimax,2019-06-01,16275.0,0.0
sarimax,2018-08-01,275.0,894.336139718548
sarimax,2018-09-01,484.0,819.0690078223437
sarimax,2018-10-01,511.0,1263.1292954981132
sarimax,2018-11-01,616.0,1199.050934534645
sarimax,2018-12-01,1085.0,1829.6855031589403
sarimax,2019-01-01,1624.0,2418.843615034221
sarimax,2019-02-01,3761.0,1729.632372852268
sarimax,2019-03-01,22227.0,1561.6467613242603
sarimax,2019-04-01,50747.0,1361.4158170637847
sarimax,2019-05-01,50832.0,901.1296812791657
sarimax,2019-06-01,16275.0,752.8007161318146
sarimax,2019-07-01,1621.0,690.4769140143679
sarimax,2018-09-01,484.0,0.0
sarimax,2018-10-01,511.0,462.9462116723648
sarimax,2018-11-01,616.0,377.33331095204767
sarimax,2018-12-01,1085.0,1014.1759345851765
sarimax,2019-01-01,1624.0,1601.454048801939
sarimax,2019-02-01,3761.0,912.8298967830957
sarimax,2019-03-01,22227.0,744.70004225153
sarimax,2019-04-01,50747.0,544.529444757988
sarimax,2019-05-01,50832.0,84.24550883620208
sarimax,2019-06-01,16275.0,0.0
sarimax,2019-07-01,1621.0,0.0
sarimax,2019-08-01,636.0,0.0
sarimax,2018-10-01,511.0,1224.5869213433712
sarimax,2018-11-01,616.0,1074.3948604585926
sarimax,2018-12-01,1085.0,1729.936841619463
sarimax,2019-01-01,1624.0,2311.724350802083
sarimax,2019-02-01,3761.0,1624.727950253362
sarimax,2019-03-01,22227.0,1456.1478888091235
sarimax,2019-04-01,50747.0,1256.1234574689338
sarimax,2019-05-01,50832.0,795.8137143911473
sarimax,2019-06-01,16275.0,647.5206034292561
sarimax,2019-07-01,1621.0,585.2144950862909
sarimax,2019-08-01,636.0,567.0607488520868
sarimax,2019-09-01,653.0,786.03527142058
sarimax,2018-11-01,616.0,65.69706185528085
sarimax,2018-12-01,1085.0,806.7095115757787
sarimax,2019-01-01,1624.0,1363.6760024248551
sarimax,2019-02-01,3761.0,683.9016474094774
sarimax,2019-03-01,22227.0,513.248531880657
sarimax,2019-04-01,50747.0,313.83841204262626
sarimax,2019-05-01,50832.0,0.0
sarimax,2019-06-01,16275.0,0.0
sarimax,2019-07-01,1621.0,0.0
sarimax,2019-08-01,636.0,0.0
sarimax,2019-09-01,653.0,0.0
sarimax,2019-10-01,523.0,54.154271354101525
sarimax,2018-12-01,1085.0,1584.8783970448326
sarimax,2019-01-01,1624.0,2075.8729129693565
sarimax,2019-02-01,3761.0,1415.2025408125076
sarimax,2019-03-01,22227.0,1239.0248832856303
sarimax,2019-04-01,50747.0,1041.2175060290072
sarimax,2019-05-01,50832.0,580.2843623533623
sarimax,2019-06-01,16275.0,432.186516155839
sarimax,2019-07-01,1621.0,369.83818633552227
sarimax,2019-08-01,636.0,351.6911595466619
sarimax,2019-09-01,653.0,570.6597895003983
sarimax,2019-10-01,523.0,781.1744856245843
sarimax,2019-11-01,557.0,724.1039280869097
sarimax,2019-01-01,1624.0,1368.8302692937289
sarimax,2019-02-01,3761.0,768.1026731946181
sarimax,2019-03-01,22227.0,574.6001479834407
sarimax,2019-04-01,50747.0,381.8133801961556
sarimax,2019-05-01,50832.0,0.0
sarimax,2019-06-01,16275.0,0.0
sarimax,2019-07-01,1621.0,0.0
sarimax,2019-08-01,636.0,0.0
sarimax,2019-09-01,653.0,0.0
sarimax,2019-10-01,523.0,120.64641155119293
sarimax,2019-11-01,557.0,63.58752058119768
sarimax,2019-12-01,903.0,479.73216646326347
sarimax,2019-02-01,3761.0,1129.0646478878698
sarimax,2019-03-01,22227.0,904.9671793875402
sarimax,2019-04-01,50747.0,721.0254167535753
sarimax,2019-05-01,50832.0,256.0901873417121
sarimax,2019-06-01,16275.0,109.15597405247561
sarimax,2019-07-01,1621.0,46.47717124314485
sarimax,2019-08-01,636.0,28.42338869005262
sarimax,2019-09-01,653.0,247.3633860403715
sarimax,2019-10-01,523.0,457.8752106225746
sarimax,2019-11-01,557.0,400.8120048231111
sarimax,2019-12-01,903.0,816.9561637682965
sarimax,2020-01-01,1709.0,1165.9712225946346
sarimax,2019-03-01,22227.0,4628.560129503859
sarimax,2019-04-01,50747.0,4127.827740620073
sarimax,2019-05-01,50832.0,3754.884609898104
sarimax,2019-06-01,16275.0,3581.28996129195
sarimax,2019-07-01,1621.0,3526.3865579583244
sarimax,2019-08-01,636.0,3506.061644238877
sarimax,2019-09-01,653.0,3725.6504177847673
sarimax,2019-10-01,523.0,3935.9046090915754
sarimax,2019-11-01,557.0,3878.9566494606456
sarimax,2019-12-01,903.0,4295.104517737233
sarimax,2020-01-01,1709.0,4644.194876796936
sarimax,2020-02-01,2968.0,5570.429286087821
sarimax,2019-04-01,50747.0,29136.199127034015
sarimax,2019-05-01,50832.0,26705.790587271367
sarimax,2019-06-01,16275.0,27103.421370752298
sarimax,2019-07-01,1621.0,26889.811843756997
sarimax,2019-08-01,636.0,26913.594383742144
sarimax,2019-09-01,653.0,27120.95305485056
sarimax,2019-10-01,523.0,27334.747950028283
sarimax,2019-11-01,557.0,27276.73082586089
sarimax,2019-12-01,903.0,27693.100400885312
sarimax,2020-01-01,1709.0,28041.97159067821
sarimax,2020-02-01,2968.0,28967.29383785122
sarimax,2020-03-01,5135.0,38167.2256151069
sarimax,2019-05-01,50832.0,58219.471676429006
sarimax,2019-06-01,16275.0,56305.69449934571
sarimax,2019-07-01,1621.0,56636.4151601721
sarimax,2019-08-01,636.0,56530.745916196654
sarimax,2019-09-01,653.0,56769.1767102856
sarimax,2019-10-01,523.0,56975.214939206686
sarimax,2019-11-01,557.0,56919.23511209789
sarimax,2019-12-01,903.0,57335.20183885914
sarimax,2020-01-01,1709.0,57684.40135712586
sarimax,2020-02-01,2968.0,58611.045880021826
sarimax,2020-03-01,5135.0,67821.32345114488
sarimax,2020-04-01,2617.0,82082.77299159486
sarimax,2019-06-01,16275.0,45632.10566177581
sarimax,2019-07-01,1621.0,46850.67519129333
sarimax,2019-08-01,636.0,46507.7354839581
sarimax,2019-09-01,653.0,46809.0446234283
sarimax,2019-10-01,523.0,46998.60593618169
sarimax,2019-11-01,557.0,46946.89529237145
sarimax,2019-12-01,903.0,47361.71497110969
sarimax,2020-01-01,1709.0,47711.13677144077
sarimax,2020-02-01,2968.0,48637.257825167064
sarimax,2020-03-01,5135.0,57844.13034239289
sarimax,2020-04-01,2617.0,72100.29928318365
sarimax,2020-05-01,2116.0,71963.47988387168
sarimax,2019-07-01,1621.0,3506.9427023662574
sarimax,2019-08-01,636.0,6340.747530429853
sarimax,2019-09-01,653.0,5919.644465305792
sarimax,2019-10-01,523.0,6274.285458750624
sarimax,2019-11-01,557.0,6184.565930470909
sarimax,2019-12-01,903.0,6607.813426238905
sarimax,2020-01-01,1709.0,6954.722200930537
sarimax,2020-02-01,2968.0,7877.799902651366
sarimax,2020-03-01,5135.0,17057.84724218677
sarimax,2020-04-01,2617.0,31272.87539673
sarimax,2020-05-01,2116.0,31135.41030357534
sarimax,2020-06-01,1795.0,13817.38668373922
sarimax,2019-08-01,636.0,3544.506097469061
sarimax,2019-09-01,653.0,3343.856290038555
sarimax,2019-10-01,523.0,3645.528480470297
sarimax,2019-11-01,557.0,3568.4517970034753
sarimax,2019-12-01,903.0,3988.698699696801
sarimax,2020-01-01,1709.0,4336.31630484968
sarimax,2020-02-01,2968.0,5259.22806097709
sarimax,2020-03-01,5135.0,14439.32011085858
sarimax,2020-04-01,2617.0,28654.347850422386
sarimax,2020-05-01,2116.0,28516.885017073022
sarimax,2020-06-01,1795.0,11198.850410563558
sarimax,2020-07-01,1101.0,3879.0590791623
sarimax,2019-09-01,653.0,0.0
sarimax,2019-10-01,523.0,0.0
sarimax,2019-11-01,557.0,0.0
sarimax,2019-12-01,903.0,0.0
sarimax,2020-01-01,1709.0,284.81418473110523
sarimax,2020-02-01,2968.0,1208.66999462955
sarimax,2020-03-01,5135.0,10391.251887266897
sarimax,2020-04-01,2617.0,24610.339478580398
sarimax,2020-05-01,2116.0,24472.933580975263
sarimax,2020-06-01,1795.0,7150.040426054729
sarimax,2020-07-01,1101.0,0.0
sarimax,2020-08-01,815.0,0.0
sarimax,2019-10-01,523.0,2013.5124389813677
sarimax,2019-11-01,557.0,1712.4452025014684
sarimax,2019-12-01,903.0,2180.1266176391073
sarimax,2020-01-01,1709.0,2517.8013040060578
sarimax,2020-02-01,2968.0,3443.3974622962023
sarimax,2020-03-01,5135.0,12627.33890039004
sarimax,2020-04-01,2617.0,26849.083359163786
sarimax,2020-05-01,2116.0,26711.70340707129
sarimax,2020-06-01,1795.0,9385.693191796083
sarimax,2020-07-01,1101.0,2062.5059802995384
sarimax,2020-08-01,815.0,1529.717115086695
sarimax,2020-09-01,607.0,1642.6557417483298
sarimax,2019-11-01,557.0,0.0
sarimax,2019-12-01,903.0,126.5169503636798
sarimax,2020-01-01,1709.0,432.8032722368073
sarimax,2020-02-01,2968.0,1365.2647978935706
sarimax,2020-03-01,5135.0,10549.853644276982
sarimax,2020-04-01,2617.0,24775.021067019705
sarimax,2020-05-01,2116.0,24637.628734800062
sarimax,2020-06-01,1795.0,7307.856943920848
sarimax,2020-07-01,1101.0,0.0
sarimax,2020-08-01,815.0,0.0
sarimax,2020-09-01,607.0,0.0
sarimax,2020-10-01,571.0,0.0
sarimax,2019-12-01,903.0,1677.270734780823
sarimax,2020-01-01,1709.0,1878.3606602408422
sarimax,2020-02-01,2968.0,2833.0419675526455
sarimax,2020-03-01,5135.0,12014.56286404483
sarimax,2020-04-01,2617.0,26243.065584685937
sarimax,2020-05-01,2116.0,26105.508417413017
sarimax,2020-06-01,1795.0,8772.921203187092
sarimax,2020-07-01,1101.0,1446.9009128551725
sarimax,2020-08-01,815.0,913.9404093070489
sarimax,2020-09-01,607.0,1026.8416048760168
sarimax,2020-10-01,571.0,975.2613765581813
sarimax,2020-11-01,1106.0,1044.7250186834658
sarimax,2020-01-01,1709.0,731.4612718041728
sarimax,2020-02-01,2968.0,1764.0341010620245
sarimax,2020-03-01,5135.0,10929.950806622937
sarimax,2020-04-01,2617.0,25162.834631643454
sarimax,2020-05-01,2116.0,25024.5845688196
sarimax,2020-06-01,1795.0,7690.953467034284
sarimax,2020-07-01,1101.0,364.39526673428554
sarimax,2020-08-01,815.0,0.0
sarimax,2020-09-01,607.0,0.0
sarimax,2020-10-01,571.0,0.0
sarimax,2020-11-01,1106.0,0.0
sarimax,2020-12-01,765.0,369.6117258015297
sarimax,2020-02-01,2968.0,3213.2187189749257
sarimax,2020-03-01,5135.0,12282.21479122171
sarimax,2020-04-01,2617.0,26537.512349638964
sarimax,2020-05-01,2116.0,26395.03352796341
sarimax,2020-06-01,1795.0,9059.92411334697
sarimax,2020-07-01,1101.0,1732.174826677856
sarimax,2020-08-01,815.0,1199.1658929421633
sarimax,2020-09-01,607.0,1312.0379233987987
sarimax,2020-10-01,571.0,1260.4434499128015
sarimax,2020-11-01,1106.0,1329.8993618509096
sarimax,2020-12-01,765.0,1737.3238193033244
sarimax,2021-01-01,1244.0,2409.9879779357375
sarimax,2020-03-01,5135.0,11918.009400077435
sarimax,2020-04-01,2617.0,26196.797936552823
sarimax,2020-05-01,2116.0,26049.178997397972
sarimax,2020-06-01,1795.0,8716.487885832179
sarimax,2020-07-01,1101.0,1389.0919531399213
sarimax,2020-08-01,815.0,856.1646885994497
sarimax,2020-09-01,607.0,969.0346352944078
sarimax,2020-10-01,571.0,917.4483183868466
sarimax,2020-11-01,1106.0,986.9065978886662
sarimax,2020-12-01,765.0,1394.33596487128
sarimax,2021-01-01,1244.0,2066.9896363064277
sarimax,2021-02-01,1008.0,3764.4841916336463
sarimax,2020-04-01,2617.0,15925.500510251633
sarimax,2020-05-01,2116.0,16449.840339645223
sarimax,2020-06-01,1795.0,0.0
sarimax,2020-07-01,1101.0,0.0
sarimax,2020-08-01,815.0,0.0
sarimax,2020-09-01,607.0,0.0
sarimax,2020-10-01,571.0,0.0
sarimax,2020-11-01,1106.0,0.0
sarimax,2020-12-01,765.0,0.0
sarimax,2021-01-01,1244.0,0.0
sarimax,2021-02-01,1008.0,0.0
sarimax,2021-03-01,1078.0,5052.655513676395
sarimax,2020-05-01,2116.0,0.0
sarimax,2020-06-01,1795.0,0.0
sarimax,2020-07-01,1101.0,0.0
sarimax,2020-08-01,815.0,0.0
sarimax,2020-09-01,607.0,0.0
sarimax,2020-10-01,571.0,0.0
sarimax,2020-11-01,1106.0,0.0
sarimax,2020-12-01,765.0,0.0
sarimax,2021-01-01,1244.0,0.0
sarimax,2021-02-01,1008.0,0.0
sarimax,2021-03-01,1078.0,0.0
sarimax,2021-04-01,747.0,1899.3912100075358
sarimax,2020-06-01,1795.0,0.0
sarimax,2020-07-01,1101.0,0.0
sarimax,2020-08-01,815.0,0.0
sarimax,2020-09-01,607.0,0.0
sarimax,2020-10-01,571.0,0.0
sarimax,2020-11-01,1106.0,0.0
sarimax,2020-12-01,765.0,0.0
sarimax,2021-01-01,1244.0,0.0
sarimax,2021-02-01,1008.0,0.0
sarimax,2021-03-01,1078.0,0.0
sarimax,2021-04-01,747.0,9744.317226343239
sarimax,2021-05-01,738.0,9557.038515648477
sarimax,2020-07-01,1101.0,150.37147443100366
sarimax,2020-08-01,815.0,0.0
sarimax,2020-09-01,607.0,0.0
sarimax,2020-10-01,571.0,0.0
sarimax,2020-11-01,1106.0,0.0
sarimax,2020-12-01,765.0,0.0
sarimax,2021-01-01,1244.0,82.81854837135387
sarimax,2021-02-01,1008.0,1835.3585571543383
sarimax,2021-03-01,1078.0,13165.829385728694
sarimax,2021-04-01,747.0,28097.687339177275
sarimax,2021-05-01,738.0,27926.142881267086
sarimax,2021-06-01,405.0,8357.335033520652
sarimax,2020-08-01,815.0,102.9959599237709
sarimax,2020-09-01,607.0,335.377963557841
sarimax,2020-10-01,571.0,271.5404695700006
sarimax,2020-11-01,1106.0,350.013890445873
sarimax,2020-12-01,765.0,764.2360692292675
sarimax,2021-01-01,1244.0,1420.3027604364422
sarimax,2021-02-01,1008.0,3172.936507974155
sarimax,2021-03-01,1078.0,14504.390780784986
sarimax,2021-04-01,747.0,29438.13938987882
sarimax,2021-05-01,738.0,29266.630221188658
sarimax,2021-06-01,405.0,9695.738952324267
sarimax,2021-07-01,299.0,1152.4434559052543
sarimax,2020-09-01,607.0,1399.1706983360928
sarimax,2020-10-01,571.0,1262.8964727253606
sarimax,2020-11-01,1106.0,1356.3090561575652
sarimax,2020-12-01,765.0,1767.476450542641
sarimax,2021-01-01,1244.0,2424.132552622036
sarimax,2021-02-01,1008.0,4176.780696596848
sarimax,2021-03-01,1078.0,15510.951614677278
sarimax,2021-04-01,747.0,30449.81677043422
sarimax,2021-05-01,738.0,30278.405447929872
sarimax,2021-06-01,405.0,10701.864105617402
sarimax,2021-07-01,299.0,2156.264891264648
sarimax,2021-08-01,414.0,1477.1224789195999
sarimax,2020-10-01,571.0,79.25185388751936
sarimax,2020-11-01,1106.0,253.32189622240912
sarimax,2020-12-01,765.0,647.8869261631622
sarimax,2021-01-01,1244.0,1307.9390513607848
sarimax,2021-02-01,1008.0,3059.970038241148
sarimax,2021-03-01,1078.0,14395.919172601263
sarimax,2021-04-01,747.0,29337.864020759705
sarimax,2021-05-01,738.0,29166.517572931203
sarimax,2021-06-01,405.0,9586.544943675643
sarimax,2021-07-01,299.0,1039.5473744020728
sarimax,2021-08-01,414.0,360.3348771430019
sarimax,2021-09-01,439.0,278.90541571890657
sarimax,2020-11-01,1106.0,988.0732420249681
sarimax,2020-12-01,765.0,1332.5866158329034
sarimax,2021-01-01,1244.0,2002.9369728702488
sarimax,2021-02-01,1008.0,3752.888832720337
sarimax,2021-03-01,1078.0,15090.113527578387
sarimax,2021-04-01,747.0,30033.56394957949
sarimax,2021-05-01,738.0,29862.266199094884
sarimax,2021-06-01,405.0,10280.529609986912
sarimax,2021-07-01,299.0,1732.8151200105985
sarimax,2021-08-01,414.0,1053.5665235661095
sarimax,2021-09-01,439.0,972.1486632386152
sarimax,2021-10-01,453.0,883.2654682203147
sarimax,2020-12-01,765.0,1508.7895734159085
sarimax,2021-01-01,1244.0,2167.136967893374
sarimax,2021-02-01,1008.0,3919.555124462134
sarimax,2021-03-01,1078.0,15256.145695941128
sarimax,2021-04-01,747.0,30199.46362259087
sarimax,2021-05-01,738.0,30028.13977108124
sarimax,2021-06-01,405.0,10446.669538416358
sarimax,2021-07-01,299.0,1899.0609241404763
sarimax,2021-08-01,414.0,1219.81786397766
sarimax,2021-09-01,439.0,1138.3982434858833
sarimax,2021-10-01,453.0,1049.5157755807131
sarimax,2021-11-01,496.0,1302.6634826918
sarimax,2021-01-01,1244.0,1055.7644883695573
sarimax,2021-02-01,1008.0,2883.9181901946286
sarimax,2021-03-01,1078.0,14204.242277346633
sarimax,2021-04-01,747.0,29149.545077215953
sarimax,2021-05-01,738.0,28977.534334706746
sarimax,2021-06-01,405.0,9397.562521925356
sarimax,2021-07-01,299.0,850.4809321048424
sarimax,2021-08-01,414.0,171.2714842071482
sarimax,2021-09-01,439.0,89.84171707854098
sarimax,2021-10-01,453.0,0.9632346723089853
sarimax,2021-11-01,496.0,254.13081671549844
sarimax,2021-12-01,347.0,299.5955704716746
sarimax,2021-02-01,1008.0,3165.1860892393815
sarimax,2021-03-01,1078.0,14466.161500627142
sarimax,2021-04-01,747.0,29415.10716250481
sarimax,2021-05-01,738.0,29242.27488240599
sarimax,2021-06-01,405.0,9662.81629628799
sarimax,2021-07-01,299.0,1115.840726315193
sarimax,2021-08-01,414.0,436.6454734352849
sarimax,2021-09-01,439.0,355.2119643331886
sarimax,2021-10-01,453.0,266.33473330058126
sarimax,2021-11-01,496.0,519.5073020220384
sarimax,2021-12-01,347.0,564.9651447317694
sarimax,2022-01-01,1187.0,1227.9123115830919
sarimax,2021-03-01,1078.0,11239.312324723593
sarimax,2021-04-01,747.0,26401.323514201325
sarimax,2021-05-01,738.0,26182.996605968758
sarimax,2021-06-01,405.0,6620.451042578385
sarimax,2021-07-01,299.0,0.0
sarimax,2021-08-01,414.0,0.0
sarimax,2021-09-01,439.0,0.0
sarimax,2021-10-01,453.0,0.0
sarimax,2021-11-01,496.0,0.0
sarimax,2021-12-01,347.0,0.0
sarimax,2022-01-01,1187.0,0.0
sarimax,2022-02-01,843.0,0.0
sarimax,2021-04-01,747.0,10909.591692634243
sarimax,2021-05-01,738.0,11691.25397492537
sarimax,2021-06-01,405.0,0.0
sarimax,2021-07-01,299.0,0.0
sarimax,2021-08-01,414.0,0.0
sarimax,2021-09-01,439.0,0.0
sarimax,2021-10-01,453.0,0.0
sarimax,2021-11-01,496.0,0.0
sarimax,2021-12-01,347.0,0.0
sarimax,2022-01-01,1187.0,0.0
sarimax,2022-02-01,843.0,0.0
sarimax,2022-03-01,1187.0,0.0
sarimax,2021-05-01,738.0,0.0
sarimax,2021-06-01,405.0,0.0
sarimax,2021-07-01,299.0,0.0
sarimax,2021-08-01,414.0,0.0
sarimax,2021-09-01,439.0,0.0
sarimax,2021-10-01,453.0,0.0
sarimax,2021-11-01,496.0,0.0
sarimax,2021-12-01,347.0,0.0
sarimax,2022-01-01,1187.0,0.0
sarimax,2022-02-01,843.0,0.0
sarimax,2022-03-01,1187.0,0.0
sarimax,2022-04-01,1585.0,0.0
sarimax,2021-06-01,405.0,0.0
sarimax,2021-07-01,299.0,0.0
sarimax,2021-08-01,414.0,0.0
sarimax,2021-09-01,439.0,0.0
sarimax,2021-10-01,453.0,0.0
sarimax,2021-11-01,496.0,0.0
sarimax,2021-12-01,347.0,0.0
sarimax,2022-01-01,1187.0,0.0
sarimax,2022-02-01,843.0,0.0
sarimax,2022-03-01,1187.0,0.0
sarimax,2022-04-01,1585.0,0.0
sarimax,2022-05-01,1939.0,0.0
sarimax,2021-07-01,299.0,0.0
sarimax,2021-08-01,414.0,0.0
sarimax,2021-09-01,439.0,0.0
sarimax,2021-10-01,453.0,0.0
sarimax,2021-11-01,496.0,0.0
sarimax,2021-12-01,347.0,0.0
sarimax,2022-01-01,1187.0,0.0
sarimax,2022-02-01,843.0,0.0
sarimax,2022-03-01,1187.0,249.02968272827775
sarimax,2022-04-01,1585.0,0.0
sarimax,2022-05-01,1939.0,0.0
sarimax,2022-06-01,949.0,0.0
sarimax,2021-08-01,414.0,0.0
sarimax,2021-09-01,439.0,0.0
sarimax,2021-10-01,453.0,0.0
sarimax,2021-11-01,496.0,0.0
sarimax,2021-12-01,347.0,0.0
sarimax,2022-01-01,1187.0,0.0
sarimax,2022-02-01,843.0,140.7037172284546
sarimax,2022-03-01,1187.0,1262.5183496871452
sarimax,2022-04-01,1585.0,0.0
sarimax,2022-05-01,1939.0,0.0
sarimax,2022-06-01,949.0,0.0
sarimax,2022-07-01,858.0,0.0
sarimax,2021-09-01,439.0,1351.223894965985
sarimax,2021-10-01,453.0,1075.6535532649332
sarimax,2021-11-01,496.0,1395.387085915549
sarimax,2021-12-01,347.0,1392.0776778221784
sarimax,2022-01-01,1187.0,2036.241854703544
sarimax,2022-02-01,843.0,2549.4191770053358
sarimax,2022-03-01,1187.0,3670.64113575583
sarimax,2022-04-01,1585.0,2243.339450915253
sarimax,2022-05-01,1939.0,1987.7124890052437
sarimax,2022-06-01,949.0,1660.7275369462898
sarimax,2022-07-01,858.0,1259.976494767518
sarimax,2022-08-01,474.0,1173.964259031064
sarimax,2021-10-01,453.0,0.0
sarimax,2021-11-01,496.0,105.46854963184725
sarimax,2021-12-01,347.0,86.0412201605283
sarimax,2022-01-01,1187.0,733.1460443647744
sarimax,2022-02-01,843.0,1245.5869246919005
sarimax,2022-03-01,1187.0,2366.656029368144
sarimax,2022-04-01,1585.0,939.6020243231401
sarimax,2022-05-01,1939.0,684.0386473771727
sarimax,2022-06-01,949.0,357.05156975626073
sarimax,2022-07-01,858.0,0.0
sarimax,2022-08-01,474.0,0.0
sarimax,2022-09-01,678.0,0.0
sarimax,2021-11-01,496.0,1242.7443597663341
sarimax,2021-12-01,347.0,1152.058674279309
sarimax,2022-01-01,1187.0,1812.356337309346
sarimax,2022-02-01,843.0,2322.235533567389
sarimax,2022-03-01,1187.0,3443.6075644415105
sarimax,2022-04-01,1585.0,2016.6279646655998
sarimax,2022-05-01,1939.0,1761.116021384689
sarimax,2022-06-01,949.0,1434.1251607619918
sarimax,2022-07-01,858.0,1033.4892453604411
sarimax,2022-08-01,474.0,947.5549474847102
sarimax,2022-09-01,678.0,855.8027017322856
sarimax,2022-10-01,1042.0,844.7485618637759
sarimax,2021-12-01,347.0,24.751311626074198
sarimax,2022-01-01,1187.0,755.566428575238
sarimax,2022-02-01,843.0,1252.325345866718
sarimax,2022-03-01,1187.0,2376.051488913563
sarimax,2022-04-01,1585.0,948.694332923822
sarimax,2022-05-01,1939.0,693.2816772503459
sarimax,2022-06-01,949.0,366.27500178482796
sarimax,2022-07-01,858.0,0.0
sarimax,2022-08-01,474.0,0.0
sarimax,2022-09-01,678.0,0.0
sarimax,2022-10-01,1042.0,0.0
sarimax,2022-11-01,964.0,66.45898696783252
sarimax,2022-01-01,1187.0,1242.1381956623104
sarimax,2022-02-01,843.0,1708.4668426270146
sarimax,2022-03-01,1187.0,2837.851438824586
sarimax,2022-04-01,1585.0,1409.430274093523
sarimax,2022-05-01,1939.0,1154.2069241743973
sarimax,2022-06-01,949.0,827.1644864187512
sarimax,2022-07-01,858.0,426.5521566221282
sarimax,2022-08-01,474.0,340.6257015654577
sarimax,2022-09-01,678.0,248.8793622777187
sarimax,2022-10-01,1042.0,237.82635942273555
sarimax,2022-11-01,964.0,527.3472796084536
sarimax,2022-12-01,819.0,282.1439961521776
sarimax,2022-02-01,843.0,1625.2094037673362
sarimax,2022-03-01,1187.0,2759.801365320326
sarimax,2022-04-01,1585.0,1330.4170047000298
sarimax,2022-05-01,1939.0,1075.3728551819436
sarimax,2022-06-01,949.0,748.2972856854037
sarimax,2022-07-01,858.0,347.69158923840337
sarimax,2022-08-01,474.0,261.76433651233947
sarimax,2022-09-01,678.0,170.01840486016926
sarimax,2022-10-01,1042.0,158.96540527214813
sarimax,2022-11-01,964.0,448.48591662581055
sarimax,2022-12-01,819.0,203.28279419538006
sarimax,2023-01-01,3245.0,862.4008890882051
sarimax,2022-03-01,1187.0,1578.2213232953627
sarimax,2022-04-01,1585.0,223.04681078768272
sarimax,2022-05-01,1939.0,0.0
sarimax,2022-06-01,949.0,0.0
sarimax,2022-07-01,858.0,0.0
sarimax,2022-08-01,474.0,0.0
sarimax,2022-09-01,678.0,0.0
sarimax,2022-10-01,1042.0,0.0
sarimax,2022-11-01,964.0,0.0
sarimax,2022-12-01,819.0,0.0
sarimax,2023-01-01,3245.0,0.0
sarimax,2023-02-01,5487.0,0.0
sarimax,2022-04-01,1585.0,0.0
sarimax,2022-05-01,1939.0,0.0
sarimax,2022-06-01,949.0,0.0
sarimax,2022-07-01,858.0,0.0
sarimax,2022-08-01,474.0,0.0
sarimax,2022-09-01,678.0,0.0
sarimax,2022-10-01,1042.0,0.0
sarimax,2022-11-01,964.0,0.0
sarimax,2022-12-01,819.0,0.0
sarimax,2023-01-01,3245.0,0.0
sarimax,2023-02-01,5487.0,0.0
sarimax,2023-03-01,12547.0,0.0
sarimax,2022-05-01,1939.0,2350.3761453186507
sarimax,2022-06-01,949.0,1834.299963142952
sarimax,2022-07-01,858.0,1468.990370366578
sarimax,2022-08-01,474.0,1376.770352424038
sarimax,2022-09-01,678.0,1286.3384596713875
sarimax,2022-10-01,1042.0,1275.0869790265303
sarimax,2022-11-01,964.0,1564.4113374927606
sarimax,2022-12-01,819.0,1319.2932160556868
sarimax,2023-01-01,3245.0,1978.586910225456
sarimax,2023-02-01,5487.0,1688.6487918275616
sarimax,2023-03-01,12547.0,1895.4911789967487
sarimax,2023-04-01,20371.0,1928.5716985338702
sarimax,2022-06-01,949.0,1212.8913591977894
sarimax,2022-07-01,858.0,886.530590155352
sarimax,2022-08-01,474.0,787.106695245192
sarimax,2022-09-01,678.0,698.0194632368541
sarimax,2022-10-01,1042.0,686.5215826966707
sarimax,2022-11-01,964.0,975.8768904242995
sarimax,2022-12-01,819.0,730.7561067226334
sarimax,2023-01-01,3245.0,1390.0623897303287
sarimax,2023-02-01,5487.0,1100.1206848369923
sarimax,2023-03-01,12547.0,1306.971482850986
sarimax,2023-04-01,20371.0,1340.0742257680279
sarimax,2023-05-01,10627.0,1512.3764276489444
sarimax,2022-07-01,858.0,487.92292484455163
sarimax,2022-08-01,474.0,413.45734485571194
sarimax,2022-09-01,678.0,319.7399716887609
sarimax,2022-10-01,1042.0,309.09872637441583
sarimax,2022-11-01,964.0,598.3027525103112
sarimax,2022-12-01,819.0,353.20844405108403
sarimax,2023-01-01,3245.0,1012.5036805953564
sarimax,2023-02-01,5487.0,722.5646591657186
sarimax,2023-03-01,12547.0,929.4110276286374
sarimax,2023-04-01,20371.0,962.50251877593
sarimax,2023-05-01,10627.0,1134.7990941896276
sarimax,2023-06-01,3721.0,473.6672711579224
sarimax,2022-08-01,474.0,972.4860316757823
sarimax,2022-09-01,678.0,843.7317415907914
sarimax,2022-10-01,1042.0,839.587250455463
sarimax,2022-11-01,964.0,1127.586828796914
sarimax,2022-12-01,819.0,882.7158102986546
sarimax,2023-01-01,3245.0,1541.9694561033516
sarimax,2023-02-01,5487.0,1252.0381660583141
sarimax,2023-03-01,12547.0,1458.8829813512978
sarimax,2023-04-01,20371.0,1491.9743933961495
sarimax,2023-05-01,10627.0,1664.2707489557783
sarimax,2023-06-01,3721.0,1003.1392442937545
sarimax,2023-07-01,1927.0,904.630829594283
sarimax,2022-09-01,678.0,90.6900657015035
sarimax,2022-10-01,1042.0,133.76947260215348
sarimax,2022-11-01,964.0,413.0164950490596
sarimax,2022-12-01,819.0,169.76749181291498
sarimax,2023-01-01,3245.0,828.7132426440992
sarimax,2023-02-01,5487.0,538.8397953594249
sarimax,2023-03-01,12547.0,745.6694124877027
sarimax,2023-04-01,20371.0,778.7499272525447
sarimax,2023-05-01,10627.0,951.0395406117823
sarimax,2023-06-01,3721.0,289.9196585179165
sarimax,2023-07-01,1927.0,191.41096768137263
sarimax,2023-08-01,1281.0,57.19961712147193
sarimax,2022-10-01,1042.0,1021.0034434733566
sarimax,2022-11-01,964.0,1244.586943639346
sarimax,2022-12-01,819.0,1011.668628483671
sarimax,2023-01-01,3245.0,1668.696348050592
sarimax,2023-02-01,5487.0,1379.1789508107813
sarimax,2023-03-01,12547.0,1585.942033579656
sarimax,2023-04-01,20371.0,1619.033504837512
sarimax,2023-05-01,10627.0,1791.3201953231976
sarimax,2023-06-01,3721.0,1130.2019081179415
sarimax,2023-07-01,1927.0,1031.6931121460648
sarimax,2023-08-01,1281.0,897.4826667858094
sarimax,2023-09-01,1362.0,1011.878801458368
sarimax,2022-11-01,964.0,1276.3065656438662
sarimax,2022-12-01,819.0,1041.3981658559314
sarimax,2023-01-01,3245.0,1698.795154981311
sarimax,2023-02-01,5487.0,1409.2092326585023
sarimax,2023-03-01,12547.0,1615.9849909100146
sarimax,2023-04-01,20371.0,1649.0739810175992
sarimax,2023-05-01,10627.0,1821.361049715712
sarimax,2023-06-01,3721.0,1160.2427896553584
sarimax,2023-07-01,1927.0,1061.7340062979083
sarimax,2023-08-01,1281.0,927.523640511971
sarimax,2023-09-01,1362.0,1041.9197461549606
sarimax,2023-10-01,1943.0,1230.716606467347
sarimax,2022-12-01,819.0,569.6118939785733
sarimax,2023-01-01,3245.0,1256.61158414679
sarimax,2023-02-01,5487.0,961.5311606048598
sarimax,2023-03-01,12547.0,1169.3295113533918
sarimax,2023-04-01,20371.0,1202.237480243552
sarimax,2023-05-01,10627.0,1374.5637452069327
sarimax,2023-06-01,3721.0,713.4315840948182
sarimax,2023-07-01,1927.0,614.9241788947022
sarimax,2023-08-01,1281.0,480.70798064054185
sarimax,2023-09-01,1362.0,595.1061396269066
sarimax,2023-10-01,1943.0,783.9069256590951
sarimax,2023-11-01,1713.0,766.4757956147159
sarimax,2023-01-01,3245.0,1633.3548174765926
sarimax,2023-02-01,5487.0,1314.6349327094454
sarimax,2023-03-01,12547.0,1526.8232809856152
sarimax,2023-04-01,20371.0,1558.9229737609817
sarimax,2023-05-01,10627.0,1731.4034697366558
sarimax,2023-06-01,3721.0,1070.2377086824508
sarimax,2023-07-01,1927.0,971.7356382617022
sarimax,2023-08-01,1281.0,837.5142652332627
sarimax,2023-09-01,1362.0,951.914113157095
sarimax,2023-10-01,1943.0,1140.7178174092703
sarimax,2023-11-01,1713.0,1123.2856731621064
sarimax,2023-12-01,5098.0,976.28342884865
sarimax,2023-02-01,5487.0,3749.3772685812673
sarimax,2023-03-01,12547.0,3808.84279050153
sarimax,2023-04-01,20371.0,3869.2845530869827
sarimax,2023-05-01,10627.0,4036.5091637368237
sarimax,2023-06-01,3721.0,3376.3151453293635
sarimax,2023-07-01,1927.0,3277.632139032379
sarimax,2023-08-01,1281.0,3143.4414112346103
sarimax,2023-09-01,1362.0,3257.8360827166275
sarimax,2023-10-01,1943.0,3446.643007978603
sarimax,2023-11-01,1713.0,3429.209935398341
sarimax,2023-12-01,5098.0,3282.2077544932085
sarimax,2024-01-01,40617.0,4914.327786561557
sarimax,2023-03-01,12547.0,6434.310070123987
sarimax,2023-04-01,20371.0,6330.242908523721
sarimax,2023-05-01,10627.0,6527.942224894583
sarimax,2023-06-01,3721.0,5862.108448341793
sarimax,2023-07-01,1927.0,5764.471576475384
sarimax,2023-08-01,1281.0,5630.0925834294685
sarimax,2023-09-01,1362.0,5744.5211665634515
sarimax,2023-10-01,1943.0,5933.317512878782
sarimax,2023-11-01,1713.0,5915.887029906795
sarimax,2023-12-01,5098.0,5768.884575696746
sarimax,2024-01-01,40617.0,7400.986869029085
sarimax,2024-02-01,103462.0,8348.523079108261
sarimax,2023-04-01,20371.0,15571.623017869842
sarimax,2023-05-01,10627.0,15194.564581544013
sarimax,2023-06-01,3721.0,14634.251000333405
sarimax,2023-07-01,1927.0,14517.21308812745
sarimax,2023-08-01,1281.0,14386.332667606175
sarimax,2023-09-01,1362.0,14500.13006610636
sarimax,2023-10-01,1943.0,14689.093263831677
sarimax,2023-11-01,1713.0,14671.624590775553
sarimax,2023-12-01,5098.0,14524.626730377064
sarimax,2024-01-01,40617.0,16156.939050141822
sarimax,2024-02-01,103462.0,17104.81906597444
sarimax,2024-03-01,122453.0,20803.9100354742
sarimax,2023-05-01,10627.0,22461.491631785277
sarimax,2023-06-01,3721.0,21453.839504749398
sarimax,2023-07-01,1927.0,21417.869090622084
sarimax,2023-08-01,1281.0,21272.213935709322
sarimax,2023-09-01,1362.0,21388.703894487353
sarimax,2023-10-01,1943.0,21577.240427409834
sarimax,2023-11-01,1713.0,21559.839859288895
sarimax,2023-12-01,5098.0,21412.8267682911
sarimax,2024-01-01,40617.0,23045.396845165982
sarimax,2024-02-01,103462.0,23993.691923681443
sarimax,2024-03-01,122453.0,27693.862286302337
sarimax,2024-04-01,43885.0,31802.839133016027
sarimax,2023-06-01,3721.0,3587.3350814187033
sarimax,2023-07-01,1927.0,4700.533510668239
sarimax,2023-08-01,1281.0,4336.047345661845
sarimax,2023-09-01,1362.0,4494.203820948833
sarimax,2023-10-01,1943.0,4674.756329387455
sarimax,2023-11-01,1713.0,4658.882968296078
sarimax,2023-12-01,5098.0,4511.581576745375
sarimax,2024-01-01,40617.0,6144.002030020673
sarimax,2024-02-01,103462.0,7091.953392294444
sarimax,2024-03-01,122453.0,10791.260168277946
sarimax,2024-04-01,43885.0,14899.279559905888
sarimax,2024-05-01,14182.0,10208.332184678071
sarimax,2023-07-01,1927.0,4901.775517934445
sarimax,2023-08-01,1281.0,4524.236620884003
sarimax,2023-09-01,1362.0,4684.913711750182
sarimax,2023-10-01,1943.0,4864.9761657225445
sarimax,2023-11-01,1713.0,4849.197874151386
sarimax,2023-12-01,5098.0,4701.878297848484
sarimax,2024-01-01,40617.0,6334.288695264022
sarimax,2024-02-01,103462.0,7282.217274528439
sarimax,2024-03-01,122453.0,10981.466766950767
sarimax,2024-04-01,43885.0,15089.422649873235
sarimax,2024-05-01,14182.0,10398.561605519837
sarimax,2024-06-01,4909.0,6452.986386905473
sarimax,2023-08-01,1281.0,47.54065724626048
sarimax,2023-09-01,1362.0,490.40429595271837
sarimax,2023-10-01,1943.0,617.4444848727916
sarimax,2023-11-01,1713.0,611.6285510304161
sarimax,2023-12-01,5098.0,462.43755264537737
sarimax,2024-01-01,40617.0,2095.179503679611
sarimax,2024-02-01,103462.0,3043.0093928275883
sarimax,2024-03-01,122453.0,6742.186520343803
sarimax,2024-04-01,43885.0,10850.04633755928
sarimax,2024-05-01,14182.0,6159.31319322956
sarimax,2024-06-01,4909.0,2213.812567160346
sarimax,2024-07-01,1074.0,1272.0320918009768
sarimax,2023-09-01,1362.0,2346.801444121689
sarimax,2023-10-01,1943.0,2357.1330887036706
sarimax,2023-11-01,1713.0,2373.181919386267
sarimax,2023-12-01,5098.0,2219.895816878911
sarimax,2024-01-01,40617.0,3853.3437144226195
sarimax,2024-02-01,103462.0,4800.930229523553
sarimax,2024-03-01,122453.0,8499.875392315624
sarimax,2024-04-01,43885.0,12607.443918028599
sarimax,2024-05-01,14182.0,7917.100965076711
sarimax,2024-06-01,4909.0,3971.8282057472275
sarimax,2024-07-01,1074.0,3030.1134089520074
sarimax,2024-08-01,984.0,2515.234191877605
sarimax,2023-10-01,1943.0,874.4160631800924
sarimax,2023-11-01,1713.0,983.4522524903397
sarimax,2023-12-01,5098.0,812.8012427114382
sarimax,2024-01-01,40617.0,2449.4545744386915
sarimax,2024-02-01,103462.0,3396.374485715385
sarimax,2024-03-01,122453.0,7095.274294433577
sarimax,2024-04-01,43885.0,11202.646503651415
sarimax,2024-05-01,14182.0,6512.545730526814
sarimax,2024-06-01,4909.0,2567.4118072423503
sarimax,2024-07-01,1074.0,1625.7373258131022
sarimax,2024-08-01,984.0,1110.8642642599534
sarimax,2024-09-01,1519.0,1253.4238806966173
sarimax,2023-11-01,1713.0,2593.2727970878304
sarimax,2023-12-01,5098.0,2321.8280243482563
sarimax,2024-01-01,40617.0,3977.274848477264
sarimax,2024-02-01,103462.0,4920.736513681298
sarimax,2024-03-01,122453.0,8620.384279172838
sarimax,2024-04-01,43885.0,12727.742499331198
sarimax,2024-05-01,14182.0,8037.518476999796
sarimax,2024-06-01,4909.0,4092.2949168291116
sarimax,2024-07-01,1074.0,3150.5966253502675
sarimax,2024-08-01,984.0,2635.7196344678646
sarimax,2024-09-01,1519.0,2778.2775018166026
sarimax,2024-10-01,1426.0,3250.675463905506
sarimax,2023-12-01,5098.0,995.093559647474
sarimax,2024-01-01,40617.0,2733.542282607348
sarimax,2024-02-01,103462.0,3661.6170089704374
sarimax,2024-03-01,122453.0,7364.2242146891895
sarimax,2024-04-01,43885.0,11471.152458241399
sarimax,2024-05-01,14182.0,6780.887682351588
sarimax,2024-06-01,4909.0,2835.563831030293
sarimax,2024-07-01,1074.0,1893.8453876882784
sarimax,2024-08-01,984.0,1378.9641345519458
sarimax,2024-09-01,1519.0,1521.5204175309668
sarimax,2024-10-01,1426.0,1993.9213613037346
sarimax,2024-11-01,2473.0,1839.9907317755335
sarimax,2024-01-01,40617.0,8918.632974101034
sarimax,2024-02-01,103462.0,9463.065649706898
sarimax,2024-03-01,122453.0,13236.72799524893
sarimax,2024-04-01,43885.0,17330.974198578282
sarimax,2024-05-01,14182.0,12642.629315802673
sarimax,2024-06-01,4909.0,8696.579567056822
sarimax,2024-07-01,1074.0,7754.86128855582
sarimax,2024-08-01,984.0,7239.952456651912
sarimax,2024-09-01,1519.0,7382.505628753428
sarimax,2024-10-01,1426.0,7854.916442014726
sarimax,2024-11-01,2473.0,7700.978635490808
sarimax,2024-12-01,2499.0,9319.536565207305
lgbm,2014-01-01,1415.0,5979.875
lgbm,2014-02-01,1920.0,5979.875
lgbm,2014-03-01,2818.0,5979.875
lgbm,2014-04-01,2106.0,5979.875
lgbm,2014-05-01,1315.0,5979.875
lgbm,2014-06-01,993.0,5979.875
lgbm,2014-07-01,375.0,5979.875
lgbm,2014-08-01,376.0,5979.875
lgbm,2014-09-01,417.0,5979.875
lgbm,2014-10-01,476.0,5979.875
lgbm,2014-11-01,679.0,5979.875
lgbm,2014-12-01,350.0,5979.875
lgbm,2014-02-01,1920.0,5797.28
lgbm,2014-03-01,2818.0,5797.28
lgbm,2014-04-01,2106.0,5797.28
lgbm,2014-05-01,1315.0,5797.28
lgbm,2014-06-01,993.0,5797.28
lgbm,2014-07-01,375.0,5797.28
lgbm,2014-08-01,376.0,5797.28
lgbm,2014-09-01,417.0,5797.28
lgbm,2014-10-01,476.0,5797.28
lgbm,2014-11-01,679.0,5797.28
lgbm,2014-12-01,350.0,5797.28
lgbm,2015-01-01,592.0,5797.28
lgbm,2014-03-01,2818.0,5648.153846153846
lgbm,2014-04-01,2106.0,5648.153846153846
lgbm,2014-05-01,1315.0,5648.153846153846
lgbm,2014-06-01,993.0,5648.153846153846
lgbm,2014-07-01,375.0,5648.153846153846
lgbm,2014-08-01,376.0,5648.153846153846
lgbm,2014-09-01,417.0,5648.153846153846
lgbm,2014-10-01,476.0,5648.153846153846
lgbm,2014-11-01,679.0,5648.153846153846
lgbm,2014-12-01,350.0,5648.153846153846
lgbm,2015-01-01,592.0,5648.153846153846
lgbm,2015-02-01,801.0,5648.153846153846
lgbm,2014-04-01,2106.0,5543.333333333333
lgbm,2014-05-01,1315.0,5543.333333333333
lgbm,2014-06-01,993.0,5543.333333333333
lgbm,2014-07-01,375.0,5543.333333333333
lgbm,2014-08-01,376.0,5543.333333333333
lgbm,2014-09-01,417.0,5543.333333333333
lgbm,2014-10-01,476.0,5543.333333333333
lgbm,2014-11-01,679.0,5543.333333333333
lgbm,2014-12-01,350.0,5543.333333333333
lgbm,2015-01-01,592.0,5543.333333333333
lgbm,2015-02-01,801.0,5543.333333333333
lgbm,2015-03-01,3920.0,5543.333333333333
lgbm,2014-05-01,1315.0,5420.571428571428
lgbm,2014-06-01,993.0,5420.571428571428
lgbm,2014-07-01,375.0,5420.571428571428
lgbm,2014-08-01,376.0,5420.571428571428
lgbm,2014-09-01,417.0,5420.571428571428
lgbm,2014-10-01,476.0,5420.571428571428
lgbm,2014-11-01,679.0,5420.571428571428
lgbm,2014-12-01,350.0,5420.571428571428
lgbm,2015-01-01,592.0,5420.571428571428
lgbm,2015-02-01,801.0,5420.571428571428
lgbm,2015-03-01,3920.0,5420.571428571428
lgbm,2015-04-01,8918.0,5420.571428571428
lgbm,2014-06-01,993.0,5279.0
lgbm,2014-07-01,375.0,5279.0
lgbm,2014-08-01,376.0,5279.0
lgbm,2014-09-01,417.0,5279.0
lgbm,2014-10-01,476.0,5279.0
lgbm,2014-11-01,679.0,5279.0
lgbm,2014-12-01,350.0,5279.0
lgbm,2015-01-01,592.0,5279.0
lgbm,2015-02-01,801.0,5279.0
lgbm,2015-03-01,3920.0,5279.0
lgbm,2015-04-01,8918.0,5279.0
lgbm,2015-05-01,10646.0,5279.0
lgbm,2014-07-01,375.0,5136.133333333333
lgbm,2014-08-01,376.0,5136.133333333333
lgbm,2014-09-01,417.0,5136.133333333333
lgbm,2014-10-01,476.0,5136.133333333333
lgbm,2014-11-01,679.0,5136.133333333333
lgbm,2014-12-01,350.0,5136.133333333333
lgbm,2015-01-01,592.0,5136.133333333333
lgbm,2015-02-01,801.0,5136.133333333333
lgbm,2015-03-01,3920.0,5136.133333333333
lgbm,2015-04-01,8918.0,5136.133333333333
lgbm,2015-05-01,10646.0,5136.133333333333
lgbm,2015-06-01,3014.0,5136.133333333333
lgbm,2014-08-01,376.0,4982.548387096775
lgbm,2014-09-01,417.0,4982.548387096775
lgbm,2014-10-01,476.0,4982.548387096775
lgbm,2014-11-01,679.0,4982.548387096775
lgbm,2014-12-01,350.0,4982.548387096775
lgbm,2015-01-01,592.0,4982.548387096775
lgbm,2015-02-01,801.0,4982.548387096775
lgbm,2015-03-01,3920.0,4982.548387096775
lgbm,2015-04-01,8918.0,4982.548387096775
lgbm,2015-05-01,10646.0,4982.548387096775
lgbm,2015-06-01,3014.0,4982.548387096775
lgbm,2015-07-01,882.0,4982.548387096775
lgbm,2014-09-01,417.0,4838.59375
lgbm,2014-10-01,476.0,4838.59375
lgbm,2014-11-01,679.0,4838.59375
lgbm,2014-12-01,350.0,4838.59375
lgbm,2015-01-01,592.0,4838.59375
lgbm,2015-02-01,801.0,4838.59375
lgbm,2015-03-01,3920.0,4838.59375
lgbm,2015-04-01,8918.0,4838.59375
lgbm,2015-05-01,10646.0,4838.59375
lgbm,2015-06-01,3014.0,4838.59375
lgbm,2015-07-01,882.0,4838.59375
lgbm,2015-08-01,614.0,4838.59375
lgbm,2014-10-01,476.0,4704.606060606061
lgbm,2014-11-01,679.0,4704.606060606061
lgbm,2014-12-01,350.0,4704.606060606061
lgbm,2015-01-01,592.0,4704.606060606061
lgbm,2015-02-01,801.0,4704.606060606061
lgbm,2015-03-01,3920.0,4704.606060606061
lgbm,2015-04-01,8918.0,4704.606060606061
lgbm,2015-05-01,10646.0,4704.606060606061
lgbm,2015-06-01,3014.0,4704.606060606061
lgbm,2015-07-01,882.0,4704.606060606061
lgbm,2015-08-01,614.0,4704.606060606061
lgbm,2015-09-01,466.0,4704.606060606061
lgbm,2014-11-01,679.0,4580.235294117647
lgbm,2014-12-01,350.0,4580.235294117647
lgbm,2015-01-01,592.0,4580.235294117647
lgbm,2015-02-01,801.0,4580.235294117647
lgbm,2015-03-01,3920.0,4580.235294117647
lgbm,2015-04-01,8918.0,4580.235294117647
lgbm,2015-05-01,10646.0,4580.235294117647
lgbm,2015-06-01,3014.0,4580.235294117647
lgbm,2015-07-01,882.0,4580.235294117647
lgbm,2015-08-01,614.0,4580.235294117647
lgbm,2015-09-01,466.0,4580.235294117647
lgbm,2015-10-01,433.0,4580.235294117647
lgbm,2014-12-01,350.0,4468.771428571428
lgbm,2015-01-01,592.0,4468.771428571428
lgbm,2015-02-01,801.0,4468.771428571428
lgbm,2015-03-01,3920.0,4468.771428571428
lgbm,2015-04-01,8918.0,4468.771428571428
lgbm,2015-05-01,10646.0,4468.771428571428
lgbm,2015-06-01,3014.0,4468.771428571428
lgbm,2015-07-01,882.0,4468.771428571428
lgbm,2015-08-01,614.0,4468.771428571428
lgbm,2015-09-01,466.0,4468.771428571428
lgbm,2015-10-01,433.0,4468.771428571428
lgbm,2015-11-01,1256.0,4468.771428571428
lgbm,2015-01-01,592.0,4354.361111111111
lgbm,2015-02-01,801.0,4354.361111111111
lgbm,2015-03-01,3920.0,4354.361111111111
lgbm,2015-04-01,8918.0,4354.361111111111
lgbm,2015-05-01,10646.0,4354.361111111111
lgbm,2015-06-01,3014.0,4354.361111111111
lgbm,2015-07-01,882.0,4354.361111111111
lgbm,2015-08-01,614.0,4354.361111111111
lgbm,2015-09-01,466.0,4354.361111111111
lgbm,2015-10-01,433.0,4354.361111111111
lgbm,2015-11-01,1256.0,4354.361111111111
lgbm,2015-12-01,3029.0,4354.361111111111
lgbm,2015-02-01,801.0,4252.675675675676
lgbm,2015-03-01,3920.0,4252.675675675676
lgbm,2015-04-01,8918.0,4252.675675675676
lgbm,2015-05-01,10646.0,4252.675675675676
lgbm,2015-06-01,3014.0,4252.675675675676
lgbm,2015-07-01,882.0,4252.675675675676
lgbm,2015-08-01,614.0,4252.675675675676
lgbm,2015-09-01,466.0,4252.675675675676
lgbm,2015-10-01,433.0,4252.675675675676
lgbm,2015-11-01,1256.0,4252.675675675676
lgbm,2015-12-01,3029.0,4252.675675675676
lgbm,2016-01-01,22677.0,4252.675675675676
lgbm,2015-03-01,3920.0,4161.8421052631575
lgbm,2015-04-01,8918.0,4161.8421052631575
lgbm,2015-05-01,10646.0,4161.8421052631575
lgbm,2015-06-01,3014.0,4161.8421052631575
lgbm,2015-07-01,882.0,4161.8421052631575
lgbm,2015-08-01,614.0,4161.8421052631575
lgbm,2015-09-01,466.0,4161.8421052631575
lgbm,2015-10-01,433.0,4161.8421052631575
lgbm,2015-11-01,1256.0,4161.8421052631575
lgbm,2015-12-01,3029.0,4161.8421052631575
lgbm,2016-01-01,22677.0,4161.8421052631575
lgbm,2016-02-01,52456.0,4161.8421052631575
lgbm,2015-04-01,8918.0,4155.641025641025
lgbm,2015-05-01,10646.0,4155.641025641025
lgbm,2015-06-01,3014.0,4155.641025641025
lgbm,2015-07-01,882.0,4155.641025641025
lgbm,2015-08-01,614.0,4155.641025641025
lgbm,2015-09-01,466.0,4155.641025641025
lgbm,2015-10-01,433.0,4155.641025641025
lgbm,2015-11-01,1256.0,4155.641025641025
lgbm,2015-12-01,3029.0,4155.641025641025
lgbm,2016-01-01,22677.0,4155.641025641025
lgbm,2016-02-01,52456.0,4155.641025641025
lgbm,2016-03-01,54111.0,4155.641025641025
lgbm,2015-05-01,10646.0,4274.7
lgbm,2015-06-01,3014.0,4274.7
lgbm,2015-07-01,882.0,4274.7
lgbm,2015-08-01,614.0,4274.7
lgbm,2015-09-01,466.0,4274.7
lgbm,2015-10-01,433.0,4274.7
lgbm,2015-11-01,1256.0,4274.7
lgbm,2015-12-01,3029.0,4274.7
lgbm,2016-01-01,22677.0,4274.7
lgbm,2016-02-01,52456.0,4274.7
lgbm,2016-03-01,54111.0,4274.7
lgbm,2016-04-01,42332.0,4274.7
lgbm,2015-06-01,3014.0,5151.773388147639
lgbm,2015-07-01,882.0,3386.601564813172
lgbm,2015-08-01,614.0,0.0
lgbm,2015-09-01,466.0,0.0
lgbm,2015-10-01,433.0,0.0
lgbm,2015-11-01,1256.0,0.0
lgbm,2015-12-01,3029.0,2012.7900892926687
lgbm,2016-01-01,22677.0,4361.595859389674
lgbm,2016-02-01,52456.0,5940.008104025441
lgbm,2016-03-01,54111.0,6893.177946985479
lgbm,2016-04-01,42332.0,0.0
lgbm,2016-05-01,15246.0,2052.3876998729093
lgbm,2015-07-01,882.0,4600.600070961942
lgbm,2015-08-01,614.0,2871.9407946036513
lgbm,2015-09-01,466.0,0.0
lgbm,2015-10-01,433.0,0.0
lgbm,2015-11-01,1256.0,0.0
lgbm,2015-12-01,3029.0,0.0
lgbm,2016-01-01,22677.0,1903.0865468161442
lgbm,2016-02-01,52456.0,7177.945926949639
lgbm,2016-03-01,54111.0,7163.464397695632
lgbm,2016-04-01,42332.0,8524.018916292185
lgbm,2016-05-01,15246.0,734.8003783325923
lgbm,2016-06-01,1738.0,0.0
lgbm,2015-08-01,614.0,1311.1839287444745
lgbm,2015-09-01,466.0,0.0
lgbm,2015-10-01,433.0,0.0
lgbm,2015-11-01,1256.0,0.0
lgbm,2015-12-01,3029.0,0.0
lgbm,2016-01-01,22677.0,1591.7751759569503
lgbm,2016-02-01,52456.0,5732.49434783976
lgbm,2016-03-01,54111.0,6704.726959366314
lgbm,2016-04-01,42332.0,4233.96935822263
lgbm,2016-05-01,15246.0,55.799163956469826
lgbm,2016-06-01,1738.0,0.0
lgbm,2016-07-01,697.0,3770.589997949709
lgbm,2015-09-01,466.0,0.0
lgbm,2015-10-01,433.0,0.0
lgbm,2015-11-01,1256.0,0.0
lgbm,2015-12-01,3029.0,6591.745874535752
lgbm,2016-01-01,22677.0,7116.645361226247
lgbm,2016-02-01,52456.0,13105.087732524977
lgbm,2016-03-01,54111.0,5756.71807280376
lgbm,2016-04-01,42332.0,3345.089340845369
lgbm,2016-05-01,15246.0,2297.6353799236836
lgbm,2016-06-01,1738.0,1889.7480494383908
lgbm,2016-07-01,697.0,1455.7139577868293
lgbm,2016-08-01,424.0,3198.800871938447
lgbm,2015-10-01,433.0,0.0
lgbm,2015-11-01,1256.0,0.0
lgbm,2015-12-01,3029.0,0.0
lgbm,2016-01-01,22677.0,3735.047040453475
lgbm,2016-02-01,52456.0,7780.962900987235
lgbm,2016-03-01,54111.0,4959.966237493488
lgbm,2016-04-01,42332.0,7073.803523946225
lgbm,2016-05-01,15246.0,2113.8448716091148
lgbm,2016-06-01,1738.0,0.0
lgbm,2016-07-01,697.0,2059.835502715993
lgbm,2016-08-01,424.0,5035.507804947921
lgbm,2016-09-01,425.0,5913.640413102216
lgbm,2015-11-01,1256.0,0.0
lgbm,2015-12-01,3029.0,0.0
lgbm,2016-01-01,22677.0,1560.9335601426867
lgbm,2016-02-01,52456.0,5687.110483557371
lgbm,2016-03-01,54111.0,3880.020142874271
lgbm,2016-04-01,42332.0,4690.696200887007
lgbm,2016-05-01,15246.0,0.0
lgbm,2016-06-01,1738.0,0.0
lgbm,2016-07-01,697.0,5275.651158521038
lgbm,2016-08-01,424.0,5867.138330051194
lgbm,2016-09-01,425.0,12918.446383229848
lgbm,2016-10-01,807.0,8689.688739177323
lgbm,2015-12-01,3029.0,7606.172248652608
lgbm,2016-01-01,22677.0,10175.278190447338
lgbm,2016-02-01,52456.0,10967.862265901978
lgbm,2016-03-01,54111.0,2815.806047595896
lgbm,2016-04-01,42332.0,4476.015694673358
lgbm,2016-05-01,15246.0,2431.9788197693742
lgbm,2016-06-01,1738.0,857.0465573539283
lgbm,2016-07-01,697.0,2368.4951559184037
lgbm,2016-08-01,424.0,4771.809635232475
lgbm,2016-09-01,425.0,4729.529395798629
lgbm,2016-10-01,807.0,0.0
lgbm,2016-11-01,932.0,0.0
lgbm,2016-01-01,22677.0,15312.461311234685
lgbm,2016-02-01,52456.0,8945.493956515716
lgbm,2016-03-01,54111.0,5964.639878286136
lgbm,2016-04-01,42332.0,5049.636587230749
lgbm,2016-05-01,15246.0,4261.031783790964
lgbm,2016-06-01,1738.0,2307.1078321975456
lgbm,2016-07-01,697.0,3211.7107083463407
lgbm,2016-08-01,424.0,9210.51683777264
lgbm,2016-09-01,425.0,448.90497273987853
lgbm,2016-10-01,807.0,0.0
lgbm,2016-11-01,932.0,0.0
lgbm,2016-12-01,1822.0,0.0
lgbm,2016-02-01,52456.0,11339.905898246887
lgbm,2016-03-01,54111.0,7077.593069315691
lgbm,2016-04-01,42332.0,6922.262511394442
lgbm,2016-05-01,15246.0,7982.197201215949
lgbm,2016-06-01,1738.0,2522.682446853133
lgbm,2016-07-01,697.0,3494.7289157952637
lgbm,2016-08-01,424.0,6029.537940303864
lgbm,2016-09-01,425.0,0.0
lgbm,2016-10-01,807.0,0.0
lgbm,2016-11-01,932.0,0.0
lgbm,2016-12-01,1822.0,0.0
lgbm,2017-01-01,2847.0,0.0
lgbm,2016-03-01,54111.0,9551.74792350542
lgbm,2016-04-01,42332.0,13141.646789099721
lgbm,2016-05-01,15246.0,11194.655308226946
lgbm,2016-06-01,1738.0,4668.905115349108
lgbm,2016-07-01,697.0,31.79265770164764
lgbm,2016-08-01,424.0,0.0
lgbm,2016-09-01,425.0,0.0
lgbm,2016-10-01,807.0,0.0
lgbm,2016-11-01,932.0,0.0
lgbm,2016-12-01,1822.0,0.0
lgbm,2017-01-01,2847.0,0.0
lgbm,2017-02-01,1758.0,0.0
lgbm,2016-04-01,42332.0,19296.25168201281
lgbm,2016-05-01,15246.0,15169.68752304245
lgbm,2016-06-01,1738.0,13045.822037765936
lgbm,2016-07-01,697.0,4857.267788915645
lgbm,2016-08-01,424.0,6194.802859230027
lgbm,2016-09-01,425.0,11070.305215931845
lgbm,2016-10-01,807.0,11070.305215931845
lgbm,2016-11-01,932.0,10274.879769605
lgbm,2016-12-01,1822.0,4836.144002812185
lgbm,2017-01-01,2847.0,7031.858028188649
lgbm,2017-02-01,1758.0,11305.22819174087
lgbm,2017-03-01,1531.0,20337.087814420065
lgbm,2016-05-01,15246.0,16698.23349298535
lgbm,2016-06-01,1738.0,13676.763169861782
lgbm,2016-07-01,697.0,5675.870030925489
lgbm,2016-08-01,424.0,6528.615096222385
lgbm,2016-09-01,425.0,11576.195419756961
lgbm,2016-10-01,807.0,11576.195419756961
lgbm,2016-11-01,932.0,11043.18875445087
lgbm,2016-12-01,1822.0,5825.126152034394
lgbm,2017-01-01,2847.0,8906.33443627301
lgbm,2017-02-01,1758.0,12294.723287174496
lgbm,2017-03-01,1531.0,23419.809153903803
lgbm,2017-04-01,1225.0,24832.816880321738
lgbm,2016-06-01,1738.0,2004.8258631925153
lgbm,2016-07-01,697.0,6630.0499829085165
lgbm,2016-08-01,424.0,11968.535051160647
lgbm,2016-09-01,425.0,9810.959058047354
lgbm,2016-10-01,807.0,9810.959058047354
lgbm,2016-11-01,932.0,5633.652518902545
lgbm,2016-12-01,1822.0,0.0
lgbm,2017-01-01,2847.0,0.0
lgbm,2017-02-01,1758.0,0.0
lgbm,2017-03-01,1531.0,2815.5082665941386
lgbm,2017-04-01,1225.0,14290.26172825141
lgbm,2017-05-01,664.0,18636.80782608949
lgbm,2016-07-01,697.0,8246.045150105489
lgbm,2016-08-01,424.0,14280.206111567786
lgbm,2016-09-01,425.0,13309.575616604956
lgbm,2016-10-01,807.0,12813.77129141202
lgbm,2016-11-01,932.0,10506.558121260945
lgbm,2016-12-01,1822.0,4607.6874708831465
lgbm,2017-01-01,2847.0,4607.6874708831465
lgbm,2017-02-01,1758.0,11005.551672513902
lgbm,2017-03-01,1531.0,18914.814240502023
lgbm,2017-04-01,1225.0,22921.941024404423
lgbm,2017-05-01,664.0,23705.25396474661
lgbm,2017-06-01,440.0,10624.280704382294
lgbm,2016-08-01,424.0,5060.036102698322
lgbm,2016-09-01,425.0,4834.486516881233
lgbm,2016-10-01,807.0,10881.835282695847
lgbm,2016-11-01,932.0,8884.491964468521
lgbm,2016-12-01,1822.0,3496.379005874054
lgbm,2017-01-01,2847.0,6423.662990962984
lgbm,2017-02-01,1758.0,10898.833197437514
lgbm,2017-03-01,1531.0,18695.670320269714
lgbm,2017-04-01,1225.0,21919.655013510965
lgbm,2017-05-01,664.0,21017.413073795495
lgbm,2017-06-01,440.0,11287.162812646045
lgbm,2017-07-01,298.0,3709.1355460821383
lgbm,2016-09-01,425.0,0.0
lgbm,2016-10-01,807.0,0.0
lgbm,2016-11-01,932.0,0.0
lgbm,2016-12-01,1822.0,0.0
lgbm,2017-01-01,2847.0,0.0
lgbm,2017-02-01,1758.0,0.0
lgbm,2017-03-01,1531.0,4412.999759601291
lgbm,2017-04-01,1225.0,14730.695293949137
lgbm,2017-05-01,664.0,20203.427624898814
lgbm,2017-06-01,440.0,11600.798801084487
lgbm,2017-07-01,298.0,3286.275805314317
lgbm,2017-08-01,342.0,9820.762821033002
lgbm,2016-10-01,807.0,0.0
lgbm,2016-11-01,932.0,0.0
lgbm,2016-12-01,1822.0,0.0
lgbm,2017-01-01,2847.0,0.0
lgbm,2017-02-01,1758.0,0.0
lgbm,2017-03-01,1531.0,3840.269964290129
lgbm,2017-04-01,1225.0,14926.823693392156
lgbm,2017-05-01,664.0,22281.931867813808
lgbm,2017-06-01,440.0,10846.284253205933
lgbm,2017-07-01,298.0,4186.612011180338
lgbm,2017-08-01,342.0,10395.4592343907
lgbm,2017-09-01,571.0,13577.33709978431
lgbm,2016-11-01,932.0,0.0
lgbm,2016-12-01,1822.0,0.0
lgbm,2017-01-01,2847.0,0.0
lgbm,2017-02-01,1758.0,0.0
lgbm,2017-03-01,1531.0,2462.3376481300756
lgbm,2017-04-01,1225.0,14765.84912957105
lgbm,2017-05-01,664.0,20859.225752524126
lgbm,2017-06-01,440.0,12129.310953936496
lgbm,2017-07-01,298.0,4544.053796005721
lgbm,2017-08-01,342.0,10953.683817820913
lgbm,2017-09-01,571.0,15194.19971766513
lgbm,2017-10-01,966.0,22121.420922972167
lgbm,2016-12-01,1822.0,0.0
lgbm,2017-01-01,2847.0,0.0
lgbm,2017-02-01,1758.0,0.0
lgbm,2017-03-01,1531.0,3919.8373611125357
lgbm,2017-04-01,1225.0,13196.516322888823
lgbm,2017-05-01,664.0,18815.01086369097
lgbm,2017-06-01,440.0,12893.542126452157
lgbm,2017-07-01,298.0,2558.8952678665855
lgbm,2017-08-01,342.0,10297.774236415205
lgbm,2017-09-01,571.0,13349.410358682626
lgbm,2017-10-01,966.0,17008.360060105166
lgbm,2017-11-01,746.0,17296.629785652178
lgbm,2017-01-01,2847.0,0.0
lgbm,2017-02-01,1758.0,4447.408750562969
lgbm,2017-03-01,1531.0,11505.51383466593
lgbm,2017-04-01,1225.0,24221.02606935983
lgbm,2017-05-01,664.0,24103.259771895428
lgbm,2017-06-01,440.0,13500.16485402068
lgbm,2017-07-01,298.0,4711.73673455619
lgbm,2017-08-01,342.0,9696.606578165662
lgbm,2017-09-01,571.0,13533.34248949196
lgbm,2017-10-01,966.0,21079.715780564657
lgbm,2017-11-01,746.0,28706.995605043896
lgbm,2017-12-01,1109.0,19975.159941296097
lgbm,2017-02-01,1758.0,14628.315867577796
lgbm,2017-03-01,1531.0,23497.076537878263
lgbm,2017-04-01,1225.0,26404.038935507284
lgbm,2017-05-01,664.0,25515.73179325323
lgbm,2017-06-01,440.0,18641.54759062685
lgbm,2017-07-01,298.0,6526.22327519796
lgbm,2017-08-01,342.0,9547.358017458673
lgbm,2017-09-01,571.0,14863.925581113832
lgbm,2017-10-01,966.0,25758.914088802903
lgbm,2017-11-01,746.0,30397.31305235742
lgbm,2017-12-01,1109.0,19988.37040334643
lgbm,2018-01-01,1267.0,19988.37040334643
lgbm,2017-03-01,1531.0,19750.601017379184
lgbm,2017-04-01,1225.0,24743.919682753756
lgbm,2017-05-01,664.0,23786.191333281873
lgbm,2017-06-01,440.0,16647.42431066865
lgbm,2017-07-01,298.0,5583.858643132946
lgbm,2017-08-01,342.0,11464.826986682718
lgbm,2017-09-01,571.0,13360.701687857982
lgbm,2017-10-01,966.0,18479.924757578654
lgbm,2017-11-01,746.0,19130.85303912486
lgbm,2017-12-01,1109.0,18665.17134263352
lgbm,2018-01-01,1267.0,16969.87820547428
lgbm,2018-02-01,975.0,20215.51094209814
lgbm,2017-04-01,1225.0,14283.52946421616
lgbm,2017-05-01,664.0,25812.98092795659
lgbm,2017-06-01,440.0,17211.47078811471
lgbm,2017-07-01,298.0,8243.99479195125
lgbm,2017-08-01,342.0,11089.484005577235
lgbm,2017-09-01,571.0,15396.134589603438
lgbm,2017-10-01,966.0,24397.452140618334
lgbm,2017-11-01,746.0,24587.35364779829
lgbm,2017-12-01,1109.0,22230.167780471795
lgbm,2018-01-01,1267.0,19052.497560877917
lgbm,2018-02-01,975.0,19052.497560877917
lgbm,2018-03-01,866.0,25726.898706639007
lgbm,2017-05-01,664.0,11395.1224174435
lgbm,2017-06-01,440.0,12487.398219149318
lgbm,2017-07-01,298.0,7457.597900555499
lgbm,2017-08-01,342.0,11441.580967916418
lgbm,2017-09-01,571.0,13638.350617073362
lgbm,2017-10-01,966.0,20269.738901119374
lgbm,2017-11-01,746.0,20838.246488060948
lgbm,2017-12-01,1109.0,19784.94220362897
lgbm,2018-01-01,1267.0,16918.137706823585
lgbm,2018-02-01,975.0,17247.475922034817
lgbm,2018-03-01,866.0,22557.19032906018
lgbm,2018-04-01,771.0,25357.685170005767
lgbm,2017-06-01,440.0,1779.2804026898239
lgbm,2017-07-01,298.0,1684.025339214521
lgbm,2017-08-01,342.0,0.0
lgbm,2017-09-01,571.0,1669.218989562433
lgbm,2017-10-01,966.0,4223.665765219157
lgbm,2017-11-01,746.0,14933.855050431051
lgbm,2017-12-01,1109.0,17724.172962874378
lgbm,2018-01-01,1267.0,20334.64848656062
lgbm,2018-02-01,975.0,13577.607797509587
lgbm,2018-03-01,866.0,14256.901336269873
lgbm,2018-04-01,771.0,20414.749643225066
lgbm,2018-05-01,411.0,18472.322918792037
lgbm,2017-07-01,298.0,0.0
lgbm,2017-08-01,342.0,224.64395841456948
lgbm,2017-09-01,571.0,2419.0005507149176
lgbm,2017-10-01,966.0,13211.04158935913
lgbm,2017-11-01,746.0,24988.985111109454
lgbm,2017-12-01,1109.0,22445.71065794898
lgbm,2018-01-01,1267.0,21489.1297293169
lgbm,2018-02-01,975.0,15735.432662983378
lgbm,2018-03-01,866.0,19605.318498987053
lgbm,2018-04-01,771.0,22990.88084258005
lgbm,2018-05-01,411.0,21291.2466480113
lgbm,2018-06-01,338.0,24274.64426430555
lgbm,2017-08-01,342.0,388.20673567814964
lgbm,2017-09-01,571.0,1064.929207301762
lgbm,2017-10-01,966.0,4427.939904628166
lgbm,2017-11-01,746.0,12854.098197502397
lgbm,2017-12-01,1109.0,19683.07104099799
lgbm,2018-01-01,1267.0,19104.17937375005
lgbm,2018-02-01,975.0,16243.75411553804
lgbm,2018-03-01,866.0,20141.7339911011
lgbm,2018-04-01,771.0,23914.48938329409
lgbm,2018-05-01,411.0,21488.202762136196
lgbm,2018-06-01,338.0,23988.781310742565
lgbm,2018-07-01,355.0,13150.790452952302
lgbm,2017-09-01,571.0,844.1823219263134
lgbm,2017-10-01,966.0,4269.0749320005625
lgbm,2017-11-01,746.0,19844.168932221866
lgbm,2017-12-01,1109.0,19875.679849024236
lgbm,2018-01-01,1267.0,19875.679849024236
lgbm,2018-02-01,975.0,13633.789840289091
lgbm,2018-03-01,866.0,17968.239527752357
lgbm,2018-04-01,771.0,23469.912993183763
lgbm,2018-05-01,411.0,23980.91301798218
lgbm,2018-06-01,338.0,25616.63050288408
lgbm,2018-07-01,355.0,14870.398773763134
lgbm,2018-08-01,275.0,13991.782694142044
lgbm,2017-10-01,966.0,1626.1721717291553
lgbm,2017-11-01,746.0,3324.389888781426
lgbm,2017-12-01,1109.0,18494.31493272725
lgbm,2018-01-01,1267.0,19915.394052297444
lgbm,2018-02-01,975.0,15184.92472824395
lgbm,2018-03-01,866.0,19500.8718399527
lgbm,2018-04-01,771.0,23551.716710112152
lgbm,2018-05-01,411.0,19185.303561576176
lgbm,2018-06-01,338.0,25394.42050515977
lgbm,2018-07-01,355.0,14406.799005494622
lgbm,2018-08-01,275.0,13636.031525651482
lgbm,2018-09-01,484.0,16794.918381410793
lgbm,2017-11-01,746.0,3084.910342783329
lgbm,2017-12-01,1109.0,15163.394035289008
lgbm,2018-01-01,1267.0,18248.42421090276
lgbm,2018-02-01,975.0,12562.82843969216
lgbm,2018-03-01,866.0,14655.811264675182
lgbm,2018-04-01,771.0,21092.232965683404
lgbm,2018-05-01,411.0,21367.58142857536
lgbm,2018-06-01,338.0,24628.360877765772
lgbm,2018-07-01,355.0,14578.535602300019
lgbm,2018-08-01,275.0,13199.942678957177
lgbm,2018-09-01,484.0,17928.081668046594
lgbm,2018-10-01,511.0,16468.315421030307
lgbm,2017-12-01,1109.0,3520.430098427675
lgbm,2018-01-01,1267.0,13985.873630662529
lgbm,2018-02-01,975.0,17263.013148561986
lgbm,2018-03-01,866.0,17654.629484131332
lgbm,2018-04-01,771.0,22730.14515022933
lgbm,2018-05-01,411.0,21143.364998431087
lgbm,2018-06-01,338.0,23472.291487734954
lgbm,2018-07-01,355.0,15104.665498445787
lgbm,2018-08-01,275.0,15035.563229376932
lgbm,2018-09-01,484.0,18254.223813325043
lgbm,2018-10-01,511.0,18955.935547575362
lgbm,2018-11-01,616.0,18606.91641923538
lgbm,2018-01-01,1267.0,1987.939189546514
lgbm,2018-02-01,975.0,9144.34919906163
lgbm,2018-03-01,866.0,17018.200694068837
lgbm,2018-04-01,771.0,22660.902268803326
lgbm,2018-05-01,411.0,20755.31380429782
lgbm,2018-06-01,338.0,24354.85263907112
lgbm,2018-07-01,355.0,14234.489720525147
lgbm,2018-08-01,275.0,14516.968494182629
lgbm,2018-09-01,484.0,18757.76819279019
lgbm,2018-10-01,511.0,15320.638636561684
lgbm,2018-11-01,616.0,14480.541056002896
lgbm,2018-12-01,1085.0,29583.451826107983
lgbm,2018-02-01,975.0,0.0
lgbm,2018-03-01,866.0,0.0
lgbm,2018-04-01,771.0,6166.322516283383
lgbm,2018-05-01,411.0,13814.061603759666
lgbm,2018-06-01,338.0,20731.560938001974
lgbm,2018-07-01,355.0,15196.860078220881
lgbm,2018-08-01,275.0,14567.625108361815
lgbm,2018-09-01,484.0,11311.444071803213
lgbm,2018-10-01,511.0,8597.146624108838
lgbm,2018-11-01,616.0,13314.835782305801
lgbm,2018-12-01,1085.0,26622.73938831429
lgbm,2019-01-01,1624.0,27627.008859852533
lgbm,2018-03-01,866.0,1076.7355294203048
lgbm,2018-04-01,771.0,7765.892088582777
lgbm,2018-05-01,411.0,15276.577832493713
lgbm,2018-06-01,338.0,25304.41512313596
lgbm,2018-07-01,355.0,13819.925059702777
lgbm,2018-08-01,275.0,14351.023403283532
lgbm,2018-09-01,484.0,16679.102109906213
lgbm,2018-10-01,511.0,17392.327452736514
lgbm,2018-11-01,616.0,19241.236568191398
lgbm,2018-12-01,1085.0,30404.115516439673
lgbm,2019-01-01,1624.0,30812.357447675065
lgbm,2019-02-01,3761.0,32531.76589964326
lgbm,2018-04-01,771.0,7866.692813604643
lgbm,2018-05-01,411.0,15924.531308942449
lgbm,2018-06-01,338.0,25928.387533219266
lgbm,2018-07-01,355.0,14347.206561243127
lgbm,2018-08-01,275.0,13905.609327432703
lgbm,2018-09-01,484.0,16173.497376446407
lgbm,2018-10-01,511.0,15177.999217022194
lgbm,2018-11-01,616.0,15952.54882441215
lgbm,2018-12-01,1085.0,29109.28665983562
lgbm,2019-01-01,1624.0,31128.139211725527
lgbm,2019-02-01,3761.0,32120.363052044413
lgbm,2019-03-01,22227.0,31015.839625912213
lgbm,2018-05-01,411.0,4810.502629177138
lgbm,2018-06-01,338.0,21714.98710850677
lgbm,2018-07-01,355.0,14740.49366256342
lgbm,2018-08-01,275.0,14107.312436642598
lgbm,2018-09-01,484.0,16169.36377360882
lgbm,2018-10-01,511.0,12559.826416655726
lgbm,2018-11-01,616.0,14961.493242487275
lgbm,2018-12-01,1085.0,28831.0359668907
lgbm,2019-01-01,1624.0,30232.956291870207
lgbm,2019-02-01,3761.0,32450.31030648361
lgbm,2019-03-01,22227.0,31855.61998158937
lgbm,2019-04-01,50747.0,17839.593781247575
lgbm,2018-06-01,338.0,10403.537709744767
lgbm,2018-07-01,355.0,7908.217635579608
lgbm,2018-08-01,275.0,15120.824768015533
lgbm,2018-09-01,484.0,18092.99425559126
lgbm,2018-10-01,511.0,18011.528675491867
lgbm,2018-11-01,616.0,17291.9782263946
lgbm,2018-12-01,1085.0,29771.449873837322
lgbm,2019-01-01,1624.0,32819.82647395012
lgbm,2019-02-01,3761.0,34105.4836042584
lgbm,2019-03-01,22227.0,33102.32824901735
lgbm,2019-04-01,50747.0,16423.407790314614
lgbm,2019-05-01,50832.0,13495.817986641609
lgbm,2018-07-01,355.0,62.96504164454569
lgbm,2018-08-01,275.0,1090.4404549643723
lgbm,2018-09-01,484.0,556.6773644976306
lgbm,2018-10-01,511.0,0.0
lgbm,2018-11-01,616.0,0.0
lgbm,2018-12-01,1085.0,5284.43021958671
lgbm,2019-01-01,1624.0,18202.408398194722
lgbm,2019-02-01,3761.0,30366.26215337537
lgbm,2019-03-01,22227.0,30633.66233601876
lgbm,2019-04-01,50747.0,16718.320385890802
lgbm,2019-05-01,50832.0,9862.631476485378
lgbm,2019-06-01,16275.0,9879.717806153565
lgbm,2018-08-01,275.0,0.0
lgbm,2018-09-01,484.0,0.0
lgbm,2018-10-01,511.0,0.0
lgbm,2018-11-01,616.0,0.0
lgbm,2018-12-01,1085.0,3679.975968969848
lgbm,2019-01-01,1624.0,17409.66018589094
lgbm,2019-02-01,3761.0,30143.236477237075
lgbm,2019-03-01,22227.0,28235.50115105387
lgbm,2019-04-01,50747.0,10095.458827114151
lgbm,2019-05-01,50832.0,8613.382056197875
lgbm,2019-06-01,16275.0,9034.363771462267
lgbm,2019-07-01,1621.0,14214.864358966941
lgbm,2018-09-01,484.0,0.0
lgbm,2018-10-01,511.0,0.0
lgbm,2018-11-01,616.0,0.0
lgbm,2018-12-01,1085.0,9693.401823473565
lgbm,2019-01-01,1624.0,24060.575234059907
lgbm,2019-02-01,3761.0,33778.00686219127
lgbm,2019-03-01,22227.0,31250.93036406983
lgbm,2019-04-01,50747.0,10136.712592926606
lgbm,2019-05-01,50832.0,8720.27834081379
lgbm,2019-06-01,16275.0,10881.848355211456
lgbm,2019-07-01,1621.0,13892.579497443101
lgbm,2019-08-01,636.0,16236.910150988428
lgbm,2018-10-01,511.0,0.0
lgbm,2018-11-01,616.0,0.0
lgbm,2018-12-01,1085.0,4648.0207482286805
lgbm,2019-01-01,1624.0,17244.706598694087
lgbm,2019-02-01,3761.0,30392.55427227773
lgbm,2019-03-01,22227.0,30266.800375736035
lgbm,2019-04-01,50747.0,13440.899170482558
lgbm,2019-05-01,50832.0,9213.786290673175
lgbm,2019-06-01,16275.0,8962.651761547062
lgbm,2019-07-01,1621.0,13416.872453861877
lgbm,2019-08-01,636.0,16631.574734893802
lgbm,2019-09-01,653.0,18878.012948309803
lgbm,2018-11-01,616.0,0.0
lgbm,2018-12-01,1085.0,4622.807161100892
lgbm,2019-01-01,1624.0,19001.516930562124
lgbm,2019-02-01,3761.0,29471.195163412875
lgbm,2019-03-01,22227.0,28858.296385008096
lgbm,2019-04-01,50747.0,11478.218123429551
lgbm,2019-05-01,50832.0,9562.895710102806
lgbm,2019-06-01,16275.0,9515.074816270857
lgbm,2019-07-01,1621.0,13685.619835679783
lgbm,2019-08-01,636.0,15608.196132370937
lgbm,2019-09-01,653.0,17002.00691979838
lgbm,2019-10-01,523.0,19771.714866183684
lgbm,2018-12-01,1085.0,9757.045107695809
lgbm,2019-01-01,1624.0,24542.601412277414
lgbm,2019-02-01,3761.0,33326.43210776765
lgbm,2019-03-01,22227.0,30341.839465153542
lgbm,2019-04-01,50747.0,8837.798186479258
lgbm,2019-05-01,50832.0,7560.4881033181855
lgbm,2019-06-01,16275.0,9759.548716656835
lgbm,2019-07-01,1621.0,15915.689840924122
lgbm,2019-08-01,636.0,19868.98079243613
lgbm,2019-09-01,653.0,20008.0692243915
lgbm,2019-10-01,523.0,22170.795156198397
lgbm,2019-11-01,557.0,21548.551836821815
lgbm,2019-01-01,1624.0,9716.850806299013
lgbm,2019-02-01,3761.0,25876.026619470278
lgbm,2019-03-01,22227.0,35388.82784790377
lgbm,2019-04-01,50747.0,14549.710658252363
lgbm,2019-05-01,50832.0,9759.832456683645
lgbm,2019-06-01,16275.0,9001.518934224261
lgbm,2019-07-01,1621.0,12176.110115669546
lgbm,2019-08-01,636.0,15158.10220746677
lgbm,2019-09-01,653.0,19187.388772205126
lgbm,2019-10-01,523.0,19436.877958217356
lgbm,2019-11-01,557.0,21907.456953926427
lgbm,2019-12-01,903.0,25433.197764562807
lgbm,2019-02-01,3761.0,18048.01346567053
lgbm,2019-03-01,22227.0,31877.337525991235
lgbm,2019-04-01,50747.0,12832.891175442941
lgbm,2019-05-01,50832.0,9156.74219050547
lgbm,2019-06-01,16275.0,9437.065618685265
lgbm,2019-07-01,1621.0,12045.515020494156
lgbm,2019-08-01,636.0,13930.884925046663
lgbm,2019-09-01,653.0,18044.509737150176
lgbm,2019-10-01,523.0,17337.23768912767
lgbm,2019-11-01,557.0,22051.029726139837
lgbm,2019-12-01,903.0,25517.751241614835
lgbm,2020-01-01,1709.0,22228.801334561624
lgbm,2019-03-01,22227.0,28568.392747874335
lgbm,2019-04-01,50747.0,13397.707622615137
lgbm,2019-05-01,50832.0,8091.839676157429
lgbm,2019-06-01,16275.0,7625.724084478051
lgbm,2019-07-01,1621.0,12712.494786871664
lgbm,2019-08-01,636.0,17961.713523897917
lgbm,2019-09-01,653.0,17810.951010516023
lgbm,2019-10-01,523.0,19800.202907948697
lgbm,2019-11-01,557.0,23811.599547084952
lgbm,2019-12-01,903.0,28973.360420409375
lgbm,2020-01-01,1709.0,25105.49975135751
lgbm,2020-02-01,2968.0,22909.467923312593
lgbm,2019-04-01,50747.0,14234.631575048432
lgbm,2019-05-01,50832.0,7867.188130024099
lgbm,2019-06-01,16275.0,7140.152035509095
lgbm,2019-07-01,1621.0,11847.581414335618
lgbm,2019-08-01,636.0,16946.78615615651
lgbm,2019-09-01,653.0,16222.9791038162
lgbm,2019-10-01,523.0,20061.902929359574
lgbm,2019-11-01,557.0,22643.93267958825
lgbm,2019-12-01,903.0,27766.823283116675
lgbm,2020-01-01,1709.0,24845.268153912242
lgbm,2020-02-01,2968.0,22646.671790948225
lgbm,2020-03-01,5135.0,15867.512957750936
lgbm,2019-05-01,50832.0,9133.80624062436
lgbm,2019-06-01,16275.0,9090.12647200737
lgbm,2019-07-01,1621.0,11987.914204345028
lgbm,2019-08-01,636.0,19858.875619358892
lgbm,2019-09-01,653.0,20505.330154556254
lgbm,2019-10-01,523.0,22917.777818222305
lgbm,2019-11-01,557.0,26162.62437320522
lgbm,2019-12-01,903.0,35951.64657964725
lgbm,2020-01-01,1709.0,30816.335989777723
lgbm,2020-02-01,2968.0,24089.17101752011
lgbm,2020-03-01,5135.0,16011.9880359897
lgbm,2020-04-01,2617.0,3802.0419898690166
lgbm,2019-06-01,16275.0,12180.190163160903
lgbm,2019-07-01,1621.0,15687.574447559471
lgbm,2019-08-01,636.0,26527.919207152252
lgbm,2019-09-01,653.0,28289.071156644673
lgbm,2019-10-01,523.0,30884.818212821974
lgbm,2019-11-01,557.0,31630.991928345516
lgbm,2019-12-01,903.0,34576.92181735944
lgbm,2020-01-01,1709.0,33338.39932158579
lgbm,2020-02-01,2968.0,29319.18863318273
lgbm,2020-03-01,5135.0,26428.10484497411
lgbm,2020-04-01,2617.0,6318.342818264208
lgbm,2020-05-01,2116.0,4857.262006771343
lgbm,2019-07-01,1621.0,16317.24843158772
lgbm,2019-08-01,636.0,25610.201906377904
lgbm,2019-09-01,653.0,27726.031524685783
lgbm,2019-10-01,523.0,30077.605179170077
lgbm,2019-11-01,557.0,30647.59755552199
lgbm,2019-12-01,903.0,34787.114206278326
lgbm,2020-01-01,1709.0,31980.52949788907
lgbm,2020-02-01,2968.0,30660.101856821264
lgbm,2020-03-01,5135.0,24935.98003270366
lgbm,2020-04-01,2617.0,7321.514045525924
lgbm,2020-05-01,2116.0,5455.1235495388355
lgbm,2020-06-01,1795.0,5896.798713290036
lgbm,2019-08-01,636.0,10567.030223711132
lgbm,2019-09-01,653.0,26675.828603881964
lgbm,2019-10-01,523.0,31888.56452361326
lgbm,2019-11-01,557.0,34079.441915020536
lgbm,2019-12-01,903.0,35306.45327611321
lgbm,2020-01-01,1709.0,32121.02310267314
lgbm,2020-02-01,2968.0,28825.22043936977
lgbm,2020-03-01,5135.0,21712.048047759905
lgbm,2020-04-01,2617.0,7297.771177802078
lgbm,2020-05-01,2116.0,4844.56276018882
lgbm,2020-06-01,1795.0,5045.720255948638
lgbm,2020-07-01,1101.0,6049.799768996487
lgbm,2019-09-01,653.0,6500.332644226566
lgbm,2019-10-01,523.0,19866.410341703744
lgbm,2019-11-01,557.0,30587.86280659157
lgbm,2019-12-01,903.0,37701.479250941484
lgbm,2020-01-01,1709.0,34795.17513492716
lgbm,2020-02-01,2968.0,32241.602730024053
lgbm,2020-03-01,5135.0,27434.395458802523
lgbm,2020-04-01,2617.0,10075.312038464672
lgbm,2020-05-01,2116.0,8409.649410752436
lgbm,2020-06-01,1795.0,8409.649410752436
lgbm,2020-07-01,1101.0,9378.322235050633
lgbm,2020-08-01,815.0,19194.04475230948
lgbm,2019-10-01,523.0,12.581364321007214
lgbm,2019-11-01,557.0,4110.39533055267
lgbm,2019-12-01,903.0,24956.426388483767
lgbm,2020-01-01,1709.0,30353.0650686077
lgbm,2020-02-01,2968.0,33481.81678648817
lgbm,2020-03-01,5135.0,24934.847238428072
lgbm,2020-04-01,2617.0,9073.419691044732
lgbm,2020-05-01,2116.0,5595.938771381006
lgbm,2020-06-01,1795.0,6130.880555445662
lgbm,2020-07-01,1101.0,6959.806249494679
lgbm,2020-08-01,815.0,19095.538985964395
lgbm,2020-09-01,607.0,23218.06944956698
lgbm,2019-11-01,557.0,2168.2798003747507
lgbm,2019-12-01,903.0,10298.128904783303
lgbm,2020-01-01,1709.0,27835.88228151978
lgbm,2020-02-01,2968.0,30636.95464726348
lgbm,2020-03-01,5135.0,27720.09412916552
lgbm,2020-04-01,2617.0,6218.130359377466
lgbm,2020-05-01,2116.0,3840.19361471752
lgbm,2020-06-01,1795.0,4623.383356583226
lgbm,2020-07-01,1101.0,4593.748019336244
lgbm,2020-08-01,815.0,17490.826779489722
lgbm,2020-09-01,607.0,25743.023796254136
lgbm,2020-10-01,571.0,26003.19981995267
lgbm,2019-12-01,903.0,4717.845629473804
lgbm,2020-01-01,1709.0,24020.016359566864
lgbm,2020-02-01,2968.0,30320.389938952976
lgbm,2020-03-01,5135.0,30529.05643431543
lgbm,2020-04-01,2617.0,10295.441667244937
lgbm,2020-05-01,2116.0,9334.185008262037
lgbm,2020-06-01,1795.0,8579.015066806658
lgbm,2020-07-01,1101.0,10282.024090220073
lgbm,2020-08-01,815.0,20336.035041846222
lgbm,2020-09-01,607.0,26048.89338402883
lgbm,2020-10-01,571.0,26515.006163273974
lgbm,2020-11-01,1106.0,28015.810081075117
lgbm,2020-01-01,1709.0,7150.308101883082
lgbm,2020-02-01,2968.0,19929.504893646535
lgbm,2020-03-01,5135.0,23264.57761122265
lgbm,2020-04-01,2617.0,9946.507713667554
lgbm,2020-05-01,2116.0,6266.628994796509
lgbm,2020-06-01,1795.0,5655.313282188808
lgbm,2020-07-01,1101.0,7158.789071761564
lgbm,2020-08-01,815.0,16759.644354167907
lgbm,2020-09-01,607.0,24196.95961895673
lgbm,2020-10-01,571.0,28342.97753626749
lgbm,2020-11-01,1106.0,27630.657800186753
lgbm,2020-12-01,765.0,26913.705234103
lgbm,2020-02-01,2968.0,5782.878212859136
lgbm,2020-03-01,5135.0,16816.80137035252
lgbm,2020-04-01,2617.0,7099.697558807514
lgbm,2020-05-01,2116.0,4500.601773395943
lgbm,2020-06-01,1795.0,4175.566570634291
lgbm,2020-07-01,1101.0,5015.246888931147
lgbm,2020-08-01,815.0,17253.436157388973
lgbm,2020-09-01,607.0,21609.790177547475
lgbm,2020-10-01,571.0,26364.829433529634
lgbm,2020-11-01,1106.0,24700.545799127416
lgbm,2020-12-01,765.0,24077.961786213145
lgbm,2021-01-01,1244.0,28113.616992472624
lgbm,2020-03-01,5135.0,26003.348356391718
lgbm,2020-04-01,2617.0,13335.807815985554
lgbm,2020-05-01,2116.0,10598.457439701446
lgbm,2020-06-01,1795.0,8160.840851593051
lgbm,2020-07-01,1101.0,7912.253607530096
lgbm,2020-08-01,815.0,17252.753243803134
lgbm,2020-09-01,607.0,26307.391728329843
lgbm,2020-10-01,571.0,26901.817550147432
lgbm,2020-11-01,1106.0,28069.654778167507
lgbm,2020-12-01,765.0,29591.041518141054
lgbm,2021-01-01,1244.0,27616.105427049235
lgbm,2021-02-01,1008.0,26479.378122825376
lgbm,2020-04-01,2617.0,12075.813402348402
lgbm,2020-05-01,2116.0,9318.918749080145
lgbm,2020-06-01,1795.0,6472.249681744393
lgbm,2020-07-01,1101.0,6848.049130147109
lgbm,2020-08-01,815.0,16324.731145651822
lgbm,2020-09-01,607.0,23721.042461126315
lgbm,2020-10-01,571.0,27867.862853469727
lgbm,2020-11-01,1106.0,27008.010557267764
lgbm,2020-12-01,765.0,27051.121437936996
lgbm,2021-01-01,1244.0,27224.547640205765
lgbm,2021-02-01,1008.0,24034.846563095132
lgbm,2021-03-01,1078.0,19121.573636146786
lgbm,2020-05-01,2116.0,0.0
lgbm,2020-06-01,1795.0,0.0
lgbm,2020-07-01,1101.0,0.0
lgbm,2020-08-01,815.0,0.0
lgbm,2020-09-01,607.0,3149.590075751661
lgbm,2020-10-01,571.0,23568.635780093202
lgbm,2020-11-01,1106.0,28414.693877743208
lgbm,2020-12-01,765.0,26784.952081792122
lgbm,2021-01-01,1244.0,28127.482429099684
lgbm,2021-02-01,1008.0,25383.04168481728
lgbm,2021-03-01,1078.0,20993.089571432894
lgbm,2021-04-01,747.0,18996.80625218384
lgbm,2020-06-01,1795.0,0.0
lgbm,2020-07-01,1101.0,0.0
lgbm,2020-08-01,815.0,0.0
lgbm,2020-09-01,607.0,938.4400265380574
lgbm,2020-10-01,571.0,4686.809987495033
lgbm,2020-11-01,1106.0,24979.5030585497
lgbm,2020-12-01,765.0,30841.080650412016
lgbm,2021-01-01,1244.0,26465.55073375676
lgbm,2021-02-01,1008.0,23935.486074012977
lgbm,2021-03-01,1078.0,21332.664622729826
lgbm,2021-04-01,747.0,18514.967598866177
lgbm,2021-05-01,738.0,19287.989445939875
lgbm,2020-07-01,1101.0,0.0
lgbm,2020-08-01,815.0,3423.7441837872293
lgbm,2020-09-01,607.0,19835.148337751434
lgbm,2020-10-01,571.0,28353.19205648385
lgbm,2020-11-01,1106.0,30229.827339706168
lgbm,2020-12-01,765.0,30134.25362304789
lgbm,2021-01-01,1244.0,30431.051824505666
lgbm,2021-02-01,1008.0,27493.806832672355
lgbm,2021-03-01,1078.0,24495.336922421044
lgbm,2021-04-01,747.0,19802.044881161186
lgbm,2021-05-01,738.0,21137.64278918631
lgbm,2021-06-01,405.0,20413.4402291556
lgbm,2020-08-01,815.0,4893.688895761847
lgbm,2020-09-01,607.0,21096.968892421242
lgbm,2020-10-01,571.0,31570.87022690002
lgbm,2020-11-01,1106.0,31832.758540230643
lgbm,2020-12-01,765.0,31244.94988849587
lgbm,2021-01-01,1244.0,31976.295692780586
lgbm,2021-02-01,1008.0,28160.170693296634
lgbm,2021-03-01,1078.0,21827.08843009497
lgbm,2021-04-01,747.0,18472.578066969065
lgbm,2021-05-01,738.0,19853.34463034718
lgbm,2021-06-01,405.0,20085.801106783365
lgbm,2021-07-01,299.0,18834.153293797553
lgbm,2020-09-01,607.0,4194.429080862664
lgbm,2020-10-01,571.0,24513.092444118065
lgbm,2020-11-01,1106.0,31807.92235057063
lgbm,2020-12-01,765.0,32898.97061930883
lgbm,2021-01-01,1244.0,31736.311508119357
lgbm,2021-02-01,1008.0,28373.71211487036
lgbm,2021-03-01,1078.0,27196.011331457772
lgbm,2021-04-01,747.0,20915.994944122074
lgbm,2021-05-01,738.0,21954.455076862258
lgbm,2021-06-01,405.0,21262.85490825304
lgbm,2021-07-01,299.0,20050.49508632813
lgbm,2021-08-01,414.0,21517.467089413793
lgbm,2020-10-01,571.0,3902.3343637252383
lgbm,2020-11-01,1106.0,23302.057409923105
lgbm,2020-12-01,765.0,29697.326013277827
lgbm,2021-01-01,1244.0,32879.54341042605
lgbm,2021-02-01,1008.0,28938.558052887205
lgbm,2021-03-01,1078.0,23113.44424559237
lgbm,2021-04-01,747.0,20222.409687667798
lgbm,2021-05-01,738.0,20810.341390460715
lgbm,2021-06-01,405.0,19421.736440470322
lgbm,2021-07-01,299.0,18446.263894677017
lgbm,2021-08-01,414.0,17960.666982587805
lgbm,2021-09-01,439.0,28475.814172728748
lgbm,2020-11-01,1106.0,2139.604354281755
lgbm,2020-12-01,765.0,6322.283608290174
lgbm,2021-01-01,1244.0,33157.109727734816
lgbm,2021-02-01,1008.0,26629.951245645465
lgbm,2021-03-01,1078.0,22568.674859020022
lgbm,2021-04-01,747.0,20809.922772169753
lgbm,2021-05-01,738.0,19500.886843647495
lgbm,2021-06-01,405.0,19307.112897464976
lgbm,2021-07-01,299.0,17209.60046459794
lgbm,2021-08-01,414.0,18489.182243071125
lgbm,2021-09-01,439.0,30751.351572995154
lgbm,2021-10-01,453.0,29152.563686485177
lgbm,2020-12-01,765.0,2492.559207799268
lgbm,2021-01-01,1244.0,7797.717050938817
lgbm,2021-02-01,1008.0,26824.837854110425
lgbm,2021-03-01,1078.0,25303.048489864137
lgbm,2021-04-01,747.0,22099.643747843566
lgbm,2021-05-01,738.0,22670.2046733419
lgbm,2021-06-01,405.0,20460.070473154912
lgbm,2021-07-01,299.0,18388.746302302254
lgbm,2021-08-01,414.0,20198.325526812565
lgbm,2021-09-01,439.0,29440.095322697824
lgbm,2021-10-01,453.0,30241.02823940585
lgbm,2021-11-01,496.0,29868.327412924195
lgbm,2021-01-01,1244.0,3359.581627996957
lgbm,2021-02-01,1008.0,18370.300380669138
lgbm,2021-03-01,1078.0,21867.274523506447
lgbm,2021-04-01,747.0,18694.71064070956
lgbm,2021-05-01,738.0,20455.011637741176
lgbm,2021-06-01,405.0,19401.713546116414
lgbm,2021-07-01,299.0,18110.125814792216
lgbm,2021-08-01,414.0,17753.633871304784
lgbm,2021-09-01,439.0,28946.75560316221
lgbm,2021-10-01,453.0,29633.392756954247
lgbm,2021-11-01,496.0,27738.509758489363
lgbm,2021-12-01,347.0,26538.16833875741
lgbm,2021-02-01,1008.0,367.16814779109484
lgbm,2021-03-01,1078.0,0.0
lgbm,2021-04-01,747.0,0.0
lgbm,2021-05-01,738.0,0.0
lgbm,2021-06-01,405.0,0.0
lgbm,2021-07-01,299.0,0.0
lgbm,2021-08-01,414.0,0.0
lgbm,2021-09-01,439.0,4042.6438646484426
lgbm,2021-10-01,453.0,22906.31591245947
lgbm,2021-11-01,496.0,29984.882131926755
lgbm,2021-12-01,347.0,27180.755006103296
lgbm,2022-01-01,1187.0,31389.442838810697
lgbm,2021-03-01,1078.0,1793.5388512416994
lgbm,2021-04-01,747.0,850.6389423992164
lgbm,2021-05-01,738.0,2682.870897738832
lgbm,2021-06-01,405.0,0.0
lgbm,2021-07-01,299.0,4950.592033652957
lgbm,2021-08-01,414.0,15366.837602354959
lgbm,2021-09-01,439.0,30360.73891252449
lgbm,2021-10-01,453.0,34515.10978854032
lgbm,2021-11-01,496.0,32212.79041380294
lgbm,2021-12-01,347.0,27626.0423553041
lgbm,2022-01-01,1187.0,34030.88172722078
lgbm,2022-02-01,843.0,27108.439459623736
lgbm,2021-04-01,747.0,0.0
lgbm,2021-05-01,738.0,0.0
lgbm,2021-06-01,405.0,0.0
lgbm,2021-07-01,299.0,0.0
lgbm,2021-08-01,414.0,0.0
lgbm,2021-09-01,439.0,3320.5481171306706
lgbm,2021-10-01,453.0,23124.789567176995
lgbm,2021-11-01,496.0,27047.16620139947
lgbm,2021-12-01,347.0,26693.768079686557
lgbm,2022-01-01,1187.0,34710.5063496264
lgbm,2022-02-01,843.0,28638.16227499025
lgbm,2022-03-01,1187.0,26893.594758221527
lgbm,2021-05-01,738.0,119.68037465062494
lgbm,2021-06-01,405.0,0.0
lgbm,2021-07-01,299.0,0.0
lgbm,2021-08-01,414.0,0.0
lgbm,2021-09-01,439.0,2948.238782257715
lgbm,2021-10-01,453.0,24308.17715660957
lgbm,2021-11-01,496.0,30143.679189225793
lgbm,2021-12-01,347.0,26434.309240973424
lgbm,2022-01-01,1187.0,35365.46149238407
lgbm,2022-02-01,843.0,27228.734583612222
lgbm,2022-03-01,1187.0,24796.039351530875
lgbm,2022-04-01,1585.0,27017.344561144208
lgbm,2021-06-01,405.0,0.0
lgbm,2021-07-01,299.0,0.0
lgbm,2021-08-01,414.0,0.0
lgbm,2021-09-01,439.0,3640.4880057915548
lgbm,2021-10-01,453.0,24959.358574564645
lgbm,2021-11-01,496.0,31957.019470984545
lgbm,2021-12-01,347.0,30071.05962832247
lgbm,2022-01-01,1187.0,35080.45609545523
lgbm,2022-02-01,843.0,28017.700245815835
lgbm,2022-03-01,1187.0,27109.890877734568
lgbm,2022-04-01,1585.0,30403.918805400623
lgbm,2022-05-01,1939.0,36666.522984361276
lgbm,2021-07-01,299.0,0.0
lgbm,2021-08-01,414.0,0.0
lgbm,2021-09-01,439.0,3302.397712227126
lgbm,2021-10-01,453.0,21591.563270569146
lgbm,2021-11-01,496.0,29148.071453823395
lgbm,2021-12-01,347.0,28831.306022530753
lgbm,2022-01-01,1187.0,33218.02130827238
lgbm,2022-02-01,843.0,26732.662970988367
lgbm,2022-03-01,1187.0,24610.76179621452
lgbm,2022-04-01,1585.0,28606.357883459226
lgbm,2022-05-01,1939.0,36059.022781152926
lgbm,2022-06-01,949.0,31217.534380540248
lgbm,2021-08-01,414.0,0.0
lgbm,2021-09-01,439.0,3083.400697871914
lgbm,2021-10-01,453.0,21340.0960588188
lgbm,2021-11-01,496.0,27004.19039049499
lgbm,2021-12-01,347.0,28018.992621121302
lgbm,2022-01-01,1187.0,34302.58464396514
lgbm,2022-02-01,843.0,25040.06943624545
lgbm,2022-03-01,1187.0,23198.23992445826
lgbm,2022-04-01,1585.0,26425.84938973108
lgbm,2022-05-01,1939.0,35474.43633885353
lgbm,2022-06-01,949.0,32919.21896129183
lgbm,2022-07-01,858.0,19570.6389391029
lgbm,2021-09-01,439.0,3916.748202921808
lgbm,2021-10-01,453.0,22960.262646233357
lgbm,2021-11-01,496.0,27429.485869709297
lgbm,2021-12-01,347.0,27405.726062594636
lgbm,2022-01-01,1187.0,35713.874014253954
lgbm,2022-02-01,843.0,28326.61548971228
lgbm,2022-03-01,1187.0,25029.79909606548
lgbm,2022-04-01,1585.0,26699.534329887752
lgbm,2022-05-01,1939.0,34971.68363094607
lgbm,2022-06-01,949.0,32274.07143320792
lgbm,2022-07-01,858.0,21453.20611924583
lgbm,2022-08-01,474.0,26265.27734762524
lgbm,2021-10-01,453.0,1963.2234160221024
lgbm,2021-11-01,496.0,4253.819799024655
lgbm,2021-12-01,347.0,25124.29314755263
lgbm,2022-01-01,1187.0,35620.81477733936
lgbm,2022-02-01,843.0,27258.331637900796
lgbm,2022-03-01,1187.0,26000.108859794014
lgbm,2022-04-01,1585.0,27158.683599640026
lgbm,2022-05-01,1939.0,33395.51045049912
lgbm,2022-06-01,949.0,28627.183437028787
lgbm,2022-07-01,858.0,20327.382907810377
lgbm,2022-08-01,474.0,27232.733338716524
lgbm,2022-09-01,678.0,27117.27078007105
lgbm,2021-11-01,496.0,234.20789090070156
lgbm,2021-12-01,347.0,398.0789141544614
lgbm,2022-01-01,1187.0,3233.5636237401095
lgbm,2022-02-01,843.0,18877.420505056576
lgbm,2022-03-01,1187.0,28269.049980488406
lgbm,2022-04-01,1585.0,30991.816281546013
lgbm,2022-05-01,1939.0,36929.623603573375
lgbm,2022-06-01,949.0,33555.3026804477
lgbm,2022-07-01,858.0,19147.210005819703
lgbm,2022-08-01,474.0,24138.741939633837
lgbm,2022-09-01,678.0,26380.102213704416
lgbm,2022-10-01,1042.0,25566.355138968425
lgbm,2021-12-01,347.0,0.0
lgbm,2022-01-01,1187.0,2538.2110940118505
lgbm,2022-02-01,843.0,2763.2740805546496
lgbm,2022-03-01,1187.0,10496.501124225004
lgbm,2022-04-01,1585.0,28129.947701635057
lgbm,2022-05-01,1939.0,39743.97673910336
lgbm,2022-06-01,949.0,35028.07604847949
lgbm,2022-07-01,858.0,20260.510538710958
lgbm,2022-08-01,474.0,26890.709854406814
lgbm,2022-09-01,678.0,27737.594200269363
lgbm,2022-10-01,1042.0,26510.72507922727
lgbm,2022-11-01,964.0,30472.099663068573
lgbm,2022-01-01,1187.0,2417.2104580642435
lgbm,2022-02-01,843.0,1963.3098894904158
lgbm,2022-03-01,1187.0,8986.473242279202
lgbm,2022-04-01,1585.0,28071.309962739015
lgbm,2022-05-01,1939.0,36622.425833259345
lgbm,2022-06-01,949.0,31346.18022309331
lgbm,2022-07-01,858.0,21031.144487214555
lgbm,2022-08-01,474.0,25595.28178322239
lgbm,2022-09-01,678.0,28248.59996961439
lgbm,2022-10-01,1042.0,26468.66199140469
lgbm,2022-11-01,964.0,30319.460632213857
lgbm,2022-12-01,819.0,24732.20544369385
lgbm,2022-02-01,843.0,795.650184911063
lgbm,2022-03-01,1187.0,0.0
lgbm,2022-04-01,1585.0,1578.5660845089183
lgbm,2022-05-01,1939.0,12973.760302891555
lgbm,2022-06-01,949.0,30887.034111189525
lgbm,2022-07-01,858.0,24031.200882909212
lgbm,2022-08-01,474.0,29908.852385642458
lgbm,2022-09-01,678.0,29538.751763382126
lgbm,2022-10-01,1042.0,26548.491257973135
lgbm,2022-11-01,964.0,29565.693681625755
lgbm,2022-12-01,819.0,24870.2007141062
lgbm,2023-01-01,3245.0,34815.09931588827
lgbm,2022-03-01,1187.0,1098.3654404715473
lgbm,2022-04-01,1585.0,3249.2552483381355
lgbm,2022-05-01,1939.0,31050.782465158594
lgbm,2022-06-01,949.0,36947.98296803582
lgbm,2022-07-01,858.0,24502.805098574565
lgbm,2022-08-01,474.0,27717.65568099321
lgbm,2022-09-01,678.0,26863.170671879547
lgbm,2022-10-01,1042.0,26618.926425357116
lgbm,2022-11-01,964.0,29467.15209875624
lgbm,2022-12-01,819.0,23592.440308438665
lgbm,2023-01-01,3245.0,34775.2890924749
lgbm,2023-02-01,5487.0,30168.494407247315
lgbm,2022-04-01,1585.0,1351.3616293374794
lgbm,2022-05-01,1939.0,11868.339245811787
lgbm,2022-06-01,949.0,32434.4368710503
lgbm,2022-07-01,858.0,25983.153449411195
lgbm,2022-08-01,474.0,30724.288292054727
lgbm,2022-09-01,678.0,30962.406017979865
lgbm,2022-10-01,1042.0,27432.893303666464
lgbm,2022-11-01,964.0,30388.29627511319
lgbm,2022-12-01,819.0,25008.477376405343
lgbm,2023-01-01,3245.0,37742.88158207462
lgbm,2023-02-01,5487.0,31561.823443345726
lgbm,2023-03-01,12547.0,38107.82787250573
lgbm,2022-05-01,1939.0,14456.323376112998
lgbm,2022-06-01,949.0,34492.82027759592
lgbm,2022-07-01,858.0,27435.46120165592
lgbm,2022-08-01,474.0,31069.799560362448
lgbm,2022-09-01,678.0,28989.448417470685
lgbm,2022-10-01,1042.0,27460.77178915029
lgbm,2022-11-01,964.0,28999.510592631752
lgbm,2022-12-01,819.0,25212.42052622046
lgbm,2023-01-01,3245.0,35825.9262261299
lgbm,2023-02-01,5487.0,32508.355454355125
lgbm,2023-03-01,12547.0,37108.273356721606
lgbm,2023-04-01,20371.0,26761.76352900169
lgbm,2022-06-01,949.0,12870.870849210765
lgbm,2022-07-01,858.0,23215.789380194878
lgbm,2022-08-01,474.0,29942.166512896827
lgbm,2022-09-01,678.0,30222.912216241766
lgbm,2022-10-01,1042.0,27418.157808993972
lgbm,2022-11-01,964.0,29431.690140929506
lgbm,2022-12-01,819.0,25318.967242125498
lgbm,2023-01-01,3245.0,35079.27135980009
lgbm,2023-02-01,5487.0,30157.505691963277
lgbm,2023-03-01,12547.0,34603.90850829778
lgbm,2023-04-01,20371.0,23629.036155813443
lgbm,2023-05-01,10627.0,15435.45772149532
lgbm,2022-07-01,858.0,4878.903746500188
lgbm,2022-08-01,474.0,18965.04099032766
lgbm,2022-09-01,678.0,28810.10405656694
lgbm,2022-10-01,1042.0,28833.48932481478
lgbm,2022-11-01,964.0,29529.54019655287
lgbm,2022-12-01,819.0,23224.657145568046
lgbm,2023-01-01,3245.0,35559.73432775706
lgbm,2023-02-01,5487.0,30994.606734075605
lgbm,2023-03-01,12547.0,36231.69826857456
lgbm,2023-04-01,20371.0,24318.31975607357
lgbm,2023-05-01,10627.0,15627.888927190557
lgbm,2023-06-01,3721.0,11767.564564799473
lgbm,2022-08-01,474.0,0.0
lgbm,2022-09-01,678.0,0.0
lgbm,2022-10-01,1042.0,0.0
lgbm,2022-11-01,964.0,0.0
lgbm,2022-12-01,819.0,0.0
lgbm,2023-01-01,3245.0,3366.6935967474346
lgbm,2023-02-01,5487.0,22610.283592187025
lgbm,2023-03-01,12547.0,38519.94169307023
lgbm,2023-04-01,20371.0,29296.67951774879
lgbm,2023-05-01,10627.0,23383.312869700894
lgbm,2023-06-01,3721.0,8560.129545126081
lgbm,2023-07-01,1927.0,19677.60777283421
lgbm,2022-09-01,678.0,0.0
lgbm,2022-10-01,1042.0,0.0
lgbm,2022-11-01,964.0,0.0
lgbm,2022-12-01,819.0,0.0
lgbm,2023-01-01,3245.0,2687.3507416897746
lgbm,2023-02-01,5487.0,4560.427943909733
lgbm,2023-03-01,12547.0,37355.171977861384
lgbm,2023-04-01,20371.0,25045.072136821087
lgbm,2023-05-01,10627.0,12355.290136777068
lgbm,2023-06-01,3721.0,7223.419931454899
lgbm,2023-07-01,1927.0,20333.11238596513
lgbm,2023-08-01,1281.0,33049.57821787374
lgbm,2022-10-01,1042.0,0.0
lgbm,2022-11-01,964.0,268.3761455530623
lgbm,2022-12-01,819.0,0.0
lgbm,2023-01-01,3245.0,3730.644229456168
lgbm,2023-02-01,5487.0,19221.191089111966
lgbm,2023-03-01,12547.0,35572.996926021864
lgbm,2023-04-01,20371.0,25018.854169861123
lgbm,2023-05-01,10627.0,10539.724367190765
lgbm,2023-06-01,3721.0,5055.807135152474
lgbm,2023-07-01,1927.0,22415.95975232597
lgbm,2023-08-01,1281.0,31364.248373372568
lgbm,2023-09-01,1362.0,28283.578126409215
lgbm,2022-11-01,964.0,0.0
lgbm,2022-12-01,819.0,0.0
lgbm,2023-01-01,3245.0,4290.829555317607
lgbm,2023-02-01,5487.0,19928.15968225854
lgbm,2023-03-01,12547.0,32705.197072976007
lgbm,2023-04-01,20371.0,26199.701594226255
lgbm,2023-05-01,10627.0,18357.535011212156
lgbm,2023-06-01,3721.0,7141.750060239369
lgbm,2023-07-01,1927.0,19037.689654898113
lgbm,2023-08-01,1281.0,34667.7626037227
lgbm,2023-09-01,1362.0,33820.48622825107
lgbm,2023-10-01,1943.0,28155.090057059668
lgbm,2022-12-01,819.0,0.0
lgbm,2023-01-01,3245.0,3875.7389671235314
lgbm,2023-02-01,5487.0,21237.28273722451
lgbm,2023-03-01,12547.0,35263.71137735787
lgbm,2023-04-01,20371.0,26758.166901763983
lgbm,2023-05-01,10627.0,20341.920283946798
lgbm,2023-06-01,3721.0,8673.209760535668
lgbm,2023-07-01,1927.0,20170.9221278386
lgbm,2023-08-01,1281.0,31745.15523601552
lgbm,2023-09-01,1362.0,31928.523546349443
lgbm,2023-10-01,1943.0,27708.269291302637
lgbm,2023-11-01,1713.0,20445.163765278692
lgbm,2023-01-01,3245.0,6116.841280486185
lgbm,2023-02-01,5487.0,19638.960929632616
lgbm,2023-03-01,12547.0,31143.59592266377
lgbm,2023-04-01,20371.0,23775.780834496087
lgbm,2023-05-01,10627.0,13411.425767013705
lgbm,2023-06-01,3721.0,8737.757530284127
lgbm,2023-07-01,1927.0,22759.27053770887
lgbm,2023-08-01,1281.0,29152.712653728915
lgbm,2023-09-01,1362.0,27576.428624628366
lgbm,2023-10-01,1943.0,27145.806888089784
lgbm,2023-11-01,1713.0,19302.96934514849
lgbm,2023-12-01,5098.0,25366.327476054255
lgbm,2023-02-01,5487.0,20530.627924934666
lgbm,2023-03-01,12547.0,32334.827098651145
lgbm,2023-04-01,20371.0,28219.784343417152
lgbm,2023-05-01,10627.0,19068.936422521918
lgbm,2023-06-01,3721.0,6515.873063204017
lgbm,2023-07-01,1927.0,18821.252418581862
lgbm,2023-08-01,1281.0,31761.58374625132
lgbm,2023-09-01,1362.0,28888.658775433534
lgbm,2023-10-01,1943.0,27624.008386796293
lgbm,2023-11-01,1713.0,23340.15873812929
lgbm,2023-12-01,5098.0,27721.20900400019
lgbm,2024-01-01,40617.0,30597.862133218518
lgbm,2023-03-01,12547.0,29962.343190283995
lgbm,2023-04-01,20371.0,18682.932842553117
lgbm,2023-05-01,10627.0,9410.410171543721
lgbm,2023-06-01,3721.0,5339.361153858863
lgbm,2023-07-01,1927.0,15316.969104306036
lgbm,2023-08-01,1281.0,28770.44158260253
lgbm,2023-09-01,1362.0,25130.632478331256
lgbm,2023-10-01,1943.0,26306.986970502865
lgbm,2023-11-01,1713.0,18257.74342006651
lgbm,2023-12-01,5098.0,26232.424104520618
lgbm,2024-01-01,40617.0,28160.93624707248
lgbm,2024-02-01,103462.0,24101.918219831023
lgbm,2023-04-01,20371.0,19977.107810881847
lgbm,2023-05-01,10627.0,8679.470045569919
lgbm,2023-06-01,3721.0,7803.9437961921785
lgbm,2023-07-01,1927.0,15726.675450866946
lgbm,2023-08-01,1281.0,27381.56382911454
lgbm,2023-09-01,1362.0,27640.415398897647
lgbm,2023-10-01,1943.0,27857.823207074238
lgbm,2023-11-01,1713.0,21184.236073128228
lgbm,2023-12-01,5098.0,26446.364932582623
lgbm,2024-01-01,40617.0,34523.419217067756
lgbm,2024-02-01,103462.0,29682.3588594978
lgbm,2024-03-01,122453.0,27704.52911953726
lgbm,2023-05-01,10627.0,8394.80581241028
lgbm,2023-06-01,3721.0,6935.5197742416985
lgbm,2023-07-01,1927.0,17206.554639990067
lgbm,2023-08-01,1281.0,27261.551157780177
lgbm,2023-09-01,1362.0,29711.681522001778
lgbm,2023-10-01,1943.0,28228.636261160653
lgbm,2023-11-01,1713.0,21308.179942261708
lgbm,2023-12-01,5098.0,26520.47445391703
lgbm,2024-01-01,40617.0,33292.68324945817
lgbm,2024-02-01,103462.0,30640.0012811576
lgbm,2024-03-01,122453.0,27329.46306162462
lgbm,2024-04-01,43885.0,22139.33895689061
lgbm,2023-06-01,3721.0,5883.850030662291
lgbm,2023-07-01,1927.0,15362.986541157621
lgbm,2023-08-01,1281.0,27391.592250220914
lgbm,2023-09-01,1362.0,28810.408185297878
lgbm,2023-10-01,1943.0,27846.944144063596
lgbm,2023-11-01,1713.0,21155.94484053642
lgbm,2023-12-01,5098.0,26486.58385460138
lgbm,2024-01-01,40617.0,34279.82938231768
lgbm,2024-02-01,103462.0,29575.648344055655
lgbm,2024-03-01,122453.0,28776.446821993937
lgbm,2024-04-01,43885.0,22468.56255560889
lgbm,2024-05-01,14182.0,24211.03889069351
lgbm,2023-07-01,1927.0,4830.597523463867
lgbm,2023-08-01,1281.0,27033.941641179208
lgbm,2023-09-01,1362.0,28946.79407970967
lgbm,2023-10-01,1943.0,26913.243066239123
lgbm,2023-11-01,1713.0,20327.916998123146
lgbm,2023-12-01,5098.0,26561.333364150498
lgbm,2024-01-01,40617.0,32865.25275356333
lgbm,2024-02-01,103462.0,29971.610471254735
lgbm,2024-03-01,122453.0,25334.096763655907
lgbm,2024-04-01,43885.0,21009.669348229087
lgbm,2024-05-01,14182.0,23057.557564526247
lgbm,2024-06-01,4909.0,22490.218057895174
lgbm,2023-08-01,1281.0,9189.014167948946
lgbm,2023-09-01,1362.0,29103.51769055902
lgbm,2023-10-01,1943.0,27086.88468374215
lgbm,2023-11-01,1713.0,21159.193854309742
lgbm,2023-12-01,5098.0,25532.5647835935
lgbm,2024-01-01,40617.0,30792.46186188198
lgbm,2024-02-01,103462.0,27969.13538630368
lgbm,2024-03-01,122453.0,21154.854278747185
lgbm,2024-04-01,43885.0,18535.370783194758
lgbm,2024-05-01,14182.0,18616.55907457063
lgbm,2024-06-01,4909.0,18863.190786493033
lgbm,2024-07-01,1074.0,17355.491870886057
lgbm,2023-09-01,1362.0,8915.869152561507
lgbm,2023-10-01,1943.0,23259.90694117457
lgbm,2023-11-01,1713.0,22801.3702571457
lgbm,2023-12-01,5098.0,28271.25956353406
lgbm,2024-01-01,40617.0,33612.15206327381
lgbm,2024-02-01,103462.0,29952.3177765015
lgbm,2024-03-01,122453.0,24339.484891740984
lgbm,2024-04-01,43885.0,18185.357945568278
lgbm,2024-05-01,14182.0,19247.852977147486
lgbm,2024-06-01,4909.0,20402.931053193766
lgbm,2024-07-01,1074.0,20167.542526005396
lgbm,2024-08-01,984.0,22748.98106433703
lgbm,2023-10-01,1943.0,1825.8324407156167
lgbm,2023-11-01,1713.0,694.3903350912676
lgbm,2023-12-01,5098.0,2881.556484308171
lgbm,2024-01-01,40617.0,12085.562953358027
lgbm,2024-02-01,103462.0,32280.439913667127
lgbm,2024-03-01,122453.0,30151.657394911115
lgbm,2024-04-01,43885.0,25385.319890862276
lgbm,2024-05-01,14182.0,22356.281820988977
lgbm,2024-06-01,4909.0,22292.446664016872
lgbm,2024-07-01,1074.0,19729.992746972333
lgbm,2024-08-01,984.0,25176.80566530924
lgbm,2024-09-01,1519.0,22321.653704202166
lgbm,2023-11-01,1713.0,2165.973193596461
lgbm,2023-12-01,5098.0,12009.660684833827
lgbm,2024-01-01,40617.0,36620.05317278326
lgbm,2024-02-01,103462.0,31778.01715814926
lgbm,2024-03-01,122453.0,28272.29684459278
lgbm,2024-04-01,43885.0,19875.548889807607
lgbm,2024-05-01,14182.0,19425.381574169878
lgbm,2024-06-01,4909.0,17676.911806341486
lgbm,2024-07-01,1074.0,16497.30773201668
lgbm,2024-08-01,984.0,20029.381864606574
lgbm,2024-09-01,1519.0,18318.332827279315
lgbm,2024-10-01,1426.0,23798.34563111927
lgbm,2023-12-01,5098.0,6182.296188477407
lgbm,2024-01-01,40617.0,31422.99656072116
lgbm,2024-02-01,103462.0,29400.89755133925
lgbm,2024-03-01,122453.0,26155.19686447729
lgbm,2024-04-01,43885.0,22168.575346321333
lgbm,2024-05-01,14182.0,20490.14783155071
lgbm,2024-06-01,4909.0,18013.93806639357
lgbm,2024-07-01,1074.0,16909.968504006254
lgbm,2024-08-01,984.0,21526.697411153338
lgbm,2024-09-01,1519.0,22211.819368106757
lgbm,2024-10-01,1426.0,24872.36431076308
lgbm,2024-11-01,2473.0,26493.931941066377
lgbm,2024-01-01,40617.0,31186.00642947057
lgbm,2024-02-01,103462.0,31683.870561388674
lgbm,2024-03-01,122453.0,30743.242802868594
lgbm,2024-04-01,43885.0,23307.042141310605
lgbm,2024-05-01,14182.0,21383.356227943445
lgbm,2024-06-01,4909.0,19953.60436643922
lgbm,2024-07-01,1074.0,18155.945995838218
lgbm,2024-08-01,984.0,22982.171068835614
lgbm,2024-09-01,1519.0,24390.401743912185
lgbm,2024-10-01,1426.0,23455.409096820364
lgbm,2024-11-01,2473.0,27886.544277379544
lgbm,2024-12-01,2499.0,24763.375750465268
xgboost,2014-01-01,1415.0,610.4483032226562
xgboost,2014-02-01,1920.0,732.2822265625
xgboost,2014-03-01,2818.0,720.3629760742188
xgboost,2014-04-01,2106.0,645.8413696289062
xgboost,2014-05-01,1315.0,720.4583129882812
xgboost,2014-06-01,993.0,514.3103637695312
xgboost,2014-07-01,375.0,341.9452209472656
xgboost,2014-08-01,376.0,185.70584106445312
xgboost,2014-09-01,417.0,175.1217041015625
xgboost,2014-10-01,476.0,185.7568359375
xgboost,2014-11-01,679.0,334.88116455078125
xgboost,2014-12-01,350.0,458.4282531738281
xgboost,2014-02-01,1920.0,1440.30859375
xgboost,2014-03-01,2818.0,1405.3616943359375
xgboost,2014-04-01,2106.0,1377.0970458984375
xgboost,2014-05-01,1315.0,958.8792114257812
xgboost,2014-06-01,993.0,816.0413208007812
xgboost,2014-07-01,375.0,546.4995727539062
xgboost,2014-08-01,376.0,292.55413818359375
xgboost,2014-09-01,417.0,365.046142578125
xgboost,2014-10-01,476.0,539.5097045898438
xgboost,2014-11-01,679.0,669.2271118164062
xgboost,2014-12-01,350.0,852.6768188476562
xgboost,2015-01-01,592.0,1121.89208984375
xgboost,2014-03-01,2818.0,1924.27783203125
xgboost,2014-04-01,2106.0,1922.0662841796875
xgboost,2014-05-01,1315.0,1522.0411376953125
xgboost,2014-06-01,993.0,1205.9954833984375
xgboost,2014-07-01,375.0,658.5546264648438
xgboost,2014-08-01,376.0,296.4706726074219
xgboost,2014-09-01,417.0,238.27398681640625
xgboost,2014-10-01,476.0,238.8270263671875
xgboost,2014-11-01,679.0,569.6620483398438
xgboost,2014-12-01,350.0,732.6734619140625
xgboost,2015-01-01,592.0,1233.3428955078125
xgboost,2015-02-01,801.0,1212.322021484375
xgboost,2014-04-01,2106.0,2741.133544921875
xgboost,2014-05-01,1315.0,2606.81103515625
xgboost,2014-06-01,993.0,2354.826416015625
xgboost,2014-07-01,375.0,1724.525390625
xgboost,2014-08-01,376.0,1010.2462158203125
xgboost,2014-09-01,417.0,271.48394775390625
xgboost,2014-10-01,476.0,250.76734924316406
xgboost,2014-11-01,679.0,475.3951721191406
xgboost,2014-12-01,350.0,552.1419677734375
xgboost,2015-01-01,592.0,586.6163330078125
xgboost,2015-02-01,801.0,1169.8583984375
xgboost,2015-03-01,3920.0,1325.123046875
xgboost,2014-05-01,1315.0,1927.5078125
xgboost,2014-06-01,993.0,1689.208740234375
xgboost,2014-07-01,375.0,1177.7384033203125
xgboost,2014-08-01,376.0,983.4469604492188
xgboost,2014-09-01,417.0,317.2141418457031
xgboost,2014-10-01,476.0,215.5869598388672
xgboost,2014-11-01,679.0,387.8045654296875
xgboost,2014-12-01,350.0,476.6997985839844
xgboost,2015-01-01,592.0,608.96435546875
xgboost,2015-02-01,801.0,795.0572509765625
xgboost,2015-03-01,3920.0,1075.1624755859375
xgboost,2015-04-01,8918.0,5483.61376953125
xgboost,2014-06-01,993.0,988.509521484375
xgboost,2014-07-01,375.0,965.8378295898438
xgboost,2014-08-01,376.0,982.0894775390625
xgboost,2014-09-01,417.0,316.28485107421875
xgboost,2014-10-01,476.0,189.91761779785156
xgboost,2014-11-01,679.0,526.5054321289062
xgboost,2014-12-01,350.0,705.4197387695312
xgboost,2015-01-01,592.0,831.8571166992188
xgboost,2015-02-01,801.0,807.560546875
xgboost,2015-03-01,3920.0,1244.8177490234375
xgboost,2015-04-01,8918.0,12584.52734375
xgboost,2015-05-01,10646.0,28924.662109375
xgboost,2014-07-01,375.0,874.6853637695312
xgboost,2014-08-01,376.0,861.6690673828125
xgboost,2014-09-01,417.0,724.2764282226562
xgboost,2014-10-01,476.0,719.499267578125
xgboost,2014-11-01,679.0,1022.0725708007812
xgboost,2014-12-01,350.0,918.8961791992188
xgboost,2015-01-01,592.0,1014.8637084960938
xgboost,2015-02-01,801.0,809.2333984375
xgboost,2015-03-01,3920.0,729.97216796875
xgboost,2015-04-01,8918.0,1122.7452392578125
xgboost,2015-05-01,10646.0,1304.0533447265625
xgboost,2015-06-01,3014.0,743.05859375
xgboost,2014-08-01,376.0,302.77410888671875
xgboost,2014-09-01,417.0,218.50271606445312
xgboost,2014-10-01,476.0,189.43678283691406
xgboost,2014-11-01,679.0,367.5031433105469
xgboost,2014-12-01,350.0,580.3272705078125
xgboost,2015-01-01,592.0,1278.046630859375
xgboost,2015-02-01,801.0,1226.7366943359375
xgboost,2015-03-01,3920.0,5203.86474609375
xgboost,2015-04-01,8918.0,12501.7421875
xgboost,2015-05-01,10646.0,29004.896484375
xgboost,2015-06-01,3014.0,37059.33203125
xgboost,2015-07-01,882.0,37047.9375
xgboost,2014-09-01,417.0,399.57403564453125
xgboost,2014-10-01,476.0,397.9831237792969
xgboost,2014-11-01,679.0,674.9188842773438
xgboost,2014-12-01,350.0,673.66162109375
xgboost,2015-01-01,592.0,773.0829467773438
xgboost,2015-02-01,801.0,742.7993774414062
xgboost,2015-03-01,3920.0,803.8336791992188
xgboost,2015-04-01,8918.0,671.6908569335938
xgboost,2015-05-01,10646.0,672.9878540039062
xgboost,2015-06-01,3014.0,380.4674987792969
xgboost,2015-07-01,882.0,373.19024658203125
xgboost,2015-08-01,614.0,342.78924560546875
xgboost,2014-10-01,476.0,410.4327087402344
xgboost,2014-11-01,679.0,656.7387084960938
xgboost,2014-12-01,350.0,654.6714477539062
xgboost,2015-01-01,592.0,751.0154418945312
xgboost,2015-02-01,801.0,741.5394287109375
xgboost,2015-03-01,3920.0,809.5390625
xgboost,2015-04-01,8918.0,661.220458984375
xgboost,2015-05-01,10646.0,659.3670043945312
xgboost,2015-06-01,3014.0,370.45074462890625
xgboost,2015-07-01,882.0,370.3827209472656
xgboost,2015-08-01,614.0,355.2264404296875
xgboost,2015-09-01,466.0,394.9199523925781
xgboost,2014-11-01,679.0,672.0665283203125
xgboost,2014-12-01,350.0,675.9880981445312
xgboost,2015-01-01,592.0,672.1375732421875
xgboost,2015-02-01,801.0,670.231201171875
xgboost,2015-03-01,3920.0,804.9404907226562
xgboost,2015-04-01,8918.0,655.0460815429688
xgboost,2015-05-01,10646.0,643.961669921875
xgboost,2015-06-01,3014.0,367.53253173828125
xgboost,2015-07-01,882.0,336.14544677734375
xgboost,2015-08-01,614.0,230.16441345214844
xgboost,2015-09-01,466.0,305.4632568359375
xgboost,2015-10-01,433.0,551.0581665039062
xgboost,2014-12-01,350.0,673.7037963867188
xgboost,2015-01-01,592.0,657.3735961914062
xgboost,2015-02-01,801.0,659.1246948242188
xgboost,2015-03-01,3920.0,786.2738647460938
xgboost,2015-04-01,8918.0,577.6596069335938
xgboost,2015-05-01,10646.0,626.758544921875
xgboost,2015-06-01,3014.0,407.4211730957031
xgboost,2015-07-01,882.0,361.2303466796875
xgboost,2015-08-01,614.0,383.1030578613281
xgboost,2015-09-01,466.0,411.8653259277344
xgboost,2015-10-01,433.0,572.2611694335938
xgboost,2015-11-01,1256.0,634.756591796875
xgboost,2015-01-01,592.0,508.1731872558594
xgboost,2015-02-01,801.0,730.58544921875
xgboost,2015-03-01,3920.0,831.3851318359375
xgboost,2015-04-01,8918.0,554.2864379882812
xgboost,2015-05-01,10646.0,588.4917602539062
xgboost,2015-06-01,3014.0,466.5447692871094
xgboost,2015-07-01,882.0,483.3926086425781
xgboost,2015-08-01,614.0,375.9057922363281
xgboost,2015-09-01,466.0,341.00347900390625
xgboost,2015-10-01,433.0,320.4683532714844
xgboost,2015-11-01,1256.0,277.6966552734375
xgboost,2015-12-01,3029.0,308.859130859375
xgboost,2015-02-01,801.0,775.6592407226562
xgboost,2015-03-01,3920.0,826.5220336914062
xgboost,2015-04-01,8918.0,572.6110229492188
xgboost,2015-05-01,10646.0,565.046875
xgboost,2015-06-01,3014.0,450.23291015625
xgboost,2015-07-01,882.0,466.8683776855469
xgboost,2015-08-01,614.0,364.9806823730469
xgboost,2015-09-01,466.0,343.6261291503906
xgboost,2015-10-01,433.0,357.8046875
xgboost,2015-11-01,1256.0,394.3764343261719
xgboost,2015-12-01,3029.0,379.6922302246094
xgboost,2016-01-01,22677.0,600.8043823242188
xgboost,2015-03-01,3920.0,884.107421875
xgboost,2015-04-01,8918.0,565.9017333984375
xgboost,2015-05-01,10646.0,586.3850708007812
xgboost,2015-06-01,3014.0,413.1482238769531
xgboost,2015-07-01,882.0,435.7547302246094
xgboost,2015-08-01,614.0,363.13677978515625
xgboost,2015-09-01,466.0,340.156005859375
xgboost,2015-10-01,433.0,324.4075622558594
xgboost,2015-11-01,1256.0,295.9997863769531
xgboost,2015-12-01,3029.0,289.8309020996094
xgboost,2016-01-01,22677.0,551.4998168945312
xgboost,2016-02-01,52456.0,703.4142456054688
xgboost,2015-04-01,8918.0,612.8367919921875
xgboost,2015-05-01,10646.0,645.7614135742188
xgboost,2015-06-01,3014.0,369.677734375
xgboost,2015-07-01,882.0,380.95977783203125
xgboost,2015-08-01,614.0,352.25152587890625
xgboost,2015-09-01,466.0,332.4049072265625
xgboost,2015-10-01,433.0,410.3429870605469
xgboost,2015-11-01,1256.0,375.0621032714844
xgboost,2015-12-01,3029.0,405.1070556640625
xgboost,2016-01-01,22677.0,588.043701171875
xgboost,2016-02-01,52456.0,827.407958984375
xgboost,2016-03-01,54111.0,758.0361328125
xgboost,2015-05-01,10646.0,3718.21630859375
xgboost,2015-06-01,3014.0,822.1124877929688
xgboost,2015-07-01,882.0,496.1084899902344
xgboost,2015-08-01,614.0,418.7581787109375
xgboost,2015-09-01,466.0,350.0475158691406
xgboost,2015-10-01,433.0,436.21221923828125
xgboost,2015-11-01,1256.0,410.3116149902344
xgboost,2015-12-01,3029.0,433.046142578125
xgboost,2016-01-01,22677.0,454.1513366699219
xgboost,2016-02-01,52456.0,654.9521484375
xgboost,2016-03-01,54111.0,675.4086303710938
xgboost,2016-04-01,42332.0,758.0167236328125
xgboost,2015-06-01,3014.0,3284.926025390625
xgboost,2015-07-01,882.0,623.1336059570312
xgboost,2015-08-01,614.0,220.8419647216797
xgboost,2015-09-01,466.0,265.9005126953125
xgboost,2015-10-01,433.0,515.40966796875
xgboost,2015-11-01,1256.0,428.6241760253906
xgboost,2015-12-01,3029.0,432.9820556640625
xgboost,2016-01-01,22677.0,1074.26025390625
xgboost,2016-02-01,52456.0,4774.60302734375
xgboost,2016-03-01,54111.0,9157.9697265625
xgboost,2016-04-01,42332.0,4568.20166015625
xgboost,2016-05-01,15246.0,4896.7392578125
xgboost,2015-07-01,882.0,668.6195678710938
xgboost,2015-08-01,614.0,309.90411376953125
xgboost,2015-09-01,466.0,291.06024169921875
xgboost,2015-10-01,433.0,457.02984619140625
xgboost,2015-11-01,1256.0,393.40447998046875
xgboost,2015-12-01,3029.0,467.2740478515625
xgboost,2016-01-01,22677.0,1141.8095703125
xgboost,2016-02-01,52456.0,730.12353515625
xgboost,2016-03-01,54111.0,949.8731079101562
xgboost,2016-04-01,42332.0,779.6296997070312
xgboost,2016-05-01,15246.0,494.1659240722656
xgboost,2016-06-01,1738.0,499.5629577636719
xgboost,2015-08-01,614.0,209.7528076171875
xgboost,2015-09-01,466.0,204.13063049316406
xgboost,2015-10-01,433.0,518.6556396484375
xgboost,2015-11-01,1256.0,381.3887023925781
xgboost,2015-12-01,3029.0,439.0271911621094
xgboost,2016-01-01,22677.0,1029.113037109375
xgboost,2016-02-01,52456.0,7858.19921875
xgboost,2016-03-01,54111.0,35002.76953125
xgboost,2016-04-01,42332.0,63232.98828125
xgboost,2016-05-01,15246.0,37389.78125
xgboost,2016-06-01,1738.0,7773.79248046875
xgboost,2016-07-01,697.0,5753.59033203125
xgboost,2015-09-01,466.0,322.1663818359375
xgboost,2015-10-01,433.0,474.9195251464844
xgboost,2015-11-01,1256.0,399.0121154785156
xgboost,2015-12-01,3029.0,463.6502685546875
xgboost,2016-01-01,22677.0,639.6824340820312
xgboost,2016-02-01,52456.0,897.2764892578125
xgboost,2016-03-01,54111.0,943.617919921875
xgboost,2016-04-01,42332.0,735.7147216796875
xgboost,2016-05-01,15246.0,694.5753173828125
xgboost,2016-06-01,1738.0,519.7703857421875
xgboost,2016-07-01,697.0,1448.0604248046875
xgboost,2016-08-01,424.0,362.9349365234375
xgboost,2015-10-01,433.0,495.9645690917969
xgboost,2015-11-01,1256.0,372.4216613769531
xgboost,2015-12-01,3029.0,443.1917419433594
xgboost,2016-01-01,22677.0,620.5020751953125
xgboost,2016-02-01,52456.0,775.180419921875
xgboost,2016-03-01,54111.0,905.961669921875
xgboost,2016-04-01,42332.0,735.6259765625
xgboost,2016-05-01,15246.0,593.8544311523438
xgboost,2016-06-01,1738.0,628.8805541992188
xgboost,2016-07-01,697.0,1486.445556640625
xgboost,2016-08-01,424.0,413.328125
xgboost,2016-09-01,425.0,480.05584716796875
xgboost,2015-11-01,1256.0,434.1580505371094
xgboost,2015-12-01,3029.0,431.91107177734375
xgboost,2016-01-01,22677.0,609.111572265625
xgboost,2016-02-01,52456.0,801.02490234375
xgboost,2016-03-01,54111.0,911.6206665039062
xgboost,2016-04-01,42332.0,880.59326171875
xgboost,2016-05-01,15246.0,615.9600219726562
xgboost,2016-06-01,1738.0,575.0546264648438
xgboost,2016-07-01,697.0,1332.8736572265625
xgboost,2016-08-01,424.0,395.0177917480469
xgboost,2016-09-01,425.0,424.0762023925781
xgboost,2016-10-01,807.0,445.1951904296875
xgboost,2015-12-01,3029.0,860.334716796875
xgboost,2016-01-01,22677.0,906.2315063476562
xgboost,2016-02-01,52456.0,851.4645385742188
xgboost,2016-03-01,54111.0,1019.4392700195312
xgboost,2016-04-01,42332.0,765.174072265625
xgboost,2016-05-01,15246.0,700.3756103515625
xgboost,2016-06-01,1738.0,467.4258117675781
xgboost,2016-07-01,697.0,1336.5908203125
xgboost,2016-08-01,424.0,461.04144287109375
xgboost,2016-09-01,425.0,533.2938842773438
xgboost,2016-10-01,807.0,534.14453125
xgboost,2016-11-01,932.0,559.04052734375
xgboost,2016-01-01,22677.0,5793.3046875
xgboost,2016-02-01,52456.0,6188.97265625
xgboost,2016-03-01,54111.0,6102.69287109375
xgboost,2016-04-01,42332.0,5780.79736328125
xgboost,2016-05-01,15246.0,5922.19482421875
xgboost,2016-06-01,1738.0,5912.93115234375
xgboost,2016-07-01,697.0,5815.89208984375
xgboost,2016-08-01,424.0,5774.54443359375
xgboost,2016-09-01,425.0,5781.8798828125
xgboost,2016-10-01,807.0,5798.61669921875
xgboost,2016-11-01,932.0,5852.19921875
xgboost,2016-12-01,1822.0,5827.13720703125
xgboost,2016-02-01,52456.0,43539.265625
xgboost,2016-03-01,54111.0,39862.55859375
xgboost,2016-04-01,42332.0,13537.7236328125
xgboost,2016-05-01,15246.0,43173.91015625
xgboost,2016-06-01,1738.0,39143.0234375
xgboost,2016-07-01,697.0,39138.265625
xgboost,2016-08-01,424.0,37204.58203125
xgboost,2016-09-01,425.0,37381.8828125
xgboost,2016-10-01,807.0,37381.34375
xgboost,2016-11-01,932.0,37395.56640625
xgboost,2016-12-01,1822.0,39331.94921875
xgboost,2017-01-01,2847.0,43362.80859375
xgboost,2016-03-01,54111.0,41478.9921875
xgboost,2016-04-01,42332.0,20623.15234375
xgboost,2016-05-01,15246.0,51339.38671875
xgboost,2016-06-01,1738.0,42188.796875
xgboost,2016-07-01,697.0,18873.638671875
xgboost,2016-08-01,424.0,49231.62109375
xgboost,2016-09-01,425.0,41795.56640625
xgboost,2016-10-01,807.0,18498.78125
xgboost,2016-11-01,932.0,49618.29296875
xgboost,2016-12-01,1822.0,42613.23828125
xgboost,2017-01-01,2847.0,21851.20703125
xgboost,2017-02-01,1758.0,52868.35546875
xgboost,2016-04-01,42332.0,24290.291015625
xgboost,2016-05-01,15246.0,24299.7109375
xgboost,2016-06-01,1738.0,52149.5703125
xgboost,2016-07-01,697.0,52149.28125
xgboost,2016-08-01,424.0,21740.859375
xgboost,2016-09-01,425.0,20423.8203125
xgboost,2016-10-01,807.0,50290.046875
xgboost,2016-11-01,932.0,50290.046875
xgboost,2016-12-01,1822.0,24821.1171875
xgboost,2017-01-01,2847.0,24821.1171875
xgboost,2017-02-01,1758.0,54031.94921875
xgboost,2017-03-01,1531.0,52493.65234375
xgboost,2016-05-01,15246.0,51357.98046875
xgboost,2016-06-01,1738.0,43420.10546875
xgboost,2016-07-01,697.0,43450.02734375
xgboost,2016-08-01,424.0,42217.75
xgboost,2016-09-01,425.0,42439.4140625
xgboost,2016-10-01,807.0,42460.453125
xgboost,2016-11-01,932.0,42460.37109375
xgboost,2016-12-01,1822.0,46726.53515625
xgboost,2017-01-01,2847.0,46752.88671875
xgboost,2017-02-01,1758.0,51583.23828125
xgboost,2017-03-01,1531.0,51081.76171875
xgboost,2017-04-01,1225.0,42406.37890625
xgboost,2016-06-01,1738.0,50514.9609375
xgboost,2016-07-01,697.0,44832.80078125
xgboost,2016-08-01,424.0,44097.9296875
xgboost,2016-09-01,425.0,44546.24609375
xgboost,2016-10-01,807.0,44549.55859375
xgboost,2016-11-01,932.0,44370.8125
xgboost,2016-12-01,1822.0,47615.203125
xgboost,2017-01-01,2847.0,47618.50390625
xgboost,2017-02-01,1758.0,45911.50390625
xgboost,2017-03-01,1531.0,50999.08203125
xgboost,2017-04-01,1225.0,50297.07421875
xgboost,2017-05-01,664.0,44607.515625
xgboost,2016-07-01,697.0,988.7476806640625
xgboost,2016-08-01,424.0,651.6454467773438
xgboost,2016-09-01,425.0,923.6141357421875
xgboost,2016-10-01,807.0,2137.59033203125
xgboost,2016-11-01,932.0,3051.432373046875
xgboost,2016-12-01,1822.0,20675.3046875
xgboost,2017-01-01,2847.0,14454.193359375
xgboost,2017-02-01,1758.0,14265.2998046875
xgboost,2017-03-01,1531.0,14605.1064453125
xgboost,2017-04-01,1225.0,50582.9375
xgboost,2017-05-01,664.0,43488.3125
xgboost,2017-06-01,440.0,12564.708984375
xgboost,2016-08-01,424.0,826.4006958007812
xgboost,2016-09-01,425.0,1633.378173828125
xgboost,2016-10-01,807.0,2183.980224609375
xgboost,2016-11-01,932.0,2539.453857421875
xgboost,2016-12-01,1822.0,4044.459716796875
xgboost,2017-01-01,2847.0,11951.060546875
xgboost,2017-02-01,1758.0,11153.904296875
xgboost,2017-03-01,1531.0,10560.5703125
xgboost,2017-04-01,1225.0,9387.4150390625
xgboost,2017-05-01,664.0,10868.15234375
xgboost,2017-06-01,440.0,7930.46875
xgboost,2017-07-01,298.0,9329.0908203125
xgboost,2016-09-01,425.0,1197.6553955078125
xgboost,2016-10-01,807.0,3464.24267578125
xgboost,2016-11-01,932.0,20264.6640625
xgboost,2016-12-01,1822.0,3536.619140625
xgboost,2017-01-01,2847.0,20337.5625
xgboost,2017-02-01,1758.0,14558.3046875
xgboost,2017-03-01,1531.0,15050.9140625
xgboost,2017-04-01,1225.0,50462.7734375
xgboost,2017-05-01,664.0,44018.84765625
xgboost,2017-06-01,440.0,11036.2958984375
xgboost,2017-07-01,298.0,8005.09814453125
xgboost,2017-08-01,342.0,11354.9189453125
xgboost,2016-10-01,807.0,2137.14404296875
xgboost,2016-11-01,932.0,3151.613037109375
xgboost,2016-12-01,1822.0,20602.65625
xgboost,2017-01-01,2847.0,14289.19140625
xgboost,2017-02-01,1758.0,14223.72265625
xgboost,2017-03-01,1531.0,13571.5517578125
xgboost,2017-04-01,1225.0,51115.9609375
xgboost,2017-05-01,664.0,43691.2734375
xgboost,2017-06-01,440.0,10903.0361328125
xgboost,2017-07-01,298.0,7859.17724609375
xgboost,2017-08-01,342.0,9075.291015625
xgboost,2017-09-01,571.0,10565.4013671875
xgboost,2016-11-01,932.0,2244.52587890625
xgboost,2016-12-01,1822.0,2530.294921875
xgboost,2017-01-01,2847.0,2304.648193359375
xgboost,2017-02-01,1758.0,3454.29736328125
xgboost,2017-03-01,1531.0,12376.412109375
xgboost,2017-04-01,1225.0,9773.37890625
xgboost,2017-05-01,664.0,10903.400390625
xgboost,2017-06-01,440.0,7852.1201171875
xgboost,2017-07-01,298.0,9176.138671875
xgboost,2017-08-01,342.0,9353.6015625
xgboost,2017-09-01,571.0,9490.6689453125
xgboost,2017-10-01,966.0,9603.421875
xgboost,2016-12-01,1822.0,1208.212158203125
xgboost,2017-01-01,2847.0,1185.475830078125
xgboost,2017-02-01,1758.0,1563.7667236328125
xgboost,2017-03-01,1531.0,2462.16064453125
xgboost,2017-04-01,1225.0,2911.70263671875
xgboost,2017-05-01,664.0,2917.028076171875
xgboost,2017-06-01,440.0,791.6434936523438
xgboost,2017-07-01,298.0,404.72540283203125
xgboost,2017-08-01,342.0,423.6087951660156
xgboost,2017-09-01,571.0,509.7344055175781
xgboost,2017-10-01,966.0,705.2868041992188
xgboost,2017-11-01,746.0,1043.5728759765625
xgboost,2017-01-01,2847.0,1522.2508544921875
xgboost,2017-02-01,1758.0,2575.901611328125
xgboost,2017-03-01,1531.0,3371.709716796875
xgboost,2017-04-01,1225.0,20148.96484375
xgboost,2017-05-01,664.0,42144.78125
xgboost,2017-06-01,440.0,14095.32421875
xgboost,2017-07-01,298.0,2870.75341796875
xgboost,2017-08-01,342.0,739.5794067382812
xgboost,2017-09-01,571.0,557.7525634765625
xgboost,2017-10-01,966.0,708.0361938476562
xgboost,2017-11-01,746.0,989.69873046875
xgboost,2017-12-01,1109.0,1445.419921875
xgboost,2017-02-01,1758.0,4188.146484375
xgboost,2017-03-01,1531.0,9276.8369140625
xgboost,2017-04-01,1225.0,10637.0546875
xgboost,2017-05-01,664.0,9027.2041015625
xgboost,2017-06-01,440.0,9122.6162109375
xgboost,2017-07-01,298.0,9150.02734375
xgboost,2017-08-01,342.0,9159.5615234375
xgboost,2017-09-01,571.0,9184.166015625
xgboost,2017-10-01,966.0,9720.61328125
xgboost,2017-11-01,746.0,12801.1904296875
xgboost,2017-12-01,1109.0,15515.25390625
xgboost,2018-01-01,1267.0,14311.671875
xgboost,2017-03-01,1531.0,1842.56787109375
xgboost,2017-04-01,1225.0,1962.005126953125
xgboost,2017-05-01,664.0,1213.4100341796875
xgboost,2017-06-01,440.0,800.7406616210938
xgboost,2017-07-01,298.0,427.2172546386719
xgboost,2017-08-01,342.0,407.9861145019531
xgboost,2017-09-01,571.0,557.9447021484375
xgboost,2017-10-01,966.0,708.3928833007812
xgboost,2017-11-01,746.0,685.6680297851562
xgboost,2017-12-01,1109.0,765.3719482421875
xgboost,2018-01-01,1267.0,1051.41552734375
xgboost,2018-02-01,975.0,2990.456787109375
xgboost,2017-04-01,1225.0,1464.9630126953125
xgboost,2017-05-01,664.0,1119.88818359375
xgboost,2017-06-01,440.0,783.5851440429688
xgboost,2017-07-01,298.0,399.63433837890625
xgboost,2017-08-01,342.0,446.3193664550781
xgboost,2017-09-01,571.0,584.8828735351562
xgboost,2017-10-01,966.0,657.2495727539062
xgboost,2017-11-01,746.0,587.6065063476562
xgboost,2017-12-01,1109.0,661.439208984375
xgboost,2018-01-01,1267.0,1035.0838623046875
xgboost,2018-02-01,975.0,3220.966064453125
xgboost,2018-03-01,866.0,18961.41796875
xgboost,2017-05-01,664.0,1036.350830078125
xgboost,2017-06-01,440.0,615.3280639648438
xgboost,2017-07-01,298.0,413.9732971191406
xgboost,2017-08-01,342.0,423.12091064453125
xgboost,2017-09-01,571.0,708.0509643554688
xgboost,2017-10-01,966.0,648.677490234375
xgboost,2017-11-01,746.0,533.8663330078125
xgboost,2017-12-01,1109.0,1033.2734375
xgboost,2018-01-01,1267.0,1336.6427001953125
xgboost,2018-02-01,975.0,2695.145751953125
xgboost,2018-03-01,866.0,2546.1943359375
xgboost,2018-04-01,771.0,591.9317626953125
xgboost,2017-06-01,440.0,603.0313110351562
xgboost,2017-07-01,298.0,455.9845886230469
xgboost,2017-08-01,342.0,485.3653259277344
xgboost,2017-09-01,571.0,607.8843994140625
xgboost,2017-10-01,966.0,693.9859008789062
xgboost,2017-11-01,746.0,617.5347900390625
xgboost,2017-12-01,1109.0,981.480224609375
xgboost,2018-01-01,1267.0,967.5853881835938
xgboost,2018-02-01,975.0,3233.14697265625
xgboost,2018-03-01,866.0,18987.78125
xgboost,2018-04-01,771.0,49124.625
xgboost,2018-05-01,411.0,11797.736328125
xgboost,2017-07-01,298.0,409.0702209472656
xgboost,2017-08-01,342.0,441.3906555175781
xgboost,2017-09-01,571.0,517.9058837890625
xgboost,2017-10-01,966.0,570.82568359375
xgboost,2017-11-01,746.0,613.3839721679688
xgboost,2017-12-01,1109.0,828.545654296875
xgboost,2018-01-01,1267.0,660.866943359375
xgboost,2018-02-01,975.0,3205.39453125
xgboost,2018-03-01,866.0,17423.69921875
xgboost,2018-04-01,771.0,49521.734375
xgboost,2018-05-01,411.0,11393.4970703125
xgboost,2018-06-01,338.0,5486.1083984375
xgboost,2017-08-01,342.0,360.7400817871094
xgboost,2017-09-01,571.0,483.3762512207031
xgboost,2017-10-01,966.0,613.5906372070312
xgboost,2017-11-01,746.0,605.3240966796875
xgboost,2017-12-01,1109.0,1527.0379638671875
xgboost,2018-01-01,1267.0,1271.435791015625
xgboost,2018-02-01,975.0,3095.437744140625
xgboost,2018-03-01,866.0,18013.40625
xgboost,2018-04-01,771.0,49149.5625
xgboost,2018-05-01,411.0,11280.783203125
xgboost,2018-06-01,338.0,5728.9609375
xgboost,2018-07-01,355.0,10037.384765625
xgboost,2017-09-01,571.0,562.443359375
xgboost,2017-10-01,966.0,579.8224487304688
xgboost,2017-11-01,746.0,617.3607788085938
xgboost,2017-12-01,1109.0,1522.7841796875
xgboost,2018-01-01,1267.0,1172.722900390625
xgboost,2018-02-01,975.0,2737.418212890625
xgboost,2018-03-01,866.0,2968.388427734375
xgboost,2018-04-01,771.0,854.7025146484375
xgboost,2018-05-01,411.0,526.2529907226562
xgboost,2018-06-01,338.0,421.2658996582031
xgboost,2018-07-01,355.0,411.7475891113281
xgboost,2018-08-01,275.0,454.5192565917969
xgboost,2017-10-01,966.0,537.6130981445312
xgboost,2017-11-01,746.0,590.423095703125
xgboost,2017-12-01,1109.0,1554.817138671875
xgboost,2018-01-01,1267.0,1370.6031494140625
xgboost,2018-02-01,975.0,2984.336181640625
xgboost,2018-03-01,866.0,2981.893310546875
xgboost,2018-04-01,771.0,808.261474609375
xgboost,2018-05-01,411.0,496.2079772949219
xgboost,2018-06-01,338.0,379.8539733886719
xgboost,2018-07-01,355.0,282.81494140625
xgboost,2018-08-01,275.0,413.6138610839844
xgboost,2018-09-01,484.0,462.00567626953125
xgboost,2017-11-01,746.0,579.8037109375
xgboost,2017-12-01,1109.0,1445.2669677734375
xgboost,2018-01-01,1267.0,1203.174072265625
xgboost,2018-02-01,975.0,2718.37060546875
xgboost,2018-03-01,866.0,2994.81884765625
xgboost,2018-04-01,771.0,1045.3555908203125
xgboost,2018-05-01,411.0,504.8371276855469
xgboost,2018-06-01,338.0,436.3388671875
xgboost,2018-07-01,355.0,483.5942077636719
xgboost,2018-08-01,275.0,492.5971374511719
xgboost,2018-09-01,484.0,568.7203979492188
xgboost,2018-10-01,511.0,717.4202880859375
xgboost,2017-12-01,1109.0,1451.6658935546875
xgboost,2018-01-01,1267.0,1377.7039794921875
xgboost,2018-02-01,975.0,3162.4794921875
xgboost,2018-03-01,866.0,17532.439453125
xgboost,2018-04-01,771.0,49165.1171875
xgboost,2018-05-01,411.0,11253.6513671875
xgboost,2018-06-01,338.0,5802.46435546875
xgboost,2018-07-01,355.0,10563.3427734375
xgboost,2018-08-01,275.0,5885.33935546875
xgboost,2018-09-01,484.0,12987.30078125
xgboost,2018-10-01,511.0,19256.873046875
xgboost,2018-11-01,616.0,19412.75
xgboost,2018-01-01,1267.0,1279.87646484375
xgboost,2018-02-01,975.0,3046.364013671875
xgboost,2018-03-01,866.0,16868.810546875
xgboost,2018-04-01,771.0,49180.5390625
xgboost,2018-05-01,411.0,10712.7490234375
xgboost,2018-06-01,338.0,5885.109375
xgboost,2018-07-01,355.0,10446.865234375
xgboost,2018-08-01,275.0,5959.259765625
xgboost,2018-09-01,484.0,13324.88671875
xgboost,2018-10-01,511.0,19833.625
xgboost,2018-11-01,616.0,19859.638671875
xgboost,2018-12-01,1085.0,18566.318359375
xgboost,2018-02-01,975.0,3136.05029296875
xgboost,2018-03-01,866.0,19076.91796875
xgboost,2018-04-01,771.0,49361.6875
xgboost,2018-05-01,411.0,10827.61328125
xgboost,2018-06-01,338.0,4097.69091796875
xgboost,2018-07-01,355.0,10970.732421875
xgboost,2018-08-01,275.0,4271.60693359375
xgboost,2018-09-01,484.0,13643.794921875
xgboost,2018-10-01,511.0,19716.4765625
xgboost,2018-11-01,616.0,19762.064453125
xgboost,2018-12-01,1085.0,18914.798828125
xgboost,2019-01-01,1624.0,19017.73828125
xgboost,2018-03-01,866.0,845.6085815429688
xgboost,2018-04-01,771.0,851.9580078125
xgboost,2018-05-01,411.0,375.4947204589844
xgboost,2018-06-01,338.0,362.6130065917969
xgboost,2018-07-01,355.0,284.3733825683594
xgboost,2018-08-01,275.0,349.57568359375
xgboost,2018-09-01,484.0,395.3371887207031
xgboost,2018-10-01,511.0,682.6021118164062
xgboost,2018-11-01,616.0,556.6242065429688
xgboost,2018-12-01,1085.0,1759.757568359375
xgboost,2019-01-01,1624.0,930.6296997070312
xgboost,2019-02-01,3761.0,882.7920532226562
xgboost,2018-04-01,771.0,724.0621337890625
xgboost,2018-05-01,411.0,318.0860595703125
xgboost,2018-06-01,338.0,359.57568359375
xgboost,2018-07-01,355.0,343.57379150390625
xgboost,2018-08-01,275.0,449.33056640625
xgboost,2018-09-01,484.0,477.6011657714844
xgboost,2018-10-01,511.0,485.68780517578125
xgboost,2018-11-01,616.0,584.9992065429688
xgboost,2018-12-01,1085.0,1236.101318359375
xgboost,2019-01-01,1624.0,944.2615966796875
xgboost,2019-02-01,3761.0,1029.2337646484375
xgboost,2019-03-01,22227.0,728.8555908203125
xgboost,2018-05-01,411.0,502.681640625
xgboost,2018-06-01,338.0,373.1142578125
xgboost,2018-07-01,355.0,291.4587707519531
xgboost,2018-08-01,275.0,336.6786193847656
xgboost,2018-09-01,484.0,333.7210693359375
xgboost,2018-10-01,511.0,449.4344177246094
xgboost,2018-11-01,616.0,760.3626708984375
xgboost,2018-12-01,1085.0,1433.6256103515625
xgboost,2019-01-01,1624.0,825.4252319335938
xgboost,2019-02-01,3761.0,975.0081787109375
xgboost,2019-03-01,22227.0,697.0660400390625
xgboost,2019-04-01,50747.0,443.2783203125
xgboost,2018-06-01,338.0,367.3065185546875
xgboost,2018-07-01,355.0,348.1477966308594
xgboost,2018-08-01,275.0,398.0243225097656
xgboost,2018-09-01,484.0,473.7142028808594
xgboost,2018-10-01,511.0,503.1295471191406
xgboost,2018-11-01,616.0,626.9105224609375
xgboost,2018-12-01,1085.0,1077.08154296875
xgboost,2019-01-01,1624.0,847.8554077148438
xgboost,2019-02-01,3761.0,1185.3775634765625
xgboost,2019-03-01,22227.0,825.5526123046875
xgboost,2019-04-01,50747.0,590.3935546875
xgboost,2019-05-01,50832.0,357.338134765625
xgboost,2018-07-01,355.0,313.3072509765625
xgboost,2018-08-01,275.0,389.0342102050781
xgboost,2018-09-01,484.0,590.1698608398438
xgboost,2018-10-01,511.0,590.5639038085938
xgboost,2018-11-01,616.0,591.7357177734375
xgboost,2018-12-01,1085.0,768.147216796875
xgboost,2019-01-01,1624.0,793.906494140625
xgboost,2019-02-01,3761.0,632.2269287109375
xgboost,2019-03-01,22227.0,534.87451171875
xgboost,2019-04-01,50747.0,380.17572021484375
xgboost,2019-05-01,50832.0,340.2431335449219
xgboost,2019-06-01,16275.0,339.59783935546875
xgboost,2018-08-01,275.0,435.0584411621094
xgboost,2018-09-01,484.0,514.1934204101562
xgboost,2018-10-01,511.0,552.7100830078125
xgboost,2018-11-01,616.0,588.579345703125
xgboost,2018-12-01,1085.0,676.0850219726562
xgboost,2019-01-01,1624.0,714.111083984375
xgboost,2019-02-01,3761.0,929.4544067382812
xgboost,2019-03-01,22227.0,909.392822265625
xgboost,2019-04-01,50747.0,454.61865234375
xgboost,2019-05-01,50832.0,375.22357177734375
xgboost,2019-06-01,16275.0,466.0390930175781
xgboost,2019-07-01,1621.0,444.40106201171875
xgboost,2018-09-01,484.0,452.9584655761719
xgboost,2018-10-01,511.0,510.0157470703125
xgboost,2018-11-01,616.0,683.7687377929688
xgboost,2018-12-01,1085.0,619.0823364257812
xgboost,2019-01-01,1624.0,1058.995849609375
xgboost,2019-02-01,3761.0,911.7754516601562
xgboost,2019-03-01,22227.0,835.7877807617188
xgboost,2019-04-01,50747.0,463.5332336425781
xgboost,2019-05-01,50832.0,389.41070556640625
xgboost,2019-06-01,16275.0,344.54052734375
xgboost,2019-07-01,1621.0,327.052734375
xgboost,2019-08-01,636.0,298.0795593261719
xgboost,2018-10-01,511.0,542.8162231445312
xgboost,2018-11-01,616.0,550.6486206054688
xgboost,2018-12-01,1085.0,609.76318359375
xgboost,2019-01-01,1624.0,1139.6259765625
xgboost,2019-02-01,3761.0,845.33056640625
xgboost,2019-03-01,22227.0,755.6122436523438
xgboost,2019-04-01,50747.0,415.8224792480469
xgboost,2019-05-01,50832.0,354.1142578125
xgboost,2019-06-01,16275.0,392.3827209472656
xgboost,2019-07-01,1621.0,286.91839599609375
xgboost,2019-08-01,636.0,267.1262512207031
xgboost,2019-09-01,653.0,225.1565399169922
xgboost,2018-11-01,616.0,710.1151123046875
xgboost,2018-12-01,1085.0,639.6709594726562
xgboost,2019-01-01,1624.0,1201.124267578125
xgboost,2019-02-01,3761.0,826.4718627929688
xgboost,2019-03-01,22227.0,689.4588623046875
xgboost,2019-04-01,50747.0,374.41571044921875
xgboost,2019-05-01,50832.0,352.2366638183594
xgboost,2019-06-01,16275.0,329.88201904296875
xgboost,2019-07-01,1621.0,350.78558349609375
xgboost,2019-08-01,636.0,292.4934997558594
xgboost,2019-09-01,653.0,231.30734252929688
xgboost,2019-10-01,523.0,294.7683410644531
xgboost,2018-12-01,1085.0,712.7053833007812
xgboost,2019-01-01,1624.0,1225.7633056640625
xgboost,2019-02-01,3761.0,832.9591064453125
xgboost,2019-03-01,22227.0,867.3278198242188
xgboost,2019-04-01,50747.0,466.9435729980469
xgboost,2019-05-01,50832.0,372.31048583984375
xgboost,2019-06-01,16275.0,357.6724548339844
xgboost,2019-07-01,1621.0,351.7876281738281
xgboost,2019-08-01,636.0,312.8213806152344
xgboost,2019-09-01,653.0,241.01121520996094
xgboost,2019-10-01,523.0,320.80670166015625
xgboost,2019-11-01,557.0,539.4258422851562
xgboost,2019-01-01,1624.0,1054.1151123046875
xgboost,2019-02-01,3761.0,991.832275390625
xgboost,2019-03-01,22227.0,941.7319946289062
xgboost,2019-04-01,50747.0,453.8620300292969
xgboost,2019-05-01,50832.0,375.6290588378906
xgboost,2019-06-01,16275.0,353.4350280761719
xgboost,2019-07-01,1621.0,309.8153991699219
xgboost,2019-08-01,636.0,251.71868896484375
xgboost,2019-09-01,653.0,217.7390899658203
xgboost,2019-10-01,523.0,353.24273681640625
xgboost,2019-11-01,557.0,655.0108032226562
xgboost,2019-12-01,903.0,745.9590454101562
xgboost,2019-02-01,3761.0,721.4071655273438
xgboost,2019-03-01,22227.0,489.9472351074219
xgboost,2019-04-01,50747.0,382.9012451171875
xgboost,2019-05-01,50832.0,350.14373779296875
xgboost,2019-06-01,16275.0,343.64447021484375
xgboost,2019-07-01,1621.0,357.85528564453125
xgboost,2019-08-01,636.0,240.2142791748047
xgboost,2019-09-01,653.0,277.30902099609375
xgboost,2019-10-01,523.0,297.965087890625
xgboost,2019-11-01,557.0,425.40679931640625
xgboost,2019-12-01,903.0,605.4716186523438
xgboost,2020-01-01,1709.0,1111.419921875
xgboost,2019-03-01,22227.0,18582.80859375
xgboost,2019-04-01,50747.0,2794.499267578125
xgboost,2019-05-01,50832.0,510.8608093261719
xgboost,2019-06-01,16275.0,381.5997009277344
xgboost,2019-07-01,1621.0,328.6385803222656
xgboost,2019-08-01,636.0,306.3074951171875
xgboost,2019-09-01,653.0,404.8396301269531
xgboost,2019-10-01,523.0,564.8341674804688
xgboost,2019-11-01,557.0,577.8478393554688
xgboost,2019-12-01,903.0,903.4436645507812
xgboost,2020-01-01,1709.0,1549.0316162109375
xgboost,2020-02-01,2968.0,1849.2672119140625
xgboost,2019-04-01,50747.0,3860.469482421875
xgboost,2019-05-01,50832.0,20875.36328125
xgboost,2019-06-01,16275.0,2169.799072265625
xgboost,2019-07-01,1621.0,439.1291809082031
xgboost,2019-08-01,636.0,406.577392578125
xgboost,2019-09-01,653.0,462.4326171875
xgboost,2019-10-01,523.0,543.978271484375
xgboost,2019-11-01,557.0,606.3488159179688
xgboost,2019-12-01,903.0,904.2081909179688
xgboost,2020-01-01,1709.0,1810.39599609375
xgboost,2020-02-01,2968.0,1606.9068603515625
xgboost,2020-03-01,5135.0,1536.2220458984375
xgboost,2019-05-01,50832.0,44151.578125
xgboost,2019-06-01,16275.0,15765.00390625
xgboost,2019-07-01,1621.0,13012.978515625
xgboost,2019-08-01,636.0,47181.1640625
xgboost,2019-09-01,653.0,50804.8984375
xgboost,2019-10-01,523.0,43082.13671875
xgboost,2019-11-01,557.0,43084.4453125
xgboost,2019-12-01,903.0,41694.85546875
xgboost,2020-01-01,1709.0,41902.19140625
xgboost,2020-02-01,2968.0,50951.37109375
xgboost,2020-03-01,5135.0,50411.30078125
xgboost,2020-04-01,2617.0,34892.921875
xgboost,2019-06-01,16275.0,16555.923828125
xgboost,2019-07-01,1621.0,5458.8486328125
xgboost,2019-08-01,636.0,9230.5498046875
xgboost,2019-09-01,653.0,10217.634765625
xgboost,2019-10-01,523.0,10256.6728515625
xgboost,2019-11-01,557.0,10335.982421875
xgboost,2019-12-01,903.0,10321.43359375
xgboost,2020-01-01,1709.0,10161.0048828125
xgboost,2020-02-01,2968.0,10153.623046875
xgboost,2020-03-01,5135.0,10126.3466796875
xgboost,2020-04-01,2617.0,10048.1650390625
xgboost,2020-05-01,2116.0,10020.6259765625
xgboost,2019-07-01,1621.0,11783.671875
xgboost,2019-08-01,636.0,3392.216064453125
xgboost,2019-09-01,653.0,21575.517578125
xgboost,2019-10-01,523.0,51571.1015625
xgboost,2019-11-01,557.0,52895.2109375
xgboost,2019-12-01,903.0,43696.94921875
xgboost,2020-01-01,1709.0,42440.88671875
xgboost,2020-02-01,2968.0,41202.85546875
xgboost,2020-03-01,5135.0,39237.6015625
xgboost,2020-04-01,2617.0,46830.34765625
xgboost,2020-05-01,2116.0,25870.86328125
xgboost,2020-06-01,1795.0,15542.55859375
xgboost,2019-08-01,636.0,441.5463562011719
xgboost,2019-09-01,653.0,342.0653381347656
xgboost,2019-10-01,523.0,730.5352172851562
xgboost,2019-11-01,557.0,813.820556640625
xgboost,2019-12-01,903.0,1843.5513916015625
xgboost,2020-01-01,1709.0,1920.029541015625
xgboost,2020-02-01,2968.0,1429.1505126953125
xgboost,2020-03-01,5135.0,2342.2333984375
xgboost,2020-04-01,2617.0,1929.6632080078125
xgboost,2020-05-01,2116.0,983.4891967773438
xgboost,2020-06-01,1795.0,450.1306457519531
xgboost,2020-07-01,1101.0,316.1010437011719
xgboost,2019-09-01,653.0,460.6510925292969
xgboost,2019-10-01,523.0,711.7855224609375
xgboost,2019-11-01,557.0,605.6160278320312
xgboost,2019-12-01,903.0,1455.9605712890625
xgboost,2020-01-01,1709.0,1611.108154296875
xgboost,2020-02-01,2968.0,1631.096923828125
xgboost,2020-03-01,5135.0,2219.184814453125
xgboost,2020-04-01,2617.0,1859.1527099609375
xgboost,2020-05-01,2116.0,1034.201171875
xgboost,2020-06-01,1795.0,608.5308227539062
xgboost,2020-07-01,1101.0,419.0784912109375
xgboost,2020-08-01,815.0,329.790283203125
xgboost,2019-10-01,523.0,549.2238159179688
xgboost,2019-11-01,557.0,625.8618774414062
xgboost,2019-12-01,903.0,1220.8033447265625
xgboost,2020-01-01,1709.0,1678.610595703125
xgboost,2020-02-01,2968.0,1920.5125732421875
xgboost,2020-03-01,5135.0,2040.37353515625
xgboost,2020-04-01,2617.0,1908.680908203125
xgboost,2020-05-01,2116.0,1379.8048095703125
xgboost,2020-06-01,1795.0,797.1859130859375
xgboost,2020-07-01,1101.0,529.0023193359375
xgboost,2020-08-01,815.0,391.58343505859375
xgboost,2020-09-01,607.0,348.3194885253906
xgboost,2019-11-01,557.0,659.9421997070312
xgboost,2019-12-01,903.0,1365.4930419921875
xgboost,2020-01-01,1709.0,1708.402099609375
xgboost,2020-02-01,2968.0,1927.4193115234375
xgboost,2020-03-01,5135.0,2040.2332763671875
xgboost,2020-04-01,2617.0,1715.93115234375
xgboost,2020-05-01,2116.0,1319.53759765625
xgboost,2020-06-01,1795.0,741.3157958984375
xgboost,2020-07-01,1101.0,470.339111328125
xgboost,2020-08-01,815.0,373.24267578125
xgboost,2020-09-01,607.0,298.85003662109375
xgboost,2020-10-01,571.0,416.3626403808594
xgboost,2019-12-01,903.0,961.5768432617188
xgboost,2020-01-01,1709.0,1642.8822021484375
xgboost,2020-02-01,2968.0,1559.9205322265625
xgboost,2020-03-01,5135.0,1754.921875
xgboost,2020-04-01,2617.0,1725.8360595703125
xgboost,2020-05-01,2116.0,1227.9266357421875
xgboost,2020-06-01,1795.0,806.8134765625
xgboost,2020-07-01,1101.0,589.133544921875
xgboost,2020-08-01,815.0,362.09478759765625
xgboost,2020-09-01,607.0,327.8877258300781
xgboost,2020-10-01,571.0,481.2273864746094
xgboost,2020-11-01,1106.0,810.4427490234375
xgboost,2020-01-01,1709.0,1745.81201171875
xgboost,2020-02-01,2968.0,1703.5196533203125
xgboost,2020-03-01,5135.0,1866.3917236328125
xgboost,2020-04-01,2617.0,1857.589599609375
xgboost,2020-05-01,2116.0,1168.1458740234375
xgboost,2020-06-01,1795.0,688.6203002929688
xgboost,2020-07-01,1101.0,523.5162963867188
xgboost,2020-08-01,815.0,333.2538146972656
xgboost,2020-09-01,607.0,339.7080078125
xgboost,2020-10-01,571.0,413.9849548339844
xgboost,2020-11-01,1106.0,695.52685546875
xgboost,2020-12-01,765.0,635.2645263671875
xgboost,2020-02-01,2968.0,1749.2501220703125
xgboost,2020-03-01,5135.0,2086.143798828125
xgboost,2020-04-01,2617.0,1740.9437255859375
xgboost,2020-05-01,2116.0,1106.135986328125
xgboost,2020-06-01,1795.0,607.9129638671875
xgboost,2020-07-01,1101.0,382.6661071777344
xgboost,2020-08-01,815.0,396.838134765625
xgboost,2020-09-01,607.0,339.5439147949219
xgboost,2020-10-01,571.0,465.5801086425781
xgboost,2020-11-01,1106.0,881.2538452148438
xgboost,2020-12-01,765.0,892.4191284179688
xgboost,2021-01-01,1244.0,849.1222534179688
xgboost,2020-03-01,5135.0,2957.65185546875
xgboost,2020-04-01,2617.0,1620.644287109375
xgboost,2020-05-01,2116.0,958.1593627929688
xgboost,2020-06-01,1795.0,605.5401000976562
xgboost,2020-07-01,1101.0,466.6602478027344
xgboost,2020-08-01,815.0,353.7162170410156
xgboost,2020-09-01,607.0,292.080810546875
xgboost,2020-10-01,571.0,514.764404296875
xgboost,2020-11-01,1106.0,830.4411010742188
xgboost,2020-12-01,765.0,947.9556274414062
xgboost,2021-01-01,1244.0,939.7361450195312
xgboost,2021-02-01,1008.0,1053.9486083984375
xgboost,2020-04-01,2617.0,8641.1875
xgboost,2020-05-01,2116.0,8623.1572265625
xgboost,2020-06-01,1795.0,8697.6884765625
xgboost,2020-07-01,1101.0,8663.62890625
xgboost,2020-08-01,815.0,8731.4892578125
xgboost,2020-09-01,607.0,8794.4580078125
xgboost,2020-10-01,571.0,8943.4423828125
xgboost,2020-11-01,1106.0,9581.490234375
xgboost,2020-12-01,765.0,9508.203125
xgboost,2021-01-01,1244.0,9478.3779296875
xgboost,2021-02-01,1008.0,9448.625
xgboost,2021-03-01,1078.0,9366.7529296875
xgboost,2020-05-01,2116.0,1017.6124267578125
xgboost,2020-06-01,1795.0,625.5112915039062
xgboost,2020-07-01,1101.0,454.4837951660156
xgboost,2020-08-01,815.0,308.4793701171875
xgboost,2020-09-01,607.0,321.5700378417969
xgboost,2020-10-01,571.0,549.4717407226562
xgboost,2020-11-01,1106.0,974.4462280273438
xgboost,2020-12-01,765.0,1570.5869140625
xgboost,2021-01-01,1244.0,1001.8644409179688
xgboost,2021-02-01,1008.0,1639.3104248046875
xgboost,2021-03-01,1078.0,1066.7508544921875
xgboost,2021-04-01,747.0,938.1065063476562
xgboost,2020-06-01,1795.0,1096.4862060546875
xgboost,2020-07-01,1101.0,677.126220703125
xgboost,2020-08-01,815.0,334.43927001953125
xgboost,2020-09-01,607.0,301.8039855957031
xgboost,2020-10-01,571.0,628.076416015625
xgboost,2020-11-01,1106.0,1141.2108154296875
xgboost,2020-12-01,765.0,1828.7674560546875
xgboost,2021-01-01,1244.0,1923.3662109375
xgboost,2021-02-01,1008.0,2847.617919921875
xgboost,2021-03-01,1078.0,2134.312255859375
xgboost,2021-04-01,747.0,1792.7130126953125
xgboost,2021-05-01,738.0,910.9042358398438
xgboost,2020-07-01,1101.0,1164.672607421875
xgboost,2020-08-01,815.0,598.38232421875
xgboost,2020-09-01,607.0,393.5517883300781
xgboost,2020-10-01,571.0,435.2064208984375
xgboost,2020-11-01,1106.0,1056.5234375
xgboost,2020-12-01,765.0,1909.6239013671875
xgboost,2021-01-01,1244.0,1986.6102294921875
xgboost,2021-02-01,1008.0,2630.674560546875
xgboost,2021-03-01,1078.0,1965.5792236328125
xgboost,2021-04-01,747.0,1924.9739990234375
xgboost,2021-05-01,738.0,1995.7935791015625
xgboost,2021-06-01,405.0,2246.822021484375
xgboost,2020-08-01,815.0,597.0360107421875
xgboost,2020-09-01,607.0,325.0826416015625
xgboost,2020-10-01,571.0,495.47613525390625
xgboost,2020-11-01,1106.0,943.4168701171875
xgboost,2020-12-01,765.0,1201.5577392578125
xgboost,2021-01-01,1244.0,1028.0849609375
xgboost,2021-02-01,1008.0,1434.1505126953125
xgboost,2021-03-01,1078.0,919.0675048828125
xgboost,2021-04-01,747.0,866.365234375
xgboost,2021-05-01,738.0,798.1814575195312
xgboost,2021-06-01,405.0,780.4559936523438
xgboost,2021-07-01,299.0,724.6398315429688
xgboost,2020-09-01,607.0,532.0690307617188
xgboost,2020-10-01,571.0,493.0580139160156
xgboost,2020-11-01,1106.0,861.0355834960938
xgboost,2020-12-01,765.0,960.60546875
xgboost,2021-01-01,1244.0,938.4898681640625
xgboost,2021-02-01,1008.0,1536.6685791015625
xgboost,2021-03-01,1078.0,933.586669921875
xgboost,2021-04-01,747.0,815.4512939453125
xgboost,2021-05-01,738.0,732.876953125
xgboost,2021-06-01,405.0,525.6043090820312
xgboost,2021-07-01,299.0,542.2955322265625
xgboost,2021-08-01,414.0,301.7172546386719
xgboost,2020-10-01,571.0,561.2693481445312
xgboost,2020-11-01,1106.0,879.3130493164062
xgboost,2020-12-01,765.0,1188.1004638671875
xgboost,2021-01-01,1244.0,1073.1502685546875
xgboost,2021-02-01,1008.0,1469.1383056640625
xgboost,2021-03-01,1078.0,887.6593017578125
xgboost,2021-04-01,747.0,760.0863647460938
xgboost,2021-05-01,738.0,780.6182250976562
xgboost,2021-06-01,405.0,577.8489990234375
xgboost,2021-07-01,299.0,804.9332275390625
xgboost,2021-08-01,414.0,501.8054504394531
xgboost,2021-09-01,439.0,442.6967468261719
xgboost,2020-11-01,1106.0,894.5772094726562
xgboost,2020-12-01,765.0,1174.440185546875
xgboost,2021-01-01,1244.0,974.5287475585938
xgboost,2021-02-01,1008.0,1442.5440673828125
xgboost,2021-03-01,1078.0,874.1572265625
xgboost,2021-04-01,747.0,809.0068969726562
xgboost,2021-05-01,738.0,745.8314208984375
xgboost,2021-06-01,405.0,543.6362915039062
xgboost,2021-07-01,299.0,730.4011840820312
xgboost,2021-08-01,414.0,362.8599548339844
xgboost,2021-09-01,439.0,389.6431579589844
xgboost,2021-10-01,453.0,494.21551513671875
xgboost,2020-12-01,765.0,1524.879150390625
xgboost,2021-01-01,1244.0,1077.876953125
xgboost,2021-02-01,1008.0,1590.1278076171875
xgboost,2021-03-01,1078.0,868.7014770507812
xgboost,2021-04-01,747.0,752.5105590820312
xgboost,2021-05-01,738.0,729.3212280273438
xgboost,2021-06-01,405.0,635.8642578125
xgboost,2021-07-01,299.0,776.5909423828125
xgboost,2021-08-01,414.0,635.854736328125
xgboost,2021-09-01,439.0,483.007080078125
xgboost,2021-10-01,453.0,503.25640869140625
xgboost,2021-11-01,496.0,697.2936401367188
xgboost,2021-01-01,1244.0,753.244873046875
xgboost,2021-02-01,1008.0,1265.0677490234375
xgboost,2021-03-01,1078.0,956.2025146484375
xgboost,2021-04-01,747.0,1005.0294799804688
xgboost,2021-05-01,738.0,825.2271118164062
xgboost,2021-06-01,405.0,699.1096801757812
xgboost,2021-07-01,299.0,719.2600708007812
xgboost,2021-08-01,414.0,423.2165222167969
xgboost,2021-09-01,439.0,326.68511962890625
xgboost,2021-10-01,453.0,510.76220703125
xgboost,2021-11-01,496.0,718.2924194335938
xgboost,2021-12-01,347.0,733.4788818359375
xgboost,2021-02-01,1008.0,1709.1466064453125
xgboost,2021-03-01,1078.0,1236.881591796875
xgboost,2021-04-01,747.0,931.8746337890625
xgboost,2021-05-01,738.0,848.0673217773438
xgboost,2021-06-01,405.0,638.07763671875
xgboost,2021-07-01,299.0,761.698974609375
xgboost,2021-08-01,414.0,512.0302124023438
xgboost,2021-09-01,439.0,443.8103942871094
xgboost,2021-10-01,453.0,498.05755615234375
xgboost,2021-11-01,496.0,673.8926391601562
xgboost,2021-12-01,347.0,720.214599609375
xgboost,2022-01-01,1187.0,821.5166015625
xgboost,2021-03-01,1078.0,837.3154296875
xgboost,2021-04-01,747.0,860.830322265625
xgboost,2021-05-01,738.0,763.1902465820312
xgboost,2021-06-01,405.0,619.0149536132812
xgboost,2021-07-01,299.0,771.2955932617188
xgboost,2021-08-01,414.0,600.4052124023438
xgboost,2021-09-01,439.0,427.1588439941406
xgboost,2021-10-01,453.0,475.5980224609375
xgboost,2021-11-01,496.0,731.6267700195312
xgboost,2021-12-01,347.0,748.1828002929688
xgboost,2022-01-01,1187.0,1084.49658203125
xgboost,2022-02-01,843.0,933.4410400390625
xgboost,2021-04-01,747.0,975.53271484375
xgboost,2021-05-01,738.0,853.9495239257812
xgboost,2021-06-01,405.0,762.259765625
xgboost,2021-07-01,299.0,848.5682983398438
xgboost,2021-08-01,414.0,480.45989990234375
xgboost,2021-09-01,439.0,454.6402282714844
xgboost,2021-10-01,453.0,552.4791259765625
xgboost,2021-11-01,496.0,849.5903930664062
xgboost,2021-12-01,347.0,918.3003540039062
xgboost,2022-01-01,1187.0,1005.1141357421875
xgboost,2022-02-01,843.0,985.4033203125
xgboost,2022-03-01,1187.0,868.7137451171875
xgboost,2021-05-01,738.0,816.6809692382812
xgboost,2021-06-01,405.0,760.4727172851562
xgboost,2021-07-01,299.0,847.2615966796875
xgboost,2021-08-01,414.0,598.9642333984375
xgboost,2021-09-01,439.0,404.3605041503906
xgboost,2021-10-01,453.0,402.7106628417969
xgboost,2021-11-01,496.0,761.9085693359375
xgboost,2021-12-01,347.0,1019.0716552734375
xgboost,2022-01-01,1187.0,1063.0341796875
xgboost,2022-02-01,843.0,1209.0347900390625
xgboost,2022-03-01,1187.0,808.8673095703125
xgboost,2022-04-01,1585.0,785.7202758789062
xgboost,2021-06-01,405.0,696.657958984375
xgboost,2021-07-01,299.0,729.2887573242188
xgboost,2021-08-01,414.0,482.0928955078125
xgboost,2021-09-01,439.0,301.65020751953125
xgboost,2021-10-01,453.0,430.86883544921875
xgboost,2021-11-01,496.0,693.331787109375
xgboost,2021-12-01,347.0,711.1015014648438
xgboost,2022-01-01,1187.0,928.1163940429688
xgboost,2022-02-01,843.0,1489.051025390625
xgboost,2022-03-01,1187.0,1292.7010498046875
xgboost,2022-04-01,1585.0,1414.7655029296875
xgboost,2022-05-01,1939.0,693.8414306640625
xgboost,2021-07-01,299.0,573.1242065429688
xgboost,2021-08-01,414.0,502.7774963378906
xgboost,2021-09-01,439.0,405.45623779296875
xgboost,2021-10-01,453.0,514.4078979492188
xgboost,2021-11-01,496.0,744.4576416015625
xgboost,2021-12-01,347.0,752.3128051757812
xgboost,2022-01-01,1187.0,993.3280029296875
xgboost,2022-02-01,843.0,1251.7188720703125
xgboost,2022-03-01,1187.0,976.5187377929688
xgboost,2022-04-01,1585.0,784.112060546875
xgboost,2022-05-01,1939.0,682.8240966796875
xgboost,2022-06-01,949.0,337.04046630859375
xgboost,2021-08-01,414.0,280.8634033203125
xgboost,2021-09-01,439.0,343.4920349121094
xgboost,2021-10-01,453.0,520.0173950195312
xgboost,2021-11-01,496.0,744.5929565429688
xgboost,2021-12-01,347.0,938.0128784179688
xgboost,2022-01-01,1187.0,1219.096923828125
xgboost,2022-02-01,843.0,1850.8328857421875
xgboost,2022-03-01,1187.0,1877.873046875
xgboost,2022-04-01,1585.0,1648.239501953125
xgboost,2022-05-01,1939.0,803.568603515625
xgboost,2022-06-01,949.0,460.3848876953125
xgboost,2022-07-01,858.0,421.6939697265625
xgboost,2021-09-01,439.0,432.8759460449219
xgboost,2021-10-01,453.0,482.7521667480469
xgboost,2021-11-01,496.0,695.3556518554688
xgboost,2021-12-01,347.0,717.6004638671875
xgboost,2022-01-01,1187.0,937.2238159179688
xgboost,2022-02-01,843.0,1250.3291015625
xgboost,2022-03-01,1187.0,1303.966796875
xgboost,2022-04-01,1585.0,696.5035400390625
xgboost,2022-05-01,1939.0,553.2573852539062
xgboost,2022-06-01,949.0,404.52593994140625
xgboost,2022-07-01,858.0,407.83642578125
xgboost,2022-08-01,474.0,328.3863525390625
xgboost,2021-10-01,453.0,508.906005859375
xgboost,2021-11-01,496.0,865.6846923828125
xgboost,2021-12-01,347.0,986.0769653320312
xgboost,2022-01-01,1187.0,1078.506103515625
xgboost,2022-02-01,843.0,1026.6998291015625
xgboost,2022-03-01,1187.0,795.8635864257812
xgboost,2022-04-01,1585.0,574.5209350585938
xgboost,2022-05-01,1939.0,423.5738220214844
xgboost,2022-06-01,949.0,209.70960998535156
xgboost,2022-07-01,858.0,420.78546142578125
xgboost,2022-08-01,474.0,417.4746398925781
xgboost,2022-09-01,678.0,325.7450866699219
xgboost,2021-11-01,496.0,640.8453369140625
xgboost,2021-12-01,347.0,888.6638793945312
xgboost,2022-01-01,1187.0,1015.9910888671875
xgboost,2022-02-01,843.0,1194.3863525390625
xgboost,2022-03-01,1187.0,1149.8780517578125
xgboost,2022-04-01,1585.0,1187.52392578125
xgboost,2022-05-01,1939.0,567.2782592773438
xgboost,2022-06-01,949.0,413.27197265625
xgboost,2022-07-01,858.0,331.296875
xgboost,2022-08-01,474.0,213.62353515625
xgboost,2022-09-01,678.0,425.90716552734375
xgboost,2022-10-01,1042.0,297.43218994140625
xgboost,2021-12-01,347.0,720.5538940429688
xgboost,2022-01-01,1187.0,808.1253662109375
xgboost,2022-02-01,843.0,894.1510009765625
xgboost,2022-03-01,1187.0,845.6527099609375
xgboost,2022-04-01,1585.0,790.4574584960938
xgboost,2022-05-01,1939.0,636.2006225585938
xgboost,2022-06-01,949.0,456.951171875
xgboost,2022-07-01,858.0,427.16864013671875
xgboost,2022-08-01,474.0,401.58648681640625
xgboost,2022-09-01,678.0,401.8640441894531
xgboost,2022-10-01,1042.0,389.63153076171875
xgboost,2022-11-01,964.0,536.6334838867188
xgboost,2022-01-01,1187.0,734.041748046875
xgboost,2022-02-01,843.0,822.8189697265625
xgboost,2022-03-01,1187.0,1159.201171875
xgboost,2022-04-01,1585.0,1398.9444580078125
xgboost,2022-05-01,1939.0,1204.8907470703125
xgboost,2022-06-01,949.0,669.0543823242188
xgboost,2022-07-01,858.0,521.9838256835938
xgboost,2022-08-01,474.0,248.75643920898438
xgboost,2022-09-01,678.0,352.9040222167969
xgboost,2022-10-01,1042.0,275.3345642089844
xgboost,2022-11-01,964.0,620.4515991210938
xgboost,2022-12-01,819.0,829.1162109375
xgboost,2022-02-01,843.0,1397.26904296875
xgboost,2022-03-01,1187.0,1212.7901611328125
xgboost,2022-04-01,1585.0,1052.5911865234375
xgboost,2022-05-01,1939.0,881.0343017578125
xgboost,2022-06-01,949.0,600.2745971679688
xgboost,2022-07-01,858.0,616.9669189453125
xgboost,2022-08-01,474.0,412.6476135253906
xgboost,2022-09-01,678.0,454.46954345703125
xgboost,2022-10-01,1042.0,511.6797180175781
xgboost,2022-11-01,964.0,383.0960998535156
xgboost,2022-12-01,819.0,543.0885009765625
xgboost,2023-01-01,3245.0,714.92138671875
xgboost,2022-03-01,1187.0,1072.050537109375
xgboost,2022-04-01,1585.0,995.5224609375
xgboost,2022-05-01,1939.0,613.2062377929688
xgboost,2022-06-01,949.0,597.766845703125
xgboost,2022-07-01,858.0,562.7982177734375
xgboost,2022-08-01,474.0,433.75433349609375
xgboost,2022-09-01,678.0,358.2178649902344
xgboost,2022-10-01,1042.0,554.3055419921875
xgboost,2022-11-01,964.0,474.187255859375
xgboost,2022-12-01,819.0,675.480224609375
xgboost,2023-01-01,3245.0,864.2778930664062
xgboost,2023-02-01,5487.0,1879.106689453125
xgboost,2022-04-01,1585.0,1365.1529541015625
xgboost,2022-05-01,1939.0,638.4992065429688
xgboost,2022-06-01,949.0,495.16888427734375
xgboost,2022-07-01,858.0,468.2922668457031
xgboost,2022-08-01,474.0,242.25344848632812
xgboost,2022-09-01,678.0,376.18927001953125
xgboost,2022-10-01,1042.0,385.9739990234375
xgboost,2022-11-01,964.0,396.1070251464844
xgboost,2022-12-01,819.0,280.86700439453125
xgboost,2023-01-01,3245.0,889.77978515625
xgboost,2023-02-01,5487.0,1686.48681640625
xgboost,2023-03-01,12547.0,1357.5118408203125
xgboost,2022-05-01,1939.0,676.6541748046875
xgboost,2022-06-01,949.0,698.5421142578125
xgboost,2022-07-01,858.0,600.4427490234375
xgboost,2022-08-01,474.0,434.48516845703125
xgboost,2022-09-01,678.0,325.15936279296875
xgboost,2022-10-01,1042.0,458.58062744140625
xgboost,2022-11-01,964.0,530.865478515625
xgboost,2022-12-01,819.0,440.9621276855469
xgboost,2023-01-01,3245.0,707.2719116210938
xgboost,2023-02-01,5487.0,1929.4903564453125
xgboost,2023-03-01,12547.0,1677.2525634765625
xgboost,2023-04-01,20371.0,1633.7137451171875
xgboost,2022-06-01,949.0,1635.5640869140625
xgboost,2022-07-01,858.0,904.1542358398438
xgboost,2022-08-01,474.0,520.5809326171875
xgboost,2022-09-01,678.0,425.658447265625
xgboost,2022-10-01,1042.0,461.8287658691406
xgboost,2022-11-01,964.0,484.4283447265625
xgboost,2022-12-01,819.0,468.92999267578125
xgboost,2023-01-01,3245.0,834.3092651367188
xgboost,2023-02-01,5487.0,2050.96630859375
xgboost,2023-03-01,12547.0,2125.145751953125
xgboost,2023-04-01,20371.0,1728.3056640625
xgboost,2023-05-01,10627.0,878.28515625
xgboost,2022-07-01,858.0,786.8255615234375
xgboost,2022-08-01,474.0,431.4046325683594
xgboost,2022-09-01,678.0,486.51751708984375
xgboost,2022-10-01,1042.0,357.5901794433594
xgboost,2022-11-01,964.0,502.350341796875
xgboost,2022-12-01,819.0,601.8089599609375
xgboost,2023-01-01,3245.0,670.464599609375
xgboost,2023-02-01,5487.0,1071.6488037109375
xgboost,2023-03-01,12547.0,1126.2093505859375
xgboost,2023-04-01,20371.0,1095.808837890625
xgboost,2023-05-01,10627.0,1087.5311279296875
xgboost,2023-06-01,3721.0,662.7276611328125
xgboost,2022-08-01,474.0,505.6579284667969
xgboost,2022-09-01,678.0,395.5140686035156
xgboost,2022-10-01,1042.0,408.22869873046875
xgboost,2022-11-01,964.0,462.59356689453125
xgboost,2022-12-01,819.0,528.6986083984375
xgboost,2023-01-01,3245.0,861.4222412109375
xgboost,2023-02-01,5487.0,1717.8173828125
xgboost,2023-03-01,12547.0,1745.3572998046875
xgboost,2023-04-01,20371.0,1866.381103515625
xgboost,2023-05-01,10627.0,1059.260986328125
xgboost,2023-06-01,3721.0,742.920654296875
xgboost,2023-07-01,1927.0,1096.542724609375
xgboost,2022-09-01,678.0,480.9767761230469
xgboost,2022-10-01,1042.0,457.96661376953125
xgboost,2022-11-01,964.0,541.6234741210938
xgboost,2022-12-01,819.0,567.9985961914062
xgboost,2023-01-01,3245.0,733.8027954101562
xgboost,2023-02-01,5487.0,1488.6890869140625
xgboost,2023-03-01,12547.0,1516.5716552734375
xgboost,2023-04-01,20371.0,1330.353271484375
xgboost,2023-05-01,10627.0,695.26171875
xgboost,2023-06-01,3721.0,349.7200012207031
xgboost,2023-07-01,1927.0,1104.7520751953125
xgboost,2023-08-01,1281.0,619.914794921875
xgboost,2022-10-01,1042.0,534.5828247070312
xgboost,2022-11-01,964.0,479.0500793457031
xgboost,2022-12-01,819.0,440.06268310546875
xgboost,2023-01-01,3245.0,828.8455810546875
xgboost,2023-02-01,5487.0,1830.6868896484375
xgboost,2023-03-01,12547.0,1850.7972412109375
xgboost,2023-04-01,20371.0,1670.053955078125
xgboost,2023-05-01,10627.0,1506.6263427734375
xgboost,2023-06-01,3721.0,1020.2532348632812
xgboost,2023-07-01,1927.0,1369.024169921875
xgboost,2023-08-01,1281.0,765.9903564453125
xgboost,2023-09-01,1362.0,620.9519653320312
xgboost,2022-11-01,964.0,590.380859375
xgboost,2022-12-01,819.0,862.2606811523438
xgboost,2023-01-01,3245.0,1123.650390625
xgboost,2023-02-01,5487.0,1592.52490234375
xgboost,2023-03-01,12547.0,1637.9163818359375
xgboost,2023-04-01,20371.0,1027.885498046875
xgboost,2023-05-01,10627.0,997.8524169921875
xgboost,2023-06-01,3721.0,644.518798828125
xgboost,2023-07-01,1927.0,1161.6595458984375
xgboost,2023-08-01,1281.0,765.8002319335938
xgboost,2023-09-01,1362.0,582.9202270507812
xgboost,2023-10-01,1943.0,560.7111206054688
xgboost,2022-12-01,819.0,1079.698974609375
xgboost,2023-01-01,3245.0,1142.1363525390625
xgboost,2023-02-01,5487.0,1617.0504150390625
xgboost,2023-03-01,12547.0,1166.5186767578125
xgboost,2023-04-01,20371.0,899.9089965820312
xgboost,2023-05-01,10627.0,790.861083984375
xgboost,2023-06-01,3721.0,719.35302734375
xgboost,2023-07-01,1927.0,1136.3455810546875
xgboost,2023-08-01,1281.0,739.9853515625
xgboost,2023-09-01,1362.0,509.0741271972656
xgboost,2023-10-01,1943.0,425.16827392578125
xgboost,2023-11-01,1713.0,499.6778869628906
xgboost,2023-01-01,3245.0,1079.77685546875
xgboost,2023-02-01,5487.0,1873.413818359375
xgboost,2023-03-01,12547.0,1221.95361328125
xgboost,2023-04-01,20371.0,772.3306274414062
xgboost,2023-05-01,10627.0,660.9608764648438
xgboost,2023-06-01,3721.0,262.7181091308594
xgboost,2023-07-01,1927.0,1216.6099853515625
xgboost,2023-08-01,1281.0,920.4107666015625
xgboost,2023-09-01,1362.0,761.5725708007812
xgboost,2023-10-01,1943.0,732.3771362304688
xgboost,2023-11-01,1713.0,663.3423461914062
xgboost,2023-12-01,5098.0,978.5288696289062
xgboost,2023-02-01,5487.0,21416.912109375
xgboost,2023-03-01,12547.0,50088.84375
xgboost,2023-04-01,20371.0,50970.01953125
xgboost,2023-05-01,10627.0,41692.7265625
xgboost,2023-06-01,3721.0,16240.15234375
xgboost,2023-07-01,1927.0,46602.16796875
xgboost,2023-08-01,1281.0,50220.375
xgboost,2023-09-01,1362.0,41650.8671875
xgboost,2023-10-01,1943.0,41622.703125
xgboost,2023-11-01,1713.0,27942.400390625
xgboost,2023-12-01,5098.0,50411.03125
xgboost,2024-01-01,40617.0,51712.1875
xgboost,2023-03-01,12547.0,3711.3603515625
xgboost,2023-04-01,20371.0,5594.34130859375
xgboost,2023-05-01,10627.0,2691.2734375
xgboost,2023-06-01,3721.0,1185.0537109375
xgboost,2023-07-01,1927.0,1258.2197265625
xgboost,2023-08-01,1281.0,599.2449951171875
xgboost,2023-09-01,1362.0,539.8758544921875
xgboost,2023-10-01,1943.0,470.6269226074219
xgboost,2023-11-01,1713.0,746.708740234375
xgboost,2023-12-01,5098.0,949.2120971679688
xgboost,2024-01-01,40617.0,1196.2874755859375
xgboost,2024-02-01,103462.0,1233.3189697265625
xgboost,2023-04-01,20371.0,3830.670166015625
xgboost,2023-05-01,10627.0,2679.926513671875
xgboost,2023-06-01,3721.0,1030.811279296875
xgboost,2023-07-01,1927.0,1335.2369384765625
xgboost,2023-08-01,1281.0,733.5073852539062
xgboost,2023-09-01,1362.0,597.0308837890625
xgboost,2023-10-01,1943.0,619.2019653320312
xgboost,2023-11-01,1713.0,656.4909057617188
xgboost,2023-12-01,5098.0,824.6805419921875
xgboost,2024-01-01,40617.0,1219.59765625
xgboost,2024-02-01,103462.0,1116.6507568359375
xgboost,2024-03-01,122453.0,1168.6273193359375
xgboost,2023-05-01,10627.0,26657.306640625
xgboost,2023-06-01,3721.0,25867.96484375
xgboost,2023-07-01,1927.0,27242.8203125
xgboost,2023-08-01,1281.0,28214.41015625
xgboost,2023-09-01,1362.0,28133.517578125
xgboost,2023-10-01,1943.0,28150.607421875
xgboost,2023-11-01,1713.0,30062.251953125
xgboost,2023-12-01,5098.0,30279.92578125
xgboost,2024-01-01,40617.0,29323.01171875
xgboost,2024-02-01,103462.0,29300.736328125
xgboost,2024-03-01,122453.0,28717.099609375
xgboost,2024-04-01,43885.0,27829.166015625
xgboost,2023-06-01,3721.0,2815.318115234375
xgboost,2023-07-01,1927.0,1259.42822265625
xgboost,2023-08-01,1281.0,672.9131469726562
xgboost,2023-09-01,1362.0,482.0111389160156
xgboost,2023-10-01,1943.0,812.1539916992188
xgboost,2023-11-01,1713.0,1045.336181640625
xgboost,2023-12-01,5098.0,1059.4202880859375
xgboost,2024-01-01,40617.0,1185.257080078125
xgboost,2024-02-01,103462.0,986.9049072265625
xgboost,2024-03-01,122453.0,1556.5106201171875
xgboost,2024-04-01,43885.0,1404.8349609375
xgboost,2024-05-01,14182.0,883.433349609375
xgboost,2023-07-01,1927.0,3738.738525390625
xgboost,2023-08-01,1281.0,5645.97412109375
xgboost,2023-09-01,1362.0,4759.14892578125
xgboost,2023-10-01,1943.0,4437.18798828125
xgboost,2023-11-01,1713.0,3670.0048828125
xgboost,2023-12-01,5098.0,5304.81689453125
xgboost,2024-01-01,40617.0,4831.0263671875
xgboost,2024-02-01,103462.0,4630.546875
xgboost,2024-03-01,122453.0,4492.27099609375
xgboost,2024-04-01,43885.0,4642.44482421875
xgboost,2024-05-01,14182.0,4519.53271484375
xgboost,2024-06-01,4909.0,4580.28759765625
xgboost,2023-08-01,1281.0,855.164794921875
xgboost,2023-09-01,1362.0,641.5115356445312
xgboost,2023-10-01,1943.0,800.5479125976562
xgboost,2023-11-01,1713.0,759.07568359375
xgboost,2023-12-01,5098.0,706.7511596679688
xgboost,2024-01-01,40617.0,915.8453369140625
xgboost,2024-02-01,103462.0,1048.6065673828125
xgboost,2024-03-01,122453.0,1518.23193359375
xgboost,2024-04-01,43885.0,1391.8485107421875
xgboost,2024-05-01,14182.0,1123.080322265625
xgboost,2024-06-01,4909.0,1009.9390869140625
xgboost,2024-07-01,1074.0,648.2236328125
xgboost,2023-09-01,1362.0,949.3615112304688
xgboost,2023-10-01,1943.0,922.924560546875
xgboost,2023-11-01,1713.0,1008.8309326171875
xgboost,2023-12-01,5098.0,993.0208129882812
xgboost,2024-01-01,40617.0,1139.23681640625
xgboost,2024-02-01,103462.0,992.4551391601562
xgboost,2024-03-01,122453.0,1351.75927734375
xgboost,2024-04-01,43885.0,1167.1947021484375
xgboost,2024-05-01,14182.0,790.1666870117188
xgboost,2024-06-01,4909.0,685.6136474609375
xgboost,2024-07-01,1074.0,536.3800048828125
xgboost,2024-08-01,984.0,456.9616394042969
xgboost,2023-10-01,1943.0,1127.1673583984375
xgboost,2023-11-01,1713.0,1413.7724609375
xgboost,2023-12-01,5098.0,1221.9189453125
xgboost,2024-01-01,40617.0,1162.2939453125
xgboost,2024-02-01,103462.0,1039.0489501953125
xgboost,2024-03-01,122453.0,1487.59912109375
xgboost,2024-04-01,43885.0,1020.8942260742188
xgboost,2024-05-01,14182.0,705.7564697265625
xgboost,2024-06-01,4909.0,581.123291015625
xgboost,2024-07-01,1074.0,506.9865417480469
xgboost,2024-08-01,984.0,522.833740234375
xgboost,2024-09-01,1519.0,538.369140625
xgboost,2023-11-01,1713.0,1917.7325439453125
xgboost,2023-12-01,5098.0,1765.5247802734375
xgboost,2024-01-01,40617.0,1618.784912109375
xgboost,2024-02-01,103462.0,1493.8890380859375
xgboost,2024-03-01,122453.0,2076.73388671875
xgboost,2024-04-01,43885.0,1631.2471923828125
xgboost,2024-05-01,14182.0,1083.3328857421875
xgboost,2024-06-01,4909.0,747.6267700195312
xgboost,2024-07-01,1074.0,620.4764404296875
xgboost,2024-08-01,984.0,881.757568359375
xgboost,2024-09-01,1519.0,701.7540283203125
xgboost,2024-10-01,1426.0,632.8372192382812
xgboost,2023-12-01,5098.0,1607.2333984375
xgboost,2024-01-01,40617.0,1951.013916015625
xgboost,2024-02-01,103462.0,1909.7255859375
xgboost,2024-03-01,122453.0,2314.673095703125
xgboost,2024-04-01,43885.0,1963.685546875
xgboost,2024-05-01,14182.0,1225.8660888671875
xgboost,2024-06-01,4909.0,776.720947265625
xgboost,2024-07-01,1074.0,618.993896484375
xgboost,2024-08-01,984.0,878.2374267578125
xgboost,2024-09-01,1519.0,677.4917602539062
xgboost,2024-10-01,1426.0,505.5800476074219
xgboost,2024-11-01,2473.0,626.202392578125
xgboost,2024-01-01,40617.0,4522.125
xgboost,2024-02-01,103462.0,4426.1044921875
xgboost,2024-03-01,122453.0,4257.9111328125
xgboost,2024-04-01,43885.0,4500.5224609375
xgboost,2024-05-01,14182.0,4497.64013671875
xgboost,2024-06-01,4909.0,4544.2177734375
xgboost,2024-07-01,1074.0,4487.65380859375
xgboost,2024-08-01,984.0,4568.21826171875
xgboost,2024-09-01,1519.0,4583.3388671875
xgboost,2024-10-01,1426.0,4543.52001953125
xgboost,2024-11-01,2473.0,4537.86083984375
xgboost,2024-12-01,2499.0,4427.8837890625
catboost,2014-01-01,1415.0,3444.6586742518916
catboost,2014-02-01,1920.0,5264.935695505301
catboost,2014-03-01,2818.0,9838.728983638159
catboost,2014-04-01,2106.0,8446.520315684993
catboost,2014-05-01,1315.0,8971.383763524469
catboost,2014-06-01,993.0,8323.799310967892
catboost,2014-07-01,375.0,5361.56583643962
catboost,2014-08-01,376.0,2788.4881229622547
catboost,2014-09-01,417.0,2165.478111836779
catboost,2014-10-01,476.0,2078.9533090495156
catboost,2014-11-01,679.0,2562.902226137563
catboost,2014-12-01,350.0,3172.621502489107
catboost,2014-02-01,1920.0,4196.398324181755
catboost,2014-03-01,2818.0,10301.533535547722
catboost,2014-04-01,2106.0,9540.069319258891
catboost,2014-05-01,1315.0,9523.111709877685
catboost,2014-06-01,993.0,8097.068619632753
catboost,2014-07-01,375.0,5551.712709481786
catboost,2014-08-01,376.0,2651.8454531639363
catboost,2014-09-01,417.0,2150.9460389823817
catboost,2014-10-01,476.0,1606.853579815308
catboost,2014-11-01,679.0,2035.4504940722509
catboost,2014-12-01,350.0,2376.2925779517905
catboost,2015-01-01,592.0,2820.900587118237
catboost,2014-03-01,2818.0,11793.80558397263
catboost,2014-04-01,2106.0,11720.538208056456
catboost,2014-05-01,1315.0,12688.82131784351
catboost,2014-06-01,993.0,11355.197763867975
catboost,2014-07-01,375.0,5759.304742443381
catboost,2014-08-01,376.0,2683.690081505143
catboost,2014-09-01,417.0,1904.3047920511544
catboost,2014-10-01,476.0,1612.6559595108856
catboost,2014-11-01,679.0,2150.6862398072926
catboost,2014-12-01,350.0,2252.2271758906645
catboost,2015-01-01,592.0,2239.8536985381047
catboost,2015-02-01,801.0,2664.924003721438
catboost,2014-04-01,2106.0,7164.023672634026
catboost,2014-05-01,1315.0,7358.769209831439
catboost,2014-06-01,993.0,7411.004726105553
catboost,2014-07-01,375.0,5179.0773788271645
catboost,2014-08-01,376.0,2688.551206174976
catboost,2014-09-01,417.0,1880.960897766378
catboost,2014-10-01,476.0,1975.706573227866
catboost,2014-11-01,679.0,2038.783361341134
catboost,2014-12-01,350.0,2402.316239832562
catboost,2015-01-01,592.0,2879.29981052413
catboost,2015-02-01,801.0,2751.6023043776863
catboost,2015-03-01,3920.0,2881.3502005138885
catboost,2014-05-01,1315.0,3926.6607805868734
catboost,2014-06-01,993.0,4071.354152321898
catboost,2014-07-01,375.0,3093.3529630157973
catboost,2014-08-01,376.0,2159.2246856873817
catboost,2014-09-01,417.0,1756.8178670570856
catboost,2014-10-01,476.0,1570.7974806677066
catboost,2014-11-01,679.0,1755.472669483037
catboost,2014-12-01,350.0,1929.579465915141
catboost,2015-01-01,592.0,2660.1114433606367
catboost,2015-02-01,801.0,2859.421011878603
catboost,2015-03-01,3920.0,2535.348052137534
catboost,2015-04-01,8918.0,3108.6107984461646
catboost,2014-06-01,993.0,2223.651373262695
catboost,2014-07-01,375.0,2175.336885069265
catboost,2014-08-01,376.0,1888.3893215894564
catboost,2014-09-01,417.0,1535.3657569383417
catboost,2014-10-01,476.0,1328.6076307728508
catboost,2014-11-01,679.0,1526.855507517976
catboost,2014-12-01,350.0,1917.5372665009522
catboost,2015-01-01,592.0,1992.774782222948
catboost,2015-02-01,801.0,2029.6643033006867
catboost,2015-03-01,3920.0,2085.788868073834
catboost,2015-04-01,8918.0,2862.905263867867
catboost,2015-05-01,10646.0,2662.9882427817834
catboost,2014-07-01,375.0,1506.492447983028
catboost,2014-08-01,376.0,1535.7357759342854
catboost,2014-09-01,417.0,1179.4965979989634
catboost,2014-10-01,476.0,1261.1041579774742
catboost,2014-11-01,679.0,1324.1846774507562
catboost,2014-12-01,350.0,1626.7291327697299
catboost,2015-01-01,592.0,1810.7537731850116
catboost,2015-02-01,801.0,1802.5545289992378
catboost,2015-03-01,3920.0,2011.8901519067558
catboost,2015-04-01,8918.0,2418.125792901919
catboost,2015-05-01,10646.0,1951.5117962267782
catboost,2015-06-01,3014.0,1807.739479499106
catboost,2014-08-01,376.0,694.2765267193945
catboost,2014-09-01,417.0,826.9451356247318
catboost,2014-10-01,476.0,917.4653247383485
catboost,2014-11-01,679.0,1523.7774021999276
catboost,2014-12-01,350.0,1442.5859283403397
catboost,2015-01-01,592.0,1607.1368709734606
catboost,2015-02-01,801.0,1658.4157012335081
catboost,2015-03-01,3920.0,1722.782070197717
catboost,2015-04-01,8918.0,1749.5987104275741
catboost,2015-05-01,10646.0,1362.3863421070314
catboost,2015-06-01,3014.0,1355.8757553725422
catboost,2015-07-01,882.0,941.1660355152562
catboost,2014-09-01,417.0,532.7955087131922
catboost,2014-10-01,476.0,713.0108223415964
catboost,2014-11-01,679.0,1049.809424959868
catboost,2014-12-01,350.0,1343.149851134026
catboost,2015-01-01,592.0,1526.366556880348
catboost,2015-02-01,801.0,1391.2299257592385
catboost,2015-03-01,3920.0,1483.7826475005822
catboost,2015-04-01,8918.0,1656.5664840945974
catboost,2015-05-01,10646.0,1236.519539976152
catboost,2015-06-01,3014.0,942.6802973308659
catboost,2015-07-01,882.0,668.0742892275703
catboost,2015-08-01,614.0,724.1525196778666
catboost,2014-10-01,476.0,945.7543354733066
catboost,2014-11-01,679.0,1231.792331238476
catboost,2014-12-01,350.0,1371.3341562754717
catboost,2015-01-01,592.0,1581.2068248230717
catboost,2015-02-01,801.0,1355.0538912207094
catboost,2015-03-01,3920.0,1812.0168465623328
catboost,2015-04-01,8918.0,2016.6029914373048
catboost,2015-05-01,10646.0,1871.08411371284
catboost,2015-06-01,3014.0,1357.6503494693266
catboost,2015-07-01,882.0,722.6758151510007
catboost,2015-08-01,614.0,929.0823394742711
catboost,2015-09-01,466.0,666.8751814759844
catboost,2014-11-01,679.0,1048.3344192594845
catboost,2014-12-01,350.0,1182.171866964553
catboost,2015-01-01,592.0,1410.101229750549
catboost,2015-02-01,801.0,1297.8954767186383
catboost,2015-03-01,3920.0,1311.5456282740674
catboost,2015-04-01,8918.0,1860.107431074944
catboost,2015-05-01,10646.0,1038.6999382114586
catboost,2015-06-01,3014.0,870.5207975705944
catboost,2015-07-01,882.0,378.86857030622923
catboost,2015-08-01,614.0,195.79264069085002
catboost,2015-09-01,466.0,356.30184164449383
catboost,2015-10-01,433.0,308.72130310958255
catboost,2014-12-01,350.0,1090.4068088147897
catboost,2015-01-01,592.0,1039.1548697373669
catboost,2015-02-01,801.0,1191.0421065541473
catboost,2015-03-01,3920.0,1391.4913919719138
catboost,2015-04-01,8918.0,1416.366266314922
catboost,2015-05-01,10646.0,1406.7792425923385
catboost,2015-06-01,3014.0,719.3267158734511
catboost,2015-07-01,882.0,251.2121593588363
catboost,2015-08-01,614.0,77.36127471586042
catboost,2015-09-01,466.0,273.5540478193898
catboost,2015-10-01,433.0,327.9016603974951
catboost,2015-11-01,1256.0,770.3801378436201
catboost,2015-01-01,592.0,892.9581592158847
catboost,2015-02-01,801.0,1063.9426019908365
catboost,2015-03-01,3920.0,1489.738112254624
catboost,2015-04-01,8918.0,1472.113728820534
catboost,2015-05-01,10646.0,1782.6707562778192
catboost,2015-06-01,3014.0,865.2798108228858
catboost,2015-07-01,882.0,420.10023961502475
catboost,2015-08-01,614.0,473.73053131297866
catboost,2015-09-01,466.0,279.81538848494756
catboost,2015-10-01,433.0,152.9942491253114
catboost,2015-11-01,1256.0,550.4246018354593
catboost,2015-12-01,3029.0,896.386102152223
catboost,2015-02-01,801.0,1050.8526264284747
catboost,2015-03-01,3920.0,1508.2755572959504
catboost,2015-04-01,8918.0,2153.287575897914
catboost,2015-05-01,10646.0,1849.8620937647997
catboost,2015-06-01,3014.0,1391.9504087879213
catboost,2015-07-01,882.0,821.7805976509508
catboost,2015-08-01,614.0,442.0619235033223
catboost,2015-09-01,466.0,541.3160383974855
catboost,2015-10-01,433.0,404.03604969748767
catboost,2015-11-01,1256.0,296.85348559599106
catboost,2015-12-01,3029.0,414.8105751247276
catboost,2016-01-01,22677.0,552.5861604089268
catboost,2015-03-01,3920.0,1332.5367971132446
catboost,2015-04-01,8918.0,1594.7164647688219
catboost,2015-05-01,10646.0,1962.6803033197807
catboost,2015-06-01,3014.0,1037.566448325072
catboost,2015-07-01,882.0,728.2474316152588
catboost,2015-08-01,614.0,505.15798041035987
catboost,2015-09-01,466.0,405.9931785466688
catboost,2015-10-01,433.0,328.7940967886825
catboost,2015-11-01,1256.0,339.9659043499264
catboost,2015-12-01,3029.0,361.39810253532187
catboost,2016-01-01,22677.0,554.1894793818387
catboost,2016-02-01,52456.0,934.2159794908775
catboost,2015-04-01,8918.0,3297.947282845503
catboost,2015-05-01,10646.0,2943.079035623192
catboost,2015-06-01,3014.0,1388.7813181448505
catboost,2015-07-01,882.0,1039.0737253760094
catboost,2015-08-01,614.0,560.7558717454062
catboost,2015-09-01,466.0,508.14291859744435
catboost,2015-10-01,433.0,283.724273262138
catboost,2015-11-01,1256.0,397.5995003447547
catboost,2015-12-01,3029.0,511.0344513633818
catboost,2016-01-01,22677.0,880.8702576152186
catboost,2016-02-01,52456.0,1193.4454925452092
catboost,2016-03-01,54111.0,2557.057934197551
catboost,2015-05-01,10646.0,7029.63129223495
catboost,2015-06-01,3014.0,3667.7142076086334
catboost,2015-07-01,882.0,3052.4847530125994
catboost,2015-08-01,614.0,1273.7833370305402
catboost,2015-09-01,466.0,591.8295201203987
catboost,2015-10-01,433.0,638.9133969313834
catboost,2015-11-01,1256.0,760.2471642861815
catboost,2015-12-01,3029.0,975.8865706027977
catboost,2016-01-01,22677.0,1346.332920513848
catboost,2016-02-01,52456.0,1644.5077944776249
catboost,2016-03-01,54111.0,1976.9181447682804
catboost,2016-04-01,42332.0,1961.321540349451
catboost,2015-06-01,3014.0,4973.328340356068
catboost,2015-07-01,882.0,2272.8597064316386
catboost,2015-08-01,614.0,945.2396247467332
catboost,2015-09-01,466.0,443.28614612268393
catboost,2015-10-01,433.0,211.26586164416585
catboost,2015-11-01,1256.0,697.6931810633032
catboost,2015-12-01,3029.0,623.9755728864034
catboost,2016-01-01,22677.0,1120.2717633367442
catboost,2016-02-01,52456.0,1867.1071388597907
catboost,2016-03-01,54111.0,3358.108960191119
catboost,2016-04-01,42332.0,5418.38875627068
catboost,2016-05-01,15246.0,4808.107371142536
catboost,2015-07-01,882.0,1407.8234066586956
catboost,2015-08-01,614.0,1008.0051425660472
catboost,2015-09-01,466.0,137.66592783783835
catboost,2015-10-01,433.0,592.2780434981219
catboost,2015-11-01,1256.0,999.7093408357428
catboost,2015-12-01,3029.0,1104.4175453106927
catboost,2016-01-01,22677.0,1597.8598492174565
catboost,2016-02-01,52456.0,3000.668062152797
catboost,2016-03-01,54111.0,5244.820727801234
catboost,2016-04-01,42332.0,8375.93454018045
catboost,2016-05-01,15246.0,5003.667601824076
catboost,2016-06-01,1738.0,3314.886258378605
catboost,2015-08-01,614.0,702.538158288547
catboost,2015-09-01,466.0,131.4632910540131
catboost,2015-10-01,433.0,401.0326643034923
catboost,2015-11-01,1256.0,569.398900528251
catboost,2015-12-01,3029.0,643.341316332564
catboost,2016-01-01,22677.0,1132.2946117429801
catboost,2016-02-01,52456.0,3235.8381844258797
catboost,2016-03-01,54111.0,5917.054197813903
catboost,2016-04-01,42332.0,10204.22136301045
catboost,2016-05-01,15246.0,5988.373302405945
catboost,2016-06-01,1738.0,3474.349578418766
catboost,2016-07-01,697.0,2602.8527030600408
catboost,2015-09-01,466.0,177.32149939398232
catboost,2015-10-01,433.0,422.3116182312433
catboost,2015-11-01,1256.0,644.0733321490034
catboost,2015-12-01,3029.0,874.3565341823273
catboost,2016-01-01,22677.0,1380.3988545682678
catboost,2016-02-01,52456.0,3652.4455294907084
catboost,2016-03-01,54111.0,4994.8600677379545
catboost,2016-04-01,42332.0,7770.711315189457
catboost,2016-05-01,15246.0,4252.098699001763
catboost,2016-06-01,1738.0,3205.6312412431917
catboost,2016-07-01,697.0,1712.2492026444866
catboost,2016-08-01,424.0,999.660904717799
catboost,2015-10-01,433.0,454.12794312190545
catboost,2015-11-01,1256.0,532.7789892743122
catboost,2015-12-01,3029.0,236.45961949989578
catboost,2016-01-01,22677.0,930.1136831709523
catboost,2016-02-01,52456.0,1897.6710688797148
catboost,2016-03-01,54111.0,2725.2962159930485
catboost,2016-04-01,42332.0,3528.8354561964725
catboost,2016-05-01,15246.0,7653.914843383739
catboost,2016-06-01,1738.0,4408.9349861132005
catboost,2016-07-01,697.0,2666.166922452354
catboost,2016-08-01,424.0,1457.6033640573378
catboost,2016-09-01,425.0,492.39952018453005
catboost,2015-11-01,1256.0,553.2689191794561
catboost,2015-12-01,3029.0,600.9702341356256
catboost,2016-01-01,22677.0,1012.8037164270413
catboost,2016-02-01,52456.0,1748.4647638772085
catboost,2016-03-01,54111.0,2444.2302653558054
catboost,2016-04-01,42332.0,3215.7478775457466
catboost,2016-05-01,15246.0,3740.189068940862
catboost,2016-06-01,1738.0,3794.9276307118666
catboost,2016-07-01,697.0,2782.0556009219945
catboost,2016-08-01,424.0,1201.1989822024234
catboost,2016-09-01,425.0,471.3372090519574
catboost,2016-10-01,807.0,748.1037342821469
catboost,2015-12-01,3029.0,757.0179474838342
catboost,2016-01-01,22677.0,920.0751981510507
catboost,2016-02-01,52456.0,1704.712787774883
catboost,2016-03-01,54111.0,2806.307160989906
catboost,2016-04-01,42332.0,3093.479954872412
catboost,2016-05-01,15246.0,3773.50960913556
catboost,2016-06-01,1738.0,3574.9248929150326
catboost,2016-07-01,697.0,2546.263301249703
catboost,2016-08-01,424.0,978.0727861063087
catboost,2016-09-01,425.0,760.3781030278546
catboost,2016-10-01,807.0,912.6869723366144
catboost,2016-11-01,932.0,1326.4418204173521
catboost,2016-01-01,22677.0,2193.171725416443
catboost,2016-02-01,52456.0,2508.1068846126127
catboost,2016-03-01,54111.0,2703.2666545431143
catboost,2016-04-01,42332.0,2831.349141930744
catboost,2016-05-01,15246.0,2775.570734059766
catboost,2016-06-01,1738.0,2225.1393140967766
catboost,2016-07-01,697.0,1509.542155687941
catboost,2016-08-01,424.0,1228.3386605172045
catboost,2016-09-01,425.0,1045.8893218000358
catboost,2016-10-01,807.0,1205.878039150498
catboost,2016-11-01,932.0,1142.8458010499212
catboost,2016-12-01,1822.0,1327.501956008624
catboost,2016-02-01,52456.0,17422.145090846025
catboost,2016-03-01,54111.0,10794.735634042572
catboost,2016-04-01,42332.0,8843.100113943718
catboost,2016-05-01,15246.0,6081.432381288969
catboost,2016-06-01,1738.0,4288.938119154628
catboost,2016-07-01,697.0,3127.693434346763
catboost,2016-08-01,424.0,2703.3108236793323
catboost,2016-09-01,425.0,2077.3012896919686
catboost,2016-10-01,807.0,2310.6252542606007
catboost,2016-11-01,932.0,2431.667551966809
catboost,2016-12-01,1822.0,2920.0721713196062
catboost,2017-01-01,2847.0,4851.128654383146
catboost,2016-03-01,54111.0,28949.02109872866
catboost,2016-04-01,42332.0,26855.455774907394
catboost,2016-05-01,15246.0,19328.485670411217
catboost,2016-06-01,1738.0,13074.780667844761
catboost,2016-07-01,697.0,10980.173401853155
catboost,2016-08-01,424.0,4158.722663245707
catboost,2016-09-01,425.0,4347.090299368491
catboost,2016-10-01,807.0,5316.589300039678
catboost,2016-11-01,932.0,5813.150918468822
catboost,2016-12-01,1822.0,8391.336684766553
catboost,2017-01-01,2847.0,10680.572564914448
catboost,2017-02-01,1758.0,13714.00069516154
catboost,2016-04-01,42332.0,31767.399286129352
catboost,2016-05-01,15246.0,22355.761768026725
catboost,2016-06-01,1738.0,15791.623465890983
catboost,2016-07-01,697.0,13929.91393658939
catboost,2016-08-01,424.0,12044.66088672636
catboost,2016-09-01,425.0,11279.61838414894
catboost,2016-10-01,807.0,7169.841647611529
catboost,2016-11-01,932.0,6567.032683106704
catboost,2016-12-01,1822.0,8716.496602784724
catboost,2017-01-01,2847.0,10126.310662371732
catboost,2017-02-01,1758.0,12077.956349203681
catboost,2017-03-01,1531.0,23380.447696263927
catboost,2016-05-01,15246.0,25555.81566750925
catboost,2016-06-01,1738.0,18136.202916868824
catboost,2016-07-01,697.0,13925.033668547167
catboost,2016-08-01,424.0,11578.62555353274
catboost,2016-09-01,425.0,5902.160513021374
catboost,2016-10-01,807.0,5862.620860358933
catboost,2016-11-01,932.0,5237.006352014965
catboost,2016-12-01,1822.0,6898.5096230688305
catboost,2017-01-01,2847.0,9257.766537765414
catboost,2017-02-01,1758.0,11570.42513093018
catboost,2017-03-01,1531.0,14390.845186322153
catboost,2017-04-01,1225.0,23389.654417339527
catboost,2016-06-01,1738.0,13539.62855128717
catboost,2016-07-01,697.0,10892.075018690286
catboost,2016-08-01,424.0,4941.2853257299985
catboost,2016-09-01,425.0,3607.3370704952467
catboost,2016-10-01,807.0,4742.0440799732605
catboost,2016-11-01,932.0,6097.484884282208
catboost,2016-12-01,1822.0,7544.311613548342
catboost,2017-01-01,2847.0,9515.759577491719
catboost,2017-02-01,1758.0,12067.495709761562
catboost,2017-03-01,1531.0,24262.07587166221
catboost,2017-04-01,1225.0,25261.078618532632
catboost,2017-05-01,664.0,20417.917170227767
catboost,2016-07-01,697.0,2188.8337332940737
catboost,2016-08-01,424.0,1825.1149438795446
catboost,2016-09-01,425.0,1999.3786091476904
catboost,2016-10-01,807.0,2804.484339356164
catboost,2016-11-01,932.0,4040.8492560698014
catboost,2016-12-01,1822.0,7008.498334242519
catboost,2017-01-01,2847.0,9104.248584104393
catboost,2017-02-01,1758.0,12383.932641125117
catboost,2017-03-01,1531.0,20328.006503767407
catboost,2017-04-01,1225.0,22102.102278199964
catboost,2017-05-01,664.0,17709.39001219794
catboost,2017-06-01,440.0,10917.39366837215
catboost,2016-08-01,424.0,1646.330437929706
catboost,2016-09-01,425.0,1146.6844853708944
catboost,2016-10-01,807.0,2389.90312779551
catboost,2016-11-01,932.0,2613.26893845196
catboost,2016-12-01,1822.0,3470.4841984355803
catboost,2017-01-01,2847.0,8497.569734466206
catboost,2017-02-01,1758.0,12431.911710254602
catboost,2017-03-01,1531.0,22438.83120438503
catboost,2017-04-01,1225.0,22849.895997079147
catboost,2017-05-01,664.0,16513.391075582014
catboost,2017-06-01,440.0,8965.389583803435
catboost,2017-07-01,298.0,5152.070133417876
catboost,2016-09-01,425.0,1478.9073337410773
catboost,2016-10-01,807.0,2382.9235939796345
catboost,2016-11-01,932.0,2979.9475077989923
catboost,2016-12-01,1822.0,4870.001139580814
catboost,2017-01-01,2847.0,11997.081598042472
catboost,2017-02-01,1758.0,24710.33620442531
catboost,2017-03-01,1531.0,24219.6518799208
catboost,2017-04-01,1225.0,20481.648499854156
catboost,2017-05-01,664.0,14998.087254151162
catboost,2017-06-01,440.0,9846.221674049782
catboost,2017-07-01,298.0,5011.334091975745
catboost,2017-08-01,342.0,4957.576290873423
catboost,2016-10-01,807.0,1725.4626541108
catboost,2016-11-01,932.0,2550.6620519984717
catboost,2016-12-01,1822.0,3971.0580290886373
catboost,2017-01-01,2847.0,11378.302663026112
catboost,2017-02-01,1758.0,18397.877604126184
catboost,2017-03-01,1531.0,22505.804573237103
catboost,2017-04-01,1225.0,19535.737571093086
catboost,2017-05-01,664.0,13802.35353827729
catboost,2017-06-01,440.0,7954.4380355983985
catboost,2017-07-01,298.0,3294.72067154289
catboost,2017-08-01,342.0,3078.149047336809
catboost,2017-09-01,571.0,4198.417737334832
catboost,2016-11-01,932.0,2098.1209556599624
catboost,2016-12-01,1822.0,2756.972968442194
catboost,2017-01-01,2847.0,5736.712369102444
catboost,2017-02-01,1758.0,12732.784198042646
catboost,2017-03-01,1531.0,22109.26089194231
catboost,2017-04-01,1225.0,20288.178413433747
catboost,2017-05-01,664.0,15670.209905648562
catboost,2017-06-01,440.0,10500.689230932814
catboost,2017-07-01,298.0,3210.7664444831316
catboost,2017-08-01,342.0,2775.7310612996957
catboost,2017-09-01,571.0,2681.75757321394
catboost,2017-10-01,966.0,5140.322533108227
catboost,2016-12-01,1822.0,2176.198178641177
catboost,2017-01-01,2847.0,4388.500611522715
catboost,2017-02-01,1758.0,12119.62015338525
catboost,2017-03-01,1531.0,23834.50120238798
catboost,2017-04-01,1225.0,21496.9046365479
catboost,2017-05-01,664.0,15516.59203086486
catboost,2017-06-01,440.0,10519.39237743279
catboost,2017-07-01,298.0,5099.232263654267
catboost,2017-08-01,342.0,2930.865111456196
catboost,2017-09-01,571.0,2818.148345598574
catboost,2017-10-01,966.0,5060.2659531768395
catboost,2017-11-01,746.0,11254.764994902307
catboost,2017-01-01,2847.0,3972.954857963192
catboost,2017-02-01,1758.0,11177.48540882971
catboost,2017-03-01,1531.0,15184.46968684048
catboost,2017-04-01,1225.0,23021.87074102096
catboost,2017-05-01,664.0,19201.59848815668
catboost,2017-06-01,440.0,13195.963227367574
catboost,2017-07-01,298.0,8301.063418832156
catboost,2017-08-01,342.0,2732.5769897411246
catboost,2017-09-01,571.0,2275.0571784756485
catboost,2017-10-01,966.0,4906.240909158295
catboost,2017-11-01,746.0,11231.93217709542
catboost,2017-12-01,1109.0,15185.825881884259
catboost,2017-02-01,1758.0,6180.112250628666
catboost,2017-03-01,1531.0,10709.67836938579
catboost,2017-04-01,1225.0,14629.238701045993
catboost,2017-05-01,664.0,16381.009764729302
catboost,2017-06-01,440.0,11847.634532441643
catboost,2017-07-01,298.0,6884.63424520753
catboost,2017-08-01,342.0,2430.542095144033
catboost,2017-09-01,571.0,1865.5708336877287
catboost,2017-10-01,966.0,3516.60115132758
catboost,2017-11-01,746.0,9636.058120044912
catboost,2017-12-01,1109.0,12306.23946571591
catboost,2018-01-01,1267.0,23737.73240601011
catboost,2017-03-01,1531.0,4812.496725433031
catboost,2017-04-01,1225.0,8899.294841360312
catboost,2017-05-01,664.0,9611.498599379804
catboost,2017-06-01,440.0,6322.138208149386
catboost,2017-07-01,298.0,2479.3468612322386
catboost,2017-08-01,342.0,1187.974031357021
catboost,2017-09-01,571.0,1478.0262741307724
catboost,2017-10-01,966.0,2715.1755159182894
catboost,2017-11-01,746.0,3853.4082764324103
catboost,2017-12-01,1109.0,11095.660732246874
catboost,2018-01-01,1267.0,16287.837220450334
catboost,2018-02-01,975.0,20064.594506338923
catboost,2017-04-01,1225.0,2666.6299720456386
catboost,2017-05-01,664.0,4065.692505131992
catboost,2017-06-01,440.0,6132.136267082582
catboost,2017-07-01,298.0,3542.7880974823333
catboost,2017-08-01,342.0,2424.427592551834
catboost,2017-09-01,571.0,1624.5577184038102
catboost,2017-10-01,966.0,2559.8473997319174
catboost,2017-11-01,746.0,3281.1288380467704
catboost,2017-12-01,1109.0,9585.776874030673
catboost,2018-01-01,1267.0,12231.399759971242
catboost,2018-02-01,975.0,19509.625135774295
catboost,2018-03-01,866.0,23091.72831747158
catboost,2017-05-01,664.0,2029.556111167948
catboost,2017-06-01,440.0,2049.760804822735
catboost,2017-07-01,298.0,1438.4513770877074
catboost,2017-08-01,342.0,1130.1286888257519
catboost,2017-09-01,571.0,1324.7284399674809
catboost,2017-10-01,966.0,2569.2090655251423
catboost,2017-11-01,746.0,3334.876021837094
catboost,2017-12-01,1109.0,12438.247445203227
catboost,2018-01-01,1267.0,24626.923394159814
catboost,2018-02-01,975.0,22009.89714022822
catboost,2018-03-01,866.0,18479.219184238973
catboost,2018-04-01,771.0,15266.565277090964
catboost,2017-06-01,440.0,913.5715090513459
catboost,2017-07-01,298.0,717.9250080156971
catboost,2017-08-01,342.0,951.6562911932278
catboost,2017-09-01,571.0,1360.9405245096768
catboost,2017-10-01,966.0,1959.0715488429882
catboost,2017-11-01,746.0,2039.3853835375194
catboost,2017-12-01,1109.0,2796.436881907277
catboost,2018-01-01,1267.0,4458.2738675399
catboost,2018-02-01,975.0,8298.273307278805
catboost,2018-03-01,866.0,9800.13176346458
catboost,2018-04-01,771.0,7614.368360200014
catboost,2018-05-01,411.0,5550.417016630531
catboost,2017-07-01,298.0,754.0599365002563
catboost,2017-08-01,342.0,755.2189335592429
catboost,2017-09-01,571.0,1359.7090552247946
catboost,2017-10-01,966.0,1713.9815282203008
catboost,2017-11-01,746.0,1595.6727724111497
catboost,2017-12-01,1109.0,1392.2241082265118
catboost,2018-01-01,1267.0,1729.9520348537953
catboost,2018-02-01,975.0,2348.7812994466185
catboost,2018-03-01,866.0,2775.031464621774
catboost,2018-04-01,771.0,3128.644977702489
catboost,2018-05-01,411.0,5754.130518111104
catboost,2018-06-01,338.0,4892.921760737781
catboost,2017-08-01,342.0,735.196467220524
catboost,2017-09-01,571.0,1219.7608685047553
catboost,2017-10-01,966.0,1627.3472488079624
catboost,2017-11-01,746.0,1192.741052070989
catboost,2017-12-01,1109.0,1409.2070744848133
catboost,2018-01-01,1267.0,1380.5348928157582
catboost,2018-02-01,975.0,2056.668697719047
catboost,2018-03-01,866.0,2952.850185729595
catboost,2018-04-01,771.0,3784.2240481054578
catboost,2018-05-01,411.0,6244.259586144629
catboost,2018-06-01,338.0,3911.463516282277
catboost,2018-07-01,355.0,3074.905886888207
catboost,2017-09-01,571.0,925.9705888649833
catboost,2017-10-01,966.0,1619.6889583857446
catboost,2017-11-01,746.0,1515.6299338248728
catboost,2017-12-01,1109.0,1412.8461428745632
catboost,2018-01-01,1267.0,1411.5016326769273
catboost,2018-02-01,975.0,1809.2978478715263
catboost,2018-03-01,866.0,2435.537557180008
catboost,2018-04-01,771.0,3425.316778333501
catboost,2018-05-01,411.0,5881.17046140244
catboost,2018-06-01,338.0,4875.458059359438
catboost,2018-07-01,355.0,3780.588220132667
catboost,2018-08-01,275.0,4770.308486906859
catboost,2017-10-01,966.0,1945.4241211641552
catboost,2017-11-01,746.0,1885.4912216370558
catboost,2017-12-01,1109.0,2602.807609241459
catboost,2018-01-01,1267.0,3166.78259785095
catboost,2018-02-01,975.0,8044.030120844494
catboost,2018-03-01,866.0,9227.841406106649
catboost,2018-04-01,771.0,7621.457310876249
catboost,2018-05-01,411.0,7375.681181434903
catboost,2018-06-01,338.0,4259.277466120051
catboost,2018-07-01,355.0,3658.9400121682115
catboost,2018-08-01,275.0,4136.419534183638
catboost,2018-09-01,484.0,7611.070605392608
catboost,2017-11-01,746.0,1176.2992481606161
catboost,2017-12-01,1109.0,1496.7778149466376
catboost,2018-01-01,1267.0,1187.3150064045149
catboost,2018-02-01,975.0,1510.060244852868
catboost,2018-03-01,866.0,1686.8903689799986
catboost,2018-04-01,771.0,1489.7660212169603
catboost,2018-05-01,411.0,1071.35778848861
catboost,2018-06-01,338.0,1045.1584887378413
catboost,2018-07-01,355.0,337.9231863211544
catboost,2018-08-01,275.0,517.1853172596402
catboost,2018-09-01,484.0,780.6476778719052
catboost,2018-10-01,511.0,1119.0470786403666
catboost,2017-12-01,1109.0,757.8877952642097
catboost,2018-01-01,1267.0,721.8453697658106
catboost,2018-02-01,975.0,1505.1253771851343
catboost,2018-03-01,866.0,2146.9402353610585
catboost,2018-04-01,771.0,2496.1964140513037
catboost,2018-05-01,411.0,1749.3825566580094
catboost,2018-06-01,338.0,1006.0884393112046
catboost,2018-07-01,355.0,416.0022772205548
catboost,2018-08-01,275.0,543.8198394184355
catboost,2018-09-01,484.0,661.8760955548942
catboost,2018-10-01,511.0,1377.2507771992377
catboost,2018-11-01,616.0,3046.027711122075
catboost,2018-01-01,1267.0,1455.2177414820917
catboost,2018-02-01,975.0,1814.3650787900074
catboost,2018-03-01,866.0,2168.9051333524267
catboost,2018-04-01,771.0,2506.680776741692
catboost,2018-05-01,411.0,2388.372983883582
catboost,2018-06-01,338.0,1833.4834912817992
catboost,2018-07-01,355.0,888.2168206099032
catboost,2018-08-01,275.0,581.478182044958
catboost,2018-09-01,484.0,1007.2693692474295
catboost,2018-10-01,511.0,1101.6639173085869
catboost,2018-11-01,616.0,1940.208931742141
catboost,2018-12-01,1085.0,4259.413569744414
catboost,2018-02-01,975.0,2000.3521269876824
catboost,2018-03-01,866.0,2989.642109853221
catboost,2018-04-01,771.0,3659.139119932587
catboost,2018-05-01,411.0,5464.587074140563
catboost,2018-06-01,338.0,4362.790403745059
catboost,2018-07-01,355.0,3399.7211307884995
catboost,2018-08-01,275.0,3550.8440023384537
catboost,2018-09-01,484.0,8694.176193625723
catboost,2018-10-01,511.0,11553.776062163579
catboost,2018-11-01,616.0,17841.61157619717
catboost,2018-12-01,1085.0,30584.930926655532
catboost,2019-01-01,1624.0,32126.033872429456
catboost,2018-03-01,866.0,1569.566490340526
catboost,2018-04-01,771.0,1761.712931667199
catboost,2018-05-01,411.0,1092.4940537070652
catboost,2018-06-01,338.0,775.2767906985819
catboost,2018-07-01,355.0,466.8598426431354
catboost,2018-08-01,275.0,559.5997992012108
catboost,2018-09-01,484.0,661.876620284982
catboost,2018-10-01,511.0,1357.2757947897571
catboost,2018-11-01,616.0,2318.6721510402103
catboost,2018-12-01,1085.0,4153.764311292079
catboost,2019-01-01,1624.0,17918.25344769354
catboost,2019-02-01,3761.0,31580.64212959115
catboost,2018-04-01,771.0,1234.0698197147685
catboost,2018-05-01,411.0,768.345565196023
catboost,2018-06-01,338.0,655.3751983249676
catboost,2018-07-01,355.0,461.67924430808125
catboost,2018-08-01,275.0,569.5653840982077
catboost,2018-09-01,484.0,786.5183235052373
catboost,2018-10-01,511.0,1488.6670508808852
catboost,2018-11-01,616.0,1617.4463686348445
catboost,2018-12-01,1085.0,2144.9682320411066
catboost,2019-01-01,1624.0,3714.2268906471936
catboost,2019-02-01,3761.0,12091.5538150872
catboost,2019-03-01,22227.0,22977.924755814318
catboost,2018-05-01,411.0,650.288470892895
catboost,2018-06-01,338.0,487.3930507542409
catboost,2018-07-01,355.0,364.1243757691009
catboost,2018-08-01,275.0,508.22893964344075
catboost,2018-09-01,484.0,654.4929676240217
catboost,2018-10-01,511.0,1085.0828524554072
catboost,2018-11-01,616.0,1322.6844264134302
catboost,2018-12-01,1085.0,2422.5569835473266
catboost,2019-01-01,1624.0,4946.547449006686
catboost,2019-02-01,3761.0,15483.286064851165
catboost,2019-03-01,22227.0,26889.29129147319
catboost,2019-04-01,50747.0,12130.42148061335
catboost,2018-06-01,338.0,427.6898857860442
catboost,2018-07-01,355.0,307.98596871654627
catboost,2018-08-01,275.0,526.1701253253277
catboost,2018-09-01,484.0,739.6832375483127
catboost,2018-10-01,511.0,952.3950097959723
catboost,2018-11-01,616.0,1459.8143006561977
catboost,2018-12-01,1085.0,2777.6991120936405
catboost,2019-01-01,1624.0,4822.784270979639
catboost,2019-02-01,3761.0,15687.656852148793
catboost,2019-03-01,22227.0,24079.942569194533
catboost,2019-04-01,50747.0,11892.155662211499
catboost,2019-05-01,50832.0,6610.841496022196
catboost,2018-07-01,355.0,247.1998826611225
catboost,2018-08-01,275.0,372.3504746298577
catboost,2018-09-01,484.0,440.5867519542426
catboost,2018-10-01,511.0,857.6434805187309
catboost,2018-11-01,616.0,1423.4548470792456
catboost,2018-12-01,1085.0,2227.763119262998
catboost,2019-01-01,1624.0,3330.691480714645
catboost,2019-02-01,3761.0,11787.05619577829
catboost,2019-03-01,22227.0,26394.8481390782
catboost,2019-04-01,50747.0,12202.469814445205
catboost,2019-05-01,50832.0,5310.967815945988
catboost,2019-06-01,16275.0,1840.2829651715383
catboost,2018-08-01,275.0,410.72903653237336
catboost,2018-09-01,484.0,811.9982326149375
catboost,2018-10-01,511.0,1447.76490928546
catboost,2018-11-01,616.0,2594.351857493051
catboost,2018-12-01,1085.0,4762.553165420723
catboost,2019-01-01,1624.0,15566.175294215185
catboost,2019-02-01,3761.0,29324.497674419843
catboost,2019-03-01,22227.0,25119.141888413014
catboost,2019-04-01,50747.0,13063.756484538811
catboost,2019-05-01,50832.0,5692.070205213922
catboost,2019-06-01,16275.0,1909.0450315891944
catboost,2019-07-01,1621.0,1261.4779804787618
catboost,2018-09-01,484.0,449.9260434443049
catboost,2018-10-01,511.0,923.2032894872154
catboost,2018-11-01,616.0,1336.407926913932
catboost,2018-12-01,1085.0,1421.6347172016508
catboost,2019-01-01,1624.0,2057.838853703648
catboost,2019-02-01,3761.0,4181.017423109792
catboost,2019-03-01,22227.0,10877.072555996085
catboost,2019-04-01,50747.0,8822.932806778459
catboost,2019-05-01,50832.0,3166.4335753443056
catboost,2019-06-01,16275.0,1842.5420867047465
catboost,2019-07-01,1621.0,582.624037132603
catboost,2019-08-01,636.0,712.0913338152977
catboost,2018-10-01,511.0,835.300080899995
catboost,2018-11-01,616.0,1248.5123375935937
catboost,2018-12-01,1085.0,1502.8039322515424
catboost,2019-01-01,1624.0,2533.4445809616045
catboost,2019-02-01,3761.0,5176.491051508434
catboost,2019-03-01,22227.0,10620.055124850012
catboost,2019-04-01,50747.0,8245.5689040683
catboost,2019-05-01,50832.0,2836.2619560384746
catboost,2019-06-01,16275.0,585.0715039029265
catboost,2019-07-01,1621.0,811.8160428518459
catboost,2019-08-01,636.0,847.333554092369
catboost,2019-09-01,653.0,1183.0227889032053
catboost,2018-11-01,616.0,1055.2494002397325
catboost,2018-12-01,1085.0,1271.7556486646326
catboost,2019-01-01,1624.0,2954.596619217242
catboost,2019-02-01,3761.0,7509.09701561193
catboost,2019-03-01,22227.0,11957.08048511799
catboost,2019-04-01,50747.0,12512.341106958209
catboost,2019-05-01,50832.0,6454.708913059634
catboost,2019-06-01,16275.0,1848.25117780029
catboost,2019-07-01,1621.0,546.0541317064062
catboost,2019-08-01,636.0,1458.8042499204917
catboost,2019-09-01,653.0,1225.4692881540118
catboost,2019-10-01,523.0,1987.3974059185857
catboost,2018-12-01,1085.0,697.6455219887093
catboost,2019-01-01,1624.0,2697.489504419917
catboost,2019-02-01,3761.0,5514.193177246742
catboost,2019-03-01,22227.0,12970.827659811868
catboost,2019-04-01,50747.0,11698.432452561889
catboost,2019-05-01,50832.0,7784.962773385502
catboost,2019-06-01,16275.0,2459.6688519286718
catboost,2019-07-01,1621.0,539.1381137147964
catboost,2019-08-01,636.0,862.6701388411211
catboost,2019-09-01,653.0,990.6126231402664
catboost,2019-10-01,523.0,1748.3945345638804
catboost,2019-11-01,557.0,3280.3574409397897
catboost,2019-01-01,1624.0,2802.1324590911336
catboost,2019-02-01,3761.0,5273.412024967155
catboost,2019-03-01,22227.0,12915.970660164581
catboost,2019-04-01,50747.0,11303.768435050068
catboost,2019-05-01,50832.0,4013.761771518288
catboost,2019-06-01,16275.0,1867.1096407210835
catboost,2019-07-01,1621.0,745.3557051435628
catboost,2019-08-01,636.0,1136.5810653851067
catboost,2019-09-01,653.0,1035.408804154391
catboost,2019-10-01,523.0,1771.2999190767064
catboost,2019-11-01,557.0,2733.3281563396577
catboost,2019-12-01,903.0,4866.6268671791595
catboost,2019-02-01,3761.0,3347.5846605229826
catboost,2019-03-01,22227.0,10695.60740285051
catboost,2019-04-01,50747.0,8669.905570647667
catboost,2019-05-01,50832.0,2555.3811704662053
catboost,2019-06-01,16275.0,733.0190875140393
catboost,2019-07-01,1621.0,673.3974545433648
catboost,2019-08-01,636.0,640.4434961853194
catboost,2019-09-01,653.0,953.1111565968104
catboost,2019-10-01,523.0,1641.30295296444
catboost,2019-11-01,557.0,3437.2049968290767
catboost,2019-12-01,903.0,18297.168367237195
catboost,2020-01-01,1709.0,32523.061648289553
catboost,2019-03-01,22227.0,10392.244938760858
catboost,2019-04-01,50747.0,7859.63086932961
catboost,2019-05-01,50832.0,2602.7518924284313
catboost,2019-06-01,16275.0,891.56676480325
catboost,2019-07-01,1621.0,778.881211481556
catboost,2019-08-01,636.0,489.6502649567592
catboost,2019-09-01,653.0,755.6759489362835
catboost,2019-10-01,523.0,1148.9429530340253
catboost,2019-11-01,557.0,2177.354793792894
catboost,2019-12-01,903.0,6352.922132936849
catboost,2020-01-01,1709.0,17584.276585537424
catboost,2020-02-01,2968.0,30706.283167459485
catboost,2019-04-01,50747.0,14448.347317393136
catboost,2019-05-01,50832.0,8044.848104833853
catboost,2019-06-01,16275.0,2845.710408404476
catboost,2019-07-01,1621.0,603.0008579711775
catboost,2019-08-01,636.0,921.4411008990087
catboost,2019-09-01,653.0,1303.5712855493985
catboost,2019-10-01,523.0,1405.8639184102908
catboost,2019-11-01,557.0,3742.776167568604
catboost,2019-12-01,903.0,18682.511857816782
catboost,2020-01-01,1709.0,30172.783911681014
catboost,2020-02-01,2968.0,30144.805830565867
catboost,2020-03-01,5135.0,22023.728172995114
catboost,2019-05-01,50832.0,16269.449841343778
catboost,2019-06-01,16275.0,7086.496306053764
catboost,2019-07-01,1621.0,6070.467695021093
catboost,2019-08-01,636.0,9741.855543178202
catboost,2019-09-01,653.0,16521.619312330855
catboost,2019-10-01,523.0,24652.64224297078
catboost,2019-11-01,557.0,28072.57196038731
catboost,2019-12-01,903.0,28790.167615818933
catboost,2020-01-01,1709.0,29933.910136147882
catboost,2020-02-01,2968.0,28087.844225787758
catboost,2020-03-01,5135.0,19020.242765141382
catboost,2020-04-01,2617.0,8445.228062233778
catboost,2019-06-01,16275.0,17315.709531782995
catboost,2019-07-01,1621.0,8370.718506734795
catboost,2019-08-01,636.0,11816.4216206414
catboost,2019-09-01,653.0,18650.879595877876
catboost,2019-10-01,523.0,23550.644793245443
catboost,2019-11-01,557.0,25667.258255101122
catboost,2019-12-01,903.0,28284.242425264118
catboost,2020-01-01,1709.0,27163.275623660596
catboost,2020-02-01,2968.0,25065.590682768176
catboost,2020-03-01,5135.0,20535.407684682057
catboost,2020-04-01,2617.0,9841.069558067236
catboost,2020-05-01,2116.0,3729.3619338464205
catboost,2019-07-01,1621.0,9732.725434070126
catboost,2019-08-01,636.0,12279.12183509253
catboost,2019-09-01,653.0,17704.683588195083
catboost,2019-10-01,523.0,21908.514616332977
catboost,2019-11-01,557.0,25648.389378549266
catboost,2019-12-01,903.0,28251.45309087302
catboost,2020-01-01,1709.0,26099.280303039235
catboost,2020-02-01,2968.0,24565.945643902065
catboost,2020-03-01,5135.0,19172.19623098884
catboost,2020-04-01,2617.0,11273.691088785772
catboost,2020-05-01,2116.0,4316.544166783455
catboost,2020-06-01,1795.0,3072.6678868664762
catboost,2019-08-01,636.0,1728.4838885563886
catboost,2019-09-01,653.0,2658.0923153834833
catboost,2019-10-01,523.0,5070.401066875202
catboost,2019-11-01,557.0,18574.86405628867
catboost,2019-12-01,903.0,31630.031227314485
catboost,2020-01-01,1709.0,31580.52968697271
catboost,2020-02-01,2968.0,26213.314314771866
catboost,2020-03-01,5135.0,19014.45817623323
catboost,2020-04-01,2617.0,7401.284573701475
catboost,2020-05-01,2116.0,3023.0992235139192
catboost,2020-06-01,1795.0,1659.946088124958
catboost,2020-07-01,1101.0,1864.9112003450255
catboost,2019-09-01,653.0,1406.8102742590472
catboost,2019-10-01,523.0,1934.243761783594
catboost,2019-11-01,557.0,4788.181577857969
catboost,2019-12-01,903.0,17495.303344298685
catboost,2020-01-01,1709.0,28719.550548201896
catboost,2020-02-01,2968.0,32268.142203887513
catboost,2020-03-01,5135.0,24190.634002664952
catboost,2020-04-01,2617.0,12870.995118997937
catboost,2020-05-01,2116.0,4592.036260821778
catboost,2020-06-01,1795.0,1757.337833427745
catboost,2020-07-01,1101.0,1226.972830189481
catboost,2020-08-01,815.0,1120.7019064718315
catboost,2019-10-01,523.0,1343.235805600967
catboost,2019-11-01,557.0,1908.2105234111418
catboost,2019-12-01,903.0,3640.1747123084942
catboost,2020-01-01,1709.0,17627.078452345202
catboost,2020-02-01,2968.0,30613.803832783236
catboost,2020-03-01,5135.0,27542.270536122807
catboost,2020-04-01,2617.0,13715.316264669527
catboost,2020-05-01,2116.0,3348.5776577386227
catboost,2020-06-01,1795.0,770.5977466283048
catboost,2020-07-01,1101.0,1411.448318773917
catboost,2020-08-01,815.0,1320.2387423040163
catboost,2020-09-01,607.0,965.2544447216123
catboost,2019-11-01,557.0,1346.811241382903
catboost,2019-12-01,903.0,2096.4867129408217
catboost,2020-01-01,1709.0,4329.302782626912
catboost,2020-02-01,2968.0,19949.682156404873
catboost,2020-03-01,5135.0,31871.17630927224
catboost,2020-04-01,2617.0,19286.331870570975
catboost,2020-05-01,2116.0,10984.358123902091
catboost,2020-06-01,1795.0,2057.5000580507008
catboost,2020-07-01,1101.0,778.7658597128757
catboost,2020-08-01,815.0,982.9121487180273
catboost,2020-09-01,607.0,539.4598513390038
catboost,2020-10-01,571.0,1089.352011971695
catboost,2019-12-01,903.0,1584.56225934753
catboost,2020-01-01,1709.0,2879.4518197948855
catboost,2020-02-01,2968.0,5042.624479802561
catboost,2020-03-01,5135.0,14575.067483494504
catboost,2020-04-01,2617.0,14610.45377083843
catboost,2020-05-01,2116.0,7340.283850304696
catboost,2020-06-01,1795.0,2137.0085328413384
catboost,2020-07-01,1101.0,814.3368109902267
catboost,2020-08-01,815.0,771.02363038358
catboost,2020-09-01,607.0,428.9427356812939
catboost,2020-10-01,571.0,939.3956322719168
catboost,2020-11-01,1106.0,1396.1376167339495
catboost,2020-01-01,1709.0,1815.4078921753803
catboost,2020-02-01,2968.0,3162.8030931230055
catboost,2020-03-01,5135.0,10667.735065779565
catboost,2020-04-01,2617.0,9739.755730867308
catboost,2020-05-01,2116.0,3705.7646766677462
catboost,2020-06-01,1795.0,1983.5401484670879
catboost,2020-07-01,1101.0,646.69341727153
catboost,2020-08-01,815.0,614.6659595778201
catboost,2020-09-01,607.0,657.6311639682453
catboost,2020-10-01,571.0,843.7399813975899
catboost,2020-11-01,1106.0,1698.5270829287442
catboost,2020-12-01,765.0,2489.3473647455294
catboost,2020-02-01,2968.0,3282.3431694108945
catboost,2020-03-01,5135.0,11642.292380053648
catboost,2020-04-01,2617.0,13299.597575917096
catboost,2020-05-01,2116.0,8772.712449318184
catboost,2020-06-01,1795.0,2957.176809857486
catboost,2020-07-01,1101.0,871.3110770305211
catboost,2020-08-01,815.0,358.13890138615625
catboost,2020-09-01,607.0,704.2456314156507
catboost,2020-10-01,571.0,906.2852694528883
catboost,2020-11-01,1106.0,1336.4538445212083
catboost,2020-12-01,765.0,1606.4827706841497
catboost,2021-01-01,1244.0,2410.3769932464306
catboost,2020-03-01,5135.0,4943.109124357381
catboost,2020-04-01,2617.0,6796.696077811814
catboost,2020-05-01,2116.0,5056.413498780549
catboost,2020-06-01,1795.0,2312.440234848759
catboost,2020-07-01,1101.0,882.6415606499204
catboost,2020-08-01,815.0,594.4734191720063
catboost,2020-09-01,607.0,456.3798701563328
catboost,2020-10-01,571.0,693.2755094964596
catboost,2020-11-01,1106.0,1099.132992195493
catboost,2020-12-01,765.0,1819.4173402128863
catboost,2021-01-01,1244.0,3502.5007360562504
catboost,2021-02-01,1008.0,13773.902038662647
catboost,2020-04-01,2617.0,6674.672549236624
catboost,2020-05-01,2116.0,5269.165183669522
catboost,2020-06-01,1795.0,2530.1376706615224
catboost,2020-07-01,1101.0,790.4086997014147
catboost,2020-08-01,815.0,365.33972738436296
catboost,2020-09-01,607.0,485.36879406807657
catboost,2020-10-01,571.0,669.1988909104102
catboost,2020-11-01,1106.0,839.3240999486225
catboost,2020-12-01,765.0,1398.1262735889277
catboost,2021-01-01,1244.0,1410.5002250463804
catboost,2021-02-01,1008.0,1744.5694603907295
catboost,2021-03-01,1078.0,1717.0475556010501
catboost,2020-05-01,2116.0,1511.8630930598474
catboost,2020-06-01,1795.0,733.8943954156994
catboost,2020-07-01,1101.0,419.5158323547794
catboost,2020-08-01,815.0,255.0542637658791
catboost,2020-09-01,607.0,467.7219373789121
catboost,2020-10-01,571.0,738.5748273338095
catboost,2020-11-01,1106.0,1029.0312991822857
catboost,2020-12-01,765.0,1393.1183684827638
catboost,2021-01-01,1244.0,1438.917923049913
catboost,2021-02-01,1008.0,1135.5203109078375
catboost,2021-03-01,1078.0,1242.9337587346517
catboost,2021-04-01,747.0,764.1380330312477
catboost,2020-06-01,1795.0,1357.8751382313812
catboost,2020-07-01,1101.0,660.5803516608194
catboost,2020-08-01,815.0,280.0811411157001
catboost,2020-09-01,607.0,312.1696878034563
catboost,2020-10-01,571.0,847.8189504593238
catboost,2020-11-01,1106.0,1390.2594968589974
catboost,2020-12-01,765.0,1988.571386857218
catboost,2021-01-01,1244.0,4470.88447226308
catboost,2021-02-01,1008.0,12194.734077951096
catboost,2021-03-01,1078.0,23958.89405765223
catboost,2021-04-01,747.0,18868.55210943894
catboost,2021-05-01,738.0,12716.106689469092
catboost,2020-07-01,1101.0,798.7213138160323
catboost,2020-08-01,815.0,380.6907261305705
catboost,2020-09-01,607.0,248.29784795604428
catboost,2020-10-01,571.0,930.1836441163541
catboost,2020-11-01,1106.0,1022.4006314562776
catboost,2020-12-01,765.0,1503.7081680160372
catboost,2021-01-01,1244.0,2029.2858966762337
catboost,2021-02-01,1008.0,2487.2406968808723
catboost,2021-03-01,1078.0,2444.5091319258822
catboost,2021-04-01,747.0,2501.1494533379964
catboost,2021-05-01,738.0,1632.449493214573
catboost,2021-06-01,405.0,496.86852574661316
catboost,2020-08-01,815.0,439.5909687891781
catboost,2020-09-01,607.0,247.0391074184563
catboost,2020-10-01,571.0,588.9230679146613
catboost,2020-11-01,1106.0,996.662095089896
catboost,2020-12-01,765.0,1223.7883787595774
catboost,2021-01-01,1244.0,1942.6614297354708
catboost,2021-02-01,1008.0,2634.281366493386
catboost,2021-03-01,1078.0,2996.2879289857597
catboost,2021-04-01,747.0,4535.069931976232
catboost,2021-05-01,738.0,7840.541896285973
catboost,2021-06-01,405.0,7247.586893491027
catboost,2021-07-01,299.0,6575.5278700514855
catboost,2020-09-01,607.0,341.6506707655917
catboost,2020-10-01,571.0,507.8879337227272
catboost,2020-11-01,1106.0,874.8037745703086
catboost,2020-12-01,765.0,1282.1345555998578
catboost,2021-01-01,1244.0,1245.884122572359
catboost,2021-02-01,1008.0,1383.2232082252976
catboost,2021-03-01,1078.0,1059.8658287938588
catboost,2021-04-01,747.0,1070.459825205282
catboost,2021-05-01,738.0,878.8212683181428
catboost,2021-06-01,405.0,631.61000692977
catboost,2021-07-01,299.0,493.24760346532
catboost,2021-08-01,414.0,420.5752413608043
catboost,2020-10-01,571.0,661.0213705033038
catboost,2020-11-01,1106.0,980.3125827871891
catboost,2020-12-01,765.0,1037.6166818186575
catboost,2021-01-01,1244.0,1298.3155657146335
catboost,2021-02-01,1008.0,1253.9189529869109
catboost,2021-03-01,1078.0,1012.5167561141325
catboost,2021-04-01,747.0,897.7627324499163
catboost,2021-05-01,738.0,722.1992797134735
catboost,2021-06-01,405.0,285.5640377226864
catboost,2021-07-01,299.0,322.64562112884323
catboost,2021-08-01,414.0,604.6515981452549
catboost,2021-09-01,439.0,518.2843407567971
catboost,2020-11-01,1106.0,1145.0163515326894
catboost,2020-12-01,765.0,1456.6541312689624
catboost,2021-01-01,1244.0,1505.4483227871233
catboost,2021-02-01,1008.0,2012.2132075034733
catboost,2021-03-01,1078.0,2420.814660707642
catboost,2021-04-01,747.0,1674.9899366362333
catboost,2021-05-01,738.0,1201.814870546351
catboost,2021-06-01,405.0,868.517219572117
catboost,2021-07-01,299.0,593.498305211051
catboost,2021-08-01,414.0,278.6059825039556
catboost,2021-09-01,439.0,403.0600665083457
catboost,2021-10-01,453.0,562.8623678992544
catboost,2020-12-01,765.0,1255.327074869262
catboost,2021-01-01,1244.0,1390.17721298888
catboost,2021-02-01,1008.0,1655.6917408917911
catboost,2021-03-01,1078.0,1530.1440633018847
catboost,2021-04-01,747.0,1063.8756665296205
catboost,2021-05-01,738.0,924.4821136768087
catboost,2021-06-01,405.0,804.4842796918656
catboost,2021-07-01,299.0,698.8677027039739
catboost,2021-08-01,414.0,440.76534253746104
catboost,2021-09-01,439.0,463.7898339661533
catboost,2021-10-01,453.0,425.1817537046509
catboost,2021-11-01,496.0,656.783955861566
catboost,2021-01-01,1244.0,1081.9288155268596
catboost,2021-02-01,1008.0,1307.50269438851
catboost,2021-03-01,1078.0,976.6050930327992
catboost,2021-04-01,747.0,744.2387131348642
catboost,2021-05-01,738.0,724.2729667361682
catboost,2021-06-01,405.0,824.5721845393728
catboost,2021-07-01,299.0,546.1926206115832
catboost,2021-08-01,414.0,138.24431744539925
catboost,2021-09-01,439.0,417.7062026270496
catboost,2021-10-01,453.0,703.9167679650263
catboost,2021-11-01,496.0,723.5230447477234
catboost,2021-12-01,347.0,1540.9131515901772
catboost,2021-02-01,1008.0,1484.5735943391387
catboost,2021-03-01,1078.0,1114.5334034810348
catboost,2021-04-01,747.0,965.8575143344506
catboost,2021-05-01,738.0,990.0961756704455
catboost,2021-06-01,405.0,650.4971040987248
catboost,2021-07-01,299.0,358.8692329259957
catboost,2021-08-01,414.0,224.7719580013145
catboost,2021-09-01,439.0,612.4785949208454
catboost,2021-10-01,453.0,379.55188002014347
catboost,2021-11-01,496.0,1031.8044324300736
catboost,2021-12-01,347.0,1240.4007190402885
catboost,2022-01-01,1187.0,1239.5455069245277
catboost,2021-03-01,1078.0,919.3048652978414
catboost,2021-04-01,747.0,1118.2726076664967
catboost,2021-05-01,738.0,784.2186687262765
catboost,2021-06-01,405.0,727.5654614501
catboost,2021-07-01,299.0,422.75220505242487
catboost,2021-08-01,414.0,252.78790657863829
catboost,2021-09-01,439.0,352.8869310741338
catboost,2021-10-01,453.0,388.23700944268603
catboost,2021-11-01,496.0,736.6367908753728
catboost,2021-12-01,347.0,925.5048670641972
catboost,2022-01-01,1187.0,1294.6194974618402
catboost,2022-02-01,843.0,1263.1650929186867
catboost,2021-04-01,747.0,779.2999456573552
catboost,2021-05-01,738.0,994.8843278462755
catboost,2021-06-01,405.0,859.9615035542038
catboost,2021-07-01,299.0,638.6668961724326
catboost,2021-08-01,414.0,383.88186437213153
catboost,2021-09-01,439.0,499.3944604495791
catboost,2021-10-01,453.0,646.4012123853154
catboost,2021-11-01,496.0,717.8462329899348
catboost,2021-12-01,347.0,846.0362610992588
catboost,2022-01-01,1187.0,968.1445192215779
catboost,2022-02-01,843.0,1060.1309473433957
catboost,2022-03-01,1187.0,1354.1151435394436
catboost,2021-05-01,738.0,699.1910532151469
catboost,2021-06-01,405.0,943.4759262438756
catboost,2021-07-01,299.0,634.5553475348861
catboost,2021-08-01,414.0,916.1765428168101
catboost,2021-09-01,439.0,632.1992259287108
catboost,2021-10-01,453.0,719.2755498808292
catboost,2021-11-01,496.0,802.5039988289045
catboost,2021-12-01,347.0,1025.4603326970273
catboost,2022-01-01,1187.0,1260.5287085591572
catboost,2022-02-01,843.0,1299.3499440790297
catboost,2022-03-01,1187.0,2095.251892095977
catboost,2022-04-01,1585.0,4193.425460056216
catboost,2021-06-01,405.0,638.1880497614557
catboost,2021-07-01,299.0,502.9800596622017
catboost,2021-08-01,414.0,340.46282287132453
catboost,2021-09-01,439.0,515.5010029602954
catboost,2021-10-01,453.0,633.2517172727339
catboost,2021-11-01,496.0,815.417929721948
catboost,2021-12-01,347.0,1149.9232002234462
catboost,2022-01-01,1187.0,1313.2317594600922
catboost,2022-02-01,843.0,1406.9369359355833
catboost,2022-03-01,1187.0,1521.6660325851763
catboost,2022-04-01,1585.0,2186.308894490638
catboost,2022-05-01,1939.0,2999.7273624058516
catboost,2021-07-01,299.0,392.52217702320286
catboost,2021-08-01,414.0,438.54263006110887
catboost,2021-09-01,439.0,414.23301145927053
catboost,2021-10-01,453.0,640.5535505689604
catboost,2021-11-01,496.0,538.231726383603
catboost,2021-12-01,347.0,739.0680258181701
catboost,2022-01-01,1187.0,802.2212086741883
catboost,2022-02-01,843.0,1348.6752503328394
catboost,2022-03-01,1187.0,2083.01638465199
catboost,2022-04-01,1585.0,4088.4277266566414
catboost,2022-05-01,1939.0,16147.14573232544
catboost,2022-06-01,949.0,34328.209690391916
catboost,2021-08-01,414.0,266.9243031562655
catboost,2021-09-01,439.0,321.73329460670175
catboost,2021-10-01,453.0,321.431000584048
catboost,2021-11-01,496.0,430.7232284963684
catboost,2021-12-01,347.0,1026.976682789878
catboost,2022-01-01,1187.0,1251.905671679499
catboost,2022-02-01,843.0,1610.2286279631408
catboost,2022-03-01,1187.0,1889.0975626591944
catboost,2022-04-01,1585.0,3238.452651546315
catboost,2022-05-01,1939.0,14878.62205761829
catboost,2022-06-01,949.0,32937.75108572148
catboost,2022-07-01,858.0,29509.841748436524
catboost,2021-09-01,439.0,508.2411846608211
catboost,2021-10-01,453.0,385.0816515969791
catboost,2021-11-01,496.0,736.0102728266911
catboost,2021-12-01,347.0,1169.1480565818265
catboost,2022-01-01,1187.0,1527.7821746103637
catboost,2022-02-01,843.0,1592.9410010880588
catboost,2022-03-01,1187.0,1848.7737090440128
catboost,2022-04-01,1585.0,3186.056902970633
catboost,2022-05-01,1939.0,14667.512482894743
catboost,2022-06-01,949.0,33137.447412992035
catboost,2022-07-01,858.0,29853.908389493874
catboost,2022-08-01,474.0,21037.978480426045
catboost,2021-10-01,453.0,512.6253674557747
catboost,2021-11-01,496.0,685.4385927320054
catboost,2021-12-01,347.0,1226.3019300066458
catboost,2022-01-01,1187.0,1293.225310033817
catboost,2022-02-01,843.0,2207.015860536019
catboost,2022-03-01,1187.0,3977.306494216803
catboost,2022-04-01,1585.0,17808.388624977317
catboost,2022-05-01,1939.0,35197.098197807936
catboost,2022-06-01,949.0,29233.181113330837
catboost,2022-07-01,858.0,22615.648170148586
catboost,2022-08-01,474.0,18798.636317563898
catboost,2022-09-01,678.0,17102.910286697857
catboost,2021-11-01,496.0,655.0720983057126
catboost,2021-12-01,347.0,1284.2623914282458
catboost,2022-01-01,1187.0,1532.0608873140532
catboost,2022-02-01,843.0,2757.7513958267473
catboost,2022-03-01,1187.0,3919.9747408074504
catboost,2022-04-01,1585.0,16939.548113250235
catboost,2022-05-01,1939.0,33990.21133100511
catboost,2022-06-01,949.0,29217.531079900797
catboost,2022-07-01,858.0,22092.638470033413
catboost,2022-08-01,474.0,18725.178584668276
catboost,2022-09-01,678.0,15320.516983030995
catboost,2022-10-01,1042.0,17356.497967898416
catboost,2021-12-01,347.0,794.9829473867312
catboost,2022-01-01,1187.0,1257.0222998367153
catboost,2022-02-01,843.0,1909.2302407657858
catboost,2022-03-01,1187.0,3384.794216790966
catboost,2022-04-01,1585.0,16615.687196493986
catboost,2022-05-01,1939.0,35671.10369445717
catboost,2022-06-01,949.0,38804.45308229718
catboost,2022-07-01,858.0,29261.877699811892
catboost,2022-08-01,474.0,19871.090337785143
catboost,2022-09-01,678.0,20056.11709312097
catboost,2022-10-01,1042.0,23091.473356996597
catboost,2022-11-01,964.0,25396.10817757252
catboost,2022-01-01,1187.0,647.8010718469304
catboost,2022-02-01,843.0,1295.3990064590926
catboost,2022-03-01,1187.0,1701.4460603542025
catboost,2022-04-01,1585.0,2954.460336890099
catboost,2022-05-01,1939.0,7144.337295125393
catboost,2022-06-01,949.0,20379.25781758636
catboost,2022-07-01,858.0,36288.22197626419
catboost,2022-08-01,474.0,27228.403428429097
catboost,2022-09-01,678.0,22577.05889694248
catboost,2022-10-01,1042.0,21655.93810423952
catboost,2022-11-01,964.0,22948.77480241665
catboost,2022-12-01,819.0,21217.232143793728
catboost,2022-02-01,843.0,1211.3052276484186
catboost,2022-03-01,1187.0,1588.6494902842178
catboost,2022-04-01,1585.0,2122.843926125879
catboost,2022-05-01,1939.0,2868.575804423328
catboost,2022-06-01,949.0,4294.75630736438
catboost,2022-07-01,858.0,15076.269039040795
catboost,2022-08-01,474.0,18930.24532293954
catboost,2022-09-01,678.0,18370.722057907533
catboost,2022-10-01,1042.0,17374.678092049657
catboost,2022-11-01,964.0,17826.95364434336
catboost,2022-12-01,819.0,17195.362140235295
catboost,2023-01-01,3245.0,19083.168733531078
catboost,2022-03-01,1187.0,1445.3968072188795
catboost,2022-04-01,1585.0,2086.793879780933
catboost,2022-05-01,1939.0,3541.1276534793333
catboost,2022-06-01,949.0,16562.64556666733
catboost,2022-07-01,858.0,29023.405309445796
catboost,2022-08-01,474.0,30804.563013747666
catboost,2022-09-01,678.0,23148.126876509923
catboost,2022-10-01,1042.0,21815.79863653075
catboost,2022-11-01,964.0,22487.967334386012
catboost,2022-12-01,819.0,23149.839802208084
catboost,2023-01-01,3245.0,24948.009348911597
catboost,2023-02-01,5487.0,24545.947268473592
catboost,2022-04-01,1585.0,1668.793866376352
catboost,2022-05-01,1939.0,2439.6563286128653
catboost,2022-06-01,949.0,4323.79132978022
catboost,2022-07-01,858.0,14960.928252578948
catboost,2022-08-01,474.0,23625.021622779455
catboost,2022-09-01,678.0,24818.194687222356
catboost,2022-10-01,1042.0,21882.286918089412
catboost,2022-11-01,964.0,20367.227077237512
catboost,2022-12-01,819.0,22696.153128609032
catboost,2023-01-01,3245.0,22696.60665012192
catboost,2023-02-01,5487.0,23304.645752093216
catboost,2023-03-01,12547.0,23287.21880824817
catboost,2022-05-01,1939.0,1823.372290402679
catboost,2022-06-01,949.0,2017.9752106708947
catboost,2022-07-01,858.0,1578.3625204056975
catboost,2022-08-01,474.0,1852.645439633387
catboost,2022-09-01,678.0,1274.6281622576043
catboost,2022-10-01,1042.0,1747.6967018722034
catboost,2022-11-01,964.0,1837.7550852233521
catboost,2022-12-01,819.0,2182.4248741895485
catboost,2023-01-01,3245.0,3748.462909477486
catboost,2023-02-01,5487.0,14947.045850727987
catboost,2023-03-01,12547.0,25479.267580058313
catboost,2023-04-01,20371.0,27793.01442095007
catboost,2022-06-01,949.0,2122.103968626949
catboost,2022-07-01,858.0,2053.3992879678663
catboost,2022-08-01,474.0,2409.3864653217197
catboost,2022-09-01,678.0,2565.6825913291195
catboost,2022-10-01,1042.0,2906.9142846475756
catboost,2022-11-01,964.0,4672.470906667118
catboost,2022-12-01,819.0,15041.59085434653
catboost,2023-01-01,3245.0,23928.30932008189
catboost,2023-02-01,5487.0,28344.923303284035
catboost,2023-03-01,12547.0,24632.11321879662
catboost,2023-04-01,20371.0,20565.722461739817
catboost,2023-05-01,10627.0,13256.14365795638
catboost,2022-07-01,858.0,859.0534674433075
catboost,2022-08-01,474.0,995.3230567007058
catboost,2022-09-01,678.0,662.2996672565391
catboost,2022-10-01,1042.0,942.2826845445675
catboost,2022-11-01,964.0,1115.704855012851
catboost,2022-12-01,819.0,1377.4407075895224
catboost,2023-01-01,3245.0,2156.7028091639886
catboost,2023-02-01,5487.0,3582.6618927892905
catboost,2023-03-01,12547.0,17807.73488016543
catboost,2023-04-01,20371.0,27181.58897847629
catboost,2023-05-01,10627.0,20219.804308881347
catboost,2023-06-01,3721.0,12453.487088149415
catboost,2022-08-01,474.0,1044.859131260332
catboost,2022-09-01,678.0,822.9361903719023
catboost,2022-10-01,1042.0,949.0839483328227
catboost,2022-11-01,964.0,1303.96847729797
catboost,2022-12-01,819.0,1976.161353623524
catboost,2023-01-01,3245.0,3518.4421379550668
catboost,2023-02-01,5487.0,16103.799237100362
catboost,2023-03-01,12547.0,29986.650407368725
catboost,2023-04-01,20371.0,28836.024873702154
catboost,2023-05-01,10627.0,13593.998393245523
catboost,2023-06-01,3721.0,3621.2100403659756
catboost,2023-07-01,1927.0,1875.3731168240106
catboost,2022-09-01,678.0,651.782886149229
catboost,2022-10-01,1042.0,718.6860414039843
catboost,2022-11-01,964.0,911.588783617728
catboost,2022-12-01,819.0,1297.399167789847
catboost,2023-01-01,3245.0,1925.1205345059284
catboost,2023-02-01,5487.0,2269.355645040093
catboost,2023-03-01,12547.0,3954.434406845549
catboost,2023-04-01,20371.0,13562.559541851775
catboost,2023-05-01,10627.0,14621.547336723857
catboost,2023-06-01,3721.0,8314.738866716933
catboost,2023-07-01,1927.0,2397.734757259883
catboost,2023-08-01,1281.0,1517.0466896038429
catboost,2022-10-01,1042.0,621.0066477961363
catboost,2022-11-01,964.0,1090.1591218720132
catboost,2022-12-01,819.0,1301.313881422794
catboost,2023-01-01,3245.0,2020.3443442979615
catboost,2023-02-01,5487.0,2933.26059341942
catboost,2023-03-01,12547.0,7536.974365158469
catboost,2023-04-01,20371.0,15709.570725313935
catboost,2023-05-01,10627.0,13562.753616586862
catboost,2023-06-01,3721.0,7718.4702064495905
catboost,2023-07-01,1927.0,3123.2109522573537
catboost,2023-08-01,1281.0,6923.80277964939
catboost,2023-09-01,1362.0,7779.599399712901
catboost,2022-11-01,964.0,1293.6602573270006
catboost,2022-12-01,819.0,1610.6622350466641
catboost,2023-01-01,3245.0,2376.2215312773546
catboost,2023-02-01,5487.0,3618.6450120487284
catboost,2023-03-01,12547.0,16301.118365642113
catboost,2023-04-01,20371.0,25187.4786793476
catboost,2023-05-01,10627.0,17723.95800706483
catboost,2023-06-01,3721.0,5841.207187475139
catboost,2023-07-01,1927.0,1776.2792919744038
catboost,2023-08-01,1281.0,813.2036082152281
catboost,2023-09-01,1362.0,916.2627224097009
catboost,2023-10-01,1943.0,786.0249699922201
catboost,2022-12-01,819.0,1557.1811959394781
catboost,2023-01-01,3245.0,2399.6013021927974
catboost,2023-02-01,5487.0,3967.142704868775
catboost,2023-03-01,12547.0,16125.949293624153
catboost,2023-04-01,20371.0,25075.853193328174
catboost,2023-05-01,10627.0,19971.85535802027
catboost,2023-06-01,3721.0,11698.81442180089
catboost,2023-07-01,1927.0,4023.0502056344985
catboost,2023-08-01,1281.0,6084.514381300086
catboost,2023-09-01,1362.0,6561.31333867451
catboost,2023-10-01,1943.0,7000.985731774817
catboost,2023-11-01,1713.0,4262.007176863674
catboost,2023-01-01,3245.0,1816.7587302243883
catboost,2023-02-01,5487.0,2531.1524613419915
catboost,2023-03-01,12547.0,5176.44929102615
catboost,2023-04-01,20371.0,14154.918994298858
catboost,2023-05-01,10627.0,16095.891896079364
catboost,2023-06-01,3721.0,10417.780105786205
catboost,2023-07-01,1927.0,2770.4955302101725
catboost,2023-08-01,1281.0,1277.9295805150905
catboost,2023-09-01,1362.0,1335.3053308486137
catboost,2023-10-01,1943.0,1204.8695788103246
catboost,2023-11-01,1713.0,1457.4930272863908
catboost,2023-12-01,5098.0,1946.05843566676
catboost,2023-02-01,5487.0,15959.431393695155
catboost,2023-03-01,12547.0,37375.83775207589
catboost,2023-04-01,20371.0,32178.650454096198
catboost,2023-05-01,10627.0,18688.17561589452
catboost,2023-06-01,3721.0,6288.838003801158
catboost,2023-07-01,1927.0,1891.7679964993022
catboost,2023-08-01,1281.0,1275.230084428269
catboost,2023-09-01,1362.0,1139.9143747723624
catboost,2023-10-01,1943.0,1067.929387012307
catboost,2023-11-01,1713.0,1256.9587235679546
catboost,2023-12-01,5098.0,1445.8804552075812
catboost,2024-01-01,40617.0,1857.0431811822614
catboost,2023-03-01,12547.0,15125.605983955176
catboost,2023-04-01,20371.0,22370.78852071563
catboost,2023-05-01,10627.0,18437.658115388353
catboost,2023-06-01,3721.0,7654.811007489501
catboost,2023-07-01,1927.0,3265.9142376607815
catboost,2023-08-01,1281.0,8053.009457611488
catboost,2023-09-01,1362.0,8159.568134647201
catboost,2023-10-01,1943.0,7304.416246241162
catboost,2023-11-01,1713.0,6274.800720334538
catboost,2023-12-01,5098.0,8779.56549535962
catboost,2024-01-01,40617.0,10869.260281333321
catboost,2024-02-01,103462.0,10513.886235184294
catboost,2023-04-01,20371.0,19538.11678302972
catboost,2023-05-01,10627.0,15206.644685051866
catboost,2023-06-01,3721.0,7271.174015733301
catboost,2023-07-01,1927.0,3746.1107930333114
catboost,2023-08-01,1281.0,6910.731497801
catboost,2023-09-01,1362.0,7614.040072095706
catboost,2023-10-01,1943.0,7657.60969852909
catboost,2023-11-01,1713.0,6125.911805444066
catboost,2023-12-01,5098.0,8019.380701232718
catboost,2024-01-01,40617.0,9042.240264023356
catboost,2024-02-01,103462.0,9561.754511841036
catboost,2024-03-01,122453.0,8291.540939554943
catboost,2023-05-01,10627.0,17232.03082783809
catboost,2023-06-01,3721.0,9009.471008298584
catboost,2023-07-01,1927.0,2738.554392774947
catboost,2023-08-01,1281.0,1698.7357840853679
catboost,2023-09-01,1362.0,1343.9215449825042
catboost,2023-10-01,1943.0,1312.8626392169467
catboost,2023-11-01,1713.0,1558.2957580317034
catboost,2023-12-01,5098.0,1766.2510853395256
catboost,2024-01-01,40617.0,2306.6501239954296
catboost,2024-02-01,103462.0,2847.80955309836
catboost,2024-03-01,122453.0,3330.514218845687
catboost,2024-04-01,43885.0,5455.048585197878
catboost,2023-06-01,3721.0,4833.730655822808
catboost,2023-07-01,1927.0,3085.0088606054405
catboost,2023-08-01,1281.0,6585.4267748098155
catboost,2023-09-01,1362.0,8865.8469745379
catboost,2023-10-01,1943.0,9067.750569065265
catboost,2023-11-01,1713.0,7425.247841063861
catboost,2023-12-01,5098.0,10229.360243471838
catboost,2024-01-01,40617.0,11324.388470625127
catboost,2024-02-01,103462.0,12082.05165916897
catboost,2024-03-01,122453.0,10186.422370140868
catboost,2024-04-01,43885.0,7598.640692915125
catboost,2024-05-01,14182.0,6396.894211719036
catboost,2023-07-01,1927.0,2381.6113505190465
catboost,2023-08-01,1281.0,1922.0490101560745
catboost,2023-09-01,1362.0,1478.6227033694295
catboost,2023-10-01,1943.0,1434.1900330018543
catboost,2023-11-01,1713.0,1529.3086772205234
catboost,2023-12-01,5098.0,1565.73323126915
catboost,2024-01-01,40617.0,2149.17430759295
catboost,2024-02-01,103462.0,2282.8186042764905
catboost,2024-03-01,122453.0,2381.1549220553643
catboost,2024-04-01,43885.0,2411.6273303925186
catboost,2024-05-01,14182.0,2520.2182471661827
catboost,2024-06-01,4909.0,1946.9028726300903
catboost,2023-08-01,1281.0,1379.288006556154
catboost,2023-09-01,1362.0,1500.4460092841528
catboost,2023-10-01,1943.0,1588.303341734092
catboost,2023-11-01,1713.0,1831.2724358350874
catboost,2023-12-01,5098.0,1868.1982453204273
catboost,2024-01-01,40617.0,2555.155486551653
catboost,2024-02-01,103462.0,1708.9348823473424
catboost,2024-03-01,122453.0,1649.065386061412
catboost,2024-04-01,43885.0,1378.9901650348147
catboost,2024-05-01,14182.0,1184.1434815743023
catboost,2024-06-01,4909.0,1032.8797222212015
catboost,2024-07-01,1074.0,718.366052629598
catboost,2023-09-01,1362.0,1483.8360127661776
catboost,2023-10-01,1943.0,1301.93186232079
catboost,2023-11-01,1713.0,1983.8375315330632
catboost,2023-12-01,5098.0,2504.3526200036645
catboost,2024-01-01,40617.0,3015.7725722023047
catboost,2024-02-01,103462.0,4768.273898113583
catboost,2024-03-01,122453.0,8594.811873829241
catboost,2024-04-01,43885.0,7610.720986375716
catboost,2024-05-01,14182.0,6156.921310019121
catboost,2024-06-01,4909.0,5080.897998135986
catboost,2024-07-01,1074.0,4414.130701282714
catboost,2024-08-01,984.0,4676.910583361172
catboost,2023-10-01,1943.0,1395.381040058336
catboost,2023-11-01,1713.0,1780.4913131096123
catboost,2023-12-01,5098.0,1972.7434777158765
catboost,2024-01-01,40617.0,2733.839531398469
catboost,2024-02-01,103462.0,2834.673226451797
catboost,2024-03-01,122453.0,2735.343947558714
catboost,2024-04-01,43885.0,1905.7736065396289
catboost,2024-05-01,14182.0,1426.5057256924342
catboost,2024-06-01,4909.0,1040.467166620002
catboost,2024-07-01,1074.0,705.227541162023
catboost,2024-08-01,984.0,758.0615097890814
catboost,2024-09-01,1519.0,602.5378053543968
catboost,2023-11-01,1713.0,2055.322730534619
catboost,2023-12-01,5098.0,3459.217896242796
catboost,2024-01-01,40617.0,9096.034055739236
catboost,2024-02-01,103462.0,10814.364249784172
catboost,2024-03-01,122453.0,10485.503488842474
catboost,2024-04-01,43885.0,6556.411955540307
catboost,2024-05-01,14182.0,4948.6096312673835
catboost,2024-06-01,4909.0,3654.818618040286
catboost,2024-07-01,1074.0,3343.8381140255256
catboost,2024-08-01,984.0,3419.1449904568635
catboost,2024-09-01,1519.0,4184.722794937055
catboost,2024-10-01,1426.0,6278.013655743656
catboost,2023-12-01,5098.0,1896.9657037082952
catboost,2024-01-01,40617.0,2701.2396413929473
catboost,2024-02-01,103462.0,2405.7629538605884
catboost,2024-03-01,122453.0,2205.306736509839
catboost,2024-04-01,43885.0,2161.870695296138
catboost,2024-05-01,14182.0,2054.377250260249
catboost,2024-06-01,4909.0,1708.4148936174884
catboost,2024-07-01,1074.0,1188.3846768379635
catboost,2024-08-01,984.0,1240.1568875866742
catboost,2024-09-01,1519.0,1152.20363538017
catboost,2024-10-01,1426.0,1178.683693631603
catboost,2024-11-01,2473.0,1213.154275305626
catboost,2024-01-01,40617.0,10949.174892193416
catboost,2024-02-01,103462.0,12022.159541585772
catboost,2024-03-01,122453.0,13250.852550811485
catboost,2024-04-01,43885.0,14252.5338258771
catboost,2024-05-01,14182.0,10618.215456591704
catboost,2024-06-01,4909.0,5234.953462559021
catboost,2024-07-01,1074.0,4353.789882450162
catboost,2024-08-01,984.0,3918.0442979501586
catboost,2024-09-01,1519.0,4881.772618835115
catboost,2024-10-01,1426.0,5726.12398363051
catboost,2024-11-01,2473.0,6544.855261164585
catboost,2024-12-01,2499.0,6411.156893694401
randomforest,2014-01-01,1415.0,8117.31
randomforest,2014-02-01,1920.0,11782.86
randomforest,2014-03-01,2818.0,27619.75
randomforest,2014-04-01,2106.0,25653.13
randomforest,2014-05-01,1315.0,28132.33
randomforest,2014-06-01,993.0,29841.95
randomforest,2014-07-01,375.0,17195.09
randomforest,2014-08-01,376.0,8544.02
randomforest,2014-09-01,417.0,2998.55
randomforest,2014-10-01,476.0,794.3
randomforest,2014-11-01,679.0,575.67
randomforest,2014-12-01,350.0,638.65
randomforest,2014-02-01,1920.0,5539.99
randomforest,2014-03-01,2818.0,19197.23
randomforest,2014-04-01,2106.0,23061.0
randomforest,2014-05-01,1315.0,26353.93
randomforest,2014-06-01,993.0,28443.5
randomforest,2014-07-01,375.0,15482.59
randomforest,2014-08-01,376.0,7077.02
randomforest,2014-09-01,417.0,1875.65
randomforest,2014-10-01,476.0,797.18
randomforest,2014-11-01,679.0,639.28
randomforest,2014-12-01,350.0,653.21
randomforest,2015-01-01,592.0,803.52
randomforest,2014-03-01,2818.0,18835.51
randomforest,2014-04-01,2106.0,23030.77
randomforest,2014-05-01,1315.0,26738.55
randomforest,2014-06-01,993.0,28798.74
randomforest,2014-07-01,375.0,15119.84
randomforest,2014-08-01,376.0,6988.12
randomforest,2014-09-01,417.0,1579.32
randomforest,2014-10-01,476.0,555.08
randomforest,2014-11-01,679.0,533.14
randomforest,2014-12-01,350.0,619.47
randomforest,2015-01-01,592.0,786.63
randomforest,2015-02-01,801.0,1374.38
randomforest,2014-04-01,2106.0,14723.92
randomforest,2014-05-01,1315.0,21301.0
randomforest,2014-06-01,993.0,24483.11
randomforest,2014-07-01,375.0,20023.7
randomforest,2014-08-01,376.0,11068.51
randomforest,2014-09-01,417.0,3244.72
randomforest,2014-10-01,476.0,637.27
randomforest,2014-11-01,679.0,549.07
randomforest,2014-12-01,350.0,603.48
randomforest,2015-01-01,592.0,1405.37
randomforest,2015-02-01,801.0,1606.14
randomforest,2015-03-01,3920.0,1978.18
randomforest,2014-05-01,1315.0,8852.88
randomforest,2014-06-01,993.0,10876.77
randomforest,2014-07-01,375.0,6134.13
randomforest,2014-08-01,376.0,2001.84
randomforest,2014-09-01,417.0,957.74
randomforest,2014-10-01,476.0,383.47
randomforest,2014-11-01,679.0,524.88
randomforest,2014-12-01,350.0,642.42
randomforest,2015-01-01,592.0,816.19
randomforest,2015-02-01,801.0,932.86
randomforest,2015-03-01,3920.0,1222.27
randomforest,2015-04-01,8918.0,1607.22
randomforest,2014-06-01,993.0,4745.6
randomforest,2014-07-01,375.0,3344.14
randomforest,2014-08-01,376.0,1516.41
randomforest,2014-09-01,417.0,793.92
randomforest,2014-10-01,476.0,343.82
randomforest,2014-11-01,679.0,536.31
randomforest,2014-12-01,350.0,606.93
randomforest,2015-01-01,592.0,768.45
randomforest,2015-02-01,801.0,1005.39
randomforest,2015-03-01,3920.0,1350.1
randomforest,2015-04-01,8918.0,1413.21
randomforest,2015-05-01,10646.0,1399.02
randomforest,2014-07-01,375.0,2352.72
randomforest,2014-08-01,376.0,1576.11
randomforest,2014-09-01,417.0,1045.94
randomforest,2014-10-01,476.0,410.89
randomforest,2014-11-01,679.0,487.75
randomforest,2014-12-01,350.0,602.64
randomforest,2015-01-01,592.0,795.07
randomforest,2015-02-01,801.0,958.31
randomforest,2015-03-01,3920.0,1118.86
randomforest,2015-04-01,8918.0,1066.53
randomforest,2015-05-01,10646.0,1063.08
randomforest,2015-06-01,3014.0,1105.06
randomforest,2014-08-01,376.0,500.88
randomforest,2014-09-01,417.0,434.41
randomforest,2014-10-01,476.0,357.97
randomforest,2014-11-01,679.0,501.92
randomforest,2014-12-01,350.0,574.64
randomforest,2015-01-01,592.0,777.58
randomforest,2015-02-01,801.0,1117.59
randomforest,2015-03-01,3920.0,1082.56
randomforest,2015-04-01,8918.0,899.13
randomforest,2015-05-01,10646.0,1140.95
randomforest,2015-06-01,3014.0,966.56
randomforest,2015-07-01,882.0,692.19
randomforest,2014-09-01,417.0,416.08
randomforest,2014-10-01,476.0,374.52
randomforest,2014-11-01,679.0,491.26
randomforest,2014-12-01,350.0,583.5
randomforest,2015-01-01,592.0,851.23
randomforest,2015-02-01,801.0,1145.49
randomforest,2015-03-01,3920.0,1186.92
randomforest,2015-04-01,8918.0,877.11
randomforest,2015-05-01,10646.0,962.61
randomforest,2015-06-01,3014.0,1051.74
randomforest,2015-07-01,882.0,636.24
randomforest,2015-08-01,614.0,364.56
randomforest,2014-10-01,476.0,439.62
randomforest,2014-11-01,679.0,552.99
randomforest,2014-12-01,350.0,708.73
randomforest,2015-01-01,592.0,901.48
randomforest,2015-02-01,801.0,1064.46
randomforest,2015-03-01,3920.0,1116.7
randomforest,2015-04-01,8918.0,919.41
randomforest,2015-05-01,10646.0,928.6
randomforest,2015-06-01,3014.0,883.14
randomforest,2015-07-01,882.0,581.11
randomforest,2015-08-01,614.0,361.88
randomforest,2015-09-01,466.0,350.89
randomforest,2014-11-01,679.0,539.82
randomforest,2014-12-01,350.0,714.35
randomforest,2015-01-01,592.0,877.13
randomforest,2015-02-01,801.0,1099.35
randomforest,2015-03-01,3920.0,1145.64
randomforest,2015-04-01,8918.0,951.85
randomforest,2015-05-01,10646.0,913.73
randomforest,2015-06-01,3014.0,901.1
randomforest,2015-07-01,882.0,597.52
randomforest,2015-08-01,614.0,367.65
randomforest,2015-09-01,466.0,367.78
randomforest,2015-10-01,433.0,366.52
randomforest,2014-12-01,350.0,770.42
randomforest,2015-01-01,592.0,919.11
randomforest,2015-02-01,801.0,1184.5
randomforest,2015-03-01,3920.0,1219.02
randomforest,2015-04-01,8918.0,994.04
randomforest,2015-05-01,10646.0,895.97
randomforest,2015-06-01,3014.0,869.25
randomforest,2015-07-01,882.0,606.87
randomforest,2015-08-01,614.0,367.65
randomforest,2015-09-01,466.0,362.68
randomforest,2015-10-01,433.0,363.72
randomforest,2015-11-01,1256.0,556.36
randomforest,2015-01-01,592.0,803.59
randomforest,2015-02-01,801.0,1116.98
randomforest,2015-03-01,3920.0,1151.47
randomforest,2015-04-01,8918.0,946.29
randomforest,2015-05-01,10646.0,850.7
randomforest,2015-06-01,3014.0,911.31
randomforest,2015-07-01,882.0,794.45
randomforest,2015-08-01,614.0,372.85
randomforest,2015-09-01,466.0,361.12
randomforest,2015-10-01,433.0,356.06
randomforest,2015-11-01,1256.0,394.38
randomforest,2015-12-01,3029.0,454.16
randomforest,2015-02-01,801.0,1062.28
randomforest,2015-03-01,3920.0,1113.75
randomforest,2015-04-01,8918.0,926.65
randomforest,2015-05-01,10646.0,827.97
randomforest,2015-06-01,3014.0,836.04
randomforest,2015-07-01,882.0,804.58
randomforest,2015-08-01,614.0,368.07
randomforest,2015-09-01,466.0,352.96
randomforest,2015-10-01,433.0,355.73
randomforest,2015-11-01,1256.0,388.14
randomforest,2015-12-01,3029.0,336.22
randomforest,2016-01-01,22677.0,535.17
randomforest,2015-03-01,3920.0,1052.27
randomforest,2015-04-01,8918.0,945.85
randomforest,2015-05-01,10646.0,816.03
randomforest,2015-06-01,3014.0,816.5
randomforest,2015-07-01,882.0,855.98
randomforest,2015-08-01,614.0,391.21
randomforest,2015-09-01,466.0,357.26
randomforest,2015-10-01,433.0,371.76
randomforest,2015-11-01,1256.0,395.39
randomforest,2015-12-01,3029.0,388.93
randomforest,2016-01-01,22677.0,555.92
randomforest,2016-02-01,52456.0,718.5
randomforest,2015-04-01,8918.0,1570.07
randomforest,2015-05-01,10646.0,912.92
randomforest,2015-06-01,3014.0,1027.57
randomforest,2015-07-01,882.0,1291.91
randomforest,2015-08-01,614.0,450.97
randomforest,2015-09-01,466.0,365.48
randomforest,2015-10-01,433.0,380.23
randomforest,2015-11-01,1256.0,393.04
randomforest,2015-12-01,3029.0,422.01
randomforest,2016-01-01,22677.0,564.69
randomforest,2016-02-01,52456.0,922.07
randomforest,2016-03-01,54111.0,1277.84
randomforest,2015-05-01,10646.0,6682.62
randomforest,2015-06-01,3014.0,4263.1
randomforest,2015-07-01,882.0,3497.29
randomforest,2015-08-01,614.0,2812.82
randomforest,2015-09-01,466.0,989.92
randomforest,2015-10-01,433.0,424.79
randomforest,2015-11-01,1256.0,447.23
randomforest,2015-12-01,3029.0,467.94
randomforest,2016-01-01,22677.0,577.38
randomforest,2016-02-01,52456.0,901.96
randomforest,2016-03-01,54111.0,1208.18
randomforest,2016-04-01,42332.0,1305.59
randomforest,2015-06-01,3014.0,7833.23
randomforest,2015-07-01,882.0,6914.58
randomforest,2015-08-01,614.0,6367.1
randomforest,2015-09-01,466.0,5990.8
randomforest,2015-10-01,433.0,5901.77
randomforest,2015-11-01,1256.0,4892.16
randomforest,2015-12-01,3029.0,4872.11
randomforest,2016-01-01,22677.0,5139.42
randomforest,2016-02-01,52456.0,5438.39
randomforest,2016-03-01,54111.0,5349.09
randomforest,2016-04-01,42332.0,5428.43
randomforest,2016-05-01,15246.0,5391.81
randomforest,2015-07-01,882.0,2235.26
randomforest,2015-08-01,614.0,1159.77
randomforest,2015-09-01,466.0,555.84
randomforest,2015-10-01,433.0,412.29
randomforest,2015-11-01,1256.0,441.67
randomforest,2015-12-01,3029.0,449.47
randomforest,2016-01-01,22677.0,585.75
randomforest,2016-02-01,52456.0,962.95
randomforest,2016-03-01,54111.0,1303.06
randomforest,2016-04-01,42332.0,1439.47
randomforest,2016-05-01,15246.0,1494.37
randomforest,2016-06-01,1738.0,1276.71
randomforest,2015-08-01,614.0,405.5
randomforest,2015-09-01,466.0,475.13
randomforest,2015-10-01,433.0,416.83
randomforest,2015-11-01,1256.0,443.25
randomforest,2015-12-01,3029.0,474.82
randomforest,2016-01-01,22677.0,586.8
randomforest,2016-02-01,52456.0,971.42
randomforest,2016-03-01,54111.0,1325.21
randomforest,2016-04-01,42332.0,1439.03
randomforest,2016-05-01,15246.0,1559.26
randomforest,2016-06-01,1738.0,1240.15
randomforest,2016-07-01,697.0,1356.0
randomforest,2015-09-01,466.0,525.1
randomforest,2015-10-01,433.0,453.29
randomforest,2015-11-01,1256.0,457.27
randomforest,2015-12-01,3029.0,485.27
randomforest,2016-01-01,22677.0,578.45
randomforest,2016-02-01,52456.0,951.86
randomforest,2016-03-01,54111.0,1158.71
randomforest,2016-04-01,42332.0,1216.96
randomforest,2016-05-01,15246.0,1221.43
randomforest,2016-06-01,1738.0,1115.35
randomforest,2016-07-01,697.0,1319.13
randomforest,2016-08-01,424.0,585.61
randomforest,2015-10-01,433.0,456.52
randomforest,2015-11-01,1256.0,451.36
randomforest,2015-12-01,3029.0,491.34
randomforest,2016-01-01,22677.0,580.17
randomforest,2016-02-01,52456.0,915.31
randomforest,2016-03-01,54111.0,1153.7
randomforest,2016-04-01,42332.0,1246.29
randomforest,2016-05-01,15246.0,1301.96
randomforest,2016-06-01,1738.0,1105.01
randomforest,2016-07-01,697.0,1293.05
randomforest,2016-08-01,424.0,580.9
randomforest,2016-09-01,425.0,454.3
randomforest,2015-11-01,1256.0,453.27
randomforest,2015-12-01,3029.0,493.2
randomforest,2016-01-01,22677.0,563.24
randomforest,2016-02-01,52456.0,1004.1
randomforest,2016-03-01,54111.0,1217.28
randomforest,2016-04-01,42332.0,1244.23
randomforest,2016-05-01,15246.0,1316.96
randomforest,2016-06-01,1738.0,1142.84
randomforest,2016-07-01,697.0,1334.81
randomforest,2016-08-01,424.0,601.99
randomforest,2016-09-01,425.0,444.95
randomforest,2016-10-01,807.0,441.77
randomforest,2015-12-01,3029.0,727.03
randomforest,2016-01-01,22677.0,681.47
randomforest,2016-02-01,52456.0,1064.81
randomforest,2016-03-01,54111.0,1196.51
randomforest,2016-04-01,42332.0,1248.79
randomforest,2016-05-01,15246.0,1239.52
randomforest,2016-06-01,1738.0,989.42
randomforest,2016-07-01,697.0,1200.62
randomforest,2016-08-01,424.0,590.04
randomforest,2016-09-01,425.0,503.78
randomforest,2016-10-01,807.0,548.74
randomforest,2016-11-01,932.0,614.2
randomforest,2016-01-01,22677.0,2775.8
randomforest,2016-02-01,52456.0,2639.65
randomforest,2016-03-01,54111.0,2202.57
randomforest,2016-04-01,42332.0,2453.67
randomforest,2016-05-01,15246.0,2494.62
randomforest,2016-06-01,1738.0,1854.69
randomforest,2016-07-01,697.0,1376.2
randomforest,2016-08-01,424.0,991.83
randomforest,2016-09-01,425.0,654.52
randomforest,2016-10-01,807.0,543.18
randomforest,2016-11-01,932.0,709.04
randomforest,2016-12-01,1822.0,871.89
randomforest,2016-02-01,52456.0,22464.02
randomforest,2016-03-01,54111.0,18368.77
randomforest,2016-04-01,42332.0,18055.31
randomforest,2016-05-01,15246.0,17676.63
randomforest,2016-06-01,1738.0,16527.74
randomforest,2016-07-01,697.0,14541.87
randomforest,2016-08-01,424.0,14507.55
randomforest,2016-09-01,425.0,15584.68
randomforest,2016-10-01,807.0,16712.82
randomforest,2016-11-01,932.0,17509.42
randomforest,2016-12-01,1822.0,18518.49
randomforest,2017-01-01,2847.0,19699.12
randomforest,2016-03-01,54111.0,40419.13
randomforest,2016-04-01,42332.0,35389.46
randomforest,2016-05-01,15246.0,33404.26
randomforest,2016-06-01,1738.0,31444.16
randomforest,2016-07-01,697.0,29814.73
randomforest,2016-08-01,424.0,29169.42
randomforest,2016-09-01,425.0,29709.37
randomforest,2016-10-01,807.0,31361.32
randomforest,2016-11-01,932.0,32959.48
randomforest,2016-12-01,1822.0,34191.0
randomforest,2017-01-01,2847.0,35731.44
randomforest,2017-02-01,1758.0,36197.59
randomforest,2016-04-01,42332.0,43213.07
randomforest,2016-05-01,15246.0,36712.85
randomforest,2016-06-01,1738.0,35687.36
randomforest,2016-07-01,697.0,33615.45
randomforest,2016-08-01,424.0,32884.4
randomforest,2016-09-01,425.0,32183.52
randomforest,2016-10-01,807.0,34625.72
randomforest,2016-11-01,932.0,37316.65
randomforest,2016-12-01,1822.0,38256.79
randomforest,2017-01-01,2847.0,39635.03
randomforest,2017-02-01,1758.0,38938.93
randomforest,2017-03-01,1531.0,39400.51
randomforest,2016-05-01,15246.0,38568.92
randomforest,2016-06-01,1738.0,37611.92
randomforest,2016-07-01,697.0,35899.56
randomforest,2016-08-01,424.0,34591.74
randomforest,2016-09-01,425.0,34824.86
randomforest,2016-10-01,807.0,36053.51
randomforest,2016-11-01,932.0,37049.88
randomforest,2016-12-01,1822.0,39027.43
randomforest,2017-01-01,2847.0,40565.6
randomforest,2017-02-01,1758.0,40126.06
randomforest,2017-03-01,1531.0,41428.65
randomforest,2017-04-01,1225.0,41357.23
randomforest,2016-06-01,1738.0,22199.88
randomforest,2016-07-01,697.0,28042.95
randomforest,2016-08-01,424.0,25695.2
randomforest,2016-09-01,425.0,25177.67
randomforest,2016-10-01,807.0,25710.91
randomforest,2016-11-01,932.0,29389.52
randomforest,2016-12-01,1822.0,31285.36
randomforest,2017-01-01,2847.0,31421.89
randomforest,2017-02-01,1758.0,30583.71
randomforest,2017-03-01,1531.0,34037.95
randomforest,2017-04-01,1225.0,34457.37
randomforest,2017-05-01,664.0,33418.7
randomforest,2016-07-01,697.0,1269.72
randomforest,2016-08-01,424.0,971.38
randomforest,2016-09-01,425.0,1377.03
randomforest,2016-10-01,807.0,1908.41
randomforest,2016-11-01,932.0,2550.08
randomforest,2016-12-01,1822.0,3520.45
randomforest,2017-01-01,2847.0,10547.18
randomforest,2017-02-01,1758.0,10880.27
randomforest,2017-03-01,1531.0,9507.07
randomforest,2017-04-01,1225.0,6861.46
randomforest,2017-05-01,664.0,6218.8
randomforest,2017-06-01,440.0,5840.24
randomforest,2016-08-01,424.0,815.8
randomforest,2016-09-01,425.0,1415.86
randomforest,2016-10-01,807.0,1873.09
randomforest,2016-11-01,932.0,2785.36
randomforest,2016-12-01,1822.0,3507.92
randomforest,2017-01-01,2847.0,11662.64
randomforest,2017-02-01,1758.0,24325.84
randomforest,2017-03-01,1531.0,34750.42
randomforest,2017-04-01,1225.0,31871.19
randomforest,2017-05-01,664.0,29773.06
randomforest,2017-06-01,440.0,25004.14
randomforest,2017-07-01,298.0,19435.67
randomforest,2016-09-01,425.0,1250.15
randomforest,2016-10-01,807.0,1933.59
randomforest,2016-11-01,932.0,2808.83
randomforest,2016-12-01,1822.0,4264.51
randomforest,2017-01-01,2847.0,11438.64
randomforest,2017-02-01,1758.0,11484.08
randomforest,2017-03-01,1531.0,10435.93
randomforest,2017-04-01,1225.0,6287.36
randomforest,2017-05-01,664.0,5643.3
randomforest,2017-06-01,440.0,5855.26
randomforest,2017-07-01,298.0,6304.66
randomforest,2017-08-01,342.0,6452.92
randomforest,2016-10-01,807.0,1283.63
randomforest,2016-11-01,932.0,1832.66
randomforest,2016-12-01,1822.0,3017.24
randomforest,2017-01-01,2847.0,7172.39
randomforest,2017-02-01,1758.0,12677.03
randomforest,2017-03-01,1531.0,23414.22
randomforest,2017-04-01,1225.0,32304.55
randomforest,2017-05-01,664.0,31545.65
randomforest,2017-06-01,440.0,25711.99
randomforest,2017-07-01,298.0,20515.14
randomforest,2017-08-01,342.0,21930.53
randomforest,2017-09-01,571.0,22989.68
randomforest,2016-11-01,932.0,1301.21
randomforest,2016-12-01,1822.0,2253.2
randomforest,2017-01-01,2847.0,4763.03
randomforest,2017-02-01,1758.0,11614.17
randomforest,2017-03-01,1531.0,13512.07
randomforest,2017-04-01,1225.0,23868.55
randomforest,2017-05-01,664.0,28053.98
randomforest,2017-06-01,440.0,23331.4
randomforest,2017-07-01,298.0,19242.12
randomforest,2017-08-01,342.0,20732.21
randomforest,2017-09-01,571.0,22754.32
randomforest,2017-10-01,966.0,26672.45
randomforest,2016-12-01,1822.0,1569.18
randomforest,2017-01-01,2847.0,2029.03
randomforest,2017-02-01,1758.0,4020.21
randomforest,2017-03-01,1531.0,8475.51
randomforest,2017-04-01,1225.0,8347.29
randomforest,2017-05-01,664.0,7200.13
randomforest,2017-06-01,440.0,5047.11
randomforest,2017-07-01,298.0,5013.31
randomforest,2017-08-01,342.0,5735.42
randomforest,2017-09-01,571.0,7146.38
randomforest,2017-10-01,966.0,8712.25
randomforest,2017-11-01,746.0,11365.24
randomforest,2017-01-01,2847.0,2406.79
randomforest,2017-02-01,1758.0,4052.06
randomforest,2017-03-01,1531.0,8554.23
randomforest,2017-04-01,1225.0,8297.57
randomforest,2017-05-01,664.0,6708.91
randomforest,2017-06-01,440.0,5040.24
randomforest,2017-07-01,298.0,4289.85
randomforest,2017-08-01,342.0,4574.91
randomforest,2017-09-01,571.0,6044.62
randomforest,2017-10-01,966.0,7734.72
randomforest,2017-11-01,746.0,9760.23
randomforest,2017-12-01,1109.0,11906.07
randomforest,2017-02-01,1758.0,5105.76
randomforest,2017-03-01,1531.0,10093.22
randomforest,2017-04-01,1225.0,8962.87
randomforest,2017-05-01,664.0,6939.8
randomforest,2017-06-01,440.0,5801.74
randomforest,2017-07-01,298.0,5296.04
randomforest,2017-08-01,342.0,5722.9
randomforest,2017-09-01,571.0,6824.65
randomforest,2017-10-01,966.0,8365.52
randomforest,2017-11-01,746.0,10603.06
randomforest,2017-12-01,1109.0,11867.06
randomforest,2018-01-01,1267.0,25661.95
randomforest,2017-03-01,1531.0,2248.82
randomforest,2017-04-01,1225.0,2332.35
randomforest,2017-05-01,664.0,2060.78
randomforest,2017-06-01,440.0,1231.64
randomforest,2017-07-01,298.0,742.83
randomforest,2017-08-01,342.0,561.71
randomforest,2017-09-01,571.0,633.33
randomforest,2017-10-01,966.0,735.46
randomforest,2017-11-01,746.0,784.28
randomforest,2017-12-01,1109.0,1108.1
randomforest,2018-01-01,1267.0,1898.59
randomforest,2018-02-01,975.0,2160.24
randomforest,2017-04-01,1225.0,1726.36
randomforest,2017-05-01,664.0,1484.74
randomforest,2017-06-01,440.0,952.72
randomforest,2017-07-01,298.0,654.43
randomforest,2017-08-01,342.0,560.58
randomforest,2017-09-01,571.0,662.9
randomforest,2017-10-01,966.0,737.6
randomforest,2017-11-01,746.0,820.77
randomforest,2017-12-01,1109.0,1208.67
randomforest,2018-01-01,1267.0,1883.58
randomforest,2018-02-01,975.0,1816.97
randomforest,2018-03-01,866.0,1566.22
randomforest,2017-05-01,664.0,1323.24
randomforest,2017-06-01,440.0,1101.6
randomforest,2017-07-01,298.0,811.74
randomforest,2017-08-01,342.0,679.3
randomforest,2017-09-01,571.0,595.12
randomforest,2017-10-01,966.0,678.82
randomforest,2017-11-01,746.0,737.48
randomforest,2017-12-01,1109.0,953.09
randomforest,2018-01-01,1267.0,1696.32
randomforest,2018-02-01,975.0,1840.67
randomforest,2018-03-01,866.0,1740.93
randomforest,2018-04-01,771.0,1816.19
randomforest,2017-06-01,440.0,750.93
randomforest,2017-07-01,298.0,696.83
randomforest,2017-08-01,342.0,530.82
randomforest,2017-09-01,571.0,720.86
randomforest,2017-10-01,966.0,838.33
randomforest,2017-11-01,746.0,830.59
randomforest,2017-12-01,1109.0,1227.09
randomforest,2018-01-01,1267.0,1485.09
randomforest,2018-02-01,975.0,1696.13
randomforest,2018-03-01,866.0,1571.54
randomforest,2018-04-01,771.0,1459.09
randomforest,2018-05-01,411.0,789.81
randomforest,2017-07-01,298.0,644.32
randomforest,2017-08-01,342.0,541.99
randomforest,2017-09-01,571.0,703.36
randomforest,2017-10-01,966.0,760.24
randomforest,2017-11-01,746.0,730.76
randomforest,2017-12-01,1109.0,1061.32
randomforest,2018-01-01,1267.0,1476.81
randomforest,2018-02-01,975.0,1664.07
randomforest,2018-03-01,866.0,1619.79
randomforest,2018-04-01,771.0,1328.13
randomforest,2018-05-01,411.0,704.63
randomforest,2018-06-01,338.0,500.6
randomforest,2017-08-01,342.0,438.14
randomforest,2017-09-01,571.0,713.41
randomforest,2017-10-01,966.0,751.08
randomforest,2017-11-01,746.0,800.71
randomforest,2017-12-01,1109.0,1289.68
randomforest,2018-01-01,1267.0,1621.75
randomforest,2018-02-01,975.0,1505.29
randomforest,2018-03-01,866.0,1381.63
randomforest,2018-04-01,771.0,1236.62
randomforest,2018-05-01,411.0,510.39
randomforest,2018-06-01,338.0,408.72
randomforest,2018-07-01,355.0,413.11
randomforest,2017-09-01,571.0,674.45
randomforest,2017-10-01,966.0,802.02
randomforest,2017-11-01,746.0,831.8
randomforest,2017-12-01,1109.0,1247.99
randomforest,2018-01-01,1267.0,1449.06
randomforest,2018-02-01,975.0,1489.23
randomforest,2018-03-01,866.0,1366.93
randomforest,2018-04-01,771.0,1201.7
randomforest,2018-05-01,411.0,508.17
randomforest,2018-06-01,338.0,404.1
randomforest,2018-07-01,355.0,392.64
randomforest,2018-08-01,275.0,442.49
randomforest,2017-10-01,966.0,780.98
randomforest,2017-11-01,746.0,845.12
randomforest,2017-12-01,1109.0,1187.04
randomforest,2018-01-01,1267.0,1380.59
randomforest,2018-02-01,975.0,1590.44
randomforest,2018-03-01,866.0,1404.51
randomforest,2018-04-01,771.0,1233.8
randomforest,2018-05-01,411.0,611.68
randomforest,2018-06-01,338.0,416.81
randomforest,2018-07-01,355.0,379.19
randomforest,2018-08-01,275.0,423.05
randomforest,2018-09-01,484.0,578.1
randomforest,2017-11-01,746.0,905.2
randomforest,2017-12-01,1109.0,1216.47
randomforest,2018-01-01,1267.0,1339.29
randomforest,2018-02-01,975.0,1568.25
randomforest,2018-03-01,866.0,1337.78
randomforest,2018-04-01,771.0,1219.29
randomforest,2018-05-01,411.0,619.22
randomforest,2018-06-01,338.0,430.12
randomforest,2018-07-01,355.0,409.87
randomforest,2018-08-01,275.0,447.4
randomforest,2018-09-01,484.0,612.6
randomforest,2018-10-01,511.0,809.17
randomforest,2017-12-01,1109.0,1152.58
randomforest,2018-01-01,1267.0,1308.88
randomforest,2018-02-01,975.0,1471.3
randomforest,2018-03-01,866.0,1376.72
randomforest,2018-04-01,771.0,1225.4
randomforest,2018-05-01,411.0,531.76
randomforest,2018-06-01,338.0,425.3
randomforest,2018-07-01,355.0,412.18
randomforest,2018-08-01,275.0,460.35
randomforest,2018-09-01,484.0,620.64
randomforest,2018-10-01,511.0,782.71
randomforest,2018-11-01,616.0,898.48
randomforest,2018-01-01,1267.0,1368.63
randomforest,2018-02-01,975.0,1527.24
randomforest,2018-03-01,866.0,1448.41
randomforest,2018-04-01,771.0,1299.88
randomforest,2018-05-01,411.0,585.69
randomforest,2018-06-01,338.0,413.66
randomforest,2018-07-01,355.0,386.55
randomforest,2018-08-01,275.0,426.34
randomforest,2018-09-01,484.0,617.62
randomforest,2018-10-01,511.0,918.72
randomforest,2018-11-01,616.0,1031.73
randomforest,2018-12-01,1085.0,1233.87
randomforest,2018-02-01,975.0,1623.98
randomforest,2018-03-01,866.0,1449.63
randomforest,2018-04-01,771.0,1186.89
randomforest,2018-05-01,411.0,599.79
randomforest,2018-06-01,338.0,404.98
randomforest,2018-07-01,355.0,377.95
randomforest,2018-08-01,275.0,413.79
randomforest,2018-09-01,484.0,584.63
randomforest,2018-10-01,511.0,874.02
randomforest,2018-11-01,616.0,966.02
randomforest,2018-12-01,1085.0,1194.63
randomforest,2019-01-01,1624.0,1159.36
randomforest,2018-03-01,866.0,1094.69
randomforest,2018-04-01,771.0,898.04
randomforest,2018-05-01,411.0,579.18
randomforest,2018-06-01,338.0,416.42
randomforest,2018-07-01,355.0,379.79
randomforest,2018-08-01,275.0,448.87
randomforest,2018-09-01,484.0,591.4
randomforest,2018-10-01,511.0,898.25
randomforest,2018-11-01,616.0,945.42
randomforest,2018-12-01,1085.0,1216.71
randomforest,2019-01-01,1624.0,1142.35
randomforest,2019-02-01,3761.0,1036.45
randomforest,2018-04-01,771.0,829.82
randomforest,2018-05-01,411.0,591.03
randomforest,2018-06-01,338.0,411.77
randomforest,2018-07-01,355.0,373.42
randomforest,2018-08-01,275.0,420.71
randomforest,2018-09-01,484.0,564.34
randomforest,2018-10-01,511.0,847.21
randomforest,2018-11-01,616.0,965.98
randomforest,2018-12-01,1085.0,1290.95
randomforest,2019-01-01,1624.0,1234.98
randomforest,2019-02-01,3761.0,1000.68
randomforest,2019-03-01,22227.0,911.69
randomforest,2018-05-01,411.0,472.65
randomforest,2018-06-01,338.0,412.29
randomforest,2018-07-01,355.0,384.12
randomforest,2018-08-01,275.0,426.0
randomforest,2018-09-01,484.0,594.72
randomforest,2018-10-01,511.0,791.31
randomforest,2018-11-01,616.0,929.11
randomforest,2018-12-01,1085.0,1232.51
randomforest,2019-01-01,1624.0,1178.43
randomforest,2019-02-01,3761.0,1062.74
randomforest,2019-03-01,22227.0,942.67
randomforest,2019-04-01,50747.0,505.69
randomforest,2018-06-01,338.0,384.1
randomforest,2018-07-01,355.0,371.92
randomforest,2018-08-01,275.0,439.6
randomforest,2018-09-01,484.0,579.06
randomforest,2018-10-01,511.0,847.51
randomforest,2018-11-01,616.0,901.68
randomforest,2018-12-01,1085.0,1342.23
randomforest,2019-01-01,1624.0,1234.83
randomforest,2019-02-01,3761.0,1033.95
randomforest,2019-03-01,22227.0,905.37
randomforest,2019-04-01,50747.0,478.91
randomforest,2019-05-01,50832.0,400.08
randomforest,2018-07-01,355.0,354.8
randomforest,2018-08-01,275.0,404.75
randomforest,2018-09-01,484.0,514.83
randomforest,2018-10-01,511.0,877.48
randomforest,2018-11-01,616.0,970.04
randomforest,2018-12-01,1085.0,1300.18
randomforest,2019-01-01,1624.0,1236.53
randomforest,2019-02-01,3761.0,1011.01
randomforest,2019-03-01,22227.0,886.38
randomforest,2019-04-01,50747.0,491.81
randomforest,2019-05-01,50832.0,405.07
randomforest,2019-06-01,16275.0,378.97
randomforest,2018-08-01,275.0,411.11
randomforest,2018-09-01,484.0,546.75
randomforest,2018-10-01,511.0,867.14
randomforest,2018-11-01,616.0,962.15
randomforest,2018-12-01,1085.0,1330.76
randomforest,2019-01-01,1624.0,1251.5
randomforest,2019-02-01,3761.0,1000.64
randomforest,2019-03-01,22227.0,898.7
randomforest,2019-04-01,50747.0,495.66
randomforest,2019-05-01,50832.0,387.94
randomforest,2019-06-01,16275.0,376.55
randomforest,2019-07-01,1621.0,371.1
randomforest,2018-09-01,484.0,561.79
randomforest,2018-10-01,511.0,905.19
randomforest,2018-11-01,616.0,1092.26
randomforest,2018-12-01,1085.0,1497.8
randomforest,2019-01-01,1624.0,1424.27
randomforest,2019-02-01,3761.0,996.88
randomforest,2019-03-01,22227.0,930.28
randomforest,2019-04-01,50747.0,512.58
randomforest,2019-05-01,50832.0,386.69
randomforest,2019-06-01,16275.0,362.15
randomforest,2019-07-01,1621.0,365.08
randomforest,2019-08-01,636.0,393.04
randomforest,2018-10-01,511.0,825.98
randomforest,2018-11-01,616.0,954.05
randomforest,2018-12-01,1085.0,1445.08
randomforest,2019-01-01,1624.0,1415.89
randomforest,2019-02-01,3761.0,1028.45
randomforest,2019-03-01,22227.0,931.37
randomforest,2019-04-01,50747.0,501.99
randomforest,2019-05-01,50832.0,373.89
randomforest,2019-06-01,16275.0,366.07
randomforest,2019-07-01,1621.0,368.35
randomforest,2019-08-01,636.0,409.46
randomforest,2019-09-01,653.0,490.27
randomforest,2018-11-01,616.0,947.29
randomforest,2018-12-01,1085.0,1464.41
randomforest,2019-01-01,1624.0,1509.47
randomforest,2019-02-01,3761.0,964.78
randomforest,2019-03-01,22227.0,900.72
randomforest,2019-04-01,50747.0,472.36
randomforest,2019-05-01,50832.0,369.67
randomforest,2019-06-01,16275.0,370.98
randomforest,2019-07-01,1621.0,355.17
randomforest,2019-08-01,636.0,367.13
randomforest,2019-09-01,653.0,376.68
randomforest,2019-10-01,523.0,498.15
randomforest,2018-12-01,1085.0,1347.77
randomforest,2019-01-01,1624.0,1408.11
randomforest,2019-02-01,3761.0,984.06
randomforest,2019-03-01,22227.0,875.47
randomforest,2019-04-01,50747.0,469.89
randomforest,2019-05-01,50832.0,386.86
randomforest,2019-06-01,16275.0,372.05
randomforest,2019-07-01,1621.0,358.47
randomforest,2019-08-01,636.0,358.69
randomforest,2019-09-01,653.0,371.29
randomforest,2019-10-01,523.0,431.17
randomforest,2019-11-01,557.0,872.2
randomforest,2019-01-01,1624.0,1391.53
randomforest,2019-02-01,3761.0,956.72
randomforest,2019-03-01,22227.0,841.65
randomforest,2019-04-01,50747.0,479.3
randomforest,2019-05-01,50832.0,393.48
randomforest,2019-06-01,16275.0,367.91
randomforest,2019-07-01,1621.0,353.0
randomforest,2019-08-01,636.0,355.25
randomforest,2019-09-01,653.0,367.98
randomforest,2019-10-01,523.0,423.27
randomforest,2019-11-01,557.0,809.82
randomforest,2019-12-01,903.0,1278.41
randomforest,2019-02-01,3761.0,951.47
randomforest,2019-03-01,22227.0,843.19
randomforest,2019-04-01,50747.0,486.64
randomforest,2019-05-01,50832.0,393.8
randomforest,2019-06-01,16275.0,367.53
randomforest,2019-07-01,1621.0,358.45
randomforest,2019-08-01,636.0,364.28
randomforest,2019-09-01,653.0,387.18
randomforest,2019-10-01,523.0,413.21
randomforest,2019-11-01,557.0,789.44
randomforest,2019-12-01,903.0,1276.99
randomforest,2020-01-01,1709.0,1342.73
randomforest,2019-03-01,22227.0,7828.96
randomforest,2019-04-01,50747.0,7062.12
randomforest,2019-05-01,50832.0,6468.85
randomforest,2019-06-01,16275.0,6713.31
randomforest,2019-07-01,1621.0,6835.39
randomforest,2019-08-01,636.0,8262.86
randomforest,2019-09-01,653.0,10476.35
randomforest,2019-10-01,523.0,10983.53
randomforest,2019-11-01,557.0,12053.26
randomforest,2019-12-01,903.0,27767.91
randomforest,2020-01-01,1709.0,36248.67
randomforest,2020-02-01,2968.0,37072.86
randomforest,2019-04-01,50747.0,24071.13
randomforest,2019-05-01,50832.0,23727.05
randomforest,2019-06-01,16275.0,22678.62
randomforest,2019-07-01,1621.0,21391.26
randomforest,2019-08-01,636.0,22971.94
randomforest,2019-09-01,653.0,24487.66
randomforest,2019-10-01,523.0,25990.99
randomforest,2019-11-01,557.0,29923.59
randomforest,2019-12-01,903.0,34446.13
randomforest,2020-01-01,1709.0,34283.09
randomforest,2020-02-01,2968.0,31902.34
randomforest,2020-03-01,5135.0,26054.8
randomforest,2019-05-01,50832.0,36615.09
randomforest,2019-06-01,16275.0,31064.97
randomforest,2019-07-01,1621.0,29060.31
randomforest,2019-08-01,636.0,31200.52
randomforest,2019-09-01,653.0,32138.01
randomforest,2019-10-01,523.0,32532.47
randomforest,2019-11-01,557.0,35045.07
randomforest,2019-12-01,903.0,37524.1
randomforest,2020-01-01,1709.0,37493.34
randomforest,2020-02-01,2968.0,36132.93
randomforest,2020-03-01,5135.0,33228.59
randomforest,2020-04-01,2617.0,24216.69
randomforest,2019-06-01,16275.0,34813.1
randomforest,2019-07-01,1621.0,31955.14
randomforest,2019-08-01,636.0,32954.27
randomforest,2019-09-01,653.0,35145.08
randomforest,2019-10-01,523.0,34932.34
randomforest,2019-11-01,557.0,35210.41
randomforest,2019-12-01,903.0,36173.73
randomforest,2020-01-01,1709.0,36252.24
randomforest,2020-02-01,2968.0,35752.48
randomforest,2020-03-01,5135.0,34066.48
randomforest,2020-04-01,2617.0,29283.4
randomforest,2020-05-01,2116.0,26163.97
randomforest,2019-07-01,1621.0,16401.13
randomforest,2019-08-01,636.0,21017.34
randomforest,2019-09-01,653.0,29782.35
randomforest,2019-10-01,523.0,30518.97
randomforest,2019-11-01,557.0,30645.87
randomforest,2019-12-01,903.0,32389.89
randomforest,2020-01-01,1709.0,32043.97
randomforest,2020-02-01,2968.0,32479.52
randomforest,2020-03-01,5135.0,32038.09
randomforest,2020-04-01,2617.0,26703.29
randomforest,2020-05-01,2116.0,24436.16
randomforest,2020-06-01,1795.0,24867.44
randomforest,2019-08-01,636.0,910.88
randomforest,2019-09-01,653.0,616.73
randomforest,2019-10-01,523.0,644.38
randomforest,2019-11-01,557.0,938.92
randomforest,2019-12-01,903.0,1296.16
randomforest,2020-01-01,1709.0,1967.06
randomforest,2020-02-01,2968.0,2493.07
randomforest,2020-03-01,5135.0,2294.98
randomforest,2020-04-01,2617.0,3083.97
randomforest,2020-05-01,2116.0,6569.78
randomforest,2020-06-01,1795.0,6170.05
randomforest,2020-07-01,1101.0,5659.95
randomforest,2019-09-01,653.0,499.95
randomforest,2019-10-01,523.0,694.85
randomforest,2019-11-01,557.0,969.92
randomforest,2019-12-01,903.0,1273.07
randomforest,2020-01-01,1709.0,2182.81
randomforest,2020-02-01,2968.0,3281.22
randomforest,2020-03-01,5135.0,8541.54
randomforest,2020-04-01,2617.0,7980.63
randomforest,2020-05-01,2116.0,5690.71
randomforest,2020-06-01,1795.0,5560.85
randomforest,2020-07-01,1101.0,5758.79
randomforest,2020-08-01,815.0,6523.4
randomforest,2019-10-01,523.0,737.49
randomforest,2019-11-01,557.0,995.77
randomforest,2019-12-01,903.0,1288.68
randomforest,2020-01-01,1709.0,2253.61
randomforest,2020-02-01,2968.0,2880.52
randomforest,2020-03-01,5135.0,2295.5
randomforest,2020-04-01,2617.0,3204.54
randomforest,2020-05-01,2116.0,7158.58
randomforest,2020-06-01,1795.0,5995.33
randomforest,2020-07-01,1101.0,6254.92
randomforest,2020-08-01,815.0,7395.04
randomforest,2020-09-01,607.0,7249.5
randomforest,2019-11-01,557.0,944.82
randomforest,2019-12-01,903.0,1309.39
randomforest,2020-01-01,1709.0,2274.77
randomforest,2020-02-01,2968.0,3424.07
randomforest,2020-03-01,5135.0,10085.89
randomforest,2020-04-01,2617.0,7471.27
randomforest,2020-05-01,2116.0,5933.47
randomforest,2020-06-01,1795.0,4920.57
randomforest,2020-07-01,1101.0,5391.15
randomforest,2020-08-01,815.0,6641.54
randomforest,2020-09-01,607.0,7064.16
randomforest,2020-10-01,571.0,7209.14
randomforest,2019-12-01,903.0,965.97
randomforest,2020-01-01,1709.0,2008.06
randomforest,2020-02-01,2968.0,3325.9
randomforest,2020-03-01,5135.0,10403.5
randomforest,2020-04-01,2617.0,7628.21
randomforest,2020-05-01,2116.0,5564.67
randomforest,2020-06-01,1795.0,5147.33
randomforest,2020-07-01,1101.0,5139.34
randomforest,2020-08-01,815.0,5651.36
randomforest,2020-09-01,607.0,5974.45
randomforest,2020-10-01,571.0,7198.03
randomforest,2020-11-01,1106.0,8570.91
randomforest,2020-01-01,1709.0,2000.7
randomforest,2020-02-01,2968.0,3115.01
randomforest,2020-03-01,5135.0,10376.8
randomforest,2020-04-01,2617.0,8279.38
randomforest,2020-05-01,2116.0,5869.7
randomforest,2020-06-01,1795.0,5768.77
randomforest,2020-07-01,1101.0,5712.38
randomforest,2020-08-01,815.0,6635.78
randomforest,2020-09-01,607.0,7014.74
randomforest,2020-10-01,571.0,7785.13
randomforest,2020-11-01,1106.0,8693.79
randomforest,2020-12-01,765.0,10768.49
randomforest,2020-02-01,2968.0,1948.68
randomforest,2020-03-01,5135.0,2518.73
randomforest,2020-04-01,2617.0,3385.43
randomforest,2020-05-01,2116.0,7010.46
randomforest,2020-06-01,1795.0,6015.23
randomforest,2020-07-01,1101.0,6388.84
randomforest,2020-08-01,815.0,6391.7
randomforest,2020-09-01,607.0,6517.37
randomforest,2020-10-01,571.0,7462.18
randomforest,2020-11-01,1106.0,7547.51
randomforest,2020-12-01,765.0,8399.44
randomforest,2021-01-01,1244.0,9871.76
randomforest,2020-03-01,5135.0,3492.85
randomforest,2020-04-01,2617.0,10407.17
randomforest,2020-05-01,2116.0,5771.45
randomforest,2020-06-01,1795.0,5709.14
randomforest,2020-07-01,1101.0,5373.58
randomforest,2020-08-01,815.0,7061.31
randomforest,2020-09-01,607.0,8213.26
randomforest,2020-10-01,571.0,9370.81
randomforest,2020-11-01,1106.0,9531.87
randomforest,2020-12-01,765.0,9983.89
randomforest,2021-01-01,1244.0,10369.05
randomforest,2021-02-01,1008.0,10663.95
randomforest,2020-04-01,2617.0,8207.76
randomforest,2020-05-01,2116.0,5897.78
randomforest,2020-06-01,1795.0,5806.31
randomforest,2020-07-01,1101.0,5698.05
randomforest,2020-08-01,815.0,6575.04
randomforest,2020-09-01,607.0,7252.29
randomforest,2020-10-01,571.0,8399.02
randomforest,2020-11-01,1106.0,8360.74
randomforest,2020-12-01,765.0,9938.11
randomforest,2021-01-01,1244.0,9902.41
randomforest,2021-02-01,1008.0,9470.09
randomforest,2021-03-01,1078.0,9933.44
randomforest,2020-05-01,2116.0,1429.06
randomforest,2020-06-01,1795.0,883.45
randomforest,2020-07-01,1101.0,651.2
randomforest,2020-08-01,815.0,454.78
randomforest,2020-09-01,607.0,453.24
randomforest,2020-10-01,571.0,515.22
randomforest,2020-11-01,1106.0,806.14
randomforest,2020-12-01,765.0,1210.27
randomforest,2021-01-01,1244.0,1168.8
randomforest,2021-02-01,1008.0,1460.85
randomforest,2021-03-01,1078.0,1364.17
randomforest,2021-04-01,747.0,1132.19
randomforest,2020-06-01,1795.0,1318.92
randomforest,2020-07-01,1101.0,738.82
randomforest,2020-08-01,815.0,462.61
randomforest,2020-09-01,607.0,471.02
randomforest,2020-10-01,571.0,525.34
randomforest,2020-11-01,1106.0,801.45
randomforest,2020-12-01,765.0,1143.63
randomforest,2021-01-01,1244.0,1225.56
randomforest,2021-02-01,1008.0,1537.53
randomforest,2021-03-01,1078.0,1450.33
randomforest,2021-04-01,747.0,1440.51
randomforest,2021-05-01,738.0,1240.08
randomforest,2020-07-01,1101.0,981.35
randomforest,2020-08-01,815.0,585.62
randomforest,2020-09-01,607.0,473.17
randomforest,2020-10-01,571.0,529.01
randomforest,2020-11-01,1106.0,820.22
randomforest,2020-12-01,765.0,1131.26
randomforest,2021-01-01,1244.0,1291.92
randomforest,2021-02-01,1008.0,1793.96
randomforest,2021-03-01,1078.0,1786.23
randomforest,2021-04-01,747.0,1697.97
randomforest,2021-05-01,738.0,1612.55
randomforest,2021-06-01,405.0,929.76
randomforest,2020-08-01,815.0,665.44
randomforest,2020-09-01,607.0,470.55
randomforest,2020-10-01,571.0,520.69
randomforest,2020-11-01,1106.0,822.57
randomforest,2020-12-01,765.0,1143.36
randomforest,2021-01-01,1244.0,1247.48
randomforest,2021-02-01,1008.0,1759.44
randomforest,2021-03-01,1078.0,1773.22
randomforest,2021-04-01,747.0,1616.28
randomforest,2021-05-01,738.0,1298.02
randomforest,2021-06-01,405.0,972.26
randomforest,2021-07-01,299.0,710.26
randomforest,2020-09-01,607.0,570.24
randomforest,2020-10-01,571.0,559.43
randomforest,2020-11-01,1106.0,803.77
randomforest,2020-12-01,765.0,1095.83
randomforest,2021-01-01,1244.0,1238.91
randomforest,2021-02-01,1008.0,1699.06
randomforest,2021-03-01,1078.0,1799.63
randomforest,2021-04-01,747.0,1712.81
randomforest,2021-05-01,738.0,1542.51
randomforest,2021-06-01,405.0,1004.94
randomforest,2021-07-01,299.0,786.96
randomforest,2021-08-01,414.0,545.85
randomforest,2020-10-01,571.0,563.15
randomforest,2020-11-01,1106.0,815.33
randomforest,2020-12-01,765.0,1014.56
randomforest,2021-01-01,1244.0,1174.53
randomforest,2021-02-01,1008.0,1614.68
randomforest,2021-03-01,1078.0,1573.27
randomforest,2021-04-01,747.0,1513.45
randomforest,2021-05-01,738.0,1346.64
randomforest,2021-06-01,405.0,1058.71
randomforest,2021-07-01,299.0,821.01
randomforest,2021-08-01,414.0,601.47
randomforest,2021-09-01,439.0,475.65
randomforest,2020-11-01,1106.0,796.04
randomforest,2020-12-01,765.0,1106.18
randomforest,2021-01-01,1244.0,1255.69
randomforest,2021-02-01,1008.0,1670.67
randomforest,2021-03-01,1078.0,1901.19
randomforest,2021-04-01,747.0,1733.47
randomforest,2021-05-01,738.0,1655.67
randomforest,2021-06-01,405.0,1308.1
randomforest,2021-07-01,299.0,852.94
randomforest,2021-08-01,414.0,597.75
randomforest,2021-09-01,439.0,496.31
randomforest,2021-10-01,453.0,558.99
randomforest,2020-12-01,765.0,1285.67
randomforest,2021-01-01,1244.0,1341.09
randomforest,2021-02-01,1008.0,1523.77
randomforest,2021-03-01,1078.0,1487.67
randomforest,2021-04-01,747.0,1351.87
randomforest,2021-05-01,738.0,1312.0
randomforest,2021-06-01,405.0,1050.95
randomforest,2021-07-01,299.0,825.98
randomforest,2021-08-01,414.0,657.11
randomforest,2021-09-01,439.0,508.57
randomforest,2021-10-01,453.0,610.63
randomforest,2021-11-01,496.0,843.28
randomforest,2021-01-01,1244.0,1072.76
randomforest,2021-02-01,1008.0,1480.58
randomforest,2021-03-01,1078.0,1662.47
randomforest,2021-04-01,747.0,1898.66
randomforest,2021-05-01,738.0,1580.3
randomforest,2021-06-01,405.0,1036.79
randomforest,2021-07-01,299.0,789.64
randomforest,2021-08-01,414.0,584.93
randomforest,2021-09-01,439.0,489.95
randomforest,2021-10-01,453.0,620.73
randomforest,2021-11-01,496.0,834.63
randomforest,2021-12-01,347.0,836.34
randomforest,2021-02-01,1008.0,1530.9
randomforest,2021-03-01,1078.0,1495.8
randomforest,2021-04-01,747.0,1462.42
randomforest,2021-05-01,738.0,1321.56
randomforest,2021-06-01,405.0,946.71
randomforest,2021-07-01,299.0,753.71
randomforest,2021-08-01,414.0,545.13
randomforest,2021-09-01,439.0,476.33
randomforest,2021-10-01,453.0,605.11
randomforest,2021-11-01,496.0,853.33
randomforest,2021-12-01,347.0,810.33
randomforest,2022-01-01,1187.0,954.46
randomforest,2021-03-01,1078.0,1348.46
randomforest,2021-04-01,747.0,1338.0
randomforest,2021-05-01,738.0,1283.23
randomforest,2021-06-01,405.0,955.48
randomforest,2021-07-01,299.0,750.23
randomforest,2021-08-01,414.0,545.58
randomforest,2021-09-01,439.0,475.52
randomforest,2021-10-01,453.0,579.98
randomforest,2021-11-01,496.0,889.12
randomforest,2021-12-01,347.0,774.87
randomforest,2022-01-01,1187.0,926.93
randomforest,2022-02-01,843.0,825.81
randomforest,2021-04-01,747.0,1283.58
randomforest,2021-05-01,738.0,1290.68
randomforest,2021-06-01,405.0,1059.21
randomforest,2021-07-01,299.0,798.92
randomforest,2021-08-01,414.0,584.08
randomforest,2021-09-01,439.0,480.75
randomforest,2021-10-01,453.0,597.45
randomforest,2021-11-01,496.0,894.14
randomforest,2021-12-01,347.0,811.08
randomforest,2022-01-01,1187.0,978.2
randomforest,2022-02-01,843.0,832.68
randomforest,2022-03-01,1187.0,875.7
randomforest,2021-05-01,738.0,899.54
randomforest,2021-06-01,405.0,839.61
randomforest,2021-07-01,299.0,789.28
randomforest,2021-08-01,414.0,579.58
randomforest,2021-09-01,439.0,483.32
randomforest,2021-10-01,453.0,594.33
randomforest,2021-11-01,496.0,876.52
randomforest,2021-12-01,347.0,808.99
randomforest,2022-01-01,1187.0,900.07
randomforest,2022-02-01,843.0,775.6
randomforest,2022-03-01,1187.0,824.2
randomforest,2022-04-01,1585.0,760.15
randomforest,2021-06-01,405.0,713.26
randomforest,2021-07-01,299.0,720.42
randomforest,2021-08-01,414.0,497.55
randomforest,2021-09-01,439.0,458.43
randomforest,2021-10-01,453.0,577.3
randomforest,2021-11-01,496.0,889.65
randomforest,2021-12-01,347.0,788.18
randomforest,2022-01-01,1187.0,920.46
randomforest,2022-02-01,843.0,792.18
randomforest,2022-03-01,1187.0,857.89
randomforest,2022-04-01,1585.0,749.01
randomforest,2022-05-01,1939.0,602.06
randomforest,2021-07-01,299.0,529.43
randomforest,2021-08-01,414.0,511.71
randomforest,2021-09-01,439.0,433.97
randomforest,2021-10-01,453.0,571.28
randomforest,2021-11-01,496.0,803.15
randomforest,2021-12-01,347.0,727.35
randomforest,2022-01-01,1187.0,807.19
randomforest,2022-02-01,843.0,782.43
randomforest,2022-03-01,1187.0,799.9
randomforest,2022-04-01,1585.0,722.58
randomforest,2022-05-01,1939.0,504.73
randomforest,2022-06-01,949.0,439.96
randomforest,2021-08-01,414.0,374.4
randomforest,2021-09-01,439.0,339.4
randomforest,2021-10-01,453.0,476.94
randomforest,2021-11-01,496.0,790.85
randomforest,2021-12-01,347.0,846.24
randomforest,2022-01-01,1187.0,909.58
randomforest,2022-02-01,843.0,1104.85
randomforest,2022-03-01,1187.0,780.97
randomforest,2022-04-01,1585.0,731.59
randomforest,2022-05-01,1939.0,489.66
randomforest,2022-06-01,949.0,396.45
randomforest,2022-07-01,858.0,349.46
randomforest,2021-09-01,439.0,352.74
randomforest,2021-10-01,453.0,475.09
randomforest,2021-11-01,496.0,797.5
randomforest,2021-12-01,347.0,841.7
randomforest,2022-01-01,1187.0,891.42
randomforest,2022-02-01,843.0,1037.4
randomforest,2022-03-01,1187.0,824.91
randomforest,2022-04-01,1585.0,795.0
randomforest,2022-05-01,1939.0,592.65
randomforest,2022-06-01,949.0,401.03
randomforest,2022-07-01,858.0,351.7
randomforest,2022-08-01,474.0,350.95
randomforest,2021-10-01,453.0,542.5
randomforest,2021-11-01,496.0,775.43
randomforest,2021-12-01,347.0,812.06
randomforest,2022-01-01,1187.0,924.98
randomforest,2022-02-01,843.0,1043.01
randomforest,2022-03-01,1187.0,809.19
randomforest,2022-04-01,1585.0,780.68
randomforest,2022-05-01,1939.0,533.27
randomforest,2022-06-01,949.0,426.22
randomforest,2022-07-01,858.0,459.02
randomforest,2022-08-01,474.0,435.11
randomforest,2022-09-01,678.0,477.98
randomforest,2021-11-01,496.0,776.95
randomforest,2021-12-01,347.0,838.79
randomforest,2022-01-01,1187.0,968.12
randomforest,2022-02-01,843.0,1036.19
randomforest,2022-03-01,1187.0,792.41
randomforest,2022-04-01,1585.0,776.37
randomforest,2022-05-01,1939.0,570.48
randomforest,2022-06-01,949.0,446.4
randomforest,2022-07-01,858.0,453.35
randomforest,2022-08-01,474.0,445.65
randomforest,2022-09-01,678.0,465.77
randomforest,2022-10-01,1042.0,487.54
randomforest,2021-12-01,347.0,751.2
randomforest,2022-01-01,1187.0,831.63
randomforest,2022-02-01,843.0,997.26
randomforest,2022-03-01,1187.0,816.92
randomforest,2022-04-01,1585.0,758.16
randomforest,2022-05-01,1939.0,576.58
randomforest,2022-06-01,949.0,507.23
randomforest,2022-07-01,858.0,475.9
randomforest,2022-08-01,474.0,438.59
randomforest,2022-09-01,678.0,468.77
randomforest,2022-10-01,1042.0,464.33
randomforest,2022-11-01,964.0,455.05
randomforest,2022-01-01,1187.0,681.05
randomforest,2022-02-01,843.0,975.62
randomforest,2022-03-01,1187.0,841.39
randomforest,2022-04-01,1585.0,765.88
randomforest,2022-05-01,1939.0,585.96
randomforest,2022-06-01,949.0,458.2
randomforest,2022-07-01,858.0,418.5
randomforest,2022-08-01,474.0,362.81
randomforest,2022-09-01,678.0,390.5
randomforest,2022-10-01,1042.0,389.97
randomforest,2022-11-01,964.0,419.14
randomforest,2022-12-01,819.0,487.58
randomforest,2022-02-01,843.0,1151.83
randomforest,2022-03-01,1187.0,802.67
randomforest,2022-04-01,1585.0,758.75
randomforest,2022-05-01,1939.0,571.99
randomforest,2022-06-01,949.0,457.55
randomforest,2022-07-01,858.0,405.33
randomforest,2022-08-01,474.0,357.13
randomforest,2022-09-01,678.0,411.41
randomforest,2022-10-01,1042.0,398.54
randomforest,2022-11-01,964.0,402.44
randomforest,2022-12-01,819.0,515.57
randomforest,2023-01-01,3245.0,763.65
randomforest,2022-03-01,1187.0,740.21
randomforest,2022-04-01,1585.0,648.39
randomforest,2022-05-01,1939.0,526.17
randomforest,2022-06-01,949.0,448.95
randomforest,2022-07-01,858.0,408.99
randomforest,2022-08-01,474.0,349.42
randomforest,2022-09-01,678.0,398.28
randomforest,2022-10-01,1042.0,390.04
randomforest,2022-11-01,964.0,378.88
randomforest,2022-12-01,819.0,550.19
randomforest,2023-01-01,3245.0,771.43
randomforest,2023-02-01,5487.0,1441.92
randomforest,2022-04-01,1585.0,843.08
randomforest,2022-05-01,1939.0,715.32
randomforest,2022-06-01,949.0,477.11
randomforest,2022-07-01,858.0,469.15
randomforest,2022-08-01,474.0,399.69
randomforest,2022-09-01,678.0,387.99
randomforest,2022-10-01,1042.0,428.78
randomforest,2022-11-01,964.0,458.17
randomforest,2022-12-01,819.0,558.19
randomforest,2023-01-01,3245.0,729.82
randomforest,2023-02-01,5487.0,1414.77
randomforest,2023-03-01,12547.0,2288.54
randomforest,2022-05-01,1939.0,1134.05
randomforest,2022-06-01,949.0,767.67
randomforest,2022-07-01,858.0,676.62
randomforest,2022-08-01,474.0,428.96
randomforest,2022-09-01,678.0,468.78
randomforest,2022-10-01,1042.0,474.44
randomforest,2022-11-01,964.0,475.69
randomforest,2022-12-01,819.0,646.48
randomforest,2023-01-01,3245.0,689.82
randomforest,2023-02-01,5487.0,1444.86
randomforest,2023-03-01,12547.0,2423.73
randomforest,2023-04-01,20371.0,2969.79
randomforest,2022-06-01,949.0,1327.56
randomforest,2022-07-01,858.0,1153.19
randomforest,2022-08-01,474.0,775.46
randomforest,2022-09-01,678.0,626.45
randomforest,2022-10-01,1042.0,585.03
randomforest,2022-11-01,964.0,553.9
randomforest,2022-12-01,819.0,780.18
randomforest,2023-01-01,3245.0,979.52
randomforest,2023-02-01,5487.0,1715.08
randomforest,2023-03-01,12547.0,2584.69
randomforest,2023-04-01,20371.0,1867.05
randomforest,2023-05-01,10627.0,1343.89
randomforest,2022-07-01,858.0,1046.65
randomforest,2022-08-01,474.0,720.48
randomforest,2022-09-01,678.0,536.52
randomforest,2022-10-01,1042.0,557.22
randomforest,2022-11-01,964.0,557.42
randomforest,2022-12-01,819.0,842.16
randomforest,2023-01-01,3245.0,1080.98
randomforest,2023-02-01,5487.0,1821.17
randomforest,2023-03-01,12547.0,2401.84
randomforest,2023-04-01,20371.0,1539.03
randomforest,2023-05-01,10627.0,1229.06
randomforest,2023-06-01,3721.0,955.9
randomforest,2022-08-01,474.0,670.79
randomforest,2022-09-01,678.0,509.51
randomforest,2022-10-01,1042.0,561.74
randomforest,2022-11-01,964.0,590.04
randomforest,2022-12-01,819.0,850.6
randomforest,2023-01-01,3245.0,1135.5
randomforest,2023-02-01,5487.0,1798.86
randomforest,2023-03-01,12547.0,2744.46
randomforest,2023-04-01,20371.0,1634.13
randomforest,2023-05-01,10627.0,1297.42
randomforest,2023-06-01,3721.0,982.28
randomforest,2023-07-01,1927.0,1148.27
randomforest,2022-09-01,678.0,488.13
randomforest,2022-10-01,1042.0,552.19
randomforest,2022-11-01,964.0,616.39
randomforest,2022-12-01,819.0,836.14
randomforest,2023-01-01,3245.0,1022.45
randomforest,2023-02-01,5487.0,1802.78
randomforest,2023-03-01,12547.0,2825.88
randomforest,2023-04-01,20371.0,1579.26
randomforest,2023-05-01,10627.0,1245.09
randomforest,2023-06-01,3721.0,999.67
randomforest,2023-07-01,1927.0,1208.27
randomforest,2023-08-01,1281.0,779.01
randomforest,2022-10-01,1042.0,570.43
randomforest,2022-11-01,964.0,617.77
randomforest,2022-12-01,819.0,646.84
randomforest,2023-01-01,3245.0,737.6
randomforest,2023-02-01,5487.0,1394.84
randomforest,2023-03-01,12547.0,1918.94
randomforest,2023-04-01,20371.0,1579.44
randomforest,2023-05-01,10627.0,1361.01
randomforest,2023-06-01,3721.0,1176.2
randomforest,2023-07-01,1927.0,1144.67
randomforest,2023-08-01,1281.0,1169.11
randomforest,2023-09-01,1362.0,739.64
randomforest,2022-11-01,964.0,976.53
randomforest,2022-12-01,819.0,937.4
randomforest,2023-01-01,3245.0,934.99
randomforest,2023-02-01,5487.0,1548.01
randomforest,2023-03-01,12547.0,1727.08
randomforest,2023-04-01,20371.0,1293.35
randomforest,2023-05-01,10627.0,1136.29
randomforest,2023-06-01,3721.0,898.47
randomforest,2023-07-01,1927.0,1047.5
randomforest,2023-08-01,1281.0,1106.14
randomforest,2023-09-01,1362.0,741.34
randomforest,2023-10-01,1943.0,609.75
randomforest,2022-12-01,819.0,1096.72
randomforest,2023-01-01,3245.0,1129.47
randomforest,2023-02-01,5487.0,1709.2
randomforest,2023-03-01,12547.0,1783.36
randomforest,2023-04-01,20371.0,1337.18
randomforest,2023-05-01,10627.0,1132.8
randomforest,2023-06-01,3721.0,946.69
randomforest,2023-07-01,1927.0,1086.69
randomforest,2023-08-01,1281.0,1160.76
randomforest,2023-09-01,1362.0,826.7
randomforest,2023-10-01,1943.0,702.48
randomforest,2023-11-01,1713.0,654.29
randomforest,2023-01-01,3245.0,943.84
randomforest,2023-02-01,5487.0,1581.43
randomforest,2023-03-01,12547.0,1705.86
randomforest,2023-04-01,20371.0,1307.83
randomforest,2023-05-01,10627.0,1219.58
randomforest,2023-06-01,3721.0,983.79
randomforest,2023-07-01,1927.0,1010.39
randomforest,2023-08-01,1281.0,1106.05
randomforest,2023-09-01,1362.0,816.88
randomforest,2023-10-01,1943.0,744.68
randomforest,2023-11-01,1713.0,661.15
randomforest,2023-12-01,5098.0,681.8
randomforest,2023-02-01,5487.0,10421.4
randomforest,2023-03-01,12547.0,9015.6
randomforest,2023-04-01,20371.0,5980.09
randomforest,2023-05-01,10627.0,4608.33
randomforest,2023-06-01,3721.0,4680.96
randomforest,2023-07-01,1927.0,4005.13
randomforest,2023-08-01,1281.0,4694.01
randomforest,2023-09-01,1362.0,5281.47
randomforest,2023-10-01,1943.0,5036.05
randomforest,2023-11-01,1713.0,7511.29
randomforest,2023-12-01,5098.0,9369.34
randomforest,2024-01-01,40617.0,8571.48
randomforest,2023-03-01,12547.0,8077.56
randomforest,2023-04-01,20371.0,4936.92
randomforest,2023-05-01,10627.0,4199.9
randomforest,2023-06-01,3721.0,4658.09
randomforest,2023-07-01,1927.0,5062.23
randomforest,2023-08-01,1281.0,5888.25
randomforest,2023-09-01,1362.0,6009.62
randomforest,2023-10-01,1943.0,4924.53
randomforest,2023-11-01,1713.0,7707.09
randomforest,2023-12-01,5098.0,10282.25
randomforest,2024-01-01,40617.0,8161.99
randomforest,2024-02-01,103462.0,8100.31
randomforest,2023-04-01,20371.0,23673.44
randomforest,2023-05-01,10627.0,32085.17
randomforest,2023-06-01,3721.0,29280.15
randomforest,2023-07-01,1927.0,28001.99
randomforest,2023-08-01,1281.0,26044.62
randomforest,2023-09-01,1362.0,24149.13
randomforest,2023-10-01,1943.0,24237.15
randomforest,2023-11-01,1713.0,21705.77
randomforest,2023-12-01,5098.0,28098.6
randomforest,2024-01-01,40617.0,29440.42
randomforest,2024-02-01,103462.0,28615.61
randomforest,2024-03-01,122453.0,28810.07
randomforest,2023-05-01,10627.0,30360.43
randomforest,2023-06-01,3721.0,28539.65
randomforest,2023-07-01,1927.0,26134.59
randomforest,2023-08-01,1281.0,22944.15
randomforest,2023-09-01,1362.0,22599.68
randomforest,2023-10-01,1943.0,22206.72
randomforest,2023-11-01,1713.0,21699.71
randomforest,2023-12-01,5098.0,25223.69
randomforest,2024-01-01,40617.0,27522.24
randomforest,2024-02-01,103462.0,26226.6
randomforest,2024-03-01,122453.0,27185.73
randomforest,2024-04-01,43885.0,26123.25
randomforest,2023-06-01,3721.0,5565.2
randomforest,2023-07-01,1927.0,6245.89
randomforest,2023-08-01,1281.0,6345.14
randomforest,2023-09-01,1362.0,5811.92
randomforest,2023-10-01,1943.0,5844.6
randomforest,2023-11-01,1713.0,7505.43
randomforest,2023-12-01,5098.0,9650.66
randomforest,2024-01-01,40617.0,10627.23
randomforest,2024-02-01,103462.0,9621.45
randomforest,2024-03-01,122453.0,8655.83
randomforest,2024-04-01,43885.0,8569.39
randomforest,2024-05-01,14182.0,7896.5
randomforest,2023-07-01,1927.0,6213.3
randomforest,2023-08-01,1281.0,6366.61
randomforest,2023-09-01,1362.0,6310.44
randomforest,2023-10-01,1943.0,5527.02
randomforest,2023-11-01,1713.0,6833.08
randomforest,2023-12-01,5098.0,9121.46
randomforest,2024-01-01,40617.0,10230.25
randomforest,2024-02-01,103462.0,8155.11
randomforest,2024-03-01,122453.0,7480.8
randomforest,2024-04-01,43885.0,7894.87
randomforest,2024-05-01,14182.0,7161.24
randomforest,2024-06-01,4909.0,6226.78
randomforest,2023-08-01,1281.0,1684.45
randomforest,2023-09-01,1362.0,1023.55
randomforest,2023-10-01,1943.0,822.14
randomforest,2023-11-01,1713.0,937.54
randomforest,2023-12-01,5098.0,1184.48
randomforest,2024-01-01,40617.0,1416.25
randomforest,2024-02-01,103462.0,1557.95
randomforest,2024-03-01,122453.0,1668.58
randomforest,2024-04-01,43885.0,1473.85
randomforest,2024-05-01,14182.0,1237.32
randomforest,2024-06-01,4909.0,1035.24
randomforest,2024-07-01,1074.0,851.08
randomforest,2023-09-01,1362.0,970.12
randomforest,2023-10-01,1943.0,920.36
randomforest,2023-11-01,1713.0,1071.22
randomforest,2023-12-01,5098.0,1263.62
randomforest,2024-01-01,40617.0,1517.97
randomforest,2024-02-01,103462.0,1536.71
randomforest,2024-03-01,122453.0,1660.14
randomforest,2024-04-01,43885.0,1382.32
randomforest,2024-05-01,14182.0,1220.98
randomforest,2024-06-01,4909.0,1031.91
randomforest,2024-07-01,1074.0,842.58
randomforest,2024-08-01,984.0,777.42
randomforest,2023-10-01,1943.0,1204.7
randomforest,2023-11-01,1713.0,1317.82
randomforest,2023-12-01,5098.0,1595.18
randomforest,2024-01-01,40617.0,1591.26
randomforest,2024-02-01,103462.0,1486.35
randomforest,2024-03-01,122453.0,1608.76
randomforest,2024-04-01,43885.0,1382.21
randomforest,2024-05-01,14182.0,1249.69
randomforest,2024-06-01,4909.0,1117.18
randomforest,2024-07-01,1074.0,874.08
randomforest,2024-08-01,984.0,794.47
randomforest,2024-09-01,1519.0,778.7
randomforest,2023-11-01,1713.0,1755.28
randomforest,2023-12-01,5098.0,1787.82
randomforest,2024-01-01,40617.0,1703.82
randomforest,2024-02-01,103462.0,1665.53
randomforest,2024-03-01,122453.0,1739.96
randomforest,2024-04-01,43885.0,1428.2
randomforest,2024-05-01,14182.0,1274.24
randomforest,2024-06-01,4909.0,1178.06
randomforest,2024-07-01,1074.0,962.31
randomforest,2024-08-01,984.0,866.52
randomforest,2024-09-01,1519.0,796.99
randomforest,2024-10-01,1426.0,791.78
randomforest,2023-12-01,5098.0,1819.0
randomforest,2024-01-01,40617.0,1796.43
randomforest,2024-02-01,103462.0,1673.98
randomforest,2024-03-01,122453.0,1730.32
randomforest,2024-04-01,43885.0,1502.97
randomforest,2024-05-01,14182.0,1359.8
randomforest,2024-06-01,4909.0,1258.38
randomforest,2024-07-01,1074.0,1120.1
randomforest,2024-08-01,984.0,947.78
randomforest,2024-09-01,1519.0,857.58
randomforest,2024-10-01,1426.0,831.94
randomforest,2024-11-01,2473.0,865.69
randomforest,2024-01-01,40617.0,9289.15
randomforest,2024-02-01,103462.0,8264.93
randomforest,2024-03-01,122453.0,8212.05
randomforest,2024-04-01,43885.0,7831.72
randomforest,2024-05-01,14182.0,6610.82
randomforest,2024-06-01,4909.0,5498.49
randomforest,2024-07-01,1074.0,5191.89
randomforest,2024-08-01,984.0,5982.28
randomforest,2024-09-01,1519.0,6895.39
randomforest,2024-10-01,1426.0,7897.69
randomforest,2024-11-01,2473.0,7197.64
randomforest,2024-12-01,2499.0,8503.81
timesfm,2014-01-01,1415.0,807.840576171875
timesfm,2014-02-01,1920.0,1158.89404296875
timesfm,2014-03-01,2818.0,1412.9156494140625
timesfm,2014-04-01,2106.0,1450.172607421875
timesfm,2014-05-01,1315.0,1486.761474609375
timesfm,2014-06-01,993.0,1282.78564453125
timesfm,2014-07-01,375.0,1079.882568359375
timesfm,2014-08-01,376.0,1006.6593627929688
timesfm,2014-09-01,417.0,841.90673828125
timesfm,2014-10-01,476.0,829.7923583984375
timesfm,2014-11-01,679.0,696.6981811523438
timesfm,2014-12-01,350.0,728.3364868164062
timesfm,2014-02-01,1920.0,1603.290283203125
timesfm,2014-03-01,2818.0,1998.4290771484375
timesfm,2014-04-01,2106.0,2029.9683837890625
timesfm,2014-05-01,1315.0,1720.1007080078125
timesfm,2014-06-01,993.0,1486.9696044921875
timesfm,2014-07-01,375.0,1319.668212890625
timesfm,2014-08-01,376.0,1238.724609375
timesfm,2014-09-01,417.0,1145.8818359375
timesfm,2014-10-01,476.0,986.8475341796875
timesfm,2014-11-01,679.0,970.0196533203125
timesfm,2014-12-01,350.0,850.1552734375
timesfm,2015-01-01,592.0,893.1918334960938
timesfm,2014-03-01,2818.0,2154.1318359375
timesfm,2014-04-01,2106.0,2263.26513671875
timesfm,2014-05-01,1315.0,2084.19091796875
timesfm,2014-06-01,993.0,1798.0579833984375
timesfm,2014-07-01,375.0,1600.10009765625
timesfm,2014-08-01,376.0,1451.464599609375
timesfm,2014-09-01,417.0,1391.0045166015625
timesfm,2014-10-01,476.0,1248.977294921875
timesfm,2014-11-01,679.0,1142.598876953125
timesfm,2014-12-01,350.0,1175.8443603515625
timesfm,2015-01-01,592.0,1192.357666015625
timesfm,2015-02-01,801.0,1403.460205078125
timesfm,2014-04-01,2106.0,2713.629638671875
timesfm,2014-05-01,1315.0,2444.843017578125
timesfm,2014-06-01,993.0,2037.3681640625
timesfm,2014-07-01,375.0,1787.61767578125
timesfm,2014-08-01,376.0,1651.8446044921875
timesfm,2014-09-01,417.0,1550.7506103515625
timesfm,2014-10-01,476.0,1388.6883544921875
timesfm,2014-11-01,679.0,1331.501953125
timesfm,2014-12-01,350.0,1401.99169921875
timesfm,2015-01-01,592.0,1423.16650390625
timesfm,2015-02-01,801.0,1639.658203125
timesfm,2015-03-01,3920.0,1900.1484375
timesfm,2014-05-01,1315.0,1851.133544921875
timesfm,2014-06-01,993.0,1716.50927734375
timesfm,2014-07-01,375.0,1603.2303466796875
timesfm,2014-08-01,376.0,1545.206298828125
timesfm,2014-09-01,417.0,1475.2042236328125
timesfm,2014-10-01,476.0,1372.8553466796875
timesfm,2014-11-01,679.0,1262.0501708984375
timesfm,2014-12-01,350.0,1251.354248046875
timesfm,2015-01-01,592.0,1372.2685546875
timesfm,2015-02-01,801.0,1499.7998046875
timesfm,2015-03-01,3920.0,1691.0394287109375
timesfm,2015-04-01,8918.0,1615.26904296875
timesfm,2014-06-01,993.0,1237.520751953125
timesfm,2014-07-01,375.0,1201.4306640625
timesfm,2014-08-01,376.0,1264.908447265625
timesfm,2014-09-01,417.0,1201.7333984375
timesfm,2014-10-01,476.0,1104.783447265625
timesfm,2014-11-01,679.0,1059.052978515625
timesfm,2014-12-01,350.0,1019.2422485351562
timesfm,2015-01-01,592.0,1108.3944091796875
timesfm,2015-02-01,801.0,1358.616455078125
timesfm,2015-03-01,3920.0,1574.427001953125
timesfm,2015-04-01,8918.0,1599.36376953125
timesfm,2015-05-01,10646.0,1365.039306640625
timesfm,2014-07-01,375.0,1089.034423828125
timesfm,2014-08-01,376.0,1120.3726806640625
timesfm,2014-09-01,417.0,1156.43505859375
timesfm,2014-10-01,476.0,1074.148681640625
timesfm,2014-11-01,679.0,1001.8271484375
timesfm,2014-12-01,350.0,973.1666259765625
timesfm,2015-01-01,592.0,967.6001586914062
timesfm,2015-02-01,801.0,1082.266845703125
timesfm,2015-03-01,3920.0,1252.824951171875
timesfm,2015-04-01,8918.0,1285.556884765625
timesfm,2015-05-01,10646.0,1245.84521484375
timesfm,2015-06-01,3014.0,1058.627197265625
timesfm,2014-08-01,376.0,599.3743286132812
timesfm,2014-09-01,417.0,645.7579345703125
timesfm,2014-10-01,476.0,710.2569580078125
timesfm,2014-11-01,679.0,683.2694091796875
timesfm,2014-12-01,350.0,731.43701171875
timesfm,2015-01-01,592.0,727.2711181640625
timesfm,2015-02-01,801.0,739.6983642578125
timesfm,2015-03-01,3920.0,887.9158935546875
timesfm,2015-04-01,8918.0,962.5994873046875
timesfm,2015-05-01,10646.0,961.0347900390625
timesfm,2015-06-01,3014.0,936.5966186523438
timesfm,2015-07-01,882.0,818.4683837890625
timesfm,2014-09-01,417.0,579.4228515625
timesfm,2014-10-01,476.0,647.130615234375
timesfm,2014-11-01,679.0,730.4631958007812
timesfm,2014-12-01,350.0,667.3241577148438
timesfm,2015-01-01,592.0,750.224365234375
timesfm,2015-02-01,801.0,826.8462524414062
timesfm,2015-03-01,3920.0,931.5321044921875
timesfm,2015-04-01,8918.0,1024.739990234375
timesfm,2015-05-01,10646.0,939.224609375
timesfm,2015-06-01,3014.0,844.7206420898438
timesfm,2015-07-01,882.0,864.1721801757812
timesfm,2015-08-01,614.0,777.424072265625
timesfm,2014-10-01,476.0,426.04046630859375
timesfm,2014-11-01,679.0,481.5934753417969
timesfm,2014-12-01,350.0,561.3570556640625
timesfm,2015-01-01,592.0,544.1181640625
timesfm,2015-02-01,801.0,853.5538330078125
timesfm,2015-03-01,3920.0,1085.9375
timesfm,2015-04-01,8918.0,1117.742431640625
timesfm,2015-05-01,10646.0,1026.201171875
timesfm,2015-06-01,3014.0,766.595947265625
timesfm,2015-07-01,882.0,664.6148681640625
timesfm,2015-08-01,614.0,718.1351318359375
timesfm,2015-09-01,466.0,663.1181030273438
timesfm,2014-11-01,679.0,657.1990966796875
timesfm,2014-12-01,350.0,712.7990112304688
timesfm,2015-01-01,592.0,698.6737670898438
timesfm,2015-02-01,801.0,709.3660888671875
timesfm,2015-03-01,3920.0,936.572509765625
timesfm,2015-04-01,8918.0,966.89697265625
timesfm,2015-05-01,10646.0,873.9356079101562
timesfm,2015-06-01,3014.0,817.21435546875
timesfm,2015-07-01,882.0,685.7418212890625
timesfm,2015-08-01,614.0,671.8023071289062
timesfm,2015-09-01,466.0,725.17529296875
timesfm,2015-10-01,433.0,658.6424560546875
timesfm,2014-12-01,350.0,729.3015747070312
timesfm,2015-01-01,592.0,787.0216064453125
timesfm,2015-02-01,801.0,829.507080078125
timesfm,2015-03-01,3920.0,890.4363403320312
timesfm,2015-04-01,8918.0,1061.4254150390625
timesfm,2015-05-01,10646.0,1030.785400390625
timesfm,2015-06-01,3014.0,948.591552734375
timesfm,2015-07-01,882.0,902.26123046875
timesfm,2015-08-01,614.0,786.3872680664062
timesfm,2015-09-01,466.0,741.02783203125
timesfm,2015-10-01,433.0,781.668701171875
timesfm,2015-11-01,1256.0,761.6300048828125
timesfm,2015-01-01,592.0,495.02301025390625
timesfm,2015-02-01,801.0,669.2984008789062
timesfm,2015-03-01,3920.0,812.7728271484375
timesfm,2015-04-01,8918.0,822.4949340820312
timesfm,2015-05-01,10646.0,830.1239013671875
timesfm,2015-06-01,3014.0,694.4159545898438
timesfm,2015-07-01,882.0,623.8558349609375
timesfm,2015-08-01,614.0,612.9258422851562
timesfm,2015-09-01,466.0,547.3587646484375
timesfm,2015-10-01,433.0,565.4935302734375
timesfm,2015-11-01,1256.0,596.0546875
timesfm,2015-12-01,3029.0,652.906005859375
timesfm,2015-02-01,801.0,714.3671875
timesfm,2015-03-01,3920.0,904.3106689453125
timesfm,2015-04-01,8918.0,974.01025390625
timesfm,2015-05-01,10646.0,831.1756591796875
timesfm,2015-06-01,3014.0,747.0995483398438
timesfm,2015-07-01,882.0,623.59716796875
timesfm,2015-08-01,614.0,591.40478515625
timesfm,2015-09-01,466.0,553.0477294921875
timesfm,2015-10-01,433.0,449.6835632324219
timesfm,2015-11-01,1256.0,477.4105224609375
timesfm,2015-12-01,3029.0,558.6048583984375
timesfm,2016-01-01,22677.0,726.5762939453125
timesfm,2015-03-01,3920.0,842.6328735351562
timesfm,2015-04-01,8918.0,899.3178100585938
timesfm,2015-05-01,10646.0,863.3016357421875
timesfm,2015-06-01,3014.0,757.119873046875
timesfm,2015-07-01,882.0,753.62841796875
timesfm,2015-08-01,614.0,703.960205078125
timesfm,2015-09-01,466.0,692.6915283203125
timesfm,2015-10-01,433.0,603.2587890625
timesfm,2015-11-01,1256.0,495.9056701660156
timesfm,2015-12-01,3029.0,574.7615356445312
timesfm,2016-01-01,22677.0,665.5753173828125
timesfm,2016-02-01,52456.0,857.876220703125
timesfm,2015-04-01,8918.0,2767.292724609375
timesfm,2015-05-01,10646.0,1980.101318359375
timesfm,2015-06-01,3014.0,1358.0816650390625
timesfm,2015-07-01,882.0,983.9905395507812
timesfm,2015-08-01,614.0,870.0040283203125
timesfm,2015-09-01,466.0,900.4815673828125
timesfm,2015-10-01,433.0,865.7764892578125
timesfm,2015-11-01,1256.0,858.9161987304688
timesfm,2015-12-01,3029.0,773.7191162109375
timesfm,2016-01-01,22677.0,885.1876831054688
timesfm,2016-02-01,52456.0,1124.13525390625
timesfm,2016-03-01,54111.0,1404.52587890625
timesfm,2015-05-01,10646.0,7022.65380859375
timesfm,2015-06-01,3014.0,4896.3955078125
timesfm,2015-07-01,882.0,3372.458251953125
timesfm,2015-08-01,614.0,2134.18701171875
timesfm,2015-09-01,466.0,1396.528564453125
timesfm,2015-10-01,433.0,1011.4384765625
timesfm,2015-11-01,1256.0,820.7110595703125
timesfm,2015-12-01,3029.0,899.726318359375
timesfm,2016-01-01,22677.0,1027.7769775390625
timesfm,2016-02-01,52456.0,1281.806396484375
timesfm,2016-03-01,54111.0,1539.569091796875
timesfm,2016-04-01,42332.0,1559.2025146484375
timesfm,2015-06-01,3014.0,6617.74951171875
timesfm,2015-07-01,882.0,4479.251953125
timesfm,2015-08-01,614.0,3079.8271484375
timesfm,2015-09-01,466.0,2266.899658203125
timesfm,2015-10-01,433.0,1826.2613525390625
timesfm,2015-11-01,1256.0,1372.708740234375
timesfm,2015-12-01,3029.0,1105.532470703125
timesfm,2016-01-01,22677.0,1370.24365234375
timesfm,2016-02-01,52456.0,1813.9171142578125
timesfm,2016-03-01,54111.0,2117.91064453125
timesfm,2016-04-01,42332.0,2200.42431640625
timesfm,2016-05-01,15246.0,1756.7275390625
timesfm,2015-07-01,882.0,1411.8897705078125
timesfm,2015-08-01,614.0,1042.25244140625
timesfm,2015-09-01,466.0,786.5711059570312
timesfm,2015-10-01,433.0,824.2562255859375
timesfm,2015-11-01,1256.0,912.6956787109375
timesfm,2015-12-01,3029.0,970.978759765625
timesfm,2016-01-01,22677.0,1052.00439453125
timesfm,2016-02-01,52456.0,1508.0645751953125
timesfm,2016-03-01,54111.0,1842.164794921875
timesfm,2016-04-01,42332.0,1861.4539794921875
timesfm,2016-05-01,15246.0,1647.773681640625
timesfm,2016-06-01,1738.0,1168.9801025390625
timesfm,2015-08-01,614.0,1201.140625
timesfm,2015-09-01,466.0,1043.390625
timesfm,2015-10-01,433.0,994.6303100585938
timesfm,2015-11-01,1256.0,983.8807373046875
timesfm,2015-12-01,3029.0,1041.234375
timesfm,2016-01-01,22677.0,1202.055419921875
timesfm,2016-02-01,52456.0,1366.8712158203125
timesfm,2016-03-01,54111.0,1760.2821044921875
timesfm,2016-04-01,42332.0,1761.0423583984375
timesfm,2016-05-01,15246.0,1588.3662109375
timesfm,2016-06-01,1738.0,1284.754638671875
timesfm,2016-07-01,697.0,977.528564453125
timesfm,2015-09-01,466.0,598.8784790039062
timesfm,2015-10-01,433.0,531.8054809570312
timesfm,2015-11-01,1256.0,542.027587890625
timesfm,2015-12-01,3029.0,660.537109375
timesfm,2016-01-01,22677.0,990.1046752929688
timesfm,2016-02-01,52456.0,1434.2333984375
timesfm,2016-03-01,54111.0,1766.903076171875
timesfm,2016-04-01,42332.0,2102.59814453125
timesfm,2016-05-01,15246.0,1631.54150390625
timesfm,2016-06-01,1738.0,972.6333618164062
timesfm,2016-07-01,697.0,522.4486083984375
timesfm,2016-08-01,424.0,283.0442810058594
timesfm,2015-10-01,433.0,423.7803955078125
timesfm,2015-11-01,1256.0,469.17718505859375
timesfm,2015-12-01,3029.0,261.3709716796875
timesfm,2016-01-01,22677.0,583.716064453125
timesfm,2016-02-01,52456.0,1122.629638671875
timesfm,2016-03-01,54111.0,1909.2794189453125
timesfm,2016-04-01,42332.0,1952.0423583984375
timesfm,2016-05-01,15246.0,1667.4788818359375
timesfm,2016-06-01,1738.0,1049.477783203125
timesfm,2016-07-01,697.0,296.38360595703125
timesfm,2016-08-01,424.0,98.06698608398438
timesfm,2016-09-01,425.0,15.9219970703125
timesfm,2015-11-01,1256.0,108.8582763671875
timesfm,2015-12-01,3029.0,263.9560852050781
timesfm,2016-01-01,22677.0,398.4385070800781
timesfm,2016-02-01,52456.0,824.9639892578125
timesfm,2016-03-01,54111.0,1393.3275146484375
timesfm,2016-04-01,42332.0,1537.8365478515625
timesfm,2016-05-01,15246.0,1360.770751953125
timesfm,2016-06-01,1738.0,1306.3807373046875
timesfm,2016-07-01,697.0,1259.937744140625
timesfm,2016-08-01,424.0,1146.3311767578125
timesfm,2016-09-01,425.0,1098.1361083984375
timesfm,2016-10-01,807.0,980.830322265625
timesfm,2015-12-01,3029.0,1219.035400390625
timesfm,2016-01-01,22677.0,1341.69873046875
timesfm,2016-02-01,52456.0,1570.9766845703125
timesfm,2016-03-01,54111.0,1729.98095703125
timesfm,2016-04-01,42332.0,1835.0712890625
timesfm,2016-05-01,15246.0,1485.8487548828125
timesfm,2016-06-01,1738.0,1131.511962890625
timesfm,2016-07-01,697.0,968.2393798828125
timesfm,2016-08-01,424.0,972.9185180664062
timesfm,2016-09-01,425.0,949.8446044921875
timesfm,2016-10-01,807.0,984.2288818359375
timesfm,2016-11-01,932.0,1002.2042236328125
timesfm,2016-01-01,22677.0,2137.30419921875
timesfm,2016-02-01,52456.0,1978.580810546875
timesfm,2016-03-01,54111.0,2077.80224609375
timesfm,2016-04-01,42332.0,1734.84619140625
timesfm,2016-05-01,15246.0,1513.4149169921875
timesfm,2016-06-01,1738.0,1010.509765625
timesfm,2016-07-01,697.0,834.889404296875
timesfm,2016-08-01,424.0,720.0860595703125
timesfm,2016-09-01,425.0,741.6083984375
timesfm,2016-10-01,807.0,727.5904541015625
timesfm,2016-11-01,932.0,779.0642700195312
timesfm,2016-12-01,1822.0,914.2060546875
timesfm,2016-02-01,52456.0,16236.779296875
timesfm,2016-03-01,54111.0,10987.4443359375
timesfm,2016-04-01,42332.0,6268.85009765625
timesfm,2016-05-01,15246.0,2811.546142578125
timesfm,2016-06-01,1738.0,1082.3973388671875
timesfm,2016-07-01,697.0,0.0
timesfm,2016-08-01,424.0,0.0
timesfm,2016-09-01,425.0,407.31597900390625
timesfm,2016-10-01,807.0,871.8267822265625
timesfm,2016-11-01,932.0,1356.281982421875
timesfm,2016-12-01,1822.0,1491.666748046875
timesfm,2017-01-01,2847.0,1491.5345458984375
timesfm,2016-03-01,54111.0,34754.9453125
timesfm,2016-04-01,42332.0,20075.986328125
timesfm,2016-05-01,15246.0,8528.4501953125
timesfm,2016-06-01,1738.0,2859.375
timesfm,2016-07-01,697.0,927.608642578125
timesfm,2016-08-01,424.0,842.0196533203125
timesfm,2016-09-01,425.0,1058.6138916015625
timesfm,2016-10-01,807.0,1002.1019897460938
timesfm,2016-11-01,932.0,1104.771728515625
timesfm,2016-12-01,1822.0,2042.5023193359375
timesfm,2017-01-01,2847.0,2191.2392578125
timesfm,2017-02-01,1758.0,2704.32421875
timesfm,2016-04-01,42332.0,25151.482421875
timesfm,2016-05-01,15246.0,10665.2138671875
timesfm,2016-06-01,1738.0,2957.70068359375
timesfm,2016-07-01,697.0,1012.333740234375
timesfm,2016-08-01,424.0,943.09619140625
timesfm,2016-09-01,425.0,908.1818237304688
timesfm,2016-10-01,807.0,1189.1873779296875
timesfm,2016-11-01,932.0,1671.607177734375
timesfm,2016-12-01,1822.0,1602.770751953125
timesfm,2017-01-01,2847.0,2303.020751953125
timesfm,2017-02-01,1758.0,1990.6087646484375
timesfm,2017-03-01,1531.0,3654.860107421875
timesfm,2016-05-01,15246.0,17261.921875
timesfm,2016-06-01,1738.0,6758.341796875
timesfm,2016-07-01,697.0,2109.2265625
timesfm,2016-08-01,424.0,1093.47607421875
timesfm,2016-09-01,425.0,1343.8494873046875
timesfm,2016-10-01,807.0,1241.357177734375
timesfm,2016-11-01,932.0,2264.063232421875
timesfm,2016-12-01,1822.0,1980.5003662109375
timesfm,2017-01-01,2847.0,1707.4881591796875
timesfm,2017-02-01,1758.0,3538.91455078125
timesfm,2017-03-01,1531.0,4897.27685546875
timesfm,2017-04-01,1225.0,4336.88671875
timesfm,2016-06-01,1738.0,5427.30810546875
timesfm,2016-07-01,697.0,2796.76513671875
timesfm,2016-08-01,424.0,2052.52490234375
timesfm,2016-09-01,425.0,1471.6533203125
timesfm,2016-10-01,807.0,709.8755493164062
timesfm,2016-11-01,932.0,745.1729736328125
timesfm,2016-12-01,1822.0,932.803955078125
timesfm,2017-01-01,2847.0,1058.85107421875
timesfm,2017-02-01,1758.0,2407.462890625
timesfm,2017-03-01,1531.0,4061.443359375
timesfm,2017-04-01,1225.0,4109.533203125
timesfm,2017-05-01,664.0,3016.53515625
timesfm,2016-07-01,697.0,2520.5078125
timesfm,2016-08-01,424.0,2161.0283203125
timesfm,2016-09-01,425.0,1603.7509765625
timesfm,2016-10-01,807.0,1060.0435791015625
timesfm,2016-11-01,932.0,834.3710327148438
timesfm,2016-12-01,1822.0,1180.302734375
timesfm,2017-01-01,2847.0,1516.4898681640625
timesfm,2017-02-01,1758.0,2383.9609375
timesfm,2017-03-01,1531.0,4289.8544921875
timesfm,2017-04-01,1225.0,4379.76416015625
timesfm,2017-05-01,664.0,2481.8115234375
timesfm,2017-06-01,440.0,1133.2017822265625
timesfm,2016-08-01,424.0,1352.819580078125
timesfm,2016-09-01,425.0,1409.14208984375
timesfm,2016-10-01,807.0,941.7822265625
timesfm,2016-11-01,932.0,1056.215576171875
timesfm,2016-12-01,1822.0,425.7094421386719
timesfm,2017-01-01,2847.0,1119.5733642578125
timesfm,2017-02-01,1758.0,2621.858154296875
timesfm,2017-03-01,1531.0,4647.201171875
timesfm,2017-04-01,1225.0,5216.24658203125
timesfm,2017-05-01,664.0,2692.10302734375
timesfm,2017-06-01,440.0,170.5108642578125
timesfm,2017-07-01,298.0,246.2977294921875
timesfm,2016-09-01,425.0,878.53466796875
timesfm,2016-10-01,807.0,894.1752319335938
timesfm,2016-11-01,932.0,999.900146484375
timesfm,2016-12-01,1822.0,920.44384765625
timesfm,2017-01-01,2847.0,1078.0521240234375
timesfm,2017-02-01,1758.0,2077.84033203125
timesfm,2017-03-01,1531.0,4034.645751953125
timesfm,2017-04-01,1225.0,3924.57958984375
timesfm,2017-05-01,664.0,2201.970703125
timesfm,2017-06-01,440.0,237.69049072265625
timesfm,2017-07-01,298.0,289.27972412109375
timesfm,2017-08-01,342.0,1547.470703125
timesfm,2016-10-01,807.0,500.48504638671875
timesfm,2016-11-01,932.0,1132.890869140625
timesfm,2016-12-01,1822.0,1071.52197265625
timesfm,2017-01-01,2847.0,716.1305541992188
timesfm,2017-02-01,1758.0,1410.791748046875
timesfm,2017-03-01,1531.0,3147.03515625
timesfm,2017-04-01,1225.0,3617.25146484375
timesfm,2017-05-01,664.0,1949.5892333984375
timesfm,2017-06-01,440.0,754.1961669921875
timesfm,2017-07-01,298.0,1089.7930908203125
timesfm,2017-08-01,342.0,2492.29443359375
timesfm,2017-09-01,571.0,2796.5107421875
timesfm,2016-11-01,932.0,1464.839599609375
timesfm,2016-12-01,1822.0,1406.0450439453125
timesfm,2017-01-01,2847.0,1511.456787109375
timesfm,2017-02-01,1758.0,2003.84326171875
timesfm,2017-03-01,1531.0,3130.640380859375
timesfm,2017-04-01,1225.0,3849.607666015625
timesfm,2017-05-01,664.0,2021.9482421875
timesfm,2017-06-01,440.0,0.0
timesfm,2017-07-01,298.0,149.780029296875
timesfm,2017-08-01,342.0,1964.7779541015625
timesfm,2017-09-01,571.0,3018.969482421875
timesfm,2017-10-01,966.0,2314.8291015625
timesfm,2016-12-01,1822.0,655.3584594726562
timesfm,2017-01-01,2847.0,1045.7313232421875
timesfm,2017-02-01,1758.0,1746.8505859375
timesfm,2017-03-01,1531.0,3290.296875
timesfm,2017-04-01,1225.0,3060.9931640625
timesfm,2017-05-01,664.0,1652.189208984375
timesfm,2017-06-01,440.0,100.7613525390625
timesfm,2017-07-01,298.0,0.0
timesfm,2017-08-01,342.0,1393.8114013671875
timesfm,2017-09-01,571.0,2585.115234375
timesfm,2017-10-01,966.0,2142.80517578125
timesfm,2017-11-01,746.0,1031.4736328125
timesfm,2017-01-01,2847.0,2448.853515625
timesfm,2017-02-01,1758.0,3236.634033203125
timesfm,2017-03-01,1531.0,4758.525390625
timesfm,2017-04-01,1225.0,4099.6171875
timesfm,2017-05-01,664.0,1794.760498046875
timesfm,2017-06-01,440.0,340.32421875
timesfm,2017-07-01,298.0,669.9646606445312
timesfm,2017-08-01,342.0,1586.547607421875
timesfm,2017-09-01,571.0,2857.6064453125
timesfm,2017-10-01,966.0,3354.31201171875
timesfm,2017-11-01,746.0,2028.35498046875
timesfm,2017-12-01,1109.0,812.2947387695312
timesfm,2017-02-01,1758.0,4273.36572265625
timesfm,2017-03-01,1531.0,5267.31396484375
timesfm,2017-04-01,1225.0,4611.4345703125
timesfm,2017-05-01,664.0,2210.27587890625
timesfm,2017-06-01,440.0,129.02398681640625
timesfm,2017-07-01,298.0,363.3138427734375
timesfm,2017-08-01,342.0,1567.070556640625
timesfm,2017-09-01,571.0,2434.65380859375
timesfm,2017-10-01,966.0,2357.69677734375
timesfm,2017-11-01,746.0,1871.3753662109375
timesfm,2017-12-01,1109.0,543.7172241210938
timesfm,2018-01-01,1267.0,895.4783935546875
timesfm,2017-03-01,1531.0,3037.974609375
timesfm,2017-04-01,1225.0,2584.14599609375
timesfm,2017-05-01,664.0,1217.2994384765625
timesfm,2017-06-01,440.0,131.8831787109375
timesfm,2017-07-01,298.0,309.0482177734375
timesfm,2017-08-01,342.0,1213.254150390625
timesfm,2017-09-01,571.0,1948.3299560546875
timesfm,2017-10-01,966.0,1992.4034423828125
timesfm,2017-11-01,746.0,1450.4105224609375
timesfm,2017-12-01,1109.0,901.090087890625
timesfm,2018-01-01,1267.0,891.4592895507812
timesfm,2018-02-01,975.0,1865.39111328125
timesfm,2017-04-01,1225.0,2218.326171875
timesfm,2017-05-01,664.0,1076.6234130859375
timesfm,2017-06-01,440.0,165.7406005859375
timesfm,2017-07-01,298.0,374.745361328125
timesfm,2017-08-01,342.0,819.5968017578125
timesfm,2017-09-01,571.0,1283.8880615234375
timesfm,2017-10-01,966.0,1273.9771728515625
timesfm,2017-11-01,746.0,747.3732299804688
timesfm,2017-12-01,1109.0,857.0552978515625
timesfm,2018-01-01,1267.0,1501.83984375
timesfm,2018-02-01,975.0,2358.231201171875
timesfm,2018-03-01,866.0,2990.100830078125
timesfm,2017-05-01,664.0,1164.6031494140625
timesfm,2017-06-01,440.0,33.4368896484375
timesfm,2017-07-01,298.0,148.724365234375
timesfm,2017-08-01,342.0,646.8653564453125
timesfm,2017-09-01,571.0,937.3101196289062
timesfm,2017-10-01,966.0,764.662841796875
timesfm,2017-11-01,746.0,160.62823486328125
timesfm,2017-12-01,1109.0,0.0
timesfm,2018-01-01,1267.0,1100.99658203125
timesfm,2018-02-01,975.0,2390.85888671875
timesfm,2018-03-01,866.0,3166.410888671875
timesfm,2018-04-01,771.0,3205.423828125
timesfm,2017-06-01,440.0,300.2705078125
timesfm,2017-07-01,298.0,256.79852294921875
timesfm,2017-08-01,342.0,806.566650390625
timesfm,2017-09-01,571.0,1119.7520751953125
timesfm,2017-10-01,966.0,969.9347534179688
timesfm,2017-11-01,746.0,304.65838623046875
timesfm,2017-12-01,1109.0,0.0
timesfm,2018-01-01,1267.0,374.93212890625
timesfm,2018-02-01,975.0,2217.86328125
timesfm,2018-03-01,866.0,3282.18359375
timesfm,2018-04-01,771.0,3175.39501953125
timesfm,2018-05-01,411.0,2060.51611328125
timesfm,2017-07-01,298.0,939.2671508789062
timesfm,2017-08-01,342.0,1488.786865234375
timesfm,2017-09-01,571.0,1887.82958984375
timesfm,2017-10-01,966.0,1549.4310302734375
timesfm,2017-11-01,746.0,681.0579833984375
timesfm,2017-12-01,1109.0,0.0
timesfm,2018-01-01,1267.0,0.0
timesfm,2018-02-01,975.0,1568.3897705078125
timesfm,2018-03-01,866.0,3323.535888671875
timesfm,2018-04-01,771.0,3901.98828125
timesfm,2018-05-01,411.0,3166.8095703125
timesfm,2018-06-01,338.0,1630.7281494140625
timesfm,2017-08-01,342.0,993.1082153320312
timesfm,2017-09-01,571.0,1755.60498046875
timesfm,2017-10-01,966.0,1564.589599609375
timesfm,2017-11-01,746.0,682.294189453125
timesfm,2017-12-01,1109.0,96.692626953125
timesfm,2018-01-01,1267.0,663.691162109375
timesfm,2018-02-01,975.0,2022.8028564453125
timesfm,2018-03-01,866.0,3215.639404296875
timesfm,2018-04-01,771.0,3849.27978515625
timesfm,2018-05-01,411.0,2892.736572265625
timesfm,2018-06-01,338.0,2001.7081298828125
timesfm,2018-07-01,355.0,551.2321166992188
timesfm,2017-09-01,571.0,711.422607421875
timesfm,2017-10-01,966.0,833.2127685546875
timesfm,2017-11-01,746.0,307.60125732421875
timesfm,2017-12-01,1109.0,0.0
timesfm,2018-01-01,1267.0,118.73187255859375
timesfm,2018-02-01,975.0,1901.6898193359375
timesfm,2018-03-01,866.0,3505.020751953125
timesfm,2018-04-01,771.0,3760.38623046875
timesfm,2018-05-01,411.0,3017.6787109375
timesfm,2018-06-01,338.0,1688.1209716796875
timesfm,2018-07-01,355.0,1077.4620361328125
timesfm,2018-08-01,275.0,0.0
timesfm,2017-10-01,966.0,251.35772705078125
timesfm,2017-11-01,746.0,0.0
timesfm,2017-12-01,1109.0,0.0
timesfm,2018-01-01,1267.0,140.8779296875
timesfm,2018-02-01,975.0,2286.6484375
timesfm,2018-03-01,866.0,3498.271484375
timesfm,2018-04-01,771.0,3683.1435546875
timesfm,2018-05-01,411.0,2469.2080078125
timesfm,2018-06-01,338.0,1228.4818115234375
timesfm,2018-07-01,355.0,167.534423828125
timesfm,2018-08-01,275.0,0.0
timesfm,2018-09-01,484.0,0.0
timesfm,2017-11-01,746.0,386.58203125
timesfm,2017-12-01,1109.0,0.0
timesfm,2018-01-01,1267.0,346.27105712890625
timesfm,2018-02-01,975.0,1785.766845703125
timesfm,2018-03-01,866.0,3701.17919921875
timesfm,2018-04-01,771.0,3734.34130859375
timesfm,2018-05-01,411.0,3030.357177734375
timesfm,2018-06-01,338.0,1671.337158203125
timesfm,2018-07-01,355.0,588.2680053710938
timesfm,2018-08-01,275.0,0.0
timesfm,2018-09-01,484.0,0.0
timesfm,2018-10-01,511.0,0.0
timesfm,2017-12-01,1109.0,366.239013671875
timesfm,2018-01-01,1267.0,332.12713623046875
timesfm,2018-02-01,975.0,1450.731201171875
timesfm,2018-03-01,866.0,2776.6484375
timesfm,2018-04-01,771.0,3623.484130859375
timesfm,2018-05-01,411.0,2700.63671875
timesfm,2018-06-01,338.0,2006.7430419921875
timesfm,2018-07-01,355.0,972.0194702148438
timesfm,2018-08-01,275.0,522.4365234375
timesfm,2018-09-01,484.0,0.0
timesfm,2018-10-01,511.0,0.0
timesfm,2018-11-01,616.0,272.04254150390625
timesfm,2018-01-01,1267.0,1425.1458740234375
timesfm,2018-02-01,975.0,2141.271484375
timesfm,2018-03-01,866.0,2827.522705078125
timesfm,2018-04-01,771.0,3113.818359375
timesfm,2018-05-01,411.0,2705.0458984375
timesfm,2018-06-01,338.0,1968.0982666015625
timesfm,2018-07-01,355.0,1756.68017578125
timesfm,2018-08-01,275.0,1105.316162109375
timesfm,2018-09-01,484.0,547.0930786132812
timesfm,2018-10-01,511.0,512.0831298828125
timesfm,2018-11-01,616.0,843.5106201171875
timesfm,2018-12-01,1085.0,3877.072509765625
timesfm,2018-02-01,975.0,2388.828857421875
timesfm,2018-03-01,866.0,4037.560546875
timesfm,2018-04-01,771.0,4042.666748046875
timesfm,2018-05-01,411.0,3163.295654296875
timesfm,2018-06-01,338.0,1762.7353515625
timesfm,2018-07-01,355.0,581.3121948242188
timesfm,2018-08-01,275.0,0.0
timesfm,2018-09-01,484.0,0.0
timesfm,2018-10-01,511.0,0.0
timesfm,2018-11-01,616.0,603.7415771484375
timesfm,2018-12-01,1085.0,4357.0478515625
timesfm,2019-01-01,1624.0,10263.619140625
timesfm,2018-03-01,866.0,2167.14306640625
timesfm,2018-04-01,771.0,3348.02197265625
timesfm,2018-05-01,411.0,2622.5185546875
timesfm,2018-06-01,338.0,1926.96337890625
timesfm,2018-07-01,355.0,827.7612915039062
timesfm,2018-08-01,275.0,0.0
timesfm,2018-09-01,484.0,0.0
timesfm,2018-10-01,511.0,0.0
timesfm,2018-11-01,616.0,0.0
timesfm,2018-12-01,1085.0,4606.73046875
timesfm,2019-01-01,1624.0,9923.6962890625
timesfm,2019-02-01,3761.0,14473.908203125
timesfm,2018-04-01,771.0,1995.3773193359375
timesfm,2018-05-01,411.0,1997.4931640625
timesfm,2018-06-01,338.0,1621.5933837890625
timesfm,2018-07-01,355.0,1371.871337890625
timesfm,2018-08-01,275.0,489.9767761230469
timesfm,2018-09-01,484.0,0.0
timesfm,2018-10-01,511.0,0.0
timesfm,2018-11-01,616.0,0.0
timesfm,2018-12-01,1085.0,4160.86865234375
timesfm,2019-01-01,1624.0,9902.9541015625
timesfm,2019-02-01,3761.0,12760.9873046875
timesfm,2019-03-01,22227.0,12972.94140625
timesfm,2018-05-01,411.0,1158.073974609375
timesfm,2018-06-01,338.0,861.0874633789062
timesfm,2018-07-01,355.0,757.2755737304688
timesfm,2018-08-01,275.0,0.0
timesfm,2018-09-01,484.0,0.0
timesfm,2018-10-01,511.0,0.0
timesfm,2018-11-01,616.0,0.0
timesfm,2018-12-01,1085.0,3402.08251953125
timesfm,2019-01-01,1624.0,8289.845703125
timesfm,2019-02-01,3761.0,12155.4677734375
timesfm,2019-03-01,22227.0,12471.921875
timesfm,2019-04-01,50747.0,9607.166015625
timesfm,2018-06-01,338.0,668.0687866210938
timesfm,2018-07-01,355.0,374.345947265625
timesfm,2018-08-01,275.0,0.0
timesfm,2018-09-01,484.0,0.0
timesfm,2018-10-01,511.0,0.0
timesfm,2018-11-01,616.0,843.6948852539062
timesfm,2018-12-01,1085.0,3445.404296875
timesfm,2019-01-01,1624.0,7588.4833984375
timesfm,2019-02-01,3761.0,11030.767578125
timesfm,2019-03-01,22227.0,12119.673828125
timesfm,2019-04-01,50747.0,10210.32421875
timesfm,2019-05-01,50832.0,5805.18505859375
timesfm,2018-07-01,355.0,401.6099853515625
timesfm,2018-08-01,275.0,44.3701171875
timesfm,2018-09-01,484.0,0.0
timesfm,2018-10-01,511.0,0.0
timesfm,2018-11-01,616.0,163.08343505859375
timesfm,2018-12-01,1085.0,3302.999755859375
timesfm,2019-01-01,1624.0,9148.896484375
timesfm,2019-02-01,3761.0,14048.1728515625
timesfm,2019-03-01,22227.0,16623.412109375
timesfm,2019-04-01,50747.0,15091.28125
timesfm,2019-05-01,50832.0,10671.955078125
timesfm,2019-06-01,16275.0,4814.568359375
timesfm,2018-08-01,275.0,550.8775024414062
timesfm,2018-09-01,484.0,893.8898315429688
timesfm,2018-10-01,511.0,680.7137451171875
timesfm,2018-11-01,616.0,1538.947021484375
timesfm,2018-12-01,1085.0,6461.8720703125
timesfm,2019-01-01,1624.0,11599.4287109375
timesfm,2019-02-01,3761.0,15848.54296875
timesfm,2019-03-01,22227.0,16611.59375
timesfm,2019-04-01,50747.0,14349.2158203125
timesfm,2019-05-01,50832.0,9811.9111328125
timesfm,2019-06-01,16275.0,5206.23193359375
timesfm,2019-07-01,1621.0,1026.128173828125
timesfm,2018-09-01,484.0,0.0
timesfm,2018-10-01,511.0,286.3048095703125
timesfm,2018-11-01,616.0,2127.341796875
timesfm,2018-12-01,1085.0,5128.52099609375
timesfm,2019-01-01,1624.0,10001.4072265625
timesfm,2019-02-01,3761.0,13454.9130859375
timesfm,2019-03-01,22227.0,14314.0498046875
timesfm,2019-04-01,50747.0,12113.0615234375
timesfm,2019-05-01,50832.0,8119.56689453125
timesfm,2019-06-01,16275.0,4220.80810546875
timesfm,2019-07-01,1621.0,1459.0921630859375
timesfm,2019-08-01,636.0,0.0
timesfm,2018-10-01,511.0,374.1923828125
timesfm,2018-11-01,616.0,3490.864501953125
timesfm,2018-12-01,1085.0,7772.87255859375
timesfm,2019-01-01,1624.0,11916.6474609375
timesfm,2019-02-01,3761.0,14749.5625
timesfm,2019-03-01,22227.0,14922.5146484375
timesfm,2019-04-01,50747.0,12549.6572265625
timesfm,2019-05-01,50832.0,8575.0546875
timesfm,2019-06-01,16275.0,4807.853515625
timesfm,2019-07-01,1621.0,2389.49951171875
timesfm,2019-08-01,636.0,519.3963012695312
timesfm,2019-09-01,653.0,0.0
timesfm,2018-11-01,616.0,1085.5400390625
timesfm,2018-12-01,1085.0,8489.4345703125
timesfm,2019-01-01,1624.0,16949.52734375
timesfm,2019-02-01,3761.0,21711.283203125
timesfm,2019-03-01,22227.0,22191.71484375
timesfm,2019-04-01,50747.0,17197.18359375
timesfm,2019-05-01,50832.0,10070.2880859375
timesfm,2019-06-01,16275.0,4812.416015625
timesfm,2019-07-01,1621.0,880.0074462890625
timesfm,2019-08-01,636.0,120.57684326171875
timesfm,2019-09-01,653.0,0.0
timesfm,2019-10-01,523.0,0.0
timesfm,2018-12-01,1085.0,3359.47998046875
timesfm,2019-01-01,1624.0,12630.294921875
timesfm,2019-02-01,3761.0,20403.244140625
timesfm,2019-03-01,22227.0,21240.115234375
timesfm,2019-04-01,50747.0,17490.771484375
timesfm,2019-05-01,50832.0,10617.7216796875
timesfm,2019-06-01,16275.0,4248.296875
timesfm,2019-07-01,1621.0,1469.06787109375
timesfm,2019-08-01,636.0,0.0
timesfm,2019-09-01,653.0,0.0
timesfm,2019-10-01,523.0,142.8387451171875
timesfm,2019-11-01,557.0,0.0
timesfm,2019-01-01,1624.0,8119.71142578125
timesfm,2019-02-01,3761.0,16014.3193359375
timesfm,2019-03-01,22227.0,19860.369140625
timesfm,2019-04-01,50747.0,15937.015625
timesfm,2019-05-01,50832.0,9928.5068359375
timesfm,2019-06-01,16275.0,4548.66845703125
timesfm,2019-07-01,1621.0,964.24169921875
timesfm,2019-08-01,636.0,876.9797973632812
timesfm,2019-09-01,653.0,0.0
timesfm,2019-10-01,523.0,0.0
timesfm,2019-11-01,557.0,640.1868896484375
timesfm,2019-12-01,903.0,194.43414306640625
timesfm,2019-02-01,3761.0,7040.2451171875
timesfm,2019-03-01,22227.0,10783.177734375
timesfm,2019-04-01,50747.0,10761.166015625
timesfm,2019-05-01,50832.0,6389.0263671875
timesfm,2019-06-01,16275.0,2590.89453125
timesfm,2019-07-01,1621.0,0.0
timesfm,2019-08-01,636.0,0.0
timesfm,2019-09-01,653.0,73.96307373046875
timesfm,2019-10-01,523.0,0.0
timesfm,2019-11-01,557.0,621.2506103515625
timesfm,2019-12-01,903.0,1228.45068359375
timesfm,2020-01-01,1709.0,1112.057861328125
timesfm,2019-03-01,22227.0,7405.10009765625
timesfm,2019-04-01,50747.0,7588.28662109375
timesfm,2019-05-01,50832.0,5608.19287109375
timesfm,2019-06-01,16275.0,2157.02392578125
timesfm,2019-07-01,1621.0,209.0545654296875
timesfm,2019-08-01,636.0,0.0
timesfm,2019-09-01,653.0,132.66986083984375
timesfm,2019-10-01,523.0,672.9874267578125
timesfm,2019-11-01,557.0,1042.4957275390625
timesfm,2019-12-01,903.0,1383.328125
timesfm,2020-01-01,1709.0,1456.55712890625
timesfm,2020-02-01,2968.0,1645.6927490234375
timesfm,2019-04-01,50747.0,22500.103515625
timesfm,2019-05-01,50832.0,14166.7841796875
timesfm,2019-06-01,16275.0,6625.57763671875
timesfm,2019-07-01,1621.0,1416.679443359375
timesfm,2019-08-01,636.0,0.0
timesfm,2019-09-01,653.0,0.0
timesfm,2019-10-01,523.0,178.98394775390625
timesfm,2019-11-01,557.0,1081.7188720703125
timesfm,2019-12-01,903.0,1472.9678955078125
timesfm,2020-01-01,1709.0,1663.876953125
timesfm,2020-02-01,2968.0,1878.56787109375
timesfm,2020-03-01,5135.0,2472.75732421875
timesfm,2019-05-01,50832.0,30531.390625
timesfm,2019-06-01,16275.0,16012.560546875
timesfm,2019-07-01,1621.0,5167.6025390625
timesfm,2019-08-01,636.0,177.862548828125
timesfm,2019-09-01,653.0,0.0
timesfm,2019-10-01,523.0,0.0
timesfm,2019-11-01,557.0,348.197265625
timesfm,2019-12-01,903.0,1358.80078125
timesfm,2020-01-01,1709.0,2037.801025390625
timesfm,2020-02-01,2968.0,2752.54150390625
timesfm,2020-03-01,5135.0,2723.37109375
timesfm,2020-04-01,2617.0,2155.578369140625
timesfm,2019-06-01,16275.0,21079.54296875
timesfm,2019-07-01,1621.0,8467.83203125
timesfm,2019-08-01,636.0,713.0243530273438
timesfm,2019-09-01,653.0,0.0
timesfm,2019-10-01,523.0,0.0
timesfm,2019-11-01,557.0,174.564453125
timesfm,2019-12-01,903.0,1039.7080078125
timesfm,2020-01-01,1709.0,1764.6680908203125
timesfm,2020-02-01,2968.0,2499.01708984375
timesfm,2020-03-01,5135.0,2572.720947265625
timesfm,2020-04-01,2617.0,1821.193115234375
timesfm,2020-05-01,2116.0,1179.3768310546875
timesfm,2019-07-01,1621.0,4274.3603515625
timesfm,2019-08-01,636.0,1367.63671875
timesfm,2019-09-01,653.0,485.74029541015625
timesfm,2019-10-01,523.0,745.4931640625
timesfm,2019-11-01,557.0,354.4483642578125
timesfm,2019-12-01,903.0,959.70947265625
timesfm,2020-01-01,1709.0,1840.9971923828125
timesfm,2020-02-01,2968.0,2194.559814453125
timesfm,2020-03-01,5135.0,3126.31787109375
timesfm,2020-04-01,2617.0,2213.19677734375
timesfm,2020-05-01,2116.0,1159.8497314453125
timesfm,2020-06-01,1795.0,893.218505859375
timesfm,2019-08-01,636.0,816.39990234375
timesfm,2019-09-01,653.0,793.5797119140625
timesfm,2019-10-01,523.0,1018.841064453125
timesfm,2019-11-01,557.0,765.5928955078125
timesfm,2019-12-01,903.0,585.3514404296875
timesfm,2020-01-01,1709.0,576.0473022460938
timesfm,2020-02-01,2968.0,1565.87939453125
timesfm,2020-03-01,5135.0,3041.9951171875
timesfm,2020-04-01,2617.0,3089.707275390625
timesfm,2020-05-01,2116.0,1326.494140625
timesfm,2020-06-01,1795.0,491.551513671875
timesfm,2020-07-01,1101.0,706.7609252929688
timesfm,2019-09-01,653.0,543.1370849609375
timesfm,2019-10-01,523.0,1140.14794921875
timesfm,2019-11-01,557.0,799.2972412109375
timesfm,2019-12-01,903.0,430.18267822265625
timesfm,2020-01-01,1709.0,837.5564575195312
timesfm,2020-02-01,2968.0,1040.18408203125
timesfm,2020-03-01,5135.0,2201.860595703125
timesfm,2020-04-01,2617.0,2391.63134765625
timesfm,2020-05-01,2116.0,1513.43701171875
timesfm,2020-06-01,1795.0,406.49298095703125
timesfm,2020-07-01,1101.0,449.8800048828125
timesfm,2020-08-01,815.0,972.4593505859375
timesfm,2019-10-01,523.0,648.737060546875
timesfm,2019-11-01,557.0,893.489501953125
timesfm,2019-12-01,903.0,512.7883911132812
timesfm,2020-01-01,1709.0,1112.0760498046875
timesfm,2020-02-01,2968.0,2150.409912109375
timesfm,2020-03-01,5135.0,2743.7294921875
timesfm,2020-04-01,2617.0,2273.032470703125
timesfm,2020-05-01,2116.0,987.3294677734375
timesfm,2020-06-01,1795.0,1192.7513427734375
timesfm,2020-07-01,1101.0,736.8345947265625
timesfm,2020-08-01,815.0,1320.4459228515625
timesfm,2020-09-01,607.0,1360.450927734375
timesfm,2019-11-01,557.0,135.7021484375
timesfm,2019-12-01,903.0,291.861083984375
timesfm,2020-01-01,1709.0,651.393798828125
timesfm,2020-02-01,2968.0,1307.7896728515625
timesfm,2020-03-01,5135.0,2158.2177734375
timesfm,2020-04-01,2617.0,1652.257568359375
timesfm,2020-05-01,2116.0,643.1758422851562
timesfm,2020-06-01,1795.0,5.1546630859375
timesfm,2020-07-01,1101.0,679.6846313476562
timesfm,2020-08-01,815.0,787.93994140625
timesfm,2020-09-01,607.0,1097.10595703125
timesfm,2020-10-01,571.0,1327.1397705078125
timesfm,2019-12-01,903.0,1363.10498046875
timesfm,2020-01-01,1709.0,1735.76708984375
timesfm,2020-02-01,2968.0,2306.183837890625
timesfm,2020-03-01,5135.0,2620.33056640625
timesfm,2020-04-01,2617.0,2432.96630859375
timesfm,2020-05-01,2116.0,812.11328125
timesfm,2020-06-01,1795.0,0.0
timesfm,2020-07-01,1101.0,0.0
timesfm,2020-08-01,815.0,0.0
timesfm,2020-09-01,607.0,517.5145263671875
timesfm,2020-10-01,571.0,1424.75634765625
timesfm,2020-11-01,1106.0,1527.30517578125
timesfm,2020-01-01,1709.0,2275.97119140625
timesfm,2020-02-01,2968.0,3194.72314453125
timesfm,2020-03-01,5135.0,3343.95947265625
timesfm,2020-04-01,2617.0,1959.67822265625
timesfm,2020-05-01,2116.0,780.2728271484375
timesfm,2020-06-01,1795.0,0.0
timesfm,2020-07-01,1101.0,0.0
timesfm,2020-08-01,815.0,0.0
timesfm,2020-09-01,607.0,159.4119873046875
timesfm,2020-10-01,571.0,1029.312744140625
timesfm,2020-11-01,1106.0,1260.0543212890625
timesfm,2020-12-01,765.0,1305.006591796875
timesfm,2020-02-01,2968.0,2587.271484375
timesfm,2020-03-01,5135.0,3408.1328125
timesfm,2020-04-01,2617.0,2505.86669921875
timesfm,2020-05-01,2116.0,781.500732421875
timesfm,2020-06-01,1795.0,325.66876220703125
timesfm,2020-07-01,1101.0,177.085205078125
timesfm,2020-08-01,815.0,786.662353515625
timesfm,2020-09-01,607.0,1220.44189453125
timesfm,2020-10-01,571.0,1628.4541015625
timesfm,2020-11-01,1106.0,877.8096313476562
timesfm,2020-12-01,765.0,572.9664916992188
timesfm,2021-01-01,1244.0,1126.05908203125
timesfm,2020-03-01,5135.0,3415.068359375
timesfm,2020-04-01,2617.0,2827.7001953125
timesfm,2020-05-01,2116.0,1172.3648681640625
timesfm,2020-06-01,1795.0,0.0
timesfm,2020-07-01,1101.0,282.66497802734375
timesfm,2020-08-01,815.0,711.368408203125
timesfm,2020-09-01,607.0,1407.2974853515625
timesfm,2020-10-01,571.0,2030.142333984375
timesfm,2020-11-01,1106.0,1878.829833984375
timesfm,2020-12-01,765.0,854.187255859375
timesfm,2021-01-01,1244.0,998.669921875
timesfm,2021-02-01,1008.0,1577.60205078125
timesfm,2020-04-01,2617.0,4740.40869140625
timesfm,2020-05-01,2116.0,2430.27001953125
timesfm,2020-06-01,1795.0,562.6780395507812
timesfm,2020-07-01,1101.0,0.0
timesfm,2020-08-01,815.0,451.25543212890625
timesfm,2020-09-01,607.0,732.15234375
timesfm,2020-10-01,571.0,1256.357177734375
timesfm,2020-11-01,1106.0,1539.4583740234375
timesfm,2020-12-01,765.0,1375.2208251953125
timesfm,2021-01-01,1244.0,1104.10302734375
timesfm,2021-02-01,1008.0,1951.315185546875
timesfm,2021-03-01,1078.0,2664.444091796875
timesfm,2020-05-01,2116.0,686.2267456054688
timesfm,2020-06-01,1795.0,0.0
timesfm,2020-07-01,1101.0,58.368408203125
timesfm,2020-08-01,815.0,172.904541015625
timesfm,2020-09-01,607.0,911.7119140625
timesfm,2020-10-01,571.0,908.25927734375
timesfm,2020-11-01,1106.0,787.064697265625
timesfm,2020-12-01,765.0,1031.3656005859375
timesfm,2021-01-01,1244.0,987.4530029296875
timesfm,2021-02-01,1008.0,1029.120849609375
timesfm,2021-03-01,1078.0,1947.189208984375
timesfm,2021-04-01,747.0,2319.050048828125
timesfm,2020-06-01,1795.0,1706.7767333984375
timesfm,2020-07-01,1101.0,844.634765625
timesfm,2020-08-01,815.0,684.18798828125
timesfm,2020-09-01,607.0,623.13623046875
timesfm,2020-10-01,571.0,1260.41162109375
timesfm,2020-11-01,1106.0,1024.70361328125
timesfm,2020-12-01,765.0,1032.449951171875
timesfm,2021-01-01,1244.0,1460.524169921875
timesfm,2021-02-01,1008.0,1586.8934326171875
timesfm,2021-03-01,1078.0,1309.5574951171875
timesfm,2021-04-01,747.0,1113.0196533203125
timesfm,2021-05-01,738.0,868.80859375
timesfm,2020-07-01,1101.0,1660.165283203125
timesfm,2020-08-01,815.0,1457.160888671875
timesfm,2020-09-01,607.0,1422.11865234375
timesfm,2020-10-01,571.0,1602.90966796875
timesfm,2020-11-01,1106.0,1896.7901611328125
timesfm,2020-12-01,765.0,1350.03564453125
timesfm,2021-01-01,1244.0,1095.96435546875
timesfm,2021-02-01,1008.0,1150.6041259765625
timesfm,2021-03-01,1078.0,1616.353515625
timesfm,2021-04-01,747.0,1039.8651123046875
timesfm,2021-05-01,738.0,695.4922485351562
timesfm,2021-06-01,405.0,717.7940673828125
timesfm,2020-08-01,815.0,1074.851806640625
timesfm,2020-09-01,607.0,1267.4609375
timesfm,2020-10-01,571.0,1731.5474853515625
timesfm,2020-11-01,1106.0,1830.962158203125
timesfm,2020-12-01,765.0,2038.37109375
timesfm,2021-01-01,1244.0,1245.246826171875
timesfm,2021-02-01,1008.0,981.806396484375
timesfm,2021-03-01,1078.0,1302.1346435546875
timesfm,2021-04-01,747.0,1613.053466796875
timesfm,2021-05-01,738.0,502.45135498046875
timesfm,2021-06-01,405.0,0.0
timesfm,2021-07-01,299.0,336.40673828125
timesfm,2020-09-01,607.0,778.1170654296875
timesfm,2020-10-01,571.0,1013.799072265625
timesfm,2020-11-01,1106.0,1363.4693603515625
timesfm,2020-12-01,765.0,1546.8543701171875
timesfm,2021-01-01,1244.0,1725.5054931640625
timesfm,2021-02-01,1008.0,1233.75830078125
timesfm,2021-03-01,1078.0,1202.65283203125
timesfm,2021-04-01,747.0,1205.13720703125
timesfm,2021-05-01,738.0,680.302490234375
timesfm,2021-06-01,405.0,0.0
timesfm,2021-07-01,299.0,71.358642578125
timesfm,2021-08-01,414.0,799.087158203125
timesfm,2020-10-01,571.0,686.5059814453125
timesfm,2020-11-01,1106.0,390.09844970703125
timesfm,2020-12-01,765.0,752.4390869140625
timesfm,2021-01-01,1244.0,1345.564208984375
timesfm,2021-02-01,1008.0,2166.059326171875
timesfm,2021-03-01,1078.0,1928.07861328125
timesfm,2021-04-01,747.0,1605.1063232421875
timesfm,2021-05-01,738.0,586.5469970703125
timesfm,2021-06-01,405.0,0.0
timesfm,2021-07-01,299.0,0.0
timesfm,2021-08-01,414.0,0.0
timesfm,2021-09-01,439.0,366.93365478515625
timesfm,2020-11-01,1106.0,635.2225341796875
timesfm,2020-12-01,765.0,691.1192016601562
timesfm,2021-01-01,1244.0,779.1505737304688
timesfm,2021-02-01,1008.0,1094.5079345703125
timesfm,2021-03-01,1078.0,2214.876953125
timesfm,2021-04-01,747.0,1562.3936767578125
timesfm,2021-05-01,738.0,966.3858642578125
timesfm,2021-06-01,405.0,291.82867431640625
timesfm,2021-07-01,299.0,132.6243896484375
timesfm,2021-08-01,414.0,0.0
timesfm,2021-09-01,439.0,0.0
timesfm,2021-10-01,453.0,0.0
timesfm,2020-12-01,765.0,1108.1343994140625
timesfm,2021-01-01,1244.0,1528.3961181640625
timesfm,2021-02-01,1008.0,1623.345703125
timesfm,2021-03-01,1078.0,1689.06787109375
timesfm,2021-04-01,747.0,2125.837890625
timesfm,2021-05-01,738.0,989.5836181640625
timesfm,2021-06-01,405.0,143.717529296875
timesfm,2021-07-01,299.0,29.541748046875
timesfm,2021-08-01,414.0,695.46240234375
timesfm,2021-09-01,439.0,293.64007568359375
timesfm,2021-10-01,453.0,0.0
timesfm,2021-11-01,496.0,1092.28271484375
timesfm,2021-01-01,1244.0,1053.9923095703125
timesfm,2021-02-01,1008.0,1109.39208984375
timesfm,2021-03-01,1078.0,1107.097900390625
timesfm,2021-04-01,747.0,576.2644653320312
timesfm,2021-05-01,738.0,633.7633056640625
timesfm,2021-06-01,405.0,0.0
timesfm,2021-07-01,299.0,0.0
timesfm,2021-08-01,414.0,402.409423828125
timesfm,2021-09-01,439.0,980.8021240234375
timesfm,2021-10-01,453.0,1509.5198974609375
timesfm,2021-11-01,496.0,2113.337158203125
timesfm,2021-12-01,347.0,4069.281494140625
timesfm,2021-02-01,1008.0,1818.552734375
timesfm,2021-03-01,1078.0,2884.14013671875
timesfm,2021-04-01,747.0,2683.8896484375
timesfm,2021-05-01,738.0,1591.04150390625
timesfm,2021-06-01,405.0,1021.1295166015625
timesfm,2021-07-01,299.0,0.0
timesfm,2021-08-01,414.0,0.0
timesfm,2021-09-01,439.0,441.46844482421875
timesfm,2021-10-01,453.0,2015.4739990234375
timesfm,2021-11-01,496.0,3593.6416015625
timesfm,2021-12-01,347.0,5639.4765625
timesfm,2022-01-01,1187.0,9519.482421875
timesfm,2021-03-01,1078.0,1288.8681640625
timesfm,2021-04-01,747.0,1499.14794921875
timesfm,2021-05-01,738.0,851.3582763671875
timesfm,2021-06-01,405.0,465.66876220703125
timesfm,2021-07-01,299.0,469.55694580078125
timesfm,2021-08-01,414.0,0.0
timesfm,2021-09-01,439.0,236.10205078125
timesfm,2021-10-01,453.0,603.674560546875
timesfm,2021-11-01,496.0,2473.784912109375
timesfm,2021-12-01,347.0,6147.27978515625
timesfm,2022-01-01,1187.0,10528.7880859375
timesfm,2022-02-01,843.0,15516.2685546875
timesfm,2021-04-01,747.0,1652.44140625
timesfm,2021-05-01,738.0,1564.545166015625
timesfm,2021-06-01,405.0,1126.3013916015625
timesfm,2021-07-01,299.0,1259.6153564453125
timesfm,2021-08-01,414.0,1478.73095703125
timesfm,2021-09-01,439.0,1288.46826171875
timesfm,2021-10-01,453.0,1326.1109619140625
timesfm,2021-11-01,496.0,2498.796875
timesfm,2021-12-01,347.0,6162.90673828125
timesfm,2022-01-01,1187.0,11384.0498046875
timesfm,2022-02-01,843.0,16648.37109375
timesfm,2022-03-01,1187.0,21148.033203125
timesfm,2021-05-01,738.0,343.1126708984375
timesfm,2021-06-01,405.0,0.0
timesfm,2021-07-01,299.0,124.8204345703125
timesfm,2021-08-01,414.0,267.634033203125
timesfm,2021-09-01,439.0,640.2008056640625
timesfm,2021-10-01,453.0,208.5706787109375
timesfm,2021-11-01,496.0,847.0933227539062
timesfm,2021-12-01,347.0,2651.1640625
timesfm,2022-01-01,1187.0,6031.80517578125
timesfm,2022-02-01,843.0,10049.1884765625
timesfm,2022-03-01,1187.0,13343.626953125
timesfm,2022-04-01,1585.0,15340.609375
timesfm,2021-06-01,405.0,877.3938598632812
timesfm,2021-07-01,299.0,530.219970703125
timesfm,2021-08-01,414.0,396.79486083984375
timesfm,2021-09-01,439.0,575.8467407226562
timesfm,2021-10-01,453.0,659.685302734375
timesfm,2021-11-01,496.0,437.15216064453125
timesfm,2021-12-01,347.0,2078.136474609375
timesfm,2022-01-01,1187.0,6187.923828125
timesfm,2022-02-01,843.0,10681.3232421875
timesfm,2022-03-01,1187.0,14203.9248046875
timesfm,2022-04-01,1585.0,15806.7041015625
timesfm,2022-05-01,1939.0,15141.2275390625
timesfm,2021-07-01,299.0,986.7406005859375
timesfm,2021-08-01,414.0,804.5135498046875
timesfm,2021-09-01,439.0,684.714599609375
timesfm,2021-10-01,453.0,594.02587890625
timesfm,2021-11-01,496.0,2030.8189697265625
timesfm,2021-12-01,347.0,3713.8466796875
timesfm,2022-01-01,1187.0,7491.49072265625
timesfm,2022-02-01,843.0,12300.8330078125
timesfm,2022-03-01,1187.0,16579.443359375
timesfm,2022-04-01,1585.0,17091.115234375
timesfm,2022-05-01,1939.0,14939.94140625
timesfm,2022-06-01,949.0,11527.556640625
timesfm,2021-08-01,414.0,1308.504638671875
timesfm,2021-09-01,439.0,612.1661987304688
timesfm,2021-10-01,453.0,217.291015625
timesfm,2021-11-01,496.0,1063.6226806640625
timesfm,2021-12-01,347.0,3739.431640625
timesfm,2022-01-01,1187.0,7202.47021484375
timesfm,2022-02-01,843.0,11233.9873046875
timesfm,2022-03-01,1187.0,14545.6494140625
timesfm,2022-04-01,1585.0,16119.65625
timesfm,2022-05-01,1939.0,14325.263671875
timesfm,2022-06-01,949.0,10760.9072265625
timesfm,2022-07-01,858.0,7104.3466796875
timesfm,2021-09-01,439.0,976.4793090820312
timesfm,2021-10-01,453.0,0.0
timesfm,2021-11-01,496.0,257.4639892578125
timesfm,2021-12-01,347.0,1899.569580078125
timesfm,2022-01-01,1187.0,6797.1474609375
timesfm,2022-02-01,843.0,11764.146484375
timesfm,2022-03-01,1187.0,15320.5087890625
timesfm,2022-04-01,1585.0,16620.15625
timesfm,2022-05-01,1939.0,15712.4375
timesfm,2022-06-01,949.0,12612.9814453125
timesfm,2022-07-01,858.0,8754.3642578125
timesfm,2022-08-01,474.0,5237.28857421875
timesfm,2021-10-01,453.0,574.5889282226562
timesfm,2021-11-01,496.0,298.0787353515625
timesfm,2021-12-01,347.0,2218.369140625
timesfm,2022-01-01,1187.0,5286.0625
timesfm,2022-02-01,843.0,12046.994140625
timesfm,2022-03-01,1187.0,16438.798828125
timesfm,2022-04-01,1585.0,18435.421875
timesfm,2022-05-01,1939.0,16531.65234375
timesfm,2022-06-01,949.0,13373.9130859375
timesfm,2022-07-01,858.0,9452.552734375
timesfm,2022-08-01,474.0,5244.740234375
timesfm,2022-09-01,678.0,1658.052001953125
timesfm,2021-11-01,496.0,359.9547119140625
timesfm,2021-12-01,347.0,963.748046875
timesfm,2022-01-01,1187.0,3486.1806640625
timesfm,2022-02-01,843.0,8468.2431640625
timesfm,2022-03-01,1187.0,13880.90234375
timesfm,2022-04-01,1585.0,15407.7724609375
timesfm,2022-05-01,1939.0,13065.6455078125
timesfm,2022-06-01,949.0,9411.544921875
timesfm,2022-07-01,858.0,6908.79931640625
timesfm,2022-08-01,474.0,3996.33203125
timesfm,2022-09-01,678.0,1829.379638671875
timesfm,2022-10-01,1042.0,0.0
timesfm,2021-12-01,347.0,195.995361328125
timesfm,2022-01-01,1187.0,3708.602294921875
timesfm,2022-02-01,843.0,9795.9072265625
timesfm,2022-03-01,1187.0,14972.2978515625
timesfm,2022-04-01,1585.0,17002.916015625
timesfm,2022-05-01,1939.0,14450.6240234375
timesfm,2022-06-01,949.0,9278.095703125
timesfm,2022-07-01,858.0,5288.62109375
timesfm,2022-08-01,474.0,3009.1669921875
timesfm,2022-09-01,678.0,1373.527587890625
timesfm,2022-10-01,1042.0,0.0
timesfm,2022-11-01,964.0,0.0
timesfm,2022-01-01,1187.0,867.8961791992188
timesfm,2022-02-01,843.0,7223.419921875
timesfm,2022-03-01,1187.0,13555.54296875
timesfm,2022-04-01,1585.0,15811.4580078125
timesfm,2022-05-01,1939.0,13989.83984375
timesfm,2022-06-01,949.0,9780.1240234375
timesfm,2022-07-01,858.0,5109.61279296875
timesfm,2022-08-01,474.0,2391.009033203125
timesfm,2022-09-01,678.0,1013.7769165039062
timesfm,2022-10-01,1042.0,161.8232421875
timesfm,2022-11-01,964.0,4.3828125
timesfm,2022-12-01,819.0,245.50341796875
timesfm,2022-02-01,843.0,6298.3330078125
timesfm,2022-03-01,1187.0,13724.98828125
timesfm,2022-04-01,1585.0,17816.779296875
timesfm,2022-05-01,1939.0,15893.5478515625
timesfm,2022-06-01,949.0,11273.712890625
timesfm,2022-07-01,858.0,6409.40283203125
timesfm,2022-08-01,474.0,2839.865478515625
timesfm,2022-09-01,678.0,1130.5523681640625
timesfm,2022-10-01,1042.0,0.0
timesfm,2022-11-01,964.0,0.0
timesfm,2022-12-01,819.0,41.28271484375
timesfm,2023-01-01,3245.0,797.00146484375
timesfm,2022-03-01,1187.0,8731.7158203125
timesfm,2022-04-01,1585.0,12100.1484375
timesfm,2022-05-01,1939.0,12843.3310546875
timesfm,2022-06-01,949.0,9580.3251953125
timesfm,2022-07-01,858.0,5001.1767578125
timesfm,2022-08-01,474.0,1923.7689208984375
timesfm,2022-09-01,678.0,308.54840087890625
timesfm,2022-10-01,1042.0,0.0
timesfm,2022-11-01,964.0,0.0
timesfm,2022-12-01,819.0,122.0201416015625
timesfm,2023-01-01,3245.0,1126.301513671875
timesfm,2023-02-01,5487.0,1863.5106201171875
timesfm,2022-04-01,1585.0,9844.9560546875
timesfm,2022-05-01,1939.0,10852.6328125
timesfm,2022-06-01,949.0,9191.279296875
timesfm,2022-07-01,858.0,5552.29345703125
timesfm,2022-08-01,474.0,2163.505859375
timesfm,2022-09-01,678.0,458.15081787109375
timesfm,2022-10-01,1042.0,0.0
timesfm,2022-11-01,964.0,0.0
timesfm,2022-12-01,819.0,135.9857177734375
timesfm,2023-01-01,3245.0,454.4471435546875
timesfm,2023-02-01,5487.0,1073.0869140625
timesfm,2023-03-01,12547.0,1976.4658203125
timesfm,2022-05-01,1939.0,3410.47705078125
timesfm,2022-06-01,949.0,3794.389404296875
timesfm,2022-07-01,858.0,3817.35400390625
timesfm,2022-08-01,474.0,2145.781982421875
timesfm,2022-09-01,678.0,613.8400268554688
timesfm,2022-10-01,1042.0,0.0
timesfm,2022-11-01,964.0,0.0
timesfm,2022-12-01,819.0,362.24798583984375
timesfm,2023-01-01,3245.0,812.6267700195312
timesfm,2023-02-01,5487.0,1362.0823974609375
timesfm,2023-03-01,12547.0,2068.9208984375
timesfm,2023-04-01,20371.0,1973.885498046875
timesfm,2022-06-01,949.0,2909.34228515625
timesfm,2022-07-01,858.0,2923.507568359375
timesfm,2022-08-01,474.0,2659.173828125
timesfm,2022-09-01,678.0,1674.4310302734375
timesfm,2022-10-01,1042.0,574.6067504882812
timesfm,2022-11-01,964.0,0.0
timesfm,2022-12-01,819.0,139.4892578125
timesfm,2023-01-01,3245.0,784.50439453125
timesfm,2023-02-01,5487.0,1229.30419921875
timesfm,2023-03-01,12547.0,1805.939453125
timesfm,2023-04-01,20371.0,1926.397216796875
timesfm,2023-05-01,10627.0,1266.1522216796875
timesfm,2022-07-01,858.0,770.6566772460938
timesfm,2022-08-01,474.0,402.727783203125
timesfm,2022-09-01,678.0,474.67401123046875
timesfm,2022-10-01,1042.0,268.9759521484375
timesfm,2022-11-01,964.0,153.3070068359375
timesfm,2022-12-01,819.0,119.3797607421875
timesfm,2023-01-01,3245.0,470.82952880859375
timesfm,2023-02-01,5487.0,901.802734375
timesfm,2023-03-01,12547.0,1240.1961669921875
timesfm,2023-04-01,20371.0,1449.5579833984375
timesfm,2023-05-01,10627.0,1082.8621826171875
timesfm,2023-06-01,3721.0,706.9174194335938
timesfm,2022-08-01,474.0,956.8043212890625
timesfm,2022-09-01,678.0,714.2944946289062
timesfm,2022-10-01,1042.0,617.4949340820312
timesfm,2022-11-01,964.0,386.2919921875
timesfm,2022-12-01,819.0,553.7515258789062
timesfm,2023-01-01,3245.0,686.7071533203125
timesfm,2023-02-01,5487.0,1005.7109985351562
timesfm,2023-03-01,12547.0,1333.940673828125
timesfm,2023-04-01,20371.0,1441.55224609375
timesfm,2023-05-01,10627.0,1195.121826171875
timesfm,2023-06-01,3721.0,987.3733520507812
timesfm,2023-07-01,1927.0,989.867431640625
timesfm,2022-09-01,678.0,257.20703125
timesfm,2022-10-01,1042.0,216.2529296875
timesfm,2022-11-01,964.0,185.83935546875
timesfm,2022-12-01,819.0,175.4964599609375
timesfm,2023-01-01,3245.0,661.244140625
timesfm,2023-02-01,5487.0,952.4071044921875
timesfm,2023-03-01,12547.0,1202.910888671875
timesfm,2023-04-01,20371.0,1400.29541015625
timesfm,2023-05-01,10627.0,991.5625
timesfm,2023-06-01,3721.0,686.0848388671875
timesfm,2023-07-01,1927.0,785.4716186523438
timesfm,2023-08-01,1281.0,725.7116088867188
timesfm,2022-10-01,1042.0,766.6589965820312
timesfm,2022-11-01,964.0,665.5584106445312
timesfm,2022-12-01,819.0,534.703857421875
timesfm,2023-01-01,3245.0,761.5399169921875
timesfm,2023-02-01,5487.0,1147.9649658203125
timesfm,2023-03-01,12547.0,1385.255615234375
timesfm,2023-04-01,20371.0,1506.9913330078125
timesfm,2023-05-01,10627.0,1094.1514892578125
timesfm,2023-06-01,3721.0,585.3573608398438
timesfm,2023-07-01,1927.0,844.0721435546875
timesfm,2023-08-01,1281.0,926.5850830078125
timesfm,2023-09-01,1362.0,785.1237182617188
timesfm,2022-11-01,964.0,1244.3106689453125
timesfm,2022-12-01,819.0,1085.993896484375
timesfm,2023-01-01,3245.0,1146.737060546875
timesfm,2023-02-01,5487.0,1307.486083984375
timesfm,2023-03-01,12547.0,1367.5084228515625
timesfm,2023-04-01,20371.0,1180.9293212890625
timesfm,2023-05-01,10627.0,823.5531005859375
timesfm,2023-06-01,3721.0,445.75213623046875
timesfm,2023-07-01,1927.0,552.4690551757812
timesfm,2023-08-01,1281.0,808.1503295898438
timesfm,2023-09-01,1362.0,1082.983154296875
timesfm,2023-10-01,1943.0,1005.5662231445312
timesfm,2022-12-01,819.0,729.3646240234375
timesfm,2023-01-01,3245.0,687.5582885742188
timesfm,2023-02-01,5487.0,1027.217529296875
timesfm,2023-03-01,12547.0,1209.41796875
timesfm,2023-04-01,20371.0,1332.0111083984375
timesfm,2023-05-01,10627.0,828.6061401367188
timesfm,2023-06-01,3721.0,611.6292724609375
timesfm,2023-07-01,1927.0,639.1838989257812
timesfm,2023-08-01,1281.0,844.8699340820312
timesfm,2023-09-01,1362.0,899.4429931640625
timesfm,2023-10-01,1943.0,1090.5985107421875
timesfm,2023-11-01,1713.0,917.7670288085938
timesfm,2023-01-01,3245.0,1139.5196533203125
timesfm,2023-02-01,5487.0,1229.112548828125
timesfm,2023-03-01,12547.0,1479.22265625
timesfm,2023-04-01,20371.0,1461.5574951171875
timesfm,2023-05-01,10627.0,980.6299438476562
timesfm,2023-06-01,3721.0,335.64361572265625
timesfm,2023-07-01,1927.0,411.44122314453125
timesfm,2023-08-01,1281.0,431.9498291015625
timesfm,2023-09-01,1362.0,663.4313354492188
timesfm,2023-10-01,1943.0,724.83154296875
timesfm,2023-11-01,1713.0,901.217529296875
timesfm,2023-12-01,5098.0,769.5564575195312
timesfm,2023-02-01,5487.0,6829.5830078125
timesfm,2023-03-01,12547.0,6618.36962890625
timesfm,2023-04-01,20371.0,5492.8232421875
timesfm,2023-05-01,10627.0,3494.33984375
timesfm,2023-06-01,3721.0,1561.6802978515625
timesfm,2023-07-01,1927.0,668.701171875
timesfm,2023-08-01,1281.0,457.22821044921875
timesfm,2023-09-01,1362.0,432.022705078125
timesfm,2023-10-01,1943.0,497.36138916015625
timesfm,2023-11-01,1713.0,624.09716796875
timesfm,2023-12-01,5098.0,1059.7901611328125
timesfm,2024-01-01,40617.0,1133.12939453125
timesfm,2023-03-01,12547.0,6029.29345703125
timesfm,2023-04-01,20371.0,4557.35498046875
timesfm,2023-05-01,10627.0,2998.23779296875
timesfm,2023-06-01,3721.0,1530.917724609375
timesfm,2023-07-01,1927.0,946.3883056640625
timesfm,2023-08-01,1281.0,799.5922241210938
timesfm,2023-09-01,1362.0,867.80615234375
timesfm,2023-10-01,1943.0,952.1434326171875
timesfm,2023-11-01,1713.0,749.4000854492188
timesfm,2023-12-01,5098.0,763.103759765625
timesfm,2024-01-01,40617.0,1071.904541015625
timesfm,2024-02-01,103462.0,1200.6673583984375
timesfm,2023-04-01,20371.0,15843.1953125
timesfm,2023-05-01,10627.0,11108.3828125
timesfm,2023-06-01,3721.0,6164.88916015625
timesfm,2023-07-01,1927.0,3325.85107421875
timesfm,2023-08-01,1281.0,2263.178955078125
timesfm,2023-09-01,1362.0,1371.2041015625
timesfm,2023-10-01,1943.0,1094.6746826171875
timesfm,2023-11-01,1713.0,1127.9443359375
timesfm,2023-12-01,5098.0,858.2586059570312
timesfm,2024-01-01,40617.0,1177.7359619140625
timesfm,2024-02-01,103462.0,1597.43505859375
timesfm,2024-03-01,122453.0,1808.2396240234375
timesfm,2023-05-01,10627.0,20078.083984375
timesfm,2023-06-01,3721.0,13321.8916015625
timesfm,2023-07-01,1927.0,7559.30419921875
timesfm,2023-08-01,1281.0,4411.748046875
timesfm,2023-09-01,1362.0,2659.85498046875
timesfm,2023-10-01,1943.0,1062.27685546875
timesfm,2023-11-01,1713.0,221.3958740234375
timesfm,2023-12-01,5098.0,249.091552734375
timesfm,2024-01-01,40617.0,328.6522216796875
timesfm,2024-02-01,103462.0,784.1968383789062
timesfm,2024-03-01,122453.0,1154.53173828125
timesfm,2024-04-01,43885.0,1211.7799072265625
timesfm,2023-06-01,3721.0,1816.005126953125
timesfm,2023-07-01,1927.0,194.7510986328125
timesfm,2023-08-01,1281.0,272.6260986328125
timesfm,2023-09-01,1362.0,408.662353515625
timesfm,2023-10-01,1943.0,808.1465454101562
timesfm,2023-11-01,1713.0,636.94970703125
timesfm,2023-12-01,5098.0,583.410400390625
timesfm,2024-01-01,40617.0,899.2595825195312
timesfm,2024-02-01,103462.0,1468.387451171875
timesfm,2024-03-01,122453.0,1835.462158203125
timesfm,2024-04-01,43885.0,1833.790771484375
timesfm,2024-05-01,14182.0,1391.0606689453125
timesfm,2023-07-01,1927.0,1994.022705078125
timesfm,2023-08-01,1281.0,1080.519287109375
timesfm,2023-09-01,1362.0,967.5517578125
timesfm,2023-10-01,1943.0,807.9920654296875
timesfm,2023-11-01,1713.0,993.580810546875
timesfm,2023-12-01,5098.0,799.9620971679688
timesfm,2024-01-01,40617.0,867.560791015625
timesfm,2024-02-01,103462.0,1237.94482421875
timesfm,2024-03-01,122453.0,1434.5986328125
timesfm,2024-04-01,43885.0,1503.0941162109375
timesfm,2024-05-01,14182.0,1168.04736328125
timesfm,2024-06-01,4909.0,642.9205322265625
timesfm,2023-08-01,1281.0,1460.662109375
timesfm,2023-09-01,1362.0,1279.3780517578125
timesfm,2023-10-01,1943.0,1294.9632568359375
timesfm,2023-11-01,1713.0,1129.326416015625
timesfm,2023-12-01,5098.0,1128.46337890625
timesfm,2024-01-01,40617.0,1223.58642578125
timesfm,2024-02-01,103462.0,1411.640625
timesfm,2024-03-01,122453.0,1768.8338623046875
timesfm,2024-04-01,43885.0,1593.9385986328125
timesfm,2024-05-01,14182.0,1193.4423828125
timesfm,2024-06-01,4909.0,763.020751953125
timesfm,2024-07-01,1074.0,615.1361083984375
timesfm,2023-09-01,1362.0,1145.052734375
timesfm,2023-10-01,1943.0,1042.08740234375
timesfm,2023-11-01,1713.0,1096.975830078125
timesfm,2023-12-01,5098.0,1034.524658203125
timesfm,2024-01-01,40617.0,1149.483154296875
timesfm,2024-02-01,103462.0,1445.0712890625
timesfm,2024-03-01,122453.0,1534.0966796875
timesfm,2024-04-01,43885.0,1614.82373046875
timesfm,2024-05-01,14182.0,1237.9464111328125
timesfm,2024-06-01,4909.0,893.1331176757812
timesfm,2024-07-01,1074.0,743.9638671875
timesfm,2024-08-01,984.0,784.2059936523438
timesfm,2023-10-01,1943.0,1162.89697265625
timesfm,2023-11-01,1713.0,1011.2081298828125
timesfm,2023-12-01,5098.0,918.1035766601562
timesfm,2024-01-01,40617.0,1097.447509765625
timesfm,2024-02-01,103462.0,1456.5987548828125
timesfm,2024-03-01,122453.0,1704.6395263671875
timesfm,2024-04-01,43885.0,1607.78564453125
timesfm,2024-05-01,14182.0,1406.888916015625
timesfm,2024-06-01,4909.0,912.5809326171875
timesfm,2024-07-01,1074.0,719.218994140625
timesfm,2024-08-01,984.0,641.4016723632812
timesfm,2024-09-01,1519.0,870.1019287109375
timesfm,2023-11-01,1713.0,1860.5634765625
timesfm,2023-12-01,5098.0,1766.57861328125
timesfm,2024-01-01,40617.0,1791.89794921875
timesfm,2024-02-01,103462.0,1717.9088134765625
timesfm,2024-03-01,122453.0,1865.697998046875
timesfm,2024-04-01,43885.0,1848.052490234375
timesfm,2024-05-01,14182.0,1548.2315673828125
timesfm,2024-06-01,4909.0,1396.99560546875
timesfm,2024-07-01,1074.0,1359.603515625
timesfm,2024-08-01,984.0,1417.7938232421875
timesfm,2024-09-01,1519.0,1404.2998046875
timesfm,2024-10-01,1426.0,1563.462158203125
timesfm,2023-12-01,5098.0,1643.5732421875
timesfm,2024-01-01,40617.0,1609.31591796875
timesfm,2024-02-01,103462.0,1783.6300048828125
timesfm,2024-03-01,122453.0,1692.263916015625
timesfm,2024-04-01,43885.0,1731.4034423828125
timesfm,2024-05-01,14182.0,1593.369873046875
timesfm,2024-06-01,4909.0,1127.0716552734375
timesfm,2024-07-01,1074.0,1179.317138671875
timesfm,2024-08-01,984.0,1250.8458251953125
timesfm,2024-09-01,1519.0,1332.835205078125
timesfm,2024-10-01,1426.0,1346.7952880859375
timesfm,2024-11-01,2473.0,1501.724853515625
timesfm,2024-01-01,40617.0,7034.55517578125
timesfm,2024-02-01,103462.0,6324.91015625
timesfm,2024-03-01,122453.0,5072.00244140625
timesfm,2024-04-01,43885.0,3436.703125
timesfm,2024-05-01,14182.0,2170.1845703125
timesfm,2024-06-01,4909.0,1283.853271484375
timesfm,2024-07-01,1074.0,833.9002075195312
timesfm,2024-08-01,984.0,844.609130859375
timesfm,2024-09-01,1519.0,874.1953735351562
timesfm,2024-10-01,1426.0,1249.0435791015625
timesfm,2024-11-01,2473.0,1460.0726318359375
timesfm,2024-12-01,2499.0,1695.31103515625
