model,date,y_true,y_pred
sarimax,2014-01-01,569.0,4135.219713451506
sarimax,2014-02-01,431.0,10772.81768775571
sarimax,2014-03-01,464.0,27293.54560845757
sarimax,2014-04-01,317.0,48794.5009659775
sarimax,2014-05-01,308.0,29219.46898316432
sarimax,2014-06-01,271.0,7629.207103829067
sarimax,2014-07-01,191.0,0.0
sarimax,2014-08-01,310.0,0.0
sarimax,2014-09-01,295.0,0.0
sarimax,2014-10-01,237.0,0.0
sarimax,2014-11-01,239.0,0.0
sarimax,2014-12-01,109.0,0.0
sarimax,2014-02-01,431.0,6279.489065265061
sarimax,2014-03-01,464.0,23416.056300067477
sarimax,2014-04-01,317.0,44090.99139237826
sarimax,2014-05-01,308.0,24887.057797167363
sarimax,2014-06-01,271.0,3360.041881654415
sarimax,2014-07-01,191.0,0.0
sarimax,2014-08-01,310.0,0.0
sarimax,2014-09-01,295.0,0.0
sarimax,2014-10-01,237.0,0.0
sarimax,2014-11-01,239.0,0.0
sarimax,2014-12-01,109.0,0.0
sarimax,2015-01-01,187.0,0.0
sarimax,2014-03-01,464.0,15977.995949909298
sarimax,2014-04-01,317.0,38152.43070529269
sarimax,2014-05-01,308.0,18134.737840325164
sarimax,2014-06-01,271.0,0.0
sarimax,2014-07-01,191.0,0.0
sarimax,2014-08-01,310.0,0.0
sarimax,2014-09-01,295.0,0.0
sarimax,2014-10-01,237.0,0.0
sarimax,2014-11-01,239.0,0.0
sarimax,2014-12-01,109.0,0.0
sarimax,2015-01-01,187.0,0.0
sarimax,2015-02-01,286.0,0.0
sarimax,2014-04-01,317.0,18412.295978941544
sarimax,2014-05-01,308.0,1164.1301694895483
sarimax,2014-06-01,271.0,0.0
sarimax,2014-07-01,191.0,0.0
sarimax,2014-08-01,310.0,0.0
sarimax,2014-09-01,295.0,0.0
sarimax,2014-10-01,237.0,0.0
sarimax,2014-11-01,239.0,0.0
sarimax,2014-12-01,109.0,0.0
sarimax,2015-01-01,187.0,0.0
sarimax,2015-02-01,286.0,0.0
sarimax,2015-03-01,1312.0,0.0
sarimax,2014-05-01,308.0,0.0
sarimax,2014-06-01,271.0,0.0
sarimax,2014-07-01,191.0,0.0
sarimax,2014-08-01,310.0,0.0
sarimax,2014-09-01,295.0,0.0
sarimax,2014-10-01,237.0,0.0
sarimax,2014-11-01,239.0,0.0
sarimax,2014-12-01,109.0,0.0
sarimax,2015-01-01,187.0,0.0
sarimax,2015-02-01,286.0,0.0
sarimax,2015-03-01,1312.0,0.0
sarimax,2015-04-01,3766.0,0.0
sarimax,2014-06-01,271.0,0.0
sarimax,2014-07-01,191.0,0.0
sarimax,2014-08-01,310.0,0.0
sarimax,2014-09-01,295.0,0.0
sarimax,2014-10-01,237.0,0.0
sarimax,2014-11-01,239.0,0.0
sarimax,2014-12-01,109.0,0.0
sarimax,2015-01-01,187.0,0.0
sarimax,2015-02-01,286.0,0.0
sarimax,2015-03-01,1312.0,0.0
sarimax,2015-04-01,3766.0,0.0
sarimax,2015-05-01,6704.0,0.0
sarimax,2014-07-01,191.0,0.0
sarimax,2014-08-01,310.0,0.0
sarimax,2014-09-01,295.0,0.0
sarimax,2014-10-01,237.0,0.0
sarimax,2014-11-01,239.0,0.0
sarimax,2014-12-01,109.0,0.0
sarimax,2015-01-01,187.0,0.0
sarimax,2015-02-01,286.0,0.0
sarimax,2015-03-01,1312.0,3034.9121716222216
sarimax,2015-04-01,3766.0,165.7902740661816
sarimax,2015-05-01,6704.0,0.0
sarimax,2015-06-01,3156.0,0.0
sarimax,2014-08-01,310.0,1521.8167947170136
sarimax,2014-09-01,295.0,0.0
sarimax,2014-10-01,237.0,606.171459390044
sarimax,2014-11-01,239.0,0.0
sarimax,2014-12-01,109.0,946.5028618092123
sarimax,2015-01-01,187.0,1377.5241267135193
sarimax,2015-02-01,286.0,3444.6071430974966
sarimax,2015-03-01,1312.0,8810.418602734571
sarimax,2015-04-01,3766.0,6158.895804443017
sarimax,2015-05-01,6704.0,1881.6948568683129
sarimax,2015-06-01,3156.0,599.8043606837878
sarimax,2015-07-01,1356.0,33.53178216097797
sarimax,2014-09-01,295.0,0.0
sarimax,2014-10-01,237.0,0.0
sarimax,2014-11-01,239.0,0.0
sarimax,2014-12-01,109.0,0.0
sarimax,2015-01-01,187.0,0.0
sarimax,2015-02-01,286.0,2039.4618604460807
sarimax,2015-03-01,1312.0,7346.698505354957
sarimax,2015-04-01,3766.0,4731.499089397961
sarimax,2015-05-01,6704.0,450.6974736250577
sarimax,2015-06-01,3156.0,0.0
sarimax,2015-07-01,1356.0,0.0
sarimax,2015-08-01,1278.0,0.0
sarimax,2014-10-01,237.0,1948.8223420540653
sarimax,2014-11-01,239.0,752.0902739460439
sarimax,2014-12-01,109.0,2109.1075271999366
sarimax,2015-01-01,187.0,2253.272033729103
sarimax,2015-02-01,286.0,4488.403245759844
sarimax,2015-03-01,1312.0,9650.577687299086
sarimax,2015-04-01,3766.0,7125.275477467025
sarimax,2015-05-01,6704.0,2836.523278817479
sarimax,2015-06-01,3156.0,1615.9534561521132
sarimax,2015-07-01,1356.0,1024.2160461367475
sarimax,2015-08-01,1278.0,1141.6097234972717
sarimax,2015-09-01,480.0,1028.7960333655237
sarimax,2014-11-01,239.0,0.0
sarimax,2014-12-01,109.0,248.52075695733333
sarimax,2015-01-01,187.0,152.96012648645723
sarimax,2015-02-01,286.0,2538.892249991958
sarimax,2015-03-01,1312.0,7550.6184084736105
sarimax,2015-04-01,3766.0,5122.145901180231
sarimax,2015-05-01,6704.0,805.6413941972914
sarimax,2015-06-01,3156.0,0.0
sarimax,2015-07-01,1356.0,0.0
sarimax,2015-08-01,1278.0,0.0
sarimax,2015-09-01,480.0,0.0
sarimax,2015-10-01,467.0,0.0
sarimax,2014-12-01,109.0,2402.7452466671334
sarimax,2015-01-01,187.0,1971.886995398535
sarimax,2015-02-01,286.0,4575.957192516905
sarimax,2015-03-01,1312.0,9390.64129507203
sarimax,2015-04-01,3766.0,7091.825797651693
sarimax,2015-05-01,6704.0,2723.936295016476
sarimax,2015-06-01,3156.0,1613.925089551596
sarimax,2015-07-01,1356.0,962.8287294307395
sarimax,2015-08-01,1278.0,1126.3843616784302
sarimax,2015-09-01,480.0,982.689382218293
sarimax,2015-10-01,467.0,957.4954903233244
sarimax,2015-11-01,1056.0,949.930074298338
sarimax,2015-01-01,187.0,0.0
sarimax,2015-02-01,286.0,2064.0071180824725
sarimax,2015-03-01,1312.0,6509.054671751287
sarimax,2015-04-01,3766.0,4456.485982571782
sarimax,2015-05-01,6704.0,0.0
sarimax,2015-06-01,3156.0,0.0
sarimax,2015-07-01,1356.0,0.0
sarimax,2015-08-01,1278.0,0.0
sarimax,2015-09-01,480.0,0.0
sarimax,2015-10-01,467.0,0.0
sarimax,2015-11-01,1056.0,0.0
sarimax,2015-12-01,1389.0,0.0
sarimax,2015-02-01,286.0,3536.287150049568
sarimax,2015-03-01,1312.0,7741.067690558254
sarimax,2015-04-01,3766.0,5854.2199001916415
sarimax,2015-05-01,6704.0,1273.983130053235
sarimax,2015-06-01,3156.0,366.65332139312636
sarimax,2015-07-01,1356.0,0.0
sarimax,2015-08-01,1278.0,0.0
sarimax,2015-09-01,480.0,0.0
sarimax,2015-10-01,467.0,0.0
sarimax,2015-11-01,1056.0,0.0
sarimax,2015-12-01,1389.0,0.0
sarimax,2016-01-01,2445.0,0.0
sarimax,2015-03-01,1312.0,3483.3736472259093
sarimax,2015-04-01,3766.0,2274.738290845834
sarimax,2015-05-01,6704.0,0.0
sarimax,2015-06-01,3156.0,0.0
sarimax,2015-07-01,1356.0,0.0
sarimax,2015-08-01,1278.0,0.0
sarimax,2015-09-01,480.0,0.0
sarimax,2015-10-01,467.0,0.0
sarimax,2015-11-01,1056.0,0.0
sarimax,2015-12-01,1389.0,0.0
sarimax,2016-01-01,2445.0,0.0
sarimax,2016-02-01,3474.0,0.0
sarimax,2015-04-01,3766.0,0.0
sarimax,2015-05-01,6704.0,0.0
sarimax,2015-06-01,3156.0,0.0
sarimax,2015-07-01,1356.0,0.0
sarimax,2015-08-01,1278.0,0.0
sarimax,2015-09-01,480.0,0.0
sarimax,2015-10-01,467.0,0.0
sarimax,2015-11-01,1056.0,0.0
sarimax,2015-12-01,1389.0,0.0
sarimax,2016-01-01,2445.0,0.0
sarimax,2016-02-01,3474.0,0.0
sarimax,2016-03-01,7794.0,0.0
sarimax,2015-05-01,6704.0,654.4792681947615
sarimax,2015-06-01,3156.0,0.0
sarimax,2015-07-01,1356.0,0.0
sarimax,2015-08-01,1278.0,0.0
sarimax,2015-09-01,480.0,0.0
sarimax,2015-10-01,467.0,0.0
sarimax,2015-11-01,1056.0,0.0
sarimax,2015-12-01,1389.0,0.0
sarimax,2016-01-01,2445.0,0.0
sarimax,2016-02-01,3474.0,0.0
sarimax,2016-03-01,7794.0,0.0
sarimax,2016-04-01,10397.0,1152.713137998758
sarimax,2015-06-01,3156.0,6829.452870342748
sarimax,2015-07-01,1356.0,5488.778651823548
sarimax,2015-08-01,1278.0,6183.023154920742
sarimax,2015-09-01,480.0,5680.386970851284
sarimax,2015-10-01,467.0,5914.398035975364
sarimax,2015-11-01,1056.0,5723.386400776612
sarimax,2015-12-01,1389.0,5823.051388001668
sarimax,2016-01-01,2445.0,5793.5870532509325
sarimax,2016-02-01,3474.0,5898.928127993665
sarimax,2016-03-01,7794.0,6597.970620513528
sarimax,2016-04-01,10397.0,8363.53350542046
sarimax,2016-05-01,4590.0,10456.589529345358
sarimax,2015-07-01,1356.0,781.4430645739694
sarimax,2015-08-01,1278.0,2201.1714860600387
sarimax,2015-09-01,480.0,1187.4705378051253
sarimax,2015-10-01,467.0,1780.7713716879357
sarimax,2015-11-01,1056.0,1337.0192707207862
sarimax,2015-12-01,1389.0,1615.1489769629256
sarimax,2016-01-01,2445.0,1460.4646123802358
sarimax,2016-02-01,3474.0,1653.4586543981072
sarimax,2016-03-01,7794.0,2288.694258458646
sarimax,2016-04-01,10397.0,4093.084562823781
sarimax,2016-05-01,4590.0,6150.037112121241
sarimax,2016-06-01,1318.0,3624.5487557561623
sarimax,2015-08-01,1278.0,2935.519854694239
sarimax,2015-09-01,480.0,1808.9069140770093
sarimax,2015-10-01,467.0,2482.1213969897567
sarimax,2015-11-01,1056.0,1981.841650323512
sarimax,2015-12-01,1389.0,2299.831828740289
sarimax,2016-01-01,2445.0,2116.8967860443013
sarimax,2016-02-01,3474.0,2329.9490188448776
sarimax,2016-03-01,7794.0,2951.3889875477375
sarimax,2016-04-01,10397.0,4766.633416738728
sarimax,2016-05-01,4590.0,6817.506457346376
sarimax,2016-06-01,1318.0,4295.840507607099
sarimax,2016-07-01,786.0,2946.2406123757128
sarimax,2015-09-01,480.0,0.0
sarimax,2015-10-01,467.0,689.6363256488648
sarimax,2015-11-01,1056.0,0.0
sarimax,2015-12-01,1389.0,439.6915752501052
sarimax,2016-01-01,2445.0,141.83015194424894
sarimax,2016-02-01,3474.0,436.22019960535465
sarimax,2016-03-01,7794.0,1000.7366944809793
sarimax,2016-04-01,10397.0,2857.7923064224988
sarimax,2016-05-01,4590.0,4881.415725902754
sarimax,2016-06-01,1318.0,2378.3197936589477
sarimax,2016-07-01,786.0,1013.5818221356757
sarimax,2016-08-01,296.0,1022.4067418108913
sarimax,2015-10-01,467.0,1697.855909350088
sarimax,2015-11-01,1056.0,812.4915030506011
sarimax,2015-12-01,1389.0,1402.4704284901275
sarimax,2016-01-01,2445.0,1027.1068304905095
sarimax,2016-02-01,3474.0,1376.3796025813165
sarimax,2016-03-01,7794.0,1902.3910146340304
sarimax,2016-04-01,10397.0,3787.5673956918536
sarimax,2016-05-01,4590.0,5792.588935736039
sarimax,2016-06-01,1318.0,3302.265371023375
sarimax,2016-07-01,786.0,1927.3650172933203
sarimax,2016-08-01,296.0,1942.9969641850819
sarimax,2016-09-01,177.0,1336.2675826555756
sarimax,2015-11-01,1056.0,0.0
sarimax,2015-12-01,1389.0,71.58212606434176
sarimax,2016-01-01,2445.0,0.0
sarimax,2016-02-01,3474.0,0.0
sarimax,2016-03-01,7794.0,436.47583244012174
sarimax,2016-04-01,10397.0,2382.976911454806
sarimax,2016-05-01,4590.0,4346.243396996867
sarimax,2016-06-01,1318.0,1884.9700595127001
sarimax,2016-07-01,786.0,488.1004270887465
sarimax,2016-08-01,296.0,518.7923341848757
sarimax,2016-09-01,177.0,0.0
sarimax,2016-10-01,227.0,0.0
sarimax,2015-12-01,1389.0,2388.7078783187717
sarimax,2016-01-01,2445.0,1487.282257393224
sarimax,2016-02-01,3474.0,2209.240358724961
sarimax,2016-03-01,7794.0,2472.310360328135
sarimax,2016-04-01,10397.0,4546.336506129829
sarimax,2016-05-01,4590.0,6421.522777588734
sarimax,2016-06-01,1318.0,4021.9729054375275
sarimax,2016-07-01,786.0,2579.3974803249575
sarimax,2016-08-01,296.0,2641.798625227948
sarimax,2016-09-01,177.0,2001.2095613980018
sarimax,2016-10-01,227.0,2018.394225810154
sarimax,2016-11-01,377.0,2413.8962056734476
sarimax,2016-01-01,2445.0,212.82034525433164
sarimax,2016-02-01,3474.0,1129.8147739211586
sarimax,2016-03-01,7794.0,1254.9030533132361
sarimax,2016-04-01,10397.0,3427.9781745558657
sarimax,2016-05-01,4590.0,5234.552019027778
sarimax,2016-06-01,1318.0,2883.1896815439986
sarimax,2016-07-01,786.0,1404.9634834149194
sarimax,2016-08-01,296.0,1492.1660324230274
sarimax,2016-09-01,177.0,833.6607161884112
sarimax,2016-10-01,227.0,863.3789767916114
sarimax,2016-11-01,377.0,1250.2039113475043
sarimax,2016-12-01,616.0,1482.14579276859
sarimax,2016-02-01,3474.0,3973.182867989055
sarimax,2016-03-01,7794.0,3664.7322191780695
sarimax,2016-04-01,10397.0,6148.029212619742
sarimax,2016-05-01,4590.0,7737.307368217918
sarimax,2016-06-01,1318.0,5539.41786559491
sarimax,2016-07-01,786.0,3949.387159754875
sarimax,2016-08-01,296.0,4115.102215744918
sarimax,2016-09-01,177.0,3400.2086626662044
sarimax,2016-10-01,227.0,3469.6569980594822
sarimax,2016-11-01,377.0,3828.658425148889
sarimax,2016-12-01,616.0,4080.944122306839
sarimax,2017-01-01,1147.0,4832.036043696244
sarimax,2016-03-01,7794.0,3029.8260226628217
sarimax,2016-04-01,10397.0,5610.012991186799
sarimax,2016-05-01,4590.0,7130.833878810632
sarimax,2016-06-01,1318.0,4981.507608917812
sarimax,2016-07-01,786.0,3356.5095433389697
sarimax,2016-08-01,296.0,3546.9603341332418
sarimax,2016-09-01,177.0,2814.3780493255517
sarimax,2016-10-01,227.0,2896.3594083348303
sarimax,2016-11-01,377.0,3246.5063130944795
sarimax,2016-12-01,616.0,3505.178190382089
sarimax,2017-01-01,1147.0,4251.8567294585855
sarimax,2017-02-01,705.0,5050.238204308581
sarimax,2016-04-01,10397.0,11664.846005472213
sarimax,2016-05-01,4590.0,12275.897880606257
sarimax,2016-06-01,1318.0,10772.61512242416
sarimax,2016-07-01,786.0,8676.257675619036
sarimax,2016-08-01,296.0,9199.738836307799
sarimax,2016-09-01,177.0,8227.209885553822
sarimax,2016-10-01,227.0,8479.224417868652
sarimax,2016-11-01,377.0,8709.497950665324
sarimax,2016-12-01,616.0,9055.85831134653
sarimax,2017-01-01,1147.0,9743.104101423338
sarimax,2017-02-01,705.0,10587.831036677188
sarimax,2017-03-01,551.0,13952.143524263176
sarimax,2016-05-01,4590.0,10673.258599791661
sarimax,2016-06-01,1318.0,9410.95813623142
sarimax,2016-07-01,786.0,7142.729847529137
sarimax,2016-08-01,296.0,7790.120668912115
sarimax,2016-09-01,177.0,6728.853157291804
sarimax,2016-10-01,227.0,7044.768063664642
sarimax,2016-11-01,377.0,7228.9561139631805
sarimax,2016-12-01,616.0,7608.151941229502
sarimax,2017-01-01,1147.0,8271.421709846338
sarimax,2017-02-01,705.0,9132.877298418707
sarimax,2017-03-01,551.0,12483.987430499796
sarimax,2017-04-01,492.0,15090.87428560698
sarimax,2016-06-01,1318.0,1697.3279201477358
sarimax,2016-07-01,786.0,614.4515128575447
sarimax,2016-08-01,296.0,426.4777774792044
sarimax,2016-09-01,177.0,0.0
sarimax,2016-10-01,227.0,0.0
sarimax,2016-11-01,377.0,339.51187547548045
sarimax,2016-12-01,616.0,501.20731167736466
sarimax,2017-01-01,1147.0,1311.600026369608
sarimax,2017-02-01,705.0,2058.742833475494
sarimax,2017-03-01,551.0,5467.918402848241
sarimax,2017-04-01,492.0,8018.774948366511
sarimax,2017-05-01,230.0,4675.762235343149
sarimax,2016-07-01,786.0,130.13614299809194
sarimax,2016-08-01,296.0,15.850554503014777
sarimax,2016-09-01,177.0,0.0
sarimax,2016-10-01,227.0,0.0
sarimax,2016-11-01,377.0,0.0
sarimax,2016-12-01,616.0,67.77183655053284
sarimax,2017-01-01,1147.0,865.5119644901038
sarimax,2017-02-01,705.0,1622.188929675778
sarimax,2017-03-01,551.0,5026.0675191709715
sarimax,2017-04-01,492.0,7581.571667319644
sarimax,2017-05-01,230.0,4232.121945061962
sarimax,2017-06-01,175.0,879.8442529997387
sarimax,2016-08-01,296.0,853.8085559505022
sarimax,2016-09-01,177.0,211.5609999557721
sarimax,2016-10-01,227.0,231.12309953293993
sarimax,2016-11-01,377.0,623.481427099897
sarimax,2016-12-01,616.0,849.118648583954
sarimax,2017-01-01,1147.0,1614.7508489075058
sarimax,2017-02-01,705.0,2394.0486140042904
sarimax,2017-03-01,551.0,5781.78319479932
sarimax,2017-04-01,492.0,8348.593620168014
sarimax,2017-05-01,230.0,4991.506481567441
sarimax,2017-06-01,175.0,1644.8652603917985
sarimax,2017-07-01,173.0,755.0769614182706
sarimax,2016-09-01,177.0,0.0
sarimax,2016-10-01,227.0,0.0
sarimax,2016-11-01,377.0,0.0
sarimax,2016-12-01,616.0,223.3054409096372
sarimax,2017-01-01,1147.0,950.5743933735558
sarimax,2017-02-01,705.0,1757.265573290349
sarimax,2017-03-01,551.0,5126.353111951004
sarimax,2017-04-01,492.0,7706.7803713096955
sarimax,2017-05-01,230.0,4338.528290074697
sarimax,2017-06-01,175.0,998.7198425918102
sarimax,2017-07-01,173.0,104.36575501643887
sarimax,2017-08-01,117.0,0.0
sarimax,2016-10-01,227.0,494.0136871088514
sarimax,2016-11-01,377.0,676.3709975652234
sarimax,2016-12-01,616.0,1050.5988918375865
sarimax,2017-01-01,1147.0,1711.5758641793711
sarimax,2017-02-01,705.0,2565.2215950036207
sarimax,2017-03-01,551.0,5901.418932076727
sarimax,2017-04-01,492.0,8505.262853295348
sarimax,2017-05-01,230.0,5119.8431132707265
sarimax,2017-06-01,175.0,1791.7386411317361
sarimax,2017-07-01,173.0,889.2207588398128
sarimax,2017-08-01,117.0,525.3452593993629
sarimax,2017-09-01,159.0,208.48284659054954
sarimax,2016-11-01,377.0,335.2401413459549
sarimax,2016-12-01,616.0,761.8833217816597
sarimax,2017-01-01,1147.0,1385.8948939942716
sarimax,2017-02-01,705.0,2265.7452969264955
sarimax,2017-03-01,551.0,5583.637459489222
sarimax,2017-04-01,492.0,8200.54688180903
sarimax,2017-05-01,230.0,4805.436027963904
sarimax,2017-06-01,175.0,1483.8650234765587
sarimax,2017-07-01,173.0,576.8086285651527
sarimax,2017-08-01,117.0,216.16562023705515
sarimax,2017-09-01,159.0,0.0
sarimax,2017-10-01,267.0,0.0
sarimax,2016-12-01,616.0,815.3787220452954
sarimax,2017-01-01,1147.0,1431.1027548025015
sarimax,2017-02-01,705.0,2316.8044743243304
sarimax,2017-03-01,551.0,5630.5628390166985
sarimax,2017-04-01,492.0,8250.390043838192
sarimax,2017-05-01,230.0,4853.223162554056
sarimax,2017-06-01,175.0,1533.1069409102545
sarimax,2017-07-01,173.0,625.0225418777079
sarimax,2017-08-01,117.0,265.10520085535836
sarimax,2017-09-01,159.0,0.0
sarimax,2017-10-01,267.0,0.0
sarimax,2017-11-01,225.0,252.99856264992263
sarimax,2017-01-01,1147.0,1176.1880667499313
sarimax,2017-02-01,705.0,2101.1574964160927
sarimax,2017-03-01,551.0,5387.254066239347
sarimax,2017-04-01,492.0,8026.673814583562
sarimax,2017-05-01,230.0,4615.49040150855
sarimax,2017-06-01,175.0,1305.1571020219312
sarimax,2017-07-01,173.0,390.19089559092384
sarimax,2017-08-01,117.0,35.14518712654194
sarimax,2017-09-01,159.0,0.0
sarimax,2017-10-01,267.0,0.0
sarimax,2017-11-01,225.0,20.31200828498983
sarimax,2017-12-01,398.0,290.5114603403825
sarimax,2017-02-01,705.0,2064.106629112212
sarimax,2017-03-01,551.0,5355.628830252099
sarimax,2017-04-01,492.0,7991.128800834359
sarimax,2017-05-01,230.0,4583.008725740048
sarimax,2017-06-01,175.0,1270.7092038128833
sarimax,2017-07-01,173.0,357.0837103441555
sarimax,2017-08-01,117.0,1.0737177990367854
sarimax,2017-09-01,159.0,0.0
sarimax,2017-10-01,267.0,0.0
sarimax,2017-11-01,225.0,0.0
sarimax,2017-12-01,398.0,256.73684661879525
sarimax,2018-01-01,435.0,931.6458878308455
sarimax,2017-03-01,551.0,3618.9663918639517
sarimax,2017-04-01,492.0,6521.4280292404765
sarimax,2017-05-01,230.0,2923.9027342500704
sarimax,2017-06-01,175.0,0.0
sarimax,2017-07-01,173.0,0.0
sarimax,2017-08-01,117.0,0.0
sarimax,2017-09-01,159.0,0.0
sarimax,2017-10-01,267.0,0.0
sarimax,2017-11-01,225.0,0.0
sarimax,2017-12-01,398.0,0.0
sarimax,2018-01-01,435.0,0.0
sarimax,2018-02-01,425.0,0.0
sarimax,2017-04-01,492.0,2603.001881310677
sarimax,2017-05-01,230.0,0.0
sarimax,2017-06-01,175.0,0.0
sarimax,2017-07-01,173.0,0.0
sarimax,2017-08-01,117.0,0.0
sarimax,2017-09-01,159.0,0.0
sarimax,2017-10-01,267.0,0.0
sarimax,2017-11-01,225.0,0.0
sarimax,2017-12-01,398.0,0.0
sarimax,2018-01-01,435.0,0.0
sarimax,2018-02-01,425.0,0.0
sarimax,2018-03-01,813.0,0.0
sarimax,2017-05-01,230.0,0.0
sarimax,2017-06-01,175.0,0.0
sarimax,2017-07-01,173.0,0.0
sarimax,2017-08-01,117.0,0.0
sarimax,2017-09-01,159.0,0.0
sarimax,2017-10-01,267.0,0.0
sarimax,2017-11-01,225.0,0.0
sarimax,2017-12-01,398.0,0.0
sarimax,2018-01-01,435.0,0.0
sarimax,2018-02-01,425.0,0.0
sarimax,2018-03-01,813.0,0.0
sarimax,2018-04-01,1396.0,0.0
sarimax,2017-06-01,175.0,0.0
sarimax,2017-07-01,173.0,0.0
sarimax,2017-08-01,117.0,0.0
sarimax,2017-09-01,159.0,0.0
sarimax,2017-10-01,267.0,0.0
sarimax,2017-11-01,225.0,0.0
sarimax,2017-12-01,398.0,0.0
sarimax,2018-01-01,435.0,0.0
sarimax,2018-02-01,425.0,0.0
sarimax,2018-03-01,813.0,0.0
sarimax,2018-04-01,1396.0,0.0
sarimax,2018-05-01,1067.0,0.0
sarimax,2017-07-01,173.0,0.0
sarimax,2017-08-01,117.0,0.0
sarimax,2017-09-01,159.0,0.0
sarimax,2017-10-01,267.0,0.0
sarimax,2017-11-01,225.0,0.0
sarimax,2017-12-01,398.0,0.0
sarimax,2018-01-01,435.0,0.0
sarimax,2018-02-01,425.0,0.0
sarimax,2018-03-01,813.0,878.5688296327169
sarimax,2018-04-01,1396.0,1592.92965913353
sarimax,2018-05-01,1067.0,0.0
sarimax,2018-06-01,743.0,0.0
sarimax,2017-08-01,117.0,194.89606530147705
sarimax,2017-09-01,159.0,0.0
sarimax,2017-10-01,267.0,0.0
sarimax,2017-11-01,225.0,0.0
sarimax,2017-12-01,398.0,332.02265510499484
sarimax,2018-01-01,435.0,946.7398010325853
sarimax,2018-02-01,425.0,976.094438202551
sarimax,2018-03-01,813.0,2077.8412577926656
sarimax,2018-04-01,1396.0,2809.353819950474
sarimax,2018-05-01,1067.0,933.1020308901182
sarimax,2018-06-01,743.0,0.0
sarimax,2018-07-01,734.0,0.0
sarimax,2017-09-01,159.0,0.0
sarimax,2017-10-01,267.0,0.0
sarimax,2017-11-01,225.0,0.0
sarimax,2017-12-01,398.0,244.1553688448154
sarimax,2018-01-01,435.0,853.3795099024969
sarimax,2018-02-01,425.0,886.6040070813326
sarimax,2018-03-01,813.0,1985.6515804725268
sarimax,2018-04-01,1396.0,2719.0853072093446
sarimax,2018-05-01,1067.0,841.4679805627497
sarimax,2018-06-01,743.0,0.0
sarimax,2018-07-01,734.0,0.0
sarimax,2018-08-01,330.0,0.0
sarimax,2017-10-01,267.0,585.8929089246087
sarimax,2017-11-01,225.0,584.5839577536199
sarimax,2017-12-01,398.0,1045.980379492873
sarimax,2018-01-01,435.0,1590.8824175113375
sarimax,2018-02-01,425.0,1669.2108448413742
sarimax,2018-03-01,813.0,2736.158412565455
sarimax,2018-04-01,1396.0,3491.7616554887777
sarimax,2018-05-01,1067.0,1598.8097003018593
sarimax,2018-06-01,743.0,640.6770642863735
sarimax,2018-07-01,734.0,469.39793753909146
sarimax,2018-08-01,330.0,300.0447619140586
sarimax,2018-09-01,268.0,287.4576520034723
sarimax,2017-11-01,225.0,175.46502931360618
sarimax,2017-12-01,398.0,700.3194254844118
sarimax,2018-01-01,435.0,1200.5967448362198
sarimax,2018-02-01,425.0,1310.3232886578267
sarimax,2018-03-01,813.0,2355.2310851916004
sarimax,2018-04-01,1396.0,3126.3790831938504
sarimax,2018-05-01,1067.0,1222.466582720127
sarimax,2018-06-01,743.0,271.9879104838403
sarimax,2018-07-01,734.0,95.30447471761329
sarimax,2018-08-01,330.0,0.0
sarimax,2018-09-01,268.0,0.0
sarimax,2018-10-01,251.0,13.42692837761448
sarimax,2017-12-01,398.0,764.4385618695469
sarimax,2018-01-01,435.0,1254.4641622284998
sarimax,2018-02-01,425.0,1371.4173469834398
sarimax,2018-03-01,813.0,2411.2923384535666
sarimax,2018-04-01,1396.0,3186.0323124362085
sarimax,2018-05-01,1067.0,1279.5604394369782
sarimax,2018-06-01,743.0,330.81757116819585
sarimax,2018-07-01,734.0,152.88815114695132
sarimax,2018-08-01,330.0,0.0
sarimax,2018-09-01,268.0,0.0
sarimax,2018-10-01,251.0,71.69549713487947
sarimax,2018-11-01,311.0,79.3267213614332
sarimax,2018-01-01,435.0,784.3112858815556
sarimax,2018-02-01,425.0,974.2206571575327
sarimax,2018-03-01,813.0,1962.8485041081524
sarimax,2018-04-01,1396.0,2773.6898395296457
sarimax,2018-05-01,1067.0,841.7906202937572
sarimax,2018-06-01,743.0,0.0
sarimax,2018-07-01,734.0,0.0
sarimax,2018-08-01,330.0,0.0
sarimax,2018-09-01,268.0,0.0
sarimax,2018-10-01,251.0,0.0
sarimax,2018-11-01,311.0,0.0
sarimax,2018-12-01,738.0,0.0
sarimax,2018-02-01,425.0,527.2362593910111
sarimax,2018-03-01,813.0,1584.2500291676927
sarimax,2018-04-01,1396.0,2346.685429428169
sarimax,2018-05-01,1067.0,449.0257905289209
sarimax,2018-06-01,743.0,0.0
sarimax,2018-07-01,734.0,0.0
sarimax,2018-08-01,330.0,0.0
sarimax,2018-09-01,268.0,0.0
sarimax,2018-10-01,251.0,0.0
sarimax,2018-11-01,311.0,0.0
sarimax,2018-12-01,738.0,0.0
sarimax,2019-01-01,751.0,0.0
sarimax,2018-03-01,813.0,1452.4543785819055
sarimax,2018-04-01,1396.0,2235.5299764268257
sarimax,2018-05-01,1067.0,323.4484143900952
sarimax,2018-06-01,743.0,0.0
sarimax,2018-07-01,734.0,0.0
sarimax,2018-08-01,330.0,0.0
sarimax,2018-09-01,268.0,0.0
sarimax,2018-10-01,251.0,0.0
sarimax,2018-11-01,311.0,0.0
sarimax,2018-12-01,738.0,0.0
sarimax,2019-01-01,751.0,0.0
sarimax,2019-02-01,701.0,0.0
sarimax,2018-04-01,1396.0,1415.4938387580369
sarimax,2018-05-01,1067.0,0.0
sarimax,2018-06-01,743.0,0.0
sarimax,2018-07-01,734.0,0.0
sarimax,2018-08-01,330.0,0.0
sarimax,2018-09-01,268.0,0.0
sarimax,2018-10-01,251.0,0.0
sarimax,2018-11-01,311.0,0.0
sarimax,2018-12-01,738.0,0.0
sarimax,2019-01-01,751.0,0.0
sarimax,2019-02-01,701.0,0.0
sarimax,2019-03-01,3244.0,0.0
sarimax,2018-05-01,1067.0,0.0
sarimax,2018-06-01,743.0,0.0
sarimax,2018-07-01,734.0,0.0
sarimax,2018-08-01,330.0,0.0
sarimax,2018-09-01,268.0,0.0
sarimax,2018-10-01,251.0,0.0
sarimax,2018-11-01,311.0,0.0
sarimax,2018-12-01,738.0,0.0
sarimax,2019-01-01,751.0,0.0
sarimax,2019-02-01,701.0,0.0
sarimax,2019-03-01,3244.0,0.0
sarimax,2019-04-01,5562.0,0.0
sarimax,2018-06-01,743.0,457.18507947320984
sarimax,2018-07-01,734.0,47.93358118492773
sarimax,2018-08-01,330.0,48.0253852839472
sarimax,2018-09-01,268.0,0.0
sarimax,2018-10-01,251.0,97.93648810287557
sarimax,2018-11-01,311.0,48.09806758063248
sarimax,2018-12-01,738.0,284.0249584626167
sarimax,2019-01-01,751.0,431.0774915869146
sarimax,2019-02-01,701.0,319.53334583302274
sarimax,2019-03-01,3244.0,537.4218156931368
sarimax,2019-04-01,5562.0,947.8934706784116
sarimax,2019-05-01,6294.0,630.4323178346716
sarimax,2018-07-01,734.0,413.79411158197473
sarimax,2018-08-01,330.0,357.68662357044445
sarimax,2018-09-01,268.0,266.6750117133928
sarimax,2018-10-01,251.0,419.36309610277135
sarimax,2018-11-01,311.0,389.0819841294417
sarimax,2018-12-01,738.0,611.2241513063639
sarimax,2019-01-01,751.0,767.9006533797374
sarimax,2019-02-01,701.0,649.5979192109137
sarimax,2019-03-01,3244.0,872.3548321680255
sarimax,2019-04-01,5562.0,1279.53981626543
sarimax,2019-05-01,6294.0,964.4425583471675
sarimax,2019-06-01,3286.0,720.8908131776661
sarimax,2018-08-01,330.0,768.9277723460303
sarimax,2018-09-01,268.0,613.9031968739384
sarimax,2018-10-01,251.0,811.6354930648722
sarimax,2018-11-01,311.0,749.6559797985568
sarimax,2018-12-01,738.0,994.0848928866614
sarimax,2019-01-01,751.0,1135.0475727414853
sarimax,2019-02-01,701.0,1027.8049915842598
sarimax,2019-03-01,3244.0,1242.8360465797032
sarimax,2019-04-01,5562.0,1655.5226448232352
sarimax,2019-05-01,6294.0,1336.5799924888227
sarimax,2019-06-01,3286.0,1095.7129428681797
sarimax,2019-07-01,860.0,1084.2263700801373
sarimax,2018-09-01,268.0,50.35637391508118
sarimax,2018-10-01,251.0,335.7589597731193
sarimax,2018-11-01,311.0,212.1030238830951
sarimax,2018-12-01,738.0,499.9233659284251
sarimax,2019-01-01,751.0,610.3627207438012
sarimax,2019-02-01,701.0,524.5932421607566
sarimax,2019-03-01,3244.0,724.5127007295414
sarimax,2019-04-01,5562.0,1147.8245238646807
sarimax,2019-05-01,6294.0,821.404617665617
sarimax,2019-06-01,3286.0,585.7997772694124
sarimax,2019-07-01,860.0,570.6123154254885
sarimax,2019-08-01,448.0,271.6737328084398
sarimax,2018-10-01,251.0,615.5151537782584
sarimax,2018-11-01,311.0,448.15106449503764
sarimax,2018-12-01,738.0,766.7192802696368
sarimax,2019-01-01,751.0,855.5076111918659
sarimax,2019-02-01,701.0,784.9747481266081
sarimax,2019-03-01,3244.0,974.1988182804796
sarimax,2019-04-01,5562.0,1405.0668396419167
sarimax,2019-05-01,6294.0,1073.3417927094538
sarimax,2019-06-01,3286.0,841.4602635779186
sarimax,2019-07-01,860.0,823.6471168325314
sarimax,2019-08-01,448.0,526.5454242873899
sarimax,2019-09-01,385.0,488.8686501918044
sarimax,2018-11-01,311.0,0.0
sarimax,2018-12-01,738.0,371.47750444155906
sarimax,2019-01-01,751.0,408.94317719851733
sarimax,2019-02-01,701.0,374.52307403113275
sarimax,2019-03-01,3244.0,538.3579316153216
sarimax,2019-04-01,5562.0,987.1138768216589
sarimax,2019-05-01,6294.0,642.8118527990256
sarimax,2019-06-01,3286.0,419.7721101786969
sarimax,2019-07-01,860.0,395.73325327780765
sarimax,2019-08-01,448.0,103.00371382104952
sarimax,2019-09-01,385.0,62.24249946804687
sarimax,2019-10-01,230.0,86.8378553555226
sarimax,2018-12-01,738.0,796.6266610328123
sarimax,2019-01-01,751.0,767.8407267108062
sarimax,2019-02-01,701.0,780.0423218145282
sarimax,2019-03-01,3244.0,911.0885601345128
sarimax,2019-04-01,5562.0,1382.939087450269
sarimax,2019-05-01,6294.0,1022.3941187732521
sarimax,2019-06-01,3286.0,810.7774334411074
sarimax,2019-07-01,860.0,778.6962054195615
sarimax,2019-08-01,448.0,491.6183614495345
sarimax,2019-09-01,385.0,446.8726978227924
sarimax,2019-10-01,230.0,474.2675858282131
sarimax,2019-11-01,245.0,499.02323102196425
sarimax,2019-01-01,751.0,691.9411439096373
sarimax,2019-02-01,701.0,716.3003281480145
sarimax,2019-03-01,3244.0,838.7954505674401
sarimax,2019-04-01,5562.0,1316.6712424006782
sarimax,2019-05-01,6294.0,951.8881377570478
sarimax,2019-06-01,3286.0,743.2522294309133
sarimax,2019-07-01,860.0,709.0717638732352
sarimax,2019-08-01,448.0,423.46905276002207
sarimax,2019-09-01,385.0,377.6828369069466
sarimax,2019-10-01,230.0,405.80876517487525
sarimax,2019-11-01,245.0,430.049983511003
sarimax,2019-12-01,294.0,789.2773239248407
sarimax,2019-02-01,701.0,792.7435647525638
sarimax,2019-03-01,3244.0,903.0042106248873
sarimax,2019-04-01,5562.0,1389.4894614299847
sarimax,2019-05-01,6294.0,1018.6473570173116
sarimax,2019-06-01,3286.0,814.2755549255555
sarimax,2019-07-01,860.0,777.0943478335026
sarimax,2019-08-01,448.0,493.6035364362326
sarimax,2019-09-01,385.0,446.33124229017426
sarimax,2019-10-01,230.0,475.50307164374306
sarimax,2019-11-01,245.0,499.00824022902066
sarimax,2019-12-01,294.0,858.753426715696
sarimax,2020-01-01,371.0,874.9378781799927
sarimax,2019-03-01,3244.0,784.6243885035436
sarimax,2019-04-01,5562.0,1289.847339650488
sarimax,2019-05-01,6294.0,905.8174684988287
sarimax,2019-06-01,3286.0,710.7276025241732
sarimax,2019-07-01,860.0,667.0159358941029
sarimax,2019-08-01,448.0,388.1225963897557
sarimax,2019-09-01,385.0,337.61714033629715
sarimax,2019-10-01,230.0,369.06526625720903
sarimax,2019-11-01,245.0,390.9685467737811
sarimax,2019-12-01,294.0,751.8390683472288
sarimax,2020-01-01,371.0,767.2307321626481
sarimax,2020-02-01,248.0,731.7766251164442
sarimax,2019-04-01,5562.0,4444.810944841829
sarimax,2019-05-01,6294.0,3571.420308356637
sarimax,2019-06-01,3286.0,3720.5927442962748
sarimax,2019-07-01,860.0,3434.572373426744
sarimax,2019-08-01,448.0,3326.0843682222007
sarimax,2019-09-01,385.0,3155.565758387002
sarimax,2019-10-01,230.0,3271.4071665194233
sarimax,2019-11-01,245.0,3233.9284670224697
sarimax,2019-12-01,294.0,3636.680196485964
sarimax,2020-01-01,371.0,3622.6459763082903
sarimax,2020-02-01,248.0,3607.8817358679185
sarimax,2020-03-01,230.0,5519.961182440039
sarimax,2019-05-01,6294.0,5002.940300629791
sarimax,2019-06-01,3286.0,4930.824096584786
sarimax,2019-07-01,860.0,4800.563237807295
sarimax,2019-08-01,448.0,4582.40793227363
sarimax,2019-09-01,385.0,4489.06487060522
sarimax,2019-10-01,230.0,4550.566953707115
sarimax,2019-11-01,245.0,4551.340363912606
sarimax,2019-12-01,294.0,4927.186526795833
sarimax,2020-01-01,371.0,4932.102112376429
sarimax,2020-02-01,248.0,4903.99478628532
sarimax,2020-03-01,230.0,6825.6059729842655
sarimax,2020-04-01,107.0,8654.458894908683
sarimax,2019-06-01,3286.0,6587.664954590576
sarimax,2019-07-01,860.0,6200.102389150965
sarimax,2019-08-01,448.0,6162.954325129658
sarimax,2019-09-01,385.0,5942.292035768179
sarimax,2019-10-01,230.0,6093.361601295936
sarimax,2019-11-01,245.0,6031.128808787688
sarimax,2019-12-01,294.0,6451.287551134667
sarimax,2020-01-01,371.0,6425.027467899832
sarimax,2020-02-01,248.0,6418.852060723107
sarimax,2020-03-01,230.0,8324.977658452692
sarimax,2020-04-01,107.0,10164.635672497445
sarimax,2020-05-01,81.0,10583.01890139695
sarimax,2019-07-01,860.0,1969.7883203716988
sarimax,2019-08-01,448.0,2586.549127084014
sarimax,2019-09-01,385.0,1905.2820367265394
sarimax,2019-10-01,230.0,2380.68050384763
sarimax,2019-11-01,245.0,2090.043304816034
sarimax,2019-12-01,294.0,2671.1396717417188
sarimax,2020-01-01,371.0,2531.579737208232
sarimax,2020-02-01,248.0,2605.180716775711
sarimax,2020-03-01,230.0,4455.674385547505
sarimax,2020-04-01,107.0,6335.352677205803
sarimax,2020-05-01,81.0,6726.1424970427925
sarimax,2020-06-01,65.0,4509.815578673113
sarimax,2019-08-01,448.0,1167.37705921729
sarimax,2019-09-01,385.0,704.3153115648552
sarimax,2019-10-01,230.0,1025.8692110233847
sarimax,2019-11-01,245.0,843.7138998469143
sarimax,2019-12-01,294.0,1348.2757592462024
sarimax,2020-01-01,371.0,1262.6652699901806
sarimax,2020-02-01,248.0,1298.2310081150017
sarimax,2020-03-01,230.0,3175.2917603678006
sarimax,2020-04-01,107.0,5035.849394121622
sarimax,2020-05-01,81.0,5439.850025973255
sarimax,2020-06-01,65.0,3214.4380909640463
sarimax,2020-07-01,68.0,1464.047515747723
sarimax,2019-09-01,385.0,0.0
sarimax,2019-10-01,230.0,246.30551822868338
sarimax,2019-11-01,245.0,0.0
sarimax,2019-12-01,294.0,538.9291310843386
sarimax,2020-01-01,371.0,403.4040984889653
sarimax,2020-02-01,248.0,474.10259871714754
sarimax,2020-03-01,230.0,2326.6287817522425
sarimax,2020-04-01,107.0,4204.760038020579
sarimax,2020-05-01,81.0,4596.601562504191
sarimax,2020-06-01,65.0,2379.569194956738
sarimax,2020-07-01,68.0,622.879563015871
sarimax,2020-08-01,52.0,226.41931110642236
sarimax,2019-10-01,230.0,1020.0522184927642
sarimax,2019-11-01,245.0,617.1795805942834
sarimax,2019-12-01,294.0,1277.1767669017072
sarimax,2020-01-01,371.0,1082.1503982115844
sarimax,2020-02-01,248.0,1194.743664992582
sarimax,2020-03-01,230.0,3017.827690857722
sarimax,2020-04-01,107.0,4916.776889559732
sarimax,2020-05-01,81.0,5294.021120125243
sarimax,2020-06-01,65.0,3087.215195559792
sarimax,2020-07-01,68.0,1323.2096337963812
sarimax,2020-08-01,52.0,931.8549263114994
sarimax,2020-09-01,47.0,856.213402143308
sarimax,2019-11-01,245.0,0.0
sarimax,2019-12-01,294.0,421.31466498625525
sarimax,2020-01-01,371.0,115.87677781512525
sarimax,2020-02-01,248.0,306.22441852080897
sarimax,2020-03-01,230.0,2074.6961860368515
sarimax,2020-04-01,107.0,4012.3312547503247
sarimax,2020-05-01,81.0,4362.4883636795075
sarimax,2020-06-01,65.0,2174.6249517535343
sarimax,2020-07-01,68.0,396.9813982204788
sarimax,2020-08-01,52.0,15.113194191784544
sarimax,2020-09-01,47.0,0.0
sarimax,2020-10-01,50.0,0.0
sarimax,2019-12-01,294.0,1242.2330793821309
sarimax,2020-01-01,371.0,809.68513439912
sarimax,2020-02-01,248.0,1089.5759674443952
sarimax,2020-03-01,230.0,2795.093209779112
sarimax,2020-04-01,107.0,4777.27259379403
sarimax,2020-05-01,81.0,5096.185368934201
sarimax,2020-06-01,65.0,2930.2174007361696
sarimax,2020-07-01,68.0,1136.8919301008855
sarimax,2020-08-01,52.0,765.9692309908355
sarimax,2020-09-01,47.0,675.9350407591317
sarimax,2020-10-01,50.0,579.4389202506263
sarimax,2020-11-01,84.0,593.7015919868969
sarimax,2020-01-01,371.0,0.0
sarimax,2020-02-01,248.0,62.71439860272818
sarimax,2020-03-01,230.0,1636.0903905395608
sarimax,2020-04-01,107.0,3711.3750909752803
sarimax,2020-05-01,81.0,3964.6861720340153
sarimax,2020-06-01,65.0,1844.9409724418408
sarimax,2020-07-01,68.0,19.047951653552673
sarimax,2020-08-01,52.0,0.0
sarimax,2020-09-01,47.0,0.0
sarimax,2020-10-01,50.0,0.0
sarimax,2020-11-01,84.0,0.0
sarimax,2020-12-01,32.0,0.0
sarimax,2020-02-01,248.0,1055.90123174855
sarimax,2020-03-01,230.0,2476.064957524927
sarimax,2020-04-01,107.0,4659.490812297398
sarimax,2020-05-01,81.0,4836.665003658028
sarimax,2020-06-01,65.0,2770.5102884486223
sarimax,2020-07-01,68.0,906.6589907995677
sarimax,2020-08-01,52.0,585.3697895645843
sarimax,2020-09-01,47.0,460.3548342952603
sarimax,2020-10-01,50.0,388.5065114711879
sarimax,2020-11-01,84.0,385.3920903870674
sarimax,2020-12-01,32.0,563.7208949474386
sarimax,2021-01-01,73.0,607.1679063757272
sarimax,2020-03-01,230.0,1442.2144671791762
sarimax,2020-04-01,107.0,3785.113469528893
sarimax,2020-05-01,81.0,3849.949679908569
sarimax,2020-06-01,65.0,1862.913922514625
sarimax,2020-07-01,68.0,0.0
sarimax,2020-08-01,52.0,0.0
sarimax,2020-09-01,47.0,0.0
sarimax,2020-10-01,50.0,0.0
sarimax,2020-11-01,84.0,0.0
sarimax,2020-12-01,32.0,0.0
sarimax,2021-01-01,73.0,0.0
sarimax,2021-02-01,73.0,0.0
sarimax,2020-04-01,107.0,2235.2795491185816
sarimax,2020-05-01,81.0,2536.561688271604
sarimax,2020-06-01,65.0,384.1593017394607
sarimax,2020-07-01,68.0,0.0
sarimax,2020-08-01,52.0,0.0
sarimax,2020-09-01,47.0,0.0
sarimax,2020-10-01,50.0,0.0
sarimax,2020-11-01,84.0,0.0
sarimax,2020-12-01,32.0,0.0
sarimax,2021-01-01,73.0,0.0
sarimax,2021-02-01,73.0,0.0
sarimax,2021-03-01,147.0,0.0
sarimax,2020-05-01,81.0,0.0
sarimax,2020-06-01,65.0,0.0
sarimax,2020-07-01,68.0,0.0
sarimax,2020-08-01,52.0,0.0
sarimax,2020-09-01,47.0,0.0
sarimax,2020-10-01,50.0,0.0
sarimax,2020-11-01,84.0,0.0
sarimax,2020-12-01,32.0,0.0
sarimax,2021-01-01,73.0,0.0
sarimax,2021-02-01,73.0,0.0
sarimax,2021-03-01,147.0,0.0
sarimax,2021-04-01,174.0,0.0
sarimax,2020-06-01,65.0,0.0
sarimax,2020-07-01,68.0,0.0
sarimax,2020-08-01,52.0,0.0
sarimax,2020-09-01,47.0,0.0
sarimax,2020-10-01,50.0,0.0
sarimax,2020-11-01,84.0,0.0
sarimax,2020-12-01,32.0,0.0
sarimax,2021-01-01,73.0,0.0
sarimax,2021-02-01,73.0,0.0
sarimax,2021-03-01,147.0,0.0
sarimax,2021-04-01,174.0,0.0
sarimax,2021-05-01,208.0,0.0
sarimax,2020-07-01,68.0,0.0
sarimax,2020-08-01,52.0,0.0
sarimax,2020-09-01,47.0,0.0
sarimax,2020-10-01,50.0,0.0
sarimax,2020-11-01,84.0,0.0
sarimax,2020-12-01,32.0,0.0
sarimax,2021-01-01,73.0,0.0
sarimax,2021-02-01,73.0,0.0
sarimax,2021-03-01,147.0,0.0
sarimax,2021-04-01,174.0,0.0
sarimax,2021-05-01,208.0,0.0
sarimax,2021-06-01,116.0,0.0
sarimax,2020-08-01,52.0,102.59467464928468
sarimax,2020-09-01,47.0,0.0
sarimax,2020-10-01,50.0,0.0
sarimax,2020-11-01,84.0,0.0
sarimax,2020-12-01,32.0,0.0
sarimax,2021-01-01,73.0,0.0
sarimax,2021-02-01,73.0,0.0
sarimax,2021-03-01,147.0,585.9956044522846
sarimax,2021-04-01,174.0,1191.4889148420043
sarimax,2021-05-01,208.0,1364.6847613679233
sarimax,2021-06-01,116.0,501.6028917599383
sarimax,2021-07-01,67.0,0.0
sarimax,2020-09-01,47.0,0.0
sarimax,2020-10-01,50.0,0.0
sarimax,2020-11-01,84.0,0.0
sarimax,2020-12-01,32.0,0.0
sarimax,2021-01-01,73.0,0.0
sarimax,2021-02-01,73.0,0.0
sarimax,2021-03-01,147.0,525.3753869623489
sarimax,2021-04-01,174.0,1132.149609331583
sarimax,2021-05-01,208.0,1304.377643776337
sarimax,2021-06-01,116.0,442.0424519777845
sarimax,2021-07-01,67.0,0.0
sarimax,2021-08-01,63.0,0.0
sarimax,2020-10-01,50.0,271.8066975782121
sarimax,2020-11-01,84.0,60.428392754524396
sarimax,2020-12-01,32.0,386.4577002431638
sarimax,2021-01-01,73.0,326.5968828776075
sarimax,2021-02-01,73.0,307.928906807092
sarimax,2021-03-01,147.0,967.4353680193401
sarimax,2021-04-01,174.0,1587.3492036502469
sarimax,2021-05-01,208.0,1750.2042573394374
sarimax,2021-06-01,116.0,894.5907228955307
sarimax,2021-07-01,67.0,185.01544932474485
sarimax,2021-08-01,63.0,65.29715473465771
sarimax,2021-09-01,41.0,36.512031164876184
sarimax,2020-11-01,84.0,0.0
sarimax,2020-12-01,32.0,145.8498479099543
sarimax,2021-01-01,73.0,54.58228423341393
sarimax,2021-02-01,73.0,58.01726890292784
sarimax,2021-03-01,147.0,701.847279959077
sarimax,2021-04-01,174.0,1332.5989412270646
sarimax,2021-05-01,208.0,1487.7122905792858
sarimax,2021-06-01,116.0,637.6605882696268
sarimax,2021-07-01,67.0,0.0
sarimax,2021-08-01,63.0,0.0
sarimax,2021-09-01,41.0,0.0
sarimax,2021-10-01,28.0,0.0
sarimax,2020-12-01,32.0,542.3469470060144
sarimax,2021-01-01,73.0,389.3461926939587
sarimax,2021-02-01,73.0,436.2253547656742
sarimax,2021-03-01,147.0,1049.3687244121988
sarimax,2021-04-01,174.0,1701.5339423504165
sarimax,2021-05-01,208.0,1841.4708009711853
sarimax,2021-06-01,116.0,1002.205443675866
sarimax,2021-07-01,67.0,281.5284959260423
sarimax,2021-08-01,63.0,169.8107611764895
sarimax,2021-09-01,41.0,135.42501916563612
sarimax,2021-10-01,28.0,101.9726052586609
sarimax,2021-11-01,72.0,124.2150903465589
sarimax,2021-01-01,73.0,0.0
sarimax,2021-02-01,73.0,0.0
sarimax,2021-03-01,147.0,424.77682665713905
sarimax,2021-04-01,174.0,1126.8728635859113
sarimax,2021-05-01,208.0,1231.407826076704
sarimax,2021-06-01,116.0,417.31763862496405
sarimax,2021-07-01,67.0,0.0
sarimax,2021-08-01,63.0,0.0
sarimax,2021-09-01,41.0,0.0
sarimax,2021-10-01,28.0,0.0
sarimax,2021-11-01,72.0,0.0
sarimax,2021-12-01,30.0,0.0
sarimax,2021-02-01,73.0,317.0193930716226
sarimax,2021-03-01,147.0,790.9713078609336
sarimax,2021-04-01,174.0,1540.3875703545039
sarimax,2021-05-01,208.0,1611.4600384252494
sarimax,2021-06-01,116.0,821.0770005655306
sarimax,2021-07-01,67.0,66.75953906718951
sarimax,2021-08-01,63.0,0.0
sarimax,2021-09-01,41.0,0.0
sarimax,2021-10-01,28.0,0.0
sarimax,2021-11-01,72.0,0.0
sarimax,2021-12-01,30.0,0.0
sarimax,2022-01-01,107.0,0.0
sarimax,2021-03-01,147.0,477.2444631188634
sarimax,2021-04-01,174.0,1275.5105223778241
sarimax,2021-05-01,208.0,1312.063886456777
sarimax,2021-06-01,116.0,546.11051892157
sarimax,2021-07-01,67.0,0.0
sarimax,2021-08-01,63.0,0.0
sarimax,2021-09-01,41.0,0.0
sarimax,2021-10-01,28.0,0.0
sarimax,2021-11-01,72.0,0.0
sarimax,2021-12-01,30.0,0.0
sarimax,2022-01-01,107.0,0.0
sarimax,2022-02-01,210.0,0.0
sarimax,2021-04-01,174.0,854.0309412656725
sarimax,2021-05-01,208.0,954.3029907727722
sarimax,2021-06-01,116.0,143.9901240278857
sarimax,2021-07-01,67.0,0.0
sarimax,2021-08-01,63.0,0.0
sarimax,2021-09-01,41.0,0.0
sarimax,2021-10-01,28.0,0.0
sarimax,2021-11-01,72.0,0.0
sarimax,2021-12-01,30.0,0.0
sarimax,2022-01-01,107.0,0.0
sarimax,2022-02-01,210.0,0.0
sarimax,2022-03-01,572.0,0.0
sarimax,2021-05-01,208.0,82.56658005724451
sarimax,2021-06-01,116.0,0.0
sarimax,2021-07-01,67.0,0.0
sarimax,2021-08-01,63.0,0.0
sarimax,2021-09-01,41.0,0.0
sarimax,2021-10-01,28.0,0.0
sarimax,2021-11-01,72.0,0.0
sarimax,2021-12-01,30.0,0.0
sarimax,2022-01-01,107.0,0.0
sarimax,2022-02-01,210.0,0.0
sarimax,2022-03-01,572.0,0.0
sarimax,2022-04-01,999.0,0.0
sarimax,2021-06-01,116.0,0.0
sarimax,2021-07-01,67.0,0.0
sarimax,2021-08-01,63.0,0.0
sarimax,2021-09-01,41.0,0.0
sarimax,2021-10-01,28.0,0.0
sarimax,2021-11-01,72.0,0.0
sarimax,2021-12-01,30.0,0.0
sarimax,2022-01-01,107.0,0.0
sarimax,2022-02-01,210.0,0.0
sarimax,2022-03-01,572.0,0.0
sarimax,2022-04-01,999.0,0.0
sarimax,2022-05-01,2110.0,0.0
sarimax,2021-07-01,67.0,0.0
sarimax,2021-08-01,63.0,0.0
sarimax,2021-09-01,41.0,0.0
sarimax,2021-10-01,28.0,0.0
sarimax,2021-11-01,72.0,0.0
sarimax,2021-12-01,30.0,0.0
sarimax,2022-01-01,107.0,0.0
sarimax,2022-02-01,210.0,0.0
sarimax,2022-03-01,572.0,0.0
sarimax,2022-04-01,999.0,0.0
sarimax,2022-05-01,2110.0,0.0
sarimax,2022-06-01,806.0,0.0
sarimax,2021-08-01,63.0,133.6784582975241
sarimax,2021-09-01,41.0,0.0
sarimax,2021-10-01,28.0,29.110347525768415
sarimax,2021-11-01,72.0,0.0
sarimax,2021-12-01,30.0,14.320873034642133
sarimax,2022-01-01,107.0,31.720130710358532
sarimax,2022-02-01,210.0,20.418275456846096
sarimax,2022-03-01,572.0,51.31460392221144
sarimax,2022-04-01,999.0,47.25990806942884
sarimax,2022-05-01,2110.0,55.777462829960214
sarimax,2022-06-01,806.0,0.0
sarimax,2022-07-01,786.0,0.0
sarimax,2021-09-01,41.0,0.0
sarimax,2021-10-01,28.0,0.0
sarimax,2021-11-01,72.0,0.0
sarimax,2021-12-01,30.0,0.0
sarimax,2022-01-01,107.0,0.0
sarimax,2022-02-01,210.0,0.0
sarimax,2022-03-01,572.0,0.0
sarimax,2022-04-01,999.0,0.0
sarimax,2022-05-01,2110.0,0.0
sarimax,2022-06-01,806.0,0.0
sarimax,2022-07-01,786.0,0.0
sarimax,2022-08-01,409.0,0.0
sarimax,2021-10-01,28.0,156.55963528558303
sarimax,2021-11-01,72.0,74.06588022744299
sarimax,2021-12-01,30.0,129.14233108220722
sarimax,2022-01-01,107.0,125.36570387155619
sarimax,2022-02-01,210.0,128.98061958293022
sarimax,2022-03-01,572.0,149.37744803958373
sarimax,2022-04-01,999.0,152.72435678382905
sarimax,2022-05-01,2110.0,156.03468375784922
sarimax,2022-06-01,806.0,95.292899954935
sarimax,2022-07-01,786.0,54.44517337560251
sarimax,2022-08-01,409.0,51.741441484277075
sarimax,2022-09-01,418.0,31.272847153008705
sarimax,2021-11-01,72.0,0.0
sarimax,2021-12-01,30.0,0.0
sarimax,2022-01-01,107.0,0.0
sarimax,2022-02-01,210.0,0.0
sarimax,2022-03-01,572.0,0.0
sarimax,2022-04-01,999.0,4.944725399654576
sarimax,2022-05-01,2110.0,3.701860519953641
sarimax,2022-06-01,806.0,0.0
sarimax,2022-07-01,786.0,0.0
sarimax,2022-08-01,409.0,0.0
sarimax,2022-09-01,418.0,0.0
sarimax,2022-10-01,655.0,0.0
sarimax,2021-12-01,30.0,200.54845140225478
sarimax,2022-01-01,107.0,145.0237058314482
sarimax,2022-02-01,210.0,185.0866968948228
sarimax,2022-03-01,572.0,179.81870099106771
sarimax,2022-04-01,999.0,201.24689861748755
sarimax,2022-05-01,2110.0,191.82747085015671
sarimax,2022-06-01,806.0,140.05010869447977
sarimax,2022-07-01,786.0,92.88595302478511
sarimax,2022-08-01,409.0,94.6300950340129
sarimax,2022-09-01,418.0,71.02869798872946
sarimax,2022-10-01,655.0,67.15164974123194
sarimax,2022-11-01,480.0,105.0894095674817
sarimax,2022-01-01,107.0,0.0
sarimax,2022-02-01,210.0,0.026604458847401702
sarimax,2022-03-01,572.0,0.0
sarimax,2022-04-01,999.0,8.991915307175237
sarimax,2022-05-01,2110.0,0.0
sarimax,2022-06-01,806.0,0.0
sarimax,2022-07-01,786.0,0.0
sarimax,2022-08-01,409.0,0.0
sarimax,2022-09-01,418.0,0.0
sarimax,2022-10-01,655.0,0.0
sarimax,2022-11-01,480.0,0.0
sarimax,2022-12-01,501.0,0.0
sarimax,2022-02-01,210.0,233.820920244398
sarimax,2022-03-01,572.0,167.45277720121214
sarimax,2022-04-01,999.0,231.92234389402205
sarimax,2022-05-01,2110.0,192.19308020647622
sarimax,2022-06-01,806.0,161.76264877104083
sarimax,2022-07-01,786.0,99.5598860530714
sarimax,2022-08-01,409.0,111.89532246429398
sarimax,2022-09-01,418.0,80.83392191818797
sarimax,2022-10-01,655.0,82.2102495692479
sarimax,2022-11-01,480.0,116.44787734236964
sarimax,2022-12-01,501.0,76.45243301212732
sarimax,2023-01-01,1389.0,139.7390169184382
sarimax,2022-03-01,572.0,135.72829481168588
sarimax,2022-04-01,999.0,205.77397244798368
sarimax,2022-05-01,2110.0,162.1170005762147
sarimax,2022-06-01,806.0,134.454829591739
sarimax,2022-07-01,786.0,70.29840704111515
sarimax,2022-08-01,409.0,84.0106284865855
sarimax,2022-09-01,418.0,51.97846184881314
sarimax,2022-10-01,655.0,54.038593212852646
sarimax,2022-11-01,480.0,87.79413354163304
sarimax,2022-12-01,501.0,48.13888720815019
sarimax,2023-01-01,1389.0,111.18650170500362
sarimax,2023-02-01,2274.0,187.33187440004394
sarimax,2022-04-01,999.0,765.7206209299977
sarimax,2022-05-01,2110.0,634.9591013917789
sarimax,2022-06-01,806.0,668.645656924094
sarimax,2022-07-01,786.0,561.2793903972887
sarimax,2022-08-01,409.0,605.4247224473529
sarimax,2022-09-01,418.0,551.9579744340041
sarimax,2022-10-01,655.0,569.1145379048152
sarimax,2022-11-01,480.0,592.2374208576814
sarimax,2022-12-01,501.0,560.0710787158715
sarimax,2023-01-01,1389.0,617.8445563433191
sarimax,2023-02-01,2274.0,697.7058104627547
sarimax,2023-03-01,5032.0,972.9694525987757
sarimax,2022-05-01,2110.0,932.5527373988863
sarimax,2022-06-01,806.0,920.9458398365435
sarimax,2022-07-01,786.0,845.472761930164
sarimax,2022-08-01,409.0,867.1569546851124
sarimax,2022-09-01,418.0,829.5077524878733
sarimax,2022-10-01,655.0,835.5240429082547
sarimax,2022-11-01,480.0,866.4922207121863
sarimax,2022-12-01,501.0,828.8016028559625
sarimax,2023-01-01,1389.0,890.4670599653972
sarimax,2023-02-01,2274.0,967.5922429011779
sarimax,2023-03-01,5032.0,1244.7961614287487
sarimax,2023-04-01,8196.0,1559.2667239629695
sarimax,2022-06-01,806.0,2430.2171971396974
sarimax,2022-07-01,786.0,2121.061908625552
sarimax,2022-08-01,409.0,2307.3163405785535
sarimax,2022-09-01,418.0,2153.769655325245
sarimax,2022-10-01,655.0,2241.406998186817
sarimax,2022-11-01,480.0,2214.89400982849
sarimax,2022-12-01,501.0,2217.6836893736536
sarimax,2023-01-01,1389.0,2250.839801354477
sarimax,2023-02-01,2274.0,2348.0386512091163
sarimax,2023-03-01,5032.0,2611.094861948811
sarimax,2023-04-01,8196.0,2935.510596125526
sarimax,2023-05-01,6345.0,3730.4871835572635
sarimax,2022-07-01,786.0,40.68468818907695
sarimax,2022-08-01,409.0,548.2413449506762
sarimax,2022-09-01,418.0,168.3810459106108
sarimax,2022-10-01,655.0,415.42517433914577
sarimax,2022-11-01,480.0,276.6318656000539
sarimax,2022-12-01,501.0,358.50784605910155
sarimax,2023-01-01,1389.0,335.95884173790756
sarimax,2023-02-01,2274.0,472.39547187435284
sarimax,2023-03-01,5032.0,707.817213593071
sarimax,2023-04-01,8196.0,1051.7029857710704
sarimax,2023-05-01,6345.0,1832.9776030777502
sarimax,2023-06-01,4818.0,890.785070360589
sarimax,2022-08-01,409.0,1502.8696723781518
sarimax,2022-09-01,418.0,975.4578963550449
sarimax,2022-10-01,655.0,1326.514948976692
sarimax,2022-11-01,480.0,1114.3997312297663
sarimax,2022-12-01,501.0,1247.9629347649184
sarimax,2023-01-01,1389.0,1188.9790873337272
sarimax,2023-02-01,2274.0,1351.1027409737437
sarimax,2023-03-01,5032.0,1568.4254740643214
sarimax,2023-04-01,8196.0,1925.0840014255432
sarimax,2023-05-01,6345.0,2697.386847124511
sarimax,2023-06-01,4818.0,1761.5080696907476
sarimax,2023-07-01,3412.0,1717.853836072952
sarimax,2022-09-01,418.0,0.0
sarimax,2022-10-01,655.0,142.4322085500599
sarimax,2022-11-01,480.0,0.0
sarimax,2022-12-01,501.0,19.032604233892698
sarimax,2023-01-01,1389.0,0.0
sarimax,2023-02-01,2274.0,99.88084245322283
sarimax,2023-03-01,5032.0,279.62871653784504
sarimax,2023-04-01,8196.0,662.7993620251309
sarimax,2023-05-01,6345.0,1416.4514140400615
sarimax,2023-06-01,4818.0,493.7088257822529
sarimax,2023-07-01,3412.0,440.7667832740573
sarimax,2023-08-01,2034.0,187.70925492584308
sarimax,2022-10-01,655.0,1219.9722079524458
sarimax,2022-11-01,480.0,689.8470176651383
sarimax,2022-12-01,501.0,1047.6888698132839
sarimax,2023-01-01,1389.0,830.5337425607029
sarimax,2023-02-01,2274.0,1104.214398201069
sarimax,2023-03-01,5032.0,1242.878566354215
sarimax,2023-04-01,8196.0,1655.040263679095
sarimax,2023-05-01,6345.0,2388.2647411589105
sarimax,2023-06-01,4818.0,1479.9242972892757
sarimax,2023-07-01,3412.0,1416.8088925315978
sarimax,2023-08-01,2034.0,1170.9217727790974
sarimax,2023-09-01,1961.0,1153.757817717722
sarimax,2022-11-01,480.0,0.0
sarimax,2022-12-01,501.0,436.20082313198526
sarimax,2023-01-01,1389.0,140.38329407686103
sarimax,2023-02-01,2274.0,469.5706586216258
sarimax,2023-03-01,5032.0,569.077941174703
sarimax,2023-04-01,8196.0,1008.8823759588075
sarimax,2023-05-01,6345.0,1722.6336500007394
sarimax,2023-06-01,4818.0,828.0229348733433
sarimax,2023-07-01,3412.0,755.2009103599917
sarimax,2023-08-01,2034.0,516.1545757769832
sarimax,2023-09-01,1961.0,494.158475626823
sarimax,2023-10-01,2247.0,675.3538628366865
sarimax,2022-12-01,501.0,1092.8081989220723
sarimax,2023-01-01,1389.0,695.747694593895
sarimax,2023-02-01,2274.0,1096.377355406685
sarimax,2023-03-01,5032.0,1145.4809216495453
sarimax,2023-04-01,8196.0,1620.8643309665576
sarimax,2023-05-01,6345.0,2309.539301532059
sarimax,2023-06-01,4818.0,1432.6133464048503
sarimax,2023-07-01,3412.0,1347.2948804860953
sarimax,2023-08-01,2034.0,1117.05878023205
sarimax,2023-09-01,1961.0,1088.841016605506
sarimax,2023-10-01,2247.0,1274.432360123321
sarimax,2023-11-01,3158.0,1147.8827819496732
sarimax,2023-01-01,1389.0,0.0
sarimax,2023-02-01,2274.0,455.9565743835468
sarimax,2023-03-01,5032.0,422.8587480970261
sarimax,2023-04-01,8196.0,956.2476129686985
sarimax,2023-05-01,6345.0,1604.007530006304
sarimax,2023-06-01,4818.0,755.9463285509892
sarimax,2023-07-01,3412.0,650.2537630719582
sarimax,2023-08-01,2034.0,434.3899977412375
sarimax,2023-09-01,1961.0,396.0292275114582
sarimax,2023-10-01,2247.0,588.7798061748036
sarimax,2023-11-01,3158.0,457.17840999466256
sarimax,2023-12-01,7277.0,473.69316398456965
sarimax,2023-02-01,2274.0,2307.700979137854
sarimax,2023-03-01,5032.0,1991.2650884608797
sarimax,2023-04-01,8196.0,2724.5567198407216
sarimax,2023-05-01,6345.0,3231.2462759962227
sarimax,2023-06-01,4818.0,2482.7281831754835
sarimax,2023-07-01,3412.0,2306.81677112957
sarimax,2023-08-01,2034.0,2140.5037310684447
sarimax,2023-09-01,1961.0,2067.1859581010967
sarimax,2023-10-01,2247.0,2284.5959426128434
sarimax,2023-11-01,3158.0,2135.5964841825653
sarimax,2023-12-01,7277.0,2164.388452433791
sarimax,2024-01-01,19683.0,2802.5357633741496
sarimax,2023-03-01,5032.0,1946.7852257442987
sarimax,2023-04-01,8196.0,2687.7379792792053
sarimax,2023-05-01,6345.0,3189.0308515467495
sarimax,2023-06-01,4818.0,2444.3279844989015
sarimax,2023-07-01,3412.0,2265.6884718914703
sarimax,2023-08-01,2034.0,2101.300577808334
sarimax,2023-09-01,1961.0,2026.611301761707
sarimax,2023-10-01,2247.0,2245.001190964613
sarimax,2023-11-01,3158.0,2095.3057531483796
sarimax,2023-12-01,7277.0,2124.5887378239086
sarimax,2024-01-01,19683.0,2762.410985023266
sarimax,2024-02-01,54496.0,3437.1331693764973
sarimax,2023-04-01,8196.0,6621.162275711315
sarimax,2023-05-01,6345.0,6524.004344741334
sarimax,2023-06-01,4818.0,6201.5613258082285
sarimax,2023-07-01,3412.0,5724.923072788716
sarimax,2023-08-01,2034.0,5770.7932185105765
sarimax,2023-09-01,1961.0,5547.728830266633
sarimax,2023-10-01,2247.0,5870.829613331258
sarimax,2023-11-01,3158.0,5647.245330863615
sarimax,2023-12-01,7277.0,5728.661628459556
sarimax,2024-01-01,19683.0,6329.739961025657
sarimax,2024-02-01,54496.0,7030.457200595058
sarimax,2024-03-01,38264.0,9076.684384659635
sarimax,2023-05-01,6345.0,8528.25368560559
sarimax,2023-06-01,4818.0,7902.556786492257
sarimax,2023-07-01,3412.0,7639.9296526379585
sarimax,2023-08-01,2034.0,7534.647155989092
sarimax,2023-09-01,1961.0,7418.27678120311
sarimax,2023-10-01,2247.0,7666.079628764298
sarimax,2023-11-01,3158.0,7495.655279316629
sarimax,2023-12-01,7277.0,7539.525172797864
sarimax,2024-01-01,19683.0,8167.225009156676
sarimax,2024-02-01,54496.0,8849.321854654363
sarimax,2024-03-01,38264.0,10909.079608196205
sarimax,2024-04-01,10048.0,13301.924347385137
sarimax,2023-06-01,4818.0,5118.907491716249
sarimax,2023-07-01,3412.0,5279.961599211887
sarimax,2023-08-01,2034.0,4876.030390921279
sarimax,2023-09-01,1961.0,4970.344350154637
sarimax,2023-10-01,2247.0,5069.479873789426
sarimax,2023-11-01,3158.0,5003.90845703555
sarimax,2023-12-01,7277.0,4973.8700339424295
sarimax,2024-01-01,19683.0,5653.3865562004385
sarimax,2024-02-01,54496.0,6298.464654809525
sarimax,2024-03-01,38264.0,8383.2858775133
sarimax,2024-04-01,10048.0,10756.891984027172
sarimax,2024-05-01,5536.0,9758.181195939826
sarimax,2023-07-01,3412.0,4894.432441321977
sarimax,2023-08-01,2034.0,4550.157344700891
sarimax,2023-09-01,1961.0,4602.376202952099
sarimax,2023-10-01,2247.0,4731.224050380924
sarimax,2023-11-01,3158.0,4644.692675063123
sarimax,2023-12-01,7277.0,4629.430149416531
sarimax,2024-01-01,19683.0,5298.594574005529
sarimax,2024-02-01,54496.0,5951.084204710191
sarimax,2024-03-01,38264.0,8030.917574139219
sarimax,2024-04-01,10048.0,10408.401528556935
sarimax,2024-05-01,5536.0,9406.871792088863
sarimax,2024-06-01,3521.0,7941.340058560267
sarimax,2023-08-01,2034.0,2659.1106975537086
sarimax,2023-09-01,1961.0,2999.732895841135
sarimax,2023-10-01,2247.0,2925.0233761954264
sarimax,2023-11-01,3158.0,2982.1645420854384
sarimax,2023-12-01,7277.0,2865.4965884933254
sarimax,2024-01-01,19683.0,3606.234713440615
sarimax,2024-02-01,54496.0,4208.208393264471
sarimax,2024-03-01,38264.0,6323.699353981618
sarimax,2024-04-01,10048.0,8676.020393467386
sarimax,2024-05-01,5536.0,7692.249801954706
sarimax,2024-06-01,3521.0,6214.181159667741
sarimax,2024-07-01,1646.0,5214.611916525558
sarimax,2023-09-01,1961.0,2200.1344491365085
sarimax,2023-10-01,2247.0,2248.6215756855195
sarimax,2023-11-01,3158.0,2218.790007350971
sarimax,2023-12-01,7277.0,2163.513812290748
sarimax,2024-01-01,19683.0,2860.969700811531
sarimax,2024-02-01,54496.0,3493.5882414735634
sarimax,2024-03-01,38264.0,5587.641670809509
sarimax,2024-04-01,10048.0,7955.390808423035
sarimax,2024-05-01,5536.0,6960.660392951114
sarimax,2024-06-01,3521.0,5490.174913579791
sarimax,2024-07-01,1646.0,4485.149779141338
sarimax,2024-08-01,1155.0,3389.506312266769
sarimax,2023-10-01,2247.0,1944.6135103665597
sarimax,2023-11-01,3158.0,1960.5737425265334
sarimax,2023-12-01,7277.0,1872.9723387380743
sarimax,2024-01-01,19683.0,2593.263638267275
sarimax,2024-02-01,54496.0,3209.7914993783384
sarimax,2024-03-01,38264.0,5315.264451724306
sarimax,2024-04-01,10048.0,7675.045245856546
sarimax,2024-05-01,5536.0,6685.917986550944
sarimax,2024-06-01,3521.0,5211.429099163661
sarimax,2024-07-01,1646.0,4209.197659644872
sarimax,2024-08-01,1155.0,3111.5408915881817
sarimax,2024-09-01,1400.0,3065.8912070641572
sarimax,2023-11-01,3158.0,2345.829972643673
sarimax,2023-12-01,7277.0,2199.7209696790806
sarimax,2024-01-01,19683.0,2961.3411180893727
sarimax,2024-02-01,54496.0,3548.72791329363
sarimax,2024-03-01,38264.0,5674.853859145216
sarimax,2024-04-01,10048.0,8020.173651433612
sarimax,2024-05-01,5536.0,7041.227841777576
sarimax,2024-06-01,3521.0,5559.488382976237
sarimax,2024-07-01,1646.0,4562.334017318523
sarimax,2024-08-01,1155.0,3461.039358882331
sarimax,2024-09-01,1400.0,3417.936650041355
sarimax,2024-10-01,1214.0,3685.3702430498697
sarimax,2023-12-01,7277.0,3239.059945918305
sarimax,2024-01-01,19683.0,3840.370670992894
sarimax,2024-02-01,54496.0,4540.886747174047
sarimax,2024-03-01,38264.0,6587.181173815937
sarimax,2024-04-01,10048.0,8988.840471499752
sarimax,2024-05-01,5536.0,7970.135815494185
sarimax,2024-06-01,3521.0,6516.451836414443
sarimax,2024-07-01,1646.0,5499.497883103303
sarimax,2024-08-01,1155.0,4412.173982684052
sarimax,2024-09-01,1400.0,4359.211677834453
sarimax,2024-10-01,1214.0,4633.603050498981
sarimax,2024-11-01,1286.0,5232.76047904546
sarimax,2024-01-01,19683.0,9003.271500495885
sarimax,2024-02-01,54496.0,8909.188877283477
sarimax,2024-03-01,38264.0,11516.282486257618
sarimax,2024-04-01,10048.0,13521.394090595346
sarimax,2024-05-01,5536.0,12782.848861915427
sarimax,2024-06-01,3521.0,11131.586465973274
sarimax,2024-07-01,1646.0,10254.340585170721
sarimax,2024-08-01,1155.0,9068.585400075199
sarimax,2024-09-01,1400.0,9085.226365955046
sarimax,2024-10-01,1214.0,9310.465289722382
sarimax,2024-11-01,1286.0,9944.203833190966
sarimax,2024-12-01,1184.0,12869.025137576744
lgbm,2014-01-01,569.0,10843.083333333334
lgbm,2014-02-01,431.0,10843.083333333334
lgbm,2014-03-01,464.0,10843.083333333334
lgbm,2014-04-01,317.0,10843.083333333334
lgbm,2014-05-01,308.0,10843.083333333334
lgbm,2014-06-01,271.0,10843.083333333334
lgbm,2014-07-01,191.0,10843.083333333334
lgbm,2014-08-01,310.0,10843.083333333334
lgbm,2014-09-01,295.0,10843.083333333334
lgbm,2014-10-01,237.0,10843.083333333334
lgbm,2014-11-01,239.0,10843.083333333334
lgbm,2014-12-01,109.0,10843.083333333334
lgbm,2014-02-01,431.0,10432.12
lgbm,2014-03-01,464.0,10432.12
lgbm,2014-04-01,317.0,10432.12
lgbm,2014-05-01,308.0,10432.12
lgbm,2014-06-01,271.0,10432.12
lgbm,2014-07-01,191.0,10432.12
lgbm,2014-08-01,310.0,10432.12
lgbm,2014-09-01,295.0,10432.12
lgbm,2014-10-01,237.0,10432.12
lgbm,2014-11-01,239.0,10432.12
lgbm,2014-12-01,109.0,10432.12
lgbm,2015-01-01,187.0,10432.12
lgbm,2014-03-01,464.0,10047.461538461539
lgbm,2014-04-01,317.0,10047.461538461539
lgbm,2014-05-01,308.0,10047.461538461539
lgbm,2014-06-01,271.0,10047.461538461539
lgbm,2014-07-01,191.0,10047.461538461539
lgbm,2014-08-01,310.0,10047.461538461539
lgbm,2014-09-01,295.0,10047.461538461539
lgbm,2014-10-01,237.0,10047.461538461539
lgbm,2014-11-01,239.0,10047.461538461539
lgbm,2014-12-01,109.0,10047.461538461539
lgbm,2015-01-01,187.0,10047.461538461539
lgbm,2015-02-01,286.0,10047.461538461539
lgbm,2014-04-01,317.0,9692.518518518518
lgbm,2014-05-01,308.0,9692.518518518518
lgbm,2014-06-01,271.0,9692.518518518518
lgbm,2014-07-01,191.0,9692.518518518518
lgbm,2014-08-01,310.0,9692.518518518518
lgbm,2014-09-01,295.0,9692.518518518518
lgbm,2014-10-01,237.0,9692.518518518518
lgbm,2014-11-01,239.0,9692.518518518518
lgbm,2014-12-01,109.0,9692.518518518518
lgbm,2015-01-01,187.0,9692.518518518518
lgbm,2015-02-01,286.0,9692.518518518518
lgbm,2015-03-01,1312.0,9692.518518518518
lgbm,2014-05-01,308.0,9357.67857142857
lgbm,2014-06-01,271.0,9357.67857142857
lgbm,2014-07-01,191.0,9357.67857142857
lgbm,2014-08-01,310.0,9357.67857142857
lgbm,2014-09-01,295.0,9357.67857142857
lgbm,2014-10-01,237.0,9357.67857142857
lgbm,2014-11-01,239.0,9357.67857142857
lgbm,2014-12-01,109.0,9357.67857142857
lgbm,2015-01-01,187.0,9357.67857142857
lgbm,2015-02-01,286.0,9357.67857142857
lgbm,2015-03-01,1312.0,9357.67857142857
lgbm,2015-04-01,3766.0,9357.67857142857
lgbm,2014-06-01,271.0,9045.620689655172
lgbm,2014-07-01,191.0,9045.620689655172
lgbm,2014-08-01,310.0,9045.620689655172
lgbm,2014-09-01,295.0,9045.620689655172
lgbm,2014-10-01,237.0,9045.620689655172
lgbm,2014-11-01,239.0,9045.620689655172
lgbm,2014-12-01,109.0,9045.620689655172
lgbm,2015-01-01,187.0,9045.620689655172
lgbm,2015-02-01,286.0,9045.620689655172
lgbm,2015-03-01,1312.0,9045.620689655172
lgbm,2015-04-01,3766.0,9045.620689655172
lgbm,2015-05-01,6704.0,9045.620689655172
lgbm,2014-07-01,191.0,8753.133333333333
lgbm,2014-08-01,310.0,8753.133333333333
lgbm,2014-09-01,295.0,8753.133333333333
lgbm,2014-10-01,237.0,8753.133333333333
lgbm,2014-11-01,239.0,8753.133333333333
lgbm,2014-12-01,109.0,8753.133333333333
lgbm,2015-01-01,187.0,8753.133333333333
lgbm,2015-02-01,286.0,8753.133333333333
lgbm,2015-03-01,1312.0,8753.133333333333
lgbm,2015-04-01,3766.0,8753.133333333333
lgbm,2015-05-01,6704.0,8753.133333333333
lgbm,2015-06-01,3156.0,8753.133333333333
lgbm,2014-08-01,310.0,8476.935483870968
lgbm,2014-09-01,295.0,8476.935483870968
lgbm,2014-10-01,237.0,8476.935483870968
lgbm,2014-11-01,239.0,8476.935483870968
lgbm,2014-12-01,109.0,8476.935483870968
lgbm,2015-01-01,187.0,8476.935483870968
lgbm,2015-02-01,286.0,8476.935483870968
lgbm,2015-03-01,1312.0,8476.935483870968
lgbm,2015-04-01,3766.0,8476.935483870968
lgbm,2015-05-01,6704.0,8476.935483870968
lgbm,2015-06-01,3156.0,8476.935483870968
lgbm,2015-07-01,1356.0,8476.935483870968
lgbm,2014-09-01,295.0,8221.71875
lgbm,2014-10-01,237.0,8221.71875
lgbm,2014-11-01,239.0,8221.71875
lgbm,2014-12-01,109.0,8221.71875
lgbm,2015-01-01,187.0,8221.71875
lgbm,2015-02-01,286.0,8221.71875
lgbm,2015-03-01,1312.0,8221.71875
lgbm,2015-04-01,3766.0,8221.71875
lgbm,2015-05-01,6704.0,8221.71875
lgbm,2015-06-01,3156.0,8221.71875
lgbm,2015-07-01,1356.0,8221.71875
lgbm,2015-08-01,1278.0,8221.71875
lgbm,2014-10-01,237.0,7981.515151515152
lgbm,2014-11-01,239.0,7981.515151515152
lgbm,2014-12-01,109.0,7981.515151515152
lgbm,2015-01-01,187.0,7981.515151515152
lgbm,2015-02-01,286.0,7981.515151515152
lgbm,2015-03-01,1312.0,7981.515151515152
lgbm,2015-04-01,3766.0,7981.515151515152
lgbm,2015-05-01,6704.0,7981.515151515152
lgbm,2015-06-01,3156.0,7981.515151515152
lgbm,2015-07-01,1356.0,7981.515151515152
lgbm,2015-08-01,1278.0,7981.515151515152
lgbm,2015-09-01,480.0,7981.515151515152
lgbm,2014-11-01,239.0,7753.735294117647
lgbm,2014-12-01,109.0,7753.735294117647
lgbm,2015-01-01,187.0,7753.735294117647
lgbm,2015-02-01,286.0,7753.735294117647
lgbm,2015-03-01,1312.0,7753.735294117647
lgbm,2015-04-01,3766.0,7753.735294117647
lgbm,2015-05-01,6704.0,7753.735294117647
lgbm,2015-06-01,3156.0,7753.735294117647
lgbm,2015-07-01,1356.0,7753.735294117647
lgbm,2015-08-01,1278.0,7753.735294117647
lgbm,2015-09-01,480.0,7753.735294117647
lgbm,2015-10-01,467.0,7753.735294117647
lgbm,2014-12-01,109.0,7539.028571428571
lgbm,2015-01-01,187.0,7539.028571428571
lgbm,2015-02-01,286.0,7539.028571428571
lgbm,2015-03-01,1312.0,7539.028571428571
lgbm,2015-04-01,3766.0,7539.028571428571
lgbm,2015-05-01,6704.0,7539.028571428571
lgbm,2015-06-01,3156.0,7539.028571428571
lgbm,2015-07-01,1356.0,7539.028571428571
lgbm,2015-08-01,1278.0,7539.028571428571
lgbm,2015-09-01,480.0,7539.028571428571
lgbm,2015-10-01,467.0,7539.028571428571
lgbm,2015-11-01,1056.0,7539.028571428571
lgbm,2015-01-01,187.0,7332.638888888889
lgbm,2015-02-01,286.0,7332.638888888889
lgbm,2015-03-01,1312.0,7332.638888888889
lgbm,2015-04-01,3766.0,7332.638888888889
lgbm,2015-05-01,6704.0,7332.638888888889
lgbm,2015-06-01,3156.0,7332.638888888889
lgbm,2015-07-01,1356.0,7332.638888888889
lgbm,2015-08-01,1278.0,7332.638888888889
lgbm,2015-09-01,480.0,7332.638888888889
lgbm,2015-10-01,467.0,7332.638888888889
lgbm,2015-11-01,1056.0,7332.638888888889
lgbm,2015-12-01,1389.0,7332.638888888889
lgbm,2015-02-01,286.0,7139.513513513513
lgbm,2015-03-01,1312.0,7139.513513513513
lgbm,2015-04-01,3766.0,7139.513513513513
lgbm,2015-05-01,6704.0,7139.513513513513
lgbm,2015-06-01,3156.0,7139.513513513513
lgbm,2015-07-01,1356.0,7139.513513513513
lgbm,2015-08-01,1278.0,7139.513513513513
lgbm,2015-09-01,480.0,7139.513513513513
lgbm,2015-10-01,467.0,7139.513513513513
lgbm,2015-11-01,1056.0,7139.513513513513
lgbm,2015-12-01,1389.0,7139.513513513513
lgbm,2016-01-01,2445.0,7139.513513513513
lgbm,2015-03-01,1312.0,6959.1578947368425
lgbm,2015-04-01,3766.0,6959.1578947368425
lgbm,2015-05-01,6704.0,6959.1578947368425
lgbm,2015-06-01,3156.0,6959.1578947368425
lgbm,2015-07-01,1356.0,6959.1578947368425
lgbm,2015-08-01,1278.0,6959.1578947368425
lgbm,2015-09-01,480.0,6959.1578947368425
lgbm,2015-10-01,467.0,6959.1578947368425
lgbm,2015-11-01,1056.0,6959.1578947368425
lgbm,2015-12-01,1389.0,6959.1578947368425
lgbm,2016-01-01,2445.0,6959.1578947368425
lgbm,2016-02-01,3474.0,6959.1578947368425
lgbm,2015-04-01,3766.0,6814.358974358975
lgbm,2015-05-01,6704.0,6814.358974358975
lgbm,2015-06-01,3156.0,6814.358974358975
lgbm,2015-07-01,1356.0,6814.358974358975
lgbm,2015-08-01,1278.0,6814.358974358975
lgbm,2015-09-01,480.0,6814.358974358975
lgbm,2015-10-01,467.0,6814.358974358975
lgbm,2015-11-01,1056.0,6814.358974358975
lgbm,2015-12-01,1389.0,6814.358974358975
lgbm,2016-01-01,2445.0,6814.358974358975
lgbm,2016-02-01,3474.0,6814.358974358975
lgbm,2016-03-01,7794.0,6814.358974358975
lgbm,2015-05-01,6704.0,6738.15
lgbm,2015-06-01,3156.0,6738.15
lgbm,2015-07-01,1356.0,6738.15
lgbm,2015-08-01,1278.0,6738.15
lgbm,2015-09-01,480.0,6738.15
lgbm,2015-10-01,467.0,6738.15
lgbm,2015-11-01,1056.0,6738.15
lgbm,2015-12-01,1389.0,6738.15
lgbm,2016-01-01,2445.0,6738.15
lgbm,2016-02-01,3474.0,6738.15
lgbm,2016-03-01,7794.0,6738.15
lgbm,2016-04-01,10397.0,6738.15
lgbm,2015-06-01,3156.0,10703.066780722418
lgbm,2015-07-01,1356.0,18062.81585364018
lgbm,2015-08-01,1278.0,18062.81585364018
lgbm,2015-09-01,480.0,18259.76974175402
lgbm,2015-10-01,467.0,18259.76974175402
lgbm,2015-11-01,1056.0,18259.76974175402
lgbm,2015-12-01,1389.0,15362.57956926431
lgbm,2016-01-01,2445.0,14742.331473517588
lgbm,2016-02-01,3474.0,14742.331473517588
lgbm,2016-03-01,7794.0,18978.43395105445
lgbm,2016-04-01,10397.0,19902.681208803002
lgbm,2016-05-01,4590.0,20453.951825212665
lgbm,2015-07-01,1356.0,17238.04385771808
lgbm,2015-08-01,1278.0,18591.78678636835
lgbm,2015-09-01,480.0,18591.78678636835
lgbm,2015-10-01,467.0,18591.78678636835
lgbm,2015-11-01,1056.0,18591.78678636835
lgbm,2015-12-01,1389.0,18591.78678636835
lgbm,2016-01-01,2445.0,15146.367665607018
lgbm,2016-02-01,3474.0,15146.367665607018
lgbm,2016-03-01,7794.0,18401.733465329242
lgbm,2016-04-01,10397.0,19887.104715372836
lgbm,2016-05-01,4590.0,20429.37634601423
lgbm,2016-06-01,1318.0,22741.0311866834
lgbm,2015-08-01,1278.0,19149.3073403046
lgbm,2015-09-01,480.0,19149.3073403046
lgbm,2015-10-01,467.0,17493.198335086658
lgbm,2015-11-01,1056.0,15379.471565625287
lgbm,2015-12-01,1389.0,15379.471565625287
lgbm,2016-01-01,2445.0,15379.471565625287
lgbm,2016-02-01,3474.0,15379.471565625287
lgbm,2016-03-01,7794.0,17292.671103620854
lgbm,2016-04-01,10397.0,19764.428108217508
lgbm,2016-05-01,4590.0,19764.428108217508
lgbm,2016-06-01,1318.0,19173.1677223987
lgbm,2016-07-01,786.0,19235.864049826145
lgbm,2015-09-01,480.0,14130.435764609045
lgbm,2015-10-01,467.0,15902.558770426258
lgbm,2015-11-01,1056.0,10662.881205880709
lgbm,2015-12-01,1389.0,12139.906372710137
lgbm,2016-01-01,2445.0,13151.695782668243
lgbm,2016-02-01,3474.0,13151.695782668243
lgbm,2016-03-01,7794.0,15966.46332759584
lgbm,2016-04-01,10397.0,17879.85263535545
lgbm,2016-05-01,4590.0,18668.05348519371
lgbm,2016-06-01,1318.0,17219.874567017247
lgbm,2016-07-01,786.0,16318.274669215743
lgbm,2016-08-01,296.0,18344.84136430509
lgbm,2015-10-01,467.0,12087.276630673332
lgbm,2015-11-01,1056.0,9008.88343310337
lgbm,2015-12-01,1389.0,9008.88343310337
lgbm,2016-01-01,2445.0,10558.164427397744
lgbm,2016-02-01,3474.0,9408.417052054783
lgbm,2016-03-01,7794.0,11779.37075416512
lgbm,2016-04-01,10397.0,16287.717121056523
lgbm,2016-05-01,4590.0,23554.081829139555
lgbm,2016-06-01,1318.0,16147.316384700744
lgbm,2016-07-01,786.0,14555.35663721372
lgbm,2016-08-01,296.0,13395.439454799982
lgbm,2016-09-01,177.0,11985.854531120498
lgbm,2015-11-01,1056.0,4373.659329445738
lgbm,2015-12-01,1389.0,8907.340263997725
lgbm,2016-01-01,2445.0,12468.261197587308
lgbm,2016-02-01,3474.0,11378.299019541944
lgbm,2016-03-01,7794.0,12834.584354564307
lgbm,2016-04-01,10397.0,16507.156973990957
lgbm,2016-05-01,4590.0,18276.436173131333
lgbm,2016-06-01,1318.0,18983.78020864625
lgbm,2016-07-01,786.0,14269.216773628033
lgbm,2016-08-01,296.0,14948.423926484516
lgbm,2016-09-01,177.0,9323.710850382131
lgbm,2016-10-01,227.0,5438.768153797739
lgbm,2015-12-01,1389.0,2551.61132430755
lgbm,2016-01-01,2445.0,10241.033499140556
lgbm,2016-02-01,3474.0,11015.981770398876
lgbm,2016-03-01,7794.0,17090.694432891913
lgbm,2016-04-01,10397.0,19853.565078231313
lgbm,2016-05-01,4590.0,19853.565078231313
lgbm,2016-06-01,1318.0,17828.840681517362
lgbm,2016-07-01,786.0,16272.053657977825
lgbm,2016-08-01,296.0,13904.370065128163
lgbm,2016-09-01,177.0,5829.1325999251885
lgbm,2016-10-01,227.0,3426.1424695617393
lgbm,2016-11-01,377.0,5405.7051959060955
lgbm,2016-01-01,2445.0,7737.292543879009
lgbm,2016-02-01,3474.0,8501.225925782115
lgbm,2016-03-01,7794.0,16983.2542527658
lgbm,2016-04-01,10397.0,18859.021541458205
lgbm,2016-05-01,4590.0,19575.66550986073
lgbm,2016-06-01,1318.0,16042.743797333023
lgbm,2016-07-01,786.0,16978.190380085332
lgbm,2016-08-01,296.0,12957.154373636442
lgbm,2016-09-01,177.0,5429.904618825105
lgbm,2016-10-01,227.0,0.0
lgbm,2016-11-01,377.0,0.0
lgbm,2016-12-01,616.0,1743.9843557774082
lgbm,2016-02-01,3474.0,9026.174481392183
lgbm,2016-03-01,7794.0,14003.738637651215
lgbm,2016-04-01,10397.0,17291.961068001125
lgbm,2016-05-01,4590.0,21339.64766737698
lgbm,2016-06-01,1318.0,21002.167381416886
lgbm,2016-07-01,786.0,16673.831781108176
lgbm,2016-08-01,296.0,13340.404265509746
lgbm,2016-09-01,177.0,6293.938286584939
lgbm,2016-10-01,227.0,727.4159553652277
lgbm,2016-11-01,377.0,0.0
lgbm,2016-12-01,616.0,0.0
lgbm,2017-01-01,1147.0,3036.1878888706533
lgbm,2016-03-01,7794.0,13924.974241113152
lgbm,2016-04-01,10397.0,17375.021917364877
lgbm,2016-05-01,4590.0,19880.401618284985
lgbm,2016-06-01,1318.0,21115.929167057682
lgbm,2016-07-01,786.0,19272.833976754646
lgbm,2016-08-01,296.0,15647.536795079397
lgbm,2016-09-01,177.0,8831.31752404331
lgbm,2016-10-01,227.0,2797.74218365344
lgbm,2016-11-01,377.0,2797.74218365344
lgbm,2016-12-01,616.0,3888.021012813228
lgbm,2017-01-01,1147.0,5192.456970045547
lgbm,2017-02-01,705.0,10512.5673148401
lgbm,2016-04-01,10397.0,17336.338099914334
lgbm,2016-05-01,4590.0,18812.552588488157
lgbm,2016-06-01,1318.0,19644.314936208517
lgbm,2016-07-01,786.0,18208.82962172851
lgbm,2016-08-01,296.0,15824.425875172137
lgbm,2016-09-01,177.0,10990.184048544319
lgbm,2016-10-01,227.0,2138.5019564538493
lgbm,2016-11-01,377.0,2725.042110284241
lgbm,2016-12-01,616.0,5346.309355194181
lgbm,2017-01-01,1147.0,6278.981647758214
lgbm,2017-02-01,705.0,9821.455007368559
lgbm,2017-03-01,551.0,15031.457457797473
lgbm,2016-05-01,4590.0,17751.268671840277
lgbm,2016-06-01,1318.0,20369.361270529214
lgbm,2016-07-01,786.0,18995.84581858006
lgbm,2016-08-01,296.0,15022.290953299025
lgbm,2016-09-01,177.0,6656.48817630135
lgbm,2016-10-01,227.0,1880.4380243783064
lgbm,2016-11-01,377.0,2258.6839611477344
lgbm,2016-12-01,616.0,1678.004162484046
lgbm,2017-01-01,1147.0,3344.5955016300554
lgbm,2017-02-01,705.0,10279.77396716141
lgbm,2017-03-01,551.0,16707.49022262923
lgbm,2017-04-01,492.0,20491.520666861437
lgbm,2016-06-01,1318.0,22532.329200818956
lgbm,2016-07-01,786.0,19167.648338135317
lgbm,2016-08-01,296.0,17889.955787730454
lgbm,2016-09-01,177.0,11570.955342226338
lgbm,2016-10-01,227.0,5197.974867692894
lgbm,2016-11-01,377.0,5197.974867692894
lgbm,2016-12-01,616.0,0.0
lgbm,2017-01-01,1147.0,0.0
lgbm,2017-02-01,705.0,6600.113549948203
lgbm,2017-03-01,551.0,16074.97493791508
lgbm,2017-04-01,492.0,21573.870695536323
lgbm,2017-05-01,230.0,18066.297187994103
lgbm,2016-07-01,786.0,13370.568218914541
lgbm,2016-08-01,296.0,17326.174580491956
lgbm,2016-09-01,177.0,13326.4452833587
lgbm,2016-10-01,227.0,3026.1247627735406
lgbm,2016-11-01,377.0,4639.923836543161
lgbm,2016-12-01,616.0,4639.923836543161
lgbm,2017-01-01,1147.0,1607.4146964090614
lgbm,2017-02-01,705.0,0.0
lgbm,2017-03-01,551.0,8842.07590037784
lgbm,2017-04-01,492.0,22337.662826699176
lgbm,2017-05-01,230.0,16994.880844820378
lgbm,2017-06-01,175.0,11566.220129433199
lgbm,2016-08-01,296.0,10455.059300923542
lgbm,2016-09-01,177.0,5728.100639892349
lgbm,2016-10-01,227.0,914.4504822948178
lgbm,2016-11-01,377.0,0.0
lgbm,2016-12-01,616.0,1899.7558190375075
lgbm,2017-01-01,1147.0,0.0
lgbm,2017-02-01,705.0,0.0
lgbm,2017-03-01,551.0,12785.35608243046
lgbm,2017-04-01,492.0,19826.44789278984
lgbm,2017-05-01,230.0,8766.293175295868
lgbm,2017-06-01,175.0,5485.014585920872
lgbm,2017-07-01,173.0,11498.288261529588
lgbm,2016-09-01,177.0,4139.339800369306
lgbm,2016-10-01,227.0,1807.874657205542
lgbm,2016-11-01,377.0,0.0
lgbm,2016-12-01,616.0,0.0
lgbm,2017-01-01,1147.0,0.0
lgbm,2017-02-01,705.0,2398.384707135901
lgbm,2017-03-01,551.0,10943.400533745855
lgbm,2017-04-01,492.0,21048.679519132616
lgbm,2017-05-01,230.0,11737.64120599571
lgbm,2017-06-01,175.0,3582.1255615193363
lgbm,2017-07-01,173.0,7820.558670141656
lgbm,2017-08-01,117.0,10065.52551423815
lgbm,2016-10-01,227.0,0.0
lgbm,2016-11-01,377.0,0.0
lgbm,2016-12-01,616.0,0.0
lgbm,2017-01-01,1147.0,0.0
lgbm,2017-02-01,705.0,689.3274174328386
lgbm,2017-03-01,551.0,10817.802843595
lgbm,2017-04-01,492.0,18422.03221988609
lgbm,2017-05-01,230.0,11563.786069865155
lgbm,2017-06-01,175.0,7166.729350180275
lgbm,2017-07-01,173.0,6888.608599942252
lgbm,2017-08-01,117.0,6592.416568642457
lgbm,2017-09-01,159.0,4884.585744131406
lgbm,2016-11-01,377.0,0.0
lgbm,2016-12-01,616.0,2107.2330411869234
lgbm,2017-01-01,1147.0,6520.22424185279
lgbm,2017-02-01,705.0,7676.570987226864
lgbm,2017-03-01,551.0,17312.0645300996
lgbm,2017-04-01,492.0,19416.57660642339
lgbm,2017-05-01,230.0,11776.077898462041
lgbm,2017-06-01,175.0,6284.83004269305
lgbm,2017-07-01,173.0,7207.222515705842
lgbm,2017-08-01,117.0,4110.25441060962
lgbm,2017-09-01,159.0,2543.1347346984608
lgbm,2017-10-01,267.0,2790.3375971964256
lgbm,2016-12-01,616.0,0.0
lgbm,2017-01-01,1147.0,0.0
lgbm,2017-02-01,705.0,2271.001619940504
lgbm,2017-03-01,551.0,12330.96225088963
lgbm,2017-04-01,492.0,19885.34205594038
lgbm,2017-05-01,230.0,12426.905963211755
lgbm,2017-06-01,175.0,6785.071216059524
lgbm,2017-07-01,173.0,6507.435384626897
lgbm,2017-08-01,117.0,6507.435384626897
lgbm,2017-09-01,159.0,5784.606415376366
lgbm,2017-10-01,267.0,2993.6812781592507
lgbm,2017-11-01,225.0,3344.0756959122755
lgbm,2017-01-01,1147.0,0.0
lgbm,2017-02-01,705.0,1062.7972204841649
lgbm,2017-03-01,551.0,11498.161243592125
lgbm,2017-04-01,492.0,17808.784482362276
lgbm,2017-05-01,230.0,11136.275397878624
lgbm,2017-06-01,175.0,6846.145111817591
lgbm,2017-07-01,173.0,7755.560933879091
lgbm,2017-08-01,117.0,8141.6502752460665
lgbm,2017-09-01,159.0,5744.003310850536
lgbm,2017-10-01,267.0,3951.222162393942
lgbm,2017-11-01,225.0,3466.4337869904552
lgbm,2017-12-01,398.0,777.6290515542457
lgbm,2017-02-01,705.0,2322.243317275956
lgbm,2017-03-01,551.0,14588.022508465248
lgbm,2017-04-01,492.0,17086.39344847587
lgbm,2017-05-01,230.0,10498.449733869707
lgbm,2017-06-01,175.0,7640.128042367754
lgbm,2017-07-01,173.0,7163.829644739085
lgbm,2017-08-01,117.0,8003.287322926703
lgbm,2017-09-01,159.0,2262.203716411626
lgbm,2017-10-01,267.0,2390.577476432359
lgbm,2017-11-01,225.0,1412.6175864191648
lgbm,2017-12-01,398.0,0.0
lgbm,2018-01-01,435.0,0.0
lgbm,2017-03-01,551.0,10360.059059272518
lgbm,2017-04-01,492.0,17462.897748829084
lgbm,2017-05-01,230.0,13642.217317130253
lgbm,2017-06-01,175.0,6456.268161719233
lgbm,2017-07-01,173.0,7428.627225244289
lgbm,2017-08-01,117.0,8706.021265188352
lgbm,2017-09-01,159.0,1545.5230703448722
lgbm,2017-10-01,267.0,0.0
lgbm,2017-11-01,225.0,0.0
lgbm,2017-12-01,398.0,0.0
lgbm,2018-01-01,435.0,0.0
lgbm,2018-02-01,425.0,2303.58231842829
lgbm,2017-04-01,492.0,11764.351351095256
lgbm,2017-05-01,230.0,12906.73601052824
lgbm,2017-06-01,175.0,5995.640390867616
lgbm,2017-07-01,173.0,6168.165192632697
lgbm,2017-08-01,117.0,6767.282554048729
lgbm,2017-09-01,159.0,1014.2772338013899
lgbm,2017-10-01,267.0,657.7334598664655
lgbm,2017-11-01,225.0,0.0
lgbm,2017-12-01,398.0,0.0
lgbm,2018-01-01,435.0,0.0
lgbm,2018-02-01,425.0,659.1839349816353
lgbm,2018-03-01,813.0,6065.492448781998
lgbm,2017-05-01,230.0,5011.867147404449
lgbm,2017-06-01,175.0,3571.192985217553
lgbm,2017-07-01,173.0,6541.748984403572
lgbm,2017-08-01,117.0,7166.945448716917
lgbm,2017-09-01,159.0,2700.6754079277407
lgbm,2017-10-01,267.0,3903.719785678951
lgbm,2017-11-01,225.0,1756.5178643856032
lgbm,2017-12-01,398.0,0.0
lgbm,2018-01-01,435.0,0.0
lgbm,2018-02-01,425.0,1425.8658671633998
lgbm,2018-03-01,813.0,5845.7722259953725
lgbm,2018-04-01,1396.0,11045.013389262183
lgbm,2017-06-01,175.0,481.28402568176784
lgbm,2017-07-01,173.0,0.0
lgbm,2017-08-01,117.0,3475.7610606729972
lgbm,2017-09-01,159.0,5507.802666038682
lgbm,2017-10-01,267.0,4084.3297393176363
lgbm,2017-11-01,225.0,3783.4289159532436
lgbm,2017-12-01,398.0,3266.8511142445022
lgbm,2018-01-01,435.0,2881.2100411119177
lgbm,2018-02-01,425.0,6293.064229114115
lgbm,2018-03-01,813.0,8998.141167179787
lgbm,2018-04-01,1396.0,8786.9032225828
lgbm,2018-05-01,1067.0,6996.32506443796
lgbm,2017-07-01,173.0,0.0
lgbm,2017-08-01,117.0,3044.443902300012
lgbm,2017-09-01,159.0,6202.956803548208
lgbm,2017-10-01,267.0,4687.022937143751
lgbm,2017-11-01,225.0,3964.2570370950366
lgbm,2017-12-01,398.0,2746.867670339902
lgbm,2018-01-01,435.0,2717.764204368664
lgbm,2018-02-01,425.0,5219.177875213284
lgbm,2018-03-01,813.0,7425.738905463282
lgbm,2018-04-01,1396.0,6667.33363894795
lgbm,2018-05-01,1067.0,6084.61853178015
lgbm,2018-06-01,743.0,4672.931546230763
lgbm,2017-08-01,117.0,1141.119620224984
lgbm,2017-09-01,159.0,0.0
lgbm,2017-10-01,267.0,0.0
lgbm,2017-11-01,225.0,0.0
lgbm,2017-12-01,398.0,0.0
lgbm,2018-01-01,435.0,0.0
lgbm,2018-02-01,425.0,659.3789827309786
lgbm,2018-03-01,813.0,2332.715007925028
lgbm,2018-04-01,1396.0,8876.320137973218
lgbm,2018-05-01,1067.0,6789.299335085341
lgbm,2018-06-01,743.0,4954.442272296352
lgbm,2018-07-01,734.0,2247.839836012111
lgbm,2017-09-01,159.0,0.0
lgbm,2017-10-01,267.0,0.0
lgbm,2017-11-01,225.0,0.0
lgbm,2017-12-01,398.0,0.0
lgbm,2018-01-01,435.0,0.0
lgbm,2018-02-01,425.0,1568.1507321260215
lgbm,2018-03-01,813.0,2456.8483310531856
lgbm,2018-04-01,1396.0,1612.0863305437115
lgbm,2018-05-01,1067.0,1302.9583275937848
lgbm,2018-06-01,743.0,0.0
lgbm,2018-07-01,734.0,0.0
lgbm,2018-08-01,330.0,0.0
lgbm,2017-10-01,267.0,0.0
lgbm,2017-11-01,225.0,0.0
lgbm,2017-12-01,398.0,0.0
lgbm,2018-01-01,435.0,0.0
lgbm,2018-02-01,425.0,614.4000119869955
lgbm,2018-03-01,813.0,2937.8985318765717
lgbm,2018-04-01,1396.0,8452.89594262767
lgbm,2018-05-01,1067.0,8038.724296203013
lgbm,2018-06-01,743.0,3735.8293308758944
lgbm,2018-07-01,734.0,3763.511011321852
lgbm,2018-08-01,330.0,1378.5854135606692
lgbm,2018-09-01,268.0,0.0
lgbm,2017-11-01,225.0,0.0
lgbm,2017-12-01,398.0,0.0
lgbm,2018-01-01,435.0,0.0
lgbm,2018-02-01,425.0,1526.5868054976695
lgbm,2018-03-01,813.0,2735.0385023726603
lgbm,2018-04-01,1396.0,6898.592436699727
lgbm,2018-05-01,1067.0,6264.810681978807
lgbm,2018-06-01,743.0,5148.676953066145
lgbm,2018-07-01,734.0,3753.1802638396457
lgbm,2018-08-01,330.0,2740.150588671345
lgbm,2018-09-01,268.0,5205.298092203106
lgbm,2018-10-01,251.0,6593.1668002657
lgbm,2017-12-01,398.0,0.0
lgbm,2018-01-01,435.0,0.0
lgbm,2018-02-01,425.0,3191.2683412027613
lgbm,2018-03-01,813.0,9526.823603710129
lgbm,2018-04-01,1396.0,9482.941131296166
lgbm,2018-05-01,1067.0,8909.677925683409
lgbm,2018-06-01,743.0,2598.855178044355
lgbm,2018-07-01,734.0,0.0
lgbm,2018-08-01,330.0,0.0
lgbm,2018-09-01,268.0,0.0
lgbm,2018-10-01,251.0,74.98094762380305
lgbm,2018-11-01,311.0,3440.90707322657
lgbm,2018-01-01,435.0,0.0
lgbm,2018-02-01,425.0,1295.8597779959885
lgbm,2018-03-01,813.0,3053.3786695110757
lgbm,2018-04-01,1396.0,7752.663713365076
lgbm,2018-05-01,1067.0,6445.854138068529
lgbm,2018-06-01,743.0,3451.1729789969286
lgbm,2018-07-01,734.0,2434.561038711816
lgbm,2018-08-01,330.0,1052.0339945296391
lgbm,2018-09-01,268.0,49.82532010000871
lgbm,2018-10-01,251.0,519.7854503225543
lgbm,2018-11-01,311.0,1625.920707825092
lgbm,2018-12-01,738.0,3020.952589197492
lgbm,2018-02-01,425.0,937.7439319874424
lgbm,2018-03-01,813.0,2440.193518643431
lgbm,2018-04-01,1396.0,6616.273198522425
lgbm,2018-05-01,1067.0,6648.52179974227
lgbm,2018-06-01,743.0,4944.446263413398
lgbm,2018-07-01,734.0,3621.5922441934435
lgbm,2018-08-01,330.0,2436.288875207576
lgbm,2018-09-01,268.0,4532.686494071252
lgbm,2018-10-01,251.0,5757.342052467674
lgbm,2018-11-01,311.0,7681.2207783543245
lgbm,2018-12-01,738.0,8692.672814681833
lgbm,2019-01-01,751.0,8828.426235752057
lgbm,2018-03-01,813.0,2685.41653041667
lgbm,2018-04-01,1396.0,3124.6480599434
lgbm,2018-05-01,1067.0,7340.34587383098
lgbm,2018-06-01,743.0,3694.197496583204
lgbm,2018-07-01,734.0,2625.3838930829525
lgbm,2018-08-01,330.0,0.0
lgbm,2018-09-01,268.0,0.0
lgbm,2018-10-01,251.0,1063.1566366513803
lgbm,2018-11-01,311.0,3350.2708185003958
lgbm,2018-12-01,738.0,9880.71894517275
lgbm,2019-01-01,751.0,9843.01895116711
lgbm,2019-02-01,701.0,9326.34506202291
lgbm,2018-04-01,1396.0,2690.227091638848
lgbm,2018-05-01,1067.0,7507.406553196212
lgbm,2018-06-01,743.0,3673.3028512094497
lgbm,2018-07-01,734.0,3800.8349627976945
lgbm,2018-08-01,330.0,4098.811164500979
lgbm,2018-09-01,268.0,4978.325972912475
lgbm,2018-10-01,251.0,5644.337027503047
lgbm,2018-11-01,311.0,7675.38848730579
lgbm,2018-12-01,738.0,8696.301941469332
lgbm,2019-01-01,751.0,8932.071837688305
lgbm,2019-02-01,701.0,8322.952088742775
lgbm,2019-03-01,3244.0,8739.892540115925
lgbm,2018-05-01,1067.0,1764.4927671276657
lgbm,2018-06-01,743.0,0.0
lgbm,2018-07-01,734.0,0.0
lgbm,2018-08-01,330.0,0.0
lgbm,2018-09-01,268.0,0.0
lgbm,2018-10-01,251.0,0.0
lgbm,2018-11-01,311.0,1756.381776874557
lgbm,2018-12-01,738.0,2798.0703221117333
lgbm,2019-01-01,751.0,6265.365810025768
lgbm,2019-02-01,701.0,6561.580274127066
lgbm,2019-03-01,3244.0,6865.748504838511
lgbm,2019-04-01,5562.0,6568.478784882373
lgbm,2018-06-01,743.0,0.0
lgbm,2018-07-01,734.0,0.0
lgbm,2018-08-01,330.0,0.0
lgbm,2018-09-01,268.0,0.21997409849928928
lgbm,2018-10-01,251.0,936.9498852301506
lgbm,2018-11-01,311.0,3676.6991102027623
lgbm,2018-12-01,738.0,9140.443398071526
lgbm,2019-01-01,751.0,8382.314707704878
lgbm,2019-02-01,701.0,8255.235799569637
lgbm,2019-03-01,3244.0,9246.490959364271
lgbm,2019-04-01,5562.0,7069.342766210121
lgbm,2019-05-01,6294.0,7569.519012861571
lgbm,2018-07-01,734.0,0.0
lgbm,2018-08-01,330.0,0.0
lgbm,2018-09-01,268.0,162.5068795556885
lgbm,2018-10-01,251.0,1534.19697426421
lgbm,2018-11-01,311.0,2860.4165538836955
lgbm,2018-12-01,738.0,6675.5816062054655
lgbm,2019-01-01,751.0,5850.3668257679365
lgbm,2019-02-01,701.0,7297.616364083847
lgbm,2019-03-01,3244.0,7316.012500020031
lgbm,2019-04-01,5562.0,7549.594045288091
lgbm,2019-05-01,6294.0,6665.626790667232
lgbm,2019-06-01,3286.0,7153.419831801575
lgbm,2018-08-01,330.0,0.0
lgbm,2018-09-01,268.0,0.0
lgbm,2018-10-01,251.0,1042.8978088018985
lgbm,2018-11-01,311.0,2041.9137689331778
lgbm,2018-12-01,738.0,2254.439153231941
lgbm,2019-01-01,751.0,5692.669349750746
lgbm,2019-02-01,701.0,6514.8142293300125
lgbm,2019-03-01,3244.0,6571.364912410987
lgbm,2019-04-01,5562.0,7002.064052780767
lgbm,2019-05-01,6294.0,6086.691735049578
lgbm,2019-06-01,3286.0,6752.575474576881
lgbm,2019-07-01,860.0,8874.858522532706
lgbm,2018-09-01,268.0,0.0
lgbm,2018-10-01,251.0,781.8266498538457
lgbm,2018-11-01,311.0,3317.470370440533
lgbm,2018-12-01,738.0,8584.223508783964
lgbm,2019-01-01,751.0,8439.417498538069
lgbm,2019-02-01,701.0,8657.903263648686
lgbm,2019-03-01,3244.0,8072.5811455290695
lgbm,2019-04-01,5562.0,6369.353583394377
lgbm,2019-05-01,6294.0,6749.977455525749
lgbm,2019-06-01,3286.0,7777.981239844801
lgbm,2019-07-01,860.0,8756.356622338077
lgbm,2019-08-01,448.0,9233.976618981158
lgbm,2018-10-01,251.0,1295.1698340487599
lgbm,2018-11-01,311.0,3649.222808057586
lgbm,2018-12-01,738.0,6715.59494016624
lgbm,2019-01-01,751.0,7181.843920193109
lgbm,2019-02-01,701.0,7231.791598135783
lgbm,2019-03-01,3244.0,6435.4539255522905
lgbm,2019-04-01,5562.0,6435.4539255522905
lgbm,2019-05-01,6294.0,6839.348633633888
lgbm,2019-06-01,3286.0,7812.057280405088
lgbm,2019-07-01,860.0,7318.988552620929
lgbm,2019-08-01,448.0,7699.210952839926
lgbm,2019-09-01,385.0,7866.453045126573
lgbm,2018-11-01,311.0,502.2062422306809
lgbm,2018-12-01,738.0,2221.7615633287555
lgbm,2019-01-01,751.0,7357.353861709057
lgbm,2019-02-01,701.0,5424.740771752533
lgbm,2019-03-01,3244.0,6351.043007379358
lgbm,2019-04-01,5562.0,9138.581856369381
lgbm,2019-05-01,6294.0,8419.77794874939
lgbm,2019-06-01,3286.0,8619.514979566306
lgbm,2019-07-01,860.0,9770.818168663403
lgbm,2019-08-01,448.0,9788.222172491473
lgbm,2019-09-01,385.0,10792.147235528008
lgbm,2019-10-01,230.0,8513.345023987642
lgbm,2018-12-01,738.0,2202.7779704974673
lgbm,2019-01-01,751.0,2435.074032848496
lgbm,2019-02-01,701.0,1982.0913921208644
lgbm,2019-03-01,3244.0,1221.168091014058
lgbm,2019-04-01,5562.0,0.0
lgbm,2019-05-01,6294.0,0.0
lgbm,2019-06-01,3286.0,1203.7505763691584
lgbm,2019-07-01,860.0,1690.5472638932226
lgbm,2019-08-01,448.0,1090.9923920457509
lgbm,2019-09-01,385.0,0.0
lgbm,2019-10-01,230.0,0.0
lgbm,2019-11-01,245.0,239.00471982421672
lgbm,2019-01-01,751.0,1268.3649684694867
lgbm,2019-02-01,701.0,2284.5441179001773
lgbm,2019-03-01,3244.0,5020.11697017051
lgbm,2019-04-01,5562.0,5442.18137786726
lgbm,2019-05-01,6294.0,6761.010478576242
lgbm,2019-06-01,3286.0,7850.38971301703
lgbm,2019-07-01,860.0,7742.409011724128
lgbm,2019-08-01,448.0,8385.782989132173
lgbm,2019-09-01,385.0,7123.125269712317
lgbm,2019-10-01,230.0,5812.494748199325
lgbm,2019-11-01,245.0,6987.657263597273
lgbm,2019-12-01,294.0,7984.345140405565
lgbm,2019-02-01,701.0,0.0
lgbm,2019-03-01,3244.0,0.0
lgbm,2019-04-01,5562.0,2209.472313377693
lgbm,2019-05-01,6294.0,7097.141314485119
lgbm,2019-06-01,3286.0,6820.635691826049
lgbm,2019-07-01,860.0,7857.35947648633
lgbm,2019-08-01,448.0,9665.778048195558
lgbm,2019-09-01,385.0,10935.278380555816
lgbm,2019-10-01,230.0,8001.394739654013
lgbm,2019-11-01,245.0,7281.326860973625
lgbm,2019-12-01,294.0,7585.156358683798
lgbm,2020-01-01,371.0,6324.987180568302
lgbm,2019-03-01,3244.0,2079.4164266410485
lgbm,2019-04-01,5562.0,611.3228323511007
lgbm,2019-05-01,6294.0,1134.250309452056
lgbm,2019-06-01,3286.0,3513.487247491165
lgbm,2019-07-01,860.0,9912.81693845244
lgbm,2019-08-01,448.0,11686.40763873085
lgbm,2019-09-01,385.0,7729.47700589293
lgbm,2019-10-01,230.0,5685.746092459494
lgbm,2019-11-01,245.0,5586.519330453926
lgbm,2019-12-01,294.0,6915.935767155061
lgbm,2020-01-01,371.0,7170.310125687687
lgbm,2020-02-01,248.0,8860.25365365501
lgbm,2019-04-01,5562.0,7924.824100042695
lgbm,2019-05-01,6294.0,7641.970002670632
lgbm,2019-06-01,3286.0,8439.850050924975
lgbm,2019-07-01,860.0,9723.923937764583
lgbm,2019-08-01,448.0,11428.40639262213
lgbm,2019-09-01,385.0,9009.356582586557
lgbm,2019-10-01,230.0,6688.031649465551
lgbm,2019-11-01,245.0,6119.03761696073
lgbm,2019-12-01,294.0,7418.286707460391
lgbm,2020-01-01,371.0,7341.493612755017
lgbm,2020-02-01,248.0,8106.814116667602
lgbm,2020-03-01,230.0,12277.5305346243
lgbm,2019-05-01,6294.0,5824.44428915868
lgbm,2019-06-01,3286.0,6986.801235818527
lgbm,2019-07-01,860.0,8507.170423882515
lgbm,2019-08-01,448.0,12573.433539105834
lgbm,2019-09-01,385.0,12383.193997670094
lgbm,2019-10-01,230.0,8340.816816240265
lgbm,2019-11-01,245.0,7748.657077465831
lgbm,2019-12-01,294.0,6949.369723939311
lgbm,2020-01-01,371.0,7289.060199162105
lgbm,2020-02-01,248.0,13281.903968672505
lgbm,2020-03-01,230.0,13502.817597023599
lgbm,2020-04-01,107.0,19256.073935820772
lgbm,2019-06-01,3286.0,9386.326692744333
lgbm,2019-07-01,860.0,9324.00762337008
lgbm,2019-08-01,448.0,10438.705262736212
lgbm,2019-09-01,385.0,7731.690855774256
lgbm,2019-10-01,230.0,6285.48824090694
lgbm,2019-11-01,245.0,6433.704780346445
lgbm,2019-12-01,294.0,7093.699359224044
lgbm,2020-01-01,371.0,8672.325952480984
lgbm,2020-02-01,248.0,12731.578302664177
lgbm,2020-03-01,230.0,11968.715566478515
lgbm,2020-04-01,107.0,18766.470582773036
lgbm,2020-05-01,81.0,21512.80528512225
lgbm,2019-07-01,860.0,2186.5805942472734
lgbm,2019-08-01,448.0,5344.232107408838
lgbm,2019-09-01,385.0,10621.23616016473
lgbm,2019-10-01,230.0,7936.832791963798
lgbm,2019-11-01,245.0,6934.1650406517565
lgbm,2019-12-01,294.0,7694.22251827968
lgbm,2020-01-01,371.0,11698.905613021472
lgbm,2020-02-01,248.0,12281.590628345622
lgbm,2020-03-01,230.0,12087.833866457706
lgbm,2020-04-01,107.0,16231.89663082057
lgbm,2020-05-01,81.0,15245.721832409206
lgbm,2020-06-01,65.0,13860.398713480814
lgbm,2019-08-01,448.0,2198.1599407725394
lgbm,2019-09-01,385.0,3842.1494558586637
lgbm,2019-10-01,230.0,8209.915210436913
lgbm,2019-11-01,245.0,8141.257637071728
lgbm,2019-12-01,294.0,7554.110753042588
lgbm,2020-01-01,371.0,8240.380748020374
lgbm,2020-02-01,248.0,13760.4938783556
lgbm,2020-03-01,230.0,10447.476864130676
lgbm,2020-04-01,107.0,14530.753737710493
lgbm,2020-05-01,81.0,17598.85836855112
lgbm,2020-06-01,65.0,14644.417557210329
lgbm,2020-07-01,68.0,15176.306571677316
lgbm,2019-09-01,385.0,18.616083941943486
lgbm,2019-10-01,230.0,0.0
lgbm,2019-11-01,245.0,971.387896207774
lgbm,2019-12-01,294.0,1433.0822425733443
lgbm,2020-01-01,371.0,1934.3063734157565
lgbm,2020-02-01,248.0,3776.4547419772352
lgbm,2020-03-01,230.0,10466.20490754052
lgbm,2020-04-01,107.0,15723.814075053155
lgbm,2020-05-01,81.0,16139.114587335009
lgbm,2020-06-01,65.0,11499.952868079012
lgbm,2020-07-01,68.0,10416.07471055868
lgbm,2020-08-01,52.0,8566.153773443719
lgbm,2019-10-01,230.0,386.6056342736777
lgbm,2019-11-01,245.0,1375.9403256142207
lgbm,2019-12-01,294.0,3200.3130779373005
lgbm,2020-01-01,371.0,3879.1172668724134
lgbm,2020-02-01,248.0,10146.745984217401
lgbm,2020-03-01,230.0,11908.535082250506
lgbm,2020-04-01,107.0,16499.96410789667
lgbm,2020-05-01,81.0,13701.678303207224
lgbm,2020-06-01,65.0,11881.923917802207
lgbm,2020-07-01,68.0,10723.348038563869
lgbm,2020-08-01,52.0,10514.16264594057
lgbm,2020-09-01,47.0,9701.195597696511
lgbm,2019-11-01,245.0,2282.297116579743
lgbm,2019-12-01,294.0,3065.179742522257
lgbm,2020-01-01,371.0,1870.1461817027357
lgbm,2020-02-01,248.0,4788.093774737343
lgbm,2020-03-01,230.0,8545.638765436459
lgbm,2020-04-01,107.0,12187.583248161473
lgbm,2020-05-01,81.0,16678.46379168376
lgbm,2020-06-01,65.0,12505.741439670832
lgbm,2020-07-01,68.0,10250.063247751064
lgbm,2020-08-01,52.0,8172.683674636167
lgbm,2020-09-01,47.0,8379.463332435751
lgbm,2020-10-01,50.0,6243.243185481562
lgbm,2019-12-01,294.0,1182.6652570532806
lgbm,2020-01-01,371.0,2697.4257929748455
lgbm,2020-02-01,248.0,5079.801319088937
lgbm,2020-03-01,230.0,12034.693906687682
lgbm,2020-04-01,107.0,16756.655969281608
lgbm,2020-05-01,81.0,16875.953777639173
lgbm,2020-06-01,65.0,11427.80347228881
lgbm,2020-07-01,68.0,10305.945449629959
lgbm,2020-08-01,52.0,9340.747402167128
lgbm,2020-09-01,47.0,9224.442007563359
lgbm,2020-10-01,50.0,5397.639700492918
lgbm,2020-11-01,84.0,7274.191925578464
lgbm,2020-01-01,371.0,4430.5581509944695
lgbm,2020-02-01,248.0,11383.652681051157
lgbm,2020-03-01,230.0,11738.388994675826
lgbm,2020-04-01,107.0,17194.057184414818
lgbm,2020-05-01,81.0,13206.738432575521
lgbm,2020-06-01,65.0,10813.228540153803
lgbm,2020-07-01,68.0,9383.279350406063
lgbm,2020-08-01,52.0,10365.422971721984
lgbm,2020-09-01,47.0,9731.296252141474
lgbm,2020-10-01,50.0,6108.552028662752
lgbm,2020-11-01,84.0,9189.156215602105
lgbm,2020-12-01,32.0,12683.438448130591
lgbm,2020-02-01,248.0,5423.853586925155
lgbm,2020-03-01,230.0,9903.375711566225
lgbm,2020-04-01,107.0,12167.452238957501
lgbm,2020-05-01,81.0,15597.185884943367
lgbm,2020-06-01,65.0,10502.928154265408
lgbm,2020-07-01,68.0,8774.065392487793
lgbm,2020-08-01,52.0,7275.230574768984
lgbm,2020-09-01,47.0,8461.151483570777
lgbm,2020-10-01,50.0,6278.911252966274
lgbm,2020-11-01,84.0,6653.127026844826
lgbm,2020-12-01,32.0,10184.83482936965
lgbm,2021-01-01,73.0,10638.403109197767
lgbm,2020-03-01,230.0,4688.844565658232
lgbm,2020-04-01,107.0,15902.774301746073
lgbm,2020-05-01,81.0,14775.919226475298
lgbm,2020-06-01,65.0,12168.593780343948
lgbm,2020-07-01,68.0,10564.257717847904
lgbm,2020-08-01,52.0,6845.00095943553
lgbm,2020-09-01,47.0,7996.797040533642
lgbm,2020-10-01,50.0,5178.510166590601
lgbm,2020-11-01,84.0,6529.196860865489
lgbm,2020-12-01,32.0,6867.704776365153
lgbm,2021-01-01,73.0,8388.836947488322
lgbm,2021-02-01,73.0,13190.146470701242
lgbm,2020-04-01,107.0,6474.822410915385
lgbm,2020-05-01,81.0,12455.567413127856
lgbm,2020-06-01,65.0,9953.479910348331
lgbm,2020-07-01,68.0,6486.010476685153
lgbm,2020-08-01,52.0,6548.97073162831
lgbm,2020-09-01,47.0,7931.303936132423
lgbm,2020-10-01,50.0,6842.989689110487
lgbm,2020-11-01,84.0,7622.465648160599
lgbm,2020-12-01,32.0,7669.255811853517
lgbm,2021-01-01,73.0,7434.99558767431
lgbm,2021-02-01,73.0,9325.327401880379
lgbm,2021-03-01,147.0,14341.027538162294
lgbm,2020-05-01,81.0,2541.727532201732
lgbm,2020-06-01,65.0,4149.8091158861325
lgbm,2020-07-01,68.0,8211.298191025136
lgbm,2020-08-01,52.0,9429.453432921817
lgbm,2020-09-01,47.0,7152.140163254571
lgbm,2020-10-01,50.0,6306.025122725627
lgbm,2020-11-01,84.0,6375.55823148231
lgbm,2020-12-01,32.0,7595.377203773413
lgbm,2021-01-01,73.0,7343.92658159461
lgbm,2021-02-01,73.0,6977.082050063557
lgbm,2021-03-01,147.0,7470.168077407127
lgbm,2021-04-01,174.0,9645.462014683466
lgbm,2020-06-01,65.0,2522.3296821574445
lgbm,2020-07-01,68.0,2743.9196808767138
lgbm,2020-08-01,52.0,0.0
lgbm,2020-09-01,47.0,0.0
lgbm,2020-10-01,50.0,0.0
lgbm,2020-11-01,84.0,529.6665719178552
lgbm,2020-12-01,32.0,1449.4786833737278
lgbm,2021-01-01,73.0,1264.2688020756482
lgbm,2021-02-01,73.0,0.0
lgbm,2021-03-01,147.0,0.0
lgbm,2021-04-01,174.0,0.0
lgbm,2021-05-01,208.0,0.0
lgbm,2020-07-01,68.0,0.0
lgbm,2020-08-01,52.0,0.0
lgbm,2020-09-01,47.0,130.73812811269153
lgbm,2020-10-01,50.0,0.0
lgbm,2020-11-01,84.0,0.0
lgbm,2020-12-01,32.0,1267.4751891103665
lgbm,2021-01-01,73.0,1582.517965390384
lgbm,2021-02-01,73.0,1341.842744298947
lgbm,2021-03-01,147.0,0.0
lgbm,2021-04-01,174.0,0.0
lgbm,2021-05-01,208.0,119.20639897977192
lgbm,2021-06-01,116.0,0.0
lgbm,2020-08-01,52.0,0.0
lgbm,2020-09-01,47.0,0.0
lgbm,2020-10-01,50.0,186.7273455888863
lgbm,2020-11-01,84.0,0.0
lgbm,2020-12-01,32.0,1193.156016688296
lgbm,2021-01-01,73.0,1797.5911818534817
lgbm,2021-02-01,73.0,707.0380558130805
lgbm,2021-03-01,147.0,0.0
lgbm,2021-04-01,174.0,0.0
lgbm,2021-05-01,208.0,669.5923870806232
lgbm,2021-06-01,116.0,30.856673716497603
lgbm,2021-07-01,67.0,0.0
lgbm,2020-09-01,47.0,0.0
lgbm,2020-10-01,50.0,0.0
lgbm,2020-11-01,84.0,298.02252891348087
lgbm,2020-12-01,32.0,1073.167111774684
lgbm,2021-01-01,73.0,1017.1147737206402
lgbm,2021-02-01,73.0,911.4571541836128
lgbm,2021-03-01,147.0,822.59849396198
lgbm,2021-04-01,174.0,896.0730387376939
lgbm,2021-05-01,208.0,445.1036458498357
lgbm,2021-06-01,116.0,0.0
lgbm,2021-07-01,67.0,0.0
lgbm,2021-08-01,63.0,1827.9508631723475
lgbm,2020-10-01,50.0,100.27483569403665
lgbm,2020-11-01,84.0,275.6956004658197
lgbm,2020-12-01,32.0,913.7755314727997
lgbm,2021-01-01,73.0,1252.8957218919127
lgbm,2021-02-01,73.0,1904.701083581629
lgbm,2021-03-01,147.0,2144.2637661085755
lgbm,2021-04-01,174.0,225.14845523867808
lgbm,2021-05-01,208.0,0.0
lgbm,2021-06-01,116.0,0.0
lgbm,2021-07-01,67.0,0.0
lgbm,2021-08-01,63.0,2643.131767814851
lgbm,2021-09-01,41.0,4103.768045252991
lgbm,2020-11-01,84.0,391.91155474528136
lgbm,2020-12-01,32.0,1413.0337940966176
lgbm,2021-01-01,73.0,1362.3893230889869
lgbm,2021-02-01,73.0,0.0
lgbm,2021-03-01,147.0,0.0
lgbm,2021-04-01,174.0,240.9594743777542
lgbm,2021-05-01,208.0,1010.8490170067001
lgbm,2021-06-01,116.0,1781.7471818357326
lgbm,2021-07-01,67.0,105.83898148572403
lgbm,2021-08-01,63.0,0.0
lgbm,2021-09-01,41.0,1489.4545697396431
lgbm,2021-10-01,28.0,644.4245800544262
lgbm,2020-12-01,32.0,762.1833143899657
lgbm,2021-01-01,73.0,700.8169871198581
lgbm,2021-02-01,73.0,555.4611916969687
lgbm,2021-03-01,147.0,0.0
lgbm,2021-04-01,174.0,80.77267666155015
lgbm,2021-05-01,208.0,872.0527941242465
lgbm,2021-06-01,116.0,2099.6171118597
lgbm,2021-07-01,67.0,630.4799777402752
lgbm,2021-08-01,63.0,270.6617901861363
lgbm,2021-09-01,41.0,72.08274704356874
lgbm,2021-10-01,28.0,260.38500034184574
lgbm,2021-11-01,72.0,0.0
lgbm,2021-01-01,73.0,901.4842733837004
lgbm,2021-02-01,73.0,1724.666056352366
lgbm,2021-03-01,147.0,1025.971877821241
lgbm,2021-04-01,174.0,0.0
lgbm,2021-05-01,208.0,0.0
lgbm,2021-06-01,116.0,0.0
lgbm,2021-07-01,67.0,0.0
lgbm,2021-08-01,63.0,1845.0656445204693
lgbm,2021-09-01,41.0,2354.0642135682606
lgbm,2021-10-01,28.0,421.20431974333474
lgbm,2021-11-01,72.0,0.0
lgbm,2021-12-01,30.0,0.0
lgbm,2021-02-01,73.0,475.18213534386064
lgbm,2021-03-01,147.0,305.6432944777543
lgbm,2021-04-01,174.0,95.26772844002927
lgbm,2021-05-01,208.0,813.6035648543914
lgbm,2021-06-01,116.0,1353.4909298665243
lgbm,2021-07-01,67.0,0.0
lgbm,2021-08-01,63.0,0.0
lgbm,2021-09-01,41.0,492.47513119871326
lgbm,2021-10-01,28.0,318.31317689357206
lgbm,2021-11-01,72.0,495.6632684478849
lgbm,2021-12-01,30.0,984.1384901578232
lgbm,2022-01-01,107.0,2399.9056623458227
lgbm,2021-03-01,147.0,526.0654538608836
lgbm,2021-04-01,174.0,789.5183100173122
lgbm,2021-05-01,208.0,773.9559426864022
lgbm,2021-06-01,116.0,1192.286606877831
lgbm,2021-07-01,67.0,516.5342423283312
lgbm,2021-08-01,63.0,447.43006535613796
lgbm,2021-09-01,41.0,1192.8467937347261
lgbm,2021-10-01,28.0,897.6796231263633
lgbm,2021-11-01,72.0,0.0
lgbm,2021-12-01,30.0,954.788486200693
lgbm,2022-01-01,107.0,2272.143451530731
lgbm,2022-02-01,210.0,1375.237250730033
lgbm,2021-04-01,174.0,0.0
lgbm,2021-05-01,208.0,305.930593719491
lgbm,2021-06-01,116.0,475.30724436522263
lgbm,2021-07-01,67.0,0.0
lgbm,2021-08-01,63.0,543.7303552503297
lgbm,2021-09-01,41.0,833.3825111402311
lgbm,2021-10-01,28.0,578.3242820500166
lgbm,2021-11-01,72.0,0.0
lgbm,2021-12-01,30.0,259.7143559999818
lgbm,2022-01-01,107.0,554.6054909774571
lgbm,2022-02-01,210.0,0.0
lgbm,2022-03-01,572.0,0.0
lgbm,2021-05-01,208.0,166.1364393273299
lgbm,2021-06-01,116.0,44.18773907370991
lgbm,2021-07-01,67.0,0.0
lgbm,2021-08-01,63.0,616.9949806427868
lgbm,2021-09-01,41.0,288.63165847032747
lgbm,2021-10-01,28.0,0.0
lgbm,2021-11-01,72.0,0.0
lgbm,2021-12-01,30.0,288.75371237081606
lgbm,2022-01-01,107.0,0.0
lgbm,2022-02-01,210.0,0.0
lgbm,2022-03-01,572.0,0.0
lgbm,2022-04-01,999.0,0.0
lgbm,2021-06-01,116.0,1101.9938580404769
lgbm,2021-07-01,67.0,715.5280843728316
lgbm,2021-08-01,63.0,991.7649208186418
lgbm,2021-09-01,41.0,1367.538554513731
lgbm,2021-10-01,28.0,335.24460010603923
lgbm,2021-11-01,72.0,0.0
lgbm,2021-12-01,30.0,565.4835518946765
lgbm,2022-01-01,107.0,1478.5002361823574
lgbm,2022-02-01,210.0,1453.909528543666
lgbm,2022-03-01,572.0,0.0
lgbm,2022-04-01,999.0,0.0
lgbm,2022-05-01,2110.0,306.92317111352224
lgbm,2021-07-01,67.0,685.1154910765393
lgbm,2021-08-01,63.0,0.0
lgbm,2021-09-01,41.0,0.0
lgbm,2021-10-01,28.0,0.0
lgbm,2021-11-01,72.0,0.0
lgbm,2021-12-01,30.0,0.0
lgbm,2022-01-01,107.0,0.0
lgbm,2022-02-01,210.0,0.0
lgbm,2022-03-01,572.0,0.0
lgbm,2022-04-01,999.0,0.0
lgbm,2022-05-01,2110.0,0.0
lgbm,2022-06-01,806.0,0.0
lgbm,2021-08-01,63.0,404.58504996600186
lgbm,2021-09-01,41.0,0.0
lgbm,2021-10-01,28.0,0.0
lgbm,2021-11-01,72.0,0.0
lgbm,2021-12-01,30.0,0.0
lgbm,2022-01-01,107.0,0.0
lgbm,2022-02-01,210.0,0.0
lgbm,2022-03-01,572.0,0.0
lgbm,2022-04-01,999.0,0.0
lgbm,2022-05-01,2110.0,0.0
lgbm,2022-06-01,806.0,0.0
lgbm,2022-07-01,786.0,0.0
lgbm,2021-09-01,41.0,0.0
lgbm,2021-10-01,28.0,0.0
lgbm,2021-11-01,72.0,202.52029702566767
lgbm,2021-12-01,30.0,0.0
lgbm,2022-01-01,107.0,0.0
lgbm,2022-02-01,210.0,0.0
lgbm,2022-03-01,572.0,0.0
lgbm,2022-04-01,999.0,0.0
lgbm,2022-05-01,2110.0,0.0
lgbm,2022-06-01,806.0,0.0
lgbm,2022-07-01,786.0,0.0
lgbm,2022-08-01,409.0,0.0
lgbm,2021-10-01,28.0,0.0
lgbm,2021-11-01,72.0,328.25420412531884
lgbm,2021-12-01,30.0,134.81431135680936
lgbm,2022-01-01,107.0,318.53703348024607
lgbm,2022-02-01,210.0,40.900620391368506
lgbm,2022-03-01,572.0,0.0
lgbm,2022-04-01,999.0,0.0
lgbm,2022-05-01,2110.0,0.0
lgbm,2022-06-01,806.0,91.37423627167252
lgbm,2022-07-01,786.0,0.0
lgbm,2022-08-01,409.0,0.0
lgbm,2022-09-01,418.0,0.0
lgbm,2021-11-01,72.0,0.0
lgbm,2021-12-01,30.0,0.0
lgbm,2022-01-01,107.0,479.98957163030514
lgbm,2022-02-01,210.0,0.0
lgbm,2022-03-01,572.0,0.0
lgbm,2022-04-01,999.0,0.0
lgbm,2022-05-01,2110.0,0.0
lgbm,2022-06-01,806.0,0.0
lgbm,2022-07-01,786.0,0.0
lgbm,2022-08-01,409.0,0.0
lgbm,2022-09-01,418.0,0.0
lgbm,2022-10-01,655.0,0.0
lgbm,2021-12-01,30.0,196.01207555623589
lgbm,2022-01-01,107.0,142.54349598691905
lgbm,2022-02-01,210.0,0.0
lgbm,2022-03-01,572.0,0.0
lgbm,2022-04-01,999.0,0.0
lgbm,2022-05-01,2110.0,0.0
lgbm,2022-06-01,806.0,0.0
lgbm,2022-07-01,786.0,0.0
lgbm,2022-08-01,409.0,0.0
lgbm,2022-09-01,418.0,0.0
lgbm,2022-10-01,655.0,0.0
lgbm,2022-11-01,480.0,0.0
lgbm,2022-01-01,107.0,334.1730978843857
lgbm,2022-02-01,210.0,23.423297686993052
lgbm,2022-03-01,572.0,0.0
lgbm,2022-04-01,999.0,0.0
lgbm,2022-05-01,2110.0,0.0
lgbm,2022-06-01,806.0,0.0
lgbm,2022-07-01,786.0,0.0
lgbm,2022-08-01,409.0,0.0
lgbm,2022-09-01,418.0,0.0
lgbm,2022-10-01,655.0,0.0
lgbm,2022-11-01,480.0,0.0
lgbm,2022-12-01,501.0,0.0
lgbm,2022-02-01,210.0,0.0
lgbm,2022-03-01,572.0,0.0
lgbm,2022-04-01,999.0,0.0
lgbm,2022-05-01,2110.0,0.0
lgbm,2022-06-01,806.0,0.0
lgbm,2022-07-01,786.0,0.0
lgbm,2022-08-01,409.0,0.0
lgbm,2022-09-01,418.0,0.0
lgbm,2022-10-01,655.0,0.0
lgbm,2022-11-01,480.0,0.0
lgbm,2022-12-01,501.0,0.0
lgbm,2023-01-01,1389.0,0.0
lgbm,2022-03-01,572.0,0.0
lgbm,2022-04-01,999.0,0.0
lgbm,2022-05-01,2110.0,0.0
lgbm,2022-06-01,806.0,0.0
lgbm,2022-07-01,786.0,0.0
lgbm,2022-08-01,409.0,0.0
lgbm,2022-09-01,418.0,0.0
lgbm,2022-10-01,655.0,0.0
lgbm,2022-11-01,480.0,0.0
lgbm,2022-12-01,501.0,0.0
lgbm,2023-01-01,1389.0,0.0
lgbm,2023-02-01,2274.0,0.0
lgbm,2022-04-01,999.0,496.18214596968846
lgbm,2022-05-01,2110.0,496.18214596968846
lgbm,2022-06-01,806.0,496.18214596968846
lgbm,2022-07-01,786.0,343.1617904591832
lgbm,2022-08-01,409.0,112.07334336024452
lgbm,2022-09-01,418.0,0.0
lgbm,2022-10-01,655.0,0.0
lgbm,2022-11-01,480.0,0.0
lgbm,2022-12-01,501.0,0.0
lgbm,2023-01-01,1389.0,0.0
lgbm,2023-02-01,2274.0,0.0
lgbm,2023-03-01,5032.0,0.0
lgbm,2022-05-01,2110.0,1096.3666049750161
lgbm,2022-06-01,806.0,941.0658716789401
lgbm,2022-07-01,786.0,632.479981277104
lgbm,2022-08-01,409.0,119.47622027382164
lgbm,2022-09-01,418.0,636.0982537769632
lgbm,2022-10-01,655.0,598.3419913033554
lgbm,2022-11-01,480.0,452.4382345234302
lgbm,2022-12-01,501.0,52.254061876608915
lgbm,2023-01-01,1389.0,0.0
lgbm,2023-02-01,2274.0,62.36996154048141
lgbm,2023-03-01,5032.0,0.0
lgbm,2023-04-01,8196.0,0.0
lgbm,2022-06-01,806.0,1860.6536786019076
lgbm,2022-07-01,786.0,0.0
lgbm,2022-08-01,409.0,0.0
lgbm,2022-09-01,418.0,29.259361399927435
lgbm,2022-10-01,655.0,423.4482029031559
lgbm,2022-11-01,480.0,1379.0514089785363
lgbm,2022-12-01,501.0,1987.6380927467892
lgbm,2023-01-01,1389.0,0.0
lgbm,2023-02-01,2274.0,0.0
lgbm,2023-03-01,5032.0,0.0
lgbm,2023-04-01,8196.0,1712.559464141463
lgbm,2023-05-01,6345.0,1794.0855719930057
lgbm,2022-07-01,786.0,0.0
lgbm,2022-08-01,409.0,38.20995831327041
lgbm,2022-09-01,418.0,591.4992464106323
lgbm,2022-10-01,655.0,1148.8520813940856
lgbm,2022-11-01,480.0,1651.2681590499512
lgbm,2022-12-01,501.0,1705.4250911478769
lgbm,2023-01-01,1389.0,0.0
lgbm,2023-02-01,2274.0,0.0
lgbm,2023-03-01,5032.0,0.0
lgbm,2023-04-01,8196.0,0.0
lgbm,2023-05-01,6345.0,0.0
lgbm,2023-06-01,4818.0,639.9032932070171
lgbm,2022-08-01,409.0,1516.3430948835753
lgbm,2022-09-01,418.0,957.7201760898158
lgbm,2022-10-01,655.0,0.0
lgbm,2022-11-01,480.0,0.0
lgbm,2022-12-01,501.0,652.3088071464551
lgbm,2023-01-01,1389.0,904.7728859162021
lgbm,2023-02-01,2274.0,1756.389500663993
lgbm,2023-03-01,5032.0,1380.6083749422978
lgbm,2023-04-01,8196.0,0.0
lgbm,2023-05-01,6345.0,0.0
lgbm,2023-06-01,4818.0,0.0
lgbm,2023-07-01,3412.0,0.0
lgbm,2022-09-01,418.0,1339.9066917890825
lgbm,2022-10-01,655.0,1501.0625439741802
lgbm,2022-11-01,480.0,244.60224076322942
lgbm,2022-12-01,501.0,0.0
lgbm,2023-01-01,1389.0,0.0
lgbm,2023-02-01,2274.0,872.9531605075747
lgbm,2023-03-01,5032.0,2620.7012220378124
lgbm,2023-04-01,8196.0,1403.2089177764046
lgbm,2023-05-01,6345.0,0.0
lgbm,2023-06-01,4818.0,0.0
lgbm,2023-07-01,3412.0,0.0
lgbm,2023-08-01,2034.0,1966.2504326912656
lgbm,2022-10-01,655.0,1228.982287707402
lgbm,2022-11-01,480.0,2357.2719570395757
lgbm,2022-12-01,501.0,1485.0105526701957
lgbm,2023-01-01,1389.0,0.0
lgbm,2023-02-01,2274.0,0.0
lgbm,2023-03-01,5032.0,929.9084723724907
lgbm,2023-04-01,8196.0,1567.1405170073297
lgbm,2023-05-01,6345.0,0.0
lgbm,2023-06-01,4818.0,0.0
lgbm,2023-07-01,3412.0,914.9688753705768
lgbm,2023-08-01,2034.0,3072.9585894253937
lgbm,2023-09-01,1961.0,1388.0181323702882
lgbm,2022-11-01,480.0,1587.3855397229192
lgbm,2022-12-01,501.0,1653.3316990284927
lgbm,2023-01-01,1389.0,0.0
lgbm,2023-02-01,2274.0,0.0
lgbm,2023-03-01,5032.0,574.0493513371965
lgbm,2023-04-01,8196.0,0.0
lgbm,2023-05-01,6345.0,0.0
lgbm,2023-06-01,4818.0,0.0
lgbm,2023-07-01,3412.0,1806.7311891784016
lgbm,2023-08-01,2034.0,2660.371502982504
lgbm,2023-09-01,1961.0,0.0
lgbm,2023-10-01,2247.0,0.0
lgbm,2022-12-01,501.0,1269.3510359829777
lgbm,2023-01-01,1389.0,1003.3623637652156
lgbm,2023-02-01,2274.0,898.5922608356399
lgbm,2023-03-01,5032.0,1210.1908547948376
lgbm,2023-04-01,8196.0,185.62281770654874
lgbm,2023-05-01,6345.0,0.0
lgbm,2023-06-01,4818.0,0.0
lgbm,2023-07-01,3412.0,0.0
lgbm,2023-08-01,2034.0,1368.0925706254734
lgbm,2023-09-01,1961.0,1116.832587366245
lgbm,2023-10-01,2247.0,0.0
lgbm,2023-11-01,3158.0,0.0
lgbm,2023-01-01,1389.0,349.5396913638729
lgbm,2023-02-01,2274.0,448.2480918988448
lgbm,2023-03-01,5032.0,916.334415477407
lgbm,2023-04-01,8196.0,816.211460585441
lgbm,2023-05-01,6345.0,0.0
lgbm,2023-06-01,4818.0,0.0
lgbm,2023-07-01,3412.0,142.568848172579
lgbm,2023-08-01,2034.0,418.3260889102874
lgbm,2023-09-01,1961.0,45.36607917383408
lgbm,2023-10-01,2247.0,0.0
lgbm,2023-11-01,3158.0,0.0
lgbm,2023-12-01,7277.0,0.0
lgbm,2023-02-01,2274.0,989.5990799691226
lgbm,2023-03-01,5032.0,939.3766271962011
lgbm,2023-04-01,8196.0,0.0
lgbm,2023-05-01,6345.0,0.0
lgbm,2023-06-01,4818.0,0.0
lgbm,2023-07-01,3412.0,701.8404026830545
lgbm,2023-08-01,2034.0,2151.005222578375
lgbm,2023-09-01,1961.0,1627.034222891477
lgbm,2023-10-01,2247.0,0.0
lgbm,2023-11-01,3158.0,0.0
lgbm,2023-12-01,7277.0,0.0
lgbm,2024-01-01,19683.0,2261.420898979231
lgbm,2023-03-01,5032.0,1517.1716069314052
lgbm,2023-04-01,8196.0,0.0
lgbm,2023-05-01,6345.0,0.0
lgbm,2023-06-01,4818.0,0.0
lgbm,2023-07-01,3412.0,1296.1466055064511
lgbm,2023-08-01,2034.0,2434.4169224783564
lgbm,2023-09-01,1961.0,1605.6267603717363
lgbm,2023-10-01,2247.0,0.0
lgbm,2023-11-01,3158.0,0.0
lgbm,2023-12-01,7277.0,0.0
lgbm,2024-01-01,19683.0,1691.3017503876747
lgbm,2024-02-01,54496.0,1429.187485749299
lgbm,2023-04-01,8196.0,5575.305783930909
lgbm,2023-05-01,6345.0,5012.345177332989
lgbm,2023-06-01,4818.0,5040.0819052432225
lgbm,2023-07-01,3412.0,7243.282399502391
lgbm,2023-08-01,2034.0,7542.491293036725
lgbm,2023-09-01,1961.0,9002.531489422021
lgbm,2023-10-01,2247.0,9089.251656433318
lgbm,2023-11-01,3158.0,6900.942542378069
lgbm,2023-12-01,7277.0,7286.314650850388
lgbm,2024-01-01,19683.0,10298.390645141493
lgbm,2024-02-01,54496.0,13743.628926847457
lgbm,2024-03-01,38264.0,22120.620700091207
lgbm,2023-05-01,6345.0,6375.531859998068
lgbm,2023-06-01,4818.0,5043.587432050137
lgbm,2023-07-01,3412.0,7888.896716688155
lgbm,2023-08-01,2034.0,9139.404931965533
lgbm,2023-09-01,1961.0,8889.590288574449
lgbm,2023-10-01,2247.0,9137.71627705664
lgbm,2023-11-01,3158.0,8412.866035815314
lgbm,2023-12-01,7277.0,7347.830961067659
lgbm,2024-01-01,19683.0,11335.933723739765
lgbm,2024-02-01,54496.0,16287.917107638805
lgbm,2024-03-01,38264.0,20938.767671665748
lgbm,2024-04-01,10048.0,20577.369693655168
lgbm,2023-06-01,4818.0,5331.974606393311
lgbm,2023-07-01,3412.0,8783.643491461125
lgbm,2023-08-01,2034.0,9311.946774972756
lgbm,2023-09-01,1961.0,8649.564708663098
lgbm,2023-10-01,2247.0,7978.728846864207
lgbm,2023-11-01,3158.0,6303.965479105278
lgbm,2023-12-01,7277.0,7643.347828910228
lgbm,2024-01-01,19683.0,9369.114338358742
lgbm,2024-02-01,54496.0,15176.633496686436
lgbm,2024-03-01,38264.0,19077.161295027396
lgbm,2024-04-01,10048.0,19732.076806461155
lgbm,2024-05-01,5536.0,23656.11171201566
lgbm,2023-07-01,3412.0,8310.162177524313
lgbm,2023-08-01,2034.0,8696.442484673953
lgbm,2023-09-01,1961.0,9202.091850703184
lgbm,2023-10-01,2247.0,8954.61919599627
lgbm,2023-11-01,3158.0,7087.045158643306
lgbm,2023-12-01,7277.0,8175.494471215574
lgbm,2024-01-01,19683.0,11009.131136226264
lgbm,2024-02-01,54496.0,15485.733152463697
lgbm,2024-03-01,38264.0,21326.29387042264
lgbm,2024-04-01,10048.0,23455.706812239565
lgbm,2024-05-01,5536.0,24791.48127528895
lgbm,2024-06-01,3521.0,26873.62088503929
lgbm,2023-08-01,2034.0,754.3155036213933
lgbm,2023-09-01,1961.0,0.0
lgbm,2023-10-01,2247.0,489.1382305361259
lgbm,2023-11-01,3158.0,700.2793606828728
lgbm,2023-12-01,7277.0,1672.5281864388264
lgbm,2024-01-01,19683.0,4327.07072632819
lgbm,2024-02-01,54496.0,10332.159219376661
lgbm,2024-03-01,38264.0,19809.55984748608
lgbm,2024-04-01,10048.0,20437.032430676587
lgbm,2024-05-01,5536.0,21857.30446163616
lgbm,2024-06-01,3521.0,16684.692974069047
lgbm,2024-07-01,1646.0,13530.005852052427
lgbm,2023-09-01,1961.0,19.695120743794483
lgbm,2023-10-01,2247.0,450.1349553203112
lgbm,2023-11-01,3158.0,134.24356026839422
lgbm,2023-12-01,7277.0,1024.8044998729422
lgbm,2024-01-01,19683.0,2480.7927753197787
lgbm,2024-02-01,54496.0,5121.2492589737085
lgbm,2024-03-01,38264.0,16406.254753827045
lgbm,2024-04-01,10048.0,18193.550767750305
lgbm,2024-05-01,5536.0,22890.251712720234
lgbm,2024-06-01,3521.0,21611.937397979753
lgbm,2024-07-01,1646.0,13420.017747597696
lgbm,2024-08-01,1155.0,7349.741246239234
lgbm,2023-10-01,2247.0,1593.4026035558554
lgbm,2023-11-01,3158.0,1622.6841273764385
lgbm,2023-12-01,7277.0,1890.5809965147228
lgbm,2024-01-01,19683.0,3606.7643940746216
lgbm,2024-02-01,54496.0,5260.122639209317
lgbm,2024-03-01,38264.0,15452.858741621898
lgbm,2024-04-01,10048.0,19160.15173763716
lgbm,2024-05-01,5536.0,24610.234075215798
lgbm,2024-06-01,3521.0,24467.6191246331
lgbm,2024-07-01,1646.0,14153.267159344628
lgbm,2024-08-01,1155.0,8274.122470396533
lgbm,2024-09-01,1400.0,6240.4075921696285
lgbm,2023-11-01,3158.0,1776.159656839478
lgbm,2023-12-01,7277.0,1202.3721003598962
lgbm,2024-01-01,19683.0,4649.638456228763
lgbm,2024-02-01,54496.0,14867.213061413417
lgbm,2024-03-01,38264.0,18755.333890337173
lgbm,2024-04-01,10048.0,23038.9379903857
lgbm,2024-05-01,5536.0,22139.332842001415
lgbm,2024-06-01,3521.0,24074.87161206211
lgbm,2024-07-01,1646.0,13029.056989834753
lgbm,2024-08-01,1155.0,8211.755643491319
lgbm,2024-09-01,1400.0,6705.844272972421
lgbm,2024-10-01,1214.0,6398.846100436296
lgbm,2023-12-01,7277.0,2919.7098919645196
lgbm,2024-01-01,19683.0,1820.26290320577
lgbm,2024-02-01,54496.0,5262.8100901154485
lgbm,2024-03-01,38264.0,17395.949839884637
lgbm,2024-04-01,10048.0,19389.20263235461
lgbm,2024-05-01,5536.0,25342.046507172854
lgbm,2024-06-01,3521.0,18794.748849238167
lgbm,2024-07-01,1646.0,14720.202614010386
lgbm,2024-08-01,1155.0,8835.729101781084
lgbm,2024-09-01,1400.0,4663.322767735405
lgbm,2024-10-01,1214.0,6921.424269395876
lgbm,2024-11-01,1286.0,6950.256201710765
lgbm,2024-01-01,19683.0,9496.658410178896
lgbm,2024-02-01,54496.0,14125.666853628798
lgbm,2024-03-01,38264.0,18403.586282180764
lgbm,2024-04-01,10048.0,21805.66617962641
lgbm,2024-05-01,5536.0,23774.437012622348
lgbm,2024-06-01,3521.0,25805.47934022946
lgbm,2024-07-01,1646.0,15030.20103975711
lgbm,2024-08-01,1155.0,8554.362123079585
lgbm,2024-09-01,1400.0,6200.9417998996305
lgbm,2024-10-01,1214.0,9268.240947260223
lgbm,2024-11-01,1286.0,12299.566790329662
lgbm,2024-12-01,1184.0,15162.444494930052
xgboost,2014-01-01,569.0,4937.98583984375
xgboost,2014-02-01,431.0,8366.333984375
xgboost,2014-03-01,464.0,48496.69921875
xgboost,2014-04-01,317.0,26248.876953125
xgboost,2014-05-01,308.0,48496.69921875
xgboost,2014-06-01,271.0,26248.876953125
xgboost,2014-07-01,191.0,45497.08984375
xgboost,2014-08-01,310.0,23249.267578125
xgboost,2014-09-01,295.0,827.5853271484375
xgboost,2014-10-01,237.0,408.6698303222656
xgboost,2014-11-01,239.0,1769.1278076171875
xgboost,2014-12-01,109.0,4232.8583984375
xgboost,2014-02-01,431.0,5134.49609375
xgboost,2014-03-01,464.0,49906.20703125
xgboost,2014-04-01,317.0,27038.298828125
xgboost,2014-05-01,308.0,47397.12109375
xgboost,2014-06-01,271.0,24339.759765625
xgboost,2014-07-01,191.0,45498.20703125
xgboost,2014-08-01,310.0,23250.251953125
xgboost,2014-09-01,295.0,45498.20703125
xgboost,2014-10-01,237.0,1929.5926513671875
xgboost,2014-11-01,239.0,1662.647705078125
xgboost,2014-12-01,109.0,3151.88134765625
xgboost,2015-01-01,187.0,5721.515625
xgboost,2014-03-01,464.0,41588.12109375
xgboost,2014-04-01,317.0,42135.51953125
xgboost,2014-05-01,308.0,40270.80859375
xgboost,2014-06-01,271.0,40270.80859375
xgboost,2014-07-01,191.0,40270.80859375
xgboost,2014-08-01,310.0,40270.80859375
xgboost,2014-09-01,295.0,40270.80859375
xgboost,2014-10-01,237.0,40270.80859375
xgboost,2014-11-01,239.0,3339.06591796875
xgboost,2014-12-01,109.0,1867.28857421875
xgboost,2015-01-01,187.0,1144.9267578125
xgboost,2015-02-01,286.0,18554.791015625
xgboost,2014-04-01,317.0,2520.181884765625
xgboost,2014-05-01,308.0,4697.7685546875
xgboost,2014-06-01,271.0,5126.35302734375
xgboost,2014-07-01,191.0,3091.35791015625
xgboost,2014-08-01,310.0,1725.8951416015625
xgboost,2014-09-01,295.0,728.0307006835938
xgboost,2014-10-01,237.0,511.79656982421875
xgboost,2014-11-01,239.0,452.4842224121094
xgboost,2014-12-01,109.0,439.8116149902344
xgboost,2015-01-01,187.0,631.868896484375
xgboost,2015-02-01,286.0,8343.3212890625
xgboost,2015-03-01,1312.0,15398.4443359375
xgboost,2014-05-01,308.0,389.01336669921875
xgboost,2014-06-01,271.0,483.62066650390625
xgboost,2014-07-01,191.0,413.09234619140625
xgboost,2014-08-01,310.0,405.97161865234375
xgboost,2014-09-01,295.0,349.1841125488281
xgboost,2014-10-01,237.0,407.09033203125
xgboost,2014-11-01,239.0,453.7845764160156
xgboost,2014-12-01,109.0,418.6348876953125
xgboost,2015-01-01,187.0,412.6236877441406
xgboost,2015-02-01,286.0,24352.263671875
xgboost,2015-03-01,1312.0,27763.341796875
xgboost,2015-04-01,3766.0,27596.92578125
xgboost,2014-06-01,271.0,472.3910217285156
xgboost,2014-07-01,191.0,472.6589050292969
xgboost,2014-08-01,310.0,475.7851257324219
xgboost,2014-09-01,295.0,425.75152587890625
xgboost,2014-10-01,237.0,424.97479248046875
xgboost,2014-11-01,239.0,423.9178771972656
xgboost,2014-12-01,109.0,378.0394592285156
xgboost,2015-01-01,187.0,377.4956970214844
xgboost,2015-02-01,286.0,25582.013671875
xgboost,2015-03-01,1312.0,28367.9609375
xgboost,2015-04-01,3766.0,27848.07421875
xgboost,2015-05-01,6704.0,65258.64453125
xgboost,2014-07-01,191.0,526.5385131835938
xgboost,2014-08-01,310.0,518.571533203125
xgboost,2014-09-01,295.0,479.6104431152344
xgboost,2014-10-01,237.0,378.3475036621094
xgboost,2014-11-01,239.0,373.31036376953125
xgboost,2014-12-01,109.0,361.6105651855469
xgboost,2015-01-01,187.0,773.4180297851562
xgboost,2015-02-01,286.0,25327.001953125
xgboost,2015-03-01,1312.0,28115.015625
xgboost,2015-04-01,3766.0,51875.43359375
xgboost,2015-05-01,6704.0,41649.37109375
xgboost,2015-06-01,3156.0,28266.845703125
xgboost,2014-08-01,310.0,227.4295196533203
xgboost,2014-09-01,295.0,323.9521789550781
xgboost,2014-10-01,237.0,355.1572265625
xgboost,2014-11-01,239.0,356.6148681640625
xgboost,2014-12-01,109.0,294.291015625
xgboost,2015-01-01,187.0,496.3809509277344
xgboost,2015-02-01,286.0,25227.771484375
xgboost,2015-03-01,1312.0,28069.185546875
xgboost,2015-04-01,3766.0,51875.82421875
xgboost,2015-05-01,6704.0,41609.29296875
xgboost,2015-06-01,3156.0,28085.59765625
xgboost,2015-07-01,1356.0,28230.28515625
xgboost,2014-09-01,295.0,429.3846740722656
xgboost,2014-10-01,237.0,443.7469177246094
xgboost,2014-11-01,239.0,369.1586608886719
xgboost,2014-12-01,109.0,373.07427978515625
xgboost,2015-01-01,187.0,927.7965087890625
xgboost,2015-02-01,286.0,26085.29296875
xgboost,2015-03-01,1312.0,27890.67578125
xgboost,2015-04-01,3766.0,52824.5546875
xgboost,2015-05-01,6704.0,40338.1328125
xgboost,2015-06-01,3156.0,27992.9296875
xgboost,2015-07-01,1356.0,27988.470703125
xgboost,2015-08-01,1278.0,26797.296875
xgboost,2014-10-01,237.0,308.1640625
xgboost,2014-11-01,239.0,306.1050109863281
xgboost,2014-12-01,109.0,307.1152038574219
xgboost,2015-01-01,187.0,478.45880126953125
xgboost,2015-02-01,286.0,25436.818359375
xgboost,2015-03-01,1312.0,27542.380859375
xgboost,2015-04-01,3766.0,52829.5390625
xgboost,2015-05-01,6704.0,39973.34765625
xgboost,2015-06-01,3156.0,27543.291015625
xgboost,2015-07-01,1356.0,27530.916015625
xgboost,2015-08-01,1278.0,26357.41015625
xgboost,2015-09-01,480.0,26303.6328125
xgboost,2014-11-01,239.0,257.34881591796875
xgboost,2014-12-01,109.0,275.003662109375
xgboost,2015-01-01,187.0,797.961181640625
xgboost,2015-02-01,286.0,24100.341796875
xgboost,2015-03-01,1312.0,26743.5234375
xgboost,2015-04-01,3766.0,51691.28125
xgboost,2015-05-01,6704.0,40298.2421875
xgboost,2015-06-01,3156.0,26732.861328125
xgboost,2015-07-01,1356.0,26725.400390625
xgboost,2015-08-01,1278.0,26740.5234375
xgboost,2015-09-01,480.0,26732.724609375
xgboost,2015-10-01,467.0,14271.232421875
xgboost,2014-12-01,109.0,262.815673828125
xgboost,2015-01-01,187.0,617.2403564453125
xgboost,2015-02-01,286.0,24111.125
xgboost,2015-03-01,1312.0,26763.62109375
xgboost,2015-04-01,3766.0,51693.0625
xgboost,2015-05-01,6704.0,40336.6953125
xgboost,2015-06-01,3156.0,26789.201171875
xgboost,2015-07-01,1356.0,26804.8203125
xgboost,2015-08-01,1278.0,26801.818359375
xgboost,2015-09-01,480.0,26801.26171875
xgboost,2015-10-01,467.0,14314.7333984375
xgboost,2015-11-01,1056.0,14277.4609375
xgboost,2015-01-01,187.0,381.92071533203125
xgboost,2015-02-01,286.0,23588.82421875
xgboost,2015-03-01,1312.0,26920.98046875
xgboost,2015-04-01,3766.0,51718.40625
xgboost,2015-05-01,6704.0,40525.3671875
xgboost,2015-06-01,3156.0,26997.283203125
xgboost,2015-07-01,1356.0,27120.9609375
xgboost,2015-08-01,1278.0,27252.859375
xgboost,2015-09-01,480.0,27254.15234375
xgboost,2015-10-01,467.0,14799.890625
xgboost,2015-11-01,1056.0,14679.66015625
xgboost,2015-12-01,1389.0,52803.59765625
xgboost,2015-02-01,286.0,23486.12109375
xgboost,2015-03-01,1312.0,27038.314453125
xgboost,2015-04-01,3766.0,51717.75
xgboost,2015-05-01,6704.0,40632.44921875
xgboost,2015-06-01,3156.0,27080.298828125
xgboost,2015-07-01,1356.0,27073.595703125
xgboost,2015-08-01,1278.0,27107.830078125
xgboost,2015-09-01,480.0,27108.044921875
xgboost,2015-10-01,467.0,14652.7861328125
xgboost,2015-11-01,1056.0,14590.8056640625
xgboost,2015-12-01,1389.0,52803.91015625
xgboost,2016-01-01,2445.0,52803.87890625
xgboost,2015-03-01,1312.0,8949.95703125
xgboost,2015-04-01,3766.0,25120.533203125
xgboost,2015-05-01,6704.0,65259.8984375
xgboost,2015-06-01,3156.0,16676.1015625
xgboost,2015-07-01,1356.0,16286.822265625
xgboost,2015-08-01,1278.0,23131.232421875
xgboost,2015-09-01,480.0,16177.0400390625
xgboost,2015-10-01,467.0,26394.556640625
xgboost,2015-11-01,1056.0,45411.16015625
xgboost,2015-12-01,1389.0,65259.98828125
xgboost,2016-01-01,2445.0,65259.98828125
xgboost,2016-02-01,3474.0,65259.89453125
xgboost,2015-04-01,3766.0,8808.4375
xgboost,2015-05-01,6704.0,45200.3984375
xgboost,2015-06-01,3156.0,14394.4111328125
xgboost,2015-07-01,1356.0,13930.72265625
xgboost,2015-08-01,1278.0,20029.71875
xgboost,2015-09-01,480.0,15040.5380859375
xgboost,2015-10-01,467.0,26386.03515625
xgboost,2015-11-01,1056.0,45048.84375
xgboost,2015-12-01,1389.0,65259.98828125
xgboost,2016-01-01,2445.0,65259.98828125
xgboost,2016-02-01,3474.0,65259.984375
xgboost,2016-03-01,7794.0,65259.984375
xgboost,2015-05-01,6704.0,29257.818359375
xgboost,2015-06-01,3156.0,15744.8125
xgboost,2015-07-01,1356.0,18402.740234375
xgboost,2015-08-01,1278.0,23117.642578125
xgboost,2015-09-01,480.0,14438.677734375
xgboost,2015-10-01,467.0,23843.919921875
xgboost,2015-11-01,1056.0,20670.609375
xgboost,2015-12-01,1389.0,65259.98828125
xgboost,2016-01-01,2445.0,65259.98828125
xgboost,2016-02-01,3474.0,41299.73046875
xgboost,2016-03-01,7794.0,41425.91015625
xgboost,2016-04-01,10397.0,65259.98828125
xgboost,2015-06-01,3156.0,7584.49951171875
xgboost,2015-07-01,1356.0,2680.919921875
xgboost,2015-08-01,1278.0,2403.863037109375
xgboost,2015-09-01,480.0,1950.07861328125
xgboost,2015-10-01,467.0,1068.5927734375
xgboost,2015-11-01,1056.0,1916.282470703125
xgboost,2015-12-01,1389.0,33684.75
xgboost,2016-01-01,2445.0,60369.55078125
xgboost,2016-02-01,3474.0,35517.44921875
xgboost,2016-03-01,7794.0,35499.33203125
xgboost,2016-04-01,10397.0,60369.55078125
xgboost,2016-05-01,4590.0,60369.55078125
xgboost,2015-07-01,1356.0,2477.15478515625
xgboost,2015-08-01,1278.0,3572.067138671875
xgboost,2015-09-01,480.0,3612.344970703125
xgboost,2015-10-01,467.0,3768.0166015625
xgboost,2015-11-01,1056.0,5759.32861328125
xgboost,2015-12-01,1389.0,37272.1796875
xgboost,2016-01-01,2445.0,60367.48828125
xgboost,2016-02-01,3474.0,35373.5078125
xgboost,2016-03-01,7794.0,35267.59375
xgboost,2016-04-01,10397.0,60367.48828125
xgboost,2016-05-01,4590.0,60367.48828125
xgboost,2016-06-01,1318.0,60367.484375
xgboost,2015-08-01,1278.0,1556.8787841796875
xgboost,2015-09-01,480.0,1643.741943359375
xgboost,2015-10-01,467.0,1636.5028076171875
xgboost,2015-11-01,1056.0,2687.642822265625
xgboost,2015-12-01,1389.0,34386.68359375
xgboost,2016-01-01,2445.0,60364.51953125
xgboost,2016-02-01,3474.0,35288.8125
xgboost,2016-03-01,7794.0,35209.20703125
xgboost,2016-04-01,10397.0,60364.51953125
xgboost,2016-05-01,4590.0,60364.51953125
xgboost,2016-06-01,1318.0,60364.51953125
xgboost,2016-07-01,786.0,60364.51953125
xgboost,2015-09-01,480.0,1598.5657958984375
xgboost,2015-10-01,467.0,1380.2584228515625
xgboost,2015-11-01,1056.0,2755.91552734375
xgboost,2015-12-01,1389.0,34413.37109375
xgboost,2016-01-01,2445.0,60893.58203125
xgboost,2016-02-01,3474.0,35575.00390625
xgboost,2016-03-01,7794.0,35558.60546875
xgboost,2016-04-01,10397.0,60893.58203125
xgboost,2016-05-01,4590.0,60893.58203125
xgboost,2016-06-01,1318.0,60893.58203125
xgboost,2016-07-01,786.0,60893.58203125
xgboost,2016-08-01,296.0,35662.41796875
xgboost,2015-10-01,467.0,896.9541015625
xgboost,2015-11-01,1056.0,2549.010986328125
xgboost,2015-12-01,1389.0,34471.94140625
xgboost,2016-01-01,2445.0,60893.44921875
xgboost,2016-02-01,3474.0,35438.890625
xgboost,2016-03-01,7794.0,30116.927734375
xgboost,2016-04-01,10397.0,56425.27734375
xgboost,2016-05-01,4590.0,65259.98828125
xgboost,2016-06-01,1318.0,65259.98828125
xgboost,2016-07-01,786.0,60893.44921875
xgboost,2016-08-01,296.0,35640.8671875
xgboost,2016-09-01,177.0,24721.0234375
xgboost,2015-11-01,1056.0,2485.80078125
xgboost,2015-12-01,1389.0,34483.125
xgboost,2016-01-01,2445.0,60893.31640625
xgboost,2016-02-01,3474.0,35661.05078125
xgboost,2016-03-01,7794.0,30345.044921875
xgboost,2016-04-01,10397.0,56419.67578125
xgboost,2016-05-01,4590.0,65259.98828125
xgboost,2016-06-01,1318.0,65259.98828125
xgboost,2016-07-01,786.0,60893.31640625
xgboost,2016-08-01,296.0,35787.64453125
xgboost,2016-09-01,177.0,24886.26953125
xgboost,2016-10-01,227.0,24202.94921875
xgboost,2015-12-01,1389.0,34505.04296875
xgboost,2016-01-01,2445.0,60893.20703125
xgboost,2016-02-01,3474.0,35579.890625
xgboost,2016-03-01,7794.0,30242.720703125
xgboost,2016-04-01,10397.0,56414.87109375
xgboost,2016-05-01,4590.0,65259.98828125
xgboost,2016-06-01,1318.0,65259.98828125
xgboost,2016-07-01,786.0,60893.20703125
xgboost,2016-08-01,296.0,35744.8359375
xgboost,2016-09-01,177.0,24843.5546875
xgboost,2016-10-01,227.0,24055.537109375
xgboost,2016-11-01,377.0,24365.09765625
xgboost,2016-01-01,2445.0,34531.953125
xgboost,2016-02-01,3474.0,35951.72265625
xgboost,2016-03-01,7794.0,30228.8046875
xgboost,2016-04-01,10397.0,56410.57421875
xgboost,2016-05-01,4590.0,65259.98828125
xgboost,2016-06-01,1318.0,65259.98828125
xgboost,2016-07-01,786.0,60893.10546875
xgboost,2016-08-01,296.0,36048.49609375
xgboost,2016-09-01,177.0,25174.150390625
xgboost,2016-10-01,227.0,24238.134765625
xgboost,2016-11-01,377.0,24306.900390625
xgboost,2016-12-01,616.0,24682.365234375
xgboost,2016-02-01,3474.0,2334.6533203125
xgboost,2016-03-01,7794.0,1684.052490234375
xgboost,2016-04-01,10397.0,1970.75732421875
xgboost,2016-05-01,4590.0,2629.8466796875
xgboost,2016-06-01,1318.0,3078.3251953125
xgboost,2016-07-01,786.0,3120.5146484375
xgboost,2016-08-01,296.0,2457.017578125
xgboost,2016-09-01,177.0,2408.737060546875
xgboost,2016-10-01,227.0,1394.0723876953125
xgboost,2016-11-01,377.0,910.8980712890625
xgboost,2016-12-01,616.0,569.2313842773438
xgboost,2017-01-01,1147.0,353.3964538574219
xgboost,2016-03-01,7794.0,3683.19384765625
xgboost,2016-04-01,10397.0,2659.178466796875
xgboost,2016-05-01,4590.0,2172.763671875
xgboost,2016-06-01,1318.0,2168.854248046875
xgboost,2016-07-01,786.0,2170.149169921875
xgboost,2016-08-01,296.0,2098.864501953125
xgboost,2016-09-01,177.0,1651.4605712890625
xgboost,2016-10-01,227.0,1208.40625
xgboost,2016-11-01,377.0,999.8388671875
xgboost,2016-12-01,616.0,686.0435791015625
xgboost,2017-01-01,1147.0,524.4735107421875
xgboost,2017-02-01,705.0,415.58868408203125
xgboost,2016-04-01,10397.0,4037.544677734375
xgboost,2016-05-01,4590.0,3950.17138671875
xgboost,2016-06-01,1318.0,4562.4853515625
xgboost,2016-07-01,786.0,4182.4296875
xgboost,2016-08-01,296.0,3915.2919921875
xgboost,2016-09-01,177.0,4412.890625
xgboost,2016-10-01,227.0,3894.56982421875
xgboost,2016-11-01,377.0,3805.453857421875
xgboost,2016-12-01,616.0,3435.500732421875
xgboost,2017-01-01,1147.0,732.262451171875
xgboost,2017-02-01,705.0,402.6090087890625
xgboost,2017-03-01,551.0,305.920654296875
xgboost,2016-05-01,4590.0,28956.498046875
xgboost,2016-06-01,1318.0,40666.2578125
xgboost,2016-07-01,786.0,48683.6796875
xgboost,2016-08-01,296.0,32199.322265625
xgboost,2016-09-01,177.0,35676.31640625
xgboost,2016-10-01,227.0,37819.4609375
xgboost,2016-11-01,377.0,37819.44921875
xgboost,2016-12-01,616.0,37819.44921875
xgboost,2017-01-01,1147.0,37819.44921875
xgboost,2017-02-01,705.0,37819.45703125
xgboost,2017-03-01,551.0,37819.4765625
xgboost,2017-04-01,492.0,37819.46484375
xgboost,2016-06-01,1318.0,2749.6015625
xgboost,2016-07-01,786.0,1658.11474609375
xgboost,2016-08-01,296.0,1674.5313720703125
xgboost,2016-09-01,177.0,1064.19970703125
xgboost,2016-10-01,227.0,824.0955810546875
xgboost,2016-11-01,377.0,649.5350952148438
xgboost,2016-12-01,616.0,414.011962890625
xgboost,2017-01-01,1147.0,304.33251953125
xgboost,2017-02-01,705.0,413.35052490234375
xgboost,2017-03-01,551.0,443.6914367675781
xgboost,2017-04-01,492.0,318.9089050292969
xgboost,2017-05-01,230.0,322.5694580078125
xgboost,2016-07-01,786.0,888.2081909179688
xgboost,2016-08-01,296.0,994.0877685546875
xgboost,2016-09-01,177.0,751.2456665039062
xgboost,2016-10-01,227.0,576.3909301757812
xgboost,2016-11-01,377.0,608.9873657226562
xgboost,2016-12-01,616.0,673.6754150390625
xgboost,2017-01-01,1147.0,931.190185546875
xgboost,2017-02-01,705.0,1022.2427368164062
xgboost,2017-03-01,551.0,989.5967407226562
xgboost,2017-04-01,492.0,779.91796875
xgboost,2017-05-01,230.0,558.1073608398438
xgboost,2017-06-01,175.0,252.75755310058594
xgboost,2016-08-01,296.0,759.9494018554688
xgboost,2016-09-01,177.0,759.1447143554688
xgboost,2016-10-01,227.0,467.5707092285156
xgboost,2016-11-01,377.0,470.74749755859375
xgboost,2016-12-01,616.0,367.6463317871094
xgboost,2017-01-01,1147.0,549.0435180664062
xgboost,2017-02-01,705.0,563.833984375
xgboost,2017-03-01,551.0,424.19366455078125
xgboost,2017-04-01,492.0,348.66912841796875
xgboost,2017-05-01,230.0,252.10218811035156
xgboost,2017-06-01,175.0,248.34181213378906
xgboost,2017-07-01,173.0,239.78395080566406
xgboost,2016-09-01,177.0,346.4806213378906
xgboost,2016-10-01,227.0,333.1253662109375
xgboost,2016-11-01,377.0,416.48675537109375
xgboost,2016-12-01,616.0,412.5189208984375
xgboost,2017-01-01,1147.0,330.748046875
xgboost,2017-02-01,705.0,411.8770751953125
xgboost,2017-03-01,551.0,537.6991577148438
xgboost,2017-04-01,492.0,430.12847900390625
xgboost,2017-05-01,230.0,262.1495361328125
xgboost,2017-06-01,175.0,311.46514892578125
xgboost,2017-07-01,173.0,287.00323486328125
xgboost,2017-08-01,117.0,241.8148193359375
xgboost,2016-10-01,227.0,192.8067169189453
xgboost,2016-11-01,377.0,250.33438110351562
xgboost,2016-12-01,616.0,701.439453125
xgboost,2017-01-01,1147.0,2927.791015625
xgboost,2017-02-01,705.0,3248.060302734375
xgboost,2017-03-01,551.0,4224.802734375
xgboost,2017-04-01,492.0,2133.187744140625
xgboost,2017-05-01,230.0,1225.732421875
xgboost,2017-06-01,175.0,673.2328491210938
xgboost,2017-07-01,173.0,435.0568542480469
xgboost,2017-08-01,117.0,379.6473083496094
xgboost,2017-09-01,159.0,274.0796813964844
xgboost,2016-11-01,377.0,347.6217346191406
xgboost,2016-12-01,616.0,786.8407592773438
xgboost,2017-01-01,1147.0,2923.52392578125
xgboost,2017-02-01,705.0,3243.511962890625
xgboost,2017-03-01,551.0,4253.9560546875
xgboost,2017-04-01,492.0,2268.896240234375
xgboost,2017-05-01,230.0,1475.838134765625
xgboost,2017-06-01,175.0,615.20556640625
xgboost,2017-07-01,173.0,589.1947021484375
xgboost,2017-08-01,117.0,402.533447265625
xgboost,2017-09-01,159.0,294.89288330078125
xgboost,2017-10-01,267.0,1603.322265625
xgboost,2016-12-01,616.0,691.879150390625
xgboost,2017-01-01,1147.0,2884.734619140625
xgboost,2017-02-01,705.0,2908.019287109375
xgboost,2017-03-01,551.0,2651.031494140625
xgboost,2017-04-01,492.0,2114.878173828125
xgboost,2017-05-01,230.0,929.9122924804688
xgboost,2017-06-01,175.0,775.4647827148438
xgboost,2017-07-01,173.0,459.197509765625
xgboost,2017-08-01,117.0,351.2813720703125
xgboost,2017-09-01,159.0,288.0700988769531
xgboost,2017-10-01,267.0,1531.42724609375
xgboost,2017-11-01,225.0,1097.156494140625
xgboost,2017-01-01,1147.0,2813.859130859375
xgboost,2017-02-01,705.0,3129.947509765625
xgboost,2017-03-01,551.0,2841.381103515625
xgboost,2017-04-01,492.0,2391.510498046875
xgboost,2017-05-01,230.0,2016.3284912109375
xgboost,2017-06-01,175.0,881.7481689453125
xgboost,2017-07-01,173.0,355.0188903808594
xgboost,2017-08-01,117.0,260.1760559082031
xgboost,2017-09-01,159.0,229.4468536376953
xgboost,2017-10-01,267.0,1289.4586181640625
xgboost,2017-11-01,225.0,893.2130737304688
xgboost,2017-12-01,398.0,612.0353393554688
xgboost,2017-02-01,705.0,914.9188842773438
xgboost,2017-03-01,551.0,893.3445434570312
xgboost,2017-04-01,492.0,406.4974670410156
xgboost,2017-05-01,230.0,277.47357177734375
xgboost,2017-06-01,175.0,179.97048950195312
xgboost,2017-07-01,173.0,237.93472290039062
xgboost,2017-08-01,117.0,286.9672546386719
xgboost,2017-09-01,159.0,455.07275390625
xgboost,2017-10-01,267.0,1700.046142578125
xgboost,2017-11-01,225.0,1393.336181640625
xgboost,2017-12-01,398.0,959.9510498046875
xgboost,2018-01-01,435.0,707.0438842773438
xgboost,2017-03-01,551.0,570.1342163085938
xgboost,2017-04-01,492.0,332.2445068359375
xgboost,2017-05-01,230.0,251.56019592285156
xgboost,2017-06-01,175.0,247.64219665527344
xgboost,2017-07-01,173.0,266.7076416015625
xgboost,2017-08-01,117.0,273.3240966796875
xgboost,2017-09-01,159.0,251.62477111816406
xgboost,2017-10-01,267.0,1580.5650634765625
xgboost,2017-11-01,225.0,1733.13623046875
xgboost,2017-12-01,398.0,1425.096923828125
xgboost,2018-01-01,435.0,1558.2767333984375
xgboost,2018-02-01,425.0,1171.2947998046875
xgboost,2017-04-01,492.0,324.00213623046875
xgboost,2017-05-01,230.0,289.76385498046875
xgboost,2017-06-01,175.0,260.8214111328125
xgboost,2017-07-01,173.0,310.0514831542969
xgboost,2017-08-01,117.0,319.0108947753906
xgboost,2017-09-01,159.0,257.6641540527344
xgboost,2017-10-01,267.0,1494.7034912109375
xgboost,2017-11-01,225.0,1580.53515625
xgboost,2017-12-01,398.0,1361.9896240234375
xgboost,2018-01-01,435.0,1261.479248046875
xgboost,2018-02-01,425.0,951.1093139648438
xgboost,2018-03-01,813.0,804.7964477539062
xgboost,2017-05-01,230.0,380.4015197753906
xgboost,2017-06-01,175.0,228.68873596191406
xgboost,2017-07-01,173.0,267.2104797363281
xgboost,2017-08-01,117.0,398.4173278808594
xgboost,2017-09-01,159.0,691.1756591796875
xgboost,2017-10-01,267.0,1323.1552734375
xgboost,2017-11-01,225.0,1196.314208984375
xgboost,2017-12-01,398.0,1149.4376220703125
xgboost,2018-01-01,435.0,1096.197021484375
xgboost,2018-02-01,425.0,1173.3150634765625
xgboost,2018-03-01,813.0,1010.0610961914062
xgboost,2018-04-01,1396.0,1066.1787109375
xgboost,2017-06-01,175.0,239.2633514404297
xgboost,2017-07-01,173.0,248.12802124023438
xgboost,2017-08-01,117.0,288.28717041015625
xgboost,2017-09-01,159.0,259.2174377441406
xgboost,2017-10-01,267.0,1144.0233154296875
xgboost,2017-11-01,225.0,1138.4803466796875
xgboost,2017-12-01,398.0,1048.8809814453125
xgboost,2018-01-01,435.0,999.0988159179688
xgboost,2018-02-01,425.0,1150.8780517578125
xgboost,2018-03-01,813.0,1050.1890869140625
xgboost,2018-04-01,1396.0,1192.02734375
xgboost,2018-05-01,1067.0,915.13671875
xgboost,2017-07-01,173.0,214.0755615234375
xgboost,2017-08-01,117.0,254.28750610351562
xgboost,2017-09-01,159.0,801.190185546875
xgboost,2017-10-01,267.0,2645.082275390625
xgboost,2017-11-01,225.0,2997.0703125
xgboost,2017-12-01,398.0,1617.4490966796875
xgboost,2018-01-01,435.0,1307.3587646484375
xgboost,2018-02-01,425.0,1262.7310791015625
xgboost,2018-03-01,813.0,878.0181884765625
xgboost,2018-04-01,1396.0,359.8659973144531
xgboost,2018-05-01,1067.0,454.2628479003906
xgboost,2018-06-01,743.0,492.6613464355469
xgboost,2017-08-01,117.0,279.154541015625
xgboost,2017-09-01,159.0,748.8225708007812
xgboost,2017-10-01,267.0,3019.67431640625
xgboost,2017-11-01,225.0,3360.79931640625
xgboost,2017-12-01,398.0,2057.783447265625
xgboost,2018-01-01,435.0,1318.9564208984375
xgboost,2018-02-01,425.0,1471.04833984375
xgboost,2018-03-01,813.0,788.289306640625
xgboost,2018-04-01,1396.0,377.7739562988281
xgboost,2018-05-01,1067.0,462.8453369140625
xgboost,2018-06-01,743.0,523.7360229492188
xgboost,2018-07-01,734.0,1384.4862060546875
xgboost,2017-09-01,159.0,542.9674072265625
xgboost,2017-10-01,267.0,2937.3974609375
xgboost,2017-11-01,225.0,3299.4345703125
xgboost,2017-12-01,398.0,3210.769287109375
xgboost,2018-01-01,435.0,2077.5205078125
xgboost,2018-02-01,425.0,1271.95947265625
xgboost,2018-03-01,813.0,889.9750366210938
xgboost,2018-04-01,1396.0,356.435302734375
xgboost,2018-05-01,1067.0,311.1919250488281
xgboost,2018-06-01,743.0,529.2784423828125
xgboost,2018-07-01,734.0,1416.4521484375
xgboost,2018-08-01,330.0,3247.69091796875
xgboost,2017-10-01,267.0,2861.771240234375
xgboost,2017-11-01,225.0,3139.22802734375
xgboost,2017-12-01,398.0,2705.66455078125
xgboost,2018-01-01,435.0,2993.253173828125
xgboost,2018-02-01,425.0,2141.697998046875
xgboost,2018-03-01,813.0,2014.335205078125
xgboost,2018-04-01,1396.0,1149.68896484375
xgboost,2018-05-01,1067.0,689.7080078125
xgboost,2018-06-01,743.0,580.9270629882812
xgboost,2018-07-01,734.0,1420.3121337890625
xgboost,2018-08-01,330.0,3095.819091796875
xgboost,2018-09-01,268.0,3233.28369140625
xgboost,2017-11-01,225.0,2485.0341796875
xgboost,2017-12-01,398.0,2554.345458984375
xgboost,2018-01-01,435.0,3240.012451171875
xgboost,2018-02-01,425.0,2982.65869140625
xgboost,2018-03-01,813.0,2432.552001953125
xgboost,2018-04-01,1396.0,2762.7333984375
xgboost,2018-05-01,1067.0,1609.4010009765625
xgboost,2018-06-01,743.0,663.6240844726562
xgboost,2018-07-01,734.0,1229.5712890625
xgboost,2018-08-01,330.0,3047.282958984375
xgboost,2018-09-01,268.0,3328.819091796875
xgboost,2018-10-01,251.0,3708.86767578125
xgboost,2017-12-01,398.0,2444.114990234375
xgboost,2018-01-01,435.0,3845.52978515625
xgboost,2018-02-01,425.0,7129.4345703125
xgboost,2018-03-01,813.0,2866.315185546875
xgboost,2018-04-01,1396.0,2284.51123046875
xgboost,2018-05-01,1067.0,1984.550537109375
xgboost,2018-06-01,743.0,807.6443481445312
xgboost,2018-07-01,734.0,1576.0506591796875
xgboost,2018-08-01,330.0,3017.974609375
xgboost,2018-09-01,268.0,3434.9013671875
xgboost,2018-10-01,251.0,3420.048828125
xgboost,2018-11-01,311.0,3260.4345703125
xgboost,2018-01-01,435.0,639.5797119140625
xgboost,2018-02-01,425.0,1231.2950439453125
xgboost,2018-03-01,813.0,1683.6934814453125
xgboost,2018-04-01,1396.0,1844.81494140625
xgboost,2018-05-01,1067.0,1027.74560546875
xgboost,2018-06-01,743.0,566.5040893554688
xgboost,2018-07-01,734.0,1402.7080078125
xgboost,2018-08-01,330.0,2818.01318359375
xgboost,2018-09-01,268.0,3031.70263671875
xgboost,2018-10-01,251.0,2859.793701171875
xgboost,2018-11-01,311.0,3051.6025390625
xgboost,2018-12-01,738.0,1773.7633056640625
xgboost,2018-02-01,425.0,903.7661743164062
xgboost,2018-03-01,813.0,848.93701171875
xgboost,2018-04-01,1396.0,620.9593505859375
xgboost,2018-05-01,1067.0,639.274658203125
xgboost,2018-06-01,743.0,311.8878479003906
xgboost,2018-07-01,734.0,1327.388671875
xgboost,2018-08-01,330.0,2578.5458984375
xgboost,2018-09-01,268.0,3321.726318359375
xgboost,2018-10-01,251.0,3905.71435546875
xgboost,2018-11-01,311.0,5089.56005859375
xgboost,2018-12-01,738.0,2922.710205078125
xgboost,2019-01-01,751.0,1632.2271728515625
xgboost,2018-03-01,813.0,468.1542053222656
xgboost,2018-04-01,1396.0,426.8619689941406
xgboost,2018-05-01,1067.0,719.22412109375
xgboost,2018-06-01,743.0,684.2046508789062
xgboost,2018-07-01,734.0,1532.7498779296875
xgboost,2018-08-01,330.0,2610.94775390625
xgboost,2018-09-01,268.0,3343.995361328125
xgboost,2018-10-01,251.0,4568.29248046875
xgboost,2018-11-01,311.0,4773.60595703125
xgboost,2018-12-01,738.0,2811.511474609375
xgboost,2019-01-01,751.0,1353.126708984375
xgboost,2019-02-01,701.0,910.1002807617188
xgboost,2018-04-01,1396.0,908.572265625
xgboost,2018-05-01,1067.0,983.9847412109375
xgboost,2018-06-01,743.0,925.92626953125
xgboost,2018-07-01,734.0,1641.578857421875
xgboost,2018-08-01,330.0,2553.1748046875
xgboost,2018-09-01,268.0,3189.17724609375
xgboost,2018-10-01,251.0,4458.55908203125
xgboost,2018-11-01,311.0,4951.73486328125
xgboost,2018-12-01,738.0,2956.125244140625
xgboost,2019-01-01,751.0,1498.968994140625
xgboost,2019-02-01,701.0,983.2881469726562
xgboost,2019-03-01,3244.0,904.385498046875
xgboost,2018-05-01,1067.0,983.531494140625
xgboost,2018-06-01,743.0,720.2611083984375
xgboost,2018-07-01,734.0,1888.22607421875
xgboost,2018-08-01,330.0,2854.136474609375
xgboost,2018-09-01,268.0,3282.8193359375
xgboost,2018-10-01,251.0,3862.750244140625
xgboost,2018-11-01,311.0,4861.2578125
xgboost,2018-12-01,738.0,2928.912841796875
xgboost,2019-01-01,751.0,1974.1480712890625
xgboost,2019-02-01,701.0,958.7753295898438
xgboost,2019-03-01,3244.0,1011.1561889648438
xgboost,2019-04-01,5562.0,839.9990234375
xgboost,2018-06-01,743.0,741.8582153320312
xgboost,2018-07-01,734.0,1290.47119140625
xgboost,2018-08-01,330.0,1908.5185546875
xgboost,2018-09-01,268.0,2708.188720703125
xgboost,2018-10-01,251.0,2528.8466796875
xgboost,2018-11-01,311.0,3262.871826171875
xgboost,2018-12-01,738.0,2304.537109375
xgboost,2019-01-01,751.0,2272.51171875
xgboost,2019-02-01,701.0,2286.044677734375
xgboost,2019-03-01,3244.0,2210.548583984375
xgboost,2019-04-01,5562.0,2368.655029296875
xgboost,2019-05-01,6294.0,2392.574951171875
xgboost,2018-07-01,734.0,1455.3887939453125
xgboost,2018-08-01,330.0,1869.713623046875
xgboost,2018-09-01,268.0,2226.3203125
xgboost,2018-10-01,251.0,2760.979736328125
xgboost,2018-11-01,311.0,3081.0400390625
xgboost,2018-12-01,738.0,2628.2265625
xgboost,2019-01-01,751.0,2349.0087890625
xgboost,2019-02-01,701.0,2543.392578125
xgboost,2019-03-01,3244.0,2228.033935546875
xgboost,2019-04-01,5562.0,2788.509521484375
xgboost,2019-05-01,6294.0,2661.3525390625
xgboost,2019-06-01,3286.0,2669.76953125
xgboost,2018-08-01,330.0,1549.667236328125
xgboost,2018-09-01,268.0,2162.315673828125
xgboost,2018-10-01,251.0,3212.860595703125
xgboost,2018-11-01,311.0,5816.68212890625
xgboost,2018-12-01,738.0,4424.904296875
xgboost,2019-01-01,751.0,2158.345458984375
xgboost,2019-02-01,701.0,1413.48876953125
xgboost,2019-03-01,3244.0,903.2608642578125
xgboost,2019-04-01,5562.0,850.132568359375
xgboost,2019-05-01,6294.0,1187.2177734375
xgboost,2019-06-01,3286.0,1132.246337890625
xgboost,2019-07-01,860.0,987.4921875
xgboost,2018-09-01,268.0,1753.086181640625
xgboost,2018-10-01,251.0,2578.004638671875
xgboost,2018-11-01,311.0,3476.3154296875
xgboost,2018-12-01,738.0,7631.81005859375
xgboost,2019-01-01,751.0,4883.35400390625
xgboost,2019-02-01,701.0,2200.21533203125
xgboost,2019-03-01,3244.0,1450.14697265625
xgboost,2019-04-01,5562.0,924.48681640625
xgboost,2019-05-01,6294.0,633.8307495117188
xgboost,2019-06-01,3286.0,587.966064453125
xgboost,2019-07-01,860.0,566.8407592773438
xgboost,2019-08-01,448.0,645.7908935546875
xgboost,2018-10-01,251.0,591.4026489257812
xgboost,2018-11-01,311.0,1354.4114990234375
xgboost,2018-12-01,738.0,1709.6776123046875
xgboost,2019-01-01,751.0,1450.201904296875
xgboost,2019-02-01,701.0,1433.7742919921875
xgboost,2019-03-01,3244.0,1296.4056396484375
xgboost,2019-04-01,5562.0,767.2092895507812
xgboost,2019-05-01,6294.0,526.586181640625
xgboost,2019-06-01,3286.0,239.6613311767578
xgboost,2019-07-01,860.0,279.6316223144531
xgboost,2019-08-01,448.0,382.4685974121094
xgboost,2019-09-01,385.0,429.7683410644531
xgboost,2018-11-01,311.0,1122.78271484375
xgboost,2018-12-01,738.0,1634.2537841796875
xgboost,2019-01-01,751.0,1485.72265625
xgboost,2019-02-01,701.0,1431.7484130859375
xgboost,2019-03-01,3244.0,1345.76318359375
xgboost,2019-04-01,5562.0,1108.6644287109375
xgboost,2019-05-01,6294.0,851.66552734375
xgboost,2019-06-01,3286.0,448.6195983886719
xgboost,2019-07-01,860.0,320.61456298828125
xgboost,2019-08-01,448.0,315.797607421875
xgboost,2019-09-01,385.0,216.032958984375
xgboost,2019-10-01,230.0,191.52719116210938
xgboost,2018-12-01,738.0,767.5321044921875
xgboost,2019-01-01,751.0,987.3008422851562
xgboost,2019-02-01,701.0,1195.154296875
xgboost,2019-03-01,3244.0,1190.4737548828125
xgboost,2019-04-01,5562.0,903.8402099609375
xgboost,2019-05-01,6294.0,818.6383666992188
xgboost,2019-06-01,3286.0,686.62646484375
xgboost,2019-07-01,860.0,320.5448913574219
xgboost,2019-08-01,448.0,222.74960327148438
xgboost,2019-09-01,385.0,227.84921264648438
xgboost,2019-10-01,230.0,273.7449951171875
xgboost,2019-11-01,245.0,359.25421142578125
xgboost,2019-01-01,751.0,964.4628295898438
xgboost,2019-02-01,701.0,1057.5260009765625
xgboost,2019-03-01,3244.0,1069.6263427734375
xgboost,2019-04-01,5562.0,858.5973510742188
xgboost,2019-05-01,6294.0,718.6790161132812
xgboost,2019-06-01,3286.0,360.48809814453125
xgboost,2019-07-01,860.0,258.7798156738281
xgboost,2019-08-01,448.0,240.01077270507812
xgboost,2019-09-01,385.0,183.83865356445312
xgboost,2019-10-01,230.0,244.2609100341797
xgboost,2019-11-01,245.0,249.8443603515625
xgboost,2019-12-01,294.0,228.3564453125
xgboost,2019-02-01,701.0,752.3352661132812
xgboost,2019-03-01,3244.0,755.2236938476562
xgboost,2019-04-01,5562.0,528.6282958984375
xgboost,2019-05-01,6294.0,319.3297424316406
xgboost,2019-06-01,3286.0,241.75982666015625
xgboost,2019-07-01,860.0,290.6400146484375
xgboost,2019-08-01,448.0,301.85009765625
xgboost,2019-09-01,385.0,271.84844970703125
xgboost,2019-10-01,230.0,268.0124816894531
xgboost,2019-11-01,245.0,243.6346435546875
xgboost,2019-12-01,294.0,260.14630126953125
xgboost,2020-01-01,371.0,282.8185729980469
xgboost,2019-03-01,3244.0,682.7117919921875
xgboost,2019-04-01,5562.0,703.1515502929688
xgboost,2019-05-01,6294.0,630.9525146484375
xgboost,2019-06-01,3286.0,633.0880126953125
xgboost,2019-07-01,860.0,529.4856567382812
xgboost,2019-08-01,448.0,420.6273498535156
xgboost,2019-09-01,385.0,345.3048400878906
xgboost,2019-10-01,230.0,244.31776428222656
xgboost,2019-11-01,245.0,282.8966064453125
xgboost,2019-12-01,294.0,262.3476257324219
xgboost,2020-01-01,371.0,263.9033508300781
xgboost,2020-02-01,248.0,380.0765686035156
xgboost,2019-04-01,5562.0,4578.2392578125
xgboost,2019-05-01,6294.0,3924.823486328125
xgboost,2019-06-01,3286.0,1558.644287109375
xgboost,2019-07-01,860.0,650.4657592773438
xgboost,2019-08-01,448.0,380.81024169921875
xgboost,2019-09-01,385.0,263.1343078613281
xgboost,2019-10-01,230.0,178.85589599609375
xgboost,2019-11-01,245.0,361.1768798828125
xgboost,2019-12-01,294.0,432.56793212890625
xgboost,2020-01-01,371.0,679.2257080078125
xgboost,2020-02-01,248.0,979.1685180664062
xgboost,2020-03-01,230.0,1039.7469482421875
xgboost,2019-05-01,6294.0,4214.89599609375
xgboost,2019-06-01,3286.0,1820.763427734375
xgboost,2019-07-01,860.0,603.6524047851562
xgboost,2019-08-01,448.0,422.4838562011719
xgboost,2019-09-01,385.0,346.8652648925781
xgboost,2019-10-01,230.0,333.72869873046875
xgboost,2019-11-01,245.0,319.4016418457031
xgboost,2019-12-01,294.0,434.7346496582031
xgboost,2020-01-01,371.0,501.9374084472656
xgboost,2020-02-01,248.0,719.0421142578125
xgboost,2020-03-01,230.0,829.9842529296875
xgboost,2020-04-01,107.0,1002.3971557617188
xgboost,2019-06-01,3286.0,2060.73974609375
xgboost,2019-07-01,860.0,715.2088012695312
xgboost,2019-08-01,448.0,482.7493896484375
xgboost,2019-09-01,385.0,324.82928466796875
xgboost,2019-10-01,230.0,293.80047607421875
xgboost,2019-11-01,245.0,326.8064270019531
xgboost,2019-12-01,294.0,645.6692504882812
xgboost,2020-01-01,371.0,921.8429565429688
xgboost,2020-02-01,248.0,1128.758544921875
xgboost,2020-03-01,230.0,1358.698486328125
xgboost,2020-04-01,107.0,1115.643310546875
xgboost,2020-05-01,81.0,863.3189697265625
xgboost,2019-07-01,860.0,1643.5687255859375
xgboost,2019-08-01,448.0,805.946044921875
xgboost,2019-09-01,385.0,487.0022888183594
xgboost,2019-10-01,230.0,303.9285888671875
xgboost,2019-11-01,245.0,272.8004150390625
xgboost,2019-12-01,294.0,354.6935729980469
xgboost,2020-01-01,371.0,317.7998046875
xgboost,2020-02-01,248.0,559.4873657226562
xgboost,2020-03-01,230.0,684.9939575195312
xgboost,2020-04-01,107.0,845.0718383789062
xgboost,2020-05-01,81.0,1074.6217041015625
xgboost,2020-06-01,65.0,707.8421020507812
xgboost,2019-08-01,448.0,831.237548828125
xgboost,2019-09-01,385.0,735.059326171875
xgboost,2019-10-01,230.0,454.5318603515625
xgboost,2019-11-01,245.0,451.05792236328125
xgboost,2019-12-01,294.0,567.9303588867188
xgboost,2020-01-01,371.0,476.6399230957031
xgboost,2020-02-01,248.0,676.0123901367188
xgboost,2020-03-01,230.0,1020.8530883789062
xgboost,2020-04-01,107.0,1128.7811279296875
xgboost,2020-05-01,81.0,1126.102294921875
xgboost,2020-06-01,65.0,721.07666015625
xgboost,2020-07-01,68.0,296.3741760253906
xgboost,2019-09-01,385.0,346.4198303222656
xgboost,2019-10-01,230.0,381.26641845703125
xgboost,2019-11-01,245.0,529.2315673828125
xgboost,2019-12-01,294.0,662.3358764648438
xgboost,2020-01-01,371.0,725.1649169921875
xgboost,2020-02-01,248.0,942.4152221679688
xgboost,2020-03-01,230.0,1142.66552734375
xgboost,2020-04-01,107.0,895.7294311523438
xgboost,2020-05-01,81.0,729.4867553710938
xgboost,2020-06-01,65.0,461.8013916015625
xgboost,2020-07-01,68.0,236.64707946777344
xgboost,2020-08-01,52.0,125.73998260498047
xgboost,2019-10-01,230.0,449.1964416503906
xgboost,2019-11-01,245.0,512.209228515625
xgboost,2019-12-01,294.0,708.8427124023438
xgboost,2020-01-01,371.0,852.1692504882812
xgboost,2020-02-01,248.0,1069.1544189453125
xgboost,2020-03-01,230.0,1227.33837890625
xgboost,2020-04-01,107.0,806.8139038085938
xgboost,2020-05-01,81.0,654.2191162109375
xgboost,2020-06-01,65.0,463.34930419921875
xgboost,2020-07-01,68.0,153.98587036132812
xgboost,2020-08-01,52.0,158.22386169433594
xgboost,2020-09-01,47.0,179.83546447753906
xgboost,2019-11-01,245.0,350.5686950683594
xgboost,2019-12-01,294.0,499.21832275390625
xgboost,2020-01-01,371.0,580.5559692382812
xgboost,2020-02-01,248.0,722.4235229492188
xgboost,2020-03-01,230.0,856.0484008789062
xgboost,2020-04-01,107.0,754.2515258789062
xgboost,2020-05-01,81.0,675.9697265625
xgboost,2020-06-01,65.0,487.2872314453125
xgboost,2020-07-01,68.0,165.1539306640625
xgboost,2020-08-01,52.0,207.79478454589844
xgboost,2020-09-01,47.0,156.25814819335938
xgboost,2020-10-01,50.0,181.02452087402344
xgboost,2019-12-01,294.0,439.2934265136719
xgboost,2020-01-01,371.0,723.6417846679688
xgboost,2020-02-01,248.0,891.52734375
xgboost,2020-03-01,230.0,1150.31689453125
xgboost,2020-04-01,107.0,896.623046875
xgboost,2020-05-01,81.0,963.64453125
xgboost,2020-06-01,65.0,560.5619506835938
xgboost,2020-07-01,68.0,122.1849136352539
xgboost,2020-08-01,52.0,150.89044189453125
xgboost,2020-09-01,47.0,166.7894287109375
xgboost,2020-10-01,50.0,190.46060180664062
xgboost,2020-11-01,84.0,243.66082763671875
xgboost,2020-01-01,371.0,290.60015869140625
xgboost,2020-02-01,248.0,817.3424072265625
xgboost,2020-03-01,230.0,1505.2822265625
xgboost,2020-04-01,107.0,1725.790771484375
xgboost,2020-05-01,81.0,1642.6453857421875
xgboost,2020-06-01,65.0,679.2059936523438
xgboost,2020-07-01,68.0,412.63555908203125
xgboost,2020-08-01,52.0,283.8055725097656
xgboost,2020-09-01,47.0,206.2622833251953
xgboost,2020-10-01,50.0,225.4200897216797
xgboost,2020-11-01,84.0,289.9415283203125
xgboost,2020-12-01,32.0,374.91766357421875
xgboost,2020-02-01,248.0,833.6929321289062
xgboost,2020-03-01,230.0,1471.8223876953125
xgboost,2020-04-01,107.0,1659.614013671875
xgboost,2020-05-01,81.0,1546.8779296875
xgboost,2020-06-01,65.0,653.83447265625
xgboost,2020-07-01,68.0,449.4952392578125
xgboost,2020-08-01,52.0,291.5454406738281
xgboost,2020-09-01,47.0,203.9638214111328
xgboost,2020-10-01,50.0,188.28713989257812
xgboost,2020-11-01,84.0,219.5640411376953
xgboost,2020-12-01,32.0,393.5879211425781
xgboost,2021-01-01,73.0,390.343994140625
xgboost,2020-03-01,230.0,1042.1219482421875
xgboost,2020-04-01,107.0,1458.786865234375
xgboost,2020-05-01,81.0,1264.8236083984375
xgboost,2020-06-01,65.0,731.9727172851562
xgboost,2020-07-01,68.0,363.3046569824219
xgboost,2020-08-01,52.0,223.7375946044922
xgboost,2020-09-01,47.0,178.53839111328125
xgboost,2020-10-01,50.0,215.50015258789062
xgboost,2020-11-01,84.0,193.77023315429688
xgboost,2020-12-01,32.0,318.8522644042969
xgboost,2021-01-01,73.0,350.8365783691406
xgboost,2021-02-01,73.0,348.88836669921875
xgboost,2020-04-01,107.0,753.3506469726562
xgboost,2020-05-01,81.0,990.5963134765625
xgboost,2020-06-01,65.0,644.7077026367188
xgboost,2020-07-01,68.0,466.83544921875
xgboost,2020-08-01,52.0,203.72459411621094
xgboost,2020-09-01,47.0,207.2494354248047
xgboost,2020-10-01,50.0,227.58438110351562
xgboost,2020-11-01,84.0,300.32708740234375
xgboost,2020-12-01,32.0,304.8749084472656
xgboost,2021-01-01,73.0,334.6219177246094
xgboost,2021-02-01,73.0,231.10418701171875
xgboost,2021-03-01,147.0,531.6465454101562
xgboost,2020-05-01,81.0,291.3572082519531
xgboost,2020-06-01,65.0,186.56080627441406
xgboost,2020-07-01,68.0,810.2301635742188
xgboost,2020-08-01,52.0,2905.30322265625
xgboost,2020-09-01,47.0,3719.327880859375
xgboost,2020-10-01,50.0,6795.26318359375
xgboost,2020-11-01,84.0,4556.61376953125
xgboost,2020-12-01,32.0,2345.311767578125
xgboost,2021-01-01,73.0,1297.9091796875
xgboost,2021-02-01,73.0,583.0614624023438
xgboost,2021-03-01,147.0,897.207763671875
xgboost,2021-04-01,174.0,1046.50146484375
xgboost,2020-06-01,65.0,87.60867309570312
xgboost,2020-07-01,68.0,841.3372192382812
xgboost,2020-08-01,52.0,2080.8681640625
xgboost,2020-09-01,47.0,2806.789794921875
xgboost,2020-10-01,50.0,2552.375732421875
xgboost,2020-11-01,84.0,2410.804931640625
xgboost,2020-12-01,32.0,2812.03955078125
xgboost,2021-01-01,73.0,2678.080322265625
xgboost,2021-02-01,73.0,2766.265380859375
xgboost,2021-03-01,147.0,3000.493408203125
xgboost,2021-04-01,174.0,3023.378662109375
xgboost,2021-05-01,208.0,2975.450927734375
xgboost,2020-07-01,68.0,918.3875732421875
xgboost,2020-08-01,52.0,2467.617431640625
xgboost,2020-09-01,47.0,3442.799560546875
xgboost,2020-10-01,50.0,5261.6083984375
xgboost,2020-11-01,84.0,3442.500732421875
xgboost,2020-12-01,32.0,1243.46044921875
xgboost,2021-01-01,73.0,1175.130615234375
xgboost,2021-02-01,73.0,1142.1756591796875
xgboost,2021-03-01,147.0,832.5955200195312
xgboost,2021-04-01,174.0,1097.817138671875
xgboost,2021-05-01,208.0,2001.790283203125
xgboost,2021-06-01,116.0,2881.950927734375
xgboost,2020-08-01,52.0,1771.2044677734375
xgboost,2020-09-01,47.0,2835.836669921875
xgboost,2020-10-01,50.0,2963.4736328125
xgboost,2020-11-01,84.0,3014.70361328125
xgboost,2020-12-01,32.0,3093.66845703125
xgboost,2021-01-01,73.0,3092.63916015625
xgboost,2021-02-01,73.0,3162.43115234375
xgboost,2021-03-01,147.0,4212.6396484375
xgboost,2021-04-01,174.0,6890.755859375
xgboost,2021-05-01,208.0,3894.222412109375
xgboost,2021-06-01,116.0,2827.417724609375
xgboost,2021-07-01,67.0,1585.4508056640625
xgboost,2020-09-01,47.0,243.0755157470703
xgboost,2020-10-01,50.0,424.48797607421875
xgboost,2020-11-01,84.0,810.8222045898438
xgboost,2020-12-01,32.0,795.0247192382812
xgboost,2021-01-01,73.0,772.9846801757812
xgboost,2021-02-01,73.0,814.7977905273438
xgboost,2021-03-01,147.0,1208.5926513671875
xgboost,2021-04-01,174.0,2100.640869140625
xgboost,2021-05-01,208.0,2375.506591796875
xgboost,2021-06-01,116.0,3154.98779296875
xgboost,2021-07-01,67.0,3135.44482421875
xgboost,2021-08-01,63.0,3225.83251953125
xgboost,2020-10-01,50.0,236.91514587402344
xgboost,2020-11-01,84.0,416.37957763671875
xgboost,2020-12-01,32.0,913.2311401367188
xgboost,2021-01-01,73.0,864.333740234375
xgboost,2021-02-01,73.0,893.459716796875
xgboost,2021-03-01,147.0,1003.5848999023438
xgboost,2021-04-01,174.0,1544.7987060546875
xgboost,2021-05-01,208.0,2648.3310546875
xgboost,2021-06-01,116.0,2677.55908203125
xgboost,2021-07-01,67.0,2890.568115234375
xgboost,2021-08-01,63.0,2885.67431640625
xgboost,2021-09-01,41.0,2591.877685546875
xgboost,2020-11-01,84.0,283.1324157714844
xgboost,2020-12-01,32.0,890.9234008789062
xgboost,2021-01-01,73.0,2274.938232421875
xgboost,2021-02-01,73.0,3673.8544921875
xgboost,2021-03-01,147.0,7061.1474609375
xgboost,2021-04-01,174.0,5542.1474609375
xgboost,2021-05-01,208.0,2776.16552734375
xgboost,2021-06-01,116.0,1473.183837890625
xgboost,2021-07-01,67.0,1982.639892578125
xgboost,2021-08-01,63.0,2321.546142578125
xgboost,2021-09-01,41.0,2915.569091796875
xgboost,2021-10-01,28.0,2865.31982421875
xgboost,2020-12-01,32.0,448.3935546875
xgboost,2021-01-01,73.0,921.449951171875
xgboost,2021-02-01,73.0,1506.6243896484375
xgboost,2021-03-01,147.0,1637.2325439453125
xgboost,2021-04-01,174.0,1528.0047607421875
xgboost,2021-05-01,208.0,1832.3114013671875
xgboost,2021-06-01,116.0,1645.6793212890625
xgboost,2021-07-01,67.0,1697.4239501953125
xgboost,2021-08-01,63.0,1815.3275146484375
xgboost,2021-09-01,41.0,1777.2734375
xgboost,2021-10-01,28.0,1776.9918212890625
xgboost,2021-11-01,72.0,1536.91259765625
xgboost,2021-01-01,73.0,145.81581115722656
xgboost,2021-02-01,73.0,272.88458251953125
xgboost,2021-03-01,147.0,918.6995849609375
xgboost,2021-04-01,174.0,2813.77783203125
xgboost,2021-05-01,208.0,3526.408447265625
xgboost,2021-06-01,116.0,6840.3310546875
xgboost,2021-07-01,67.0,5150.42919921875
xgboost,2021-08-01,63.0,2688.722900390625
xgboost,2021-09-01,41.0,1218.3662109375
xgboost,2021-10-01,28.0,1577.3175048828125
xgboost,2021-11-01,72.0,2066.8720703125
xgboost,2021-12-01,30.0,2042.0106201171875
xgboost,2021-02-01,73.0,298.61505126953125
xgboost,2021-03-01,147.0,1302.4998779296875
xgboost,2021-04-01,174.0,1612.868408203125
xgboost,2021-05-01,208.0,2328.796142578125
xgboost,2021-06-01,116.0,3321.553466796875
xgboost,2021-07-01,67.0,5617.39794921875
xgboost,2021-08-01,63.0,4963.94921875
xgboost,2021-09-01,41.0,2649.010009765625
xgboost,2021-10-01,28.0,1294.897705078125
xgboost,2021-11-01,72.0,2248.0263671875
xgboost,2021-12-01,30.0,3045.590576171875
xgboost,2022-01-01,107.0,3013.061279296875
xgboost,2021-03-01,147.0,638.3235473632812
xgboost,2021-04-01,174.0,2735.257568359375
xgboost,2021-05-01,208.0,3481.27001953125
xgboost,2021-06-01,116.0,6883.1767578125
xgboost,2021-07-01,67.0,5307.646484375
xgboost,2021-08-01,63.0,2765.13720703125
xgboost,2021-09-01,41.0,1488.8994140625
xgboost,2021-10-01,28.0,2022.187255859375
xgboost,2021-11-01,72.0,1931.5057373046875
xgboost,2021-12-01,30.0,2106.702392578125
xgboost,2022-01-01,107.0,2522.634765625
xgboost,2022-02-01,210.0,3275.029052734375
xgboost,2021-04-01,174.0,1044.1285400390625
xgboost,2021-05-01,208.0,3185.97265625
xgboost,2021-06-01,116.0,4783.02685546875
xgboost,2021-07-01,67.0,6283.00927734375
xgboost,2021-08-01,63.0,3237.06201171875
xgboost,2021-09-01,41.0,1439.3621826171875
xgboost,2021-10-01,28.0,1913.132080078125
xgboost,2021-11-01,72.0,1977.32470703125
xgboost,2021-12-01,30.0,1944.655029296875
xgboost,2022-01-01,107.0,2398.807373046875
xgboost,2022-02-01,210.0,3172.048828125
xgboost,2022-03-01,572.0,4230.5185546875
xgboost,2021-05-01,208.0,246.66650390625
xgboost,2021-06-01,116.0,365.4310302734375
xgboost,2021-07-01,67.0,453.67718505859375
xgboost,2021-08-01,63.0,902.2830810546875
xgboost,2021-09-01,41.0,1873.4930419921875
xgboost,2021-10-01,28.0,2245.6240234375
xgboost,2021-11-01,72.0,3182.501220703125
xgboost,2021-12-01,30.0,4165.67236328125
xgboost,2022-01-01,107.0,6762.91357421875
xgboost,2022-02-01,210.0,3662.32421875
xgboost,2022-03-01,572.0,2567.34423828125
xgboost,2022-04-01,999.0,1869.0870361328125
xgboost,2021-06-01,116.0,155.49720764160156
xgboost,2021-07-01,67.0,268.7005310058594
xgboost,2021-08-01,63.0,408.06732177734375
xgboost,2021-09-01,41.0,654.2813720703125
xgboost,2021-10-01,28.0,1519.4197998046875
xgboost,2021-11-01,72.0,2132.10888671875
xgboost,2021-12-01,30.0,3174.276123046875
xgboost,2022-01-01,107.0,4324.64501953125
xgboost,2022-02-01,210.0,6712.27734375
xgboost,2022-03-01,572.0,3672.626708984375
xgboost,2022-04-01,999.0,2652.0380859375
xgboost,2022-05-01,2110.0,2107.99267578125
xgboost,2021-07-01,67.0,169.04539489746094
xgboost,2021-08-01,63.0,289.7886657714844
xgboost,2021-09-01,41.0,662.2731323242188
xgboost,2021-10-01,28.0,2073.595947265625
xgboost,2021-11-01,72.0,2130.509521484375
xgboost,2021-12-01,30.0,3350.376220703125
xgboost,2022-01-01,107.0,5810.70703125
xgboost,2022-02-01,210.0,4590.06982421875
xgboost,2022-03-01,572.0,2429.9853515625
xgboost,2022-04-01,999.0,1443.4576416015625
xgboost,2022-05-01,2110.0,2362.632568359375
xgboost,2022-06-01,806.0,3409.3818359375
xgboost,2021-08-01,63.0,157.5891571044922
xgboost,2021-09-01,41.0,173.51318359375
xgboost,2021-10-01,28.0,223.9272918701172
xgboost,2021-11-01,72.0,1091.076904296875
xgboost,2021-12-01,30.0,2773.86474609375
xgboost,2022-01-01,107.0,3217.701171875
xgboost,2022-02-01,210.0,4376.7646484375
xgboost,2022-03-01,572.0,7144.65234375
xgboost,2022-04-01,999.0,3666.823486328125
xgboost,2022-05-01,2110.0,2401.471923828125
xgboost,2022-06-01,806.0,1713.9896240234375
xgboost,2022-07-01,786.0,2326.826416015625
xgboost,2021-09-01,41.0,170.6666717529297
xgboost,2021-10-01,28.0,172.90423583984375
xgboost,2021-11-01,72.0,1095.898193359375
xgboost,2021-12-01,30.0,2654.552734375
xgboost,2022-01-01,107.0,3259.79150390625
xgboost,2022-02-01,210.0,4506.28076171875
xgboost,2022-03-01,572.0,7020.40283203125
xgboost,2022-04-01,999.0,3564.615478515625
xgboost,2022-05-01,2110.0,2306.729248046875
xgboost,2022-06-01,806.0,1880.3447265625
xgboost,2022-07-01,786.0,2295.45947265625
xgboost,2022-08-01,409.0,2988.561279296875
xgboost,2021-10-01,28.0,352.0556335449219
xgboost,2021-11-01,72.0,1550.8779296875
xgboost,2021-12-01,30.0,2294.48046875
xgboost,2022-01-01,107.0,3026.461669921875
xgboost,2022-02-01,210.0,3033.146728515625
xgboost,2022-03-01,572.0,2938.338134765625
xgboost,2022-04-01,999.0,2935.87841796875
xgboost,2022-05-01,2110.0,2941.29833984375
xgboost,2022-06-01,806.0,2826.293701171875
xgboost,2022-07-01,786.0,2849.636962890625
xgboost,2022-08-01,409.0,2823.9521484375
xgboost,2022-09-01,418.0,2821.368896484375
xgboost,2021-11-01,72.0,811.212158203125
xgboost,2021-12-01,30.0,2780.867919921875
xgboost,2022-01-01,107.0,3348.27490234375
xgboost,2022-02-01,210.0,5584.62890625
xgboost,2022-03-01,572.0,4568.1689453125
xgboost,2022-04-01,999.0,2446.216064453125
xgboost,2022-05-01,2110.0,1175.97119140625
xgboost,2022-06-01,806.0,2493.233154296875
xgboost,2022-07-01,786.0,3240.910400390625
xgboost,2022-08-01,409.0,4657.17529296875
xgboost,2022-09-01,418.0,6662.40478515625
xgboost,2022-10-01,655.0,3936.673095703125
xgboost,2021-12-01,30.0,118.68185424804688
xgboost,2022-01-01,107.0,332.1138610839844
xgboost,2022-02-01,210.0,1498.209228515625
xgboost,2022-03-01,572.0,2735.650146484375
xgboost,2022-04-01,999.0,2960.5546875
xgboost,2022-05-01,2110.0,3096.368408203125
xgboost,2022-06-01,806.0,3051.63134765625
xgboost,2022-07-01,786.0,3057.561279296875
xgboost,2022-08-01,409.0,2944.119873046875
xgboost,2022-09-01,418.0,2943.919189453125
xgboost,2022-10-01,655.0,2960.383056640625
xgboost,2022-11-01,480.0,2941.781982421875
xgboost,2022-01-01,107.0,310.80377197265625
xgboost,2022-02-01,210.0,1385.4859619140625
xgboost,2022-03-01,572.0,2469.474609375
xgboost,2022-04-01,999.0,3065.3583984375
xgboost,2022-05-01,2110.0,3004.229248046875
xgboost,2022-06-01,806.0,2929.328125
xgboost,2022-07-01,786.0,2919.42041015625
xgboost,2022-08-01,409.0,2909.826416015625
xgboost,2022-09-01,418.0,2928.3046875
xgboost,2022-10-01,655.0,2972.63818359375
xgboost,2022-11-01,480.0,2969.462158203125
xgboost,2022-12-01,501.0,2940.045166015625
xgboost,2022-02-01,210.0,121.54307556152344
xgboost,2022-03-01,572.0,212.90798950195312
xgboost,2022-04-01,999.0,449.2130126953125
xgboost,2022-05-01,2110.0,1381.1925048828125
xgboost,2022-06-01,806.0,2462.449462890625
xgboost,2022-07-01,786.0,3215.64404296875
xgboost,2022-08-01,409.0,4458.37939453125
xgboost,2022-09-01,418.0,7134.13232421875
xgboost,2022-10-01,655.0,3624.6923828125
xgboost,2022-11-01,480.0,2380.1083984375
xgboost,2022-12-01,501.0,1979.23974609375
xgboost,2023-01-01,1389.0,2190.785400390625
xgboost,2022-03-01,572.0,487.1493225097656
xgboost,2022-04-01,999.0,1550.9532470703125
xgboost,2022-05-01,2110.0,2537.37939453125
xgboost,2022-06-01,806.0,3111.83349609375
xgboost,2022-07-01,786.0,3255.689697265625
xgboost,2022-08-01,409.0,4652.18310546875
xgboost,2022-09-01,418.0,6772.42236328125
xgboost,2022-10-01,655.0,3664.082275390625
xgboost,2022-11-01,480.0,2410.98095703125
xgboost,2022-12-01,501.0,2025.969482421875
xgboost,2023-01-01,1389.0,2163.010986328125
xgboost,2023-02-01,2274.0,2980.364501953125
xgboost,2022-04-01,999.0,1519.7755126953125
xgboost,2022-05-01,2110.0,2685.3486328125
xgboost,2022-06-01,806.0,2963.69091796875
xgboost,2022-07-01,786.0,2979.884033203125
xgboost,2022-08-01,409.0,2885.28076171875
xgboost,2022-09-01,418.0,2886.677001953125
xgboost,2022-10-01,655.0,2887.2724609375
xgboost,2022-11-01,480.0,3027.309326171875
xgboost,2022-12-01,501.0,3056.47216796875
xgboost,2023-01-01,1389.0,3050.619384765625
xgboost,2023-02-01,2274.0,3019.1357421875
xgboost,2023-03-01,5032.0,3313.48095703125
xgboost,2022-05-01,2110.0,2561.915283203125
xgboost,2022-06-01,806.0,3425.354248046875
xgboost,2022-07-01,786.0,5652.78125
xgboost,2022-08-01,409.0,4525.44189453125
xgboost,2022-09-01,418.0,2386.693359375
xgboost,2022-10-01,655.0,1267.1907958984375
xgboost,2022-11-01,480.0,2189.69677734375
xgboost,2022-12-01,501.0,3142.409423828125
xgboost,2023-01-01,1389.0,3048.987060546875
xgboost,2023-02-01,2274.0,2973.537841796875
xgboost,2023-03-01,5032.0,2967.826171875
xgboost,2023-04-01,8196.0,3055.31787109375
xgboost,2022-06-01,806.0,2231.586181640625
xgboost,2022-07-01,786.0,2961.378662109375
xgboost,2022-08-01,409.0,2947.828125
xgboost,2022-09-01,418.0,2893.78173828125
xgboost,2022-10-01,655.0,2896.047607421875
xgboost,2022-11-01,480.0,2887.206298828125
xgboost,2022-12-01,501.0,2933.950439453125
xgboost,2023-01-01,1389.0,2929.334228515625
xgboost,2023-02-01,2274.0,3023.275390625
xgboost,2023-03-01,5032.0,3046.731201171875
xgboost,2023-04-01,8196.0,3136.834716796875
xgboost,2023-05-01,6345.0,3122.370361328125
xgboost,2022-07-01,786.0,1721.7025146484375
xgboost,2022-08-01,409.0,855.1384887695312
xgboost,2022-09-01,418.0,1488.20849609375
xgboost,2022-10-01,655.0,963.7080688476562
xgboost,2022-11-01,480.0,1195.930908203125
xgboost,2022-12-01,501.0,1082.7239990234375
xgboost,2023-01-01,1389.0,1053.15625
xgboost,2023-02-01,2274.0,1534.814697265625
xgboost,2023-03-01,5032.0,1154.26025390625
xgboost,2023-04-01,8196.0,1266.792724609375
xgboost,2023-05-01,6345.0,1621.7044677734375
xgboost,2023-06-01,4818.0,1524.2320556640625
xgboost,2022-08-01,409.0,1820.279541015625
xgboost,2022-09-01,418.0,2527.05908203125
xgboost,2022-10-01,655.0,3082.9912109375
xgboost,2022-11-01,480.0,3245.671142578125
xgboost,2022-12-01,501.0,4759.9912109375
xgboost,2023-01-01,1389.0,6545.373046875
xgboost,2023-02-01,2274.0,3634.9736328125
xgboost,2023-03-01,5032.0,2824.068603515625
xgboost,2023-04-01,8196.0,1731.2735595703125
xgboost,2023-05-01,6345.0,1234.3021240234375
xgboost,2023-06-01,4818.0,1344.6453857421875
xgboost,2023-07-01,3412.0,1382.1920166015625
xgboost,2022-09-01,418.0,236.1903839111328
xgboost,2022-10-01,655.0,335.3788146972656
xgboost,2022-11-01,480.0,352.04949951171875
xgboost,2022-12-01,501.0,368.1544494628906
xgboost,2023-01-01,1389.0,560.494873046875
xgboost,2023-02-01,2274.0,1019.47705078125
xgboost,2023-03-01,5032.0,1289.956298828125
xgboost,2023-04-01,8196.0,1105.699951171875
xgboost,2023-05-01,6345.0,952.77587890625
xgboost,2023-06-01,4818.0,940.0302734375
xgboost,2023-07-01,3412.0,773.5830078125
xgboost,2023-08-01,2034.0,653.1648559570312
xgboost,2022-10-01,655.0,285.05902099609375
xgboost,2022-11-01,480.0,318.736572265625
xgboost,2022-12-01,501.0,395.81353759765625
xgboost,2023-01-01,1389.0,457.7095642089844
xgboost,2023-02-01,2274.0,446.0138244628906
xgboost,2023-03-01,5032.0,694.3180541992188
xgboost,2023-04-01,8196.0,1339.1966552734375
xgboost,2023-05-01,6345.0,1804.36083984375
xgboost,2023-06-01,4818.0,1049.4791259765625
xgboost,2023-07-01,3412.0,673.6442260742188
xgboost,2023-08-01,2034.0,972.9739990234375
xgboost,2023-09-01,1961.0,697.638671875
xgboost,2022-11-01,480.0,1121.0521240234375
xgboost,2022-12-01,501.0,1445.746337890625
xgboost,2023-01-01,1389.0,1907.389892578125
xgboost,2023-02-01,2274.0,1989.9884033203125
xgboost,2023-03-01,5032.0,1226.8253173828125
xgboost,2023-04-01,8196.0,1496.2587890625
xgboost,2023-05-01,6345.0,1145.4312744140625
xgboost,2023-06-01,4818.0,1489.922119140625
xgboost,2023-07-01,3412.0,1061.1246337890625
xgboost,2023-08-01,2034.0,1177.343017578125
xgboost,2023-09-01,1961.0,673.4700927734375
xgboost,2023-10-01,2247.0,1068.4775390625
xgboost,2022-12-01,501.0,657.9035034179688
xgboost,2023-01-01,1389.0,1711.5665283203125
xgboost,2023-02-01,2274.0,2239.545654296875
xgboost,2023-03-01,5032.0,3493.69775390625
xgboost,2023-04-01,8196.0,7251.84521484375
xgboost,2023-05-01,6345.0,5044.30859375
xgboost,2023-06-01,4818.0,1705.1470947265625
xgboost,2023-07-01,3412.0,863.392333984375
xgboost,2023-08-01,2034.0,878.6859741210938
xgboost,2023-09-01,1961.0,355.0365905761719
xgboost,2023-10-01,2247.0,261.8517150878906
xgboost,2023-11-01,3158.0,68.07196044921875
xgboost,2023-01-01,1389.0,1304.4364013671875
xgboost,2023-02-01,2274.0,2158.768310546875
xgboost,2023-03-01,5032.0,3562.12353515625
xgboost,2023-04-01,8196.0,7133.4140625
xgboost,2023-05-01,6345.0,5102.505859375
xgboost,2023-06-01,4818.0,1712.007080078125
xgboost,2023-07-01,3412.0,944.1864624023438
xgboost,2023-08-01,2034.0,1025.7474365234375
xgboost,2023-09-01,1961.0,397.8272705078125
xgboost,2023-10-01,2247.0,571.0446166992188
xgboost,2023-11-01,3158.0,382.38775634765625
xgboost,2023-12-01,7277.0,637.396728515625
xgboost,2023-02-01,2274.0,2382.7421875
xgboost,2023-03-01,5032.0,3610.239990234375
xgboost,2023-04-01,8196.0,7035.92578125
xgboost,2023-05-01,6345.0,5199.16357421875
xgboost,2023-06-01,4818.0,1801.4918212890625
xgboost,2023-07-01,3412.0,903.649658203125
xgboost,2023-08-01,2034.0,833.473876953125
xgboost,2023-09-01,1961.0,545.6880493164062
xgboost,2023-10-01,2247.0,521.0313110351562
xgboost,2023-11-01,3158.0,404.8280944824219
xgboost,2023-12-01,7277.0,653.8221435546875
xgboost,2024-01-01,19683.0,1046.2547607421875
xgboost,2023-03-01,5032.0,3830.6904296875
xgboost,2023-04-01,8196.0,7066.0
xgboost,2023-05-01,6345.0,4032.8583984375
xgboost,2023-06-01,4818.0,1819.8773193359375
xgboost,2023-07-01,3412.0,1182.0753173828125
xgboost,2023-08-01,2034.0,1211.169677734375
xgboost,2023-09-01,1961.0,514.3500366210938
xgboost,2023-10-01,2247.0,610.0136108398438
xgboost,2023-11-01,3158.0,545.0525512695312
xgboost,2023-12-01,7277.0,743.0387573242188
xgboost,2024-01-01,19683.0,997.1175537109375
xgboost,2024-02-01,54496.0,703.2332763671875
xgboost,2023-04-01,8196.0,6411.5654296875
xgboost,2023-05-01,6345.0,3838.46240234375
xgboost,2023-06-01,4818.0,1619.5040283203125
xgboost,2023-07-01,3412.0,915.6787719726562
xgboost,2023-08-01,2034.0,1150.2919921875
xgboost,2023-09-01,1961.0,520.196533203125
xgboost,2023-10-01,2247.0,568.7238159179688
xgboost,2023-11-01,3158.0,635.6548461914062
xgboost,2023-12-01,7277.0,892.8515014648438
xgboost,2024-01-01,19683.0,859.4132080078125
xgboost,2024-02-01,54496.0,717.1095581054688
xgboost,2024-03-01,38264.0,648.0609741210938
xgboost,2023-05-01,6345.0,7525.7177734375
xgboost,2023-06-01,4818.0,3774.4560546875
xgboost,2023-07-01,3412.0,1354.5496826171875
xgboost,2023-08-01,2034.0,773.4740600585938
xgboost,2023-09-01,1961.0,302.4557800292969
xgboost,2023-10-01,2247.0,296.0981750488281
xgboost,2023-11-01,3158.0,330.45941162109375
xgboost,2023-12-01,7277.0,554.8901977539062
xgboost,2024-01-01,19683.0,727.8779296875
xgboost,2024-02-01,54496.0,994.0228271484375
xgboost,2024-03-01,38264.0,906.3697509765625
xgboost,2024-04-01,10048.0,905.3822021484375
xgboost,2023-06-01,4818.0,2825.91357421875
xgboost,2023-07-01,3412.0,1088.7679443359375
xgboost,2023-08-01,2034.0,779.5858764648438
xgboost,2023-09-01,1961.0,421.30718994140625
xgboost,2023-10-01,2247.0,488.88555908203125
xgboost,2023-11-01,3158.0,434.78814697265625
xgboost,2023-12-01,7277.0,653.3695678710938
xgboost,2024-01-01,19683.0,1201.2906494140625
xgboost,2024-02-01,54496.0,848.1102294921875
xgboost,2024-03-01,38264.0,730.8578491210938
xgboost,2024-04-01,10048.0,666.597412109375
xgboost,2024-05-01,5536.0,564.4368896484375
xgboost,2023-07-01,3412.0,1971.049072265625
xgboost,2023-08-01,2034.0,683.2509155273438
xgboost,2023-09-01,1961.0,403.2867431640625
xgboost,2023-10-01,2247.0,268.8199768066406
xgboost,2023-11-01,3158.0,198.11402893066406
xgboost,2023-12-01,7277.0,517.462158203125
xgboost,2024-01-01,19683.0,790.7257690429688
xgboost,2024-02-01,54496.0,1355.7030029296875
xgboost,2024-03-01,38264.0,1024.1943359375
xgboost,2024-04-01,10048.0,1080.3563232421875
xgboost,2024-05-01,5536.0,702.6710205078125
xgboost,2024-06-01,3521.0,462.5579528808594
xgboost,2023-08-01,2034.0,3183.657470703125
xgboost,2023-09-01,1961.0,2623.981689453125
xgboost,2023-10-01,2247.0,4149.939453125
xgboost,2023-11-01,3158.0,7274.4697265625
xgboost,2023-12-01,7277.0,5138.5205078125
xgboost,2024-01-01,19683.0,2058.693115234375
xgboost,2024-02-01,54496.0,1030.473388671875
xgboost,2024-03-01,38264.0,949.0588989257812
xgboost,2024-04-01,10048.0,886.352783203125
xgboost,2024-05-01,5536.0,682.4954223632812
xgboost,2024-06-01,3521.0,879.9865112304688
xgboost,2024-07-01,1646.0,987.7399291992188
xgboost,2023-09-01,1961.0,885.1170654296875
xgboost,2023-10-01,2247.0,683.7230834960938
xgboost,2023-11-01,3158.0,677.64990234375
xgboost,2023-12-01,7277.0,1083.28125
xgboost,2024-01-01,19683.0,959.7035522460938
xgboost,2024-02-01,54496.0,863.4420166015625
xgboost,2024-03-01,38264.0,726.7506713867188
xgboost,2024-04-01,10048.0,646.0430908203125
xgboost,2024-05-01,5536.0,629.8114624023438
xgboost,2024-06-01,3521.0,656.3953857421875
xgboost,2024-07-01,1646.0,650.5480346679688
xgboost,2024-08-01,1155.0,669.1799926757812
xgboost,2023-10-01,2247.0,1571.73095703125
xgboost,2023-11-01,3158.0,1463.873291015625
xgboost,2023-12-01,7277.0,1531.1573486328125
xgboost,2024-01-01,19683.0,1657.8070068359375
xgboost,2024-02-01,54496.0,1468.3812255859375
xgboost,2024-03-01,38264.0,1184.0810546875
xgboost,2024-04-01,10048.0,768.4213256835938
xgboost,2024-05-01,5536.0,396.9059143066406
xgboost,2024-06-01,3521.0,150.6258544921875
xgboost,2024-07-01,1646.0,27.917896270751953
xgboost,2024-08-01,1155.0,69.48796081542969
xgboost,2024-09-01,1400.0,109.65360260009766
xgboost,2023-11-01,3158.0,3650.56640625
xgboost,2023-12-01,7277.0,7683.77490234375
xgboost,2024-01-01,19683.0,4822.97119140625
xgboost,2024-02-01,54496.0,5269.28076171875
xgboost,2024-03-01,38264.0,4924.20068359375
xgboost,2024-04-01,10048.0,5163.2841796875
xgboost,2024-05-01,5536.0,5253.42041015625
xgboost,2024-06-01,3521.0,3018.627685546875
xgboost,2024-07-01,1646.0,1559.36083984375
xgboost,2024-08-01,1155.0,1076.4793701171875
xgboost,2024-09-01,1400.0,841.4833984375
xgboost,2024-10-01,1214.0,758.9632568359375
xgboost,2023-12-01,7277.0,4399.70166015625
xgboost,2024-01-01,19683.0,5737.93896484375
xgboost,2024-02-01,54496.0,5257.171875
xgboost,2024-03-01,38264.0,5063.193359375
xgboost,2024-04-01,10048.0,4643.60986328125
xgboost,2024-05-01,5536.0,4211.04638671875
xgboost,2024-06-01,3521.0,1848.64111328125
xgboost,2024-07-01,1646.0,979.8812255859375
xgboost,2024-08-01,1155.0,824.30517578125
xgboost,2024-09-01,1400.0,643.8538818359375
xgboost,2024-10-01,1214.0,903.0726318359375
xgboost,2024-11-01,1286.0,940.0302734375
xgboost,2024-01-01,19683.0,5335.369140625
xgboost,2024-02-01,54496.0,2731.35986328125
xgboost,2024-03-01,38264.0,1297.0211181640625
xgboost,2024-04-01,10048.0,1288.7392578125
xgboost,2024-05-01,5536.0,736.2589111328125
xgboost,2024-06-01,3521.0,615.7630615234375
xgboost,2024-07-01,1646.0,490.58343505859375
xgboost,2024-08-01,1155.0,350.1799621582031
xgboost,2024-09-01,1400.0,424.0751953125
xgboost,2024-10-01,1214.0,262.3674621582031
xgboost,2024-11-01,1286.0,130.8285675048828
xgboost,2024-12-01,1184.0,104.11895751953125
catboost,2014-01-01,569.0,5106.514789354438
catboost,2014-02-01,431.0,11764.381706256983
catboost,2014-03-01,464.0,17244.347993081912
catboost,2014-04-01,317.0,19271.9809109529
catboost,2014-05-01,308.0,16506.593497411508
catboost,2014-06-01,271.0,12504.41560014705
catboost,2014-07-01,191.0,10823.853853897957
catboost,2014-08-01,310.0,7014.310564200833
catboost,2014-09-01,295.0,3011.9336999161687
catboost,2014-10-01,237.0,2224.793079906118
catboost,2014-11-01,239.0,2445.490482678295
catboost,2014-12-01,109.0,3412.2362498226357
catboost,2014-02-01,431.0,8353.253484981855
catboost,2014-03-01,464.0,14567.167349352618
catboost,2014-04-01,317.0,16103.590545406081
catboost,2014-05-01,308.0,13033.868344971655
catboost,2014-06-01,271.0,11226.09780557921
catboost,2014-07-01,191.0,9257.49708375894
catboost,2014-08-01,310.0,7060.723623141053
catboost,2014-09-01,295.0,5392.711750638569
catboost,2014-10-01,237.0,3375.2940974332705
catboost,2014-11-01,239.0,3286.1536221179767
catboost,2014-12-01,109.0,3804.9134846543548
catboost,2015-01-01,187.0,4978.344327862344
catboost,2014-03-01,464.0,12814.695559137883
catboost,2014-04-01,317.0,14311.541631798238
catboost,2014-05-01,308.0,14357.692305083576
catboost,2014-06-01,271.0,10578.943791335925
catboost,2014-07-01,191.0,9534.722441383008
catboost,2014-08-01,310.0,9103.931677412798
catboost,2014-09-01,295.0,8472.390524593287
catboost,2014-10-01,237.0,8569.158733160328
catboost,2014-11-01,239.0,5127.111367180886
catboost,2014-12-01,109.0,5082.346895300048
catboost,2015-01-01,187.0,6573.125105755551
catboost,2015-02-01,286.0,10206.608182717222
catboost,2014-04-01,317.0,6278.7587270545555
catboost,2014-05-01,308.0,8670.131737212623
catboost,2014-06-01,271.0,7746.147139480614
catboost,2014-07-01,191.0,6829.623420372394
catboost,2014-08-01,310.0,5781.223091617829
catboost,2014-09-01,295.0,5778.4835086258745
catboost,2014-10-01,237.0,4846.071647137792
catboost,2014-11-01,239.0,5342.369986368086
catboost,2014-12-01,109.0,5607.613972324389
catboost,2015-01-01,187.0,7004.37448716809
catboost,2015-02-01,286.0,9856.042690786177
catboost,2015-03-01,1312.0,12637.380274289
catboost,2014-05-01,308.0,5644.437549882412
catboost,2014-06-01,271.0,4947.501059131894
catboost,2014-07-01,191.0,5522.064000694196
catboost,2014-08-01,310.0,5267.115656084425
catboost,2014-09-01,295.0,4890.325652454633
catboost,2014-10-01,237.0,5401.831380644202
catboost,2014-11-01,239.0,5520.818820427048
catboost,2014-12-01,109.0,5996.0020979156925
catboost,2015-01-01,187.0,7483.269402346292
catboost,2015-02-01,286.0,9574.373792110591
catboost,2015-03-01,1312.0,11901.600016883773
catboost,2015-04-01,3766.0,15348.047449330024
catboost,2014-06-01,271.0,2348.134386102487
catboost,2014-07-01,191.0,3151.712855174713
catboost,2014-08-01,310.0,3555.2891846529055
catboost,2014-09-01,295.0,3787.4495219900955
catboost,2014-10-01,237.0,4269.827692272873
catboost,2014-11-01,239.0,4664.434332447084
catboost,2014-12-01,109.0,5739.921704259276
catboost,2015-01-01,187.0,7093.247428484983
catboost,2015-02-01,286.0,8976.568168839656
catboost,2015-03-01,1312.0,9893.338811720192
catboost,2015-04-01,3766.0,13641.606848099824
catboost,2015-05-01,6704.0,21518.434407868757
catboost,2014-07-01,191.0,1866.1025353611294
catboost,2014-08-01,310.0,2582.518451023844
catboost,2014-09-01,295.0,2952.9665205280153
catboost,2014-10-01,237.0,3157.1255432938597
catboost,2014-11-01,239.0,4366.559272546397
catboost,2014-12-01,109.0,4535.943750404574
catboost,2015-01-01,187.0,6940.47877063046
catboost,2015-02-01,286.0,9976.957400718471
catboost,2015-03-01,1312.0,11314.602834204794
catboost,2015-04-01,3766.0,13214.946814644996
catboost,2015-05-01,6704.0,19326.717277286683
catboost,2015-06-01,3156.0,13737.195449895615
catboost,2014-08-01,310.0,1098.5974176430727
catboost,2014-09-01,295.0,1979.3548746981214
catboost,2014-10-01,237.0,2571.078483198202
catboost,2014-11-01,239.0,3627.9415887411005
catboost,2014-12-01,109.0,4633.995130001016
catboost,2015-01-01,187.0,6706.630266327696
catboost,2015-02-01,286.0,8958.616033041631
catboost,2015-03-01,1312.0,11623.296883349884
catboost,2015-04-01,3766.0,14476.391754928896
catboost,2015-05-01,6704.0,21026.852113132765
catboost,2015-06-01,3156.0,14776.703697126159
catboost,2015-07-01,1356.0,13279.68005288314
catboost,2014-09-01,295.0,1334.273425202522
catboost,2014-10-01,237.0,2245.806001393402
catboost,2014-11-01,239.0,2931.29267153778
catboost,2014-12-01,109.0,3731.6461042023766
catboost,2015-01-01,187.0,5653.51496390492
catboost,2015-02-01,286.0,8582.13575442626
catboost,2015-03-01,1312.0,10279.977068929404
catboost,2015-04-01,3766.0,13636.282679750453
catboost,2015-05-01,6704.0,17659.097607161344
catboost,2015-06-01,3156.0,13628.82296669403
catboost,2015-07-01,1356.0,13995.558032871142
catboost,2015-08-01,1278.0,12197.631116313007
catboost,2014-10-01,237.0,1121.4101226647053
catboost,2014-11-01,239.0,1725.4215397807793
catboost,2014-12-01,109.0,2635.876528336369
catboost,2015-01-01,187.0,4104.112910514136
catboost,2015-02-01,286.0,7409.144036358122
catboost,2015-03-01,1312.0,10874.243418204342
catboost,2015-04-01,3766.0,14972.544334661758
catboost,2015-05-01,6704.0,20140.84272884932
catboost,2015-06-01,3156.0,14321.923861390324
catboost,2015-07-01,1356.0,12753.449603937821
catboost,2015-08-01,1278.0,12197.237960202609
catboost,2015-09-01,480.0,10611.68457817984
catboost,2014-11-01,239.0,731.7559556839933
catboost,2014-12-01,109.0,1771.1825443648268
catboost,2015-01-01,187.0,3113.717505224179
catboost,2015-02-01,286.0,6134.8520983126145
catboost,2015-03-01,1312.0,8536.835237837464
catboost,2015-04-01,3766.0,12090.072298202595
catboost,2015-05-01,6704.0,18312.341466344562
catboost,2015-06-01,3156.0,16422.267426861312
catboost,2015-07-01,1356.0,15663.187479916098
catboost,2015-08-01,1278.0,13884.710351519307
catboost,2015-09-01,480.0,12329.96107499126
catboost,2015-10-01,467.0,14278.23393122487
catboost,2014-12-01,109.0,1313.2046127470567
catboost,2015-01-01,187.0,3540.281176090314
catboost,2015-02-01,286.0,6096.43272136769
catboost,2015-03-01,1312.0,8681.638761872884
catboost,2015-04-01,3766.0,12654.538026085263
catboost,2015-05-01,6704.0,19300.093234691165
catboost,2015-06-01,3156.0,14082.582010622122
catboost,2015-07-01,1356.0,14293.43776438276
catboost,2015-08-01,1278.0,11752.273911866941
catboost,2015-09-01,480.0,10822.201275845031
catboost,2015-10-01,467.0,13268.724530578693
catboost,2015-11-01,1056.0,13337.289975437048
catboost,2015-01-01,187.0,2150.3265891013116
catboost,2015-02-01,286.0,5536.891490625747
catboost,2015-03-01,1312.0,7333.024131901043
catboost,2015-04-01,3766.0,10333.848273042626
catboost,2015-05-01,6704.0,15670.33643494673
catboost,2015-06-01,3156.0,13299.640904839895
catboost,2015-07-01,1356.0,14291.622392621406
catboost,2015-08-01,1278.0,12712.658039592574
catboost,2015-09-01,480.0,11862.718461779496
catboost,2015-10-01,467.0,12390.262616897031
catboost,2015-11-01,1056.0,12814.402817216414
catboost,2015-12-01,1389.0,14597.223935074122
catboost,2015-02-01,286.0,2909.6196348561916
catboost,2015-03-01,1312.0,4871.925689964581
catboost,2015-04-01,3766.0,9118.24063305922
catboost,2015-05-01,6704.0,15791.489908907724
catboost,2015-06-01,3156.0,13510.664281316414
catboost,2015-07-01,1356.0,14438.740220243657
catboost,2015-08-01,1278.0,12511.3510294747
catboost,2015-09-01,480.0,11286.295355222308
catboost,2015-10-01,467.0,12382.83628140905
catboost,2015-11-01,1056.0,13237.219793535132
catboost,2015-12-01,1389.0,15967.884140919563
catboost,2016-01-01,2445.0,22071.580036928797
catboost,2015-03-01,1312.0,2152.351694725029
catboost,2015-04-01,3766.0,4421.37901315801
catboost,2015-05-01,6704.0,9485.303285787148
catboost,2015-06-01,3156.0,9626.401015356805
catboost,2015-07-01,1356.0,10871.6831502491
catboost,2015-08-01,1278.0,9822.614132104842
catboost,2015-09-01,480.0,9312.093412422664
catboost,2015-10-01,467.0,10295.612110399856
catboost,2015-11-01,1056.0,10593.179779571068
catboost,2015-12-01,1389.0,12949.332940097443
catboost,2016-01-01,2445.0,16549.361581558558
catboost,2016-02-01,3474.0,19266.099222575383
catboost,2015-04-01,3766.0,4368.559725205601
catboost,2015-05-01,6704.0,8420.239625617509
catboost,2015-06-01,3156.0,9763.54572744608
catboost,2015-07-01,1356.0,11746.430449256182
catboost,2015-08-01,1278.0,11084.694685787712
catboost,2015-09-01,480.0,9810.357031737794
catboost,2015-10-01,467.0,11867.2724989348
catboost,2015-11-01,1056.0,11436.261221851824
catboost,2015-12-01,1389.0,12681.155089174435
catboost,2016-01-01,2445.0,19976.73953391715
catboost,2016-02-01,3474.0,18793.91239846024
catboost,2016-03-01,7794.0,14633.060320156772
catboost,2015-05-01,6704.0,7985.116414586884
catboost,2015-06-01,3156.0,8793.17571796417
catboost,2015-07-01,1356.0,10719.654763475142
catboost,2015-08-01,1278.0,10644.893949494874
catboost,2015-09-01,480.0,10422.667331492896
catboost,2015-10-01,467.0,11854.204866175107
catboost,2015-11-01,1056.0,11710.917825379387
catboost,2015-12-01,1389.0,13981.952974885036
catboost,2016-01-01,2445.0,19932.726040165428
catboost,2016-02-01,3474.0,20265.990582267026
catboost,2016-03-01,7794.0,16321.593352496051
catboost,2016-04-01,10397.0,22239.63894301835
catboost,2015-06-01,3156.0,8226.072576233455
catboost,2015-07-01,1356.0,9225.46059382991
catboost,2015-08-01,1278.0,9757.20276499402
catboost,2015-09-01,480.0,11037.218999880177
catboost,2015-10-01,467.0,11712.605765855975
catboost,2015-11-01,1056.0,11048.108990578941
catboost,2015-12-01,1389.0,11916.860009080227
catboost,2016-01-01,2445.0,17498.808866637137
catboost,2016-02-01,3474.0,14431.609150079817
catboost,2016-03-01,7794.0,15523.209590234665
catboost,2016-04-01,10397.0,19896.96291440923
catboost,2016-05-01,4590.0,18993.169759624543
catboost,2015-07-01,1356.0,5633.17251490295
catboost,2015-08-01,1278.0,7044.966617189978
catboost,2015-09-01,480.0,8164.530434480959
catboost,2015-10-01,467.0,10408.102139655584
catboost,2015-11-01,1056.0,12433.728917379378
catboost,2015-12-01,1389.0,13635.594122754155
catboost,2016-01-01,2445.0,20125.188177053227
catboost,2016-02-01,3474.0,17236.948091765957
catboost,2016-03-01,7794.0,16284.149589557555
catboost,2016-04-01,10397.0,21956.399403288182
catboost,2016-05-01,4590.0,21493.19347915152
catboost,2016-06-01,1318.0,23335.18890413895
catboost,2015-08-01,1278.0,4483.7935182596575
catboost,2015-09-01,480.0,5826.163439872543
catboost,2015-10-01,467.0,7237.649662510167
catboost,2015-11-01,1056.0,9494.815139185228
catboost,2015-12-01,1389.0,12374.364070614032
catboost,2016-01-01,2445.0,18769.25517328346
catboost,2016-02-01,3474.0,16861.19845687771
catboost,2016-03-01,7794.0,17624.818709498875
catboost,2016-04-01,10397.0,21051.740472808153
catboost,2016-05-01,4590.0,22782.86721251797
catboost,2016-06-01,1318.0,23862.56750081272
catboost,2016-07-01,786.0,25975.235940247505
catboost,2015-09-01,480.0,3629.200294246022
catboost,2015-10-01,467.0,5090.900877503435
catboost,2015-11-01,1056.0,7990.208297809982
catboost,2015-12-01,1389.0,11678.926290291573
catboost,2016-01-01,2445.0,18554.40279631227
catboost,2016-02-01,3474.0,18879.649196603677
catboost,2016-03-01,7794.0,18443.696912864158
catboost,2016-04-01,10397.0,23148.561237670463
catboost,2016-05-01,4590.0,24797.519788438512
catboost,2016-06-01,1318.0,25542.09653766588
catboost,2016-07-01,786.0,25736.927419933007
catboost,2016-08-01,296.0,22623.21751908427
catboost,2015-10-01,467.0,3650.317487660862
catboost,2015-11-01,1056.0,5485.940923161626
catboost,2015-12-01,1389.0,7383.523342920153
catboost,2016-01-01,2445.0,14727.203452694768
catboost,2016-02-01,3474.0,15368.937195700853
catboost,2016-03-01,7794.0,16788.76708088597
catboost,2016-04-01,10397.0,21637.84870078202
catboost,2016-05-01,4590.0,21006.288355661498
catboost,2016-06-01,1318.0,19109.86542054345
catboost,2016-07-01,786.0,20769.06726263927
catboost,2016-08-01,296.0,14715.660144478821
catboost,2016-09-01,177.0,10005.819921213293
catboost,2015-11-01,1056.0,3279.5836760731245
catboost,2015-12-01,1389.0,5697.086516251007
catboost,2016-01-01,2445.0,12204.997341366688
catboost,2016-02-01,3474.0,13104.464463991913
catboost,2016-03-01,7794.0,14345.51855641541
catboost,2016-04-01,10397.0,20522.267610453833
catboost,2016-05-01,4590.0,22885.776577411238
catboost,2016-06-01,1318.0,21601.978954116406
catboost,2016-07-01,786.0,20231.110069280436
catboost,2016-08-01,296.0,15011.958004046193
catboost,2016-09-01,177.0,10262.266912933295
catboost,2016-10-01,227.0,6574.209630729301
catboost,2015-12-01,1389.0,5285.392125117511
catboost,2016-01-01,2445.0,11568.375314045248
catboost,2016-02-01,3474.0,12725.276009145495
catboost,2016-03-01,7794.0,14257.466164816251
catboost,2016-04-01,10397.0,22435.386789814518
catboost,2016-05-01,4590.0,24701.286718219722
catboost,2016-06-01,1318.0,28634.81197459654
catboost,2016-07-01,786.0,27102.894675652937
catboost,2016-08-01,296.0,18545.55342464646
catboost,2016-09-01,177.0,13131.188598139892
catboost,2016-10-01,227.0,7062.957892242606
catboost,2016-11-01,377.0,4829.183810479546
catboost,2016-01-01,2445.0,9362.103538726022
catboost,2016-02-01,3474.0,10506.215978426535
catboost,2016-03-01,7794.0,12241.412207127716
catboost,2016-04-01,10397.0,19561.990318767632
catboost,2016-05-01,4590.0,28690.06861748075
catboost,2016-06-01,1318.0,30310.45618546151
catboost,2016-07-01,786.0,29349.077992590745
catboost,2016-08-01,296.0,19534.747859847503
catboost,2016-09-01,177.0,13793.0774840426
catboost,2016-10-01,227.0,7284.634779203205
catboost,2016-11-01,377.0,4786.388378811352
catboost,2016-12-01,616.0,5094.920423037993
catboost,2016-02-01,3474.0,5190.116822628699
catboost,2016-03-01,7794.0,6948.4441164471245
catboost,2016-04-01,10397.0,7908.555530434358
catboost,2016-05-01,4590.0,13876.227398770261
catboost,2016-06-01,1318.0,18799.692027128673
catboost,2016-07-01,786.0,19424.144576472056
catboost,2016-08-01,296.0,14394.451786719732
catboost,2016-09-01,177.0,9758.23034907741
catboost,2016-10-01,227.0,6009.437383950384
catboost,2016-11-01,377.0,3703.674752837223
catboost,2016-12-01,616.0,2513.0199061589487
catboost,2017-01-01,1147.0,2241.2499652494225
catboost,2016-03-01,7794.0,5964.680108026847
catboost,2016-04-01,10397.0,7220.11423029428
catboost,2016-05-01,4590.0,10338.894382513496
catboost,2016-06-01,1318.0,17205.739504991023
catboost,2016-07-01,786.0,16979.971883532155
catboost,2016-08-01,296.0,13238.497443785745
catboost,2016-09-01,177.0,10090.34787456207
catboost,2016-10-01,227.0,6460.3451434118715
catboost,2016-11-01,377.0,3766.173768148548
catboost,2016-12-01,616.0,2934.4792578782285
catboost,2017-01-01,1147.0,2865.5562909278615
catboost,2017-02-01,705.0,3423.0330006788076
catboost,2016-04-01,10397.0,11607.689016537153
catboost,2016-05-01,4590.0,17789.301276766273
catboost,2016-06-01,1318.0,20894.101449176807
catboost,2016-07-01,786.0,19123.177895081804
catboost,2016-08-01,296.0,14578.687538679183
catboost,2016-09-01,177.0,9894.25300800818
catboost,2016-10-01,227.0,7414.258138813704
catboost,2016-11-01,377.0,5037.803185814112
catboost,2016-12-01,616.0,4161.626147511626
catboost,2017-01-01,1147.0,4331.530823202029
catboost,2017-02-01,705.0,6235.452240704028
catboost,2017-03-01,551.0,9155.258524852674
catboost,2016-05-01,4590.0,17270.19564243334
catboost,2016-06-01,1318.0,18908.022314255966
catboost,2016-07-01,786.0,16545.290944716988
catboost,2016-08-01,296.0,12530.860530355303
catboost,2016-09-01,177.0,7669.250351970362
catboost,2016-10-01,227.0,5480.754993234622
catboost,2016-11-01,377.0,3687.908523521262
catboost,2016-12-01,616.0,3461.9927006251914
catboost,2017-01-01,1147.0,3488.0198472098327
catboost,2017-02-01,705.0,4255.235071487265
catboost,2017-03-01,551.0,6981.120865388819
catboost,2017-04-01,492.0,10889.7819813866
catboost,2016-06-01,1318.0,6631.56521288393
catboost,2016-07-01,786.0,7132.686789646282
catboost,2016-08-01,296.0,6275.293447414102
catboost,2016-09-01,177.0,5273.868399854513
catboost,2016-10-01,227.0,4543.920202701452
catboost,2016-11-01,377.0,3907.878108622703
catboost,2016-12-01,616.0,3642.7187690517853
catboost,2017-01-01,1147.0,3110.135214108478
catboost,2017-02-01,705.0,3116.501195208833
catboost,2017-03-01,551.0,4384.076124540235
catboost,2017-04-01,492.0,7597.248078352166
catboost,2017-05-01,230.0,9037.221418545278
catboost,2016-07-01,786.0,4697.378570579498
catboost,2016-08-01,296.0,5518.453575778638
catboost,2016-09-01,177.0,4944.8526991384
catboost,2016-10-01,227.0,3976.5637879225997
catboost,2016-11-01,377.0,3218.2303091383264
catboost,2016-12-01,616.0,3136.960580468436
catboost,2017-01-01,1147.0,3198.749546066046
catboost,2017-02-01,705.0,3258.43136673898
catboost,2017-03-01,551.0,3565.295435554657
catboost,2017-04-01,492.0,4974.249561689345
catboost,2017-05-01,230.0,5308.59663173062
catboost,2017-06-01,175.0,4981.090041750809
catboost,2016-08-01,296.0,2149.4510738415247
catboost,2016-09-01,177.0,2360.3763461561825
catboost,2016-10-01,227.0,2818.889019223747
catboost,2016-11-01,377.0,2984.0444125511103
catboost,2016-12-01,616.0,3376.2917419228856
catboost,2017-01-01,1147.0,3884.47028370965
catboost,2017-02-01,705.0,4605.351607453539
catboost,2017-03-01,551.0,5643.86481502145
catboost,2017-04-01,492.0,6522.182152916999
catboost,2017-05-01,230.0,4568.170884982344
catboost,2017-06-01,175.0,3374.516467234851
catboost,2017-07-01,173.0,1624.1575777678336
catboost,2016-09-01,177.0,1910.8241734918033
catboost,2016-10-01,227.0,2392.047981907496
catboost,2016-11-01,377.0,2851.7701360547026
catboost,2016-12-01,616.0,3101.1282608175175
catboost,2017-01-01,1147.0,3383.6432353805303
catboost,2017-02-01,705.0,3865.8453699004267
catboost,2017-03-01,551.0,4018.35856770764
catboost,2017-04-01,492.0,4580.500061911404
catboost,2017-05-01,230.0,3419.9987716873943
catboost,2017-06-01,175.0,2261.802370598127
catboost,2017-07-01,173.0,1690.7455497561355
catboost,2017-08-01,117.0,1213.037331722785
catboost,2016-10-01,227.0,1552.4028871000728
catboost,2016-11-01,377.0,2262.519725866175
catboost,2016-12-01,616.0,2991.735721980321
catboost,2017-01-01,1147.0,3336.7245085271034
catboost,2017-02-01,705.0,3417.0836083768595
catboost,2017-03-01,551.0,3237.5864164321038
catboost,2017-04-01,492.0,3176.862575505221
catboost,2017-05-01,230.0,2015.0968490074783
catboost,2017-06-01,175.0,1644.9890955000046
catboost,2017-07-01,173.0,979.2943284093362
catboost,2017-08-01,117.0,988.0773821307603
catboost,2017-09-01,159.0,1155.131357058809
catboost,2016-11-01,377.0,1307.4460411827604
catboost,2016-12-01,616.0,2318.161112935443
catboost,2017-01-01,1147.0,3305.052995162917
catboost,2017-02-01,705.0,3422.777902515676
catboost,2017-03-01,551.0,3248.039573254123
catboost,2017-04-01,492.0,3328.805267595285
catboost,2017-05-01,230.0,3655.40857739734
catboost,2017-06-01,175.0,2066.9298897846934
catboost,2017-07-01,173.0,1157.3474778617128
catboost,2017-08-01,117.0,689.7841659633505
catboost,2017-09-01,159.0,739.9388435230621
catboost,2017-10-01,267.0,1057.1405182980006
catboost,2016-12-01,616.0,1856.4672476558644
catboost,2017-01-01,1147.0,3256.2094749190774
catboost,2017-02-01,705.0,4111.0726273723785
catboost,2017-03-01,551.0,4124.303582755682
catboost,2017-04-01,492.0,5121.082593534887
catboost,2017-05-01,230.0,3718.2549323229196
catboost,2017-06-01,175.0,2369.6313803160565
catboost,2017-07-01,173.0,1119.4742645257065
catboost,2017-08-01,117.0,649.3906593895827
catboost,2017-09-01,159.0,576.8127280325343
catboost,2017-10-01,267.0,881.4034479113297
catboost,2017-11-01,225.0,1106.385832552589
catboost,2017-01-01,1147.0,2308.240971379086
catboost,2017-02-01,705.0,3540.2381085374245
catboost,2017-03-01,551.0,2844.8901631080344
catboost,2017-04-01,492.0,3817.2031514537307
catboost,2017-05-01,230.0,4284.5557578432545
catboost,2017-06-01,175.0,2683.397235657877
catboost,2017-07-01,173.0,1978.8059078118595
catboost,2017-08-01,117.0,862.465925927123
catboost,2017-09-01,159.0,605.9383168811373
catboost,2017-10-01,267.0,598.1731932680177
catboost,2017-11-01,225.0,661.9867300270989
catboost,2017-12-01,398.0,1387.9525946941121
catboost,2017-02-01,705.0,2867.3431848972
catboost,2017-03-01,551.0,2362.149632163094
catboost,2017-04-01,492.0,3409.319608346946
catboost,2017-05-01,230.0,4362.941426489902
catboost,2017-06-01,175.0,2756.3978929081145
catboost,2017-07-01,173.0,1690.110769345225
catboost,2017-08-01,117.0,1039.601234118204
catboost,2017-09-01,159.0,675.3034263883437
catboost,2017-10-01,267.0,748.9680566492443
catboost,2017-11-01,225.0,597.2453598164748
catboost,2017-12-01,398.0,1330.3427860064376
catboost,2018-01-01,435.0,2177.378528575021
catboost,2017-03-01,551.0,1863.5002858656594
catboost,2017-04-01,492.0,2593.3002513927404
catboost,2017-05-01,230.0,3043.108573349354
catboost,2017-06-01,175.0,1696.645029578333
catboost,2017-07-01,173.0,1199.6472540250697
catboost,2017-08-01,117.0,725.0845607835836
catboost,2017-09-01,159.0,730.1568841961462
catboost,2017-10-01,267.0,598.0339486079038
catboost,2017-11-01,225.0,999.240543777506
catboost,2017-12-01,398.0,1252.3651675003662
catboost,2018-01-01,435.0,1288.6537021875724
catboost,2018-02-01,425.0,2461.5528519250497
catboost,2017-04-01,492.0,1848.7008923897529
catboost,2017-05-01,230.0,3130.1133066668103
catboost,2017-06-01,175.0,2090.0600820904683
catboost,2017-07-01,173.0,1553.0714691855515
catboost,2017-08-01,117.0,1245.8178769653277
catboost,2017-09-01,159.0,1195.564970761453
catboost,2017-10-01,267.0,659.6053112915306
catboost,2017-11-01,225.0,757.8855976610694
catboost,2017-12-01,398.0,1154.4998890507559
catboost,2018-01-01,435.0,1656.833608123825
catboost,2018-02-01,425.0,2788.530084768749
catboost,2018-03-01,813.0,3736.692107563196
catboost,2017-05-01,230.0,747.3813690399829
catboost,2017-06-01,175.0,847.632660214329
catboost,2017-07-01,173.0,797.06103723868
catboost,2017-08-01,117.0,627.1545160619826
catboost,2017-09-01,159.0,512.7069519891775
catboost,2017-10-01,267.0,416.68410908057376
catboost,2017-11-01,225.0,488.0194180453336
catboost,2017-12-01,398.0,936.975668377268
catboost,2018-01-01,435.0,937.9404150684081
catboost,2018-02-01,425.0,1777.0907705945015
catboost,2018-03-01,813.0,2644.041317403298
catboost,2018-04-01,1396.0,2779.1064074636743
catboost,2017-06-01,175.0,904.265640543294
catboost,2017-07-01,173.0,729.9356295105044
catboost,2017-08-01,117.0,783.2121639428324
catboost,2017-09-01,159.0,678.9925017210007
catboost,2017-10-01,267.0,652.2761531555516
catboost,2017-11-01,225.0,298.9105430949139
catboost,2017-12-01,398.0,853.4481629893171
catboost,2018-01-01,435.0,981.5190832736189
catboost,2018-02-01,425.0,1781.4052695396176
catboost,2018-03-01,813.0,2770.373932026367
catboost,2018-04-01,1396.0,2922.342069477202
catboost,2018-05-01,1067.0,3167.9560988567114
catboost,2017-07-01,173.0,625.6246680548866
catboost,2017-08-01,117.0,290.0098528282151
catboost,2017-09-01,159.0,636.8710174780226
catboost,2017-10-01,267.0,629.9816345195923
catboost,2017-11-01,225.0,702.2021332427857
catboost,2017-12-01,398.0,844.5573568474047
catboost,2018-01-01,435.0,1116.6580233407803
catboost,2018-02-01,425.0,1464.9009310568517
catboost,2018-03-01,813.0,2532.585067417676
catboost,2018-04-01,1396.0,2964.739842580179
catboost,2018-05-01,1067.0,2762.016496259689
catboost,2018-06-01,743.0,2088.6335612181024
catboost,2017-08-01,117.0,709.1830997151928
catboost,2017-09-01,159.0,761.9755913111057
catboost,2017-10-01,267.0,828.7856149048089
catboost,2017-11-01,225.0,564.2126227602794
catboost,2017-12-01,398.0,756.7658706483444
catboost,2018-01-01,435.0,1015.020010036586
catboost,2018-02-01,425.0,1368.8873701077046
catboost,2018-03-01,813.0,2252.1236937049866
catboost,2018-04-01,1396.0,3086.4831166978097
catboost,2018-05-01,1067.0,3104.0551858086433
catboost,2018-06-01,743.0,2281.345666465214
catboost,2018-07-01,734.0,1704.8120934170065
catboost,2017-09-01,159.0,515.2543865025164
catboost,2017-10-01,267.0,551.6975315955679
catboost,2017-11-01,225.0,306.09961333587944
catboost,2017-12-01,398.0,589.3508703131793
catboost,2018-01-01,435.0,1482.2596238795286
catboost,2018-02-01,425.0,1488.4820880172379
catboost,2018-03-01,813.0,1940.9326708377062
catboost,2018-04-01,1396.0,2383.312322771223
catboost,2018-05-01,1067.0,2216.3489116236838
catboost,2018-06-01,743.0,1948.3558907916267
catboost,2018-07-01,734.0,1659.3110751702407
catboost,2018-08-01,330.0,1408.1441756518102
catboost,2017-10-01,267.0,519.6064365604207
catboost,2017-11-01,225.0,439.1963825751036
catboost,2017-12-01,398.0,783.3918524458372
catboost,2018-01-01,435.0,1588.6658836563097
catboost,2018-02-01,425.0,1470.4269946893291
catboost,2018-03-01,813.0,2214.131380488614
catboost,2018-04-01,1396.0,2776.8460143549673
catboost,2018-05-01,1067.0,2884.57391342942
catboost,2018-06-01,743.0,2323.909660987697
catboost,2018-07-01,734.0,1713.1207551663847
catboost,2018-08-01,330.0,1107.689374298367
catboost,2018-09-01,268.0,2121.987333350842
catboost,2017-11-01,225.0,483.28192118050265
catboost,2017-12-01,398.0,1020.0345230961225
catboost,2018-01-01,435.0,2081.50541487413
catboost,2018-02-01,425.0,2226.807451582479
catboost,2018-03-01,813.0,2482.4147707212956
catboost,2018-04-01,1396.0,2830.028392194584
catboost,2018-05-01,1067.0,2717.463307434744
catboost,2018-06-01,743.0,1866.248977399252
catboost,2018-07-01,734.0,1675.8553835329508
catboost,2018-08-01,330.0,1336.1878320444412
catboost,2018-09-01,268.0,2309.494450871614
catboost,2018-10-01,251.0,3090.5808800339596
catboost,2017-12-01,398.0,942.9589503284515
catboost,2018-01-01,435.0,1732.0059363971322
catboost,2018-02-01,425.0,1985.465556555569
catboost,2018-03-01,813.0,3321.168644392537
catboost,2018-04-01,1396.0,3310.9646534411513
catboost,2018-05-01,1067.0,3188.487537685005
catboost,2018-06-01,743.0,1970.6899687625341
catboost,2018-07-01,734.0,1559.0255124483328
catboost,2018-08-01,330.0,1300.5124603193012
catboost,2018-09-01,268.0,2546.863685379055
catboost,2018-10-01,251.0,3537.698564649707
catboost,2018-11-01,311.0,4504.564622763974
catboost,2018-01-01,435.0,1459.7917316710023
catboost,2018-02-01,425.0,1932.1661132832905
catboost,2018-03-01,813.0,3650.846911008636
catboost,2018-04-01,1396.0,3828.6184757540686
catboost,2018-05-01,1067.0,3557.742088330941
catboost,2018-06-01,743.0,2506.3802209158653
catboost,2018-07-01,734.0,1746.9343541513995
catboost,2018-08-01,330.0,1233.3997999310827
catboost,2018-09-01,268.0,2118.1682839730247
catboost,2018-10-01,251.0,2602.4784486333083
catboost,2018-11-01,311.0,3580.8170372131385
catboost,2018-12-01,738.0,4837.288241784121
catboost,2018-02-01,425.0,1752.8706464076408
catboost,2018-03-01,813.0,3533.1087687037907
catboost,2018-04-01,1396.0,3730.2080638583575
catboost,2018-05-01,1067.0,4103.499588033017
catboost,2018-06-01,743.0,2925.829964003973
catboost,2018-07-01,734.0,1674.0904156369343
catboost,2018-08-01,330.0,1079.5323895280821
catboost,2018-09-01,268.0,1475.4821782583076
catboost,2018-10-01,251.0,2149.1713477443245
catboost,2018-11-01,311.0,2425.8855603381035
catboost,2018-12-01,738.0,3861.9876047167763
catboost,2019-01-01,751.0,4493.226209823745
catboost,2018-03-01,813.0,2878.7497477543784
catboost,2018-04-01,1396.0,3192.6734087885825
catboost,2018-05-01,1067.0,3329.3885217293555
catboost,2018-06-01,743.0,3051.1345510565593
catboost,2018-07-01,734.0,2038.5837047466862
catboost,2018-08-01,330.0,1271.746657316849
catboost,2018-09-01,268.0,1527.737308752607
catboost,2018-10-01,251.0,1538.1298593490742
catboost,2018-11-01,311.0,2330.927626956016
catboost,2018-12-01,738.0,3286.472058304943
catboost,2019-01-01,751.0,3254.342767083753
catboost,2019-02-01,701.0,3924.150535245161
catboost,2018-04-01,1396.0,2323.4945724575005
catboost,2018-05-01,1067.0,3096.2577151755177
catboost,2018-06-01,743.0,2291.668660976243
catboost,2018-07-01,734.0,2219.372037308076
catboost,2018-08-01,330.0,1876.4422505187072
catboost,2018-09-01,268.0,2371.0359648387544
catboost,2018-10-01,251.0,2235.9894847191626
catboost,2018-11-01,311.0,2607.759694774678
catboost,2018-12-01,738.0,2992.546274684394
catboost,2019-01-01,751.0,2496.514780817791
catboost,2019-02-01,701.0,3358.381152436978
catboost,2019-03-01,3244.0,3952.031770622805
catboost,2018-05-01,1067.0,1936.7660704948066
catboost,2018-06-01,743.0,2176.2589530872656
catboost,2018-07-01,734.0,2158.628143057641
catboost,2018-08-01,330.0,2265.2183647001757
catboost,2018-09-01,268.0,2676.894752833836
catboost,2018-10-01,251.0,2342.231930950558
catboost,2018-11-01,311.0,2605.375700387156
catboost,2018-12-01,738.0,3395.3899804634484
catboost,2019-01-01,751.0,3026.466032275396
catboost,2019-02-01,701.0,3102.683526508209
catboost,2019-03-01,3244.0,3305.3713729191827
catboost,2019-04-01,5562.0,3176.57466337174
catboost,2018-06-01,743.0,1322.6677368174833
catboost,2018-07-01,734.0,1162.3131902813498
catboost,2018-08-01,330.0,1532.5541893880895
catboost,2018-09-01,268.0,2364.5236594117046
catboost,2018-10-01,251.0,2598.9364003164774
catboost,2018-11-01,311.0,3171.0772835886314
catboost,2018-12-01,738.0,3427.4055574461477
catboost,2019-01-01,751.0,3250.3329925264125
catboost,2019-02-01,701.0,2526.0758237206305
catboost,2019-03-01,3244.0,2675.787782899557
catboost,2019-04-01,5562.0,2789.237663831206
catboost,2019-05-01,6294.0,2636.1306182829285
catboost,2018-07-01,734.0,787.0692936372393
catboost,2018-08-01,330.0,1085.4433157924736
catboost,2018-09-01,268.0,2129.175877795432
catboost,2018-10-01,251.0,2726.581331773281
catboost,2018-11-01,311.0,3224.1506783848863
catboost,2018-12-01,738.0,4363.795416721086
catboost,2019-01-01,751.0,3656.611229954692
catboost,2019-02-01,701.0,2583.203152972619
catboost,2019-03-01,3244.0,2728.1912555963527
catboost,2019-04-01,5562.0,2347.0189128958477
catboost,2019-05-01,6294.0,2595.2475732979115
catboost,2019-06-01,3286.0,2811.9802711924867
catboost,2018-08-01,330.0,930.9104642095276
catboost,2018-09-01,268.0,1779.1730724605632
catboost,2018-10-01,251.0,2124.9569015432844
catboost,2018-11-01,311.0,3034.3121458100495
catboost,2018-12-01,738.0,3641.2154807919555
catboost,2019-01-01,751.0,3762.0128499917264
catboost,2019-02-01,701.0,3280.8475354998536
catboost,2019-03-01,3244.0,2468.1560267563564
catboost,2019-04-01,5562.0,2189.72806133849
catboost,2019-05-01,6294.0,2403.5068345971404
catboost,2019-06-01,3286.0,2454.0099433091023
catboost,2019-07-01,860.0,2310.7125309631065
catboost,2018-09-01,268.0,1181.3398613747527
catboost,2018-10-01,251.0,1550.9321278378275
catboost,2018-11-01,311.0,2443.230239786084
catboost,2018-12-01,738.0,3413.8076308489904
catboost,2019-01-01,751.0,3949.848786350295
catboost,2019-02-01,701.0,3964.0399763195023
catboost,2019-03-01,3244.0,3335.7378734150034
catboost,2019-04-01,5562.0,2750.686749206554
catboost,2019-05-01,6294.0,1819.9268265704354
catboost,2019-06-01,3286.0,1759.4601007546985
catboost,2019-07-01,860.0,1966.3763843044749
catboost,2019-08-01,448.0,2368.813393554894
catboost,2018-10-01,251.0,346.0313168070393
catboost,2018-11-01,311.0,1286.9004404975412
catboost,2018-12-01,738.0,2205.429878239517
catboost,2019-01-01,751.0,2337.1503971129214
catboost,2019-02-01,701.0,3197.3210367319843
catboost,2019-03-01,3244.0,3042.981536954342
catboost,2019-04-01,5562.0,2874.3711123165276
catboost,2019-05-01,6294.0,2188.7310957287104
catboost,2019-06-01,3286.0,1612.5114150124637
catboost,2019-07-01,860.0,1757.0258647628516
catboost,2019-08-01,448.0,1783.5112624325743
catboost,2019-09-01,385.0,1661.71543640351
catboost,2018-11-01,311.0,1418.7385960572901
catboost,2018-12-01,738.0,2538.558517479221
catboost,2019-01-01,751.0,2956.386728286858
catboost,2019-02-01,701.0,3387.5347251115677
catboost,2019-03-01,3244.0,4122.629518452377
catboost,2019-04-01,5562.0,3652.779465507942
catboost,2019-05-01,6294.0,2463.832632313391
catboost,2019-06-01,3286.0,1423.4250355401896
catboost,2019-07-01,860.0,1607.947668594065
catboost,2019-08-01,448.0,1333.372694018823
catboost,2019-09-01,385.0,1468.5125114836983
catboost,2019-10-01,230.0,1717.6882532649001
catboost,2018-12-01,738.0,1502.6345134766843
catboost,2019-01-01,751.0,1970.8927096502111
catboost,2019-02-01,701.0,2331.4027997472786
catboost,2019-03-01,3244.0,2814.131401599318
catboost,2019-04-01,5562.0,2871.3953438991593
catboost,2019-05-01,6294.0,2451.2488803427796
catboost,2019-06-01,3286.0,1685.2732105390128
catboost,2019-07-01,860.0,1367.6563827093282
catboost,2019-08-01,448.0,1475.807702195399
catboost,2019-09-01,385.0,1285.3401281312754
catboost,2019-10-01,230.0,1189.3181191199083
catboost,2019-11-01,245.0,1502.51303359219
catboost,2019-01-01,751.0,2098.971993084401
catboost,2019-02-01,701.0,2688.7369344255203
catboost,2019-03-01,3244.0,2948.151188556481
catboost,2019-04-01,5562.0,2441.4813064188256
catboost,2019-05-01,6294.0,2353.07922524411
catboost,2019-06-01,3286.0,1553.044815297318
catboost,2019-07-01,860.0,1089.627137428853
catboost,2019-08-01,448.0,724.2456916230981
catboost,2019-09-01,385.0,755.6034648264031
catboost,2019-10-01,230.0,1234.4307031377803
catboost,2019-11-01,245.0,1253.18482245524
catboost,2019-12-01,294.0,1933.0234423978059
catboost,2019-02-01,701.0,1338.5631621100688
catboost,2019-03-01,3244.0,2213.4974126895695
catboost,2019-04-01,5562.0,2481.2715406456746
catboost,2019-05-01,6294.0,2398.0588372100165
catboost,2019-06-01,3286.0,2160.103152707744
catboost,2019-07-01,860.0,2045.2479852252848
catboost,2019-08-01,448.0,1178.6743411743887
catboost,2019-09-01,385.0,491.95913300353004
catboost,2019-10-01,230.0,851.2811500672369
catboost,2019-11-01,245.0,967.925140615042
catboost,2019-12-01,294.0,1547.9925608850117
catboost,2020-01-01,371.0,2064.039656517589
catboost,2019-03-01,3244.0,1651.805673414106
catboost,2019-04-01,5562.0,2126.6895930801943
catboost,2019-05-01,6294.0,2699.9577942778296
catboost,2019-06-01,3286.0,2496.503338941185
catboost,2019-07-01,860.0,2429.5765373878153
catboost,2019-08-01,448.0,2062.639573126083
catboost,2019-09-01,385.0,1438.043515490444
catboost,2019-10-01,230.0,1407.8622781747008
catboost,2019-11-01,245.0,1339.925252373922
catboost,2019-12-01,294.0,1810.9975452218928
catboost,2020-01-01,371.0,2230.528034758793
catboost,2020-02-01,248.0,3145.882849675659
catboost,2019-04-01,5562.0,2903.3955715063926
catboost,2019-05-01,6294.0,3519.525400546097
catboost,2019-06-01,3286.0,3538.9837108141382
catboost,2019-07-01,860.0,2497.348785433832
catboost,2019-08-01,448.0,1305.0831762611892
catboost,2019-09-01,385.0,984.8763128836604
catboost,2019-10-01,230.0,920.087718464014
catboost,2019-11-01,245.0,1001.0423330507406
catboost,2019-12-01,294.0,1264.8389805066176
catboost,2020-01-01,371.0,1840.8693835432252
catboost,2020-02-01,248.0,3184.5865273004874
catboost,2020-03-01,230.0,3979.267873600349
catboost,2019-05-01,6294.0,5451.675725405149
catboost,2019-06-01,3286.0,5138.298597838268
catboost,2019-07-01,860.0,3836.960541885242
catboost,2019-08-01,448.0,2774.315156149428
catboost,2019-09-01,385.0,1207.2406051234598
catboost,2019-10-01,230.0,1184.947773414152
catboost,2019-11-01,245.0,889.6460071320216
catboost,2019-12-01,294.0,1341.8315516435564
catboost,2020-01-01,371.0,1868.6551111973738
catboost,2020-02-01,248.0,2850.329882484742
catboost,2020-03-01,230.0,4765.00814466867
catboost,2020-04-01,107.0,6921.450923413407
catboost,2019-06-01,3286.0,5358.554884948323
catboost,2019-07-01,860.0,4110.662434771533
catboost,2019-08-01,448.0,2370.226449982837
catboost,2019-09-01,385.0,968.7875405951077
catboost,2019-10-01,230.0,722.1915572489652
catboost,2019-11-01,245.0,708.8268455862631
catboost,2019-12-01,294.0,1261.913775385468
catboost,2020-01-01,371.0,2083.7597022440477
catboost,2020-02-01,248.0,3253.8799399685186
catboost,2020-03-01,230.0,5286.653286594314
catboost,2020-04-01,107.0,6468.38374720683
catboost,2020-05-01,81.0,6883.156573628667
catboost,2019-07-01,860.0,2583.9390458498165
catboost,2019-08-01,448.0,1538.0916310332495
catboost,2019-09-01,385.0,944.2561896130806
catboost,2019-10-01,230.0,949.3840498880613
catboost,2019-11-01,245.0,1102.1930424502502
catboost,2019-12-01,294.0,1799.4108972354857
catboost,2020-01-01,371.0,2370.7052901092593
catboost,2020-02-01,248.0,3103.8073724776914
catboost,2020-03-01,230.0,4112.164965651337
catboost,2020-04-01,107.0,5415.707287563846
catboost,2020-05-01,81.0,4419.2406537292345
catboost,2020-06-01,65.0,3505.7685490559807
catboost,2019-08-01,448.0,716.9276681114652
catboost,2019-09-01,385.0,541.8593996257773
catboost,2019-10-01,230.0,452.48269011748243
catboost,2019-11-01,245.0,945.744110874889
catboost,2019-12-01,294.0,1219.0505474419074
catboost,2020-01-01,371.0,2101.682421059668
catboost,2020-02-01,248.0,3081.800644007963
catboost,2020-03-01,230.0,4168.603819935755
catboost,2020-04-01,107.0,5769.141095323101
catboost,2020-05-01,81.0,4191.211524128041
catboost,2020-06-01,65.0,1978.092168625429
catboost,2020-07-01,68.0,1138.5760172274936
catboost,2019-09-01,385.0,382.81468493349985
catboost,2019-10-01,230.0,486.47382876891834
catboost,2019-11-01,245.0,595.975000285313
catboost,2019-12-01,294.0,751.5372049420157
catboost,2020-01-01,371.0,1965.6794527747245
catboost,2020-02-01,248.0,3279.2442093198874
catboost,2020-03-01,230.0,4488.777188628142
catboost,2020-04-01,107.0,5359.266007807169
catboost,2020-05-01,81.0,4231.652359926805
catboost,2020-06-01,65.0,2419.5947700029938
catboost,2020-07-01,68.0,1115.167180708081
catboost,2020-08-01,52.0,710.0118966899777
catboost,2019-10-01,230.0,452.83261557435026
catboost,2019-11-01,245.0,718.2505899862235
catboost,2019-12-01,294.0,1069.8918611612694
catboost,2020-01-01,371.0,2192.9504568633347
catboost,2020-02-01,248.0,3160.2131286760414
catboost,2020-03-01,230.0,3212.2449282342604
catboost,2020-04-01,107.0,4198.336044636015
catboost,2020-05-01,81.0,4567.348370428766
catboost,2020-06-01,65.0,2562.70500804293
catboost,2020-07-01,68.0,758.2655745270654
catboost,2020-08-01,52.0,494.01784375714715
catboost,2020-09-01,47.0,135.935530378159
catboost,2019-11-01,245.0,665.3610842261851
catboost,2019-12-01,294.0,1297.0458907394573
catboost,2020-01-01,371.0,2130.384641536936
catboost,2020-02-01,248.0,2765.6065133807874
catboost,2020-03-01,230.0,4021.1744264046442
catboost,2020-04-01,107.0,5372.049041400983
catboost,2020-05-01,81.0,4538.5465884265805
catboost,2020-06-01,65.0,2785.2536326721056
catboost,2020-07-01,68.0,975.5472618198432
catboost,2020-08-01,52.0,750.7170032026384
catboost,2020-09-01,47.0,364.64825849534054
catboost,2020-10-01,50.0,631.8481229334884
catboost,2019-12-01,294.0,1016.5435852339874
catboost,2020-01-01,371.0,1712.9258938617002
catboost,2020-02-01,248.0,2753.80889207618
catboost,2020-03-01,230.0,3552.7478567480466
catboost,2020-04-01,107.0,4954.322115993582
catboost,2020-05-01,81.0,4617.640895308957
catboost,2020-06-01,65.0,2678.7222928926085
catboost,2020-07-01,68.0,968.8455933406867
catboost,2020-08-01,52.0,602.796949104114
catboost,2020-09-01,47.0,579.5014146578683
catboost,2020-10-01,50.0,451.9911477847395
catboost,2020-11-01,84.0,675.3000676533147
catboost,2020-01-01,371.0,981.1758726437101
catboost,2020-02-01,248.0,1839.4095144656521
catboost,2020-03-01,230.0,3026.199193222594
catboost,2020-04-01,107.0,3726.707404230418
catboost,2020-05-01,81.0,4011.03737578801
catboost,2020-06-01,65.0,2805.665369977677
catboost,2020-07-01,68.0,1044.8272306736944
catboost,2020-08-01,52.0,726.9144075258628
catboost,2020-09-01,47.0,486.86071915963976
catboost,2020-10-01,50.0,502.8263541925894
catboost,2020-11-01,84.0,484.6878984592204
catboost,2020-12-01,32.0,661.0794071515029
catboost,2020-02-01,248.0,1490.727863247549
catboost,2020-03-01,230.0,2539.5191997346096
catboost,2020-04-01,107.0,3114.9703997909583
catboost,2020-05-01,81.0,2465.8666515443856
catboost,2020-06-01,65.0,1856.030404967216
catboost,2020-07-01,68.0,1422.491816837045
catboost,2020-08-01,52.0,530.4592892104642
catboost,2020-09-01,47.0,126.27950480705113
catboost,2020-10-01,50.0,598.7642791209073
catboost,2020-11-01,84.0,403.65384526015396
catboost,2020-12-01,32.0,613.3076087547906
catboost,2021-01-01,73.0,650.4730106037723
catboost,2020-03-01,230.0,1952.4305606461696
catboost,2020-04-01,107.0,2266.620244830882
catboost,2020-05-01,81.0,2337.2062966477506
catboost,2020-06-01,65.0,2199.1951410866095
catboost,2020-07-01,68.0,1406.2343637507502
catboost,2020-08-01,52.0,714.3375661507466
catboost,2020-09-01,47.0,367.8578728586199
catboost,2020-10-01,50.0,267.8663193782777
catboost,2020-11-01,84.0,324.83381459037355
catboost,2020-12-01,32.0,566.6204610186546
catboost,2021-01-01,73.0,506.60276819573255
catboost,2021-02-01,73.0,844.8887809977841
catboost,2020-04-01,107.0,1726.495620365804
catboost,2020-05-01,81.0,1803.3903039894217
catboost,2020-06-01,65.0,1553.887460599508
catboost,2020-07-01,68.0,1219.6124644073761
catboost,2020-08-01,52.0,887.7111636312366
catboost,2020-09-01,47.0,750.2928450319487
catboost,2020-10-01,50.0,568.9981840493706
catboost,2020-11-01,84.0,217.58762086472962
catboost,2020-12-01,32.0,75.40084135563939
catboost,2021-01-01,73.0,441.3932483611911
catboost,2021-02-01,73.0,746.4859930836669
catboost,2021-03-01,147.0,938.2735237950351
catboost,2020-05-01,81.0,832.2186995201855
catboost,2020-06-01,65.0,1348.361708820495
catboost,2020-07-01,68.0,931.8780706054999
catboost,2020-08-01,52.0,1732.1066442995736
catboost,2020-09-01,47.0,1616.9229249030627
catboost,2020-10-01,50.0,865.1019265793384
catboost,2020-11-01,84.0,688.7162207052083
catboost,2020-12-01,32.0,476.23539825515354
catboost,2021-01-01,73.0,501.963423226523
catboost,2021-02-01,73.0,808.6848344959576
catboost,2021-03-01,147.0,830.5984140134074
catboost,2021-04-01,174.0,1486.1198954912254
catboost,2020-06-01,65.0,840.9708003525348
catboost,2020-07-01,68.0,708.262821738364
catboost,2020-08-01,52.0,1671.008330225636
catboost,2020-09-01,47.0,2621.7686510282833
catboost,2020-10-01,50.0,1702.6627012106364
catboost,2020-11-01,84.0,1199.8442120328568
catboost,2020-12-01,32.0,800.7951108546799
catboost,2021-01-01,73.0,764.8085199274806
catboost,2021-02-01,73.0,941.3886239904714
catboost,2021-03-01,147.0,1191.2068843894808
catboost,2021-04-01,174.0,1662.1597782630854
catboost,2021-05-01,208.0,2330.37687601652
catboost,2020-07-01,68.0,465.1704577243536
catboost,2020-08-01,52.0,1565.0173183745762
catboost,2020-09-01,47.0,2318.845120957225
catboost,2020-10-01,50.0,1414.53535277229
catboost,2020-11-01,84.0,1559.4254728020628
catboost,2020-12-01,32.0,831.1741745630761
catboost,2021-01-01,73.0,923.9470290899158
catboost,2021-02-01,73.0,705.9919244618291
catboost,2021-03-01,147.0,916.882947624832
catboost,2021-04-01,174.0,1297.2820992770698
catboost,2021-05-01,208.0,2285.337067602951
catboost,2021-06-01,116.0,3208.196509390209
catboost,2020-08-01,52.0,1252.0297638127277
catboost,2020-09-01,47.0,2036.1594161261467
catboost,2020-10-01,50.0,1634.3296434458575
catboost,2020-11-01,84.0,1606.3274275061372
catboost,2020-12-01,32.0,1790.0884122742368
catboost,2021-01-01,73.0,1103.7352375919695
catboost,2021-02-01,73.0,900.5270420420384
catboost,2021-03-01,147.0,679.6775807000213
catboost,2021-04-01,174.0,1141.3080233263172
catboost,2021-05-01,208.0,1896.517922012801
catboost,2021-06-01,116.0,2648.761434203966
catboost,2021-07-01,67.0,3397.73942376951
catboost,2020-09-01,47.0,1863.5686823742867
catboost,2020-10-01,50.0,1105.9168762487643
catboost,2020-11-01,84.0,1580.1279856774288
catboost,2020-12-01,32.0,1524.8792916259674
catboost,2021-01-01,73.0,1607.5986210713234
catboost,2021-02-01,73.0,1267.614214532904
catboost,2021-03-01,147.0,1159.8857444278142
catboost,2021-04-01,174.0,1564.857464610151
catboost,2021-05-01,208.0,1775.4523782742503
catboost,2021-06-01,116.0,2399.080882442383
catboost,2021-07-01,67.0,3052.6428295036762
catboost,2021-08-01,63.0,3655.9661617009097
catboost,2020-10-01,50.0,523.0755377611986
catboost,2020-11-01,84.0,852.2423283054418
catboost,2020-12-01,32.0,1026.9613150404057
catboost,2021-01-01,73.0,1164.4288433274537
catboost,2021-02-01,73.0,1421.501602219269
catboost,2021-03-01,147.0,1331.2618002810302
catboost,2021-04-01,174.0,2103.2806006632663
catboost,2021-05-01,208.0,2709.915924836912
catboost,2021-06-01,116.0,2317.843011331436
catboost,2021-07-01,67.0,2267.473206212511
catboost,2021-08-01,63.0,2605.7251225972177
catboost,2021-09-01,41.0,2776.3241835429503
catboost,2020-11-01,84.0,508.0157316612617
catboost,2020-12-01,32.0,819.0744341794052
catboost,2021-01-01,73.0,972.2249466134795
catboost,2021-02-01,73.0,1203.5254073049277
catboost,2021-03-01,147.0,1397.994404871525
catboost,2021-04-01,174.0,2003.0477671741935
catboost,2021-05-01,208.0,2387.180979344729
catboost,2021-06-01,116.0,1787.5290378082495
catboost,2021-07-01,67.0,1848.035355733603
catboost,2021-08-01,63.0,1914.8629054684977
catboost,2021-09-01,41.0,1925.6715921347857
catboost,2021-10-01,28.0,2152.9991574795126
catboost,2020-12-01,32.0,548.7179134741905
catboost,2021-01-01,73.0,640.4456777701439
catboost,2021-02-01,73.0,974.8298562445734
catboost,2021-03-01,147.0,1782.1516139907667
catboost,2021-04-01,174.0,2192.141668177992
catboost,2021-05-01,208.0,2595.435085312555
catboost,2021-06-01,116.0,2217.4461901878967
catboost,2021-07-01,67.0,2162.586177855609
catboost,2021-08-01,63.0,2277.9541231546555
catboost,2021-09-01,41.0,1885.2537418523011
catboost,2021-10-01,28.0,1993.0966126525823
catboost,2021-11-01,72.0,2359.442875773104
catboost,2021-01-01,73.0,341.93803115283663
catboost,2021-02-01,73.0,889.98337924325
catboost,2021-03-01,147.0,1704.3323817019088
catboost,2021-04-01,174.0,2795.2107283872315
catboost,2021-05-01,208.0,2735.259434248274
catboost,2021-06-01,116.0,2267.282930074845
catboost,2021-07-01,67.0,2389.2448631178436
catboost,2021-08-01,63.0,2041.5996890578876
catboost,2021-09-01,41.0,1727.5948111126781
catboost,2021-10-01,28.0,1705.088814060619
catboost,2021-11-01,72.0,2055.708620530278
catboost,2021-12-01,30.0,2639.4560235525337
catboost,2021-02-01,73.0,755.4821589504522
catboost,2021-03-01,147.0,1678.1624135947827
catboost,2021-04-01,174.0,2688.654036401601
catboost,2021-05-01,208.0,3840.2245256282026
catboost,2021-06-01,116.0,3511.84374703742
catboost,2021-07-01,67.0,3129.03334374754
catboost,2021-08-01,63.0,2463.029989162163
catboost,2021-09-01,41.0,1816.7818677462228
catboost,2021-10-01,28.0,1297.7504020049307
catboost,2021-11-01,72.0,1509.252324713382
catboost,2021-12-01,30.0,2295.322170649692
catboost,2022-01-01,107.0,3313.8511015684016
catboost,2021-03-01,147.0,1113.411518327879
catboost,2021-04-01,174.0,2321.965569258111
catboost,2021-05-01,208.0,3472.3727327633
catboost,2021-06-01,116.0,3956.9184365014526
catboost,2021-07-01,67.0,3538.355585109178
catboost,2021-08-01,63.0,3489.8559383812435
catboost,2021-09-01,41.0,1889.339974584796
catboost,2021-10-01,28.0,1304.6003587847576
catboost,2021-11-01,72.0,1396.4299430872122
catboost,2021-12-01,30.0,2017.2920168479866
catboost,2022-01-01,107.0,2880.7929915304394
catboost,2022-02-01,210.0,3716.0037021003855
catboost,2021-04-01,174.0,1004.5949458042455
catboost,2021-05-01,208.0,2001.1904049287261
catboost,2021-06-01,116.0,2536.6271253293285
catboost,2021-07-01,67.0,3003.728263107296
catboost,2021-08-01,63.0,2718.44416057602
catboost,2021-09-01,41.0,2725.732783433633
catboost,2021-10-01,28.0,2084.6991460253266
catboost,2021-11-01,72.0,1676.8938141590722
catboost,2021-12-01,30.0,2231.3918711339556
catboost,2022-01-01,107.0,2737.513945619682
catboost,2022-02-01,210.0,3138.5295807772386
catboost,2022-03-01,572.0,3619.5242414658783
catboost,2021-05-01,208.0,959.1956847137908
catboost,2021-06-01,116.0,1218.9904124731609
catboost,2021-07-01,67.0,1689.0923450090804
catboost,2021-08-01,63.0,2561.9886573141416
catboost,2021-09-01,41.0,2623.7677747549246
catboost,2021-10-01,28.0,2484.625344404297
catboost,2021-11-01,72.0,2058.342713364282
catboost,2021-12-01,30.0,2338.960071202192
catboost,2022-01-01,107.0,2465.1620761413687
catboost,2022-02-01,210.0,2476.926348257893
catboost,2022-03-01,572.0,2982.6608933928915
catboost,2022-04-01,999.0,3392.09773845503
catboost,2021-06-01,116.0,636.9066472073896
catboost,2021-07-01,67.0,1092.8857092077042
catboost,2021-08-01,63.0,2141.238679584399
catboost,2021-09-01,41.0,3247.8657195944998
catboost,2021-10-01,28.0,3624.511048471336
catboost,2021-11-01,72.0,3375.908843468575
catboost,2021-12-01,30.0,3287.04912441783
catboost,2022-01-01,107.0,3149.804065949895
catboost,2022-02-01,210.0,2807.333034374946
catboost,2022-03-01,572.0,2578.008730389571
catboost,2022-04-01,999.0,2685.295072717181
catboost,2022-05-01,2110.0,3170.3133676935254
catboost,2021-07-01,67.0,880.2199841289844
catboost,2021-08-01,63.0,1571.7296995890688
catboost,2021-09-01,41.0,2397.041768765378
catboost,2021-10-01,28.0,2694.2578045291475
catboost,2021-11-01,72.0,2654.7265471495875
catboost,2021-12-01,30.0,2996.5957878125196
catboost,2022-01-01,107.0,2882.6547545156304
catboost,2022-02-01,210.0,2645.2246898124326
catboost,2022-03-01,572.0,2384.1602396018843
catboost,2022-04-01,999.0,2674.675288927522
catboost,2022-05-01,2110.0,3063.1191049107288
catboost,2022-06-01,806.0,3310.6743472072353
catboost,2021-08-01,63.0,654.3713902990858
catboost,2021-09-01,41.0,984.6099178227455
catboost,2021-10-01,28.0,1419.1375694889057
catboost,2021-11-01,72.0,1716.3819830409107
catboost,2021-12-01,30.0,2107.2146157437446
catboost,2022-01-01,107.0,2917.068772894535
catboost,2022-02-01,210.0,3182.0386832366553
catboost,2022-03-01,572.0,2874.456616708182
catboost,2022-04-01,999.0,2833.1749774985637
catboost,2022-05-01,2110.0,2141.3914903269847
catboost,2022-06-01,806.0,2603.7611805472557
catboost,2022-07-01,786.0,2908.3530286210257
catboost,2021-09-01,41.0,574.913074168227
catboost,2021-10-01,28.0,809.4280447764891
catboost,2021-11-01,72.0,986.2488600952861
catboost,2021-12-01,30.0,1951.1517845378812
catboost,2022-01-01,107.0,2868.881449756474
catboost,2022-02-01,210.0,3289.983222211253
catboost,2022-03-01,572.0,3857.3970814518766
catboost,2022-04-01,999.0,3643.6842541388232
catboost,2022-05-01,2110.0,2459.3339607678204
catboost,2022-06-01,806.0,2804.7281020669343
catboost,2022-07-01,786.0,2602.5660406569364
catboost,2022-08-01,409.0,3154.393707137741
catboost,2021-10-01,28.0,257.90691542496415
catboost,2021-11-01,72.0,175.79823563265063
catboost,2021-12-01,30.0,619.5006840811766
catboost,2022-01-01,107.0,1040.6728586187312
catboost,2022-02-01,210.0,1095.337573395375
catboost,2022-03-01,572.0,1445.3187391907597
catboost,2022-04-01,999.0,1820.5819929690454
catboost,2022-05-01,2110.0,2077.9237162039144
catboost,2022-06-01,806.0,2096.655122616205
catboost,2022-07-01,786.0,2121.571794570822
catboost,2022-08-01,409.0,1958.4980079670797
catboost,2022-09-01,418.0,2217.035790110449
catboost,2021-11-01,72.0,0.0
catboost,2021-12-01,30.0,515.4722993633632
catboost,2022-01-01,107.0,963.3219365380965
catboost,2022-02-01,210.0,1125.0582649853893
catboost,2022-03-01,572.0,1419.1620872307417
catboost,2022-04-01,999.0,1970.5905452492389
catboost,2022-05-01,2110.0,2234.588029292811
catboost,2022-06-01,806.0,2482.9006779193724
catboost,2022-07-01,786.0,2103.5901625313027
catboost,2022-08-01,409.0,1962.9380491010538
catboost,2022-09-01,418.0,2223.0266511820287
catboost,2022-10-01,655.0,2861.0623605032247
catboost,2021-12-01,30.0,519.5817929235554
catboost,2022-01-01,107.0,1106.341069392469
catboost,2022-02-01,210.0,1286.8631109395662
catboost,2022-03-01,572.0,1605.3904783039154
catboost,2022-04-01,999.0,2300.9609132317537
catboost,2022-05-01,2110.0,2974.529001227509
catboost,2022-06-01,806.0,3243.4061752526322
catboost,2022-07-01,786.0,3015.468569393278
catboost,2022-08-01,409.0,2211.704554110405
catboost,2022-09-01,418.0,2296.2039578716294
catboost,2022-10-01,655.0,2492.799880045226
catboost,2022-11-01,480.0,2719.8764866617776
catboost,2022-01-01,107.0,640.6386839553916
catboost,2022-02-01,210.0,1007.6273723692871
catboost,2022-03-01,572.0,1114.3837918357601
catboost,2022-04-01,999.0,1393.838172563126
catboost,2022-05-01,2110.0,2093.4686634547998
catboost,2022-06-01,806.0,2461.5229749743235
catboost,2022-07-01,786.0,2691.7339345210753
catboost,2022-08-01,409.0,2437.08218788526
catboost,2022-09-01,418.0,2352.520758253406
catboost,2022-10-01,655.0,2621.4220470708024
catboost,2022-11-01,480.0,3038.4659893694457
catboost,2022-12-01,501.0,3506.8135557983946
catboost,2022-02-01,210.0,242.2220809107239
catboost,2022-03-01,572.0,108.66150649525525
catboost,2022-04-01,999.0,101.43595070117408
catboost,2022-05-01,2110.0,137.2651797837857
catboost,2022-06-01,806.0,286.5256685016093
catboost,2022-07-01,786.0,267.9679663129268
catboost,2022-08-01,409.0,214.57772091102652
catboost,2022-09-01,418.0,334.41819590310297
catboost,2022-10-01,655.0,590.5463275995744
catboost,2022-11-01,480.0,680.8073301782324
catboost,2022-12-01,501.0,791.0088532783157
catboost,2023-01-01,1389.0,1068.9910670289028
catboost,2022-03-01,572.0,187.9549734798661
catboost,2022-04-01,999.0,250.93563942533274
catboost,2022-05-01,2110.0,247.71471966028002
catboost,2022-06-01,806.0,315.0806429306472
catboost,2022-07-01,786.0,397.745332031157
catboost,2022-08-01,409.0,642.2728405894068
catboost,2022-09-01,418.0,847.0814219488484
catboost,2022-10-01,655.0,1165.778311679236
catboost,2022-11-01,480.0,1198.536127719934
catboost,2022-12-01,501.0,1439.8851388268674
catboost,2023-01-01,1389.0,1806.0934480101046
catboost,2023-02-01,2274.0,1839.8962128010514
catboost,2022-04-01,999.0,682.1683837767791
catboost,2022-05-01,2110.0,829.104128297482
catboost,2022-06-01,806.0,938.42038366265
catboost,2022-07-01,786.0,970.0119657599696
catboost,2022-08-01,409.0,1236.2782326313218
catboost,2022-09-01,418.0,1309.6691728839296
catboost,2022-10-01,655.0,1995.2163143760663
catboost,2022-11-01,480.0,2122.1365515082284
catboost,2022-12-01,501.0,2622.057802156337
catboost,2023-01-01,1389.0,2908.6585301177242
catboost,2023-02-01,2274.0,3514.5990404506288
catboost,2023-03-01,5032.0,4146.143675909877
catboost,2022-05-01,2110.0,1209.792743795778
catboost,2022-06-01,806.0,1329.104652363563
catboost,2022-07-01,786.0,1927.675518339318
catboost,2022-08-01,409.0,2020.749404138906
catboost,2022-09-01,418.0,2137.465618649044
catboost,2022-10-01,655.0,1979.6695994652753
catboost,2022-11-01,480.0,1937.7017936348332
catboost,2022-12-01,501.0,2188.263936525059
catboost,2023-01-01,1389.0,2227.289781577666
catboost,2023-02-01,2274.0,2816.296882510055
catboost,2023-03-01,5032.0,3100.6092562478193
catboost,2023-04-01,8196.0,3264.3661422461664
catboost,2022-06-01,806.0,2343.692536335042
catboost,2022-07-01,786.0,2887.2896095205306
catboost,2022-08-01,409.0,2847.095057414782
catboost,2022-09-01,418.0,2714.6870856891783
catboost,2022-10-01,655.0,2046.8275441650285
catboost,2022-11-01,480.0,2029.6037228669195
catboost,2022-12-01,501.0,2095.481148068828
catboost,2023-01-01,1389.0,2308.4710777053597
catboost,2023-02-01,2274.0,2859.2297018092295
catboost,2023-03-01,5032.0,3472.4247526806366
catboost,2023-04-01,8196.0,4259.189440828735
catboost,2023-05-01,6345.0,4535.4395358048005
catboost,2022-07-01,786.0,1749.9060512186613
catboost,2022-08-01,409.0,1411.4982036933359
catboost,2022-09-01,418.0,1575.9984480931955
catboost,2022-10-01,655.0,1488.612570826098
catboost,2022-11-01,480.0,1520.2790728017708
catboost,2022-12-01,501.0,1748.9176290428577
catboost,2023-01-01,1389.0,1900.9386799783938
catboost,2023-02-01,2274.0,2070.3875912056164
catboost,2023-03-01,5032.0,3401.3126093818746
catboost,2023-04-01,8196.0,4423.287394049662
catboost,2023-05-01,6345.0,5036.462988424013
catboost,2023-06-01,4818.0,3435.6329813224474
catboost,2022-08-01,409.0,997.0132597673462
catboost,2022-09-01,418.0,1151.9574992296432
catboost,2022-10-01,655.0,1009.5648153394989
catboost,2022-11-01,480.0,993.469751879461
catboost,2022-12-01,501.0,1661.864228251618
catboost,2023-01-01,1389.0,2148.7058899928143
catboost,2023-02-01,2274.0,2358.089642662888
catboost,2023-03-01,5032.0,3329.993632594331
catboost,2023-04-01,8196.0,3910.297406658344
catboost,2023-05-01,6345.0,4681.315772331927
catboost,2023-06-01,4818.0,3033.0921690835385
catboost,2023-07-01,3412.0,2225.7624370526423
catboost,2022-09-01,418.0,487.70130361943893
catboost,2022-10-01,655.0,582.2653998721621
catboost,2022-11-01,480.0,673.5664227248358
catboost,2022-12-01,501.0,1126.7860099642633
catboost,2023-01-01,1389.0,1796.744399255024
catboost,2023-02-01,2274.0,2289.115066382568
catboost,2023-03-01,5032.0,3878.5783757515674
catboost,2023-04-01,8196.0,4888.451231825744
catboost,2023-05-01,6345.0,3683.5472915516248
catboost,2023-06-01,4818.0,2299.8776964913577
catboost,2023-07-01,3412.0,1873.416792364874
catboost,2023-08-01,2034.0,1599.5571268904291
catboost,2022-10-01,655.0,591.8902352189493
catboost,2022-11-01,480.0,744.9607370673707
catboost,2022-12-01,501.0,1094.2698067320928
catboost,2023-01-01,1389.0,1507.7517728529194
catboost,2023-02-01,2274.0,1880.9215708239321
catboost,2023-03-01,5032.0,3097.5695995024753
catboost,2023-04-01,8196.0,3474.3503322176794
catboost,2023-05-01,6345.0,4969.641032022291
catboost,2023-06-01,4818.0,3960.0452482443598
catboost,2023-07-01,3412.0,2859.151296392538
catboost,2023-08-01,2034.0,1932.782422670846
catboost,2023-09-01,1961.0,1344.9352296820252
catboost,2022-11-01,480.0,630.6836821217948
catboost,2022-12-01,501.0,783.4504283158187
catboost,2023-01-01,1389.0,1394.6585147118708
catboost,2023-02-01,2274.0,1993.2322842750827
catboost,2023-03-01,5032.0,3020.4542410034264
catboost,2023-04-01,8196.0,3225.5811444483315
catboost,2023-05-01,6345.0,3824.6386301180773
catboost,2023-06-01,4818.0,2999.2320329558756
catboost,2023-07-01,3412.0,2218.482036126379
catboost,2023-08-01,2034.0,2228.774363047718
catboost,2023-09-01,1961.0,1894.7744412837255
catboost,2023-10-01,2247.0,1277.4057970517688
catboost,2022-12-01,501.0,809.074558864442
catboost,2023-01-01,1389.0,1490.4561254209923
catboost,2023-02-01,2274.0,2084.2933396690973
catboost,2023-03-01,5032.0,3211.5601893557205
catboost,2023-04-01,8196.0,4400.031837432083
catboost,2023-05-01,6345.0,5305.687603706316
catboost,2023-06-01,4818.0,2320.0172390465514
catboost,2023-07-01,3412.0,1804.1553952548456
catboost,2023-08-01,2034.0,1549.898266427023
catboost,2023-09-01,1961.0,1401.2882500600697
catboost,2023-10-01,2247.0,1143.3959300898161
catboost,2023-11-01,3158.0,1536.9003048257473
catboost,2023-01-01,1389.0,1425.6565280245636
catboost,2023-02-01,2274.0,1986.2510215829614
catboost,2023-03-01,5032.0,2782.8550056456133
catboost,2023-04-01,8196.0,3650.9684346101126
catboost,2023-05-01,6345.0,4845.791024966995
catboost,2023-06-01,4818.0,2445.9134901596367
catboost,2023-07-01,3412.0,2138.034858326598
catboost,2023-08-01,2034.0,1599.84493470083
catboost,2023-09-01,1961.0,871.2316389667867
catboost,2023-10-01,2247.0,660.0645556202162
catboost,2023-11-01,3158.0,868.302901643862
catboost,2023-12-01,7277.0,1201.8202662793813
catboost,2023-02-01,2274.0,1730.2012126098778
catboost,2023-03-01,5032.0,2617.4572527529417
catboost,2023-04-01,8196.0,3404.0831175476796
catboost,2023-05-01,6345.0,4895.095391241474
catboost,2023-06-01,4818.0,3884.788590250834
catboost,2023-07-01,3412.0,1996.7231826920206
catboost,2023-08-01,2034.0,878.732619681306
catboost,2023-09-01,1961.0,980.9851447190626
catboost,2023-10-01,2247.0,710.6863217891037
catboost,2023-11-01,3158.0,914.9925650043497
catboost,2023-12-01,7277.0,976.2946942484634
catboost,2024-01-01,19683.0,1499.7147189513898
catboost,2023-03-01,5032.0,4036.2451342101804
catboost,2023-04-01,8196.0,5456.884488227468
catboost,2023-05-01,6345.0,4118.341015098699
catboost,2023-06-01,4818.0,2299.8202774675938
catboost,2023-07-01,3412.0,1815.9816917693274
catboost,2023-08-01,2034.0,1075.195934545942
catboost,2023-09-01,1961.0,1024.5604951815208
catboost,2023-10-01,2247.0,670.4488495631776
catboost,2023-11-01,3158.0,1029.1608038438894
catboost,2023-12-01,7277.0,1116.9207344815532
catboost,2024-01-01,19683.0,1854.8456365047773
catboost,2024-02-01,54496.0,2544.2599990602107
catboost,2023-04-01,8196.0,5416.1302230186775
catboost,2023-05-01,6345.0,4712.44577311738
catboost,2023-06-01,4818.0,3302.6460645256266
catboost,2023-07-01,3412.0,1755.4403137286256
catboost,2023-08-01,2034.0,1104.5531676102826
catboost,2023-09-01,1961.0,594.5898125595631
catboost,2023-10-01,2247.0,356.6272548576567
catboost,2023-11-01,3158.0,572.9257167762121
catboost,2023-12-01,7277.0,926.2754416740283
catboost,2024-01-01,19683.0,1133.2616732691545
catboost,2024-02-01,54496.0,1370.6750539990019
catboost,2024-03-01,38264.0,1880.231986904065
catboost,2023-05-01,6345.0,6054.7402914133745
catboost,2023-06-01,4818.0,3899.4784429954525
catboost,2023-07-01,3412.0,2090.5874494960854
catboost,2023-08-01,2034.0,1108.145914085256
catboost,2023-09-01,1961.0,624.7893375387393
catboost,2023-10-01,2247.0,696.6912086369339
catboost,2023-11-01,3158.0,699.6260701935598
catboost,2023-12-01,7277.0,1259.9628041744284
catboost,2024-01-01,19683.0,1403.0341394377947
catboost,2024-02-01,54496.0,2800.7825920708365
catboost,2024-03-01,38264.0,3934.3711578945963
catboost,2024-04-01,10048.0,4574.771852303425
catboost,2023-06-01,4818.0,4507.229962752278
catboost,2023-07-01,3412.0,2181.7010152843395
catboost,2023-08-01,2034.0,1398.0865864294606
catboost,2023-09-01,1961.0,866.699693295742
catboost,2023-10-01,2247.0,774.0227715547353
catboost,2023-11-01,3158.0,1031.0374802187796
catboost,2023-12-01,7277.0,1537.056899131757
catboost,2024-01-01,19683.0,2021.1421268913127
catboost,2024-02-01,54496.0,2707.2903078470363
catboost,2024-03-01,38264.0,4507.926680584582
catboost,2024-04-01,10048.0,6422.26102121696
catboost,2024-05-01,5536.0,5690.550600433155
catboost,2023-07-01,3412.0,3205.0915022580907
catboost,2023-08-01,2034.0,1944.3094014677285
catboost,2023-09-01,1961.0,926.228135077481
catboost,2023-10-01,2247.0,810.1058631556721
catboost,2023-11-01,3158.0,880.9154054172725
catboost,2023-12-01,7277.0,1347.0082097915736
catboost,2024-01-01,19683.0,2065.483945142817
catboost,2024-02-01,54496.0,2900.209573347709
catboost,2024-03-01,38264.0,4203.610574963483
catboost,2024-04-01,10048.0,6309.255248825244
catboost,2024-05-01,5536.0,4385.0691225643695
catboost,2024-06-01,3521.0,3925.576721804479
catboost,2023-08-01,2034.0,2206.5938333391723
catboost,2023-09-01,1961.0,1344.0245245088825
catboost,2023-10-01,2247.0,827.5037673749671
catboost,2023-11-01,3158.0,770.9287382171369
catboost,2023-12-01,7277.0,1306.6651704694457
catboost,2024-01-01,19683.0,1793.469083887363
catboost,2024-02-01,54496.0,2713.7878095961632
catboost,2024-03-01,38264.0,4300.235555037326
catboost,2024-04-01,10048.0,5793.8601114881385
catboost,2024-05-01,5536.0,5701.8878362052865
catboost,2024-06-01,3521.0,3485.535520545576
catboost,2024-07-01,1646.0,2067.773227872359
catboost,2023-09-01,1961.0,1160.0996364451548
catboost,2023-10-01,2247.0,763.74258466212
catboost,2023-11-01,3158.0,975.3342488725577
catboost,2023-12-01,7277.0,1272.712026974852
catboost,2024-01-01,19683.0,1538.4332683554692
catboost,2024-02-01,54496.0,2389.0969268833524
catboost,2024-03-01,38264.0,4062.898335578173
catboost,2024-04-01,10048.0,6288.677755633758
catboost,2024-05-01,5536.0,5121.986887160299
catboost,2024-06-01,3521.0,3143.3689106499587
catboost,2024-07-01,1646.0,1936.1960202960747
catboost,2024-08-01,1155.0,832.8190116905923
catboost,2023-10-01,2247.0,1218.4153705981696
catboost,2023-11-01,3158.0,1397.3323356395745
catboost,2023-12-01,7277.0,1876.5333608360875
catboost,2024-01-01,19683.0,2830.796721552235
catboost,2024-02-01,54496.0,3708.8154639645036
catboost,2024-03-01,38264.0,5686.446737239674
catboost,2024-04-01,10048.0,5918.9504505594405
catboost,2024-05-01,5536.0,4351.130223883483
catboost,2024-06-01,3521.0,3366.5093981427926
catboost,2024-07-01,1646.0,2403.5378000995956
catboost,2024-08-01,1155.0,1540.1236483630523
catboost,2024-09-01,1400.0,992.6785159704402
catboost,2023-11-01,3158.0,2027.006505607248
catboost,2023-12-01,7277.0,2227.920271401026
catboost,2024-01-01,19683.0,3077.009352987917
catboost,2024-02-01,54496.0,4038.7787663673303
catboost,2024-03-01,38264.0,6214.002363692242
catboost,2024-04-01,10048.0,6387.257846467042
catboost,2024-05-01,5536.0,5987.574090205466
catboost,2024-06-01,3521.0,3941.300179083826
catboost,2024-07-01,1646.0,2777.355628632373
catboost,2024-08-01,1155.0,1870.5525981954702
catboost,2024-09-01,1400.0,1273.0686333763779
catboost,2024-10-01,1214.0,928.2608189157261
catboost,2023-12-01,7277.0,2997.6296479349285
catboost,2024-01-01,19683.0,3532.3157965132777
catboost,2024-02-01,54496.0,5288.987587316576
catboost,2024-03-01,38264.0,6266.1506770521155
catboost,2024-04-01,10048.0,5946.208856796849
catboost,2024-05-01,5536.0,6053.098987313815
catboost,2024-06-01,3521.0,4918.780568506449
catboost,2024-07-01,1646.0,2917.9458243942267
catboost,2024-08-01,1155.0,2010.1426193593443
catboost,2024-09-01,1400.0,1384.3807347345833
catboost,2024-10-01,1214.0,1299.8202987010588
catboost,2024-11-01,1286.0,1102.9589786207146
catboost,2024-01-01,19683.0,6192.559405369416
catboost,2024-02-01,54496.0,5612.369823840811
catboost,2024-03-01,38264.0,5641.434715615939
catboost,2024-04-01,10048.0,4524.493821570897
catboost,2024-05-01,5536.0,4463.604592167481
catboost,2024-06-01,3521.0,4270.988609997463
catboost,2024-07-01,1646.0,2692.037960602025
catboost,2024-08-01,1155.0,2263.3991013170694
catboost,2024-09-01,1400.0,2455.326374353518
catboost,2024-10-01,1214.0,2637.8573739658827
catboost,2024-11-01,1286.0,2840.398751889694
catboost,2024-12-01,1184.0,3295.127484641506
randomforest,2014-01-01,569.0,4945.94
randomforest,2014-02-01,431.0,11371.37
randomforest,2014-03-01,464.0,21803.18
randomforest,2014-04-01,317.0,21228.12
randomforest,2014-05-01,308.0,17771.26
randomforest,2014-06-01,271.0,15114.87
randomforest,2014-07-01,191.0,10783.05
randomforest,2014-08-01,310.0,8013.04
randomforest,2014-09-01,295.0,1846.32
randomforest,2014-10-01,237.0,927.14
randomforest,2014-11-01,239.0,1448.74
randomforest,2014-12-01,109.0,3713.52
randomforest,2014-02-01,431.0,10532.32
randomforest,2014-03-01,464.0,22481.79
randomforest,2014-04-01,317.0,22041.08
randomforest,2014-05-01,308.0,17602.46
randomforest,2014-06-01,271.0,14816.83
randomforest,2014-07-01,191.0,11282.02
randomforest,2014-08-01,310.0,10855.79
randomforest,2014-09-01,295.0,7794.42
randomforest,2014-10-01,237.0,1395.77
randomforest,2014-11-01,239.0,1297.49
randomforest,2014-12-01,109.0,3099.7
randomforest,2015-01-01,187.0,6695.67
randomforest,2014-03-01,464.0,18400.46
randomforest,2014-04-01,317.0,20531.99
randomforest,2014-05-01,308.0,15384.93
randomforest,2014-06-01,271.0,11777.97
randomforest,2014-07-01,191.0,8360.69
randomforest,2014-08-01,310.0,7293.0
randomforest,2014-09-01,295.0,6906.27
randomforest,2014-10-01,237.0,6454.01
randomforest,2014-11-01,239.0,1578.68
randomforest,2014-12-01,109.0,2775.13
randomforest,2015-01-01,187.0,8643.25
randomforest,2015-02-01,286.0,15241.89
randomforest,2014-04-01,317.0,11924.8
randomforest,2014-05-01,308.0,11517.13
randomforest,2014-06-01,271.0,8721.08
randomforest,2014-07-01,191.0,3669.28
randomforest,2014-08-01,310.0,3155.94
randomforest,2014-09-01,295.0,2902.61
randomforest,2014-10-01,237.0,2983.2
randomforest,2014-11-01,239.0,3116.12
randomforest,2014-12-01,109.0,2394.56
randomforest,2015-01-01,187.0,7584.1
randomforest,2015-02-01,286.0,16055.6
randomforest,2015-03-01,1312.0,22849.81
randomforest,2014-05-01,308.0,4872.15
randomforest,2014-06-01,271.0,6199.36
randomforest,2014-07-01,191.0,2896.09
randomforest,2014-08-01,310.0,2253.51
randomforest,2014-09-01,295.0,2125.36
randomforest,2014-10-01,237.0,2292.91
randomforest,2014-11-01,239.0,2466.22
randomforest,2014-12-01,109.0,3003.99
randomforest,2015-01-01,187.0,7599.8
randomforest,2015-02-01,286.0,16597.36
randomforest,2015-03-01,1312.0,24234.44
randomforest,2015-04-01,3766.0,27738.0
randomforest,2014-06-01,271.0,1915.05
randomforest,2014-07-01,191.0,1431.8
randomforest,2014-08-01,310.0,895.6
randomforest,2014-09-01,295.0,748.0
randomforest,2014-10-01,237.0,631.85
randomforest,2014-11-01,239.0,722.76
randomforest,2014-12-01,109.0,1209.34
randomforest,2015-01-01,187.0,6738.61
randomforest,2015-02-01,286.0,16652.92
randomforest,2015-03-01,1312.0,24391.44
randomforest,2015-04-01,3766.0,29008.09
randomforest,2015-05-01,6704.0,40151.87
randomforest,2014-07-01,191.0,478.28
randomforest,2014-08-01,310.0,458.97
randomforest,2014-09-01,295.0,444.1
randomforest,2014-10-01,237.0,486.27
randomforest,2014-11-01,239.0,761.11
randomforest,2014-12-01,109.0,1317.38
randomforest,2015-01-01,187.0,6355.76
randomforest,2015-02-01,286.0,17865.42
randomforest,2015-03-01,1312.0,25055.68
randomforest,2015-04-01,3766.0,28373.19
randomforest,2015-05-01,6704.0,40130.13
randomforest,2015-06-01,3156.0,29083.0
randomforest,2014-08-01,310.0,315.39
randomforest,2014-09-01,295.0,380.94
randomforest,2014-10-01,237.0,438.1
randomforest,2014-11-01,239.0,601.76
randomforest,2014-12-01,109.0,1193.16
randomforest,2015-01-01,187.0,6668.03
randomforest,2015-02-01,286.0,17984.32
randomforest,2015-03-01,1312.0,25940.15
randomforest,2015-04-01,3766.0,30228.78
randomforest,2015-05-01,6704.0,40520.51
randomforest,2015-06-01,3156.0,29158.88
randomforest,2015-07-01,1356.0,27223.77
randomforest,2014-09-01,295.0,357.78
randomforest,2014-10-01,237.0,427.4
randomforest,2014-11-01,239.0,539.41
randomforest,2014-12-01,109.0,1006.09
randomforest,2015-01-01,187.0,6332.49
randomforest,2015-02-01,286.0,18108.63
randomforest,2015-03-01,1312.0,25477.85
randomforest,2015-04-01,3766.0,30119.47
randomforest,2015-05-01,6704.0,40211.44
randomforest,2015-06-01,3156.0,28562.9
randomforest,2015-07-01,1356.0,26787.76
randomforest,2015-08-01,1278.0,28965.77
randomforest,2014-10-01,237.0,358.76
randomforest,2014-11-01,239.0,562.68
randomforest,2014-12-01,109.0,1313.4
randomforest,2015-01-01,187.0,5957.48
randomforest,2015-02-01,286.0,19670.68
randomforest,2015-03-01,1312.0,26388.58
randomforest,2015-04-01,3766.0,33030.9
randomforest,2015-05-01,6704.0,38657.31
randomforest,2015-06-01,3156.0,29340.86
randomforest,2015-07-01,1356.0,28434.6
randomforest,2015-08-01,1278.0,28545.78
randomforest,2015-09-01,480.0,27235.8
randomforest,2014-11-01,239.0,512.28
randomforest,2014-12-01,109.0,1305.08
randomforest,2015-01-01,187.0,6040.44
randomforest,2015-02-01,286.0,20078.71
randomforest,2015-03-01,1312.0,25829.86
randomforest,2015-04-01,3766.0,32739.57
randomforest,2015-05-01,6704.0,38667.75
randomforest,2015-06-01,3156.0,29450.71
randomforest,2015-07-01,1356.0,29359.56
randomforest,2015-08-01,1278.0,26686.93
randomforest,2015-09-01,480.0,26002.67
randomforest,2015-10-01,467.0,28543.32
randomforest,2014-12-01,109.0,984.84
randomforest,2015-01-01,187.0,6119.24
randomforest,2015-02-01,286.0,19890.36
randomforest,2015-03-01,1312.0,25884.78
randomforest,2015-04-01,3766.0,32599.25
randomforest,2015-05-01,6704.0,38568.79
randomforest,2015-06-01,3156.0,29129.27
randomforest,2015-07-01,1356.0,28376.54
randomforest,2015-08-01,1278.0,29110.97
randomforest,2015-09-01,480.0,26087.93
randomforest,2015-10-01,467.0,28826.45
randomforest,2015-11-01,1056.0,31693.88
randomforest,2015-01-01,187.0,5384.0
randomforest,2015-02-01,286.0,20067.37
randomforest,2015-03-01,1312.0,26258.36
randomforest,2015-04-01,3766.0,32530.15
randomforest,2015-05-01,6704.0,37935.92
randomforest,2015-06-01,3156.0,28987.34
randomforest,2015-07-01,1356.0,28604.5
randomforest,2015-08-01,1278.0,28925.56
randomforest,2015-09-01,480.0,26388.58
randomforest,2015-10-01,467.0,30502.2
randomforest,2015-11-01,1056.0,34240.67
randomforest,2015-12-01,1389.0,33085.9
randomforest,2015-02-01,286.0,17981.61
randomforest,2015-03-01,1312.0,26118.05
randomforest,2015-04-01,3766.0,31363.11
randomforest,2015-05-01,6704.0,37506.22
randomforest,2015-06-01,3156.0,27057.39
randomforest,2015-07-01,1356.0,27780.39
randomforest,2015-08-01,1278.0,29739.35
randomforest,2015-09-01,480.0,27480.29
randomforest,2015-10-01,467.0,30571.21
randomforest,2015-11-01,1056.0,33503.11
randomforest,2015-12-01,1389.0,32712.98
randomforest,2016-01-01,2445.0,38042.53
randomforest,2015-03-01,1312.0,11452.35
randomforest,2015-04-01,3766.0,26637.41
randomforest,2015-05-01,6704.0,34773.36
randomforest,2015-06-01,3156.0,26253.07
randomforest,2015-07-01,1356.0,22359.83
randomforest,2015-08-01,1278.0,21683.29
randomforest,2015-09-01,480.0,21520.52
randomforest,2015-10-01,467.0,27539.69
randomforest,2015-11-01,1056.0,32175.81
randomforest,2015-12-01,1389.0,32676.61
randomforest,2016-01-01,2445.0,37983.6
randomforest,2016-02-01,3474.0,38427.7
randomforest,2015-04-01,3766.0,14978.51
randomforest,2015-05-01,6704.0,32436.97
randomforest,2015-06-01,3156.0,27256.6
randomforest,2015-07-01,1356.0,22558.74
randomforest,2015-08-01,1278.0,19662.21
randomforest,2015-09-01,480.0,19196.63
randomforest,2015-10-01,467.0,23808.45
randomforest,2015-11-01,1056.0,30886.24
randomforest,2015-12-01,1389.0,31455.33
randomforest,2016-01-01,2445.0,37661.41
randomforest,2016-02-01,3474.0,37828.2
randomforest,2016-03-01,7794.0,31126.37
randomforest,2015-05-01,6704.0,22967.97
randomforest,2015-06-01,3156.0,23255.46
randomforest,2015-07-01,1356.0,21716.55
randomforest,2015-08-01,1278.0,20232.43
randomforest,2015-09-01,480.0,19680.84
randomforest,2015-10-01,467.0,21028.99
randomforest,2015-11-01,1056.0,27631.69
randomforest,2015-12-01,1389.0,28134.02
randomforest,2016-01-01,2445.0,36950.37
randomforest,2016-02-01,3474.0,36612.36
randomforest,2016-03-01,7794.0,29040.49
randomforest,2016-04-01,10397.0,39221.56
randomforest,2015-06-01,3156.0,10981.23
randomforest,2015-07-01,1356.0,18824.59
randomforest,2015-08-01,1278.0,24709.59
randomforest,2015-09-01,480.0,25386.39
randomforest,2015-10-01,467.0,23745.2
randomforest,2015-11-01,1056.0,25208.12
randomforest,2015-12-01,1389.0,26766.54
randomforest,2016-01-01,2445.0,32372.97
randomforest,2016-02-01,3474.0,31787.51
randomforest,2016-03-01,7794.0,31448.86
randomforest,2016-04-01,10397.0,38284.03
randomforest,2016-05-01,4590.0,38703.73
randomforest,2015-07-01,1356.0,6006.91
randomforest,2015-08-01,1278.0,7930.66
randomforest,2015-09-01,480.0,11539.98
randomforest,2015-10-01,467.0,15041.81
randomforest,2015-11-01,1056.0,21813.22
randomforest,2015-12-01,1389.0,24927.04
randomforest,2016-01-01,2445.0,32769.83
randomforest,2016-02-01,3474.0,32367.76
randomforest,2016-03-01,7794.0,29917.3
randomforest,2016-04-01,10397.0,38313.54
randomforest,2016-05-01,4590.0,39180.17
randomforest,2016-06-01,1318.0,39210.44
randomforest,2015-08-01,1278.0,4426.37
randomforest,2015-09-01,480.0,6173.57
randomforest,2015-10-01,467.0,6267.26
randomforest,2015-11-01,1056.0,10549.1
randomforest,2015-12-01,1389.0,20497.36
randomforest,2016-01-01,2445.0,32746.43
randomforest,2016-02-01,3474.0,34067.42
randomforest,2016-03-01,7794.0,31854.64
randomforest,2016-04-01,10397.0,41026.03
randomforest,2016-05-01,4590.0,40562.46
randomforest,2016-06-01,1318.0,40377.23
randomforest,2016-07-01,786.0,40190.58
randomforest,2015-09-01,480.0,3445.92
randomforest,2015-10-01,467.0,4503.52
randomforest,2015-11-01,1056.0,9984.21
randomforest,2015-12-01,1389.0,21617.25
randomforest,2016-01-01,2445.0,33361.14
randomforest,2016-02-01,3474.0,32305.67
randomforest,2016-03-01,7794.0,30994.47
randomforest,2016-04-01,10397.0,40801.46
randomforest,2016-05-01,4590.0,41867.9
randomforest,2016-06-01,1318.0,41135.89
randomforest,2016-07-01,786.0,41457.99
randomforest,2016-08-01,296.0,34162.71
randomforest,2015-10-01,467.0,2580.67
randomforest,2015-11-01,1056.0,9015.34
randomforest,2015-12-01,1389.0,20842.78
randomforest,2016-01-01,2445.0,32057.37
randomforest,2016-02-01,3474.0,31358.09
randomforest,2016-03-01,7794.0,29251.16
randomforest,2016-04-01,10397.0,37122.47
randomforest,2016-05-01,4590.0,42567.43
randomforest,2016-06-01,1318.0,39628.38
randomforest,2016-07-01,786.0,38501.68
randomforest,2016-08-01,296.0,32892.24
randomforest,2016-09-01,177.0,26337.79
randomforest,2015-11-01,1056.0,5382.81
randomforest,2015-12-01,1389.0,13971.72
randomforest,2016-01-01,2445.0,27874.95
randomforest,2016-02-01,3474.0,28439.05
randomforest,2016-03-01,7794.0,26524.06
randomforest,2016-04-01,10397.0,39453.76
randomforest,2016-05-01,4590.0,42445.81
randomforest,2016-06-01,1318.0,41889.18
randomforest,2016-07-01,786.0,41284.12
randomforest,2016-08-01,296.0,34787.18
randomforest,2016-09-01,177.0,28078.04
randomforest,2016-10-01,227.0,19351.86
randomforest,2015-12-01,1389.0,8964.15
randomforest,2016-01-01,2445.0,26691.91
randomforest,2016-02-01,3474.0,28234.15
randomforest,2016-03-01,7794.0,24774.6
randomforest,2016-04-01,10397.0,35975.04
randomforest,2016-05-01,4590.0,44203.47
randomforest,2016-06-01,1318.0,42561.9
randomforest,2016-07-01,786.0,41017.28
randomforest,2016-08-01,296.0,33577.57
randomforest,2016-09-01,177.0,28032.26
randomforest,2016-10-01,227.0,19492.71
randomforest,2016-11-01,377.0,17344.94
randomforest,2016-01-01,2445.0,19319.99
randomforest,2016-02-01,3474.0,25471.41
randomforest,2016-03-01,7794.0,25140.51
randomforest,2016-04-01,10397.0,35584.98
randomforest,2016-05-01,4590.0,43522.06
randomforest,2016-06-01,1318.0,43165.98
randomforest,2016-07-01,786.0,40977.36
randomforest,2016-08-01,296.0,32062.8
randomforest,2016-09-01,177.0,26990.65
randomforest,2016-10-01,227.0,17600.8
randomforest,2016-11-01,377.0,15418.14
randomforest,2016-12-01,616.0,16363.42
randomforest,2016-02-01,3474.0,8994.48
randomforest,2016-03-01,7794.0,16294.48
randomforest,2016-04-01,10397.0,30182.53
randomforest,2016-05-01,4590.0,44612.31
randomforest,2016-06-01,1318.0,43878.51
randomforest,2016-07-01,786.0,40384.88
randomforest,2016-08-01,296.0,35414.6
randomforest,2016-09-01,177.0,31169.22
randomforest,2016-10-01,227.0,26987.27
randomforest,2016-11-01,377.0,21945.76
randomforest,2016-12-01,616.0,18512.56
randomforest,2017-01-01,1147.0,16330.32
randomforest,2016-03-01,7794.0,5187.3
randomforest,2016-04-01,10397.0,11246.81
randomforest,2016-05-01,4590.0,24789.29
randomforest,2016-06-01,1318.0,36321.41
randomforest,2016-07-01,786.0,39926.63
randomforest,2016-08-01,296.0,33391.84
randomforest,2016-09-01,177.0,29329.36
randomforest,2016-10-01,227.0,23185.72
randomforest,2016-11-01,377.0,20518.43
randomforest,2016-12-01,616.0,18200.98
randomforest,2017-01-01,1147.0,15228.62
randomforest,2017-02-01,705.0,15901.16
randomforest,2016-04-01,10397.0,17241.34
randomforest,2016-05-01,4590.0,31799.92
randomforest,2016-06-01,1318.0,42507.96
randomforest,2016-07-01,786.0,40635.68
randomforest,2016-08-01,296.0,32123.53
randomforest,2016-09-01,177.0,29561.6
randomforest,2016-10-01,227.0,28193.86
randomforest,2016-11-01,377.0,22471.33
randomforest,2016-12-01,616.0,18922.09
randomforest,2017-01-01,1147.0,15977.52
randomforest,2017-02-01,705.0,16435.47
randomforest,2017-03-01,551.0,18138.12
randomforest,2016-05-01,4590.0,20668.43
randomforest,2016-06-01,1318.0,27692.87
randomforest,2016-07-01,786.0,30185.7
randomforest,2016-08-01,296.0,31715.21
randomforest,2016-09-01,177.0,29481.06
randomforest,2016-10-01,227.0,28900.6
randomforest,2016-11-01,377.0,23352.49
randomforest,2016-12-01,616.0,21017.8
randomforest,2017-01-01,1147.0,17098.78
randomforest,2017-02-01,705.0,15794.19
randomforest,2017-03-01,551.0,16267.61
randomforest,2017-04-01,492.0,17567.53
randomforest,2016-06-01,1318.0,4948.05
randomforest,2016-07-01,786.0,5156.06
randomforest,2016-08-01,296.0,5111.07
randomforest,2016-09-01,177.0,5328.93
randomforest,2016-10-01,227.0,5031.61
randomforest,2016-11-01,377.0,5240.15
randomforest,2016-12-01,616.0,5124.35
randomforest,2017-01-01,1147.0,5503.49
randomforest,2017-02-01,705.0,5995.56
randomforest,2017-03-01,551.0,6271.97
randomforest,2017-04-01,492.0,5968.51
randomforest,2017-05-01,230.0,5611.98
randomforest,2016-07-01,786.0,2388.83
randomforest,2016-08-01,296.0,2897.44
randomforest,2016-09-01,177.0,3372.67
randomforest,2016-10-01,227.0,4402.91
randomforest,2016-11-01,377.0,4878.33
randomforest,2016-12-01,616.0,4302.74
randomforest,2017-01-01,1147.0,5247.99
randomforest,2017-02-01,705.0,5472.9
randomforest,2017-03-01,551.0,4940.6
randomforest,2017-04-01,492.0,4256.02
randomforest,2017-05-01,230.0,3701.27
randomforest,2017-06-01,175.0,3757.01
randomforest,2016-08-01,296.0,1527.22
randomforest,2016-09-01,177.0,2091.17
randomforest,2016-10-01,227.0,2123.14
randomforest,2016-11-01,377.0,2716.34
randomforest,2016-12-01,616.0,2799.05
randomforest,2017-01-01,1147.0,3426.53
randomforest,2017-02-01,705.0,5429.06
randomforest,2017-03-01,551.0,5697.93
randomforest,2017-04-01,492.0,4432.01
randomforest,2017-05-01,230.0,3534.36
randomforest,2017-06-01,175.0,2827.37
randomforest,2017-07-01,173.0,2076.09
randomforest,2016-09-01,177.0,1109.56
randomforest,2016-10-01,227.0,1439.26
randomforest,2016-11-01,377.0,1860.47
randomforest,2016-12-01,616.0,1894.28
randomforest,2017-01-01,1147.0,1949.48
randomforest,2017-02-01,705.0,2227.25
randomforest,2017-03-01,551.0,2838.87
randomforest,2017-04-01,492.0,2877.24
randomforest,2017-05-01,230.0,2710.33
randomforest,2017-06-01,175.0,2476.95
randomforest,2017-07-01,173.0,2289.78
randomforest,2017-08-01,117.0,2226.12
randomforest,2016-10-01,227.0,366.19
randomforest,2016-11-01,377.0,486.08
randomforest,2016-12-01,616.0,628.79
randomforest,2017-01-01,1147.0,954.12
randomforest,2017-02-01,705.0,1210.82
randomforest,2017-03-01,551.0,1408.11
randomforest,2017-04-01,492.0,2222.53
randomforest,2017-05-01,230.0,2694.78
randomforest,2017-06-01,175.0,2970.51
randomforest,2017-07-01,173.0,2842.24
randomforest,2017-08-01,117.0,2425.41
randomforest,2017-09-01,159.0,2281.01
randomforest,2016-11-01,377.0,330.47
randomforest,2016-12-01,616.0,511.37
randomforest,2017-01-01,1147.0,891.37
randomforest,2017-02-01,705.0,1038.49
randomforest,2017-03-01,551.0,1351.51
randomforest,2017-04-01,492.0,2273.96
randomforest,2017-05-01,230.0,3059.65
randomforest,2017-06-01,175.0,2936.73
randomforest,2017-07-01,173.0,2704.25
randomforest,2017-08-01,117.0,2247.82
randomforest,2017-09-01,159.0,2082.76
randomforest,2017-10-01,267.0,1639.02
randomforest,2016-12-01,616.0,557.71
randomforest,2017-01-01,1147.0,901.4
randomforest,2017-02-01,705.0,1009.54
randomforest,2017-03-01,551.0,1285.75
randomforest,2017-04-01,492.0,1740.21
randomforest,2017-05-01,230.0,1749.72
randomforest,2017-06-01,175.0,1655.64
randomforest,2017-07-01,173.0,1513.05
randomforest,2017-08-01,117.0,1546.27
randomforest,2017-09-01,159.0,1538.19
randomforest,2017-10-01,267.0,1520.2
randomforest,2017-11-01,225.0,1706.82
randomforest,2017-01-01,1147.0,822.37
randomforest,2017-02-01,705.0,686.9
randomforest,2017-03-01,551.0,737.63
randomforest,2017-04-01,492.0,825.72
randomforest,2017-05-01,230.0,780.28
randomforest,2017-06-01,175.0,560.7
randomforest,2017-07-01,173.0,389.86
randomforest,2017-08-01,117.0,383.4
randomforest,2017-09-01,159.0,478.09
randomforest,2017-10-01,267.0,651.4
randomforest,2017-11-01,225.0,682.72
randomforest,2017-12-01,398.0,930.08
randomforest,2017-02-01,705.0,1254.94
randomforest,2017-03-01,551.0,1544.56
randomforest,2017-04-01,492.0,2528.05
randomforest,2017-05-01,230.0,3270.38
randomforest,2017-06-01,175.0,3109.6
randomforest,2017-07-01,173.0,2607.71
randomforest,2017-08-01,117.0,2429.73
randomforest,2017-09-01,159.0,2245.3
randomforest,2017-10-01,267.0,2074.58
randomforest,2017-11-01,225.0,1879.1
randomforest,2017-12-01,398.0,2063.92
randomforest,2018-01-01,435.0,2717.5
randomforest,2017-03-01,551.0,829.29
randomforest,2017-04-01,492.0,1292.75
randomforest,2017-05-01,230.0,1238.23
randomforest,2017-06-01,175.0,1091.02
randomforest,2017-07-01,173.0,967.12
randomforest,2017-08-01,117.0,849.57
randomforest,2017-09-01,159.0,812.68
randomforest,2017-10-01,267.0,847.53
randomforest,2017-11-01,225.0,892.8
randomforest,2017-12-01,398.0,1397.6
randomforest,2018-01-01,435.0,2388.08
randomforest,2018-02-01,425.0,3442.61
randomforest,2017-04-01,492.0,804.33
randomforest,2017-05-01,230.0,717.78
randomforest,2017-06-01,175.0,537.37
randomforest,2017-07-01,173.0,400.37
randomforest,2017-08-01,117.0,401.34
randomforest,2017-09-01,159.0,499.2
randomforest,2017-10-01,267.0,670.93
randomforest,2017-11-01,225.0,732.5
randomforest,2017-12-01,398.0,1178.82
randomforest,2018-01-01,435.0,1703.85
randomforest,2018-02-01,425.0,2299.4
randomforest,2018-03-01,813.0,3555.32
randomforest,2017-05-01,230.0,641.65
randomforest,2017-06-01,175.0,531.1
randomforest,2017-07-01,173.0,383.26
randomforest,2017-08-01,117.0,377.64
randomforest,2017-09-01,159.0,474.03
randomforest,2017-10-01,267.0,671.1
randomforest,2017-11-01,225.0,777.13
randomforest,2017-12-01,398.0,1257.45
randomforest,2018-01-01,435.0,1836.7
randomforest,2018-02-01,425.0,2346.13
randomforest,2018-03-01,813.0,3533.42
randomforest,2018-04-01,1396.0,4833.05
randomforest,2017-06-01,175.0,369.08
randomforest,2017-07-01,173.0,382.66
randomforest,2017-08-01,117.0,470.89
randomforest,2017-09-01,159.0,547.29
randomforest,2017-10-01,267.0,560.93
randomforest,2017-11-01,225.0,553.82
randomforest,2017-12-01,398.0,845.96
randomforest,2018-01-01,435.0,1164.28
randomforest,2018-02-01,425.0,1615.34
randomforest,2018-03-01,813.0,2313.14
randomforest,2018-04-01,1396.0,3652.09
randomforest,2018-05-01,1067.0,4969.38
randomforest,2017-07-01,173.0,334.25
randomforest,2017-08-01,117.0,411.04
randomforest,2017-09-01,159.0,600.27
randomforest,2017-10-01,267.0,758.1
randomforest,2017-11-01,225.0,692.5
randomforest,2017-12-01,398.0,990.27
randomforest,2018-01-01,435.0,1400.49
randomforest,2018-02-01,425.0,2391.11
randomforest,2018-03-01,813.0,3602.93
randomforest,2018-04-01,1396.0,5396.51
randomforest,2018-05-01,1067.0,5343.63
randomforest,2018-06-01,743.0,4185.48
randomforest,2017-08-01,117.0,360.52
randomforest,2017-09-01,159.0,560.79
randomforest,2017-10-01,267.0,781.33
randomforest,2017-11-01,225.0,801.71
randomforest,2017-12-01,398.0,1037.29
randomforest,2018-01-01,435.0,1440.68
randomforest,2018-02-01,425.0,2315.16
randomforest,2018-03-01,813.0,3759.34
randomforest,2018-04-01,1396.0,5272.49
randomforest,2018-05-01,1067.0,4731.85
randomforest,2018-06-01,743.0,3870.31
randomforest,2018-07-01,734.0,3312.15
randomforest,2017-09-01,159.0,478.57
randomforest,2017-10-01,267.0,769.07
randomforest,2017-11-01,225.0,905.09
randomforest,2017-12-01,398.0,1637.83
randomforest,2018-01-01,435.0,2417.86
randomforest,2018-02-01,425.0,3586.34
randomforest,2018-03-01,813.0,5409.0
randomforest,2018-04-01,1396.0,5479.83
randomforest,2018-05-01,1067.0,4686.11
randomforest,2018-06-01,743.0,3639.47
randomforest,2018-07-01,734.0,3261.42
randomforest,2018-08-01,330.0,3144.11
randomforest,2017-10-01,267.0,554.71
randomforest,2017-11-01,225.0,820.91
randomforest,2017-12-01,398.0,1690.06
randomforest,2018-01-01,435.0,2607.16
randomforest,2018-02-01,425.0,3674.66
randomforest,2018-03-01,813.0,5379.39
randomforest,2018-04-01,1396.0,5373.18
randomforest,2018-05-01,1067.0,4520.97
randomforest,2018-06-01,743.0,3164.33
randomforest,2018-07-01,734.0,2155.87
randomforest,2018-08-01,330.0,2469.99
randomforest,2018-09-01,268.0,3478.2
randomforest,2017-11-01,225.0,502.66
randomforest,2017-12-01,398.0,1434.05
randomforest,2018-01-01,435.0,2622.15
randomforest,2018-02-01,425.0,3860.02
randomforest,2018-03-01,813.0,5343.98
randomforest,2018-04-01,1396.0,5160.1
randomforest,2018-05-01,1067.0,4303.73
randomforest,2018-06-01,743.0,3511.77
randomforest,2018-07-01,734.0,3103.67
randomforest,2018-08-01,330.0,2974.83
randomforest,2018-09-01,268.0,3890.84
randomforest,2018-10-01,251.0,5941.59
randomforest,2017-12-01,398.0,1150.8
randomforest,2018-01-01,435.0,1910.57
randomforest,2018-02-01,425.0,2864.53
randomforest,2018-03-01,813.0,4100.47
randomforest,2018-04-01,1396.0,5311.18
randomforest,2018-05-01,1067.0,4986.6
randomforest,2018-06-01,743.0,4183.63
randomforest,2018-07-01,734.0,4110.05
randomforest,2018-08-01,330.0,4108.11
randomforest,2018-09-01,268.0,5065.96
randomforest,2018-10-01,251.0,5377.77
randomforest,2018-11-01,311.0,5234.96
randomforest,2018-01-01,435.0,1193.82
randomforest,2018-02-01,425.0,1828.12
randomforest,2018-03-01,813.0,2668.7
randomforest,2018-04-01,1396.0,3806.02
randomforest,2018-05-01,1067.0,5026.3
randomforest,2018-06-01,743.0,4392.23
randomforest,2018-07-01,734.0,3770.68
randomforest,2018-08-01,330.0,3778.84
randomforest,2018-09-01,268.0,4342.14
randomforest,2018-10-01,251.0,4989.18
randomforest,2018-11-01,311.0,4995.36
randomforest,2018-12-01,738.0,5086.98
randomforest,2018-02-01,425.0,1233.9
randomforest,2018-03-01,813.0,1930.72
randomforest,2018-04-01,1396.0,2822.05
randomforest,2018-05-01,1067.0,3441.72
randomforest,2018-06-01,743.0,4612.66
randomforest,2018-07-01,734.0,4838.4
randomforest,2018-08-01,330.0,4024.44
randomforest,2018-09-01,268.0,4335.32
randomforest,2018-10-01,251.0,4752.4
randomforest,2018-11-01,311.0,4932.68
randomforest,2018-12-01,738.0,5235.55
randomforest,2019-01-01,751.0,4808.1
randomforest,2018-03-01,813.0,1250.81
randomforest,2018-04-01,1396.0,1754.42
randomforest,2018-05-01,1067.0,1969.43
randomforest,2018-06-01,743.0,2149.55
randomforest,2018-07-01,734.0,2569.38
randomforest,2018-08-01,330.0,2998.12
randomforest,2018-09-01,268.0,3858.03
randomforest,2018-10-01,251.0,5203.15
randomforest,2018-11-01,311.0,4785.63
randomforest,2018-12-01,738.0,4605.66
randomforest,2019-01-01,751.0,4561.87
randomforest,2019-02-01,701.0,4812.05
randomforest,2018-04-01,1396.0,1067.14
randomforest,2018-05-01,1067.0,1220.47
randomforest,2018-06-01,743.0,1085.2
randomforest,2018-07-01,734.0,1099.9
randomforest,2018-08-01,330.0,1136.59
randomforest,2018-09-01,268.0,1530.35
randomforest,2018-10-01,251.0,2190.51
randomforest,2018-11-01,311.0,3406.08
randomforest,2018-12-01,738.0,5283.61
randomforest,2019-01-01,751.0,5111.8
randomforest,2019-02-01,701.0,4162.93
randomforest,2019-03-01,3244.0,4064.22
randomforest,2018-05-01,1067.0,1912.82
randomforest,2018-06-01,743.0,2119.89
randomforest,2018-07-01,734.0,2751.97
randomforest,2018-08-01,330.0,2898.4
randomforest,2018-09-01,268.0,3407.34
randomforest,2018-10-01,251.0,5053.06
randomforest,2018-11-01,311.0,5347.77
randomforest,2018-12-01,738.0,4884.85
randomforest,2019-01-01,751.0,4361.62
randomforest,2019-02-01,701.0,4507.6
randomforest,2019-03-01,3244.0,4171.04
randomforest,2019-04-01,5562.0,4308.98
randomforest,2018-06-01,743.0,1106.0
randomforest,2018-07-01,734.0,1167.47
randomforest,2018-08-01,330.0,1124.84
randomforest,2018-09-01,268.0,1721.84
randomforest,2018-10-01,251.0,2054.45
randomforest,2018-11-01,311.0,2774.32
randomforest,2018-12-01,738.0,4091.92
randomforest,2019-01-01,751.0,5495.83
randomforest,2019-02-01,701.0,5120.55
randomforest,2019-03-01,3244.0,4751.73
randomforest,2019-04-01,5562.0,4207.02
randomforest,2019-05-01,6294.0,4789.35
randomforest,2018-07-01,734.0,792.81
randomforest,2018-08-01,330.0,871.32
randomforest,2018-09-01,268.0,1663.0
randomforest,2018-10-01,251.0,1833.16
randomforest,2018-11-01,311.0,2271.58
randomforest,2018-12-01,738.0,3795.35
randomforest,2019-01-01,751.0,5344.27
randomforest,2019-02-01,701.0,4694.9
randomforest,2019-03-01,3244.0,4133.48
randomforest,2019-04-01,5562.0,4020.77
randomforest,2019-05-01,6294.0,4165.12
randomforest,2019-06-01,3286.0,4413.31
randomforest,2018-08-01,330.0,829.96
randomforest,2018-09-01,268.0,1680.81
randomforest,2018-10-01,251.0,1780.67
randomforest,2018-11-01,311.0,2372.05
randomforest,2018-12-01,738.0,3407.97
randomforest,2019-01-01,751.0,4909.64
randomforest,2019-02-01,701.0,5690.05
randomforest,2019-03-01,3244.0,4417.99
randomforest,2019-04-01,5562.0,3811.09
randomforest,2019-05-01,6294.0,3947.03
randomforest,2019-06-01,3286.0,3735.56
randomforest,2019-07-01,860.0,3769.95
randomforest,2018-09-01,268.0,920.21
randomforest,2018-10-01,251.0,1517.28
randomforest,2018-11-01,311.0,2063.28
randomforest,2018-12-01,738.0,2396.29
randomforest,2019-01-01,751.0,3279.74
randomforest,2019-02-01,701.0,3502.45
randomforest,2019-03-01,3244.0,4969.74
randomforest,2019-04-01,5562.0,5191.94
randomforest,2019-05-01,6294.0,4656.45
randomforest,2019-06-01,3286.0,4238.49
randomforest,2019-07-01,860.0,4115.86
randomforest,2019-08-01,448.0,4105.85
randomforest,2018-10-01,251.0,771.62
randomforest,2018-11-01,311.0,1506.85
randomforest,2018-12-01,738.0,2103.75
randomforest,2019-01-01,751.0,2998.08
randomforest,2019-02-01,701.0,3602.11
randomforest,2019-03-01,3244.0,5100.58
randomforest,2019-04-01,5562.0,5084.08
randomforest,2019-05-01,6294.0,4466.98
randomforest,2019-06-01,3286.0,4123.11
randomforest,2019-07-01,860.0,4373.71
randomforest,2019-08-01,448.0,4585.67
randomforest,2019-09-01,385.0,4362.13
randomforest,2018-11-01,311.0,1055.38
randomforest,2018-12-01,738.0,1580.35
randomforest,2019-01-01,751.0,2062.93
randomforest,2019-02-01,701.0,2295.55
randomforest,2019-03-01,3244.0,3178.71
randomforest,2019-04-01,5562.0,3084.18
randomforest,2019-05-01,6294.0,3210.43
randomforest,2019-06-01,3286.0,2798.04
randomforest,2019-07-01,860.0,2412.65
randomforest,2019-08-01,448.0,2339.63
randomforest,2019-09-01,385.0,2261.94
randomforest,2019-10-01,230.0,2358.08
randomforest,2018-12-01,738.0,516.3
randomforest,2019-01-01,751.0,784.55
randomforest,2019-02-01,701.0,986.37
randomforest,2019-03-01,3244.0,1378.17
randomforest,2019-04-01,5562.0,1689.9
randomforest,2019-05-01,6294.0,1532.35
randomforest,2019-06-01,3286.0,1385.22
randomforest,2019-07-01,860.0,1244.24
randomforest,2019-08-01,448.0,792.71
randomforest,2019-09-01,385.0,621.82
randomforest,2019-10-01,230.0,509.1
randomforest,2019-11-01,245.0,482.9
randomforest,2019-01-01,751.0,860.2
randomforest,2019-02-01,701.0,1243.41
randomforest,2019-03-01,3244.0,1272.93
randomforest,2019-04-01,5562.0,1062.6
randomforest,2019-05-01,6294.0,937.02
randomforest,2019-06-01,3286.0,941.04
randomforest,2019-07-01,860.0,857.84
randomforest,2019-08-01,448.0,804.91
randomforest,2019-09-01,385.0,772.79
randomforest,2019-10-01,230.0,536.85
randomforest,2019-11-01,245.0,471.26
randomforest,2019-12-01,294.0,475.02
randomforest,2019-02-01,701.0,818.61
randomforest,2019-03-01,3244.0,1125.39
randomforest,2019-04-01,5562.0,1058.41
randomforest,2019-05-01,6294.0,996.53
randomforest,2019-06-01,3286.0,910.5
randomforest,2019-07-01,860.0,876.05
randomforest,2019-08-01,448.0,829.58
randomforest,2019-09-01,385.0,811.74
randomforest,2019-10-01,230.0,803.71
randomforest,2019-11-01,245.0,822.28
randomforest,2019-12-01,294.0,805.92
randomforest,2020-01-01,371.0,928.97
randomforest,2019-03-01,3244.0,742.83
randomforest,2019-04-01,5562.0,717.82
randomforest,2019-05-01,6294.0,666.37
randomforest,2019-06-01,3286.0,698.22
randomforest,2019-07-01,860.0,652.27
randomforest,2019-08-01,448.0,597.91
randomforest,2019-09-01,385.0,546.03
randomforest,2019-10-01,230.0,472.31
randomforest,2019-11-01,245.0,504.19
randomforest,2019-12-01,294.0,471.53
randomforest,2020-01-01,371.0,465.34
randomforest,2020-02-01,248.0,646.71
randomforest,2019-04-01,5562.0,3816.82
randomforest,2019-05-01,6294.0,5502.6
randomforest,2019-06-01,3286.0,5084.53
randomforest,2019-07-01,860.0,4184.71
randomforest,2019-08-01,448.0,4468.2
randomforest,2019-09-01,385.0,3738.7
randomforest,2019-10-01,230.0,3652.51
randomforest,2019-11-01,245.0,4158.73
randomforest,2019-12-01,294.0,4263.37
randomforest,2020-01-01,371.0,4840.19
randomforest,2020-02-01,248.0,4781.43
randomforest,2020-03-01,230.0,5603.1
randomforest,2019-05-01,6294.0,5813.04
randomforest,2019-06-01,3286.0,4773.76
randomforest,2019-07-01,860.0,4098.77
randomforest,2019-08-01,448.0,4329.01
randomforest,2019-09-01,385.0,3728.38
randomforest,2019-10-01,230.0,3741.44
randomforest,2019-11-01,245.0,4645.83
randomforest,2019-12-01,294.0,4543.21
randomforest,2020-01-01,371.0,4899.43
randomforest,2020-02-01,248.0,5081.1
randomforest,2020-03-01,230.0,5534.98
randomforest,2020-04-01,107.0,5462.13
randomforest,2019-06-01,3286.0,4805.46
randomforest,2019-07-01,860.0,4345.9
randomforest,2019-08-01,448.0,4399.46
randomforest,2019-09-01,385.0,4203.81
randomforest,2019-10-01,230.0,4132.48
randomforest,2019-11-01,245.0,5103.35
randomforest,2019-12-01,294.0,4910.52
randomforest,2020-01-01,371.0,4892.47
randomforest,2020-02-01,248.0,5077.49
randomforest,2020-03-01,230.0,5747.73
randomforest,2020-04-01,107.0,5938.11
randomforest,2020-05-01,81.0,5058.25
randomforest,2019-07-01,860.0,3081.35
randomforest,2019-08-01,448.0,2782.64
randomforest,2019-09-01,385.0,2771.49
randomforest,2019-10-01,230.0,2629.53
randomforest,2019-11-01,245.0,2856.9
randomforest,2019-12-01,294.0,3349.74
randomforest,2020-01-01,371.0,5605.99
randomforest,2020-02-01,248.0,6705.12
randomforest,2020-03-01,230.0,6110.29
randomforest,2020-04-01,107.0,5608.47
randomforest,2020-05-01,81.0,4356.73
randomforest,2020-06-01,65.0,4012.77
randomforest,2019-08-01,448.0,769.68
randomforest,2019-09-01,385.0,616.85
randomforest,2019-10-01,230.0,544.18
randomforest,2019-11-01,245.0,491.16
randomforest,2019-12-01,294.0,459.2
randomforest,2020-01-01,371.0,502.49
randomforest,2020-02-01,248.0,754.45
randomforest,2020-03-01,230.0,1110.15
randomforest,2020-04-01,107.0,1355.63
randomforest,2020-05-01,81.0,1476.63
randomforest,2020-06-01,65.0,1176.98
randomforest,2020-07-01,68.0,778.64
randomforest,2019-09-01,385.0,455.18
randomforest,2019-10-01,230.0,461.16
randomforest,2019-11-01,245.0,519.55
randomforest,2019-12-01,294.0,515.22
randomforest,2020-01-01,371.0,532.19
randomforest,2020-02-01,248.0,710.09
randomforest,2020-03-01,230.0,1027.33
randomforest,2020-04-01,107.0,1145.3
randomforest,2020-05-01,81.0,917.54
randomforest,2020-06-01,65.0,750.98
randomforest,2020-07-01,68.0,528.38
randomforest,2020-08-01,52.0,387.47
randomforest,2019-10-01,230.0,428.46
randomforest,2019-11-01,245.0,500.9
randomforest,2019-12-01,294.0,533.65
randomforest,2020-01-01,371.0,540.84
randomforest,2020-02-01,248.0,686.37
randomforest,2020-03-01,230.0,1063.09
randomforest,2020-04-01,107.0,1175.3
randomforest,2020-05-01,81.0,907.55
randomforest,2020-06-01,65.0,699.71
randomforest,2020-07-01,68.0,512.29
randomforest,2020-08-01,52.0,350.32
randomforest,2020-09-01,47.0,304.2
randomforest,2019-11-01,245.0,242.42
randomforest,2019-12-01,294.0,270.65
randomforest,2020-01-01,371.0,337.94
randomforest,2020-02-01,248.0,610.14
randomforest,2020-03-01,230.0,1046.97
randomforest,2020-04-01,107.0,1280.8
randomforest,2020-05-01,81.0,1034.59
randomforest,2020-06-01,65.0,792.06
randomforest,2020-07-01,68.0,546.24
randomforest,2020-08-01,52.0,347.9
randomforest,2020-09-01,47.0,276.89
randomforest,2020-10-01,50.0,235.76
randomforest,2019-12-01,294.0,271.63
randomforest,2020-01-01,371.0,329.2
randomforest,2020-02-01,248.0,620.88
randomforest,2020-03-01,230.0,1147.15
randomforest,2020-04-01,107.0,1259.69
randomforest,2020-05-01,81.0,911.74
randomforest,2020-06-01,65.0,778.9
randomforest,2020-07-01,68.0,521.89
randomforest,2020-08-01,52.0,340.59
randomforest,2020-09-01,47.0,283.89
randomforest,2020-10-01,50.0,252.72
randomforest,2020-11-01,84.0,244.18
randomforest,2020-01-01,371.0,355.72
randomforest,2020-02-01,248.0,694.32
randomforest,2020-03-01,230.0,1099.39
randomforest,2020-04-01,107.0,1295.64
randomforest,2020-05-01,81.0,1404.82
randomforest,2020-06-01,65.0,1253.46
randomforest,2020-07-01,68.0,696.69
randomforest,2020-08-01,52.0,443.29
randomforest,2020-09-01,47.0,351.7
randomforest,2020-10-01,50.0,292.56
randomforest,2020-11-01,84.0,264.0
randomforest,2020-12-01,32.0,260.84
randomforest,2020-02-01,248.0,654.4
randomforest,2020-03-01,230.0,1161.25
randomforest,2020-04-01,107.0,1298.83
randomforest,2020-05-01,81.0,1361.67
randomforest,2020-06-01,65.0,1274.25
randomforest,2020-07-01,68.0,845.81
randomforest,2020-08-01,52.0,560.64
randomforest,2020-09-01,47.0,384.59
randomforest,2020-10-01,50.0,297.48
randomforest,2020-11-01,84.0,254.8
randomforest,2020-12-01,32.0,255.56
randomforest,2021-01-01,73.0,264.96
randomforest,2020-03-01,230.0,822.36
randomforest,2020-04-01,107.0,1264.02
randomforest,2020-05-01,81.0,953.87
randomforest,2020-06-01,65.0,755.68
randomforest,2020-07-01,68.0,526.91
randomforest,2020-08-01,52.0,352.1
randomforest,2020-09-01,47.0,257.06
randomforest,2020-10-01,50.0,233.3
randomforest,2020-11-01,84.0,237.19
randomforest,2020-12-01,32.0,246.78
randomforest,2021-01-01,73.0,274.05
randomforest,2021-02-01,73.0,308.26
randomforest,2020-04-01,107.0,652.9
randomforest,2020-05-01,81.0,837.21
randomforest,2020-06-01,65.0,725.1
randomforest,2020-07-01,68.0,612.25
randomforest,2020-08-01,52.0,474.03
randomforest,2020-09-01,47.0,386.31
randomforest,2020-10-01,50.0,321.64
randomforest,2020-11-01,84.0,317.7
randomforest,2020-12-01,32.0,329.44
randomforest,2021-01-01,73.0,316.03
randomforest,2021-02-01,73.0,309.43
randomforest,2021-03-01,147.0,356.0
randomforest,2020-05-01,81.0,277.76
randomforest,2020-06-01,65.0,268.64
randomforest,2020-07-01,68.0,596.15
randomforest,2020-08-01,52.0,1244.53
randomforest,2020-09-01,47.0,972.4
randomforest,2020-10-01,50.0,849.09
randomforest,2020-11-01,84.0,830.86
randomforest,2020-12-01,32.0,889.12
randomforest,2021-01-01,73.0,953.18
randomforest,2021-02-01,73.0,1203.15
randomforest,2021-03-01,147.0,1299.72
randomforest,2021-04-01,174.0,1767.85
randomforest,2020-06-01,65.0,195.21
randomforest,2020-07-01,68.0,568.53
randomforest,2020-08-01,52.0,1413.01
randomforest,2020-09-01,47.0,2144.2
randomforest,2020-10-01,50.0,2784.96
randomforest,2020-11-01,84.0,3074.93
randomforest,2020-12-01,32.0,3081.55
randomforest,2021-01-01,73.0,3237.29
randomforest,2021-02-01,73.0,3627.9
randomforest,2021-03-01,147.0,5298.06
randomforest,2021-04-01,174.0,5020.75
randomforest,2021-05-01,208.0,4812.38
randomforest,2020-07-01,68.0,541.9
randomforest,2020-08-01,52.0,1385.38
randomforest,2020-09-01,47.0,2206.06
randomforest,2020-10-01,50.0,3026.89
randomforest,2020-11-01,84.0,3318.36
randomforest,2020-12-01,32.0,4021.57
randomforest,2021-01-01,73.0,5822.15
randomforest,2021-02-01,73.0,4304.79
randomforest,2021-03-01,147.0,3715.55
randomforest,2021-04-01,174.0,4875.32
randomforest,2021-05-01,208.0,4797.14
randomforest,2021-06-01,116.0,4602.24
randomforest,2020-08-01,52.0,1038.14
randomforest,2020-09-01,47.0,1808.16
randomforest,2020-10-01,50.0,2057.82
randomforest,2020-11-01,84.0,2498.92
randomforest,2020-12-01,32.0,3102.33
randomforest,2021-01-01,73.0,3311.63
randomforest,2021-02-01,73.0,3632.35
randomforest,2021-03-01,147.0,5253.94
randomforest,2021-04-01,174.0,4157.83
randomforest,2021-05-01,208.0,4334.47
randomforest,2021-06-01,116.0,4197.13
randomforest,2021-07-01,67.0,4341.71
randomforest,2020-09-01,47.0,625.76
randomforest,2020-10-01,50.0,1212.05
randomforest,2020-11-01,84.0,1470.15
randomforest,2020-12-01,32.0,1925.25
randomforest,2021-01-01,73.0,2261.52
randomforest,2021-02-01,73.0,3403.47
randomforest,2021-03-01,147.0,5182.57
randomforest,2021-04-01,174.0,5804.65
randomforest,2021-05-01,208.0,4176.51
randomforest,2021-06-01,116.0,3878.58
randomforest,2021-07-01,67.0,4181.63
randomforest,2021-08-01,63.0,4673.76
randomforest,2020-10-01,50.0,326.05
randomforest,2020-11-01,84.0,597.0
randomforest,2020-12-01,32.0,871.3
randomforest,2021-01-01,73.0,1329.26
randomforest,2021-02-01,73.0,1997.29
randomforest,2021-03-01,147.0,2554.3
randomforest,2021-04-01,174.0,3715.72
randomforest,2021-05-01,208.0,5957.9
randomforest,2021-06-01,116.0,4563.29
randomforest,2021-07-01,67.0,4179.46
randomforest,2021-08-01,63.0,4193.76
randomforest,2021-09-01,41.0,4748.7
randomforest,2020-11-01,84.0,113.86
randomforest,2020-12-01,32.0,363.18
randomforest,2021-01-01,73.0,677.45
randomforest,2021-02-01,73.0,1365.7
randomforest,2021-03-01,147.0,2470.07
randomforest,2021-04-01,174.0,3809.59
randomforest,2021-05-01,208.0,5881.13
randomforest,2021-06-01,116.0,4321.23
randomforest,2021-07-01,67.0,3991.43
randomforest,2021-08-01,63.0,4107.82
randomforest,2021-09-01,41.0,4429.73
randomforest,2021-10-01,28.0,4806.82
randomforest,2020-12-01,32.0,296.34
randomforest,2021-01-01,73.0,571.15
randomforest,2021-02-01,73.0,693.42
randomforest,2021-03-01,147.0,1379.95
randomforest,2021-04-01,174.0,2228.74
randomforest,2021-05-01,208.0,3166.25
randomforest,2021-06-01,116.0,3539.11
randomforest,2021-07-01,67.0,5625.74
randomforest,2021-08-01,63.0,5191.15
randomforest,2021-09-01,41.0,4191.43
randomforest,2021-10-01,28.0,4115.65
randomforest,2021-11-01,72.0,4735.8
randomforest,2021-01-01,73.0,158.64
randomforest,2021-02-01,73.0,316.23
randomforest,2021-03-01,147.0,806.9
randomforest,2021-04-01,174.0,1707.98
randomforest,2021-05-01,208.0,2181.34
randomforest,2021-06-01,116.0,3257.88
randomforest,2021-07-01,67.0,4254.25
randomforest,2021-08-01,63.0,5963.72
randomforest,2021-09-01,41.0,4606.29
randomforest,2021-10-01,28.0,3961.62
randomforest,2021-11-01,72.0,4333.86
randomforest,2021-12-01,30.0,5123.58
randomforest,2021-02-01,73.0,131.69
randomforest,2021-03-01,147.0,435.34
randomforest,2021-04-01,174.0,979.3
randomforest,2021-05-01,208.0,1981.86
randomforest,2021-06-01,116.0,2640.2
randomforest,2021-07-01,67.0,3630.52
randomforest,2021-08-01,63.0,6078.51
randomforest,2021-09-01,41.0,4849.69
randomforest,2021-10-01,28.0,3967.46
randomforest,2021-11-01,72.0,4266.85
randomforest,2021-12-01,30.0,4586.45
randomforest,2022-01-01,107.0,4919.13
randomforest,2021-03-01,147.0,349.18
randomforest,2021-04-01,174.0,951.23
randomforest,2021-05-01,208.0,1957.28
randomforest,2021-06-01,116.0,2712.97
randomforest,2021-07-01,67.0,3745.03
randomforest,2021-08-01,63.0,6075.11
randomforest,2021-09-01,41.0,4648.83
randomforest,2021-10-01,28.0,3872.07
randomforest,2021-11-01,72.0,4235.16
randomforest,2021-12-01,30.0,4662.41
randomforest,2022-01-01,107.0,5136.9
randomforest,2022-02-01,210.0,5004.92
randomforest,2021-04-01,174.0,461.71
randomforest,2021-05-01,208.0,1000.2
randomforest,2021-06-01,116.0,1990.96
randomforest,2021-07-01,67.0,2850.75
randomforest,2021-08-01,63.0,3905.36
randomforest,2021-09-01,41.0,6025.46
randomforest,2021-10-01,28.0,4609.22
randomforest,2021-11-01,72.0,4198.09
randomforest,2021-12-01,30.0,4404.65
randomforest,2022-01-01,107.0,4687.56
randomforest,2022-02-01,210.0,5213.88
randomforest,2022-03-01,572.0,5112.78
randomforest,2021-05-01,208.0,323.84
randomforest,2021-06-01,116.0,745.38
randomforest,2021-07-01,67.0,1532.67
randomforest,2021-08-01,63.0,2272.78
randomforest,2021-09-01,41.0,3717.39
randomforest,2021-10-01,28.0,5620.68
randomforest,2021-11-01,72.0,4623.88
randomforest,2021-12-01,30.0,4159.82
randomforest,2022-01-01,107.0,4072.61
randomforest,2022-02-01,210.0,4361.11
randomforest,2022-03-01,572.0,4912.1
randomforest,2022-04-01,999.0,4942.73
randomforest,2021-06-01,116.0,352.21
randomforest,2021-07-01,67.0,750.88
randomforest,2021-08-01,63.0,1441.28
randomforest,2021-09-01,41.0,2115.5
randomforest,2021-10-01,28.0,3528.91
randomforest,2021-11-01,72.0,5957.53
randomforest,2021-12-01,30.0,5319.19
randomforest,2022-01-01,107.0,4065.15
randomforest,2022-02-01,210.0,3791.49
randomforest,2022-03-01,572.0,4114.35
randomforest,2022-04-01,999.0,4594.26
randomforest,2022-05-01,2110.0,4816.63
randomforest,2021-07-01,67.0,209.11
randomforest,2021-08-01,63.0,282.05
randomforest,2021-09-01,41.0,731.41
randomforest,2021-10-01,28.0,1719.65
randomforest,2021-11-01,72.0,2354.8
randomforest,2021-12-01,30.0,4140.27
randomforest,2022-01-01,107.0,6048.0
randomforest,2022-02-01,210.0,4736.42
randomforest,2022-03-01,572.0,4249.64
randomforest,2022-04-01,999.0,4296.16
randomforest,2022-05-01,2110.0,4432.29
randomforest,2022-06-01,806.0,4708.84
randomforest,2021-08-01,63.0,153.06
randomforest,2021-09-01,41.0,222.7
randomforest,2021-10-01,28.0,502.18
randomforest,2021-11-01,72.0,1364.84
randomforest,2021-12-01,30.0,2566.34
randomforest,2022-01-01,107.0,4169.29
randomforest,2022-02-01,210.0,6065.98
randomforest,2022-03-01,572.0,4597.55
randomforest,2022-04-01,999.0,4267.56
randomforest,2022-05-01,2110.0,4211.03
randomforest,2022-06-01,806.0,4235.24
randomforest,2022-07-01,786.0,4668.51
randomforest,2021-09-01,41.0,116.01
randomforest,2021-10-01,28.0,332.54
randomforest,2021-11-01,72.0,1246.1
randomforest,2021-12-01,30.0,2298.2
randomforest,2022-01-01,107.0,4149.82
randomforest,2022-02-01,210.0,6051.83
randomforest,2022-03-01,572.0,4837.06
randomforest,2022-04-01,999.0,4325.06
randomforest,2022-05-01,2110.0,4074.52
randomforest,2022-06-01,806.0,4021.99
randomforest,2022-07-01,786.0,4512.21
randomforest,2022-08-01,409.0,4587.63
randomforest,2021-10-01,28.0,239.95
randomforest,2021-11-01,72.0,744.45
randomforest,2021-12-01,30.0,2141.38
randomforest,2022-01-01,107.0,3769.15
randomforest,2022-02-01,210.0,5960.91
randomforest,2022-03-01,572.0,4842.24
randomforest,2022-04-01,999.0,4431.65
randomforest,2022-05-01,2110.0,4290.33
randomforest,2022-06-01,806.0,4454.24
randomforest,2022-07-01,786.0,4459.24
randomforest,2022-08-01,409.0,5036.33
randomforest,2022-09-01,418.0,5148.29
randomforest,2021-11-01,72.0,517.36
randomforest,2021-12-01,30.0,1398.79
randomforest,2022-01-01,107.0,2730.23
randomforest,2022-02-01,210.0,4096.78
randomforest,2022-03-01,572.0,6076.15
randomforest,2022-04-01,999.0,4966.3
randomforest,2022-05-01,2110.0,4112.08
randomforest,2022-06-01,806.0,3853.59
randomforest,2022-07-01,786.0,3997.72
randomforest,2022-08-01,409.0,4660.4
randomforest,2022-09-01,418.0,4813.15
randomforest,2022-10-01,655.0,4808.1
randomforest,2021-12-01,30.0,447.71
randomforest,2022-01-01,107.0,1439.43
randomforest,2022-02-01,210.0,2707.96
randomforest,2022-03-01,572.0,4170.98
randomforest,2022-04-01,999.0,5982.99
randomforest,2022-05-01,2110.0,4880.34
randomforest,2022-06-01,806.0,4268.01
randomforest,2022-07-01,786.0,4332.77
randomforest,2022-08-01,409.0,4457.74
randomforest,2022-09-01,418.0,5022.52
randomforest,2022-10-01,655.0,5128.47
randomforest,2022-11-01,480.0,5142.45
randomforest,2022-01-01,107.0,449.18
randomforest,2022-02-01,210.0,1227.26
randomforest,2022-03-01,572.0,2410.34
randomforest,2022-04-01,999.0,4099.27
randomforest,2022-05-01,2110.0,5978.91
randomforest,2022-06-01,806.0,4742.0
randomforest,2022-07-01,786.0,4105.53
randomforest,2022-08-01,409.0,3693.62
randomforest,2022-09-01,418.0,3970.55
randomforest,2022-10-01,655.0,4740.89
randomforest,2022-11-01,480.0,5113.1
randomforest,2022-12-01,501.0,5142.97
randomforest,2022-02-01,210.0,252.82
randomforest,2022-03-01,572.0,404.52
randomforest,2022-04-01,999.0,996.97
randomforest,2022-05-01,2110.0,2300.41
randomforest,2022-06-01,806.0,4018.81
randomforest,2022-07-01,786.0,6058.37
randomforest,2022-08-01,409.0,5088.04
randomforest,2022-09-01,418.0,4241.56
randomforest,2022-10-01,655.0,4178.37
randomforest,2022-11-01,480.0,4549.99
randomforest,2022-12-01,501.0,4680.43
randomforest,2023-01-01,1389.0,4715.51
randomforest,2022-03-01,572.0,309.63
randomforest,2022-04-01,999.0,819.8
randomforest,2022-05-01,2110.0,2293.44
randomforest,2022-06-01,806.0,3953.28
randomforest,2022-07-01,786.0,6243.64
randomforest,2022-08-01,409.0,5323.53
randomforest,2022-09-01,418.0,4443.43
randomforest,2022-10-01,655.0,4338.43
randomforest,2022-11-01,480.0,4671.12
randomforest,2022-12-01,501.0,4967.3
randomforest,2023-01-01,1389.0,5070.26
randomforest,2023-02-01,2274.0,5062.27
randomforest,2022-04-01,999.0,972.36
randomforest,2022-05-01,2110.0,2310.77
randomforest,2022-06-01,806.0,4064.11
randomforest,2022-07-01,786.0,6271.38
randomforest,2022-08-01,409.0,5199.55
randomforest,2022-09-01,418.0,4222.88
randomforest,2022-10-01,655.0,4116.46
randomforest,2022-11-01,480.0,4501.37
randomforest,2022-12-01,501.0,4696.51
randomforest,2023-01-01,1389.0,4850.02
randomforest,2023-02-01,2274.0,4877.9
randomforest,2023-03-01,5032.0,4850.17
randomforest,2022-05-01,2110.0,1958.64
randomforest,2022-06-01,806.0,2742.9
randomforest,2022-07-01,786.0,3978.27
randomforest,2022-08-01,409.0,5975.68
randomforest,2022-09-01,418.0,4901.03
randomforest,2022-10-01,655.0,4127.52
randomforest,2022-11-01,480.0,4099.96
randomforest,2022-12-01,501.0,4654.55
randomforest,2023-01-01,1389.0,4970.53
randomforest,2023-02-01,2274.0,4725.07
randomforest,2023-03-01,5032.0,4565.68
randomforest,2023-04-01,8196.0,4945.38
randomforest,2022-06-01,806.0,3815.31
randomforest,2022-07-01,786.0,6237.59
randomforest,2022-08-01,409.0,5090.81
randomforest,2022-09-01,418.0,4192.21
randomforest,2022-10-01,655.0,4267.74
randomforest,2022-11-01,480.0,4488.64
randomforest,2022-12-01,501.0,4653.71
randomforest,2023-01-01,1389.0,4933.11
randomforest,2023-02-01,2274.0,4979.75
randomforest,2023-03-01,5032.0,4749.15
randomforest,2023-04-01,8196.0,5197.69
randomforest,2023-05-01,6345.0,5708.01
randomforest,2022-07-01,786.0,1633.07
randomforest,2022-08-01,409.0,1814.34
randomforest,2022-09-01,418.0,1758.69
randomforest,2022-10-01,655.0,1676.02
randomforest,2022-11-01,480.0,1643.5
randomforest,2022-12-01,501.0,1669.22
randomforest,2023-01-01,1389.0,1634.0
randomforest,2023-02-01,2274.0,1659.97
randomforest,2023-03-01,5032.0,1361.48
randomforest,2023-04-01,8196.0,1345.11
randomforest,2023-05-01,6345.0,1382.92
randomforest,2023-06-01,4818.0,1356.91
randomforest,2022-08-01,409.0,1399.78
randomforest,2022-09-01,418.0,1675.23
randomforest,2022-10-01,655.0,1556.37
randomforest,2022-11-01,480.0,1499.74
randomforest,2022-12-01,501.0,1551.69
randomforest,2023-01-01,1389.0,1516.64
randomforest,2023-02-01,2274.0,1582.28
randomforest,2023-03-01,5032.0,1324.71
randomforest,2023-04-01,8196.0,1164.26
randomforest,2023-05-01,6345.0,1154.82
randomforest,2023-06-01,4818.0,1060.63
randomforest,2023-07-01,3412.0,919.7
randomforest,2022-09-01,418.0,772.45
randomforest,2022-10-01,655.0,1081.72
randomforest,2022-11-01,480.0,1412.22
randomforest,2022-12-01,501.0,1675.59
randomforest,2023-01-01,1389.0,1563.9
randomforest,2023-02-01,2274.0,1646.42
randomforest,2023-03-01,5032.0,1327.89
randomforest,2023-04-01,8196.0,1169.5
randomforest,2023-05-01,6345.0,998.17
randomforest,2023-06-01,4818.0,1022.33
randomforest,2023-07-01,3412.0,997.6
randomforest,2023-08-01,2034.0,1099.0
randomforest,2022-10-01,655.0,643.94
randomforest,2022-11-01,480.0,1133.21
randomforest,2022-12-01,501.0,1296.62
randomforest,2023-01-01,1389.0,1548.73
randomforest,2023-02-01,2274.0,1609.91
randomforest,2023-03-01,5032.0,1521.77
randomforest,2023-04-01,8196.0,1355.9
randomforest,2023-05-01,6345.0,1256.27
randomforest,2023-06-01,4818.0,1009.97
randomforest,2023-07-01,3412.0,972.73
randomforest,2023-08-01,2034.0,1035.41
randomforest,2023-09-01,1961.0,1034.38
randomforest,2022-11-01,480.0,1069.2
randomforest,2022-12-01,501.0,1360.62
randomforest,2023-01-01,1389.0,1618.01
randomforest,2023-02-01,2274.0,1653.59
randomforest,2023-03-01,5032.0,1449.16
randomforest,2023-04-01,8196.0,1320.9
randomforest,2023-05-01,6345.0,1309.68
randomforest,2023-06-01,4818.0,1249.2
randomforest,2023-07-01,3412.0,1027.91
randomforest,2023-08-01,2034.0,947.37
randomforest,2023-09-01,1961.0,897.59
randomforest,2023-10-01,2247.0,735.98
randomforest,2022-12-01,501.0,626.73
randomforest,2023-01-01,1389.0,847.47
randomforest,2023-02-01,2274.0,1225.34
randomforest,2023-03-01,5032.0,1375.63
randomforest,2023-04-01,8196.0,1492.28
randomforest,2023-05-01,6345.0,1486.23
randomforest,2023-06-01,4818.0,1302.31
randomforest,2023-07-01,3412.0,1138.28
randomforest,2023-08-01,2034.0,937.88
randomforest,2023-09-01,1961.0,885.79
randomforest,2023-10-01,2247.0,726.02
randomforest,2023-11-01,3158.0,606.61
randomforest,2023-01-01,1389.0,634.39
randomforest,2023-02-01,2274.0,898.92
randomforest,2023-03-01,5032.0,1203.93
randomforest,2023-04-01,8196.0,1365.99
randomforest,2023-05-01,6345.0,1470.4
randomforest,2023-06-01,4818.0,1269.46
randomforest,2023-07-01,3412.0,1125.36
randomforest,2023-08-01,2034.0,802.72
randomforest,2023-09-01,1961.0,557.71
randomforest,2023-10-01,2247.0,482.05
randomforest,2023-11-01,3158.0,441.8
randomforest,2023-12-01,7277.0,447.34
randomforest,2023-02-01,2274.0,1831.87
randomforest,2023-03-01,5032.0,1660.02
randomforest,2023-04-01,8196.0,1588.76
randomforest,2023-05-01,6345.0,1340.12
randomforest,2023-06-01,4818.0,1210.51
randomforest,2023-07-01,3412.0,1114.89
randomforest,2023-08-01,2034.0,1048.99
randomforest,2023-09-01,1961.0,850.22
randomforest,2023-10-01,2247.0,758.28
randomforest,2023-11-01,3158.0,640.53
randomforest,2023-12-01,7277.0,727.4
randomforest,2024-01-01,19683.0,666.18
randomforest,2023-03-01,5032.0,3083.89
randomforest,2023-04-01,8196.0,3143.5
randomforest,2023-05-01,6345.0,3248.16
randomforest,2023-06-01,4818.0,3396.83
randomforest,2023-07-01,3412.0,4251.72
randomforest,2023-08-01,2034.0,4659.86
randomforest,2023-09-01,1961.0,3968.27
randomforest,2023-10-01,2247.0,3785.02
randomforest,2023-11-01,3158.0,4254.96
randomforest,2023-12-01,7277.0,4465.54
randomforest,2024-01-01,19683.0,4796.92
randomforest,2024-02-01,54496.0,5170.32
randomforest,2023-04-01,8196.0,5933.57
randomforest,2023-05-01,6345.0,4554.23
randomforest,2023-06-01,4818.0,3200.87
randomforest,2023-07-01,3412.0,2053.62
randomforest,2023-08-01,2034.0,1259.23
randomforest,2023-09-01,1961.0,860.95
randomforest,2023-10-01,2247.0,793.22
randomforest,2023-11-01,3158.0,836.02
randomforest,2023-12-01,7277.0,1016.52
randomforest,2024-01-01,19683.0,1269.09
randomforest,2024-02-01,54496.0,1188.67
randomforest,2024-03-01,38264.0,1067.86
randomforest,2023-05-01,6345.0,6809.46
randomforest,2023-06-01,4818.0,4161.18
randomforest,2023-07-01,3412.0,2886.0
randomforest,2023-08-01,2034.0,1723.94
randomforest,2023-09-01,1961.0,950.58
randomforest,2023-10-01,2247.0,945.68
randomforest,2023-11-01,3158.0,1185.74
randomforest,2023-12-01,7277.0,1251.39
randomforest,2024-01-01,19683.0,1243.04
randomforest,2024-02-01,54496.0,1229.15
randomforest,2024-03-01,38264.0,1048.12
randomforest,2024-04-01,10048.0,973.73
randomforest,2023-06-01,4818.0,4035.92
randomforest,2023-07-01,3412.0,3072.9
randomforest,2023-08-01,2034.0,2173.97
randomforest,2023-09-01,1961.0,2218.82
randomforest,2023-10-01,2247.0,2708.42
randomforest,2023-11-01,3158.0,3131.07
randomforest,2023-12-01,7277.0,3217.99
randomforest,2024-01-01,19683.0,3893.14
randomforest,2024-02-01,54496.0,5844.09
randomforest,2024-03-01,38264.0,6091.19
randomforest,2024-04-01,10048.0,5141.71
randomforest,2024-05-01,5536.0,4466.76
randomforest,2023-07-01,3412.0,3330.93
randomforest,2023-08-01,2034.0,2327.37
randomforest,2023-09-01,1961.0,2344.27
randomforest,2023-10-01,2247.0,2604.41
randomforest,2023-11-01,3158.0,3095.49
randomforest,2023-12-01,7277.0,3271.3
randomforest,2024-01-01,19683.0,4061.53
randomforest,2024-02-01,54496.0,6308.15
randomforest,2024-03-01,38264.0,6924.01
randomforest,2024-04-01,10048.0,5970.04
randomforest,2024-05-01,5536.0,4685.39
randomforest,2024-06-01,3521.0,4518.37
randomforest,2023-08-01,2034.0,2999.69
randomforest,2023-09-01,1961.0,2509.42
randomforest,2023-10-01,2247.0,2713.42
randomforest,2023-11-01,3158.0,3149.72
randomforest,2023-12-01,7277.0,3286.96
randomforest,2024-01-01,19683.0,4326.06
randomforest,2024-02-01,54496.0,6209.99
randomforest,2024-03-01,38264.0,6668.74
randomforest,2024-04-01,10048.0,5938.76
randomforest,2024-05-01,5536.0,4897.13
randomforest,2024-06-01,3521.0,4589.94
randomforest,2024-07-01,1646.0,4853.26
randomforest,2023-09-01,1961.0,1187.81
randomforest,2023-10-01,2247.0,928.28
randomforest,2023-11-01,3158.0,1037.68
randomforest,2023-12-01,7277.0,1153.22
randomforest,2024-01-01,19683.0,1111.53
randomforest,2024-02-01,54496.0,1173.74
randomforest,2024-03-01,38264.0,1023.74
randomforest,2024-04-01,10048.0,916.81
randomforest,2024-05-01,5536.0,823.23
randomforest,2024-06-01,3521.0,703.45
randomforest,2024-07-01,1646.0,675.56
randomforest,2024-08-01,1155.0,628.25
randomforest,2023-10-01,2247.0,1377.06
randomforest,2023-11-01,3158.0,1634.98
randomforest,2023-12-01,7277.0,1700.74
randomforest,2024-01-01,19683.0,1608.72
randomforest,2024-02-01,54496.0,1593.02
randomforest,2024-03-01,38264.0,1662.6
randomforest,2024-04-01,10048.0,1463.95
randomforest,2024-05-01,5536.0,1319.9
randomforest,2024-06-01,3521.0,1292.33
randomforest,2024-07-01,1646.0,1074.37
randomforest,2024-08-01,1155.0,848.29
randomforest,2024-09-01,1400.0,639.7
randomforest,2023-11-01,3158.0,3621.7
randomforest,2023-12-01,7277.0,5943.35
randomforest,2024-01-01,19683.0,5703.26
randomforest,2024-02-01,54496.0,5440.59
randomforest,2024-03-01,38264.0,6063.83
randomforest,2024-04-01,10048.0,5987.54
randomforest,2024-05-01,5536.0,4857.46
randomforest,2024-06-01,3521.0,3836.89
randomforest,2024-07-01,1646.0,3721.91
randomforest,2024-08-01,1155.0,4272.66
randomforest,2024-09-01,1400.0,4957.81
randomforest,2024-10-01,1214.0,5680.58
randomforest,2023-12-01,7277.0,3588.31
randomforest,2024-01-01,19683.0,6006.81
randomforest,2024-02-01,54496.0,6387.41
randomforest,2024-03-01,38264.0,6331.99
randomforest,2024-04-01,10048.0,6108.58
randomforest,2024-05-01,5536.0,4970.91
randomforest,2024-06-01,3521.0,4045.08
randomforest,2024-07-01,1646.0,3876.06
randomforest,2024-08-01,1155.0,4130.92
randomforest,2024-09-01,1400.0,4886.82
randomforest,2024-10-01,1214.0,5043.52
randomforest,2024-11-01,1286.0,5108.16
randomforest,2024-01-01,19683.0,7231.41
randomforest,2024-02-01,54496.0,6037.34
randomforest,2024-03-01,38264.0,5375.12
randomforest,2024-04-01,10048.0,5348.26
randomforest,2024-05-01,5536.0,4864.83
randomforest,2024-06-01,3521.0,4143.59
randomforest,2024-07-01,1646.0,3714.96
randomforest,2024-08-01,1155.0,4006.43
randomforest,2024-09-01,1400.0,4057.72
randomforest,2024-10-01,1214.0,4575.85
randomforest,2024-11-01,1286.0,5400.69
randomforest,2024-12-01,1184.0,5206.41
timesfm,2014-01-01,569.0,643.0054321289062
timesfm,2014-02-01,431.0,2226.083251953125
timesfm,2014-03-01,464.0,4081.452392578125
timesfm,2014-04-01,317.0,4649.29296875
timesfm,2014-05-01,308.0,3506.787353515625
timesfm,2014-06-01,271.0,1474.14453125
timesfm,2014-07-01,191.0,504.3240966796875
timesfm,2014-08-01,310.0,349.2110595703125
timesfm,2014-09-01,295.0,154.48358154296875
timesfm,2014-10-01,237.0,523.9005737304688
timesfm,2014-11-01,239.0,741.3403930664062
timesfm,2014-12-01,109.0,1069.884033203125
timesfm,2014-02-01,431.0,1670.572265625
timesfm,2014-03-01,464.0,3971.566650390625
timesfm,2014-04-01,317.0,4945.9013671875
timesfm,2014-05-01,308.0,3217.017333984375
timesfm,2014-06-01,271.0,1145.719482421875
timesfm,2014-07-01,191.0,0.0
timesfm,2014-08-01,310.0,0.0
timesfm,2014-09-01,295.0,0.0
timesfm,2014-10-01,237.0,186.414794921875
timesfm,2014-11-01,239.0,697.4925537109375
timesfm,2014-12-01,109.0,791.4954833984375
timesfm,2015-01-01,187.0,1366.1650390625
timesfm,2014-03-01,464.0,2145.9404296875
timesfm,2014-04-01,317.0,3078.5
timesfm,2014-05-01,308.0,2132.4521484375
timesfm,2014-06-01,271.0,527.751220703125
timesfm,2014-07-01,191.0,0.0
timesfm,2014-08-01,310.0,0.0
timesfm,2014-09-01,295.0,0.0
timesfm,2014-10-01,237.0,0.0
timesfm,2014-11-01,239.0,0.0
timesfm,2014-12-01,109.0,454.04510498046875
timesfm,2015-01-01,187.0,715.1694946289062
timesfm,2015-02-01,286.0,1665.1241455078125
timesfm,2014-04-01,317.0,886.2384033203125
timesfm,2014-05-01,308.0,747.6180419921875
timesfm,2014-06-01,271.0,276.0818176269531
timesfm,2014-07-01,191.0,0.0
timesfm,2014-08-01,310.0,0.0
timesfm,2014-09-01,295.0,0.0
timesfm,2014-10-01,237.0,54.82464599609375
timesfm,2014-11-01,239.0,212.09146118164062
timesfm,2014-12-01,109.0,308.5886535644531
timesfm,2015-01-01,187.0,533.2445068359375
timesfm,2015-02-01,286.0,753.3034057617188
timesfm,2015-03-01,1312.0,1209.2568359375
timesfm,2014-05-01,308.0,398.5870056152344
timesfm,2014-06-01,271.0,115.11212158203125
timesfm,2014-07-01,191.0,0.0
timesfm,2014-08-01,310.0,0.0
timesfm,2014-09-01,295.0,0.0
timesfm,2014-10-01,237.0,0.0
timesfm,2014-11-01,239.0,105.8306884765625
timesfm,2014-12-01,109.0,322.21728515625
timesfm,2015-01-01,187.0,419.5634460449219
timesfm,2015-02-01,286.0,671.7824096679688
timesfm,2015-03-01,1312.0,997.6215209960938
timesfm,2015-04-01,3766.0,1206.3275146484375
timesfm,2014-06-01,271.0,323.87994384765625
timesfm,2014-07-01,191.0,93.94818115234375
timesfm,2014-08-01,310.0,333.0425109863281
timesfm,2014-09-01,295.0,168.6104736328125
timesfm,2014-10-01,237.0,101.685791015625
timesfm,2014-11-01,239.0,162.47314453125
timesfm,2014-12-01,109.0,237.4923095703125
timesfm,2015-01-01,187.0,564.905029296875
timesfm,2015-02-01,286.0,796.187255859375
timesfm,2015-03-01,1312.0,1317.706298828125
timesfm,2015-04-01,3766.0,1598.972412109375
timesfm,2015-05-01,6704.0,1075.8115234375
timesfm,2014-07-01,191.0,477.1961669921875
timesfm,2014-08-01,310.0,356.9178161621094
timesfm,2014-09-01,295.0,426.67706298828125
timesfm,2014-10-01,237.0,305.068603515625
timesfm,2014-11-01,239.0,321.99908447265625
timesfm,2014-12-01,109.0,333.83087158203125
timesfm,2015-01-01,187.0,353.30963134765625
timesfm,2015-02-01,286.0,704.1612548828125
timesfm,2015-03-01,1312.0,1048.958251953125
timesfm,2015-04-01,3766.0,1268.7833251953125
timesfm,2015-05-01,6704.0,1097.3236083984375
timesfm,2015-06-01,3156.0,674.9210205078125
timesfm,2014-08-01,310.0,336.8617248535156
timesfm,2014-09-01,295.0,439.3039245605469
timesfm,2014-10-01,237.0,548.868408203125
timesfm,2014-11-01,239.0,410.565673828125
timesfm,2014-12-01,109.0,426.4681701660156
timesfm,2015-01-01,187.0,502.5613098144531
timesfm,2015-02-01,286.0,609.2618408203125
timesfm,2015-03-01,1312.0,1120.123779296875
timesfm,2015-04-01,3766.0,1258.953369140625
timesfm,2015-05-01,6704.0,1020.0198974609375
timesfm,2015-06-01,3156.0,789.3065185546875
timesfm,2015-07-01,1356.0,659.3964233398438
timesfm,2014-09-01,295.0,84.24847412109375
timesfm,2014-10-01,237.0,260.5028381347656
timesfm,2014-11-01,239.0,388.1639099121094
timesfm,2014-12-01,109.0,459.91064453125
timesfm,2015-01-01,187.0,624.0501708984375
timesfm,2015-02-01,286.0,988.966796875
timesfm,2015-03-01,1312.0,1345.52099609375
timesfm,2015-04-01,3766.0,1741.4239501953125
timesfm,2015-05-01,6704.0,1354.69970703125
timesfm,2015-06-01,3156.0,894.3128662109375
timesfm,2015-07-01,1356.0,685.26025390625
timesfm,2015-08-01,1278.0,665.194580078125
timesfm,2014-10-01,237.0,61.596923828125
timesfm,2014-11-01,239.0,300.94500732421875
timesfm,2014-12-01,109.0,439.26800537109375
timesfm,2015-01-01,187.0,775.15478515625
timesfm,2015-02-01,286.0,1429.541748046875
timesfm,2015-03-01,1312.0,2231.610595703125
timesfm,2015-04-01,3766.0,2530.97314453125
timesfm,2015-05-01,6704.0,2161.99462890625
timesfm,2015-06-01,3156.0,1105.0875244140625
timesfm,2015-07-01,1356.0,500.49945068359375
timesfm,2015-08-01,1278.0,393.2189025878906
timesfm,2015-09-01,480.0,409.9050598144531
timesfm,2014-11-01,239.0,21.722900390625
timesfm,2014-12-01,109.0,196.70318603515625
timesfm,2015-01-01,187.0,511.39068603515625
timesfm,2015-02-01,286.0,969.7630615234375
timesfm,2015-03-01,1312.0,1508.5263671875
timesfm,2015-04-01,3766.0,1668.908447265625
timesfm,2015-05-01,6704.0,1318.4541015625
timesfm,2015-06-01,3156.0,1004.5054931640625
timesfm,2015-07-01,1356.0,514.1897583007812
timesfm,2015-08-01,1278.0,380.68389892578125
timesfm,2015-09-01,480.0,409.5814514160156
timesfm,2015-10-01,467.0,411.91497802734375
timesfm,2014-12-01,109.0,77.48028564453125
timesfm,2015-01-01,187.0,438.3345947265625
timesfm,2015-02-01,286.0,1209.5244140625
timesfm,2015-03-01,1312.0,2188.18994140625
timesfm,2015-04-01,3766.0,2580.51220703125
timesfm,2015-05-01,6704.0,1736.196533203125
timesfm,2015-06-01,3156.0,730.0905151367188
timesfm,2015-07-01,1356.0,671.48779296875
timesfm,2015-08-01,1278.0,418.3701171875
timesfm,2015-09-01,480.0,171.8731689453125
timesfm,2015-10-01,467.0,198.53744506835938
timesfm,2015-11-01,1056.0,269.9324645996094
timesfm,2015-01-01,187.0,179.767333984375
timesfm,2015-02-01,286.0,1057.394287109375
timesfm,2015-03-01,1312.0,2019.905029296875
timesfm,2015-04-01,3766.0,2235.68212890625
timesfm,2015-05-01,6704.0,1683.001708984375
timesfm,2015-06-01,3156.0,755.7901611328125
timesfm,2015-07-01,1356.0,343.95001220703125
timesfm,2015-08-01,1278.0,455.413330078125
timesfm,2015-09-01,480.0,273.5805358886719
timesfm,2015-10-01,467.0,118.8631591796875
timesfm,2015-11-01,1056.0,44.1187744140625
timesfm,2015-12-01,1389.0,319.01220703125
timesfm,2015-02-01,286.0,858.0980834960938
timesfm,2015-03-01,1312.0,2617.077392578125
timesfm,2015-04-01,3766.0,3109.559326171875
timesfm,2015-05-01,6704.0,1765.3883056640625
timesfm,2015-06-01,3156.0,641.1410522460938
timesfm,2015-07-01,1356.0,0.0
timesfm,2015-08-01,1278.0,0.0
timesfm,2015-09-01,480.0,0.0
timesfm,2015-10-01,467.0,0.0
timesfm,2015-11-01,1056.0,0.0
timesfm,2015-12-01,1389.0,0.0
timesfm,2016-01-01,2445.0,280.0594482421875
timesfm,2015-03-01,1312.0,1152.856201171875
timesfm,2015-04-01,3766.0,1975.6881103515625
timesfm,2015-05-01,6704.0,1349.916015625
timesfm,2015-06-01,3156.0,427.33209228515625
timesfm,2015-07-01,1356.0,221.43887329101562
timesfm,2015-08-01,1278.0,75.2200927734375
timesfm,2015-09-01,480.0,0.0
timesfm,2015-10-01,467.0,16.27020263671875
timesfm,2015-11-01,1056.0,92.06903076171875
timesfm,2015-12-01,1389.0,102.0072021484375
timesfm,2016-01-01,2445.0,65.1591796875
timesfm,2016-02-01,3474.0,869.2762451171875
timesfm,2015-04-01,3766.0,2116.03076171875
timesfm,2015-05-01,6704.0,1498.830322265625
timesfm,2015-06-01,3156.0,795.9147338867188
timesfm,2015-07-01,1356.0,324.284423828125
timesfm,2015-08-01,1278.0,521.4558715820312
timesfm,2015-09-01,480.0,307.0948791503906
timesfm,2015-10-01,467.0,43.60870361328125
timesfm,2015-11-01,1056.0,277.000244140625
timesfm,2015-12-01,1389.0,106.62896728515625
timesfm,2016-01-01,2445.0,413.1116943359375
timesfm,2016-02-01,3474.0,1021.896240234375
timesfm,2016-03-01,7794.0,2229.18212890625
timesfm,2015-05-01,6704.0,3027.032470703125
timesfm,2015-06-01,3156.0,1371.660888671875
timesfm,2015-07-01,1356.0,829.6915283203125
timesfm,2015-08-01,1278.0,580.4462280273438
timesfm,2015-09-01,480.0,530.526123046875
timesfm,2015-10-01,467.0,190.0557861328125
timesfm,2015-11-01,1056.0,0.0
timesfm,2015-12-01,1389.0,0.0
timesfm,2016-01-01,2445.0,397.4896240234375
timesfm,2016-02-01,3474.0,1526.2227783203125
timesfm,2016-03-01,7794.0,3182.03173828125
timesfm,2016-04-01,10397.0,4429.32470703125
timesfm,2015-06-01,3156.0,5245.94482421875
timesfm,2015-07-01,1356.0,4225.13134765625
timesfm,2015-08-01,1278.0,3764.67236328125
timesfm,2015-09-01,480.0,2381.97900390625
timesfm,2015-10-01,467.0,1602.281982421875
timesfm,2015-11-01,1056.0,1052.8369140625
timesfm,2015-12-01,1389.0,657.30712890625
timesfm,2016-01-01,2445.0,1263.3173828125
timesfm,2016-02-01,3474.0,2681.07080078125
timesfm,2016-03-01,7794.0,4366.2373046875
timesfm,2016-04-01,10397.0,5627.18994140625
timesfm,2016-05-01,4590.0,5161.34228515625
timesfm,2015-07-01,1356.0,1701.095947265625
timesfm,2015-08-01,1278.0,1442.8763427734375
timesfm,2015-09-01,480.0,1175.32958984375
timesfm,2015-10-01,467.0,877.4235229492188
timesfm,2015-11-01,1056.0,763.8247680664062
timesfm,2015-12-01,1389.0,361.2433166503906
timesfm,2016-01-01,2445.0,620.24169921875
timesfm,2016-02-01,3474.0,1680.11083984375
timesfm,2016-03-01,7794.0,3011.662841796875
timesfm,2016-04-01,10397.0,4000.330322265625
timesfm,2016-05-01,4590.0,3587.91748046875
timesfm,2016-06-01,1318.0,2469.189453125
timesfm,2015-08-01,1278.0,983.3433227539062
timesfm,2015-09-01,480.0,1029.8038330078125
timesfm,2015-10-01,467.0,977.544677734375
timesfm,2015-11-01,1056.0,658.076416015625
timesfm,2015-12-01,1389.0,554.1460571289062
timesfm,2016-01-01,2445.0,684.7139892578125
timesfm,2016-02-01,3474.0,1639.036376953125
timesfm,2016-03-01,7794.0,3095.2880859375
timesfm,2016-04-01,10397.0,3975.420166015625
timesfm,2016-05-01,4590.0,3256.79150390625
timesfm,2016-06-01,1318.0,2066.67724609375
timesfm,2016-07-01,786.0,1410.22119140625
timesfm,2015-09-01,480.0,1160.081787109375
timesfm,2015-10-01,467.0,1386.236572265625
timesfm,2015-11-01,1056.0,1016.2097778320312
timesfm,2015-12-01,1389.0,377.4454650878906
timesfm,2016-01-01,2445.0,792.6590576171875
timesfm,2016-02-01,3474.0,1703.7127685546875
timesfm,2016-03-01,7794.0,3410.015625
timesfm,2016-04-01,10397.0,5074.138671875
timesfm,2016-05-01,4590.0,4272.560546875
timesfm,2016-06-01,1318.0,2613.4814453125
timesfm,2016-07-01,786.0,1911.7852783203125
timesfm,2016-08-01,296.0,1849.685546875
timesfm,2015-10-01,467.0,536.6226806640625
timesfm,2015-11-01,1056.0,466.8570556640625
timesfm,2015-12-01,1389.0,230.3253173828125
timesfm,2016-01-01,2445.0,699.4425048828125
timesfm,2016-02-01,3474.0,1881.206787109375
timesfm,2016-03-01,7794.0,3047.69873046875
timesfm,2016-04-01,10397.0,4206.0546875
timesfm,2016-05-01,4590.0,3871.64306640625
timesfm,2016-06-01,1318.0,2270.99462890625
timesfm,2016-07-01,786.0,1534.7119140625
timesfm,2016-08-01,296.0,1471.597412109375
timesfm,2016-09-01,177.0,1287.7288818359375
timesfm,2015-11-01,1056.0,795.7960815429688
timesfm,2015-12-01,1389.0,548.5905151367188
timesfm,2016-01-01,2445.0,1032.6474609375
timesfm,2016-02-01,3474.0,1494.2919921875
timesfm,2016-03-01,7794.0,3336.43017578125
timesfm,2016-04-01,10397.0,4614.40673828125
timesfm,2016-05-01,4590.0,4145.779296875
timesfm,2016-06-01,1318.0,2468.547607421875
timesfm,2016-07-01,786.0,1848.00634765625
timesfm,2016-08-01,296.0,1830.7344970703125
timesfm,2016-09-01,177.0,1331.39794921875
timesfm,2016-10-01,227.0,1286.40576171875
timesfm,2015-12-01,1389.0,1426.17626953125
timesfm,2016-01-01,2445.0,1674.44140625
timesfm,2016-02-01,3474.0,2307.3876953125
timesfm,2016-03-01,7794.0,3353.0390625
timesfm,2016-04-01,10397.0,5129.51611328125
timesfm,2016-05-01,4590.0,4311.8310546875
timesfm,2016-06-01,1318.0,2369.7734375
timesfm,2016-07-01,786.0,1611.22998046875
timesfm,2016-08-01,296.0,1272.483642578125
timesfm,2016-09-01,177.0,975.0355224609375
timesfm,2016-10-01,227.0,1077.7828369140625
timesfm,2016-11-01,377.0,1113.1138916015625
timesfm,2016-01-01,2445.0,1694.8948974609375
timesfm,2016-02-01,3474.0,2381.0419921875
timesfm,2016-03-01,7794.0,3836.548828125
timesfm,2016-04-01,10397.0,4474.7900390625
timesfm,2016-05-01,4590.0,4020.992919921875
timesfm,2016-06-01,1318.0,2180.660400390625
timesfm,2016-07-01,786.0,1552.88720703125
timesfm,2016-08-01,296.0,1476.294189453125
timesfm,2016-09-01,177.0,1014.329345703125
timesfm,2016-10-01,227.0,923.9025268554688
timesfm,2016-11-01,377.0,494.3450927734375
timesfm,2016-12-01,616.0,569.6102294921875
timesfm,2016-02-01,3474.0,3361.313720703125
timesfm,2016-03-01,7794.0,4684.8154296875
timesfm,2016-04-01,10397.0,5901.306640625
timesfm,2016-05-01,4590.0,4970.091796875
timesfm,2016-06-01,1318.0,3259.900146484375
timesfm,2016-07-01,786.0,2206.50390625
timesfm,2016-08-01,296.0,1725.973388671875
timesfm,2016-09-01,177.0,1358.948974609375
timesfm,2016-10-01,227.0,1169.8272705078125
timesfm,2016-11-01,377.0,1019.23828125
timesfm,2016-12-01,616.0,775.8976440429688
timesfm,2017-01-01,1147.0,1426.1307373046875
timesfm,2016-03-01,7794.0,4982.4287109375
timesfm,2016-04-01,10397.0,6295.83935546875
timesfm,2016-05-01,4590.0,5981.099609375
timesfm,2016-06-01,1318.0,4120.01611328125
timesfm,2016-07-01,786.0,3210.467529296875
timesfm,2016-08-01,296.0,2721.82763671875
timesfm,2016-09-01,177.0,1970.035888671875
timesfm,2016-10-01,227.0,1856.47265625
timesfm,2016-11-01,377.0,1275.3603515625
timesfm,2016-12-01,616.0,1110.3720703125
timesfm,2017-01-01,1147.0,1695.2822265625
timesfm,2017-02-01,705.0,2737.5712890625
timesfm,2016-04-01,10397.0,8711.744140625
timesfm,2016-05-01,4590.0,7358.060546875
timesfm,2016-06-01,1318.0,5123.16796875
timesfm,2016-07-01,786.0,3928.2861328125
timesfm,2016-08-01,296.0,3433.841796875
timesfm,2016-09-01,177.0,2676.34423828125
timesfm,2016-10-01,227.0,2316.612548828125
timesfm,2016-11-01,377.0,2355.16552734375
timesfm,2016-12-01,616.0,1947.33447265625
timesfm,2017-01-01,1147.0,2473.531005859375
timesfm,2017-02-01,705.0,3515.611572265625
timesfm,2017-03-01,551.0,4872.970703125
timesfm,2016-05-01,4590.0,8714.166015625
timesfm,2016-06-01,1318.0,5760.25
timesfm,2016-07-01,786.0,4548.9501953125
timesfm,2016-08-01,296.0,3707.867431640625
timesfm,2016-09-01,177.0,2710.146728515625
timesfm,2016-10-01,227.0,2125.94580078125
timesfm,2016-11-01,377.0,1677.63623046875
timesfm,2016-12-01,616.0,2045.184326171875
timesfm,2017-01-01,1147.0,2593.37646484375
timesfm,2017-02-01,705.0,3784.30810546875
timesfm,2017-03-01,551.0,5405.10400390625
timesfm,2017-04-01,492.0,6383.47705078125
timesfm,2016-06-01,1318.0,2418.28955078125
timesfm,2016-07-01,786.0,1920.30029296875
timesfm,2016-08-01,296.0,1959.30517578125
timesfm,2016-09-01,177.0,1481.7843017578125
timesfm,2016-10-01,227.0,1236.0977783203125
timesfm,2016-11-01,377.0,819.7306518554688
timesfm,2016-12-01,616.0,805.6006469726562
timesfm,2017-01-01,1147.0,1918.6990966796875
timesfm,2017-02-01,705.0,2883.394287109375
timesfm,2017-03-01,551.0,4046.91455078125
timesfm,2017-04-01,492.0,4836.6943359375
timesfm,2017-05-01,230.0,3824.421875
timesfm,2016-07-01,786.0,868.6495361328125
timesfm,2016-08-01,296.0,885.0473022460938
timesfm,2016-09-01,177.0,996.43017578125
timesfm,2016-10-01,227.0,1037.628662109375
timesfm,2016-11-01,377.0,1133.995849609375
timesfm,2016-12-01,616.0,1099.4442138671875
timesfm,2017-01-01,1147.0,1736.85986328125
timesfm,2017-02-01,705.0,2878.580322265625
timesfm,2017-03-01,551.0,3667.75927734375
timesfm,2017-04-01,492.0,3746.849853515625
timesfm,2017-05-01,230.0,2996.671875
timesfm,2017-06-01,175.0,1795.76416015625
timesfm,2016-08-01,296.0,601.3671875
timesfm,2016-09-01,177.0,822.9225463867188
timesfm,2016-10-01,227.0,896.03466796875
timesfm,2016-11-01,377.0,924.73388671875
timesfm,2016-12-01,616.0,1187.7489013671875
timesfm,2017-01-01,1147.0,1732.1959228515625
timesfm,2017-02-01,705.0,2641.1923828125
timesfm,2017-03-01,551.0,4021.204345703125
timesfm,2017-04-01,492.0,4288.57275390625
timesfm,2017-05-01,230.0,3106.193115234375
timesfm,2017-06-01,175.0,1936.22802734375
timesfm,2017-07-01,173.0,1059.6097412109375
timesfm,2016-09-01,177.0,221.06512451171875
timesfm,2016-10-01,227.0,464.7662658691406
timesfm,2016-11-01,377.0,534.7590942382812
timesfm,2016-12-01,616.0,638.3201293945312
timesfm,2017-01-01,1147.0,1449.949462890625
timesfm,2017-02-01,705.0,2438.60791015625
timesfm,2017-03-01,551.0,3340.408935546875
timesfm,2017-04-01,492.0,3893.76220703125
timesfm,2017-05-01,230.0,3004.724853515625
timesfm,2017-06-01,175.0,1671.86279296875
timesfm,2017-07-01,173.0,986.4132690429688
timesfm,2017-08-01,117.0,654.9588623046875
timesfm,2016-10-01,227.0,194.29718017578125
timesfm,2016-11-01,377.0,301.7751770019531
timesfm,2016-12-01,616.0,492.5784606933594
timesfm,2017-01-01,1147.0,1136.6375732421875
timesfm,2017-02-01,705.0,2408.14501953125
timesfm,2017-03-01,551.0,3782.33740234375
timesfm,2017-04-01,492.0,4270.61181640625
timesfm,2017-05-01,230.0,3239.4375
timesfm,2017-06-01,175.0,1655.41552734375
timesfm,2017-07-01,173.0,693.9189453125
timesfm,2017-08-01,117.0,292.3651428222656
timesfm,2017-09-01,159.0,301.73394775390625
timesfm,2016-11-01,377.0,350.1126403808594
timesfm,2016-12-01,616.0,617.5209350585938
timesfm,2017-01-01,1147.0,1406.6083984375
timesfm,2017-02-01,705.0,2295.14892578125
timesfm,2017-03-01,551.0,3536.8740234375
timesfm,2017-04-01,492.0,4063.929443359375
timesfm,2017-05-01,230.0,3193.18603515625
timesfm,2017-06-01,175.0,1899.3592529296875
timesfm,2017-07-01,173.0,873.2183227539062
timesfm,2017-08-01,117.0,326.0462646484375
timesfm,2017-09-01,159.0,263.54937744140625
timesfm,2017-10-01,267.0,187.84979248046875
timesfm,2016-12-01,616.0,552.5120239257812
timesfm,2017-01-01,1147.0,1224.2528076171875
timesfm,2017-02-01,705.0,2365.300048828125
timesfm,2017-03-01,551.0,3267.953369140625
timesfm,2017-04-01,492.0,3789.6669921875
timesfm,2017-05-01,230.0,3031.88671875
timesfm,2017-06-01,175.0,1813.061767578125
timesfm,2017-07-01,173.0,1134.9674072265625
timesfm,2017-08-01,117.0,679.9656982421875
timesfm,2017-09-01,159.0,415.2016906738281
timesfm,2017-10-01,267.0,468.4815673828125
timesfm,2017-11-01,225.0,443.42254638671875
timesfm,2017-01-01,1147.0,1353.4466552734375
timesfm,2017-02-01,705.0,2513.630126953125
timesfm,2017-03-01,551.0,4236.2626953125
timesfm,2017-04-01,492.0,4514.9208984375
timesfm,2017-05-01,230.0,3443.519287109375
timesfm,2017-06-01,175.0,1858.8602294921875
timesfm,2017-07-01,173.0,817.0693969726562
timesfm,2017-08-01,117.0,352.5720520019531
timesfm,2017-09-01,159.0,134.291259765625
timesfm,2017-10-01,267.0,279.87835693359375
timesfm,2017-11-01,225.0,411.74102783203125
timesfm,2017-12-01,398.0,595.9227294921875
timesfm,2017-02-01,705.0,2252.32177734375
timesfm,2017-03-01,551.0,3774.02294921875
timesfm,2017-04-01,492.0,4692.806640625
timesfm,2017-05-01,230.0,3294.3740234375
timesfm,2017-06-01,175.0,1640.0150146484375
timesfm,2017-07-01,173.0,727.2239990234375
timesfm,2017-08-01,117.0,374.1591796875
timesfm,2017-09-01,159.0,419.25390625
timesfm,2017-10-01,267.0,346.1271667480469
timesfm,2017-11-01,225.0,400.55218505859375
timesfm,2017-12-01,398.0,599.6757202148438
timesfm,2018-01-01,435.0,1042.3287353515625
timesfm,2017-03-01,551.0,1436.2874755859375
timesfm,2017-04-01,492.0,2168.29296875
timesfm,2017-05-01,230.0,1898.9327392578125
timesfm,2017-06-01,175.0,862.9483642578125
timesfm,2017-07-01,173.0,388.2290954589844
timesfm,2017-08-01,117.0,257.0823974609375
timesfm,2017-09-01,159.0,348.9940490722656
timesfm,2017-10-01,267.0,519.6265869140625
timesfm,2017-11-01,225.0,426.8428039550781
timesfm,2017-12-01,398.0,529.2449951171875
timesfm,2018-01-01,435.0,737.554443359375
timesfm,2018-02-01,425.0,1103.449462890625
timesfm,2017-04-01,492.0,890.3803100585938
timesfm,2017-05-01,230.0,921.879150390625
timesfm,2017-06-01,175.0,712.7025146484375
timesfm,2017-07-01,173.0,428.3955993652344
timesfm,2017-08-01,117.0,336.5838623046875
timesfm,2017-09-01,159.0,341.5587463378906
timesfm,2017-10-01,267.0,446.1473693847656
timesfm,2017-11-01,225.0,492.8348693847656
timesfm,2017-12-01,398.0,542.0084228515625
timesfm,2018-01-01,435.0,699.9342651367188
timesfm,2018-02-01,425.0,924.1806030273438
timesfm,2018-03-01,813.0,1310.1529541015625
timesfm,2017-05-01,230.0,490.2432556152344
timesfm,2017-06-01,175.0,338.35400390625
timesfm,2017-07-01,173.0,394.6278991699219
timesfm,2017-08-01,117.0,353.2270202636719
timesfm,2017-09-01,159.0,400.347412109375
timesfm,2017-10-01,267.0,393.4432678222656
timesfm,2017-11-01,225.0,501.69964599609375
timesfm,2017-12-01,398.0,568.1893310546875
timesfm,2018-01-01,435.0,686.6644287109375
timesfm,2018-02-01,425.0,901.3356323242188
timesfm,2018-03-01,813.0,1211.9044189453125
timesfm,2018-04-01,1396.0,1370.2598876953125
timesfm,2017-06-01,175.0,407.6181945800781
timesfm,2017-07-01,173.0,235.5567626953125
timesfm,2017-08-01,117.0,312.1244201660156
timesfm,2017-09-01,159.0,299.8830261230469
timesfm,2017-10-01,267.0,350.3251953125
timesfm,2017-11-01,225.0,356.400146484375
timesfm,2017-12-01,398.0,484.1572570800781
timesfm,2018-01-01,435.0,542.05224609375
timesfm,2018-02-01,425.0,762.0830688476562
timesfm,2018-03-01,813.0,1171.0673828125
timesfm,2018-04-01,1396.0,1393.90478515625
timesfm,2018-05-01,1067.0,1095.253662109375
timesfm,2017-07-01,173.0,388.4458312988281
timesfm,2017-08-01,117.0,346.1731262207031
timesfm,2017-09-01,159.0,438.96014404296875
timesfm,2017-10-01,267.0,459.2307434082031
timesfm,2017-11-01,225.0,485.0486755371094
timesfm,2017-12-01,398.0,516.0108032226562
timesfm,2018-01-01,435.0,574.9613037109375
timesfm,2018-02-01,425.0,682.8505249023438
timesfm,2018-03-01,813.0,904.4246215820312
timesfm,2018-04-01,1396.0,1063.2078857421875
timesfm,2018-05-01,1067.0,927.183837890625
timesfm,2018-06-01,743.0,680.8922119140625
timesfm,2017-08-01,117.0,228.79461669921875
timesfm,2017-09-01,159.0,305.9492492675781
timesfm,2017-10-01,267.0,420.2089538574219
timesfm,2017-11-01,225.0,443.7618103027344
timesfm,2017-12-01,398.0,506.17144775390625
timesfm,2018-01-01,435.0,592.84375
timesfm,2018-02-01,425.0,773.9265747070312
timesfm,2018-03-01,813.0,1181.0064697265625
timesfm,2018-04-01,1396.0,1384.240234375
timesfm,2018-05-01,1067.0,1159.7864990234375
timesfm,2018-06-01,743.0,806.6678466796875
timesfm,2018-07-01,734.0,517.743408203125
timesfm,2017-09-01,159.0,30.2938232421875
timesfm,2017-10-01,267.0,189.218017578125
timesfm,2017-11-01,225.0,368.2882385253906
timesfm,2017-12-01,398.0,553.6227416992188
timesfm,2018-01-01,435.0,731.6626586914062
timesfm,2018-02-01,425.0,955.09814453125
timesfm,2018-03-01,813.0,1421.42626953125
timesfm,2018-04-01,1396.0,1699.05224609375
timesfm,2018-05-01,1067.0,1276.1683349609375
timesfm,2018-06-01,743.0,712.7957763671875
timesfm,2018-07-01,734.0,498.8359069824219
timesfm,2018-08-01,330.0,358.3216552734375
timesfm,2017-10-01,267.0,1.6065673828125
timesfm,2017-11-01,225.0,61.08502197265625
timesfm,2017-12-01,398.0,201.1494140625
timesfm,2018-01-01,435.0,560.37744140625
timesfm,2018-02-01,425.0,1206.75244140625
timesfm,2018-03-01,813.0,2274.54052734375
timesfm,2018-04-01,1396.0,2641.80224609375
timesfm,2018-05-01,1067.0,1728.2884521484375
timesfm,2018-06-01,743.0,645.1828002929688
timesfm,2018-07-01,734.0,118.3284912109375
timesfm,2018-08-01,330.0,0.0
timesfm,2018-09-01,268.0,0.0
timesfm,2017-11-01,225.0,199.6136474609375
timesfm,2017-12-01,398.0,194.84173583984375
timesfm,2018-01-01,435.0,474.70050048828125
timesfm,2018-02-01,425.0,992.1141967773438
timesfm,2018-03-01,813.0,1926.04443359375
timesfm,2018-04-01,1396.0,2568.19580078125
timesfm,2018-05-01,1067.0,1732.7744140625
timesfm,2018-06-01,743.0,603.8933715820312
timesfm,2018-07-01,734.0,0.0
timesfm,2018-08-01,330.0,0.0
timesfm,2018-09-01,268.0,70.26995849609375
timesfm,2018-10-01,251.0,67.13555908203125
timesfm,2017-12-01,398.0,128.07403564453125
timesfm,2018-01-01,435.0,161.5146484375
timesfm,2018-02-01,425.0,729.037109375
timesfm,2018-03-01,813.0,1647.0146484375
timesfm,2018-04-01,1396.0,2243.5771484375
timesfm,2018-05-01,1067.0,1648.7337646484375
timesfm,2018-06-01,743.0,758.6220092773438
timesfm,2018-07-01,734.0,258.95501708984375
timesfm,2018-08-01,330.0,0.0
timesfm,2018-09-01,268.0,0.0
timesfm,2018-10-01,251.0,214.35003662109375
timesfm,2018-11-01,311.0,159.47320556640625
timesfm,2018-01-01,435.0,551.6776123046875
timesfm,2018-02-01,425.0,886.7797241210938
timesfm,2018-03-01,813.0,1747.64208984375
timesfm,2018-04-01,1396.0,2202.33447265625
timesfm,2018-05-01,1067.0,1587.765869140625
timesfm,2018-06-01,743.0,777.3915405273438
timesfm,2018-07-01,734.0,372.31939697265625
timesfm,2018-08-01,330.0,90.92962646484375
timesfm,2018-09-01,268.0,0.3427734375
timesfm,2018-10-01,251.0,109.071533203125
timesfm,2018-11-01,311.0,218.45538330078125
timesfm,2018-12-01,738.0,274.3642578125
timesfm,2018-02-01,425.0,679.0347900390625
timesfm,2018-03-01,813.0,1383.512451171875
timesfm,2018-04-01,1396.0,1993.3934326171875
timesfm,2018-05-01,1067.0,1462.8231201171875
timesfm,2018-06-01,743.0,635.9996948242188
timesfm,2018-07-01,734.0,144.45880126953125
timesfm,2018-08-01,330.0,0.0
timesfm,2018-09-01,268.0,22.468017578125
timesfm,2018-10-01,251.0,17.4515380859375
timesfm,2018-11-01,311.0,96.81732177734375
timesfm,2018-12-01,738.0,241.43914794921875
timesfm,2019-01-01,751.0,508.94500732421875
timesfm,2018-03-01,813.0,775.17626953125
timesfm,2018-04-01,1396.0,1233.571533203125
timesfm,2018-05-01,1067.0,969.7877807617188
timesfm,2018-06-01,743.0,339.8096923828125
timesfm,2018-07-01,734.0,49.0523681640625
timesfm,2018-08-01,330.0,0.0
timesfm,2018-09-01,268.0,0.0
timesfm,2018-10-01,251.0,76.32470703125
timesfm,2018-11-01,311.0,86.24359130859375
timesfm,2018-12-01,738.0,264.7791748046875
timesfm,2019-01-01,751.0,609.98828125
timesfm,2019-02-01,701.0,869.19189453125
timesfm,2018-04-01,1396.0,1351.5560302734375
timesfm,2018-05-01,1067.0,1156.03955078125
timesfm,2018-06-01,743.0,497.6838684082031
timesfm,2018-07-01,734.0,64.17230224609375
timesfm,2018-08-01,330.0,0.0
timesfm,2018-09-01,268.0,0.0
timesfm,2018-10-01,251.0,102.85302734375
timesfm,2018-11-01,311.0,106.41748046875
timesfm,2018-12-01,738.0,97.92352294921875
timesfm,2019-01-01,751.0,561.8273315429688
timesfm,2019-02-01,701.0,1084.9979248046875
timesfm,2019-03-01,3244.0,1699.30810546875
timesfm,2018-05-01,1067.0,1150.4434814453125
timesfm,2018-06-01,743.0,593.9151611328125
timesfm,2018-07-01,734.0,333.4229431152344
timesfm,2018-08-01,330.0,207.88970947265625
timesfm,2018-09-01,268.0,266.08880615234375
timesfm,2018-10-01,251.0,444.06195068359375
timesfm,2018-11-01,311.0,303.2056579589844
timesfm,2018-12-01,738.0,250.68792724609375
timesfm,2019-01-01,751.0,449.62982177734375
timesfm,2019-02-01,701.0,1026.5848388671875
timesfm,2019-03-01,3244.0,1756.1640625
timesfm,2019-04-01,5562.0,2016.1444091796875
timesfm,2018-06-01,743.0,629.4293823242188
timesfm,2018-07-01,734.0,308.5854187011719
timesfm,2018-08-01,330.0,221.50506591796875
timesfm,2018-09-01,268.0,214.661376953125
timesfm,2018-10-01,251.0,231.15802001953125
timesfm,2018-11-01,311.0,304.66961669921875
timesfm,2018-12-01,738.0,286.8870849609375
timesfm,2019-01-01,751.0,475.2527160644531
timesfm,2019-02-01,701.0,815.5223388671875
timesfm,2019-03-01,3244.0,1409.5594482421875
timesfm,2019-04-01,5562.0,1770.509521484375
timesfm,2019-05-01,6294.0,1366.80419921875
timesfm,2018-07-01,734.0,611.2939453125
timesfm,2018-08-01,330.0,417.74261474609375
timesfm,2018-09-01,268.0,397.58843994140625
timesfm,2018-10-01,251.0,498.636962890625
timesfm,2018-11-01,311.0,437.1402587890625
timesfm,2018-12-01,738.0,459.8311462402344
timesfm,2019-01-01,751.0,619.7399291992188
timesfm,2019-02-01,701.0,794.2130737304688
timesfm,2019-03-01,3244.0,1193.8428955078125
timesfm,2019-04-01,5562.0,1622.099365234375
timesfm,2019-05-01,6294.0,1280.654541015625
timesfm,2019-06-01,3286.0,777.0519409179688
timesfm,2018-08-01,330.0,405.1735534667969
timesfm,2018-09-01,268.0,446.5301513671875
timesfm,2018-10-01,251.0,409.9524841308594
timesfm,2018-11-01,311.0,490.16436767578125
timesfm,2018-12-01,738.0,443.8716125488281
timesfm,2019-01-01,751.0,595.01904296875
timesfm,2019-02-01,701.0,860.2718505859375
timesfm,2019-03-01,3244.0,1227.683837890625
timesfm,2019-04-01,5562.0,1684.64111328125
timesfm,2019-05-01,6294.0,1408.4039306640625
timesfm,2019-06-01,3286.0,858.7265625
timesfm,2019-07-01,860.0,692.3038330078125
timesfm,2018-09-01,268.0,79.02789306640625
timesfm,2018-10-01,251.0,202.318603515625
timesfm,2018-11-01,311.0,173.115234375
timesfm,2018-12-01,738.0,367.03631591796875
timesfm,2019-01-01,751.0,575.1922607421875
timesfm,2019-02-01,701.0,1022.5343627929688
timesfm,2019-03-01,3244.0,1508.352294921875
timesfm,2019-04-01,5562.0,1731.65576171875
timesfm,2019-05-01,6294.0,1324.88623046875
timesfm,2019-06-01,3286.0,803.6497802734375
timesfm,2019-07-01,860.0,515.7794189453125
timesfm,2019-08-01,448.0,365.72894287109375
timesfm,2018-10-01,251.0,213.30059814453125
timesfm,2018-11-01,311.0,319.2002258300781
timesfm,2018-12-01,738.0,403.5685119628906
timesfm,2019-01-01,751.0,579.7501220703125
timesfm,2019-02-01,701.0,824.24609375
timesfm,2019-03-01,3244.0,1241.475341796875
timesfm,2019-04-01,5562.0,1448.881103515625
timesfm,2019-05-01,6294.0,1038.4796142578125
timesfm,2019-06-01,3286.0,593.1880493164062
timesfm,2019-07-01,860.0,518.3919677734375
timesfm,2019-08-01,448.0,438.8453674316406
timesfm,2019-09-01,385.0,407.0275573730469
timesfm,2018-11-01,311.0,335.91558837890625
timesfm,2018-12-01,738.0,444.9783020019531
timesfm,2019-01-01,751.0,602.2525024414062
timesfm,2019-02-01,701.0,807.4046020507812
timesfm,2019-03-01,3244.0,1155.101806640625
timesfm,2019-04-01,5562.0,1460.313720703125
timesfm,2019-05-01,6294.0,1192.115478515625
timesfm,2019-06-01,3286.0,665.3538818359375
timesfm,2019-07-01,860.0,361.20660400390625
timesfm,2019-08-01,448.0,392.72125244140625
timesfm,2019-09-01,385.0,519.881591796875
timesfm,2019-10-01,230.0,465.21990966796875
timesfm,2018-12-01,738.0,385.1230773925781
timesfm,2019-01-01,751.0,458.47467041015625
timesfm,2019-02-01,701.0,771.1968994140625
timesfm,2019-03-01,3244.0,1144.885498046875
timesfm,2019-04-01,5562.0,1361.5899658203125
timesfm,2019-05-01,6294.0,1107.895751953125
timesfm,2019-06-01,3286.0,795.6815185546875
timesfm,2019-07-01,860.0,569.3187255859375
timesfm,2019-08-01,448.0,350.47894287109375
timesfm,2019-09-01,385.0,498.0371398925781
timesfm,2019-10-01,230.0,614.2559814453125
timesfm,2019-11-01,245.0,498.48150634765625
timesfm,2019-01-01,751.0,800.037109375
timesfm,2019-02-01,701.0,1077.3251953125
timesfm,2019-03-01,3244.0,1726.643798828125
timesfm,2019-04-01,5562.0,1971.4158935546875
timesfm,2019-05-01,6294.0,1522.640380859375
timesfm,2019-06-01,3286.0,1040.05615234375
timesfm,2019-07-01,860.0,790.3706665039062
timesfm,2019-08-01,448.0,574.4774169921875
timesfm,2019-09-01,385.0,472.4222412109375
timesfm,2019-10-01,230.0,546.364990234375
timesfm,2019-11-01,245.0,522.804443359375
timesfm,2019-12-01,294.0,628.460693359375
timesfm,2019-02-01,701.0,829.2429809570312
timesfm,2019-03-01,3244.0,1112.5118408203125
timesfm,2019-04-01,5562.0,1489.0299072265625
timesfm,2019-05-01,6294.0,1283.4669189453125
timesfm,2019-06-01,3286.0,861.2095336914062
timesfm,2019-07-01,860.0,611.8325805664062
timesfm,2019-08-01,448.0,553.8763427734375
timesfm,2019-09-01,385.0,564.4986572265625
timesfm,2019-10-01,230.0,474.77203369140625
timesfm,2019-11-01,245.0,598.300048828125
timesfm,2019-12-01,294.0,575.4873046875
timesfm,2020-01-01,371.0,685.60302734375
timesfm,2019-03-01,3244.0,784.7334594726562
timesfm,2019-04-01,5562.0,944.80419921875
timesfm,2019-05-01,6294.0,945.9192504882812
timesfm,2019-06-01,3286.0,793.14501953125
timesfm,2019-07-01,860.0,635.7960815429688
timesfm,2019-08-01,448.0,609.62744140625
timesfm,2019-09-01,385.0,633.413330078125
timesfm,2019-10-01,230.0,675.1596069335938
timesfm,2019-11-01,245.0,623.3004150390625
timesfm,2019-12-01,294.0,747.5887451171875
timesfm,2020-01-01,371.0,749.641357421875
timesfm,2020-02-01,248.0,865.5879516601562
timesfm,2019-04-01,5562.0,3404.420166015625
timesfm,2019-05-01,6294.0,2552.597900390625
timesfm,2019-06-01,3286.0,1830.013671875
timesfm,2019-07-01,860.0,1425.359619140625
timesfm,2019-08-01,448.0,1054.44384765625
timesfm,2019-09-01,385.0,1139.4986572265625
timesfm,2019-10-01,230.0,1174.175048828125
timesfm,2019-11-01,245.0,1258.9317626953125
timesfm,2019-12-01,294.0,1241.372802734375
timesfm,2020-01-01,371.0,1543.623046875
timesfm,2020-02-01,248.0,1816.55615234375
timesfm,2020-03-01,230.0,2389.05224609375
timesfm,2019-05-01,6294.0,4112.392578125
timesfm,2019-06-01,3286.0,2805.8515625
timesfm,2019-07-01,860.0,1924.2044677734375
timesfm,2019-08-01,448.0,1405.2781982421875
timesfm,2019-09-01,385.0,1178.66650390625
timesfm,2019-10-01,230.0,1333.830322265625
timesfm,2019-11-01,245.0,1463.40380859375
timesfm,2019-12-01,294.0,1661.6898193359375
timesfm,2020-01-01,371.0,1845.23486328125
timesfm,2020-02-01,248.0,2383.859375
timesfm,2020-03-01,230.0,3036.22607421875
timesfm,2020-04-01,107.0,3355.901123046875
timesfm,2019-06-01,3286.0,4903.4990234375
timesfm,2019-07-01,860.0,3765.072998046875
timesfm,2019-08-01,448.0,2978.96923828125
timesfm,2019-09-01,385.0,2670.36572265625
timesfm,2019-10-01,230.0,2458.09228515625
timesfm,2019-11-01,245.0,2455.03759765625
timesfm,2019-12-01,294.0,2689.200439453125
timesfm,2020-01-01,371.0,2906.842529296875
timesfm,2020-02-01,248.0,3178.345703125
timesfm,2020-03-01,230.0,3912.91552734375
timesfm,2020-04-01,107.0,4305.32763671875
timesfm,2020-05-01,81.0,3793.427490234375
timesfm,2019-07-01,860.0,1810.095703125
timesfm,2019-08-01,448.0,1321.796630859375
timesfm,2019-09-01,385.0,1197.05224609375
timesfm,2019-10-01,230.0,1496.22412109375
timesfm,2019-11-01,245.0,1673.24365234375
timesfm,2019-12-01,294.0,1925.526123046875
timesfm,2020-01-01,371.0,2584.0029296875
timesfm,2020-02-01,248.0,3515.364013671875
timesfm,2020-03-01,230.0,4514.33984375
timesfm,2020-04-01,107.0,5039.76904296875
timesfm,2020-05-01,81.0,4210.24169921875
timesfm,2020-06-01,65.0,2857.6748046875
timesfm,2019-08-01,448.0,342.96539306640625
timesfm,2019-09-01,385.0,259.20562744140625
timesfm,2019-10-01,230.0,244.77001953125
timesfm,2019-11-01,245.0,749.4430541992188
timesfm,2019-12-01,294.0,1199.125
timesfm,2020-01-01,371.0,1577.01953125
timesfm,2020-02-01,248.0,2139.082275390625
timesfm,2020-03-01,230.0,3030.65625
timesfm,2020-04-01,107.0,3465.392578125
timesfm,2020-05-01,81.0,2768.40234375
timesfm,2020-06-01,65.0,1817.5047607421875
timesfm,2020-07-01,68.0,1035.1474609375
timesfm,2019-09-01,385.0,474.6446838378906
timesfm,2019-10-01,230.0,528.9176025390625
timesfm,2019-11-01,245.0,589.4326171875
timesfm,2019-12-01,294.0,1402.4718017578125
timesfm,2020-01-01,371.0,2070.960693359375
timesfm,2020-02-01,248.0,2691.1318359375
timesfm,2020-03-01,230.0,3629.321533203125
timesfm,2020-04-01,107.0,4090.092529296875
timesfm,2020-05-01,81.0,3332.27294921875
timesfm,2020-06-01,65.0,2067.397705078125
timesfm,2020-07-01,68.0,1307.893798828125
timesfm,2020-08-01,52.0,846.535888671875
timesfm,2019-10-01,230.0,481.3900451660156
timesfm,2019-11-01,245.0,670.7451171875
timesfm,2019-12-01,294.0,901.5017700195312
timesfm,2020-01-01,371.0,1739.1351318359375
timesfm,2020-02-01,248.0,2585.264892578125
timesfm,2020-03-01,230.0,3471.153564453125
timesfm,2020-04-01,107.0,3992.950927734375
timesfm,2020-05-01,81.0,3272.82568359375
timesfm,2020-06-01,65.0,2013.3565673828125
timesfm,2020-07-01,68.0,1106.564697265625
timesfm,2020-08-01,52.0,725.4354858398438
timesfm,2020-09-01,47.0,567.19873046875
timesfm,2019-11-01,245.0,199.73565673828125
timesfm,2019-12-01,294.0,559.539794921875
timesfm,2020-01-01,371.0,1054.258544921875
timesfm,2020-02-01,248.0,1805.455078125
timesfm,2020-03-01,230.0,2659.0185546875
timesfm,2020-04-01,107.0,3148.125244140625
timesfm,2020-05-01,81.0,2659.97314453125
timesfm,2020-06-01,65.0,1759.0517578125
timesfm,2020-07-01,68.0,1031.0333251953125
timesfm,2020-08-01,52.0,618.2451171875
timesfm,2020-09-01,47.0,527.525634765625
timesfm,2020-10-01,50.0,483.8497314453125
timesfm,2019-12-01,294.0,395.486572265625
timesfm,2020-01-01,371.0,923.1655883789062
timesfm,2020-02-01,248.0,1683.60302734375
timesfm,2020-03-01,230.0,2890.60107421875
timesfm,2020-04-01,107.0,3441.9189453125
timesfm,2020-05-01,81.0,2791.558349609375
timesfm,2020-06-01,65.0,1830.6275634765625
timesfm,2020-07-01,68.0,1115.85205078125
timesfm,2020-08-01,52.0,682.6097412109375
timesfm,2020-09-01,47.0,432.7922668457031
timesfm,2020-10-01,50.0,384.5055236816406
timesfm,2020-11-01,84.0,325.10504150390625
timesfm,2020-01-01,371.0,652.4603271484375
timesfm,2020-02-01,248.0,1417.5126953125
timesfm,2020-03-01,230.0,2470.87548828125
timesfm,2020-04-01,107.0,3134.466064453125
timesfm,2020-05-01,81.0,2595.852294921875
timesfm,2020-06-01,65.0,1476.453125
timesfm,2020-07-01,68.0,823.9719848632812
timesfm,2020-08-01,52.0,538.1867065429688
timesfm,2020-09-01,47.0,419.9905700683594
timesfm,2020-10-01,50.0,385.79571533203125
timesfm,2020-11-01,84.0,366.6849365234375
timesfm,2020-12-01,32.0,448.6651611328125
timesfm,2020-02-01,248.0,760.931640625
timesfm,2020-03-01,230.0,2148.245361328125
timesfm,2020-04-01,107.0,2983.28759765625
timesfm,2020-05-01,81.0,2616.302734375
timesfm,2020-06-01,65.0,1616.512939453125
timesfm,2020-07-01,68.0,839.7027587890625
timesfm,2020-08-01,52.0,430.7108154296875
timesfm,2020-09-01,47.0,412.27301025390625
timesfm,2020-10-01,50.0,450.81097412109375
timesfm,2020-11-01,84.0,501.3721008300781
timesfm,2020-12-01,32.0,462.9814758300781
timesfm,2021-01-01,73.0,745.5517578125
timesfm,2020-03-01,230.0,531.484375
timesfm,2020-04-01,107.0,1208.4725341796875
timesfm,2020-05-01,81.0,1176.781005859375
timesfm,2020-06-01,65.0,757.742919921875
timesfm,2020-07-01,68.0,415.9787902832031
timesfm,2020-08-01,52.0,274.96112060546875
timesfm,2020-09-01,47.0,240.67828369140625
timesfm,2020-10-01,50.0,306.292724609375
timesfm,2020-11-01,84.0,365.6268310546875
timesfm,2020-12-01,32.0,447.7535705566406
timesfm,2021-01-01,73.0,474.9873046875
timesfm,2021-02-01,73.0,746.9485473632812
timesfm,2020-04-01,107.0,482.476806640625
timesfm,2020-05-01,81.0,633.5518188476562
timesfm,2020-06-01,65.0,451.887939453125
timesfm,2020-07-01,68.0,296.947998046875
timesfm,2020-08-01,52.0,227.61016845703125
timesfm,2020-09-01,47.0,239.2120361328125
timesfm,2020-10-01,50.0,308.7701416015625
timesfm,2020-11-01,84.0,368.4202575683594
timesfm,2020-12-01,32.0,435.5645751953125
timesfm,2021-01-01,73.0,576.0047607421875
timesfm,2021-02-01,73.0,665.994140625
timesfm,2021-03-01,147.0,1044.549560546875
timesfm,2020-05-01,81.0,260.08538818359375
timesfm,2020-06-01,65.0,71.94110107421875
timesfm,2020-07-01,68.0,0.0
timesfm,2020-08-01,52.0,0.0
timesfm,2020-09-01,47.0,20.2432861328125
timesfm,2020-10-01,50.0,88.8902587890625
timesfm,2020-11-01,84.0,145.9451904296875
timesfm,2020-12-01,32.0,230.2164306640625
timesfm,2021-01-01,73.0,365.641845703125
timesfm,2021-02-01,73.0,680.5145874023438
timesfm,2021-03-01,147.0,1070.65771484375
timesfm,2021-04-01,174.0,1316.878662109375
timesfm,2020-06-01,65.0,76.1129150390625
timesfm,2020-07-01,68.0,17.1226806640625
timesfm,2020-08-01,52.0,104.0362548828125
timesfm,2020-09-01,47.0,140.9110107421875
timesfm,2020-10-01,50.0,132.92694091796875
timesfm,2020-11-01,84.0,97.9954833984375
timesfm,2020-12-01,32.0,113.28656005859375
timesfm,2021-01-01,73.0,280.83709716796875
timesfm,2021-02-01,73.0,566.068359375
timesfm,2021-03-01,147.0,932.9600830078125
timesfm,2021-04-01,174.0,1063.43017578125
timesfm,2021-05-01,208.0,904.914794921875
timesfm,2020-07-01,68.0,26.9334716796875
timesfm,2020-08-01,52.0,79.80322265625
timesfm,2020-09-01,47.0,169.4493408203125
timesfm,2020-10-01,50.0,163.00970458984375
timesfm,2020-11-01,84.0,146.762451171875
timesfm,2020-12-01,32.0,122.509033203125
timesfm,2021-01-01,73.0,327.05194091796875
timesfm,2021-02-01,73.0,621.26708984375
timesfm,2021-03-01,147.0,1033.0445556640625
timesfm,2021-04-01,174.0,1222.9149169921875
timesfm,2021-05-01,208.0,915.5422973632812
timesfm,2021-06-01,116.0,583.8779296875
timesfm,2020-08-01,52.0,26.44622802734375
timesfm,2020-09-01,47.0,141.18414306640625
timesfm,2020-10-01,50.0,245.3970947265625
timesfm,2020-11-01,84.0,209.83349609375
timesfm,2020-12-01,32.0,209.8736572265625
timesfm,2021-01-01,73.0,355.6705322265625
timesfm,2021-02-01,73.0,627.4457397460938
timesfm,2021-03-01,147.0,993.510009765625
timesfm,2021-04-01,174.0,1174.003662109375
timesfm,2021-05-01,208.0,936.7613525390625
timesfm,2021-06-01,116.0,604.3931274414062
timesfm,2021-07-01,67.0,372.1919860839844
timesfm,2020-09-01,47.0,15.73590087890625
timesfm,2020-10-01,50.0,144.8670654296875
timesfm,2020-11-01,84.0,227.105712890625
timesfm,2020-12-01,32.0,241.98284912109375
timesfm,2021-01-01,73.0,391.1654052734375
timesfm,2021-02-01,73.0,555.5269775390625
timesfm,2021-03-01,147.0,819.233642578125
timesfm,2021-04-01,174.0,962.4107055664062
timesfm,2021-05-01,208.0,717.007080078125
timesfm,2021-06-01,116.0,495.9756774902344
timesfm,2021-07-01,67.0,426.6949462890625
timesfm,2021-08-01,63.0,372.239501953125
timesfm,2020-10-01,50.0,0.0
timesfm,2020-11-01,84.0,92.97955322265625
timesfm,2020-12-01,32.0,258.87762451171875
timesfm,2021-01-01,73.0,332.1973876953125
timesfm,2021-02-01,73.0,574.1307373046875
timesfm,2021-03-01,147.0,862.0972290039062
timesfm,2021-04-01,174.0,1020.7296142578125
timesfm,2021-05-01,208.0,779.4478759765625
timesfm,2021-06-01,116.0,343.246337890625
timesfm,2021-07-01,67.0,194.06866455078125
timesfm,2021-08-01,63.0,207.0006103515625
timesfm,2021-09-01,41.0,217.09771728515625
timesfm,2020-11-01,84.0,0.0
timesfm,2020-12-01,32.0,125.6661376953125
timesfm,2021-01-01,73.0,324.7457275390625
timesfm,2021-02-01,73.0,444.3896484375
timesfm,2021-03-01,147.0,827.2457275390625
timesfm,2021-04-01,174.0,979.5514526367188
timesfm,2021-05-01,208.0,742.4783935546875
timesfm,2021-06-01,116.0,397.0023498535156
timesfm,2021-07-01,67.0,134.04022216796875
timesfm,2021-08-01,63.0,53.99786376953125
timesfm,2021-09-01,41.0,136.45562744140625
timesfm,2021-10-01,28.0,144.99078369140625
timesfm,2020-12-01,32.0,91.208740234375
timesfm,2021-01-01,73.0,201.3369140625
timesfm,2021-02-01,73.0,540.2496337890625
timesfm,2021-03-01,147.0,842.5762329101562
timesfm,2021-04-01,174.0,1080.1602783203125
timesfm,2021-05-01,208.0,802.3848876953125
timesfm,2021-06-01,116.0,382.5271301269531
timesfm,2021-07-01,67.0,185.4818115234375
timesfm,2021-08-01,63.0,87.24932861328125
timesfm,2021-09-01,41.0,49.92340087890625
timesfm,2021-10-01,28.0,172.34307861328125
timesfm,2021-11-01,72.0,139.26483154296875
timesfm,2021-01-01,73.0,50.5947265625
timesfm,2021-02-01,73.0,333.196533203125
timesfm,2021-03-01,147.0,801.1511840820312
timesfm,2021-04-01,174.0,938.1543579101562
timesfm,2021-05-01,208.0,797.6621704101562
timesfm,2021-06-01,116.0,394.5845642089844
timesfm,2021-07-01,67.0,187.14056396484375
timesfm,2021-08-01,63.0,129.2313232421875
timesfm,2021-09-01,41.0,165.4635009765625
timesfm,2021-10-01,28.0,185.8878173828125
timesfm,2021-11-01,72.0,165.26483154296875
timesfm,2021-12-01,30.0,116.5362548828125
timesfm,2021-02-01,73.0,219.0538330078125
timesfm,2021-03-01,147.0,501.6133117675781
timesfm,2021-04-01,174.0,780.4426879882812
timesfm,2021-05-01,208.0,574.5171508789062
timesfm,2021-06-01,116.0,295.80633544921875
timesfm,2021-07-01,67.0,116.17828369140625
timesfm,2021-08-01,63.0,93.814453125
timesfm,2021-09-01,41.0,112.48394775390625
timesfm,2021-10-01,28.0,102.8070068359375
timesfm,2021-11-01,72.0,95.3179931640625
timesfm,2021-12-01,30.0,64.87872314453125
timesfm,2022-01-01,107.0,145.409423828125
timesfm,2021-03-01,147.0,380.7467956542969
timesfm,2021-04-01,174.0,687.04638671875
timesfm,2021-05-01,208.0,639.1541748046875
timesfm,2021-06-01,116.0,247.5972900390625
timesfm,2021-07-01,67.0,98.51708984375
timesfm,2021-08-01,63.0,85.7117919921875
timesfm,2021-09-01,41.0,121.3006591796875
timesfm,2021-10-01,28.0,144.3759765625
timesfm,2021-11-01,72.0,67.23382568359375
timesfm,2021-12-01,30.0,33.079833984375
timesfm,2022-01-01,107.0,0.0
timesfm,2022-02-01,210.0,245.333984375
timesfm,2021-04-01,174.0,314.38427734375
timesfm,2021-05-01,208.0,339.54656982421875
timesfm,2021-06-01,116.0,131.86187744140625
timesfm,2021-07-01,67.0,31.4337158203125
timesfm,2021-08-01,63.0,79.78240966796875
timesfm,2021-09-01,41.0,141.3931884765625
timesfm,2021-10-01,28.0,169.01544189453125
timesfm,2021-11-01,72.0,106.4224853515625
timesfm,2021-12-01,30.0,45.7650146484375
timesfm,2022-01-01,107.0,105.04779052734375
timesfm,2022-02-01,210.0,211.0113525390625
timesfm,2022-03-01,572.0,469.59625244140625
timesfm,2021-05-01,208.0,121.1082763671875
timesfm,2021-06-01,116.0,78.75921630859375
timesfm,2021-07-01,67.0,60.12811279296875
timesfm,2021-08-01,63.0,21.01788330078125
timesfm,2021-09-01,41.0,14.36181640625
timesfm,2021-10-01,28.0,84.67144775390625
timesfm,2021-11-01,72.0,114.2425537109375
timesfm,2021-12-01,30.0,90.56982421875
timesfm,2022-01-01,107.0,119.75848388671875
timesfm,2022-02-01,210.0,225.1044921875
timesfm,2022-03-01,572.0,357.318359375
timesfm,2022-04-01,999.0,496.09246826171875
timesfm,2021-06-01,116.0,159.571044921875
timesfm,2021-07-01,67.0,173.830078125
timesfm,2021-08-01,63.0,225.7552490234375
timesfm,2021-09-01,41.0,128.736572265625
timesfm,2021-10-01,28.0,132.07769775390625
timesfm,2021-11-01,72.0,171.799072265625
timesfm,2021-12-01,30.0,201.1593017578125
timesfm,2022-01-01,107.0,203.79656982421875
timesfm,2022-02-01,210.0,251.139892578125
timesfm,2022-03-01,572.0,377.7644348144531
timesfm,2022-04-01,999.0,471.01220703125
timesfm,2022-05-01,2110.0,410.9250183105469
timesfm,2021-07-01,67.0,166.864990234375
timesfm,2021-08-01,63.0,214.7061767578125
timesfm,2021-09-01,41.0,225.7271728515625
timesfm,2021-10-01,28.0,171.242431640625
timesfm,2021-11-01,72.0,163.946044921875
timesfm,2021-12-01,30.0,164.40411376953125
timesfm,2022-01-01,107.0,209.08673095703125
timesfm,2022-02-01,210.0,266.71771240234375
timesfm,2022-03-01,572.0,408.5015563964844
timesfm,2022-04-01,999.0,533.3353271484375
timesfm,2022-05-01,2110.0,457.2422180175781
timesfm,2022-06-01,806.0,298.77447509765625
timesfm,2021-08-01,63.0,118.31146240234375
timesfm,2021-09-01,41.0,143.70343017578125
timesfm,2021-10-01,28.0,183.15899658203125
timesfm,2021-11-01,72.0,167.49786376953125
timesfm,2021-12-01,30.0,150.20135498046875
timesfm,2022-01-01,107.0,199.00457763671875
timesfm,2022-02-01,210.0,310.97052001953125
timesfm,2022-03-01,572.0,414.3072204589844
timesfm,2022-04-01,999.0,524.5739135742188
timesfm,2022-05-01,2110.0,496.0665283203125
timesfm,2022-06-01,806.0,360.65887451171875
timesfm,2022-07-01,786.0,244.53887939453125
timesfm,2021-09-01,41.0,40.68035888671875
timesfm,2021-10-01,28.0,136.11822509765625
timesfm,2021-11-01,72.0,198.15655517578125
timesfm,2021-12-01,30.0,175.822998046875
timesfm,2022-01-01,107.0,212.22161865234375
timesfm,2022-02-01,210.0,341.9193115234375
timesfm,2022-03-01,572.0,480.6523132324219
timesfm,2022-04-01,999.0,566.1424560546875
timesfm,2022-05-01,2110.0,498.7347106933594
timesfm,2022-06-01,806.0,340.60986328125
timesfm,2022-07-01,786.0,219.772216796875
timesfm,2022-08-01,409.0,186.20452880859375
timesfm,2021-10-01,28.0,30.72314453125
timesfm,2021-11-01,72.0,115.43060302734375
timesfm,2021-12-01,30.0,163.54510498046875
timesfm,2022-01-01,107.0,173.515625
timesfm,2022-02-01,210.0,271.88421630859375
timesfm,2022-03-01,572.0,408.2179870605469
timesfm,2022-04-01,999.0,527.22412109375
timesfm,2022-05-01,2110.0,454.1650695800781
timesfm,2022-06-01,806.0,296.1162109375
timesfm,2022-07-01,786.0,232.62615966796875
timesfm,2022-08-01,409.0,187.41656494140625
timesfm,2022-09-01,418.0,146.29290771484375
timesfm,2021-11-01,72.0,23.0887451171875
timesfm,2021-12-01,30.0,114.09234619140625
timesfm,2022-01-01,107.0,193.831787109375
timesfm,2022-02-01,210.0,210.9705810546875
timesfm,2022-03-01,572.0,334.65130615234375
timesfm,2022-04-01,999.0,400.2240905761719
timesfm,2022-05-01,2110.0,352.7707824707031
timesfm,2022-06-01,806.0,225.21295166015625
timesfm,2022-07-01,786.0,133.11492919921875
timesfm,2022-08-01,409.0,151.2237548828125
timesfm,2022-09-01,418.0,144.98358154296875
timesfm,2022-10-01,655.0,113.99688720703125
timesfm,2021-12-01,30.0,83.753173828125
timesfm,2022-01-01,107.0,192.08154296875
timesfm,2022-02-01,210.0,252.66168212890625
timesfm,2022-03-01,572.0,327.49371337890625
timesfm,2022-04-01,999.0,443.1602478027344
timesfm,2022-05-01,2110.0,384.1979064941406
timesfm,2022-06-01,806.0,272.0655517578125
timesfm,2022-07-01,786.0,184.23370361328125
timesfm,2022-08-01,409.0,147.103515625
timesfm,2022-09-01,418.0,169.62347412109375
timesfm,2022-10-01,655.0,178.2928466796875
timesfm,2022-11-01,480.0,170.3035888671875
timesfm,2022-01-01,107.0,53.3466796875
timesfm,2022-02-01,210.0,162.666259765625
timesfm,2022-03-01,572.0,235.8389892578125
timesfm,2022-04-01,999.0,262.909912109375
timesfm,2022-05-01,2110.0,275.04730224609375
timesfm,2022-06-01,806.0,203.099609375
timesfm,2022-07-01,786.0,146.568359375
timesfm,2022-08-01,409.0,101.21697998046875
timesfm,2022-09-01,418.0,92.258056640625
timesfm,2022-10-01,655.0,124.282958984375
timesfm,2022-11-01,480.0,119.81109619140625
timesfm,2022-12-01,501.0,132.3924560546875
timesfm,2022-02-01,210.0,187.64996337890625
timesfm,2022-03-01,572.0,319.90216064453125
timesfm,2022-04-01,999.0,393.2473449707031
timesfm,2022-05-01,2110.0,326.30767822265625
timesfm,2022-06-01,806.0,285.9466552734375
timesfm,2022-07-01,786.0,221.677734375
timesfm,2022-08-01,409.0,179.33953857421875
timesfm,2022-09-01,418.0,155.50628662109375
timesfm,2022-10-01,655.0,133.16925048828125
timesfm,2022-11-01,480.0,168.44769287109375
timesfm,2022-12-01,501.0,150.58526611328125
timesfm,2023-01-01,1389.0,212.2952880859375
timesfm,2022-03-01,572.0,388.2841491699219
timesfm,2022-04-01,999.0,466.6231384277344
timesfm,2022-05-01,2110.0,429.0263366699219
timesfm,2022-06-01,806.0,304.10174560546875
timesfm,2022-07-01,786.0,286.057373046875
timesfm,2022-08-01,409.0,260.736083984375
timesfm,2022-09-01,418.0,259.545166015625
timesfm,2022-10-01,655.0,223.56280517578125
timesfm,2022-11-01,480.0,191.2984619140625
timesfm,2022-12-01,501.0,237.71197509765625
timesfm,2023-01-01,1389.0,272.56390380859375
timesfm,2023-02-01,2274.0,322.254638671875
timesfm,2022-04-01,999.0,682.3386840820312
timesfm,2022-05-01,2110.0,606.02978515625
timesfm,2022-06-01,806.0,480.3277282714844
timesfm,2022-07-01,786.0,353.44305419921875
timesfm,2022-08-01,409.0,349.9925537109375
timesfm,2022-09-01,418.0,355.001708984375
timesfm,2022-10-01,655.0,342.6971435546875
timesfm,2022-11-01,480.0,299.254638671875
timesfm,2022-12-01,501.0,314.0220947265625
timesfm,2023-01-01,1389.0,390.3381652832031
timesfm,2023-02-01,2274.0,449.2979736328125
timesfm,2023-03-01,5032.0,526.3975219726562
timesfm,2022-05-01,2110.0,865.3193969726562
timesfm,2022-06-01,806.0,700.3864135742188
timesfm,2022-07-01,786.0,576.7586669921875
timesfm,2022-08-01,409.0,446.7065124511719
timesfm,2022-09-01,418.0,434.3121643066406
timesfm,2022-10-01,655.0,442.2486572265625
timesfm,2022-11-01,480.0,442.8170166015625
timesfm,2022-12-01,501.0,420.6075744628906
timesfm,2023-01-01,1389.0,452.3910217285156
timesfm,2023-02-01,2274.0,581.7571411132812
timesfm,2023-03-01,5032.0,726.089111328125
timesfm,2023-04-01,8196.0,817.6824340820312
timesfm,2022-06-01,806.0,2471.921875
timesfm,2022-07-01,786.0,2202.47705078125
timesfm,2022-08-01,409.0,1929.500244140625
timesfm,2022-09-01,418.0,1585.2462158203125
timesfm,2022-10-01,655.0,1338.0074462890625
timesfm,2022-11-01,480.0,1285.2581787109375
timesfm,2022-12-01,501.0,1309.0384521484375
timesfm,2023-01-01,1389.0,1284.0224609375
timesfm,2023-02-01,2274.0,1278.4847412109375
timesfm,2023-03-01,5032.0,1471.876708984375
timesfm,2023-04-01,8196.0,1678.834716796875
timesfm,2023-05-01,6345.0,1562.1104736328125
timesfm,2022-07-01,786.0,340.62994384765625
timesfm,2022-08-01,409.0,294.237548828125
timesfm,2022-09-01,418.0,264.86920166015625
timesfm,2022-10-01,655.0,215.18951416015625
timesfm,2022-11-01,480.0,271.10528564453125
timesfm,2022-12-01,501.0,315.1986083984375
timesfm,2023-01-01,1389.0,433.24139404296875
timesfm,2023-02-01,2274.0,594.792724609375
timesfm,2023-03-01,5032.0,809.428466796875
timesfm,2023-04-01,8196.0,977.10302734375
timesfm,2023-05-01,6345.0,877.0936889648438
timesfm,2023-06-01,4818.0,611.5111694335938
timesfm,2022-08-01,409.0,617.95751953125
timesfm,2022-09-01,418.0,577.9328002929688
timesfm,2022-10-01,655.0,520.779052734375
timesfm,2022-11-01,480.0,441.96826171875
timesfm,2022-12-01,501.0,519.9198608398438
timesfm,2023-01-01,1389.0,649.2357177734375
timesfm,2023-02-01,2274.0,772.002197265625
timesfm,2023-03-01,5032.0,1027.575927734375
timesfm,2023-04-01,8196.0,1224.2642822265625
timesfm,2023-05-01,6345.0,1145.09033203125
timesfm,2023-06-01,4818.0,949.2783203125
timesfm,2023-07-01,3412.0,761.188232421875
timesfm,2022-09-01,418.0,219.390380859375
timesfm,2022-10-01,655.0,217.1676025390625
timesfm,2022-11-01,480.0,229.3245849609375
timesfm,2022-12-01,501.0,252.72503662109375
timesfm,2023-01-01,1389.0,370.529296875
timesfm,2023-02-01,2274.0,499.5416564941406
timesfm,2023-03-01,5032.0,678.57861328125
timesfm,2023-04-01,8196.0,829.599853515625
timesfm,2023-05-01,6345.0,760.86865234375
timesfm,2023-06-01,4818.0,597.96630859375
timesfm,2023-07-01,3412.0,500.7528076171875
timesfm,2023-08-01,2034.0,405.4369201660156
timesfm,2022-10-01,655.0,297.71624755859375
timesfm,2022-11-01,480.0,298.01025390625
timesfm,2022-12-01,501.0,323.6898193359375
timesfm,2023-01-01,1389.0,443.89080810546875
timesfm,2023-02-01,2274.0,618.288818359375
timesfm,2023-03-01,5032.0,863.6220092773438
timesfm,2023-04-01,8196.0,1031.9576416015625
timesfm,2023-05-01,6345.0,917.1292114257812
timesfm,2023-06-01,4818.0,625.2010498046875
timesfm,2023-07-01,3412.0,474.9938049316406
timesfm,2023-08-01,2034.0,412.5706787109375
timesfm,2023-09-01,1961.0,366.58612060546875
timesfm,2022-11-01,480.0,613.7630004882812
timesfm,2022-12-01,501.0,609.968505859375
timesfm,2023-01-01,1389.0,647.0863037109375
timesfm,2023-02-01,2274.0,717.784423828125
timesfm,2023-03-01,5032.0,864.8993530273438
timesfm,2023-04-01,8196.0,944.8095092773438
timesfm,2023-05-01,6345.0,830.637939453125
timesfm,2023-06-01,4818.0,618.71923828125
timesfm,2023-07-01,3412.0,431.87646484375
timesfm,2023-08-01,2034.0,373.3861083984375
timesfm,2023-09-01,1961.0,365.69329833984375
timesfm,2023-10-01,2247.0,346.89007568359375
timesfm,2022-12-01,501.0,362.783203125
timesfm,2023-01-01,1389.0,373.51116943359375
timesfm,2023-02-01,2274.0,473.1663513183594
timesfm,2023-03-01,5032.0,656.676513671875
timesfm,2023-04-01,8196.0,813.26513671875
timesfm,2023-05-01,6345.0,754.9381103515625
timesfm,2023-06-01,4818.0,563.9398803710938
timesfm,2023-07-01,3412.0,404.7167663574219
timesfm,2023-08-01,2034.0,302.08880615234375
timesfm,2023-09-01,1961.0,286.1263427734375
timesfm,2023-10-01,2247.0,294.70330810546875
timesfm,2023-11-01,3158.0,275.16351318359375
timesfm,2023-01-01,1389.0,522.9652099609375
timesfm,2023-02-01,2274.0,646.4422607421875
timesfm,2023-03-01,5032.0,918.063232421875
timesfm,2023-04-01,8196.0,1055.2413330078125
timesfm,2023-05-01,6345.0,987.8191528320312
timesfm,2023-06-01,4818.0,700.8111572265625
timesfm,2023-07-01,3412.0,512.209716796875
timesfm,2023-08-01,2034.0,375.6946716308594
timesfm,2023-09-01,1961.0,329.82379150390625
timesfm,2023-10-01,2247.0,348.160888671875
timesfm,2023-11-01,3158.0,337.47003173828125
timesfm,2023-12-01,7277.0,315.56390380859375
timesfm,2023-02-01,2274.0,2064.5048828125
timesfm,2023-03-01,5032.0,2170.77734375
timesfm,2023-04-01,8196.0,2098.595703125
timesfm,2023-05-01,6345.0,1588.2216796875
timesfm,2023-06-01,4818.0,1000.4473876953125
timesfm,2023-07-01,3412.0,609.147216796875
timesfm,2023-08-01,2034.0,439.9725036621094
timesfm,2023-09-01,1961.0,336.1810302734375
timesfm,2023-10-01,2247.0,335.6533203125
timesfm,2023-11-01,3158.0,334.62982177734375
timesfm,2023-12-01,7277.0,336.31072998046875
timesfm,2024-01-01,19683.0,473.48974609375
timesfm,2023-03-01,5032.0,2771.37353515625
timesfm,2023-04-01,8196.0,2596.46875
timesfm,2023-05-01,6345.0,2024.3375244140625
timesfm,2023-06-01,4818.0,1276.0675048828125
timesfm,2023-07-01,3412.0,720.7379760742188
timesfm,2023-08-01,2034.0,428.88470458984375
timesfm,2023-09-01,1961.0,381.7735595703125
timesfm,2023-10-01,2247.0,315.762451171875
timesfm,2023-11-01,3158.0,269.71295166015625
timesfm,2023-12-01,7277.0,264.020263671875
timesfm,2024-01-01,19683.0,378.8646240234375
timesfm,2024-02-01,54496.0,592.92333984375
timesfm,2023-04-01,8196.0,5662.9638671875
timesfm,2023-05-01,6345.0,4300.7236328125
timesfm,2023-06-01,4818.0,2753.536865234375
timesfm,2023-07-01,3412.0,1619.424072265625
timesfm,2023-08-01,2034.0,881.56787109375
timesfm,2023-09-01,1961.0,495.9859924316406
timesfm,2023-10-01,2247.0,369.73748779296875
timesfm,2023-11-01,3158.0,286.10711669921875
timesfm,2023-12-01,7277.0,268.625732421875
timesfm,2024-01-01,19683.0,474.366455078125
timesfm,2024-02-01,54496.0,861.83251953125
timesfm,2024-03-01,38264.0,1381.3074951171875
timesfm,2023-05-01,6345.0,7309.03857421875
timesfm,2023-06-01,4818.0,5129.169921875
timesfm,2023-07-01,3412.0,3282.161376953125
timesfm,2023-08-01,2034.0,1995.994140625
timesfm,2023-09-01,1961.0,1125.09912109375
timesfm,2023-10-01,2247.0,524.08056640625
timesfm,2023-11-01,3158.0,307.56317138671875
timesfm,2023-12-01,7277.0,249.1973876953125
timesfm,2024-01-01,19683.0,567.7950439453125
timesfm,2024-02-01,54496.0,1124.4989013671875
timesfm,2024-03-01,38264.0,1828.9642333984375
timesfm,2024-04-01,10048.0,2241.655517578125
timesfm,2023-06-01,4818.0,3349.175537109375
timesfm,2023-07-01,3412.0,2108.169677734375
timesfm,2023-08-01,2034.0,1405.222412109375
timesfm,2023-09-01,1961.0,912.7842407226562
timesfm,2023-10-01,2247.0,668.1865234375
timesfm,2023-11-01,3158.0,426.54852294921875
timesfm,2023-12-01,7277.0,524.269287109375
timesfm,2024-01-01,19683.0,794.9710693359375
timesfm,2024-02-01,54496.0,1267.517578125
timesfm,2024-03-01,38264.0,1775.388671875
timesfm,2024-04-01,10048.0,2023.2640380859375
timesfm,2024-05-01,5536.0,1741.488037109375
timesfm,2023-07-01,3412.0,2909.8623046875
timesfm,2023-08-01,2034.0,2093.65234375
timesfm,2023-09-01,1961.0,1627.26025390625
timesfm,2023-10-01,2247.0,1283.8936767578125
timesfm,2023-11-01,3158.0,981.199951171875
timesfm,2023-12-01,7277.0,787.4266357421875
timesfm,2024-01-01,19683.0,1038.251708984375
timesfm,2024-02-01,54496.0,1405.0145263671875
timesfm,2024-03-01,38264.0,1967.313720703125
timesfm,2024-04-01,10048.0,2255.420654296875
timesfm,2024-05-01,5536.0,1874.197998046875
timesfm,2024-06-01,3521.0,1257.69384765625
timesfm,2023-08-01,2034.0,1858.04248046875
timesfm,2023-09-01,1961.0,1449.2078857421875
timesfm,2023-10-01,2247.0,1220.391357421875
timesfm,2023-11-01,3158.0,1014.7940673828125
timesfm,2023-12-01,7277.0,954.9390869140625
timesfm,2024-01-01,19683.0,1044.3739013671875
timesfm,2024-02-01,54496.0,1408.5128173828125
timesfm,2024-03-01,38264.0,1836.8848876953125
timesfm,2024-04-01,10048.0,2145.17578125
timesfm,2024-05-01,5536.0,1735.9697265625
timesfm,2024-06-01,3521.0,1093.3558349609375
timesfm,2024-07-01,1646.0,658.9307861328125
timesfm,2023-09-01,1961.0,1121.7989501953125
timesfm,2023-10-01,2247.0,973.9526977539062
timesfm,2023-11-01,3158.0,762.246337890625
timesfm,2023-12-01,7277.0,694.1036987304688
timesfm,2024-01-01,19683.0,861.1055297851562
timesfm,2024-02-01,54496.0,1208.6802978515625
timesfm,2024-03-01,38264.0,1871.51171875
timesfm,2024-04-01,10048.0,2333.935302734375
timesfm,2024-05-01,5536.0,1953.941162109375
timesfm,2024-06-01,3521.0,1232.634033203125
timesfm,2024-07-01,1646.0,703.4126586914062
timesfm,2024-08-01,1155.0,446.2705993652344
timesfm,2023-10-01,2247.0,1798.717041015625
timesfm,2023-11-01,3158.0,1584.6942138671875
timesfm,2023-12-01,7277.0,1516.45654296875
timesfm,2024-01-01,19683.0,1733.26171875
timesfm,2024-02-01,54496.0,2057.02978515625
timesfm,2024-03-01,38264.0,2554.8291015625
timesfm,2024-04-01,10048.0,2985.346923828125
timesfm,2024-05-01,5536.0,2558.38623046875
timesfm,2024-06-01,3521.0,1646.8232421875
timesfm,2024-07-01,1646.0,1061.978271484375
timesfm,2024-08-01,1155.0,687.2501220703125
timesfm,2024-09-01,1400.0,600.1492919921875
timesfm,2023-11-01,3158.0,2153.90380859375
timesfm,2023-12-01,7277.0,1990.34130859375
timesfm,2024-01-01,19683.0,2309.431640625
timesfm,2024-02-01,54496.0,2794.9248046875
timesfm,2024-03-01,38264.0,3346.620849609375
timesfm,2024-04-01,10048.0,3665.2646484375
timesfm,2024-05-01,5536.0,3141.598876953125
timesfm,2024-06-01,3521.0,1953.8204345703125
timesfm,2024-07-01,1646.0,1100.3154296875
timesfm,2024-08-01,1155.0,644.4344482421875
timesfm,2024-09-01,1400.0,418.49383544921875
timesfm,2024-10-01,1214.0,478.57061767578125
timesfm,2023-12-01,7277.0,3569.211181640625
timesfm,2024-01-01,19683.0,3755.0771484375
timesfm,2024-02-01,54496.0,4284.81103515625
timesfm,2024-03-01,38264.0,5061.95654296875
timesfm,2024-04-01,10048.0,5419.29296875
timesfm,2024-05-01,5536.0,4413.22607421875
timesfm,2024-06-01,3521.0,2957.9619140625
timesfm,2024-07-01,1646.0,1935.977783203125
timesfm,2024-08-01,1155.0,1247.8837890625
timesfm,2024-09-01,1400.0,864.1710205078125
timesfm,2024-10-01,1214.0,779.6607666015625
timesfm,2024-11-01,1286.0,742.260498046875
timesfm,2024-01-01,19683.0,10527.0673828125
timesfm,2024-02-01,54496.0,10498.009765625
timesfm,2024-03-01,38264.0,10304.1123046875
timesfm,2024-04-01,10048.0,9367.54296875
timesfm,2024-05-01,5536.0,6974.84130859375
timesfm,2024-06-01,3521.0,4080.73876953125
timesfm,2024-07-01,1646.0,2555.517578125
timesfm,2024-08-01,1155.0,1492.95068359375
timesfm,2024-09-01,1400.0,1083.52392578125
timesfm,2024-10-01,1214.0,1082.7490234375
timesfm,2024-11-01,1286.0,1021.0393676757812
timesfm,2024-12-01,1184.0,1242.7022705078125
