data_iniSE,SE,casos_est,casos_est_min,casos_est_max,casos,p_rt1,p_inc100k,Localidade_id,nivel,id,versao_modelo,municipio_nome,tweet,Rt,pop,tempmin,umidmax,receptivo,transmissao,nivel_inc,umidmed,umidmin,tempmed,tempmax,casprov,casprov_est,casprov_est_min,casprov_est_max,casconf,notif_accum_year,date
1262476800000,201001,63.0,63,63,63,0.0,2.344961,0,1,230440020100119589,2023-08-20,Fortaleza,0.0,0.0,2686612.0,24.4285714286,90.5714285714,1,0,0,77.7894557143,60.7142857143,26.7809525714,29.4285714286,31.0,,,,,7865,2010-01-03
1263081600000,201002,71.0,71,71,71,0.0,2.6427336,0,1,230440020100219589,2023-08-20,Fortaleza,0.0,0.0,2686612.0,25.0,88.1428571429,1,0,0,75.68141,59.7142857143,27.3066177143,30.2857142857,37.0,,,,,7865,2010-01-10
1263686400000,201003,82.0,82,82,82,0.0,3.0521712,0,2,230440020100319589,2023-08-20,Fortaleza,0.0,0.0,2686612.0,24.7142857143,90.4285714286,1,0,0,75.2397957143,54.8571428571,27.5370371429,30.7142857143,41.0,,,,,7865,2010-01-17
1264291200000,201004,60.0,60,60,60,0.0,2.2332962,0,2,230440020100419589,2023-08-20,Fortaleza,0.0,0.0,2686612.0,24.5714285714,92.0,1,0,0,78.3479991429,60.7142857143,27.3881711429,30.7142857143,22.0,,,,,7865,2010-01-24
1264896000000,201005,112.0,112,112,112,0.0,4.1688194,0,2,230440020100519589,2023-08-20,Fortaleza,0.0,0.0,2686612.0,25.5714285714,89.0,1,0,0,74.5991678571,55.8571428571,28.1882842857,31.2857142857,35.0,,,,,7865,2010-01-31
1265500800000,201006,46.0,46,46,46,0.00213074,1.7121936,0,2,230440020100619589,2023-08-20,Fortaleza,0.0,0.59373987,2686612.0,25.0,92.0,1,0,0,78.3642871429,61.0,27.4993198571,30.7142857143,24.0,,,,,7865,2010-02-07
1266105600000,201007,82.0,82,82,82,0.5779279,3.0521712,0,2,230440020100719589,2023-08-20,Fortaleza,0.0,1.0313421,2686612.0,24.8571428571,90.5714285714,1,0,0,78.5045721429,62.0,27.5594648571,30.7142857143,45.0,,,,,7865,2010-02-14
1266710400000,201008,59.0,59,59,59,0.1254777,2.1960745,0,2,230440020100819589,2023-08-20,Fortaleza,0.0,0.8184033,2686612.0,25.7142857143,89.0,1,0,0,76.5816328571,57.0,28.2142858571,31.2857142857,33.0,,,,,7865,2010-02-21
1267315200000,201009,114.0,114,114,114,0.9993518,4.2432623,0,2,230440020100919589,2023-08-20,Fortaleza,0.0,1.6147505,2686612.0,25.8571428571,88.4285714286,1,0,0,74.8907785714,55.8571428571,28.3941797143,31.1428571429,56.0,,,,,7865,2010-02-28
1267920000000,201010,69.0,69,69,69,0.23615254,2.5682905,0,1,230440020101019589,2023-08-20,Fortaleza,0.0,0.88829,2686612.0,26.2857142857,84.0,0,0,0,72.0941057143,55.0,28.6485267143,31.4285714286,46.0,,,,,7865,2010-03-07
1268524800000,201011,73.0,73,73,73,0.16835895,2.717177,0,1,230440020101119589,2023-08-20,Fortaleza,0.0,0.85842746,2686612.0,25.7142857143,88.4285714286,1,0,0,76.436402,57.0,27.943123,30.7142857143,48.0,,,,,7865,2010-03-14
1269129600000,201012,88.0,88,88,88,0.7031277,3.2755008,0,1,230440020101219589,2023-08-20,Fortaleza,0.0,1.0853217,2686612.0,23.2857142857,98.4285714286,1,0,0,84.0948048571,61.7142857143,26.4773658571,30.0,62.0,,,,,7865,2010-03-21
1269734400000,201013,107.0,107,107,107,0.979148,3.9827113,0,2,230440020101319589,2023-08-20,Fortaleza,0.0,1.349022,2686612.0,24.5714285714,97.8571428571,1,0,0,83.82199,64.5714285714,27.4161825714,30.4285714286,58.0,,,,,7865,2010-03-28
1270339200000,201014,97.0,97,97,97,0.74310374,3.6104953,0,2,230440020101419589,2023-08-20,Fortaleza,0.0,1.1005543,2686612.0,25.2857142857,94.8571428571,1,0,0,80.5899828571,63.4285714286,27.851148,31.1428571429,67.0,,,,,7865,2010-04-04
1270944000000,201015,69.0,69,69,69,0.01915227,2.5682905,0,2,230440020101519589,2023-08-20,Fortaleza,0.0,0.72297287,2686612.0,24.0,97.4285714286,1,0,0,82.201265,57.8571428571,27.0928271429,30.5714285714,54.0,,,,,7865,2010-04-11
1271548800000,201016,91.0,91,91,91,0.4916618,3.3871658,0,2,230440020101619589,2023-08-20,Fortaleza,0.0,0.99691546,2686612.0,24.4285714286,98.2857142857,1,0,0,82.6127012857,62.8571428571,27.1846727143,30.8571428571,58.0,,,,,7865,2010-04-18
1272153600000,201017,131.0,131,131,131,0.99886197,4.87603,0,2,230440020101719589,2023-08-20,Fortaleza,0.0,1.518537,2686612.0,24.7142857143,93.4285714286,1,0,0,78.9452025714,58.1428571429,27.6732611429,30.8571428571,71.0,,,,,7865,2010-04-25
1272758400000,201018,70.0,70,70,70,0.028921818,2.6055121,0,2,230440020101819589,2023-08-20,Fortaleza,0.0,0.743096,2686612.0,24.5714285714,96.5714285714,1,0,0,82.9056394286,64.1428571429,26.9864625714,30.2857142857,40.0,,,,,7865,2010-05-02
1273363200000,201019,92.0,92,92,92,0.27296847,3.4243872,0,2,230440020101919589,2023-08-20,Fortaleza,0.0,0.91673994,2686612.0,24.5714285714,94.2857142857,1,0,0,80.3663307143,59.5714285714,27.3715108571,30.7142857143,41.0,,,,,7865,2010-05-09
1273968000000,201020,101.0,101,101,101,0.7281632,3.7593818,0,2,230440020102019589,2023-08-20,Fortaleza,0.0,1.0910587,2686612.0,24.7142857143,92.1428571429,1,0,0,75.9067657143,57.1428571429,27.5365005714,30.7142857143,54.0,,,,,7865,2010-05-16
1274572800000,201021,103.0,103,103,103,0.8035333,3.8338249,0,2,230440020102119589,2023-08-20,Fortaleza,0.0,1.1303,2686612.0,25.0,94.2857142857,1,0,0,80.2060721429,60.8571428571,27.5519065714,30.2857142857,63.0,,,,,7865,2010-05-23
1275177600000,201022,148.0,148,148,148,0.9989444,5.508797,0,2,230440020102219589,2023-08-20,Fortaleza,0.0,1.4823667,2686612.0,23.7142857143,96.5714285714,1,0,0,81.552035,62.7142857143,26.7562592857,29.8571428571,83.0,,,,,7865,2010-05-30
1275782400000,201023,139.0,139,139,139,0.94135433,5.1738024,0,2,230440020102319589,2023-08-20,Fortaleza,0.0,1.2177858,2686612.0,23.8571428571,91.7142857143,1,0,0,75.7492878571,53.7142857143,27.1001511429,30.7142857143,75.0,,,,,7865,2010-06-06
1276387200000,201024,151.0,151,151,151,0.87590235,5.620462,0,2,230440020102419589,2023-08-20,Fortaleza,0.0,1.1472125,2686612.0,24.0,91.8571428571,1,0,0,75.07842,51.4285714286,27.0496977143,30.8571428571,93.0,,,,,7865,2010-06-13
1276992000000,201025,142.0,142,142,142,0.5120989,5.285467,0,2,230440020102519589,2023-08-20,Fortaleza,0.0,1.0036042,2686612.0,23.7142857143,88.7142857143,1,0,0,72.7091842857,50.7142857143,26.9580062857,30.8571428571,90.0,,,,,7865,2010-06-20
1277596800000,201026,157.0,157,157,157,0.7522196,5.8437915,0,2,230440020102619589,2023-08-20,Fortaleza,0.0,1.0814799,2686612.0,23.7142857143,91.0,1,0,0,73.5517214286,48.4285714286,26.856966,30.4285714286,109.0,,,,,7865,2010-06-27
1278201600000,201027,181.0,181,181,181,0.96062577,6.7371097,0,2,230440020102719589,2023-08-20,Fortaleza,0.0,1.213757,2686612.0,23.4285714286,91.1428571429,1,1,1,73.0428928571,49.5714285714,26.5874907143,30.1428571429,146.0,,,,,7865,2010-07-04
1278806400000,201028,203.0,203,203,203,0.9871949,7.555985,0,3,230440020102819589,2023-08-20,Fortaleza,0.0,1.2644881,2686612.0,23.7142857143,93.5714285714,1,1,1,77.3002371429,54.2857142857,26.4010605714,29.8571428571,158.0,,,,,7865,2010-07-11
1279411200000,201029,230.0,230,230,230,0.9932473,8.560968,0,3,230440020102919589,2023-08-20,Fortaleza,0.0,1.2771343,2686612.0,23.4285714286,89.2857142857,1,1,1,71.1730928571,48.4285714286,26.5691611429,30.1428571429,166.0,,,,,7865,2010-07-18
1280016000000,201030,182.0,182,182,182,0.18633422,6.7743316,0,2,230440020103019589,2023-08-20,Fortaleza,0.0,0.91279346,2686612.0,23.0,87.2857142857,1,0,1,70.3555651429,48.5714285714,26.4413568571,30.1428571429,140.0,,,,,7865,2010-07-25
1280620800000,201031,207.0,207,207,207,0.50826687,7.704871,0,2,230440020103119589,2023-08-20,Fortaleza,0.0,1.0020381,2686612.0,23.1428571429,87.8571428571,1,0,1,69.7551028571,45.8571428571,26.3265305714,30.0,154.0,,,,,7865,2010-08-01
1281225600000,201032,232.0,232,232,232,0.92062306,8.635411,0,1,230440020103219589,2023-08-20,Fortaleza,0.0,1.1447849,2686612.0,22.7142857143,85.5714285714,0,0,1,66.493842,40.8571428571,26.3075301429,30.1428571429,178.0,,,,,7865,2010-08-08
1281830400000,201033,216.0,216,216,216,0.6556571,8.0398655,0,1,230440020103319589,2023-08-20,Fortaleza,0.0,1.039656,2686612.0,23.1428571429,85.4285714286,0,0,1,69.0069914286,43.4285714286,26.1995461429,30.0,158.0,,,,,7865,2010-08-15
1282435200000,201034,184.0,184,184,184,0.056048054,6.8487744,0,1,230440020103419589,2023-08-20,Fortaleza,0.0,0.8529746,2686612.0,23.2857142857,83.0,0,0,1,71.5224871429,51.0,26.3446711429,30.0,122.0,,,,,7865,2010-08-22
1283040000000,201035,188.0,188,188,188,0.14569154,6.997661,0,1,230440020103519589,2023-08-20,Fortaleza,0.0,0.899541,2686612.0,23.1428571429,82.4285714286,0,0,1,67.770409,45.7142857143,26.3316324286,29.7142857143,146.0,,,,,7865,2010-08-29
1283644800000,201036,208.0,208,208,208,0.7273369,7.742093,0,1,230440020103619589,2023-08-20,Fortaleza,0.0,1.0619848,2686612.0,22.8571428571,84.5714285714,0,0,1,69.1734695714,45.0,26.0306124286,29.2857142857,167.0,,,,,7865,2010-09-05
1284249600000,201037,149.0,149,149,149,0.01179072,5.5460186,0,1,230440020103719589,2023-08-20,Fortaleza,0.0,0.781674,2686612.0,23.2857142857,84.7142857143,0,0,0,67.329932,42.1428571429,26.3690478571,30.1428571429,114.0,,,,,7865,2010-09-12
1284854400000,201038,138.0,138,138,138,0.005972631,5.136581,0,1,230440020103819589,2023-08-20,Fortaleza,0.0,0.7545195,2686612.0,23.4285714286,80.1428571429,0,0,0,67.213061,44.2857142857,26.4742857143,30.0,78.0,,,,,7865,2010-09-19
1285459200000,201039,104.0,104,104,104,0.0002775118,3.8710465,0,1,230440020103919589,2023-08-20,Fortaleza,0.0,0.650918,2686612.0,24.2857142857,84.7142857143,0,0,0,73.2997987143,55.5714285714,26.326109,29.2857142857,65.0,,,,,7865,2010-09-26
1286064000000,201040,128.0,128,128,128,0.3267514,4.7643647,0,1,230440020104019589,2023-08-20,Fortaleza,0.0,0.9462435,2686612.0,23.8571428571,86.2857142857,0,0,0,71.9950871429,49.4285714286,26.6086544286,30.0,89.0,,,,,7865,2010-10-03
1286668800000,201041,122.0,122,122,122,0.5145189,4.541035,0,1,230440020104119589,2023-08-20,Fortaleza,0.0,1.0046691,2686612.0,24.1428571429,84.8571428571,0,0,0,70.1683671429,48.0,26.8214284286,30.5714285714,104.0,,,,,7865,2010-10-10
1287273600000,201042,107.0,107,107,107,0.1995927,3.9827113,0,1,230440020104219589,2023-08-20,Fortaleza,0.0,0.8941536,2686612.0,24.2857142857,87.2857142857,1,0,0,73.6122442857,54.5714285714,26.8367342857,30.0,91.0,,,,,7865,2010-10-17
1287878400000,201043,88.0,88,88,88,0.022619931,3.2755008,0,1,230440020104319589,2023-08-20,Fortaleza,0.0,0.75515616,2686612.0,24.5714285714,85.4285714286,0,0,0,72.2243014286,55.0,26.9646634286,30.0,67.0,,,,,7865,2010-10-24
1288483200000,201044,87.0,87,87,87,0.08957037,3.2382793,0,1,230440020104419589,2023-08-20,Fortaleza,0.0,0.82395464,2686612.0,24.8571428571,84.7142857143,0,0,0,70.9242257143,52.8571428571,27.2369615714,30.4285714286,66.0,,,,,7865,2010-10-31
1289088000000,201045,138.0,138,138,138,0.9966359,5.136581,0,1,230440020104519589,2023-08-20,Fortaleza,0.0,1.4275622,2686612.0,25.0,84.2857142857,0,0,0,69.0069495714,46.2857142857,27.401032,30.5714285714,112.0,,,,,7865,2010-11-07
1289692800000,201046,200.0,200,200,200,0.99999994,7.44432,0,1,230440020104619589,2023-08-20,Fortaleza,0.0,1.8774661,2686612.0,25.0,85.4285714286,0,1,1,72.3591971429,54.5714285714,27.184985,30.1428571429,154.0,,,,,7865,2010-11-14
1290297600000,201047,203.0,203,203,203,0.9996293,7.555985,0,3,230440020104719589,2023-08-20,Fortaleza,0.0,1.4427683,2686612.0,25.0,83.1428571429,0,1,1,72.0088078571,55.4285714286,27.1202977143,30.2857142857,146.0,,,,,7865,2010-11-21
1290902400000,201048,390.0,390,390,390,1.0,14.516424,0,3,230440020104819589,2023-08-20,Fortaleza,0.0,2.0694194,2686612.0,25.0,84.1428571429,0,1,1,71.77551,53.1428571429,27.3061222857,30.0,294.0,,,,,7865,2010-11-28
1291507200000,201049,457.0,457,457,457,1.0,17.010271,0,3,230440020104919589,2023-08-20,Fortaleza,0.0,1.7832744,2686612.0,25.1428571429,88.2857142857,1,1,1,73.9870565714,58.0,27.2182538571,30.0,358.0,,,,,7865,2010-12-05
1292112000000,201050,400.0,400,400,400,0.9707236,14.88864,0,3,230440020105019589,2023-08-20,Fortaleza,0.0,1.1484151,2686612.0,24.5714285714,92.5714285714,1,1,1,79.7507208571,62.5714285714,26.3790945714,29.2857142857,337.0,,,,,7865,2010-12-12
1292716800000,201051,342.0,342,342,342,0.011736304,12.729788,0,2,230440020105119589,2023-08-20,Fortaleza,0.0,0.84694654,2686612.0,24.7142857143,91.1428571429,1,0,1,76.9967428571,60.2857142857,27.1406768571,30.0,284.0,,,,,7865,2010-12-19
1293321600000,201052,264.0,264,264,264,4.434e-07,9.826503,0,1,230440020105219589,2023-08-20,Fortaleza,0.0,0.6784047,2686612.0,25.0,86.2857142857,0,0,1,72.9115648571,52.7142857143,27.1789494286,30.1428571429,246.0,,,,,7865,2010-12-26
1293926400000,201101,445.0,445,445,445,0.99973714,16.563612,0,1,230440020110119589,2023-08-20,Fortaleza,0.0,1.2803451,2686612.0,24.0,90.2857142857,1,1,1,76.9952262857,58.2857142857,26.7292628571,29.8571428571,353.0,,,,,39291,2011-01-02
1294531200000,201102,472.0,472,472,472,0.9999959,17.568596,0,3,230440020110219589,2023-08-20,Fortaleza,0.0,1.3684741,2686612.0,22.8571428571,96.5714285714,1,1,1,83.8069457143,65.4285714286,25.6204957143,28.2857142857,382.0,,,,,39291,2011-01-09
1295136000000,201103,460.0,460,460,460,0.97836685,17.121937,0,3,230440020110319589,2023-08-20,Fortaleza,0.0,1.1478335,2686612.0,23.1428571429,98.2857142857,1,1,1,88.7626465714,73.5714285714,25.0612021429,27.4285714286,338.0,,,,,39291,2011-01-16
1295740800000,201104,446.0,446,446,446,0.48414183,16.600834,0,2,230440020110419589,2023-08-20,Fortaleza,0.0,0.99734396,2686612.0,22.4285714286,98.5714285714,1,0,1,87.8978137143,68.7142857143,24.8291977143,27.8571428571,364.0,,,,,39291,2011-01-23
1296345600000,201105,549.0,549,549,549,0.9973442,20.434658,0,2,230440020110519589,2023-08-20,Fortaleza,0.0,1.1921152,2686612.0,24.1428571429,95.1428571429,1,1,1,81.8721027143,63.7142857143,26.5329521429,29.2857142857,439.0,,,,,39291,2011-01-30
1296950400000,201106,622.0,622,622,622,0.9999857,23.151836,0,3,230440020110619589,2023-08-20,Fortaleza,0.0,1.2873826,2686612.0,24.2857142857,92.1428571429,1,1,1,82.050452,66.2857142857,26.2243608571,28.8571428571,532.0,,,,,39291,2011-02-06
1297555200000,201107,898.0,898,898,898,1.0,33.425,0,3,230440020110719589,2023-08-20,Fortaleza,0.0,1.6241179,2686612.0,22.5714285714,99.1428571429,1,1,1,88.4132034286,72.4285714286,25.2128497143,27.8571428571,793.0,,,,,39291,2011-02-13
1298160000000,201108,1109.0,1109,1109,1109,1.0,41.278755,0,3,230440020110819589,2023-08-20,Fortaleza,0.0,1.620558,2686612.0,23.2857142857,100.0,1,1,1,88.3725637143,72.2857142857,25.5938017143,28.5714285714,988.0,,,,,39291,2011-02-20
1298764800000,201109,1320.0,1320,1320,1320,1.0,49.132515,0,3,230440020110919589,2023-08-20,Fortaleza,0.0,1.4999157,2686612.0,23.4285714286,98.2857142857,1,1,1,82.1641591429,62.5714285714,26.1197792857,29.5714285714,1153.0,,,,,39291,2011-02-27
1299369600000,201110,1468.0,1468,1468,1468,1.0,54.64131,0,3,230440020111019589,2023-08-20,Fortaleza,0.0,1.3413098,2686612.0,23.0,99.1428571429,1,1,1,88.638696,70.1428571429,25.5775774286,28.7142857143,1317.0,,,,,39291,2011-03-06
1299974400000,201111,2110.0,2110,2110,2110,1.0,78.537575,0,3,230440020111119589,2023-08-20,Fortaleza,0.0,1.6040773,2686612.0,23.2857142857,98.2857142857,1,1,2,81.6037457143,60.4285714286,26.507511,29.8571428571,1914.0,,,,,39291,2011-03-13
1300579200000,201112,2290.0,2290,2290,2290,1.0,85.237465,0,4,230440020111219589,2023-08-20,Fortaleza,0.0,1.4284056,2686612.0,24.1428571429,95.1428571429,1,1,2,80.9247921429,62.8571428571,26.9514361429,30.1428571429,2101.0,,,,,39291,2011-03-20
1301184000000,201113,2780.0,2780,2780,2780,1.0,103.47605,0,4,230440020111319589,2023-08-20,Fortaleza,0.0,1.4058203,2686612.0,23.8571428571,98.2857142857,1,1,2,87.2425591429,67.5714285714,26.1678805714,29.4285714286,2577.0,,,,,39291,2011-03-27
1301788800000,201114,3319.0,3319,3319,3319,1.0,123.53849,0,4,230440020111419589,2023-08-20,Fortaleza,0.0,1.4056,2686612.0,23.8571428571,98.2857142857,1,1,2,85.1651822857,67.2857142857,26.5749174286,29.2857142857,3109.0,,,,,39291,2011-04-03
1302393600000,201115,3107.0,3107,3107,3107,0.9999979,115.647514,0,4,230440020111519589,2023-08-20,Fortaleza,0.0,1.1279198,2686612.0,22.7142857143,100.0,1,1,2,90.9984408571,75.8571428571,25.0035124286,27.5714285714,2899.0,,,,,39291,2011-04-10
1302998400000,201116,2551.0,2551,2551,2551,2e-10,94.9523,0,4,230440020111619589,2023-08-20,Fortaleza,0.0,0.8448444,2686612.0,23.0,100.0,1,0,2,91.0577837143,77.1428571429,25.0315964286,27.5714285714,2391.0,,,,,39291,2011-04-17
1303603200000,201117,2249.0,2249,2249,2249,0.0,83.71138,0,4,230440020111719589,2023-08-20,Fortaleza,0.0,0.7644886,2686612.0,23.0,100.0,1,0,2,90.1027222857,71.2857142857,25.19966,28.5714285714,2087.0,,,,,39291,2011-04-24
1304208000000,201118,1923.0,1923,1923,1923,0.0,71.57714,0,4,230440020111819589,2023-08-20,Fortaleza,0.0,0.7369658,2686612.0,23.4285714286,100.0,1,0,2,90.0210737143,70.0,25.8080001429,29.0,1776.0,,,,,39291,2011-05-01
1304812800000,201119,1812.0,1812,1812,1812,0.0,67.44554,0,4,230440020111919589,2023-08-20,Fortaleza,0.0,0.80160517,2686612.0,23.5714285714,98.2857142857,1,0,2,85.8319121429,65.5714285714,25.8949994286,29.0,1685.0,,,,,39291,2011-05-08
1305417600000,201120,1502.0,1502,1502,1502,2.220446e-16,55.906845,0,2,230440020112019589,2023-08-20,Fortaleza,0.0,0.7574945,2686612.0,23.5714285714,99.1428571429,1,0,1,85.0764391429,61.2857142857,26.1315322857,29.5714285714,1418.0,,,,,39291,2011-05-15
1306022400000,201121,1208.0,1208,1208,1208,0.0,44.963696,0,2,230440020112119589,2023-08-20,Fortaleza,0.0,0.69028324,2686612.0,23.5714285714,96.0,1,0,1,80.5863571429,59.0,26.5568195714,29.8571428571,1124.0,,,,,39291,2011-05-22
1306627200000,201122,845.0,845,845,845,0.0,31.452253,0,2,230440020112219589,2023-08-20,Fortaleza,0.0,0.5672195,2686612.0,23.0,96.7142857143,1,0,1,79.08636,53.2857142857,26.3327661429,29.5714285714,802.0,,,,,39291,2011-05-29
1307232000000,201123,692.0,692,692,692,0.0,25.757347,0,2,230440020112319589,2023-08-20,Fortaleza,0.0,0.5796382,2686612.0,23.2857142857,97.5714285714,1,0,1,81.078042,57.7142857143,26.2594478571,29.2857142857,646.0,,,,,39291,2011-06-05
1307836800000,201124,543.0,543,543,543,0.0,20.211329,0,2,230440020112419589,2023-08-20,Fortaleza,0.0,0.593084,2686612.0,23.1428571429,96.5714285714,1,0,1,77.4183088571,53.4285714286,26.1379701429,29.7142857143,502.0,,,,,39291,2011-06-12
1308441600000,201125,419.0,419,419,419,0.0,15.595851,0,2,230440020112519589,2023-08-20,Fortaleza,0.0,0.5929228,2686612.0,23.1428571429,98.2857142857,1,0,1,81.42399,58.7142857143,26.0822127143,29.2857142857,392.0,,,,,39291,2011-06-19
1309046400000,201126,349.0,349,349,349,0.0,12.990338,0,2,230440020112619589,2023-08-20,Fortaleza,0.0,0.62828803,2686612.0,23.0,95.0,1,0,1,81.6571394286,63.0,25.4730391429,28.4285714286,323.0,,,,,39291,2011-06-26
1309651200000,201127,249.0,249,249,249,0.0,9.268179,0,2,230440020112719589,2023-08-20,Fortaleza,0.0,0.5688711,2686612.0,23.2857142857,95.1428571429,1,0,1,83.2084214286,62.1428571429,25.5899282857,28.7142857143,233.0,,,,,39291,2011-07-03
1310256000000,201128,222.0,222,222,222,9.79e-08,8.263195,0,2,230440020112819589,2023-08-20,Fortaleza,0.0,0.64282215,2686612.0,22.1428571429,96.5714285714,1,0,1,82.0022477143,62.5714285714,24.9035615714,28.1428571429,201.0,,,,,39291,2011-07-10
1310860800000,201129,214.0,214,214,214,0.0031718346,7.9654226,0,2,230440020112919589,2023-08-20,Fortaleza,0.0,0.7805132,2686612.0,23.0,94.2857142857,1,0,1,78.5598007143,58.4285714286,25.6480174286,28.8571428571,190.0,,,,,39291,2011-07-17
1311465600000,201130,226.0,226,226,226,0.3618233,8.412082,0,2,230440020113019589,2023-08-20,Fortaleza,0.0,0.9675772,2686612.0,22.1428571429,91.0,1,0,1,73.4586164286,50.5714285714,25.7923287143,29.2857142857,212.0,,,,,39291,2011-07-24
1312070400000,201131,190.0,190,190,190,0.074940495,7.072104,0,2,230440020113119589,2023-08-20,Fortaleza,0.0,0.8672545,2686612.0,23.1428571429,94.2857142857,1,0,1,79.768332,58.8571428571,25.7499765714,28.5714285714,168.0,,,,,39291,2011-07-31
1312675200000,201132,147.0,147,147,147,0.0004871609,5.4715753,0,2,230440020113219589,2023-08-20,Fortaleza,0.0,0.7033807,2686612.0,23.1428571429,92.4285714286,1,0,0,74.3520271429,52.4285714286,26.2066831429,29.7142857143,128.0,,,,,39291,2011-08-07
1313280000000,201133,147.0,147,147,147,0.014948037,5.4715753,0,2,230440020113319589,2023-08-20,Fortaleza,0.0,0.7879394,2686612.0,22.1428571429,89.2857142857,1,0,0,72.9877157143,50.1428571429,25.803259,29.2857142857,129.0,,,,,39291,2011-08-14
1313884800000,201134,152.0,152,152,152,0.29407567,5.6576834,0,2,230440020113419589,2023-08-20,Fortaleza,0.0,0.94073534,2686612.0,22.4285714286,94.1428571429,1,0,0,76.7047857143,51.7142857143,25.6333567143,29.1428571429,133.0,,,,,39291,2011-08-21
1314489600000,201135,103.0,103,103,103,0.0022289688,3.8338249,0,2,230440020113519589,2023-08-20,Fortaleza,0.0,0.6966818,2686612.0,22.5714285714,89.2857142857,1,0,0,71.8877528571,49.2857142857,25.9795918571,29.1428571429,93.0,,,,,39291,2011-08-28
1315094400000,201136,132.0,132,132,132,0.37848932,4.9132514,0,1,230440020113619589,2023-08-20,Fortaleza,0.0,0.9630256,2686612.0,22.5714285714,84.5714285714,0,0,0,68.6630757143,46.0,26.0878685714,29.7142857143,113.0,,,,,39291,2011-09-04
1315699200000,201137,118.0,118,118,118,0.33109224,4.392149,0,1,230440020113719589,2023-08-20,Fortaleza,0.0,0.9455462,2686612.0,23.1428571429,87.2857142857,1,0,0,70.4094842857,46.5714285714,26.1768705714,29.7142857143,102.0,,,,,39291,2011-09-11
1316304000000,201138,134.0,134,134,134,0.7689583,4.9876947,0,1,230440020113819589,2023-08-20,Fortaleza,0.0,1.0961256,2686612.0,22.4285714286,86.2857142857,0,0,0,69.4761918571,42.2857142857,26.0300455714,30.0,110.0,,,,,39291,2011-09-18
1316908800000,201139,133.0,133,133,133,0.6938651,4.950473,0,1,230440020113919589,2023-08-20,Fortaleza,0.0,1.0650667,2686612.0,23.7142857143,87.0,0,0,0,73.0128507143,50.5714285714,26.308957,29.7142857143,101.0,,,,,39291,2011-09-25
1317513600000,201140,133.0,133,133,133,0.59828794,4.950473,0,1,230440020114019589,2023-08-20,Fortaleza,0.0,1.031187,2686612.0,24.4285714286,83.0,0,0,0,69.8497721429,46.7142857143,26.4557822857,29.8571428571,115.0,,,,,39291,2011-10-02
1318118400000,201141,114.0,114,114,114,0.14109461,4.2432623,0,1,230440020114119589,2023-08-20,Fortaleza,0.0,0.87162346,2686612.0,24.4285714286,88.0,1,0,0,75.3390014286,56.2857142857,26.2983748571,29.0,92.0,,,,,39291,2011-10-09
1318723200000,201142,110.0,110,110,110,0.14055824,4.094376,0,1,230440020114219589,2023-08-20,Fortaleza,0.0,0.86928576,2686612.0,24.4285714286,90.2857142857,1,0,0,78.1797757143,62.7142857143,26.240076,28.4285714286,95.0,,,,,39291,2011-10-16
1319328000000,201143,93.0,93,93,93,0.04774026,3.461609,0,2,230440020114319589,2023-08-20,Fortaleza,0.0,0.79426,2686612.0,24.5714285714,87.8571428571,1,0,0,73.7086171429,53.8571428571,26.6203705714,29.5714285714,78.0,,,,,39291,2011-10-23
1319932800000,201144,122.0,122,122,122,0.81633365,4.541035,0,2,230440020114419589,2023-08-20,Fortaleza,0.0,1.1260135,2686612.0,24.2857142857,91.1428571429,1,0,0,76.1271728571,58.0,26.5334468571,29.1428571429,104.0,,,,,39291,2011-10-30
1320537600000,201145,107.0,107,107,107,0.5334396,3.9827113,0,2,230440020114519589,2023-08-20,Fortaleza,0.0,1.0115498,2686612.0,24.0,90.2857142857,1,0,0,74.4216394286,55.4285714286,26.609919,29.5714285714,81.0,,,,,39291,2011-11-06
1321142400000,201146,116.0,116,116,116,0.6605796,4.3177056,0,2,230440020114619589,2023-08-20,Fortaleza,0.0,1.0565597,2686612.0,24.5714285714,88.7142857143,1,0,0,75.11659,57.0,26.6802722857,29.5714285714,89.0,,,,,39291,2011-11-13
1321747200000,201147,138.0,138,138,138,0.94123805,5.136581,0,2,230440020114719589,2023-08-20,Fortaleza,0.0,1.2185352,2686612.0,24.7142857143,87.2857142857,1,0,0,73.9848812857,56.1428571429,26.8376795714,29.7142857143,110.0,,,,,39291,2011-11-20
1322352000000,201148,145.0,145,145,145,0.93490016,5.397132,0,1,230440020114819589,2023-08-20,Fortaleza,0.0,1.2042912,2686612.0,24.7142857143,85.5714285714,0,0,0,73.1747928571,55.4285714286,26.6969734286,29.7142857143,119.0,,,,,39291,2011-11-27
1322956800000,201149,172.0,172,172,172,0.9856937,6.4021153,0,1,230440020114919589,2023-08-20,Fortaleza,0.0,1.285259,2686612.0,24.5714285714,87.1428571429,1,1,1,73.6349214286,54.7142857143,26.8038894286,29.8571428571,142.0,,,,,39291,2011-12-04
1323561600000,201150,115.0,115,115,115,0.027830511,4.280484,0,1,230440020115019589,2023-08-20,Fortaleza,0.0,0.78864276,2686612.0,24.7142857143,86.4285714286,0,0,0,72.9476557143,55.5714285714,26.860733,29.4285714286,90.0,,,,,39291,2011-12-11
1324166400000,201151,112.0,112,112,112,0.0179817,4.1688194,0,1,230440020115119589,2023-08-20,Fortaleza,0.0,0.76945907,2686612.0,24.7142857143,87.1428571429,1,0,0,74.2514285714,57.0,26.8987754286,29.7142857143,101.0,,,,,39291,2011-12-18
1324771200000,201152,159.0,159,159,159,0.94613206,5.9182343,0,1,230440020115219589,2023-08-20,Fortaleza,0.0,1.2078526,2686612.0,25.125,87.25,1,0,0,76.01332575,58.625,26.886585375,30.0,86.0,,,,,39291,2011-12-25
1325376000000,201201,149.0,149,149,149,0.88560295,5.5460186,0,1,230440020120119589,2023-08-20,Fortaleza,0.0,1.1552727,2686612.0,25.2857142857,85.5714285714,0,0,0,73.9229157143,55.8571428571,27.125007,29.8571428571,108.0,,,,,44925,2012-01-01
1325980800000,201202,156.0,156,156,156,0.791692,5.8065696,0,1,230440020120219589,2023-08-20,Fortaleza,0.0,1.0985944,2686612.0,25.1428571429,88.8571428571,1,0,0,74.9072171429,55.0,27.1545731429,30.0,129.0,,,,,44925,2012-01-08
1326585600000,201203,210.0,210,210,210,0.9985026,7.8165364,0,1,230440020120319589,2023-08-20,Fortaleza,0.0,1.3673551,2686612.0,23.8571428571,92.7142857143,1,1,1,80.0899028571,63.5714285714,26.184064,29.0,173.0,,,,,44925,2012-01-15
1327190400000,201204,222.0,222,222,222,0.9956429,8.263195,0,3,230440020120419589,2023-08-20,Fortaleza,0.0,1.3044623,2686612.0,24.5714285714,87.8571428571,1,1,1,76.3431577143,60.4285714286,26.6942555714,29.2857142857,189.0,,,,,44925,2012-01-22
1327795200000,201205,264.0,264,264,264,0.9989137,9.826503,0,3,230440020120519589,2023-08-20,Fortaleza,0.0,1.3315787,2686612.0,25.0,83.2857142857,0,1,1,72.2392271429,56.2857142857,26.9497357143,29.2857142857,224.0,,,,,44925,2012-01-29
1328400000000,201206,252.0,252,252,252,0.8833662,9.379844,0,1,230440020120619589,2023-08-20,Fortaleza,0.0,1.1151952,2686612.0,24.5714285714,88.0,1,0,1,75.5153071429,56.8571428571,27.0357144286,29.8571428571,220.0,,,,,44925,2012-02-05
1329004800000,201207,255.0,255,255,255,0.6590995,9.4915085,0,1,230440020120719589,2023-08-20,Fortaleza,0.0,1.0372928,2686612.0,23.0,93.4285714286,1,0,1,83.0675957143,67.8571428571,25.3791605714,27.8571428571,229.0,,,,,44925,2012-02-12
1329609600000,201208,347.0,347,347,347,0.99986196,12.915895,0,2,230440020120819589,2023-08-20,Fortaleza,0.0,1.3460625,2686612.0,22.8571428571,89.4285714286,1,1,1,78.269148,60.0,25.3949057143,29.0,309.0,,,,,44925,2012-02-19
1330214400000,201209,473.0,473,473,473,1.0,17.605818,0,3,230440020120919589,2023-08-20,Fortaleza,0.0,1.6453645,2686612.0,23.0,90.1428571429,1,1,1,76.6347514286,59.0,25.8559498571,28.5714285714,423.0,,,,,44925,2012-02-26
1330819200000,201210,619.0,619,619,619,1.0,23.04017,0,3,230440020121019589,2023-08-20,Fortaleza,0.0,1.7061092,2686612.0,23.4285714286,88.7142857143,1,1,1,74.6645421429,54.8571428571,26.2777358571,29.2857142857,519.0,,,,,44925,2012-03-04
1331424000000,201211,854.0,854,854,854,1.0,31.787247,0,3,230440020121119589,2023-08-20,Fortaleza,0.0,1.7663902,2686612.0,23.2857142857,91.7142857143,1,1,1,77.8567322857,60.2857142857,26.057118,28.7142857143,762.0,,,,,44925,2012-03-11
1332028800000,201212,947.0,947,947,947,1.0,35.248856,0,3,230440020121219589,2023-08-20,Fortaleza,0.0,1.4818432,2686612.0,23.7142857143,90.1428571429,1,1,1,76.7324328571,59.1428571429,26.5047348571,29.5714285714,857.0,,,,,44925,2012-03-18
1332633600000,201213,1011.0,1011,1011,1011,0.9999996,37.63104,0,3,230440020121319589,2023-08-20,Fortaleza,0.0,1.2616717,2686612.0,23.4285714286,91.7142857143,1,1,1,79.7565207143,61.4285714286,26.1737508571,28.8571428571,888.0,,,,,44925,2012-03-25
1333238400000,201214,1142.0,1142,1142,1142,0.999999,42.50707,0,3,230440020121419589,2023-08-20,Fortaleza,0.0,1.2328687,2686612.0,25.4285714286,87.2857142857,1,1,1,74.0811855714,56.1428571429,27.5377037143,30.2857142857,1004.0,,,,,44925,2012-04-01
1333843200000,201215,1639.0,1639,1639,1639,1.0,61.006203,0,3,230440020121519589,2023-08-20,Fortaleza,0.0,1.5666009,2686612.0,24.8571428571,84.7142857143,0,1,1,68.4690114286,46.7142857143,27.6470142857,30.4285714286,1446.0,,,,,44925,2012-04-08
1334448000000,201216,2455.0,2455,2455,2455,1.0,91.37903,0,3,230440020121619589,2023-08-20,Fortaleza,0.0,1.9114577,2686612.0,25.0,89.7142857143,1,1,2,78.9730384286,63.1428571429,26.7558641429,29.0,2154.0,,,,,44925,2012-04-15
1335052800000,201217,3263.0,3263,3263,3263,1.0,121.45409,0,4,230440020121719589,2023-08-20,Fortaleza,0.0,1.85471,2686612.0,25.0,88.7142857143,1,1,2,75.0925548571,57.1428571429,27.3677907143,30.1428571429,2934.0,,,,,44925,2012-04-22
1335657600000,201218,4643.0,4643,4643,4643,1.0,172.8199,0,4,230440020121819589,2023-08-20,Fortaleza,0.0,1.8702995,2686612.0,25.0,81.2857142857,0,1,2,69.6256528571,52.8571428571,27.488874,30.2857142857,4255.0,,,,,44925,2012-04-29
1336262400000,201219,6164.0,6164,6164,6164,1.0,229.43394,0,4,230440020121919589,2023-08-20,Fortaleza,0.0,1.7888722,2686612.0,25.0,84.2857142857,0,1,2,69.6751817143,50.8571428571,27.508558,30.1428571429,5715.0,,,,,44925,2012-05-06
1336867200000,201220,6082.0,6082,6082,6082,1.0,226.38177,0,4,230440020122019589,2023-08-20,Fortaleza,0.0,1.3216895,2686612.0,24.8571428571,86.2857142857,0,1,2,73.4960165714,59.0,27.0797737143,29.2857142857,5673.0,,,,,44925,2012-05-13
1337472000000,201221,4171.0,4171,4171,4171,0.0,155.2513,0,4,230440020122119589,2023-08-20,Fortaleza,0.0,0.76298505,2686612.0,24.4285714286,84.1428571429,0,0,2,71.59418,54.0,26.820295,29.5714285714,3855.0,,,,,44925,2012-05-20
1338076800000,201222,2569.0,2569,2569,2569,0.0,95.62229,0,4,230440020122219589,2023-08-20,Fortaleza,0.0,0.48187035,2686612.0,24.2857142857,85.5714285714,0,0,2,72.3574957143,53.8571428571,26.8997184286,29.7142857143,2308.0,,,,,44925,2012-05-27
1338681600000,201223,1657.0,1657,1657,1657,0.0,61.676193,0,1,230440020122319589,2023-08-20,Fortaleza,0.0,0.39447144,2686612.0,24.8571428571,85.7142857143,0,0,1,72.0172821429,53.8571428571,27.0319872857,29.5714285714,1490.0,,,,,44925,2012-06-03
1339286400000,201224,1258.0,1258,1258,1258,0.0,46.824776,0,1,230440020122419589,2023-08-20,Fortaleza,0.0,0.43996382,2686612.0,24.1428571429,85.5714285714,0,0,1,70.3273885714,51.5714285714,26.845165,29.5714285714,1101.0,,,,,44925,2012-06-10
1339891200000,201225,759.0,759,759,759,0.0,28.251196,0,1,230440020122519589,2023-08-20,Fortaleza,0.0,0.4035021,2686612.0,24.2857142857,89.4285714286,1,0,1,76.717163,58.2857142857,26.260939,29.0,678.0,,,,,44925,2012-06-17
1340496000000,201226,519.0,519,519,519,0.0,19.31801,0,1,230440020122619589,2023-08-20,Fortaleza,0.0,0.40785754,2686612.0,23.5714285714,86.4285714286,0,0,1,70.6132657143,48.2857142857,26.2931974286,29.4285714286,445.0,,,,,44925,2012-06-24
1341100800000,201227,413.0,413,413,413,0.0,15.372521,0,1,230440020122719589,2023-08-20,Fortaleza,0.0,0.48219883,2686612.0,23.8571428571,80.8571428571,0,0,1,65.8238914286,44.1428571429,26.6790991429,29.8571428571,337.0,,,,,44925,2012-07-01
1341705600000,201228,315.0,315,315,315,0.0,11.724804,0,1,230440020122819589,2023-08-20,Fortaleza,0.0,0.5400659,2686612.0,24.0,83.2857142857,0,0,1,68.3418357143,51.0,26.7653061429,29.4285714286,248.0,,,,,44925,2012-07-08
1342310400000,201229,227.0,227,227,227,0.0,8.449304,0,1,230440020122919589,2023-08-20,Fortaleza,0.0,0.53336126,2686612.0,24.1428571429,83.2857142857,0,0,1,69.1462591429,47.7142857143,26.5523431429,29.4285714286,183.0,,,,,44925,2012-07-15
1342915200000,201230,225.0,225,225,225,1.07296e-05,8.37486,0,1,230440020123019589,2023-08-20,Fortaleza,0.0,0.6939476,2686612.0,23.4285714286,79.4285714286,0,0,1,65.0935977143,42.1428571429,26.6185787143,29.8571428571,183.0,,,,,44925,2012-07-22
1343520000000,201231,197.0,197,197,197,0.002528538,7.3326554,0,1,230440020123119589,2023-08-20,Fortaleza,8.0,0.7678451,2686612.0,22.4285714286,79.4285714286,0,0,1,62.0731298571,39.4285714286,26.3354115714,29.8571428571,153.0,,,,,44925,2012-07-29
1344124800000,201232,133.0,133,133,133,2.2548e-06,4.950473,0,1,230440020123219589,2023-08-20,Fortaleza,14.0,0.6088447,2686612.0,24.0,78.8571428571,0,0,0,64.0204085714,42.1428571429,26.7857142857,29.7142857143,98.0,,,,,44925,2012-08-05
1344729600000,201233,131.0,131,131,131,0.0009644741,4.87603,0,1,230440020123319589,2023-08-20,Fortaleza,5.0,0.7043087,2686612.0,23.5714285714,77.0,0,0,0,61.6320867143,38.5714285714,26.702759,30.1428571429,96.0,,,,,44925,2012-08-12
1345334400000,201234,113.0,113,113,113,0.008468552,4.206041,0,1,230440020123419589,2023-08-20,Fortaleza,12.0,0.744776,2686612.0,23.1428571429,75.7142857143,0,0,0,59.8469384286,37.0,26.4336735714,30.2857142857,90.0,,,,,44925,2012-08-19
1345939200000,201235,69.0,69,69,69,1.36912e-05,2.5682905,0,1,230440020123519589,2023-08-20,Fortaleza,15.0,0.5425558,2686612.0,24.1428571429,77.5714285714,0,0,0,64.6428585714,43.5714285714,26.6683674286,29.7142857143,55.0,,,,,44925,2012-08-26
1346544000000,201236,81.0,81,81,81,0.03359656,3.0149498,0,1,230440020123619589,2023-08-20,Fortaleza,7.0,0.7646399,2686612.0,23.7142857143,74.4285714286,0,0,0,60.1009077143,36.4285714286,26.6067648571,30.1428571429,52.0,,,,,44925,2012-09-02
1347148800000,201237,59.0,59,59,59,0.013716548,2.1960745,0,1,230440020123719589,2023-08-20,Fortaleza,10.0,0.6913218,2686612.0,24.4285714286,78.2857142857,0,0,0,63.556123,41.8571428571,26.8418365714,30.0,40.0,,,,,44925,2012-09-09
1347753600000,201238,63.0,63,63,63,0.18602799,2.344961,0,1,230440020123819589,2023-08-20,Fortaleza,14.0,0.858455,2686612.0,24.4285714286,77.4285714286,0,0,0,63.2660621429,41.1428571429,27.0007557143,30.5714285714,43.0,,,,,44925,2012-09-16
1348358400000,201239,59.0,59,59,59,0.27032566,2.1960745,0,1,230440020123919589,2023-08-20,Fortaleza,2.0,0.89651006,2686612.0,24.5714285714,76.2857142857,0,0,0,63.427628,42.0,26.8919125714,30.0,30.0,,,,,44925,2012-09-23
1348963200000,201240,74.0,74,74,74,0.8411198,2.7543986,0,1,230440020124019589,2023-08-20,Fortaleza,6.0,1.1863608,2686612.0,24.7142857143,74.5714285714,0,0,0,60.352041,34.5714285714,27.0153061429,30.4285714286,40.0,,,,,44925,2012-09-30
1349568000000,201241,88.0,88,88,88,0.9691707,3.2755008,0,1,230440020124119589,2023-08-20,Fortaleza,6.0,1.3539995,2686612.0,24.2857142857,77.1428571429,0,0,0,64.191234,41.7142857143,26.8544974286,30.0,39.0,,,,,44925,2012-10-07
1350172800000,201242,85.0,85,85,85,0.8233718,3.163836,0,1,230440020124219589,2023-08-20,Fortaleza,14.0,1.1587563,2686612.0,24.4285714286,78.7142857143,0,0,0,64.3066135714,42.4285714286,26.9823131429,30.4285714286,40.0,,,,,44925,2012-10-14
1350777600000,201243,73.0,73,73,73,0.25910592,2.717177,0,1,230440020124319589,2023-08-20,Fortaleza,14.0,0.90129805,2686612.0,24.7142857143,80.5714285714,0,0,0,66.9300608571,47.5714285714,26.8952797143,30.2857142857,21.0,,,,,44925,2012-10-21
1351382400000,201244,42.0,42,42,42,0.0002968828,1.5633073,0,1,230440020124419589,2023-08-20,Fortaleza,13.0,0.52896506,2686612.0,24.4285714286,80.5714285714,0,0,0,67.1153242857,49.1428571429,26.8034577143,29.7142857143,16.0,,,,,44925,2012-10-28
1351987200000,201245,86.0,86,86,86,0.9067344,3.2010577,0,1,230440020124519589,2023-08-20,Fortaleza,5.0,1.2359262,2686612.0,25.2857142857,74.4285714286,0,0,0,63.7105067143,44.7142857143,27.0568784286,30.0,27.0,,,,,44925,2012-11-04
1352592000000,201246,35.0,35,35,35,0.0027052232,1.3027561,0,1,230440020124619589,2023-08-20,Fortaleza,8.0,0.56353605,2686612.0,25.0,75.7142857143,0,0,0,63.1286832857,44.7142857143,27.2679518571,30.1428571429,22.0,,,,,44925,2012-11-11
1353196800000,201247,38.0,38,38,38,0.0146412775,1.4144208,0,1,230440020124719589,2023-08-20,Fortaleza,15.0,0.6405678,2686612.0,25.4285714286,79.0,0,0,0,65.2768912857,46.4285714286,27.6684834286,30.8571428571,29.0,,,,,44925,2012-11-18
1353801600000,201248,38.0,38,38,38,0.12543663,1.4144208,0,1,230440020124819589,2023-08-20,Fortaleza,11.0,0.7815447,2686612.0,25.8571428571,75.1428571429,0,0,0,64.2598522857,46.1428571429,27.6087262857,30.4285714286,23.0,,,,,44925,2012-11-25
1354406400000,201249,57.0,57,57,57,0.9510987,2.1216311,0,1,230440020124919589,2023-08-20,Fortaleza,12.0,1.3991022,2686612.0,25.7142857143,75.8571428571,0,0,0,65.7149648571,48.7142857143,27.4972787143,30.5714285714,36.0,,,,,44925,2012-12-02
1355011200000,201250,49.0,49,49,49,0.7327427,1.8238585,0,1,230440020125019589,2023-08-20,Fortaleza,9.0,1.1377057,2686612.0,25.8571428571,76.8571428571,0,0,0,66.0930171429,47.4285714286,27.803444,30.5714285714,29.0,,,,,44925,2012-12-09
1355616000000,201251,40.0,40,40,40,0.19085099,1.4888641,0,1,230440020125119589,2023-08-20,Fortaleza,10.0,0.8304071,2686612.0,25.7142857143,78.7142857143,0,0,0,66.1404114286,49.0,27.971581,31.0,30.0,,,,,44925,2012-12-16
1356220800000,201252,55.0,55,55,55,0.7488678,2.047188,0,1,230440020125219589,2023-08-20,Fortaleza,9.0,1.1407542,2686612.0,26.0,79.0,0,0,0,67.9877171429,50.0,27.7275128571,30.2857142857,34.0,,,,,44925,2012-12-23
1356825600000,201301,83.0,83,83,83,0.99865156,3.089393,0,1,230440020130119589,2023-08-20,Fortaleza,6.0,1.6989074,2686612.0,25.4285714286,83.5714285714,0,0,0,69.1559715714,52.2857142857,27.5442174286,30.1428571429,34.0,,,,,18097,2012-12-30
1357430400000,201302,102.0,102,102,102,0.99954534,3.7966032,0,1,230440020130219589,2023-08-20,Fortaleza,28.0,1.6967586,2686612.0,25.8571428571,77.7142857143,0,0,0,65.9794907143,48.0,27.9416681429,30.5714285714,45.0,,,,,18097,2013-01-06
1358035200000,201303,95.0,95,95,95,0.8938799,3.536052,0,1,230440020130319589,2023-08-20,Fortaleza,24.0,1.208417,2686612.0,23.0,83.7142857143,0,0,0,70.2994604286,52.1428571429,27.5689695714,30.5714285714,48.0,,,,,18097,2013-01-13
1358640000000,201304,143.0,143,143,143,0.9991945,5.322689,0,1,230440020130419589,2023-08-20,Fortaleza,29.0,1.5110364,2686612.0,25.4285714286,83.7142857143,0,0,0,70.5829865714,51.8571428571,27.7792598571,30.8571428571,81.0,,,,,18097,2013-01-20
1359244800000,201305,140.0,140,140,140,0.9737198,5.2110243,0,1,230440020130519589,2023-08-20,Fortaleza,14.0,1.2788715,2686612.0,26.0,74.7142857143,0,0,0,63.2704085714,44.0,28.2295917143,31.2857142857,74.0,,,,,18097,2013-01-27
1359849600000,201306,136.0,136,136,136,0.7079114,5.0621376,0,1,230440020130619589,2023-08-20,Fortaleza,20.0,1.0697124,2686612.0,26.1428571429,79.1428571429,0,0,0,65.4423654286,47.7142857143,28.341648,31.1428571429,58.0,,,,,18097,2013-02-03
1360454400000,201307,163.0,163,163,163,0.9276614,6.067121,0,1,230440020130719589,2023-08-20,Fortaleza,21.0,1.1832631,2686612.0,25.5714285714,81.2857142857,0,0,0,67.8368728571,48.4285714286,28.1817802857,31.4285714286,55.0,,,,,18097,2013-02-10
1361059200000,201308,285.0,285,285,285,1.0,10.608156,0,1,230440020130819589,2023-08-20,Fortaleza,22.0,1.8859657,2686612.0,24.8571428571,87.1428571429,1,1,1,73.0815027143,52.7142857143,27.1548141429,29.7142857143,118.0,,,,,18097,2013-02-17
1361664000000,201309,328.0,328,328,328,1.0,12.208685,0,3,230440020130919589,2023-08-20,Fortaleza,19.0,1.701142,2686612.0,26.4285714286,78.5714285714,0,1,1,66.4147814286,48.0,28.348639,31.0,112.0,,,,,18097,2013-02-24
1362268800000,201310,350.0,350,350,350,0.9998834,13.02756,0,3,230440020131019589,2023-08-20,Fortaleza,38.0,1.3493428,2686612.0,26.5714285714,80.1428571429,0,1,1,66.4879081429,47.2857142857,28.5209747143,31.5714285714,129.0,,,,,18097,2013-03-03
1362873600000,201311,419.0,419,419,419,0.9999234,15.595851,0,3,230440020131119589,2023-08-20,Fortaleza,26.0,1.3236501,2686612.0,26.5714285714,80.2857142857,0,1,1,68.7297814286,52.7142857143,28.4667424286,31.1428571429,131.0,,,,,18097,2013-03-10
1363478400000,201312,330.0,330,330,330,0.17602633,12.283129,0,1,230440020131219589,2023-08-20,Fortaleza,55.0,0.9313426,2686612.0,25.5714285714,83.5714285714,0,0,1,70.7687014286,54.1428571429,27.9333578571,30.5714285714,105.0,,,,,18097,2013-03-17
1364083200000,201313,402.0,402,402,402,0.8564593,14.963083,0,1,230440020131319589,2023-08-20,Fortaleza,33.0,1.0794977,2686612.0,26.0,83.1428571429,0,0,1,69.3750885714,52.0,28.2209008571,30.7142857143,163.0,,,,,18097,2013-03-24
1364688000000,201314,531.0,531,531,531,0.99999976,19.76467,0,1,230440020131419589,2023-08-20,Fortaleza,35.0,1.3997,2686612.0,24.8571428571,85.8571428571,0,1,1,69.6914814286,50.4285714286,27.7909621429,30.7142857143,249.0,,,,,18097,2013-03-31
1365292800000,201315,629.0,629,629,629,1.0,23.412388,0,3,230440020131519589,2023-08-20,Fortaleza,90.0,1.4734489,2686612.0,25.8571428571,83.4285714286,0,1,1,70.0225191429,53.5714285714,28.226601,30.8571428571,313.0,,,,,18097,2013-04-07
1365897600000,201316,667.0,667,667,667,0.9999937,24.826807,0,3,230440020131619589,2023-08-20,Fortaleza,31.0,1.290027,2686612.0,25.2857142857,84.1428571429,0,1,1,70.5221708571,51.7142857143,27.8387741429,31.0,316.0,,,,,18097,2013-04-14
1366502400000,201317,623.0,623,623,623,0.76580834,23.189058,0,1,230440020131719589,2023-08-20,Fortaleza,28.0,1.0423717,2686612.0,24.1428571429,88.7142857143,1,0,1,75.8537142857,55.4285714286,26.8447165714,29.7142857143,336.0,,,,,18097,2013-04-21
1367107200000,201318,550.0,550,550,550,0.0104722455,20.47188,0,1,230440020131819589,2023-08-20,Fortaleza,34.0,0.8740808,2686612.0,24.7142857143,88.0,1,0,1,73.2413822857,52.2857142857,27.1606575714,30.0,298.0,,,,,18097,2013-04-28
1367712000000,201319,552.0,552,552,552,0.046551846,20.546324,0,1,230440020131919589,2023-08-20,Fortaleza,28.0,0.9061207,2686612.0,25.2857142857,85.8571428571,0,0,1,68.616169,48.7142857143,27.9899705714,30.7142857143,307.0,,,,,18097,2013-05-05
1368316800000,201320,582.0,582,582,582,0.5927237,21.662971,0,1,230440020132019589,2023-08-20,Fortaleza,18.0,1.013888,2686612.0,24.8571428571,88.8571428571,1,0,1,73.9781965714,55.4285714286,27.2962142857,29.8571428571,337.0,,,,,18097,2013-05-12
1368921600000,201321,688.0,688,688,688,0.999652,25.608461,0,1,230440020132119589,2023-08-20,Fortaleza,26.0,1.2113739,2686612.0,24.0,90.5714285714,1,1,1,77.4059228571,57.1428571429,26.7300491429,29.5714285714,393.0,,,,,18097,2013-05-19
1369526400000,201322,577.0,577,577,577,0.2901802,21.476864,0,1,230440020132219589,2023-08-20,Fortaleza,27.0,0.9682391,2686612.0,24.1428571429,86.4285714286,0,0,1,68.8918735714,48.7142857143,27.339284,30.4285714286,339.0,,,,,18097,2013-05-26
1370131200000,201323,661.0,661,661,661,0.8560868,24.603477,0,1,230440020132319589,2023-08-20,Fortaleza,15.0,1.0611156,2686612.0,23.5714285714,88.8571428571,1,0,1,73.1179334286,51.8571428571,26.6232662857,29.7142857143,401.0,,,,,18097,2013-06-02
1370736000000,201324,674.0,674,674,674,0.9040959,25.087358,0,1,230440020132419589,2023-08-20,Fortaleza,18.0,1.07506,2686612.0,24.0,88.7142857143,1,0,1,74.9852364286,53.8571428571,26.38237,29.2857142857,384.0,,,,,18097,2013-06-09
1371340800000,201325,717.0,717,717,717,0.9746664,26.687887,0,2,230440020132519589,2023-08-20,Fortaleza,17.0,1.11177,2686612.0,24.0,87.1428571429,1,1,1,73.3904614286,53.2857142857,26.6770637143,29.1428571429,435.0,,,,,18097,2013-06-16
1371945600000,201326,607.0,607,607,607,0.040331606,22.593512,0,1,230440020132619589,2023-08-20,Fortaleza,21.0,0.9068149,2686612.0,24.4285714286,86.2857142857,0,0,1,73.559098,53.4285714286,26.6534868571,29.2857142857,351.0,,,,,18097,2013-06-23
1372550400000,201327,675.0,675,675,675,0.5457166,25.12458,0,1,230440020132719589,2023-08-20,Fortaleza,21.0,1.006279,2686612.0,23.4285714286,89.2857142857,1,0,1,73.7103545714,51.7142857143,25.9818212857,29.2857142857,411.0,,,,,18097,2013-06-30
1373155200000,201328,624.0,624,624,624,0.2159181,23.226278,0,1,230440020132819589,2023-08-20,Fortaleza,17.0,0.95695364,2686612.0,23.4285714286,86.4285714286,0,0,1,69.8833141429,48.4285714286,26.3214285714,29.4285714286,383.0,,,,,18097,2013-07-07
1373760000000,201329,590.0,590,590,590,0.073731676,21.960745,0,1,230440020132919589,2023-08-20,Fortaleza,18.0,0.9207319,2686612.0,23.5714285714,88.0,1,0,1,73.246598,51.2857142857,26.2714282857,29.1428571429,345.0,,,,,18097,2013-07-14
1374364800000,201330,543.0,543,543,543,0.01158477,20.211329,0,1,230440020133019589,2023-08-20,Fortaleza,31.0,0.8752539,2686612.0,24.1428571429,84.1428571429,0,0,1,71.4111872857,53.2857142857,26.448866,28.8571428571,341.0,,,,,18097,2013-07-21
1374969600000,201331,670.0,670,670,670,0.9847438,24.938473,0,1,230440020133119589,2023-08-20,Fortaleza,39.0,1.1295421,2686612.0,23.5714285714,78.8571428571,0,1,1,61.750001,38.1428571429,26.576531,29.8571428571,430.0,,,,,18097,2013-07-28
1375574400000,201332,636.0,636,636,636,0.8922172,23.672937,0,1,230440020133219589,2023-08-20,Fortaleza,39.0,1.0732163,2686612.0,24.0,76.8571428571,0,0,1,63.2824881429,44.5714285714,26.7444331429,29.5714285714,361.0,,,,,18097,2013-08-04
1376179200000,201333,537.0,537,537,537,0.009738833,19.987999,0,1,230440020133319589,2023-08-20,Fortaleza,21.0,0.8713581,2686612.0,24.4285714286,83.7142857143,0,0,1,66.8513178571,43.8571428571,26.814891,29.5714285714,325.0,,,,,18097,2013-08-11
1376784000000,201334,421.0,421,421,421,8.8e-09,15.670294,0,1,230440020133419589,2023-08-20,Fortaleza,32.0,0.70104444,2686612.0,24.4285714286,77.4285714286,0,0,1,64.0475371429,43.1428571429,27.0341448571,30.1428571429,239.0,,,,,18097,2013-08-18
1377388800000,201335,319.0,319,319,319,0.0,11.873691,0,1,230440020133519589,2023-08-20,Fortaleza,11.0,0.606604,2686612.0,24.5714285714,80.2857142857,0,0,1,65.9994234286,45.2857142857,27.0791925714,30.2857142857,167.0,,,,,18097,2013-08-25
1377993600000,201336,281.0,281,281,281,1.59e-08,10.45927,0,1,230440020133619589,2023-08-20,Fortaleza,14.0,0.6571036,2686612.0,24.2857142857,82.1428571429,0,0,1,66.5555421429,48.5714285714,26.810225,29.8571428571,141.0,,,,,18097,2013-09-01
1378598400000,201337,248.0,248,248,248,4.87183e-05,9.230957,0,1,230440020133719589,2023-08-20,Fortaleza,10.0,0.7242608,2686612.0,24.8571428571,74.4285714286,0,0,1,61.4574827143,40.7142857143,27.0073694286,30.0,129.0,,,,,18097,2013-09-08
1379203200000,201338,195.0,195,195,195,1.85558e-05,7.258212,0,1,230440020133819589,2023-08-20,Fortaleza,13.0,0.6841514,2686612.0,24.5714285714,76.7142857143,0,0,1,61.6008591429,39.5714285714,27.2292438571,30.5714285714,103.0,,,,,18097,2013-09-15
1379808000000,201339,150.0,150,150,150,1.6978e-06,5.58324,0,1,230440020133919589,2023-08-20,Fortaleza,7.0,0.6214367,2686612.0,24.7142857143,79.5714285714,0,0,0,67.0963697143,49.1428571429,26.9342404286,30.0,81.0,,,,,18097,2013-09-22
1380412800000,201340,146.0,146,146,146,0.002229615,5.434354,0,1,230440020134019589,2023-08-20,Fortaleza,3.0,0.7350604,2686612.0,25.0,75.8571428571,0,0,0,62.2597718571,43.8571428571,27.1576602857,30.1428571429,73.0,,,,,18097,2013-09-29
1381017600000,201341,144.0,144,144,144,0.11779896,5.3599105,0,1,230440020134119589,2023-08-20,Fortaleza,5.0,0.873752,2686612.0,25.2857142857,75.7142857143,0,0,0,62.011396,39.8571428571,27.5924474286,30.5714285714,77.0,,,,,18097,2013-10-06
1381622400000,201342,90.0,90,90,90,0.0001241049,3.349944,0,1,230440020134219589,2023-08-20,Fortaleza,4.0,0.6168204,2686612.0,24.5714285714,74.4285714286,0,0,0,62.0330675714,42.4285714286,27.2592595714,30.2857142857,50.0,,,,,18097,2013-10-13
1382227200000,201343,96.0,96,96,96,0.014209961,3.5732737,0,1,230440020134319589,2023-08-20,Fortaleza,1.0,0.74573314,2686612.0,25.4285714286,76.7142857143,0,0,0,63.7333707143,44.7142857143,27.3813301429,30.2857142857,50.0,,,,,18097,2013-10-20
1382832000000,201344,99.0,99,99,99,0.26767194,3.6849384,0,1,230440020134419589,2023-08-20,Fortaleza,3.0,0.91754335,2686612.0,25.7142857143,73.1428571429,0,0,0,62.8628125714,46.2857142857,27.3983374286,30.2857142857,40.0,,,,,18097,2013-10-27
1383436800000,201345,66.0,66,66,66,0.008830769,2.4566257,0,1,230440020134519589,2023-08-20,Fortaleza,4.0,0.6872391,2686612.0,25.5714285714,77.7142857143,0,0,0,64.888701,45.5714285714,27.7377171429,31.0,39.0,,,,,18097,2013-11-03
1384041600000,201346,62.0,62,62,62,0.017819539,2.3077393,0,1,230440020134619589,2023-08-20,Fortaleza,5.0,0.708093,2686612.0,25.8571428571,74.7142857143,0,0,0,63.5257578571,47.1428571429,27.4088367143,30.1428571429,29.0,,,,,18097,2013-11-10
1384646400000,201347,105.0,105,105,105,0.9830007,3.9082682,0,1,230440020134719589,2023-08-20,Fortaleza,15.0,1.3715088,2686612.0,25.4285714286,75.1428571429,0,0,0,64.2434805714,45.4285714286,27.2897801429,30.0,59.0,,,,,18097,2013-11-17
1385251200000,201348,72.0,72,72,72,0.37753153,2.6799552,0,1,230440020134819589,2023-08-20,Fortaleza,8.0,0.9500989,2686612.0,25.1428571429,79.0,0,0,0,65.3788598571,46.0,27.33438,30.1428571429,33.0,,,,,18097,2013-11-24
1385856000000,201349,86.0,86,86,86,0.59234154,3.2010577,0,1,230440020134919589,2023-08-20,Fortaleza,9.0,1.036502,2686612.0,25.7142857143,78.2857142857,0,0,0,64.7384724286,43.8571428571,27.6712015714,30.4285714286,38.0,,,,,18097,2013-12-01
1386460800000,201350,88.0,88,88,88,0.6392755,3.2755008,0,1,230440020135019589,2023-08-20,Fortaleza,5.0,1.0558548,2686612.0,25.4285714286,76.0,0,0,0,63.5696288571,44.1428571429,27.5317005714,30.0,58.0,,,,,18097,2013-12-08
1387065600000,201351,65.0,65,65,65,0.07413276,2.419404,0,1,230440020135119589,2023-08-20,Fortaleza,2.0,0.7880071,2686612.0,25.8571428571,75.2857142857,0,0,0,64.7133411429,49.1428571429,27.357899,29.5714285714,33.0,,,,,18097,2013-12-15
1387670400000,201352,55.0,55,55,55,0.018604185,2.047188,0,1,230440020135219589,2023-08-20,Fortaleza,3.0,0.6964221,2686612.0,26.2857142857,76.7142857143,0,0,0,65.1887747143,45.7142857143,28.0867347143,30.7142857143,22.0,,,,,18097,2013-12-22
1388275200000,201401,40.0,40,40,40,0.003548444,1.4888641,0,1,230440020140119589,2023-08-20,Fortaleza,3.0,0.5911112,2686612.0,25.7142857143,76.7142857143,0,0,0,64.2741022857,46.1428571429,27.468508,30.2857142857,30.0,,,,,11290,2013-12-29
1388880000000,201402,77.0,77,77,77,0.96158904,2.8660634,0,1,230440020140219589,2023-08-20,Fortaleza,7.0,1.3592666,2686612.0,25.7142857143,77.1428571429,0,0,0,65.7980927143,47.7142857143,27.4227254286,30.0,24.0,,,,,11290,2014-01-05
1389484800000,201403,107.0,107,107,107,0.99995023,3.9827113,0,1,230440020140319589,2023-08-20,Fortaleza,13.0,1.858094,2686612.0,25.5714285714,82.0,0,0,0,69.0025707143,50.7142857143,27.609562,30.1428571429,37.0,,,,,11290,2014-01-12
1390089600000,201404,150.0,150,150,150,0.99999934,5.58324,0,1,230440020140419589,2023-08-20,Fortaleza,3.0,1.9315864,2686612.0,26.0,75.1428571429,0,0,0,64.3469384286,47.1428571429,27.7653062857,30.4285714286,51.0,,,,,11290,2014-01-19
1390694400000,201405,180.0,180,180,180,0.99998367,6.699888,0,1,230440020140519589,2023-08-20,Fortaleza,9.0,1.6401693,2686612.0,25.0,83.5714285714,0,1,1,68.0135785714,47.0,27.5087034286,30.2857142857,61.0,,,,,11290,2014-01-26
1391299200000,201406,154.0,154,154,154,0.75863457,5.7321267,0,1,230440020140619589,2023-08-20,Fortaleza,9.0,1.084938,2686612.0,24.1428571429,87.1428571429,1,0,0,70.9686242857,53.7142857143,26.885119,29.5714285714,53.0,,,,,11290,2014-02-02
1391904000000,201407,151.0,151,151,151,0.311647,5.620462,0,1,230440020140719589,2023-08-20,Fortaleza,10.0,0.9458482,2686612.0,25.2857142857,81.2857142857,0,0,0,71.4057478571,55.8571428571,27.400142,30.0,67.0,,,,,11290,2014-02-09
1392508800000,201408,154.0,154,154,154,0.40098023,5.7321267,0,1,230440020140819589,2023-08-20,Fortaleza,7.0,0.972055,2686612.0,24.0,87.0,0,0,0,73.7853628571,57.0,26.753036,29.2857142857,62.0,,,,,11290,2014-02-16
1393113600000,201409,109.0,109,109,109,0.004428289,4.0571547,0,1,230440020140919589,2023-08-20,Fortaleza,10.0,0.72161597,2686612.0,25.1428571429,82.5714285714,0,0,0,67.5765314286,48.4285714286,27.4795915714,30.1428571429,50.0,,,,,11290,2014-02-23
1393718400000,201410,114.0,114,114,114,0.053285673,4.2432623,0,1,230440020141019589,2023-08-20,Fortaleza,10.0,0.81640226,2686612.0,25.2857142857,81.8571428571,0,0,0,68.0093257143,50.2857142857,27.617523,29.8571428571,55.0,,,,,11290,2014-03-02
1394323200000,201411,131.0,131,131,131,0.6635781,4.87603,0,1,230440020141119589,2023-08-20,Fortaleza,4.0,1.0541975,2686612.0,24.8571428571,86.4285714286,0,0,0,72.3194944286,53.5714285714,27.0207597143,29.5714285714,44.0,,,,,11290,2014-03-09
1394928000000,201412,152.0,152,152,152,0.97104055,5.6576834,0,1,230440020141219589,2023-08-20,Fortaleza,8.0,1.2586561,2686612.0,24.5714285714,89.5714285714,1,0,0,74.7766894286,57.8571428571,27.1852331429,29.8571428571,80.0,,,,,11290,2014-03-16
1395532800000,201413,173.0,173,173,173,0.9898407,6.439337,0,1,230440020141319589,2023-08-20,Fortaleza,8.0,1.305128,2686612.0,25.4285714286,82.8571428571,0,1,1,68.2704085714,50.2857142857,27.8520411429,30.7142857143,62.0,,,,,11290,2014-03-23
1396137600000,201414,254.0,254,254,254,0.99999964,9.454287,0,3,230440020141419589,2023-08-20,Fortaleza,10.0,1.6432588,2686612.0,24.0,92.5714285714,1,1,1,80.1141585714,64.0,26.2975052857,28.7142857143,137.0,,,,,11290,2014-03-30
1396742400000,201415,240.0,240,240,240,0.9942805,8.933185,0,3,230440020141519589,2023-08-20,Fortaleza,20.0,1.277902,2686612.0,24.4285714286,91.1428571429,1,1,1,77.1413357143,53.7142857143,26.821409,29.7142857143,89.0,,,,,11290,2014-04-06
1397347200000,201416,187.0,187,187,187,0.04986593,6.960439,0,2,230440020141619589,2023-08-20,Fortaleza,13.0,0.8493661,2686612.0,24.0,89.4285714286,1,0,1,75.9752297143,59.5714285714,26.7425522857,29.4285714286,91.0,,,,,11290,2014-04-13
1397952000000,201417,191.0,191,191,191,0.05872357,7.109326,0,1,230440020141719589,2023-08-20,Fortaleza,5.0,0.8572738,2686612.0,25.4285714286,86.7142857143,0,0,1,71.2317178571,52.0,27.9626824286,30.5714285714,92.0,,,,,11290,2014-04-20
1398556800000,201418,270.0,270,270,270,0.99777085,10.049832,0,1,230440020141819589,2023-08-20,Fortaleza,22.0,1.2982635,2686612.0,24.2857142857,90.4285714286,1,1,1,76.4520448571,58.1428571429,27.0119115714,29.7142857143,118.0,,,,,11290,2014-04-27
1399161600000,201419,417.0,417,417,417,1.0,15.521408,0,3,230440020141919589,2023-08-20,Fortaleza,22.0,1.8666092,2686612.0,24.4285714286,88.8571428571,1,1,1,73.679412,53.4285714286,27.1684607143,29.7142857143,152.0,,,,,11290,2014-05-04
1399766400000,201420,426.0,426,426,426,0.9999999,15.856402,0,3,230440020142019589,2023-08-20,Fortaleza,14.0,1.4739109,2686612.0,24.0,91.8571428571,1,1,1,79.9188357143,60.1428571429,26.1966411429,28.8571428571,190.0,,,,,11290,2014-05-11
1400371200000,201421,507.0,507,507,507,0.99999684,18.871351,0,3,230440020142119589,2023-08-20,Fortaleza,9.0,1.3580933,2686612.0,25.0,89.7142857143,1,1,1,75.4757214286,57.1428571429,27.1789234286,29.7142857143,254.0,,,,,11290,2014-05-18
1400976000000,201422,513.0,513,513,513,0.99341404,19.09468,0,3,230440020142219589,2023-08-20,Fortaleza,14.0,1.174781,2686612.0,24.5714285714,88.1428571429,1,1,1,72.4524985714,53.0,27.0336031429,29.8571428571,293.0,,,,,11290,2014-05-25
1401580800000,201423,560.0,560,560,560,0.9911524,20.844097,0,3,230440020142319589,2023-08-20,Fortaleza,15.0,1.1583511,2686612.0,24.7142857143,87.2857142857,1,1,1,69.83163,48.5714285714,27.2602042857,30.0,350.0,,,,,11290,2014-06-01
1402185600000,201424,448.0,448,448,448,0.019483749,16.675278,0,1,230440020142419589,2023-08-20,Fortaleza,12.0,0.87514913,2686612.0,24.7142857143,85.7142857143,0,0,1,66.8946555714,44.5714285714,27.3831094286,30.4285714286,270.0,,,,,11290,2014-06-08
1402790400000,201425,400.0,400,400,400,0.0001896162,14.88864,0,1,230440020142519589,2023-08-20,Fortaleza,8.0,0.7891795,2686612.0,25.1428571429,80.4285714286,0,0,1,67.84883,45.8571428571,27.0377931429,29.7142857143,232.0,,,,,11290,2014-06-15
1403395200000,201426,383.0,383,383,383,0.003353011,14.255873,0,1,230440020142619589,2023-08-20,Fortaleza,4.0,0.8295456,2686612.0,24.0,85.7142857143,0,0,1,68.5510195714,46.4285714286,26.9380955714,30.1428571429,226.0,,,,,11290,2014-06-22
1404000000000,201427,402.0,402,402,402,0.32533604,14.963083,0,1,230440020142719589,2023-08-20,Fortaleza,20.0,0.96882427,2686612.0,24.0,85.5714285714,0,0,1,68.5368662857,46.7142857143,26.6341341429,29.5714285714,225.0,,,,,11290,2014-06-29
1404604800000,201428,392.0,392,392,392,0.46080035,14.590868,0,1,230440020142819589,2023-08-20,Fortaleza,13.0,0.99301076,2686612.0,24.0,80.5714285714,0,0,1,66.8800134286,45.7142857143,26.6465518571,29.7142857143,215.0,,,,,11290,2014-07-06
1405209600000,201429,335.0,335,335,335,0.021068979,12.469236,0,1,230440020142919589,2023-08-20,Fortaleza,8.0,0.8597533,2686612.0,23.5714285714,82.0,0,0,1,65.8911557143,45.5714285714,26.6095235714,29.8571428571,192.0,,,,,11290,2014-07-13
1405814400000,201430,373.0,373,373,373,0.43661192,13.883657,0,1,230440020143019589,2023-08-20,Fortaleza,11.0,0.98842376,2686612.0,23.2857142857,82.4285714286,0,0,1,66.7817181429,44.7142857143,26.3634791429,29.8571428571,186.0,,,,,11290,2014-07-20
1406419200000,201431,279.0,279,279,279,0.000938508,10.384827,0,1,230440020143119589,2023-08-20,Fortaleza,7.0,0.78091604,2686612.0,23.8571428571,79.5714285714,0,0,1,64.8489711429,44.7142857143,26.5653914286,29.7142857143,158.0,,,,,11290,2014-07-27
1407024000000,201432,244.0,244,244,244,9.33436e-05,9.08207,0,1,230440020143219589,2023-08-20,Fortaleza,6.0,0.7315306,2686612.0,24.2857142857,78.5714285714,0,0,1,63.4737857143,42.4285714286,26.794335,29.7142857143,138.0,,,,,11290,2014-08-03
1407628800000,201433,244.0,244,244,244,0.01599291,9.08207,0,1,230440020143319589,2023-08-20,Fortaleza,8.0,0.83091193,2686612.0,23.5714285714,75.5714285714,0,0,1,60.012094,35.0,26.815098,30.4285714286,113.0,,,,,11290,2014-08-10
1408233600000,201434,219.0,219,219,219,0.039075885,8.15153,0,1,230440020143419589,2023-08-20,Fortaleza,15.0,0.850839,2686612.0,23.4285714286,75.7142857143,0,0,1,59.954081,36.2857142857,26.6122447143,29.8571428571,116.0,,,,,11290,2014-08-17
1408838400000,201435,187.0,187,187,187,0.008237946,6.960439,0,1,230440020143519589,2023-08-20,Fortaleza,5.0,0.79159254,2686612.0,24.0,78.4285714286,0,0,1,64.3582447143,44.4285714286,26.5693877143,29.5714285714,90.0,,,,,11290,2014-08-24
1409443200000,201436,162.0,162,162,162,0.0031598993,6.0298996,0,1,230440020143619589,2023-08-20,Fortaleza,11.0,0.75396186,2686612.0,24.8571428571,78.0,0,0,0,63.9897967143,43.5714285714,26.7755101429,29.7142857143,94.0,,,,,11290,2014-08-31
1410048000000,201437,175.0,175,175,175,0.20794566,6.51378,0,1,230440020143719589,2023-08-20,Fortaleza,4.0,0.91846865,2686612.0,24.2857142857,77.8571428571,0,0,1,63.3990681429,42.2857142857,26.9378957143,30.2857142857,84.0,,,,,11290,2014-09-07
1410652800000,201438,172.0,172,172,172,0.44764107,6.4021153,0,1,230440020143819589,2023-08-20,Fortaleza,19.0,0.985973,2686612.0,24.2857142857,79.0,0,0,1,64.2429047143,39.4285714286,26.759696,30.0,89.0,,,,,11290,2014-09-14
1411257600000,201439,129.0,129,129,129,0.010513945,4.8015866,0,1,230440020143919589,2023-08-20,Fortaleza,23.0,0.7646807,2686612.0,25.0,75.5714285714,0,0,0,64.0316684286,46.4285714286,27.0749468571,30.1428571429,53.0,,,,,11290,2014-09-21
1411862400000,201440,174.0,174,174,174,0.75847083,6.4765587,0,1,230440020144019589,2023-08-20,Fortaleza,27.0,1.0795614,2686612.0,25.0,78.4285714286,0,0,1,65.6164018571,45.5714285714,27.0876791429,29.5714285714,71.0,,,,,11290,2014-09-28
1412467200000,201441,146.0,146,146,146,0.3371439,5.434354,0,1,230440020144119589,2023-08-20,Fortaleza,19.0,0.9526305,2686612.0,25.0,74.1428571429,0,0,0,60.4032371429,36.5714285714,27.5168892857,30.8571428571,60.0,,,,,11290,2014-10-05
1413072000000,201442,140.0,140,140,140,0.21330255,5.2110243,0,1,230440020144219589,2023-08-20,Fortaleza,22.0,0.9114547,2686612.0,25.1428571429,72.7142857143,0,0,0,60.0459175714,40.4285714286,27.4368858571,30.4285714286,50.0,,,,,11290,2014-10-12
1413676800000,201443,134.0,134,134,134,0.18263932,4.9876947,0,1,230440020144319589,2023-08-20,Fortaleza,18.0,0.8980635,2686612.0,25.1428571429,75.7142857143,0,0,0,62.2636214286,42.5714285714,27.1776432857,29.8571428571,47.0,,,,,11290,2014-10-19
1414281600000,201444,118.0,118,118,118,0.085255176,4.392149,0,1,230440020144419589,2023-08-20,Fortaleza,6.0,0.8430735,2686612.0,25.2857142857,74.4285714286,0,0,0,62.3212521429,42.1428571429,27.2454257143,30.2857142857,36.0,,,,,11290,2014-10-26
1414886400000,201445,110.0,110,110,110,0.09261637,4.094376,0,1,230440020144519589,2023-08-20,Fortaleza,9.0,0.84293085,2686612.0,25.0,77.1428571429,0,0,0,63.6275514286,47.0,27.0816325714,29.7142857143,42.0,,,,,11290,2014-11-02
1415491200000,201446,102.0,102,102,102,0.114782214,3.7966032,0,1,230440020144619589,2023-08-20,Fortaleza,13.0,0.85104686,2686612.0,25.4285714286,74.5714285714,0,0,0,64.403062,46.2857142857,27.2602042857,29.8571428571,39.0,,,,,11290,2014-11-09
1416096000000,201447,91.0,91,91,91,0.0905184,3.3871658,0,1,230440020144719589,2023-08-20,Fortaleza,8.0,0.8279845,2686612.0,25.1428571429,79.5714285714,0,0,0,65.9693881429,47.2857142857,27.2493417143,30.0,37.0,,,,,11290,2014-11-16
1416700800000,201448,94.0,94,94,94,0.2981697,3.4988306,0,1,230440020144819589,2023-08-20,Fortaleza,7.0,0.92713934,2686612.0,24.8571428571,80.4285714286,0,0,0,65.0729418571,46.4285714286,27.218719,30.1428571429,38.0,,,,,11290,2014-11-23
1417305600000,201449,87.0,87,87,87,0.27836066,3.2382793,0,1,230440020144919589,2023-08-20,Fortaleza,9.0,0.9166837,2686612.0,25.4285714286,77.2857142857,0,0,0,65.6341328571,46.0,27.3459677143,30.2857142857,28.0,,,,,11290,2014-11-30
1417910400000,201450,99.0,99,99,99,0.6960443,3.6849384,0,1,230440020145019589,2023-08-20,Fortaleza,13.0,1.076941,2686612.0,25.5714285714,76.4285714286,0,0,0,64.5564752857,47.7142857143,27.5589374286,30.5714285714,28.0,,,,,11290,2014-12-07
1418515200000,201451,86.0,86,86,86,0.3413563,3.2010577,0,1,230440020145119589,2023-08-20,Fortaleza,6.0,0.94059306,2686612.0,25.4285714286,77.0,0,0,0,64.2077765714,46.0,27.447572,30.0,34.0,,,,,11290,2014-12-14
1419120000000,201452,81.0,81,81,81,0.21739557,3.0149498,0,1,230440020145219589,2023-08-20,Fortaleza,6.0,0.88794607,2686612.0,26.0,72.8571428571,0,0,0,63.0408165714,45.2857142857,27.632653,30.1428571429,31.0,,,,,11290,2014-12-21
1419724800000,201453,27.0,27,27,27,1.08e-08,1.0049832,0,1,230440020145319589,2023-08-20,Fortaleza,6.0,0.31972465,2686612.0,24.8571428571,81.2857142857,0,0,0,69.1279314286,50.7142857143,26.8700254286,29.2857142857,27.0,,,,,11290,2014-12-28
1420329600000,201501,156.0,156,156,156,1.0,5.8065696,0,1,230440020150119589,2023-08-20,Fortaleza,3.0,2.1131625,2686612.0,25.2857142857,78.4285714286,0,0,0,67.9476581429,49.5714285714,27.0319351429,29.0,56.0,,,,,43504,2015-01-04
1420934400000,201502,185.0,185,185,185,1.0,6.8859963,0,1,230440020150219589,2023-08-20,Fortaleza,13.0,2.223542,2686612.0,25.5714285714,78.0,0,1,1,65.6936494286,45.2857142857,27.5246031429,30.2857142857,71.0,,,,,43504,2015-01-11
1421539200000,201503,207.0,207,207,207,0.99998933,7.704871,0,3,230440020150319589,2023-08-20,Fortaleza,8.0,1.5987432,2686612.0,25.7142857143,77.5714285714,0,1,1,66.2806132857,50.1428571429,27.5153064286,30.0,79.0,,,,,43504,2015-01-18
1422144000000,201504,221.0,221,221,221,0.98914164,8.225974,0,3,230440020150419589,2023-08-20,Fortaleza,12.0,1.2599765,2686612.0,25.4285714286,77.0,0,1,1,63.9591832857,44.5714285714,27.5459184286,30.2857142857,106.0,,,,,43504,2015-01-25
1422748800000,201505,311.0,311,311,311,0.99999815,11.575918,0,3,230440020150519589,2023-08-20,Fortaleza,11.0,1.5084963,2686612.0,26.0,79.1428571429,0,1,1,67.7091842857,48.7142857143,27.9132652857,31.0,154.0,,,,,43504,2015-02-01
1423353600000,201506,300.0,300,300,300,0.9949001,11.16648,0,3,230440020150619589,2023-08-20,Fortaleza,14.0,1.2479835,2686612.0,26.2857142857,75.8571428571,0,1,1,63.7498098571,43.7142857143,28.3531747143,31.1428571429,139.0,,,,,43504,2015-02-08
1423958400000,201507,292.0,292,292,292,0.7224868,10.868708,0,1,230440020150719589,2023-08-20,Fortaleza,13.0,1.0506617,2686612.0,25.0,84.4285714286,0,0,1,72.7504057143,57.0,27.0663008571,29.2857142857,159.0,,,,,43504,2015-02-15
1424563200000,201508,372.0,372,372,372,0.9977519,13.846436,0,1,230440020150819589,2023-08-20,Fortaleza,18.0,1.2460222,2686612.0,23.8571428571,91.8571428571,1,1,1,80.6850162857,55.8571428571,25.75046,28.1428571429,191.0,,,,,43504,2015-02-22
1425168000000,201509,603.0,603,603,603,1.0,22.444626,0,3,230440020150919589,2023-08-20,Fortaleza,13.0,1.8303198,2686612.0,23.8571428571,90.1428571429,1,1,1,75.6435885714,55.5714285714,26.5930677143,29.4285714286,306.0,,,,,43504,2015-03-01
1425772800000,201510,712.0,712,712,712,1.0,26.50178,0,3,230440020151019589,2023-08-20,Fortaleza,38.0,1.6911416,2686612.0,24.2857142857,90.4285714286,1,1,1,78.38284,62.0,26.3865921429,28.8571428571,388.0,,,,,43504,2015-03-08
1426377600000,201511,685.0,685,685,685,0.99986213,25.496798,0,3,230440020151119589,2023-08-20,Fortaleza,26.0,1.2298486,2686612.0,25.0,85.2857142857,0,1,1,71.406538,53.1428571429,27.4959185714,30.1428571429,402.0,,,,,43504,2015-03-15
1426982400000,201512,795.0,795,795,795,0.99980104,29.591173,0,3,230440020151219589,2023-08-20,Fortaleza,26.0,1.2044591,2686612.0,23.7142857143,94.0,1,1,1,75.7199162857,55.2857142857,26.5058055714,29.5714285714,462.0,,,,,43504,2015-03-22
1427587200000,201513,727.0,727,727,727,0.6594189,27.060104,0,1,230440020151319589,2023-08-20,Fortaleza,29.0,1.0218977,2686612.0,23.8571428571,92.4285714286,1,0,1,79.5495478571,58.8571428571,26.2551395714,28.8571428571,406.0,,,,,43504,2015-03-29
1428192000000,201514,1032.0,1032,1032,1032,1.0,38.412693,0,2,230440020151419589,2023-08-20,Fortaleza,31.0,1.3656129,2686612.0,24.4285714286,89.4285714286,1,1,1,74.5258978571,55.1428571429,27.155571,30.0,616.0,,,,,43504,2015-04-05
1428796800000,201515,1431.0,1431,1431,1431,1.0,53.26411,0,3,230440020151519589,2023-08-20,Fortaleza,72.0,1.6843356,2686612.0,24.4285714286,90.2857142857,1,1,1,76.8926265714,57.1428571429,26.7428831429,29.2857142857,899.0,,,,,43504,2015-04-12
1429401600000,201516,2286.0,2286,2286,2286,1.0,85.08858,0,3,230440020151619589,2023-08-20,Fortaleza,50.0,2.0718544,2686612.0,24.7142857143,87.1428571429,1,1,2,76.8718562857,60.8571428571,26.5584925714,29.4285714286,1504.0,,,,,43504,2015-04-19
1430006400000,201517,2465.0,2465,2465,2465,1.0,91.75124,0,4,230440020151719589,2023-08-20,Fortaleza,63.0,1.5906299,2686612.0,25.0,88.1428571429,1,1,2,73.58696,56.2857142857,27.4649657143,30.0,1689.0,,,,,43504,2015-04-26
1430611200000,201518,3281.0,3281,3281,3281,1.0,122.12407,0,4,230440020151819589,2023-08-20,Fortaleza,50.0,1.5691864,2686612.0,24.8571428571,85.5714285714,0,1,2,72.0560507143,52.4285714286,27.4428251429,30.2857142857,2240.0,,,,,43504,2015-05-03
1431216000000,201519,4081.0,4081,4081,4081,1.0,151.90135,0,4,230440020151919589,2023-08-20,Fortaleza,47.0,1.5501113,2686612.0,24.8571428571,83.1428571429,0,1,2,67.0255114286,48.0,27.7806121429,30.2857142857,2771.0,,,,,43504,2015-05-10
1431820800000,201520,4044.0,4044,4044,4044,1.0,150.52415,0,4,230440020152019589,2023-08-20,Fortaleza,40.0,1.2477192,2686612.0,25.2857142857,82.1428571429,0,1,2,68.6856085714,49.7142857143,27.8870508571,30.5714285714,2676.0,,,,,43504,2015-05-17
1432425600000,201521,3177.0,3177,3177,3177,0.0,118.25303,0,4,230440020152119589,2023-08-20,Fortaleza,35.0,0.8550758,2686612.0,25.0,85.8571428571,0,0,2,72.9675422857,55.2857142857,27.4701854286,30.0,2133.0,,,,,43504,2015-05-24
1433030400000,201522,2526.0,2526,2526,2526,0.0,94.02177,0,4,230440020152219589,2023-08-20,Fortaleza,47.0,0.6837553,2686612.0,24.2857142857,85.5714285714,0,0,2,71.5166228571,51.7142857143,27.0021392857,29.7142857143,1719.0,,,,,43504,2015-05-31
1433635200000,201523,2150.0,2150,2150,2150,0.0,80.02644,0,4,230440020152319589,2023-08-20,Fortaleza,21.0,0.6700994,2686612.0,24.2857142857,84.2857142857,0,0,2,69.8010214286,50.1428571429,27.0051022857,29.5714285714,1518.0,,,,,43504,2015-06-07
1434240000000,201524,1985.0,1985,1985,1985,0.0,73.88488,0,4,230440020152419589,2023-08-20,Fortaleza,23.0,0.75168127,2686612.0,24.2857142857,81.5714285714,0,0,2,67.4016522857,48.4285714286,26.9111541429,29.7142857143,1454.0,,,,,43504,2015-06-14
1434844800000,201525,1656.0,1656,1656,1656,0.0,61.63897,0,1,230440020152519589,2023-08-20,Fortaleza,18.0,0.74304485,2686612.0,23.5714285714,83.1428571429,0,0,1,68.7421,47.2857142857,26.4206715714,29.4285714286,1193.0,,,,,43504,2015-06-21
1435449600000,201526,1189.0,1189,1189,1189,0.0,44.256485,0,1,230440020152619589,2023-08-20,Fortaleza,22.0,0.61668694,2686612.0,24.2857142857,85.5714285714,0,0,1,73.5831707143,55.5714285714,26.4011454286,29.0,794.0,,,,,43504,2015-06-28
1436054400000,201527,1059.0,1059,1059,1059,0.0,39.417675,0,1,230440020152719589,2023-08-20,Fortaleza,12.0,0.6563182,2686612.0,23.7142857143,87.0,0,0,1,72.5922277143,51.4285714286,26.2320318571,29.2857142857,700.0,,,,,43504,2015-07-05
1436659200000,201528,1009.0,1009,1009,1009,5e-10,37.556595,0,1,230440020152819589,2023-08-20,Fortaleza,8.0,0.7744779,2686612.0,23.1428571429,87.4285714286,1,0,1,68.67868,48.4285714286,26.2279515714,29.2857142857,510.0,,,,,43504,2015-07-12
1437264000000,201529,629.0,629,629,629,0.0,23.412388,0,1,230440020152919589,2023-08-20,Fortaleza,14.0,0.57876885,2686612.0,24.2857142857,81.1428571429,0,0,1,68.3018385714,50.7142857143,26.5608161429,29.2857142857,380.0,,,,,43504,2015-07-19
1437868800000,201530,537.0,537,537,537,0.0,19.987999,0,1,230440020153019589,2023-08-20,Fortaleza,12.0,0.5889606,2686612.0,22.8571428571,87.1428571429,1,0,1,67.0760032857,48.2857142857,26.1230061429,29.2857142857,329.0,,,,,43504,2015-07-26
1438473600000,201531,494.0,494,494,494,1e-10,18.38747,0,1,230440020153119589,2023-08-20,Fortaleza,7.0,0.69152474,2686612.0,23.5714285714,78.1428571429,0,0,1,64.340958,42.8571428571,26.5640397143,29.2857142857,330.0,,,,,43504,2015-08-02
1439078400000,201532,400.0,400,400,400,3.66e-08,14.88864,0,1,230440020153219589,2023-08-20,Fortaleza,5.0,0.70560014,2686612.0,23.5714285714,75.7142857143,0,0,1,62.8928571429,42.5714285714,26.5459182857,29.7142857143,274.0,,,,,43504,2015-08-09
1439683200000,201533,332.0,332,332,332,8.91e-08,12.357572,0,1,230440020153319589,2023-08-20,Fortaleza,13.0,0.69122803,2686612.0,23.8571428571,78.0,0,0,1,64.4377548571,41.8571428571,26.4377551429,29.4285714286,211.0,,,,,43504,2015-08-16
1440288000000,201534,220.0,220,220,220,0.0,8.188752,0,1,230440020153419589,2023-08-20,Fortaleza,6.0,0.5455806,2686612.0,24.7142857143,75.0,0,0,1,64.0153072857,46.7142857143,26.5714282857,29.0,145.0,,,,,43504,2015-08-23
1440892800000,201535,190.0,190,190,190,2.2e-09,7.072104,0,1,230440020153519589,2023-08-20,Fortaleza,11.0,0.5903076,2686612.0,24.4285714286,80.8571428571,0,0,1,67.2317137143,49.2857142857,26.4652508571,29.1428571429,120.0,,,,,43504,2015-08-30
1441497600000,201536,173.0,173,173,173,0.0001383199,6.439337,0,1,230440020153619589,2023-08-20,Fortaleza,7.0,0.69962597,2686612.0,25.0,78.4285714286,0,0,1,65.4451612857,43.1428571429,26.9814881429,29.8571428571,101.0,,,,,43504,2015-09-06
1442102400000,201537,161.0,161,161,161,0.021457218,5.9926777,0,1,230440020153719589,2023-08-20,Fortaleza,8.0,0.80762184,2686612.0,24.7142857143,78.8571428571,0,0,0,63.8573114286,46.1428571429,26.8366042857,29.7142857143,83.0,,,,,43504,2015-09-13
1442707200000,201538,120.0,120,120,120,0.0008057267,4.4665923,0,1,230440020153819589,2023-08-20,Fortaleza,10.0,0.6903244,2686612.0,24.8571428571,74.4285714286,0,0,0,64.479592,46.1428571429,26.8367347143,29.7142857143,63.0,,,,,43504,2015-09-20
1443312000000,201539,107.0,107,107,107,0.002414074,3.9827113,0,1,230440020153919589,2023-08-20,Fortaleza,9.0,0.70310324,2686612.0,24.8571428571,75.5714285714,0,0,0,63.3061234286,43.5714285714,27.030612,30.1428571429,57.0,,,,,43504,2015-09-27
1443916800000,201540,109.0,109,109,109,0.09884677,4.0571547,0,1,230440020154019589,2023-08-20,Fortaleza,6.0,0.84615064,2686612.0,25.1428571429,79.5714285714,0,0,0,68.5050985714,50.5714285714,27.2142857143,30.1428571429,44.0,,,,,43504,2015-10-04
1444521600000,201541,112.0,112,112,112,0.4567107,4.1688194,0,1,230440020154119589,2023-08-20,Fortaleza,6.0,0.9856542,2686612.0,24.8571428571,82.8571428571,0,0,0,66.3476938571,45.4285714286,27.510015,30.8571428571,45.0,,,,,43504,2015-10-11
1445126400000,201542,85.0,85,85,85,0.0464507,3.163836,0,1,230440020154219589,2023-08-20,Fortaleza,5.0,0.7849916,2686612.0,25.2857142857,80.1428571429,0,0,0,68.6710142857,49.1428571429,27.2561412857,30.1428571429,29.0,,,,,43504,2015-10-18
1445731200000,201543,51.0,51,51,51,2.20382e-05,1.8983016,0,1,230440020154319589,2023-08-20,Fortaleza,2.0,0.5064143,2686612.0,25.1428571429,80.8571428571,0,0,0,68.34146,50.4285714286,27.2246788571,30.0,21.0,,,,,43504,2015-10-25
1446336000000,201544,66.0,66,66,66,0.07770689,2.4566257,0,1,230440020154419589,2023-08-20,Fortaleza,4.0,0.79240966,2686612.0,25.125,79.875,0,0,0,65.956043,46.875,27.5192305,30.625,29.0,,,,,43504,2015-11-01
1446940800000,201545,82.0,82,82,82,0.87688345,3.0521712,0,1,230440020154519589,2023-08-20,Fortaleza,4.0,1.2084512,2686612.0,25.0,84.0,0,0,0,69.95408,52.1428571429,27.2142857143,30.0,30.0,,,,,43504,2015-11-08
1447545600000,201546,80.0,80,80,80,0.8402726,2.9777281,0,1,230440020154619589,2023-08-20,Fortaleza,7.0,1.1776496,2686612.0,25.4285714286,82.7142857143,0,0,0,70.4268251429,54.4285714286,27.666084,30.8571428571,20.0,,,,,43504,2015-11-15
1448150400000,201547,94.0,94,94,94,0.91371876,3.4988306,0,1,230440020154719589,2023-08-20,Fortaleza,3.0,1.2326003,2686612.0,25.8571428571,82.4285714286,0,0,0,71.6173485714,54.5714285714,27.8877554286,31.0,25.0,,,,,43504,2015-11-22
1448755200000,201548,128.0,128,128,128,0.9983904,4.7643647,0,1,230440020154819589,2023-08-20,Fortaleza,14.0,1.5020998,2686612.0,26.4285714286,79.4285714286,0,0,0,69.07861,52.2857142857,28.1902874286,31.0,53.0,,,,,43504,2015-11-29
1449360000000,201549,134.0,134,134,134,0.9876255,4.9876947,0,1,230440020154919589,2023-08-20,Fortaleza,21.0,1.3427932,2686612.0,26.0,80.7142857143,0,0,0,72.1454071429,60.1428571429,27.4311224286,29.1428571429,45.0,,,,,43504,2015-12-06
1449964800000,201550,114.0,114,114,114,0.41956127,4.2432623,0,1,230440020155019589,2023-08-20,Fortaleza,13.0,0.973689,2686612.0,26.1428571429,83.0,0,0,0,77.7448985714,68.1428571429,27.0918365714,28.8571428571,43.0,,,,,43504,2015-12-13
1450569600000,201551,94.0,94,94,94,0.025857262,3.4988306,0,1,230440020155119589,2023-08-20,Fortaleza,16.0,0.76715213,2686612.0,25.8571428571,83.4285714286,0,0,0,78.4409485714,71.4285714286,26.6037415714,27.5714285714,45.0,,,,,43504,2015-12-20
1451174400000,201552,55.0,55,55,55,5.4599e-06,2.047188,0,1,230440020155219589,2023-08-20,Fortaleza,24.0,0.4956897,2686612.0,25.5714285714,85.4285714286,0,0,0,79.73082,72.2857142857,26.505291,27.4285714286,31.0,,,,,43504,2015-12-27
1451779200000,201601,157.0,157,157,157,0.99996173,5.8437915,0,1,230440020160119589,2023-08-20,Fortaleza,24.0,1.65813,2686612.0,26.1428571429,87.5714285714,1,0,0,84.0807822857,78.1428571429,26.6785714286,27.5714285714,70.0,,,,,45937,2016-01-03
1452384000000,201602,235.0,235,235,235,1.0,8.747076,0,1,230440020160219589,2023-08-20,Fortaleza,25.0,2.3009784,2686612.0,26.0,90.4285714286,1,1,1,84.5086408571,75.8571428571,26.6768434286,27.4285714286,89.0,,,,,45937,2016-01-10
1452988800000,201603,244.0,244,244,244,0.9999985,9.08207,0,3,230440020160319589,2023-08-20,Fortaleza,39.0,1.6097349,2686612.0,24.7142857143,93.0,1,1,1,87.3680428571,80.1428571429,25.6679035714,26.8571428571,104.0,,,,,45937,2016-01-17
1453593600000,201604,367.0,367,367,367,1.0,13.660328,0,3,230440020160419589,2023-08-20,Fortaleza,27.0,1.7149699,2686612.0,25.1428571429,90.5714285714,1,1,1,80.77551,64.8571428571,26.3852042857,27.4285714286,185.0,,,,,45937,2016-01-24
1454198400000,201605,462.0,462,462,462,1.0,17.19638,0,3,230440020160519589,2023-08-20,Fortaleza,81.0,1.6697676,2686612.0,24.5714285714,93.4285714286,1,1,1,81.8695362857,65.2857142857,26.6282981429,29.2857142857,191.0,,,,,45937,2016-01-31
1454803200000,201606,411.0,411,411,411,0.9824466,15.298078,0,3,230440020160619589,2023-08-20,Fortaleza,102.0,1.1648847,2686612.0,25.2857142857,90.4285714286,1,1,1,77.753365,59.7142857143,27.6684112857,30.1428571429,181.0,,,,,45937,2016-02-07
1455408000000,201607,500.0,500,500,500,0.99784887,18.6108,0,3,230440020160719589,2023-08-20,Fortaleza,61.0,1.2083237,2686612.0,26.0,87.4285714286,1,1,1,82.896962,76.0,26.7620412857,27.8571428571,207.0,,,,,45937,2016-02-14
1456012800000,201608,531.0,531,531,531,0.9966456,19.76467,0,3,230440020160819589,2023-08-20,Fortaleza,40.0,1.1896812,2686612.0,26.1428571429,89.7142857143,1,1,1,84.2879814286,77.2857142857,26.8072561429,27.7142857143,265.0,,,,,45937,2016-02-21
1456617600000,201609,553.0,553,553,553,0.9841666,20.583546,0,3,230440020160919589,2023-08-20,Fortaleza,50.0,1.142874,2686612.0,26.1428571429,88.1428571429,1,1,1,81.3461842857,72.7142857143,27.4668365714,28.7142857143,229.0,,,,,45937,2016-02-28
1457222400000,201610,608.0,608,608,608,0.9939036,22.630733,0,3,230440020161019589,2023-08-20,Fortaleza,12.0,1.1608652,2686612.0,26.2857142857,88.2857142857,1,1,1,81.8051448571,74.4285714286,27.4696225714,28.5714285714,294.0,,,,,45937,2016-03-06
1457827200000,201611,589.0,589,589,589,0.82860917,21.923523,0,2,230440020161119589,2023-08-20,Fortaleza,34.0,1.0576409,2686612.0,25.2857142857,92.8571428571,1,0,1,84.7918972857,75.2857142857,26.7810247143,28.7142857143,315.0,,,,,45937,2016-03-13
1458432000000,201612,591.0,591,591,591,0.6066464,21.997967,0,2,230440020161219589,2023-08-20,Fortaleza,65.0,1.015923,2686612.0,25.8571428571,91.1428571429,1,0,1,84.1512041429,77.0,27.1478045714,28.4285714286,323.0,,,,,45937,2016-03-20
1459036800000,201613,710.0,710,710,710,0.999227,26.427338,0,2,230440020161319589,2023-08-20,Fortaleza,19.0,1.1918525,2686612.0,24.8571428571,97.0,1,1,1,91.6691192857,77.2857142857,25.7689957143,27.1428571429,393.0,,,,,45937,2016-03-27
1459641600000,201614,807.0,807,807,807,0.99999875,30.037832,0,3,230440020161419589,2023-08-20,Fortaleza,13.0,1.2829589,2686612.0,25.1428571429,95.1428571429,1,1,1,91.5896815714,86.0,25.984127,26.8571428571,427.0,,,,,45937,2016-04-03
1460246400000,201615,971.0,971,971,971,1.0,36.142174,0,3,230440020161519589,2023-08-20,Fortaleza,28.0,1.3704636,2686612.0,25.4285714286,90.4285714286,1,1,1,78.2551585714,59.4285714286,27.9434764286,30.5714285714,513.0,,,,,45937,2016-04-10
1460851200000,201616,2002.0,2002,2002,2002,1.0,74.51765,0,3,230440020161619589,2023-08-20,Fortaleza,15.0,2.297478,2686612.0,25.1428571429,88.0,1,1,2,80.1961677143,68.8571428571,26.755905,29.0,1153.0,,,,,45937,2016-04-17
1461456000000,201617,2552.0,2552,2552,2552,1.0,94.989525,0,4,230440020161719589,2023-08-20,Fortaleza,12.0,2.0483413,2686612.0,25.7142857143,89.0,1,1,2,82.5304672857,74.8571428571,26.9375315714,28.0,1437.0,,,,,45937,2016-04-24
1462060800000,201618,2710.0,2710,2710,2710,1.0,100.87054,0,4,230440020161819589,2023-08-20,Fortaleza,16.0,1.4694256,2686612.0,25.7142857143,90.4285714286,1,1,2,83.2111672857,74.8571428571,26.6244334286,27.5714285714,1550.0,,,,,45937,2016-05-01
1462665600000,201619,2772.0,2772,2772,2772,1.0,103.178276,0,4,230440020161919589,2023-08-20,Fortaleza,14.0,1.1725752,2686612.0,25.4285714286,92.7142857143,1,1,2,87.3713664286,79.5714285714,26.4615334286,27.7142857143,1315.0,,,,,45937,2016-05-08
1463270400000,201620,3282.0,3282,3282,3282,1.0,122.16129,0,4,230440020162019589,2023-08-20,Fortaleza,12.0,1.2342585,2686612.0,25.5714285714,88.8571428571,1,1,2,82.00312,74.5714285714,26.623583,27.8571428571,1588.0,,,,,45937,2016-05-15
1463875200000,201621,2775.0,2775,2775,2775,0.15115844,103.28994,0,4,230440020162119589,2023-08-20,Fortaleza,9.0,0.9728751,2686612.0,25.8571428571,86.0,0,0,2,80.5229601429,72.7142857143,26.703515,27.5714285714,1541.0,,,,,45937,2016-05-22
1464480000000,201622,1988.0,1988,1988,1988,0.0,73.996544,0,4,230440020162219589,2023-08-20,Fortaleza,11.0,0.681576,2686612.0,25.7142857143,91.1428571429,1,0,2,84.2312905714,77.0,26.8287984286,27.4285714286,1179.0,,,,,45937,2016-05-29
1465084800000,201623,1917.0,1917,1917,1917,0.0,71.353806,0,4,230440020162319589,2023-08-20,Fortaleza,7.0,0.72400576,2686612.0,25.2857142857,89.7142857143,1,0,2,82.4392871429,74.4285714286,26.2605444286,27.8571428571,985.0,,,,,45937,2016-06-05
1465689600000,201624,1832.0,1832,1832,1832,7e-10,68.18997,0,4,230440020162419589,2023-08-20,Fortaleza,6.0,0.82627285,2686612.0,24.8571428571,86.4285714286,0,0,2,79.5223898571,70.8571428571,26.1746032857,27.5714285714,1041.0,,,,,45937,2016-06-12
1466294400000,201625,1358.0,1358,1358,1358,0.0,50.546936,0,1,230440020162519589,2023-08-20,Fortaleza,10.0,0.70466185,2686612.0,25.1428571429,81.1428571429,0,0,1,75.6774364286,66.5714285714,26.3914395714,27.4285714286,706.0,,,,,45937,2016-06-19
1466899200000,201626,1335.0,1335,1335,1335,0.0,49.690838,0,1,230440020162619589,2023-08-20,Fortaleza,10.0,0.7782123,2686612.0,23.8571428571,79.0,0,0,1,72.1836742857,62.0,25.5768144286,27.1428571429,735.0,,,,,45937,2016-06-26
1467504000000,201627,1346.0,1346,1346,1346,0.0028197172,50.100273,0,1,230440020162719589,2023-08-20,Fortaleza,7.0,0.90127236,2686612.0,24.4285714286,85.7142857143,0,0,1,78.5454277143,68.1428571429,25.8440747143,27.0,836.0,,,,,45937,2016-07-03
1468108800000,201628,1027.0,1027,1027,1027,0.0,38.226585,0,1,230440020162819589,2023-08-20,Fortaleza,7.0,0.760739,2686612.0,24.8571428571,83.4285714286,0,0,1,76.7287414286,67.7142857143,26.0119052857,27.4285714286,654.0,,,,,45937,2016-07-10
1468713600000,201629,1091.0,1091,1091,1091,0.0005370763,40.60877,0,1,230440020162919589,2023-08-20,Fortaleza,7.0,0.8734193,2686612.0,24.4285714286,84.7142857143,0,0,1,78.6947277143,71.1428571429,25.7318598571,26.7142857143,693.0,,,,,45937,2016-07-17
1469318400000,201630,908.0,908,908,908,6.006e-07,33.797215,0,1,230440020163019589,2023-08-20,Fortaleza,15.0,0.8058471,2686612.0,23.8571428571,81.4285714286,0,0,1,72.712586,62.7142857143,25.6184811429,27.0,603.0,,,,,45937,2016-07-24
1469923200000,201631,846.0,846,846,846,1.29694e-05,31.489475,0,1,230440020163119589,2023-08-20,Fortaleza,15.0,0.8230304,2686612.0,23.7142857143,80.8571428571,0,0,1,73.2303458571,61.1428571429,25.5510205714,27.4285714286,545.0,,,,,45937,2016-07-31
1470528000000,201632,683.0,683,683,683,4e-10,25.422354,0,1,230440020163219589,2023-08-20,Fortaleza,13.0,0.7348769,2686612.0,24.4285714286,82.8571428571,0,0,1,74.9846944286,66.7142857143,25.6156468571,26.4285714286,429.0,,,,,45937,2016-08-07
1471132800000,201633,698.0,698,698,698,0.0006241233,25.980677,0,1,230440020163319589,2023-08-20,Fortaleza,5.0,0.84728885,2686612.0,24.4285714286,85.5714285714,0,0,1,78.1793242857,70.2857142857,25.5665704286,26.5714285714,468.0,,,,,45937,2016-08-14
1471737600000,201634,643.0,643,643,643,0.0066677853,23.933489,0,1,230440020163419589,2023-08-20,Fortaleza,6.0,0.875074,2686612.0,24.2857142857,83.4285714286,0,0,1,75.2567612857,65.0,25.8271482857,26.8571428571,378.0,,,,,45937,2016-08-21
1472342400000,201635,500.0,500,500,500,1.316e-07,18.6108,0,1,230440020163519589,2023-08-20,Fortaleza,3.0,0.7394717,2686612.0,24.8571428571,79.7142857143,0,0,1,70.7517014286,57.7142857143,26.496032,28.2857142857,236.0,,,,,45937,2016-08-28
1472947200000,201636,426.0,426,426,426,4.8e-09,15.856402,0,1,230440020163619589,2023-08-20,Fortaleza,3.0,0.6981898,2686612.0,25.0,76.2857142857,0,0,1,72.1048757143,63.8571428571,25.7993195714,26.4285714286,217.0,,,,,45937,2016-09-04
1473552000000,201637,449.0,449,449,449,0.008606678,16.7125,0,1,230440020163719589,2023-08-20,Fortaleza,5.0,0.8581689,2686612.0,25.0,83.4285714286,0,0,1,77.6615648571,70.4285714286,25.8639454286,26.7142857143,239.0,,,,,45937,2016-09-11
1474156800000,201638,447.0,447,447,447,0.3137979,16.638056,0,1,230440020163819589,2023-08-20,Fortaleza,4.0,0.9683376,2686612.0,25.4285714286,80.8571428571,0,0,1,75.6507935714,69.4285714286,26.1031742857,27.0,262.0,,,,,45937,2016-09-18
1474761600000,201639,378.0,378,378,378,0.014118775,14.069765,0,1,230440020163919589,2023-08-20,Fortaleza,3.0,0.8576997,2686612.0,25.5714285714,79.0,0,0,1,73.2088907143,64.7142857143,26.3739678571,27.8571428571,215.0,,,,,45937,2016-09-25
1475366400000,201640,382.0,382,382,382,0.067717105,14.218652,0,1,230440020164019589,2023-08-20,Fortaleza,3.0,0.90016913,2686612.0,25.2857142857,82.7142857143,0,0,1,74.670918,63.1428571429,26.5728454286,28.7142857143,217.0,,,,,45937,2016-10-02
1475971200000,201641,376.0,376,376,376,0.21551397,13.995322,0,1,230440020164119589,2023-08-20,Fortaleza,4.0,0.9449793,2686612.0,25.5714285714,75.0,0,0,1,70.6150792857,62.8571428571,26.405612,27.4285714286,160.0,,,,,45937,2016-10-09
1476576000000,201642,287.0,287,287,287,0.0002481233,10.682599,0,1,230440020164219589,2023-08-20,Fortaleza,5.0,0.7622459,2686612.0,25.5714285714,80.0,0,0,1,75.5,68.5714285714,26.364796,27.5714285714,150.0,,,,,45937,2016-10-16
1477180800000,201643,302.0,302,302,302,0.028330361,11.240924,0,1,230440020164319589,2023-08-20,Fortaleza,3.0,0.8612912,2686612.0,25.7142857143,80.5714285714,0,0,1,74.4742057143,67.4285714286,26.3591271429,27.1428571429,149.0,,,,,45937,2016-10-23
1477785600000,201644,296.0,296,296,296,0.19915664,11.017594,0,1,230440020164419589,2023-08-20,Fortaleza,3.0,0.9340657,2686612.0,25.7142857143,79.4285714286,0,0,1,72.1709181429,62.8571428571,26.7091838571,27.5714285714,168.0,,,,,45937,2016-10-30
1478390400000,201645,350.0,350,350,350,0.96869165,13.02756,0,1,230440020164519589,2023-08-20,Fortaleza,6.0,1.1570586,2686612.0,25.8571428571,82.7142857143,0,1,1,76.2508491429,67.8571428571,26.7257178571,28.1428571429,189.0,,,,,45937,2016-11-06
1478995200000,201646,365.0,365,365,365,0.9776982,13.585884,0,3,230440020164619589,2023-08-20,Fortaleza,4.0,1.1669842,2686612.0,25.8571428571,82.5714285714,0,1,1,77.2245842857,69.0,26.7191987143,27.8571428571,212.0,,,,,45937,2016-11-13
1479600000000,201647,327.0,327,327,327,0.37997532,12.171464,0,1,230440020164719589,2023-08-20,Fortaleza,8.0,0.9765403,2686612.0,26.2857142857,79.4285714286,0,0,1,75.1632657143,67.5714285714,26.9336735714,27.5714285714,169.0,,,,,45937,2016-11-20
1480204800000,201648,343.0,343,343,343,0.46496263,12.767009,0,1,230440020164819589,2023-08-20,Fortaleza,7.0,0.9933227,2686612.0,26.2857142857,79.4285714286,0,0,1,71.7661548571,60.2857142857,27.3928572857,29.2857142857,199.0,,,,,45937,2016-11-27
1480809600000,201649,368.0,368,368,368,0.83664083,13.697549,0,1,230440020164919589,2023-08-20,Fortaleza,8.0,1.0763772,2686612.0,25.8571428571,82.4285714286,0,0,1,77.6403057143,70.8571428571,26.5510204286,27.2857142857,194.0,,,,,45937,2016-12-04
1481414400000,201650,312.0,312,312,312,0.111613005,11.613139,0,1,230440020165019589,2023-08-20,Fortaleza,2.0,0.9092235,2686612.0,26.1428571429,82.8571428571,0,0,1,78.1148828571,72.4285714286,26.8628607143,27.4285714286,165.0,,,,,45937,2016-12-11
1482019200000,201651,234.0,234,234,234,7.28e-06,8.709855,0,1,230440020165119589,2023-08-20,Fortaleza,4.0,0.69383615,2686612.0,26.0,83.8571428571,0,0,1,76.3877557143,66.8571428571,27.1496597143,28.1428571429,108.0,,,,,45937,2016-12-18
1482624000000,201652,294.0,294,294,294,0.31158775,10.9431505,0,1,230440020165219589,2023-08-20,Fortaleza,3.0,0.9606989,2686612.0,26.0,83.8571428571,0,0,1,76.3163257143,65.8571428571,27.260204,28.2857142857,114.0,,,,,45937,2016-12-25
1483228800000,201701,405.0,405,405,405,0.9999984,15.074748,0,1,230440020170119589,2023-08-20,Fortaleza,10.0,1.4296496,2686612.0,26.2857142857,86.7142857143,0,1,1,79.1232991429,68.8571428571,27.1607144286,28.1428571429,208.0,,,,,39451,2017-01-01
1483833600000,201702,418.0,418,418,418,0.9999504,15.558629,0,3,230440020170219589,2023-08-20,Fortaleza,3.0,1.3354673,2686612.0,25.0,88.7142857143,1,1,1,83.3635685714,77.0,25.9100528571,26.5714285714,238.0,,,,,39451,2017-01-08
1484438400000,201703,633.0,633,633,633,1.0,23.561274,0,3,230440020170319589,2023-08-20,Fortaleza,5.0,1.6566454,2686612.0,25.1428571429,88.8571428571,1,1,1,82.8632648571,75.2857142857,26.3527211429,27.2857142857,385.0,,,,,39451,2017-01-15
1485043200000,201704,736.0,736,736,736,1.0,27.395098,0,3,230440020170419589,2023-08-20,Fortaleza,8.0,1.5507354,2686612.0,25.5714285714,89.0,1,1,1,81.9755437143,73.7142857143,26.7419951429,27.8571428571,419.0,,,,,39451,2017-01-22
1485648000000,201705,1136.0,1136,1136,1136,1.0,42.283737,0,3,230440020170519589,2023-08-20,Fortaleza,1.0,1.8432597,2686612.0,26.1428571429,85.4285714286,0,1,1,80.9655171429,75.8571428571,26.7902887143,27.5714285714,555.0,,,,,39451,2017-01-29
1486252800000,201706,1363.0,1363,1363,1363,1.0,50.733044,0,3,230440020170619589,2023-08-20,Fortaleza,8.0,1.6628841,2686612.0,25.7142857143,88.2857142857,1,1,1,82.4031251429,76.5714285714,26.9534854286,27.7142857143,664.0,,,,,39451,2017-02-05
1486857600000,201707,1374.0,1374,1374,1374,1.0,51.14248,0,3,230440020170719589,2023-08-20,Fortaleza,6.0,1.2824796,2686612.0,25.2857142857,89.7142857143,1,1,1,85.98593,80.0,25.8496542857,26.8571428571,849.0,,,,,39451,2017-02-12
1487462400000,201708,1117.0,1117,1117,1117,0.0024383322,41.576527,0,2,230440020170819589,2023-08-20,Fortaleza,5.0,0.89074105,2686612.0,25.1428571429,93.4285714286,1,0,1,87.1720514286,79.1428571429,26.0566894286,26.8571428571,635.0,,,,,39451,2017-02-19
1488067200000,201709,1196.0,1196,1196,1196,0.050617103,44.517036,0,2,230440020170919589,2023-08-20,Fortaleza,4.0,0.9362122,2686612.0,24.0,96.5714285714,1,0,1,92.5039691429,85.0,25.0170067143,26.4285714286,642.0,,,,,39451,2017-02-26
1488672000000,201710,1529.0,1529,1529,1529,1.0,56.911827,0,2,230440020171019589,2023-08-20,Fortaleza,9.0,1.2443447,2686612.0,25.0,93.4285714286,1,1,1,88.0236005714,81.2857142857,26.3071924286,27.5714285714,826.0,,,,,39451,2017-03-05
1489276800000,201711,1650.0,1650,1650,1650,1.0,61.41564,0,3,230440020171119589,2023-08-20,Fortaleza,13.0,1.2821988,2686612.0,25.0,95.0,1,1,1,88.4002255714,80.7142857143,25.9613622857,27.2857142857,996.0,,,,,39451,2017-03-12
1489881600000,201712,2052.0,2052,2052,2052,1.0,76.37872,0,3,230440020171219589,2023-08-20,Fortaleza,13.0,1.3902417,2686612.0,24.7142857143,94.2857142857,1,1,2,90.5498314286,85.0,25.6204101429,26.5714285714,1145.0,,,,,39451,2017-03-19
1490486400000,201713,3007.0,3007,3007,3007,1.0,111.925354,0,4,230440020171319589,2023-08-20,Fortaleza,14.0,1.7116228,2686612.0,25.0,95.7142857143,1,1,2,91.5809522857,86.7142857143,25.9214285714,27.2857142857,1777.0,,,,,39451,2017-03-26
1491091200000,201714,3350.0,3350,3350,3350,1.0,124.69236,0,4,230440020171419589,2023-08-20,Fortaleza,20.0,1.5128517,2686612.0,25.2857142857,93.4285714286,1,1,2,87.4538872857,79.8571428571,26.2487684286,27.4285714286,2202.0,,,,,39451,2017-04-02
1491696000000,201715,3685.0,3685,3685,3685,1.0,137.1616,0,4,230440020171519589,2023-08-20,Fortaleza,21.0,1.3152611,2686612.0,25.0,93.8571428571,1,1,2,88.7435785714,74.7142857143,26.0103682857,27.1428571429,2571.0,,,,,39451,2017-04-09
1492300800000,201716,2931.0,2931,2931,2931,6.18503e-05,109.09651,0,4,230440020171619589,2023-08-20,Fortaleza,25.0,0.9067901,2686612.0,25.7142857143,93.2857142857,1,0,2,87.98441,82.1428571429,26.7140024286,27.8571428571,2036.0,,,,,39451,2017-04-16
1492905600000,201717,2728.0,2728,2728,2728,0.0,101.54053,0,4,230440020171719589,2023-08-20,Fortaleza,32.0,0.8244492,2686612.0,25.2857142857,94.4285714286,1,0,2,89.3146822857,83.2857142857,26.4200677143,27.2857142857,1916.0,,,,,39451,2017-04-23
1493510400000,201718,1615.0,1615,1615,1615,0.0,60.112885,0,2,230440020171819589,2023-08-20,Fortaleza,47.0,0.5378445,2686612.0,24.8571428571,94.1428571429,1,0,1,86.9131771429,80.0,26.278941,27.7142857143,962.0,,,,,39451,2017-04-30
1494115200000,201719,1415.0,1415,1415,1415,0.0,52.668564,0,2,230440020171919589,2023-08-20,Fortaleza,39.0,0.5708132,2686612.0,25.5714285714,92.0,1,0,1,87.0127557143,81.4285714286,26.5841835714,27.5714285714,898.0,,,,,39451,2017-05-07
1494720000000,201720,1133.0,1133,1133,1133,0.0,42.172073,0,2,230440020172019589,2023-08-20,Fortaleza,35.0,0.60170585,2686612.0,25.7142857143,89.7142857143,1,0,1,83.2923404286,76.8571428571,26.8271564286,27.8571428571,723.0,,,,,39451,2017-05-14
1495324800000,201721,650.0,650,650,650,0.0,24.19404,0,1,230440020172119589,2023-08-20,Fortaleza,21.0,0.4560417,2686612.0,25.5714285714,86.7142857143,0,0,1,83.0958057143,78.4285714286,26.2307254286,27.0,443.0,,,,,39451,2017-05-21
1495929600000,201722,582.0,582,582,582,0.0,21.662971,0,1,230440020172219589,2023-08-20,Fortaleza,16.0,0.53750676,2686612.0,24.7142857143,92.4285714286,1,0,1,89.2214285714,85.0,25.3285714286,25.8571428571,375.0,,,,,39451,2017-05-28
1496534400000,201723,455.0,455,455,455,0.0,16.93583,0,1,230440020172319589,2023-08-20,Fortaleza,9.0,0.58125997,2686612.0,24.8571428571,83.4285714286,0,0,1,79.32738,72.0,26.0119048571,27.7142857143,284.0,,,,,39451,2017-06-04
1497139200000,201724,283.0,283,283,283,0.0,10.533713,0,1,230440020172419589,2023-08-20,Fortaleza,9.0,0.4858331,2686612.0,24.5714285714,88.0,1,0,1,80.9919264286,73.0,25.9857005714,27.5714285714,162.0,,,,,39451,2017-06-11
1497744000000,201725,234.0,234,234,234,2.220446e-16,8.709855,0,1,230440020172519589,2023-08-20,Fortaleza,9.0,0.52730674,2686612.0,24.7142857143,86.4285714286,0,0,1,81.9087314286,75.4285714286,25.644841,26.5714285714,136.0,,,,,39451,2017-06-18
1498348800000,201726,188.0,188,188,188,7e-10,6.997661,0,1,230440020172619589,2023-08-20,Fortaleza,12.0,0.5798425,2686612.0,24.8571428571,86.5714285714,0,0,1,81.4186514286,76.2857142857,25.7757935714,26.2857142857,119.0,,,,,39451,2017-06-25
1498953600000,201727,175.0,175,175,175,0.0003596736,6.51378,0,1,230440020172719589,2023-08-20,Fortaleza,8.0,0.7172042,2686612.0,23.8571428571,85.8571428571,0,0,1,81.2281742857,75.7142857143,24.7896827143,26.1428571429,98.0,,,,,39451,2017-07-02
1499558400000,201728,184.0,184,184,184,0.1890865,6.8487744,0,1,230440020172819589,2023-08-20,Fortaleza,10.0,0.9141662,2686612.0,24.0,81.0,0,0,1,75.2023805714,68.5714285714,25.1011905714,26.1428571429,98.0,,,,,39451,2017-07-09
1500163200000,201729,189.0,189,189,189,0.60261226,7.0348825,0,1,230440020172919589,2023-08-20,Fortaleza,15.0,1.0272735,2686612.0,23.8571428571,87.1428571429,1,0,1,81.8293657143,76.1428571429,24.6825398571,25.5714285714,109.0,,,,,39451,2017-07-16
1500768000000,201730,185.0,185,185,185,0.5478536,6.8859963,0,1,230440020173019589,2023-08-20,Fortaleza,6.0,1.0126058,2686612.0,23.5714285714,84.7142857143,0,0,1,80.7817457143,74.5714285714,24.5694447143,25.8571428571,122.0,,,,,39451,2017-07-23
1501372800000,201731,132.0,132,132,132,0.0022688776,4.9132514,0,1,230440020173119589,2023-08-20,Fortaleza,11.0,0.7247672,2686612.0,23.7142857143,81.1428571429,0,0,0,77.30754,70.7142857143,25.0833334286,26.1428571429,82.0,,,,,39451,2017-07-30
1501977600000,201732,122.0,122,122,122,0.0029406263,4.541035,0,1,230440020173219589,2023-08-20,Fortaleza,3.0,0.72275203,2686612.0,24.2857142857,79.5714285714,0,0,0,74.2876977143,67.1428571429,25.4880951429,26.1428571429,74.0,,,,,39451,2017-08-06
1502582400000,201733,96.0,96,96,96,0.0010859863,3.5732737,0,1,230440020173319589,2023-08-20,Fortaleza,2.0,0.6705223,2686612.0,24.4285714286,84.7142857143,0,0,0,79.0535714286,72.0,25.4285714286,26.0,64.0,,,,,39451,2017-08-13
1503187200000,201734,106.0,106,106,106,0.16851982,3.9454896,0,1,230440020173419589,2023-08-20,Fortaleza,5.0,0.88029516,2686612.0,24.4285714286,77.7142857143,0,0,0,74.4345234286,66.2857142857,25.5416665714,26.2857142857,57.0,,,,,39451,2017-08-20
1503792000000,201735,94.0,94,94,94,0.187822,3.4988306,0,1,230440020173519589,2023-08-20,Fortaleza,2.0,0.88250315,2686612.0,24.8571428571,78.1428571429,0,0,0,72.8472224286,64.4285714286,25.8869045714,26.5714285714,45.0,,,,,39451,2017-08-27
1504396800000,201736,68.0,68,68,68,0.007735062,2.5310688,0,1,230440020173619589,2023-08-20,Fortaleza,7.0,0.68596345,2686612.0,23.8,79.8,0,0,0,71.870237,61.4,25.6099208,26.8,38.0,,,,,39451,2017-09-03
1505001600000,201737,193.0,193,193,193,1.0,7.183769,0,1,230440020173719589,2023-08-20,Fortaleza,4.0,2.0153396,2686612.0,,79.9358405,0,1,1,,,,,35.0,,,,,39451,2017-09-10
1505606400000,201738,364.0,364,364,364,1.0,13.548663,0,3,230440020173819589,2023-08-20,Fortaleza,6.0,2.9740648,2686612.0,,80.071681,0,1,1,,,,,29.0,,,,,39451,2017-09-17
1506211200000,201739,416.0,416,416,416,1.0,15.484186,0,3,230440020173919589,2023-08-20,Fortaleza,6.0,1.9852499,2686612.0,,80.2075215,0,1,1,,,,,25.0,,,,,39451,2017-09-24
1506816000000,201740,273.0,273,273,273,0.05582182,10.161497,0,1,230440020174019589,2023-08-20,Fortaleza,2.0,0.87663805,2686612.0,,80.343362,0,0,1,,,,,34.0,,,,,39451,2017-10-01
1507420800000,201741,225.0,225,225,225,3.311e-07,8.37486,0,1,230440020174119589,2023-08-20,Fortaleza,1.0,0.6560194,2686612.0,,80.4792025,0,0,1,,,,,24.0,,,,,39451,2017-10-08
1508025600000,201742,59.0,59,59,59,0.0,2.1960745,0,1,230440020174219589,2023-08-20,Fortaleza,2.0,0.20506243,2686612.0,,80.615043,0,0,0,,,,,12.0,,,,,39451,2017-10-15
1508630400000,201743,47.0,47,47,47,0.0,1.7494153,0,1,230440020174319589,2023-08-20,Fortaleza,4.0,0.23890218,2686612.0,,80.7508835,0,0,0,,,,,10.0,,,,,39451,2017-10-22
1509235200000,201744,86.0,86,86,86,0.038995385,3.2010577,0,1,230440020174419589,2023-08-20,Fortaleza,6.0,0.7773727,2686612.0,,80.886724,0,0,0,,,,,28.0,,,,,39451,2017-10-29
1509840000000,201745,109.0,109,109,109,0.9962345,4.0571547,0,1,230440020174519589,2023-08-20,Fortaleza,6.0,1.4903917,2686612.0,,81.0225645,0,0,0,,,,,37.0,,,,,39451,2017-11-05
1510444800000,201746,68.0,68,68,68,0.16216972,2.5310688,0,1,230440020174619589,2023-08-20,Fortaleza,5.0,0.8505567,2686612.0,25.5,81.158405,0,0,0,69.6615,56.8294385,27.541666,30.5,25.0,,,,,39451,2017-11-12
1511049600000,201747,72.0,72,72,72,0.10956265,2.6799552,0,1,230440020174719589,2023-08-20,Fortaleza,3.0,0.82318527,2686612.0,25.7142857143,82.2723525714,0,0,0,70.18519,56.174585,27.7916665714,30.7142857143,28.0,,,,,39451,2017-11-19
1511654400000,201748,64.0,64,64,64,0.10057214,2.3821824,0,1,230440020174819589,2023-08-20,Fortaleza,4.0,0.8076734,2686612.0,26.0,79.4912365714,0,0,0,69.9981021429,56.7432711429,28.035714,31.0,23.0,,,,,39451,2017-11-26
1512259200000,201749,57.0,57,57,57,0.1231116,2.1216311,0,1,230440020174919589,2023-08-20,Fortaleza,4.0,0.8141229,2686612.0,26.2857142857,79.4642345714,0,0,0,76.6269742857,70.6252772857,27.1680272857,28.1428571429,31.0,,,,,39451,2017-12-03
1512864000000,201750,65.0,65,65,65,0.52032644,2.419404,0,1,230440020175019589,2023-08-20,Fortaleza,1.0,1.0089724,2686612.0,26.4285714286,79.4441531429,0,0,0,76.6859208571,74.1717537143,26.8857142857,27.2857142857,49.0,,,,,39451,2017-12-10
1513468800000,201751,70.0,70,70,70,0.7594176,2.6055121,0,1,230440020175119589,2023-08-20,Fortaleza,1.0,1.1301856,2686612.0,26.5714285714,80.9569448571,0,0,0,75.5832022857,72.0107861429,27.125,27.8571428571,55.0,,,,,39451,2017-12-17
1514073600000,201752,67.0,67,67,67,0.601565,2.4938474,0,1,230440020175219589,2023-08-20,Fortaleza,0.0,1.0458504,2686612.0,26.1428571429,83.6556594286,0,0,0,79.7594065714,78.1409508571,26.9142857143,27.2857142857,33.0,,,,,39451,2017-12-24
1514678400000,201801,115.0,115,115,115,0.9996369,4.280484,0,1,230440020180119589,2023-08-20,Fortaleza,2.0,1.6559649,2686612.0,26.5714285714,80.847216,0,0,0,78.6217005714,75.487536,26.9714285714,27.4285714286,27.0,,,,,5568,2017-12-31
1515283200000,201802,117.0,117,117,117,0.9942234,4.3549275,0,1,230440020180219589,2023-08-20,Fortaleza,11.0,1.4341512,2686612.0,24.7142857143,83.6559997143,0,0,0,78.941362,75.4115208571,26.1428571429,27.0,20.0,,,,,5568,2018-01-07
1515888000000,201803,121.0,121,121,121,0.9107064,4.5038137,0,1,230440020180319589,2023-08-20,Fortaleza,16.0,1.1979126,2686612.0,25.2857142857,85.3597227143,0,0,0,77.4652044286,72.5011234286,26.9892857143,28.1428571429,29.0,,,,,5568,2018-01-14
1516492800000,201804,119.0,119,119,119,0.6250221,4.4293704,0,1,230440020180419589,2023-08-20,Fortaleza,18.0,1.0425549,2686612.0,25.8571428571,87.3973801429,1,0,0,82.006675,77.5011857143,26.7571428571,27.2857142857,27.0,,,,,5568,2018-01-21
1517097600000,201805,138.0,138,138,138,0.8780718,5.136581,0,1,230440020180519589,2023-08-20,Fortaleza,3.0,1.1563288,2686612.0,25.8571428571,88.8876154286,1,0,0,81.1363922857,74.4170294286,26.9166665714,28.2857142857,38.0,,,,,5568,2018-01-28
1517702400000,201806,135.0,135,135,135,0.74780995,5.024916,0,2,230440020180619589,2023-08-20,Fortaleza,8.0,1.086353,2686612.0,26.0,91.2651938571,1,0,0,85.3767977143,79.073289,27.0273808571,28.0,40.0,,,,,5568,2018-02-04
1518307200000,201807,108.0,108,108,108,0.081797585,4.0199327,0,2,230440020180719589,2023-08-20,Fortaleza,2.0,0.8345404,2686612.0,23.5714285714,98.3342357143,1,0,0,91.9360514286,86.8275965714,24.6714285714,25.7142857143,42.0,,,,,5568,2018-02-11
1518912000000,201808,173.0,173,173,173,0.9937291,6.439337,0,2,230440020180819589,2023-08-20,Fortaleza,13.0,1.333853,2686612.0,24.1428571429,99.1701442857,1,1,1,92.5893557143,85.509073,25.3344154286,26.7142857143,44.0,,,,,5568,2018-02-18
1519516800000,201809,169.0,169,169,169,0.9756437,6.2904506,0,3,230440020180919589,2023-08-20,Fortaleza,9.0,1.2543445,2686612.0,24.7142857143,95.9217807143,1,1,1,84.8725531429,72.7433462857,26.7705628571,28.8571428571,56.0,,,,,5568,2018-02-25
1520121600000,201810,155.0,155,155,155,0.5606535,5.769348,0,2,230440020181019589,2023-08-20,Fortaleza,7.0,1.0175412,2686612.0,25.5714285714,93.601893,1,0,0,86.0311965714,80.2392608571,26.792208,27.7142857143,47.0,,,,,5568,2018-03-04
1520726400000,201811,209.0,209,209,209,0.9894675,7.7793145,0,2,230440020181119589,2023-08-20,Fortaleza,4.0,1.2703644,2686612.0,26.1428571429,89.672488,1,1,1,83.2444165714,77.6364787143,27.3246751429,28.0,63.0,,,,,5568,2018-03-11
1521331200000,201812,176.0,176,176,176,0.5714731,6.5510015,0,2,230440020181219589,2023-08-20,Fortaleza,7.0,1.019458,2686612.0,26.2857142857,89.7106371429,1,0,1,81.8380835714,76.980221,27.4025974286,28.1428571429,69.0,,,,,5568,2018-03-18
1521936000000,201813,291.0,291,291,291,0.9999985,10.831486,0,2,230440020181319589,2023-08-20,Fortaleza,5.0,1.5389622,2686612.0,24.7142857143,99.1761321429,1,1,1,92.2077085714,85.4310167143,25.7792208571,27.1428571429,88.0,,,,,5568,2018-03-25
1522540800000,201814,391.0,391,391,391,1.0,14.553646,0,3,230440020181419589,2023-08-20,Fortaleza,5.0,1.7656311,2686612.0,25.0,97.5283964286,1,1,1,90.4110011429,84.4722928571,26.285714,27.2857142857,107.0,,,,,5568,2018-04-01
1522800000000,201815,431.0,431,431,431,0.99999994,16.042511,0,3,230440020181519589,2023-08-20,Fortaleza,3.0,1.4936565,2686612.0,23.8571428571,96.6745242857,1,1,1,91.2326484286,79.9817152857,25.1298702857,27.4285714286,,,,,,5568,2018-04-04
1523750400000,201816,342.0,342,342,342,0.25301483,12.729788,0,2,230440020181619589,2023-08-20,Fortaleza,6.0,0.9510465,2686612.0,24.2857142857,95.89915,1,0,1,89.7401701429,81.1453385714,25.6829002857,27.1428571429,96.0,,,,,5568,2018-04-15
1524355200000,201817,216.0,216,216,216,0.0,8.0398655,0,2,230440020181719589,2023-08-20,Fortaleza,5.0,0.5722001,2686612.0,24.8571428571,95.0447528571,1,0,1,80.0673528571,61.4039262857,27.6071434286,30.8571428571,60.0,,,,,5568,2018-04-22
1524960000000,201818,173.0,173,173,173,0.0,6.439337,0,2,230440020181819589,2023-08-20,Fortaleza,1.0,0.5327048,2686612.0,24.5714285714,96.6925528571,1,0,1,80.3195942857,60.3924607143,27.589286,31.0,41.0,,,,,5568,2018-04-29
1525564800000,201819,140.0,140,140,140,5.22e-08,5.2110243,0,2,230440020181919589,2023-08-20,Fortaleza,2.0,0.57521474,2686612.0,24.0,100.0,1,0,0,84.9604342857,63.5103887143,26.6369042857,30.5714285714,26.0,,,,,5568,2018-05-06
1526169600000,201820,131.0,131,131,131,0.0017086772,4.87603,0,2,230440020182019589,2023-08-20,Fortaleza,2.0,0.7171826,2686612.0,24.7142857143,95.1039007143,1,0,0,80.423238,62.5542118571,27.4761905714,30.8571428571,27.0,,,,,5568,2018-05-13
1526774400000,201821,132.0,132,132,132,0.14439884,4.9132514,0,2,230440020182119589,2023-08-20,Fortaleza,7.0,0.8813289,2686612.0,25.0,95.1844922857,1,0,0,85.9005971429,75.3295241429,26.5638525714,28.1428571429,26.0,,,,,5568,2018-05-20
1527379200000,201822,95.0,95,95,95,0.005221082,3.536052,0,2,230440020182219589,2023-08-20,Fortaleza,6.0,0.71134007,2686612.0,25.0,91.8801964286,1,0,0,84.3321628571,78.8124435714,26.3246754286,27.1428571429,12.0,,,,,5568,2018-05-27
1527984000000,201823,91.0,91,91,91,0.020519488,3.3871658,0,2,230440020182319589,2023-08-20,Fortaleza,3.0,0.75447416,2686612.0,24.7142857143,95.1725165714,1,0,0,88.1947314286,82.9908617143,25.6753245714,26.2857142857,22.0,,,,,5568,2018-06-03
1528588800000,201824,79.0,79,79,79,0.032578927,2.9405065,0,2,230440020182419589,2023-08-20,Fortaleza,0.0,0.7607783,2686612.0,24.0,87.8935585714,1,0,0,81.4628328571,76.6189142857,25.7662337143,26.8571428571,21.0,,,,,5568,2018-06-10
1529193600000,201825,66.0,66,66,66,0.028200444,2.4566257,0,2,230440020182519589,2023-08-20,Fortaleza,9.0,0.7358152,2686612.0,24.1428571429,89.6052831429,1,0,0,83.462812,76.6316054286,25.7012985714,26.7142857143,15.0,,,,,5568,2018-06-17
1529798400000,201826,55.0,55,55,55,0.021573106,2.047188,0,1,230440020182619589,2023-08-20,Fortaleza,2.0,0.70325977,2686612.0,23.8571428571,85.0513147143,0,0,0,79.8933185714,73.4158664286,25.3636362857,26.2857142857,14.0,,,,,5568,2018-06-24
1530403200000,201827,69.0,69,69,69,0.5398995,2.5682905,0,1,230440020182719589,2023-08-20,Fortaleza,0.0,1.0172234,2686612.0,24.4285714286,88.8144208571,1,0,0,84.1048842857,78.7534882857,25.6753248571,26.7142857143,17.0,,,,,5568,2018-07-01
1531008000000,201828,72.0,72,72,72,0.77682364,2.6799552,0,1,230440020182819589,2023-08-20,Fortaleza,5.0,1.1396604,2686612.0,24.0,93.561818,1,0,0,87.3222007143,81.609103,25.2207791429,26.1428571429,10.0,,,,,5568,2018-07-08
1531612800000,201829,76.0,76,76,76,0.7930454,2.8288417,0,1,230440020182919589,2023-08-20,Fortaleza,10.0,1.146539,2686612.0,23.7142857143,85.8112808571,0,0,0,74.2868437143,58.445134,26.3685065714,29.0,12.0,,,,,5568,2018-07-15
1532217600000,201830,84.0,84,84,84,0.8403269,3.1266146,0,1,230440020183019589,2023-08-20,Fortaleza,2.0,1.1728967,2686612.0,24.4285714286,84.2947931429,0,0,0,70.7304771429,50.6250481429,27.1547614286,30.7142857143,16.0,,,,,5568,2018-07-22
1532822400000,201831,64.0,64,64,64,0.16423784,2.3821824,0,1,230440020183119589,2023-08-20,Fortaleza,16.0,0.847676,2686612.0,24.2857142857,90.3381388571,1,0,0,75.8115922857,59.8326907143,26.7075571429,29.7142857143,14.0,,,,,5568,2018-07-29
1533427200000,201832,61.0,61,61,61,0.11593947,2.2705176,0,1,230440020183219589,2023-08-20,Fortaleza,12.0,0.81462467,2686612.0,24.8571428571,88.062454,1,0,0,76.1118057143,57.1699405714,26.9761908571,30.2857142857,14.0,,,,,5568,2018-08-05
1534032000000,201833,51.0,51,51,51,0.060607687,1.8983016,0,1,230440020183319589,2023-08-20,Fortaleza,0.0,0.7521755,2686612.0,24.7142857143,83.7381025714,0,0,0,78.288488,71.3302734286,26.1953462857,27.5714285714,13.0,,,,,5568,2018-08-12
1534636800000,201834,43.0,43,43,43,0.051795073,1.6005288,0,1,230440020183419589,2023-08-20,Fortaleza,0.0,0.72432613,2686612.0,24.2857142857,80.7507791429,0,0,0,76.3708935714,70.0787257143,25.7402597143,26.4285714286,13.0,,,,,5568,2018-08-19
1535241600000,201835,35.0,35,35,35,0.038993314,1.3027561,0,1,230440020183519589,2023-08-20,Fortaleza,0.0,0.6830778,2686612.0,24.4285714286,82.1402537143,0,0,0,77.2358607143,71.4295112857,25.6753245714,26.2857142857,8.0,,,,,5568,2018-08-26
1535846400000,201836,28.0,28,28,28,0.035574056,1.0422049,0,1,230440020183619589,2023-08-20,Fortaleza,1.0,0.6501922,2686612.0,24.4285714286,83.607808,0,0,0,79.5728057143,74.0643911429,25.7012985714,26.2857142857,10.0,,,,,5568,2018-09-02
1536451200000,201837,36.0,36,36,36,0.49437046,1.3399776,0,1,230440020183719589,2023-08-20,Fortaleza,0.0,0.99670124,2686612.0,24.7142857143,79.3627337143,0,0,0,75.7097314286,70.3404347143,25.7922077143,26.2857142857,12.0,,,,,5568,2018-09-09
1537056000000,201838,41.0,41,41,41,0.82157135,1.5260856,0,1,230440020183819589,2023-08-20,Fortaleza,0.0,1.2379291,2686612.0,24.7142857143,83.6253545714,0,0,0,78.2934764286,72.7333235714,25.8311685714,26.8571428571,9.0,,,,,5568,2018-09-16
1537660800000,201839,30.0,30,30,30,0.2755283,1.1166481,0,1,230440020183919589,2023-08-20,Fortaleza,0.0,0.8629418,2686612.0,25.8571428571,83.630608,0,0,0,79.9652822857,74.2303002857,26.1688314286,27.0,3.0,,,,,5568,2018-09-23
1538265600000,201840,40.0,40,40,40,0.67098796,1.4888641,0,1,230440020184019589,2023-08-20,Fortaleza,0.0,1.1062243,2686612.0,25.7142857143,80.1747551429,0,0,0,73.3105974286,62.9915542857,26.8436151429,28.5714285714,5.0,,,,,5568,2018-09-30
1538870400000,201841,35.0,35,35,35,0.47468624,1.3027561,0,1,230440020184119589,2023-08-20,Fortaleza,0.0,0.98508036,2686612.0,25.8571428571,82.9470894286,0,0,0,70.3565807143,52.6046757143,27.7976191429,31.1428571429,8.0,,,,,5568,2018-10-07
1539475200000,201842,32.0,32,32,32,0.32156062,1.1910912,0,1,230440020184219589,2023-08-20,Fortaleza,0.0,0.8940926,2686612.0,25.4285714286,85.960054,0,0,0,74.2359354286,59.2719064286,27.400974,30.2857142857,6.0,,,,,5568,2018-10-14
1540080000000,201843,36.0,36,36,36,0.5410911,1.3399776,0,1,230440020184319589,2023-08-20,Fortaleza,0.0,1.024624,2686612.0,26.2857142857,81.5106114286,0,0,0,78.1360542857,72.980304,26.792208,27.7142857143,13.0,,,,,5568,2018-10-21
1540684800000,201844,30.0,30,30,30,0.3131896,1.1166481,0,1,230440020184419589,2023-08-20,Fortaleza,0.0,0.8858981,2686612.0,26.1428571429,81.5104534286,0,0,0,77.974152,72.3891725714,26.7792208571,28.0,4.0,,,,,5568,2018-10-28
1541289600000,201845,37.0,37,37,37,0.6655538,1.3771993,0,1,230440020184519589,2023-08-20,Fortaleza,0.0,1.1066974,2686612.0,26.2857142857,80.1477531429,0,0,0,76.7884257143,73.5084,26.9,27.1428571429,12.0,,,,,5568,2018-11-04
1541894400000,201846,36.0,36,36,36,0.62025166,1.3399776,0,1,230440020184619589,2023-08-20,Fortaleza,0.0,1.075782,2686612.0,26.4285714286,79.5003437143,0,0,0,77.2017387143,74.1717537143,26.9142857143,27.1428571429,8.0,,,,,5568,2018-11-11
1542499200000,201847,48.0,48,48,48,0.9174055,1.7866368,0,1,230440020184719589,2023-08-20,Fortaleza,0.0,1.3554446,2686612.0,26.5714285714,83.0040294286,0,0,0,78.1022628571,75.5183967143,27.1428571429,27.8571428571,11.0,,,,,5568,2018-11-18
1543104000000,201848,27.0,27,27,27,0.0813293,1.0049832,0,1,230440020184819589,2023-08-20,Fortaleza,0.0,0.707347,2686612.0,26.1428571429,85.2899632857,0,0,0,80.2075378571,74.8889448571,27.1142857143,27.8571428571,4.0,,,,,5568,2018-11-25
1543708800000,201849,56.0,56,56,56,0.95489293,2.0844097,0,1,230440020184919589,2023-08-20,Fortaleza,0.0,1.4158444,2686612.0,26.2857142857,100.7681922857,1,0,0,86.7295642857,79.9783667143,26.9523808571,27.7142857143,13.0,,,,,5568,2018-12-02
1544313600000,201850,50.0,50,50,50,0.83561546,1.86108,0,1,230440020185019589,2023-08-20,Fortaleza,0.0,1.2270641,2686612.0,25.4285714286,87.4798615714,1,0,0,74.7957387143,58.9706897143,27.9761902857,30.8571428571,15.0,,,,,5568,2018-12-09
1544918400000,201851,40.0,40,40,40,0.26150584,1.4888641,0,2,230440020185119589,2023-08-20,Fortaleza,0.0,0.87168264,2686612.0,25.4285714286,88.0496217143,1,0,0,75.3117978571,59.932876,27.714286,30.1428571429,13.0,,,,,5568,2018-12-16
1545523200000,201852,43.0,43,43,43,0.32939044,1.6005288,0,2,230440020185219589,2023-08-20,Fortaleza,0.0,0.9115331,2686612.0,24.7142857143,89.6747637143,1,0,0,81.9691814286,72.7401298571,26.2880951429,28.4285714286,16.0,,,,,5568,2018-12-23
1546128000000,201901,85.0,85,85,85,0.9996916,3.163836,0,2,230440020190119589,2023-08-20,Fortaleza,4.0,1.8398335,2686612.0,26.4285714286,87.3579152857,1,0,0,81.7558828571,78.2169311429,27.1142857143,27.5714285714,32.0,,,,,10442,2018-12-30
1546732800000,201902,87.0,87,87,87,0.99653655,3.2382793,0,2,230440020190219589,2023-08-20,Fortaleza,4.0,1.5803962,2686612.0,25.4285714286,91.9400314286,1,0,0,86.2655357143,80.2792105714,26.5428571429,27.4285714286,17.0,,,,,10442,2019-01-06
1547337600000,201903,104.0,104,104,104,0.98958755,3.8710465,0,2,230440020190319589,2023-08-20,Fortaleza,12.0,1.4174708,2686612.0,24.4285714286,100.0,1,0,0,88.1783135714,76.599186,26.5142857143,28.2857142857,30.0,,,,,10442,2019-01-13
1547942400000,201904,141.0,141,141,141,0.9995723,5.2482457,0,2,230440020190419589,2023-08-20,Fortaleza,10.0,1.5569988,2686612.0,25.2857142857,92.0247931429,1,0,0,78.7605608571,62.0197532857,27.8392857143,30.5714285714,23.0,,,,,10442,2019-01-20
1548547200000,201905,120.0,120,120,120,0.7886008,4.4665923,0,2,230440020190519589,2023-08-20,Fortaleza,21.0,1.111899,2686612.0,25.4285714286,93.6654765714,1,0,0,79.5143537143,62.6068408571,28.0773811429,30.7142857143,31.0,,,,,10442,2019-01-27
1549152000000,201906,110.0,110,110,110,0.22497869,4.094376,0,2,230440020190619589,2023-08-20,Fortaleza,5.0,0.9055656,2686612.0,25.5714285714,95.93968,1,0,0,87.0050777143,74.3841644286,27.2446341429,29.1428571429,33.0,,,,,10442,2019-02-03
1549756800000,201907,103.0,103,103,103,0.12450144,3.8338249,0,2,230440020190719589,2023-08-20,Fortaleza,12.0,0.8570416,2686612.0,25.5714285714,94.3561485714,1,0,0,88.293488,83.8136111429,26.9428571429,28.1428571429,28.0,,,,,10442,2019-02-10
1550361600000,201908,119.0,119,119,119,0.6692324,4.4293704,0,2,230440020190819589,2023-08-20,Fortaleza,25.0,1.0591575,2686612.0,26.0,91.9146207143,1,0,0,86.3973084286,82.3688204286,26.9480517143,27.5714285714,30.0,,,,,10442,2019-02-17
1550966400000,201909,157.0,157,157,157,0.9970022,5.8437915,0,2,230440020190919589,2023-08-20,Fortaleza,29.0,1.4005754,2686612.0,24.2857142857,92.7645608571,1,0,0,88.3497662857,81.6179184286,25.5194805714,26.7142857143,35.0,,,,,10442,2019-02-24
1551571200000,201910,187.0,187,187,187,0.9996664,6.960439,0,2,230440020191019589,2023-08-20,Fortaleza,9.0,1.4727577,2686612.0,23.5714285714,95.0268535714,1,1,1,89.4032471429,82.2898204286,25.1298702857,26.7142857143,73.0,,,,,10442,2019-03-03
1552176000000,201911,269.0,269,269,269,1.0,10.01261,0,3,230440020191119589,2023-08-20,Fortaleza,59.0,1.7104844,2686612.0,24.4285714286,95.8626971429,1,1,1,91.5132008571,85.8444838571,25.2987011429,26.2857142857,102.0,,,,,10442,2019-03-10
1552780800000,201912,285.0,285,285,285,0.99994665,10.608156,0,3,230440020191219589,2023-08-20,Fortaleza,36.0,1.4252461,2686612.0,24.5714285714,95.0978478571,1,1,1,89.6657664286,78.3531917143,25.7012988571,26.8571428571,92.0,,,,,10442,2019-03-17
1553385600000,201913,436.0,436,436,436,1.0,16.228619,0,3,230440020191319589,2023-08-20,Fortaleza,18.0,1.7159704,2686612.0,24.1428571429,95.8626971429,1,1,1,91.4643008571,82.3342392857,25.3116885714,26.7142857143,153.0,,,,,10442,2019-03-24
1553990400000,201914,670.0,670,670,670,1.0,24.938473,0,3,230440020191419589,2023-08-20,Fortaleza,16.0,2.022519,2686612.0,24.4285714286,93.4088835714,1,1,1,88.9292605714,83.0516362857,25.5454545714,26.7142857143,198.0,,,,,10442,2019-03-31
1554595200000,201915,601.0,601,601,601,0.9999976,22.370182,0,3,230440020191519589,2023-08-20,Fortaleza,13.0,1.3271708,2686612.0,25.2857142857,91.868855,1,1,1,84.3175451429,76.3405052857,26.5405845714,27.8571428571,172.0,,,,,10442,2019-04-07
1555200000000,201916,426.0,426,426,426,1.27248e-05,15.856402,0,2,230440020191619589,2023-08-20,Fortaleza,46.0,0.76368725,2686612.0,24.8571428571,95.0866885714,1,0,1,88.7475751429,79.9326622857,25.8766237143,27.5714285714,106.0,,,,,10442,2019-04-14
1555804800000,201917,436.0,436,436,436,9.32471e-05,16.228619,0,2,230440020191719589,2023-08-20,Fortaleza,30.0,0.78793705,2686612.0,24.8571428571,94.2628207143,1,0,1,87.754886,80.4971084286,25.9267164286,27.4285714286,162.0,,,,,10442,2019-04-21
1556409600000,201918,392.0,392,392,392,0.0013953276,14.590868,0,2,230440020191819589,2023-08-20,Fortaleza,40.0,0.81635666,2686612.0,24.8571428571,92.6621928571,1,0,1,87.6260634286,79.0354148571,26.1323054286,27.8571428571,141.0,,,,,10442,2019-04-28
1557014400000,201919,328.0,328,328,328,0.0001972737,12.208685,0,2,230440020191919589,2023-08-20,Fortaleza,12.0,0.77166194,2686612.0,25.4285714286,88.837671,1,0,1,83.2660872857,78.9565661429,26.6233765714,27.8571428571,121.0,,,,,10442,2019-05-05
1557619200000,201920,371.0,371,371,371,0.28002408,13.809214,0,2,230440020192019589,2023-08-20,Fortaleza,14.0,0.958568,2686612.0,25.7142857143,88.75895,1,0,1,84.2559085714,80.9030314286,26.7142857143,27.5714285714,166.0,,,,,10442,2019-05-12
1558224000000,201921,322.0,322,322,322,0.08142017,11.985355,0,2,230440020192119589,2023-08-20,Fortaleza,47.0,0.8985095,2686612.0,25.0,91.142973,1,0,1,86.4307684286,80.2696794286,26.0389605714,27.1428571429,134.0,,,,,10442,2019-05-19
1558828800000,201922,288.0,288,288,288,0.012866591,10.719821,0,2,230440020192219589,2023-08-20,Fortaleza,20.0,0.8372273,2686612.0,25.2857142857,88.7249257143,1,0,1,82.7090534286,75.5685558571,26.4415582857,27.7142857143,101.0,,,,,10442,2019-05-26
1559433600000,201923,260.0,260,260,260,0.005339307,9.677616,0,1,230440020192319589,2023-08-20,Fortaleza,20.0,0.8088071,2686612.0,25.1428571429,85.8428625714,0,0,1,80.1411992857,74.882325,26.7142854286,27.8571428571,115.0,,,,,10442,2019-06-02
1560038400000,201924,227.0,227,227,227,0.002922639,8.449304,0,1,230440020192419589,2023-08-20,Fortaleza,11.0,0.78406805,2686612.0,24.4285714286,87.4455748571,1,0,1,82.4755114286,77.0020908571,25.8593074286,27.2857142857,108.0,,,,,10442,2019-06-09
1560643200000,201925,197.0,197,197,197,0.002059691,7.3326554,0,1,230440020192519589,2023-08-20,Fortaleza,13.0,0.76341814,2686612.0,24.1428571429,88.900726,1,0,1,83.6120064286,77.3024665714,25.4935062857,27.1428571429,122.0,,,,,10442,2019-06-16
1561248000000,201926,176.0,176,176,176,0.0049699154,6.5510015,0,1,230440020192619589,2023-08-20,Fortaleza,13.0,0.7730503,2686612.0,24.5714285714,83.5202988571,0,0,1,78.3933014286,70.8795187143,25.948052,27.0,101.0,,,,,10442,2019-06-23
1561852800000,201927,210.0,210,210,210,0.63857853,7.8165364,0,1,230440020192719589,2023-08-20,Fortaleza,13.0,1.0354948,2686612.0,24.2857142857,86.5154685714,0,0,1,80.6301064286,75.3924194286,25.5454545714,26.7142857143,117.0,,,,,10442,2019-06-30
1562457600000,201928,229.0,229,229,229,0.9533929,8.5237465,0,1,230440020192819589,2023-08-20,Fortaleza,3.0,1.1773348,2686612.0,24.4285714286,84.9619802857,0,1,1,78.5928091429,72.8319571429,25.8571428571,27.0,129.0,,,,,10442,2019-07-07
1563062400000,201929,193.0,193,193,193,0.29238424,7.183769,0,1,230440020192919589,2023-08-20,Fortaleza,17.0,0.9466643,2686612.0,24.7142857143,85.6973865714,0,0,1,79.2423234286,74.564742,25.9480522857,26.8571428571,99.0,,,,,10442,2019-07-14
1563667200000,201930,212.0,212,212,212,0.5247612,7.8909793,0,1,230440020193019589,2023-08-20,Fortaleza,26.0,1.0060538,2686612.0,23.5714285714,85.7722814286,0,0,1,78.7698105714,73.5501858571,25.103896,26.1428571429,100.0,,,,,10442,2019-07-21
1564272000000,201931,211.0,211,211,211,0.57297295,7.853758,0,1,230440020193119589,2023-08-20,Fortaleza,3.0,1.0181341,2686612.0,24.4285714286,83.4798608571,0,0,1,77.8664314286,72.0532207143,25.8181817143,27.0,113.0,,,,,10442,2019-07-28
1564876800000,201932,189.0,189,189,189,0.19787575,7.0348825,0,1,230440020193219589,2023-08-20,Fortaleza,19.0,0.9181233,2686612.0,23.2857142857,80.194283,0,0,1,73.846807,67.7115678571,25.1428568571,26.2857142857,90.0,,,,,10442,2019-08-04
1565481600000,201933,183.0,183,183,183,0.15938516,6.811553,0,1,230440020193319589,2023-08-20,Fortaleza,12.0,0.9034764,2686612.0,24.2857142857,80.7464288571,0,0,1,76.0383414286,71.9920878571,25.7922077143,26.7142857143,68.0,,,,,10442,2019-08-11
1566086400000,201934,153.0,153,153,153,0.019213954,5.694905,0,1,230440020193419589,2023-08-20,Fortaleza,4.0,0.7996673,2686612.0,24.1428571429,78.028914,0,0,0,73.541842,68.357,25.7272725714,26.7142857143,67.0,,,,,10442,2019-08-18
1566691200000,201935,155.0,155,155,155,0.118591435,5.769348,0,1,230440020193519589,2023-08-20,Fortaleza,5.0,0.87825245,2686612.0,24.7142857143,76.1035414286,0,0,0,71.65144,66.5246385714,26.0000002857,26.7142857143,74.0,,,,,10442,2019-08-25
1567296000000,201936,147.0,147,147,147,0.1974699,5.4715753,0,1,230440020193619589,2023-08-20,Fortaleza,33.0,0.90780514,2686612.0,25.1428571429,80.8942828571,0,0,0,74.9786577143,69.7293978571,26.12987,26.8571428571,73.0,,,,,10442,2019-09-01
1567900800000,201937,137.0,137,137,137,0.17968856,5.0993595,0,1,230440020193719589,2023-08-20,Fortaleza,7.0,0.8979452,2686612.0,24.7142857143,79.368024,0,0,0,74.0754547143,68.9744028571,26.0896105714,27.0,61.0,,,,,10442,2019-09-08
1568505600000,201938,156.0,156,156,156,0.7013587,5.8065696,0,1,230440020193819589,2023-08-20,Fortaleza,4.0,1.062527,2686612.0,25.1428571429,79.3922097143,0,0,0,74.5623177143,70.89141,26.1428568571,26.8571428571,63.0,,,,,10442,2019-09-15
1569110400000,201939,154.0,154,154,154,0.6915313,5.7321267,0,1,230440020193919589,2023-08-20,Fortaleza,12.0,1.0594512,2686612.0,25.5714285714,79.3640031429,0,0,0,74.3944857143,69.6607142857,26.1558442857,26.8571428571,61.0,,,,,10442,2019-09-22
1569715200000,201940,122.0,122,122,122,0.057168297,4.541035,0,1,230440020194019589,2023-08-20,Fortaleza,3.0,0.82499474,2686612.0,24.8571428571,78.7320617143,0,0,0,74.7745022857,70.2446765714,25.896104,26.7142857143,57.0,,,,,10442,2019-09-29
1570320000000,201941,76.0,76,76,76,4.3293e-06,2.8288417,0,1,230440020194119589,2023-08-20,Fortaleza,3.0,0.5394758,2686612.0,25.2857142857,78.0855371429,0,0,0,72.8850032857,68.4300185714,26.2077922857,27.0,29.0,,,,,10442,2019-10-06
1570924800000,201942,81.0,81,81,81,0.004400724,3.0149498,0,1,230440020194219589,2023-08-20,Fortaleza,47.0,0.6879147,2686612.0,25.4285714286,80.9456451429,0,0,0,75.4330621429,69.855716,26.3636362857,27.1428571429,33.0,,,,,10442,2019-10-13
1571529600000,201943,104.0,104,104,104,0.7600705,3.8710465,0,1,230440020194319589,2023-08-20,Fortaleza,32.0,1.1054509,2686612.0,25.7142857143,80.1115694286,0,0,0,76.2652302857,69.3273471429,26.3896102857,27.4285714286,36.0,,,,,10442,2019-10-20
1572134400000,201944,110.0,110,110,110,0.93133193,4.094376,0,1,230440020194419589,2023-08-20,Fortaleza,11.0,1.234588,2686612.0,25.7142857143,76.1178902857,0,0,0,72.3448022857,67.479576,26.4025974286,27.2857142857,37.0,,,,,10442,2019-10-27
1572739200000,201945,110.0,110,110,110,0.7915387,4.094376,0,1,230440020194519589,2023-08-20,Fortaleza,15.0,1.1189067,2686612.0,25.8571428571,79.4441531429,0,0,0,75.6306508571,74.0658357143,26.6428571429,27.0,52.0,,,,,10442,2019-11-03
1573344000000,201946,86.0,86,86,86,0.08358083,3.2010577,0,1,230440020194619589,2023-08-20,Fortaleza,26.0,0.81877273,2686612.0,26.0,78.7606345714,0,0,0,74.85394,71.5980785714,26.7285714286,27.0,41.0,,,,,10442,2019-11-10
1573948800000,201947,88.0,88,88,88,0.15349597,3.2755008,0,1,230440020194719589,2023-08-20,Fortaleza,9.0,0.8623603,2686612.0,26.1428571429,79.5551131429,0,0,0,76.1249691429,72.9140737143,26.9,27.2857142857,47.0,,,,,10442,2019-11-17
1574553600000,201948,82.0,82,82,82,0.20101638,3.0521712,0,1,230440020194819589,2023-08-20,Fortaleza,6.0,0.8811768,2686612.0,26.5714285714,80.1636974286,0,0,0,77.7600048571,74.2457142857,27.0285714286,27.5714285714,44.0,,,,,10442,2019-11-24
1575158400000,201949,111.0,111,111,111,0.9475181,4.1315975,0,1,230440020194919589,2023-08-20,Fortaleza,12.0,1.258624,2686612.0,26.4285714286,78.1173622857,0,0,0,75.9322564286,73.4845985714,26.9428571429,27.2857142857,53.0,,,,,10442,2019-12-01
1575763200000,201950,91.0,91,91,91,0.5022465,3.3871658,0,1,230440020195019589,2023-08-20,Fortaleza,7.0,1.0008334,2686612.0,26.5714285714,78.9407677143,0,0,0,74.3997465714,71.1359208571,27.2,27.5714285714,34.0,,,,,10442,2019-12-08
1576368000000,201951,89.0,89,89,89,0.30055308,3.3127224,0,1,230440020195119589,2023-08-20,Fortaleza,6.0,0.9261576,2686612.0,26.4285714286,80.1713834286,0,0,0,74.8462812857,70.4713337143,27.3,27.8571428571,37.0,,,,,10442,2019-12-15
1576972800000,201952,66.0,66,66,66,0.01543508,2.4566257,0,1,230440020195219589,2023-08-20,Fortaleza,2.0,0.70898956,2686612.0,27.0,76.9551738571,0,0,0,73.9821612857,70.5632217143,27.4428571429,28.0,19.0,,,,,10442,2019-12-22
1577577600000,202001,72.0,72,72,72,0.17244242,2.6799552,0,1,230440020200119589,2023-08-20,Fortaleza,4.0,0.8596919,2686612.0,25.6666666667,87.2293603333,1,0,0,78.2967196667,68.5742188333,27.3944443333,29.1666666667,43.0,,,,,16518,2019-12-29
1578182400000,202002,167.0,167,167,167,1.0,6.216007,0,1,230440020200219589,2023-08-20,Fortaleza,15.0,2.094827,2686612.0,25.8571428571,86.6527782857,0,0,0,76.5129394286,64.6823847143,27.7238097143,29.8571428571,72.0,,,,,16518,2020-01-05
1578787200000,202003,235.0,235,235,235,1.0,8.747076,0,1,230440020200319589,2023-08-20,Fortaleza,14.0,2.281235,2686612.0,25.8571428571,86.5696111429,0,1,1,76.1617985714,63.0497965714,28.1071431429,30.7142857143,102.0,,,,,16518,2020-01-12
1579392000000,202004,258.0,258,258,258,0.99999946,9.603173,0,3,230440020200419589,2023-08-20,Fortaleza,4.0,1.624601,2686612.0,27.2857142857,80.2671802857,0,1,1,70.985105,57.4438875714,29.029762,31.7142857143,110.0,,,,,16518,2020-01-19
1579996800000,202005,313.0,313,313,313,0.99998355,11.650361,0,3,230440020200519589,2023-08-20,Fortaleza,48.0,1.43789,2686612.0,24.8571428571,91.0972014286,1,1,1,79.0628127143,63.8746062857,27.5833334286,30.2857142857,119.0,,,,,16518,2020-01-26
1580601600000,202006,405.0,405,405,405,0.99999994,15.074748,0,3,230440020200619589,2023-08-20,Fortaleza,25.0,1.518344,2686612.0,24.8571428571,91.0688171429,1,1,1,82.8587435714,72.5088541429,26.6154762857,28.5714285714,208.0,,,,,16518,2020-02-02
1581206400000,202007,552.0,552,552,552,1.0,20.546324,0,3,230440020200719589,2023-08-20,Fortaleza,13.0,1.6801798,2686612.0,26.1428571429,87.3645307143,1,1,1,81.8140114286,75.831264,26.9428571429,27.5714285714,317.0,,,,,16518,2020-02-09
1581811200000,202008,587.0,587,587,587,0.99999994,21.84908,0,3,230440020200819589,2023-08-20,Fortaleza,25.0,1.4057772,2686612.0,24.8571428571,90.2996257143,1,1,1,85.6782,80.1834454286,26.0649348571,27.2857142857,343.0,,,,,16518,2020-02-16
1582416000000,202009,834.0,834,834,834,1.0,31.042816,0,3,230440020200919589,2023-08-20,Fortaleza,70.0,1.5935681,2686612.0,25.5714285714,88.8755172857,1,1,1,82.913632,75.5460208571,27.1677488571,28.7142857143,516.0,,,,,16518,2020-02-23
1583020800000,202010,736.0,736,736,736,0.9974278,27.395098,0,3,230440020201019589,2023-08-20,Fortaleza,38.0,1.163496,2686612.0,25.4285714286,90.3273628571,1,1,1,80.336565,67.2822325714,27.5497834286,30.0,453.0,,,,,16518,2020-03-01
1583625600000,202011,779.0,779,779,779,0.9118789,28.995626,0,2,230440020201119589,2023-08-20,Fortaleza,109.0,1.072199,2686612.0,24.5714285714,91.0928464286,1,0,1,84.1875334286,76.0979267143,26.5000002857,28.1428571429,534.0,,,,,16518,2020-03-08
1584230400000,202012,421.0,421,421,421,0.0,15.670294,0,2,230440020201219589,2023-08-20,Fortaleza,171.0,0.5682706,2686612.0,25.1428571429,91.0982,1,0,1,79.3096294286,64.4315948571,27.6704542857,30.8571428571,343.0,,,,,16518,2020-03-15
1584835200000,202013,296.0,296,296,296,0.0,11.017594,0,2,230440020201319589,2023-08-20,Fortaleza,137.0,0.45230758,2686612.0,25.7142857143,88.8200665714,1,0,1,74.3693592857,59.003325,28.6249997143,31.7142857143,222.0,,,,,16518,2020-03-22
1585440000000,202014,403.0,403,403,403,0.00125725,15.000305,0,2,230440020201419589,2023-08-20,Fortaleza,95.0,0.81687343,2686612.0,25.4285714286,91.9086328571,1,0,1,81.4924021429,67.9016035714,27.8273811429,30.5714285714,282.0,,,,,16518,2020-03-29
1586044800000,202015,415.0,415,415,415,0.8531759,15.446964,0,2,230440020201519589,2023-08-20,Fortaleza,131.0,1.0770539,2686612.0,25.7142857143,91.1879494286,1,0,1,78.9544014286,63.8336071429,28.5357145714,31.5714285714,311.0,,,,,16518,2020-04-05
1586649600000,202016,535.0,535,535,535,0.9999994,19.913557,0,2,230440020201619589,2023-08-20,Fortaleza,100.0,1.3789284,2686612.0,24.7142857143,91.0928464286,1,1,1,80.3588565714,62.1213945714,27.4345234286,31.0,385.0,,,,,16518,2020-04-12
1587254400000,202017,599.0,599,599,599,0.9999994,22.295738,0,3,230440020201719589,2023-08-20,Fortaleza,47.0,1.3526859,2686612.0,24.2857142857,93.4150014286,1,1,1,82.53169,64.841107,26.779762,30.2857142857,434.0,,,,,16518,2020-04-19
1587859200000,202018,591.0,591,591,591,0.9899247,21.997967,0,3,230440020201819589,2023-08-20,Fortaleza,46.0,1.1501886,2686612.0,24.4285714286,92.6155457143,1,1,1,80.5717865714,63.3815905714,27.2023808571,30.5714285714,405.0,,,,,16518,2020-04-26
1588464000000,202019,477.0,477,477,477,0.004370814,17.754704,0,2,230440020201919589,2023-08-20,Fortaleza,94.0,0.8496439,2686612.0,25.2857142857,88.73615,1,0,1,74.742315,56.9601151429,28.1785714286,31.7142857143,340.0,,,,,16518,2020-05-03
1589068800000,202020,357.0,357,357,357,1e-10,13.288112,0,2,230440020202019589,2023-08-20,Fortaleza,39.0,0.65362,2686612.0,24.7142857143,90.3049551429,1,0,1,79.1828251429,63.197789,27.0916668571,30.0,223.0,,,,,16518,2020-05-10
1589673600000,202021,334.0,334,334,334,5.014e-07,12.432014,0,2,230440020202119589,2023-08-20,Fortaleza,89.0,0.70690155,2686612.0,24.7142857143,92.6501521429,1,0,1,80.1446165714,61.3805272857,27.4166665714,31.0,222.0,,,,,16518,2020-05-17
1590278400000,202022,297.0,297,297,297,0.0002062996,11.054815,0,2,230440020202219589,2023-08-20,Fortaleza,45.0,0.762846,2686612.0,24.8571428571,89.5576822857,1,0,1,76.2673428571,59.8892222857,27.8035714286,31.0,209.0,,,,,16518,2020-05-24
1590883200000,202023,371.0,371,371,371,0.8778327,13.809214,0,2,230440020202319589,2023-08-20,Fortaleza,20.0,1.0912403,2686612.0,24.8571428571,90.326188,1,0,1,78.1014481429,59.990658,27.3630954286,30.8571428571,249.0,,,,,16518,2020-05-31
1591488000000,202024,388.0,388,388,388,0.9825261,14.441981,0,2,230440020202419589,2023-08-20,Fortaleza,51.0,1.170464,2686612.0,24.1428571429,91.8108014286,1,1,1,80.8362777143,66.4349541429,26.2946428571,29.0,254.0,,,,,16518,2020-06-07
1592092800000,202025,436.0,436,436,436,0.9975231,16.228619,0,3,230440020202519589,2023-08-20,Fortaleza,69.0,1.2213656,2686612.0,24.1428571429,90.2813908571,1,1,1,76.9440584286,61.9303574286,26.858884,29.8571428571,284.0,,,,,16518,2020-06-14
1592697600000,202026,490.0,490,490,490,0.9993826,18.238585,0,3,230440020202619589,2023-08-20,Fortaleza,149.0,1.2434037,2686612.0,24.2857142857,85.7207354286,0,1,1,72.4030328571,54.5505834286,26.8116342857,29.7142857143,300.0,,,,,16518,2020-06-21
1593302400000,202027,506.0,506,506,506,0.98964554,18.83413,0,3,230440020202719589,2023-08-20,Fortaleza,17.0,1.1629492,2686612.0,25.0,85.788016,0,1,1,74.1313557143,56.6283315714,27.133206,30.0,293.0,,,,,16518,2020-06-28
1593907200000,202028,437.0,437,437,437,0.13900681,16.26584,0,1,230440020202819589,2023-08-20,Fortaleza,24.0,0.9304898,2686612.0,23.8571428571,88.7457302857,1,0,1,77.2885484286,62.7120222857,26.2134837143,28.8571428571,245.0,,,,,16518,2020-07-05
1594512000000,202029,416.0,416,416,416,0.025955595,15.484186,0,1,230440020202919589,2023-08-20,Fortaleza,126.0,0.8777453,2686612.0,24.0,84.288414,0,0,1,70.596325,52.0041548571,26.9565217143,30.2857142857,237.0,,,,,16518,2020-07-12
1595116800000,202030,338.0,338,338,338,7.15961e-05,12.580901,0,1,230440020203019589,2023-08-20,Fortaleza,48.0,0.7610486,2686612.0,23.7142857143,85.8212525714,0,0,1,69.7477744286,50.3342498571,26.917117,30.4285714286,195.0,,,,,16518,2020-07-19
1595721600000,202031,328.0,328,328,328,0.0034818982,12.208685,0,1,230440020203119589,2023-08-20,Fortaleza,23.0,0.8184729,2686612.0,23.5714285714,79.9780325714,0,0,1,66.5433028571,48.7139904286,26.8447202857,30.4285714286,210.0,,,,,16518,2020-07-26
1596326400000,202032,276.0,276,276,276,0.0007456362,10.273162,0,1,230440020203219589,2023-08-20,Fortaleza,22.0,0.77599365,2686612.0,23.2857142857,82.7802711429,0,0,1,66.600461,44.5857278571,26.8783645714,31.2857142857,184.0,,,,,16518,2020-08-02
1596931200000,202033,272.0,272,272,272,0.027502093,10.124275,0,1,230440020203319589,2023-08-20,Fortaleza,32.0,0.85380465,2686612.0,24.1428571429,81.3896905714,0,0,1,68.5901448571,50.0781227143,27.0313148571,30.2857142857,153.0,,,,,16518,2020-08-09
1597536000000,202034,293.0,293,293,293,0.52868587,10.90593,0,1,230440020203419589,2023-08-20,Fortaleza,20.0,1.0059682,2686612.0,24.5714285714,84.2417531429,0,0,1,70.3536644286,50.7447318571,27.2349894286,30.7142857143,159.0,,,,,16518,2020-08-16
1598140800000,202035,242.0,242,242,242,0.05449288,9.0076275,0,1,230440020203519589,2023-08-20,Fortaleza,13.0,0.86886966,2686612.0,24.5714285714,85.0487494286,0,0,1,71.519715,54.702031,27.0608177143,30.0,134.0,,,,,16518,2020-08-23
1598745600000,202036,182.0,182,182,182,2.57779e-05,6.7743316,0,1,230440020203619589,2023-08-20,Fortaleza,7.0,0.6803982,2686612.0,24.2857142857,82.864964,0,0,1,69.256835,49.6800337143,27.2530481429,30.7142857143,97.0,,,,,16518,2020-08-30
1599350400000,202037,160.0,160,160,160,6.19172e-05,5.9554563,0,1,230440020203719589,2023-08-20,Fortaleza,14.0,0.6777599,2686612.0,24.4285714286,84.3114497143,0,0,0,69.6530522857,50.392795,27.3330748571,31.1428571429,84.0,,,,,16518,2020-09-06
1599955200000,202038,162.0,162,162,162,0.037157096,6.0298996,0,1,230440020203819589,2023-08-20,Fortaleza,15.0,0.8278463,2686612.0,24.5714285714,82.1404157143,0,0,0,70.1810085714,51.972187,27.21765,30.5714285714,80.0,,,,,16518,2020-09-13
1600560000000,202039,124.0,124,124,124,0.004763984,4.6154785,0,1,230440020203919589,2023-08-20,Fortaleza,11.0,0.7373722,2686612.0,25.2857142857,84.3470745714,0,0,0,71.4728571429,56.1041608571,27.3216874286,30.1428571429,59.0,,,,,16518,2020-09-20
1601164800000,202040,140.0,140,140,140,0.24369097,5.2110243,0,1,230440020204019589,2023-08-20,Fortaleza,19.0,0.92198944,2686612.0,25.4285714286,82.2245291429,0,0,0,69.910616,49.9618948571,27.652353,31.2857142857,58.0,,,,,16518,2020-09-27
1601769600000,202041,115.0,115,115,115,0.0716938,4.280484,0,1,230440020204119589,2023-08-20,Fortaleza,14.0,0.8319411,2686612.0,25.5714285714,83.6009708571,0,0,0,72.3586948571,56.2640225714,27.6920288571,30.7142857143,50.0,,,,,16518,2020-10-04
1602374400000,202042,116.0,116,116,116,0.19525366,4.3177056,0,1,230440020204219589,2023-08-20,Fortaleza,8.0,0.8962635,2686612.0,25.7142857143,83.655334,0,0,0,71.7536211429,55.3699808571,27.8276397143,31.1428571429,55.0,,,,,16518,2020-10-11
1602979200000,202043,93.0,93,93,93,0.030457083,3.461609,0,1,230440020204319589,2023-08-20,Fortaleza,15.0,0.77320516,2686612.0,25.7142857143,86.6475418571,0,0,0,74.138898,57.0808157143,27.8470497143,31.0,46.0,,,,,16518,2020-10-18
1603584000000,202044,78.0,78,78,78,0.011487717,2.9032848,0,1,230440020204419589,2023-08-20,Fortaleza,12.0,0.7159332,2686612.0,26.0,82.9296602857,0,0,0,73.0525657143,57.9005812857,27.9997411429,31.1428571429,31.0,,,,,16518,2020-10-25
1604188800000,202045,124.0,124,124,124,0.962461,4.6154785,0,1,230440020204519589,2023-08-20,Fortaleza,18.0,1.2706859,2686612.0,26.4285714286,86.6034011429,0,0,0,74.6376985714,60.3900897143,28.1580524286,31.0,50.0,,,,,16518,2020-11-01
1604793600000,202046,107.0,107,107,107,0.77632153,3.9827113,0,1,230440020204619589,2023-08-20,Fortaleza,21.0,1.1123388,2686612.0,25.8571428571,85.2254355714,0,0,0,74.0881464286,56.4480862857,28.1332817143,31.4285714286,54.0,,,,,16518,2020-11-08
1605398400000,202047,122.0,122,122,122,0.85001564,4.541035,0,1,230440020204719589,2023-08-20,Fortaleza,9.0,1.1469272,2686612.0,26.5714285714,85.1289542857,0,0,0,74.8971568571,61.9671715714,28.3217447143,31.1428571429,64.0,,,,,16518,2020-11-15
1606003200000,202048,100.0,100,100,100,0.19969293,3.72216,0,1,230440020204819589,2023-08-20,Fortaleza,0.0,0.8908696,2686612.0,26.1666666667,83.8382038333,0,0,0,72.7590541667,58.2593918333,28.1449276667,31.0,39.0,,,,,16518,2020-11-22
1606608000000,202049,112.0,112,112,112,0.5037647,4.1688194,0,1,230440020204919589,2023-08-20,Fortaleza,0.0,1.0012599,2686612.0,,83.8059542667,0,0,0,,,,,32.0,,,,,16518,2020-11-29
1607212800000,202050,105.0,105,105,105,0.40459275,3.9082682,0,1,230440020205019589,2023-08-20,Fortaleza,0.0,0.9675494,2686612.0,,83.7737047,0,0,0,,,,,47.0,,,,,16518,2020-12-06
1607817600000,202051,79.0,79,79,79,0.024554748,2.9405065,0,1,230440020205119589,2023-08-20,Fortaleza,0.0,0.7479032,2686612.0,,83.7414551333,0,0,0,,,,,40.0,,,,,16518,2020-12-13
1608422400000,202052,89.0,89,89,89,0.23530343,3.3127224,0,1,230440020205219589,2023-08-20,Fortaleza,0.0,0.900219,2686612.0,,83.7092055667,0,0,0,,,,,30.0,,,,,16518,2020-12-20
1609027200000,202053,54.0,54,54,54,0.0020731161,2.0099664,0,1,230440020205319589,2023-08-20,Fortaleza,2.0,0.61446774,2686612.0,27.0,83.676956,0,0,0,72.161975,53.9766265,28.565217,31.5,10.0,,,,,16518,2020-12-27
1609632000000,202101,123.0,123,123,123,0.9999456,4.578257,0,1,230440020210119684,2023-11-23,Fortaleza,26.0,1.7637106,2686612.0,26.5714285714,84.6298292857,0,0,0,74.5683437143,60.8252875714,28.3371211429,31.0,44.0,,,,,31394,2021-01-03
1610236800000,202102,116.0,116,116,116,0.9998031,4.3177056,0,1,230440020210219684,2023-11-23,Fortaleza,22.0,1.6990631,2686612.0,26.4285714286,82.2660772857,0,0,0,73.1414255714,58.3665465714,28.1252068571,31.0,42.0,,,,,31394,2021-01-10
1610841600000,202103,130.0,130,130,130,0.9930141,4.838808,0,1,230440020210319684,2023-11-23,Fortaleza,17.0,1.3916805,2686612.0,25.2857142857,89.5675737143,1,0,0,78.456925,66.4700267143,27.3325334286,29.8571428571,45.0,,,,,31394,2021-01-17
1611446400000,202104,127.0,127,127,127,0.76614887,4.7271433,0,1,230440020210419684,2023-11-23,Fortaleza,18.0,1.0975944,2686612.0,26.0,88.0941845714,1,0,0,78.7506565714,65.7199437143,27.7063492857,30.0,54.0,,,,,31394,2021-01-24
1612051200000,202105,164.0,164,164,164,0.9868679,6.1043425,0,1,230440020210519684,2023-11-23,Fortaleza,42.0,1.2990313,2686612.0,26.0,83.7027428571,0,0,0,75.2607862857,64.2077832857,27.869824,30.2857142857,90.0,,,,,31394,2021-01-31
1612656000000,202106,184.0,184,184,184,0.9944286,6.8487744,0,1,230440020210619684,2023-11-23,Fortaleza,29.0,1.3280404,2686612.0,26.7142857143,85.2248875714,0,1,1,76.8858871429,65.4602558571,28.5000002857,30.7142857143,68.0,,,,,31394,2021-02-07
1613260800000,202107,220.0,220,220,220,0.9989714,8.188752,0,3,230440020210719684,2023-11-23,Fortaleza,46.0,1.3740823,2686612.0,25.5714285714,88.9029254286,1,1,1,80.2768022857,70.0592861429,27.3300397143,29.4285714286,88.0,,,,,31394,2021-02-14
1613865600000,202108,217.0,217,217,217,0.9421657,8.077087,0,1,230440020210819684,2023-11-23,Fortaleza,30.0,1.1698941,2686612.0,25.4285714286,89.5675737143,1,0,1,78.6291172857,66.4832097143,27.8530741429,30.1428571429,99.0,,,,,31394,2021-02-21
1614470400000,202109,244.0,244,244,244,0.9577269,9.08207,0,2,230440020210919684,2023-11-23,Fortaleza,29.0,1.1764349,2686612.0,25.5714285714,90.3109021429,1,1,1,80.1226664286,70.0745932857,27.5221611429,29.4285714286,119.0,,,,,31394,2021-02-28
1615075200000,202110,272.0,272,272,272,0.9841793,10.124275,0,3,230440020211019684,2023-11-23,Fortaleza,120.0,1.2131549,2686612.0,25.2857142857,88.9493972857,1,1,1,80.3506921429,70.4667002857,27.5119048571,29.7142857143,149.0,,,,,31394,2021-03-07
1615680000000,202111,235.0,235,235,235,0.39035136,8.747076,0,2,230440020211119684,2023-11-23,Fortaleza,18.0,0.97482425,2686612.0,24.8571428571,90.3549237143,1,0,1,80.9446585714,68.8306548571,27.0327637143,29.1428571429,112.0,,,,,31394,2021-03-14
1616284800000,202112,251.0,251,251,251,0.5056342,9.342622,0,2,230440020211219684,2023-11-23,Fortaleza,31.0,1.0012609,2686612.0,23.5714285714,96.6623542857,1,0,1,86.6171035714,74.6044431429,25.7415537143,28.1428571429,149.0,,,,,31394,2021-03-21
1616889600000,202113,258.0,258,258,258,0.6653473,9.603173,0,2,230440020211319684,2023-11-23,Fortaleza,43.0,1.0386598,2686612.0,24.8571428571,93.4746542857,1,0,1,80.7540744286,65.1020408571,27.7257268571,30.8571428571,148.0,,,,,31394,2021-03-28
1617494400000,202114,453.0,453,453,453,1.0,16.861385,0,2,230440020211419684,2023-11-23,Fortaleza,22.0,1.744453,2686612.0,25.8571428571,88.9484194286,1,1,1,75.0043657143,58.9930575714,28.6023808571,32.0,272.0,,,,,31394,2021-04-04
1618099200000,202115,496.0,496,496,496,1.0,18.461914,0,3,230440020211519684,2023-11-23,Fortaleza,41.0,1.5797168,2686612.0,25.1428571429,93.4447491429,1,1,1,82.0400485714,65.9661621429,27.5767541429,30.7142857143,299.0,,,,,31394,2021-04-11
1618704000000,202116,574.0,574,574,574,0.99999994,21.365198,0,3,230440020211619684,2023-11-23,Fortaleza,17.0,1.4041523,2686612.0,24.7142857143,93.463495,1,1,1,83.0847401429,69.2196618571,26.9997167143,29.8571428571,329.0,,,,,31394,2021-04-18
1619308800000,202117,751.0,751,751,751,1.0,27.953423,0,3,230440020211719684,2023-11-23,Fortaleza,28.0,1.4960146,2686612.0,24.7142857143,92.7083185714,1,1,1,78.3224435714,63.0793147143,27.7505174286,30.7142857143,453.0,,,,,31394,2021-04-25
1619913600000,202118,1037.0,1037,1037,1037,1.0,38.5988,0,3,230440020211819684,2023-11-23,Fortaleza,34.0,1.6934642,2686612.0,23.7142857143,97.5164207143,1,1,1,85.6279542857,69.6911125714,26.1547617143,29.1428571429,639.0,,,,,31394,2021-05-02
1620518400000,202119,1368.0,1368,1368,1368,1.0,50.91915,0,3,230440020211919684,2023-11-23,Fortaleza,54.0,1.72705,2686612.0,24.0,95.8386157143,1,1,2,84.3814028571,68.674674,26.5357142857,29.4285714286,811.0,,,,,31394,2021-05-09
1621123200000,202120,1303.0,1303,1303,1303,1.0,48.499744,0,4,230440020212019684,2023-11-23,Fortaleza,40.0,1.2650002,2686612.0,25.1428571429,91.9167142857,1,1,2,78.9875415714,63.0475821429,27.5059522857,30.2857142857,797.0,,,,,31394,2021-05-16
1621728000000,202121,1414.0,1414,1414,1414,0.999808,52.631344,0,4,230440020212119684,2023-11-23,Fortaleza,65.0,1.1482251,2686612.0,24.7142857143,87.2521051429,1,1,2,73.7002034286,55.973911,27.8928568571,31.1428571429,795.0,,,,,31394,2021-05-23
1622332800000,202122,1944.0,1944,1944,1944,1.0,72.358795,0,4,230440020212219684,2023-11-23,Fortaleza,71.0,1.4322158,2686612.0,25.0,88.062138,1,1,2,73.8479134286,55.4920805714,27.7242497143,30.8571428571,915.0,,,,,31394,2021-05-30
1622937600000,202123,2084.0,2084,2084,2084,1.0,77.56982,0,4,230440020212319684,2023-11-23,Fortaleza,136.0,1.3524938,2686612.0,25.2857142857,88.8429074286,1,1,2,76.5573941429,60.8503667143,27.6643774286,30.7142857143,1044.0,,,,,31394,2021-06-06
1623542400000,202124,1752.0,1752,1752,1752,0.24496706,65.21224,0,4,230440020212419684,2023-11-23,Fortaleza,30.0,0.9770775,2686612.0,25.2857142857,93.578693,1,0,2,80.4177544286,64.0312094286,27.2637162857,29.7142857143,889.0,,,,,31394,2021-06-13
1624147200000,202125,1697.0,1697,1697,1697,0.0003620678,63.16506,0,4,230440020212519684,2023-11-23,Fortaleza,26.0,0.8933249,2686612.0,25.0,85.7361308571,0,0,2,72.5751,56.2608948571,27.5465842857,30.4285714286,796.0,,,,,31394,2021-06-20
1624752000000,202126,1457.0,1457,1457,1457,6e-10,54.231873,0,4,230440020212619684,2023-11-23,Fortaleza,27.0,0.8076924,2686612.0,25.0,89.5562322857,1,0,2,75.912823,54.3123661429,27.2885377143,30.7142857143,725.0,,,,,31394,2021-06-27
1625356800000,202127,1380.0,1380,1380,1380,4.862e-07,51.36581,0,4,230440020212719684,2023-11-23,Fortaleza,45.0,0.8367082,2686612.0,24.8571428571,87.2963368571,1,0,2,74.8174065714,57.6615234286,27.2282608571,30.2857142857,696.0,,,,,31394,2021-07-04
1625961600000,202128,1370.0,1370,1370,1370,0.0062478576,50.993595,0,4,230440020212819684,2023-11-23,Fortaleza,29.0,0.9109885,2686612.0,24.7142857143,88.1193117143,1,0,2,74.0630795714,56.2636551429,27.4684268571,30.7142857143,682.0,,,,,31394,2021-07-11
1626566400000,202129,1158.0,1158,1158,1158,1.1315e-06,43.102615,0,1,230440020212919684,2023-11-23,Fortaleza,40.0,0.8290484,2686612.0,24.5714285714,86.5519834286,0,0,1,71.6208527143,50.0618392857,27.4270182857,30.5714285714,514.0,,,,,31394,2021-07-18
1627171200000,202130,951.0,951,951,951,0.0,35.397743,0,1,230440020213019684,2023-11-23,Fortaleza,38.0,0.7324166,2686612.0,24.5714285714,86.457048,0,0,1,72.2577337143,51.5276714286,27.4192542857,30.8571428571,405.0,,,,,31394,2021-07-25
1627776000000,202131,904.0,904,904,904,1.79e-08,33.648327,0,1,230440020213119684,2023-11-23,Fortaleza,21.0,0.7836396,2686612.0,24.4285714286,84.405942,0,0,1,67.5381291429,44.8876325714,27.7032985714,31.8571428571,418.0,,,,,31394,2021-08-01
1628380800000,202132,768.0,768,768,768,1.61e-08,28.58619,0,1,230440020213219684,2023-11-23,Fortaleza,40.0,0.7679356,2686612.0,25.1428571429,85.2033005714,0,0,1,70.8023855714,52.6860372857,27.7305902857,31.1428571429,340.0,,,,,31394,2021-08-08
1628985600000,202133,722.0,722,722,722,2.50342e-05,26.873997,0,1,230440020213319684,2023-11-23,Fortaleza,22.0,0.8164161,2686612.0,24.8571428571,80.1115277143,0,0,1,67.8211934286,48.6227347143,27.5905797143,30.8571428571,259.0,,,,,31394,2021-08-15
1629590400000,202134,545.0,545,545,545,0.0,20.285772,0,1,230440020213419684,2023-11-23,Fortaleza,24.0,0.69345474,2686612.0,25.0,80.8855177143,0,0,1,69.2591542857,51.615178,27.6526911429,31.1428571429,180.0,,,,,31394,2021-08-22
1630195200000,202135,443.0,443,443,443,0.0,16.48917,0,1,230440020213519684,2023-11-23,Fortaleza,13.0,0.6487597,2686612.0,25.5714285714,80.12763,0,0,1,68.5390651429,50.0450222857,27.8747411429,31.2857142857,170.0,,,,,31394,2021-08-29
1630800000000,202136,390.0,390,390,390,5.6e-09,14.516424,0,1,230440020213619684,2023-11-23,Fortaleza,10.0,0.6890747,2686612.0,25.4285714286,85.0849748571,0,0,1,70.3256764286,53.1146324286,27.6990168571,30.7142857143,156.0,,,,,31394,2021-09-05
1631404800000,202137,401.0,401,401,401,0.012330784,14.925862,0,1,230440020213719684,2023-11-23,Fortaleza,14.0,0.8584298,2686612.0,25.4285714286,81.5305765714,0,0,1,68.5991871429,48.4985167143,28.0701342857,31.8571428571,132.0,,,,,31394,2021-09-12
1632009600000,202138,369.0,369,369,369,0.0598564,13.734771,0,1,230440020213819684,2023-11-23,Fortaleza,13.0,0.8946269,2686612.0,25.8571428571,81.5619154286,0,0,1,70.5195257143,54.4347215714,27.8690477143,31.1428571429,133.0,,,,,31394,2021-09-19
1632614400000,202139,336.0,336,336,336,0.026079198,12.506458,0,1,230440020213919684,2023-11-23,Fortaleza,18.0,0.86552495,2686612.0,26.0,83.6762065714,0,0,1,71.3335921429,51.2865044286,28.1666665714,31.8571428571,117.0,,,,,31394,2021-09-26
1633219200000,202140,236.0,236,236,236,1.285e-07,8.784298,0,1,230440020214019684,2023-11-23,Fortaleza,29.0,0.65305614,2686612.0,25.8571428571,83.697982,0,0,1,72.5558585714,58.0193015714,28.095238,31.1428571429,66.0,,,,,31394,2021-10-03
1633824000000,202141,270.0,270,270,270,0.0227521,10.049832,0,1,230440020214119684,2023-11-23,Fortaleza,25.0,0.8478479,2686612.0,26.0,82.2724904286,0,0,1,70.4792377143,55.8745051429,28.2173914286,31.1428571429,77.0,,,,,31394,2021-10-10
1634428800000,202142,276.0,276,276,276,0.475597,10.273162,0,1,230440020214219684,2023-11-23,Fortaleza,12.0,0.99481386,2686612.0,26.5714285714,83.7234278571,0,0,1,72.1072958571,57.3986188571,28.4940477143,31.5714285714,76.0,,,,,31394,2021-10-17
1635033600000,202143,221.0,221,221,221,0.02693423,8.225974,0,1,230440020214319684,2023-11-23,Fortaleza,11.0,0.8391364,2686612.0,25.7142857143,82.3228897143,0,0,1,69.259558,52.7907497143,28.338768,31.2857142857,82.0,,,,,31394,2021-10-24
1635638400000,202144,252.0,252,252,252,0.41563278,9.379844,0,1,230440020214419684,2023-11-23,Fortaleza,12.0,0.98129934,2686612.0,26.0,86.6150177143,0,0,1,74.2117642857,59.4237455714,28.2093685714,31.1428571429,81.0,,,,,31394,2021-10-31
1636243200000,202145,195.0,195,195,195,0.011964065,7.258212,0,1,230440020214519684,2023-11-23,Fortaleza,9.0,0.80537236,2686612.0,26.4285714286,81.7812182857,0,0,1,70.8869722857,56.0058554286,28.6407862857,31.5714285714,53.0,,,,,31394,2021-11-07
1636848000000,202146,191.0,191,191,191,0.03644753,7.109326,0,1,230440020214619684,2023-11-23,Fortaleza,17.0,0.83905977,2686612.0,26.7142857143,81.7113822857,0,0,1,69.6920007143,54.1964544286,28.8069357143,32.0,42.0,,,,,31394,2021-11-14
1637452800000,202147,198.0,198,198,198,0.29480156,7.369877,0,1,230440020214719684,2023-11-23,Fortaleza,10.0,0.94796413,2686612.0,26.7142857143,82.9615488571,0,0,1,71.9569682857,58.4156958571,28.7884434286,31.5714285714,60.0,,,,,31394,2021-11-21
1638057600000,202148,191.0,191,191,191,0.39514732,7.109326,0,1,230440020214819684,2023-11-23,Fortaleza,11.0,0.97336125,2686612.0,26.8571428571,82.3019571429,0,0,1,72.2541341429,57.0160092857,28.97412,32.0,59.0,,,,,31394,2021-11-28
1638662400000,202149,279.0,279,279,279,0.99989754,10.384827,0,1,230440020214919684,2023-11-23,Fortaleza,17.0,1.4079396,2686612.0,26.2857142857,85.9574225714,0,1,1,72.8824901429,57.5163881429,28.7424948571,31.8571428571,117.0,,,,,31394,2021-12-05
1639267200000,202150,325.0,325,325,325,0.99999654,12.09702,0,3,230440020215019684,2023-11-23,Fortaleza,158.0,1.4747548,2686612.0,26.8571428571,83.1581538571,0,1,1,70.8612062857,58.4447698571,29.0499482857,31.8571428571,113.0,,,,,31394,2021-12-12
1639872000000,202151,133.0,133,133,133,2e-10,4.950473,0,1,230440020215119684,2023-11-23,Fortaleza,19.0,0.5217615,2686612.0,27.0,81.6184385714,0,0,0,71.8688857143,58.4685042857,28.8289337143,31.5714285714,61.0,,,,,31394,2021-12-19
1640476800000,202152,19.0,19,19,19,0.0,0.7072104,0,1,230440020215219684,2023-11-23,Fortaleza,21.0,0.07864576,2686612.0,26.4285714286,87.4063068571,1,0,0,77.3717134286,65.1923567143,28.3493791429,30.5714285714,15.0,,,,,31394,2021-12-26
1641081600000,202201,210.0,210,210,210,0.991978,7.8165364,0,1,230440020220119684,2023-11-23,Fortaleza,77.0,1.2838376,2686612.0,25.0,91.9069408571,1,1,1,80.3651507143,67.0270498571,27.3317805714,29.8571428571,30.0,,,,,40317,2022-01-02
1641686400000,202202,242.0,242,242,242,1.0,9.0076275,0,3,230440020220219684,2023-11-23,Fortaleza,109.0,1.9762994,2686612.0,25.1428571429,90.4648331429,1,1,1,77.9770842857,62.5360528571,27.5416668571,30.4285714286,30.0,,,,,40317,2022-01-09
1642291200000,202203,169.0,169,169,169,0.59283143,6.2904506,0,2,230440020220319684,2023-11-23,Fortaleza,30.0,1.0260116,2686612.0,25.5714285714,88.9226528571,1,0,0,80.8500647143,68.2217762857,27.477241,29.8571428571,31.0,,,,,40317,2022-01-16
1642896000000,202204,115.0,115,115,115,1.8104e-06,4.280484,0,2,230440020220419684,2023-11-23,Fortaleza,19.0,0.58637846,2686612.0,24.2857142857,88.9429611429,1,0,0,80.0923502857,69.8361392857,26.6170635714,29.0,24.0,,,,,40317,2022-01-23
1643500800000,202205,138.0,138,138,138,0.024241414,5.136581,0,2,230440020220519684,2023-11-23,Fortaleza,14.0,0.7990914,2686612.0,25.2857142857,91.1421565714,1,0,0,78.4306784286,64.2628032857,28.0178574286,30.7142857143,34.0,,,,,40317,2022-01-30
1644105600000,202206,187.0,187,187,187,0.9907287,6.960439,0,1,230440020220619684,2023-11-23,Fortaleza,21.0,1.2962803,2686612.0,26.5714285714,81.7312088571,0,1,1,74.2721975714,63.0965094286,28.2619048571,30.5714285714,33.0,,,,,40317,2022-02-06
1644710400000,202207,298.0,298,298,298,1.0,11.092037,0,3,230440020220719684,2023-11-23,Fortaleza,17.0,1.9295068,2686612.0,25.2857142857,91.3158715714,1,1,1,76.1162858571,64.1128785714,27.9960317143,30.2857142857,43.0,,,,,40317,2022-02-13
1645315200000,202208,322.0,322,322,322,0.9999999,11.985355,0,3,230440020220819684,2023-11-23,Fortaleza,35.0,1.5747479,2686612.0,25.7142857143,89.6409652857,1,1,1,76.8640301429,63.1198384286,28.1190477143,30.7142857143,51.0,,,,,40317,2022-02-20
1645920000000,202209,439.0,439,439,439,1.0,16.340282,0,3,230440020220919684,2023-11-23,Fortaleza,22.0,1.6037507,2686612.0,26.0,88.1099731429,1,1,1,77.1288762857,64.1643,28.1726194286,30.7142857143,78.0,,,,,40317,2022-02-27
1646524800000,202210,490.0,490,490,490,0.9999998,18.238585,0,3,230440020221019684,2023-11-23,Fortaleza,17.0,1.4245389,2686612.0,24.2857142857,96.686565,1,1,1,82.9120492857,69.1081985714,26.940476,29.8571428571,90.0,,,,,40317,2022-03-06
1647129600000,202211,687.0,687,687,687,1.0,25.57124,0,3,230440020221119684,2023-11-23,Fortaleza,29.0,1.6140234,2686612.0,24.0,97.5164207143,1,1,1,87.4729358571,75.7044831429,26.2566325714,28.5714285714,158.0,,,,,40317,2022-03-13
1647734400000,202212,780.0,780,780,780,1.0,29.032848,0,3,230440020221219684,2023-11-23,Fortaleza,11.0,1.4750805,2686612.0,24.1428571429,96.686565,1,1,1,85.248446,70.9489978571,26.693877,29.7142857143,222.0,,,,,40317,2022-03-20
1648339200000,202213,989.0,989,989,989,1.0,36.812164,0,3,230440020221319684,2023-11-23,Fortaleza,29.0,1.4986155,2686612.0,23.5714285714,99.1701442857,1,1,1,88.2442544286,73.6933582857,26.0214171429,28.8571428571,326.0,,,,,40317,2022-03-27
1648944000000,202214,1320.0,1320,1320,1320,1.0,49.132515,0,3,230440020221419684,2023-11-23,Fortaleza,66.0,1.6167938,2686612.0,24.4285714286,96.6985407143,1,1,2,87.8782357143,74.53404,26.3190474286,29.0,633.0,,,,,40317,2022-04-03
1649548800000,202215,1501.0,1501,1501,1501,1.0,55.86962,0,4,230440020221519684,2023-11-23,Fortaleza,27.0,1.4671736,2686612.0,25.1428571429,94.2568328571,1,1,2,81.9017677143,67.1763677143,27.5392857143,30.4285714286,676.0,,,,,40317,2022-04-10
1650153600000,202216,1803.0,1803,1803,1803,1.0,67.11055,0,4,230440020221619684,2023-11-23,Fortaleza,62.0,1.417809,2686612.0,24.5714285714,95.88652,1,1,2,84.2459612857,71.2063958571,27.1837474286,30.0,800.0,,,,,40317,2022-04-17
1650758400000,202217,1776.0,1776,1776,1776,0.9999986,66.10556,0,4,230440020221719684,2023-11-23,Fortaleza,52.0,1.178249,2686612.0,24.4285714286,92.7144071429,1,1,2,81.29799,65.4715802857,27.2278142857,30.4285714286,776.0,,,,,40317,2022-04-24
1651363200000,202218,2269.0,2269,2269,2269,1.0,84.45581,0,4,230440020221819684,2023-11-23,Fortaleza,59.0,1.326518,2686612.0,24.7142857143,91.940758,1,1,2,81.9068878571,67.6607372857,27.195346,29.8571428571,997.0,,,,,40317,2022-05-01
1651968000000,202219,2604.0,2604,2604,2604,1.0,96.92505,0,4,230440020221919684,2023-11-23,Fortaleza,78.0,1.3552316,2686612.0,24.1428571429,95.0388292857,1,1,2,86.003804,74.5844617143,26.2358057143,28.7142857143,1173.0,,,,,40317,2022-05-08
1652572800000,202220,2620.0,2620,2620,2620,1.0,97.52059,0,4,230440020222019684,2023-11-23,Fortaleza,88.0,1.1851642,2686612.0,25.2857142857,94.2269371429,1,1,2,82.3192214286,66.8579342857,27.6428571429,30.4285714286,1292.0,,,,,40317,2022-05-15
1653177600000,202221,1754.0,1754,1754,1754,0.0,65.28669,0,4,230440020222119684,2023-11-23,Fortaleza,85.0,0.7246071,2686612.0,23.4285714286,96.6745242857,1,0,2,84.0637298571,65.6281137143,26.1179651429,29.8571428571,981.0,,,,,40317,2022-05-22
1653782400000,202222,2293.0,2293,2293,2293,0.1847957,85.34913,0,4,230440020222219684,2023-11-23,Fortaleza,135.0,0.9740211,2686612.0,23.8571428571,95.8567092857,1,0,2,86.2912812857,70.1319608571,26.062925,29.1428571429,1312.0,,,,,40317,2022-05-29
1654387200000,202223,2289.0,2289,2289,2289,0.9705125,85.20024,0,4,230440020222319684,2023-11-23,Fortaleza,98.0,1.0582422,2686612.0,23.7142857143,94.2327514286,1,1,2,86.3264035714,73.5189848571,25.6736392857,28.1428571429,1318.0,,,,,40317,2022-06-05
1654992000000,202224,1849.0,1849,1849,1849,1.2721e-06,68.82274,0,4,230440020222419684,2023-11-23,Fortaleza,72.0,0.8615248,2686612.0,24.5714285714,88.0238194286,1,0,2,76.6857224286,61.453564,26.7678568571,29.7142857143,1218.0,,,,,40317,2022-06-12
1655596800000,202225,1710.0,1710,1710,1710,0.0,63.648937,0,4,230440020222519684,2023-11-23,Fortaleza,80.0,0.8087364,2686612.0,24.0,92.5980342857,1,0,2,80.5667957143,66.0244368571,26.1071431429,28.7142857143,961.0,,,,,40317,2022-06-19
1656201600000,202226,1538.0,1538,1538,1538,0.0,57.246822,0,4,230440020222619684,2023-11-23,Fortaleza,75.0,0.8009363,2686612.0,24.4285714286,93.4826185714,1,0,2,78.6128784286,60.8960234286,26.8571428571,30.1428571429,715.0,,,,,40317,2022-06-26
1656806400000,202227,938.0,938,938,938,0.0,34.91386,0,2,230440020222719684,2023-11-23,Fortaleza,98.0,0.5562224,2686612.0,22.8571428571,93.41572,1,0,1,80.60768,65.0953854286,25.5698054286,28.5714285714,478.0,,,,,40317,2022-07-03
1657411200000,202228,747.0,747,747,747,0.0,27.804537,0,2,230440020222819684,2023-11-23,Fortaleza,63.0,0.5317005,2686612.0,24.5714285714,87.9260408571,1,0,1,77.2674492857,61.162032,26.5952382857,29.2857142857,382.0,,,,,40317,2022-07-10
1658016000000,202229,816.0,816,816,816,1.8e-09,30.372826,0,2,230440020222919684,2023-11-23,Fortaleza,47.0,0.7611966,2686612.0,24.1428571429,90.3184265714,1,0,1,76.401962,62.2905298571,26.5103175714,29.2857142857,433.0,,,,,40317,2022-07-17
1658620800000,202230,735.0,735,735,735,0.0015246652,27.357876,0,1,230440020223019684,2023-11-23,Fortaleza,13.0,0.8616876,2686612.0,24.4285714286,86.5652922857,0,0,1,73.802012,54.6859028571,26.9189775714,30.2857142857,449.0,,,,,40317,2022-07-24
1659225600000,202231,859.0,859,859,859,0.9595066,31.973354,0,1,230440020223119684,2023-11-23,Fortaleza,25.0,1.0898151,2686612.0,24.0,90.3805802857,1,1,1,80.18555,65.4887371429,26.0837304286,28.8571428571,515.0,,,,,40317,2022-07-31
1659830400000,202232,605.0,605,605,605,2.0535e-06,22.519068,0,1,230440020223219684,2023-11-23,Fortaleza,23.0,0.77975494,2686612.0,24.2857142857,87.246134,1,0,1,74.9370078571,58.164465,26.9285714286,30.0,323.0,,,,,40317,2022-08-07
1660435200000,202233,568.0,568,568,568,4.886e-07,21.141869,0,1,230440020223319684,2023-11-23,Fortaleza,24.0,0.7623198,2686612.0,23.2857142857,82.7117668571,0,0,1,70.1304648571,50.9580555714,26.3239011429,29.5714285714,331.0,,,,,40317,2022-08-14
1661040000000,202234,473.0,473,473,473,2.53e-08,17.605818,0,1,230440020223419684,2023-11-23,Fortaleza,20.0,0.7214863,2686612.0,24.0,84.2740011429,0,0,1,71.6180652857,50.9563738571,26.7069598571,30.1428571429,297.0,,,,,40317,2022-08-21
1661644800000,202235,442.0,442,442,442,8.32482e-05,16.451948,0,1,230440020223519684,2023-11-23,Fortaleza,0.0,0.7878035,2686612.0,24.1428571429,82.1782514286,0,0,1,71.8595151429,55.802585,26.5693725714,29.4285714286,228.0,,,,,40317,2022-08-28
1662249600000,202236,451.0,451,451,451,0.08075616,16.786942,0,1,230440020223619684,2023-11-23,Fortaleza,5.0,0.9129349,2686612.0,24.5714285714,80.8026988571,0,0,1,65.8117125714,44.8360584286,27.345238,31.1428571429,192.0,,,,,40317,2022-09-04
1662854400000,202237,398.0,398,398,398,0.025654575,14.814198,0,1,230440020223719684,2023-11-23,Fortaleza,0.0,0.8749829,2686612.0,25.0,85.856362,0,0,1,75.6241244286,64.4444011429,26.6527777143,28.5714285714,167.0,,,,,40317,2022-09-11
1663459200000,202238,360.0,360,360,360,0.0058831996,13.399776,0,1,230440020223819684,2023-11-23,Fortaleza,0.0,0.83574694,2686612.0,25.4285714286,84.2857822857,0,0,1,74.8755998571,61.2212342857,27.0141774286,29.4285714286,161.0,,,,,40317,2022-09-18
1664064000000,202239,260.0,260,260,260,5.77e-08,9.677616,0,1,230440020223919684,2023-11-23,Fortaleza,0.0,0.6580744,2686612.0,25.4285714286,82.2562502857,0,0,1,72.4194042857,58.222506,27.2115388571,29.8571428571,138.0,,,,,40317,2022-09-25
1664668800000,202240,297.0,297,297,297,0.028336681,11.054815,0,1,230440020224019684,2023-11-23,Fortaleza,0.0,0.8602606,2686612.0,25.2857142857,85.8972531429,0,0,1,72.6827,56.107463,27.4350645714,30.4285714286,95.0,,,,,40317,2022-10-02
1665273600000,202241,192.0,192,192,192,9.915e-07,7.1465473,0,1,230440020224119684,2023-11-23,Fortaleza,0.0,0.647308,2686612.0,25.8571428571,80.8942994286,0,0,1,70.853955,52.618701,27.9583334286,31.2857142857,75.0,,,,,40317,2022-10-09
1665878400000,202242,204.0,204,204,204,0.00451311,7.5932064,0,1,230440020224219684,2023-11-23,Fortaleza,0.0,0.784216,2686612.0,25.4285714286,83.7179377143,0,0,1,71.4639482857,54.146758,27.6604557143,30.5714285714,84.0,,,,,40317,2022-10-16
1666483200000,202243,160.0,160,160,160,0.0007117917,5.9554563,0,1,230440020224319684,2023-11-23,Fortaleza,0.0,0.7202345,2686612.0,25.8571428571,82.8818274286,0,0,0,73.2093607143,61.2658278571,27.7103177143,29.8571428571,64.0,,,,,40317,2022-10-23
1667088000000,202244,159.0,159,159,159,0.037200764,5.9182343,0,1,230440020224419684,2023-11-23,Fortaleza,0.0,0.82649416,2686612.0,25.2857142857,85.8723248571,0,0,0,73.2638652857,57.4400791429,27.8417917143,30.8571428571,60.0,,,,,40317,2022-10-30
1667692800000,202245,200.0,200,200,200,0.90934026,7.44432,0,1,230440020224519684,2023-11-23,Fortaleza,0.0,1.148223,2686612.0,25.7142857143,85.8298442857,0,0,1,74.3288985714,62.1810008571,27.5487011429,30.2857142857,86.0,,,,,40317,2022-11-06
1668297600000,202246,254.0,254,254,254,0.99991745,9.454287,0,1,230440020224619684,2023-11-23,Fortaleza,0.0,1.4418694,2686612.0,25.8571428571,82.3532862857,0,1,1,73.3746991429,63.7348662857,27.5571428571,29.2857142857,81.0,,,,,40317,2022-11-13
1668902400000,202247,176.0,176,176,176,0.119188264,6.5510015,0,1,230440020224719684,2023-11-23,Fortaleza,0.0,0.8853405,2686612.0,26.1428571429,81.5417505714,0,0,0,72.6957478571,60.5606511429,27.700397,29.8571428571,59.0,,,,,40317,2022-11-20
1669507200000,202248,173.0,173,173,173,0.026091674,6.439337,0,1,230440020224819684,2023-11-23,Fortaleza,0.0,0.8200062,2686612.0,26.2857142857,81.5147902857,0,0,0,72.4192072857,59.4643968571,27.770238,30.2857142857,61.0,,,,,40317,2022-11-27
1670112000000,202249,118.0,118,118,118,4.03764e-05,4.392149,0,1,230440020224919708,2023-12-17,Fortaleza,0.0,0.63308525,2686612.0,25.7142857143,85.8540868571,0,0,0,73.16359,57.8666952857,27.8820348571,31.0,48.0,,,,,40317,2022-12-04
1670716800000,202250,102.0,102,102,102,0.0005744754,3.7966032,0,1,230440020225019718,2023-12-27,Fortaleza,0.0,0.663512,2686612.0,26.3333333333,82.0990931667,0,0,0,73.1809623333,60.7857986667,28.017045,30.3333333333,38.0,,,,,40317,2022-12-11
1671321600000,202251,98.0,98,98,98,0.030448131,3.647717,0,1,230440020225119718,2023-12-27,Fortaleza,0.0,0.7780268,2686612.0,25.5,81.173031,0,0,0,72.909875,58.690465,27.5625,30.5,28.0,,,,,40317,2022-12-18
1671926400000,202252,140.0,140,140,140,0.9719169,5.2110243,0,1,230440020225219733,2024-01-11,Fortaleza,0.0,1.2739125,2686612.0,25.3333333333,83.490202,0,0,0,75.6661633333,68.9519556667,26.8050506667,28.0,39.0,,,,,40317,2022-12-25
1672531200000,202301,263.0,263,263,263,1.0,9.789281,0,1,230440020230119740,2024-01-18,Fortaleza,0.0,2.1988823,2686612.0,26.0,85.1160938571,0,1,1,74.4659814286,62.0516348571,28.1190474286,30.7142857143,90.0,,,,,14996,2023-01-01
1673136000000,202302,187.0,187,187,187,0.92944044,6.960439,0,1,230440020230219747,2024-01-25,Fortaleza,0.0,1.1713299,2686612.0,26.5714285714,85.1289542857,0,0,1,76.3165211429,65.4517624286,27.9583334286,30.1428571429,57.0,,,,,14996,2023-01-08
1673740800000,202303,255.0,255,255,255,0.99187714,9.4915085,0,1,230440020230319747,2024-01-25,Fortaleza,0.0,1.2522616,2686612.0,26.7142857143,82.3323757143,0,1,1,82.3323757143,82.3323757143,26.7142857143,26.7142857143,94.0,,,,,14996,2023-01-15
1674345600000,202304,270.0,270,270,270,0.98391706,10.049832,0,3,230440020230419752,2024-01-30,Fortaleza,0.0,1.2133083,2686612.0,26.7142857143,83.075269,0,1,1,83.075269,83.075269,26.7142857143,26.7142857143,108.0,,,,,14996,2023-01-22
1674950400000,202305,265.0,265,265,265,0.8525471,9.863725,0,1,230440020230519759,2024-02-06,Fortaleza,0.0,1.0975267,2686612.0,26.5714285714,84.5405547143,0,0,1,80.2642725714,75.7676025714,27.4464285714,28.2857142857,116.0,,,,,14996,2023-01-29
1675555200000,202306,312.0,312,312,312,0.98232967,12.017763,0,1,230440020230619768,2024-02-15,Fortaleza,0.0,1.1923636,2596157.0,27.5714285714,80.2949991429,0,1,1,79.9473411429,79.5996832857,27.5714285714,27.5714285714,122.0,,,,,14996,2023-02-05
1676160000000,202307,350.0,350,350,350,0.99736804,13.481465,0,3,230440020230719773,2024-02-20,Fortaleza,0.0,1.2496636,2596157.0,27.2,84.4666862,0,1,1,83.6242122,82.7817414,27.2,27.2,141.0,,,,,14996,2023-02-12
1676764800000,202308,506.0,506,506,506,1.0,19.490347,0,3,230440020230819780,2024-02-27,Fortaleza,0.0,1.5995725,2596157.0,25.2916666667,91.3647552083,1,1,1,82.8142120417,71.8143407917,27.0225694167,29.375,208.0,,,,,14996,2023-02-19
1677369600000,202309,713.0,713,713,713,1.0,27.46367,0,3,230440020230919786,2024-03-04,Fortaleza,0.0,1.8207539,2596157.0,26.9130434783,85.0126223478,0,1,1,83.7531966957,82.5229054783,27.0289853913,27.2608695652,242.0,,,,,14996,2023-02-26
1677974400000,202310,760.0,760,760,760,1.0,29.274038,0,3,230440020231019794,2024-03-12,Fortaleza,0.0,1.466703,2596157.0,27.7,82.33815965,0,1,1,81.3592934,80.3804283,27.85,28.0,268.0,,,,,14996,2023-03-05
1678579200000,202311,783.0,783,783,783,0.9996783,30.159964,0,3,230440020231119800,2024-03-18,Fortaleza,0.0,1.1976687,2596157.0,26.1818181818,89.9016550909,1,1,1,88.4880111818,87.0743696818,26.3181818182,26.4545454545,256.0,,,,,14996,2023-03-12
1679184000000,202312,730.0,730,730,730,0.4609233,28.118484,0,1,230440020231219808,2024-03-26,Fortaleza,0.0,0.994886,2596157.0,24.2307692308,94.21723,1,0,1,81.7898036154,67.3970634615,26.8653849231,29.8461538462,211.0,,,,,14996,2023-03-19
1679788800000,202313,583.0,583,583,583,4.1325e-06,22.456268,0,2,230440020231319814,2024-04-01,Fortaleza,0.0,0.78231484,2596157.0,25.4583333333,91.7764849167,1,0,1,86.9498855,80.2670434167,26.2881945,27.375,205.0,,,,,14996,2023-03-26
1680393600000,202314,414.0,414,414,414,0.0,15.946648,0,2,230440020231419821,2024-04-08,Fortaleza,0.0,0.6014139,2596157.0,24.1428571429,96.6925528571,1,0,1,87.0079291429,69.7779632857,26.2976191429,29.5714285714,122.0,,,,,14996,2023-04-02
1680998400000,202315,467.0,467,467,467,0.0002263005,17.988127,0,2,230440020231519827,2024-04-14,Fortaleza,0.0,0.80468535,2596157.0,24.4285714286,95.0448171429,1,0,1,84.8817374286,69.1412817143,26.7797617143,30.1428571429,166.0,,,,,14996,2023-04-09
1681603200000,202316,458.0,458,458,458,0.17306688,17.64146,0,2,230440020231619835,2024-04-22,Fortaleza,0.0,0.94055694,2596157.0,25.2857142857,94.2747964286,1,0,1,82.1057221429,66.4866514286,27.7678571429,30.5714285714,153.0,,,,,14996,2023-04-16
1682208000000,202317,391.0,391,391,391,0.016021218,15.060722,0,2,230440020231719841,2024-04-28,Fortaleza,0.0,0.86269116,2596157.0,25.1428571429,93.5346714286,1,0,1,81.4073677143,67.7129744286,27.2559525714,30.2857142857,114.0,,,,,14996,2023-04-23
1682812800000,202318,447.0,447,447,447,0.599547,17.217756,0,1,230440020231819848,2024-05-05,Fortaleza,0.0,1.0170758,2596157.0,27.1,86.5953904,0,0,1,85.6935366,85.5005954,27.2333332,27.3,187.0,,,,,14996,2023-04-30
1683417600000,202319,417.0,417,417,417,0.39646262,16.062202,0,1,230440020231919855,2024-05-12,Fortaleza,0.0,0.98207337,2596157.0,27.4,84.7532768,0,0,1,80.4507546,74.7840691,28.0,29.0,202.0,,,,,14996,2023-05-07
1684022400000,202320,342.0,342,342,342,0.002550095,13.173317,0,1,230440020232019862,2024-05-19,Fortaleza,0.0,0.81592095,2596157.0,26.76,88.68801024,1,0,1,82.12363944,74.66627164,27.94,29.12,151.0,,,,,14996,2023-05-14
1684627200000,202321,399.0,399,399,399,0.45749497,15.36887,0,1,230440020232119869,2024-05-26,Fortaleza,0.0,0.9924889,2596157.0,25.5714285714,91.8974085714,1,0,1,82.9635585714,72.0462855714,27.5059522857,29.5714285714,202.0,,,,,14996,2023-05-21
1685232000000,202322,363.0,363,363,363,0.27333152,13.982205,0,1,230440020232219876,2024-06-02,Fortaleza,0.0,0.9567388,2596157.0,27.4090909091,84.7404584545,0,0,1,83.4187548182,82.4098184545,27.4772727273,27.5454545455,178.0,,,,,14996,2023-05-28
1685836800000,202323,344.0,344,344,344,0.14013372,13.250354,0,2,230440020232319884,2024-06-10,Fortaleza,,0.9225278,2596157.0,25.5532142857,87.7083142857,1,0,1,80.4054857143,67.4700857143,27.2109714286,29.3955,167.0,,,,,14996,2023-06-04
1686441600000,202324,316.0,316,316,316,0.03839012,12.171837,0,2,230440020232419884,2024-06-10,Fortaleza,,0.87284416,2596157.0,25.0245857143,89.0059857143,1,0,1,80.5530428571,66.7357571429,26.8701142857,29.0751714286,152.0,,,,,14996,2023-06-11
1687046400000,202325,309.0,309,309,309,0.10223515,11.902207,0,1,230440020232519898,2024-06-24,Fortaleza,0.0,0.9052769,2596157.0,26.8421052632,83.7576492105,0,0,1,83.1661505789,82.7415512105,26.9122806316,27.0526315789,143.0,,,,,14996,2023-06-18
1687651200000,202326,252.0,252,252,252,0.0024557181,9.706655,0,1,230440020232619904,2024-06-30,Fortaleza,0.0,0.7897414,2596157.0,26.2105263158,83.4131688421,0,0,1,81.7296067368,80.0558203158,26.4999998947,26.7368421053,99.0,,,,,14996,2023-06-25
1688256000000,202327,313.0,313,313,313,0.73024046,12.056282,0,1,230440020232719913,2024-07-09,Fortaleza,0.0,1.0508741,2596157.0,26.35,86.2808227,0,0,1,83.0783313,79.5610931,26.675,27.0,126.0,,,,,14996,2023-07-02
1688860800000,202328,302.0,302,302,302,0.7457579,11.632579,0,2,230440020232819919,2024-07-15,Fortaleza,,1.0560201,2596157.0,24.8787857143,87.07,1,0,1,77.6416142857,61.6620142857,26.7830142857,29.3930571429,155.0,,,,,14996,2023-07-09
1689465600000,202329,244.0,244,244,244,0.022602735,9.398507,0,1,230440020232919928,2024-07-24,Fortaleza,,0.8407277,2596157.0,24.7280142857,81.8955428571,0,0,1,70.5572571429,52.9412285714,27.0278,29.7146428571,118.0,,,,,14996,2023-07-16
1690070400000,202330,203.0,203,203,203,0.0001810718,7.8192496,0,1,230440020233019933,2024-07-29,Fortaleza,,0.72181267,2596157.0,24.7261571429,83.6826428571,0,0,1,71.8198285714,53.4169285714,27.0679285714,30.0413857143,103.0,,,,,14996,2023-07-23
1690675200000,202331,230.0,230,230,230,0.18026046,8.859248,0,1,230440020233119941,2024-08-06,Fortaleza,,0.91995263,2596157.0,24.9856428571,85.3847285714,0,0,1,73.5450714286,53.3074285714,27.0552,30.1329142857,94.0,,,,,14996,2023-07-30
1691280000000,202332,191.0,191,191,191,0.053799525,7.357028,0,1,230440020233219948,2024-08-13,Fortaleza,,0.8537522,2596157.0,24.7979714286,84.3689714286,0,0,1,73.7571857143,54.8122285714,26.9156571429,29.7816571429,76.0,,,,,14996,2023-08-06
1691884800000,202333,179.0,179,179,179,0.05068797,6.8948064,0,1,230440020233319955,2024-08-20,Fortaleza,,0.84708846,2596157.0,24.6112428571,83.1656285714,0,0,1,71.2544857143,52.9888857143,26.8464,29.8522428571,85.0,,,,,14996,2023-08-13
1692489600000,202334,217.0,217,217,217,0.81203735,8.358508,0,1,230440020233419962,2024-08-27,Fortaleza,,1.090658,2596157.0,24.9757571429,85.0800714286,0,0,1,76.7486428571,62.2910285714,26.7451428571,29.2044428571,112.0,,,,,14996,2023-08-20
1693094400000,202335,201.0,201,201,201,0.6313534,7.742213,0,1,230440020233519969,2024-09-03,Fortaleza,,1.0342826,2596157.0,25.2302857143,86.596,0,0,1,76.5039142857,60.7723714286,26.9635571429,29.5744428571,92.0,,,,,14996,2023-08-27
1693699200000,202336,208.0,208,208,208,0.63347375,8.011842,0,1,230440020233619978,2024-09-12,Fortaleza,,1.0342671,2596157.0,25.0007571429,82.2468142857,0,0,1,71.6838571429,50.8919142857,27.1385285714,30.1451,79.0,,,,,14996,2023-09-03
1694304000000,202337,168.0,168,168,168,0.03573268,6.471103,0,1,230440020233719983,2024-09-17,Fortaleza,,0.8290671,2596157.0,25.0784857143,83.2024,0,0,0,73.2693142857,55.4258571429,27.0606285714,29.8577571429,66.0,,,,,14996,2023-09-10
1694908800000,202338,169.0,169,169,169,0.095017225,6.5096216,0,1,230440020233819989,2024-09-23,Fortaleza,,0.87146235,2596157.0,25.3625857143,83.6263857143,0,0,0,73.1797285714,55.4167428571,27.2870428571,30.2112285714,38.0,,,,,14996,2023-09-17
1695513600000,202339,146.0,146,146,146,0.037560157,5.623697,0,1,230440020233919997,2024-10-01,Fortaleza,,0.82038105,2596157.0,25.4567285714,84.3451714286,0,0,0,74.7017857143,59.1700285714,27.0865285714,29.6576285714,43.0,,,,,14996,2023-09-24
1696118400000,202340,174.0,174,174,174,0.6888137,6.7022142,0,1,230440020234020004,2024-10-08,Fortaleza,,1.054899,2596157.0,25.8870857143,81.9650714286,0,0,1,73.0123857143,57.8764,27.3563714286,29.8938142857,58.0,,,,,14996,2023-10-01
1696723200000,202341,139.0,139,139,139,0.12559131,5.354068,0,1,230440020234120011,2024-10-15,Fortaleza,,0.87550336,2596157.0,25.8240714286,83.5840571429,0,0,0,75.4515,61.2346857143,27.3285428571,29.7803571429,37.0,,,,,14996,2023-10-08
1697328000000,202342,137.0,137,137,137,0.13712144,5.2770305,0,1,230440020234220018,2024-10-22,Fortaleza,,0.8800581,2596157.0,25.8523285714,81.7476,0,0,0,73.7511285714,58.2523428571,27.1875428571,29.6830857143,31.0,,,,,14996,2023-10-15
1697932800000,202343,118.0,118,118,118,0.04345709,4.54518,0,1,230440020234320026,2024-10-30,Fortaleza,,0.80970955,2596157.0,25.6086571429,83.2198857143,0,0,0,75.1556714286,61.9777857143,27.1238571429,29.4365857143,36.0,,,,,14996,2023-10-22
1698537600000,202344,118.0,118,118,118,0.16711347,4.54518,0,1,230440020234420032,2024-11-05,Fortaleza,,0.8853751,2596157.0,26.0779,83.7596142857,0,0,0,74.7214285714,60.4526142857,27.5715,29.9492857143,29.0,,,,,14996,2023-10-29
1699142400000,202345,108.0,108,108,108,0.16281383,4.159995,0,1,230440020234520038,2024-11-11,Fortaleza,,0.8787316,2596157.0,26.2291714286,80.8084285714,0,0,0,72.8426,59.2149,27.6618428571,29.9072,25.0,,,,,14996,2023-11-05
1699747200000,202346,87.0,87,87,87,0.02594922,3.3511071,0,1,230440020234620046,2024-11-19,Fortaleza,,0.7598646,2596157.0,26.2086857143,81.7506571429,0,0,0,73.6239714286,61.0625714286,27.7914857143,30.1008428571,27.0,,,,,14996,2023-11-12
1700352000000,202347,120.0,120,120,120,0.82170916,4.6222167,0,1,230440020234720055,2024-11-28,Fortaleza,,1.1303092,2596157.0,26.0570428571,83.1871714286,0,0,0,70.9302285714,53.6985142857,28.0311714286,31.3003571429,31.0,,,,,14996,2023-11-19
1700956800000,202348,99.0,99,99,99,0.41235006,3.8133287,0,1,230440020234820059,2024-12-02,Fortaleza,,0.9693068,2596157.0,25.3601571429,85.3865857143,0,0,0,74.7915142857,58.9348285714,27.1316142857,30.0711428571,31.0,,,,,14996,2023-11-26
1701561600000,202349,96.0,96,96,96,0.27526376,3.6977732,0,1,230440020234920066,2024-12-09,Fortaleza,,0.919252,2596157.0,25.8696285714,84.6777857143,0,0,0,72.8869285714,54.4661285714,27.907,31.3259,35.0,,,,,14996,2023-12-03
1702166400000,202350,72.0,72,72,72,0.013755276,2.77333,0,1,230440020235020073,2024-12-16,Fortaleza,,0.7140014,2596157.0,26.1220285714,81.8280714286,0,0,0,69.4611,49.5906857143,28.1662571429,31.6457428571,26.0,,,,,14996,2023-12-10
1702771200000,202351,27.0,27,27,27,2.3e-09,1.0399988,0,1,230440020235120080,2024-12-23,Fortaleza,,0.3067752,2596157.0,25.1881857143,89.5862428571,1,0,0,80.2200428571,65.7815,27.1429,29.7867714286,13.0,,,,,14996,2023-12-17
1703376000000,202352,34.0,34,34,34,0.0005559496,1.309628,0,1,230440020235220087,2024-12-30,Fortaleza,,0.51351243,2596157.0,25.6526285714,89.9080714286,1,0,0,80.1219571429,65.7411285714,27.5230571429,30.1725285714,12.0,,,,,14996,2023-12-24
1703980800000,202401,145.0,145,145,145,1.0,5.5851784,0,2,230440020240120095,2025-01-07,Fortaleza,,2.9065628,2596157.0,25.4375142857,89.6568857143,1,0,0,79.4173,65.3315714286,27.4476142857,30.2493142857,16.0,,,,,12445,2023-12-31
1704585600000,202402,137.0,137,137,137,0.99999964,5.2770305,0,1,230440020240220102,2025-01-14,Fortaleza,,2.047649,2596157.0,25.8815428571,86.5428571429,0,0,0,74.7278142857,59.7838571429,28.0134857143,30.8672285714,17.0,,,,,12445,2024-01-07
1705190400000,202403,184.0,184,184,184,0.99996257,7.087399,0,1,230440020240320109,2025-01-21,Fortaleza,,1.5886705,2596157.0,25.8520285714,85.9814857143,0,1,1,73.5593857143,55.1256714286,28.0517857143,31.2447571429,19.0,,,,,12445,2024-01-14
1705795200000,202404,211.0,211,211,211,0.99931175,8.127398,0,3,230440020240420116,2025-01-28,Fortaleza,,1.4030156,2596157.0,26.5559714286,85.3966714286,0,1,1,75.457,62.6598285714,28.3332428571,30.7940857143,44.0,,,,,12445,2024-01-21
1706400000000,202405,275.0,275,275,275,0.99999505,10.59258,0,3,230440020240520122,2025-02-03,Fortaleza,,1.518963,2596157.0,26.3641428571,87.5147857143,1,1,1,75.9815857143,59.0376857143,28.3619285714,31.2040428571,52.0,,,,,12445,2024-01-28
1707004800000,202406,262.0,262,262,262,0.97901434,10.09184,0,3,230440020240620130,2025-02-11,Fortaleza,,1.2044095,2596157.0,25.7857142857,88.5176142857,1,1,1,78.3011571429,63.5530428571,27.8377714286,30.4632,47.0,,,,,12445,2024-02-04
1707609600000,202407,336.0,336,336,336,0.99970233,12.942206,0,3,230440020240720137,2025-02-18,Fortaleza,,1.3287274,2596157.0,24.9973428571,92.0661571429,1,1,1,83.7216428571,72.6342571429,27.0649571429,29.3757857143,35.0,,,,,12445,2024-02-11
1708214400000,202408,449.0,449,449,449,1.0,17.294794,0,3,230440020240820145,2025-02-26,Fortaleza,,1.554519,2596157.0,24.6576428571,94.9126142857,1,1,1,88.2222857143,79.2990571429,26.1685571429,28.0199,64.0,,,,,12445,2024-02-18
1708819200000,202409,562.0,562,562,562,1.0,21.64738,0,3,230440020240920153,2025-03-06,Fortaleza,,1.5955204,2596157.0,24.7347142857,94.0105428571,1,1,1,85.5646,76.0527714286,26.6136571429,28.794,113.0,,,,,12445,2024-02-25
1709424000000,202410,643.0,643,643,643,1.0,24.767378,0,3,230440020241020157,2025-03-10,Fortaleza,,1.4400126,2596157.0,24.9998,92.8041285714,1,1,1,86.1271142857,78.5725285714,26.7316428571,28.6962571429,120.0,,,,,12445,2024-03-03
1710028800000,202411,617.0,617,617,617,0.98720104,23.765898,0,3,230440020241120165,2025-03-18,Fortaleza,,1.1402925,2596157.0,25.5582857143,92.6594714286,1,1,1,85.6106428571,75.9961714286,27.3498857143,29.6925714286,126.0,,,,,12445,2024-03-10
1710633600000,202412,597.0,597,597,597,0.4677061,22.995527,0,2,230440020241220171,2025-03-24,Fortaleza,,0.99532765,2596157.0,25.1074571429,94.0290857143,1,0,1,86.0844285714,75.5940857143,27.0112857143,29.5342857143,157.0,,,,,12445,2024-03-17
1711238400000,202413,554.0,554,554,554,0.054937597,21.339233,0,2,230440020241320178,2025-03-31,Fortaleza,,0.910465,2596157.0,25.0155428571,93.7712285714,1,0,1,86.8493428571,76.5381714286,26.5588,28.7376142857,150.0,,,,,12445,2024-03-24
1711843200000,202414,786.0,786,786,786,0.99999964,30.275518,0,2,230440020241420188,2025-04-10,Fortaleza,,1.3073404,2596157.0,24.6702428571,95.0402857143,1,1,1,85.9439142857,74.7174285714,26.7441857143,29.1712428571,255.0,,,,,12445,2024-03-31
1712448000000,202415,726.0,726,726,726,0.9950323,27.96441,0,3,230440020241520192,2025-04-14,Fortaleza,,1.1503816,2596157.0,24.8972857143,94.6578571429,1,1,1,87.0187,75.0096571429,26.7406857143,29.3389285714,232.0,,,,,12445,2024-04-07
1713052800000,202416,551.0,551,551,551,4.81078e-05,21.223679,0,2,230440020241620200,2025-04-22,Fortaleza,,0.80076253,2596157.0,24.9911571429,94.5744142857,1,0,1,86.5664428571,76.2026,27.0058142857,29.3946714286,194.0,,,,,12445,2024-04-14
1713657600000,202417,455.0,455,455,455,1e-10,17.525904,0,2,230440020241720206,2025-04-28,Fortaleza,,0.6787467,2596157.0,24.9913,93.6127,1,0,1,84.9509,71.3928571429,26.8258428571,29.2972285714,170.0,,,,,12445,2024-04-21
1714262400000,202418,366.0,366,366,366,0.0,14.09776,0,2,230440020241820213,2025-05-05,Fortaleza,,0.64174694,2596157.0,25.0438285714,93.8955,1,0,1,84.0549428571,72.0282714286,26.9660571429,29.1444857143,142.0,,,,,12445,2024-04-28
1714867200000,202419,330.0,330,330,330,9.27e-07,12.711096,0,2,230440020241920223,2025-05-15,Fortaleza,,0.71123934,2596157.0,25.7903285714,90.3114857143,1,0,1,78.6628285714,61.5792,27.8499571429,30.5740714286,113.0,,,,,12445,2024-05-05
1715472000000,202420,292.0,292,292,292,0.000175191,11.247394,0,2,230440020242020227,2025-05-19,Fortaleza,,0.7588401,2596157.0,25.1590571429,91.9954285714,1,0,1,84.8350142857,73.8932428571,26.9272714286,29.1245,111.0,,,,,12445,2024-05-12
1716076800000,202421,288.0,288,288,288,0.033770125,11.09332,0,2,230440020242120236,2025-05-28,Fortaleza,,0.863508,2596157.0,25.1647285714,89.4689428571,1,0,1,79.9139571429,64.7714428571,27.1240714286,29.6903,119.0,,,,,12445,2024-05-19
1716681600000,202422,191.0,191,191,191,5.567e-07,7.357028,0,2,230440020242220241,2025-06-02,Fortaleza,,0.640524,2596157.0,24.5753857143,92.3084714286,1,0,1,83.8715428571,70.7874428571,26.1531714286,28.4333,76.0,,,,,12445,2024-05-26
1717286400000,202423,222.0,222,222,222,0.030361736,8.551101,0,2,230440020242320248,2025-06-09,Fortaleza,,0.84329194,2596157.0,24.8285428571,89.8402857143,1,0,1,81.3444,69.4173285714,26.6993428571,28.8145285714,111.0,,,,,12445,2024-06-02
1717891200000,202424,236.0,236,236,236,0.6163176,9.09036,0,2,230440020242420255,2025-06-16,Fortaleza,,1.0277741,2596157.0,24.4620142857,87.8086857143,1,0,1,78.4495428571,64.1757857143,26.6765142857,29.3083142857,99.0,,,,,12445,2024-06-09
1718496000000,202425,169.0,169,169,169,0.006350492,6.5096216,0,2,230440020242520262,2025-06-23,Fortaleza,,0.7755874,2596157.0,23.9831285714,87.6322571429,1,0,0,78.2237428571,63.1445857143,26.1356857143,28.7374142857,77.0,,,,,12445,2024-06-16
1719100800000,202426,170.0,170,170,170,0.020924417,6.54814,0,2,230440020242620269,2025-06-30,Fortaleza,,0.81119406,2596157.0,24.0490571429,89.457,1,0,0,78.9617285714,60.3248428571,26.3165,29.4256142857,69.0,,,,,12445,2024-06-23
1719705600000,202427,165.0,165,165,165,0.11561448,6.355548,0,1,230440020242720277,2025-07-08,Fortaleza,,0.8802755,2596157.0,24.1752857143,86.8245,0,0,0,75.1258142857,55.1181285714,26.5189142857,29.5842714286,89.0,,,,,12445,2024-06-30
1720310400000,202428,155.0,155,155,155,0.19094792,5.970363,0,1,230440020242820283,2025-07-14,Fortaleza,,0.9077134,2596157.0,23.8170142857,88.0937428571,1,0,0,75.2427,56.9557857143,26.2311571429,29.4699,61.0,,,,,12445,2024-07-07
1720915200000,202429,139.0,139,139,139,0.09049807,5.354068,0,1,230440020242920291,2025-07-22,Fortaleza,,0.85711944,2596157.0,23.3861142857,79.0412142857,0,0,0,64.8215857143,43.6523857143,26.7147571429,30.7932285714,32.0,,,,,12445,2024-07-14
1721520000000,202430,127.0,127,127,127,0.0652562,4.8918457,0,1,230440020243020298,2025-07-29,Fortaleza,,0.8343661,2596157.0,23.2043857143,78.1195571429,0,0,0,63.6158571429,43.5033714286,26.6804,30.6822714286,25.0,,,,,12445,2024-07-21
1722124800000,202431,136.0,136,136,136,0.38822064,5.238512,0,1,230440020243120305,2025-08-05,Fortaleza,,0.96648306,2596157.0,24.1406571429,82.8696,0,0,0,67.3363714286,45.4639428571,26.9521285714,30.8272714286,47.0,,,,,12445,2024-07-28
1722729600000,202432,145.0,145,145,145,0.7421185,5.5851784,0,1,230440020243220312,2025-08-12,Fortaleza,,1.0808058,2596157.0,23.4599571429,80.6795285714,0,0,0,66.4034428571,44.1747571429,26.6737142857,30.6335428571,54.0,,,,,12445,2024-08-04
1723334400000,202433,123.0,123,123,123,0.22844185,4.737772,0,1,230440020243320320,2025-08-20,Fortaleza,,0.91160345,2596157.0,24.0133142857,81.7161857143,0,0,0,67.6520714286,44.4424714286,26.7541428571,30.674,50.0,,,,,12445,2024-08-11
1723939200000,202434,117.0,117,117,117,0.13670066,4.5066614,0,1,230440020243420327,2025-08-27,Fortaleza,,0.8710032,2596157.0,23.9397714286,80.9456571429,0,0,0,68.0922,46.1947428571,26.7508571429,30.6671571429,41.0,,,,,12445,2024-08-18
1724544000000,202435,128.0,128,128,128,0.51746243,4.9303646,0,1,230440020243520332,2025-09-01,Fortaleza,,1.0054867,2596157.0,23.737,80.2882285714,0,0,0,64.8645285714,39.0932,26.8920714286,31.3461714286,56.0,,,,,12445,2024-08-25
1725148800000,202436,96.0,96,96,96,0.044095155,3.6977732,0,1,230440020243620339,2025-09-08,Fortaleza,,0.7931088,2596157.0,23.7948,80.2367571429,0,0,0,65.7765142857,42.1317857143,26.6989714286,30.9275285714,36.0,,,,,12445,2024-09-01
1725753600000,202437,93.0,93,93,93,0.063611895,3.582218,0,1,230440020243720346,2025-09-15,Fortaleza,,0.80920625,2596157.0,24.0892142857,80.3500285714,0,0,0,66.0684714286,42.2500714286,26.9528428571,31.1027428571,36.0,,,,,12445,2024-09-08
1726358400000,202438,96.0,96,96,96,0.28919443,3.6977732,0,1,230440020243820353,2025-09-22,Fortaleza,,0.92451,2596157.0,24.1729142857,81.4109857143,0,0,0,67.2945857143,42.7895857143,26.9936857143,31.2788857143,35.0,,,,,12445,2024-09-15
1726963200000,202439,92.0,92,92,92,0.38573506,3.5436995,0,1,230440020243920363,2025-10-02,Fortaleza,,0.95860064,2596157.0,24.6138285714,81.8137714286,0,0,0,69.9068,47.8067,26.8899857143,30.8406,40.0,,,,,12445,2024-09-22
1727568000000,202440,67.0,67,67,67,0.021439813,2.5807376,0,1,230440020244020367,2025-10-06,Fortaleza,,0.724742,2596157.0,24.7784285714,82.6834142857,0,0,0,70.1453857143,48.8298142857,27.0434142857,30.9573285714,29.0,,,,,12445,2024-09-29
1728172800000,202441,74.0,74,74,74,0.17845617,2.8503668,0,1,230440020244120375,2025-10-14,Fortaleza,,0.864454,2596157.0,24.7637714286,84.6022,0,0,0,71.5311428571,50.9257428571,26.9227285714,30.6118857143,38.0,,,,,12445,2024-10-06
1728777600000,202442,64.0,64,64,64,0.1551496,2.4651823,0,1,230440020244220381,2025-10-20,Fortaleza,,0.8425484,2596157.0,25.1879857143,82.7410857143,0,0,0,70.7104,51.2530571429,27.2172857143,30.8099857143,31.0,,,,,12445,2024-10-13
1729382400000,202443,89.0,89,89,89,0.91806364,3.428144,0,1,230440020244320389,2025-10-28,Fortaleza,,1.2459698,2596157.0,25.0575571429,81.1263285714,0,0,0,69.5292285714,51.8372714286,27.0171142857,30.2330285714,34.0,,,,,12445,2024-10-20
1729987200000,202444,90.0,90,90,90,0.896924,3.4666624,0,1,230440020244420395,2025-11-03,Fortaleza,,1.2183429,2596157.0,24.9967714286,83.9632285714,0,0,0,71.6940142857,53.3194428571,27.0724571429,30.4418571429,20.0,,,,,12445,2024-10-27
1730592000000,202445,92.0,92,92,92,0.77544546,3.5436995,0,1,230440020244520403,2025-11-11,Fortaleza,,1.1213871,2596157.0,25.1966,83.0970714286,0,0,0,70.9280714286,50.9969857143,27.2497714286,30.7582285714,30.0,,,,,12445,2024-11-03
1731196800000,202446,104.0,104,104,104,0.858684,4.005921,0,1,230440020244620410,2025-11-18,Fortaleza,,1.1671093,2596157.0,25.0917142857,83.7115857143,0,0,0,70.4898428571,49.7486142857,27.3629714286,31.1868428571,29.0,,,,,12445,2024-11-10
1731801600000,202447,126.0,126,126,126,0.9799691,4.8533273,0,1,230440020244720418,2025-11-26,Fortaleza,,1.3187268,2596157.0,25.5240285714,85.1318142857,0,0,0,72.0539571429,51.1991,27.6488142857,31.3945714286,58.0,,,,,12445,2024-11-17
1732406400000,202448,99.0,99,99,99,0.34075865,3.8133287,0,1,230440020244820424,2025-12-02,Fortaleza,,0.9442329,2596157.0,25.5736,84.0748142857,0,0,0,70.8234285714,49.9555,27.7476,31.3146285714,34.0,,,,,12445,2024-11-24
1733011200000,202449,85.0,85,85,85,0.03980073,3.27407,0,1,230440020244920431,2025-12-09,Fortaleza,,0.77729166,2596157.0,25.1499714286,87.5680714286,1,0,0,76.2119857143,58.8761428571,27.1336,30.1841428571,23.0,,,,,12445,2024-12-01
1733616000000,202450,82.0,82,82,82,0.07517212,3.1585147,0,1,230440020245020437,2025-12-15,Fortaleza,,0.80854523,2596157.0,25.3624142857,85.7701428571,0,0,0,75.8925714286,59.0954571429,27.2722714286,30.2812,15.0,,,,,12445,2024-12-08
1734220800000,202451,65.0,65,65,65,0.027219633,2.5037007,0,1,230440020245120437,2025-12-15,Fortaleza,,0.732522,2596157.0,25.2209571429,89.8388714286,1,0,0,78.2716285714,61.2195857143,27.4643,30.6846285714,27.0,,,,,12445,2024-12-15
1734825600000,202452,42.0,42,42,42,0.0005494878,1.6177758,0,1,230440020245220437,2025-12-15,Fortaleza,,0.54370296,2596157.0,25.6462,86.9140285714,0,0,0,75.0535285714,57.0290571429,27.7725428571,31.0199285714,5.0,,,,,12445,2024-12-22
