data_iniSE,SE,casos_est,casos_est_min,casos_est_max,casos,p_rt1,p_inc100k,Localidade_id,nivel,id,versao_modelo,municipio_nome,tweet,Rt,pop,tempmin,umidmax,receptivo,transmissao,nivel_inc,umidmed,umidmin,tempmed,tempmax,casprov,casprov_est,casprov_est_min,casprov_est_max,casconf,notif_accum_year,date
1262476800000,201001,30.0,30,30.0,30,0.0,0.44458836,0,1,330455720100119589,2023-08-20,Rio de Janeiro,0.0,0.0,6747815.0,25.1428571429,89.7142857143,1,0,0,71.6878768571,45.8571428571,28.7143218571,33.4285714286,26.0,,,,,4717,2010-01-03
1263081600000,201002,44.0,44,44.0,44,0.0,0.65206295,0,1,330455720100219589,2023-08-20,Rio de Janeiro,0.0,0.0,6747815.0,24.4285714286,90.5714285714,1,0,0,68.7718511429,40.8571428571,29.0219465714,34.5714285714,32.0,,,,,4717,2010-01-10
1263686400000,201003,46.0,46,46.0,46,0.0,0.68170214,0,2,330455720100319589,2023-08-20,Rio de Janeiro,0.0,0.0,6747815.0,23.8571428571,89.2857142857,1,0,0,70.1015372857,37.8571428571,28.3440917143,34.5714285714,35.0,,,,,4717,2010-01-17
1264291200000,201004,47.0,47,47.0,47,0.0,0.69652176,0,2,330455720100419589,2023-08-20,Rio de Janeiro,0.0,0.0,6747815.0,23.7142857143,89.8571428571,1,0,0,71.2741272857,42.8571428571,27.82251,33.4285714286,39.0,,,,,4717,2010-01-24
1264896000000,201005,68.0,68,68.0,68,0.0,1.0077336,0,2,330455720100519589,2023-08-20,Rio de Janeiro,0.0,0.0,6747815.0,25.1428571429,84.8571428571,1,0,0,62.2182282857,33.5714285714,29.93503,36.4285714286,50.0,,,,,4717,2010-01-31
1265500800000,201006,56.0,56,56.0,56,0.65525025,0.8298983,0,2,330455720100619589,2023-08-20,Rio de Janeiro,0.0,1.0796845,6747815.0,24.7142857143,84.2857142857,1,0,0,60.0581467143,28.7142857143,30.0842164286,36.8571428571,40.0,,,,,4717,2010-02-07
1266105600000,201007,66.0,66,66.0,66,0.7559909,0.9780944,0,2,330455720100719589,2023-08-20,Rio de Janeiro,0.0,1.1321325,6747815.0,24.5714285714,87.1428571429,1,0,0,66.9845861429,38.2857142857,28.5630474286,34.2857142857,59.0,,,,,4717,2010-02-14
1266710400000,201008,74.0,74,74.0,74,0.85931486,1.0966513,0,2,330455720100819589,2023-08-20,Rio de Janeiro,0.0,1.2031044,6747815.0,23.5714285714,89.4285714286,1,0,0,69.6163411429,44.1428571429,27.7363575714,33.0,63.0,,,,,4717,2010-02-21
1267315200000,201009,95.0,95,95.0,95,0.98707044,1.4078631,0,2,330455720100919589,2023-08-20,Rio de Janeiro,0.0,1.4221252,6747815.0,21.5714285714,93.1428571429,1,0,0,85.098077,68.7142857143,23.4484352857,26.4285714286,73.0,,,,,4717,2010-02-28
1267920000000,201010,74.0,74,74.0,74,0.44119805,1.0966513,0,2,330455720101019589,2023-08-20,Rio de Janeiro,0.0,0.9761816,6747815.0,23.5714285714,91.0,1,0,0,70.6293854286,42.5714285714,27.7837714286,34.0,66.0,,,,,4717,2010-03-07
1268524800000,201011,66.0,66,66.0,66,0.105780214,0.9780944,0,2,330455720101119589,2023-08-20,Rio de Janeiro,0.0,0.81385684,6747815.0,22.5714285714,95.1428571429,1,0,0,77.8115477143,52.5714285714,26.2812981429,31.1428571429,64.0,,,,,4717,2010-03-14
1269129600000,201012,101.0,101,101.0,101,0.9561174,1.4967808,0,2,330455720101219589,2023-08-20,Rio de Janeiro,0.0,1.2911055,6747815.0,23.5714285714,91.8571428571,1,0,0,72.2825791429,44.4285714286,27.7732617143,33.1428571429,87.0,,,,,4717,2010-03-21
1269734400000,201013,84.0,84,84.0,84,0.6622114,1.2448474,0,2,330455720101319589,2023-08-20,Rio de Janeiro,0.0,1.0676656,6747815.0,23.1428571429,94.8571428571,1,0,0,78.0739482857,53.7142857143,26.4759311429,31.1428571429,71.0,,,,,4717,2010-03-28
1270339200000,201014,78.0,78,78.0,78,0.28530085,1.1559297,0,1,330455720101419589,2023-08-20,Rio de Janeiro,0.0,0.915209,6747815.0,20.0,95.7142857143,0,0,0,83.6164134286,61.7142857143,22.3579805714,26.0,63.0,,,,,4717,2010-04-04
1270944000000,201015,82.0,82,82.0,82,0.40335518,1.2152082,0,1,330455720101519589,2023-08-20,Rio de Janeiro,0.0,0.9629459,6747815.0,19.7142857143,93.2857142857,0,0,0,74.9564522857,44.4285714286,23.923137,29.0,70.0,,,,,4717,2010-04-11
1271548800000,201016,92.0,92,92.0,92,0.776237,1.3634043,0,1,330455720101619589,2023-08-20,Rio de Janeiro,0.0,1.1218494,6747815.0,22.4285714286,92.4285714286,1,0,0,72.1409014286,42.8571428571,26.6441378571,31.8571428571,83.0,,,,,4717,2010-04-18
1272153600000,201017,121.0,121,121.0,121,0.9936365,1.7931731,0,1,330455720101719589,2023-08-20,Rio de Janeiro,0.0,1.41731,6747815.0,21.0,93.2857142857,0,0,0,76.4792634286,51.7142857143,24.3545712857,28.4285714286,110.0,,,,,4717,2010-04-25
1272758400000,201018,137.0,137,137.0,137,0.9948802,2.0302868,0,1,330455720101819589,2023-08-20,Rio de Janeiro,0.0,1.4005789,6747815.0,20.7142857143,92.2857142857,0,0,0,71.5554257143,38.4285714286,25.2672824286,31.1428571429,122.0,,,,,4717,2010-05-02
1273363200000,201019,115.0,115,115.0,115,0.50852776,1.7042553,0,1,330455720101919589,2023-08-20,Rio de Janeiro,0.0,1.00282,6747815.0,18.4285714286,93.4285714286,0,0,0,77.0390437143,50.2857142857,21.6047834286,25.5714285714,94.0,,,,,4717,2010-05-09
1273968000000,201020,124.0,124,124.0,124,0.5051733,1.837632,0,1,330455720102019589,2023-08-20,Rio de Janeiro,0.0,1.0016462,6747815.0,19.1428571429,92.2857142857,0,0,0,75.6852551429,53.4285714286,22.5766078571,26.1428571429,99.0,,,,,4717,2010-05-16
1274572800000,201021,103.0,103,103.0,103,0.10737112,1.52642,0,1,330455720102119589,2023-08-20,Rio de Janeiro,0.0,0.84741914,6747815.0,18.8571428571,94.0,0,0,0,78.0134351429,54.5714285714,22.1925432857,26.1428571429,88.0,,,,,4717,2010-05-23
1275177600000,201022,86.0,86,86.0,86,0.02064275,1.2744867,0,1,330455720102219589,2023-08-20,Rio de Janeiro,0.0,0.7490824,6747815.0,17.4285714286,91.4285714286,0,0,0,75.5265737143,53.1428571429,20.9447915714,24.8571428571,76.0,,,,,4717,2010-05-30
1275782400000,201023,55.0,55,55.0,55,8.16208e-05,0.8150787,0,1,330455720102319589,2023-08-20,Rio de Janeiro,0.0,0.5407698,6747815.0,15.8571428571,92.2857142857,0,0,0,72.7014482857,41.1428571429,19.5463551429,23.7142857143,46.0,,,,,4717,2010-06-06
1276387200000,201024,95.0,95,95.0,95,0.77503586,1.4078631,0,1,330455720102419589,2023-08-20,Rio de Janeiro,0.0,1.1190609,6747815.0,14.8571428571,93.2857142857,0,0,0,73.8321825714,38.1428571429,19.855121,26.4285714286,77.0,,,,,4717,2010-06-13
1276992000000,201025,79.0,79,79.0,79,0.5913628,1.1707493,0,1,330455720102519589,2023-08-20,Rio de Janeiro,0.0,1.0376983,6747815.0,16.8571428571,94.0,0,0,0,77.6903727143,49.0,20.9768768571,26.1428571429,64.0,,,,,4717,2010-06-20
1277596800000,201026,86.0,86,86.0,86,0.6773546,1.2744867,0,1,330455720102619589,2023-08-20,Rio de Janeiro,0.0,1.073882,6747815.0,17.1428571429,94.8571428571,0,0,0,77.3637797143,47.1428571429,20.9634187143,26.4285714286,71.0,,,,,4717,2010-06-27
1278201600000,201027,100.0,100,100.0,100,0.88040805,1.4819613,0,1,330455720102719589,2023-08-20,Rio de Janeiro,0.0,1.189388,6747815.0,16.5714285714,93.7142857143,0,0,0,72.7112228571,41.4285714286,21.5186797143,27.2857142857,82.0,,,,,4717,2010-07-04
1278806400000,201028,98.0,98,98.0,98,0.7619569,1.452322,0,1,330455720102819589,2023-08-20,Rio de Janeiro,0.0,1.1098846,6747815.0,19.4285714286,93.1428571429,0,0,0,79.5913175714,57.7142857143,22.1165352857,26.0,74.0,,,,,4717,2010-07-11
1279411200000,201029,90.0,90,90.0,90,0.3846238,1.333765,0,1,330455720102919589,2023-08-20,Rio de Janeiro,0.0,0.9577542,6747815.0,18.2857142857,90.5714285714,0,0,0,73.1109654286,45.5714285714,22.1065281429,27.0,63.0,,,,,4717,2010-07-18
1280016000000,201030,122.0,122,122.0,122,0.9571557,1.8079927,0,1,330455720103019589,2023-08-20,Rio de Janeiro,0.0,1.2621062,6747815.0,18.0,91.4285714286,0,0,0,70.714088,38.7142857143,22.4541952857,28.2857142857,102.0,,,,,4717,2010-07-25
1280620800000,201031,129.0,129,129.0,129,0.9632043,1.9117299,0,1,330455720103119589,2023-08-20,Rio de Janeiro,0.0,1.2660197,6747815.0,18.1428571429,91.0,0,0,0,75.2904438571,51.4285714286,21.1851608571,25.5714285714,97.0,,,,,4717,2010-08-01
1281225600000,201032,107.0,107,107.0,107,0.33809465,1.5856985,0,1,330455720103219589,2023-08-20,Rio de Janeiro,0.0,0.9453507,6747815.0,17.0,86.7142857143,0,0,0,68.2476962857,41.1428571429,20.8647751429,25.4285714286,84.0,,,,,4717,2010-08-08
1281830400000,201033,77.0,77,77.0,77,0.0022181661,1.1411102,0,1,330455720103319589,2023-08-20,Rio de Janeiro,0.0,0.6618579,6747815.0,14.1428571429,89.7142857143,0,0,0,69.1963331429,37.7142857143,18.4086425714,23.2857142857,55.0,,,,,4717,2010-08-15
1282435200000,201034,90.0,90,90.0,90,0.15036517,1.333765,0,1,330455720103419589,2023-08-20,Rio de Janeiro,0.0,0.8621432,6747815.0,16.8571428571,91.4285714286,0,0,0,65.6747477143,27.2857142857,23.0905947143,31.0,68.0,,,,,4717,2010-08-22
1283040000000,201035,52.0,52,52.0,52,0.0008970524,0.7706198,0,1,330455720103519589,2023-08-20,Rio de Janeiro,0.0,0.58616626,6747815.0,19.0,89.7142857143,0,0,0,65.1817397143,31.1428571429,24.00216,30.0,39.0,,,,,4717,2010-08-29
1283644800000,201036,61.0,61,61.0,61,0.088549174,0.90399635,0,1,330455720103619589,2023-08-20,Rio de Janeiro,0.0,0.7945017,6747815.0,17.8571428571,89.8571428571,0,0,0,72.1874777143,48.2857142857,20.8977844286,24.5714285714,46.0,,,,,4717,2010-09-05
1284249600000,201037,76.0,76,76.0,76,0.7992546,1.1262906,0,1,330455720103719589,2023-08-20,Rio de Janeiro,0.0,1.1509074,6747815.0,17.8571428571,89.1428571429,0,0,0,67.5868977143,37.5714285714,22.867817,29.4285714286,57.0,,,,,4717,2010-09-12
1284854400000,201038,83.0,83,83.0,83,0.9312654,1.2300278,0,1,330455720103819589,2023-08-20,Rio de Janeiro,0.0,1.2768458,6747815.0,18.8571428571,89.2857142857,0,0,0,67.6538537143,39.8571428571,22.9974414286,28.1428571429,43.0,,,,,4717,2010-09-19
1285459200000,201039,56.0,56,56.0,56,0.08520776,0.8298983,0,1,330455720103919589,2023-08-20,Rio de Janeiro,0.0,0.7842725,6747815.0,21.1428571429,93.1428571429,1,0,0,80.58446,63.0,23.0846721429,26.2857142857,39.0,,,,,4717,2010-09-26
1286064000000,201040,34.0,34,34.0,34,0.0001488084,0.5038668,0,1,330455720104019589,2023-08-20,Rio de Janeiro,0.0,0.48278925,6747815.0,19.4285714286,87.1428571429,0,0,0,69.8926254286,48.8571428571,22.5871482857,26.4285714286,28.0,,,,,4717,2010-10-03
1286668800000,201041,41.0,41,41.0,41,0.049487237,0.6076041,0,1,330455720104119589,2023-08-20,Rio de Janeiro,0.0,0.7162107,6747815.0,17.2857142857,88.8571428571,0,0,0,66.9529571429,38.8571428571,21.5558501429,26.0,35.0,,,,,4717,2010-10-10
1287273600000,201042,46.0,46,46.0,46,0.5694286,0.68170214,0,1,330455720104219589,2023-08-20,Rio de Janeiro,0.0,1.0373188,6747815.0,19.4285714286,88.2857142857,0,0,0,70.7976728571,46.8571428571,22.630543,26.4285714286,37.0,,,,,4717,2010-10-17
1287878400000,201043,59.0,59,59.0,59,0.9525234,0.8743571,0,1,330455720104319589,2023-08-20,Rio de Janeiro,0.0,1.3947543,6747815.0,20.1428571429,92.2857142857,0,0,0,72.7468995714,46.0,23.4215234286,28.0,43.0,,,,,4717,2010-10-24
1288483200000,201044,76.0,76,76.0,76,0.9930202,1.1262906,0,1,330455720104419589,2023-08-20,Rio de Janeiro,0.0,1.5590758,6747815.0,21.0,87.5714285714,0,0,0,70.1202528571,44.7142857143,24.5164578571,28.4285714286,58.0,,,,,4717,2010-10-31
1289088000000,201045,83.0,83,83.0,83,0.97389114,1.2300278,0,1,330455720104519589,2023-08-20,Rio de Janeiro,0.0,1.3853836,6747815.0,20.8571428571,89.0,0,0,0,73.1051668571,51.4285714286,23.4790137143,26.5714285714,63.0,,,,,4717,2010-11-07
1289692800000,201046,93.0,93,93.0,93,0.94634163,1.3782239,0,1,330455720104619589,2023-08-20,Rio de Janeiro,0.0,1.2850533,6747815.0,20.0,89.7142857143,0,0,0,77.3316128571,56.1428571429,22.7361037143,26.2857142857,75.0,,,,,4717,2010-11-14
1290297600000,201047,123.0,123,123.0,123,0.9967478,1.8228123,0,1,330455720104719589,2023-08-20,Rio de Janeiro,0.0,1.463571,6747815.0,22.7142857143,92.5714285714,1,0,0,78.5043862857,58.2857142857,25.2333891429,28.8571428571,95.0,,,,,4717,2010-11-21
1290902400000,201048,147.0,147,147.0,147,0.9988837,2.178483,0,1,330455720104819589,2023-08-20,Rio de Janeiro,0.0,1.4810295,6747815.0,24.2857142857,87.8571428571,1,0,0,70.7394845714,48.2857142857,27.665807,32.4285714286,124.0,,,,,4717,2010-11-28
1291507200000,201049,186.0,186,186.0,186,0.999876,2.7564478,0,2,330455720104919589,2023-08-20,Rio de Janeiro,0.0,1.5244498,6747815.0,23.8571428571,92.5714285714,1,0,0,74.9383,51.5714285714,26.8313822857,30.8571428571,148.0,,,,,4717,2010-12-05
1292112000000,201050,234.0,234,234.0,234,0.9999881,3.4677892,0,2,330455720105019589,2023-08-20,Rio de Janeiro,0.0,1.5450989,6747815.0,23.7142857143,90.2857142857,1,0,0,73.6508234286,51.1428571429,27.251472,32.1428571429,194.0,,,,,4717,2010-12-12
1292716800000,201051,201.0,201,201.0,201,0.802694,2.9787421,0,2,330455720105119589,2023-08-20,Rio de Janeiro,0.0,1.0905507,6747815.0,24.0,90.2857142857,1,0,0,73.4302178571,46.2857142857,27.2902845714,31.5714285714,157.0,,,,,4717,2010-12-19
1293321600000,201052,149.0,149,149.0,149,0.0017853245,2.2081223,0,2,330455720105219589,2023-08-20,Rio de Janeiro,0.0,0.7320638,6747815.0,22.7142857143,94.1428571429,1,0,0,78.1730494286,55.0,25.210525,28.5714285714,149.0,,,,,4717,2010-12-26
1293926400000,201101,310.0,310,310.0,310,0.99999946,4.5940795,0,2,330455720110119589,2023-08-20,Rio de Janeiro,0.0,1.5476029,6747815.0,23.5714285714,90.0,1,0,0,74.5020167143,53.5714285714,26.8299248571,30.7142857143,277.0,,,,,83201,2011-01-02
1294531200000,201102,385.0,385,385.0,385,1.0,5.7055507,0,2,330455720110219589,2023-08-20,Rio de Janeiro,0.0,1.7713038,6747815.0,24.0,91.0,1,1,1,73.7809805714,42.4285714286,27.679376,32.8571428571,360.0,,,,,83201,2011-01-09
1295136000000,201103,380.0,380,380.0,380,0.9998831,5.6314526,0,3,330455720110319589,2023-08-20,Rio de Janeiro,0.0,1.3318595,6747815.0,24.8571428571,90.1428571429,1,1,1,70.03197,41.1428571429,28.6837555714,33.8571428571,367.0,,,,,83201,2011-01-16
1295740800000,201104,624.0,624,624.0,624,1.0,9.2474375,0,3,330455720110419589,2023-08-20,Rio de Janeiro,0.0,1.7180144,6747815.0,24.4285714286,83.8571428571,1,1,1,60.6542052857,32.0,29.2912538571,35.0,605.0,,,,,83201,2011-01-23
1296345600000,201105,1012.0,1012,1012.0,1012,1.0,14.997447,0,3,330455720110519589,2023-08-20,Rio de Janeiro,0.0,2.1632705,6747815.0,24.1428571429,85.5714285714,1,1,1,65.9950637143,39.7142857143,28.5751108571,33.8571428571,988.0,,,,,83201,2011-01-30
1296950400000,201106,1639.0,1639,1639.0,1639,1.0,24.289345,0,3,330455720110619589,2023-08-20,Rio de Janeiro,0.0,2.353414,6747815.0,24.7142857143,82.4285714286,1,1,1,58.191167,29.4285714286,29.5115685714,36.1428571429,1602.0,,,,,83201,2011-02-06
1297555200000,201107,1983.0,1983,1983.0,1983,1.0,29.387291,0,3,330455720110719589,2023-08-20,Rio de Janeiro,0.0,1.8350271,6747815.0,24.2857142857,80.8571428571,1,1,1,59.8565668571,30.2857142857,28.705501,34.0,1958.0,,,,,83201,2011-02-13
1298160000000,201108,2056.0,2056,2056.0,2056,1.0,30.469122,0,3,330455720110819589,2023-08-20,Rio de Janeiro,0.0,1.3481961,6747815.0,24.4285714286,85.2857142857,1,1,1,65.2050685714,35.7142857143,28.0092165714,33.4285714286,2017.0,,,,,83201,2011-02-20
1298764800000,201109,1898.0,1898,1898.0,1898,0.80634695,28.127623,0,3,330455720110919589,2023-08-20,Rio de Janeiro,0.0,1.0286622,6747815.0,22.8571428571,91.2857142857,1,0,1,79.2771765714,58.7142857143,24.923765,27.8571428571,1898.0,,,,,83201,2011-02-27
1299369600000,201110,1984.0,1984,1984.0,1984,0.6518475,29.402111,0,2,330455720111019589,2023-08-20,Rio de Janeiro,0.0,1.0125073,6747815.0,22.5714285714,94.1428571429,1,0,1,82.2759901429,62.0,24.7992038571,28.0,1956.0,,,,,83201,2011-03-06
1299974400000,201111,3473.0,3473,3473.0,3473,1.0,51.468513,0,2,330455720111119589,2023-08-20,Rio de Janeiro,0.0,1.705185,6747815.0,23.0,91.0,1,1,2,75.6510141429,50.5714285714,26.0254931429,30.2857142857,3421.0,,,,,83201,2011-03-13
1300579200000,201112,5472.0,5472,5472.0,5472,1.0,81.09292,0,4,330455720111219589,2023-08-20,Rio de Janeiro,0.0,2.1830547,6747815.0,22.7142857143,93.2857142857,1,1,2,76.2257228571,54.7142857143,25.4244797143,29.7142857143,5403.0,,,,,83201,2011-03-20
1301184000000,201113,6115.0,6115,6115.0,6115,1.0,90.621925,0,4,330455720111319589,2023-08-20,Rio de Janeiro,0.0,1.6837986,6747815.0,23.1428571429,93.2857142857,1,1,2,77.3854348571,50.4285714286,25.9791444286,30.4285714286,6013.0,,,,,83201,2011-03-27
1301788800000,201114,7389.0,7389,7389.0,7389,1.0,109.50211,0,4,330455720111419589,2023-08-20,Rio de Janeiro,0.0,1.4725652,6747815.0,22.1428571429,90.0,1,1,2,75.9825771429,55.1428571429,24.794183,28.8571428571,7305.0,,,,,83201,2011-04-03
1302393600000,201115,6204.0,6204,6204.0,6204,0.86242926,91.94087,0,4,330455720111519589,2023-08-20,Rio de Janeiro,0.0,1.0198852,6747815.0,23.1428571429,91.7142857143,1,0,2,73.2755042857,48.7142857143,26.9428302857,32.0,6171.0,,,,,83201,2011-04-10
1302998400000,201116,5196.0,5196,5196.0,5196,0.0,77.0027,0,4,330455720111619589,2023-08-20,Rio de Janeiro,0.0,0.79690105,6747815.0,22.4285714286,91.5714285714,1,0,2,70.8502114286,40.5714285714,26.5241647143,31.5714285714,5270.0,,,,,83201,2011-04-17
1303603200000,201117,5820.0,5820,5820.0,5820,0.0003749237,86.250145,0,4,330455720111719589,2023-08-20,Rio de Janeiro,0.0,0.94032633,6747815.0,20.7142857143,94.0,0,0,2,80.1776931429,58.1428571429,23.4723625714,27.1428571429,5851.0,,,,,83201,2011-04-24
1304208000000,201118,4805.0,4805,4805.0,4805,0.0,71.20824,0,4,330455720111819589,2023-08-20,Rio de Janeiro,0.0,0.8476573,6747815.0,20.5714285714,93.1428571429,0,0,2,74.7754185714,47.4285714286,23.960024,27.8571428571,4782.0,,,,,83201,2011-05-01
1304812800000,201119,4445.0,4445,4445.0,4445,0.0,65.87318,0,4,330455720111919589,2023-08-20,Rio de Janeiro,0.0,0.83079195,6747815.0,20.0,91.4285714286,0,0,2,78.4226457143,53.8571428571,22.4422618571,25.7142857143,4411.0,,,,,83201,2011-05-08
1305417600000,201120,3432.0,3432,3432.0,3432,0.0,50.86091,0,4,330455720112019589,2023-08-20,Rio de Janeiro,0.0,0.7011129,6747815.0,17.7142857143,93.4285714286,0,0,2,79.1955242857,56.4285714286,20.3423671429,24.0,3519.0,,,,,83201,2011-05-15
1306022400000,201121,2631.0,2631,2631.0,2631,0.0,38.9904,0,4,330455720112119589,2023-08-20,Rio de Janeiro,0.0,0.6195606,6747815.0,17.0,92.4285714286,0,0,1,74.9483757143,44.1428571429,21.1448094286,26.4285714286,2640.0,,,,,83201,2011-05-22
1306627200000,201122,2126.0,2126,2126.0,2126,0.0,31.506495,0,1,330455720112219589,2023-08-20,Rio de Janeiro,0.0,0.6105574,6747815.0,17.8571428571,89.1428571429,0,0,1,73.0292342857,47.5714285714,20.8369817143,24.5714285714,2213.0,,,,,83201,2011-05-29
1307232000000,201123,1345.0,1345,1345.0,1345,0.0,19.932379,0,1,330455720112319589,2023-08-20,Rio de Janeiro,0.0,0.49282205,6747815.0,15.5714285714,90.5714285714,0,0,1,71.2075637143,44.2857142857,19.5611477143,23.8571428571,1376.0,,,,,83201,2011-06-05
1307836800000,201124,1024.0,1024,1024.0,1024,0.0,15.1752825,0,1,330455720112419589,2023-08-20,Rio de Janeiro,0.0,0.49440846,6747815.0,16.0,93.1428571429,0,0,1,74.6643142857,42.4285714286,19.8021314286,24.5714285714,1029.0,,,,,83201,2011-06-12
1308441600000,201125,633.0,633,633.0,633,0.0,9.380815,0,1,330455720112519589,2023-08-20,Rio de Janeiro,0.0,0.42459744,6747815.0,17.5714285714,92.2857142857,0,0,1,77.6235157143,47.8571428571,21.4276238571,26.5714285714,638.0,,,,,83201,2011-06-19
1309046400000,201126,547.0,547,547.0,547,0.0,8.106328,0,1,330455720112619589,2023-08-20,Rio de Janeiro,0.0,0.52415776,6747815.0,16.5714285714,92.2857142857,0,0,1,75.031766,47.4285714286,20.41707,25.1428571429,515.0,,,,,83201,2011-06-26
1309651200000,201127,341.0,341,341.0,341,0.0,5.053488,0,1,330455720112719589,2023-08-20,Rio de Janeiro,0.0,0.46491045,6747815.0,15.4285714286,93.0,0,0,0,77.8625694286,58.2857142857,17.9132621429,20.8571428571,359.0,,,,,83201,2011-07-03
1310256000000,201128,299.0,299,299.0,299,2.220446e-16,4.431064,0,1,330455720112819589,2023-08-20,Rio de Janeiro,0.0,0.5624739,6747815.0,15.5714285714,94.8571428571,0,0,0,74.57566,32.2857142857,20.248041,27.5714285714,297.0,,,,,83201,2011-07-10
1310860800000,201129,219.0,219,219.0,219,0.0,3.245495,0,1,330455720112919589,2023-08-20,Rio de Janeiro,0.0,0.5594323,6747815.0,18.5714285714,89.7142857143,0,0,0,74.0966637143,49.4285714286,22.0531657143,26.7142857143,221.0,,,,,83201,2011-07-17
1311465600000,201130,293.0,293,293.0,293,0.33968115,4.3421464,0,1,330455720113019589,2023-08-20,Rio de Janeiro,0.0,0.96672815,6747815.0,16.5714285714,90.8571428571,0,0,0,69.1853512857,33.8571428571,21.2777328571,27.0,201.0,,,,,83201,2011-07-24
1312070400000,201131,194.0,194,194.0,194,0.000702196,2.8750048,0,1,330455720113119589,2023-08-20,Rio de Janeiro,0.0,0.7404279,6747815.0,17.1428571429,88.1428571429,0,0,0,68.2420134286,44.8571428571,20.7968127143,24.8571428571,144.0,,,,,83201,2011-07-31
1312675200000,201132,204.0,204,204.0,204,0.0247853,3.0232008,0,1,330455720113219589,2023-08-20,Rio de Janeiro,0.0,0.830731,6747815.0,18.2857142857,90.0,0,0,0,73.0959988571,44.1428571429,22.0922461429,27.8571428571,148.0,,,,,83201,2011-08-07
1313280000000,201133,206.0,206,206.0,206,0.21978994,3.05284,0,1,330455720113319589,2023-08-20,Rio de Janeiro,0.0,0.92804503,6747815.0,19.0,86.8571428571,0,0,0,63.9047948571,28.1428571429,23.7215448571,30.4285714286,151.0,,,,,83201,2011-08-14
1313884800000,201134,154.0,154,154.0,154,0.0044451393,2.2822204,0,1,330455720113419589,2023-08-20,Rio de Janeiro,0.0,0.75743574,6747815.0,18.2857142857,88.2857142857,0,0,0,75.6101271429,55.8571428571,20.8940505714,24.1428571429,107.0,,,,,83201,2011-08-21
1314489600000,201135,145.0,145,145.0,145,0.00853373,2.1488438,0,1,330455720113519589,2023-08-20,Rio de Janeiro,0.0,0.76948035,6747815.0,17.7142857143,83.7142857143,0,0,0,60.000338,28.1428571429,22.0900734286,28.0,102.0,,,,,83201,2011-08-28
1315094400000,201136,165.0,165,165.0,165,0.45210147,2.445236,0,1,330455720113619589,2023-08-20,Rio de Janeiro,0.0,0.9868963,6747815.0,16.1428571429,89.0,0,0,0,67.3451391429,35.2857142857,22.282422,28.5714285714,136.0,,,,,83201,2011-09-04
1315699200000,201137,156.0,156,156.0,156,0.51107734,2.3118594,0,1,330455720113719589,2023-08-20,Rio de Janeiro,0.0,1.0031476,6747815.0,18.5714285714,86.0,0,0,0,71.4947417143,51.1428571429,21.0481841429,23.7142857143,141.0,,,,,83201,2011-09-11
1316304000000,201138,208.0,208,208.0,208,0.994713,3.0824792,0,1,330455720113819589,2023-08-20,Rio de Janeiro,0.0,1.3069929,6747815.0,17.5714285714,83.0,0,0,0,63.9115282857,37.1428571429,22.4842795714,27.5714285714,198.0,,,,,83201,2011-09-18
1316908800000,201139,240.0,240,240.0,240,0.9994324,3.556707,0,1,330455720113919589,2023-08-20,Rio de Janeiro,0.0,1.3794136,6747815.0,18.0,85.7142857143,0,0,0,65.3206145714,34.8571428571,22.508755,28.1428571429,224.0,,,,,83201,2011-09-25
1317513600000,201140,232.0,232,232.0,232,0.932792,3.43815,0,1,330455720114019589,2023-08-20,Rio de Janeiro,0.0,1.1548128,6747815.0,20.2857142857,86.0,0,0,0,69.4495665714,48.0,23.4172164286,27.2857142857,211.0,,,,,83201,2011-10-02
1318118400000,201141,257.0,257,257.0,257,0.9260498,3.8086402,0,1,330455720114119589,2023-08-20,Rio de Janeiro,0.0,1.1408916,6747815.0,21.7142857143,91.0,1,0,0,71.9263837143,44.8571428571,25.3077655714,30.5714285714,249.0,,,,,83201,2011-10-09
1318723200000,201142,252.0,252,252.0,252,0.7311736,3.7345421,0,1,330455720114219589,2023-08-20,Rio de Janeiro,0.0,1.0572085,6747815.0,18.1428571429,90.7142857143,0,0,0,76.2696637143,58.0,20.307378,23.0,231.0,,,,,83201,2011-10-16
1319328000000,201143,322.0,322,322.0,322,0.99853635,4.771915,0,1,330455720114319589,2023-08-20,Rio de Janeiro,0.0,1.2832373,6747815.0,20.5714285714,86.5714285714,0,0,0,63.8171225714,38.2857142857,25.3548388571,30.5714285714,301.0,,,,,83201,2011-10-23
1319932800000,201144,321.0,321,321.0,321,0.97895503,4.7570953,0,1,330455720114419589,2023-08-20,Rio de Janeiro,0.0,1.1819582,6747815.0,17.7142857143,85.8571428571,0,0,0,67.5441308571,45.5714285714,20.5889347143,24.2857142857,296.0,,,,,83201,2011-10-30
1320537600000,201145,406.0,406,406.0,406,0.9999381,6.0167623,0,1,330455720114519589,2023-08-20,Rio de Janeiro,0.0,1.3356789,6747815.0,20.1428571429,85.8571428571,0,1,1,65.7711015714,40.4285714286,24.5449921429,29.1428571429,384.0,,,,,83201,2011-11-06
1321142400000,201146,369.0,369,369.0,369,0.87110054,5.4684367,0,1,330455720114619589,2023-08-20,Rio de Janeiro,0.0,1.0887719,6747815.0,20.5714285714,91.5714285714,0,0,1,77.622237,58.7142857143,22.390538,25.0,337.0,,,,,83201,2011-11-13
1321747200000,201147,599.0,599,599.0,599,1.0,8.876947,0,1,330455720114719589,2023-08-20,Rio de Janeiro,0.0,1.5771142,6747815.0,20.7142857143,89.2857142857,0,1,1,70.7026794286,48.4285714286,24.3412987143,28.0,532.0,,,,,83201,2011-11-20
1322352000000,201148,622.0,622,622.0,622,1.0,9.217798,0,3,330455720114819589,2023-08-20,Rio de Janeiro,0.0,1.4048086,6747815.0,21.0,90.5714285714,0,1,1,74.6949554286,52.5714285714,23.9468008571,27.5714285714,537.0,,,,,83201,2011-11-27
1322956800000,201149,816.0,816,816.0,816,1.0,12.092803,0,3,330455720114919589,2023-08-20,Rio de Janeiro,0.0,1.4939516,6747815.0,22.1428571429,88.5714285714,1,1,1,76.7201368571,57.5714285714,24.52345,28.0,704.0,,,,,83201,2011-12-04
1323561600000,201150,944.0,944,944.0,944,1.0,13.989714,0,3,330455720115019589,2023-08-20,Rio de Janeiro,0.0,1.4232652,6747815.0,22.2857142857,91.5714285714,1,1,1,72.9043405714,44.7142857143,25.6351062857,30.4285714286,840.0,,,,,83201,2011-12-11
1324166400000,201151,869.0,869,869.0,869,0.980109,12.8782425,0,3,330455720115119589,2023-08-20,Rio de Janeiro,0.0,1.1064258,6747815.0,22.8571428571,86.2857142857,1,1,1,63.4447514286,32.5714285714,27.7684524286,34.1428571429,772.0,,,,,83201,2011-12-18
1324771200000,201152,1440.0,1440,1440.0,1440,1.0,21.34024,0,3,330455720115219589,2023-08-20,Rio de Janeiro,0.0,1.6029276,6747815.0,22.125,90.625,1,1,1,78.92118925,58.625,24.210594625,27.5,778.0,,,,,83201,2011-12-25
1325376000000,201201,1358.0,1358,1358.0,1358,1.0,20.125032,0,3,330455720120119589,2023-08-20,Rio de Janeiro,0.0,1.3010744,6747815.0,21.8571428571,91.7142857143,1,1,1,77.9992842857,55.1428571429,24.5757165714,28.5714285714,982.0,,,,,188893,2012-01-01
1325980800000,201202,1383.0,1383,1383.0,1383,0.99692273,20.495523,0,3,330455720120219589,2023-08-20,Rio de Janeiro,0.0,1.1129144,6747815.0,22.7142857143,89.2857142857,1,1,1,72.5968114286,49.1428571429,26.1073811429,30.5714285714,1108.0,,,,,188893,2012-01-08
1326585600000,201203,1741.0,1741,1741.0,1741,1.0,25.800945,0,3,330455720120319589,2023-08-20,Rio de Janeiro,0.0,1.2707499,6747815.0,23.5714285714,90.1428571429,1,1,1,70.9307285714,43.2857142857,27.070807,32.1428571429,1473.0,,,,,188893,2012-01-15
1327190400000,201204,2012.0,2012,2012.0,2012,1.0,29.817059,0,3,330455720120419589,2023-08-20,Rio de Janeiro,0.0,1.3485615,6747815.0,22.5714285714,87.8571428571,1,1,1,68.7933367143,45.0,26.6157475714,31.2857142857,1661.0,,,,,188893,2012-01-22
1327795200000,201205,2164.0,2164,2164.0,2164,1.0,32.06964,0,3,330455720120519589,2023-08-20,Rio de Janeiro,0.0,1.2634984,6747815.0,21.4285714286,91.0,1,1,1,72.285444,46.4285714286,25.5153737143,30.2857142857,1894.0,,,,,188893,2012-01-29
1328400000000,201206,2750.0,2750,2750.0,2750,1.0,40.753933,0,3,330455720120619589,2023-08-20,Rio de Janeiro,0.0,1.3910495,6747815.0,23.8571428571,86.2857142857,1,1,1,64.9413142857,30.0,28.1038594286,34.0,2301.0,,,,,188893,2012-02-05
1329004800000,201207,3237.0,3237,3237.0,3237,1.0,47.971085,0,3,330455720120719589,2023-08-20,Rio de Janeiro,0.0,1.4131324,6747815.0,23.0,89.8571428571,1,1,2,69.6472951429,43.0,26.7990137143,31.2857142857,2771.0,,,,,188893,2012-02-12
1329609600000,201208,3819.0,3819,3819.0,3819,1.0,56.5961,0,3,330455720120819589,2023-08-20,Rio de Janeiro,0.0,1.4005944,6747815.0,23.5714285714,84.7142857143,1,1,2,62.7462475714,34.5714285714,27.9046742857,33.2857142857,3294.0,,,,,188893,2012-02-19
1330214400000,201209,5546.0,5546,5546.0,5546,1.0,82.18957,0,4,330455720120919589,2023-08-20,Rio de Janeiro,0.0,1.6774017,6747815.0,24.1428571429,85.4285714286,1,1,2,58.791062,28.4285714286,29.0068037143,35.0,4804.0,,,,,188893,2012-02-26
1330819200000,201210,6757.0,6757,6757.0,6757,1.0,100.136116,0,4,330455720121019589,2023-08-20,Rio de Janeiro,0.0,1.6196287,6747815.0,22.7142857143,90.4285714286,1,1,2,69.3969342857,42.1428571429,26.4563654286,30.5714285714,5759.0,,,,,188893,2012-03-04
1331424000000,201211,6953.0,6953,6953.0,6953,1.0,103.040764,0,4,330455720121119589,2023-08-20,Rio de Janeiro,0.0,1.30346,6747815.0,23.2857142857,91.0,1,1,2,70.6525534286,34.0,26.5113768571,32.2857142857,5593.0,,,,,188893,2012-03-11
1332028800000,201212,8806.0,8806,8806.0,8806,1.0,130.50151,0,4,330455720121219589,2023-08-20,Rio de Janeiro,0.0,1.372421,6747815.0,22.8571428571,91.1428571429,1,1,2,72.032457,43.5714285714,25.9385567143,31.0,6837.0,,,,,188893,2012-03-18
1332633600000,201213,9462.0,9462,9462.0,9462,1.0,140.22318,0,4,330455720121319589,2023-08-20,Rio de Janeiro,0.0,1.2843249,6747815.0,22.5714285714,92.5714285714,1,1,2,77.6368351429,53.4285714286,25.613578,29.7142857143,7244.0,,,,,188893,2012-03-25
1333238400000,201214,9668.0,9668,9668.0,9668,1.0,143.276,0,4,330455720121419589,2023-08-20,Rio de Janeiro,0.0,1.1513729,6747815.0,22.7142857143,91.8571428571,1,1,2,74.9577928571,51.7142857143,25.9257305714,30.1428571429,7529.0,,,,,188893,2012-04-01
1333843200000,201215,12490.0,12490,,12490,1.0,185.09695,0,4,330455720121519589,2023-08-20,Rio de Janeiro,0.0,1.3393528,6747815.0,22.7142857143,92.4285714286,1,1,2,75.21984,45.1428571429,26.2174461429,31.4285714286,9203.0,,,,,188893,2012-04-08
1334448000000,201216,14703.0,14703,,14703,1.0,217.89276,0,4,330455720121619589,2023-08-20,Rio de Janeiro,0.0,1.4043361,6747815.0,21.2857142857,92.8571428571,1,1,2,74.0812091429,47.5714285714,24.8082207143,29.0,10743.0,,,,,188893,2012-04-15
1335052800000,201217,14708.0,14708,,14708,1.0,217.96686,0,4,330455720121719589,2023-08-20,Rio de Janeiro,0.0,1.2031294,6747815.0,21.2857142857,94.8571428571,1,1,2,76.4992594286,50.4285714286,24.5159877143,28.5714285714,10233.0,,,,,188893,2012-04-22
1335657600000,201218,13691.0,13691,,13691,0.35845178,202.89531,0,4,330455720121819589,2023-08-20,Rio de Janeiro,0.0,0.9956319,6747815.0,19.4285714286,93.1428571429,0,0,2,79.2455612857,56.0,22.0007441429,24.8571428571,8755.0,,,,,188893,2012-04-29
1336262400000,201219,13199.0,13199,,13199,2.2e-09,195.60406,0,4,330455720121919589,2023-08-20,Rio de Janeiro,0.0,0.93152356,6747815.0,19.5714285714,94.0,0,0,2,73.46796,44.5714285714,23.3998525714,28.0,8082.0,,,,,188893,2012-05-06
1336867200000,201220,11482.0,11482,,11482,0.0,170.15878,0,4,330455720122019589,2023-08-20,Rio de Janeiro,0.0,0.83902013,6747815.0,17.8571428571,96.5714285714,0,0,2,81.2450971429,52.8571428571,20.5313412857,24.4285714286,7149.0,,,,,188893,2012-05-13
1337472000000,201221,10247.0,10247,,10247,0.0,151.85657,0,4,330455720122119589,2023-08-20,Rio de Janeiro,0.0,0.8023672,6747815.0,17.8571428571,94.0,0,0,2,74.58362,44.0,21.724629,26.5714285714,6303.0,,,,,188893,2012-05-20
1338076800000,201222,8084.0,8084,8084.0,8084,0.0,119.80174,0,4,330455720122219589,2023-08-20,Rio de Janeiro,0.0,0.7031568,6747815.0,20.8571428571,92.2857142857,0,0,2,76.9228671429,44.8571428571,23.8295408571,28.7142857143,4988.0,,,,,188893,2012-05-27
1338681600000,201223,5290.0,5290,5290.0,5290,0.0,78.395744,0,4,330455720122319589,2023-08-20,Rio de Janeiro,0.0,0.53524816,6747815.0,20.7142857143,94.1428571429,0,0,2,80.0667094286,59.1428571429,23.403831,26.5714285714,3799.0,,,,,188893,2012-06-03
1339286400000,201224,4300.0,4300,4300.0,4300,0.0,63.72433,0,4,330455720122419589,2023-08-20,Rio de Janeiro,0.0,0.5445117,6747815.0,19.1428571429,94.0,0,0,2,79.0826565714,51.1428571429,21.998106,26.5714285714,3219.0,,,,,188893,2012-06-10
1339891200000,201225,2793.0,2793,2793.0,2793,0.0,41.39118,0,4,330455720122519589,2023-08-20,Rio de Janeiro,0.0,0.47632158,6747815.0,20.4285714286,94.0,0,0,1,77.3920528571,53.7142857143,22.9622331429,26.7142857143,2268.0,,,,,188893,2012-06-17
1340496000000,201226,1896.0,1896,1896.0,1896,0.0,28.097984,0,1,330455720122619589,2023-08-20,Rio de Janeiro,0.0,0.44537356,6747815.0,17.7142857143,96.5714285714,0,0,1,78.454498,49.8571428571,21.596392,26.2857142857,1646.0,,,,,188893,2012-06-24
1341100800000,201227,1321.0,1321,1321.0,1321,0.0,19.576708,0,1,330455720122719589,2023-08-20,Rio de Janeiro,0.0,0.4392139,6747815.0,17.7142857143,93.1428571429,0,0,1,69.5343214286,30.0,23.2789985714,29.4285714286,1231.0,,,,,188893,2012-07-01
1341705600000,201228,902.0,902,902.0,902,0.0,13.36729,0,1,330455720122819589,2023-08-20,Rio de Janeiro,0.0,0.43844622,6747815.0,17.1428571429,94.2857142857,0,0,1,75.5452662857,51.0,20.2125832857,23.8571428571,813.0,,,,,188893,2012-07-08
1342310400000,201229,682.0,682,682.0,682,0.0,10.106976,0,1,330455720122919589,2023-08-20,Rio de Janeiro,0.0,0.48319706,6747815.0,17.1428571429,92.2857142857,0,0,1,79.581506,57.7142857143,19.5047768571,22.5714285714,621.0,,,,,188893,2012-07-15
1342915200000,201230,504.0,504,504.0,504,0.0,7.4690843,0,1,330455720123019589,2023-08-20,Rio de Janeiro,0.0,0.5106108,6747815.0,18.0,93.1428571429,0,0,1,73.8706871429,40.0,22.7463395714,29.1428571429,460.0,,,,,188893,2012-07-22
1343520000000,201231,571.0,571,571.0,571,1.1296e-05,8.461998,0,1,330455720123119589,2023-08-20,Rio de Janeiro,82.0,0.7895209,6747815.0,18.8571428571,94.0,0,0,1,72.3950348571,41.2857142857,23.143593,28.1428571429,512.0,,,,,188893,2012-07-29
1344124800000,201232,476.0,476,476.0,476,0.0004131465,7.0541353,0,1,330455720123219589,2023-08-20,Rio de Janeiro,84.0,0.8139978,6747815.0,16.2857142857,90.5714285714,0,0,1,69.4282837143,34.7142857143,21.2610887143,26.5714285714,442.0,,,,,188893,2012-08-05
1344729600000,201233,494.0,494,494.0,494,0.11404606,7.3208885,0,1,330455720123319589,2023-08-20,Rio de Janeiro,63.0,0.92752904,6747815.0,17.2857142857,92.2857142857,0,0,1,70.4473214286,39.2857142857,22.3821428571,28.0,457.0,,,,,188893,2012-08-12
1345334400000,201234,409.0,409,409.0,409,0.0012502382,6.061221,0,1,330455720123419589,2023-08-20,Rio de Janeiro,55.0,0.8179439,6747815.0,17.1428571429,89.0,0,0,1,64.9151785714,29.8571428571,22.375,28.2857142857,374.0,,,,,188893,2012-08-19
1345939200000,201235,302.0,302,302.0,302,4e-09,4.475523,0,1,330455720123519589,2023-08-20,Rio de Janeiro,63.0,0.6555499,6747815.0,17.5714285714,91.5714285714,0,0,0,72.2442735714,41.2857142857,20.8763978571,25.4285714286,256.0,,,,,188893,2012-08-26
1346544000000,201236,233.0,233,233.0,233,0.0,3.4529696,0,1,330455720123619589,2023-08-20,Rio de Janeiro,53.0,0.5874126,6747815.0,17.4285714286,89.0,0,0,0,67.3125,37.0,22.1071428571,27.4285714286,182.0,,,,,188893,2012-09-02
1347148800000,201237,359.0,359,359.0,359,0.9095069,5.3202405,0,1,330455720123719589,2023-08-20,Rio de Janeiro,72.0,1.1077963,6747815.0,20.4285714286,88.2857142857,0,0,1,69.3705357143,43.1428571429,24.1964285714,29.0,207.0,,,,,188893,2012-09-09
1347753600000,201238,246.0,246,246.0,246,0.027152166,3.6456246,0,1,330455720123819589,2023-08-20,Rio de Janeiro,62.0,0.8467745,6747815.0,21.0,87.5714285714,0,0,0,64.7320074286,30.7142857143,25.6784951429,32.2857142857,214.0,,,,,188893,2012-09-16
1348358400000,201239,191.0,191,191.0,191,4.5902e-06,2.830546,0,1,330455720123919589,2023-08-20,Rio de Janeiro,49.0,0.66406775,6747815.0,16.7142857143,87.4285714286,0,0,0,65.4598214286,35.8571428571,20.451885,24.7142857143,161.0,,,,,188893,2012-09-23
1348963200000,201240,206.0,206,206.0,206,0.009520846,3.05284,0,1,330455720124019589,2023-08-20,Rio de Janeiro,52.0,0.80368406,6747815.0,18.5714285714,86.5714285714,0,0,0,61.7231291429,32.0,23.899151,29.5714285714,179.0,,,,,188893,2012-09-30
1349568000000,201241,197.0,197,197.0,197,0.166558,2.9194636,0,1,330455720124119589,2023-08-20,Rio de Janeiro,48.0,0.909253,6747815.0,20.5714285714,86.2857142857,0,0,0,63.2930428571,34.2857142857,24.9870515714,30.2857142857,169.0,,,,,188893,2012-10-07
1350172800000,201242,232.0,232,232.0,232,0.9142857,3.43815,0,1,330455720124219589,2023-08-20,Rio de Janeiro,56.0,1.1400654,6747815.0,19.7142857143,87.5714285714,0,0,0,66.3650848571,39.1428571429,23.4884667143,27.7142857143,198.0,,,,,188893,2012-10-14
1350777600000,201243,257.0,257,257.0,257,0.9855007,3.8086402,0,1,330455720124319589,2023-08-20,Rio de Janeiro,87.0,1.2243844,6747815.0,22.7142857143,86.8571428571,1,0,0,69.7176135714,46.5714285714,26.0582077143,31.1428571429,195.0,,,,,188893,2012-10-21
1351382400000,201244,226.0,226,226.0,226,0.4884894,3.3492322,0,1,330455720124419589,2023-08-20,Rio de Janeiro,59.0,0.99729335,6747815.0,23.2857142857,87.7142857143,1,0,0,72.5902342857,53.2857142857,25.9390295714,29.4285714286,181.0,,,,,188893,2012-10-28
1351987200000,201245,228.0,228,228.0,228,0.33411092,3.3788714,0,2,330455720124519589,2023-08-20,Rio de Janeiro,53.0,0.9610691,6747815.0,22.4285714286,88.1428571429,1,0,0,74.1461694286,53.7142857143,24.9488768571,28.1428571429,190.0,,,,,188893,2012-11-04
1352592000000,201246,198.0,198,198.0,198,0.052074168,2.9342833,0,1,330455720124619589,2023-08-20,Rio de Janeiro,70.0,0.85479754,6747815.0,20.4285714286,92.4285714286,0,0,0,76.9531872857,55.0,23.0893051429,26.0,160.0,,,,,188893,2012-11-11
1353196800000,201247,216.0,216,216.0,216,0.42122373,3.2010362,0,1,330455720124719589,2023-08-20,Rio de Janeiro,58.0,0.98116255,6747815.0,21.0,89.8571428571,0,0,0,69.8986191429,44.0,24.5371727143,29.8571428571,179.0,,,,,188893,2012-11-18
1353801600000,201248,316.0,316,316.0,316,0.9999919,4.682997,0,1,330455720124819589,2023-08-20,Rio de Janeiro,59.0,1.457168,6747815.0,21.7142857143,90.8571428571,1,0,0,78.7174048571,59.1428571429,24.0522902857,27.4285714286,263.0,,,,,188893,2012-11-25
1354406400000,201249,335.0,335,335.0,335,0.9999486,4.96457,0,1,330455720124919589,2023-08-20,Rio de Janeiro,86.0,1.3844249,6747815.0,23.8571428571,87.2857142857,1,0,0,65.3484708571,37.4285714286,28.3878214286,34.0,287.0,,,,,188893,2012-12-02
1355011200000,201250,395.0,395,395.0,395,0.9999559,5.853747,0,2,330455720125019589,2023-08-20,Rio de Janeiro,86.0,1.3506612,6747815.0,24.1428571429,89.5714285714,1,1,1,72.3431092857,45.7142857143,27.5107312857,32.4285714286,338.0,,,,,188893,2012-12-09
1355616000000,201251,373.0,373,373.0,373,0.90292704,5.527715,0,2,330455720125119589,2023-08-20,Rio de Janeiro,71.0,1.1022593,6747815.0,25.0,90.4285714286,1,0,1,70.9800951429,39.1428571429,28.3084948571,32.7142857143,317.0,,,,,188893,2012-12-16
1356220800000,201252,485.0,485,485.0,485,0.999935,7.187512,0,2,330455720125219589,2023-08-20,Rio de Janeiro,63.0,1.2998208,6747815.0,25.7142857143,84.5714285714,1,1,1,62.9786604286,35.0,29.7473328571,35.1428571429,436.0,,,,,188893,2012-12-23
1356825600000,201301,534.0,534,534.0,534,0.9999733,7.913673,0,3,330455720130119589,2023-08-20,Rio de Janeiro,96.0,1.3021611,6747815.0,24.1428571429,88.2857142857,1,1,1,70.3677132857,36.4285714286,27.5989344286,31.7142857143,572.0,,,,,71252,2012-12-30
1357430400000,201302,862.0,862,862.0,862,1.0,12.774506,0,3,330455720130219589,2023-08-20,Rio de Janeiro,134.0,1.7870901,6747815.0,22.8571428571,88.1428571429,1,1,1,71.7374815714,48.0,26.9013825714,31.4285714286,795.0,,,,,71252,2013-01-06
1358035200000,201303,919.0,919,919.0,919,1.0,13.619224,0,3,330455720130319589,2023-08-20,Rio de Janeiro,212.0,1.5052694,6747815.0,19.8571428571,94.8571428571,0,1,1,77.7332085714,41.2857142857,25.6266178571,30.2857142857,849.0,,,,,71252,2013-01-13
1358640000000,201304,1146.0,1146,1146.0,1146,1.0,16.983274,0,3,330455720130419589,2023-08-20,Rio de Janeiro,195.0,1.4594312,6747815.0,22.5714285714,95.2857142857,1,1,1,76.1786977143,48.8571428571,25.8530075714,29.8571428571,1084.0,,,,,71252,2013-01-20
1359244800000,201305,1346.0,1346,1346.0,1346,1.0,19.947197,0,3,330455720130519589,2023-08-20,Rio de Janeiro,184.0,1.4076433,6747815.0,23.0,92.5714285714,1,1,1,78.09375,56.5714285714,25.3833874286,28.7142857143,1277.0,,,,,71252,2013-01-27
1359849600000,201306,1321.0,1321,1321.0,1321,0.9999616,19.576708,0,3,330455720130619589,2023-08-20,Rio de Janeiro,184.0,1.1736528,6747815.0,22.8571428571,94.5714285714,1,1,1,79.0714664286,55.4285714286,25.7053495714,29.8571428571,1278.0,,,,,71252,2013-02-03
1360454400000,201307,1749.0,1749,1749.0,1749,1.0,25.919502,0,3,330455720130719589,2023-08-20,Rio de Janeiro,224.0,1.3644253,6747815.0,25.2857142857,88.8571428571,1,1,1,67.3015431429,36.2857142857,29.2732682857,35.0,1681.0,,,,,71252,2013-02-10
1361059200000,201308,3237.0,3237,3237.0,3237,1.0,47.971085,0,3,330455720130819589,2023-08-20,Rio de Janeiro,429.0,2.1341915,6747815.0,25.1428571429,86.4285714286,1,1,2,63.9708328571,33.8571428571,29.3973214286,35.0,3125.0,,,,,71252,2013-02-17
1361664000000,201309,3852.0,3852,3852.0,3852,1.0,57.085144,0,3,330455720130919589,2023-08-20,Rio de Janeiro,471.0,1.8461531,6747815.0,22.8571428571,93.4285714286,1,1,2,73.3164262857,43.7142857143,26.3829684286,30.8571428571,3725.0,,,,,71252,2013-02-24
1362268800000,201310,4017.0,4017,4017.0,4017,1.0,59.53038,0,4,330455720131019589,2023-08-20,Rio de Janeiro,473.0,1.3658721,6747815.0,24.4285714286,92.0,1,1,2,72.4378257143,42.4285714286,27.9660935714,33.7142857143,3892.0,,,,,71252,2013-03-03
1362873600000,201311,5395.0,5395,5395.0,5395,1.0,79.951805,0,4,330455720131119589,2023-08-20,Rio de Janeiro,656.0,1.4645485,6747815.0,24.2857142857,93.4285714286,1,1,2,75.934373,51.2857142857,27.4130211429,31.8571428571,5235.0,,,,,71252,2013-03-10
1363478400000,201312,5423.0,5423,5423.0,5423,1.0,80.36675,0,4,330455720131219589,2023-08-20,Rio de Janeiro,701.0,1.2566196,6747815.0,22.7142857143,94.1428571429,1,1,2,79.6352414286,55.8571428571,25.2358194286,28.7142857143,5241.0,,,,,71252,2013-03-17
1364083200000,201313,5351.0,5351,5351.0,5351,0.9999644,79.29974,0,4,330455720131319589,2023-08-20,Rio de Janeiro,852.0,1.0814562,6747815.0,22.5714285714,94.1428571429,1,1,2,79.238264,52.4285714286,24.5895805714,28.0,5121.0,,,,,71252,2013-03-24
1364688000000,201314,6644.0,6644,6644.0,6644,1.0,98.4615,0,4,330455720131419589,2023-08-20,Rio de Janeiro,622.0,1.2402959,6747815.0,22.7142857143,94.0,1,1,2,80.5959728571,55.2857142857,25.5585297143,29.2857142857,6431.0,,,,,71252,2013-03-31
1365292800000,201315,6499.0,6499,6499.0,6499,1.0,96.31266,0,4,330455720131519589,2023-08-20,Rio de Janeiro,1368.0,1.1371645,6747815.0,22.8571428571,90.8571428571,1,1,2,74.0999012857,48.8571428571,25.6377295714,29.4285714286,6372.0,,,,,71252,2013-04-07
1365897600000,201316,5475.0,5475,5475.0,5475,6e-10,81.137375,0,4,330455720131619589,2023-08-20,Rio de Janeiro,780.0,0.89303595,6747815.0,20.0,90.7142857143,0,0,2,72.8998698571,48.0,22.9354891429,26.7142857143,5395.0,,,,,71252,2013-04-14
1366502400000,201317,3931.0,3931,3931.0,3931,0.0,58.255894,0,4,330455720131719589,2023-08-20,Rio de Janeiro,601.0,0.6496366,6747815.0,19.0,91.4285714286,0,0,2,73.2174285714,43.0,22.5548177143,27.0,3838.0,,,,,71252,2013-04-21
1367107200000,201318,2865.0,2865,2865.0,2865,0.0,42.458187,0,4,330455720131819589,2023-08-20,Rio de Janeiro,441.0,0.5461499,6747815.0,20.2857142857,93.1428571429,0,0,1,72.3771491429,40.1428571429,24.3170322857,30.0,2691.0,,,,,71252,2013-04-28
1367712000000,201319,2292.0,2292,2292.0,2292,0.0,33.96655,0,1,330455720131919589,2023-08-20,Rio de Janeiro,368.0,0.560243,6747815.0,17.5714285714,91.7142857143,0,0,1,70.5117034286,42.4285714286,21.9845278571,26.0,2193.0,,,,,71252,2013-05-05
1368316800000,201320,1670.0,1670,1670.0,1670,0.0,24.748753,0,1,330455720132019589,2023-08-20,Rio de Janeiro,304.0,0.54500026,6747815.0,19.4285714286,94.0,0,0,1,75.4746722857,40.4285714286,23.5595744286,28.7142857143,1579.0,,,,,71252,2013-05-12
1368921600000,201321,1248.0,1248,1248.0,1248,0.0,18.494875,0,1,330455720132119589,2023-08-20,Rio de Janeiro,175.0,0.53874934,6747815.0,19.5714285714,93.1428571429,0,0,1,75.80119,51.0,22.3052234286,25.7142857143,1181.0,,,,,71252,2013-05-19
1369526400000,201322,816.0,816,816.0,816,0.0,12.092803,0,1,330455720132219589,2023-08-20,Rio de Janeiro,193.0,0.46904242,6747815.0,18.8571428571,94.1428571429,0,0,1,76.1129434286,50.2857142857,22.256313,26.7142857143,725.0,,,,,71252,2013-05-26
1370131200000,201323,614.0,614,614.0,614,0.0,9.099242,0,1,330455720132319589,2023-08-20,Rio de Janeiro,164.0,0.48363653,6747815.0,18.8571428571,97.4285714286,0,0,1,81.0068365714,54.0,22.3558297143,27.0,542.0,,,,,71252,2013-06-02
1370736000000,201324,520.0,520,520.0,520,0.0,7.706198,0,1,330455720132419589,2023-08-20,Rio de Janeiro,131.0,0.57466584,6747815.0,19.4285714286,94.0,0,0,1,77.1357505714,47.7142857143,22.706891,27.2857142857,458.0,,,,,71252,2013-06-09
1371340800000,201325,426.0,426,426.0,426,0.0,6.3131547,0,1,330455720132519589,2023-08-20,Rio de Janeiro,150.0,0.63933575,6747815.0,19.1428571429,94.2857142857,0,0,1,76.17658,47.5714285714,22.661409,27.4285714286,366.0,,,,,71252,2013-06-16
1371945600000,201326,281.0,281,281.0,281,0.0,4.164311,0,1,330455720132619589,2023-08-20,Rio de Janeiro,123.0,0.53617203,6747815.0,19.4285714286,92.2857142857,0,0,0,76.9263637143,51.4285714286,22.5835138571,26.8571428571,252.0,,,,,71252,2013-06-23
1372550400000,201327,223.0,223,223.0,223,0.0,3.3047736,0,1,330455720132719589,2023-08-20,Rio de Janeiro,88.0,0.54028606,6747815.0,17.5714285714,93.1428571429,0,0,0,78.8013492857,53.0,20.9448172857,24.8571428571,201.0,,,,,71252,2013-06-30
1373155200000,201328,206.0,206,206.0,206,1.7033e-06,3.05284,0,1,330455720132819589,2023-08-20,Rio de Janeiro,90.0,0.6620145,6747815.0,15.4285714286,94.0,0,0,0,74.5832957143,44.1428571429,20.3349847143,25.5714285714,172.0,,,,,71252,2013-07-07
1373760000000,201329,185.0,185,185.0,185,0.0027733098,2.7416282,0,1,330455720132919589,2023-08-20,Rio de Janeiro,84.0,0.76389366,6747815.0,19.4285714286,94.8571428571,0,0,0,74.0512527143,40.5714285714,23.1525962857,29.1428571429,144.0,,,,,71252,2013-07-14
1374364800000,201330,85.0,85,85.0,85,0.0,1.259667,0,1,330455720133019589,2023-08-20,Rio de Janeiro,57.0,0.41949344,6747815.0,16.7142857143,93.0,0,0,0,77.0854864286,53.4285714286,19.650072,22.5714285714,76.0,,,,,71252,2013-07-21
1374969600000,201331,134.0,134,134.0,134,0.03707772,1.985828,0,1,330455720133119589,2023-08-20,Rio de Janeiro,148.0,0.81312793,6747815.0,15.1428571429,94.0,0,0,0,72.278256,34.0,20.3139138571,26.8571428571,88.0,,,,,71252,2013-07-28
1375574400000,201332,93.0,93,93.0,93,0.008642891,1.3782239,0,1,330455720133219589,2023-08-20,Rio de Janeiro,155.0,0.72504103,6747815.0,18.4285714286,91.4285714286,0,0,0,70.945068,37.2857142857,22.8795497143,29.1428571429,60.0,,,,,71252,2013-08-04
1376179200000,201333,186.0,186,186.0,186,0.9999616,2.7564478,0,1,330455720133319589,2023-08-20,Rio de Janeiro,71.0,1.5829393,6747815.0,17.2857142857,88.0,0,0,0,71.9157071429,49.2857142857,20.2856662857,24.2857142857,48.0,,,,,71252,2013-08-11
1376784000000,201334,76.0,76,76.0,76,0.000310113,1.1262906,0,1,330455720133419589,2023-08-20,Rio de Janeiro,74.0,0.6125446,6747815.0,18.1428571429,90.7142857143,0,0,0,68.7184288571,39.0,22.4046511429,27.4285714286,57.0,,,,,71252,2013-08-18
1377388800000,201335,232.0,232,232.0,232,0.9999998,3.43815,0,1,330455720133519589,2023-08-20,Rio de Janeiro,63.0,1.7152306,6747815.0,16.7142857143,89.7142857143,0,0,0,69.743783,44.7142857143,20.8422942857,25.5714285714,46.0,,,,,71252,2013-08-25
1377993600000,201336,61.0,61,61.0,61,6.6e-09,0.90399635,0,1,330455720133619589,2023-08-20,Rio de Janeiro,55.0,0.434524,6747815.0,18.1428571429,90.8571428571,0,0,0,70.6968282857,42.1428571429,22.2448151429,27.1428571429,50.0,,,,,71252,2013-09-01
1378598400000,201337,83.0,83,83.0,83,5.12275e-05,1.2300278,0,1,330455720133719589,2023-08-20,Rio de Janeiro,42.0,0.5900821,6747815.0,18.4285714286,89.0,0,0,0,64.7563365714,32.1428571429,23.8322291429,29.8571428571,61.0,,,,,71252,2013-09-08
1379203200000,201338,56.0,56,56.0,56,1.72401e-05,0.8298983,0,1,330455720133819589,2023-08-20,Rio de Janeiro,115.0,0.51603377,6747815.0,21.1428571429,91.5714285714,1,0,0,66.9534548571,33.4285714286,25.7326137143,31.2857142857,45.0,,,,,71252,2013-09-15
1379808000000,201339,104.0,104,104.0,104,0.9626056,1.5412396,0,1,330455720133919589,2023-08-20,Rio de Janeiro,45.0,1.3012102,6747815.0,19.5714285714,86.8571428571,0,0,0,67.3455142857,44.0,22.0636132857,25.8571428571,61.0,,,,,71252,2013-09-22
1380412800000,201340,62.0,62,62.0,62,0.12779711,0.918816,0,1,330455720134019589,2023-08-20,Rio de Janeiro,56.0,0.82371426,6747815.0,20.5714285714,91.5714285714,0,0,0,75.3018645714,53.8571428571,23.1462598571,26.2857142857,42.0,,,,,71252,2013-09-29
1381017600000,201341,65.0,65,65.0,65,0.13181224,0.9632748,0,1,330455720134119589,2023-08-20,Rio de Janeiro,52.0,0.82977265,6747815.0,17.0,84.2857142857,0,0,0,62.8063464286,37.4285714286,21.1080934286,25.0,45.0,,,,,71252,2013-10-06
1381622400000,201342,62.0,62,62.0,62,0.1845323,0.918816,0,1,330455720134219589,2023-08-20,Rio de Janeiro,57.0,0.85665226,6747815.0,20.4285714286,87.0,0,0,0,69.6669248571,46.8571428571,23.8788158571,27.7142857143,44.0,,,,,71252,2013-10-13
1382227200000,201343,75.0,75,75.0,75,0.78015625,1.1114709,0,1,330455720134319589,2023-08-20,Rio de Janeiro,69.0,1.1387899,6747815.0,22.7142857143,84.5714285714,1,0,0,67.7420562857,43.2857142857,26.0967265714,30.7142857143,54.0,,,,,71252,2013-10-20
1382832000000,201344,73.0,73,73.0,73,0.7134864,1.0818317,0,1,330455720134419589,2023-08-20,Rio de Janeiro,66.0,1.0999337,6747815.0,19.7142857143,78.7142857143,0,0,0,59.9249534286,36.4285714286,22.7656151429,26.4285714286,55.0,,,,,71252,2013-10-27
1383436800000,201345,48.0,48,48.0,48,0.025483388,0.7113414,0,1,330455720134519589,2023-08-20,Rio de Janeiro,54.0,0.6958894,6747815.0,19.4285714286,88.5714285714,0,0,0,71.6328948571,50.4285714286,22.562738,27.0,41.0,,,,,71252,2013-11-03
1384041600000,201346,74.0,74,74.0,74,0.73651624,1.0966513,0,1,330455720134619589,2023-08-20,Rio de Janeiro,63.0,1.1123725,6747815.0,22.0,80.8571428571,1,0,0,59.674668,33.2857142857,26.5132527143,31.7142857143,52.0,,,,,71252,2013-11-10
1384646400000,201347,108.0,108,108.0,108,0.9995248,1.6005181,0,1,330455720134719589,2023-08-20,Rio de Janeiro,86.0,1.6645387,6747815.0,21.1428571429,88.4285714286,1,0,0,69.4093337143,42.7142857143,25.0672645714,29.2857142857,91.0,,,,,71252,2013-11-17
1385251200000,201348,111.0,111,111.0,111,0.99282587,1.644977,0,2,330455720134819589,2023-08-20,Rio de Janeiro,74.0,1.4314401,6747815.0,22.4285714286,90.0,1,0,0,73.9546891429,47.1428571429,25.1612815714,28.5714285714,96.0,,,,,71252,2013-11-24
1385856000000,201349,144.0,144,144.0,144,0.99831635,2.1340241,0,2,330455720134919589,2023-08-20,Rio de Janeiro,60.0,1.4611832,6747815.0,22.8571428571,90.8571428571,1,0,0,70.0645471429,44.7142857143,26.615496,30.8571428571,108.0,,,,,71252,2013-12-01
1386460800000,201350,115.0,115,115.0,115,0.48195174,1.7042553,0,2,330455720135019589,2023-08-20,Rio de Janeiro,63.0,0.99406916,6747815.0,22.7142857143,88.4285714286,1,0,0,73.8623534286,44.0,25.2312837143,28.7142857143,91.0,,,,,71252,2013-12-08
1387065600000,201351,77.0,77,77.0,77,0.00059829,1.1411102,0,2,330455720135119589,2023-08-20,Rio de Janeiro,74.0,0.6287978,6747815.0,22.2857142857,88.2857142857,1,0,0,73.3831935714,53.4285714286,24.2871917143,27.1428571429,55.0,,,,,71252,2013-12-15
1387670400000,201352,81.0,81,81.0,81,0.016955806,1.2003886,0,2,330455720135219589,2023-08-20,Rio de Janeiro,61.0,0.7349687,6747815.0,22.8571428571,90.2857142857,1,0,0,73.2630522857,48.2857142857,26.282987,30.2857142857,61.0,,,,,71252,2013-12-22
1388275200000,201401,89.0,89,89.0,89,0.4338483,1.3189454,0,2,330455720140119589,2023-08-20,Rio de Janeiro,43.0,0.9755433,6747815.0,25.0,89.0,1,0,0,65.4732601429,33.1428571429,29.5375668571,35.8571428571,96.0,,,,,3830,2013-12-29
1388880000000,201402,152.0,152,152.0,152,0.9999865,2.2525811,0,2,330455720140219589,2023-08-20,Rio de Janeiro,77.0,1.7361457,6747815.0,24.1428571429,83.1428571429,1,0,0,59.8441745714,31.2857142857,28.5874827143,34.5714285714,112.0,,,,,3830,2014-01-05
1389484800000,201403,142.0,142,142.0,142,0.9921393,2.104385,0,2,330455720140319589,2023-08-20,Rio de Janeiro,82.0,1.362265,6747815.0,23.5714285714,87.7142857143,1,0,0,65.380169,40.2857142857,27.9237614286,32.5714285714,100.0,,,,,3830,2014-01-12
1390089600000,201404,156.0,156,156.0,156,0.9406374,2.3118594,0,2,330455720140419589,2023-08-20,Rio de Janeiro,76.0,1.2028946,6747815.0,24.4285714286,84.8571428571,1,0,0,60.3848118571,31.0,28.8765168571,34.8571428571,109.0,,,,,3830,2014-01-19
1390694400000,201405,119.0,119,119.0,119,0.07038901,1.7635338,0,2,330455720140519589,2023-08-20,Rio de Janeiro,91.0,0.8334713,6747815.0,24.7142857143,81.1428571429,1,0,0,54.6360118571,25.2857142857,29.6009984286,35.5714285714,92.0,,,,,3830,2014-01-26
1391299200000,201406,125.0,125,125.0,125,0.16653086,1.8524514,0,2,330455720140619589,2023-08-20,Rio de Janeiro,65.0,0.88809794,6747815.0,25.0,75.7142857143,1,0,0,50.2580641429,20.8571428571,30.3074592857,36.5714285714,88.0,,,,,3830,2014-02-02
1391904000000,201407,119.0,119,119.0,119,0.23773713,1.7635338,0,2,330455720140719589,2023-08-20,Rio de Janeiro,77.0,0.9136612,6747815.0,24.5714285714,72.4285714286,1,0,0,49.2634411429,22.0,29.5,35.8571428571,83.0,,,,,3830,2014-02-09
1392508800000,201408,120.0,120,120.0,120,0.42336136,1.7783535,0,2,330455720140819589,2023-08-20,Rio de Janeiro,68.0,0.97554535,6747815.0,22.4285714286,87.8571428571,1,0,0,66.3106181429,38.0,26.0923742857,30.8571428571,84.0,,,,,3830,2014-02-16
1393113600000,201409,67.0,67,67.0,67,8.80397e-05,0.992914,0,2,330455720140919589,2023-08-20,Rio de Janeiro,77.0,0.57016486,6747815.0,24.2857142857,80.4285714286,1,0,0,54.0559704286,25.0,29.2750847143,35.0,50.0,,,,,3830,2014-02-23
1393718400000,201410,74.0,74,74.0,74,0.0115662115,1.0966513,0,2,330455720141019589,2023-08-20,Rio de Janeiro,75.0,0.71036154,6747815.0,23.2857142857,87.1428571429,1,0,0,71.5022634286,43.4285714286,25.9911225714,30.2857142857,61.0,,,,,3830,2014-03-02
1394323200000,201411,92.0,92,92.0,92,0.68397427,1.3634043,0,2,330455720141119589,2023-08-20,Rio de Janeiro,66.0,1.0743436,6747815.0,23.8571428571,85.5714285714,1,0,0,63.3486557143,31.4285714286,28.1210444286,34.0,58.0,,,,,3830,2014-03-09
1394928000000,201412,117.0,117,117.0,117,0.9945323,1.7338946,0,2,330455720141219589,2023-08-20,Rio de Janeiro,92.0,1.4384911,6747815.0,23.7142857143,81.1428571429,1,0,0,56.0006581429,25.7142857143,28.8555072857,35.7142857143,66.0,,,,,3830,2014-03-16
1395532800000,201413,94.0,94,94.0,94,0.55376995,1.3930435,0,2,330455720141319589,2023-08-20,Rio de Janeiro,63.0,1.0199699,6747815.0,21.8571428571,89.7142857143,1,0,0,74.9207857143,53.0,24.3000142857,27.5714285714,61.0,,,,,3830,2014-03-23
1396137600000,201414,87.0,87,87.0,87,0.1582112,1.2893063,0,2,330455720141419589,2023-08-20,Rio de Janeiro,65.0,0.86405087,6747815.0,22.7142857143,90.0,1,0,0,73.199432,49.7142857143,25.9364454286,30.1428571429,64.0,,,,,3830,2014-03-30
1396742400000,201415,86.0,86,86.0,86,0.21139742,1.2744867,0,2,330455720141519589,2023-08-20,Rio de Janeiro,76.0,0.8883371,6747815.0,21.5714285714,88.2857142857,1,0,0,66.5592462857,37.7142857143,26.0146292857,30.8571428571,67.0,,,,,3830,2014-04-06
1397347200000,201416,72.0,72,72.0,72,0.09079448,1.0670121,0,2,330455720141619589,2023-08-20,Rio de Janeiro,62.0,0.81003785,6747815.0,21.8571428571,91.0,1,0,0,77.0619057143,54.5714285714,24.26875,27.8571428571,58.0,,,,,3830,2014-04-13
1397952000000,201417,70.0,70,70.0,70,0.16117515,1.0373728,0,2,330455720141719589,2023-08-20,Rio de Janeiro,64.0,0.8519147,6747815.0,21.5714285714,88.2857142857,1,0,0,70.9701248571,48.1428571429,24.506957,28.2857142857,53.0,,,,,3830,2014-04-20
1398556800000,201418,89.0,89,89.0,89,0.83699524,1.3189454,0,1,330455720141819589,2023-08-20,Rio de Janeiro,107.0,1.1648288,6747815.0,17.2857142857,90.7142857143,0,0,0,64.4988485714,30.2857142857,21.9156108571,27.5714285714,68.0,,,,,3830,2014-04-27
1399161600000,201419,84.0,84,84.0,84,0.72471,1.2448474,0,1,330455720141919589,2023-08-20,Rio de Janeiro,159.0,1.0986131,6747815.0,20.1428571429,90.5714285714,0,0,0,70.7822474286,35.7142857143,24.0784121429,29.7142857143,63.0,,,,,3830,2014-05-04
1399766400000,201420,89.0,89,89.0,89,0.7081725,1.3189454,0,1,330455720142019589,2023-08-20,Rio de Janeiro,114.0,1.0872909,6747815.0,17.0,88.8571428571,0,0,0,68.6398114286,32.4285714286,21.4625155714,27.1428571429,69.0,,,,,3830,2014-05-11
1400371200000,201421,81.0,81,81.0,81,0.37589648,1.2003886,0,1,330455720142119589,2023-08-20,Rio de Janeiro,92.0,0.95220953,6747815.0,20.0,88.8571428571,0,0,0,71.7624761429,47.4285714286,23.4151115714,27.5714285714,58.0,,,,,3830,2014-05-18
1400976000000,201422,54.0,54,54.0,54,0.0056835413,0.80025905,0,1,330455720142219589,2023-08-20,Rio de Janeiro,80.0,0.64692557,6747815.0,18.4285714286,91.7142857143,0,0,0,75.5395811429,51.7142857143,21.1776422857,24.8571428571,38.0,,,,,3830,2014-05-25
1401580800000,201423,60.0,60,60.0,60,0.09610172,0.8891767,0,1,330455720142319589,2023-08-20,Rio de Janeiro,55.0,0.7989906,6747815.0,18.7142857143,89.0,0,0,0,70.1947371429,38.5714285714,22.2529445714,28.0,49.0,,,,,3830,2014-06-01
1402185600000,201424,49.0,49,49.0,49,0.08476432,0.726161,0,1,330455720142419589,2023-08-20,Rio de Janeiro,62.0,0.7717046,6747815.0,19.2857142857,89.8571428571,0,0,0,71.4853948571,44.0,23.2640922857,27.8571428571,44.0,,,,,3830,2014-06-08
1402790400000,201425,57.0,57,57.0,57,0.51065934,0.84471786,0,1,330455720142519589,2023-08-20,Rio de Janeiro,63.0,1.005006,6747815.0,18.5714285714,91.4285714286,0,0,0,75.9811448571,50.5714285714,21.6574525714,25.8571428571,41.0,,,,,3830,2014-06-15
1403395200000,201426,46.0,46,46.0,46,0.22127481,0.68170214,0,1,330455720142619589,2023-08-20,Rio de Janeiro,80.0,0.85774714,6747815.0,17.0,92.4285714286,0,0,0,72.1077185714,40.7142857143,21.5333104286,27.5714285714,35.0,,,,,3830,2014-06-22
1404000000000,201427,59.0,59,59.0,59,0.73488027,0.8743571,0,1,330455720142719589,2023-08-20,Rio de Janeiro,44.0,1.125908,6747815.0,19.4285714286,91.5714285714,0,0,0,74.4971454286,41.8571428571,22.8102172857,27.4285714286,39.0,,,,,3830,2014-06-29
1404604800000,201428,44.0,44,44.0,44,0.21406369,0.65206295,0,1,330455720142819589,2023-08-20,Rio de Janeiro,62.0,0.8508274,6747815.0,18.8571428571,89.0,0,0,0,74.7692365714,49.7142857143,21.5830897143,25.4285714286,30.0,,,,,3830,2014-07-06
1405209600000,201429,44.0,44,44.0,44,0.23545022,0.65206295,0,1,330455720142919589,2023-08-20,Rio de Janeiro,55.0,0.8628581,6747815.0,17.0,87.4285714286,0,0,0,65.6542567143,33.5714285714,21.174981,26.0,32.0,,,,,3830,2014-07-13
1405814400000,201430,45.0,45,45.0,45,0.3910983,0.6668825,0,1,330455720143019589,2023-08-20,Rio de Janeiro,60.0,0.94440824,6747815.0,16.8571428571,85.2857142857,0,0,0,65.5801792857,38.7142857143,20.9464954286,25.7142857143,27.0,,,,,3830,2014-07-20
1406419200000,201431,58.0,58,58.0,58,0.889307,0.8595375,0,1,330455720143119589,2023-08-20,Rio de Janeiro,64.0,1.2714456,6747815.0,16.4285714286,88.8571428571,0,0,0,77.4310037143,56.2857142857,19.0296498571,23.1428571429,42.0,,,,,3830,2014-07-27
1407024000000,201432,56.0,56,56.0,56,0.7755674,0.8298983,0,1,330455720143219589,2023-08-20,Rio de Janeiro,64.0,1.1594146,6747815.0,15.4285714286,94.1428571429,0,0,0,72.1608368571,39.4285714286,20.5389268571,26.1428571429,34.0,,,,,3830,2014-08-03
1407628800000,201433,53.0,53,53.0,53,0.4993082,0.78543943,0,1,330455720143319589,2023-08-20,Rio de Janeiro,42.0,0.99966455,6747815.0,16.2857142857,92.2857142857,0,0,0,74.8146857143,48.8571428571,20.4206867143,25.4285714286,35.0,,,,,3830,2014-08-10
1408233600000,201434,61.0,61,61.0,61,0.7079502,0.90399635,0,1,330455720143419589,2023-08-20,Rio de Janeiro,47.0,1.1066053,6747815.0,18.0,94.4285714286,0,0,0,76.458779,47.0,21.7247115714,26.5714285714,38.0,,,,,3830,2014-08-17
1408838400000,201435,64.0,64,64.0,64,0.76106936,0.94845515,0,1,330455720143519589,2023-08-20,Rio de Janeiro,81.0,1.1378425,6747815.0,17.1428571429,91.4285714286,0,0,0,71.7006051429,43.4285714286,21.5888538571,26.5714285714,42.0,,,,,3830,2014-08-24
1409443200000,201436,76.0,76,76.0,76,0.9153611,1.1262906,0,1,330455720143619589,2023-08-20,Rio de Janeiro,53.0,1.2659072,6747815.0,17.4285714286,92.2857142857,0,0,0,68.9123048571,34.0,21.9714247143,27.7142857143,57.0,,,,,3830,2014-08-31
1410048000000,201437,61.0,61,61.0,61,0.3572708,0.90399635,0,1,330455720143719589,2023-08-20,Rio de Janeiro,45.0,0.93711674,6747815.0,17.5714285714,89.8571428571,0,0,0,65.2226591429,30.1428571429,23.2848067143,29.8571428571,47.0,,,,,3830,2014-09-07
1410652800000,201438,68.0,68,68.0,68,0.5077865,1.0077336,0,1,330455720143819589,2023-08-20,Rio de Janeiro,57.0,1.0033456,6747815.0,19.2857142857,88.1428571429,0,0,0,66.047234,37.5714285714,23.8126912857,29.7142857143,50.0,,,,,3830,2014-09-14
1411257600000,201439,76.0,76,76.0,76,0.7744926,1.1262906,0,1,330455720143919589,2023-08-20,Rio de Janeiro,80.0,1.1340657,6747815.0,18.7142857143,86.4285714286,0,0,0,66.641386,36.2857142857,22.9608818571,28.0,52.0,,,,,3830,2014-09-21
1411862400000,201440,90.0,90,90.0,90,0.94812936,1.333765,0,1,330455720144019589,2023-08-20,Rio de Janeiro,65.0,1.2943598,6747815.0,20.2857142857,84.2857142857,0,0,0,64.616699,32.2857142857,23.3265195714,28.1428571429,60.0,,,,,3830,2014-09-28
1412467200000,201441,66.0,66,66.0,66,0.20555717,0.9780944,0,1,330455720144119589,2023-08-20,Rio de Janeiro,143.0,0.87124896,6747815.0,17.1428571429,81.1428571429,0,0,0,55.3984485714,25.4285714286,23.0462022857,29.7142857143,41.0,,,,,3830,2014-10-05
1413072000000,201442,63.0,63,63.0,63,0.10794555,0.93363553,0,1,330455720144219589,2023-08-20,Rio de Janeiro,105.0,0.8116666,6747815.0,20.8571428571,86.7142857143,0,0,0,67.5659562857,37.1428571429,24.8485022857,30.8571428571,45.0,,,,,3830,2014-10-12
1413676800000,201443,61.0,61,61.0,61,0.18984884,0.90399635,0,1,330455720144319589,2023-08-20,Rio de Janeiro,88.0,0.85845226,6747815.0,20.2857142857,84.5714285714,0,0,0,66.6423092857,41.0,23.4056465714,27.7142857143,45.0,,,,,3830,2014-10-19
1414281600000,201444,47.0,47,47.0,47,0.05613963,0.69652176,0,1,330455720144419589,2023-08-20,Rio de Janeiro,58.0,0.73891914,6747815.0,21.2857142857,85.5714285714,1,0,0,59.6822172857,32.1428571429,26.0636972857,31.8571428571,37.0,,,,,3830,2014-10-26
1414886400000,201445,49.0,49,49.0,49,0.2021659,0.726161,0,1,330455720144519589,2023-08-20,Rio de Janeiro,55.0,0.85113245,6747815.0,22.8571428571,82.2857142857,1,0,0,61.3533404286,35.2857142857,26.8488297143,32.5714285714,31.0,,,,,3830,2014-11-02
1415491200000,201446,54.0,54,54.0,54,0.5777514,0.80025905,0,1,330455720144619589,2023-08-20,Rio de Janeiro,47.0,1.0386878,6747815.0,20.7142857143,86.5714285714,0,0,0,69.7810808571,45.5714285714,23.8347364286,27.5714285714,43.0,,,,,3830,2014-11-09
1416096000000,201447,43.0,43,43.0,43,0.23623016,0.63724333,0,1,330455720144719589,2023-08-20,Rio de Janeiro,50.0,0.8618884,6747815.0,19.4285714286,81.7142857143,0,0,0,57.8018488571,31.5714285714,23.9975097143,29.4285714286,32.0,,,,,3830,2014-11-16
1416700800000,201448,46.0,46,46.0,46,0.3745827,0.68170214,0,1,330455720144819589,2023-08-20,Rio de Janeiro,46.0,0.93678296,6747815.0,23.0,89.2857142857,1,0,0,73.9922344286,49.5714285714,25.4422558571,29.2857142857,35.0,,,,,3830,2014-11-23
1417305600000,201449,47.0,47,47.0,47,0.5102925,0.69652176,0,1,330455720144919589,2023-08-20,Rio de Janeiro,40.0,1.0053201,6747815.0,21.8571428571,83.8571428571,1,0,0,64.9203794286,40.2857142857,25.9199597143,31.0,32.0,,,,,3830,2014-11-30
1417910400000,201450,39.0,39,39.0,39,0.2427029,0.57796484,0,2,330455720145019589,2023-08-20,Rio de Janeiro,46.0,0.8595342,6747815.0,23.2857142857,83.8571428571,1,0,0,58.551738,28.7142857143,28.0559908571,34.1428571429,24.0,,,,,3830,2014-12-07
1418515200000,201451,34.0,34,34.0,34,0.13348025,0.5038668,0,2,330455720145119589,2023-08-20,Rio de Janeiro,28.0,0.77765745,6747815.0,22.2857142857,82.4285714286,1,0,0,60.0799731429,33.8571428571,26.2231377143,30.4285714286,25.0,,,,,3830,2014-12-14
1419120000000,201452,25.0,25,25.0,25,0.03670767,0.3704903,0,2,330455720145219589,2023-08-20,Rio de Janeiro,40.0,0.63792425,6747815.0,24.4285714286,84.1428571429,1,0,0,62.3752074286,39.8571428571,28.341711,32.7142857143,17.0,,,,,3830,2014-12-21
1419724800000,201453,11.0,11,11.0,11,0.0003963088,0.16301574,0,2,330455720145319589,2023-08-20,Rio de Janeiro,39.0,0.33959693,6747815.0,25.1428571429,79.1428571429,1,0,0,55.0980791429,23.2857142857,29.7679442857,36.8571428571,19.0,,,,,3830,2014-12-28
1420329600000,201501,53.0,53,53.0,53,0.99896365,0.78543943,0,2,330455720150119589,2023-08-20,Rio de Janeiro,37.0,2.0350235,6747815.0,23.8571428571,80.5714285714,1,0,0,58.0277104286,30.1428571429,28.7668954286,34.7142857143,43.0,,,,,21437,2015-01-04
1420934400000,201502,44.0,44,44.0,44,0.9744906,0.65206295,0,2,330455720150219589,2023-08-20,Rio de Janeiro,51.0,1.5911717,6747815.0,25.8571428571,76.4285714286,1,0,0,54.599057,27.8571428571,30.2258697143,35.8571428571,32.0,,,,,21437,2015-01-11
1421539200000,201503,47.0,47,47.0,47,0.8225245,0.69652176,0,2,330455720150319589,2023-08-20,Rio de Janeiro,62.0,1.2209171,6747815.0,24.8571428571,81.0,1,0,0,61.1560384286,33.2857142857,28.5979551429,33.8571428571,38.0,,,,,21437,2015-01-18
1422144000000,201504,43.0,43,43.0,43,0.42424247,0.63724333,0,2,330455720150419589,2023-08-20,Rio de Janeiro,48.0,0.960219,6747815.0,24.2857142857,82.7142857143,1,0,0,60.409108,27.4285714286,28.6480495714,35.1428571429,30.0,,,,,21437,2015-01-25
1422748800000,201505,63.0,63,63.0,63,0.9479994,0.93363553,0,1,330455720150519589,2023-08-20,Rio de Janeiro,64.0,1.3660953,6747815.0,20.7142857143,96.7142857143,0,0,0,77.2793425714,48.5714285714,25.7480841429,30.2857142857,55.0,,,,,21437,2015-02-01
1423353600000,201506,48.0,48,48.0,48,0.46040127,0.7113414,0,1,330455720150619589,2023-08-20,Rio de Janeiro,47.0,0.9800946,6747815.0,25.2857142857,91.1428571429,1,0,0,68.658559,34.5714285714,29.5935317143,35.2857142857,41.0,,,,,21437,2015-02-08
1423958400000,201507,74.0,74,74.0,74,0.96311563,1.0966513,0,1,330455720150719589,2023-08-20,Rio de Janeiro,57.0,1.3732257,6747815.0,22.4285714286,87.2857142857,1,0,0,68.1876157143,43.1428571429,27.2830412857,32.7142857143,62.0,,,,,21437,2015-02-15
1424563200000,201508,101.0,101,101.0,101,0.9993846,1.4967808,0,2,330455720150819589,2023-08-20,Rio de Janeiro,81.0,1.6752869,6747815.0,24.7142857143,85.7142857143,1,0,0,67.4642034286,40.0,28.1493637143,32.8571428571,95.0,,,,,21437,2015-02-22
1425168000000,201509,130.0,130,130.0,130,0.9999206,1.9265496,0,2,330455720150919589,2023-08-20,Rio de Janeiro,94.0,1.7062036,6747815.0,22.7142857143,89.2857142857,1,0,0,68.4690197143,45.0,26.9564925714,31.8571428571,124.0,,,,,21437,2015-03-01
1425772800000,201510,200.0,200,200.0,200,1.0,2.9639225,0,2,330455720151019589,2023-08-20,Rio de Janeiro,129.0,1.9355465,6747815.0,24.0,91.8571428571,1,0,0,79.5580494286,49.2857142857,26.3270624286,30.7142857143,182.0,,,,,21437,2015-03-08
1426377600000,201511,277.0,277,277.0,277,1.0,4.1050324,0,2,330455720151119589,2023-08-20,Rio de Janeiro,137.0,1.9253795,6747815.0,22.8571428571,93.2857142857,1,0,0,79.186538,55.8571428571,25.9089341429,29.5714285714,240.0,,,,,21437,2015-03-15
1426982400000,201512,306.0,306,306.0,306,0.99999875,4.5348015,0,2,330455720151219589,2023-08-20,Rio de Janeiro,146.0,1.5255809,6747815.0,21.7142857143,94.1428571429,1,0,0,77.9136271429,54.4285714286,24.9292764286,28.5714285714,262.0,,,,,21437,2015-03-22
1427587200000,201513,399.0,399,399.0,399,0.99999994,5.9130254,0,2,330455720151319589,2023-08-20,Rio de Janeiro,172.0,1.5231158,6747815.0,22.4285714286,92.4285714286,1,1,1,76.0706897143,52.4285714286,25.3738958571,29.2857142857,400.0,,,,,21437,2015-03-29
1428192000000,201514,691.0,691,691.0,691,1.0,10.240352,0,3,330455720151419589,2023-08-20,Rio de Janeiro,187.0,2.066732,6747815.0,20.7142857143,91.5714285714,0,1,1,73.3478137143,50.4285714286,24.1157327143,28.5714285714,640.0,,,,,21437,2015-04-05
1428796800000,201515,864.0,864,864.0,864,1.0,12.804145,0,3,330455720151519589,2023-08-20,Rio de Janeiro,349.0,1.8663713,6747815.0,22.0,91.5714285714,1,1,1,73.0317385714,45.0,25.2475215714,30.2857142857,792.0,,,,,21437,2015-04-12
1429401600000,201516,1000.0,1000,1000.0,1000,1.0,14.819612,0,3,330455720151619589,2023-08-20,Rio de Janeiro,208.0,1.5312883,6747815.0,22.8571428571,91.0,1,1,1,78.5188234286,57.5714285714,25.2890658571,29.2857142857,940.0,,,,,21437,2015-04-19
1430006400000,201517,1211.0,1211,1211.0,1211,1.0,17.94655,0,3,330455720151719589,2023-08-20,Rio de Janeiro,291.0,1.4379389,6747815.0,19.7142857143,93.1428571429,0,1,1,78.7451151429,58.7142857143,22.41283,26.0,1182.0,,,,,21437,2015-04-26
1430611200000,201518,1359.0,1359,1359.0,1359,1.0,20.139853,0,3,330455720151819589,2023-08-20,Rio de Janeiro,598.0,1.3408679,6747815.0,19.8571428571,92.2857142857,0,1,1,76.7873592857,55.0,22.5841985714,26.1428571429,1168.0,,,,,21437,2015-05-03
1431216000000,201519,1598.0,1598,1598.0,1598,1.0,23.68174,0,3,330455720151919589,2023-08-20,Rio de Janeiro,408.0,1.342891,6747815.0,18.8571428571,94.0,0,1,1,77.0881715714,52.2857142857,22.0154661429,26.7142857143,1329.0,,,,,21437,2015-05-10
1431820800000,201520,1591.0,1591,1591.0,1591,0.99998313,23.578003,0,3,330455720152019589,2023-08-20,Rio de Janeiro,310.0,1.164995,6747815.0,19.2857142857,91.4285714286,0,1,1,74.0153428571,52.1428571429,22.5425595714,27.0,1361.0,,,,,21437,2015-05-17
1432425600000,201521,1180.0,1180,1180.0,1180,1.7e-09,17.487143,0,3,330455720152119589,2023-08-20,Rio de Janeiro,248.0,0.7946319,6747815.0,19.5714285714,93.1428571429,0,0,1,74.8451321429,46.7142857143,23.3035088571,29.0,1061.0,,,,,21437,2015-05-24
1433030400000,201522,976.0,976,976.0,976,0.0,14.463942,0,1,330455720152219589,2023-08-20,Rio de Janeiro,211.0,0.6784926,6747815.0,18.8571428571,95.7142857143,0,0,1,80.4142271429,58.1428571429,21.6820798571,25.4285714286,947.0,,,,,21437,2015-05-31
1433635200000,201523,891.0,891,891.0,891,0.0,13.204274,0,1,330455720152319589,2023-08-20,Rio de Janeiro,137.0,0.72294396,6747815.0,18.4285714286,92.2857142857,0,0,1,72.0513942857,40.2857142857,23.27992,30.2857142857,824.0,,,,,21437,2015-06-07
1434240000000,201524,959.0,959,959.0,959,0.04344668,14.2120075,0,1,330455720152419589,2023-08-20,Rio de Janeiro,116.0,0.92618364,6747815.0,18.2857142857,94.8571428571,0,0,1,79.6610562857,54.5714285714,21.6352341429,26.1428571429,828.0,,,,,21437,2015-06-14
1434844800000,201525,870.0,870,870.0,870,0.046161514,12.893063,0,1,330455720152519589,2023-08-20,Rio de Janeiro,98.0,0.92394024,6747815.0,17.0,94.8571428571,0,0,1,79.4337148571,54.1428571429,19.9232362857,23.7142857143,508.0,,,,,21437,2015-06-21
1435449600000,201526,436.0,436,436.0,436,0.0,6.461351,0,1,330455720152619589,2023-08-20,Rio de Janeiro,132.0,0.48968065,6747815.0,17.4285714286,91.4285714286,0,0,1,75.1357771429,48.4285714286,21.8607755714,26.8571428571,405.0,,,,,21437,2015-06-28
1436054400000,201527,438.0,438,438.0,438,0.0,6.49099,0,1,330455720152719589,2023-08-20,Rio de Janeiro,99.0,0.5756578,6747815.0,18.0,90.5714285714,0,0,1,75.34519,51.7142857143,20.9909272857,25.1428571429,372.0,,,,,21437,2015-07-05
1436659200000,201528,331.0,331,331.0,331,0.0,4.9052916,0,1,330455720152819589,2023-08-20,Rio de Janeiro,81.0,0.5867067,6747815.0,18.5714285714,93.1428571429,0,0,0,74.8888814286,39.4285714286,23.195491,29.8571428571,283.0,,,,,21437,2015-07-12
1437264000000,201529,327.0,327,327.0,327,9.62925e-05,4.846013,0,1,330455720152919589,2023-08-20,Rio de Janeiro,104.0,0.76165843,6747815.0,18.7142857143,91.4285714286,0,0,0,74.0592504286,48.1428571429,22.0024621429,27.0,286.0,,,,,21437,2015-07-19
1437868800000,201530,260.0,260,260.0,260,3.44555e-05,3.853099,0,1,330455720153019589,2023-08-20,Rio de Janeiro,84.0,0.7247981,6747815.0,20.0,91.4285714286,0,0,0,78.3653037143,57.5714285714,22.3663114286,26.0,229.0,,,,,21437,2015-07-26
1438473600000,201531,255.0,255,255.0,255,0.007455453,3.779001,0,1,330455720153119589,2023-08-20,Rio de Janeiro,80.0,0.8148925,6747815.0,18.2857142857,91.4285714286,0,0,0,69.1026785714,32.2857142857,23.2008928571,30.0,221.0,,,,,21437,2015-08-02
1439078400000,201532,475.0,475,475.0,475,1.0,7.0393157,0,1,330455720153219589,2023-08-20,Rio de Janeiro,76.0,1.6375388,6747815.0,16.8571428571,88.1428571429,0,1,1,68.2541762857,38.2857142857,22.0072007143,27.7142857143,245.0,,,,,21437,2015-08-09
1439683200000,201533,184.0,184,184.0,184,7.9e-09,2.7268085,0,1,330455720153319589,2023-08-20,Rio de Janeiro,79.0,0.59605885,6747815.0,18.5714285714,87.0,0,0,0,65.6675308571,36.0,23.194853,28.5714285714,149.0,,,,,21437,2015-08-16
1440288000000,201534,178.0,178,178.0,178,1e-10,2.6378908,0,1,330455720153419589,2023-08-20,Rio de Janeiro,59.0,0.55475056,6747815.0,18.5714285714,90.8571428571,0,0,0,74.075902,48.4285714286,21.8822091429,26.4285714286,142.0,,,,,21437,2015-08-23
1440892800000,201535,186.0,186,186.0,186,0.0003922293,2.7564478,0,1,330455720153519589,2023-08-20,Rio de Janeiro,84.0,0.7253758,6747815.0,18.1428571429,89.8571428571,0,0,0,71.3114128571,43.2857142857,22.2731214286,28.1428571429,104.0,,,,,21437,2015-08-30
1441497600000,201536,135.0,135,135.0,135,0.0004865467,2.0006475,0,1,330455720153619589,2023-08-20,Rio de Janeiro,103.0,0.69358534,6747815.0,19.0,93.1428571429,0,0,0,81.9518964286,63.8571428571,21.5386001429,24.4285714286,101.0,,,,,21437,2015-09-06
1442102400000,201537,107.0,107,107.0,107,0.0001129426,1.5856985,0,1,330455720153719589,2023-08-20,Rio de Janeiro,88.0,0.63769764,6747815.0,19.8571428571,91.5714285714,0,0,0,73.3617014286,47.5714285714,24.2642298571,30.0,81.0,,,,,21437,2015-09-13
1442707200000,201538,117.0,117,117.0,117,0.06287351,1.7338946,0,1,330455720153819589,2023-08-20,Rio de Janeiro,51.0,0.82649666,6747815.0,21.8571428571,87.5714285714,1,0,0,71.9226971429,47.5714285714,25.5708752857,31.0,90.0,,,,,21437,2015-09-20
1443312000000,201539,121.0,121,121.0,121,0.49864185,1.7931731,0,1,330455720153919589,2023-08-20,Rio de Janeiro,59.0,0.9995632,6747815.0,22.4285714286,90.8571428571,1,0,0,75.9940057143,55.8571428571,25.1903882857,29.0,92.0,,,,,21437,2015-09-27
1443916800000,201540,132.0,132,132.0,132,0.8277467,1.9561888,0,1,330455720154019589,2023-08-20,Rio de Janeiro,77.0,1.1271495,6747815.0,19.2857142857,87.7142857143,0,0,0,71.0914071429,47.8571428571,23.413913,27.8571428571,92.0,,,,,21437,2015-10-04
1444521600000,201541,109.0,109,109.0,109,0.21754123,1.6153377,0,1,330455720154119589,2023-08-20,Rio de Janeiro,63.0,0.90225637,6747815.0,22.7142857143,87.5714285714,1,0,0,67.7041038571,39.5714285714,26.978944,33.5714285714,79.0,,,,,21437,2015-10-11
1445126400000,201542,110.0,110,110.0,110,0.2329419,1.6301574,0,1,330455720154219589,2023-08-20,Rio de Janeiro,133.0,0.90862423,6747815.0,21.1428571429,87.5714285714,1,0,0,72.2799628571,53.0,24.1293255714,28.2857142857,85.0,,,,,21437,2015-10-18
1445731200000,201543,116.0,116,116.0,116,0.5165344,1.719075,0,2,330455720154319589,2023-08-20,Rio de Janeiro,90.0,1.0054561,6747815.0,21.2857142857,89.0,1,0,0,73.1809577143,50.5714285714,24.3723204286,28.7142857143,93.0,,,,,21437,2015-10-25
1446336000000,201544,155.0,155,155.0,155,0.99350166,2.2970397,0,2,330455720154419589,2023-08-20,Rio de Janeiro,162.0,1.3551967,6747815.0,23.0,92.0,1,0,0,80.70256375,60.5,25.032152625,28.375,115.0,,,,,21437,2015-11-01
1446940800000,201545,174.0,174,174.0,174,0.997141,2.5786126,0,2,330455720154519589,2023-08-20,Rio de Janeiro,119.0,1.3778864,6747815.0,23.4285714286,90.2857142857,1,0,0,74.6202654286,53.1428571429,26.51921,30.7142857143,138.0,,,,,21437,2015-11-08
1447545600000,201546,200.0,200,200.0,200,0.9967747,2.9639225,0,2,330455720154619589,2023-08-20,Rio de Janeiro,85.0,1.3400723,6747815.0,23.4285714286,87.5714285714,1,0,0,73.9476672857,50.0,26.2886291429,30.7142857143,174.0,,,,,21437,2015-11-15
1448150400000,201547,211.0,211,211.0,211,0.9724114,3.126938,0,2,330455720154719589,2023-08-20,Rio de Janeiro,152.0,1.2163284,6747815.0,21.7142857143,88.4285714286,1,0,0,75.7165828571,56.4285714286,24.5008075714,28.4285714286,171.0,,,,,21437,2015-11-22
1448755200000,201548,316.0,316,316.0,316,0.9999999,4.682997,0,2,330455720154819589,2023-08-20,Rio de Janeiro,433.0,1.5886909,6747815.0,21.8571428571,94.0,1,0,0,83.4605657143,66.8571428571,23.8179575714,27.2857142857,281.0,,,,,21437,2015-11-29
1449360000000,201549,413.0,413,413.0,413,1.0,6.1204996,0,2,330455720154919589,2023-08-20,Rio de Janeiro,900.0,1.7106476,6747815.0,23.4285714286,89.2857142857,1,1,1,81.8770762857,70.7142857143,24.4453948571,25.8571428571,363.0,,,,,21437,2015-12-06
1449964800000,201550,446.0,446,446.0,446,0.9999994,6.609547,0,3,330455720155019589,2023-08-20,Rio de Janeiro,258.0,1.4261699,6747815.0,24.4285714286,88.1428571429,1,1,1,77.2273807143,63.2857142857,26.2239085714,28.0,393.0,,,,,21437,2015-12-13
1450569600000,201551,312.0,312,312.0,312,0.0057580424,4.6237187,0,3,330455720155119589,2023-08-20,Rio de Janeiro,264.0,0.82475966,6747815.0,24.8571428571,83.4285714286,1,0,0,74.8888885714,63.2857142857,26.206349,28.0,280.0,,,,,21437,2015-12-20
1451174400000,201552,218.0,218,218.0,218,0.0,3.2306755,0,2,330455720155219589,2023-08-20,Rio de Janeiro,248.0,0.5689672,6747815.0,25.4285714286,84.8571428571,1,0,0,75.9339308571,65.4285714286,26.8962304286,28.5714285714,304.0,,,,,21437,2015-12-27
1451779200000,201601,550.0,550,550.0,550,1.0,8.150786,0,2,330455720160119589,2023-08-20,Rio de Janeiro,246.0,1.6245233,6747815.0,23.1428571429,86.1428571429,1,1,1,76.085932,65.7142857143,24.7084997143,26.5714285714,486.0,,,,,32497,2016-01-03
1452384000000,201602,476.0,476,476.0,476,0.9999966,7.0541353,0,3,330455720160219589,2023-08-20,Rio de Janeiro,264.0,1.3709645,6747815.0,24.4285714286,89.4285714286,1,1,1,85.0086574286,76.4285714286,25.3194447143,26.5714285714,396.0,,,,,32497,2016-01-10
1452988800000,201603,470.0,470,470.0,470,0.89967036,6.9652176,0,3,330455720160319589,2023-08-20,Rio de Janeiro,353.0,1.0889733,6747815.0,21.8571428571,90.4285714286,1,0,1,87.2857142857,82.5714285714,22.1424034286,22.8571428571,424.0,,,,,32497,2016-01-17
1453593600000,201604,476.0,476,476.0,476,0.50492364,7.0541353,0,2,330455720160419589,2023-08-20,Rio de Janeiro,301.0,1.0008001,6747815.0,24.1428571429,91.8571428571,1,0,1,81.842758,66.8571428571,25.9725198571,28.8571428571,430.0,,,,,32497,2016-01-24
1454198400000,201605,473.0,473,473.0,473,0.48573306,7.0096765,0,2,330455720160519589,2023-08-20,Rio de Janeiro,469.0,0.9976791,6747815.0,24.7142857143,86.7142857143,1,0,1,68.2063364286,45.2857142857,28.7875097143,33.8571428571,434.0,,,,,32497,2016-01-31
1454803200000,201606,646.0,646,646.0,646,0.9999996,9.573469,0,2,330455720160619589,2023-08-20,Rio de Janeiro,638.0,1.3427005,6747815.0,24.0,91.1428571429,1,1,1,70.7325221429,49.5714285714,27.4795461429,31.5714285714,555.0,,,,,32497,2016-02-07
1455408000000,201607,889.0,889,889.0,889,1.0,13.174635,0,3,330455720160719589,2023-08-20,Rio de Janeiro,683.0,1.6593621,6747815.0,24.4285714286,91.1428571429,1,1,1,84.0723612857,73.0,25.5902892857,27.1428571429,757.0,,,,,32497,2016-02-14
1456012800000,201608,875.0,875,875.0,875,1.0,12.96716,0,3,330455720160819589,2023-08-20,Rio de Janeiro,491.0,1.3210137,6747815.0,24.7142857143,89.5714285714,1,1,1,81.8395837143,70.4285714286,25.7920631429,27.5714285714,738.0,,,,,32497,2016-02-21
1456617600000,201609,1064.0,1064,1064.0,1064,1.0,15.768067,0,3,330455720160919589,2023-08-20,Rio de Janeiro,417.0,1.3170689,6747815.0,24.0,88.0,1,1,1,79.7282054286,69.8571428571,25.086078,26.4285714286,879.0,,,,,32497,2016-02-28
1457222400000,201610,1328.0,1328,1328.0,1328,1.0,19.680445,0,3,330455720161019589,2023-08-20,Rio de Janeiro,362.0,1.4273704,6747815.0,25.2857142857,89.0,1,1,1,83.0568071429,75.7142857143,25.8543151429,26.7142857143,1063.0,,,,,32497,2016-03-06
1457827200000,201611,1462.0,1462,1462.0,1462,1.0,21.666273,0,3,330455720161119589,2023-08-20,Rio de Janeiro,418.0,1.3444966,6747815.0,23.2857142857,93.2857142857,1,1,1,87.8478077143,79.8571428571,24.0195617143,25.2857142857,1218.0,,,,,32497,2016-03-13
1458432000000,201612,1877.0,1877,1877.0,1877,1.0,27.816412,0,3,330455720161219589,2023-08-20,Rio de Janeiro,905.0,1.450963,6747815.0,23.7142857143,91.7142857143,1,1,1,84.6715902857,75.5714285714,24.8051945714,26.0,1600.0,,,,,32497,2016-03-20
1459036800000,201613,3127.0,3127,3127.0,3127,1.0,46.340927,0,3,330455720161319589,2023-08-20,Rio de Janeiro,391.0,1.9678502,6747815.0,24.2857142857,93.2857142857,1,1,2,86.7307868571,77.2857142857,25.3334607143,26.5714285714,2560.0,,,,,32497,2016-03-27
1459641600000,201614,2968.0,2968,2968.0,2968,1.0,43.984608,0,3,330455720161419589,2023-08-20,Rio de Janeiro,427.0,1.4160323,6747815.0,23.1428571429,92.0,1,1,1,84.3746485714,76.1428571429,24.3362101429,25.7142857143,2307.0,,,,,32497,2016-04-03
1460246400000,201615,2863.0,2863,2863.0,2863,0.99693316,42.42855,0,3,330455720161519589,2023-08-20,Rio de Janeiro,240.0,1.0765663,6747815.0,24.1428571429,91.1428571429,1,1,1,73.4763242857,47.7142857143,27.0495775714,31.2857142857,2262.0,,,,,32497,2016-04-10
1460851200000,201616,2312.0,2312,2312.0,2312,0.0,34.262943,0,3,330455720161619589,2023-08-20,Rio de Janeiro,126.0,0.806617,6747815.0,23.2857142857,88.4285714286,1,0,1,75.3020821429,54.8571428571,26.0113095714,30.0,1847.0,,,,,32497,2016-04-17
1461456000000,201617,2254.0,2254,2254.0,2254,0.0,33.403404,0,2,330455720161719589,2023-08-20,Rio de Janeiro,105.0,0.8290365,6747815.0,21.5714285714,86.4285714286,1,0,1,78.9060062857,69.1428571429,22.4208602857,23.4285714286,1785.0,,,,,32497,2016-04-24
1462060800000,201618,1339.0,1339,1339.0,1339,0.0,19.84346,0,1,330455720161819589,2023-08-20,Rio de Janeiro,99.0,0.5562549,6747815.0,18.4285714286,90.5714285714,0,0,1,84.2525521429,74.0,19.5986521429,21.0,1107.0,,,,,32497,2016-05-01
1462665600000,201619,1232.0,1232,1232.0,1232,0.0,18.257763,0,1,330455720161919589,2023-08-20,Rio de Janeiro,90.0,0.6107115,6747815.0,20.8571428571,91.0,0,0,1,86.001908,77.0,21.7888465714,22.8571428571,1009.0,,,,,32497,2016-05-08
1463270400000,201620,976.0,976,976.0,976,0.0,14.463942,0,1,330455720162019589,2023-08-20,Rio de Janeiro,119.0,0.62232745,6747815.0,20.0,93.2857142857,0,0,1,85.9360391429,75.2857142857,21.2558442857,22.4285714286,613.0,,,,,32497,2016-05-15
1463875200000,201621,503.0,503,503.0,503,0.0,7.4542646,0,1,330455720162119589,2023-08-20,Rio de Janeiro,51.0,0.41530907,6747815.0,18.2857142857,93.1428571429,0,0,1,85.5237014286,75.4285714286,19.5521914286,21.0,419.0,,,,,32497,2016-05-22
1464480000000,201622,540.0,540,540.0,540,0.0,8.00259,0,1,330455720162219589,2023-08-20,Rio de Janeiro,37.0,0.5863581,6747815.0,20.0,93.1428571429,0,0,1,86.5875,77.0,20.8392857143,22.0,427.0,,,,,32497,2016-05-29
1465084800000,201623,508.0,508,508.0,508,1.5367e-06,7.5283628,0,1,330455720162319589,2023-08-20,Rio de Janeiro,47.0,0.7608444,6747815.0,18.4285714286,91.5714285714,0,0,1,85.9749194286,77.7142857143,18.9789771429,19.7142857143,367.0,,,,,32497,2016-06-05
1465689600000,201624,314.0,314,314.0,314,0.0,4.653358,0,1,330455720162419589,2023-08-20,Rio de Janeiro,26.0,0.5865298,6747815.0,14.1428571429,90.5714285714,0,0,0,82.318182,67.8571428571,15.603896,17.5714285714,214.0,,,,,32497,2016-06-12
1466294400000,201625,262.0,262,262.0,262,0.0,3.8827384,0,1,330455720162519589,2023-08-20,Rio de Janeiro,42.0,0.57569623,6747815.0,17.7142857143,89.7142857143,0,0,0,84.6049505714,74.8571428571,18.5300322857,19.4285714286,181.0,,,,,32497,2016-06-19
1466899200000,201626,234.0,234,234.0,234,2.394e-07,3.4677892,0,1,330455720162619589,2023-08-20,Rio de Janeiro,39.0,0.65779114,6747815.0,17.4285714286,95.2857142857,0,0,0,89.0090905714,78.5714285714,18.6406928571,20.0,146.0,,,,,32497,2016-06-26
1467504000000,201627,228.0,228,228.0,228,0.01123272,3.3788714,0,1,330455720162719589,2023-08-20,Rio de Janeiro,36.0,0.81626177,6747815.0,17.1428571429,89.2857142857,0,0,0,81.8984121429,71.0,18.8205357143,20.8571428571,132.0,,,,,32497,2016-07-03
1468108800000,201628,187.0,187,187.0,187,0.0042753317,2.7712674,0,1,330455720162819589,2023-08-20,Rio de Janeiro,28.0,0.77499455,6747815.0,17.5714285714,94.0,0,0,0,83.2477627143,67.0,19.7804115714,22.5714285714,119.0,,,,,32497,2016-07-10
1468713600000,201629,143.0,143,143.0,143,5.26011e-05,2.1192045,0,1,330455720162919589,2023-08-20,Rio de Janeiro,41.0,0.66156155,6747815.0,16.2857142857,84.5714285714,0,0,0,75.6039665714,61.7142857143,17.4207281429,18.5714285714,94.0,,,,,32497,2016-07-17
1469318400000,201630,133.0,133,133.0,133,0.0016055547,1.9710084,0,1,330455720163019589,2023-08-20,Rio de Janeiro,64.0,0.717399,6747815.0,16.8571428571,91.7142857143,0,0,0,84.2075222857,73.0,18.3124727143,19.8571428571,95.0,,,,,32497,2016-07-24
1469923200000,201631,95.0,95,95.0,95,0.0001052893,1.4078631,0,1,330455720163119589,2023-08-20,Rio de Janeiro,93.0,0.62095135,6747815.0,17.7142857143,89.1428571429,0,0,0,77.2278764286,62.7142857143,19.6906714286,21.7142857143,61.0,,,,,32497,2016-07-31
1470528000000,201632,95.0,95,95.0,95,0.015767604,1.4078631,0,1,330455720163219589,2023-08-20,Rio de Janeiro,80.0,0.7485267,6747815.0,17.8571428571,85.7142857143,0,0,0,78.3549517143,66.5714285714,18.999838,20.2857142857,45.0,,,,,32497,2016-08-07
1471132800000,201633,74.0,74,74.0,74,0.008828992,1.0966513,0,1,330455720163319589,2023-08-20,Rio de Janeiro,28.0,0.7004624,6747815.0,18.5714285714,89.8571428571,0,0,0,82.2345777143,72.7142857143,20.0120128571,21.7142857143,57.0,,,,,32497,2016-08-14
1471737600000,201634,63.0,63,63.0,63,0.014006051,0.93363553,0,1,330455720163419589,2023-08-20,Rio de Janeiro,17.0,0.6997363,6747815.0,15.7142857143,90.5714285714,0,0,0,78.1625808571,62.5714285714,18.3731331429,21.0,38.0,,,,,32497,2016-08-21
1472342400000,201635,64.0,64,64.0,64,0.13686503,0.94845515,0,1,330455720163519589,2023-08-20,Rio de Janeiro,27.0,0.8317465,6747815.0,19.4285714286,89.7142857143,0,0,0,79.7764314286,60.8571428571,21.2135487143,23.4285714286,47.0,,,,,32497,2016-08-28
1472947200000,201636,48.0,48,48.0,48,0.039619915,0.7113414,0,1,330455720163619589,2023-08-20,Rio de Janeiro,24.0,0.7198013,6747815.0,20.5714285714,88.2857142857,0,0,0,80.1710228571,69.4285714286,21.3379057143,22.4285714286,38.0,,,,,32497,2016-09-04
1473552000000,201637,50.0,50,50.0,50,0.18042967,0.7409806,0,1,330455720163719589,2023-08-20,Rio de Janeiro,10.0,0.8400555,6747815.0,21.1428571429,82.0,1,0,0,74.1457975714,64.0,22.117262,23.1428571429,41.0,,,,,32497,2016-09-11
1474156800000,201638,47.0,47,47.0,47,0.27291235,0.69652176,0,1,330455720163819589,2023-08-20,Rio de Janeiro,20.0,0.8865631,6747815.0,19.0,90.5714285714,0,0,0,82.7192005714,74.1428571429,20.0947261429,21.1428571429,35.0,,,,,32497,2016-09-18
1474761600000,201639,32.0,32,32.0,32,0.03245838,0.47422758,0,1,330455720163919589,2023-08-20,Rio de Janeiro,16.0,0.6610653,6747815.0,17.8571428571,91.4285714286,0,0,0,86.0699494286,77.4285714286,18.6718165714,19.5714285714,19.0,,,,,32497,2016-09-25
1475366400000,201640,34.0,34,34.0,34,0.14320257,0.5038668,0,1,330455720164019589,2023-08-20,Rio de Janeiro,12.0,0.78501403,6747815.0,18.1428571429,90.5714285714,0,0,0,82.1857601429,69.1428571429,19.439869,21.1428571429,27.0,,,,,32497,2016-10-02
1475971200000,201641,39.0,39,39.0,39,0.5733653,0.57796484,0,1,330455720164119589,2023-08-20,Rio de Janeiro,22.0,1.0429937,6747815.0,20.8571428571,85.1428571429,0,0,0,77.5217357143,68.0,21.7247565714,23.0,28.0,,,,,32497,2016-10-09
1476576000000,201642,63.0,63,63.0,63,0.9958121,0.93363553,0,1,330455720164219589,2023-08-20,Rio de Janeiro,32.0,1.7068048,6747815.0,23.4285714286,86.4285714286,1,0,0,81.0249435714,73.4285714286,24.4192885714,25.5714285714,46.0,,,,,32497,2016-10-16
1477180800000,201643,54.0,54,54.0,54,0.84786695,0.80025905,0,1,330455720164319589,2023-08-20,Rio de Janeiro,16.0,1.2303993,6747815.0,21.2857142857,83.7142857143,1,0,0,79.0697271429,72.0,22.0634355714,22.7142857143,47.0,,,,,32497,2016-10-23
1477785600000,201644,37.0,37,37.0,37,0.058928214,0.54832566,0,1,330455720164419589,2023-08-20,Rio de Janeiro,35.0,0.71680164,6747815.0,20.5714285714,85.0,0,0,0,77.9994385714,68.8571428571,21.613259,22.5714285714,34.0,,,,,32497,2016-10-30
1478390400000,201645,65.0,65,65.0,65,0.8953836,0.9632748,0,1,330455720164519589,2023-08-20,Rio de Janeiro,28.0,1.2618896,6747815.0,21.7142857143,88.1428571429,1,0,0,82.8491414286,73.0,22.8086918571,24.8571428571,53.0,,,,,32497,2016-11-06
1478995200000,201646,72.0,72,72.0,72,0.97144926,1.0670121,0,1,330455720164619589,2023-08-20,Rio de Janeiro,18.0,1.411167,6747815.0,20.8571428571,93.2857142857,0,0,0,83.1088544286,70.5714285714,22.1137831429,23.2857142857,64.0,,,,,32497,2016-11-13
1479600000000,201647,107.0,107,107.0,107,0.99981135,1.5856985,0,1,330455720164719589,2023-08-20,Rio de Janeiro,26.0,1.7459958,6747815.0,20.4285714286,85.8571428571,0,0,0,77.2405757143,67.4285714286,21.60496,22.8571428571,82.0,,,,,32497,2016-11-20
1480204800000,201648,133.0,133,133.0,133,0.9998816,1.9710084,0,1,330455720164819589,2023-08-20,Rio de Janeiro,36.0,1.6673126,6747815.0,22.1428571429,83.2857142857,1,0,0,72.2297725714,60.0,24.1194185714,26.2857142857,118.0,,,,,32497,2016-11-27
1480809600000,201649,127.0,127,127.0,127,0.9450684,1.8820907,0,1,330455720164919589,2023-08-20,Rio de Janeiro,33.0,1.2350675,6747815.0,22.2857142857,90.7142857143,1,0,0,82.4947415714,73.0,23.0922621429,24.2857142857,116.0,,,,,32497,2016-12-04
1481414400000,201650,102.0,102,102.0,102,0.12097363,1.5116004,0,2,330455720165019589,2023-08-20,Rio de Janeiro,22.0,0.85450035,6747815.0,23.0,92.4285714286,1,0,0,84.8356144286,76.5714285714,23.884325,25.0,97.0,,,,,32497,2016-12-11
1482019200000,201651,135.0,135,135.0,135,0.8110139,2.0006475,0,2,330455720165119589,2023-08-20,Rio de Janeiro,17.0,1.116418,6747815.0,23.1428571429,87.0,1,0,0,75.4131951429,60.2857142857,24.9980158571,27.1428571429,123.0,,,,,32497,2016-12-18
1482624000000,201652,252.0,252,252.0,252,1.0,3.7345421,0,2,330455720165219589,2023-08-20,Rio de Janeiro,13.0,2.0102282,6747815.0,25.5714285714,85.1428571429,1,0,0,73.7981792857,58.7142857143,27.3815921429,30.1428571429,96.0,,,,,32497,2016-12-25
1483228800000,201701,196.0,196,196.0,196,0.9797643,2.904644,0,2,330455720170119589,2023-08-20,Rio de Janeiro,68.0,1.243988,6747815.0,25.7142857143,87.4285714286,1,0,0,73.5362105714,58.7142857143,27.7683532857,30.2857142857,150.0,,,,,4506,2017-01-01
1483833600000,201702,213.0,213,213.0,213,0.7672995,3.1565773,0,2,330455720170219589,2023-08-20,Rio de Janeiro,34.0,1.0745976,6747815.0,25.0,87.4285714286,1,0,0,81.5944061429,74.5714285714,25.8047232857,26.8571428571,181.0,,,,,4506,2017-01-08
1484438400000,201703,219.0,219,219.0,219,0.66303074,3.245495,0,2,330455720170319589,2023-08-20,Rio de Janeiro,20.0,1.0414134,6747815.0,24.0,88.7142857143,1,0,0,79.8873991429,69.0,25.8526787143,27.5714285714,172.0,,,,,4506,2017-01-15
1485043200000,201704,282.0,282,282.0,282,0.99873775,4.1791306,0,2,330455720170419589,2023-08-20,Rio de Janeiro,51.0,1.3126299,6747815.0,24.7142857143,91.1428571429,1,0,0,81.5594051429,70.5714285714,26.1001621429,27.8571428571,223.0,,,,,4506,2017-01-22
1485648000000,201705,237.0,237,237.0,237,0.5975572,3.512248,0,2,330455720170519589,2023-08-20,Rio de Janeiro,40.0,1.0230643,6747815.0,24.2857142857,86.5714285714,1,0,0,78.7167665714,67.8571428571,25.5530751429,27.0,195.0,,,,,4506,2017-01-29
1486252800000,201706,236.0,236,236.0,236,0.29278275,3.4974284,0,2,330455720170619589,2023-08-20,Rio de Janeiro,35.0,0.9516709,6747815.0,24.2857142857,86.8571428571,1,0,0,80.7517842857,73.7142857143,25.5284441429,26.7142857143,181.0,,,,,4506,2017-02-05
1486857600000,201707,223.0,223,223.0,223,0.15730411,3.3047736,0,2,330455720170719589,2023-08-20,Rio de Janeiro,39.0,0.9112278,6747815.0,24.0,83.4285714286,1,0,0,74.948412,65.0,25.4399795714,27.0,186.0,,,,,4506,2017-02-12
1487462400000,201708,115.0,115,115.0,115,4e-10,1.7042553,0,2,330455720170819589,2023-08-20,Rio de Janeiro,34.0,0.5046279,6747815.0,23.8571428571,83.0,1,0,0,74.3353537143,62.2857142857,25.2783548571,26.8571428571,95.0,,,,,4506,2017-02-19
1488067200000,201709,131.0,131,131.0,131,0.0001833132,1.9413692,0,2,330455720170919589,2023-08-20,Rio de Janeiro,26.0,0.67164356,6747815.0,24.1428571429,88.5714285714,1,0,0,80.4177485714,68.4285714286,25.3017317143,27.1428571429,117.0,,,,,4506,2017-02-26
1488672000000,201710,135.0,135,135.0,135,0.14852108,2.0006475,0,2,330455720171019589,2023-08-20,Rio de Janeiro,21.0,0.8843467,6747815.0,24.7142857143,87.1428571429,1,0,0,79.5125,69.8571428571,26.1194442857,27.4285714286,118.0,,,,,4506,2017-03-05
1489276800000,201711,159.0,159,159.0,159,0.9244415,2.3563182,0,2,330455720171119589,2023-08-20,Rio de Janeiro,28.0,1.1825366,6747815.0,23.5714285714,89.4285714286,1,0,0,80.6729162857,69.2857142857,25.249603,27.1428571429,144.0,,,,,4506,2017-03-12
1489881600000,201712,134.0,134,134.0,134,0.39258537,1.985828,0,1,330455720171219589,2023-08-20,Rio de Janeiro,33.0,0.96755993,6747815.0,20.7142857143,89.8571428571,0,0,0,84.035035,75.2857142857,21.8279198571,23.0,113.0,,,,,4506,2017-03-19
1490486400000,201713,123.0,123,123.0,123,0.1120885,1.8228123,0,1,330455720171319589,2023-08-20,Rio de Janeiro,41.0,0.8614923,6747815.0,21.0,91.4285714286,0,0,0,83.0007127143,72.0,21.9647272857,23.0,108.0,,,,,4506,2017-03-26
1491091200000,201714,129.0,129,129.0,129,0.3214302,1.9117299,0,1,330455720171419589,2023-08-20,Rio de Janeiro,18.0,0.94475096,6747815.0,21.8571428571,90.8571428571,1,0,0,84.3815382857,76.1428571429,22.6971497143,23.5714285714,118.0,,,,,4506,2017-04-02
1491696000000,201715,95.0,95,95.0,95,0.015467891,1.4078631,0,1,330455720171519589,2023-08-20,Rio de Janeiro,13.0,0.7478083,6747815.0,22.2857142857,91.5714285714,1,0,0,84.1411522857,72.4285714286,23.5427578571,24.7142857143,82.0,,,,,4506,2017-04-09
1492300800000,201716,86.0,86,86.0,86,0.0149122225,1.2744867,0,2,330455720171619589,2023-08-20,Rio de Janeiro,20.0,0.73621243,6747815.0,21.1428571429,86.7142857143,1,0,0,79.3530514286,68.4285714286,22.5196045714,24.0,81.0,,,,,4506,2017-04-16
1492905600000,201717,87.0,87,87.0,87,0.13886528,1.2893063,0,1,330455720171719589,2023-08-20,Rio de Janeiro,14.0,0.8539737,6747815.0,19.8571428571,93.1428571429,0,0,0,86.9110391429,78.2857142857,20.7065474286,21.7142857143,79.0,,,,,4506,2017-04-23
1493510400000,201718,95.0,95,95.0,95,0.61546606,1.4078631,0,1,330455720171819589,2023-08-20,Rio de Janeiro,12.0,1.043899,6747815.0,18.8571428571,94.0,0,0,0,86.0430105714,76.1428571429,19.9677128571,21.0,90.0,,,,,4506,2017-04-30
1494115200000,201719,86.0,86,86.0,86,0.41402218,1.2744867,0,1,330455720171919589,2023-08-20,Rio de Janeiro,14.0,0.96775556,6747815.0,19.2857142857,90.7142857143,0,0,0,83.8135341429,73.7142857143,20.4415672857,21.5714285714,79.0,,,,,4506,2017-05-07
1494720000000,201720,52.0,52,52.0,52,0.0011719248,0.7706198,0,1,330455720172019589,2023-08-20,Rio de Janeiro,27.0,0.59327084,6747815.0,19.0,90.0,0,0,0,83.5490262857,73.2857142857,19.7954545714,20.7142857143,46.0,,,,,4506,2017-05-14
1495324800000,201721,34.0,34,34.0,34,1.76324e-05,0.5038668,0,1,330455720172119589,2023-08-20,Rio de Janeiro,31.0,0.44267556,6747815.0,19.1428571429,91.4285714286,0,0,0,88.2522371429,83.2857142857,19.67316,20.1428571429,33.0,,,,,4506,2017-05-21
1495929600000,201722,58.0,58,58.0,58,0.48370397,0.8595375,0,1,330455720172219589,2023-08-20,Rio de Janeiro,22.0,0.99248236,6747815.0,19.1428571429,92.7142857143,0,0,0,86.8458862857,80.8571428571,20.0717892857,20.7142857143,47.0,,,,,4506,2017-05-28
1496534400000,201723,74.0,74,74.0,74,0.9875983,1.0966513,0,1,330455720172319589,2023-08-20,Rio de Janeiro,27.0,1.5024719,6747815.0,19.5714285714,90.8571428571,0,0,0,84.0722228571,76.0,20.5734128571,21.4285714286,40.0,,,,,4506,2017-06-04
1497139200000,201724,34.0,34,34.0,34,0.0145796435,0.5038668,0,1,330455720172419589,2023-08-20,Rio de Janeiro,12.0,0.6260508,6747815.0,17.5714285714,94.0,0,0,0,88.6922891429,80.0,18.4409091429,19.5714285714,28.0,,,,,4506,2017-06-11
1497744000000,201725,38.0,38,38.0,38,0.031270593,0.5631453,0,1,330455720172519589,2023-08-20,Rio de Janeiro,14.0,0.67963344,6747815.0,18.5714285714,93.1428571429,0,0,0,88.5304472857,83.0,19.4232322857,20.0,30.0,,,,,4506,2017-06-18
1498348800000,201726,29.0,29,29.0,29,0.026639953,0.42976874,0,1,330455720172619589,2023-08-20,Rio de Janeiro,17.0,0.6370862,6747815.0,16.7142857143,92.5714285714,0,0,0,87.0744151429,80.4285714286,17.7423911429,18.7142857143,21.0,,,,,4506,2017-06-25
1498953600000,201727,31.0,31,31.0,31,0.2563922,0.459408,0,1,330455720172719589,2023-08-20,Rio de Janeiro,15.0,0.85317916,6747815.0,16.0,90.7142857143,0,0,0,84.825,76.7142857143,17.0035714286,17.8571428571,30.0,,,,,4506,2017-07-02
1499558400000,201728,30.0,30,30.0,30,0.3963358,0.44458836,0,1,330455720172819589,2023-08-20,Rio de Janeiro,14.0,0.9358477,6747815.0,17.1428571429,90.7142857143,0,0,0,85.2965374286,78.1428571429,18.4896102857,19.5714285714,27.0,,,,,4506,2017-07-09
1500163200000,201729,40.0,40,40.0,40,0.85856926,0.59278446,0,1,330455720172919589,2023-08-20,Rio de Janeiro,13.0,1.2896798,6747815.0,17.8571428571,88.8571428571,0,0,0,83.9523805714,77.0,18.54127,19.2857142857,31.0,,,,,4506,2017-07-16
1500768000000,201730,33.0,33,33.0,33,0.5164093,0.4890472,0,1,330455720173019589,2023-08-20,Rio de Janeiro,14.0,1.0101411,6747815.0,17.4285714286,89.0,0,0,0,82.9063485714,74.0,18.4327202857,19.4285714286,26.0,,,,,4506,2017-07-23
1501372800000,201731,39.0,39,39.0,39,0.6750643,0.57796484,0,1,330455720173119589,2023-08-20,Rio de Janeiro,12.0,1.1106404,6747815.0,16.8571428571,89.0,0,0,0,80.3968257143,70.0,18.2555557143,19.5714285714,30.0,,,,,4506,2017-07-30
1501977600000,201732,24.0,24,24.0,24,0.0685164,0.3556707,0,1,330455720173219589,2023-08-20,Rio de Janeiro,13.0,0.6791629,6747815.0,17.2857142857,84.4285714286,0,0,0,79.3532477143,70.2857142857,18.3468975714,19.4285714286,21.0,,,,,4506,2017-08-06
1502582400000,201733,27.0,27,27.0,27,0.21367541,0.40012953,0,1,330455720173319589,2023-08-20,Rio de Janeiro,13.0,0.8155714,6747815.0,19.0,87.5714285714,0,0,0,83.6707477143,78.2857142857,19.4070295714,19.8571428571,22.0,,,,,4506,2017-08-13
1503187200000,201734,35.0,35,35.0,35,0.759021,0.5186864,0,1,330455720173419589,2023-08-20,Rio de Janeiro,15.0,1.1905813,6747815.0,17.5714285714,89.1428571429,0,0,0,82.3829371429,75.1428571429,18.1821428571,18.8571428571,32.0,,,,,4506,2017-08-20
1503792000000,201735,31.0,31,31.0,31,0.6036627,0.459408,0,1,330455720173519589,2023-08-20,Rio de Janeiro,22.0,1.0697501,6747815.0,17.7142857143,85.2857142857,0,0,0,80.4974022857,72.5714285714,18.8849721429,20.0,25.0,,,,,4506,2017-08-27
1504396800000,201736,32.0,32,32.0,32,0.54043984,0.47422758,0,1,330455720173619589,2023-08-20,Rio de Janeiro,13.0,1.0257037,6747815.0,16.4,86.8,0,0,0,74.883888,60.0,18.6268058,21.0,24.0,,,,,4506,2017-09-03
1505001600000,201737,36.0,36,36.0,36,0.6831768,0.53350604,0,1,330455720173719589,2023-08-20,Rio de Janeiro,12.0,1.121764,6747815.0,17.16,,0,0,0,,,,,25.0,,,,,4506,2017-09-10
1505606400000,201738,54.0,54,54.0,54,0.9847329,0.80025905,0,1,330455720173819589,2023-08-20,Rio de Janeiro,22.0,1.5926236,6747815.0,17.92,,0,0,0,,,,,41.0,,,,,4506,2017-09-17
1506211200000,201739,37.0,37,37.0,37,0.4087082,0.54832566,0,1,330455720173919589,2023-08-20,Rio de Janeiro,25.0,0.94868016,6747815.0,18.68,,0,0,0,,,,,22.0,,,,,4506,2017-09-24
1506816000000,201740,59.0,59,59.0,59,0.92768115,0.8743571,0,1,330455720174019589,2023-08-20,Rio de Janeiro,15.0,1.3329707,6747815.0,19.44,,0,0,0,,,,,47.0,,,,,4506,2017-10-01
1507420800000,201741,56.0,56,56.0,56,0.8074577,0.8298983,0,1,330455720174119589,2023-08-20,Rio de Janeiro,7.0,1.1860199,6747815.0,20.2,,0,0,0,,,,,45.0,,,,,4506,2017-10-08
1508025600000,201742,61.0,61,61.0,61,0.7909206,0.90399635,0,1,330455720174219589,2023-08-20,Rio de Janeiro,12.0,1.1638176,6747815.0,20.96,,0,0,0,,,,,47.0,,,,,4506,2017-10-15
1508630400000,201743,53.0,53,53.0,53,0.36920893,0.78543943,0,1,330455720174319589,2023-08-20,Rio de Janeiro,13.0,0.9383749,6747815.0,21.72,,1,0,0,,,,,43.0,,,,,4506,2017-10-22
1509235200000,201744,38.0,38,38.0,38,0.029924473,0.5631453,0,1,330455720174419589,2023-08-20,Rio de Janeiro,22.0,0.6771365,6747815.0,22.48,,1,0,0,,,,,29.0,,,,,4506,2017-10-29
1509840000000,201745,59.0,59,59.0,59,0.7608658,0.8743571,0,2,330455720174519589,2023-08-20,Rio de Janeiro,30.0,1.1439759,6747815.0,23.24,,1,0,0,,,,,45.0,,,,,4506,2017-11-05
1510444800000,201746,56.0,56,56.0,56,0.7589698,0.8298983,0,2,330455720174619589,2023-08-20,Rio de Janeiro,31.0,1.1467513,6747815.0,24.0,80.860733,1,0,0,54.200398,33.575339,28.951087,34.5,46.0,,,,,4506,2017-11-12
1511049600000,201747,49.0,49,49.0,49,0.3796327,0.726161,0,2,330455720174719589,2023-08-20,Rio de Janeiro,16.0,0.94107985,6747815.0,22.1428571429,90.0793157143,1,0,0,77.7171978571,58.370172,24.5238097143,28.1428571429,44.0,,,,,4506,2017-11-19
1511654400000,201748,61.0,61,61.0,61,0.7419475,0.90399635,0,2,330455720174819589,2023-08-20,Rio de Janeiro,22.0,1.1283374,6747815.0,22.7142857143,86.3053362857,1,0,0,72.2437457143,59.8332214286,25.1666668571,27.4285714286,50.0,,,,,4506,2017-11-26
1512259200000,201749,84.0,84,84.0,84,0.9919083,1.2448474,0,2,330455720174919589,2023-08-20,Rio de Janeiro,17.0,1.50659,6747815.0,23.2857142857,82.1045428571,1,0,0,76.8028658571,69.9088427143,24.257993,25.8571428571,66.0,,,,,4506,2017-12-03
1512864000000,201750,67.0,67,67.0,67,0.62325805,0.992914,0,2,330455720175019589,2023-08-20,Rio de Janeiro,6.0,1.0563638,6747815.0,22.7142857143,84.1175907143,1,0,0,77.2555742857,69.5498814286,23.6238094286,24.8571428571,53.0,,,,,4506,2017-12-10
1513468800000,201751,56.0,56,56.0,56,0.099012785,0.8298983,0,2,330455720175119589,2023-08-20,Rio de Janeiro,4.0,0.79535747,6747815.0,24.5714285714,84.2674985714,1,0,0,76.7526777143,66.1679732857,25.796032,27.5714285714,48.0,,,,,4506,2017-12-17
1514073600000,201752,58.0,58,58.0,58,0.20325096,0.8595375,0,2,330455720175219589,2023-08-20,Rio de Janeiro,20.0,0.86239326,6747815.0,24.5714285714,88.764086,1,0,0,82.025202,69.260658,25.6821428571,27.7142857143,46.0,,,,,4506,2017-12-24
1514678400000,201801,133.0,133,133.0,133,0.9999996,1.9710084,0,2,330455720180119589,2023-08-20,Rio de Janeiro,23.0,2.0594568,6747815.0,24.4285714286,90.2916894286,1,0,0,82.4826302857,75.1492357143,25.1777778571,26.4285714286,72.0,,,,,7465,2017-12-31
1515283200000,201802,105.0,105,105.0,105,0.975069,1.5560592,0,2,330455720180219589,2023-08-20,Rio de Janeiro,28.0,1.3369311,6747815.0,24.0,88.7877574286,1,0,0,78.6560084286,63.9213174286,25.7687891429,28.7142857143,83.0,,,,,7465,2018-01-07
1515888000000,201803,126.0,126,126.0,126,0.9393579,1.8672711,0,2,330455720180319589,2023-08-20,Rio de Janeiro,49.0,1.2276493,6747815.0,25.1428571429,85.1093485714,1,0,0,73.423488,59.1629068571,26.8273811429,29.0,106.0,,,,,7465,2018-01-14
1516492800000,201804,97.0,97,97.0,97,0.13153379,1.4375024,0,2,330455720180419589,2023-08-20,Rio de Janeiro,57.0,0.85700226,6747815.0,25.5714285714,84.4616531429,1,0,0,77.9716627143,67.6510988571,26.574603,28.1428571429,74.0,,,,,7465,2018-01-21
1517097600000,201805,107.0,107,107.0,107,0.35826826,1.5856985,0,2,330455720180519589,2023-08-20,Rio de Janeiro,13.0,0.95223445,6747815.0,23.2857142857,87.9056285714,1,0,0,82.02291,74.9154138571,24.1142857143,25.2857142857,94.0,,,,,7465,2018-01-28
1517702400000,201806,74.0,74,74.0,74,0.009344799,1.0966513,0,2,330455720180619589,2023-08-20,Rio de Janeiro,29.0,0.7024989,6747815.0,23.4285714286,87.2241685714,1,0,0,80.4792082857,71.1766828571,24.5388891429,26.1428571429,59.0,,,,,7465,2018-02-04
1518307200000,201807,78.0,78,78.0,78,0.090553276,1.1559297,0,2,330455720180719589,2023-08-20,Rio de Janeiro,29.0,0.81623083,6747815.0,24.7142857143,86.5568051429,1,0,0,79.2693641429,69.625155,25.7845237143,27.4285714286,61.0,,,,,7465,2018-02-11
1518912000000,201808,129.0,129,129.0,129,0.9979338,1.9117299,0,2,330455720180819589,2023-08-20,Rio de Janeiro,18.0,1.4817208,6747815.0,24.2857142857,89.5211451429,1,0,0,83.5137105714,73.3189988571,25.3257574286,27.0,91.0,,,,,7465,2018-02-18
1519516800000,201809,144.0,144,144.0,144,0.9994061,2.1340241,0,2,330455720180919589,2023-08-20,Rio de Janeiro,15.0,1.5280752,6747815.0,24.5714285714,89.4947642857,1,0,0,79.3488392857,66.9575948571,26.4226188571,28.7142857143,94.0,,,,,7465,2018-02-25
1520121600000,201810,197.0,197,197.0,197,0.99999267,2.9194636,0,2,330455720181019589,2023-08-20,Rio de Janeiro,30.0,1.637573,6747815.0,24.8571428571,90.3268094286,1,0,0,84.0694442857,76.797978,25.648052,26.5714285714,154.0,,,,,7465,2018-03-04
1520726400000,201811,179.0,179,179.0,179,0.94182235,2.6527104,0,2,330455720181119589,2023-08-20,Rio de Janeiro,21.0,1.1889876,6747815.0,25.1428571429,87.3164174286,1,0,0,81.1266691429,72.870971,26.2454542857,27.8571428571,135.0,,,,,7465,2018-03-11
1521331200000,201812,200.0,200,200.0,200,0.90320456,2.9639225,0,2,330455720181219589,2023-08-20,Rio de Janeiro,31.0,1.1437267,6747815.0,24.5714285714,88.1333115714,1,0,0,82.3445464286,75.0164031429,25.7636362857,26.8571428571,155.0,,,,,7465,2018-03-18
1521936000000,201813,237.0,237,237.0,237,0.9906035,3.512248,0,2,330455720181319589,2023-08-20,Rio de Janeiro,21.0,1.2564555,6747815.0,23.7142857143,85.5978394286,1,0,0,79.1392778571,69.0609962857,25.0,26.7142857143,194.0,,,,,7465,2018-03-25
1522540800000,201814,289.0,289,289.0,289,0.99988186,4.282868,0,2,330455720181419589,2023-08-20,Rio de Janeiro,44.0,1.3938227,6747815.0,23.8571428571,88.6797771429,1,0,0,83.8479745714,75.5040177143,24.9337662857,26.2857142857,238.0,,,,,7465,2018-04-01
1522800000000,201815,279.0,279,279.0,279,0.9627051,4.1346717,0,2,330455720181519589,2023-08-20,Rio de Janeiro,19.0,1.1698437,6747815.0,22.7142857143,88.56946,1,0,0,80.7044871429,70.9302777143,24.2077925714,26.0,,,,,,7465,2018-04-04
1523750400000,201816,251.0,251,251.0,251,0.26408526,3.7197225,0,1,330455720181619589,2023-08-20,Rio de Janeiro,13.0,0.9460238,6747815.0,21.0,90.042898,0,0,0,81.6303011429,72.2999584286,22.2670997143,23.7142857143,203.0,,,,,7465,2018-04-15
1524355200000,201817,264.0,264,264.0,264,0.3986663,3.9123776,0,1,330455720181719589,2023-08-20,Rio de Janeiro,25.0,0.9780343,6747815.0,22.1428571429,89.29101,1,0,0,75.69391,57.0442971429,24.7124742857,28.7142857143,208.0,,,,,7465,2018-04-22
1524960000000,201818,313.0,313,313.0,313,0.97695625,4.6385384,0,1,330455720181819589,2023-08-20,Rio de Janeiro,23.0,1.1806662,6747815.0,21.1428571429,89.2855014286,1,0,0,72.5968542857,48.2537958571,24.8333337143,30.0,240.0,,,,,7465,2018-04-29
1525564800000,201819,331.0,331,331.0,331,0.98725086,4.9052916,0,1,330455720181919589,2023-08-20,Rio de Janeiro,20.0,1.1991035,6747815.0,20.5714285714,88.44851,0,0,0,72.8736837143,50.8167791429,24.0295031429,28.2857142857,251.0,,,,,7465,2018-05-06
1526169600000,201820,328.0,328,328.0,328,0.85589117,4.8608327,0,1,330455720182019589,2023-08-20,Rio de Janeiro,49.0,1.0883349,6747815.0,21.2857142857,90.9566065714,1,0,0,73.0103335714,48.6234607143,24.4226188571,29.2857142857,239.0,,,,,7465,2018-05-13
1526774400000,201821,211.0,211,211.0,211,3.2183e-06,3.126938,0,1,330455720182119589,2023-08-20,Rio de Janeiro,22.0,0.6720837,6747815.0,18.1428571429,90.5734928571,0,0,0,76.9799422857,62.3391388571,20.1430737143,22.4285714286,142.0,,,,,7465,2018-05-20
1527379200000,201822,197.0,197,197.0,197,1.0153e-05,2.9194636,0,1,330455720182219589,2023-08-20,Rio de Janeiro,17.0,0.67757994,6747815.0,18.2857142857,90.6529634286,0,0,0,83.302395,71.6065257143,19.9636362857,22.1428571429,142.0,,,,,7465,2018-05-27
1527984000000,201823,194.0,194,194.0,194,0.012006502,2.8750048,0,1,330455720182319589,2023-08-20,Rio de Janeiro,12.0,0.80504745,6747815.0,20.0,88.3789857143,0,0,0,84.3113594286,79.5536557143,20.6441557143,21.1428571429,138.0,,,,,7465,2018-06-03
1528588800000,201824,196.0,196,196.0,196,0.30204302,2.904644,0,1,330455720182419589,2023-08-20,Rio de Janeiro,0.0,0.9496572,6747815.0,19.7142857143,91.690582,0,0,0,86.7603477143,79.7516307143,20.7142857143,22.4285714286,136.0,,,,,7465,2018-06-10
1529193600000,201825,160.0,160,160.0,160,0.035028417,2.3711379,0,1,330455720182519589,2023-08-20,Rio de Janeiro,8.0,0.82466424,6747815.0,18.5714285714,91.4854971429,0,0,0,85.7492771429,77.6089848571,19.8766234286,21.2857142857,124.0,,,,,7465,2018-06-17
1529798400000,201826,193.0,193,193.0,193,0.6427703,2.8601851,0,1,330455720182619589,2023-08-20,Rio de Janeiro,15.0,1.038269,6747815.0,19.1428571429,92.3444671429,0,0,0,84.3473014286,76.4197507143,21.1688311429,23.0,142.0,,,,,7465,2018-06-24
1530403200000,201827,218.0,218,218.0,218,0.9678544,3.2306755,0,1,330455720182719589,2023-08-20,Rio de Janeiro,12.0,1.2037319,6747815.0,19.4285714286,90.78037,0,0,0,87.8519401429,82.3862028571,20.8116882857,22.7142857143,158.0,,,,,7465,2018-07-01
1531008000000,201828,153.0,153,153.0,153,0.02812104,2.2674007,0,1,330455720182819589,2023-08-20,Rio de Janeiro,15.0,0.8130077,6747815.0,17.1428571429,91.4282525714,0,0,0,85.7988257143,75.9423828571,18.5948054286,20.4285714286,108.0,,,,,7465,2018-07-08
1531612800000,201829,152.0,152,152.0,152,0.023917014,2.2525811,0,1,330455720182919589,2023-08-20,Rio de Janeiro,11.0,0.80665976,6747815.0,17.5714285714,95.6510577143,0,0,0,79.4077948571,53.519132,21.77868,27.4285714286,104.0,,,,,7465,2018-07-15
1532217600000,201830,119.0,119,119.0,119,0.0017967589,1.7635338,0,1,330455720183019589,2023-08-20,Rio de Janeiro,11.0,0.7077093,6747815.0,19.2857142857,94.8414057143,0,0,0,80.0970942857,56.6347458571,22.5357142857,27.0,93.0,,,,,7465,2018-07-22
1532822400000,201831,92.0,92,92.0,92,0.0003259486,1.3634043,0,1,330455720183119589,2023-08-20,Rio de Janeiro,17.0,0.6385806,6747815.0,18.7142857143,96.54401,0,0,0,80.4714658571,60.2880327143,21.5892857143,25.4285714286,67.0,,,,,7465,2018-07-29
1533427200000,201832,120.0,120,120.0,120,0.44251272,1.7783535,0,1,330455720183219589,2023-08-20,Rio de Janeiro,29.0,0.9816213,6747815.0,17.8571428571,95.70409,0,0,0,80.8785835714,64.0048774286,20.8202377143,24.2857142857,85.0,,,,,7465,2018-08-05
1534032000000,201833,75.0,75,75.0,75,0.007812044,1.1114709,0,1,330455720183319589,2023-08-20,Rio de Janeiro,3.0,0.69769275,6747815.0,17.8571428571,90.6374805714,0,0,0,82.53715,73.9330568571,19.3713201429,21.1428571429,54.0,,,,,7465,2018-08-12
1534636800000,201834,67.0,67,67.0,67,0.0062241447,0.992914,0,1,330455720183419589,2023-08-20,Rio de Janeiro,0.0,0.6766382,6747815.0,19.0,92.3665077143,0,0,0,86.078374,76.97687,20.4129871429,22.4285714286,48.0,,,,,7465,2018-08-19
1535241600000,201835,68.0,68,68.0,68,0.09175877,1.0077336,0,1,330455720183519589,2023-08-20,Rio de Janeiro,2.0,0.8061102,6747815.0,18.2857142857,92.3885305714,0,0,0,85.9954757143,76.9271437143,19.7142857143,21.7142857143,43.0,,,,,7465,2018-08-26
1535846400000,201836,51.0,51,51.0,51,0.034377966,0.7558002,0,1,330455720183619589,2023-08-20,Rio de Janeiro,5.0,0.7184385,6747815.0,18.7142857143,90.6804477143,0,0,0,83.0528431429,74.6000635714,19.8844154286,21.2857142857,37.0,,,,,7465,2018-09-02
1536451200000,201837,54.0,54,54.0,54,0.19700246,0.80025905,0,1,330455720183719589,2023-08-20,Rio de Janeiro,0.0,0.8545687,6747815.0,19.1428571429,86.9198928571,0,0,0,80.11769,71.7252728571,20.0000005714,21.1428571429,38.0,,,,,7465,2018-09-09
1537056000000,201838,63.0,63,63.0,63,0.70117694,0.93363553,0,1,330455720183819589,2023-08-20,Rio de Janeiro,0.0,1.1007463,6747815.0,21.2857142857,94.1055185714,1,0,0,88.223822,80.7468435714,22.1948048571,23.2857142857,48.0,,,,,7465,2018-09-16
1537660800000,201839,41.0,41,41.0,41,0.07102797,0.6076041,0,1,330455720183919589,2023-08-20,Rio de Janeiro,0.0,0.7411463,6747815.0,22.7142857143,91.8323514286,1,0,0,86.8177112857,82.7682757143,23.3584414286,24.1428571429,30.0,,,,,7465,2018-09-23
1538265600000,201840,59.0,59,59.0,59,0.6687643,0.8743571,0,2,330455720184019589,2023-08-20,Rio de Janeiro,0.0,1.0851566,6747815.0,22.5714285714,92.5133914286,1,0,0,83.5870837143,73.9023798571,23.6953465714,25.0,53.0,,,,,7465,2018-09-30
1538870400000,201841,43.0,43,43.0,43,0.19380364,0.63724333,0,2,330455720184119589,2023-08-20,Rio de Janeiro,0.0,0.8374001,6747815.0,22.0,96.6682514286,1,0,0,85.1572437143,64.2899524286,24.375,28.8571428571,34.0,,,,,7465,2018-10-07
1539475200000,201842,72.0,72,72.0,72,0.9689315,1.0670121,0,2,330455720184219589,2023-08-20,Rio de Janeiro,0.0,1.4008282,6747815.0,21.4285714286,94.9041442857,1,0,0,83.8479424286,71.9623621429,23.5194805714,25.7142857143,50.0,,,,,7465,2018-10-14
1540080000000,201843,70.0,70,70.0,70,0.9090867,1.0373728,0,1,330455720184319589,2023-08-20,Rio de Janeiro,0.0,1.2696756,6747815.0,20.7142857143,88.5950637143,0,0,0,83.9800065714,75.9290022857,21.4545454286,22.7142857143,55.0,,,,,7465,2018-10-21
1540684800000,201844,66.0,66,66.0,66,0.60430264,0.9780944,0,1,330455720184419589,2023-08-20,Rio de Janeiro,0.0,1.0475255,6747815.0,21.5714285714,91.66613,1,0,0,82.1331148571,72.471266,22.5649351429,23.5714285714,48.0,,,,,7465,2018-10-28
1541289600000,201845,71.0,71,71.0,71,0.6093475,1.0521924,0,1,330455720184519589,2023-08-20,Rio de Janeiro,0.0,1.048126,6747815.0,20.8571428571,94.1394642857,0,0,0,88.5308537143,80.6967214286,21.9190477143,23.1428571429,59.0,,,,,7465,2018-11-04
1541894400000,201846,69.0,69,69.0,69,0.5252814,1.0225532,0,1,330455720184619589,2023-08-20,Rio de Janeiro,0.0,1.010851,6747815.0,23.4285714286,90.2498122857,1,0,0,83.7167734286,76.259812,24.5142857143,25.7142857143,53.0,,,,,7465,2018-11-11
1542499200000,201847,65.0,65,65.0,65,0.37719724,0.9632748,0,1,330455720184719589,2023-08-20,Rio de Janeiro,0.0,0.94745743,6747815.0,21.5714285714,90.3683271429,1,0,0,83.52003,75.3509631429,22.8571428571,24.4285714286,50.0,,,,,7465,2018-11-18
1543104000000,201848,106.0,106,106.0,106,0.9967974,1.5708789,0,2,330455720184819589,2023-08-20,Rio de Janeiro,0.0,1.5133904,6747815.0,23.2857142857,86.7003864286,1,0,0,80.7594808571,73.0252442857,24.2730157143,25.7142857143,78.0,,,,,7465,2018-11-25
1543708800000,201849,150.0,150,150.0,150,0.9999981,2.2229419,0,2,330455720184919589,2023-08-20,Rio de Janeiro,0.0,1.8631202,6747815.0,22.1428571429,91.0038965714,1,0,0,85.171617,76.8179691429,23.1321428571,24.1428571429,102.0,,,,,7465,2018-12-02
1544313600000,201850,138.0,138,138.0,138,0.98068166,2.0451064,0,2,330455720185019589,2023-08-20,Rio de Janeiro,0.0,1.3042083,6747815.0,21.8571428571,91.7428328571,1,0,0,66.3526121429,39.2856948571,27.2738097143,33.4285714286,102.0,,,,,7465,2018-12-09
1544918400000,201851,124.0,124,124.0,124,0.36695984,1.837632,0,2,330455720185119589,2023-08-20,Rio de Janeiro,0.0,0.95825493,6747815.0,25.8571428571,87.3568054286,1,0,0,70.6446821429,49.0163371429,29.315476,34.8571428571,92.0,,,,,7465,2018-12-16
1545523200000,201852,147.0,147,147.0,147,0.75703794,2.178483,0,2,330455720185219589,2023-08-20,Rio de Janeiro,0.0,1.086385,6747815.0,23.7142857143,91.0760008571,1,0,0,83.47795,72.3340471429,25.2330085714,27.1428571429,123.0,,,,,7465,2018-12-23
1546128000000,201901,179.0,179,179.0,179,0.9915559,2.6527104,0,2,330455720190119589,2023-08-20,Rio de Janeiro,11.0,1.309704,6747815.0,25.1428571429,89.6466607143,1,0,0,83.6415685714,77.6856977143,25.9857142857,27.0,168.0,,,,,22410,2018-12-30
1546732800000,201902,186.0,186,186.0,186,0.9750358,2.7564478,0,2,330455720190219589,2023-08-20,Rio de Janeiro,23.0,1.238895,6747815.0,25.0,88.059053,1,0,0,80.824093,67.7000088571,26.5571428571,29.0,136.0,,,,,22410,2019-01-06
1547337600000,201903,201.0,201,201.0,201,0.9455548,2.9787421,0,2,330455720190319589,2023-08-20,Rio de Janeiro,25.0,1.1812009,6747815.0,25.4285714286,87.224468,1,0,0,70.4716677143,50.3740572857,28.7892857143,34.0,162.0,,,,,22410,2019-01-13
1547942400000,201904,205.0,205,205.0,205,0.8355547,3.0380204,0,2,330455720190419589,2023-08-20,Rio de Janeiro,18.0,1.1037812,6747815.0,24.8571428571,92.637655,1,0,0,72.1841194286,48.159439,29.2202382857,34.5714285714,160.0,,,,,22410,2019-01-20
1548547200000,201905,159.0,159,159.0,159,0.03200278,2.3563182,0,2,330455720190519589,2023-08-20,Rio de Janeiro,18.0,0.8207927,6747815.0,25.8571428571,87.4547102857,1,0,0,64.4393865714,43.4591114286,30.5535717143,35.5714285714,135.0,,,,,22410,2019-01-27
1549152000000,201906,167.0,167,167.0,167,0.12391866,2.4748752,0,2,330455720190619589,2023-08-20,Rio de Janeiro,26.0,0.88469976,6747815.0,23.4285714286,91.355055,1,0,0,81.07607,67.0981062857,25.4841274286,28.2857142857,123.0,,,,,22410,2019-02-03
1549756800000,201907,182.0,182,182.0,182,0.6452114,2.6971693,0,2,330455720190719589,2023-08-20,Rio de Janeiro,27.0,1.0401666,6747815.0,24.1428571429,90.3348188571,1,0,0,83.3250257143,74.5717934286,25.2666664286,26.5714285714,148.0,,,,,22410,2019-02-10
1550361600000,201908,195.0,195,195.0,195,0.8890264,2.8898244,0,2,330455720190819589,2023-08-20,Rio de Janeiro,203.0,1.1360477,6747815.0,24.4285714286,95.9045035714,1,0,0,90.3090427143,81.695566,25.403896,26.7142857143,152.0,,,,,22410,2019-02-17
1550966400000,201909,157.0,157,157.0,157,0.12309675,2.326679,0,2,330455720190919589,2023-08-20,Rio de Janeiro,213.0,0.8810437,6747815.0,25.0,94.4989771429,1,0,0,87.1531185714,79.251804,25.7584417143,26.8571428571,128.0,,,,,22410,2019-02-24
1551571200000,201910,274.0,274,274.0,274,0.9999869,4.0605736,0,2,330455720191019589,2023-08-20,Rio de Janeiro,32.0,1.4861884,6747815.0,24.7142857143,94.2386742857,1,0,0,88.3172435714,76.742748,25.8246751429,28.4285714286,217.0,,,,,22410,2019-03-03
1552176000000,201911,414.0,414,414.0,414,1.0,6.135319,0,2,330455720191119589,2023-08-20,Rio de Janeiro,231.0,1.9803067,6747815.0,25.4285714286,92.73232,1,1,1,86.9056078571,80.4218611429,26.2129871429,27.1428571429,352.0,,,,,22410,2019-03-10
1552780800000,201912,643.0,643,643.0,643,1.0,9.529011,0,3,330455720191219589,2023-08-20,Rio de Janeiro,75.0,2.1904345,6747815.0,23.5714285714,96.6861085714,1,1,1,91.903172,83.8159002857,24.725974,25.8571428571,513.0,,,,,22410,2019-03-17
1553385600000,201913,801.0,801,801.0,801,1.0,11.870509,0,3,330455720191319589,2023-08-20,Rio de Janeiro,72.0,1.8218565,6747815.0,22.5714285714,94.1556785714,1,1,1,87.2365157143,78.6554251429,23.6480517143,25.2857142857,644.0,,,,,22410,2019-03-24
1553990400000,201914,1112.0,1112,1112.0,1112,1.0,16.479408,0,3,330455720191419589,2023-08-20,Rio de Janeiro,81.0,1.776165,6747815.0,22.7142857143,93.3502457143,1,1,1,84.442725,74.9048108571,24.1277057143,26.0,911.0,,,,,22410,2019-03-31
1554595200000,201915,1207.0,1207,1207.0,1207,1.0,17.887272,0,3,330455720191519589,2023-08-20,Rio de Janeiro,72.0,1.449038,6747815.0,23.5714285714,97.49221,1,1,1,91.6160334286,86.0261472857,24.4071428571,25.5714285714,1011.0,,,,,22410,2019-04-07
1555200000000,201916,1280.0,1280,1280.0,1280,0.9999998,18.969103,0,3,330455720191619589,2023-08-20,Rio de Janeiro,153.0,1.2364792,6747815.0,23.0,94.9599471429,1,1,1,86.3973914286,76.1292228571,24.2621754286,25.8571428571,1063.0,,,,,22410,2019-04-14
1555804800000,201917,1432.0,1432,1432.0,1432,0.9999994,21.221684,0,3,330455720191719589,2023-08-20,Rio de Janeiro,108.0,1.2096795,6747815.0,23.4285714286,92.6235571429,1,1,1,86.6249885714,78.3306495714,24.5919295714,26.4285714286,1209.0,,,,,22410,2019-04-21
1556409600000,201918,1643.0,1643,1643.0,1643,1.0,24.348623,0,3,330455720191819589,2023-08-20,Rio de Janeiro,362.0,1.2623037,6747815.0,23.0,94.9720485714,1,1,1,89.3449678571,78.7468122857,24.1376622857,26.0,1368.0,,,,,22410,2019-04-28
1557014400000,201919,1864.0,1864,1864.0,1864,1.0,27.623756,0,3,330455720191919589,2023-08-20,Rio de Janeiro,385.0,1.286042,6747815.0,22.5714285714,93.30774,1,1,1,88.1819048571,79.2845271429,23.4675322857,24.8571428571,1641.0,,,,,22410,2019-05-05
1557619200000,201920,1624.0,1624,1624.0,1624,0.56084573,24.067049,0,3,330455720192019589,2023-08-20,Rio de Janeiro,188.0,1.0053942,6747815.0,22.4285714286,96.6499171429,1,0,1,91.1251622857,84.3745194286,23.3337662857,24.4285714286,1262.0,,,,,22410,2019-05-12
1558224000000,201921,1573.0,1573,1573.0,1573,0.011954105,23.311249,0,1,330455720192119589,2023-08-20,Rio de Janeiro,554.0,0.92408437,6747815.0,21.0,95.7836857143,0,0,1,91.8653642857,84.8903437143,22.1168834286,23.1428571429,1229.0,,,,,22410,2019-05-19
1558828800000,201922,1233.0,1233,1233.0,1233,0.0,18.272581,0,1,330455720192219589,2023-08-20,Rio de Janeiro,93.0,0.7512186,6747815.0,21.0,92.4953471429,0,0,1,86.93222,78.9545568571,22.1168831429,23.7142857143,971.0,,,,,22410,2019-05-26
1559433600000,201923,980.0,980,980.0,980,0.0,14.52322,0,1,330455720192319589,2023-08-20,Rio de Janeiro,71.0,0.66221946,6747815.0,18.5714285714,96.5245548571,0,0,1,91.7512828571,85.4214742857,19.766234,20.8571428571,762.0,,,,,22410,2019-06-02
1560038400000,201924,769.0,769,769.0,769,0.0,11.396281,0,1,330455720192419589,2023-08-20,Rio de Janeiro,92.0,0.61651665,6747815.0,19.1428571429,96.5629048571,0,0,1,89.057758,79.9033308571,21.3196971429,24.1428571429,595.0,,,,,22410,2019-06-09
1560643200000,201925,551.0,551,551.0,551,0.0,8.1656065,0,1,330455720192519589,2023-08-20,Rio de Janeiro,143.0,0.5523727,6747815.0,19.1428571429,97.4238285714,0,0,1,88.8829201429,78.3235094286,20.922078,23.1428571429,431.0,,,,,22410,2019-06-16
1561248000000,201926,497.0,497,497.0,497,0.0,7.3653474,0,1,330455720192619589,2023-08-20,Rio de Janeiro,76.0,0.6389492,6747815.0,19.7142857143,96.5564471429,0,0,1,88.8282721429,78.4782921429,21.2272725714,23.4285714286,385.0,,,,,22410,2019-06-23
1561852800000,201927,489.0,489,489.0,489,0.0001131485,7.2467904,0,1,330455720192719589,2023-08-20,Rio de Janeiro,84.0,0.80014104,6747815.0,19.7142857143,95.0357914286,0,0,1,86.2954871429,72.7048115714,21.4142854286,23.4285714286,362.0,,,,,22410,2019-06-30
1562457600000,201928,285.0,285,285.0,285,3.330669e-16,4.2235894,0,1,330455720192819589,2023-08-20,Rio de Janeiro,32.0,0.5573581,6747815.0,14.5714285714,91.4028657143,0,0,0,84.0627335714,73.0065244286,16.3116887143,18.8571428571,213.0,,,,,22410,2019-07-07
1563062400000,201929,238.0,238,238.0,238,0.0,3.5270677,0,1,330455720192919589,2023-08-20,Rio de Janeiro,16.0,0.55291766,6747815.0,16.1428571429,88.265895,0,0,0,81.0379188571,73.556354,17.9090908571,19.5714285714,166.0,,,,,22410,2019-07-14
1563667200000,201930,168.0,168,168.0,168,0.0,2.4896948,0,1,330455720193019589,2023-08-20,Rio de Janeiro,46.0,0.51209897,6747815.0,16.7142857143,93.0486128571,0,0,0,85.9213765714,78.63027,18.6493508571,21.0,115.0,,,,,22410,2019-07-21
1564272000000,201931,169.0,169,169.0,169,0.0001413689,2.5045145,0,1,330455720193119589,2023-08-20,Rio de Janeiro,23.0,0.6972966,6747815.0,18.5714285714,92.2997825714,0,0,0,84.1522228571,72.5495657143,20.4155845714,23.5714285714,118.0,,,,,22410,2019-07-28
1564876800000,201932,140.0,140,140.0,140,0.0025846844,2.0747457,0,1,330455720193219589,2023-08-20,Rio de Janeiro,81.0,0.73419493,6747815.0,17.2857142857,93.9060791429,0,0,0,88.5005578571,81.5392885714,18.2987015714,19.8571428571,107.0,,,,,22410,2019-08-04
1565481600000,201933,140.0,140,140.0,140,0.08663776,2.0747457,0,1,330455720193319589,2023-08-20,Rio de Janeiro,21.0,0.8552957,6747815.0,17.1428571429,92.2035885714,0,0,0,82.4543371429,72.7070007143,18.8298701429,21.1428571429,96.0,,,,,22410,2019-08-11
1566086400000,201934,97.0,97,97.0,97,0.000786275,1.4375024,0,1,330455720193419589,2023-08-20,Rio de Janeiro,23.0,0.66428286,6747815.0,17.7142857143,89.8655477143,0,0,0,82.0384407143,73.5413174286,19.0595237143,20.4285714286,52.0,,,,,22410,2019-08-18
1566691200000,201935,71.0,71,71.0,71,3.01482e-05,1.0521924,0,1,330455720193519589,2023-08-20,Rio de Janeiro,17.0,0.5593474,6747815.0,17.5714285714,88.1656697143,0,0,0,80.9308534286,71.925947,18.792208,20.4285714286,51.0,,,,,22410,2019-08-25
1567296000000,201936,64.0,64,64.0,64,0.0016520291,0.94845515,0,1,330455720193619589,2023-08-20,Rio de Janeiro,54.0,0.63029844,6747815.0,19.4285714286,91.7670614286,0,0,0,86.7479682857,80.6177282857,20.3285717143,21.2857142857,43.0,,,,,22410,2019-09-01
1567900800000,201937,66.0,66,66.0,66,0.13846675,0.9780944,0,1,330455720193719589,2023-08-20,Rio de Janeiro,19.0,0.83493936,6747815.0,19.2857142857,90.8196942857,0,0,0,83.7106027143,74.3638794286,21.3636365714,24.0,48.0,,,,,22410,2019-09-08
1568505600000,201938,83.0,83,83.0,83,0.87203544,1.2300278,0,1,330455720193819589,2023-08-20,Rio de Janeiro,29.0,1.2021996,6747815.0,21.4285714286,87.7878721429,1,0,0,83.7190821429,77.7795428571,22.6493505714,23.8571428571,58.0,,,,,22410,2019-09-15
1569110400000,201939,99.0,99,99.0,99,0.98272586,1.4671416,0,1,330455720193919589,2023-08-20,Rio de Janeiro,21.0,1.3840891,6747815.0,19.0,90.88219,0,0,0,85.5637642857,78.8089021429,19.6493505714,20.4285714286,35.0,,,,,22410,2019-09-22
1569715200000,201940,73.0,73,73.0,73,0.26506817,1.0818317,0,1,330455720194019589,2023-08-20,Rio de Janeiro,15.0,0.90389055,6747815.0,18.7142857143,88.2271242857,0,0,0,81.8754057143,76.1876742857,20.077922,21.2857142857,59.0,,,,,22410,2019-09-29
1570320000000,201941,67.0,67,67.0,67,0.07437107,0.992914,0,1,330455720194119589,2023-08-20,Rio de Janeiro,20.0,0.79087025,6747815.0,21.1428571429,90.9058722857,1,0,0,86.3365637143,81.3646985714,22.1558445714,23.1428571429,54.0,,,,,22410,2019-10-06
1570924800000,201942,65.0,65,65.0,65,0.14514983,0.9632748,0,1,330455720194219589,2023-08-20,Rio de Janeiro,55.0,0.8378258,6747815.0,22.0,89.4063464286,1,0,0,80.6779285714,71.9782907143,23.5324677143,25.2857142857,55.0,,,,,22410,2019-10-13
1571529600000,201943,58.0,58,58.0,58,0.16410016,0.8595375,0,1,330455720194319589,2023-08-20,Rio de Janeiro,19.0,0.8408911,6747815.0,20.5714285714,86.82243,0,0,0,80.738407,76.1109914286,21.896104,22.8571428571,53.0,,,,,22410,2019-10-20
1572134400000,201944,40.0,40,40.0,40,0.011876185,0.59278446,0,1,330455720194419589,2023-08-20,Rio de Janeiro,16.0,0.63766843,6747815.0,23.2857142857,86.5343551429,1,0,0,79.9784957143,71.8029052857,24.7883117143,26.4285714286,31.0,,,,,22410,2019-10-27
1572739200000,201945,65.0,65,65.0,65,0.7940378,0.9632748,0,1,330455720194519589,2023-08-20,Rio de Janeiro,46.0,1.1605219,6747815.0,22.8571428571,87.4465471429,1,0,0,81.4293,75.5461214286,24.1285714286,25.2857142857,56.0,,,,,22410,2019-11-03
1573344000000,201946,56.0,56,56.0,56,0.62985647,0.8298983,0,2,330455720194619589,2023-08-20,Rio de Janeiro,90.0,1.0654521,6747815.0,21.8571428571,90.8533585714,1,0,0,86.8159582857,83.2553842857,22.5714285714,23.0,42.0,,,,,22410,2019-11-10
1573948800000,201947,50.0,50,50.0,50,0.30238125,0.7409806,0,2,330455720194719589,2023-08-20,Rio de Janeiro,33.0,0.90434545,6747815.0,21.2857142857,90.1073414286,1,0,0,83.9942265714,77.1494667143,22.2142857143,23.0,39.0,,,,,22410,2019-11-17
1574553600000,201948,74.0,74,74.0,74,0.9370975,1.0966513,0,1,330455720194819589,2023-08-20,Rio de Janeiro,17.0,1.3076928,6747815.0,20.4285714286,86.2026094286,0,0,0,78.6834532857,69.8309614286,21.4428571429,22.7142857143,52.0,,,,,22410,2019-11-24
1575158400000,201949,49.0,49,49.0,49,0.197643,0.726161,0,1,330455720194919589,2023-08-20,Rio de Janeiro,41.0,0.8485817,6747815.0,21.8571428571,89.2928094286,1,0,0,84.7446697143,79.215122,22.5444442857,23.2857142857,38.0,,,,,22410,2019-12-01
1575763200000,201950,75.0,75,75.0,75,0.88867205,1.1114709,0,1,330455720195019589,2023-08-20,Rio de Janeiro,24.0,1.2326777,6747815.0,21.8571428571,90.2217537143,1,0,0,85.82549,80.8552162857,23.038095,24.1428571429,62.0,,,,,22410,2019-12-08
1576368000000,201951,58.0,58,58.0,58,0.36750466,0.8595375,0,2,330455720195119589,2023-08-20,Rio de Janeiro,14.0,0.9401882,6747815.0,24.0,87.31029,1,0,0,80.9593262857,74.4970668571,25.0714285714,26.2857142857,47.0,,,,,22410,2019-12-15
1576972800000,201952,43.0,43,43.0,43,0.028790502,0.63724333,0,2,330455720195219589,2023-08-20,Rio de Janeiro,2.0,0.68957037,6747815.0,23.5714285714,89.5324708571,1,0,0,84.2383614286,78.1562192857,24.4111112857,25.5714285714,39.0,,,,,22410,2019-12-22
1577577600000,202001,69.0,69,69.0,69,0.82717055,1.0225532,0,2,330455720200119589,2023-08-20,Rio de Janeiro,12.0,1.1815703,6747815.0,23.5,87.7690416667,1,0,0,75.4366298333,60.353715,26.1375,29.6666666667,60.0,,,,,1504,2019-12-29
1578182400000,202002,100.0,100,100.0,100,0.9996767,1.4819613,0,2,330455720200219589,2023-08-20,Rio de Janeiro,13.0,1.7373068,6747815.0,24.2857142857,90.2525342857,1,0,0,76.0959471429,54.25779,27.7619048571,32.2857142857,91.0,,,,,1504,2020-01-05
1578787200000,202003,109.0,109,109.0,109,0.9975175,1.6153377,0,2,330455720200319589,2023-08-20,Rio de Janeiro,23.0,1.5248086,6747815.0,23.5714285714,89.5817535714,1,0,0,74.8296292857,55.9009927143,26.5833334286,30.5714285714,82.0,,,,,1504,2020-01-12
1579392000000,202004,85.0,85,85.0,85,0.34842676,1.259667,0,2,330455720200419589,2023-08-20,Rio de Janeiro,10.0,0.942946,6747815.0,22.0,90.8599771429,1,0,0,77.6611994286,60.4123495714,24.3273808571,27.2857142857,65.0,,,,,1504,2020-01-19
1579996800000,202005,77.0,77,77.0,77,0.07032866,1.1411102,0,2,330455720200519589,2023-08-20,Rio de Janeiro,60.0,0.79933214,6747815.0,24.1428571429,91.0065228571,1,0,0,73.1501881429,48.4658084286,28.0,34.1428571429,69.0,,,,,1504,2020-01-26
1580601600000,202006,57.0,57,57.0,57,0.005088507,0.84471786,0,2,330455720200619589,2023-08-20,Rio de Janeiro,64.0,0.6499069,6747815.0,24.1428571429,93.37932,1,0,0,86.5823387143,76.4016734286,25.4238094286,27.4285714286,50.0,,,,,1504,2020-02-02
1581206400000,202007,77.0,77,77.0,77,0.54610556,1.1411102,0,2,330455720200719589,2023-08-20,Rio de Janeiro,21.0,1.0188797,6747815.0,22.7142857143,91.0470251429,1,0,0,86.3871267143,78.7855257143,23.5285714286,24.8571428571,58.0,,,,,1504,2020-02-09
1581811200000,202008,65.0,65,65.0,65,0.37740096,0.9632748,0,2,330455720200819589,2023-08-20,Rio de Janeiro,35.0,0.9475439,6747815.0,24.7142857143,88.7761894286,1,0,0,82.0694685714,72.7812377143,25.9665588571,28.1428571429,50.0,,,,,1504,2020-02-16
1582416000000,202009,49.0,49,49.0,49,0.042889014,0.726161,0,2,330455720200919589,2023-08-20,Rio de Janeiro,139.0,0.7266441,6747815.0,22.0,93.3002914286,1,0,0,80.1973692857,63.8606494286,24.601732,28.4285714286,42.0,,,,,1504,2020-02-23
1583020800000,202010,70.0,70,70.0,70,0.7098494,1.0373728,0,2,330455720201019589,2023-08-20,Rio de Janeiro,28.0,1.1001238,6747815.0,21.1428571429,94.8919771429,1,0,0,85.1152157143,72.3710798571,22.6253245714,24.4285714286,54.0,,,,,1504,2020-03-01
1583625600000,202011,53.0,53,53.0,53,0.26930484,0.78543943,0,2,330455720201119589,2023-08-20,Rio de Janeiro,157.0,0.8908148,6747815.0,22.2857142857,89.3490528571,1,0,0,78.1667864286,65.939362,24.5805197143,26.8571428571,49.0,,,,,1504,2020-03-08
1584230400000,202012,39.0,39,39.0,39,0.022928758,0.57796484,0,2,330455720201219589,2023-08-20,Rio de Janeiro,385.0,0.6658582,6747815.0,23.1428571429,94.9661971429,1,0,0,80.1333991429,65.5285941429,26.1866885714,29.4285714286,32.0,,,,,1504,2020-03-15
1584835200000,202013,32.0,32,32.0,32,0.0131258555,0.47422758,0,1,330455720201319589,2023-08-20,Rio de Janeiro,129.0,0.6131387,6747815.0,20.5714285714,91.6144371429,0,0,0,75.4550407143,54.5381151429,23.875,27.4285714286,35.0,,,,,1504,2020-03-22
1585440000000,202014,36.0,36,36.0,36,0.24459432,0.53350604,0,1,330455720201419589,2023-08-20,Rio de Janeiro,65.0,0.85560936,6747815.0,22.7142857143,90.2368628571,1,0,0,75.5425351429,57.7682978571,25.7738094286,29.7142857143,29.0,,,,,1504,2020-03-29
1586044800000,202015,21.0,21,21.0,21,0.027293032,0.31121185,0,1,330455720201519589,2023-08-20,Rio de Janeiro,103.0,0.59614766,6747815.0,21.0,90.1110085714,0,0,0,79.0992894286,64.0482454286,23.1309525714,26.0,18.0,,,,,1504,2020-04-05
1586649600000,202016,28.0,28,28.0,28,0.34473595,0.41494915,0,1,330455720201619589,2023-08-20,Rio de Janeiro,74.0,0.9018267,6747815.0,20.5714285714,90.0459942857,0,0,0,76.559027,59.2303604286,23.2797617143,26.8571428571,24.0,,,,,1504,2020-04-12
1587254400000,202017,29.0,29,29.0,29,0.58829904,0.42976874,0,1,330455720201719589,2023-08-20,Rio de Janeiro,25.0,1.0608177,6747815.0,19.8571428571,92.3738462857,0,0,0,74.7033157143,51.2425865714,23.1488097143,27.5714285714,18.0,,,,,1504,2020-04-19
1587859200000,202018,29.0,29,29.0,29,0.6100769,0.42976874,0,1,330455720201819589,2023-08-20,Rio de Janeiro,27.0,1.077048,6747815.0,20.1428571429,91.5725257143,0,0,0,73.0312114286,46.511307,23.994048,29.4285714286,19.0,,,,,1504,2020-04-26
1588464000000,202019,29.0,29,29.0,29,0.5410933,0.42976874,0,1,330455720201919589,2023-08-20,Rio de Janeiro,79.0,1.0274545,6747815.0,18.0,93.9162854286,0,0,0,77.4598878571,54.4267718571,21.2559525714,25.5714285714,18.0,,,,,1504,2020-05-03
1589068800000,202020,13.0,13,13.0,13,0.008552356,0.19265495,0,1,330455720202019589,2023-08-20,Rio de Janeiro,31.0,0.46569625,6747815.0,17.2857142857,93.8902191429,0,0,0,77.9879384286,53.5079448571,21.0797617143,26.2857142857,8.0,,,,,1504,2020-05-10
1589673600000,202021,12.0,12,12.0,12,0.019969927,0.17783535,0,1,330455720202119589,2023-08-20,Rio de Janeiro,62.0,0.49849036,6747815.0,18.7142857143,94.0137691429,0,0,0,75.7413757143,53.1524445714,22.940476,27.5714285714,8.0,,,,,1504,2020-05-17
1590278400000,202022,16.0,16,16.0,16,0.38541836,0.23711379,0,1,330455720202219589,2023-08-20,Rio de Janeiro,89.0,0.90554357,6747815.0,16.1428571429,91.3731777143,0,0,0,73.5856228571,49.4238871429,20.3809522857,25.2857142857,7.0,,,,,1504,2020-05-24
1590883200000,202023,11.0,11,11.0,11,0.2645546,0.16301574,0,1,330455720202319589,2023-08-20,Rio de Janeiro,23.0,0.78033316,6747815.0,18.0,92.2865248571,0,0,0,76.6519727143,53.4938355714,21.7738097143,27.1428571429,7.0,,,,,1504,2020-05-31
1591488000000,202024,16.0,16,16.0,16,0.6695275,0.23711379,0,1,330455720202419589,2023-08-20,Rio de Janeiro,28.0,1.1724541,6747815.0,20.4285714286,93.2524085714,0,0,0,80.9409711429,58.196995,23.7607144286,28.8571428571,10.0,,,,,1504,2020-06-07
1592092800000,202025,22.0,22,22.0,22,0.9113948,0.32603148,0,1,330455720202519589,2023-08-20,Rio de Janeiro,33.0,1.5682182,6747815.0,18.1428571429,91.4716405714,0,0,0,78.1763142857,58.5063922857,21.415927,25.8571428571,9.0,,,,,1504,2020-06-14
1592697600000,202026,14.0,14,14.0,14,0.3526876,0.20747457,0,1,330455720202619589,2023-08-20,Rio de Janeiro,567.0,0.87266535,6747815.0,17.5714285714,90.5923485714,0,0,0,71.4042985714,43.1400748571,22.4009592857,28.7142857143,8.0,,,,,1504,2020-06-21
1593302400000,202027,13.0,13,13.0,13,0.20859726,0.19265495,0,1,330455720202719589,2023-08-20,Rio de Janeiro,18.0,0.7469474,6747815.0,18.5714285714,84.6377294286,0,0,0,69.4750384286,52.2559425714,21.5137277143,25.5714285714,9.0,,,,,1504,2020-06-28
1593907200000,202028,18.0,18,18.0,18,0.6398125,0.26675302,0,1,330455720202819589,2023-08-20,Rio de Janeiro,52.0,1.1291801,6747815.0,17.0,91.4780771429,0,0,0,73.702986,49.5814738571,21.5624337143,27.5714285714,10.0,,,,,1504,2020-07-05
1594512000000,202029,22.0,22,22.0,22,0.8640012,0.32603148,0,1,330455720202919589,2023-08-20,Rio de Janeiro,220.0,1.4306784,6747815.0,17.2857142857,93.0946771429,0,0,0,76.5732918571,54.450271,21.1717218571,25.7142857143,11.0,,,,,1504,2020-07-12
1595116800000,202030,17.0,17,17.0,17,0.47089022,0.2519334,0,1,330455720203019589,2023-08-20,Rio de Janeiro,44.0,0.97570413,6747815.0,16.4285714286,90.59724,0,0,0,70.0372835714,40.165897,22.3129117143,29.2857142857,11.0,,,,,1504,2020-07-19
1595721600000,202031,11.0,11,11.0,11,0.07688515,0.16301574,0,1,330455720203119589,2023-08-20,Rio de Janeiro,29.0,0.5911912,6747815.0,18.2857142857,90.7220271429,0,0,0,74.1134041429,51.2680765714,21.962992,26.1428571429,8.0,,,,,1504,2020-07-26
1596326400000,202032,11.0,11,11.0,11,0.14690366,0.16301574,0,1,330455720203219589,2023-08-20,Rio de Janeiro,9.0,0.6710463,6747815.0,15.2857142857,93.7858914286,0,0,0,72.7176312857,47.2611571429,20.0926031429,25.0,8.0,,,,,1504,2020-08-02
1596931200000,202033,12.0,12,12.0,12,0.4131413,0.17783535,0,1,330455720203319589,2023-08-20,Rio de Janeiro,96.0,0.91737705,6747815.0,18.0,89.8769291429,0,0,0,68.9279672857,35.0780051429,23.4940477143,30.8571428571,10.0,,,,,1504,2020-08-09
1597536000000,202034,10.0,10,10.0,10,0.3697875,0.14819612,0,1,330455720203419589,2023-08-20,Rio de Janeiro,25.0,0.8687058,6747815.0,19.2857142857,92.4292048571,0,0,0,79.60616,63.2491614286,21.708404,24.8571428571,5.0,,,,,1504,2020-08-16
1598140800000,202035,9.0,9,9.0,9,0.32171512,0.13337651,0,1,330455720203519589,2023-08-20,Rio de Janeiro,34.0,0.8161915,6747815.0,16.1428571429,90.59234,0,0,0,72.2967785714,46.8676302857,20.4347825714,25.2857142857,7.0,,,,,1504,2020-08-23
1598745600000,202036,10.0,10,10.0,10,0.4768759,0.14819612,0,1,330455720203619589,2023-08-20,Rio de Janeiro,10.0,0.97506976,6747815.0,20.7142857143,87.7596335714,0,0,0,68.8095661429,47.5470917143,24.7332445714,29.5714285714,4.0,,,,,1504,2020-08-30
1599350400000,202037,10.0,10,10.0,10,0.53048414,0.14819612,0,1,330455720203719589,2023-08-20,Rio de Janeiro,15.0,1.0343461,6747815.0,21.7142857143,87.767258,1,0,0,73.7125498571,54.1106162857,24.9633211429,30.0,5.0,,,,,1504,2020-09-06
1599955200000,202038,12.0,12,12.0,12,0.6822535,0.17783535,0,1,330455720203819589,2023-08-20,Rio de Janeiro,14.0,1.220835,6747815.0,21.2857142857,86.9563408571,1,0,0,70.4224815714,46.5773682857,25.3758937143,31.0,8.0,,,,,1504,2020-09-13
1600560000000,202039,14.0,14,14.0,14,0.7575217,0.20747457,0,1,330455720203919589,2023-08-20,Rio de Janeiro,17.0,1.320691,6747815.0,20.0,92.3807928571,0,0,0,80.4855757143,64.2267321429,22.5667231429,26.1428571429,9.0,,,,,1504,2020-09-20
1601164800000,202040,11.0,11,11.0,11,0.43474647,0.16301574,0,1,330455720204019589,2023-08-20,Rio de Janeiro,17.0,0.9346066,6747815.0,23.0,89.4139542857,1,0,0,71.3444385714,50.7701957143,27.2500868571,32.8571428571,9.0,,,,,1504,2020-09-27
1601769600000,202041,12.0,12,12.0,12,0.4684836,0.17783535,0,1,330455720204119589,2023-08-20,Rio de Janeiro,28.0,0.9690034,6747815.0,22.1666666667,88.5883116667,1,0,0,78.870194,64.1400655,24.7285626667,28.3333333333,12.0,,,,,1504,2020-10-04
1602374400000,202042,10.0,10,10.0,10,0.33839604,0.14819612,0,1,330455720204219589,2023-08-20,Rio de Janeiro,10.0,0.8394138,6747815.0,19.5,87.6513883333,0,0,0,69.512531,49.0225783333,23.3320156667,27.6666666667,4.0,,,,,1504,2020-10-11
1602979200000,202043,19.0,19,19.0,19,0.91009957,0.28157264,0,1,330455720204319589,2023-08-20,Rio de Janeiro,19.0,1.6232476,6747815.0,20.7142857143,84.5504514286,0,0,0,67.449365,49.928987,24.3508611429,28.7142857143,17.0,,,,,1504,2020-10-18
1603584000000,202044,9.0,9,9.0,9,0.21225612,0.13337651,0,1,330455720204419589,2023-08-20,Rio de Janeiro,19.0,0.71236336,6747815.0,20.8571428571,90.1865421429,0,0,0,75.4202948571,57.1570785714,24.3634951429,28.4285714286,6.0,,,,,1504,2020-10-25
1604188800000,202045,12.0,12,12.0,12,0.37953886,0.17783535,0,1,330455720204519589,2023-08-20,Rio de Janeiro,17.0,0.8873264,6747815.0,18.4285714286,92.2753691429,0,0,0,75.1049638571,55.1069105714,20.9834131429,24.1428571429,12.0,,,,,1504,2020-11-01
1604793600000,202046,25.0,25,25.0,25,0.9760904,0.3704903,0,1,330455720204619589,2023-08-20,Rio de Janeiro,32.0,1.9177762,6747815.0,22.5,93.1470483333,1,0,0,83.0575006667,69.1497638333,24.3736,27.5,23.0,,,,,1504,2020-11-08
1605398400000,202047,20.0,20,20.0,20,0.7956842,0.29639223,0,1,330455720204719589,2023-08-20,Rio de Janeiro,3.0,1.3187479,6747815.0,21.5714285714,93.2806814286,1,0,0,80.7747005714,63.966457,24.019225,27.5714285714,16.0,,,,,1504,2020-11-15
1606003200000,202048,10.0,10,10.0,10,0.04622291,0.14819612,0,1,330455720204819589,2023-08-20,Rio de Janeiro,0.0,0.5311236,6747815.0,20.8,89.552716,0,0,0,73.8356668,57.4803956,24.6027668,29.0,8.0,,,,,1504,2020-11-22
1606608000000,202049,17.0,17,17.0,17,0.4283771,0.2519334,0,1,330455720204919589,2023-08-20,Rio de Janeiro,0.0,0.9415151,6747815.0,21.34,,1,0,0,,,,,12.0,,,,,1504,2020-11-29
1607212800000,202050,10.0,10,10.0,10,0.15874913,0.14819612,0,1,330455720205019589,2023-08-20,Rio de Janeiro,0.0,0.67175233,6747815.0,21.88,,1,0,0,,,,,6.0,,,,,1504,2020-12-06
1607817600000,202051,8.0,8,8.0,8,0.12155119,0.118556894,0,2,330455720205119589,2023-08-20,Rio de Janeiro,0.0,0.60397434,6747815.0,22.42,,1,0,0,,,,,5.0,,,,,1504,2020-12-13
1608422400000,202052,6.0,6,6.0,6,0.10527014,0.08891767,0,2,330455720205219589,2023-08-20,Rio de Janeiro,0.0,0.54572505,6747815.0,22.96,,1,0,0,,,,,5.0,,,,,1504,2020-12-20
1609027200000,202053,8.0,8,8.0,8,0.4537145,0.118556894,0,2,330455720205319589,2023-08-20,Rio de Janeiro,2.0,0.9456403,6747815.0,23.5,91.4141,1,0,0,81.32494,66.3593135,25.64394,28.5,5.0,,,,,1504,2020-12-27
1609632000000,202101,6.0,6,6.0,6,0.4978501,0.08891767,0,2,330455720210119684,2023-11-23,Rio de Janeiro,23.0,0.9970021,6747815.0,24.0,90.2012928571,1,0,0,75.1043378571,56.4064815714,26.9554865714,31.2857142857,4.0,,,,,1092,2021-01-03
1610236800000,202102,9.0,9,9.0,9,0.82005095,0.13337651,0,2,330455720210219684,2023-11-23,Rio de Janeiro,20.0,1.6025227,6747815.0,24.4285714286,88.7955472857,1,0,0,73.2554505714,55.1673572857,27.7627845714,32.0,6.0,,,,,1092,2021-01-10
1610841600000,202103,12.0,12,12.0,12,0.8948922,0.17783535,0,2,330455720210319684,2023-11-23,Rio de Janeiro,26.0,1.781533,6747815.0,24.2857142857,83.6371885714,1,0,0,62.7622224286,42.0394647143,28.470144,33.4285714286,9.0,,,,,1092,2021-01-17
1611446400000,202104,28.0,28,28.0,28,0.99893254,0.41494915,0,2,330455720210419684,2023-11-23,Rio de Janeiro,28.0,2.87153,6747815.0,24.7142857143,79.5029358571,1,0,0,58.7963517143,38.1123,29.22921,34.5714285714,20.0,,,,,1092,2021-01-24
1612051200000,202105,18.0,18,18.0,18,0.6979113,0.26675302,0,2,330455720210519684,2023-11-23,Rio de Janeiro,25.0,1.1953106,6747815.0,24.2857142857,84.5783134286,1,0,0,68.6064512857,48.0885497143,27.6214802857,32.5714285714,18.0,,,,,1092,2021-01-31
1612656000000,202106,15.0,15,15.0,15,0.20688275,0.22229418,0,2,330455720210619684,2023-11-23,Rio de Janeiro,16.0,0.75939536,6747815.0,22.4285714286,90.34641,1,0,0,79.6171862857,61.1921882857,24.4635094286,27.5714285714,12.0,,,,,1092,2021-02-07
1613260800000,202107,15.0,15,15.0,15,0.23913431,0.22229418,0,2,330455720210719684,2023-11-23,Rio de Janeiro,30.0,0.7859923,6747815.0,23.7142857143,95.0512657143,1,0,0,78.0752898571,57.5811981429,26.529429,30.2857142857,11.0,,,,,1092,2021-02-14
1613865600000,202108,24.0,24,24.0,24,0.8721316,0.3556707,0,2,330455720210819684,2023-11-23,Rio de Janeiro,38.0,1.4259323,6747815.0,23.4285714286,95.0626071429,1,0,0,85.3680734286,67.0283848571,25.4859232857,28.8571428571,21.0,,,,,1092,2021-02-21
1614470400000,202109,19.0,19,19.0,19,0.59622735,0.28157264,0,2,330455720210919684,2023-11-23,Rio de Janeiro,11.0,1.0829686,6747815.0,24.0,90.2610142857,1,0,0,75.680719,57.5284212857,26.9352207143,30.5714285714,13.0,,,,,1092,2021-02-28
1615075200000,202110,27.0,27,27.0,27,0.84324217,0.40012953,0,2,330455720211019684,2023-11-23,Rio de Janeiro,142.0,1.3397657,6747815.0,23.1428571429,95.8680585714,1,0,0,81.75049,65.605752,25.4464285714,28.5714285714,20.0,,,,,1092,2021-03-07
1615680000000,202111,36.0,36,36.0,36,0.95992476,0.53350604,0,2,330455720211119684,2023-11-23,Rio de Janeiro,12.0,1.5829132,6747815.0,23.8571428571,92.6859465714,1,0,0,78.0257715714,59.1066441429,26.8529332857,30.7142857143,26.0,,,,,1092,2021-03-14
1616284800000,202112,39.0,39,39.0,39,0.92161846,0.57796484,0,2,330455720211219684,2023-11-23,Rio de Janeiro,24.0,1.4156196,6747815.0,23.8571428571,91.0058757143,1,0,0,74.19365,49.6674814286,27.5859214286,32.5714285714,28.0,,,,,1092,2021-03-21
1616889600000,202113,45.0,45,45.0,45,0.8959689,0.6668825,0,2,330455720211319684,2023-11-23,Rio de Janeiro,35.0,1.3275979,6747815.0,23.0,92.5519014286,1,0,0,72.7801851429,47.2208597143,26.3678571429,31.1428571429,32.0,,,,,1092,2021-03-28
1617494400000,202114,52.0,52,52.0,52,0.9055074,0.7706198,0,2,330455720211419684,2023-11-23,Rio de Janeiro,19.0,1.3160857,6747815.0,21.1428571429,94.0881785714,1,0,0,75.3069185714,49.6234505714,24.4559525714,28.4285714286,45.0,,,,,1092,2021-04-04
1618099200000,202115,48.0,48,48.0,48,0.63752574,0.7113414,0,1,330455720211519684,2023-11-23,Rio de Janeiro,32.0,1.0755286,6747815.0,19.8571428571,91.6495785714,0,0,0,72.8571561429,47.4425231429,24.0861527143,29.2857142857,40.0,,,,,1092,2021-04-11
1618704000000,202116,36.0,36,36.0,36,0.103324555,0.53350604,0,1,330455720211619684,2023-11-23,Rio de Janeiro,13.0,0.7585209,6747815.0,20.1428571429,91.7722237143,0,0,0,78.5972177143,59.8527802857,23.2851472857,26.8571428571,19.0,,,,,1092,2021-04-18
1619308800000,202117,38.0,38,38.0,38,0.21668594,0.5631453,0,1,330455720211719684,2023-11-23,Rio de Janeiro,32.0,0.8425421,6747815.0,20.0,94.01848,0,0,0,80.995328,60.5597814286,22.8320391429,26.2857142857,32.0,,,,,1092,2021-04-25
1619913600000,202118,30.0,30,30.0,30,0.11851994,0.44458836,0,1,330455720211819684,2023-11-23,Rio de Janeiro,9.0,0.753705,6747815.0,20.0,94.0183442857,0,0,0,81.4313622857,58.3744832857,23.029762,27.4285714286,18.0,,,,,1092,2021-05-02
1620518400000,202119,39.0,39,39.0,39,0.633393,0.57796484,0,1,330455720211919684,2023-11-23,Rio de Janeiro,14.0,1.0814221,6747815.0,17.7142857143,94.790134,0,0,0,78.6342108571,55.770662,21.2559525714,25.1428571429,28.0,,,,,1092,2021-05-09
1621123200000,202120,50.0,50,50.0,50,0.94341594,0.7409806,0,1,330455720212019684,2023-11-23,Rio de Janeiro,11.0,1.4099205,6747815.0,19.4285714286,94.8811542857,0,0,0,78.3082442857,55.5191215714,22.625,26.8571428571,45.0,,,,,1092,2021-05-16
1621728000000,202121,49.0,49,49.0,49,0.8374619,0.726161,0,1,330455720212119684,2023-11-23,Rio de Janeiro,23.0,1.231785,6747815.0,19.4285714286,90.7708542857,0,0,0,72.5573582857,47.0397205714,23.1666665714,28.2857142857,34.0,,,,,1092,2021-05-23
1622332800000,202122,40.0,40,40.0,40,0.28583825,0.59278446,0,1,330455720212219684,2023-11-23,Rio de Janeiro,45.0,0.8850888,6747815.0,19.4285714286,97.4364057143,0,0,0,84.217555,60.8584195714,22.7708334286,27.2857142857,33.0,,,,,1092,2021-05-30
1622937600000,202123,34.0,34,34.0,34,0.09871523,0.5038668,0,1,330455720212319684,2023-11-23,Rio de Janeiro,324.0,0.74881667,6747815.0,20.1428571429,94.8793342857,0,0,0,82.3108121429,61.2341177143,22.6190474286,26.0,25.0,,,,,1092,2021-06-06
1623542400000,202124,33.0,33,33.0,33,0.18331608,0.4890472,0,1,330455720212419684,2023-11-23,Rio de Janeiro,14.0,0.81082225,6747815.0,17.1428571429,92.34837,0,0,0,79.7375154286,61.9745825714,19.5442548571,22.2857142857,25.0,,,,,1092,2021-06-13
1624147200000,202125,21.0,21,21.0,21,0.027233612,0.31121185,0,1,330455720212519684,2023-11-23,Rio de Janeiro,6.0,0.5960131,6747815.0,17.1428571429,95.638136,0,0,0,77.9602635714,54.5173007143,20.674478,25.5714285714,15.0,,,,,1092,2021-06-20
1624752000000,202126,28.0,28,28.0,28,0.37739813,0.41494915,0,1,330455720212619684,2023-11-23,Rio de Janeiro,48.0,0.92199945,6747815.0,14.5714285714,94.6721491429,0,0,0,75.1644141429,47.0819352857,18.9889891429,24.2857142857,25.0,,,,,1092,2021-06-27
1625356800000,202127,22.0,22,22.0,22,0.26407805,0.32603148,0,1,330455720212719684,2023-11-23,Rio de Janeiro,132.0,0.8350603,6747815.0,15.4285714286,94.7189077143,0,0,0,80.6396264286,55.8978864286,19.3068885714,23.7142857143,21.0,,,,,1092,2021-07-04
1625961600000,202128,19.0,19,19.0,19,0.19802378,0.28157264,0,1,330455720212819684,2023-11-23,Rio de Janeiro,7.0,0.77428514,6747815.0,16.7142857143,97.392012,0,0,0,79.6211665714,51.344321,20.9580745714,26.4285714286,14.0,,,,,1092,2021-07-11
1626566400000,202129,19.0,19,19.0,19,0.2935291,0.28157264,0,1,330455720212919684,2023-11-23,Rio de Janeiro,20.0,0.8459539,6747815.0,14.2857142857,92.1344771429,0,0,0,72.07592,45.3415774286,18.6599377143,23.1428571429,16.0,,,,,1092,2021-07-18
1627171200000,202130,7.0,7,7.0,7,0.0058891214,0.10373729,0,1,330455720213019684,2023-11-23,Rio de Janeiro,14.0,0.3591968,6747815.0,15.1428571429,87.4890955714,0,0,0,65.8278381429,38.912356,19.0570297143,24.1428571429,6.0,,,,,1092,2021-07-25
1627776000000,202131,12.0,12,12.0,12,0.22997464,0.17783535,0,1,330455720213119684,2023-11-23,Rio de Janeiro,4.0,0.75787306,6747815.0,14.7142857143,92.9893248571,0,0,0,73.8824428571,49.828634,18.8415208571,23.0,10.0,,,,,1092,2021-08-01
1628380800000,202132,9.0,9,9.0,9,0.25793877,0.13337651,0,1,330455720213219684,2023-11-23,Rio de Janeiro,20.0,0.755876,6747815.0,16.7142857143,94.7316148571,0,0,0,77.6620827143,56.2606858571,20.6977225714,25.0,7.0,,,,,1092,2021-08-08
1628985600000,202133,9.0,9,9.0,9,0.38474965,0.13337651,0,1,330455720213319684,2023-11-23,Rio de Janeiro,13.0,0.87738305,6747815.0,17.2857142857,94.7837425714,0,0,0,75.9962912857,44.7176501429,22.2479297143,29.0,7.0,,,,,1092,2021-08-15
1629590400000,202134,16.0,16,16.0,16,0.8852193,0.23711379,0,1,330455720213419684,2023-11-23,Rio de Janeiro,11.0,1.5999298,6747815.0,18.8571428571,91.5343877143,0,0,0,64.9142655714,33.2622002857,24.5605591429,31.2857142857,12.0,,,,,1092,2021-08-22
1630195200000,202135,17.0,17,17.0,17,0.8652901,0.2519334,0,1,330455720213519684,2023-11-23,Rio de Janeiro,6.0,1.5125792,6747815.0,19.0,93.2219177143,0,0,0,78.4378828571,56.484506,22.1879117143,26.1428571429,11.0,,,,,1092,2021-08-29
1630800000000,202136,12.0,12,12.0,12,0.3548215,0.17783535,0,1,330455720213619684,2023-11-23,Rio de Janeiro,8.0,0.8656589,6747815.0,20.7142857143,91.6350814286,0,0,0,78.2524162857,62.2533152857,23.4010445714,27.1428571429,6.0,,,,,1092,2021-09-05
1631404800000,202137,9.0,9,9.0,9,0.12020886,0.13337651,0,1,330455720213719684,2023-11-23,Rio de Janeiro,8.0,0.6176847,6747815.0,20.7142857143,93.2390928571,0,0,0,77.9427294286,57.4929954286,24.0795451429,28.8571428571,6.0,,,,,1092,2021-09-12
1632009600000,202138,6.0,6,6.0,6,0.06356119,0.08891767,0,1,330455720213819684,2023-11-23,Rio de Janeiro,9.0,0.48750934,6747815.0,18.8571428571,90.6237542857,0,0,0,70.2171698571,47.7125257143,22.6130951429,27.4285714286,3.0,,,,,1092,2021-09-19
1632614400000,202139,14.0,14,14.0,14,0.81689405,0.20747457,0,1,330455720213919684,2023-11-23,Rio de Janeiro,7.0,1.44452,6747815.0,20.8571428571,90.0618985714,0,0,0,73.4061048571,53.2812095714,24.0419257143,28.2857142857,7.0,,,,,1092,2021-09-26
1633219200000,202140,4.0,4,4.0,4,0.0763359,0.059278447,0,1,330455720214019684,2023-11-23,Rio de Janeiro,15.0,0.44942144,6747815.0,20.0,94.8538391429,0,0,0,80.53411,59.9628802857,22.4761905714,27.1428571429,4.0,,,,,1092,2021-10-03
1633824000000,202141,9.0,9,9.0,9,0.49690214,0.13337651,0,1,330455720214119684,2023-11-23,Rio de Janeiro,59.0,0.996433,6747815.0,20.1428571429,92.5515057143,0,0,0,79.9752265714,61.2163252857,22.9328062857,27.1428571429,6.0,,,,,1092,2021-10-10
1634428800000,202142,3.0,3,3.0,3,0.06396094,0.044458836,0,1,330455720214219684,2023-11-23,Rio de Janeiro,29.0,0.3901915,6747815.0,18.5714285714,94.0046228571,0,0,0,82.5214742857,68.02223,20.5997082857,23.4285714286,3.0,,,,,1092,2021-10-17
1635033600000,202143,6.0,6,6.0,6,0.45415315,0.08891767,0,1,330455720214319684,2023-11-23,Rio de Janeiro,22.0,0.9386868,6747815.0,21.1428571429,92.5045,1,0,0,83.2651894286,69.6394221429,22.8246757143,25.4285714286,2.0,,,,,1092,2021-10-24
1635638400000,202144,6.0,6,6.0,6,0.56954277,0.08891767,0,1,330455720214419684,2023-11-23,Rio de Janeiro,7.0,1.1051434,6747815.0,20.2857142857,95.7338671429,0,0,0,85.6837015714,72.8984982857,22.270022,25.0,5.0,,,,,1092,2021-10-31
1636243200000,202145,5.0,5,5.0,5,0.4552868,0.07409806,0,1,330455720214519684,2023-11-23,Rio de Janeiro,8.0,0.9351259,6747815.0,18.7142857143,94.06623,0,0,0,80.851583,65.6115451429,21.12987,24.0,3.0,,,,,1092,2021-11-07
1636848000000,202146,20.0,20,20.0,20,0.9972631,0.29639223,0,1,330455720214619684,2023-11-23,Rio de Janeiro,20.0,3.1557853,6747815.0,19.7142857143,90.714262,0,0,0,73.0223825714,49.990032,23.707792,29.2857142857,14.0,,,,,1092,2021-11-14
1637452800000,202147,24.0,24,24.0,24,0.993563,0.3556707,0,1,330455720214719684,2023-11-23,Rio de Janeiro,16.0,2.4193096,6747815.0,20.1428571429,89.9903385714,0,0,0,71.3605411429,51.0229435714,24.1779828571,29.1428571429,16.0,,,,,1092,2021-11-21
1638057600000,202148,23.0,23,23.0,23,0.8489991,0.34085107,0,1,330455720214819684,2023-11-23,Rio de Janeiro,12.0,1.3864826,6747815.0,22.7142857143,91.7849422857,1,0,0,75.5475885714,53.4289278571,25.3863868571,29.2857142857,17.0,,,,,1092,2021-11-28
1638662400000,202149,16.0,16,16.0,16,0.19641796,0.23711379,0,1,330455720214919684,2023-11-23,Rio de Janeiro,12.0,0.7568388,6747815.0,21.0,90.970498,0,0,0,77.4760968571,58.171887,23.7611282857,27.8571428571,15.0,,,,,1092,2021-12-05
1639267200000,202150,6.0,6,6.0,6,0.0017768691,0.08891767,0,1,330455720215019684,2023-11-23,Rio de Janeiro,227.0,0.29583994,6747815.0,23.5714285714,95.9036871429,1,0,0,80.4814391429,54.9658114286,26.6749482857,32.2857142857,5.0,,,,,1092,2021-12-12
1639872000000,202151,4.0,4,4.0,4,0.0037663537,0.059278447,0,1,330455720215119684,2023-11-23,Rio de Janeiro,9.0,0.26664373,6747815.0,21.1428571429,91.6203042857,1,0,0,73.5710337143,54.0373758571,24.6177537143,28.4285714286,3.0,,,,,1092,2021-12-19
1640476800000,202152,4.0,4,4.0,4,0.079839066,0.059278447,0,2,330455720215219684,2023-11-23,Rio de Janeiro,14.0,0.45455202,6747815.0,21.8571428571,92.6196437143,1,0,0,79.3975965714,59.640615,25.0732637143,29.5714285714,0.0,,,,,1092,2021-12-26
1641081600000,202201,21.0,21,21.0,21,0.9986092,0.31121185,0,2,330455720220119684,2023-11-23,Rio de Janeiro,94.0,3.4323168,6747815.0,24.1428571429,92.0493744286,1,0,0,78.1829721429,59.3483315714,26.7853692857,30.1428571429,10.0,,,,,8053,2022-01-02
1641686400000,202202,14.0,14,14.0,14,0.8675266,0.20747457,0,2,330455720220219684,2023-11-23,Rio de Janeiro,120.0,1.5911115,6747815.0,22.8571428571,95.0442514286,1,0,0,85.3748222857,67.319631,25.1547617143,28.5714285714,7.0,,,,,8053,2022-01-09
1642291200000,202203,22.0,22,22.0,22,0.9071423,0.32603148,0,2,330455720220319684,2023-11-23,Rio de Janeiro,9.0,1.5530369,6747815.0,24.7142857143,88.9920142857,1,0,0,75.7381385714,58.2519598571,27.729342,31.8571428571,11.0,,,,,8053,2022-01-16
1642896000000,202204,19.0,19,19.0,19,0.6156365,0.28157264,0,2,330455720220419684,2023-11-23,Rio de Janeiro,11.0,1.1014314,6747815.0,24.7142857143,84.0763728571,1,0,0,69.4298987143,51.1744185714,28.130952,32.4285714286,7.0,,,,,8053,2022-01-23
1643500800000,202205,31.0,31,31.0,31,0.9479307,0.459408,0,2,330455720220519684,2023-11-23,Rio de Janeiro,8.0,1.5826366,6747815.0,23.7142857143,95.8386157143,1,0,0,82.0471292857,62.0210371429,26.5605958571,31.2857142857,25.0,,,,,8053,2022-01-30
1644105600000,202206,35.0,35,35.0,35,0.9420017,0.5186864,0,2,330455720220619684,2023-11-23,Rio de Janeiro,11.0,1.5123024,6747815.0,22.4285714286,93.3907614286,1,0,0,82.9531077143,65.3315088571,24.6369045714,27.5714285714,23.0,,,,,8053,2022-02-06
1644710400000,202207,47.0,47,47.0,47,0.9801541,0.69652176,0,2,330455720220719684,2023-11-23,Rio de Janeiro,7.0,1.6082743,6747815.0,23.2857142857,94.9782342857,1,0,0,83.4910728571,67.0723314286,25.4880954286,29.0,25.0,,,,,8053,2022-02-13
1645315200000,202208,62.0,62,62.0,62,0.99381524,0.918816,0,2,330455720220819684,2023-11-23,Rio de Janeiro,18.0,1.661781,6747815.0,23.7142857143,95.0573185714,1,0,0,80.6074448571,59.0175308571,26.6845237143,31.2857142857,36.0,,,,,8053,2022-02-20
1645920000000,202209,66.0,66,66.0,66,0.95925915,0.9780944,0,2,330455720220919684,2023-11-23,Rio de Janeiro,5.0,1.388137,6747815.0,24.0,91.8047485714,1,0,0,70.8325442857,42.5332815714,28.285714,34.0,36.0,,,,,8053,2022-02-27
1646524800000,202210,116.0,116,116.0,116,0.9999886,1.719075,0,2,330455720221019684,2023-11-23,Rio de Janeiro,10.0,1.9214933,6747815.0,23.8571428571,88.6337057143,1,1,1,65.9678482857,40.089502,28.6607142857,34.4285714286,68.0,,,,,8053,2022-03-06
1647129600000,202211,126.0,126,126.0,126,0.9995368,1.8672711,0,3,330455720221119684,2023-11-23,Rio de Janeiro,21.0,1.5969439,6747815.0,24.2857142857,88.0031728571,1,1,1,71.7843947143,51.2131588571,27.9057827143,32.8571428571,74.0,,,,,8053,2022-03-13
1647734400000,202212,177.0,177,177.0,177,0.99998975,2.6230714,0,3,330455720221219684,2023-11-23,Rio de Janeiro,6.0,1.6721373,6747815.0,22.0,88.5834842857,1,1,1,69.8232521429,47.7597717143,26.3018708571,31.5714285714,123.0,,,,,8053,2022-03-20
1648339200000,202213,153.0,153,153.0,153,0.87866074,2.2674007,0,3,330455720221319684,2023-11-23,Rio de Janeiro,14.0,1.1480515,6747815.0,23.8571428571,91.0224414286,1,0,1,78.4215422857,61.7570202857,26.2213772857,30.0,98.0,,,,,8053,2022-03-27
1648944000000,202214,222.0,222,222.0,222,0.9996232,3.289954,0,2,330455720221419684,2023-11-23,Rio de Janeiro,56.0,1.4169692,6747815.0,22.7142857143,93.3633942857,1,1,1,80.9235035714,63.6890641429,25.0226188571,28.1428571429,155.0,,,,,8053,2022-04-03
1649548800000,202215,201.0,201,201.0,201,0.9035646,2.9787421,0,2,330455720221519684,2023-11-23,Rio de Janeiro,17.0,1.1435883,6747815.0,22.0,92.4946777143,1,0,1,77.5380571429,57.9843671429,24.6261904286,28.1428571429,142.0,,,,,8053,2022-04-10
1650153600000,202216,234.0,234,234.0,234,0.96292627,3.4677892,0,1,330455720221619684,2023-11-23,Rio de Janeiro,15.0,1.1878948,6747815.0,19.4285714286,89.9170171429,0,1,1,72.6356422857,52.762528,23.5908385714,28.2857142857,173.0,,,,,8053,2022-04-17
1650758400000,202217,342.0,342,342.0,342,0.99999994,5.0683074,0,3,330455720221719684,2023-11-23,Rio de Janeiro,22.0,1.5684257,6747815.0,21.5714285714,91.7367494286,1,1,1,77.0176772857,58.5233661429,24.7781385714,29.0,233.0,,,,,8053,2022-04-24
1651363200000,202218,461.0,461,461.0,461,1.0,6.831841,0,3,330455720221819684,2023-11-23,Rio de Janeiro,71.0,1.757393,6747815.0,21.4285714286,90.1201028571,1,1,1,76.414742,52.4865685714,24.4535714286,29.2857142857,343.0,,,,,8053,2022-05-01
1651968000000,202219,505.0,505,505.0,505,1.0,7.483904,0,3,330455720221919684,2023-11-23,Rio de Janeiro,27.0,1.4691758,6747815.0,19.5714285714,91.54142,0,1,1,77.7365771429,60.6792375714,22.470238,26.1428571429,369.0,,,,,8053,2022-05-08
1652572800000,202220,406.0,406,406.0,406,0.26216424,6.0167623,0,3,330455720222019684,2023-11-23,Rio de Janeiro,13.0,0.9567877,6747815.0,17.5714285714,87.4036151429,0,0,1,69.924275,51.7932252857,20.3273808571,24.0,290.0,,,,,8053,2022-05-15
1653177600000,202221,400.0,400,400.0,400,0.036282655,5.927845,0,1,330455720222119684,2023-11-23,Rio de Janeiro,13.0,0.8842123,6747815.0,15.7142857143,93.8515145714,0,0,1,76.0312177143,47.0129841429,20.8841997143,26.8571428571,293.0,,,,,8053,2022-05-22
1653782400000,202222,338.0,338,338.0,338,0.0007448157,5.009029,0,1,330455720222219684,2023-11-23,Rio de Janeiro,137.0,0.794098,6747815.0,19.0,93.168712,0,0,1,82.2815842857,65.5172601429,21.9430272857,25.4285714286,236.0,,,,,8053,2022-05-29
1654387200000,202223,255.0,255,255.0,255,1.904e-07,3.779001,0,1,330455720222319684,2023-11-23,Rio de Janeiro,38.0,0.66627395,6747815.0,17.4285714286,93.07622,0,0,1,84.0119471429,70.643486,19.8292517143,22.8571428571,194.0,,,,,8053,2022-06-05
1654992000000,202224,153.0,153,153.0,153,6.661338e-16,2.2674007,0,1,330455720222419684,2023-11-23,Rio de Janeiro,11.0,0.46959227,6747815.0,15.5714285714,89.8782454286,0,0,1,76.8445185714,55.5584495714,18.9523808571,23.2857142857,118.0,,,,,8053,2022-06-12
1655596800000,202225,209.0,209,209.0,209,0.01570516,3.0972989,0,1,330455720222519684,2023-11-23,Rio de Janeiro,25.0,0.8186896,6747815.0,17.2857142857,94.8229942857,0,0,1,81.7343437143,60.8576057143,20.6190477143,25.7142857143,140.0,,,,,8053,2022-06-19
1656201600000,202226,189.0,189,189.0,189,0.23043929,2.8009067,0,1,330455720222619684,2023-11-23,Rio de Janeiro,12.0,0.9283197,6747815.0,16.5714285714,92.2948454286,0,0,1,78.3092191429,55.5202085714,19.7630922857,24.4285714286,106.0,,,,,8053,2022-06-26
1656806400000,202227,155.0,155,155.0,155,0.030116739,2.2970397,0,1,330455720222719684,2023-11-23,Rio de Janeiro,43.0,0.81655735,6747815.0,15.2857142857,93.8056362857,0,0,1,74.9100201429,42.2480247143,20.7554114286,27.8571428571,99.0,,,,,8053,2022-07-03
1657411200000,202228,144.0,144,144.0,144,0.020630103,2.1340241,0,1,330455720222819684,2023-11-23,Rio de Janeiro,35.0,0.79695076,6747815.0,17.7142857143,92.364022,0,0,1,77.0165278571,54.06841,21.7990197143,26.8571428571,91.0,,,,,8053,2022-07-10
1658016000000,202229,194.0,194,194.0,194,0.93817145,2.8750048,0,1,330455720222919684,2023-11-23,Rio de Janeiro,21.0,1.1765893,6747815.0,19.5714285714,91.61899,0,0,1,78.4269351429,53.9214895714,22.4583334286,27.7142857143,118.0,,,,,8053,2022-07-17
1658620800000,202230,148.0,148,148.0,148,0.22881758,2.1933026,0,1,330455720223019684,2023-11-23,Rio de Janeiro,9.0,0.9190404,6747815.0,18.0,89.3700925714,0,0,1,75.12184,45.8228994286,21.7172272857,27.4285714286,87.0,,,,,8053,2022-07-24
1659225600000,202231,145.0,145,145.0,145,0.12629244,2.1488438,0,1,330455720223119684,2023-11-23,Rio de Janeiro,6.0,0.8781845,6747815.0,18.0,89.8375477143,0,0,1,78.1457512857,64.2537812857,20.3988097143,23.1428571429,76.0,,,,,8053,2022-07-31
1659830400000,202232,106.0,106,106.0,106,0.0010959184,1.5708789,0,1,330455720223219684,2023-11-23,Rio de Janeiro,5.0,0.6826298,6747815.0,18.1428571429,92.2922505714,0,0,1,77.6299708571,55.8497452857,20.6964282857,23.8571428571,68.0,,,,,8053,2022-08-07
1660435200000,202233,110.0,110,110.0,110,0.045986354,1.6301574,0,1,330455720223319684,2023-11-23,Rio de Janeiro,8.0,0.8065719,6747815.0,16.4285714286,90.63613,0,0,1,73.3853142857,53.3105808571,20.4111722857,25.1428571429,56.0,,,,,8053,2022-08-14
1661040000000,202234,99.0,99,99.0,99,0.09569146,1.4671416,0,1,330455720223419684,2023-11-23,Rio de Janeiro,4.0,0.8375247,6747815.0,17.0,91.3912568571,0,0,1,75.4263357143,54.0289738571,20.4471915714,24.2857142857,50.0,,,,,8053,2022-08-21
1661644800000,202235,94.0,94,94.0,94,0.17768769,1.3930435,0,1,330455720223519684,2023-11-23,Rio de Janeiro,0.0,0.87790096,6747815.0,15.1428571429,90.4563228571,0,0,1,74.4666448571,53.6497077143,19.2015151429,23.5714285714,53.0,,,,,8053,2022-08-28
1662249600000,202236,101.0,101,101.0,101,0.50855213,1.4967808,0,1,330455720223619684,2023-11-23,Rio de Janeiro,0.0,1.0030174,6747815.0,17.4285714286,87.6832722857,0,0,1,68.5189102857,42.0150774286,21.9880951429,28.8571428571,51.0,,,,,8053,2022-09-04
1662854400000,202237,120.0,120,120.0,120,0.9246328,1.7783535,0,1,330455720223719684,2023-11-23,Rio de Janeiro,0.0,1.2145498,6747815.0,18.1428571429,90.7172862857,0,0,1,84.5921785714,70.8711662857,19.6130954286,21.7142857143,50.0,,,,,8053,2022-09-11
1663459200000,202238,102.0,102,102.0,102,0.46021026,1.5116004,0,1,330455720223819684,2023-11-23,Rio de Janeiro,0.0,0.9861838,6747815.0,17.4285714286,88.99469,0,0,1,76.1413314286,58.8222497143,20.0054111429,22.8571428571,40.0,,,,,8053,2022-09-18
1664064000000,202239,95.0,95,95.0,95,0.1865138,1.4078631,0,1,330455720223919684,2023-11-23,Rio de Janeiro,0.0,0.8824809,6747815.0,18.7142857143,90.0105634286,0,0,1,82.4935828571,68.5011511429,20.3829032857,23.2857142857,48.0,,,,,8053,2022-09-25
1664668800000,202240,102.0,102,102.0,102,0.44156918,1.5116004,0,1,330455720224019684,2023-11-23,Rio de Janeiro,0.0,0.9797707,6747815.0,20.5714285714,91.60248,0,0,1,80.4126357143,67.2018535714,22.1477271429,24.5714285714,54.0,,,,,8053,2022-10-02
1665273600000,202241,123.0,123,123.0,123,0.9312313,1.8228123,0,1,330455720224119684,2023-11-23,Rio de Janeiro,0.0,1.2197336,6747815.0,21.4285714286,90.8782,1,0,1,77.2842664286,60.8568275714,24.2857137143,28.0,59.0,,,,,8053,2022-10-09
1665878400000,202242,160.0,160,160.0,160,0.99927,2.3711379,0,1,330455720224219684,2023-11-23,Rio de Janeiro,0.0,1.4796615,6747815.0,21.2857142857,88.5413314286,1,1,1,75.5363142857,54.6929215714,24.4575568571,29.1428571429,53.0,,,,,8053,2022-10-16
1666483200000,202243,139.0,139,139.0,139,0.79595286,2.059926,0,1,330455720224319684,2023-11-23,Rio de Janeiro,0.0,1.1069666,6747815.0,20.8571428571,92.4297985714,0,0,1,76.8328058571,61.0625664286,24.3634921429,28.2857142857,52.0,,,,,8053,2022-10-23
1667088000000,202244,131.0,131,131.0,131,0.2870343,1.9413692,0,1,330455720224419684,2023-11-23,Rio de Janeiro,0.0,0.9341007,6747815.0,19.4285714286,90.9432542857,0,0,1,77.4797042857,58.5268647143,22.2662907143,25.8571428571,46.0,,,,,8053,2022-10-30
1667692800000,202245,171.0,171,171.0,171,0.94849133,2.5341537,0,1,330455720224519684,2023-11-23,Rio de Janeiro,0.0,1.2024918,6747815.0,19.5714285714,92.3709128571,0,0,1,80.2791155714,62.8211107143,21.9366882857,25.2857142857,64.0,,,,,8053,2022-11-06
1668297600000,202246,129.0,129,129.0,129,0.19049408,1.9117299,0,1,330455720224619684,2023-11-23,Rio de Janeiro,0.0,0.8993642,6747815.0,21.4285714286,87.8801685714,1,0,1,75.5614441429,56.929929,23.9488097143,27.7142857143,49.0,,,,,8053,2022-11-13
1668902400000,202247,94.0,94,94.0,94,0.0005106912,1.3930435,0,1,330455720224719684,2023-11-23,Rio de Janeiro,0.0,0.6508022,6747815.0,20.8571428571,89.2448051429,0,0,1,76.3102944286,61.5849792857,23.8928571429,27.1428571429,34.0,,,,,8053,2022-11-20
1669507200000,202248,86.0,86,86.0,86,0.0019737158,1.2744867,0,1,330455720224819684,2023-11-23,Rio de Janeiro,0.0,0.67219293,6747815.0,22.8571428571,88.6335014286,1,0,0,78.5898624286,63.9334018571,25.4535717143,29.8571428571,32.0,,,,,8053,2022-11-27
1670112000000,202249,98.0,98,98.0,98,0.47070056,1.452322,0,1,330455720224919708,2023-12-17,Rio de Janeiro,0.0,0.9896027,6747815.0,22.0,89.375718,1,0,1,74.9937762857,57.8374511429,25.4740257143,29.4285714286,24.0,,,,,8053,2022-12-04
1670716800000,202250,123.0,123,123.0,123,0.98636544,1.8228123,0,1,330455720225019718,2023-12-27,Rio de Janeiro,0.0,1.3540077,6747815.0,21.0,90.3509966667,0,1,1,73.5068166667,51.23129,25.0713383333,29.8333333333,43.0,,,,,8053,2022-12-11
1671321600000,202251,117.0,117,117.0,117,0.8770603,1.7338946,0,1,330455720225119718,2023-12-27,Rio de Janeiro,0.0,1.1705892,6747815.0,22.0,91.24947,1,0,1,83.38519,73.80251,23.0272435,25.0,36.0,,,,,8053,2022-12-18
1671926400000,202252,163.0,163,163.0,163,0.9982087,2.4155967,0,1,330455720225219734,2024-01-12,Rio de Janeiro,0.0,1.4215776,6747815.0,22.3333333333,92.22857,1,1,1,80.6600933333,69.358795,24.7015153333,27.0,67.0,,,,,8053,2022-12-25
1672531200000,202301,230.0,230,230.0,230,0.99999976,3.4085107,0,3,330455720230119740,2024-01-18,Rio de Janeiro,0.0,1.7139512,6747815.0,22.4285714286,92.5873994286,1,1,1,78.1880928571,63.0343021429,24.9761905714,28.4285714286,106.0,,,,,45722,2023-01-01
1673136000000,202302,218.0,218,218.0,218,0.995155,3.2306755,0,3,330455720230219747,2024-01-25,Rio de Janeiro,0.0,1.3026527,6747815.0,23.4285714286,89.9808285714,1,1,1,82.592395,69.3316824286,25.0714285714,28.2857142857,92.0,,,,,45722,2023-01-08
1673740800000,202303,246.0,246,246.0,246,0.9771994,3.6456246,0,3,330455720230319747,2024-01-25,Rio de Janeiro,0.0,1.2077812,6747815.0,26.7142857143,77.1570837143,1,1,1,77.1570837143,77.1570837143,26.7142857143,26.7142857143,125.0,,,,,45722,2023-01-15
1674345600000,202304,312.0,312,312.0,312,0.9998428,4.6237187,0,3,330455720230419752,2024-01-30,Rio de Janeiro,0.0,1.3656247,6747815.0,25.1428571429,82.1437925714,1,1,1,82.1437925714,82.1437925714,25.1428571429,25.1428571429,144.0,,,,,45722,2023-01-22
1674950400000,202305,383.0,383,383.0,383,0.99999934,5.6759114,0,3,330455720230519760,2024-02-07,Rio de Janeiro,0.0,1.4696335,6747815.0,25.5714285714,83.8827211429,1,1,1,79.6925188571,72.2570682857,26.5773808571,28.5714285714,203.0,,,,,45722,2023-01-29
1675555200000,202306,525.0,525,525.0,525,1.0,7.923513,0,3,330455720230619768,2024-02-15,Rio de Janeiro,0.0,1.6493363,6625849.0,25.2857142857,84.6093591429,1,1,1,83.9598165714,83.310275,25.2857142857,25.2857142857,295.0,,,,,45722,2023-02-05
1676160000000,202307,372.0,372,372.0,372,0.2526511,5.6143746,0,3,330455720230719774,2024-02-21,Rio de Janeiro,0.0,0.95291066,6625849.0,24.9333333333,86.4308133333,1,0,1,83.6260754667,80.823998,25.3888888,25.8,176.0,,,,,45722,2023-02-12
1676764800000,202308,507.0,507,507.0,507,0.9888539,7.6518497,0,2,330455720230819780,2024-02-27,Rio de Janeiro,0.0,1.1605749,6625849.0,23.76,91.9395964,1,1,1,78.69903688,61.2907004,26.96333344,31.24,237.0,,,,,45722,2023-02-19
1677369600000,202309,870.0,870,870.0,870,1.0,13.130393,0,3,330455720230919787,2024-03-05,Rio de Janeiro,0.0,1.8623381,6625849.0,26.5652173913,79.2728502609,1,1,2,76.7611115652,74.7959257391,27.0942027826,27.5652173913,443.0,,,,,45722,2023-02-26
1677974400000,202310,945.0,945,945.0,945,1.0,14.262323,0,3,330455720231019795,2024-03-13,Rio de Janeiro,0.0,1.6172416,6625849.0,25.8571428571,81.5570647143,1,1,2,79.748143,78.1524784286,26.1666665714,26.4285714286,455.0,,,,,45722,2023-03-05
1678579200000,202311,1125.0,1125,1125.0,1125,1.0,16.978956,0,4,330455720231119801,2024-03-19,Rio de Janeiro,0.0,1.4384131,6625849.0,24.8947368421,82.1735726316,1,1,2,81.4420851579,80.7105981579,24.9736842105,25.0526315789,543.0,,,,,45722,2023-03-12
1679184000000,202312,1382.0,1382,1382.0,1382,1.0,20.857704,0,4,330455720231219809,2024-03-27,Rio de Janeiro,0.0,1.4342816,6625849.0,24.0,88.5891446154,1,1,2,74.8795039231,57.8367590769,26.9166667692,30.7692307692,767.0,,,,,45722,2023-03-19
1679788800000,202313,1580.0,1580,1580.0,1580,1.0,23.846,0,4,330455720231319815,2024-04-02,Rio de Janeiro,0.0,1.3781551,6625849.0,23.5769230769,89.6739012308,1,1,2,80.4843574615,69.4006986923,25.5512818462,28.0,823.0,,,,,45722,2023-03-26
1680393600000,202314,1420.0,1420,1420.0,1420,0.9419985,21.431215,0,4,330455720231419821,2024-04-08,Rio de Janeiro,0.0,1.0616965,6625849.0,22.0,94.08686,1,0,2,78.9160121429,61.5469862857,24.619048,27.8571428571,787.0,,,,,45722,2023-04-02
1680998400000,202315,1783.0,1783,1783.0,1783,1.0,26.90976,0,4,330455720231519828,2024-04-15,Rio de Janeiro,0.0,1.2132208,6625849.0,20.7142857143,95.7458942857,0,1,2,80.7760205714,58.9473221429,24.1904762857,29.0,964.0,,,,,45722,2023-04-09
1681603200000,202316,1502.0,1502,1502.0,1502,0.23936632,22.668793,0,4,330455720231619835,2024-04-22,Rio de Janeiro,0.0,0.97464806,6625849.0,21.2857142857,93.2862714286,1,0,2,77.3964678571,57.5178611429,24.5178571429,28.0,816.0,,,,,45722,2023-04-16
1682208000000,202317,1572.0,1572,1572.0,1572,0.34295422,23.725262,0,4,330455720231719842,2024-04-29,Rio de Janeiro,0.0,0.9857314,6625849.0,20.4285714286,92.4114291429,0,0,2,78.7258365714,60.3022841429,23.3928571429,27.1428571429,895.0,,,,,45722,2023-04-23
1682812800000,202318,1919.0,1919,1919.0,1919,1.0,28.962326,0,4,330455720231819849,2024-05-06,Rio de Janeiro,0.0,1.2015945,6625849.0,22.7619047619,88.0576569524,1,1,2,86.2529474286,83.7905211429,23.1031744762,23.5714285714,1058.0,,,,,45722,2023-04-30
1683417600000,202319,1807.0,1807,1807.0,1807,0.995328,27.271976,0,4,330455720231919856,2024-05-13,Rio de Janeiro,0.0,1.0924182,6625849.0,21.8636363636,88.8520834545,1,1,2,84.5371289091,79.3549600909,22.4515152727,23.2727272727,1075.0,,,,,45722,2023-05-07
1684022400000,202320,1731.0,1731,1731.0,1731,0.28015295,26.124954,0,4,330455720232019863,2024-05-20,Rio de Janeiro,0.0,0.9804962,6625849.0,18.1304347826,87.298006087,0,0,2,76.8775522609,61.8836966087,20.4565217391,22.7826086957,993.0,,,,,45722,2023-05-14
1684627200000,202321,1479.0,1479,1479.0,1479,9.75e-08,22.321669,0,4,330455720232119870,2024-05-27,Rio de Janeiro,0.0,0.83293986,6625849.0,18.72,89.666396,0,0,2,78.27734368,58.07564868,22.05000016,26.08,807.0,,,,,45722,2023-05-21
1685232000000,202322,1328.0,1328,1328.0,1328,2e-10,20.042715,0,4,330455720232219877,2024-06-03,Rio de Janeiro,0.0,0.7960871,6625849.0,20.2,88.834726,0,0,2,88.264806,87.6893094,20.2833332,20.5,795.0,,,,,45722,2023-05-28
1685836800000,202323,1238.0,1238,1238.0,1238,1.962e-07,18.684399,0,4,330455720232319884,2024-06-10,Rio de Janeiro,,0.8234976,6625849.0,16.4635857143,92.7973714286,0,0,2,79.7841,54.3063714286,20.4796285714,26.3375285714,737.0,,,,,45722,2023-06-04
1686441600000,202324,1348.0,1348,1348.0,1348,0.39592624,20.344563,0,4,330455720232419884,2024-06-10,Rio de Janeiro,,0.9899132,6625849.0,19.9046,91.9111285714,0,0,2,82.4304428571,64.6585,22.4527142857,26.1682857143,782.0,,,,,45722,2023-06-11
1687046400000,202325,1236.0,1236,1236.0,1236,0.11686673,18.654213,0,4,330455720232519898,2024-06-24,Rio de Janeiro,0.0,0.95377296,6625849.0,18.7,78.0046084,0,0,2,77.2142524,76.07663825,19.025,19.35,702.0,,,,,45722,2023-06-18
1687651200000,202326,996.0,996,996.0,996,4.8e-09,15.032036,0,4,330455720232619905,2024-07-01,Rio de Janeiro,0.0,0.78507173,6625849.0,19.7142857143,84.4387274286,0,0,2,81.390786,78.5984042857,20.2142857143,20.7142857143,497.0,,,,,45722,2023-06-25
1688256000000,202327,835.0,835,835.0,835,0.0,12.602159,0,4,330455720232719913,2024-07-09,Rio de Janeiro,0.0,0.7086593,6625849.0,17.45,82.800435,0,0,2,81.43199885,79.5288695,17.8642858,18.45,415.0,,,,,45722,2023-07-02
1688860800000,202328,770.0,770,770.0,770,2e-09,11.621152,0,4,330455720232819919,2024-07-15,Rio de Janeiro,,0.75602317,6625849.0,19.4214285714,89.1566142857,0,0,2,75.4329428571,56.6501428571,22.1823714286,26.3498714286,394.0,,,,,45722,2023-07-09
1689465600000,202329,647.0,647,647.0,647,6.2e-09,9.764787,0,4,330455720232919929,2024-07-25,Rio de Janeiro,,0.74518234,6625849.0,17.9093285714,88.8996571429,0,0,2,80.5619857143,67.3520714286,20.3571857143,23.5575,318.0,,,,,45722,2023-07-16
1690070400000,202330,557.0,557,557.0,557,2.05e-08,8.40647,0,4,330455720233019934,2024-07-30,Rio de Janeiro,,0.73746103,6625849.0,18.4884857143,92.4585285714,0,0,1,80.0830142857,58.4011285714,21.9487,26.6419571429,248.0,,,,,45722,2023-07-23
1690675200000,202331,603.0,603,603.0,603,0.050081395,9.10072,0,1,330455720233119941,2024-08-06,Rio de Janeiro,,0.91165924,6625849.0,17.1542714286,92.1810142857,0,0,2,80.7280857143,60.2499285714,20.4131428571,25.0305571429,281.0,,,,,45722,2023-07-30
1691280000000,202332,536.0,536,536.0,536,0.030616185,8.089529,0,1,330455720233219949,2024-08-14,Rio de Janeiro,,0.89479154,6625849.0,19.5280285714,90.5779571429,0,0,1,76.5445,55.7634428571,22.8695142857,27.7186,250.0,,,,,45722,2023-08-06
1691884800000,202333,534.0,534,534.0,534,0.1244978,8.059344,0,1,330455720233319956,2024-08-21,Rio de Janeiro,,0.93303585,6625849.0,19.9024,89.5918428571,0,0,1,79.1911285714,63.9026142857,22.4488428571,25.8988428571,227.0,,,,,45722,2023-08-13
1692489600000,202334,505.0,505,505.0,505,0.08628571,7.621665,0,1,330455720233419962,2024-08-27,Rio de Janeiro,,0.9194124,6625849.0,19.9392142857,90.6021714286,0,0,1,76.5128714286,54.5233857143,23.3324714286,28.5243,201.0,,,,,45722,2023-08-20
1693094400000,202335,459.0,459,459.0,459,0.017856747,6.927414,0,1,330455720233519969,2024-09-03,Rio de Janeiro,,0.87458324,6625849.0,17.9162,91.7952285714,0,0,1,84.1522857143,72.5597571429,20.2468571429,23.1287142857,180.0,,,,,45722,2023-08-27
1693699200000,202336,446.0,446,446.0,446,0.04666416,6.731213,0,1,330455720233619978,2024-09-12,Rio de Janeiro,,0.8964647,6625849.0,20.6991571429,87.9818714286,0,0,1,77.0852428571,59.4700428571,23.8151857143,28.1098571429,164.0,,,,,45722,2023-09-03
1694304000000,202337,550.0,550,550.0,550,0.9911103,8.300823,0,1,330455720233719983,2024-09-17,Rio de Janeiro,,1.1598191,6625849.0,19.7167285714,88.5132428571,0,1,1,74.1210857143,53.774,23.5620142857,28.4722285714,219.0,,,,,45722,2023-09-10
1694908800000,202338,519.0,519,519.0,519,0.8926874,7.8329587,0,1,330455720233819990,2024-09-24,Rio de Janeiro,,1.0816946,6625849.0,20.7192285714,90.7639714286,0,0,1,74.5248,50.2639714286,24.9454428571,30.5400142857,221.0,,,,,45722,2023-09-17
1695513600000,202339,446.0,446,446.0,446,0.02964183,6.731213,0,1,330455720233919998,2024-10-02,Rio de Janeiro,,0.88475883,6625849.0,21.7035142857,90.2691857143,1,0,1,77.6728857143,59.1178571429,24.4339428571,28.8561285714,207.0,,,,,45722,2023-09-24
1696118400000,202340,472.0,472,472.0,472,0.18681471,7.1236153,0,1,330455720234020005,2024-10-09,Rio de Janeiro,,0.9445286,6625849.0,22.0612714286,92.8211285714,1,0,1,84.4095,71.7851,24.1390428571,27.2779571429,193.0,,,,,45722,2023-10-01
1696723200000,202341,380.0,380,380.0,380,0.0009992091,5.735114,0,2,330455720234120012,2024-10-16,Rio de Janeiro,,0.8085594,6625849.0,22.3590857143,92.6474,1,0,1,84.874,73.3621857143,24.1755285714,26.9240571429,172.0,,,,,45722,2023-10-08
1697328000000,202342,464.0,464,464.0,464,0.7494623,7.0028763,0,2,330455720234220019,2024-10-23,Rio de Janeiro,,1.0456583,6625849.0,21.2718571429,89.6377285714,1,0,1,82.4633428571,71.7073428571,23.0559285714,25.5558142857,212.0,,,,,45722,2023-10-15
1697932800000,202343,450.0,450,450.0,450,0.7625061,6.7915826,0,2,330455720234320026,2024-10-30,Rio de Janeiro,,1.0493596,6625849.0,21.4660428571,90.9163714286,1,0,1,82.7997571429,70.7042857143,23.6369,26.8225428571,214.0,,,,,45722,2023-10-22
1698537600000,202344,481.0,481,481.0,481,0.9147414,7.259447,0,2,330455720234420032,2024-11-05,Rio de Janeiro,,1.0945619,6625849.0,23.3971714286,91.1584285714,1,0,1,80.7131,65.3963142857,25.7932428571,29.2617142857,270.0,,,,,45722,2023-10-29
1699142400000,202345,704.0,704,704.0,704,1.0,10.625053,0,1,330455720234520039,2024-11-12,Rio de Janeiro,,1.5014987,6625849.0,20.5856142857,84.6023428571,0,1,1,70.8361714286,52.1862857143,24.0985857143,28.8349857143,385.0,,,,,45722,2023-11-05
1699747200000,202346,571.0,571,571.0,571,0.89876497,8.6177635,0,1,330455720234620046,2024-11-19,Rio de Janeiro,,1.0798972,6625849.0,25.3153285714,91.1391,1,0,1,72.6433142857,47.7055571429,29.4324,35.3842285714,331.0,,,,,45722,2023-11-12
1700352000000,202347,900.0,900,900.0,900,1.0,13.583165,0,1,330455720234720056,2024-11-29,Rio de Janeiro,,1.4744326,6625849.0,23.4174285714,89.5124857143,1,1,2,78.9135571429,65.1963142857,25.9097428571,29.3165857143,527.0,,,,,45722,2023-11-19
1700956800000,202348,983.0,983,983.0,983,1.0,14.8358345,0,4,330455720234820060,2024-12-03,Rio de Janeiro,,1.4102958,6625849.0,22.2267714286,91.1691142857,1,1,2,77.6062571429,61.8870285714,25.2683142857,28.9385,570.0,,,,,45722,2023-11-26
1701561600000,202349,1149.0,1149,1149.0,1149,1.0,17.341173,0,4,330455720234920067,2024-12-10,Rio de Janeiro,,1.3718576,6625849.0,24.3112285714,93.2488285714,1,1,2,79.2977142857,62.8614857143,27.1073,30.8049428571,726.0,,,,,45722,2023-12-03
1702166400000,202350,1411.0,1411,1411.0,1411,1.0,21.295383,0,4,330455720235020074,2024-12-17,Rio de Janeiro,,1.4137423,6625849.0,21.6109714286,90.9290428571,1,1,2,76.1185428571,57.9140571429,24.8948142857,28.9311714286,974.0,,,,,45722,2023-12-10
1702771200000,202351,1098.0,1098,1098.0,1098,0.14507446,16.57146,0,4,330455720235120080,2024-12-23,Rio de Janeiro,,0.9563452,6625849.0,22.9563,91.3377,1,0,2,74.3208857143,53.5911857143,26.2965571429,30.6987571429,922.0,,,,,45722,2023-12-17
1703376000000,202352,1198.0,1198,1198.0,1198,0.26831552,18.080702,0,4,330455720235220087,2024-12-30,Rio de Janeiro,,0.9752268,6625849.0,23.6519142857,86.8901857143,1,0,2,71.2181428571,53.9967142857,27.0679857143,30.9614,994.0,,,,,45722,2023-12-24
1703980800000,202401,2421.0,2421,2421.0,2421,1.0,36.538715,0,4,330455720240120095,2025-01-07,Rio de Janeiro,,1.9114681,6625849.0,22.6193142857,89.3218857143,1,1,2,79.3918714286,65.3508857143,24.6023857143,27.2626285714,1501.0,,,,,141854,2023-12-31
1704585600000,202402,3010.0,3010,3010.0,3010,1.0,45.42814,0,4,330455720240220102,2025-01-14,Rio de Janeiro,,1.9128249,6625849.0,24.4706428571,90.7496,1,1,2,73.7359571429,55.2503714286,27.9452,32.0431,1767.0,,,,,141854,2024-01-07
1705190400000,202403,3800.0,3800,3800.0,3800,1.0,57.35114,0,4,330455720240320109,2025-01-21,Rio de Janeiro,,1.6847337,6625849.0,25.7803571429,91.2030285714,1,1,2,76.0210142857,57.8434428571,28.9142142857,32.9022285714,2267.0,,,,,141854,2024-01-14
1705795200000,202404,4891.0,4891,4891.0,4891,1.0,73.816956,0,4,330455720240420116,2025-01-28,Rio de Janeiro,,1.6085827,6625849.0,21.8847285714,93.3217571429,1,1,2,85.9115142857,76.7569857143,23.7086571429,25.7708857143,3156.0,,,,,141854,2024-01-21
1706400000000,202405,7982.0,7982,7982.0,7982,1.0,120.46758,0,4,330455720240520123,2025-02-04,Rio de Janeiro,,1.9978906,6625849.0,22.7977571429,94.3458428571,1,1,2,82.2012,64.3737571429,25.6826285714,29.7274571429,5196.0,,,,,141854,2024-01-28
1707004800000,202406,10068.0,10068,,10068,1.0,151.95033,0,4,330455720240620130,2025-02-11,Rio de Janeiro,,1.8241075,6625849.0,23.4196285714,94.0718428571,1,1,2,78.882,61.0074714286,26.6648571429,30.6637571429,8046.0,,,,,141854,2024-02-04
1707609600000,202407,13539.0,13539,,13539,1.0,204.33607,0,4,330455720240720137,2025-02-18,Rio de Janeiro,,1.7460179,6625849.0,24.0546142857,89.3992285714,1,1,2,76.5744714286,60.5301285714,26.9117714286,30.7361428571,12358.0,,,,,141854,2024-02-11
1708214400000,202408,16339.0,16339,,16339,1.0,246.59482,0,4,330455720240820145,2025-02-26,Rio de Janeiro,,1.5729148,6625849.0,23.9167571429,91.8427142857,1,1,2,81.7803285714,66.3558714286,26.2614,29.9673857143,15067.0,,,,,141854,2024-02-18
1708819200000,202409,14550.0,14550,,14550,1.0,219.5945,0,4,330455720240920153,2025-03-06,Rio de Janeiro,,1.1166737,6625849.0,24.4299142857,92.0358428571,1,1,2,80.6158285714,65.5541428571,26.9634285714,30.299,13305.0,,,,,141854,2024-02-25
1709424000000,202410,11999.0,11999,,11999,0.0,181.09378,0,4,330455720241020158,2025-03-11,Rio de Janeiro,,0.8250993,6625849.0,22.7226285714,93.7982571429,1,0,2,79.9846714286,62.8002142857,25.9607571429,29.8014285714,11136.0,,,,,141854,2024-03-03
1710028800000,202411,10154.0,10154,,10154,0.0,153.24829,0,4,330455720241120165,2025-03-18,Rio de Janeiro,,0.7259868,6625849.0,23.1251857143,94.556,1,0,2,79.3174857143,61.7723571429,26.5092285714,30.3423142857,9430.0,,,,,141854,2024-03-10
1710633600000,202412,7593.0,7593,7593.0,7593,0.0,114.596634,0,4,330455720241220171,2025-03-24,Rio de Janeiro,,0.6266078,6625849.0,24.7415857143,90.9787571429,1,0,2,78.3295142857,61.4830857143,27.6923571429,31.4456285714,7048.0,,,,,141854,2024-03-17
1711238400000,202413,4105.0,4105,4105.0,4105,0.0,61.954323,0,4,330455720241320179,2025-04-01,Rio de Janeiro,,0.41577402,6625849.0,22.2580285714,95.2120428571,1,0,2,88.3357,76.5698571429,23.5867571429,25.4453,3830.0,,,,,141854,2024-03-24
1711843200000,202414,4413.0,4413,4413.0,4413,0.0,66.60278,0,4,330455720241420188,2025-04-10,Rio de Janeiro,,0.5937511,6625849.0,21.0899,97.4697428571,1,0,2,82.9484714286,63.8867,24.4085714286,28.3025428571,4033.0,,,,,141854,2024-03-31
1712448000000,202415,3433.0,3433,3433.0,3433,0.0,51.81223,0,4,330455720241520193,2025-04-15,Rio de Janeiro,,0.64390486,6625849.0,21.9763285714,95.6055857143,1,0,2,83.2794714286,66.6229285714,24.6914714286,27.9449142857,3099.0,,,,,141854,2024-04-07
1713052800000,202416,2579.0,2579,2579.0,2579,0.0,38.923313,0,4,330455720241620201,2025-04-23,Rio de Janeiro,,0.61693597,6625849.0,21.4813571429,89.5107428571,1,0,2,75.8657428571,59.3864714286,24.1468714286,27.5565142857,2336.0,,,,,141854,2024-04-14
1713657600000,202417,2040.0,2040,2040.0,2040,0.0,30.788507,0,4,330455720241720207,2025-04-29,Rio de Janeiro,,0.59505916,6625849.0,20.0138142857,90.1656,0,0,2,74.3735857143,52.7380142857,23.8927142857,28.8204571429,1851.0,,,,,141854,2024-04-21
1714262400000,202418,1996.0,1996,1996.0,1996,0.0,30.124441,0,4,330455720241820214,2025-05-06,Rio de Janeiro,,0.7342473,6625849.0,21.8314571429,90.922,1,0,2,72.2940571429,46.5588,26.4268428571,31.9474142857,1843.0,,,,,141854,2024-04-28
1714867200000,202419,1869.0,1869,1869.0,1869,1.06e-08,28.207706,0,4,330455720241920224,2025-05-16,Rio de Janeiro,,0.8391563,6625849.0,20.6234714286,88.8572428571,0,0,2,69.5772,43.3874857143,25.6086857143,31.3372714286,1738.0,,,,,141854,2024-05-05
1715472000000,202420,1611.0,1611,1611.0,1611,2e-10,24.313866,0,4,330455720242020228,2025-05-20,Rio de Janeiro,,0.8119199,6625849.0,21.3986142857,88.1564857143,1,0,2,73.2427571429,52.4756857143,24.9709714286,29.4423142857,1482.0,,,,,141854,2024-05-12
1716076800000,202421,1281.0,1281,1281.0,1281,0.0,19.333372,0,4,330455720242120236,2025-05-28,Rio de Janeiro,,0.70779216,6625849.0,20.5616857143,92.4196,0,0,2,77.8365571429,55.2440571429,23.7433285714,28.1088714286,1152.0,,,,,141854,2024-05-19
1716681600000,202422,775.0,775,775.0,775,0.0,11.696614,0,4,330455720242220242,2025-06-03,Rio de Janeiro,,0.4955376,6625849.0,18.1564285714,91.5817428571,0,0,1,80.3804428571,66.1434285714,20.3501285714,22.8471428571,695.0,,,,,141854,2024-05-26
1717286400000,202423,885.0,885,885.0,885,0.0,13.356779,0,1,330455720242320249,2025-06-10,Rio de Janeiro,,0.71015567,6625849.0,17.1701428571,94.1322571429,0,0,2,80.8339285714,59.4416428571,20.8782,25.3494428571,781.0,,,,,141854,2024-06-02
1717891200000,202424,832.0,832,832.0,832,0.0004218149,12.556881,0,4,330455720242420256,2025-06-17,Rio de Janeiro,,0.85443556,6625849.0,16.1474285714,88.9999142857,0,0,2,69.7597714286,43.3762142857,21.9124857143,28.3935142857,719.0,,,,,141854,2024-06-09
1718496000000,202425,727.0,727,727.0,727,0.0005074002,10.972178,0,4,330455720242520263,2025-06-24,Rio de Janeiro,,0.8475984,6625849.0,15.8707142857,85.4243428571,0,0,1,64.6792,35.9942857143,22.1554142857,29.0131714286,603.0,,,,,141854,2024-06-16
1719100800000,202426,569.0,569,569.0,569,2e-10,8.587579,0,1,330455720242620270,2025-07-01,Rio de Janeiro,,0.7108624,6625849.0,19.4901142857,87.1860285714,0,0,1,72.0472857143,50.7991,23.1226571429,27.9787428571,481.0,,,,,141854,2024-06-23
1719705600000,202427,508.0,508,508.0,508,4.6e-09,7.666942,0,1,330455720242720278,2025-07-09,Rio de Janeiro,,0.7176662,6625849.0,17.0553571429,91.2076857143,0,0,1,78.6628285714,57.9991142857,20.5749714286,24.9065571429,410.0,,,,,141854,2024-06-30
1720310400000,202428,453.0,453,453.0,453,3.1314e-06,6.8368597,0,1,330455720242820284,2025-07-15,Rio de Janeiro,,0.7559598,6625849.0,18.9627714286,96.1099857143,0,0,1,87.1135285714,72.8621142857,20.9078285714,23.8856285714,309.0,,,,,141854,2024-07-07
1720915200000,202429,433.0,433,433.0,433,0.0033699067,6.535012,0,1,330455720242920292,2025-07-23,Rio de Janeiro,,0.83850837,6625849.0,17.3365428571,96.9634428571,0,0,1,83.7200857143,61.4084285714,19.9572428571,23.7426428571,293.0,,,,,141854,2024-07-14
1721520000000,202430,378.0,378,378.0,378,0.0016891628,5.7049294,0,1,330455720243020298,2025-07-29,Rio de Janeiro,,0.81662744,6625849.0,14.8601,93.9739714286,0,0,1,75.5045428571,47.8821142857,19.8839142857,25.6557142857,231.0,,,,,141854,2024-07-21
1722124800000,202431,382.0,382,382.0,382,0.06714752,5.765299,0,1,330455720243120305,2025-08-05,Rio de Janeiro,,0.89989936,6625849.0,16.8052714286,92.5954857143,0,0,1,77.2713857143,56.6331142857,20.6216428571,25.1612714286,261.0,,,,,141854,2024-07-28
1722729600000,202432,319.0,319,319.0,319,0.003050432,4.8144774,0,1,330455720243220312,2025-08-12,Rio de Janeiro,,0.8137424,6625849.0,17.4687,89.0138,0,0,1,70.6449,45.3576571429,22.4457571429,28.4358,198.0,,,,,141854,2024-08-04
1723334400000,202433,285.0,285,285.0,285,0.0012280036,4.3013353,0,1,330455720243320321,2025-08-21,Rio de Janeiro,,0.7875288,6625849.0,13.7385714286,89.2387428571,0,0,1,70.9425142857,46.4702285714,19.0043428571,24.9803857143,171.0,,,,,141854,2024-08-11
1723939200000,202434,295.0,295,295.0,295,0.099713616,4.4522595,0,1,330455720243420328,2025-08-28,Rio de Janeiro,,0.90221417,6625849.0,17.5144142857,89.1566142857,0,0,1,68.6133714286,42.6126428571,23.0504714286,29.7508857143,189.0,,,,,141854,2024-08-18
1724544000000,202435,256.0,256,256.0,256,0.035538662,3.8636558,0,1,330455720243520333,2025-09-02,Rio de Janeiro,,0.85776895,6625849.0,14.9240142857,89.5492285714,0,0,1,74.8501142857,54.7792428571,18.8250571429,23.3766857143,153.0,,,,,141854,2024-08-25
1725148800000,202436,254.0,254,254.0,254,0.11898431,3.833471,0,1,330455720243620340,2025-09-09,Rio de Janeiro,,0.90303034,6625849.0,18.5249,94.3440571429,0,0,1,79.8482428571,57.3037285714,22.4124714286,28.1919142857,144.0,,,,,141854,2024-09-01
1725753600000,202437,281.0,281,281.0,281,0.7253247,4.240966,0,1,330455720243720347,2025-09-16,Rio de Janeiro,,1.0524522,6625849.0,19.7286285714,81.4485857143,0,0,1,58.9064285714,30.347,26.0266428571,33.5407571429,172.0,,,,,141854,2024-09-08
1726358400000,202438,285.0,285,285.0,285,0.8164205,4.3013353,0,1,330455720243820354,2025-09-23,Rio de Janeiro,,1.0799925,6625849.0,19.4398857143,89.7475142857,0,0,1,73.9435285714,54.1778142857,22.7712714286,27.4299857143,164.0,,,,,141854,2024-09-15
1726963200000,202439,317.0,317,317.0,317,0.95874715,4.7842927,0,1,330455720243920363,2025-10-02,Rio de Janeiro,,1.1535333,6625849.0,21.2191,87.0729428571,1,1,1,65.7065714286,41.6796,26.0231571429,31.9838285714,171.0,,,,,141854,2024-09-22
1727568000000,202440,263.0,263,263.0,263,0.1481178,3.9693027,0,1,330455720244020368,2025-10-07,Rio de Janeiro,,0.91483086,6625849.0,19.9713285714,87.0194,0,0,1,70.0472571429,49.8509857143,23.7494,28.7831857143,149.0,,,,,141854,2024-09-29
1728172800000,202441,281.0,281,281.0,281,0.34439063,4.240966,0,1,330455720244120376,2025-10-15,Rio de Janeiro,,0.9670715,6625849.0,19.5270857143,88.0802285714,0,0,1,75.1293285714,59.7165,22.4900428571,26.6806142857,163.0,,,,,141854,2024-10-06
1728777600000,202442,305.0,305,305.0,305,0.82077765,4.6031837,0,1,330455720244220381,2025-10-20,Rio de Janeiro,,1.0786735,6625849.0,19.8014,90.2553714286,0,0,1,75.9558142857,58.3279285714,22.5901857143,26.6404857143,156.0,,,,,141854,2024-10-13
1729382400000,202443,301.0,301,301.0,301,0.7563515,4.5428143,0,1,330455720244320389,2025-10-28,Rio de Janeiro,,1.0590774,6625849.0,22.1377714286,91.4065714286,1,0,1,79.2517142857,62.1418714286,25.2315571429,29.6837571429,174.0,,,,,141854,2024-10-20
1729987200000,202444,327.0,327,327.0,327,0.89456916,4.9352164,0,1,330455720244420395,2025-11-03,Rio de Janeiro,,1.1054674,6625849.0,20.2597571429,91.5017571429,0,0,1,78.2891142857,62.8875428571,22.6382142857,25.6636,190.0,,,,,141854,2024-10-27
1730592000000,202445,376.0,376,376.0,376,0.9943924,5.6747446,0,1,330455720244520404,2025-11-12,Rio de Janeiro,,1.2141267,6625849.0,22.238,91.0784,1,1,1,76.6410857143,60.0185,24.9434857143,28.2112285714,209.0,,,,,141854,2024-11-03
1731196800000,202446,253.0,253,253.0,253,0.0012335243,3.8183787,0,1,330455720244620411,2025-11-19,Rio de Janeiro,,0.77684504,6625849.0,20.0606571429,90.8999857143,0,0,1,81.3179,68.8407571429,22.4604142857,25.6968428571,130.0,,,,,141854,2024-11-10
1731801600000,202447,303.0,303,303.0,303,0.19686455,4.572999,0,1,330455720244720418,2025-11-26,Rio de Janeiro,,0.9341888,6625849.0,21.1277,93.6325857143,1,0,1,83.1595714286,67.2754571429,23.4221857143,26.7770571429,156.0,,,,,141854,2024-11-17
1732406400000,202448,354.0,354,354.0,354,0.9759677,5.3427114,0,1,330455720244820425,2025-12-03,Rio de Janeiro,,1.1668781,6625849.0,21.1036428571,90.0784857143,1,1,1,72.8248142857,52.2328,24.9507142857,29.7007428571,196.0,,,,,141854,2024-11-24
1733011200000,202449,335.0,335,335.0,335,0.8600203,5.055956,0,2,330455720244920432,2025-12-10,Rio de Janeiro,,1.088959,6625849.0,22.5615,92.0570571429,1,0,1,80.5792428571,63.8878285714,25.7325428571,29.7779142857,180.0,,,,,141854,2024-12-01
1733616000000,202450,336.0,336,336.0,336,0.6053302,5.0710483,0,2,330455720245020438,2025-12-16,Rio de Janeiro,,1.0209223,6625849.0,22.2942142857,92.4930142857,1,0,1,81.1532571429,63.6945285714,24.6456857143,28.8083714286,178.0,,,,,141854,2024-12-08
1734220800000,202451,270.0,270,270.0,270,0.0052544195,4.0749493,0,2,330455720245120438,2025-12-16,Rio de Janeiro,,0.8115069,6625849.0,23.0114571429,91.3363714286,1,0,1,77.7709142857,61.5472,25.6149571429,29.4733571429,148.0,,,,,141854,2024-12-15
1734825600000,202452,243.0,243,243.0,243,0.0012781504,3.6674545,0,2,330455720245220438,2025-12-16,Rio de Janeiro,,0.7737701,6625849.0,23.2439285714,94.5550714286,1,0,1,83.8228285714,70.1527,25.3076857143,28.2464428571,134.0,,,,,141854,2024-12-22
