data_iniSE,SE,casos_est,casos_est_min,casos_est_max,casos,p_rt1,p_inc100k,Localidade_id,nivel,id,versao_modelo,municipio_nome,tweet,Rt,pop,tempmin,umidmax,receptivo,transmissao,nivel_inc,umidmed,umidmin,tempmed,tempmax,casprov,casprov_est,casprov_est_min,casprov_est_max,casconf,notif_accum_year,date
1262476800000,201001,19.0,19,19,19,0.0,0.8560178,0,1,130260320100119589,2023-08-20,Manaus,0.0,0.0,2219580.0,25.0,91.1428571429,0,0,0,79.5420362857,61.2857142857,27.4305575714,30.7142857143,12.0,,,,,4626,2010-01-03
1263081600000,201002,23.0,23,23,23,0.0,1.0362321,0,1,130260320100219589,2023-08-20,Manaus,0.0,0.0,2219580.0,24.8571428571,92.5714285714,1,0,0,81.4815405714,63.1428571429,27.0741452857,30.1428571429,12.0,,,,,4626,2010-01-10
1263686400000,201003,11.0,11,11,11,0.0,0.49558926,0,1,130260320100319589,2023-08-20,Manaus,0.0,0.0,2219580.0,24.1428571429,97.4285714286,1,0,0,86.7330737143,71.5714285714,26.4740322857,29.2857142857,6.0,,,,,4626,2010-01-17
1264291200000,201004,17.0,17,17,17,0.0,0.7659107,0,1,130260320100419589,2023-08-20,Manaus,0.0,0.0,2219580.0,24.7142857143,95.8571428571,0,0,0,82.9165355714,63.0,27.0984387143,30.7142857143,11.0,,,,,4626,2010-01-24
1264896000000,201005,22.0,22,22,22,0.0,0.9911785,0,1,130260320100519589,2023-08-20,Manaus,0.0,0.0,2219580.0,25.1428571429,94.2857142857,1,0,0,82.6884214286,66.7142857143,27.5928927143,30.4285714286,14.0,,,,,4626,2010-01-31
1265500800000,201006,17.0,17,17,17,0.4992454,0.7659107,0,1,130260320100619589,2023-08-20,Manaus,0.0,0.9993594,2219580.0,24.0,99.2857142857,0,0,0,89.9025314286,74.1428571429,26.0863827143,29.1428571429,14.0,,,,,4626,2010-02-07
1266105600000,201007,29.0,29,29,29,0.9219093,1.3065535,0,1,130260320100719589,2023-08-20,Manaus,0.0,1.505098,2219580.0,25.4285714286,97.4285714286,1,0,0,84.1551134286,63.7142857143,27.8183628571,31.4285714286,22.0,,,,,4626,2010-02-14
1266710400000,201008,38.0,38,38,38,0.9808405,1.7120357,0,1,130260320100819589,2023-08-20,Manaus,0.0,1.7160493,2219580.0,24.2857142857,98.2857142857,1,0,0,89.25376,69.8571428571,26.6888602857,30.5714285714,25.0,,,,,4626,2010-02-21
1267315200000,201009,51.0,51,51,51,0.9938353,2.297732,0,1,130260320100919589,2023-08-20,Manaus,0.0,1.764956,2219580.0,25.1428571429,97.4285714286,0,1,1,82.3202044286,63.0,28.2335662857,32.0,40.0,,,,,4626,2010-02-28
1267920000000,201010,55.0,55,55,55,0.9571092,2.4779463,0,1,130260320101019589,2023-08-20,Manaus,0.0,1.4284005,2219580.0,25.8571428571,96.5714285714,0,1,1,80.5051028571,57.4285714286,28.9725274286,33.4285714286,36.0,,,,,4626,2010-03-07
1268524800000,201011,59.0,59,59,59,0.86465,2.6581604,0,1,130260320101119589,2023-08-20,Manaus,0.0,1.237446,2219580.0,24.5714285714,95.8571428571,0,0,1,83.0254414286,61.2857142857,27.7088317143,32.0,42.0,,,,,4626,2010-03-14
1269129600000,201012,43.0,43,43,43,0.15100843,1.9373034,0,1,130260320101219589,2023-08-20,Manaus,0.0,0.810362,2219580.0,24.5714285714,95.8571428571,0,0,1,82.499838,61.5714285714,27.3593404286,30.8571428571,31.0,,,,,4626,2010-03-21
1269734400000,201013,36.0,36,36,36,0.041781608,1.6219285,0,1,130260320101319589,2023-08-20,Manaus,0.0,0.69071037,2219580.0,23.7142857143,99.1428571429,0,0,0,85.8672505714,68.5714285714,26.735411,30.2857142857,19.0,,,,,4626,2010-03-28
1270339200000,201014,38.0,38,38,38,0.20773946,1.7120357,0,1,130260320101419589,2023-08-20,Manaus,0.0,0.8371141,2219580.0,24.2857142857,97.8571428571,1,0,0,87.9778471429,70.7142857143,26.6930565714,29.4285714286,24.0,,,,,4626,2010-04-04
1270944000000,201015,46.0,46,46,46,0.7465786,2.0724642,0,1,130260320101519589,2023-08-20,Manaus,0.0,1.1534246,2219580.0,24.4285714286,98.2857142857,1,0,1,85.86815,65.1428571429,26.9540198571,30.7142857143,29.0,,,,,4626,2010-04-11
1271548800000,201016,48.0,48,48,48,0.79867053,2.1625712,0,2,130260320101619589,2023-08-20,Manaus,0.0,1.1945201,2219580.0,24.7142857143,99.1428571429,1,0,1,86.49263,69.1428571429,27.5050262857,30.7142857143,35.0,,,,,4626,2010-04-18
1272153600000,201017,36.0,36,36,36,0.20641246,1.6219285,0,2,130260320101719589,2023-08-20,Manaus,0.0,0.832433,2219580.0,24.5714285714,99.1428571429,1,0,0,89.0439778571,73.2857142857,26.7836465714,30.1428571429,24.0,,,,,4626,2010-04-25
1272758400000,201018,43.0,43,43,43,0.4771944,1.9373034,0,2,130260320101819589,2023-08-20,Manaus,0.0,0.9878361,2219580.0,24.1428571429,100.0,1,0,1,87.3025985714,67.8571428571,26.9698312857,30.4285714286,36.0,,,,,4626,2010-05-02
1273363200000,201019,61.0,61,61,61,0.96777797,2.7482677,0,2,130260320101919589,2023-08-20,Manaus,0.0,1.4410044,2219580.0,24.7142857143,95.7142857143,1,1,1,84.5730114286,69.8571428571,26.9103331429,29.2857142857,51.0,,,,,4626,2010-05-09
1273968000000,201020,45.0,45,45,45,0.46406347,2.0274105,0,1,130260320102019589,2023-08-20,Manaus,0.0,0.98133624,2219580.0,25.5714285714,96.5714285714,0,0,1,81.2298314286,60.0,28.5334147143,32.0,34.0,,,,,4626,2010-05-16
1274572800000,201021,42.0,42,42,42,0.19924547,1.89225,0,1,130260320102119589,2023-08-20,Manaus,0.0,0.8390076,2219580.0,25.1428571429,96.1428571429,1,0,1,85.6988505714,68.8571428571,27.4962341429,30.7142857143,31.0,,,,,4626,2010-05-23
1275177600000,201022,43.0,43,43,43,0.31054074,1.9373034,0,1,130260320102219589,2023-08-20,Manaus,0.0,0.9017577,2219580.0,24.0,100.0,0,0,1,85.2013835714,59.8571428571,27.0268998571,30.4285714286,36.0,,,,,4626,2010-05-30
1275782400000,201023,76.0,76,76,76,0.99725646,3.4240713,0,1,130260320102319589,2023-08-20,Manaus,0.0,1.6651614,2219580.0,24.1428571429,99.1428571429,1,1,1,87.4965437143,69.0,26.670345,30.2857142857,55.0,,,,,4626,2010-06-06
1276387200000,201024,58.0,58,58,58,0.73215467,2.613107,0,1,130260320102419589,2023-08-20,Manaus,0.0,1.125246,2219580.0,24.1428571429,98.2857142857,1,0,1,83.7260014286,64.1428571429,27.3735748571,31.1428571429,45.0,,,,,4626,2010-06-13
1276992000000,201025,37.0,37,37,37,0.011108362,1.666982,0,1,130260320102519589,2023-08-20,Manaus,0.0,0.6246665,2219580.0,24.2857142857,97.4285714286,0,0,0,82.9577771429,61.8571428571,27.216573,30.8571428571,28.0,,,,,4626,2010-06-20
1277596800000,201026,50.0,50,50,50,0.2890204,2.2526784,0,1,130260320102619589,2023-08-20,Manaus,0.0,0.8977506,2219580.0,24.7142857143,94.4285714286,0,0,1,77.6351114286,55.0,27.9775131429,31.4285714286,44.0,,,,,4626,2010-06-27
1278201600000,201027,75.0,75,75,75,0.9900215,3.3790176,0,1,130260320102719589,2023-08-20,Manaus,0.0,1.5230716,2219580.0,24.5714285714,93.4285714286,0,1,1,80.3509064286,61.7142857143,27.6061982857,31.0,56.0,,,,,4626,2010-07-04
1278806400000,201028,64.0,64,64,64,0.82292795,2.8834283,0,1,130260320102819589,2023-08-20,Manaus,0.0,1.185682,2219580.0,24.4285714286,95.7142857143,0,0,1,81.6272777143,62.2857142857,27.1976801429,30.2857142857,54.0,,,,,4626,2010-07-11
1279411200000,201029,72.0,72,72,72,0.76383376,3.243857,0,1,130260320102919589,2023-08-20,Manaus,0.0,1.1310506,2219580.0,23.2857142857,93.2857142857,0,0,1,80.8107335714,61.7142857143,25.9981924286,30.2857142857,50.0,,,,,4626,2010-07-18
1280016000000,201030,73.0,73,73,73,0.6662938,3.2889106,0,1,130260320103019589,2023-08-20,Manaus,0.0,1.074877,2219580.0,24.7142857143,94.2857142857,0,0,1,74.9483451429,50.1428571429,28.297951,32.7142857143,64.0,,,,,4626,2010-07-25
1280620800000,201031,75.0,75,75,75,0.655275,3.3790176,0,1,130260320103119589,2023-08-20,Manaus,0.0,1.0683897,2219580.0,24.8571428571,90.2857142857,0,0,1,72.5299322857,50.1428571429,28.2704084286,31.8571428571,59.0,,,,,4626,2010-08-01
1281225600000,201032,83.0,83,83,83,0.78979,3.7394462,0,1,130260320103219589,2023-08-20,Manaus,0.0,1.1374804,2219580.0,25.2857142857,89.0,0,0,1,74.8928557143,52.7142857143,28.2244901429,32.4285714286,61.0,,,,,4626,2010-08-08
1281830400000,201033,84.0,84,84,84,0.72675246,3.7845,0,1,130260320103319589,2023-08-20,Manaus,0.0,1.0997003,2219580.0,24.4285714286,94.1428571429,0,0,1,77.8200871429,49.5714285714,27.6501637143,32.0,62.0,,,,,4626,2010-08-15
1282435200000,201034,73.0,73,73,73,0.29068473,3.2889106,0,1,130260320103419589,2023-08-20,Manaus,0.0,0.9148328,2219580.0,26.1428571429,83.8571428571,0,0,1,68.071619,44.5714285714,29.9856381429,34.0,59.0,,,,,4626,2010-08-22
1283040000000,201035,87.0,87,87,87,0.69718593,3.9196606,0,1,130260320103519589,2023-08-20,Manaus,0.0,1.0829196,2219580.0,26.0,85.1428571429,0,0,1,68.3818018571,46.0,29.8494898571,34.2857142857,74.0,,,,,4626,2010-08-29
1283644800000,201036,78.0,78,78,78,0.4512156,3.5141783,0,1,130260320103619589,2023-08-20,Manaus,0.0,0.9807054,2219580.0,24.4285714286,93.4285714286,0,0,1,77.3407677143,54.1428571429,28.0852688571,32.2857142857,64.0,,,,,4626,2010-09-05
1284249600000,201037,60.0,60,60,60,0.049407925,2.7032142,0,1,130260320103719589,2023-08-20,Manaus,0.0,0.7556842,2219580.0,26.1428571429,85.4285714286,0,0,1,68.9313185714,45.2857142857,29.8834382857,34.0,54.0,,,,,4626,2010-09-12
1284854400000,201038,83.0,83,83,83,0.72506547,3.7394462,0,1,130260320103819589,2023-08-20,Manaus,0.0,1.0994356,2219580.0,25.4285714286,90.4285714286,0,0,1,70.5871647143,45.5714285714,29.2741221429,33.7142857143,65.0,,,,,4626,2010-09-19
1285459200000,201039,85.0,85,85,85,0.84084433,3.8295534,0,1,130260320103919589,2023-08-20,Manaus,0.0,1.1721687,2219580.0,26.0,89.0,0,0,1,65.0799424286,41.8571428571,30.2377598571,35.1428571429,70.0,,,,,4626,2010-09-26
1286064000000,201040,78.0,78,78,78,0.5315808,3.5141783,0,1,130260320104019589,2023-08-20,Manaus,0.0,1.0127763,2219580.0,25.2857142857,92.0,0,0,1,69.0296857143,43.0,29.7664907143,34.5714285714,70.0,,,,,4626,2010-10-03
1286668800000,201041,83.0,83,83,83,0.5639001,3.7394462,0,1,130260320104119589,2023-08-20,Manaus,0.0,1.025381,2219580.0,24.1428571429,93.4285714286,0,0,1,77.1738227143,53.2857142857,27.9282195714,32.7142857143,65.0,,,,,4626,2010-10-10
1287273600000,201042,60.0,60,60,60,0.046502046,2.7032142,0,1,130260320104219589,2023-08-20,Manaus,0.0,0.7522024,2219580.0,24.2857142857,95.0,0,0,1,75.4608111429,48.2857142857,28.3536657143,33.1428571429,45.0,,,,,4626,2010-10-17
1287878400000,201043,48.0,48,48,48,0.008745624,2.1625712,0,1,130260320104319589,2023-08-20,Manaus,0.0,0.64811474,2219580.0,20.7142857143,94.2857142857,0,0,1,76.9435115714,54.1428571429,27.7131504286,32.1428571429,41.0,,,,,4626,2010-10-24
1288483200000,201044,94.0,94,94,94,0.9888552,4.2350354,0,1,130260320104419589,2023-08-20,Manaus,0.0,1.4393104,2219580.0,25.2857142857,91.2857142857,0,1,1,76.19181,50.0,28.7630334286,33.2857142857,76.0,,,,,4626,2010-10-31
1289088000000,201045,119.0,119,119,119,0.99992454,5.361375,0,1,130260320104519589,2023-08-20,Manaus,0.0,1.7583761,2219580.0,24.0,95.7142857143,0,1,1,84.7945485714,65.8571428571,26.6511622857,30.2857142857,106.0,,,,,4626,2010-11-07
1289692800000,201046,233.0,233,233,233,1.0,10.497481,0,3,130260320104619589,2023-08-20,Manaus,0.0,2.4758933,2219580.0,24.2857142857,94.0,0,1,1,79.1210984286,57.1428571429,27.3762138571,32.0,213.0,,,,,4626,2010-11-14
1290297600000,201047,270.0,270,270,270,1.0,12.164464,0,3,130260320104719589,2023-08-20,Manaus,0.0,1.8744166,2219580.0,24.1428571429,95.7142857143,0,1,1,79.5650408571,56.1428571429,27.4763415714,31.5714285714,244.0,,,,,4626,2010-11-21
1290902400000,201048,315.0,315,315,315,0.9999982,14.1918745,0,3,130260320104819589,2023-08-20,Manaus,0.0,1.5044177,2219580.0,24.8571428571,92.8571428571,0,1,1,76.8017334286,54.0,28.3679618571,32.5714285714,286.0,,,,,4626,2010-11-28
1291507200000,201049,398.0,398,398,398,0.99999976,17.93132,0,3,130260320104919589,2023-08-20,Manaus,0.0,1.481477,2219580.0,24.1428571429,95.1428571429,0,1,2,80.2466228571,59.4285714286,27.3628447143,31.4285714286,359.0,,,,,4626,2010-12-05
1292112000000,201050,231.0,231,231,231,0.0002149846,10.407374,0,1,130260320105019589,2023-08-20,Manaus,0.0,0.7382666,2219580.0,23.5714285714,97.8571428571,0,0,1,82.175085,60.1428571429,26.7407721429,30.8571428571,211.0,,,,,4626,2010-12-12
1292716800000,201051,315.0,315,315,315,0.36778334,14.1918745,0,1,130260320105119589,2023-08-20,Manaus,0.0,0.97363925,2219580.0,23.0,96.7142857143,0,0,1,84.3430985714,62.2857142857,26.005278,30.1428571429,283.0,,,,,4626,2010-12-19
1293321600000,201052,347.0,347,347,347,0.9626633,15.633589,0,1,130260320105219589,2023-08-20,Manaus,0.0,1.1503369,2219580.0,23.8571428571,96.5714285714,0,1,2,86.6259734286,68.1428571429,26.2925821429,30.1428571429,485.0,,,,,4626,2010-12-26
1293926400000,201101,1218.0,1218,1218,1218,1.0,54.875248,0,4,130260320110119589,2023-08-20,Manaus,0.0,3.4386594,2219580.0,23.5714285714,96.8571428571,0,1,2,86.1070148571,66.2857142857,25.803073,29.7142857143,1172.0,,,,,55664,2011-01-02
1294531200000,201102,1444.0,1444,1444,1444,1.0,65.05735,0,4,130260320110219589,2023-08-20,Manaus,0.0,2.4002044,2219580.0,24.4285714286,92.0,0,1,2,79.910425,60.2857142857,27.262809,30.7142857143,1368.0,,,,,55664,2011-01-09
1295136000000,201103,1813.0,1813,1813,1813,1.0,81.68212,0,4,130260320110319589,2023-08-20,Manaus,0.0,1.7512652,2219580.0,23.8571428571,96.8571428571,0,1,2,87.6792042857,73.7142857143,25.4924262857,28.2857142857,1728.0,,,,,55664,2011-01-16
1295740800000,201104,2654.0,2654,2654,2654,1.0,119.572174,0,4,130260320110419589,2023-08-20,Manaus,0.0,1.801838,2219580.0,23.5714285714,96.7142857143,0,1,2,85.0297028571,64.2857142857,25.8681188571,29.7142857143,2604.0,,,,,55664,2011-01-23
1296345600000,201105,2888.0,2888,2888,2888,1.0,130.1147,0,4,130260320110519589,2023-08-20,Manaus,0.0,1.490084,2219580.0,23.0,99.1428571429,0,1,2,88.1223264286,66.1428571429,25.4912491429,30.0,2820.0,,,,,55664,2011-01-30
1296950400000,201106,4245.0,4245,4245,4245,1.0,191.2524,0,4,130260320110619589,2023-08-20,Manaus,0.0,1.6919788,2219580.0,22.8571428571,98.4285714286,0,1,2,88.6962708571,71.8571428571,25.1061811429,29.0,4119.0,,,,,55664,2011-02-06
1297555200000,201107,5116.0,5116,5116,5116,1.0,230.49406,0,4,130260320110719589,2023-08-20,Manaus,0.0,1.5976677,2219580.0,23.4285714286,97.4285714286,0,1,2,85.0972662857,65.8571428571,26.0558877143,29.7142857143,5026.0,,,,,55664,2011-02-13
1298160000000,201108,6487.0,6487,6487,6487,1.0,292.2625,0,4,130260320110819589,2023-08-20,Manaus,0.0,1.56994,2219580.0,23.2857142857,96.7142857143,0,1,2,86.7686464286,67.8571428571,25.7200914286,29.1428571429,6443.0,,,,,55664,2011-02-20
1298764800000,201109,5757.0,5757,5757,5757,1.0,259.37338,0,4,130260320110919589,2023-08-20,Manaus,0.0,1.1251662,2219580.0,23.1428571429,97.5714285714,0,1,2,85.0897712857,63.1428571429,25.9036341429,30.4285714286,5699.0,,,,,55664,2011-02-27
1299369600000,201110,5015.0,5015,5015,5015,0.0,225.94365,0,4,130260320111019589,2023-08-20,Manaus,0.0,0.8749128,2219580.0,24.1428571429,95.0,1,0,2,86.0075427143,65.8571428571,25.9357611429,29.2857142857,4966.0,,,,,55664,2011-03-06
1299974400000,201111,4192.0,4192,4192,4192,0.0,188.86456,0,4,130260320111119589,2023-08-20,Manaus,0.0,0.74835634,2219580.0,23.7142857143,95.7142857143,0,0,2,81.5584278571,63.7142857143,26.7231672857,30.5714285714,4104.0,,,,,55664,2011-03-13
1300579200000,201112,2961.0,2961,2961,2961,0.0,133.40361,0,4,130260320111219589,2023-08-20,Manaus,0.0,0.5992211,2219580.0,24.0,95.7142857143,0,0,2,84.6305985714,65.5714285714,26.2804941429,29.8571428571,2916.0,,,,,55664,2011-03-20
1301184000000,201113,2061.0,2061,2061,2061,0.0,92.85541,0,4,130260320111319589,2023-08-20,Manaus,0.0,0.50840354,2219580.0,23.5714285714,99.1428571429,0,0,2,88.5726542857,73.7142857143,25.677877,29.1428571429,2023.0,,,,,55664,2011-03-27
1301788800000,201114,1736.0,1736,1736,1736,0.0,78.213,0,4,130260320111419589,2023-08-20,Manaus,0.0,0.56268746,2219580.0,23.5714285714,97.4285714286,0,0,2,86.4677214286,68.5714285714,26.0098794286,29.1428571429,1714.0,,,,,55664,2011-04-03
1302393600000,201115,1121.0,1121,1121,1121,0.0,50.50505,0,4,130260320111519589,2023-08-20,Manaus,0.0,0.49413377,2219580.0,23.8571428571,95.2857142857,0,0,2,85.4613534286,68.8571428571,26.0560638571,29.1428571429,1106.0,,,,,55664,2011-04-10
1302998400000,201116,780.0,780,780,780,0.0,35.141785,0,4,130260320111619589,2023-08-20,Manaus,0.0,0.46325088,2219580.0,23.4285714286,97.4285714286,0,0,2,85.8187062857,66.7142857143,26.1877554286,30.0,761.0,,,,,55664,2011-04-17
1303603200000,201117,540.0,540,540,540,0.0,24.328928,0,4,130260320111719589,2023-08-20,Manaus,0.0,0.44623145,2219580.0,23.8571428571,95.8571428571,0,0,2,84.628535,67.2857142857,26.352381,30.1428571429,528.0,,,,,55664,2011-04-24
1304208000000,201118,513.0,513,513,513,0.0,23.11248,0,4,130260320111819589,2023-08-20,Manaus,0.0,0.60778344,2219580.0,23.7142857143,97.0,0,0,2,86.8252025714,70.5714285714,26.4099338571,29.4285714286,501.0,,,,,55664,2011-05-01
1304812800000,201119,520.0,520,520,520,0.0009588934,23.427856,0,4,130260320111919589,2023-08-20,Manaus,0.0,0.832173,2219580.0,24.8571428571,94.1428571429,1,0,2,86.2491785714,68.7142857143,26.8036872857,30.1428571429,514.0,,,,,55664,2011-05-08
1305417600000,201120,494.0,494,494,494,0.09975852,22.256462,0,4,130260320112019589,2023-08-20,Manaus,0.0,0.92313266,2219580.0,23.8571428571,95.1428571429,0,0,2,85.2674817143,71.0,26.2524462857,29.0,484.0,,,,,55664,2011-05-15
1306022400000,201121,305.0,305,305,305,0.0,13.741339,0,1,130260320112119589,2023-08-20,Manaus,0.0,0.6095778,2219580.0,24.4285714286,96.7142857143,0,0,1,83.1165914286,62.7142857143,27.0571214286,31.0,289.0,,,,,55664,2011-05-22
1306627200000,201122,297.0,297,297,297,3.61e-08,13.38091,0,1,130260320112219589,2023-08-20,Manaus,0.0,0.67052686,2219580.0,24.2857142857,95.8571428571,0,0,1,81.2970585714,60.4285714286,27.3067691429,31.1428571429,276.0,,,,,55664,2011-05-29
1307232000000,201123,308.0,308,308,308,0.021744821,13.876499,0,1,130260320112319589,2023-08-20,Manaus,0.0,0.8552521,2219580.0,25.2857142857,90.4285714286,0,0,1,78.2002844286,58.5714285714,28.0137012857,31.7142857143,242.0,,,,,55664,2011-06-05
1307836800000,201124,253.0,253,253,253,0.008497778,11.398553,0,1,130260320112419589,2023-08-20,Manaus,0.0,0.8173968,2219580.0,23.8571428571,95.8571428571,0,0,1,81.2054571429,58.8571428571,27.1069942857,31.2857142857,221.0,,,,,55664,2011-06-12
1308441600000,201125,257.0,257,257,257,0.088086955,11.578767,0,1,130260320112519589,2023-08-20,Manaus,0.0,0.8906271,2219580.0,24.7142857143,94.1428571429,0,0,1,79.48399,61.2857142857,27.716045,31.1428571429,241.0,,,,,55664,2011-06-19
1309046400000,201126,187.0,187,187,187,0.0001121545,8.425017,0,1,130260320112619589,2023-08-20,Manaus,0.0,0.7051386,2219580.0,23.7142857143,97.4285714286,0,0,1,82.8969985714,64.4285714286,26.59396,30.0,164.0,,,,,55664,2011-06-26
1309651200000,201127,121.0,121,121,121,8e-10,5.451482,0,1,130260320112719589,2023-08-20,Manaus,0.0,0.5181675,2219580.0,24.0,93.2857142857,0,0,1,80.8007321429,57.7142857143,27.0759244286,30.7142857143,101.0,,,,,55664,2011-07-03
1310256000000,201128,143.0,143,143,143,0.0057967855,6.4426603,0,1,130260320112819589,2023-08-20,Manaus,0.0,0.7572036,2219580.0,24.7142857143,90.5714285714,0,0,1,75.9808228571,59.4285714286,27.6745601429,31.1428571429,126.0,,,,,55664,2011-07-10
1310860800000,201129,130.0,130,130,130,0.11354156,5.856964,0,1,130260320112919589,2023-08-20,Manaus,0.0,0.8656292,2219580.0,24.8571428571,88.1428571429,0,0,1,72.1141342857,49.5714285714,28.5434617143,32.4285714286,115.0,,,,,55664,2011-07-17
1311465600000,201130,141.0,141,141,141,0.6027626,6.3525534,0,1,130260320113019589,2023-08-20,Manaus,0.0,1.0317143,2219580.0,24.7142857143,91.0,0,0,1,71.8476921429,45.1428571429,28.3148147143,32.8571428571,124.0,,,,,55664,2011-07-24
1312070400000,201131,120.0,120,120,120,0.18192257,5.4064283,0,1,130260320113119589,2023-08-20,Manaus,0.0,0.89247507,2219580.0,25.0,86.7142857143,0,0,1,67.6224495714,43.0,29.1683677143,33.4285714286,98.0,,,,,55664,2011-07-31
1312675200000,201132,137.0,137,137,137,0.6099942,6.172339,0,1,130260320113219589,2023-08-20,Manaus,0.0,1.034566,2219580.0,25.7142857143,80.0,0,0,1,62.8830228571,41.7142857143,29.4367292857,34.1428571429,102.0,,,,,55664,2011-08-07
1313280000000,201133,110.0,110,110,110,0.11196192,4.9558926,0,1,130260320113319589,2023-08-20,Manaus,0.0,0.8543756,2219580.0,26.0,86.0,0,0,1,67.6619302857,41.5714285714,29.5631012857,34.0,87.0,,,,,55664,2011-08-14
1313884800000,201134,85.0,85,85,85,0.0039732023,3.8295534,0,1,130260320113419589,2023-08-20,Manaus,0.0,0.6904631,2219580.0,23.0,94.8571428571,0,0,1,78.7546207143,57.1428571429,26.6276544286,30.5714285714,66.0,,,,,55664,2011-08-21
1314489600000,201135,108.0,108,108,108,0.43130064,4.8657856,0,1,130260320113519589,2023-08-20,Manaus,0.0,0.97690177,2219580.0,24.4285714286,91.2857142857,0,0,1,72.6493214286,49.5714285714,28.681848,33.2857142857,78.0,,,,,55664,2011-08-28
1315094400000,201136,71.0,71,71,71,0.017088149,3.1988034,0,1,130260320113619589,2023-08-20,Manaus,0.0,0.72124624,2219580.0,25.0,88.7142857143,0,0,1,69.8252124286,46.0,29.0169061429,33.7142857143,52.0,,,,,55664,2011-09-04
1315699200000,201137,110.0,110,110,110,0.8793568,4.9558926,0,1,130260320113719589,2023-08-20,Manaus,0.0,1.1785549,2219580.0,24.4285714286,91.0,0,0,1,75.6162834286,54.7142857143,27.8466982857,31.8571428571,66.0,,,,,55664,2011-09-11
1316304000000,201138,52.0,52,52,52,0.0008385893,2.3427856,0,1,130260320113819589,2023-08-20,Manaus,0.0,0.5844187,2219580.0,25.0,91.1428571429,0,0,1,74.2012628571,49.7142857143,28.4532971429,33.1428571429,37.0,,,,,55664,2011-09-18
1316908800000,201139,62.0,62,62,62,0.038458474,2.7933214,0,1,130260320113919589,2023-08-20,Manaus,0.0,0.7450477,2219580.0,25.0,89.5714285714,0,0,1,72.9867714286,48.4285714286,28.7783451429,33.2857142857,48.0,,,,,55664,2011-09-25
1317513600000,201140,50.0,50,50,50,0.03716751,2.2526784,0,1,130260320114019589,2023-08-20,Manaus,0.0,0.72059554,2219580.0,25.4285714286,89.0,0,0,1,70.4764387143,45.4285714286,29.1022688571,33.2857142857,38.0,,,,,55664,2011-10-02
1318118400000,201141,64.0,64,64,64,0.6698824,2.8834283,0,1,130260320114119589,2023-08-20,Manaus,0.0,1.0821942,2219580.0,24.4285714286,93.4285714286,0,0,1,77.217549,55.4285714286,28.3032058571,33.0,41.0,,,,,55664,2011-10-09
1318723200000,201142,67.0,67,67,67,0.80730873,3.018589,0,1,130260320114219589,2023-08-20,Manaus,0.0,1.1681119,2219580.0,24.0,96.8571428571,0,0,1,84.0988528571,63.8571428571,26.3590562857,30.1428571429,44.0,,,,,55664,2011-10-16
1319328000000,201143,56.0,56,56,56,0.33916837,2.5229998,0,1,130260320114319589,2023-08-20,Manaus,0.0,0.92624605,2219580.0,24.1428571429,94.2857142857,0,0,1,75.7544692857,49.7142857143,28.0104177143,32.7142857143,41.0,,,,,55664,2011-10-23
1319932800000,201144,70.0,70,70,70,0.74261177,3.1537497,0,1,130260320114419589,2023-08-20,Manaus,0.0,1.1195265,2219580.0,24.5714285714,94.1428571429,0,0,1,80.9056671429,61.7142857143,27.3431857143,31.0,45.0,,,,,55664,2011-10-30
1320537600000,201145,66.0,66,66,66,0.61344326,2.9735355,0,1,130260320114519589,2023-08-20,Manaus,0.0,1.051968,2219580.0,24.4285714286,95.1428571429,0,0,1,80.7091762857,60.0,27.5926221429,31.2857142857,50.0,,,,,55664,2011-11-06
1321142400000,201146,77.0,77,77,77,0.83290577,3.4691248,0,1,130260320114619589,2023-08-20,Manaus,0.0,1.175366,2219580.0,23.7142857143,95.8571428571,0,0,1,80.8325005714,48.0,26.8035668571,30.8571428571,66.0,,,,,55664,2011-11-13
1321747200000,201147,70.0,70,70,70,0.5336163,3.1537497,0,1,130260320114719589,2023-08-20,Manaus,0.0,1.0143704,2219580.0,24.8571428571,95.1428571429,0,0,1,77.1912794286,53.2857142857,28.5197045714,32.7142857143,48.0,,,,,55664,2011-11-20
1322352000000,201148,85.0,85,85,85,0.8460921,3.8295534,0,1,130260320114819589,2023-08-20,Manaus,0.0,1.1764312,2219580.0,24.7142857143,94.0,1,0,1,82.0521528571,63.8571428571,27.57349,31.7142857143,63.0,,,,,55664,2011-11-27
1322956800000,201149,64.0,64,64,64,0.18614313,2.8834283,0,1,130260320114919589,2023-08-20,Manaus,0.0,0.85950035,2219580.0,24.1428571429,96.7142857143,0,0,1,78.9026842857,57.5714285714,27.6738477143,31.8571428571,47.0,,,,,55664,2011-12-04
1323561600000,201150,91.0,91,91,91,0.8826404,4.099875,0,1,130260320115019589,2023-08-20,Manaus,0.0,1.2020087,2219580.0,24.2857142857,96.5714285714,0,0,1,80.2177541429,56.2857142857,27.9833091429,32.8571428571,66.0,,,,,55664,2011-12-11
1324166400000,201151,70.0,70,70,70,0.30841863,3.1537497,0,1,130260320115119589,2023-08-20,Manaus,0.0,0.9207125,2219580.0,24.1428571429,97.4285714286,0,0,1,81.9337465714,60.8571428571,27.359624,31.1428571429,50.0,,,,,55664,2011-12-18
1324771200000,201152,282.0,282,282,282,1.0,12.705107,0,1,130260320115219589,2023-08-20,Manaus,0.0,3.1734192,2219580.0,23.875,96.25,0,1,1,87.543861875,72.25,25.7737675,29.5,87.0,,,,,55664,2011-12-25
1325376000000,201201,229.0,229,229,229,0.9999997,10.317267,0,1,130260320120119589,2023-08-20,Manaus,0.0,1.7040392,2219580.0,23.8571428571,96.5714285714,0,1,1,86.3858257143,68.0,26.051595,29.8571428571,100.0,,,,,5491,2012-01-01
1325980800000,201202,158.0,158,158,158,0.015606851,7.118464,0,1,130260320120219589,2023-08-20,Manaus,0.0,0.7956097,2219580.0,23.7142857143,95.7142857143,0,0,1,85.8957858571,70.5714285714,26.0428678571,29.0,99.0,,,,,5491,2012-01-08
1326585600000,201203,205.0,205,205,205,0.3461307,9.235982,0,1,130260320120319589,2023-08-20,Manaus,0.0,0.9620601,2219580.0,23.0,98.2857142857,0,0,1,87.8180271429,69.4285714286,25.2418368571,29.1428571429,133.0,,,,,5491,2012-01-15
1327190400000,201204,205.0,205,205,205,0.69762135,9.235982,0,1,130260320120419589,2023-08-20,Manaus,0.0,1.0530951,2219580.0,23.8571428571,97.4285714286,0,0,1,85.2145221429,63.7142857143,25.9947501429,30.0,132.0,,,,,5491,2012-01-22
1327795200000,201205,345.0,345,345,345,1.0,15.543481,0,1,130260320120519589,2023-08-20,Manaus,0.0,1.7090322,2219580.0,24.1428571429,96.0,1,1,2,84.5926628571,66.2857142857,26.6489885714,30.4285714286,269.0,,,,,5491,2012-01-29
1328400000000,201206,539.0,539,539,539,1.0,24.283873,0,4,130260320120619589,2023-08-20,Manaus,0.0,2.1258008,2219580.0,23.8571428571,95.0,0,1,2,84.112948,58.8571428571,26.3363832857,30.1428571429,409.0,,,,,5491,2012-02-05
1329004800000,201207,281.0,281,281,281,0.005418574,12.660053,0,1,130260320120719589,2023-08-20,Manaus,0.0,0.815362,2219580.0,23.2857142857,94.8571428571,0,0,1,84.8740578571,66.5714285714,25.5231318571,29.0,198.0,,,,,5491,2012-02-12
1329609600000,201208,196.0,196,196,196,4.440892e-16,8.8305,0,1,130260320120819589,2023-08-20,Manaus,0.0,0.50374734,2219580.0,23.0,95.7142857143,0,0,1,87.7054872857,64.4285714286,24.9554305714,28.7142857143,129.0,,,,,5491,2012-02-19
1330214400000,201209,135.0,135,135,135,0.0,6.082232,0,1,130260320120919589,2023-08-20,Manaus,0.0,0.42613214,2219580.0,23.0,97.7142857143,0,0,1,89.6114471429,72.4285714286,24.7698688571,28.4285714286,101.0,,,,,5491,2012-02-26
1330819200000,201210,83.0,83,83,83,0.0,3.7394462,0,1,130260320121019589,2023-08-20,Manaus,0.0,0.38786566,2219580.0,23.1428571429,98.2857142857,0,0,1,88.1427165714,68.0,25.28365,28.7142857143,63.0,,,,,5491,2012-03-04
1331424000000,201211,82.0,82,82,82,1.86509e-05,3.6943927,0,1,130260320121119589,2023-08-20,Manaus,0.0,0.57182306,2219580.0,23.5714285714,97.5714285714,0,0,1,87.5743762857,69.4285714286,25.8068401429,29.5714285714,67.0,,,,,5491,2012-03-11
1332028800000,201212,87.0,87,87,87,0.13364938,3.9196606,0,1,130260320121219589,2023-08-20,Manaus,0.0,0.851128,2219580.0,23.4285714286,97.1428571429,0,0,1,85.3880848571,66.7142857143,26.0981118571,29.4285714286,62.0,,,,,5491,2012-03-18
1332633600000,201213,85.0,85,85,85,0.45027,3.8295534,0,1,130260320121319589,2023-08-20,Manaus,0.0,0.98114634,2219580.0,23.8571428571,96.1428571429,0,0,1,83.7101992857,65.7142857143,26.5027184286,30.0,58.0,,,,,5491,2012-03-25
1333238400000,201214,74.0,74,74,74,0.20758806,3.333964,0,1,130260320121419589,2023-08-20,Manaus,0.0,0.8786655,2219580.0,24.2857142857,97.4285714286,0,0,1,85.0285191429,59.1428571429,26.6162477143,30.4285714286,27.0,,,,,5491,2012-04-01
1333843200000,201215,69.0,69,69,69,0.15505607,3.1086962,0,1,130260320121519589,2023-08-20,Manaus,0.0,0.84760106,2219580.0,24.1428571429,96.7142857143,1,0,1,84.8105228571,67.5714285714,26.3917757143,29.8571428571,46.0,,,,,5491,2012-04-08
1334448000000,201216,46.0,46,46,46,0.004595499,2.0724642,0,1,130260320121619589,2023-08-20,Manaus,0.0,0.61877245,2219580.0,24.2857142857,97.5714285714,1,0,1,84.4515885714,66.8571428571,26.8183672857,29.8571428571,27.0,,,,,5491,2012-04-15
1335052800000,201217,54.0,54,54,54,0.16714439,2.4328928,0,2,130260320121719589,2023-08-20,Manaus,0.0,0.8376649,2219580.0,24.1428571429,96.7142857143,1,0,1,85.6946408571,63.1428571429,26.4175794286,29.5714285714,37.0,,,,,5491,2012-04-22
1335657600000,201218,64.0,64,64,64,0.7696133,2.8834283,0,1,130260320121819589,2023-08-20,Manaus,0.0,1.1438178,2219580.0,23.5714285714,95.7142857143,0,0,1,84.9439478571,63.5714285714,25.7922485714,29.2857142857,41.0,,,,,5491,2012-04-29
1336262400000,201219,36.0,36,36,36,0.026870554,1.6219285,0,1,130260320121919589,2023-08-20,Manaus,0.0,0.66459686,2219580.0,24.1428571429,91.4285714286,0,0,0,81.5323122857,62.5714285714,26.845238,30.2857142857,19.0,,,,,5491,2012-05-06
1336867200000,201220,31.0,31,31,31,0.010489453,1.3966607,0,1,130260320122019589,2023-08-20,Manaus,0.0,0.5986543,2219580.0,24.2857142857,94.0,1,0,0,83.5651415714,67.0,26.6570137143,30.1428571429,17.0,,,,,5491,2012-05-13
1337472000000,201221,57.0,57,57,57,0.91123134,2.5680535,0,1,130260320122119589,2023-08-20,Manaus,0.0,1.3086797,2219580.0,24.8571428571,92.5714285714,0,0,1,79.3568891429,52.8571428571,27.3705562857,30.8571428571,43.0,,,,,5491,2012-05-20
1338076800000,201222,73.0,73,73,73,0.9979091,3.2889106,0,1,130260320122219589,2023-08-20,Manaus,0.0,1.7171288,2219580.0,24.1428571429,91.8571428571,0,1,1,77.2266665714,56.2857142857,27.3227678571,30.7142857143,52.0,,,,,5491,2012-05-27
1338681600000,201223,63.0,63,63,63,0.8105342,2.8383749,0,1,130260320122319589,2023-08-20,Manaus,0.0,1.1766748,2219580.0,24.1428571429,91.0,0,0,1,76.0813908571,58.1428571429,27.2491871429,30.1428571429,45.0,,,,,5491,2012-06-03
1339286400000,201224,76.0,76,76,76,0.84341407,3.4240713,0,1,130260320122419589,2023-08-20,Manaus,0.0,1.1855642,2219580.0,24.2857142857,91.8571428571,0,0,1,77.448938,55.8571428571,27.0827701429,30.2857142857,48.0,,,,,5491,2012-06-10
1339891200000,201225,80.0,80,80,80,0.82316464,3.6042855,0,1,130260320122519589,2023-08-20,Manaus,0.0,1.1640416,2219580.0,24.2857142857,88.0,0,0,1,74.1547628571,54.4285714286,27.3690477143,30.8571428571,56.0,,,,,5491,2012-06-17
1340496000000,201226,63.0,63,63,63,0.20590147,2.8383749,0,1,130260320122619589,2023-08-20,Manaus,0.0,0.8687137,2219580.0,24.5714285714,88.0,0,0,1,74.8709378571,51.5714285714,26.9610732857,30.5714285714,45.0,,,,,5491,2012-06-24
1341100800000,201227,80.0,80,80,80,0.6976929,3.6042855,0,1,130260320122719589,2023-08-20,Manaus,0.0,1.0869385,2219580.0,23.4285714286,87.7142857143,0,0,1,71.2274237143,47.5714285714,26.3872984286,31.1428571429,62.0,,,,,5491,2012-07-01
1341705600000,201228,86.0,86,86,86,0.8517245,3.8746068,0,1,130260320122819589,2023-08-20,Manaus,0.0,1.1799527,2219580.0,24.0,90.2857142857,0,0,1,73.4051,51.4285714286,27.1357145714,30.7142857143,46.0,,,,,5491,2012-07-08
1342310400000,201229,72.0,72,72,72,0.35492998,3.243857,0,1,130260320122919589,2023-08-20,Manaus,0.0,0.9409181,2219580.0,22.7142857143,88.7142857143,0,0,1,75.5824557143,55.5714285714,25.6659241429,29.2857142857,49.0,,,,,5491,2012-07-15
1342915200000,201230,68.0,68,68,68,0.19148181,3.0636427,0,1,130260320123019589,2023-08-20,Manaus,0.0,0.86595285,2219580.0,23.5714285714,81.7142857143,0,0,1,66.1581632857,38.8571428571,27.102041,31.0,57.0,,,,,5491,2012-07-22
1343520000000,201231,54.0,54,54,54,0.04118787,2.4328928,0,1,130260320123119589,2023-08-20,Manaus,0.0,0.7345724,2219580.0,23.5714285714,82.4285714286,0,0,1,60.8033595714,34.2857142857,27.9490842857,32.5714285714,44.0,,,,,5491,2012-07-29
1344124800000,201232,53.0,53,53,53,0.124651186,2.387839,0,1,130260320123219589,2023-08-20,Manaus,0.0,0.8093552,2219580.0,23.4285714286,89.4285714286,0,0,1,68.5800154286,39.2857142857,27.229392,32.1428571429,34.0,,,,,5491,2012-08-05
1344729600000,201233,65.0,65,65,65,0.71796685,2.928482,0,1,130260320123319589,2023-08-20,Manaus,0.0,1.109025,2219580.0,24.2857142857,92.5714285714,0,0,1,76.726695,53.5714285714,27.3899598571,32.1428571429,32.0,,,,,5491,2012-08-12
1345334400000,201234,51.0,51,51,51,0.29083303,2.297732,0,1,130260320123419589,2023-08-20,Manaus,0.0,0.89956445,2219580.0,24.5714285714,85.4285714286,0,0,1,69.6524935714,47.1428571429,28.1130008571,32.7142857143,32.0,,,,,5491,2012-08-19
1345939200000,201235,61.0,61,61,61,0.62240404,2.7482677,0,1,130260320123519589,2023-08-20,Manaus,0.0,1.0587282,2219580.0,23.5714285714,89.2857142857,0,0,1,70.9477947143,40.4285714286,27.223317,31.1428571429,43.0,,,,,5491,2012-08-26
1346544000000,201236,55.0,55,55,55,0.42794913,2.4779463,0,1,130260320123619589,2023-08-20,Manaus,0.0,0.96637166,2219580.0,23.4285714286,89.5714285714,0,0,1,69.7299428571,47.7142857143,27.8617171429,32.2857142857,40.0,,,,,5491,2012-09-02
1347148800000,201237,62.0,62,62,62,0.6744331,2.7933214,0,1,130260320123719589,2023-08-20,Manaus,0.0,1.0861293,2219580.0,24.7142857143,80.5714285714,0,0,1,63.514376,35.5714285714,28.7151271429,32.8571428571,32.0,,,,,5491,2012-09-09
1347753600000,201238,69.0,69,69,69,0.82523006,3.1086962,0,1,130260320123819589,2023-08-20,Manaus,0.0,1.1799232,2219580.0,24.8571428571,80.2857142857,0,0,1,60.7357147143,35.1428571429,29.0736477143,33.5714285714,45.0,,,,,5491,2012-09-16
1348358400000,201239,50.0,50,50,50,0.14781575,2.2526784,0,1,130260320123919589,2023-08-20,Manaus,0.0,0.8201213,2219580.0,23.5714285714,85.8571428571,0,0,1,73.0518191429,51.7142857143,26.3933394286,30.8571428571,33.0,,,,,5491,2012-09-23
1348963200000,201240,62.0,62,62,62,0.5280342,2.7933214,0,1,130260320124019589,2023-08-20,Manaus,0.0,1.0127088,2219580.0,24.2857142857,87.2857142857,0,0,1,68.1702662857,43.5714285714,27.9829108571,32.1428571429,45.0,,,,,5491,2012-09-30
1349568000000,201241,42.0,42,42,42,0.058813598,1.89225,0,1,130260320124119589,2023-08-20,Manaus,0.0,0.7302782,2219580.0,25.1428571429,79.7142857143,0,0,1,63.6104251429,42.0,28.3090417143,33.0,28.0,,,,,5491,2012-10-07
1350172800000,201242,46.0,46,46,46,0.22538365,2.0724642,0,1,130260320124219589,2023-08-20,Manaus,0.0,0.86002344,2219580.0,24.4285714286,88.0,0,0,1,66.5258552857,40.7142857143,27.777383,32.1428571429,37.0,,,,,5491,2012-10-14
1350777600000,201243,47.0,47,47,47,0.44116375,2.1175177,0,1,130260320124319589,2023-08-20,Manaus,0.0,0.9702782,2219580.0,25.0,78.0,0,0,1,59.8331198571,37.2857142857,29.255293,33.7142857143,26.0,,,,,5491,2012-10-21
1351382400000,201244,65.0,65,65,65,0.9566978,2.928482,0,1,130260320124419589,2023-08-20,Manaus,0.0,1.3837291,2219580.0,24.5714285714,82.0,0,1,1,61.7045518571,36.8571428571,28.8443041429,33.4285714286,47.0,,,,,5491,2012-10-28
1351987200000,201245,49.0,49,49,49,0.42805943,2.207625,0,1,130260320124519589,2023-08-20,Manaus,0.0,0.96449506,2219580.0,24.5714285714,83.0,0,0,1,58.5032928571,32.4285714286,28.9653621429,33.2857142857,43.0,,,,,5491,2012-11-04
1352592000000,201246,42.0,42,42,42,0.10712763,1.89225,0,1,130260320124619589,2023-08-20,Manaus,0.0,0.77625185,2219580.0,23.8571428571,85.4285714286,0,0,1,72.4992871429,51.0,26.7064307143,30.8571428571,28.0,,,,,5491,2012-11-11
1353196800000,201247,100.0,100,100,100,0.9999232,4.505357,0,1,130260320124719589,2023-08-20,Manaus,0.0,1.8661838,2219580.0,26.0,89.4285714286,0,1,1,74.5459905714,53.4285714286,28.90855,32.5714285714,80.0,,,,,5491,2012-11-18
1353801600000,201248,142.0,142,142,142,1.0,6.397607,0,1,130260320124819589,2023-08-20,Manaus,0.0,2.2118428,2219580.0,24.1428571429,94.2857142857,0,1,1,81.0918822857,56.8571428571,27.0116552857,31.0,113.0,,,,,5491,2012-11-25
1354406400000,201249,167.0,167,167,167,0.9999942,7.523946,0,3,130260320124919589,2023-08-20,Manaus,0.0,1.7328447,2219580.0,24.1428571429,93.4285714286,0,1,1,77.9751708571,57.7142857143,27.2765305714,31.0,144.0,,,,,5491,2012-12-02
1355011200000,201250,157.0,157,157,157,0.9278162,7.0734105,0,1,130260320125019589,2023-08-20,Manaus,0.0,1.1873599,2219580.0,23.4285714286,94.8571428571,0,0,1,83.045012,64.1428571429,26.1679362857,30.1428571429,150.0,,,,,5491,2012-12-09
1355616000000,201251,130.0,130,130,130,0.09874072,5.856964,0,1,130260320125119589,2023-08-20,Manaus,0.0,0.85761416,2219580.0,23.5714285714,92.5714285714,0,0,1,79.147222,58.0,26.744304,30.8571428571,115.0,,,,,5491,2012-12-16
1356220800000,201252,200.0,200,200,200,0.9935167,9.010714,0,1,130260320125219589,2023-08-20,Manaus,0.0,1.3036702,2219580.0,23.2857142857,94.8571428571,0,1,1,84.3550442857,66.8571428571,25.7499484286,29.2857142857,166.0,,,,,5491,2012-12-23
1356825600000,201301,249.0,249,249,249,0.99999315,11.218339,0,1,130260320130119589,2023-08-20,Manaus,0.0,1.543238,2219580.0,23.4285714286,95.0,0,1,1,87.0591345714,70.5714285714,25.169492,28.4285714286,259.0,,,,,16589,2012-12-30
1357430400000,201302,439.0,439,439,439,1.0,19.778517,0,3,130260320130219589,2023-08-20,Manaus,0.0,2.1474001,2219580.0,23.5714285714,95.0,0,1,2,81.4507342857,51.0,26.532545,31.2857142857,368.0,,,,,16589,2013-01-06
1358035200000,201303,666.0,666,666,666,1.0,30.005676,0,4,130260320130319589,2023-08-20,Manaus,0.0,2.237519,2219580.0,23.8571428571,94.8571428571,0,1,2,84.7113028571,66.4285714286,26.1014104286,30.1428571429,528.0,,,,,16589,2013-01-13
1358640000000,201304,986.0,986,986,986,1.0,44.422817,0,4,130260320130419589,2023-08-20,Manaus,0.0,2.1380422,2219580.0,24.0,92.5714285714,0,1,2,77.8428971429,53.7142857143,27.3167681429,31.5714285714,744.0,,,,,16589,2013-01-20
1359244800000,201305,1003.0,1003,1003,1003,1.0,45.18873,0,4,130260320130519589,2023-08-20,Manaus,0.0,1.4771625,2219580.0,24.2857142857,92.5714285714,1,1,2,82.2576942857,63.1428571429,26.6070491429,30.8571428571,791.0,,,,,16589,2013-01-27
1359849600000,201306,884.0,884,884,884,0.6330553,39.827354,0,4,130260320130619589,2023-08-20,Manaus,0.0,1.0163645,2219580.0,23.1428571429,94.1428571429,0,0,2,84.0884585714,64.4285714286,25.8747765714,29.8571428571,728.0,,,,,16589,2013-02-03
1360454400000,201307,727.0,727,727,727,3.017e-07,32.753944,0,4,130260320130719589,2023-08-20,Manaus,0.0,0.78187764,2219580.0,22.7142857143,95.8571428571,0,0,2,86.0242457143,70.2857142857,25.0789385714,28.4285714286,627.0,,,,,16589,2013-02-10
1361059200000,201308,800.0,800,800,800,0.041752864,36.042854,0,4,130260320130819589,2023-08-20,Manaus,0.0,0.9187873,2219580.0,23.2857142857,94.0,0,0,2,86.9207178571,69.0,25.3145014286,29.0,722.0,,,,,16589,2013-02-17
1361664000000,201309,814.0,814,814,814,0.63562834,36.673603,0,4,130260320130919589,2023-08-20,Manaus,0.0,1.0174098,2219580.0,23.7142857143,96.5714285714,0,0,2,83.8788964286,64.7142857143,26.0350085714,30.1428571429,707.0,,,,,16589,2013-02-24
1362268800000,201310,799.0,799,799,799,0.6138672,35.997803,0,4,130260320131019589,2023-08-20,Manaus,0.0,1.0146346,2219580.0,22.8571428571,97.4285714286,0,0,2,87.7266944286,72.1428571429,25.2149658571,28.2857142857,705.0,,,,,16589,2013-03-03
1362873600000,201311,794.0,794,794,794,0.46181256,35.772533,0,4,130260320131119589,2023-08-20,Manaus,0.0,0.9952071,2219580.0,23.5714285714,96.5714285714,0,0,2,82.9977937143,60.1428571429,26.796511,31.7142857143,665.0,,,,,16589,2013-03-10
1363478400000,201312,782.0,782,782,782,0.35660547,35.23189,0,4,130260320131219589,2023-08-20,Manaus,0.0,0.981673,2219580.0,23.0,95.7142857143,0,0,2,87.9603685714,73.2857142857,25.5402632857,28.4285714286,637.0,,,,,16589,2013-03-17
1364083200000,201313,622.0,622,622,622,1.12822e-05,28.02332,0,4,130260320131319589,2023-08-20,Manaus,0.0,0.79693425,2219580.0,23.5714285714,94.0,0,0,2,82.04479,58.5714285714,26.3035304286,30.5714285714,569.0,,,,,16589,2013-03-24
1364688000000,201314,735.0,735,735,735,0.43648487,33.114372,0,4,130260320131419589,2023-08-20,Manaus,0.0,0.9917138,2219580.0,23.4285714286,94.8571428571,0,0,2,81.1493762857,58.5714285714,27.0435148571,31.0,670.0,,,,,16589,2013-03-31
1365292800000,201315,682.0,682,682,682,0.32792264,30.726534,0,4,130260320131519589,2023-08-20,Manaus,0.0,0.9763031,2219580.0,24.2857142857,93.4285714286,0,0,2,81.32126,61.5714285714,26.9230672857,30.7142857143,621.0,,,,,16589,2013-04-07
1365897600000,201316,588.0,588,588,588,0.002914508,26.491499,0,4,130260320131619589,2023-08-20,Manaus,0.0,0.8567094,2219580.0,23.8571428571,94.1428571429,0,0,2,82.4777277143,62.1428571429,26.6989752857,30.4285714286,521.0,,,,,16589,2013-04-14
1366502400000,201317,454.0,454,454,454,9e-10,20.45432,0,4,130260320131719589,2023-08-20,Manaus,0.0,0.6943241,2219580.0,23.4285714286,96.5714285714,0,0,2,83.6038557143,56.5714285714,25.9815571429,29.4285714286,367.0,,,,,16589,2013-04-21
1367107200000,201318,404.0,404,404,404,2.57e-08,18.201641,0,4,130260320131819589,2023-08-20,Manaus,0.0,0.7040597,2219580.0,23.4285714286,94.1428571429,0,0,2,85.0543117143,65.8571428571,25.8446384286,29.7142857143,380.0,,,,,16589,2013-04-28
1367712000000,201319,335.0,335,335,335,1.925e-07,15.092945,0,4,130260320131919589,2023-08-20,Manaus,0.0,0.6987823,2219580.0,24.1428571429,93.2857142857,0,0,2,82.6770471429,61.5714285714,26.3940057143,30.1428571429,315.0,,,,,16589,2013-05-05
1368316800000,201320,362.0,362,362,362,0.05407297,16.309391,0,4,130260320132019589,2023-08-20,Manaus,0.0,0.8905271,2219580.0,24.0,94.8571428571,0,0,2,82.6010957143,66.0,26.684429,30.0,283.0,,,,,16589,2013-05-12
1368921600000,201321,313.0,313,313,313,0.026863828,14.101767,0,1,130260320132119589,2023-08-20,Manaus,0.0,0.86201054,2219580.0,23.5714285714,97.4285714286,0,0,1,84.368715,67.4285714286,26.1861484286,29.4285714286,265.0,,,,,16589,2013-05-19
1369526400000,201322,224.0,224,224,224,7.974e-07,10.091999,0,1,130260320132219589,2023-08-20,Manaus,0.0,0.6642701,2219580.0,24.0,95.0,0,0,1,80.8351721429,59.8571428571,26.9011557143,30.5714285714,205.0,,,,,16589,2013-05-26
1370131200000,201323,238.0,238,238,238,0.0039568115,10.72275,0,1,130260320132319589,2023-08-20,Manaus,0.0,0.7947833,2219580.0,24.1428571429,91.8571428571,0,0,1,79.3974328571,49.8571428571,26.9278675714,31.1428571429,217.0,,,,,16589,2013-06-02
1370736000000,201324,190.0,190,190,190,0.0011561764,8.560178,0,1,130260320132419589,2023-08-20,Manaus,0.0,0.7479391,2219580.0,24.1428571429,92.5714285714,0,0,1,81.9062285714,61.0,26.5867345714,30.2857142857,173.0,,,,,16589,2013-06-09
1371340800000,201325,185.0,185,185,185,0.027691085,8.33491,0,1,130260320132519589,2023-08-20,Manaus,0.0,0.82714313,2219580.0,24.5714285714,93.4285714286,0,0,1,76.03647,52.1428571429,27.961829,31.8571428571,145.0,,,,,16589,2013-06-16
1371945600000,201326,163.0,163,163,163,0.024415247,7.343732,0,1,130260320132619589,2023-08-20,Manaus,0.0,0.8130354,2219580.0,24.7142857143,92.0,0,0,1,75.835065,54.5714285714,27.9451171429,31.7142857143,141.0,,,,,16589,2013-06-23
1372550400000,201327,154.0,154,154,154,0.06682547,6.9382496,0,1,130260320132719589,2023-08-20,Manaus,0.0,0.8488608,2219580.0,22.8571428571,95.1428571429,0,0,1,82.8865555714,62.8571428571,25.728391,29.4285714286,133.0,,,,,16589,2013-06-30
1373155200000,201328,149.0,149,149,149,0.1626296,6.7129817,0,1,130260320132819589,2023-08-20,Manaus,0.0,0.8951969,2219580.0,23.4285714286,93.4285714286,0,0,1,79.77155,58.0,26.6016227143,30.5714285714,119.0,,,,,16589,2013-07-07
1373760000000,201329,115.0,115,115,115,0.0085165715,5.1811604,0,1,130260320132919589,2023-08-20,Manaus,0.0,0.7467362,2219580.0,23.8571428571,91.1428571429,0,0,1,74.1541944286,50.0,27.4739492857,31.4285714286,88.0,,,,,16589,2013-07-14
1374364800000,201330,116.0,116,116,116,0.063015625,5.226214,0,1,130260320133019589,2023-08-20,Manaus,0.0,0.82596564,2219580.0,23.5714285714,90.1428571429,0,0,1,76.7285135714,60.0,26.1331142857,29.4285714286,89.0,,,,,16589,2013-07-21
1374969600000,201331,120.0,120,120,120,0.36157095,5.4064283,0,1,130260320133119589,2023-08-20,Manaus,0.0,0.95585877,2219580.0,22.8571428571,93.4285714286,0,0,1,76.0443471429,52.0,26.8807015714,31.0,94.0,,,,,16589,2013-07-28
1375574400000,201332,99.0,99,99,99,0.10690015,4.4603033,0,1,130260320133219589,2023-08-20,Manaus,0.0,0.8444593,2219580.0,25.1428571429,87.5714285714,0,0,1,71.9409562857,51.7142857143,28.1698167143,32.2857142857,78.0,,,,,16589,2013-08-04
1376179200000,201333,77.0,77,77,77,0.006416005,3.4691248,0,1,130260320133319589,2023-08-20,Manaus,0.0,0.6940423,2219580.0,24.1428571429,92.7142857143,0,0,1,78.7947551429,62.8571428571,26.6400131429,30.0,59.0,,,,,16589,2013-08-11
1376784000000,201334,74.0,74,74,74,0.03332702,3.333964,0,1,130260320133419589,2023-08-20,Manaus,0.0,0.75547487,2219580.0,23.8571428571,91.0,0,0,1,74.8495092857,50.1428571429,27.411479,32.0,52.0,,,,,16589,2013-08-18
1377388800000,201335,53.0,53,53,53,0.0054089427,2.387839,0,1,130260320133519589,2023-08-20,Manaus,0.0,0.64281666,2219580.0,23.8571428571,90.2857142857,0,0,1,74.6741071429,46.7142857143,26.8169642857,30.5714285714,39.0,,,,,16589,2013-08-25
1377993600000,201336,80.0,80,80,80,0.763836,3.6042855,0,1,130260320133619589,2023-08-20,Manaus,0.0,1.1237562,2219580.0,23.4285714286,94.8571428571,0,0,1,76.8817075714,54.0,27.0443547143,31.4285714286,47.0,,,,,16589,2013-09-01
1378598400000,201337,92.0,92,92,92,0.97174484,4.1449285,0,1,130260320133719589,2023-08-20,Manaus,0.0,1.353202,2219580.0,24.0,92.0,0,1,1,73.8187635714,48.0,27.6416715714,32.1428571429,59.0,,,,,16589,2013-09-08
1379203200000,201338,77.0,77,77,77,0.5481981,3.4691248,0,1,130260320133819589,2023-08-20,Manaus,0.0,1.0197533,2219580.0,25.1428571429,88.0,0,0,1,69.0292957143,45.0,28.927586,33.1428571429,55.0,,,,,16589,2013-09-15
1379808000000,201339,47.0,47,47,47,0.0014002084,2.1175177,0,1,130260320133919589,2023-08-20,Manaus,0.0,0.584362,2219580.0,24.8571428571,89.0,0,0,1,70.074803,46.0,28.6807544286,33.5714285714,34.0,,,,,16589,2013-09-22
1380412800000,201340,60.0,60,60,60,0.14422397,2.7032142,0,1,130260320134019589,2023-08-20,Manaus,0.0,0.8315302,2219580.0,24.2857142857,90.2857142857,0,0,1,71.688351,47.1428571429,28.1397384286,33.0,40.0,,,,,16589,2013-09-29
1381017600000,201341,65.0,65,65,65,0.64852035,2.928482,0,1,130260320134119589,2023-08-20,Manaus,0.0,1.0701596,2219580.0,24.7142857143,90.4285714286,0,0,1,72.39692,47.5714285714,28.1306451429,33.0,50.0,,,,,16589,2013-10-06
1381622400000,201342,75.0,75,75,75,0.9077892,3.3790176,0,1,130260320134219589,2023-08-20,Manaus,0.0,1.2570732,2219580.0,25.4285714286,89.7142857143,0,0,1,71.973088,45.8571428571,28.6362364286,33.1428571429,32.0,,,,,16589,2013-10-13
1382227200000,201343,71.0,71,71,71,0.6871819,3.1988034,0,1,130260320134319589,2023-08-20,Manaus,0.0,1.0869247,2219580.0,25.1428571429,85.2857142857,0,0,1,65.7777771429,38.5714285714,29.5171958571,34.5714285714,50.0,,,,,16589,2013-10-20
1382832000000,201344,76.0,76,76,76,0.6790455,3.4240713,0,1,130260320134419589,2023-08-20,Manaus,0.0,1.0796957,2219580.0,24.2857142857,94.0,0,0,1,78.0160014286,50.0,27.1676092857,32.1428571429,61.0,,,,,16589,2013-10-27
1383436800000,201345,40.0,40,40,40,0.0015522594,1.8021427,0,1,130260320134519589,2023-08-20,Manaus,0.0,0.56494105,2219580.0,23.5714285714,94.1428571429,0,0,0,82.0705465714,55.5714285714,26.2021162857,30.5714285714,27.0,,,,,16589,2013-11-03
1384041600000,201346,55.0,55,55,55,0.1916153,2.4779463,0,1,130260320134619589,2023-08-20,Manaus,0.0,0.85280097,2219580.0,24.0,93.2857142857,0,0,1,80.601984,60.5714285714,27.0819221429,31.5714285714,35.0,,,,,16589,2013-11-10
1384646400000,201347,64.0,64,64,64,0.7884421,2.8834283,0,1,130260320134719589,2023-08-20,Manaus,0.0,1.1576207,2219580.0,23.4285714286,94.1428571429,0,0,1,81.0538311429,61.8571428571,26.3130182857,30.5714285714,51.0,,,,,16589,2013-11-17
1385251200000,201348,75.0,75,75,75,0.9561548,3.3790176,0,1,130260320134819589,2023-08-20,Manaus,0.0,1.349304,2219580.0,23.8571428571,93.2857142857,0,1,1,81.6961014286,59.5714285714,26.6802961429,31.0,53.0,,,,,16589,2013-11-24
1385856000000,201349,116.0,116,116,116,0.99991506,5.226214,0,1,130260320134919589,2023-08-20,Manaus,0.0,1.7640567,2219580.0,24.5714285714,93.5714285714,0,1,1,75.0123135714,49.7142857143,28.1921181429,32.4285714286,83.0,,,,,16589,2013-12-01
1386460800000,201350,75.0,75,75,75,0.32396364,3.3790176,0,1,130260320135019589,2023-08-20,Manaus,0.0,0.92957795,2219580.0,25.1428571429,91.0,0,0,1,71.3682928571,47.1428571429,28.6844294286,32.8571428571,57.0,,,,,16589,2013-12-08
1387065600000,201351,81.0,81,81,81,0.23007359,3.649339,0,1,130260320135119589,2023-08-20,Manaus,0.0,0.89353853,2219580.0,24.2857142857,93.5714285714,0,0,1,79.2132942857,61.0,27.1261158571,30.4285714286,57.0,,,,,16589,2013-12-15
1387670400000,201352,45.0,45,45,45,0.0002327615,2.0274105,0,1,130260320135219589,2023-08-20,Manaus,0.0,0.5334353,2219580.0,23.8571428571,94.0,0,0,1,81.4691042857,61.0,26.7502358571,30.8571428571,29.0,,,,,16589,2013-12-22
1388275200000,201401,31.0,31,31,31,4.46528e-05,1.3966607,0,1,130260320140119589,2023-08-20,Manaus,0.0,0.44521987,2219580.0,24.4285714286,89.4285714286,0,0,0,73.4312027143,49.7142857143,28.0212618571,32.4285714286,25.0,,,,,4371,2013-12-29
1388880000000,201402,97.0,97,97,97,0.9997213,4.3701963,0,1,130260320140219589,2023-08-20,Manaus,0.0,1.7680147,2219580.0,23.1428571429,95.0,0,1,1,83.5212008571,62.7142857143,25.6371187143,29.1428571429,61.0,,,,,4371,2014-01-05
1389484800000,201403,106.0,106,106,106,0.9999438,4.775678,0,1,130260320140319589,2023-08-20,Manaus,0.0,1.8540742,2219580.0,23.5714285714,94.2857142857,0,1,1,83.4459774286,64.1428571429,26.0438437143,29.5714285714,68.0,,,,,4371,2014-01-12
1390089600000,201404,74.0,74,74,74,0.3531831,3.333964,0,1,130260320140419589,2023-08-20,Manaus,0.0,0.94097894,2219580.0,24.5714285714,92.5714285714,0,0,1,77.9219034286,53.7142857143,27.3738487143,31.4285714286,45.0,,,,,4371,2014-01-19
1390694400000,201405,88.0,88,88,88,0.43145669,3.964714,0,1,130260320140519589,2023-08-20,Manaus,0.0,0.97452736,2219580.0,23.2857142857,94.8571428571,0,0,1,82.832293,58.7142857143,25.8446995714,30.0,50.0,,,,,4371,2014-01-26
1391299200000,201406,68.0,68,68,68,0.07793226,3.0636427,0,1,130260320140619589,2023-08-20,Manaus,0.0,0.795172,2219580.0,22.8571428571,94.0,0,0,1,82.6250657143,59.0,25.8833492857,30.5714285714,45.0,,,,,4371,2014-02-02
1391904000000,201407,76.0,76,76,76,0.38228184,3.4240713,0,1,130260320140719589,2023-08-20,Manaus,0.0,0.9532503,2219580.0,23.2857142857,95.0,0,0,1,86.1721907143,67.5714285714,25.3977518571,28.5714285714,58.0,,,,,4371,2014-02-09
1392508800000,201408,143.0,143,143,143,0.99999267,6.4426603,0,1,130260320140819589,2023-08-20,Manaus,0.0,1.8098948,2219580.0,23.8571428571,93.5714285714,0,1,1,85.2571207143,66.8571428571,25.7615552857,29.4285714286,111.0,,,,,4371,2014-02-16
1393113600000,201409,166.0,166,166,166,0.9999946,7.4788923,0,1,130260320140919589,2023-08-20,Manaus,0.0,1.7394689,2219580.0,23.1428571429,95.7142857143,0,1,1,86.0041221429,69.7142857143,25.5890622857,29.1428571429,124.0,,,,,4371,2014-02-23
1393718400000,201410,138.0,138,138,138,0.74820566,6.2173924,0,1,130260320141019589,2023-08-20,Manaus,0.0,1.0855212,2219580.0,23.4285714286,96.5714285714,0,0,1,87.4743805714,71.1428571429,25.1886092857,28.5714285714,104.0,,,,,4371,2014-03-02
1394323200000,201411,170.0,170,170,170,0.89374286,7.6591067,0,1,130260320141119589,2023-08-20,Manaus,0.0,1.1501001,2219580.0,23.4285714286,93.4285714286,0,0,1,83.1097591429,65.2857142857,26.1388462857,29.8571428571,129.0,,,,,4371,2014-03-09
1394928000000,201412,196.0,196,196,196,0.985855,8.8305,0,1,130260320141219589,2023-08-20,Manaus,0.0,1.2644738,2219580.0,23.8571428571,95.0,0,1,1,82.8835001429,66.0,26.2917345714,29.4285714286,132.0,,,,,4371,2014-03-16
1395532800000,201413,260.0,260,260,260,0.99998873,11.713928,0,1,130260320141319589,2023-08-20,Manaus,0.0,1.5091485,2219580.0,23.0,94.8571428571,0,1,1,85.0392422857,61.7142857143,25.3665152857,28.7142857143,204.0,,,,,4371,2014-03-23
1396137600000,201414,193.0,193,193,193,0.34576264,8.695339,0,1,130260320141419589,2023-08-20,Manaus,0.0,0.96083933,2219580.0,23.4285714286,95.0,0,0,1,82.2452657143,62.4285714286,26.295418,30.4285714286,121.0,,,,,4371,2014-03-30
1396742400000,201415,208.0,208,208,208,0.29881316,9.371142,0,1,130260320141519589,2023-08-20,Manaus,0.0,0.9502307,2219580.0,24.1428571429,94.8571428571,0,0,1,81.6485164286,62.1428571429,26.9496177143,31.0,143.0,,,,,4371,2014-04-06
1397347200000,201416,171.0,171,171,171,0.02056675,7.70416,0,1,130260320141619589,2023-08-20,Manaus,0.0,0.81109935,2219580.0,23.5714285714,95.7142857143,0,0,1,83.5630471429,66.8571428571,26.11469,29.4285714286,129.0,,,,,4371,2014-04-13
1397952000000,201417,189.0,189,189,189,0.35688493,8.515124,0,1,130260320141719589,2023-08-20,Manaus,0.0,0.9633475,2219580.0,24.1428571429,94.0,0,0,1,83.4240585714,56.5714285714,26.4569915714,30.5714285714,144.0,,,,,4371,2014-04-20
1398556800000,201418,140.0,140,140,140,0.0077138906,6.3074994,0,1,130260320141819589,2023-08-20,Manaus,0.0,0.7631954,2219580.0,24.1428571429,92.7142857143,1,0,1,82.2346928571,64.1428571429,26.626871,30.1428571429,95.0,,,,,4371,2014-04-27
1399161600000,201419,145.0,145,145,145,0.07439089,6.5327673,0,1,130260320141919589,2023-08-20,Manaus,0.0,0.8499303,2219580.0,23.5714285714,94.1428571429,0,0,1,82.307,62.8571428571,26.2539381429,29.7142857143,81.0,,,,,4371,2014-05-04
1399766400000,201420,106.0,106,106,106,0.0018129429,4.775678,0,1,130260320142019589,2023-08-20,Manaus,0.0,0.6947463,2219580.0,23.7142857143,95.1428571429,0,0,1,83.4519435714,66.0,26.377173,30.0,70.0,,,,,4371,2014-05-11
1400371200000,201421,108.0,108,108,108,0.045741737,4.8657856,0,1,130260320142119589,2023-08-20,Manaus,0.0,0.80481267,2219580.0,24.1428571429,94.4285714286,1,0,1,82.6425278571,65.5714285714,26.3579408571,30.0,59.0,,,,,4371,2014-05-18
1400976000000,201422,100.0,100,100,100,0.11937585,4.505357,0,1,130260320142219589,2023-08-20,Manaus,0.0,0.85233235,2219580.0,23.7142857143,94.8571428571,0,0,1,84.5648584286,67.8571428571,26.1831868571,28.7142857143,65.0,,,,,4371,2014-05-25
1401580800000,201423,80.0,80,80,80,0.029045423,3.6042855,0,1,130260320142319589,2023-08-20,Manaus,0.0,0.756675,2219580.0,24.4285714286,91.8571428571,0,0,1,78.9947085714,58.8571428571,27.5816328571,31.0,44.0,,,,,4371,2014-06-01
1402185600000,201424,59.0,59,59,59,0.00175439,2.6581604,0,1,130260320142419589,2023-08-20,Manaus,0.0,0.6213478,2219580.0,24.1428571429,92.5714285714,0,0,1,78.1139451429,55.5714285714,27.1264175714,30.7142857143,38.0,,,,,4371,2014-06-08
1402790400000,201425,75.0,75,75,75,0.32179198,3.3790176,0,1,130260320142519589,2023-08-20,Manaus,0.0,0.9286952,2219580.0,23.4285714286,92.5714285714,0,0,1,81.3154407143,64.0,26.152702,29.7142857143,41.0,,,,,4371,2014-06-15
1403395200000,201426,85.0,85,85,85,0.8600736,3.8295534,0,1,130260320142619589,2023-08-20,Manaus,0.0,1.1884052,2219580.0,24.0,92.5714285714,0,0,1,79.9000635714,59.8571428571,26.8519302857,30.2857142857,47.0,,,,,4371,2014-06-22
1404000000000,201427,80.0,80,80,80,0.69017404,3.6042855,0,1,130260320142719589,2023-08-20,Manaus,0.0,1.0831184,2219580.0,22.8571428571,94.8571428571,0,0,1,80.7090694286,50.4285714286,25.9195361429,29.1428571429,35.0,,,,,4371,2014-06-29
1404604800000,201428,50.0,50,50,50,0.006818281,2.2526784,0,1,130260320142819589,2023-08-20,Manaus,0.0,0.64376026,2219580.0,23.8571428571,92.5714285714,0,0,1,80.7188255714,59.2857142857,26.3413978571,29.7142857143,14.0,,,,,4371,2014-07-06
1405209600000,201429,42.0,42,42,42,0.0028193858,1.89225,0,1,130260320142919589,2023-08-20,Manaus,0.0,0.59013045,2219580.0,23.5714285714,93.2857142857,0,0,1,78.4190694286,56.2857142857,26.9127374286,30.8571428571,12.0,,,,,4371,2014-07-13
1405814400000,201430,54.0,54,54,54,0.3763098,2.4328928,0,1,130260320143019589,2023-08-20,Manaus,0.0,0.9421997,2219580.0,23.5714285714,93.2857142857,0,0,1,79.8206144286,59.0,26.4551252857,30.4285714286,12.0,,,,,4371,2014-07-20
1406419200000,201431,46.0,46,46,46,0.37435216,2.0724642,0,1,130260320143119589,2023-08-20,Manaus,0.0,0.93666846,2219580.0,23.7142857143,89.7142857143,0,0,1,78.575742,59.2857142857,26.5531528571,30.2857142857,12.0,,,,,4371,2014-07-27
1407024000000,201432,40.0,40,40,40,0.19386038,1.8021427,0,1,130260320143219589,2023-08-20,Manaus,0.0,0.8322665,2219580.0,23.7142857143,93.2857142857,0,0,0,77.4194221429,54.4285714286,27.1470792857,31.5714285714,14.0,,,,,4371,2014-08-03
1407628800000,201433,37.0,37,37,37,0.1707183,1.666982,0,1,130260320143319589,2023-08-20,Manaus,0.0,0.81150484,2219580.0,24.1428571429,92.7142857143,0,0,0,77.8067871429,57.1428571429,27.103332,30.7142857143,11.0,,,,,4371,2014-08-10
1408233600000,201434,32.0,32,32,32,0.147503,1.4417142,0,1,130260320143419589,2023-08-20,Manaus,0.0,0.78282803,2219580.0,23.4285714286,90.2857142857,0,0,0,69.2895842857,40.4285714286,27.9125614286,33.0,11.0,,,,,4371,2014-08-17
1408838400000,201435,24.0,24,24,24,0.05593457,1.0812856,0,1,130260320143519589,2023-08-20,Manaus,0.0,0.6628527,2219580.0,25.0,89.5714285714,0,0,0,70.4392822857,43.5714285714,28.5992974286,33.1428571429,6.0,,,,,4371,2014-08-24
1409443200000,201436,23.0,23,23,23,0.13201825,1.0362321,0,1,130260320143619589,2023-08-20,Manaus,0.0,0.7386247,2219580.0,24.4285714286,85.4285714286,0,0,0,67.0859494286,43.0,28.4905808571,32.8571428571,11.0,,,,,4371,2014-08-31
1410048000000,201437,40.0,40,40,40,0.94212645,1.8021427,0,1,130260320143719589,2023-08-20,Manaus,0.0,1.4693016,2219580.0,24.7142857143,86.7142857143,0,0,0,68.304889,38.5714285714,28.5256865714,33.5714285714,14.0,,,,,4371,2014-09-07
1410652800000,201438,43.0,43,43,43,0.9535875,1.9373034,0,1,130260320143819589,2023-08-20,Manaus,0.0,1.4888928,2219580.0,24.8571428571,84.0,0,1,1,66.3255858571,45.5714285714,28.929253,33.5714285714,21.0,,,,,4371,2014-09-14
1411257600000,201439,27.0,27,27,27,0.15776528,1.2164464,0,1,130260320143919589,2023-08-20,Manaus,0.0,0.7752354,2219580.0,26.0,81.8571428571,0,0,0,62.6521268571,37.5714285714,29.937043,34.1428571429,12.0,,,,,4371,2014-09-21
1411862400000,201440,38.0,38,38,38,0.5568402,1.7120357,0,1,130260320144019589,2023-08-20,Manaus,0.0,1.0334313,2219580.0,25.1428571429,81.8571428571,0,0,0,65.3225107143,40.8571428571,28.9077142857,32.7142857143,14.0,,,,,4371,2014-09-28
1412467200000,201441,40.0,40,40,40,0.72754246,1.8021427,0,1,130260320144119589,2023-08-20,Manaus,0.0,1.1495726,2219580.0,25.1428571429,88.2857142857,0,0,0,73.7248064286,53.0,28.2318788571,32.2857142857,12.0,,,,,4371,2014-10-05
1413072000000,201442,17.0,17,17,17,0.0058875787,0.7659107,0,1,130260320144219589,2023-08-20,Manaus,0.0,0.4886224,2219580.0,22.5714285714,93.2857142857,0,0,0,82.5141385714,68.0,25.6294965714,28.8571428571,4.0,,,,,4371,2014-10-12
1413676800000,201443,31.0,31,31,31,0.4202901,1.3966607,0,1,130260320144319589,2023-08-20,Manaus,0.0,0.95110947,2219580.0,24.2857142857,91.8571428571,0,0,0,78.3181334286,52.8571428571,26.8867225714,31.7142857143,13.0,,,,,4371,2014-10-19
1414281600000,201444,43.0,43,43,43,0.9587375,1.9373034,0,1,130260320144419589,2023-08-20,Manaus,0.0,1.5108563,2219580.0,25.5714285714,88.0,0,1,1,69.3996022857,47.2857142857,28.8449055714,32.5714285714,10.0,,,,,4371,2014-10-26
1414886400000,201445,41.0,41,41,41,0.8713036,1.8471963,0,1,130260320144519589,2023-08-20,Manaus,0.0,1.3044525,2219580.0,25.2857142857,89.7142857143,0,0,1,75.3014902857,49.7142857143,28.170983,32.1428571429,13.0,,,,,4371,2014-11-02
1415491200000,201446,44.0,44,44,44,0.74545395,1.982357,0,1,130260320144619589,2023-08-20,Manaus,0.0,1.1563046,2219580.0,23.4285714286,93.2857142857,0,0,1,81.1656414286,53.0,26.4377182857,29.7142857143,13.0,,,,,4371,2014-11-09
1416096000000,201447,39.0,39,39,39,0.39955246,1.7570891,0,1,130260320144719589,2023-08-20,Manaus,0.0,0.9450375,2219580.0,23.8571428571,91.0,0,0,0,78.1540542857,57.7142857143,26.5279478571,30.1428571429,13.0,,,,,4371,2014-11-16
1416700800000,201448,60.0,60,60,60,0.9579854,2.7032142,0,1,130260320144819589,2023-08-20,Manaus,0.0,1.4080571,2219580.0,24.4285714286,90.4285714286,0,1,1,75.5457871429,55.8571428571,27.5558995714,31.0,22.0,,,,,4371,2014-11-23
1417305600000,201449,43.0,43,43,43,0.3966056,1.9373034,0,1,130260320144919589,2023-08-20,Manaus,0.0,0.9460178,2219580.0,25.2857142857,91.1428571429,0,0,1,73.3333342857,52.7142857143,28.4616168571,32.2857142857,20.0,,,,,4371,2014-11-30
1417910400000,201450,50.0,50,50,50,0.538554,2.2526784,0,1,130260320145019589,2023-08-20,Manaus,0.0,1.0195594,2219580.0,24.1428571429,91.8571428571,0,0,1,80.7668142857,61.1428571429,26.4311195714,30.1428571429,23.0,,,,,4371,2014-12-07
1418515200000,201451,52.0,52,52,52,0.6222661,2.3427856,0,1,130260320145119589,2023-08-20,Manaus,0.0,1.0637203,2219580.0,23.2857142857,94.0,0,0,1,82.6442932857,62.0,25.9534307143,30.0,26.0,,,,,4371,2014-12-14
1419120000000,201452,47.0,47,47,47,0.42313814,2.1175177,0,1,130260320145219589,2023-08-20,Manaus,0.0,0.9613387,2219580.0,24.8571428571,92.5714285714,0,0,1,79.6591234286,53.5714285714,26.9369341429,30.7142857143,14.0,,,,,4371,2014-12-21
1419724800000,201453,16.0,16,16,16,2.16511e-05,0.7208571,0,1,130260320145319589,2023-08-20,Manaus,0.0,0.335621,2219580.0,24.7142857143,89.5714285714,0,0,0,75.8092871429,49.4285714286,27.2517594286,31.0,13.0,,,,,4371,2014-12-28
1420329600000,201501,42.0,42,42,42,0.5716211,1.89225,0,1,130260320150119589,2023-08-20,Manaus,0.0,1.0403733,2219580.0,23.4285714286,92.5714285714,0,0,1,81.2834315714,63.0,25.8198414286,29.0,22.0,,,,,3454,2015-01-04
1420934400000,201502,57.0,57,57,57,0.99248946,2.5680535,0,1,130260320150219589,2023-08-20,Manaus,0.0,1.6749473,2219580.0,22.8571428571,94.0,0,1,1,84.5931042857,65.2857142857,24.8667721429,28.7142857143,24.0,,,,,3454,2015-01-11
1421539200000,201503,83.0,83,83,83,0.99991137,3.7394462,0,1,130260320150319589,2023-08-20,Manaus,0.0,1.9915789,2219580.0,23.1428571429,94.0,0,1,1,83.32771,65.1428571429,25.0060435714,28.7142857143,54.0,,,,,3454,2015-01-18
1422144000000,201504,49.0,49,49,49,0.2256446,2.207625,0,1,130260320150419589,2023-08-20,Manaus,0.0,0.86403304,2219580.0,24.0,92.2857142857,0,0,1,79.7707998571,60.0,26.179301,30.0,19.0,,,,,3454,2015-01-25
1422748800000,201505,104.0,104,104,104,0.9979592,4.685571,0,1,130260320150519589,2023-08-20,Manaus,0.0,1.5587281,2219580.0,24.0,88.0,0,1,1,75.1043288571,58.0,26.6129484286,30.0,60.0,,,,,3454,2015-02-01
1423353600000,201506,67.0,67,67,67,0.3450796,3.018589,0,1,130260320150619589,2023-08-20,Manaus,0.0,0.9347108,2219580.0,24.7142857143,93.5714285714,0,0,1,78.1278442857,56.7142857143,27.4524504286,31.2857142857,34.0,,,,,3454,2015-02-08
1423958400000,201507,72.0,72,72,72,0.30635652,3.243857,0,1,130260320150719589,2023-08-20,Manaus,0.0,0.9208873,2219580.0,24.7142857143,91.1428571429,0,0,1,77.7663321429,59.7142857143,27.2357178571,30.7142857143,46.0,,,,,3454,2015-02-15
1424563200000,201508,92.0,92,92,92,0.87137866,4.1449285,0,1,130260320150819589,2023-08-20,Manaus,0.0,1.1901029,2219580.0,23.1428571429,93.2857142857,0,0,1,80.0860594286,58.4285714286,26.1852271429,29.5714285714,46.0,,,,,3454,2015-02-22
1425168000000,201509,135.0,135,135,135,0.99991286,6.082232,0,1,130260320150919589,2023-08-20,Manaus,0.0,1.6805805,2219580.0,23.7142857143,92.5714285714,0,1,1,82.9671605714,67.4285714286,25.7120965714,29.0,67.0,,,,,3454,2015-03-01
1425772800000,201510,124.0,124,124,124,0.9625464,5.5866427,0,1,130260320151019589,2023-08-20,Manaus,0.0,1.2708759,2219580.0,24.2857142857,92.5714285714,0,1,1,80.6237391429,59.1428571429,26.6623154286,30.7142857143,67.0,,,,,3454,2015-03-08
1426377600000,201511,117.0,117,117,117,0.50946146,5.2712674,0,1,130260320151119589,2023-08-20,Manaus,0.0,1.0031028,2219580.0,23.7142857143,94.0,0,0,1,85.658852,71.8571428571,25.488363,28.0,55.0,,,,,3454,2015-03-15
1426982400000,201512,96.0,96,96,96,0.04481129,4.3251424,0,1,130260320151219589,2023-08-20,Manaus,0.0,0.7938872,2219580.0,23.7142857143,93.4285714286,0,0,1,80.4170587143,63.1428571429,26.343836,30.0,36.0,,,,,3454,2015-03-22
1427587200000,201513,45.0,45,45,45,5.16e-08,2.0274105,0,1,130260320151319589,2023-08-20,Manaus,0.0,0.4089212,2219580.0,24.1428571429,93.2857142857,0,0,1,80.9845571429,62.1428571429,26.7672301429,30.2857142857,19.0,,,,,3454,2015-03-29
1428192000000,201514,44.0,44,44,44,6.72507e-05,1.982357,0,1,130260320151419589,2023-08-20,Manaus,0.0,0.5047092,2219580.0,24.8571428571,90.2857142857,0,0,1,78.2551314286,59.5714285714,27.3032252857,30.7142857143,25.0,,,,,3454,2015-04-05
1428796800000,201515,69.0,69,69,69,0.71710896,3.1086962,0,1,130260320151519589,2023-08-20,Manaus,0.0,1.1050895,2219580.0,23.7142857143,94.8571428571,0,0,1,84.488384,67.8571428571,25.7445621429,28.1428571429,43.0,,,,,3454,2015-04-12
1429401600000,201516,65.0,65,65,65,0.83581114,2.928482,0,1,130260320151619589,2023-08-20,Manaus,0.0,1.1956004,2219580.0,24.4285714286,92.5714285714,0,0,1,80.4775428571,60.0,27.0141907143,30.2857142857,32.0,,,,,3454,2015-04-19
1430006400000,201517,73.0,73,73,73,0.85691446,3.2889106,0,1,130260320151719589,2023-08-20,Manaus,0.0,1.2023574,2219580.0,23.8571428571,94.1428571429,0,0,1,83.4923391429,66.7142857143,26.2826831429,29.4285714286,29.0,,,,,3454,2015-04-26
1430611200000,201518,81.0,81,81,81,0.8714109,3.649339,0,1,130260320151819589,2023-08-20,Manaus,0.0,1.2044177,2219580.0,23.1428571429,94.2857142857,0,0,1,83.3119165714,68.1428571429,25.882541,28.8571428571,39.0,,,,,3454,2015-05-03
1431216000000,201519,78.0,78,78,78,0.6708517,3.5141783,0,1,130260320151919589,2023-08-20,Manaus,0.0,1.0745525,2219580.0,24.2857142857,94.0,1,0,1,82.2198691429,64.5714285714,26.7586204286,30.0,35.0,,,,,3454,2015-05-10
1431820800000,201520,85.0,85,85,85,0.7287772,3.8295534,0,1,130260320152019589,2023-08-20,Manaus,0.0,1.1001484,2219580.0,24.4285714286,93.2857142857,0,0,1,81.9089414286,61.8571428571,26.7986125714,31.0,40.0,,,,,3454,2015-05-17
1432425600000,201521,55.0,55,55,55,0.020423252,2.4779463,0,1,130260320152119589,2023-08-20,Manaus,0.0,0.70070076,2219580.0,25.1428571429,93.2857142857,0,0,1,79.1817237143,57.8571428571,27.3370277143,31.0,24.0,,,,,3454,2015-05-24
1433030400000,201522,78.0,78,78,78,0.59578854,3.5141783,0,1,130260320152219589,2023-08-20,Manaus,0.0,1.039874,2219580.0,25.0,91.8571428571,0,0,1,76.8662905714,56.4285714286,27.789057,31.2857142857,42.0,,,,,3454,2015-05-31
1433635200000,201523,69.0,69,69,69,0.4766172,3.1086962,0,1,130260320152319589,2023-08-20,Manaus,0.0,0.9901193,2219580.0,24.2857142857,90.4285714286,0,0,1,77.4049665714,52.1428571429,26.95578,30.2857142857,33.0,,,,,3454,2015-06-07
1434240000000,201524,60.0,60,60,60,0.20568572,2.7032142,0,1,130260320152419589,2023-08-20,Manaus,0.0,0.86571103,2219580.0,24.7142857143,89.4285714286,0,0,1,76.7990135714,59.5714285714,27.4449445714,30.8571428571,15.0,,,,,3454,2015-06-14
1434844800000,201525,65.0,65,65,65,0.40420857,2.928482,0,1,130260320152519589,2023-08-20,Manaus,0.0,0.95891196,2219580.0,23.8571428571,94.2857142857,0,0,1,79.7491571429,61.8571428571,26.4720542857,29.1428571429,19.0,,,,,3454,2015-06-21
1435449600000,201526,61.0,61,61,61,0.38976687,2.7482677,0,1,130260320152619589,2023-08-20,Manaus,0.0,0.95133233,2219580.0,24.4285714286,88.5714285714,0,0,1,75.0725357143,52.7142857143,27.6928067143,31.2857142857,24.0,,,,,3454,2015-06-28
1436054400000,201527,59.0,59,59,59,0.37589413,2.6581604,0,1,130260320152719589,2023-08-20,Manaus,0.0,0.9443971,2219580.0,24.8571428571,91.0,0,0,1,77.5138394286,58.2857142857,27.328115,30.4285714286,19.0,,,,,3454,2015-07-05
1436659200000,201528,75.0,75,75,75,0.8686125,3.3790176,0,1,130260320152819589,2023-08-20,Manaus,0.0,1.2107525,2219580.0,24.5714285714,90.1428571429,0,0,1,73.54894,51.5714285714,27.8871884286,31.4285714286,35.0,,,,,3454,2015-07-12
1437264000000,201529,73.0,73,73,73,0.7752793,3.2889106,0,1,130260320152919589,2023-08-20,Manaus,0.0,1.1375744,2219580.0,24.0,89.7142857143,0,0,1,74.8803857143,57.0,27.4110577143,31.0,42.0,,,,,3454,2015-07-19
1437868800000,201530,56.0,56,56,56,0.13076808,2.5229998,0,1,130260320153019589,2023-08-20,Manaus,0.0,0.81782925,2219580.0,24.1428571429,87.2857142857,0,0,1,72.7777557143,49.7142857143,27.7163267143,31.5714285714,19.0,,,,,3454,2015-07-26
1438473600000,201531,76.0,76,76,76,0.7374122,3.4240713,0,1,130260320153119589,2023-08-20,Manaus,0.0,1.111292,2219580.0,25.5714285714,80.8571428571,0,0,1,66.2193877143,45.4285714286,29.1224494286,33.0,32.0,,,,,3454,2015-08-02
1439078400000,201532,67.0,67,67,67,0.5231779,3.018589,0,1,130260320153219589,2023-08-20,Manaus,0.0,1.0100878,2219580.0,25.5714285714,81.4285714286,0,0,1,65.7685197143,42.2857142857,29.003968,32.8571428571,20.0,,,,,3454,2015-08-09
1439683200000,201533,34.0,34,34,34,0.0005578513,1.5318214,0,1,130260320153319589,2023-08-20,Manaus,0.0,0.51359963,2219580.0,26.0,83.8571428571,0,0,0,66.1650262857,43.1428571429,29.2751582857,33.5714285714,16.0,,,,,3454,2015-08-16
1440288000000,201534,46.0,46,46,46,0.09807802,2.0724642,0,1,130260320153419589,2023-08-20,Manaus,0.0,0.7772024,2219580.0,25.7142857143,81.8571428571,0,0,1,63.862341,43.0,29.6802681429,33.8571428571,23.0,,,,,3454,2015-08-23
1440892800000,201535,44.0,44,44,44,0.35107914,1.982357,0,1,130260320153519589,2023-08-20,Manaus,0.0,0.9235217,2219580.0,26.1428571429,84.5714285714,0,0,1,68.0899295714,46.5714285714,29.1730902857,33.2857142857,16.0,,,,,3454,2015-08-30
1441497600000,201536,72.0,72,72,72,0.9939426,3.243857,0,1,130260320153619589,2023-08-20,Manaus,0.0,1.597365,2219580.0,26.5714285714,72.8571428571,0,1,1,54.3512848571,30.5714285714,30.8839758571,35.1428571429,35.0,,,,,3454,2015-09-06
1442102400000,201537,83.0,83,83,83,0.99556917,3.7394462,0,1,130260320153719589,2023-08-20,Manaus,0.0,1.5740525,2219580.0,26.5714285714,77.4285714286,0,1,1,61.592781,36.7142857143,30.2739981429,34.7142857143,28.0,,,,,3454,2015-09-13
1442707200000,201538,55.0,55,55,55,0.1781404,2.4779463,0,1,130260320153819589,2023-08-20,Manaus,0.0,0.84528285,2219580.0,27.1428571429,70.4285714286,0,0,1,53.4132657143,31.5714285714,31.4183672857,36.0,13.0,,,,,3454,2015-09-20
1443312000000,201539,80.0,80,80,80,0.77519095,3.6042855,0,1,130260320153919589,2023-08-20,Manaus,0.0,1.1308078,2219580.0,26.7142857143,76.0,0,0,1,56.605997,32.7142857143,31.1694732857,35.7142857143,29.0,,,,,3454,2015-09-27
1443916800000,201540,60.0,60,60,60,0.22046678,2.7032142,0,1,130260320154019589,2023-08-20,Manaus,0.0,0.87322176,2219580.0,26.2857142857,78.1428571429,0,0,1,60.1045464286,36.0,30.825907,35.0,26.0,,,,,3454,2015-10-04
1444521600000,201541,49.0,49,49,49,0.04480431,2.207625,0,1,130260320154119589,2023-08-20,Manaus,0.0,0.72923315,2219580.0,26.8571428571,79.0,0,0,1,62.0613618571,39.4285714286,30.3989884286,34.4285714286,19.0,,,,,3454,2015-10-11
1445126400000,201542,22.0,22,22,22,9.6099e-06,0.9911785,0,1,130260320154219589,2023-08-20,Manaus,0.0,0.36859807,2219580.0,26.1428571429,84.0,0,0,0,62.7819245714,38.4285714286,30.2763861429,35.0,5.0,,,,,3454,2015-10-18
1445731200000,201543,33.0,33,33,33,0.07391944,1.4867678,0,1,130260320154319589,2023-08-20,Manaus,0.0,0.721379,2219580.0,25.0,89.0,0,0,0,70.6692467143,47.2857142857,28.4150245714,32.4285714286,16.0,,,,,3454,2015-10-25
1446336000000,201544,52.0,52,52,52,0.9666817,2.3427856,0,1,130260320154419589,2023-08-20,Manaus,0.0,1.4845542,2219580.0,24.0,93.375,0,1,1,76.1532055,44.5,27.293207375,31.5,17.0,,,,,3454,2015-11-01
1446940800000,201545,32.0,32,32,32,0.32453072,1.4417142,0,1,130260320154519589,2023-08-20,Manaus,0.0,0.89583415,2219580.0,25.2857142857,87.5714285714,0,0,0,68.1398287143,45.5714285714,29.1412151429,33.4285714286,11.0,,,,,3454,2015-11-08
1447545600000,201546,21.0,21,21,21,0.009113013,0.946125,0,1,130260320154619589,2023-08-20,Manaus,0.0,0.5381853,2219580.0,26.0,80.8571428571,0,0,0,60.1077102857,37.8571428571,30.3602435714,34.2857142857,7.0,,,,,3454,2015-11-15
1448150400000,201547,33.0,33,33,33,0.44637284,1.4867678,0,1,130260320154719589,2023-08-20,Manaus,0.0,0.967811,2219580.0,25.8571428571,88.2857142857,0,0,0,69.549516,48.5714285714,29.3257095714,33.0,15.0,,,,,3454,2015-11-22
1448755200000,201548,54.0,54,54,54,0.99601483,2.4328928,0,1,130260320154819589,2023-08-20,Manaus,0.0,1.8013092,2219580.0,26.0,83.2857142857,0,1,1,65.0004624286,42.8571428571,29.6295772857,33.2857142857,40.0,,,,,3454,2015-11-29
1449360000000,201549,69.0,69,69,69,0.9991702,3.1086962,0,1,130260320154919589,2023-08-20,Manaus,0.0,1.8648199,2219580.0,26.0,87.4285714286,0,1,1,77.422237,62.1428571429,27.8205485714,30.1428571429,41.0,,,,,3454,2015-12-06
1449964800000,201550,95.0,95,95,95,0.9997855,4.280089,0,3,130260320155019589,2023-08-20,Manaus,0.0,1.8048595,2219580.0,26.1428571429,82.5714285714,1,1,1,75.4913074286,64.5714285714,27.2399847143,28.5714285714,58.0,,,,,3454,2015-12-13
1450569600000,201551,110.0,110,110,110,0.9980353,4.9558926,0,3,130260320155119589,2023-08-20,Manaus,0.0,1.5406423,2219580.0,25.0,91.1428571429,1,1,1,86.4829937143,78.5714285714,25.9380948571,27.1428571429,70.0,,,,,3454,2015-12-20
1451174400000,201552,38.0,38,38,38,5.2223e-06,1.7120357,0,2,130260320155219589,2023-08-20,Manaus,0.0,0.4401788,2219580.0,25.8571428571,88.2857142857,1,0,0,83.1242627143,74.5714285714,26.7573694286,28.2857142857,30.0,,,,,3454,2015-12-27
1451779200000,201601,159.0,159,159,159,0.9999968,7.1635175,0,2,130260320160119589,2023-08-20,Manaus,0.0,1.7941883,2219580.0,25.4285714286,89.7142857143,1,1,1,85.1900994286,80.2857142857,26.2048378571,27.0,39.0,,,,,8659,2016-01-03
1452384000000,201602,171.0,171,171,171,0.99999875,7.70416,0,2,130260320160219589,2023-08-20,Manaus,0.0,1.8014297,2219580.0,26.8571428571,82.2857142857,1,1,1,73.4312171429,63.5714285714,27.9493578571,29.0,57.0,,,,,8659,2016-01-10
1452988800000,201603,257.0,257,257,257,1.0,11.578767,0,3,130260320160319589,2023-08-20,Manaus,0.0,1.9143571,2219580.0,25.4285714286,90.4285714286,1,1,1,83.8257091429,75.8571428571,26.5879662857,27.7142857143,110.0,,,,,8659,2016-01-17
1453593600000,201604,290.0,290,290,290,0.9999989,13.065535,0,3,130260320160419589,2023-08-20,Manaus,0.0,1.5500702,2219580.0,26.4285714286,79.1428571429,0,1,1,71.6802712857,61.5714285714,27.9251697143,29.7142857143,142.0,,,,,8659,2016-01-24
1454198400000,201605,328.0,328,328,328,0.99988216,14.777571,0,3,130260320160519589,2023-08-20,Manaus,0.0,1.3635218,2219580.0,24.2857142857,90.1428571429,0,1,1,78.7761194286,60.4285714286,26.5027921429,29.8571428571,122.0,,,,,8659,2016-01-31
1454803200000,201606,351.0,351,351,351,0.9949663,15.813803,0,3,130260320160619589,2023-08-20,Manaus,0.0,1.2266752,2219580.0,24.4285714286,91.1428571429,0,1,2,76.4447,58.1428571429,27.5949211429,31.0,98.0,,,,,8659,2016-02-07
1455408000000,201607,441.0,441,441,441,0.999988,19.868624,0,4,130260320160719589,2023-08-20,Manaus,0.0,1.359344,2219580.0,25.5714285714,88.1428571429,1,1,2,82.4084728571,76.4285714286,26.4508347143,27.7142857143,203.0,,,,,8659,2016-02-14
1456012800000,201608,315.0,315,315,315,0.041709065,14.1918745,0,1,130260320160819589,2023-08-20,Manaus,0.0,0.8751681,2219580.0,24.5714285714,92.5714285714,1,0,1,89.7257657143,85.7142857143,25.2174745714,26.1428571429,153.0,,,,,8659,2016-02-21
1456617600000,201609,387.0,387,387,387,0.6411912,17.435732,0,2,130260320160919589,2023-08-20,Manaus,0.0,1.0264994,2219580.0,25.2857142857,90.4285714286,1,0,2,85.6198971429,80.5714285714,25.9311225714,27.1428571429,261.0,,,,,8659,2016-02-28
1457222400000,201610,303.0,303,303,303,0.010133495,13.651232,0,2,130260320161019589,2023-08-20,Manaus,0.0,0.8351214,2219580.0,25.2857142857,89.1428571429,1,0,1,85.033353,74.7142857143,26.0864514286,28.4285714286,216.0,,,,,8659,2016-03-06
1457827200000,201611,206.0,206,206,206,3.6e-09,9.281035,0,2,130260320161119589,2023-08-20,Manaus,0.0,0.6050626,2219580.0,25.1428571429,89.7142857143,1,0,1,85.0707671429,79.1428571429,25.960034,27.2857142857,148.0,,,,,8659,2016-03-13
1458432000000,201612,270.0,270,270,270,0.12017709,12.164464,0,2,130260320161219589,2023-08-20,Manaus,0.0,0.9061778,2219580.0,24.5714285714,92.5714285714,1,0,1,88.1852651429,81.7142857143,25.5764851429,26.7142857143,209.0,,,,,8659,2016-03-20
1459036800000,201613,428.0,428,428,428,1.0,19.282927,0,2,130260320161319589,2023-08-20,Manaus,0.0,1.607273,2219580.0,24.2857142857,94.8571428571,1,1,2,89.429762,84.0,25.1666668571,26.0,301.0,,,,,8659,2016-03-27
1459641600000,201614,399.0,399,399,399,0.9999009,17.976374,0,4,130260320161419589,2023-08-20,Manaus,0.0,1.3265357,2219580.0,24.8571428571,89.5714285714,1,1,2,83.94584,76.1428571429,26.0164835714,27.1428571429,276.0,,,,,8659,2016-04-03
1460246400000,201615,388.0,388,388,388,0.787655,17.480785,0,4,130260320161519589,2023-08-20,Manaus,0.0,1.0598445,2219580.0,24.1428571429,93.2857142857,1,0,2,81.1531455714,64.8571428571,26.9829062857,30.0,303.0,,,,,8659,2016-04-10
1460851200000,201616,368.0,368,368,368,0.19158645,16.579714,0,4,130260320161619589,2023-08-20,Manaus,0.0,0.9387123,2219580.0,24.8571428571,91.8571428571,1,0,2,84.9983914286,72.5714285714,26.3315414286,28.5714285714,301.0,,,,,8659,2016-04-17
1461456000000,201617,397.0,397,397,397,0.65098584,17.886267,0,4,130260320161719589,2023-08-20,Manaus,0.0,1.0281024,2219580.0,24.8571428571,92.5714285714,1,0,2,88.5943,84.7142857143,25.5246304286,26.1428571429,308.0,,,,,8659,2016-04-24
1462060800000,201618,272.0,272,272,272,2.47827e-05,12.254571,0,2,130260320161819589,2023-08-20,Manaus,0.0,0.72549003,2219580.0,24.5714285714,91.1428571429,1,0,1,86.5184742857,79.0,25.5247182857,26.5714285714,204.0,,,,,8659,2016-05-01
1462665600000,201619,245.0,245,245,245,8.9167e-06,11.038124,0,2,130260320161919589,2023-08-20,Manaus,0.0,0.70151603,2219580.0,24.5714285714,94.0,1,0,1,86.8026028571,80.1428571429,25.6474314286,27.0,184.0,,,,,8659,2016-05-08
1463270400000,201620,231.0,231,231,231,0.0017607749,10.407374,0,2,130260320162019589,2023-08-20,Manaus,0.0,0.77524143,2219580.0,25.5714285714,89.5714285714,1,0,1,82.8597894286,75.0,26.5758691429,27.8571428571,172.0,,,,,8659,2016-05-15
1463875200000,201621,188.0,188,188,188,0.0009959891,8.470071,0,2,130260320162119589,2023-08-20,Manaus,0.0,0.7439054,2219580.0,25.7142857143,91.1428571429,1,0,1,86.2610534286,79.1428571429,26.3103744286,27.2857142857,130.0,,,,,8659,2016-05-22
1464480000000,201622,182.0,182,182,182,0.020036358,8.19975,0,2,130260320162219589,2023-08-20,Manaus,0.0,0.815229,2219580.0,24.8571428571,90.2857142857,1,0,1,84.6318971429,78.0,25.797052,27.0,108.0,,,,,8659,2016-05-29
1465084800000,201623,177.0,177,177,177,0.1281743,7.9744816,0,2,130260320162319589,2023-08-20,Manaus,0.0,0.88954383,2219580.0,25.0,91.8571428571,1,0,1,85.3596942857,79.5714285714,26.1096938571,27.2857142857,132.0,,,,,8659,2016-06-05
1465689600000,201624,169.0,169,169,169,0.21741478,7.6140532,0,2,130260320162419589,2023-08-20,Manaus,0.0,0.92024875,2219580.0,24.7142857143,90.4285714286,1,0,1,84.5382657143,77.2857142857,25.622449,26.5714285714,127.0,,,,,8659,2016-06-12
1466294400000,201625,162.0,162,162,162,0.23093754,7.298678,0,2,130260320162519589,2023-08-20,Manaus,0.0,0.92308587,2219580.0,24.2857142857,90.4285714286,1,0,1,84.8998142857,77.8571428571,24.9406307143,26.1428571429,105.0,,,,,8659,2016-06-19
1466899200000,201626,112.0,112,112,112,0.0005488539,5.0459995,0,2,130260320162619589,2023-08-20,Manaus,0.0,0.67393905,2219580.0,24.8571428571,85.4285714286,1,0,1,78.9413257143,70.7142857143,26.0612244286,27.1428571429,71.0,,,,,8659,2016-06-26
1467504000000,201627,110.0,110,110,110,0.0075701405,4.9558926,0,2,130260320162719589,2023-08-20,Manaus,0.0,0.7385032,2219580.0,24.5714285714,88.7142857143,1,0,1,81.0120748571,73.0,25.9785527143,27.4285714286,74.0,,,,,8659,2016-07-03
1468108800000,201628,76.0,76,76,76,0.000278483,3.4240713,0,2,130260320162819589,2023-08-20,Manaus,0.0,0.610273,2219580.0,25.1428571429,89.5714285714,1,0,1,82.4209185714,74.2857142857,26.2755101429,27.4285714286,42.0,,,,,8659,2016-07-10
1468713600000,201629,83.0,83,83,83,0.06715651,3.7394462,0,1,130260320162919589,2023-08-20,Manaus,0.0,0.802903,2219580.0,23.8571428571,88.0,0,0,1,80.7629251429,71.5714285714,25.5064625714,27.0,53.0,,,,,8659,2016-07-17
1469318400000,201630,59.0,59,59,59,0.009883916,2.6581604,0,1,130260320163019589,2023-08-20,Manaus,0.0,0.6782135,2219580.0,25.2857142857,82.7142857143,1,0,1,76.9998042857,67.2857142857,26.3055337143,27.5714285714,31.0,,,,,8659,2016-07-24
1469923200000,201631,43.0,43,43,43,0.0016453733,1.9373034,0,1,130260320163119589,2023-08-20,Manaus,0.0,0.5767386,2219580.0,24.5,83.5,1,0,1,74.831709,63.5,26.6314933333,28.8333333333,19.0,,,,,8659,2016-07-31
1470528000000,201632,58.0,58,58,58,0.36500204,2.613107,0,2,130260320163219589,2023-08-20,Manaus,0.0,0.939067,2219580.0,25.3333333333,85.6666666667,1,0,1,78.1942833333,67.6666666667,26.2247623333,28.6666666667,29.0,,,,,8659,2016-08-07
1471132800000,201633,63.0,63,63,63,0.80633986,2.8383749,0,1,130260320163319589,2023-08-20,Manaus,0.0,1.1731956,2219580.0,26.0,80.0,0,0,1,72.2559241429,61.8571428571,27.4078407143,29.0,29.0,,,,,8659,2016-08-14
1471737600000,201634,51.0,51,51,51,0.3445376,2.297732,0,1,130260320163419589,2023-08-20,Manaus,0.0,0.92551035,2219580.0,24.5714285714,86.2857142857,1,0,1,77.3367342857,67.2857142857,26.2678571429,28.0,32.0,,,,,8659,2016-08-21
1472342400000,201635,39.0,39,39,39,0.037841257,1.7570891,0,1,130260320163519589,2023-08-20,Manaus,0.0,0.6938498,2219580.0,24.8571428571,87.2857142857,1,0,0,77.293935,63.4285714286,26.643046,29.1428571429,17.0,,,,,8659,2016-08-28
1472947200000,201636,41.0,41,41,41,0.15728943,1.8471963,0,2,130260320163619589,2023-08-20,Manaus,0.0,0.8107451,2219580.0,24.4285714286,90.2857142857,1,0,1,84.621768,78.4285714286,25.2952382857,26.2857142857,24.0,,,,,8659,2016-09-04
1473552000000,201637,43.0,43,43,43,0.46536562,1.9373034,0,2,130260320163719589,2023-08-20,Manaus,0.0,0.98160094,2219580.0,25.2857142857,82.7142857143,1,0,1,77.2704085714,68.5714285714,26.1505687143,27.5714285714,19.0,,,,,8659,2016-09-11
1474156800000,201638,57.0,57,57,57,0.93088114,2.5680535,0,2,130260320163819589,2023-08-20,Manaus,0.0,1.3469989,2219580.0,24.7142857143,88.0,1,0,1,82.2926735714,75.1428571429,25.9150344286,27.1428571429,33.0,,,,,8659,2016-09-18
1474761600000,201639,52.0,52,52,52,0.72816145,2.3427856,0,2,130260320163919589,2023-08-20,Manaus,0.0,1.1300572,2219580.0,25.1428571429,88.0,1,0,1,82.013195,71.4285714286,26.0928922857,27.4285714286,32.0,,,,,8659,2016-09-25
1475366400000,201640,45.0,45,45,45,0.28419784,2.0274105,0,2,130260320164019589,2023-08-20,Manaus,0.0,0.89020926,2219580.0,25.0,87.4285714286,1,0,1,77.1717677143,66.2857142857,27.068027,29.0,32.0,,,,,8659,2016-10-02
1475971200000,201641,31.0,31,31,31,0.018173594,1.3966607,0,2,130260320164119589,2023-08-20,Manaus,0.0,0.62489486,2219580.0,25.4285714286,88.2857142857,1,0,0,80.4048557143,71.1428571429,26.9274377143,28.0,22.0,,,,,8659,2016-10-09
1476576000000,201642,52.0,52,52,52,0.79045874,2.3427856,0,1,130260320164219589,2023-08-20,Manaus,0.0,1.1786813,2219580.0,27.0,79.8571428571,0,0,1,71.9401837143,60.5714285714,28.1805068571,30.1428571429,38.0,,,,,8659,2016-10-16
1477180800000,201643,43.0,43,43,43,0.57701886,1.9373034,0,1,130260320164319589,2023-08-20,Manaus,0.0,1.0430325,2219580.0,24.7142857143,87.1428571429,1,0,1,82.09694,74.7142857143,25.8367347143,27.0,33.0,,,,,8659,2016-10-23
1477785600000,201644,47.0,47,47,47,0.6298203,2.1175177,0,1,130260320164419589,2023-08-20,Manaus,0.0,1.0716856,2219580.0,24.4285714286,87.4285714286,1,0,1,81.54543,74.1428571429,25.5592698571,26.7142857143,27.0,,,,,8659,2016-10-30
1478390400000,201645,50.0,50,50,50,0.6709968,2.2526784,0,2,130260320164519589,2023-08-20,Manaus,0.0,1.0943465,2219580.0,25.4285714286,91.1428571429,1,0,1,81.6080891429,72.4285714286,26.8869988571,28.4285714286,31.0,,,,,8659,2016-11-06
1478995200000,201646,67.0,67,67,67,0.9641127,3.018589,0,1,130260320164619589,2023-08-20,Manaus,0.0,1.4010295,2219580.0,25.2857142857,86.8571428571,0,1,1,75.1102045714,60.2857142857,27.5256231429,29.8571428571,36.0,,,,,8659,2016-11-13
1479600000000,201647,53.0,53,53,53,0.5019618,2.387839,0,1,130260320164719589,2023-08-20,Manaus,0.0,1.0009522,2219580.0,25.4285714286,91.1428571429,1,0,1,82.8778542857,74.2857142857,26.7543461429,28.0,26.0,,,,,8659,2016-11-20
1480204800000,201648,50.0,50,50,50,0.24580237,2.2526784,0,1,130260320164819589,2023-08-20,Manaus,0.0,0.87585896,2219580.0,25.4285714286,88.0,1,0,1,80.2114091429,68.7142857143,27.1405772857,29.0,29.0,,,,,8659,2016-11-27
1480809600000,201649,67.0,67,67,67,0.84067744,3.018589,0,2,130260320164919589,2023-08-20,Manaus,0.0,1.1967366,2219580.0,25.2857142857,88.7142857143,1,0,1,84.2745722857,75.8571428571,25.869458,26.8571428571,36.0,,,,,8659,2016-12-04
1481414400000,201650,59.0,59,59,59,0.6100378,2.6581604,0,1,130260320165019589,2023-08-20,Manaus,0.0,1.0533004,2219580.0,23.8571428571,91.7142857143,0,0,1,89.2564628571,84.8571428571,24.5285712857,25.2857142857,32.0,,,,,8659,2016-12-11
1482019200000,201651,52.0,52,52,52,0.2500871,2.3427856,0,1,130260320165119589,2023-08-20,Manaus,0.0,0.88021183,2219580.0,23.2857142857,93.2857142857,0,0,1,87.7370748571,81.5714285714,24.3769761429,25.8571428571,29.0,,,,,8659,2016-12-18
1482624000000,201652,72.0,72,72,72,0.86978287,3.243857,0,1,130260320165219589,2023-08-20,Manaus,0.0,1.2169781,2219580.0,24.0,92.5714285714,0,0,1,88.412398,82.2857142857,24.8037647143,25.8571428571,22.0,,,,,8659,2016-12-25
1483228800000,201701,127.0,127,127,127,0.9999986,5.721803,0,1,130260320170119589,2023-08-20,Manaus,0.0,2.011206,2219580.0,23.8571428571,92.5714285714,0,1,1,84.6181398571,76.5714285714,25.2003022857,26.5714285714,64.0,,,,,4215,2017-01-01
1483833600000,201702,109.0,109,109,109,0.97764224,4.910839,0,1,130260320170219589,2023-08-20,Manaus,0.0,1.3388889,2219580.0,24.0,90.1428571429,0,1,1,88.4505058571,84.5714285714,24.4356322857,25.1428571429,67.0,,,,,4215,2017-01-08
1484438400000,201703,115.0,115,115,115,0.7770602,5.1811604,0,1,130260320170319589,2023-08-20,Manaus,0.0,1.1084403,2219580.0,23.8571428571,92.5714285714,0,0,1,85.1544214286,74.8571428571,25.1082391429,26.7142857143,70.0,,,,,4215,2017-01-15
1485043200000,201704,144.0,144,144,144,0.9697208,6.487714,0,1,130260320170419589,2023-08-20,Manaus,0.0,1.2637995,2219580.0,24.1428571429,89.4285714286,1,1,1,84.5340134286,76.7142857143,25.0136058571,26.4285714286,79.0,,,,,4215,2017-01-22
1485648000000,201705,242.0,242,242,242,1.0,10.902964,0,1,130260320170519589,2023-08-20,Manaus,0.0,1.900338,2219580.0,23.8571428571,92.4285714286,0,1,1,89.517996,85.1428571429,24.5001098571,25.1428571429,152.0,,,,,4215,2017-01-29
1486252800000,201706,222.0,222,222,222,0.9988795,10.001892,0,3,130260320170619589,2023-08-20,Manaus,0.0,1.3680497,2219580.0,24.1428571429,92.5714285714,1,1,1,87.6768691429,81.7142857143,24.9140588571,25.7142857143,122.0,,,,,4215,2017-02-05
1486857600000,201707,156.0,156,156,156,0.009397549,7.0283566,0,1,130260320170719589,2023-08-20,Manaus,0.0,0.77907664,2219580.0,24.5714285714,87.0,1,0,1,83.2670068571,75.0,25.1360545714,26.0,84.0,,,,,4215,2017-02-12
1487462400000,201708,93.0,93,93,93,2e-10,4.189982,0,1,130260320170819589,2023-08-20,Manaus,0.0,0.46924707,2219580.0,24.0,91.0,0,0,1,86.8090728571,79.2857142857,25.0381894286,26.4285714286,40.0,,,,,4215,2017-02-19
1488067200000,201709,123.0,123,123,123,0.016193965,5.541589,0,1,130260320170919589,2023-08-20,Manaus,0.0,0.7744801,2219580.0,24.4285714286,92.5714285714,1,0,1,87.1999485714,80.2857142857,25.1162914286,26.2857142857,67.0,,,,,4215,2017-02-26
1488672000000,201710,123.0,123,123,123,0.46623755,5.541589,0,1,130260320171019589,2023-08-20,Manaus,0.0,0.9893003,2219580.0,24.2857142857,93.2857142857,1,0,1,90.0491742857,85.1428571429,24.8484694286,25.7142857143,62.0,,,,,4215,2017-03-05
1489276800000,201711,130.0,130,130,130,0.7813919,5.856964,0,1,130260320171119589,2023-08-20,Manaus,0.0,1.1036266,2219580.0,23.8571428571,93.2857142857,0,0,1,90.0742642857,84.1428571429,24.4761905714,25.4285714286,82.0,,,,,4215,2017-03-12
1489881600000,201712,172.0,172,172,172,0.99670416,7.7492137,0,1,130260320171219589,2023-08-20,Manaus,0.0,1.3725134,2219580.0,23.5714285714,91.7142857143,0,1,1,88.2739037143,82.8571428571,24.8153817143,26.1428571429,124.0,,,,,4215,2017-03-19
1490486400000,201713,138.0,138,138,138,0.5055607,6.2173924,0,1,130260320171319589,2023-08-20,Manaus,0.0,1.0016776,2219580.0,24.8571428571,91.0,1,0,1,86.250762,78.4285714286,25.6198098571,26.8571428571,83.0,,,,,4215,2017-03-26
1491091200000,201714,131.0,131,131,131,0.15760802,5.9020176,0,1,130260320171419589,2023-08-20,Manaus,0.0,0.8867065,2219580.0,24.0,94.0,0,0,1,89.6951057143,83.4285714286,24.8815194286,26.1428571429,96.0,,,,,4215,2017-04-02
1491696000000,201715,151.0,151,151,151,0.6561563,6.8030887,0,1,130260320171519589,2023-08-20,Manaus,0.0,1.0478518,2219580.0,24.7142857143,93.2857142857,1,0,1,87.1975828571,78.5714285714,25.5233135714,26.7142857143,123.0,,,,,4215,2017-04-09
1492300800000,201716,109.0,109,109,109,0.032315824,4.910839,0,1,130260320171619589,2023-08-20,Manaus,0.0,0.7901114,2219580.0,24.5714285714,93.2857142857,1,0,1,89.1707722857,83.2857142857,25.3121042857,26.1428571429,76.0,,,,,4215,2017-04-16
1492905600000,201717,99.0,99,99,99,0.014924414,4.4603033,0,2,130260320171719589,2023-08-20,Manaus,0.0,0.75063133,2219580.0,24.5714285714,91.7142857143,1,0,1,88.0249985714,81.5714285714,25.2164965714,26.2857142857,73.0,,,,,4215,2017-04-23
1493510400000,201718,114.0,114,114,114,0.4002678,5.136107,0,2,130260320171819589,2023-08-20,Manaus,0.0,0.96741354,2219580.0,24.2857142857,93.2857142857,1,0,1,88.2857142857,81.4285714286,24.9693877143,26.1428571429,72.0,,,,,4215,2017-04-30
1494115200000,201719,67.0,67,67,67,0.001473585,3.018589,0,2,130260320171919589,2023-08-20,Manaus,0.0,0.6331262,2219580.0,25.0,91.8571428571,1,0,1,86.740528,79.8571428571,25.81357,26.7142857143,39.0,,,,,4215,2017-05-07
1494720000000,201720,73.0,73,73,73,0.03689458,3.2889106,0,2,130260320172019589,2023-08-20,Manaus,0.0,0.7591525,2219580.0,25.5714285714,88.8571428571,1,0,1,84.34949,77.1428571429,26.4591838571,28.0,50.0,,,,,4215,2017-05-14
1495324800000,201721,68.0,68,68,68,0.13397983,3.0636427,0,2,130260320172119589,2023-08-20,Manaus,0.0,0.83438015,2219580.0,25.1666666667,90.8333333333,1,0,1,85.096229,78.6666666667,25.9583333333,26.6666666667,51.0,,,,,4215,2017-05-21
1495929600000,201722,58.0,58,58,58,0.116307154,2.613107,0,2,130260320172219589,2023-08-20,Manaus,0.0,0.81086165,2219580.0,25.1428571429,92.7142857143,1,0,1,86.6530602857,83.0,25.9702385714,26.8571428571,35.0,,,,,4215,2017-05-28
1496534400000,201723,51.0,51,51,51,0.08552163,2.297732,0,2,130260320172319589,2023-08-20,Manaus,0.0,0.77606887,2219580.0,25.2857142857,90.4285714286,1,0,1,86.1496608571,79.0,25.9600338571,26.7142857143,38.0,,,,,4215,2017-06-04
1497139200000,201724,48.0,48,48,48,0.14730562,2.1625712,0,2,130260320172419589,2023-08-20,Manaus,0.0,0.8166263,2219580.0,25.1428571429,89.7142857143,1,0,1,83.6173471429,77.7142857143,26.2891155714,27.4285714286,37.0,,,,,4215,2017-06-11
1497744000000,201725,57.0,57,57,57,0.64632684,2.5680535,0,2,130260320172519589,2023-08-20,Manaus,0.0,1.0739219,2219580.0,25.0,89.7142857143,1,0,1,85.2253391429,78.5714285714,25.777211,26.7142857143,42.0,,,,,4215,2017-06-18
1498348800000,201726,46.0,46,46,46,0.29782608,2.0724642,0,2,130260320172619589,2023-08-20,Manaus,0.0,0.89829075,2219580.0,24.2857142857,89.2857142857,1,0,1,82.5408157143,76.7142857143,25.6811224286,26.7142857143,26.0,,,,,4215,2017-06-25
1498953600000,201727,48.0,48,48,48,0.37737644,2.1625712,0,2,130260320172719589,2023-08-20,Manaus,0.0,0.9394023,2219580.0,24.2857142857,89.5714285714,1,0,1,85.37245,80.5714285714,24.9090134286,25.4285714286,32.0,,,,,4215,2017-07-02
1499558400000,201728,45.0,45,45,45,0.33877164,2.0274105,0,2,130260320172819589,2023-08-20,Manaus,0.0,0.91811776,2219580.0,24.8571428571,84.7142857143,1,0,1,79.8778337143,74.2857142857,25.3653628571,26.2857142857,33.0,,,,,4215,2017-07-09
1500163200000,201729,43.0,43,43,43,0.34398502,1.9373034,0,2,130260320172919589,2023-08-20,Manaus,0.0,0.9190528,2219580.0,24.7142857143,84.2857142857,1,0,1,77.5153057143,70.4285714286,25.6479592857,26.7142857143,27.0,,,,,4215,2017-07-16
1500768000000,201730,64.0,64,64,64,0.9562736,2.8834283,0,2,130260320173019589,2023-08-20,Manaus,0.0,1.3861856,2219580.0,25.0,84.8571428571,1,1,1,79.5408171429,73.2857142857,25.8265305714,26.7142857143,44.0,,,,,4215,2017-07-23
1501372800000,201731,44.0,44,44,44,0.31161276,1.982357,0,2,130260320173119589,2023-08-20,Manaus,0.0,0.90334123,2219580.0,25.7142857143,81.4285714286,1,0,1,75.1505114286,66.5714285714,26.6505101429,27.5714285714,28.0,,,,,4215,2017-07-30
1501977600000,201732,62.0,62,62,62,0.811589,2.7933214,0,2,130260320173219589,2023-08-20,Manaus,0.0,1.179161,2219580.0,24.8571428571,89.5714285714,1,0,1,81.9063085714,75.2857142857,25.8439238571,26.5714285714,45.0,,,,,4215,2017-08-06
1502582400000,201733,59.0,59,59,59,0.6900129,2.6581604,0,2,130260320173319589,2023-08-20,Manaus,0.0,1.0975769,2219580.0,26.5714285714,78.8571428571,1,0,1,73.7695565714,66.8571428571,27.3290815714,28.2857142857,40.0,,,,,4215,2017-08-13
1503187200000,201734,67.0,67,67,67,0.8181712,3.018589,0,2,130260320173419589,2023-08-20,Manaus,0.0,1.1769483,2219580.0,26.1428571429,82.4285714286,1,0,1,78.119048,71.0,26.7224492857,27.5714285714,33.0,,,,,4215,2017-08-20
1503792000000,201735,70.0,70,70,70,0.779751,3.1537497,0,2,130260320173519589,2023-08-20,Manaus,0.0,1.1438609,2219580.0,26.1428571429,83.8571428571,1,0,1,73.6828251429,64.0,27.4234692857,28.7142857143,46.0,,,,,4215,2017-08-27
1504396800000,201736,78.0,78,78,78,0.8483045,3.5141783,0,2,130260320173619589,2023-08-20,Manaus,0.0,1.1871113,2219580.0,25.8,81.6,1,0,1,76.648642,69.8,26.7267242,28.0,58.0,,,,,4215,2017-09-03
1505001600000,201737,75.0,75,75,75,0.6450017,3.3790176,0,2,130260320173719589,2023-08-20,Manaus,0.0,1.0634185,2219580.0,25.72,,1,0,1,,69.2748165,,,55.0,,,,,4215,2017-09-10
1505606400000,201738,70.0,70,70,70,0.37312418,3.1537497,0,2,130260320173819589,2023-08-20,Manaus,0.0,0.94761246,2219580.0,25.64,,1,0,1,,68.749633,,,41.0,,,,,4215,2017-09-17
1506211200000,201739,67.0,67,67,67,0.2929991,3.018589,0,2,130260320173919589,2023-08-20,Manaus,0.0,0.9123836,2219580.0,25.56,,1,0,1,,68.2244495,,,44.0,,,,,4215,2017-09-24
1506816000000,201740,57.0,57,57,57,0.12519592,2.5680535,0,2,130260320174019589,2023-08-20,Manaus,0.0,0.8155222,2219580.0,25.48,,1,0,1,,67.699266,,,22.0,,,,,4215,2017-10-01
1507420800000,201741,50.0,50,50,50,0.08573828,2.2526784,0,2,130260320174119589,2023-08-20,Manaus,0.0,0.7744321,2219580.0,25.4,,1,0,1,,67.1740825,,,16.0,,,,,4215,2017-10-08
1508025600000,201742,49.0,49,49,49,0.19571103,2.207625,0,2,130260320174219589,2023-08-20,Manaus,0.0,0.8474849,2219580.0,25.32,,1,0,1,,66.648899,,,14.0,,,,,4215,2017-10-15
1508630400000,201743,26.0,26,26,26,0.0019558857,1.1713928,0,2,130260320174319589,2023-08-20,Manaus,0.0,0.5104289,2219580.0,25.24,,1,0,0,,66.1237155,,,9.0,,,,,4215,2017-10-22
1509235200000,201744,28.0,28,28,28,0.037565563,1.2614999,0,2,130260320174419589,2023-08-20,Manaus,0.0,0.65369254,2219580.0,25.16,,1,0,0,,65.598532,,,11.0,,,,,4215,2017-10-29
1509840000000,201745,41.0,41,41,41,0.7857047,1.8471963,0,2,130260320174519589,2023-08-20,Manaus,0.0,1.1995631,2219580.0,25.08,,1,0,1,,65.0733485,,,11.0,,,,,4215,2017-11-05
1510444800000,201746,26.0,26,26,26,0.22615874,1.1713928,0,2,130260320174619589,2023-08-20,Manaus,0.0,0.82119787,2219580.0,25.0,91.514265,1,0,0,79.20941,64.548165,27.9375,32.0,3.0,,,,,4215,2017-11-12
1511049600000,201747,34.0,34,34,34,0.5544897,1.5318214,0,2,130260320174719589,2023-08-20,Manaus,0.0,1.0338606,2219580.0,24.5714285714,91.8853678571,1,0,0,80.1679864286,63.5062771429,27.3749997143,31.1428571429,17.0,,,,,4215,2017-11-19
1511654400000,201748,22.0,22,22,22,0.098080724,0.9911785,0,1,130260320174819589,2023-08-20,Manaus,0.0,0.70193994,2219580.0,25.4285714286,91.902645,0,0,0,81.1668657143,61.6674317143,27.6607142857,31.8571428571,10.0,,,,,4215,2017-11-26
1512259200000,201749,38.0,38,38,38,0.84921384,1.7120357,0,1,130260320174919589,2023-08-20,Manaus,0.0,1.2850183,2219580.0,25.7142857143,88.903469,1,0,0,80.6232221429,65.9708384286,27.2380385714,29.5714285714,16.0,,,,,4215,2017-12-03
1512864000000,201750,31.0,31,31,31,0.57895803,1.3966607,0,1,130260320175019589,2023-08-20,Manaus,0.0,1.0522171,2219580.0,24.0,95.0148128571,0,0,0,86.3310408571,74.1716415714,25.9285711429,28.8571428571,14.0,,,,,4215,2017-12-10
1513468800000,201751,18.0,18,18,18,0.030488923,0.8109642,0,1,130260320175119589,2023-08-20,Manaus,0.0,0.5822879,2219580.0,24.4285714286,93.403595,0,0,0,82.7194835714,62.4406681429,26.45,29.4285714286,8.0,,,,,4215,2017-12-17
1514073600000,201752,37.0,37,37,37,0.83105654,1.666982,0,1,130260320175219589,2023-08-20,Manaus,0.0,1.2646433,2219580.0,23.5714285714,94.1606164286,0,0,0,89.75155,80.2868651429,24.5797617143,26.1428571429,14.0,,,,,4215,2017-12-24
1514678400000,201801,39.0,39,39,39,0.9145935,1.7570891,0,1,130260320180119589,2023-08-20,Manaus,0.0,1.3981318,2219580.0,24.5714285714,92.6789808571,1,0,0,89.875725,85.2097137143,25.1857142857,25.8571428571,11.0,,,,,2505,2017-12-31
1515283200000,201802,38.0,38,38,38,0.74713933,1.7120357,0,1,130260320180219589,2023-08-20,Manaus,0.0,1.1710331,2219580.0,23.4285714286,92.6366765714,0,0,0,86.1274078571,74.7273101429,24.9107142857,26.7142857143,12.0,,,,,2505,2018-01-07
1515888000000,201803,50.0,50,50,50,0.91031134,2.2526784,0,1,130260320180319589,2023-08-20,Manaus,0.0,1.3326068,2219580.0,23.4285714286,92.5630642857,0,0,1,84.8708537143,65.5415530286,24.7738097143,26.4285714286,13.0,,,,,2505,2018-01-14
1516492800000,201804,42.0,42,42,42,0.5419647,1.89225,0,1,130260320180419589,2023-08-20,Manaus,0.0,1.0232805,2219580.0,24.1428571429,94.2153571429,1,0,1,86.2287258571,77.5062162857,25.5428571429,27.2857142857,15.0,,,,,2505,2018-01-21
1517097600000,201805,24.0,24,24,24,0.009677289,1.0812856,0,1,130260320180519589,2023-08-20,Manaus,0.0,0.55979764,2219580.0,24.4285714286,93.4999478571,1,0,0,88.9840685714,84.4762472857,25.2571428571,26.0,11.0,,,,,2505,2018-01-28
1517702400000,201806,41.0,41,41,41,0.58429724,1.8471963,0,2,130260320180619589,2023-08-20,Manaus,0.0,1.0484723,2219580.0,25.0,86.7214628571,1,0,1,76.2877904286,64.463675,27.179762,29.4285714286,15.0,,,,,2505,2018-02-04
1518307200000,201807,28.0,28,28,28,0.21975371,1.2614999,0,1,130260320180719589,2023-08-20,Manaus,0.0,0.8224852,2219580.0,23.7142857143,94.1606814286,0,0,0,89.6490701429,85.018008,24.4142857143,24.8571428571,16.0,,,,,2505,2018-02-11
1518912000000,201808,46.0,46,46,46,0.9133002,2.0724642,0,1,130260320180819589,2023-08-20,Manaus,0.0,1.3562499,2219580.0,23.7142857143,91.8553151429,0,0,1,85.434495,74.7531492857,25.0459954286,27.0,25.0,,,,,2505,2018-02-18
1519516800000,201809,55.0,55,55,55,0.9731141,2.4779463,0,1,130260320180919589,2023-08-20,Manaus,0.0,1.4994544,2219580.0,24.1428571429,89.5780102857,1,1,1,80.0210285714,65.3875391429,26.690368,30.0,29.0,,,,,2505,2018-02-25
1520121600000,201810,60.0,60,60,60,0.9427651,2.7032142,0,1,130260320181019589,2023-08-20,Manaus,0.0,1.3636345,2219580.0,25.0,92.6508514286,1,0,1,87.3531467143,82.2577025714,25.9870128571,26.8571428571,29.0,,,,,2505,2018-03-04
1520726400000,201811,56.0,56,56,56,0.6390319,2.5229998,0,2,130260320181119589,2023-08-20,Manaus,0.0,1.0705217,2219580.0,24.2857142857,91.1634294286,1,0,1,85.7721034286,80.8952891429,25.2246748571,26.2857142857,26.0,,,,,2505,2018-03-11
1521331200000,201812,68.0,68,68,68,0.83653295,3.0636427,0,2,130260320181219589,2023-08-20,Manaus,0.0,1.1913131,2219580.0,24.4285714286,94.3451728571,1,0,1,88.2903557143,81.6397465714,25.6341988571,26.5714285714,41.0,,,,,2505,2018-03-18
1521936000000,201813,64.0,64,64,64,0.64260644,2.8834283,0,1,130260320181319589,2023-08-20,Manaus,0.0,1.0676343,2219580.0,24.0,93.39079,0,0,1,88.2223557143,82.3206277143,24.922078,25.8571428571,48.0,,,,,2505,2018-03-25
1522540800000,201814,86.0,86,86,86,0.9623259,3.8746068,0,1,130260320181419589,2023-08-20,Manaus,0.0,1.337539,2219580.0,24.2857142857,92.5981514286,1,1,1,88.9080321429,84.3428957143,25.0129868571,25.7142857143,52.0,,,,,2505,2018-04-01
1522800000000,201815,86.0,86,86,86,0.8894232,3.8746068,0,1,130260320181519589,2023-08-20,Manaus,0.0,1.2157907,2219580.0,24.0,94.2093042857,0,0,1,89.3649871429,83.7227888571,24.8311688571,25.8571428571,,,,,,2505,2018-04-04
1523750400000,201816,74.0,74,74,74,0.35657212,3.333964,0,1,130260320181619589,2023-08-20,Manaus,0.0,0.9423432,2219580.0,23.7142857143,95.8845142857,0,0,1,89.21019,81.9711331429,25.1543285714,27.0,41.0,,,,,2505,2018-04-15
1524355200000,201817,57.0,57,57,57,0.02469669,2.5680535,0,1,130260320181719589,2023-08-20,Manaus,0.0,0.71369356,2219580.0,23.8571428571,95.0146835714,0,0,1,84.4312015714,68.204626,26.5238094286,30.2857142857,36.0,,,,,2505,2018-04-22
1524960000000,201818,48.0,48,48,48,0.014739608,2.1625712,0,1,130260320181819589,2023-08-20,Manaus,0.0,0.66991246,2219580.0,23.7142857143,100.0,0,0,1,90.0940734286,75.5642578571,25.875,29.4285714286,29.0,,,,,2505,2018-04-29
1525564800000,201819,68.0,68,68,68,0.7329254,3.0636427,0,1,130260320181919589,2023-08-20,Manaus,0.0,1.1154022,2219580.0,24.2857142857,96.6745242857,1,0,1,85.0575178571,70.5557042857,26.6964285714,30.5714285714,37.0,,,,,2505,2018-05-06
1526169600000,201820,73.0,73,73,73,0.9101712,3.2889106,0,1,130260320182019589,2023-08-20,Manaus,0.0,1.264617,2219580.0,24.4285714286,96.77693,1,0,1,85.0329998571,70.480255,26.815476,30.0,41.0,,,,,2505,2018-05-13
1526774400000,201821,68.0,68,68,68,0.6532646,3.0636427,0,1,130260320182119589,2023-08-20,Manaus,0.0,1.0709505,2219580.0,23.8571428571,97.5104328571,0,0,1,90.7531834286,84.7615325714,25.2175322857,26.5714285714,35.0,,,,,2505,2018-05-20
1527379200000,201822,43.0,43,43,43,0.010056772,1.9373034,0,1,130260320182219589,2023-08-20,Manaus,0.0,0.63981783,2219580.0,24.7142857143,95.1345478571,1,0,1,90.6900922857,87.5318088571,25.7402597143,26.5714285714,23.0,,,,,2505,2018-05-27
1527984000000,201823,69.0,69,69,69,0.7056145,3.1086962,0,1,130260320182319589,2023-08-20,Manaus,0.0,1.0984828,2219580.0,24.5714285714,95.068595,1,0,1,89.4323728571,84.4961267143,25.3116885714,26.1428571429,33.0,,,,,2505,2018-06-03
1528588800000,201824,71.0,71,71,71,0.8672143,3.1988034,0,2,130260320182419589,2023-08-20,Manaus,0.0,1.2160224,2219580.0,24.5714285714,92.7290585714,1,0,1,84.4518972857,76.5784165714,26.1688308571,27.4285714286,41.0,,,,,2505,2018-06-10
1529193600000,201825,74.0,74,74,74,0.82465595,3.333964,0,1,130260320182519589,2023-08-20,Manaus,0.0,1.1725355,2219580.0,23.4285714286,98.3342357143,0,0,1,92.3941322857,85.7968785714,24.3480517143,25.2857142857,44.0,,,,,2505,2018-06-17
1529798400000,201826,36.0,36,36,36,0.0008611574,1.6219285,0,1,130260320182619589,2023-08-20,Manaus,0.0,0.53330773,2219580.0,24.5714285714,93.5053014286,1,0,0,87.0718122857,78.8244694286,25.6571425714,27.1428571429,19.0,,,,,2505,2018-06-24
1530403200000,201827,67.0,67,67,67,0.63907516,3.018589,0,1,130260320182719589,2023-08-20,Manaus,0.0,1.0642498,2219580.0,25.0,87.3280697143,1,0,1,80.1570598571,74.1891262857,26.4805194286,27.7142857143,26.0,,,,,2505,2018-07-01
1531008000000,201828,72.0,72,72,72,0.91502225,3.243857,0,1,130260320182819589,2023-08-20,Manaus,0.0,1.2740622,2219580.0,24.0,94.2760214286,0,0,1,87.879883,80.9636921429,25.337662,26.7142857143,30.0,,,,,2505,2018-07-08
1531612800000,201829,57.0,57,57,57,0.38131434,2.5680535,0,1,130260320182919589,2023-08-20,Manaus,0.0,0.94592077,2219580.0,24.4285714286,90.3215851429,1,0,1,79.0260044286,65.7797385714,27.1158008571,29.7142857143,32.0,,,,,2505,2018-07-15
1532217600000,201830,53.0,53,53,53,0.1562686,2.387839,0,1,130260320183019589,2023-08-20,Manaus,0.0,0.8297979,2219580.0,24.5714285714,95.0752828571,1,0,1,79.4507157143,64.071517,27.565476,31.2857142857,31.0,,,,,2505,2018-07-22
1532822400000,201831,56.0,56,56,56,0.36162803,2.5229998,0,1,130260320183119589,2023-08-20,Manaus,0.0,0.9365097,2219580.0,24.4285714286,94.250845,0,0,1,80.2817991429,61.8170608571,27.4523808571,31.8571428571,31.0,,,,,2505,2018-07-29
1533427200000,201832,61.0,61,61,61,0.6797088,2.7482677,0,1,130260320183219589,2023-08-20,Manaus,0.0,1.0898833,2219580.0,24.5714285714,92.7427844286,0,0,1,76.2248857143,57.6745638571,28.1666665714,32.5714285714,22.0,,,,,2505,2018-08-05
1534032000000,201833,48.0,48,48,48,0.21749698,2.1625712,0,1,130260320183319589,2023-08-20,Manaus,0.0,0.85832924,2219580.0,24.4285714286,93.5218142857,1,0,1,85.3007815714,75.8943431429,26.179221,28.2857142857,18.0,,,,,2505,2018-08-12
1534636800000,201834,45.0,45,45,45,0.15620303,2.0274105,0,1,130260320183419589,2023-08-20,Manaus,0.0,0.8173808,2219580.0,24.5714285714,94.34121,1,0,1,87.3866412857,77.6664078571,25.6753242857,27.1428571429,23.0,,,,,2505,2018-08-19
1535241600000,201835,58.0,58,58,58,0.7433973,2.613107,0,2,130260320183519589,2023-08-20,Manaus,0.0,1.1329072,2219580.0,24.2857142857,95.1892592857,1,0,1,87.1000285714,78.4277892857,25.4935068571,27.1428571429,33.0,,,,,2505,2018-08-26
1535846400000,201836,37.0,37,37,37,0.093852244,1.666982,0,2,130260320183619589,2023-08-20,Manaus,0.0,0.75283164,2219580.0,25.0,92.7479558571,1,0,0,84.8659971429,75.7128258571,26.2207788571,28.0,15.0,,,,,2505,2018-09-02
1536451200000,201837,45.0,45,45,45,0.36651468,2.0274105,0,2,130260320183719589,2023-08-20,Manaus,0.0,0.9320759,2219580.0,24.7142857143,92.6926578571,1,0,1,85.8784145714,78.8511845714,26.0422077143,27.1428571429,25.0,,,,,2505,2018-09-09
1537056000000,201838,40.0,40,40,40,0.31155604,1.8021427,0,2,130260320183819589,2023-08-20,Manaus,0.0,0.8989965,2219580.0,25.4285714286,88.1497124286,1,0,0,78.4880357143,69.0289094286,27.4437231429,29.5714285714,23.0,,,,,2505,2018-09-16
1537660800000,201839,26.0,26,26,26,0.029521346,1.1713928,0,2,130260320183919589,2023-08-20,Manaus,0.0,0.62915397,2219580.0,25.5714285714,91.9687958571,1,0,0,81.0725908571,68.8430138571,27.3679651429,29.5714285714,15.0,,,,,2505,2018-09-23
1538265600000,201840,37.0,37,37,37,0.48158354,1.666982,0,1,130260320184019589,2023-08-20,Manaus,0.0,0.9894084,2219580.0,26.1428571429,84.7103072857,0,0,0,71.0228891429,55.7909474286,29.1433982857,32.7142857143,16.0,,,,,2505,2018-09-30
1538870400000,201841,29.0,29,29,29,0.29708424,1.3065535,0,1,130260320184119589,2023-08-20,Manaus,0.0,0.8742475,2219580.0,25.4285714286,91.2303272857,0,0,0,73.6239092857,52.2870664286,29.3035711429,34.5714285714,15.0,,,,,2505,2018-10-07
1539475200000,201842,37.0,37,37,37,0.70947087,1.666982,0,1,130260320184219589,2023-08-20,Manaus,0.0,1.1408826,2219580.0,26.2857142857,89.0651872857,0,0,0,72.780235,54.8521632857,29.5026642857,33.5714285714,21.0,,,,,2505,2018-10-14
1540080000000,201843,42.0,42,42,42,0.8427039,1.89225,0,1,130260320184319589,2023-08-20,Manaus,0.0,1.2601299,2219580.0,26.2857142857,87.617016,1,0,1,78.7962021429,69.070517,27.7922077143,29.5714285714,20.0,,,,,2505,2018-10-21
1540684800000,201844,23.0,23,23,23,0.05166656,1.0362321,0,1,130260320184419589,2023-08-20,Manaus,0.0,0.6515416,2219580.0,25.7142857143,94.2910121429,1,0,0,85.7856471429,72.3424374286,27.0313854286,29.0,14.0,,,,,2505,2018-10-28
1541289600000,201845,25.0,25,25,25,0.11015626,1.1263392,0,2,130260320184519589,2023-08-20,Manaus,0.0,0.72765696,2219580.0,24.5714285714,96.7624685714,1,0,0,90.6895977143,83.0517195714,25.5155842857,26.2857142857,17.0,,,,,2505,2018-11-04
1541894400000,201846,24.0,24,24,24,0.25198913,1.0812856,0,2,130260320184619589,2023-08-20,Manaus,0.0,0.8329089,2219580.0,26.2857142857,92.7765372857,1,0,0,81.820925,69.6370662857,27.5753245714,29.1428571429,14.0,,,,,2505,2018-11-11
1542499200000,201847,33.0,33,33,33,0.8364763,1.4867678,0,2,130260320184719589,2023-08-20,Manaus,0.0,1.2909071,2219580.0,25.8571428571,187.4119121429,1,0,0,94.8965214286,73.5735727143,26.8597402857,28.5714285714,18.0,,,,,2505,2018-11-18
1543104000000,201848,15.0,15,15,15,0.042163573,0.67580354,0,2,130260320184819589,2023-08-20,Manaus,0.0,0.5802325,2219580.0,24.8571428571,95.0753471429,1,0,0,90.237125,85.3348638571,25.5649351429,26.4285714286,8.0,,,,,2505,2018-11-25
1543708800000,201849,28.0,28,28,28,0.6310025,1.2614999,0,1,130260320184919589,2023-08-20,Manaus,0.0,1.0949868,2219580.0,24.0,97.5582271429,0,0,0,92.1908048571,88.1313388571,25.0170635714,25.8571428571,19.0,,,,,2505,2018-12-02
1544313600000,201850,35.0,35,35,35,0.9251051,1.5768749,0,1,130260320185019589,2023-08-20,Manaus,0.0,1.4556797,2219580.0,23.7142857143,99.2281485714,0,0,0,87.4891777143,71.717921,25.9101968571,29.5714285714,20.0,,,,,2505,2018-12-09
1544918400000,201851,31.0,31,31,31,0.7095292,1.3966607,0,1,130260320185119589,2023-08-20,Manaus,0.0,1.1552471,2219580.0,23.1428571429,98.3220657143,0,0,0,85.7624721429,70.096654,25.9583334286,29.4285714286,17.0,,,,,2505,2018-12-16
1545523200000,201852,17.0,17,17,17,0.02611628,0.7659107,0,1,130260320185219589,2023-08-20,Manaus,0.0,0.5644753,2219580.0,24.0,98.3402885714,0,0,0,90.2247514286,79.5521737143,25.357576,27.8571428571,6.0,,,,,2505,2018-12-23
1546128000000,201901,42.0,42,42,42,0.9432654,1.89225,0,1,130260320190119589,2023-08-20,Manaus,0.0,1.4583341,2219580.0,24.5714285714,95.8686207143,1,0,1,91.3407534286,85.8767697143,25.4857142857,26.7142857143,10.0,,,,,2195,2018-12-30
1546732800000,201902,43.0,43,43,43,0.95482016,1.9373034,0,1,130260320190219589,2023-08-20,Manaus,0.0,1.4939204,2219580.0,23.8571428571,96.6684714286,0,1,1,91.5290532857,86.6013597143,24.9,25.7142857143,17.0,,,,,2195,2019-01-06
1547337600000,201903,24.0,24,24,24,0.08461021,1.0812856,0,1,130260320190319589,2023-08-20,Manaus,0.0,0.6976297,2219580.0,24.1428571429,95.2436408571,1,0,0,83.7375878571,70.825378,26.3821428571,29.7142857143,6.0,,,,,2195,2019-01-13
1547942400000,201904,24.0,24,24,24,0.06630178,1.0812856,0,1,130260320190419589,2023-08-20,Manaus,0.0,0.6764312,2219580.0,23.8571428571,96.7222542857,0,0,0,86.5413614286,71.4627034286,26.2440477143,29.5714285714,8.0,,,,,2195,2019-01-20
1548547200000,201905,37.0,37,37,37,0.8007456,1.666982,0,1,130260320190519589,2023-08-20,Manaus,0.0,1.2279515,2219580.0,24.5714285714,96.6925528571,1,0,0,86.4147711429,69.8752914286,26.5654762857,31.0,15.0,,,,,2195,2019-01-27
1549152000000,201906,65.0,65,65,65,0.99984425,2.928482,0,1,130260320190619589,2023-08-20,Manaus,0.0,2.141376,2219580.0,24.4285714286,95.0328414286,1,1,1,87.0869848571,73.8217331429,26.3869045714,29.4285714286,15.0,,,,,2195,2019-02-03
1549756800000,201907,74.0,74,74,74,0.99875724,3.333964,0,1,130260320190719589,2023-08-20,Manaus,0.0,1.7710302,2219580.0,24.0,97.5164207143,0,1,1,92.8013078571,88.1741152857,24.9428571429,25.8571428571,23.0,,,,,2195,2019-02-10
1550361600000,201908,35.0,35,35,35,0.012874228,1.5768749,0,1,130260320190819589,2023-08-20,Manaus,0.0,0.6240233,2219580.0,24.7142857143,94.3166671429,1,0,0,90.7033508571,86.6861194286,25.4675328571,26.1428571429,10.0,,,,,2195,2019-02-17
1550966400000,201909,38.0,38,38,38,0.020354861,1.7120357,0,1,130260320190919589,2023-08-20,Manaus,0.0,0.6565561,2219580.0,24.0,98.3462764286,0,0,0,92.711477,87.5303588571,24.896104,25.8571428571,10.0,,,,,2195,2019-02-24
1551571200000,201910,47.0,47,47,47,0.48853222,2.1175177,0,1,130260320191019589,2023-08-20,Manaus,0.0,0.9941217,2219580.0,25.0,91.1100585714,1,0,1,85.6527664286,77.7258611429,26.5324674286,28.0,15.0,,,,,2195,2019-03-03
1552176000000,201911,39.0,39,39,39,0.3941305,1.7570891,0,1,130260320191119589,2023-08-20,Manaus,0.0,0.9421327,2219580.0,24.5714285714,95.2895835714,1,0,0,88.7581298571,83.0543547143,25.5454545714,26.5714285714,15.0,,,,,2195,2019-03-10
1552780800000,201912,42.0,42,42,42,0.5054261,1.89225,0,2,130260320191219589,2023-08-20,Manaus,0.0,1.00296,2219580.0,25.2857142857,95.1964687143,1,0,1,89.6868194286,83.9429388571,26.0909091429,27.0,16.0,,,,,2195,2019-03-17
1553385600000,201913,26.0,26,26,26,0.034339774,1.1713928,0,2,130260320191319589,2023-08-20,Manaus,0.0,0.6385903,2219580.0,25.1428571429,95.0926764286,1,0,0,90.0452342857,84.614044,25.9870131429,27.0,5.0,,,,,2195,2019-03-24
1553990400000,201914,43.0,43,43,43,0.7305816,1.9373034,0,2,130260320191419589,2023-08-20,Manaus,0.0,1.1461756,2219580.0,25.2857142857,96.7045285714,1,0,1,91.56526,84.4532804286,25.9090911429,26.5714285714,12.0,,,,,2195,2019-03-31
1554595200000,201915,57.0,57,57,57,0.9845176,2.5680535,0,1,130260320191519589,2023-08-20,Manaus,0.0,1.5686672,2219580.0,24.0,98.3342357143,0,1,1,90.9085407143,81.5053051429,25.4945885714,27.1428571429,14.0,,,,,2195,2019-04-07
1555200000000,201916,65.0,65,65,65,0.9826491,2.928482,0,1,130260320191619589,2023-08-20,Manaus,0.0,1.5048279,2219580.0,24.7142857143,95.9277685714,1,1,1,88.9665428571,82.649973,26.0144908571,27.2857142857,21.0,,,,,2195,2019-04-14
1555804800000,201917,73.0,73,73,73,0.95108074,3.2889106,0,3,130260320191719589,2023-08-20,Manaus,0.0,1.3416878,2219580.0,24.5714285714,98.3402885714,1,1,1,90.1968308571,81.8061185714,25.902443,27.7142857143,15.0,,,,,2195,2019-04-21
1556409600000,201918,47.0,47,47,47,0.069761686,2.1175177,0,2,130260320191819589,2023-08-20,Manaus,0.0,0.7535972,2219580.0,24.5714285714,99.1701442857,1,0,1,93.1462071429,84.7244211429,25.62987,27.0,16.0,,,,,2195,2019-04-28
1557014400000,201919,53.0,53,53,53,0.19084041,2.387839,0,2,130260320191919589,2023-08-20,Manaus,0.0,0.8499498,2219580.0,25.0,95.9165442857,1,0,1,87.8131351429,78.6873095714,26.5120131429,28.1428571429,19.0,,,,,2195,2019-05-05
1557619200000,201920,47.0,47,47,47,0.19830984,2.1175177,0,1,130260320192019589,2023-08-20,Manaus,0.0,0.8461761,2219580.0,24.0,97.574425,0,0,1,94.3836288571,88.7815565714,24.8311685714,25.8571428571,8.0,,,,,2195,2019-05-12
1558224000000,201921,36.0,36,36,36,0.06332373,1.6219285,0,1,130260320192119589,2023-08-20,Manaus,0.0,0.7189939,2219580.0,24.2857142857,98.3402235714,1,0,0,94.6090774286,91.8220785714,24.7012985714,25.4285714286,9.0,,,,,2195,2019-05-19
1558828800000,201922,75.0,75,75,75,0.9943646,3.3790176,0,1,130260320192219589,2023-08-20,Manaus,0.0,1.5888186,2219580.0,25.2857142857,96.6985407143,1,1,1,90.0713891429,83.922723,26.1298702857,27.0,21.0,,,,,2195,2019-05-26
1559433600000,201923,59.0,59,59,59,0.80263245,2.6581604,0,2,130260320192319589,2023-08-20,Manaus,0.0,1.1765292,2219580.0,24.4285714286,95.0448171429,1,0,1,91.31547,85.2067945714,25.5090911429,26.5714285714,18.0,,,,,2195,2019-06-02
1560038400000,201924,78.0,78,78,78,0.9392421,3.5141783,0,2,130260320192419589,2023-08-20,Manaus,0.0,1.3022127,2219580.0,25.2857142857,94.2978678571,1,0,1,89.4877372857,83.9582715714,26.4675322857,27.8571428571,18.0,,,,,2195,2019-06-09
1560643200000,201925,61.0,61,61,61,0.3277202,2.7482677,0,2,130260320192519589,2023-08-20,Manaus,0.0,0.92407864,2219580.0,24.5714285714,93.5216971429,1,0,1,88.1144464286,79.8371588571,25.8311685714,27.2857142857,11.0,,,,,2195,2019-06-16
1561248000000,201926,50.0,50,50,50,0.05636443,2.2526784,0,2,130260320192619589,2023-08-20,Manaus,0.0,0.7455034,2219580.0,25.4285714286,88.9172631429,1,0,1,83.9737228571,77.687794,26.4415585714,27.5714285714,9.0,,,,,2195,2019-06-23
1561852800000,201927,74.0,74,74,74,0.8311551,3.333964,0,2,130260320192719589,2023-08-20,Manaus,0.0,1.1778599,2219580.0,25.4285714286,92.8525645714,1,0,1,84.8507128571,77.89252,26.636364,27.8571428571,5.0,,,,,2195,2019-06-30
1562457600000,201928,57.0,57,57,57,0.38428816,2.5680535,0,2,130260320192819589,2023-08-20,Manaus,0.0,0.9472606,2219580.0,24.2857142857,94.2447921429,1,0,1,89.4957768571,81.6329552857,25.2987011429,26.5714285714,10.0,,,,,2195,2019-07-07
1563062400000,201929,52.0,52,52,52,0.1765281,2.3427856,0,2,130260320192919589,2023-08-20,Manaus,0.0,0.84050906,2219580.0,25.0,89.517488,1,0,1,82.8162735714,76.2786054286,26.2337662857,27.7142857143,8.0,,,,,2195,2019-07-14
1563667200000,201930,48.0,48,48,48,0.14684637,2.1625712,0,2,130260320193019589,2023-08-20,Manaus,0.0,0.81632644,2219580.0,25.1428571429,176.7423202857,1,0,1,86.86131,69.6668545714,26.9220777143,28.7142857143,8.0,,,,,2195,2019-07-21
1564272000000,201931,56.0,56,56,56,0.59850526,2.5229998,0,2,130260320193119589,2023-08-20,Manaus,0.0,1.048677,2219580.0,25.5714285714,86.659854,1,0,1,81.5820977143,73.7952172857,26.7272728571,28.2857142857,4.0,,,,,2195,2019-07-28
1564876800000,201932,44.0,44,44,44,0.23311694,1.982357,0,2,130260320193219589,2023-08-20,Manaus,0.0,0.86156434,2219580.0,24.5714285714,86.6443568571,1,0,1,79.8339164286,73.8356857143,25.896104,27.2857142857,4.0,,,,,2195,2019-08-04
1565481600000,201933,54.0,54,54,54,0.63119674,2.4328928,0,2,130260320193319589,2023-08-20,Manaus,0.0,1.0674529,2219580.0,25.8571428571,89.6415995714,1,0,1,79.1649648571,71.2397271429,27.3454548571,28.8571428571,7.0,,,,,2195,2019-08-11
1566086400000,201934,23.0,23,23,23,0.0011749762,1.0362321,0,2,130260320193419589,2023-08-20,Manaus,0.0,0.47676504,2219580.0,24.7142857143,89.5617515714,1,0,0,82.7224734286,72.9135442857,26.4579002857,29.1428571429,2.0,,,,,2195,2019-08-18
1566691200000,201935,32.0,32,32,32,0.105658986,1.4417142,0,2,130260320193519589,2023-08-20,Manaus,0.0,0.74896026,2219580.0,25.5714285714,84.4593538571,1,0,0,77.1800757143,67.241541,27.181818,29.0,4.0,,,,,2195,2019-08-25
1567296000000,201936,39.0,39,39,39,0.6919292,1.7570891,0,2,130260320193619589,2023-08-20,Manaus,0.0,1.1232367,2219580.0,25.5714285714,91.1211434286,1,0,0,79.0308694286,66.5935242857,27.3376625714,29.1428571429,2.0,,,,,2195,2019-09-01
1567900800000,201937,28.0,28,28,28,0.28430143,1.2614999,0,2,130260320193719589,2023-08-20,Manaus,0.0,0.8642465,2219580.0,26.2857142857,84.2199228571,1,0,0,77.9108587143,70.5549755714,27.896104,29.4285714286,0.0,,,,,2195,2019-09-08
1568505600000,201938,21.0,21,21,21,0.05309971,0.946125,0,2,130260320193819589,2023-08-20,Manaus,0.0,0.6422433,2219580.0,25.8571428571,86.0298862857,1,0,0,78.3320727143,69.6820758571,27.3896105714,29.1428571429,1.0,,,,,2195,2019-09-15
1569110400000,201939,33.0,33,33,33,0.68121755,1.4867678,0,2,130260320193919589,2023-08-20,Manaus,0.0,1.1260006,2219580.0,25.1428571429,89.6447417143,1,0,0,81.5306222857,72.3810504286,26.8051945714,28.8571428571,0.0,,,,,2195,2019-09-22
1569715200000,201940,29.0,29,29,29,0.6085533,1.3065535,0,2,130260320194019589,2023-08-20,Manaus,0.0,1.0758924,2219580.0,25.0,90.3850202857,1,0,0,81.3715908571,63.9455412857,26.7186145714,28.8571428571,7.0,,,,,2195,2019-09-29
1570320000000,201941,23.0,23,23,23,0.23191106,1.0362321,0,2,130260320194119589,2023-08-20,Manaus,0.0,0.8157669,2219580.0,24.8571428571,91.0756342857,1,0,0,87.6769322857,79.5135337143,25.5660171429,26.5714285714,6.0,,,,,2195,2019-10-06
1570924800000,201942,19.0,19,19,19,0.1058203,0.8560178,0,2,130260320194219589,2023-08-20,Manaus,0.0,0.69321096,2219580.0,24.2857142857,93.4085607143,1,0,0,88.557768,82.9448482857,25.4978351429,26.8571428571,0.0,,,,,2195,2019-10-13
1571529600000,201943,41.0,41,41,41,0.9777208,1.8471963,0,2,130260320194319589,2023-08-20,Manaus,0.0,1.6477462,2219580.0,24.7142857143,91.8568142857,1,1,1,87.9533942857,82.213465,25.5227268571,26.5714285714,4.0,,,,,2195,2019-10-20
1572134400000,201944,41.0,41,41,41,0.9568501,1.8471963,0,2,130260320194419589,2023-08-20,Manaus,0.0,1.5188279,2219580.0,25.0,96.6984764286,1,1,1,89.0900074286,80.4100034286,25.9632037143,27.4285714286,6.0,,,,,2195,2019-10-27
1572739200000,201945,32.0,32,32,32,0.40322804,1.4417142,0,2,130260320194519589,2023-08-20,Manaus,0.0,0.9418038,2219580.0,25.5714285714,89.6847137143,1,0,0,82.5229077143,76.6697751429,26.9571428571,28.1428571429,8.0,,,,,2195,2019-11-03
1573344000000,201946,29.0,29,29,29,0.16871622,1.3065535,0,2,130260320194619589,2023-08-20,Manaus,0.0,0.789805,2219580.0,24.5714285714,95.1111657143,1,0,0,89.1085315714,83.87985,25.4142857143,26.1428571429,3.0,,,,,2195,2019-11-10
1573948800000,201947,29.0,29,29,29,0.28029275,1.3065535,0,1,130260320194719589,2023-08-20,Manaus,0.0,0.863846,2219580.0,24.0,95.0807007143,0,0,0,90.81118,84.4335931429,25.1062051429,26.2857142857,3.0,,,,,2195,2019-11-17
1574553600000,201948,31.0,31,31,31,0.5306655,1.3966607,0,1,130260320194819589,2023-08-20,Manaus,0.0,1.0196975,2219580.0,25.5714285714,91.2572608571,1,0,0,84.3285037143,75.2183201429,27.1103897143,28.8571428571,4.0,,,,,2195,2019-11-24
1575158400000,201949,19.0,19,19,19,0.071423076,0.8560178,0,1,130260320194919589,2023-08-20,Manaus,0.0,0.654533,2219580.0,26.1428571429,87.5014155714,1,0,0,81.8079692857,74.4797534286,27.3493505714,29.1428571429,6.0,,,,,2195,2019-12-01
1575763200000,201950,18.0,18,18,18,0.09454192,0.8109642,0,2,130260320195019589,2023-08-20,Manaus,0.0,0.6749979,2219580.0,24.2857142857,94.31068,1,0,0,90.1809914286,83.5325337143,25.3888887143,26.5714285714,4.0,,,,,2195,2019-12-08
1576368000000,201951,13.0,13,13,13,0.06374748,0.5856964,0,2,130260320195119589,2023-08-20,Manaus,0.0,0.59532106,2219580.0,24.4285714286,96.6805121429,1,0,0,92.714158,88.0654488571,25.3246754286,26.1428571429,2.0,,,,,2195,2019-12-15
1576972800000,201952,30.0,30,30,30,0.9553085,1.3516071,0,2,130260320195219589,2023-08-20,Manaus,0.0,1.634884,2219580.0,24.5714285714,98.3522642857,1,0,0,93.8882538571,89.5122757143,25.2,25.8571428571,6.0,,,,,2195,2019-12-22
1577577600000,202001,32.0,32,32,32,0.95852435,1.4417142,0,2,130260320200119589,2023-08-20,Manaus,0.0,1.6247205,2219580.0,24.5,93.5892016667,1,0,0,82.1500358333,70.6902918333,26.8819446667,29.3333333333,7.0,,,,,2355,2019-12-29
1578182400000,202002,42.0,42,42,42,0.9735715,1.89225,0,2,130260320200219589,2023-08-20,Manaus,0.0,1.6039836,2219580.0,24.8571428571,92.2637357143,1,1,1,77.9172645714,64.810175,27.8226191429,31.0,6.0,,,,,2355,2020-01-05
1578787200000,202003,47.0,47,47,47,0.9351044,2.1175177,0,1,130260320200319589,2023-08-20,Manaus,0.0,1.402572,2219580.0,24.0,96.6865,0,0,1,82.918715,65.4708437143,27.029762,30.8571428571,17.0,,,,,2355,2020-01-12
1579392000000,202004,36.0,36,36,36,0.34291738,1.6219285,0,1,130260320200419589,2023-08-20,Manaus,0.0,0.9115143,2219580.0,24.0,98.3522,0,0,0,86.6352385714,71.1721928571,26.8988094286,30.2857142857,13.0,,,,,2355,2020-01-19
1579996800000,202005,80.0,80,80,80,0.9994959,3.6042855,0,1,130260320200519589,2023-08-20,Manaus,0.0,1.8262458,2219580.0,24.7142857143,94.3338157143,1,1,1,82.5262392857,66.0589314286,27.6785711429,31.8571428571,25.0,,,,,2355,2020-01-26
1580601600000,202006,73.0,73,73,73,0.9740217,3.2889106,0,1,130260320200619589,2023-08-20,Manaus,0.0,1.4189354,2219580.0,25.4285714286,90.096101,1,1,1,80.8990822857,69.8647467143,27.1380951429,29.4285714286,31.0,,,,,2355,2020-02-02
1581206400000,202007,69.0,69,69,69,0.64402163,3.1086962,0,2,130260320200719589,2023-08-20,Manaus,0.0,1.0657423,2219580.0,24.5714285714,93.5992665714,1,0,1,88.6792482857,82.7113918571,25.7142857143,26.8571428571,34.0,,,,,2355,2020-02-09
1581811200000,202008,78.0,78,78,78,0.70172787,3.5141783,0,2,130260320200819589,2023-08-20,Manaus,0.0,1.0902175,2219580.0,25.5714285714,96.7404121429,1,0,1,87.2229971429,79.0183071429,26.6103894286,27.8571428571,31.0,,,,,2355,2020-02-16
1582416000000,202009,69.0,69,69,69,0.39112976,3.1086962,0,2,130260320200919589,2023-08-20,Manaus,0.0,0.954685,2219580.0,24.7142857143,99.1820557143,1,0,1,92.4903022857,81.0736765714,26.4101731429,28.5714285714,22.0,,,,,2355,2020-02-23
1583020800000,202010,76.0,76,76,76,0.60011464,3.4240713,0,2,130260320201019589,2023-08-20,Manaus,0.0,1.0423303,2219580.0,24.7142857143,100.0,1,0,1,90.353615,73.8288532857,27.0362551429,30.7142857143,37.0,,,,,2355,2020-03-01
1583625600000,202011,69.0,69,69,69,0.38155273,3.1086962,0,2,130260320201119589,2023-08-20,Manaus,0.0,0.9507334,2219580.0,25.4285714286,97.6839251429,1,0,1,81.954035,65.5928014286,28.0649351429,31.1428571429,41.0,,,,,2355,2020-03-08
1584230400000,202012,66.0,66,66,66,0.31000987,2.9735355,0,1,130260320201219589,2023-08-20,Manaus,0.0,0.919195,2219580.0,24.0,100.88786,0,0,1,89.6295157143,74.042408,26.4989177143,29.8571428571,36.0,,,,,2355,2020-03-15
1584835200000,202013,53.0,53,53,53,0.074783474,2.387839,0,1,130260320201319589,2023-08-20,Manaus,0.0,0.7700267,2219580.0,25.1428571429,95.2048557143,1,0,1,82.0219277143,64.8805821429,27.964286,31.8571428571,23.0,,,,,2355,2020-03-22
1585440000000,202014,104.0,104,104,104,0.9983805,4.685571,0,1,130260320201419589,2023-08-20,Manaus,0.0,1.5785,2219580.0,24.2857142857,100.8742885714,1,1,1,91.2071785714,71.5177328571,26.5773808571,30.4285714286,20.0,,,,,2355,2020-03-29
1586044800000,202015,37.0,37,37,37,0.0010003416,1.666982,0,2,130260320201519589,2023-08-20,Manaus,0.0,0.54134583,2219580.0,24.7142857143,100.0,1,0,0,90.1327754286,73.4366074286,26.9702377143,30.1428571429,16.0,,,,,2355,2020-04-05
1586649600000,202016,24.0,24,24,24,1.0513e-06,1.0812856,0,1,130260320201619589,2023-08-20,Manaus,0.0,0.35065868,2219580.0,24.0,99.1761321429,0,0,0,87.3618828571,69.915626,26.1845237143,29.5714285714,13.0,,,,,2355,2020-04-12
1587254400000,202017,14.0,14,14,14,1.7754e-06,0.63074994,0,1,130260320201719589,2023-08-20,Manaus,0.0,0.2819604,2219580.0,24.2857142857,98.3522,1,0,0,87.7805785714,72.5566665714,26.4880954286,30.1428571429,4.0,,,,,2355,2020-04-19
1587859200000,202018,39.0,39,39,39,0.86591077,1.7570891,0,1,130260320201819589,2023-08-20,Manaus,0.0,1.305236,2219580.0,24.2857142857,98.3522642857,1,0,0,87.8897935714,70.458062,26.9821428571,31.1428571429,13.0,,,,,2355,2020-04-26
1588464000000,202019,29.0,29,29,29,0.7152105,1.3065535,0,1,130260320201919589,2023-08-20,Manaus,0.0,1.1664925,2219580.0,24.0,99.1820557143,0,0,0,90.3724112857,74.8463141429,26.4166668571,29.8571428571,14.0,,,,,2355,2020-05-03
1589068800000,202020,39.0,39,39,39,0.87516534,1.7570891,0,1,130260320202019589,2023-08-20,Manaus,0.0,1.3201143,2219580.0,24.5714285714,99.2317328571,1,0,0,88.2320307143,71.0676821429,26.7678571429,30.0,13.0,,,,,2355,2020-05-10
1589673600000,202021,37.0,37,37,37,0.6711279,1.666982,0,1,130260320202119589,2023-08-20,Manaus,0.0,1.1108425,2219580.0,24.1428571429,98.3522642857,1,0,0,87.72655,71.1538157143,26.845238,31.0,11.0,,,,,2355,2020-05-17
1590278400000,202022,59.0,59,59,59,0.9886584,2.6581604,0,2,130260320202219589,2023-08-20,Manaus,0.0,1.5995556,2219580.0,24.4285714286,97.5103678571,1,1,1,85.2483421429,69.83773,26.8095237143,30.4285714286,21.0,,,,,2355,2020-05-24
1590883200000,202023,63.0,63,63,63,0.9706215,2.8383749,0,1,130260320202319589,2023-08-20,Manaus,0.0,1.4444269,2219580.0,24.0,100.0,0,1,1,87.7791924286,71.6064851429,26.625,30.0,23.0,,,,,2355,2020-05-31
1591488000000,202024,49.0,49,49,49,0.35920554,2.207625,0,1,130260320202419589,2023-08-20,Manaus,0.0,0.9312113,2219580.0,23.5714285714,98.3462764286,0,0,1,86.2140007143,68.0197932857,26.4523811429,30.0,29.0,,,,,2355,2020-06-07
1592092800000,202025,65.0,65,65,65,0.7678313,2.928482,0,1,130260320202519589,2023-08-20,Manaus,0.0,1.1413509,2219580.0,23.5714285714,96.6985407143,0,0,1,84.4822985714,67.7359327143,26.9665028571,30.4285714286,37.0,,,,,2355,2020-06-14
1592697600000,202026,52.0,52,52,52,0.32600555,2.3427856,0,1,130260320202619589,2023-08-20,Manaus,0.0,0.9173881,2219580.0,25.1428571429,92.69284,1,0,1,78.9661707143,63.7810131429,28.0359927143,31.2857142857,21.0,,,,,2355,2020-06-21
1593302400000,202027,52.0,52,52,52,0.32049033,2.3427856,0,1,130260320202719589,2023-08-20,Manaus,0.0,0.9147563,2219580.0,24.4285714286,94.232925,1,0,1,84.9184508571,69.8091157143,26.9946964286,30.4285714286,24.0,,,,,2355,2020-06-28
1593907200000,202028,51.0,51,51,51,0.35742182,2.297732,0,2,130260320202819589,2023-08-20,Manaus,0.0,0.93164593,2219580.0,24.2857142857,93.4274821429,1,0,1,81.9011814286,66.9130631429,27.2534738571,31.0,22.0,,,,,2355,2020-07-05
1594512000000,202029,49.0,49,49,49,0.38035244,2.207625,0,1,130260320202919589,2023-08-20,Manaus,0.0,0.94142723,2219580.0,24.4285714286,93.47402,0,0,1,79.5093137143,60.5225787143,27.8335451429,31.7142857143,17.0,,,,,2355,2020-07-12
1595116800000,202030,53.0,53,53,53,0.587807,2.387839,0,1,130260320203019589,2023-08-20,Manaus,0.0,1.0443581,2219580.0,24.8571428571,90.5071084286,0,0,1,74.7769721429,57.7205278571,28.323573,32.2857142857,21.0,,,,,2355,2020-07-19
1595721600000,202031,49.0,49,49,49,0.44371414,2.207625,0,1,130260320203119589,2023-08-20,Manaus,0.0,0.97211725,2219580.0,24.5714285714,89.7216237143,0,0,1,68.2832392857,47.6716131429,28.7653062857,33.1428571429,28.0,,,,,2355,2020-07-26
1596326400000,202032,29.0,29,29,29,0.009867411,1.3065535,0,1,130260320203219589,2023-08-20,Manaus,0.0,0.58687985,2219580.0,25.1428571429,90.3451994286,0,0,0,71.0220785714,50.8730361429,28.8524845714,33.4285714286,16.0,,,,,2355,2020-08-02
1596931200000,202033,33.0,33,33,33,0.102409795,1.4867678,0,1,130260320203319589,2023-08-20,Manaus,0.0,0.7491471,2219580.0,25.8571428571,89.1170358571,0,0,0,72.0350177143,53.8262687143,29.279244,33.2857142857,16.0,,,,,2355,2020-08-09
1597536000000,202034,40.0,40,40,40,0.6495359,1.8021427,0,1,130260320203419589,2023-08-20,Manaus,0.0,1.091222,2219580.0,25.5714285714,85.238523,0,0,0,68.3602664286,49.8882128571,29.5163042857,34.0,17.0,,,,,2355,2020-08-16
1598140800000,202035,36.0,36,36,36,0.5621865,1.6219285,0,1,130260320203519589,2023-08-20,Manaus,0.0,1.0377083,2219580.0,24.7142857143,88.0532631429,0,0,0,73.5240662857,57.581092,28.1053314286,32.2857142857,18.0,,,,,2355,2020-08-23
1598745600000,202036,31.0,31,31,31,0.2647207,1.3966607,0,1,130260320203619589,2023-08-20,Manaus,0.0,0.85831076,2219580.0,25.1428571429,88.8600284286,0,0,0,74.3755857143,54.0796195714,28.3029935714,33.1428571429,8.0,,,,,2355,2020-08-30
1599350400000,202037,21.0,21,21,21,0.032414496,0.946125,0,1,130260320203719589,2023-08-20,Manaus,0.0,0.6070677,2219580.0,25.2857142857,89.1058954286,0,0,0,71.6531705714,52.9485784286,29.1733957143,34.0,5.0,,,,,2355,2020-09-06
1599955200000,202038,17.0,17,17,17,0.032383397,0.7659107,0,1,130260320203819589,2023-08-20,Manaus,0.0,0.5784825,2219580.0,25.8571428571,89.0989181429,0,0,0,72.7249361429,55.1370947143,29.2186854286,33.8571428571,6.0,,,,,2355,2020-09-13
1600560000000,202039,20.0,20,20,20,0.31154513,0.90107137,0,1,130260320203919589,2023-08-20,Manaus,0.0,0.86215776,2219580.0,25.1428571429,88.644474,0,0,0,74.1984931429,58.9576277143,28.5776397143,32.5714285714,5.0,,,,,2355,2020-09-20
1601164800000,202040,15.0,15,15,15,0.22585204,0.67580354,0,1,130260320204019589,2023-08-20,Manaus,0.0,0.77513963,2219580.0,24.7142857143,89.8347885714,0,0,0,77.0568278571,60.9722585714,27.8919811429,31.8571428571,4.0,,,,,2355,2020-09-27
1601769600000,202041,16.0,16,16,16,0.3729642,0.7208571,0,1,130260320204119589,2023-08-20,Manaus,0.0,0.8957644,2219580.0,24.0,94.348128,0,0,0,82.046774,67.3874198571,27.3364388571,31.0,6.0,,,,,2355,2020-10-04
1602374400000,202042,17.0,17,17,17,0.5258909,0.7659107,0,1,130260320204219589,2023-08-20,Manaus,0.0,1.0223691,2219580.0,24.7142857143,91.2928342857,0,0,0,79.3019607143,62.3749105714,27.6229814286,32.2857142857,8.0,,,,,2355,2020-10-11
1602979200000,202043,12.0,12,12,12,0.22465898,0.5406428,0,1,130260320204319589,2023-08-20,Manaus,0.0,0.7531988,2219580.0,24.4285714286,93.5526101429,1,0,0,80.7348222857,66.8887175714,27.819358,31.2857142857,4.0,,,,,2355,2020-10-18
1603584000000,202044,24.0,24,24,24,0.9077012,1.0812856,0,1,130260320204419589,2023-08-20,Manaus,0.0,1.5234429,2219580.0,24.7142857143,95.1785694286,1,0,0,84.4687501429,68.7022032857,27.1543854286,31.5714285714,9.0,,,,,2355,2020-10-25
1604188800000,202045,44.0,44,44,44,0.9996314,1.982357,0,2,130260320204519589,2023-08-20,Manaus,0.0,2.4421725,2219580.0,25.0,91.308765,1,1,1,80.0608905714,67.0773675714,27.5379325714,30.5714285714,15.0,,,,,2355,2020-11-01
1604793600000,202046,54.0,54,54,54,0.9988213,2.4328928,0,2,130260320204619589,2023-08-20,Manaus,0.0,1.9976856,2219580.0,25.2857142857,93.5704451429,1,1,1,81.8262781429,67.4879787143,28.1076602857,31.7142857143,15.0,,,,,2355,2020-11-08
1605398400000,202047,39.0,39,39,39,0.48829448,1.7570891,0,2,130260320204719589,2023-08-20,Manaus,0.0,0.9934225,2219580.0,25.4285714286,93.6392385714,1,0,0,83.5586434286,70.3852022857,27.8176642857,31.1428571429,23.0,,,,,2355,2020-11-15
1606003200000,202048,28.0,28,28,28,0.025191706,1.2614999,0,2,130260320204819589,2023-08-20,Manaus,0.0,0.62936246,2219580.0,24.7142857143,95.1568807143,1,0,0,86.8533364286,73.251698,26.5646528571,29.5714285714,12.0,,,,,2355,2020-11-22
1606608000000,202049,39.0,39,39,39,0.45543686,1.7570891,0,2,130260320204919589,2023-08-20,Manaus,0.0,0.9752537,2219580.0,24.7714285714,,1,0,0,,70.8002034,,,23.0,,,,,2355,2020-11-29
1607212800000,202050,63.0,63,63,63,0.9962902,2.8383749,0,2,130260320205019589,2023-08-20,Manaus,0.0,1.7232289,2219580.0,24.8285714286,,1,1,1,,68.3487088,,,28.0,,,,,2355,2020-12-06
1607817600000,202051,38.0,38,38,38,0.32724813,1.7120357,0,2,130260320205119589,2023-08-20,Manaus,0.0,0.90517926,2219580.0,24.8857142857,,1,0,0,,65.8972142,,,25.0,,,,,2355,2020-12-13
1608422400000,202052,46.0,46,46,46,0.42030367,2.0724642,0,2,130260320205219589,2023-08-20,Manaus,0.0,0.95952123,2219580.0,24.9428571429,,1,0,1,,63.4457196,,,18.0,,,,,2355,2020-12-20
1609027200000,202053,38.0,38,38,38,0.19511913,1.7120357,0,1,130260320205319589,2023-08-20,Manaus,5.0,0.82930845,2219580.0,25.0,94.41876,0,0,0,79.116762,60.994225,28.270833,32.5,2.0,,,,,2355,2020-12-27
1609632000000,202101,65.0,65,65,65,0.99995476,2.928482,0,1,130260320210119684,2023-11-23,Manaus,23.0,2.3249402,2219580.0,23.2857142857,97.504315,0,1,1,87.322525,72.1560892857,25.9780022857,29.8571428571,48.0,,,,,5755,2021-01-03
1610236800000,202102,57.0,57,57,57,0.99835044,2.5680535,0,1,130260320210219684,2023-11-23,Manaus,30.0,1.9025003,2219580.0,23.5714285714,97.4982628571,0,1,1,88.4761357143,75.2269978571,25.6356847143,28.8571428571,38.0,,,,,5755,2021-01-10
1610841600000,202103,83.0,83,83,83,0.9992483,3.7394462,0,3,130260320210319684,2023-11-23,Manaus,32.0,1.7605975,2219580.0,23.4285714286,98.3402885714,0,1,1,87.7751721429,71.9219928571,25.7934074286,29.1428571429,61.0,,,,,5755,2021-01-17
1611446400000,202104,65.0,65,65,65,0.589152,2.928482,0,1,130260320210419684,2023-11-23,Manaus,37.0,1.0405988,2219580.0,24.0,98.3402235714,0,0,1,89.3748302857,78.2099708571,25.622498,28.0,45.0,,,,,5755,2021-01-24
1612051200000,202105,122.0,122,122,122,0.99981153,5.4965353,0,1,130260320210519684,2023-11-23,Manaus,50.0,1.6768597,2219580.0,24.5714285714,97.5283321429,1,1,1,87.4968234286,71.9321721429,26.6273808571,29.8571428571,84.0,,,,,5755,2021-01-31
1612656000000,202106,130.0,130,130,130,0.9987205,5.856964,0,1,130260320210619684,2023-11-23,Manaus,22.0,1.5130293,2219580.0,24.1428571429,97.6153941429,1,1,1,88.1042408571,75.5233378571,26.0346791429,29.1428571429,108.0,,,,,5755,2021-02-07
1613260800000,202107,157.0,157,157,157,0.9984153,7.0734105,0,3,130260320210719684,2023-11-23,Manaus,123.0,1.4393845,2219580.0,23.4285714286,98.3281828571,0,1,1,86.76538,71.833426,25.9213248571,29.4285714286,134.0,,,,,5755,2021-02-14
1613865600000,202108,173.0,173,173,173,0.989768,7.794267,0,3,130260320210819684,2023-11-23,Manaus,81.0,1.3046979,2219580.0,23.8571428571,96.6683421429,0,1,1,87.7478201429,75.5754524286,25.9295152857,28.8571428571,133.0,,,,,5755,2021-02-21
1614470400000,202109,214.0,214,214,214,0.9990836,9.641463,0,3,130260320210919684,2023-11-23,Manaus,38.0,1.3860885,2219580.0,23.7142857143,98.3402885714,0,1,1,89.9599935714,78.2827537143,25.2685228571,28.0,167.0,,,,,5755,2021-02-28
1615075200000,202110,231.0,231,231,231,0.99510634,10.407374,0,3,130260320211019684,2023-11-23,Manaus,175.0,1.2917411,2219580.0,23.5714285714,100.0,0,1,1,89.7447892857,76.36782,25.2599138571,28.1428571429,170.0,,,,,5755,2021-03-07
1615680000000,202111,251.0,251,251,251,0.98303616,11.308446,0,3,130260320211119684,2023-11-23,Manaus,12.0,1.2199229,2219580.0,23.8571428571,96.6805121429,0,1,1,87.520132,74.9132248571,26.1441165714,29.2857142857,186.0,,,,,5755,2021-03-14
1616284800000,202112,268.0,268,268,268,0.95930076,12.074356,0,3,130260320211219684,2023-11-23,Manaus,21.0,1.1693077,2219580.0,23.5714285714,97.5164207143,0,1,1,85.5674792857,69.5392998571,26.3214288571,30.1428571429,186.0,,,,,5755,2021-03-21
1616889600000,202113,257.0,257,257,257,0.6705802,11.578767,0,1,130260320211319684,2023-11-23,Manaus,23.0,1.0400834,2219580.0,23.8571428571,97.5103678571,0,0,1,88.2643148571,73.1321894286,26.1166148571,29.7142857143,176.0,,,,,5755,2021-03-28
1617494400000,202114,229.0,229,229,229,0.11281523,10.317267,0,1,130260320211419684,2023-11-23,Manaus,29.0,0.89577234,2219580.0,24.8571428571,96.7045285714,1,0,1,83.7920812857,64.7341164286,27.4073128571,31.4285714286,157.0,,,,,5755,2021-04-04
1618099200000,202115,241.0,241,241,241,0.3355688,10.85791,0,1,130260320211519684,2023-11-23,Manaus,55.0,0.9624454,2219580.0,24.0,98.3462764286,0,0,1,85.954415,69.1760204286,26.8374058571,30.4285714286,185.0,,,,,5755,2021-04-11
1618704000000,202116,220.0,220,220,220,0.18304819,9.911785,0,1,130260320211619684,2023-11-23,Manaus,23.0,0.9191544,2219580.0,24.0,96.6805121429,0,0,1,88.9480301429,75.4565054286,25.7312924286,28.1428571429,169.0,,,,,5755,2021-04-18
1619308800000,202117,196.0,196,196,196,0.04729353,8.8305,0,1,130260320211719684,2023-11-23,Manaus,36.0,0.8504378,2219580.0,23.5714285714,99.1701442857,0,0,1,86.0264212857,69.5665071429,26.4598862857,29.8571428571,135.0,,,,,5755,2021-04-25
1619913600000,202118,186.0,186,186,186,0.060462203,8.379964,0,1,130260320211819684,2023-11-23,Manaus,20.0,0.85678756,2219580.0,24.1428571429,98.3402885714,1,0,1,86.5334357143,67.4703928571,26.3214285714,29.5714285714,117.0,,,,,5755,2021-05-02
1620518400000,202119,186.0,186,186,186,0.2295691,8.379964,0,1,130260320211919684,2023-11-23,Manaus,42.0,0.92751133,2219580.0,24.1428571429,98.3462764286,1,0,1,86.6558285714,70.3591487143,26.5535717143,30.5714285714,115.0,,,,,5755,2021-05-09
1621123200000,202120,160.0,160,160,160,0.06468939,7.208571,0,2,130260320212019684,2023-11-23,Manaus,31.0,0.8499257,2219580.0,24.8571428571,94.2693142857,1,0,1,85.6050227143,71.8628451429,27.0119045714,30.0,105.0,,,,,5755,2021-05-16
1621728000000,202121,162.0,162,162,162,0.18866828,7.298678,0,2,130260320212119684,2023-11-23,Manaus,62.0,0.90877724,2219580.0,25.2857142857,95.1628042857,1,0,1,83.2400478571,66.6052162857,27.8988097143,31.2857142857,109.0,,,,,5755,2021-05-23
1622332800000,202122,144.0,144,144,144,0.098009214,6.487714,0,2,130260320212219684,2023-11-23,Manaus,50.0,0.86355764,2219580.0,24.2857142857,95.0268535714,1,0,1,83.4821085714,69.384831,27.0596534286,30.8571428571,90.0,,,,,5755,2021-05-30
1622937600000,202123,159.0,159,159,159,0.5299287,7.1635175,0,2,130260320212319684,2023-11-23,Manaus,170.0,1.008464,2219580.0,24.5714285714,95.038765,1,0,1,83.7351414286,71.1910988571,27.1080587143,30.1428571429,108.0,,,,,5755,2021-06-06
1623542400000,202124,143.0,143,143,143,0.29333478,6.4426603,0,1,130260320212419684,2023-11-23,Manaus,18.0,0.9387572,2219580.0,24.0,98.3462764286,0,0,1,87.3887364286,73.8573608571,26.166408,28.8571428571,98.0,,,,,5755,2021-06-13
1624147200000,202125,156.0,156,156,156,0.61729854,7.0283566,0,1,130260320212519684,2023-11-23,Manaus,20.0,1.0346144,2219580.0,24.4285714286,94.3159164286,1,0,1,81.8826157143,65.9623308571,27.271998,31.0,105.0,,,,,5755,2021-06-20
1624752000000,202126,143.0,143,143,143,0.3516456,6.4426603,0,1,130260320212619684,2023-11-23,Manaus,24.0,0.9564924,2219580.0,23.1428571429,92.6234278571,0,0,1,80.67751,67.7434981429,25.7583288571,28.2857142857,105.0,,,,,5755,2021-06-27
1625356800000,202127,146.0,146,146,146,0.440493,6.5778213,0,1,130260320212719684,2023-11-23,Manaus,56.0,0.98272836,2219580.0,23.4285714286,95.8923335714,0,0,1,84.292625,67.4290472857,26.1863354286,29.7142857143,101.0,,,,,5755,2021-07-04
1625961600000,202128,120.0,120,120,120,0.061523434,5.4064283,0,1,130260320212819684,2023-11-23,Manaus,9.0,0.827314,2219580.0,24.0,95.8932271429,0,0,1,83.6386878571,68.0322957143,26.757764,30.1428571429,77.0,,,,,5755,2021-07-11
1626566400000,202129,111.0,111,111,111,0.049208757,5.000946,0,1,130260320212919684,2023-11-23,Manaus,43.0,0.8104869,2219580.0,24.5714285714,94.3926044286,1,0,1,81.6225214286,64.9751652857,27.6943582857,31.0,89.0,,,,,5755,2021-07-18
1627171200000,202130,111.0,111,111,111,0.18929581,5.000946,0,1,130260320213019684,2023-11-23,Manaus,17.0,0.8916809,2219580.0,24.5714285714,89.5359142857,0,0,1,73.680112,57.5546725714,27.9523805714,31.4285714286,73.0,,,,,5755,2021-07-25
1627776000000,202131,103.0,103,103,103,0.22164498,4.6405177,0,1,130260320213119684,2023-11-23,Manaus,12.0,0.90132326,2219580.0,23.5714285714,92.8707002857,0,0,1,77.3252,60.956922,27.2807031429,30.8571428571,72.0,,,,,5755,2021-08-01
1628380800000,202132,70.0,70,70,70,0.0025763826,3.1537497,0,1,130260320213219684,2023-11-23,Manaus,16.0,0.6542727,2219580.0,24.7142857143,90.4759924286,0,0,1,78.7776171429,62.7913482857,27.5930734286,31.1428571429,40.0,,,,,5755,2021-08-08
1628985600000,202133,69.0,69,69,69,0.020123508,3.1086962,0,1,130260320213319684,2023-11-23,Manaus,14.0,0.7251121,2219580.0,25.2857142857,94.4182844286,0,0,1,78.567442,62.2471414286,28.2362837143,32.0,41.0,,,,,5755,2021-08-15
1629590400000,202134,66.0,66,66,66,0.12883541,2.9735355,0,1,130260320213419684,2023-11-23,Manaus,9.0,0.82904637,2219580.0,26.0,83.6868192857,0,0,1,70.7537894286,56.7083525714,29.6314697143,33.8571428571,33.0,,,,,5755,2021-08-22
1630195200000,202135,72.0,72,72,72,0.5538064,3.243857,0,1,130260320213519684,2023-11-23,Manaus,10.0,1.0228664,2219580.0,23.8571428571,97.5926007143,0,0,1,84.319935,63.3371095714,26.8918217143,31.0,47.0,,,,,5755,2021-08-29
1630800000000,202136,62.0,62,62,62,0.29736042,2.7933214,0,1,130260320213619684,2023-11-23,Manaus,13.0,0.91114336,2219580.0,25.4285714286,92.7398614286,0,0,1,76.8029614286,57.838407,28.6589731429,33.0,30.0,,,,,5755,2021-09-05
1631404800000,202137,48.0,48,48,48,0.042267807,2.1625712,0,1,130260320213719684,2023-11-23,Manaus,13.0,0.7235757,2219580.0,24.7142857143,93.46343,0,0,0,75.7712644286,57.965443,28.3519665714,32.2857142857,21.0,,,,,5755,2021-09-12
1632009600000,202138,37.0,37,37,37,0.01004523,1.666982,0,1,130260320213819684,2023-11-23,Manaus,12.0,0.6203131,2219580.0,25.4285714286,93.4754064286,0,0,0,78.5652864286,61.1180145714,28.1845237143,32.4285714286,17.0,,,,,5755,2021-09-19
1632614400000,202139,35.0,35,35,35,0.05969904,1.5768749,0,1,130260320213919684,2023-11-23,Manaus,8.0,0.71162504,2219580.0,24.2857142857,96.7344242857,1,0,0,82.0507318571,66.3979557143,26.7440474286,31.2857142857,14.0,,,,,5755,2021-09-26
1633219200000,202140,31.0,31,31,31,0.13619502,1.3966607,0,1,130260320214019684,2023-11-23,Manaus,9.0,0.77126664,2219580.0,25.1428571429,93.4980364286,0,0,0,79.2265862857,59.8875297143,28.1428574286,32.5714285714,18.0,,,,,5755,2021-10-03
1633824000000,202141,28.0,28,28,28,0.19344908,1.2614999,0,1,130260320214119684,2023-11-23,Manaus,34.0,0.80448645,2219580.0,25.4285714286,90.1361781429,0,0,0,69.5393702857,51.2069244286,30.1420808571,34.8571428571,18.0,,,,,5755,2021-10-10
1634428800000,202142,30.0,30,30,30,0.42613277,1.3516071,0,1,130260320214219684,2023-11-23,Manaus,10.0,0.95389825,2219580.0,24.1428571429,97.5103678571,1,0,0,82.9243657143,67.486435,26.8002071429,30.1428571429,16.0,,,,,5755,2021-10-17
1635033600000,202143,24.0,24,24,24,0.23253389,1.0812856,0,1,130260320214319684,2023-11-23,Manaus,6.0,0.8194885,2219580.0,25.0,92.239465,1,0,0,81.591273,64.1698737143,27.608178,31.2857142857,14.0,,,,,5755,2021-10-24
1635638400000,202144,23.0,23,23,23,0.2558896,1.0362321,0,1,130260320214419684,2023-11-23,Manaus,10.0,0.8325371,2219580.0,25.5714285714,91.9142142857,0,0,0,77.3485165714,60.4362115714,28.3105594286,32.2857142857,8.0,,,,,5755,2021-10-31
1636243200000,202145,14.0,14,14,14,0.03869149,0.63074994,0,1,130260320214519684,2023-11-23,Manaus,7.0,0.5643157,2219580.0,24.7142857143,95.1845572857,1,0,0,85.2067824286,71.203496,26.6770185714,29.5714285714,7.0,,,,,5755,2021-11-07
1636848000000,202146,18.0,18,18,18,0.30858183,0.8109642,0,1,130260320214619684,2023-11-23,Manaus,12.0,0.8534681,2219580.0,24.7142857143,97.5874157143,1,0,0,88.6211571429,72.3322728571,26.6223882857,30.0,10.0,,,,,5755,2021-11-14
1637452800000,202147,32.0,32,32,32,0.9713061,1.4417142,0,2,130260320214719684,2023-11-23,Manaus,16.0,1.7143254,2219580.0,24.2857142857,98.3522,1,0,0,86.0404057143,69.9869547143,26.7807737143,30.5714285714,17.0,,,,,5755,2021-11-21
1638057600000,202148,32.0,32,32,32,0.9289865,1.4417142,0,2,130260320214819684,2023-11-23,Manaus,12.0,1.4959186,2219580.0,25.0,97.56428,1,0,0,87.1026905714,70.9468607143,26.7950311429,30.2857142857,14.0,,,,,5755,2021-11-28
1638662400000,202149,27.0,27,27,27,0.48997852,1.2164464,0,2,130260320214919684,2023-11-23,Manaus,12.0,0.9932493,2219580.0,25.1428571429,95.3408735714,1,0,0,87.2829462857,74.7164507143,26.7965368571,29.5714285714,17.0,,,,,5755,2021-12-05
1639267200000,202150,26.0,26,26,26,0.31870788,1.1713928,0,2,130260320215019684,2023-11-23,Manaus,261.0,0.8818585,2219580.0,24.7142857143,96.9686737143,1,0,0,88.7543808571,74.7345057143,26.5150102857,29.7142857143,22.0,,,,,5755,2021-12-12
1639872000000,202151,17.0,17,17,17,0.054671478,0.7659107,0,2,130260320215119684,2023-11-23,Manaus,5.0,0.6174413,2219580.0,24.8571428571,100.0,1,0,0,91.2433027143,77.3654928571,26.6379397143,29.7142857143,16.0,,,,,5755,2021-12-19
1640476800000,202152,5.0,5,5,5,0.0001423396,0.22526784,0,1,130260320215219684,2023-11-23,Manaus,15.0,0.21587896,2219580.0,23.7142857143,99.1761321429,0,0,0,88.6236151429,73.7116535714,26.0869568571,29.7142857143,5.0,,,,,5755,2021-12-26
1641081600000,202201,52.0,52,52,52,0.9999762,2.3427856,0,1,130260320220119684,2023-11-23,Manaus,81.0,2.7815628,2219580.0,24.4285714286,94.3912194286,1,1,1,80.4601042857,65.0169974286,27.1833161429,30.5714285714,42.0,,,,,2124,2022-01-02
1641686400000,202202,44.0,44,44,44,0.99613804,1.982357,0,1,130260320220219684,2023-11-23,Manaus,122.0,1.9474155,2219580.0,24.0,99.1761321429,0,0,0,86.22724,67.8793492857,26.5515011429,30.5714285714,25.0,,,,,2124,2022-01-09
1642291200000,202203,39.0,39,39,39,0.647578,1.7570891,0,1,130260320220319684,2023-11-23,Manaus,27.0,1.0910938,2219580.0,24.1428571429,97.5874157143,1,0,0,87.0104964286,69.575616,26.577731,30.5714285714,21.0,,,,,2124,2022-01-16
1642896000000,202204,50.0,50,50,50,0.77952516,2.2526784,0,1,130260320220419684,2023-11-23,Manaus,16.0,1.1731262,2219580.0,24.2857142857,99.1761321429,1,0,0,91.4380035714,75.8590714286,25.6777951429,28.8571428571,34.0,,,,,2124,2022-01-23
1643500800000,202205,47.0,47,47,47,0.6371991,2.1175177,0,1,130260320220519684,2023-11-23,Manaus,17.0,1.0761656,2219580.0,23.5714285714,99.1640914286,0,0,0,87.0957542857,72.2906822857,26.1978021429,29.7142857143,28.0,,,,,2124,2022-01-30
1644105600000,202206,55.0,55,55,55,0.806504,2.4779463,0,1,130260320220619684,2023-11-23,Manaus,19.0,1.1870626,2219580.0,24.4285714286,97.5702678571,1,0,1,86.9004728571,69.0793867143,26.6071428571,29.8571428571,34.0,,,,,2124,2022-02-06
1644710400000,202207,64.0,64,64,64,0.90753233,2.8834283,0,1,130260320220719684,2023-11-23,Manaus,65.0,1.2820449,2219580.0,23.4285714286,100.0,0,0,1,91.4294564286,78.664286,25.1190474286,27.7142857143,49.0,,,,,2124,2022-02-13
1645315200000,202208,48.0,48,48,48,0.26671356,2.1625712,0,1,130260320220819684,2023-11-23,Manaus,11.0,0.8844584,2219580.0,24.1428571429,98.3941357143,1,0,0,87.6884582857,71.0856422857,26.4619565714,30.1428571429,36.0,,,,,2124,2022-02-20
1645920000000,202209,64.0,64,64,64,0.7483501,2.8834283,0,1,130260320220919684,2023-11-23,Manaus,7.0,1.1292424,2219580.0,24.1428571429,100.0,1,0,1,89.2657822857,72.5750411429,26.089286,29.7142857143,43.0,,,,,2124,2022-02-27
1646524800000,202210,58.0,58,58,58,0.5582747,2.613107,0,1,130260320221019684,2023-11-23,Manaus,7.0,1.0276854,2219580.0,23.5714285714,99.1640914286,0,0,1,88.5812394286,70.5182997143,25.9345237143,29.8571428571,45.0,,,,,2124,2022-03-06
1647129600000,202211,62.0,62,62,62,0.6348241,2.7933214,0,1,130260320221119684,2023-11-23,Manaus,16.0,1.0646669,2219580.0,24.1428571429,99.1640914286,1,0,1,89.6274628571,68.6679517143,25.7984692857,29.0,44.0,,,,,2124,2022-03-13
1647734400000,202212,70.0,70,70,70,0.8034192,3.1537497,0,1,130260320221219684,2023-11-23,Manaus,11.0,1.1610748,2219580.0,23.7142857143,99.1640914286,0,0,1,88.0769048571,71.5310707143,26.1462581429,29.8571428571,54.0,,,,,2124,2022-03-20
1648339200000,202213,105.0,105,105,105,0.9989838,4.7306247,0,1,130260320221319684,2023-11-23,Manaus,22.0,1.6140803,2219580.0,23.7142857143,100.0,0,1,1,91.9888742857,79.7929488571,25.5760424286,28.1428571429,73.0,,,,,2124,2022-03-27
1648944000000,202214,61.0,61,61,61,0.11326248,2.7482677,0,1,130260320221419684,2023-11-23,Manaus,32.0,0.8127898,2219580.0,24.1428571429,99.1761321429,1,0,1,90.9416914286,74.2577365714,25.7964287143,29.1428571429,48.0,,,,,2124,2022-04-03
1649548800000,202215,51.0,51,51,51,0.0054032165,2.297732,0,1,130260320221519684,2023-11-23,Manaus,8.0,0.63786864,2219580.0,23.8571428571,99.1701442857,0,0,0,91.0670121429,77.4023834286,25.7535717143,28.8571428571,36.0,,,,,2124,2022-04-10
1650153600000,202216,57.0,57,57,57,0.13733602,2.5680535,0,1,130260320221619684,2023-11-23,Manaus,18.0,0.8234329,2219580.0,24.0,100.0,0,0,1,90.9970317143,75.091391,25.9068322857,28.5714285714,33.0,,,,,2124,2022-04-17
1650758400000,202217,57.0,57,57,57,0.4640595,2.5680535,0,1,130260320221719684,2023-11-23,Manaus,12.0,0.9833732,2219580.0,24.7142857143,97.5163557143,1,0,1,85.7508227143,68.568898,27.116342,30.7142857143,33.0,,,,,2124,2022-04-24
1651363200000,202218,68.0,68,68,68,0.8537353,3.0636427,0,1,130260320221819684,2023-11-23,Manaus,32.0,1.2075539,2219580.0,23.8571428571,100.0,0,0,1,89.1689594286,75.5006431429,26.2602814286,29.0,41.0,,,,,2124,2022-05-01
1651968000000,202219,66.0,66,66,66,0.7170969,2.9735355,0,1,130260320221919684,2023-11-23,Manaus,21.0,1.107615,2219580.0,24.5714285714,97.5224085714,1,0,1,83.883078,68.3445772857,27.2220497143,30.7142857143,29.0,,,,,2124,2022-05-08
1652572800000,202220,62.0,62,62,62,0.4448154,2.7933214,0,1,130260320222019684,2023-11-23,Manaus,11.0,0.9756137,2219580.0,24.4285714286,96.6939942857,1,0,1,84.8582585714,70.3885132857,25.8690477143,28.4285714286,26.0,,,,,2124,2022-05-15
1653177600000,202221,55.0,55,55,55,0.20142101,2.4779463,0,2,130260320222119684,2023-11-23,Manaus,22.0,0.8581293,2219580.0,25.1428571429,89.568273,1,0,1,78.0625075714,63.0893337143,27.8214285714,31.2857142857,32.0,,,,,2124,2022-05-22
1653782400000,202222,66.0,66,66,66,0.65510935,2.9735355,0,1,130260320222219684,2023-11-23,Manaus,58.0,1.0730313,2219580.0,23.8571428571,98.3522642857,0,0,1,88.4168301429,75.2618245714,26.0051021429,28.7142857143,38.0,,,,,2124,2022-05-29
1654387200000,202223,43.0,43,43,43,0.05435287,1.9373034,0,1,130260320222319684,2023-11-23,Manaus,17.0,0.72747976,2219580.0,23.2857142857,98.3342357143,0,0,0,90.146433,78.2337822857,25.105442,27.5714285714,27.0,,,,,2124,2022-06-05
1654992000000,202224,36.0,36,36,36,0.019281939,1.6219285,0,1,130260320222419684,2023-11-23,Manaus,7.0,0.6470616,2219580.0,23.4285714286,97.4983271429,0,0,0,83.8259294286,67.96913,25.9345237143,29.1428571429,15.0,,,,,2124,2022-06-12
1655596800000,202225,35.0,35,35,35,0.091404036,1.5768749,0,1,130260320222519684,2023-11-23,Manaus,15.0,0.74502283,2219580.0,24.4285714286,95.0806357143,1,0,0,83.8014457143,70.0544242857,26.7321431429,29.7142857143,19.0,,,,,2124,2022-06-19
1656201600000,202226,28.0,28,28,28,0.09583112,1.2614999,0,1,130260320222619684,2023-11-23,Manaus,14.0,0.7260858,2219580.0,24.5714285714,93.6862974286,1,0,0,79.9368308571,63.1623112857,27.3000698571,30.7142857143,13.0,,,,,2124,2022-06-26
1656806400000,202227,31.0,31,31,31,0.36567518,1.3966607,0,1,130260320222719684,2023-11-23,Manaus,46.0,0.91867113,2219580.0,24.5714285714,93.4748364286,0,0,0,81.5964294286,61.1255914286,26.9880951429,30.1428571429,10.0,,,,,2124,2022-07-03
1657411200000,202228,25.0,25,25,25,0.22313987,1.1263392,0,1,130260320222819684,2023-11-23,Manaus,21.0,0.8161031,2219580.0,25.4285714286,88.1406507143,0,0,0,75.6668978571,62.2355061429,27.9149158571,31.0,14.0,,,,,2124,2022-07-10
1658016000000,202229,31.0,31,31,31,0.6066318,1.3966607,0,1,130260320222919684,2023-11-23,Manaus,10.0,1.0719054,2219580.0,25.4285714286,91.1632714286,1,0,0,79.1602314286,65.1964872857,27.5730161429,30.7142857143,16.0,,,,,2124,2022-07-17
1658620800000,202230,24.0,24,24,24,0.29053524,1.0812856,0,1,130260320223019684,2023-11-23,Manaus,5.0,0.858883,2219580.0,26.0,88.4089952857,0,0,0,72.5995992857,58.588755,28.5542717143,32.1428571429,10.0,,,,,2124,2022-07-24
1659225600000,202231,25.0,25,25,25,0.37031966,1.1263392,0,1,130260320223119684,2023-11-23,Manaus,13.0,0.9132053,2219580.0,25.2857142857,87.4440068571,1,0,0,76.7637434286,64.5772465714,27.6283445714,30.7142857143,13.0,,,,,2124,2022-07-31
1659830400000,202232,26.0,26,26,26,0.4989015,1.1713928,0,1,130260320223219684,2023-11-23,Manaus,9.0,0.99924284,2219580.0,24.2857142857,91.1952144286,0,0,0,71.8103502857,52.1762187143,28.7678571429,33.2857142857,9.0,,,,,2124,2022-08-07
1660435200000,202233,30.0,30,30,30,0.72962964,1.3516071,0,1,130260320223319684,2023-11-23,Manaus,5.0,1.1773696,2219580.0,25.2857142857,88.8678631429,0,0,0,74.4104761429,61.6705824286,27.8321425714,31.0,13.0,,,,,2124,2022-08-14
1661040000000,202234,16.0,16,16,16,0.0589419,0.7208571,0,1,130260320223419684,2023-11-23,Manaus,4.0,0.6158274,2219580.0,25.1428571429,85.8562225714,0,0,0,73.0819011429,57.008552,27.8432538571,31.0,6.0,,,,,2124,2022-08-21
1661644800000,202235,18.0,18,18,18,0.15432906,0.8109642,0,1,130260320223519684,2023-11-23,Manaus,0.0,0.7328035,2219580.0,25.1428571429,91.9997765714,0,0,0,77.4434021429,58.8518684286,27.7532462857,31.8571428571,7.0,,,,,2124,2022-08-28
1662249600000,202236,27.0,27,27,27,0.8102837,1.2164464,0,1,130260320223619684,2023-11-23,Manaus,1.0,1.2873544,2219580.0,25.2857142857,87.2949874286,0,0,0,71.7010582857,53.2435658571,28.7321428571,34.2857142857,7.0,,,,,2124,2022-09-04
1662854400000,202237,23.0,23,23,23,0.6452181,1.0362321,0,1,130260320223719684,2023-11-23,Manaus,0.0,1.1183598,2219580.0,25.4285714286,91.9358708571,0,0,0,74.0663842857,56.083365,28.5833334286,32.2857142857,9.0,,,,,2124,2022-09-11
1663459200000,202238,27.0,27,27,27,0.70830303,1.2164464,0,1,130260320223819684,2023-11-23,Manaus,0.0,1.1662903,2219580.0,24.8571428571,89.9863528571,0,0,0,77.6466791429,60.2460057143,27.9557357143,32.0,6.0,,,,,2124,2022-09-18
1664064000000,202239,26.0,26,26,26,0.5734435,1.1713928,0,1,130260320223919684,2023-11-23,Manaus,0.0,1.0529445,2219580.0,25.7142857143,86.0577088571,0,0,0,68.619138,49.9990321429,29.4107142857,33.7142857143,10.0,,,,,2124,2022-09-25
1664668800000,202240,31.0,31,31,31,0.7548253,1.3966607,0,1,130260320224019684,2023-11-23,Manaus,0.0,1.1996235,2219580.0,24.5714285714,89.6469804286,0,0,0,71.5534635714,54.9726597143,28.5465368571,33.0,10.0,,,,,2124,2022-10-02
1665273600000,202241,17.0,17,17,17,0.068597004,0.7659107,0,1,130260320224119684,2023-11-23,Manaus,0.0,0.6369777,2219580.0,24.8571428571,89.8477015714,0,0,0,73.254374,55.3963177143,28.1845237143,32.4285714286,7.0,,,,,2124,2022-10-09
1665878400000,202242,23.0,23,23,23,0.35456112,1.0362321,0,1,130260320224219684,2023-11-23,Manaus,0.0,0.8992429,2219580.0,24.4285714286,95.8625678571,1,0,0,82.0097892857,63.6118604286,27.1726788571,31.5714285714,12.0,,,,,2124,2022-10-16
1666483200000,202243,35.0,35,35,35,0.939903,1.5768749,0,1,130260320224319684,2023-11-23,Manaus,0.0,1.5044274,2219580.0,25.5714285714,93.5428094286,0,0,0,78.7137662857,60.0411442857,28.1638888571,32.0,12.0,,,,,2124,2022-10-23
1667088000000,202244,40.0,40,40,40,0.96257246,1.8021427,0,1,130260320224419684,2023-11-23,Manaus,0.0,1.5557916,2219580.0,24.5714285714,88.9337975714,0,0,0,76.0523874286,60.2826888571,27.4041352857,30.7142857143,17.0,,,,,2124,2022-10-30
1667692800000,202245,43.0,43,43,43,0.8861384,1.9373034,0,1,130260320224519684,2023-11-23,Manaus,0.0,1.3195243,2219580.0,25.7142857143,89.0187068571,0,0,0,74.4642744286,58.399859,28.3744588571,32.0,25.0,,,,,2124,2022-11-06
1668297600000,202246,22.0,22,22,22,0.02183208,0.9911785,0,1,130260320224619684,2023-11-23,Manaus,0.0,0.5891721,2219580.0,25.1428571429,92.771973,1,0,0,81.0127108571,65.6137118571,27.8928568571,31.4285714286,13.0,,,,,2124,2022-11-13
1668902400000,202247,24.0,24,24,24,0.06682242,1.0812856,0,1,130260320224719684,2023-11-23,Manaus,0.0,0.6770782,2219580.0,24.7142857143,92.9551017143,1,0,0,79.2098548571,63.337076,27.0773805714,30.0,7.0,,,,,2124,2022-11-20
1669507200000,202248,21.0,21,21,21,0.14247707,0.946125,0,2,130260320224819684,2023-11-23,Manaus,0.0,0.7383853,2219580.0,24.7142857143,94.3487137143,1,0,0,81.0510611429,65.2470372857,26.9714285714,30.4285714286,9.0,,,,,2124,2022-11-27
1670112000000,202249,15.0,15,15,15,0.09871205,0.67580354,0,1,130260320224919708,2023-12-17,Manaus,0.0,0.6576425,2219580.0,24.8571428571,95.0745828571,0,0,0,79.1393451429,57.0579521429,27.767316,32.0,10.0,,,,,2124,2022-12-04
1670716800000,202250,12.0,12,12,12,0.09886447,0.5406428,0,1,130260320225019718,2023-12-27,Manaus,0.0,0.62997323,2219580.0,24.5,98.0776416667,1,0,0,83.5523408333,65.2358966667,27.0625,30.5,2.0,,,,,2124,2022-12-11
1671321600000,202251,45.0,45,45,45,0.9998381,2.0274105,0,1,130260320225119718,2023-12-27,Manaus,0.0,2.599065,2219580.0,23.5,97.095505,0,0,0,88.160605,73.6304735,25.5801285,28.5,20.0,,,,,2124,2022-12-18
1671926400000,202252,24.0,24,24,24,0.6322548,1.0812856,0,1,130260320225219733,2024-01-11,Manaus,0.0,1.1041318,2219580.0,25.0,87.0555386667,1,0,0,77.977385,70.796831,26.6351006667,28.3333333333,9.0,,,,,2124,2022-12-25
1672531200000,202301,42.0,42,42,42,0.9260466,1.89225,0,1,130260320230119740,2024-01-18,Manaus,0.0,1.4076413,2219580.0,23.8571428571,95.90974,0,0,0,85.8633342857,68.6823111429,25.7261902857,29.4285714286,19.0,,,,,3497,2023-01-01
1673136000000,202302,36.0,36,36,36,0.61721116,1.6219285,0,1,130260320230219747,2024-01-25,Manaus,0.0,1.0736997,2219580.0,24.4285714286,91.9764594286,1,0,0,84.1635737143,70.9490498571,26.2142857143,29.5714285714,11.0,,,,,3497,2023-01-08
1673740800000,202303,27.0,27,27,27,0.13613868,1.2164464,0,1,130260320230319747,2024-01-25,Manaus,0.0,0.75810045,2219580.0,24.5714285714,88.1640128571,1,0,0,87.7676357143,87.3712571429,24.5714285714,24.5714285714,11.0,,,,,3497,2023-01-15
1674345600000,202304,29.0,29,29,29,0.24871457,1.3065535,0,2,130260320230419752,2024-01-30,Manaus,0.0,0.8439444,2219580.0,24.8571428571,91.9787508571,1,0,0,91.9787508571,91.9787508571,24.8571428571,24.8571428571,9.0,,,,,3497,2023-01-22
1674950400000,202305,32.0,32,32,32,0.5675959,1.4417142,0,2,130260320230519759,2024-02-06,Manaus,0.0,1.0436621,2219580.0,25.0,87.8809012857,1,0,0,85.146182,79.1124161429,25.7619048571,26.8571428571,12.0,,,,,3497,2023-01-29
1675555200000,202306,40.0,40,40,40,0.8821896,1.9467268,0,2,130260320230619768,2024-02-15,Manaus,0.0,1.3270185,2054731.0,25.1428571429,88.9633714286,1,0,0,88.9633714286,88.9633714286,25.1428571429,25.1428571429,14.0,,,,,3497,2023-02-05
1676160000000,202307,40.0,40,40,40,0.78651696,1.9467268,0,2,130260320230719773,2024-02-20,Manaus,0.0,1.2031933,2054731.0,24.95,92.812789,1,0,0,91.2139852,89.6151832,25.15,25.35,22.0,,,,,3497,2023-02-12
1676764800000,202308,27.0,27,27,27,0.10861329,1.3140407,0,1,130260320230819780,2024-02-27,Manaus,0.0,0.73430246,2054731.0,23.8571428571,94.2752571429,0,0,0,85.1181945714,71.1218324286,25.7142857143,28.7142857143,10.0,,,,,3497,2023-02-19
1677369600000,202309,66.0,66,66,66,0.997557,3.2120993,0,1,130260320230919786,2024-03-04,Manaus,0.0,1.7531265,2054731.0,25.5714285714,88.3714137143,1,1,1,87.5946294286,86.817846,25.6428571429,25.7142857143,23.0,,,,,3497,2023-02-26
1677974400000,202310,79.0,79,79,79,0.99950933,3.8447855,0,1,130260320231019794,2024-03-12,Manaus,0.0,1.8374044,2054731.0,25.1428571429,88.8705942857,1,1,1,87.8665648571,86.7258308571,25.3428571429,25.5714285714,29.0,,,,,3497,2023-03-05
1678579200000,202311,85.0,85,85,85,0.98564005,4.1367946,0,3,130260320231119800,2024-03-18,Manaus,0.0,1.4428865,2054731.0,25.28,89.86233856,1,1,1,87.4322968,85.47189888,25.564,25.8,34.0,,,,,3497,2023-03-12
1679184000000,202312,75.0,75,75,75,0.54113454,3.6501129,0,2,130260320231219808,2024-03-26,Manaus,0.0,1.017035,2054731.0,24.2857142857,93.3974778571,1,0,1,84.2256172857,70.8805174286,26.309524,29.2857142857,32.0,,,,,3497,2023-03-19
1679788800000,202313,66.0,66,66,66,0.14973558,3.2120993,0,2,130260320231319814,2024-04-01,Manaus,0.0,0.8415634,2054731.0,24.5185185185,90.0598661481,1,0,1,83.2455992593,72.1355619259,26.1790124444,28.4814814815,32.0,,,,,3497,2023-03-26
1680393600000,202314,66.0,66,66,66,0.23383729,3.2120993,0,1,130260320231419821,2024-04-08,Manaus,0.0,0.88492036,2054731.0,24.1428571429,93.39149,0,0,1,83.1781722857,61.9453564286,26.184524,29.5714285714,22.0,,,,,3497,2023-04-02
1680998400000,202315,55.0,55,55,55,0.11340001,2.6767495,0,1,130260320231519827,2024-04-14,Manaus,0.0,0.804496,2054731.0,24.5714285714,93.4322135714,1,0,1,81.5009157143,63.8084491429,27.2733331429,31.0,20.0,,,,,3497,2023-04-09
1681603200000,202316,71.0,71,71,71,0.7307961,3.45544,0,1,130260320231619834,2024-04-21,Manaus,0.0,1.1114814,2054731.0,23.7142857143,95.0753471429,0,0,1,85.3481708571,72.5958698571,26.4345237143,29.4285714286,31.0,,,,,3497,2023-04-16
1682208000000,202317,76.0,76,76,76,0.8638187,3.698781,0,1,130260320231719841,2024-04-28,Manaus,0.0,1.2043914,2054731.0,24.7142857143,92.0433215714,1,0,1,80.5488435714,63.4305237143,27.2023808571,30.5714285714,36.0,,,,,3497,2023-04-23
1682812800000,202318,73.0,73,73,73,0.66892827,3.5527766,0,1,130260320231819848,2024-05-05,Manaus,0.0,1.0762124,2054731.0,26.1538461538,85.1684047692,1,0,1,82.8976355385,80.7567975385,26.4914530769,26.8461538462,22.0,,,,,3497,2023-04-30
1683417600000,202319,77.0,77,77,77,0.64112353,3.7474492,0,2,130260320231919855,2024-05-12,Manaus,0.0,1.0607281,2054731.0,25.9615384615,88.7596424231,1,0,1,84.7767274615,79.2470876923,26.7142856923,27.6153846154,29.0,,,,,3497,2023-05-07
1684022400000,202320,89.0,89,89,89,0.86297137,4.331467,0,2,130260320232019862,2024-05-19,Manaus,0.0,1.1861045,2054731.0,26.2857142857,91.1931858571,1,0,1,83.742766,74.7045652857,27.470238,29.2857142857,26.0,,,,,3497,2023-05-14
1684627200000,202321,69.0,69,69,69,0.22658007,3.3581038,0,2,130260320232119869,2024-05-26,Manaus,0.0,0.8838378,2054731.0,25.8888888889,92.8356574074,1,0,1,84.9895903704,74.9870864444,27.5123455556,30.0740740741,18.0,,,,,3497,2023-05-21
1685232000000,202322,53.0,53,53,53,0.0140213175,2.5794132,0,2,130260320232219876,2024-06-02,Manaus,0.0,0.6796366,2054731.0,26.8888888889,84.4280278519,1,0,1,82.2673571111,78.9338005185,27.1851851852,27.5925925926,17.0,,,,,3497,2023-05-28
1685836800000,202323,63.0,63,63,63,0.277489,3.0660949,0,2,130260320232319884,2024-06-10,Manaus,,0.90284526,2054731.0,24.5675571429,93.6242428571,1,0,1,84.6348142857,72.5469,27.0778714286,29.9832142857,35.0,,,,,3497,2023-06-04
1686441600000,202324,52.0,52,52,52,0.19638973,2.5307448,0,1,130260320232419884,2024-06-10,Manaus,,0.8517896,2054731.0,23.4083571429,91.7431142857,0,0,1,84.3829142857,73.1166,25.4844285714,28.4211857143,24.0,,,,,3497,2023-06-11
1687046400000,202325,56.0,56,56,56,0.43665376,2.7254176,0,2,130260320232519897,2024-06-23,Manaus,0.0,0.97063804,2054731.0,25.8571428571,85.9449237143,1,0,1,84.1176985714,82.3250255714,26.3015871429,26.7142857143,24.0,,,,,3497,2023-06-18
1687651200000,202326,55.0,55,55,55,0.47381806,2.6767495,0,2,130260320232619904,2024-06-30,Manaus,0.0,0.987639,2054731.0,26.8571428571,80.3096291429,1,0,1,78.3850374286,76.3325131429,27.1111112857,27.2857142857,19.0,,,,,3497,2023-06-25
1688256000000,202327,74.0,74,74,74,0.94502467,3.6014447,0,2,130260320232719912,2024-07-08,Manaus,0.0,1.3244405,2054731.0,26.4074074074,84.3356871111,1,0,1,81.653971037,79.4673422222,26.9176955556,27.4444444444,23.0,,,,,3497,2023-07-02
1688860800000,202328,72.0,72,72,72,0.84467286,3.5041084,0,1,130260320232819919,2024-07-15,Manaus,,1.1924616,2054731.0,24.6846,90.5020285714,0,0,1,77.5934714286,60.9656571429,28.0068857143,31.8236285714,26.0,,,,,3497,2023-07-09
1689465600000,202329,78.0,78,78,78,0.8034195,3.7961173,0,1,130260320232919928,2024-07-24,Manaus,,1.1517035,2054731.0,25.0245428571,88.1292571429,0,0,1,73.2040428571,54.0495285714,28.5238,32.6002714286,24.0,,,,,3497,2023-07-16
1690070400000,202330,85.0,85,85,85,0.8241676,4.1367946,0,1,130260320233019933,2024-07-29,Manaus,,1.1593434,2054731.0,24.7875714286,83.3785571429,0,0,1,66.6030285714,46.3002142857,28.9463285714,33.6065285714,26.0,,,,,3497,2023-07-23
1690675200000,202331,77.0,77,77,77,0.4835645,3.7474492,0,1,130260320233119940,2024-08-05,Manaus,,0.99340916,2054731.0,24.9787142857,90.3643285714,0,0,1,78.2476714286,61.9385,27.9313285714,31.8742142857,19.0,,,,,3497,2023-07-30
1691280000000,202332,69.0,69,69,69,0.19666575,3.3581038,0,1,130260320233219948,2024-08-13,Manaus,,0.8694153,2054731.0,25.5919142857,86.2343,0,0,1,72.3883285714,53.6540714286,29.0290142857,33.4183,13.0,,,,,3497,2023-08-06
1691884800000,202333,74.0,74,74,74,0.41847596,3.6014447,0,1,130260320233319955,2024-08-20,Manaus,,0.96709585,2054731.0,25.3674,87.9556571429,0,0,1,75.2909571429,59.7272285714,28.5932428571,32.4488857143,16.0,,,,,3497,2023-08-13
1692489600000,202334,57.0,57,57,57,0.091149494,2.7740858,0,1,130260320233419962,2024-08-27,Manaus,,0.790714,2054731.0,25.9871,79.5689571429,0,0,1,62.6697428571,41.7068285714,30.2944285714,35.3015142857,17.0,,,,,3497,2023-08-20
1693094400000,202335,71.0,71,71,71,0.5878086,3.45544,0,1,130260320233519969,2024-09-03,Manaus,,1.0381945,2054731.0,25.7664142857,84.2590857143,0,0,1,65.4075571429,44.1001714286,30.099,35.2543,32.0,,,,,3497,2023-08-27
1693699200000,202336,71.0,71,71,71,0.6741914,3.45544,0,1,130260320233619978,2024-09-12,Manaus,,1.0800624,2054731.0,25.7629285714,77.7264857143,0,0,1,60.5093142857,40.6132,30.3043142857,35.3799285714,34.0,,,,,3497,2023-09-03
1694304000000,202337,73.0,73,73,73,0.6776461,3.5527766,0,1,130260320233719983,2024-09-17,Manaus,,1.0806801,2054731.0,25.6408285714,83.7023285714,0,0,1,68.5189428571,50.6858857143,29.4640142857,34.0422571429,33.0,,,,,3497,2023-09-10
1694908800000,202338,66.0,66,66,66,0.36072618,3.2120993,0,1,130260320233819989,2024-09-23,Manaus,,0.94088286,2054731.0,24.9056857143,88.0569714286,0,0,1,73.7420714286,53.5230142857,28.3314571429,33.0173857143,25.0,,,,,3497,2023-09-17
1695513600000,202339,53.0,53,53,53,0.07007077,2.5794132,0,1,130260320233919997,2024-10-01,Manaus,,0.765561,2054731.0,26.4107857143,86.7025,0,0,1,69.135,48.5496142857,30.2847571429,35.193,9.0,,,,,3497,2023-09-24
1696118400000,202340,58.0,58,58,58,0.2895993,2.822754,0,1,130260320234020004,2024-10-08,Manaus,,0.90475523,2054731.0,26.6267857143,78.3923714286,0,0,1,61.5284285714,40.2155142857,31.1587285714,36.6489285714,12.0,,,,,3497,2023-10-01
1696723200000,202341,24.0,24,24,24,0.000101825,1.1680361,0,1,130260320234120011,2024-10-15,Manaus,,0.42320815,2054731.0,26.785,78.9002142857,0,0,0,60.8034142857,41.2657142857,31.1916428571,35.8559,4.0,,,,,3497,2023-10-08
1697328000000,202342,21.0,21,21,21,0.000701355,1.0220315,0,1,130260320234220018,2024-10-22,Manaus,,0.4487108,2054731.0,24.6901714286,90.191,0,0,0,77.8589571429,60.0790428571,27.6731571429,32.2054428571,6.0,,,,,3497,2023-10-15
1697932800000,202343,19.0,19,19,19,0.025294814,0.92469525,0,1,130260320234320026,2024-10-30,Manaus,,0.5778584,2054731.0,25.5757,89.7599285714,0,0,0,73.8075571429,55.1297142857,29.0195,33.2469142857,6.0,,,,,3497,2023-10-22
1698537600000,202344,13.0,13,13,13,0.046755012,0.6326862,0,1,130260320234420032,2024-11-05,Manaus,,0.56868595,2054731.0,26.3597285714,85.4446428571,0,0,0,66.511,46.2987714286,30.3898428571,34.9769714286,2.0,,,,,3497,2023-10-29
1699142400000,202345,15.0,15,15,15,0.28808865,0.73002255,0,1,130260320234520038,2024-11-11,Manaus,,0.82522804,2054731.0,25.1509285714,90.5189428571,0,0,0,76.7559571429,58.6633142857,28.4591714286,32.8946142857,4.0,,,,,3497,2023-11-05
1699747200000,202346,18.0,18,18,18,0.66034675,0.8760271,0,1,130260320234620046,2024-11-19,Manaus,,1.1514026,2054731.0,26.6670571429,85.2841,0,0,0,66.9779142857,47.3131714286,30.6195714286,35.0826714286,10.0,,,,,3497,2023-11-12
1700352000000,202347,16.0,16,16,16,0.5380451,0.77869076,0,1,130260320234720055,2024-11-28,Manaus,,1.0341744,2054731.0,25.9522,89.4219571429,0,0,0,76.8613428571,57.3347,28.7434142857,32.6771571429,4.0,,,,,3497,2023-11-19
1700956800000,202348,65.0,65,65,65,0.9999999,3.1634312,0,1,130260320234820059,2024-12-02,Manaus,,3.4245853,2054731.0,24.7410571429,91.6578571429,1,1,1,80.0553571429,63.6156285714,27.5770428571,30.9302571429,16.0,,,,,3497,2023-11-26
1701561600000,202349,94.0,94,94,94,1.0,4.574808,0,1,130260320234920066,2024-12-09,Manaus,,2.900174,2054731.0,24.6251142857,93.5857,1,1,1,83.7905428571,69.8441428571,26.8783571429,29.5208571429,50.0,,,,,3497,2023-12-03
1702166400000,202350,110.0,110,110,110,0.999955,5.353499,0,3,130260320235020073,2024-12-16,Manaus,,1.8478973,2054731.0,25.4954142857,94.0673,1,1,1,83.8811714286,69.3531142857,27.6672571429,30.4478428571,93.0,,,,,3497,2023-12-10
1702771200000,202351,246.0,246,246,246,1.0,11.97237,0,3,130260320235120080,2024-12-23,Manaus,,2.6149938,2054731.0,25.2140571429,95.4061285714,1,1,2,86.6223428571,71.9933714286,27.1476142857,30.1762857143,175.0,,,,,3497,2023-12-17
1703376000000,202352,379.0,379,379,379,1.0,18.445236,0,4,130260320235220087,2024-12-30,Manaus,,2.5233185,2054731.0,25.0449142857,94.7798428571,1,1,2,86.3415142857,73.6435428571,26.9603428571,29.6769571429,164.0,,,,,3497,2023-12-24
1703980800000,202401,1145.0,1145,1145,1145,1.0,55.725056,0,4,130260320240120095,2025-01-07,Manaus,,4.036686,2054731.0,24.9718857143,93.2879,1,1,2,82.0341428571,64.9113285714,27.2685,30.4153,369.0,,,,,10782,2023-12-31
1704585600000,202402,1063.0,1063,1063,1063,1.0,51.734264,0,4,130260320240220102,2025-01-14,Manaus,,1.9273407,2054731.0,24.7222857143,92.7512,1,1,2,83.4977571429,70.5714714286,26.8582,29.5970857143,295.0,,,,,10782,2024-01-07
1705190400000,202403,1280.0,1280,1280,1280,1.0,62.295258,0,4,130260320240320108,2025-01-20,Manaus,,1.4404664,2054731.0,24.8536714286,90.8523571429,1,1,2,81.7844285714,69.3663571429,27.1666142857,30.0315285714,352.0,,,,,10782,2024-01-14
1705795200000,202404,754.0,754,754,754,0.0,36.6958,0,4,130260320240420116,2025-01-28,Manaus,,0.7026166,2054731.0,25.2913142857,91.7675428571,1,0,2,82.0449428571,69.1621571429,27.3455857143,30.0904571429,169.0,,,,,10782,2024-01-21
1706400000000,202405,689.0,689,689,689,0.0,33.53237,0,4,130260320240520122,2025-02-03,Manaus,,0.6555417,2054731.0,25.0739285714,91.5875142857,1,0,2,81.4655571429,65.1981285714,27.5792571429,31.1342285714,159.0,,,,,10782,2024-01-28
1707004800000,202406,513.0,513,513,513,0.0,24.966772,0,4,130260320240620130,2025-02-11,Manaus,,0.591383,2054731.0,25.7603857143,91.8510428571,1,0,2,81.1911285714,65.8081428571,28.2617,31.4910714286,152.0,,,,,10782,2024-02-04
1707609600000,202407,471.0,471,471,471,3e-10,22.922709,0,4,130260320240720137,2025-02-18,Manaus,,0.69178116,2054731.0,25.2122,92.8759857143,1,0,2,84.2904714286,71.1571142857,27.0943142857,29.6638571429,121.0,,,,,10782,2024-02-11
1708214400000,202408,479.0,479,479,479,0.0071954597,23.312054,0,4,130260320240820145,2025-02-26,Manaus,,0.85883695,2054731.0,25.3566285714,82.7802,0,0,2,70.0786428571,51.5989571429,28.7676571429,32.8904714286,124.0,,,,,10782,2024-02-18
1708819200000,202409,407.0,407,407,407,0.0025988128,19.807945,0,4,130260320240920153,2025-03-06,Manaus,,0.8295535,2054731.0,24.8161428571,94.323,1,0,2,85.9734857143,72.7615428571,26.7311142857,29.6849571429,137.0,,,,,10782,2024-02-25
1709424000000,202410,327.0,327,327,327,3.5204e-06,15.914492,0,4,130260320241020157,2025-03-10,Manaus,,0.72336745,2054731.0,24.8881142857,92.7269571429,1,0,2,84.4297,71.9658714286,27.0299428571,29.8742285714,89.0,,,,,10782,2024-03-03
1710028800000,202411,284.0,284,284,284,3.9577e-06,13.82176,0,4,130260320241120165,2025-03-18,Manaus,,0.70906407,2054731.0,25.2311428571,93.8847285714,1,0,2,86.3267,73.8153714286,27.2621857143,30.2500571429,83.0,,,,,10782,2024-03-10
1710633600000,202412,228.0,228,228,228,1.7313e-06,11.096343,0,4,130260320241220171,2025-03-24,Manaus,,0.67458695,2054731.0,24.7238857143,95.8589571429,1,0,2,88.8631571429,76.3344285714,26.4245857143,29.0944,63.0,,,,,10782,2024-03-17
1711238400000,202413,248.0,248,248,248,0.05363513,12.069707,0,4,130260320241320178,2025-03-31,Manaus,,0.86973566,2054731.0,24.4243714286,94.2076857143,1,0,2,85.3417285714,69.5417,26.7608142857,30.2177857143,56.0,,,,,10782,2024-03-24
1711843200000,202414,289.0,289,289,289,0.9288882,14.065102,0,4,130260320241420188,2025-04-10,Manaus,,1.1341594,2054731.0,24.7756714286,95.5534428571,1,0,2,86.8417285714,70.8922714286,26.9225142857,30.1224,75.0,,,,,10782,2024-03-31
1712448000000,202415,229.0,229,229,229,0.13459277,11.145011,0,4,130260320241520192,2025-04-14,Manaus,,0.90428656,2054731.0,25.0800571429,93.7890428571,1,0,2,85.5152285714,71.9630142857,27.0896285714,29.9583714286,63.0,,,,,10782,2024-04-07
1713052800000,202416,168.0,168,168,168,1.4658e-05,8.176252,0,4,130260320241620200,2025-04-22,Manaus,,0.6629892,2054731.0,25.0034428571,95.0004571429,1,0,2,86.8856,74.5120142857,26.9599571429,29.8249142857,47.0,,,,,10782,2024-04-14
1713657600000,202417,151.0,151,151,151,6.92134e-05,7.3488936,0,2,130260320241720206,2025-04-28,Manaus,,0.67251664,2054731.0,24.1233714286,96.8700857143,1,0,1,89.9776,79.4723857143,25.9312428571,28.4289714286,29.0,,,,,10782,2024-04-21
1714262400000,202418,92.0,92,92,92,2.85e-08,4.477472,0,2,130260320241820213,2025-05-05,Manaus,,0.5092107,2054731.0,25.1069571429,94.6126714286,1,0,1,85.5699857143,70.7621,27.2096857143,30.3551714286,18.0,,,,,10782,2024-04-28
1714867200000,202419,99.0,99,99,99,0.002614386,4.818149,0,2,130260320241920223,2025-05-15,Manaus,,0.6963198,2054731.0,24.7597714286,95.5454857143,1,0,1,85.8243857143,70.9821571429,27.0607142857,30.2463,23.0,,,,,10782,2024-05-05
1715472000000,202420,87.0,87,87,87,0.03758491,4.234131,0,2,130260320242020227,2025-05-19,Manaus,,0.7766678,2054731.0,24.5588428571,96.1732571429,1,0,1,87.2595857143,75.6056857143,26.5784857143,29.2324857143,20.0,,,,,10782,2024-05-12
1716076800000,202421,88.0,88,88,88,0.25618598,4.2827992,0,2,130260320242120236,2025-05-28,Manaus,,0.90827966,2054731.0,24.8370142857,94.2412,1,0,1,85.5760142857,72.0088142857,27.0481142857,30.0296142857,18.0,,,,,10782,2024-05-19
1716681600000,202422,69.0,69,69,69,0.050385028,3.3581038,0,1,130260320242220241,2025-06-02,Manaus,,0.77023494,2054731.0,23.8660285714,96.8562714286,0,0,1,90.5251714286,81.6723428571,25.3973571429,27.3269285714,19.0,,,,,10782,2024-05-26
1717286400000,202423,69.0,69,69,69,0.13712896,3.3581038,0,1,130260320242320248,2025-06-09,Manaus,,0.83730733,2054731.0,24.2824714286,96.1062571429,1,0,1,86.8611285714,72.4411857143,26.7652857143,29.9225142857,25.0,,,,,10782,2024-06-02
1717891200000,202424,88.0,88,88,88,0.8381876,4.2827992,0,1,130260320242420255,2025-06-16,Manaus,,1.1667906,2054731.0,24.6101714286,94.8131571429,1,0,1,84.8319571429,69.3248428571,27.0753142857,30.3963857143,25.0,,,,,10782,2024-06-09
1718496000000,202425,73.0,73,73,73,0.44720238,3.5527766,0,2,130260320242520262,2025-06-23,Manaus,,0.9784466,2054731.0,24.7093142857,93.4054142857,1,0,1,81.6822,65.335,27.4797857143,30.9075857143,14.0,,,,,10782,2024-06-16
1719100800000,202426,71.0,71,71,71,0.29835862,3.45544,0,2,130260320242620269,2025-06-30,Manaus,,0.9169893,2054731.0,24.3807428571,93.8055571429,1,0,1,82.1902285714,63.9797142857,27.1263571429,30.6906428571,26.0,,,,,10782,2024-06-23
1719705600000,202427,76.0,76,76,76,0.50836086,3.698781,0,1,130260320242720277,2025-07-08,Manaus,,1.0033994,2054731.0,24.8568428571,91.6827,0,0,1,78.1401714286,59.5999714286,28.0100428571,31.5882428571,24.0,,,,,10782,2024-06-30
1720310400000,202428,45.0,45,45,45,0.006102577,2.1900678,0,1,130260320242820283,2025-07-14,Manaus,,0.6260913,2054731.0,24.5592285714,91.6268714286,1,0,1,79.8540285714,63.5525,27.2685142857,30.4259714286,16.0,,,,,10782,2024-07-07
1720915200000,202429,70.0,70,70,70,0.61783004,3.406772,0,1,130260320242920291,2025-07-22,Manaus,,1.0525007,2054731.0,24.0215,93.0567142857,0,0,1,78.4783142857,57.8606857143,27.0581857143,30.7189428571,18.0,,,,,10782,2024-07-14
1721520000000,202430,65.0,65,65,65,0.6410804,3.1634312,0,1,130260320243020298,2025-07-29,Manaus,,1.0663027,2054731.0,24.7956428571,88.6206,0,0,1,73.3778428571,52.2996428571,28.1855571429,32.2916571429,21.0,,,,,10782,2024-07-21
1722124800000,202431,70.0,70,70,70,0.7361062,3.406772,0,1,130260320243120305,2025-08-05,Manaus,,1.1155381,2054731.0,25.2517428571,82.4323285714,0,0,1,67.7157714286,45.6495714286,28.8348571429,33.2845857143,18.0,,,,,10782,2024-07-28
1722729600000,202432,64.0,64,64,64,0.42883217,3.114763,0,1,130260320243220312,2025-08-12,Manaus,,0.9691302,2054731.0,25.2403714286,79.0994714286,0,0,1,62.3972142857,39.4795285714,29.4384714286,34.3451857143,22.0,,,,,10782,2024-08-04
1723334400000,202433,57.0,57,57,57,0.20252004,2.7740858,0,1,130260320243320320,2025-08-20,Manaus,,0.86093944,2054731.0,24.0493285714,92.6059857143,0,0,1,79.3107571429,59.3036571429,27.1325285714,30.9996428571,16.0,,,,,10782,2024-08-11
1723939200000,202434,48.0,48,48,48,0.0803472,2.3360722,0,1,130260320243420327,2025-08-27,Manaus,,0.76579535,2054731.0,25.4743571429,81.1445142857,0,0,1,63.8068857143,39.7093142857,29.7397571429,34.6593428571,9.0,,,,,10782,2024-08-18
1724544000000,202435,44.0,44,44,44,0.10856599,2.1413996,0,1,130260320243520332,2025-09-01,Manaus,,0.781626,2054731.0,25.484,84.3992428571,0,0,0,67.9069142857,47.2014428571,29.1213,33.4976428571,8.0,,,,,10782,2024-08-25
1725148800000,202436,34.0,34,34,34,0.04653224,1.6547178,0,1,130260320243620339,2025-09-08,Manaus,,0.6910791,2054731.0,26.3900571429,79.9214285714,0,0,0,61.7361,39.7591285714,30.6487428571,35.5833428571,9.0,,,,,10782,2024-09-01
1725753600000,202437,40.0,40,40,40,0.3733889,1.9467268,0,1,130260320243720346,2025-09-15,Manaus,,0.9318517,2054731.0,26.8314571429,72.0475571429,0,0,0,55.2751285714,34.1841714286,31.1548,36.2269285714,16.0,,,,,10782,2024-09-08
1726358400000,202438,35.0,35,35,35,0.33513698,1.703386,0,1,130260320243820353,2025-09-22,Manaus,,0.905982,2054731.0,27.1841142857,72.5952285714,0,0,0,55.5761857143,35.0253714286,31.6101142857,36.6665571429,11.0,,,,,10782,2024-09-15
1726963200000,202439,42.0,42,42,42,0.69338775,2.044063,0,1,130260320243920363,2025-10-02,Manaus,,1.1194822,2054731.0,26.5018571429,80.0143142857,0,0,0,61.6776142857,42.1388428571,30.6584571429,35.3358428571,11.0,,,,,10782,2024-09-22
1727568000000,202440,46.0,46,46,46,0.7996841,2.238736,0,1,130260320244020367,2025-10-06,Manaus,,1.2002494,2054731.0,25.1830285714,90.2229571429,0,0,1,74.3471571429,55.3670428571,28.7159285714,32.6519571429,10.0,,,,,10782,2024-09-29
1728172800000,202441,59.0,59,59,59,0.9571316,2.871422,0,1,130260320244120375,2025-10-14,Manaus,,1.4095627,2054731.0,26.0501,83.6938,0,1,1,65.7901857143,43.5870142857,30.1897714286,34.9871142857,10.0,,,,,10782,2024-10-06
1728777600000,202442,51.0,51,51,51,0.63393605,2.4820766,0,1,130260320244220381,2025-10-20,Manaus,,1.0710797,2054731.0,26.0358142857,87.2894571429,0,0,1,68.2470857143,47.5781571429,29.9393428571,34.4071142857,6.0,,,,,10782,2024-10-13
1729382400000,202443,44.0,44,44,44,0.21125463,2.1413996,0,1,130260320244320389,2025-10-28,Manaus,,0.849216,2054731.0,26.0819571429,88.2140142857,0,0,0,70.7600714286,51.2083142857,29.6778714286,33.6610428571,8.0,,,,,10782,2024-10-20
1729987200000,202444,53.0,53,53,53,0.58562785,2.5794132,0,1,130260320244420395,2025-11-03,Manaus,,1.0432038,2054731.0,26.4945714286,82.4859142857,0,0,1,63.8022285714,41.6326571429,30.5114571429,35.1348428571,15.0,,,,,10782,2024-10-27
1730592000000,202445,57.0,57,57,57,0.77671206,2.7740858,0,1,130260320244520403,2025-11-11,Manaus,,1.1587508,2054731.0,26.4730428571,85.4413142857,0,0,1,68.4844714286,47.6445428571,30.0392142857,34.4198428571,19.0,,,,,10782,2024-11-03
1731196800000,202446,42.0,42,42,42,0.17736189,2.044063,0,1,130260320244620410,2025-11-18,Manaus,,0.8256041,2054731.0,25.1733285714,92.6572571429,1,0,0,80.3960571429,63.9952857143,27.8989142857,31.3114571429,8.0,,,,,10782,2024-11-10
1731801600000,202447,51.0,51,51,51,0.4964296,2.4820766,0,1,130260320244720418,2025-11-26,Manaus,,0.99823725,2054731.0,25.1867428571,92.4625714286,0,0,1,80.1289571429,62.9857142857,27.885,31.1680285714,14.0,,,,,10782,2024-11-17
1732406400000,202448,49.0,49,49,49,0.51632273,2.3847404,0,1,130260320244820424,2025-12-02,Manaus,,1.0082842,2054731.0,25.2947857143,92.0195285714,0,0,1,78.3972,60.4294428571,28.3321142857,31.7169428571,11.0,,,,,10782,2024-11-24
1733011200000,202449,47.0,47,47,47,0.4499812,2.287404,0,1,130260320244920431,2025-12-09,Manaus,,0.9746729,2054731.0,25.3683428571,91.7082571429,1,0,1,81.0801142857,67.3897857143,27.7588285714,30.4051571429,14.0,,,,,10782,2024-12-01
1733616000000,202450,50.0,50,50,50,0.5607933,2.4334085,0,1,130260320245020437,2025-12-15,Manaus,,1.0311778,2054731.0,24.4573,94.1967428571,1,0,1,86.1931714286,74.7368,26.4396285714,28.9424,14.0,,,,,10782,2024-12-08
1734220800000,202451,38.0,38,38,38,0.14582045,1.8493905,0,2,130260320245120437,2025-12-15,Manaus,,0.79657173,2054731.0,24.2288428571,95.6822857143,1,0,0,87.2370571429,73.2723142857,26.1823571429,29.1358714286,8.0,,,,,10782,2024-12-15
1734825600000,202452,44.0,44,44,44,0.42566225,2.1413996,0,2,130260320245220437,2025-12-15,Manaus,,0.96138054,2054731.0,24.7964714286,95.1258857143,1,0,0,85.5833857143,69.9246857143,26.9486285714,29.9808428571,20.0,,,,,10782,2024-12-22
