data_iniSE,SE,casos_est,casos_est_min,casos_est_max,casos,p_rt1,p_inc100k,Localidade_id,nivel,id,versao_modelo,municipio_nome,tweet,Rt,pop,tempmin,umidmax,receptivo,transmissao,nivel_inc,umidmed,umidmin,tempmed,tempmax,casprov,casprov_est,casprov_est_min,casprov_est_max,casconf,notif_accum_year,date
1262476800000,201001,32.0,32,32,32,0.0,1.9353344,0,1,261160620100119589,2023-08-20,Recife,0.0,0.0,1653461.0,25.0,90.5714285714,1,0,0,75.2072175714,57.8571428571,27.4038322857,29.5714285714,13.0,,,,,18612,2010-01-03
1263081600000,201002,28.0,28,28,28,0.0,1.6934177,0,1,261160620100219589,2023-08-20,Recife,0.0,0.0,1653461.0,25.2857142857,91.2857142857,1,0,0,77.2908657143,62.2857142857,27.3310352857,29.2857142857,12.0,,,,,18612,2010-01-10
1263686400000,201003,34.0,34,34,34,0.0,2.0562928,0,2,261160620100319589,2023-08-20,Recife,0.0,0.0,1653461.0,23.8571428571,92.2857142857,1,0,0,83.3968141429,69.7142857143,26.0818214286,28.7142857143,16.0,,,,,18612,2010-01-17
1264291200000,201004,32.0,32,32,32,0.0,1.9353344,0,2,261160620100419589,2023-08-20,Recife,0.0,0.0,1653461.0,24.8571428571,86.0,1,0,0,71.3696585714,56.2857142857,27.810827,30.0,11.0,,,,,18612,2010-01-24
1264896000000,201005,62.0,62,62,62,0.0,3.7497106,0,2,261160620100519589,2023-08-20,Recife,0.0,0.0,1653461.0,26.4285714286,80.2857142857,1,0,1,68.4030822857,55.1428571429,28.3500864286,30.4285714286,31.0,,,,,18612,2010-01-31
1265500800000,201006,37.0,37,37,37,0.38057128,2.2377305,0,2,261160620100619589,2023-08-20,Recife,0.0,0.93324584,1653461.0,25.7142857143,82.8571428571,1,0,0,68.4799254286,51.2857142857,28.1438847143,30.5714285714,16.0,,,,,18612,2010-02-07
1266105600000,201007,63.0,63,63,63,0.9400519,3.8101897,0,2,261160620100719589,2023-08-20,Recife,0.0,1.3462718,1653461.0,25.7142857143,83.7142857143,1,0,1,69.1478391429,49.2857142857,28.1504132857,30.4285714286,30.0,,,,,18612,2010-02-14
1266710400000,201008,84.0,84,84,84,0.99761295,5.0802526,0,2,261160620100819589,2023-08-20,Recife,0.0,1.6334584,1653461.0,27.1428571429,77.4285714286,1,1,1,68.03125,52.2857142857,28.8571428571,31.0,42.0,,,,,18612,2010-02-21
1267315200000,201009,113.0,113,113,113,0.9998987,6.83415,0,3,261160620100919589,2023-08-20,Recife,0.0,1.7654415,1653461.0,24.7142857143,86.5714285714,1,1,1,67.0413144286,46.4285714286,28.6463507143,31.7142857143,49.0,,,,,18612,2010-02-28
1267920000000,201010,124.0,124,124,124,0.9965926,7.499421,0,3,261160620101019589,2023-08-20,Recife,0.0,1.4576291,1653461.0,25.5714285714,80.7142857143,1,1,1,64.508417,43.7142857143,28.9003211429,31.2857142857,45.0,,,,,18612,2010-03-07
1268524800000,201011,136.0,136,136,136,0.9720536,8.225171,0,3,261160620101119589,2023-08-20,Recife,0.0,1.2790741,1653461.0,25.7142857143,85.4285714286,1,1,1,70.524128,55.0,28.2983122857,31.0,72.0,,,,,18612,2010-03-14
1269129600000,201012,134.0,134,134,134,0.77812225,8.104213,0,3,261160620101219589,2023-08-20,Recife,0.0,1.1004006,1653461.0,25.5714285714,84.5714285714,1,0,1,72.3403788571,58.0,27.8666485714,30.2857142857,76.0,,,,,18612,2010-03-21
1269734400000,201013,154.0,154,154,154,0.909133,9.313797,0,2,261160620101319589,2023-08-20,Recife,0.0,1.1712724,1653461.0,25.4285714286,88.2857142857,1,0,1,72.0377668571,56.4285714286,28.5312064286,31.0,86.0,,,,,18612,2010-03-28
1270339200000,201014,203.0,203,203,203,0.99953157,12.277278,0,2,261160620101419589,2023-08-20,Recife,0.0,1.4316245,1653461.0,25.2857142857,89.7142857143,1,1,1,74.68576,56.5714285714,28.080448,30.7142857143,118.0,,,,,18612,2010-04-04
1270944000000,201015,222.0,222,222,222,0.99874884,13.426383,0,3,261160620101519589,2023-08-20,Recife,0.0,1.36301,1653461.0,24.4285714286,93.2857142857,1,1,1,77.2408114286,62.0,27.4415305714,30.2857142857,135.0,,,,,18612,2010-04-11
1271548800000,201016,281.0,281,281,281,0.999962,16.994656,0,3,261160620101619589,2023-08-20,Recife,0.0,1.4410846,1653461.0,24.7142857143,86.5714285714,1,1,1,71.8053771429,55.0,27.810599,30.1428571429,158.0,,,,,18612,2010-04-18
1272153600000,201017,375.0,375,375,375,1.0,22.6797,0,3,261160620101719589,2023-08-20,Recife,0.0,1.5967469,1653461.0,24.8571428571,88.2857142857,1,1,2,73.455028,57.2857142857,27.6393662857,30.4285714286,233.0,,,,,18612,2010-04-25
1272758400000,201018,417.0,417,417,417,0.99999905,25.219828,0,3,261160620101819589,2023-08-20,Recife,0.0,1.4342991,1653461.0,24.8571428571,87.4285714286,1,1,2,73.2226714286,52.7142857143,27.5396851429,31.0,298.0,,,,,18612,2010-05-02
1273363200000,201019,621.0,621,621,621,1.0,37.557583,0,4,261160620101919589,2023-08-20,Recife,0.0,1.7016786,1653461.0,24.4285714286,90.2857142857,1,1,2,75.8742725714,58.8571428571,27.0430442857,30.0,457.0,,,,,18612,2010-05-09
1273968000000,201020,698.0,698,698,698,1.0,42.21448,0,4,261160620102019589,2023-08-20,Recife,0.0,1.513344,1653461.0,23.8571428571,87.7142857143,1,1,2,73.2886342857,57.0,26.9861158571,29.1428571429,532.0,,,,,18612,2010-05-16
1274572800000,201021,918.0,918,918,918,1.0,55.519905,0,4,261160620102119589,2023-08-20,Recife,0.0,1.5595636,1653461.0,24.0,87.8571428571,1,1,2,73.7966194286,58.1428571429,26.9211982857,29.1428571429,653.0,,,,,18612,2010-05-23
1275177600000,201022,1157.0,1157,1157,1157,1.0,69.974434,0,4,261160620102219589,2023-08-20,Recife,0.0,1.5687363,1653461.0,23.7142857143,90.4285714286,1,1,2,77.326318,57.1428571429,26.4037102857,29.7142857143,852.0,,,,,18612,2010-05-30
1275782400000,201023,1078.0,1078,1078,1078,0.999928,65.19658,0,4,261160620102319589,2023-08-20,Recife,0.0,1.1862918,1653461.0,23.7142857143,87.5714285714,1,1,2,73.7772671429,55.5714285714,26.4925455714,29.4285714286,816.0,,,,,18612,2010-06-06
1276387200000,201024,889.0,889,889,889,0.0005048641,53.76601,0,4,261160620102419589,2023-08-20,Recife,0.0,0.8605652,1653461.0,23.2857142857,92.5714285714,1,0,2,83.288442,64.8571428571,24.8399022857,27.4285714286,681.0,,,,,18612,2010-06-13
1276992000000,201025,1023.0,1023,1023,1023,0.4118038,61.870224,0,4,261160620102519589,2023-08-20,Recife,0.0,0.99021834,1653461.0,23.2857142857,89.2857142857,1,0,2,70.266638,50.1428571429,26.4558945714,29.1428571429,725.0,,,,,18612,2010-06-20
1277596800000,201026,1305.0,1305,1305,1305,1.0,78.925354,0,4,261160620102619589,2023-08-20,Recife,0.0,1.3048321,1653461.0,22.4285714286,86.8571428571,0,1,2,75.0611385714,58.4285714286,25.0907611429,28.0,918.0,,,,,18612,2010-06-27
1278201600000,201027,1118.0,1118,1118,1118,0.8813869,67.615746,0,4,261160620102719589,2023-08-20,Recife,0.0,1.051921,1653461.0,22.4285714286,89.2857142857,0,0,2,75.655792,56.2857142857,25.062816,28.4285714286,775.0,,,,,18612,2010-07-04
1278806400000,201028,1029.0,1029,1029,1029,0.0056351484,62.233097,0,4,261160620102819589,2023-08-20,Recife,0.0,0.896992,1653461.0,22.5714285714,91.7142857143,0,0,2,76.9639911429,59.8571428571,25.570034,28.4285714286,723.0,,,,,18612,2010-07-11
1279411200000,201029,1042.0,1042,1042,1042,0.034985784,63.01933,0,4,261160620102919589,2023-08-20,Recife,0.0,0.9251085,1653461.0,22.0,87.4285714286,0,0,2,72.1625828571,49.7142857143,24.970961,28.0,709.0,,,,,18612,2010-07-18
1280016000000,201030,862.0,862,862,862,5.1959e-06,52.13307,0,4,261160620103019589,2023-08-20,Recife,0.0,0.8172001,1653461.0,22.5714285714,86.1428571429,0,0,2,71.607492,54.8571428571,25.057199,27.5714285714,595.0,,,,,18612,2010-07-25
1280620800000,201031,757.0,757,757,757,3.96e-08,45.782757,0,4,261160620103119589,2023-08-20,Recife,0.0,0.77211857,1653461.0,21.4285714286,89.1428571429,0,0,2,76.9362605714,60.2857142857,23.6512994286,26.2857142857,520.0,,,,,18612,2010-08-01
1281225600000,201032,650.0,650,650,650,3.9e-09,39.31148,0,4,261160620103219589,2023-08-20,Recife,0.0,0.742878,1653461.0,22.1428571429,83.1428571429,0,0,2,68.4474095714,53.7142857143,24.9130132857,27.2857142857,433.0,,,,,18612,2010-08-08
1281830400000,201033,450.0,450,450,450,0.0,27.215641,0,4,261160620103319589,2023-08-20,Recife,0.0,0.59751,1653461.0,20.8571428571,88.1428571429,0,0,2,74.4424108571,53.5714285714,23.8601021429,27.4285714286,327.0,,,,,18612,2010-08-15
1282435200000,201034,370.0,370,370,370,4.440892e-16,22.377304,0,4,261160620103419589,2023-08-20,Recife,0.0,0.5942387,1653461.0,21.7142857143,89.4285714286,0,0,2,74.4744528571,56.7142857143,24.5634152857,27.2857142857,255.0,,,,,18612,2010-08-22
1283040000000,201035,255.0,255,255,255,0.0,15.422196,0,4,261160620103519589,2023-08-20,Recife,0.0,0.52584445,1653461.0,23.1428571429,85.2857142857,1,0,1,68.194448,49.7142857143,25.3106541429,27.7142857143,157.0,,,,,18612,2010-08-29
1283644800000,201036,271.0,271,271,271,3.56646e-05,16.389864,0,1,261160620103619589,2023-08-20,Recife,0.0,0.72968036,1653461.0,22.4285714286,83.7142857143,0,0,1,66.8737442857,49.5714285714,25.158266,27.7142857143,156.0,,,,,18612,2010-09-05
1284249600000,201037,187.0,187,187,187,4.504e-07,11.30961,0,1,261160620103719589,2023-08-20,Recife,0.0,0.6356025,1653461.0,23.7142857143,79.1428571429,1,0,1,66.296971,50.7142857143,25.8196978571,28.0,94.0,,,,,18612,2010-09-12
1284854400000,201038,175.0,175,175,175,0.0002345646,10.58386,0,1,261160620103819589,2023-08-20,Recife,0.0,0.709732,1653461.0,23.1428571429,80.1428571429,1,0,1,66.666104,51.4285714286,25.680855,27.8571428571,98.0,,,,,18612,2010-09-19
1285459200000,201039,129.0,129,129,129,1.45811e-05,7.801817,0,2,261160620103919589,2023-08-20,Recife,0.0,0.6294075,1653461.0,24.4285714286,79.5714285714,1,0,1,67.2274571429,51.4285714286,26.4280127143,28.8571428571,51.0,,,,,18612,2010-09-26
1286064000000,201040,98.0,98,98,98,8.9036e-06,5.926962,0,2,261160620104019589,2023-08-20,Recife,0.0,0.5854919,1653461.0,23.8571428571,79.7142857143,1,0,1,65.6326317143,48.1428571429,26.4170508571,29.2857142857,48.0,,,,,18612,2010-10-03
1286668800000,201041,95.0,95,95,95,0.004838071,5.745524,0,2,261160620104119589,2023-08-20,Recife,0.0,0.70904666,1653461.0,25.5714285714,74.0,1,0,1,64.7995391429,48.4285714286,27.0401785714,29.4285714286,45.0,,,,,18612,2010-10-10
1287273600000,201042,105.0,105,105,105,0.38475817,6.350316,0,2,261160620104219589,2023-08-20,Recife,0.0,0.9608287,1653461.0,24.5714285714,83.0,1,0,1,70.81893,54.2857142857,26.5196618571,29.2857142857,47.0,,,,,18612,2010-10-17
1287878400000,201043,84.0,84,84,84,0.12823184,5.0802526,0,2,261160620104319589,2023-08-20,Recife,0.0,0.84574556,1653461.0,24.1428571429,84.2857142857,1,0,1,70.2051377143,54.1428571429,26.605571,29.1428571429,38.0,,,,,18612,2010-10-24
1288483200000,201044,83.0,83,83,83,0.17278649,5.0197735,0,2,261160620104419589,2023-08-20,Recife,0.0,0.8684782,1653461.0,25.1428571429,76.2857142857,1,0,1,66.3805871429,50.4285714286,27.1329494286,30.2857142857,34.0,,,,,18612,2010-10-31
1289088000000,201045,78.0,78,78,78,0.20096953,4.7173777,0,2,261160620104519589,2023-08-20,Recife,0.0,0.8784384,1653461.0,25.0,77.8571428571,1,0,1,66.0749615714,49.8571428571,27.0571688571,29.7142857143,36.0,,,,,18612,2010-11-07
1289692800000,201046,90.0,90,90,90,0.69576436,5.443128,0,2,261160620104619589,2023-08-20,Recife,0.0,1.0807691,1653461.0,25.7142857143,72.4285714286,1,0,1,62.1278994286,45.1428571429,27.2813267143,29.7142857143,46.0,,,,,18612,2010-11-14
1290297600000,201047,73.0,73,73,73,0.23581666,4.414982,0,2,261160620104719589,2023-08-20,Recife,0.0,0.8909695,1653461.0,25.8571428571,71.4285714286,1,0,1,62.6083335714,47.4285714286,27.489881,29.8571428571,39.0,,,,,18612,2010-11-21
1290902400000,201048,65.0,65,65,65,0.094237395,3.931148,0,2,261160620104819589,2023-08-20,Recife,0.0,0.8042612,1653461.0,25.2857142857,78.1428571429,1,0,1,63.7280631429,49.4285714286,27.221899,29.7142857143,32.0,,,,,18612,2010-11-28
1291507200000,201049,79.0,79,79,79,0.61166227,4.777857,0,2,261160620104919589,2023-08-20,Recife,0.0,1.0465784,1653461.0,25.1428571429,79.2857142857,1,0,1,67.652502,51.4285714286,27.3834772857,30.2857142857,29.0,,,,,18612,2010-12-05
1292112000000,201050,72.0,72,72,72,0.5061969,4.3545027,0,2,261160620105019589,2023-08-20,Recife,0.0,1.0025865,1653461.0,25.0,79.4285714286,1,0,1,68.5823865714,52.0,26.9882305714,29.5714285714,34.0,,,,,18612,2010-12-12
1292716800000,201051,71.0,71,71,71,0.43851185,4.294023,0,2,261160620105119589,2023-08-20,Recife,0.0,0.9745979,1653461.0,25.5714285714,77.5714285714,1,0,1,68.686278,55.2857142857,27.3320022857,29.2857142857,33.0,,,,,18612,2010-12-19
1293321600000,201052,104.0,104,104,104,0.98679036,6.289837,0,2,261160620105219589,2023-08-20,Recife,0.0,1.3963553,1653461.0,25.2857142857,75.2857142857,1,1,1,64.8914162857,49.5714285714,27.4379324286,29.8571428571,22.0,,,,,18612,2010-12-26
1293926400000,201101,46.0,46,46,46,0.0018854483,2.7820432,0,2,261160620110119589,2023-08-20,Recife,0.0,0.59005684,1653461.0,25.4285714286,79.7142857143,1,0,0,67.084361,51.7142857143,27.3460262857,29.7142857143,27.0,,,,,12507,2011-01-02
1294531200000,201102,61.0,61,61,61,0.08149127,3.6892312,0,2,261160620110219589,2023-08-20,Recife,0.0,0.7887221,1653461.0,24.7142857143,83.4285714286,1,0,1,68.6190442857,52.4285714286,27.3162862857,29.8571428571,30.0,,,,,12507,2011-01-09
1295136000000,201103,46.0,46,46,46,0.03530344,2.7820432,0,2,261160620110319589,2023-08-20,Recife,0.0,0.70852923,1653461.0,24.4285714286,82.2857142857,1,0,0,70.6149002857,53.5714285714,26.7777245714,29.1428571429,24.0,,,,,12507,2011-01-16
1295740800000,201104,58.0,58,58,58,0.58689594,3.5077937,0,2,261160620110419589,2023-08-20,Recife,0.0,1.0418961,1653461.0,23.5714285714,89.4285714286,1,0,1,74.6426837143,57.4285714286,26.2908802857,29.0,24.0,,,,,12507,2011-01-23
1296345600000,201105,97.0,97,97,97,0.99967134,5.8664823,0,2,261160620110519589,2023-08-20,Recife,0.0,1.752893,1653461.0,25.8571428571,78.4285714286,1,1,1,66.8063851429,52.1428571429,27.8859642857,30.1428571429,49.0,,,,,12507,2011-01-30
1296950400000,201106,114.0,114,114,114,0.9997558,6.894629,0,3,261160620110619589,2023-08-20,Recife,0.0,1.6912247,1653461.0,26.4285714286,74.5714285714,1,1,1,65.3558737143,51.0,28.0852954286,30.1428571429,49.0,,,,,12507,2011-02-06
1297555200000,201107,148.0,148,148,148,0.9998949,8.950922,0,3,261160620110719589,2023-08-20,Recife,0.0,1.6251723,1653461.0,24.2857142857,87.1428571429,1,1,1,70.76359,53.7142857143,27.0450112857,29.2857142857,77.0,,,,,12507,2011-02-13
1298160000000,201108,130.0,130,130,130,0.829457,7.862296,0,3,261160620110819589,2023-08-20,Recife,0.0,1.1292108,1653461.0,24.4285714286,87.1428571429,1,0,1,74.1229342857,58.4285714286,27.0003132857,29.2857142857,75.0,,,,,12507,2011-02-20
1298764800000,201109,146.0,146,146,146,0.8089288,8.829964,0,2,261160620110919589,2023-08-20,Recife,0.0,1.1105413,1653461.0,24.4285714286,83.5714285714,1,0,1,68.8364592857,52.7142857143,27.3427921429,29.8571428571,76.0,,,,,12507,2011-02-27
1299369600000,201110,179.0,179,179,179,0.98724234,10.825777,0,2,261160620111019589,2023-08-20,Recife,0.0,1.2853751,1653461.0,25.7142857143,81.7142857143,1,1,1,68.9292578571,54.1428571429,28.1103685714,30.2857142857,115.0,,,,,12507,2011-03-06
1299974400000,201111,222.0,222,222,222,0.99980617,13.426383,0,3,261160620111119589,2023-08-20,Recife,0.0,1.4461647,1653461.0,23.7142857143,87.2857142857,1,1,1,68.0966601429,47.0,27.643895,30.8571428571,136.0,,,,,12507,2011-03-13
1300579200000,201112,234.0,234,234,234,0.995596,14.152133,0,3,261160620111219589,2023-08-20,Recife,0.0,1.2943915,1653461.0,24.7142857143,84.1428571429,1,1,1,68.3984128571,52.8571428571,28.1633307143,30.7142857143,146.0,,,,,12507,2011-03-20
1301184000000,201113,287.0,287,287,287,0.9995867,17.35753,0,3,261160620111319589,2023-08-20,Recife,0.0,1.350758,1653461.0,24.8571428571,85.4285714286,1,1,1,68.893492,52.8571428571,28.2705038571,30.8571428571,171.0,,,,,12507,2011-03-27
1301788800000,201114,222.0,222,222,222,0.21627897,13.426383,0,3,261160620111419589,2023-08-20,Recife,0.0,0.92952895,1653461.0,24.4285714286,87.4285714286,1,0,1,74.2842754286,63.1428571429,27.327577,30.0,134.0,,,,,12507,2011-04-03
1302393600000,201115,220.0,220,220,220,0.08633719,13.305424,0,2,261160620111519589,2023-08-20,Recife,0.0,0.88172066,1653461.0,23.7142857143,91.0,1,0,1,79.159256,62.0,26.1251665714,29.1428571429,128.0,,,,,12507,2011-04-10
1302998400000,201116,249.0,249,249,249,0.6857261,15.059321,0,1,261160620111619589,2023-08-20,Recife,0.0,1.0447698,1653461.0,22.7142857143,92.5714285714,0,0,1,80.6956071429,64.7142857143,25.359993,28.5714285714,162.0,,,,,12507,2011-04-17
1303603200000,201117,225.0,225,225,225,0.39919928,13.6078205,0,1,261160620111719589,2023-08-20,Recife,0.0,0.9763679,1653461.0,23.5714285714,91.1428571429,1,0,1,77.782908,59.7142857143,26.1460487143,29.1428571429,139.0,,,,,12507,2011-04-24
1304208000000,201118,261.0,261,261,261,0.88427496,15.785071,0,1,261160620111819589,2023-08-20,Recife,0.0,1.1135058,1653461.0,23.2857142857,93.2857142857,1,0,1,83.6505677143,68.0,25.5299595714,28.2857142857,173.0,,,,,12507,2011-05-01
1304812800000,201119,316.0,316,316,316,0.99899405,19.111427,0,1,261160620111919589,2023-08-20,Recife,0.0,1.2997222,1653461.0,23.0,87.8571428571,0,1,2,77.2761665714,61.0,25.4507847143,28.1428571429,217.0,,,,,12507,2011-05-08
1305417600000,201120,293.0,293,293,293,0.879704,17.720406,0,1,261160620112019589,2023-08-20,Recife,0.0,1.104417,1653461.0,23.5714285714,89.4285714286,1,0,1,76.2882742857,61.0,25.8792414286,28.4285714286,202.0,,,,,12507,2011-05-15
1306022400000,201121,291.0,291,291,291,0.5312925,17.599447,0,1,261160620112119589,2023-08-20,Recife,0.0,1.0065366,1653461.0,23.2857142857,89.2857142857,1,0,1,76.5535284286,57.1428571429,25.8248794286,28.8571428571,202.0,,,,,12507,2011-05-22
1306627200000,201122,347.0,347,347,347,0.97423106,20.986282,0,2,261160620112219589,2023-08-20,Recife,0.0,1.165902,1653461.0,24.0,87.1428571429,1,1,2,74.6110994286,58.1428571429,26.1399822857,28.5714285714,244.0,,,,,12507,2011-05-29
1307232000000,201123,315.0,315,315,315,0.6379391,19.05095,0,4,261160620112319589,2023-08-20,Recife,0.0,1.0287093,1653461.0,23.1428571429,85.7142857143,1,0,2,75.3306462857,60.1428571429,25.5048964286,28.2857142857,203.0,,,,,12507,2011-06-05
1307836800000,201124,244.0,244,244,244,0.0012267065,14.756925,0,4,261160620112419589,2023-08-20,Recife,0.0,0.7733851,1653461.0,22.7142857143,87.1428571429,0,0,1,74.0427231429,57.0,25.2338997143,28.0,172.0,,,,,12507,2011-06-12
1308441600000,201125,243.0,243,243,243,0.008129858,14.696445,0,1,261160620112519589,2023-08-20,Recife,0.0,0.81313354,1653461.0,22.0,91.5714285714,0,0,1,78.7963465714,59.7142857143,24.569624,27.5714285714,179.0,,,,,12507,2011-06-19
1309046400000,201126,244.0,244,244,244,0.16909479,14.756925,0,1,261160620112619589,2023-08-20,Recife,0.0,0.9186761,1653461.0,22.5714285714,88.7142857143,0,0,1,76.325658,59.8571428571,25.0257981429,27.7142857143,164.0,,,,,12507,2011-06-26
1309651200000,201127,228.0,228,228,228,0.20498662,13.789258,0,1,261160620112719589,2023-08-20,Recife,0.0,0.92713445,1653461.0,22.1428571429,92.4285714286,0,0,1,80.9549457143,64.4285714286,24.3293868571,27.4285714286,158.0,,,,,12507,2011-07-03
1310256000000,201128,221.0,221,221,221,0.21539862,13.365904,0,1,261160620112819589,2023-08-20,Recife,0.0,0.9291225,1653461.0,22.0,88.7142857143,0,0,1,78.7133892857,62.5714285714,24.1101092857,26.5714285714,144.0,,,,,12507,2011-07-10
1310860800000,201129,216.0,216,216,216,0.26281327,13.063507,0,1,261160620112919589,2023-08-20,Recife,0.0,0.9416642,1653461.0,21.2857142857,89.7142857143,0,0,1,75.9673494286,56.2857142857,23.9200111429,26.8571428571,139.0,,,,,12507,2011-07-17
1311465600000,201130,204.0,204,204,204,0.20589575,12.337757,0,1,261160620113019589,2023-08-20,Recife,0.0,0.92349786,1653461.0,21.5714285714,92.2857142857,0,0,1,75.2424191429,51.4285714286,24.3710654286,27.4285714286,122.0,,,,,12507,2011-07-24
1312070400000,201131,253.0,253,253,253,0.9560367,15.301238,0,1,261160620113119589,2023-08-20,Recife,0.0,1.1707922,1653461.0,22.0,87.5714285714,0,1,1,73.2658062857,56.2857142857,25.2034412857,28.0,125.0,,,,,12507,2011-07-31
1312675200000,201132,247.0,247,247,247,0.88389385,14.938363,0,1,261160620113219589,2023-08-20,Recife,0.0,1.1167388,1653461.0,21.4285714286,87.2857142857,0,0,1,72.8090108571,50.4285714286,24.2761248571,27.7142857143,124.0,,,,,12507,2011-08-07
1313280000000,201133,235.0,235,235,235,0.4922419,14.212612,0,1,261160620113319589,2023-08-20,Recife,0.0,0.9982099,1653461.0,21.8571428571,86.8571428571,0,0,1,70.1158037143,51.1428571429,24.699344,27.4285714286,106.0,,,,,12507,2011-08-14
1313884800000,201134,204.0,204,204,204,0.045093834,12.337757,0,1,261160620113419589,2023-08-20,Recife,0.0,0.85129124,1653461.0,22.1428571429,90.0,0,0,1,75.2971315714,58.5714285714,24.5631274286,27.2857142857,95.0,,,,,12507,2011-08-21
1314489600000,201135,172.0,172,172,172,0.0029845636,10.402423,0,1,261160620113519589,2023-08-20,Recife,0.0,0.75851214,1653461.0,23.0,84.0,0,0,1,68.0468028571,51.5714285714,25.4039461429,27.8571428571,93.0,,,,,12507,2011-08-28
1315094400000,201136,216.0,216,216,216,0.6867485,13.063507,0,1,261160620113619589,2023-08-20,Recife,0.0,1.0484775,1653461.0,23.0,78.1428571429,0,0,1,64.1870755714,47.1428571429,25.5659808571,28.0,122.0,,,,,12507,2011-09-04
1315699200000,201137,187.0,187,187,187,0.35677528,11.30961,0,1,261160620113719589,2023-08-20,Recife,0.0,0.96312916,1653461.0,23.4285714286,80.1428571429,1,0,1,67.3764247143,49.8571428571,25.615922,28.1428571429,94.0,,,,,12507,2011-09-11
1316304000000,201138,221.0,221,221,221,0.8794706,13.365904,0,1,261160620113819589,2023-08-20,Recife,0.0,1.1214852,1653461.0,22.1428571429,82.2857142857,0,0,1,67.1757857143,49.7142857143,24.929281,27.5714285714,98.0,,,,,12507,2011-09-18
1316908800000,201139,213.0,213,213,213,0.7044574,12.88207,0,1,261160620113919589,2023-08-20,Recife,0.0,1.0541118,1653461.0,23.5714285714,82.4285714286,1,0,1,68.6320848571,53.1428571429,25.8923967143,28.2857142857,112.0,,,,,12507,2011-09-25
1317513600000,201140,205.0,205,205,205,0.43209141,12.398236,0,1,261160620114019589,2023-08-20,Recife,0.0,0.98333293,1653461.0,24.7142857143,76.2857142857,1,0,1,63.9241071429,48.8571428571,26.4618228571,28.5714285714,115.0,,,,,12507,2011-10-02
1318118400000,201141,262.0,262,262,262,0.98741746,15.845551,0,2,261160620114119589,2023-08-20,Recife,0.0,1.2284507,1653461.0,24.0,80.2857142857,1,1,1,68.07402,52.2857142857,26.047811,28.2857142857,119.0,,,,,12507,2011-10-09
1318723200000,201142,222.0,222,222,222,0.50957125,13.426383,0,2,261160620114219589,2023-08-20,Recife,0.0,1.0022792,1653461.0,24.8571428571,80.5714285714,1,0,1,67.57138,53.0,26.6312691429,28.8571428571,127.0,,,,,12507,2011-10-16
1319328000000,201143,235.0,235,235,235,0.5361789,14.212612,0,2,261160620114319589,2023-08-20,Recife,0.0,1.0084231,1653461.0,25.0,76.4285714286,1,0,1,65.4611171429,49.7142857143,26.7775055714,29.1428571429,135.0,,,,,12507,2011-10-23
1319932800000,201144,293.0,293,293,293,0.992879,17.720406,0,2,261160620114419589,2023-08-20,Recife,0.0,1.2379272,1653461.0,24.8571428571,79.1428571429,1,1,1,67.5004768571,50.8571428571,26.8824938571,29.1428571429,172.0,,,,,12507,2011-10-30
1320537600000,201145,319.0,319,319,319,0.9979366,19.292866,0,3,261160620114519589,2023-08-20,Recife,0.0,1.2725769,1653461.0,24.4285714286,80.4285714286,1,1,2,67.0621764286,51.5714285714,26.785281,28.7142857143,204.0,,,,,12507,2011-11-06
1321142400000,201146,354.0,354,354,354,0.9975095,21.409637,0,3,261160620114619589,2023-08-20,Recife,0.0,1.2498695,1653461.0,24.5714285714,79.7142857143,1,1,2,67.7473442857,53.2857142857,26.9871967143,29.2857142857,214.0,,,,,12507,2011-11-13
1321747200000,201147,344.0,344,344,344,0.8614518,20.804846,0,4,261160620114719589,2023-08-20,Recife,0.0,1.0882713,1653461.0,25.7142857143,72.5714285714,1,0,2,62.8055877143,47.2857142857,27.2602244286,29.5714285714,220.0,,,,,12507,2011-11-20
1322352000000,201148,412.0,412,412,412,0.9953236,24.91743,0,4,261160620114819589,2023-08-20,Recife,0.0,1.208965,1653461.0,25.1428571429,76.7142857143,1,1,2,64.225854,49.2857142857,26.9983372857,29.1428571429,273.0,,,,,12507,2011-11-27
1322956800000,201149,425.0,425,425,425,0.9850242,25.703661,0,4,261160620114919589,2023-08-20,Recife,0.0,1.1673088,1653461.0,25.4285714286,75.2857142857,1,1,2,64.8826554286,51.0,26.951391,29.5714285714,283.0,,,,,12507,2011-12-04
1323561600000,201150,509.0,509,509,509,0.99988097,30.783913,0,4,261160620115019589,2023-08-20,Recife,0.0,1.2773308,1653461.0,21.1428571429,84.1428571429,0,1,2,71.1345665714,59.8571428571,23.3548041429,25.2857142857,306.0,,,,,12507,2011-12-11
1324166400000,201151,449.0,449,449,449,0.6587367,27.15516,0,4,261160620115119589,2023-08-20,Recife,0.0,1.0278543,1653461.0,25.8571428571,80.0,1,0,2,65.99814,49.2857142857,27.6659308571,30.0,272.0,,,,,12507,2011-12-18
1324771200000,201152,423.0,423,423,423,0.09932112,25.582703,0,4,261160620115219589,2023-08-20,Recife,0.0,0.91717476,1653461.0,25.375,82.75,1,0,2,67.61911975,47.25,27.664054375,32.0,221.0,,,,,12507,2011-12-25
1325376000000,201201,786.0,786,786,786,1.0,47.53665,0,4,261160620120119589,2023-08-20,Recife,0.0,1.6656165,1653461.0,25.7142857143,77.4285714286,1,1,2,65.690956,49.8571428571,27.7340587143,29.8571428571,414.0,,,,,18885,2012-01-01
1325980800000,201202,614.0,614,614,614,0.9934438,37.134228,0,4,261160620120219589,2023-08-20,Recife,0.0,1.1581465,1653461.0,25.2857142857,86.5714285714,1,1,2,71.5223871429,54.2857142857,27.3696182857,29.7142857143,358.0,,,,,18885,2012-01-08
1326585600000,201203,599.0,599,599,599,0.24264857,36.227043,0,4,261160620120319589,2023-08-20,Recife,0.0,0.96087813,1653461.0,24.5714285714,87.5714285714,1,0,2,73.4496888571,52.4285714286,26.5791921429,29.5714285714,351.0,,,,,18885,2012-01-15
1327190400000,201204,638.0,638,638,638,0.48411453,38.58573,0,4,261160620120419589,2023-08-20,Recife,0.0,0.9977744,1653461.0,24.4285714286,89.0,1,0,2,75.8510242857,58.8571428571,26.2037351429,28.5714285714,422.0,,,,,18885,2012-01-22
1327795200000,201205,785.0,785,785,785,0.9999843,47.476173,0,4,261160620120519589,2023-08-20,Recife,0.0,1.2486696,1653461.0,25.1428571429,80.7142857143,1,1,2,66.617109,50.8571428571,27.5270947143,29.8571428571,531.0,,,,,18885,2012-01-29
1328400000000,201206,901.0,901,901,901,1.0,54.49176,0,4,261160620120619589,2023-08-20,Recife,0.0,1.33531,1653461.0,26.0,80.8571428571,1,1,2,67.3317971429,49.0,27.7705934286,30.5714285714,616.0,,,,,18885,2012-02-05
1329004800000,201207,749.0,749,749,749,0.37704846,45.29892,0,4,261160620120719589,2023-08-20,Recife,0.0,0.9840122,1653461.0,24.8571428571,87.4285714286,1,0,2,72.023042,50.7142857143,26.9605357143,29.4285714286,563.0,,,,,18885,2012-02-12
1329609600000,201208,959.0,959,959,959,0.9995303,57.999554,0,4,261160620120819589,2023-08-20,Recife,0.0,1.1700948,1653461.0,25.5714285714,81.7142857143,1,1,2,69.1540445714,53.4285714286,27.1508375714,29.2857142857,690.0,,,,,18885,2012-02-19
1330214400000,201209,1131.0,1131,1131,1131,1.0,68.40198,0,4,261160620120919589,2023-08-20,Recife,0.0,1.3224534,1653461.0,24.4285714286,77.2857142857,1,1,2,64.2053571429,48.0,27.3125,30.1428571429,788.0,,,,,18885,2012-02-26
1330819200000,201210,1082.0,1082,1082,1082,0.9985257,65.43849,0,4,261160620121019589,2023-08-20,Recife,0.0,1.1412058,1653461.0,24.4285714286,85.8571428571,1,1,2,69.0824342857,48.8571428571,27.4310414286,30.4285714286,733.0,,,,,18885,2012-03-04
1331424000000,201211,1217.0,1217,1217,1217,0.99965554,73.60319,0,4,261160620121119589,2023-08-20,Recife,0.0,1.1532142,1653461.0,25.4285714286,82.0,1,1,2,69.5522771429,55.7142857143,27.5266387143,29.4285714286,859.0,,,,,18885,2012-03-11
1332028800000,201212,1180.0,1180,1180,1180,0.89941293,71.365456,0,4,261160620121219589,2023-08-20,Recife,0.0,1.0547668,1653461.0,26.0,80.2857142857,1,0,2,67.221375,50.1428571429,27.9210027143,30.4285714286,819.0,,,,,18885,2012-03-18
1332633600000,201213,860.0,860,860,860,1e-10,52.01211,0,4,261160620121319589,2023-08-20,Recife,0.0,0.75128967,1653461.0,25.4285714286,87.5714285714,1,0,2,69.4845168571,53.2857142857,27.7316452857,30.0,568.0,,,,,18885,2012-03-25
1333238400000,201214,857.0,857,857,857,1.364e-07,51.830677,0,4,261160620121419589,2023-08-20,Recife,0.0,0.79120684,1653461.0,24.7142857143,92.0,1,0,2,74.4803214286,56.8571428571,27.3455205714,29.7142857143,576.0,,,,,18885,2012-04-01
1333843200000,201215,882.0,882,882,882,0.045813106,53.342655,0,4,261160620121519589,2023-08-20,Recife,0.0,0.9242766,1653461.0,24.5714285714,86.0,1,0,2,68.9534854286,49.4285714286,27.3464861429,30.0,575.0,,,,,18885,2012-04-08
1334448000000,201216,702.0,702,702,702,1.04166e-05,42.456398,0,4,261160620121619589,2023-08-20,Recife,0.0,0.80637974,1653461.0,24.5714285714,89.0,1,0,2,70.42958,48.0,27.4824308571,30.0,464.0,,,,,18885,2012-04-15
1335052800000,201217,531.0,531,531,531,0.0,32.114456,0,4,261160620121719589,2023-08-20,Recife,0.0,0.65588355,1653461.0,24.5714285714,84.5714285714,1,0,2,65.9997028571,46.5714285714,27.7211308571,30.4285714286,357.0,,,,,18885,2012-04-22
1335657600000,201218,514.0,514,514,514,4.41e-08,31.08631,0,4,261160620121819589,2023-08-20,Recife,0.0,0.7343331,1653461.0,25.2857142857,82.4285714286,1,0,2,64.9214494286,43.2857142857,27.7779467143,30.5714285714,335.0,,,,,18885,2012-04-29
1336262400000,201219,365.0,365,365,365,0.0,22.07491,0,4,261160620121919589,2023-08-20,Recife,0.0,0.6322356,1653461.0,23.0,89.7142857143,0,0,2,69.5090637143,47.1428571429,26.5408548571,29.7142857143,268.0,,,,,18885,2012-05-06
1336867200000,201220,315.0,315,315,315,1.8e-09,19.05095,0,4,261160620122019589,2023-08-20,Recife,0.0,0.6551638,1653461.0,24.8571428571,85.0,1,0,2,68.4211214286,50.2857142857,27.5861245714,30.2857142857,199.0,,,,,18885,2012-05-13
1337472000000,201221,301.0,301,301,301,0.0001941771,18.204239,0,4,261160620122119589,2023-08-20,Recife,0.0,0.76326466,1653461.0,23.8571428571,92.8571428571,1,0,1,78.2295914286,59.2857142857,26.0048934286,28.4285714286,196.0,,,,,18885,2012-05-20
1338076800000,201222,255.0,255,255,255,0.0008507012,15.422196,0,2,261160620122219589,2023-08-20,Recife,0.0,0.7708889,1653461.0,23.4285714286,88.0,1,0,1,72.7581954286,55.7142857143,26.1241005714,28.5714285714,154.0,,,,,18885,2012-05-27
1338681600000,201223,187.0,187,187,187,1.0403e-06,11.30961,0,2,261160620122319589,2023-08-20,Recife,0.0,0.64447635,1653461.0,23.4285714286,85.1428571429,1,0,1,71.3747111429,57.0,26.1051268571,28.8571428571,113.0,,,,,18885,2012-06-03
1339286400000,201224,307.0,307,307,307,0.9858492,18.567114,0,1,261160620122419589,2023-08-20,Recife,0.0,1.2035365,1653461.0,22.0,91.5714285714,0,1,1,76.9076565714,48.4285714286,24.8055138571,27.8571428571,96.0,,,,,18885,2012-06-10
1339891200000,201225,197.0,197,197,197,0.022141512,11.914403,0,1,261160620122519589,2023-08-20,Recife,0.0,0.82453376,1653461.0,22.1428571429,91.0,0,0,1,78.9340164286,62.8571428571,24.686849,27.8571428571,122.0,,,,,18885,2012-06-17
1340496000000,201226,164.0,164,164,164,8.2057e-05,9.918589,0,1,261160620122619589,2023-08-20,Recife,0.0,0.6850719,1653461.0,21.5714285714,94.1428571429,0,0,1,76.6536964286,50.5714285714,24.598892,27.8571428571,105.0,,,,,18885,2012-06-24
1341100800000,201227,152.0,152,152,152,0.0007961209,9.192839,0,1,261160620122719589,2023-08-20,Recife,0.0,0.7168673,1653461.0,22.5714285714,85.8571428571,0,0,1,70.0521678571,53.0,24.8927294286,27.7142857143,108.0,,,,,18885,2012-07-01
1341705600000,201228,156.0,156,156,156,0.13890755,9.434755,0,1,261160620122819589,2023-08-20,Recife,0.0,0.8876979,1653461.0,22.1428571429,89.1428571429,0,0,1,76.5014314286,61.0,24.6377595714,27.0,86.0,,,,,18885,2012-07-08
1342310400000,201229,167.0,167,167,167,0.66915256,10.100026,0,1,261160620122919589,2023-08-20,Recife,0.0,1.0495979,1653461.0,21.5714285714,90.1428571429,0,0,1,74.2008608571,55.5714285714,24.4678087143,27.2857142857,101.0,,,,,18885,2012-07-15
1342915200000,201230,142.0,142,142,142,0.19464166,8.588046,0,1,261160620123019589,2023-08-20,Recife,0.0,0.9052697,1653461.0,22.0,86.5714285714,0,0,1,70.6582065714,52.5714285714,24.4873297143,27.0,100.0,,,,,18885,2012-07-22
1343520000000,201231,99.0,99,99,99,0.0003099905,5.987441,0,1,261160620123119589,2023-08-20,Recife,0.0,0.64690655,1653461.0,21.5714285714,87.4285714286,0,0,1,72.1709634286,53.2857142857,23.8655114286,27.1428571429,61.0,,,,,18885,2012-07-29
1344124800000,201232,84.0,84,84,84,0.0002815983,5.0802526,0,1,261160620123219589,2023-08-20,Recife,0.0,0.6237574,1653461.0,20.7142857143,86.0,0,0,1,71.7703051429,52.7142857143,24.1010942857,27.2857142857,53.0,,,,,18885,2012-08-05
1344729600000,201233,77.0,77,77,77,0.01088739,4.6568985,0,1,261160620123319589,2023-08-20,Recife,0.0,0.7125248,1653461.0,22.1428571429,90.0,0,0,1,72.5921985714,54.7142857143,24.2972422857,26.5714285714,46.0,,,,,18885,2012-08-12
1345334400000,201234,145.0,145,145,145,0.9997065,8.7694845,0,1,261160620123419589,2023-08-20,Recife,0.0,1.570035,1653461.0,21.5714285714,85.2857142857,0,1,1,68.6554271429,52.4285714286,24.2909371429,26.8571428571,36.0,,,,,18885,2012-08-19
1345939200000,201235,69.0,69,69,69,0.01780248,4.1730647,0,1,261160620123519589,2023-08-20,Recife,0.0,0.719858,1653461.0,21.8571428571,84.5714285714,0,0,1,70.1076834286,53.4285714286,24.6200902857,27.2857142857,30.0,,,,,18885,2012-08-26
1346544000000,201236,53.0,53,53,53,4.54982e-05,3.2053976,0,1,261160620123619589,2023-08-20,Recife,0.0,0.5246012,1653461.0,22.2857142857,82.4285714286,0,0,0,65.7232142857,48.1428571429,24.7142857143,27.2857142857,27.0,,,,,18885,2012-09-02
1347148800000,201237,64.0,64,64,64,0.053965796,3.870669,0,1,261160620123719589,2023-08-20,Recife,0.0,0.7670579,1653461.0,23.1428571429,77.0,1,0,1,65.0714285714,49.5714285714,25.4375,27.7142857143,32.0,,,,,18885,2012-09-09
1347753600000,201238,60.0,60,60,60,0.3348805,3.628752,0,1,261160620123819589,2023-08-20,Recife,0.0,0.92668617,1653461.0,23.4285714286,79.8571428571,1,0,1,66.4017857143,47.8571428571,25.4151785714,27.4285714286,23.0,,,,,18885,2012-09-16
1348358400000,201239,36.0,36,36,36,0.0081916265,2.1772513,0,2,261160620123919589,2023-08-20,Recife,0.0,0.6081379,1653461.0,24.1428571429,76.2857142857,1,0,0,63.2206228571,47.0,25.7122697143,28.0,22.0,,,,,18885,2012-09-23
1348963200000,201240,41.0,41,41,41,0.097353116,2.4796472,0,2,261160620124019589,2023-08-20,Recife,0.0,0.7658673,1653461.0,23.1428571429,77.0,1,0,0,63.1607142857,47.4285714286,25.5417628571,27.4285714286,26.0,,,,,18885,2012-09-30
1349568000000,201241,37.0,37,37,37,0.2017265,2.2377305,0,1,261160620124119589,2023-08-20,Recife,0.0,0.83149076,1653461.0,22.8571428571,84.7142857143,0,0,0,68.1470114286,52.5714285714,25.2980044286,27.7142857143,19.0,,,,,18885,2012-10-07
1350172800000,201242,37.0,37,37,37,0.38479993,2.2377305,0,1,261160620124219589,2023-08-20,Recife,0.0,0.9355612,1653461.0,24.1428571429,79.5714285714,1,0,0,66.9678642857,52.5714285714,25.7118612857,28.0,22.0,,,,,18885,2012-10-14
1350777600000,201243,52.0,52,52,52,0.92073995,3.1449184,0,1,261160620124319589,2023-08-20,Recife,0.0,1.3450476,1653461.0,24.4285714286,74.1428571429,1,0,0,67.1018751429,57.4285714286,25.8161238571,27.8571428571,26.0,,,,,18885,2012-10-21
1351382400000,201244,50.0,50,50,50,0.8177631,3.02396,0,2,261160620124419589,2023-08-20,Recife,0.0,1.2083976,1653461.0,24.1428571429,76.7142857143,1,0,0,65.7828414286,47.7142857143,26.3653532857,28.8571428571,33.0,,,,,18885,2012-10-28
1351987200000,201245,39.0,39,39,39,0.21991852,2.3586888,0,2,261160620124519589,2023-08-20,Recife,0.0,0.846237,1653461.0,23.8571428571,80.4285714286,1,0,0,66.5143394286,48.1428571429,26.4568548571,28.8571428571,30.0,,,,,18885,2012-11-04
1352592000000,201246,39.0,39,39,39,0.21521977,2.3586888,0,2,261160620124619589,2023-08-20,Recife,0.0,0.8434387,1653461.0,24.0,76.8571428571,1,0,0,63.020574,45.0,26.4492892857,29.0,26.0,,,,,18885,2012-11-11
1353196800000,201247,45.0,45,45,45,0.6058539,2.721564,0,2,261160620124719589,2023-08-20,Recife,0.0,1.0588171,1653461.0,24.8571428571,78.5714285714,1,0,0,66.5384694286,51.4285714286,26.6802035714,28.7142857143,32.0,,,,,18885,2012-11-18
1353801600000,201248,27.0,27,27,27,0.05109884,1.6329384,0,2,261160620124819589,2023-08-20,Recife,0.0,0.6703568,1653461.0,24.8571428571,76.8571428571,1,0,0,65.6525057143,51.4285714286,26.6628744286,28.8571428571,21.0,,,,,18885,2012-11-25
1354406400000,201249,34.0,34,34,34,0.31386715,2.0562928,0,2,261160620124919589,2023-08-20,Recife,0.0,0.8925661,1653461.0,24.5714285714,79.7142857143,1,0,0,67.0728688571,52.5714285714,26.4664458571,28.5714285714,25.0,,,,,18885,2012-12-02
1355011200000,201250,46.0,46,46,46,0.8982851,2.7820432,0,2,261160620125019589,2023-08-20,Recife,0.0,1.3273325,1653461.0,25.7142857143,73.4285714286,1,0,0,64.7512671429,50.2857142857,27.0731567143,29.1428571429,37.0,,,,,18885,2012-12-09
1355616000000,201251,27.0,27,27,27,0.14469485,1.6329384,0,2,261160620125119589,2023-08-20,Recife,0.0,0.76501584,1653461.0,25.4285714286,75.4285714286,1,0,0,65.3702657143,50.4285714286,27.0614815714,29.1428571429,22.0,,,,,18885,2012-12-16
1356220800000,201252,29.0,29,29,29,0.18014133,1.7538968,0,2,261160620125219589,2023-08-20,Recife,0.0,0.7980239,1653461.0,25.5714285714,74.4285714286,1,0,0,63.2378145714,48.1428571429,27.2239932857,29.7142857143,16.0,,,,,18885,2012-12-23
1356825600000,201301,46.0,46,46,46,0.92349106,2.7820432,0,2,261160620130119589,2023-08-20,Recife,0.0,1.3787206,1653461.0,24.4285714286,84.4285714286,1,0,0,69.8146214286,53.0,26.578684,28.8571428571,20.0,,,,,5067,2012-12-30
1357430400000,201302,51.0,51,51,51,0.9627816,3.0844393,0,2,261160620130219589,2023-08-20,Recife,0.0,1.472938,1653461.0,25.2857142857,77.1428571429,1,0,0,64.432175,50.1428571429,27.1974202857,29.2857142857,23.0,,,,,5067,2013-01-06
1358035200000,201303,56.0,56,56,56,0.9160874,3.3868353,0,2,261160620130319589,2023-08-20,Recife,0.0,1.3207949,1653461.0,25.1428571429,78.0,1,0,1,68.7830928571,54.0,27.071844,29.0,33.0,,,,,5067,2013-01-13
1358640000000,201304,51.0,51,51,51,0.560823,3.0844393,0,2,261160620130419589,2023-08-20,Recife,0.0,1.0308816,1653461.0,25.2857142857,77.1428571429,1,0,0,64.9910714286,48.4285714286,27.5623972857,30.0,32.0,,,,,5067,2013-01-20
1359244800000,201305,49.0,49,49,49,0.3716063,2.963481,0,2,261160620130519589,2023-08-20,Recife,0.0,0.93720484,1653461.0,24.8571428571,76.5714285714,1,0,0,61.942828,44.7142857143,27.6478975714,30.4285714286,27.0,,,,,5067,2013-01-27
1359849600000,201306,55.0,55,55,55,0.626405,3.326356,0,2,261160620130619589,2023-08-20,Recife,0.0,1.064163,1653461.0,25.4285714286,76.4285714286,1,0,1,63.1535925714,47.0,27.7136442857,30.1428571429,35.0,,,,,5067,2013-02-03
1360454400000,201307,79.0,79,79,79,0.9894195,4.777857,0,2,261160620130719589,2023-08-20,Recife,0.0,1.4985373,1653461.0,25.5714285714,74.5714285714,1,1,1,62.6178,48.5714285714,27.7230701429,30.2857142857,45.0,,,,,5067,2013-02-10
1361059200000,201308,77.0,77,77,77,0.9266699,4.6568985,0,2,261160620130819589,2023-08-20,Recife,0.0,1.2816246,1653461.0,26.0,72.1428571429,1,0,1,63.7839285714,50.1428571429,27.44375,29.7142857143,38.0,,,,,5067,2013-02-17
1361664000000,201309,101.0,101,101,101,0.9872265,6.1083994,0,2,261160620130919589,2023-08-20,Recife,0.0,1.4069043,1653461.0,26.2857142857,73.5714285714,1,1,1,63.6300498571,46.2857142857,27.8900347143,30.2857142857,57.0,,,,,5067,2013-02-24
1362268800000,201310,94.0,94,94,94,0.8063976,5.685045,0,2,261160620131019589,2023-08-20,Recife,0.0,1.1388141,1653461.0,25.5714285714,78.5714285714,1,0,1,68.62433,53.8571428571,27.2783292857,29.5714285714,52.0,,,,,5067,2013-03-03
1362873600000,201311,113.0,113,113,113,0.926449,6.83415,0,2,261160620131119589,2023-08-20,Recife,0.0,1.2244436,1653461.0,25.5714285714,79.4285714286,1,0,1,66.456452,51.8571428571,27.5763331429,29.5714285714,61.0,,,,,5067,2013-03-10
1363478400000,201312,122.0,122,122,122,0.9269423,7.3784623,0,2,261160620131219589,2023-08-20,Recife,0.0,1.2153324,1653461.0,25.1428571429,83.5714285714,1,0,1,69.1390142857,53.1428571429,27.3138131429,29.2857142857,66.0,,,,,5067,2013-03-17
1364083200000,201313,141.0,141,141,141,0.97200227,8.527567,0,2,261160620131319589,2023-08-20,Recife,0.0,1.2729782,1653461.0,25.5714285714,77.5714285714,1,1,1,64.2132775714,46.8571428571,27.9909272857,30.2857142857,72.0,,,,,5067,2013-03-24
1364688000000,201314,228.0,228,228,228,0.99999994,13.789258,0,3,261160620131419589,2023-08-20,Recife,0.0,1.7816029,1653461.0,25.0,83.1428571429,1,1,1,68.0424714286,52.0,27.5531567143,30.4285714286,109.0,,,,,5067,2013-03-31
1365292800000,201315,227.0,227,227,227,0.99970186,13.728779,0,3,261160620131519589,2023-08-20,Recife,0.0,1.4211681,1653461.0,24.1428571429,83.2857142857,1,1,1,68.9512108571,51.2857142857,27.1240938571,29.7142857143,109.0,,,,,5067,2013-04-07
1365897600000,201316,233.0,233,233,233,0.9456397,14.091654,0,3,261160620131619589,2023-08-20,Recife,0.0,1.1668414,1653461.0,23.4285714286,84.4285714286,1,0,1,69.6459671429,51.4285714286,26.5439134286,29.2857142857,133.0,,,,,5067,2013-04-14
1366502400000,201317,268.0,268,268,268,0.9744978,16.208426,0,1,261160620131719589,2023-08-20,Recife,0.0,1.1924537,1653461.0,22.8571428571,89.2857142857,0,1,1,74.3254865714,55.1428571429,25.4542165714,28.5714285714,156.0,,,,,5067,2013-04-21
1367107200000,201318,234.0,234,234,234,0.42125222,14.152133,0,1,261160620131819589,2023-08-20,Recife,0.0,0.9818967,1653461.0,23.0,86.5714285714,0,0,1,73.3881334286,56.1428571429,25.3267775714,28.2857142857,133.0,,,,,5067,2013-04-28
1367712000000,201319,262.0,262,262,262,0.74208766,15.845551,0,1,261160620131919589,2023-08-20,Recife,0.0,1.0592365,1653461.0,22.7142857143,89.8571428571,0,0,1,73.8288402857,56.0,25.6351067143,28.2857142857,147.0,,,,,5067,2013-05-05
1368316800000,201320,196.0,196,196,196,0.00880154,11.853924,0,1,261160620132019589,2023-08-20,Recife,0.0,0.7974097,1653461.0,22.8571428571,91.0,0,0,1,76.361252,59.2857142857,25.1305097143,27.4285714286,94.0,,,,,5067,2013-05-12
1368921600000,201321,183.0,183,183,183,0.006168322,11.067694,0,1,261160620132119589,2023-08-20,Recife,0.0,0.7821062,1653461.0,22.1428571429,89.1428571429,0,0,1,74.2797305714,55.5714285714,25.0652828571,27.5714285714,99.0,,,,,5067,2013-05-19
1369526400000,201322,180.0,180,180,180,0.067562364,10.886256,0,1,261160620132219589,2023-08-20,Recife,0.0,0.85942984,1653461.0,22.5714285714,88.2857142857,0,0,1,74.1191882857,56.1428571429,25.1255192857,27.8571428571,102.0,,,,,5067,2013-05-26
1370131200000,201323,164.0,164,164,164,0.0995082,9.918589,0,1,261160620132319589,2023-08-20,Recife,0.0,0.87205815,1653461.0,21.2857142857,92.4285714286,0,0,1,79.1032351429,62.5714285714,24.0759395714,26.7142857143,98.0,,,,,5067,2013-06-02
1370736000000,201324,123.0,123,123,123,0.0014364939,7.4389415,0,1,261160620132419589,2023-08-20,Recife,0.0,0.7061278,1653461.0,21.5714285714,90.7142857143,0,0,1,77.8163944286,60.0,24.1774682857,27.1428571429,78.0,,,,,5067,2013-06-09
1371340800000,201325,90.0,90,90,90,1.65942e-05,5.443128,0,1,261160620132519589,2023-08-20,Recife,0.0,0.5829497,1653461.0,22.1428571429,91.0,0,0,1,76.31151,58.7142857143,24.7098821429,27.5714285714,42.0,,,,,5067,2013-06-16
1371945600000,201326,91.0,91,91,91,0.008522005,5.5036073,0,1,261160620132619589,2023-08-20,Recife,0.0,0.7222241,1653461.0,21.0,88.0,0,0,1,76.0148585714,56.5714285714,23.79186,27.1428571429,58.0,,,,,5067,2013-06-23
1372550400000,201327,94.0,94,94,94,0.2730995,5.685045,0,1,261160620132719589,2023-08-20,Recife,0.0,0.91762173,1653461.0,21.4285714286,93.4285714286,0,0,1,77.5451612857,60.0,23.6341042857,26.4285714286,67.0,,,,,5067,2013-06-30
1373155200000,201328,55.0,55,55,55,0.0012746087,3.326356,0,1,261160620132819589,2023-08-20,Recife,0.0,0.60314995,1653461.0,21.0,90.8571428571,0,0,1,77.778344,56.8571428571,23.2598607143,26.4285714286,39.0,,,,,5067,2013-07-07
1373760000000,201329,76.0,76,76,76,0.30619857,4.5964193,0,1,261160620132919589,2023-08-20,Recife,0.0,0.92279893,1653461.0,21.5714285714,89.2857142857,0,0,1,76.4607357143,58.8571428571,23.5715631429,26.1428571429,59.0,,,,,5067,2013-07-14
1374364800000,201330,84.0,84,84,84,0.8120573,5.0802526,0,1,261160620133019589,2023-08-20,Recife,0.0,1.1516182,1653461.0,21.4285714286,90.7142857143,0,0,1,74.6783051429,53.0,23.9645984286,27.1428571429,45.0,,,,,5067,2013-07-21
1374969600000,201331,88.0,88,88,88,0.86156803,5.32217,0,1,261160620133119589,2023-08-20,Recife,0.0,1.186057,1653461.0,20.8571428571,88.7142857143,0,0,1,70.0538591429,51.7142857143,23.72267,26.1428571429,49.0,,,,,5067,2013-07-28
1375574400000,201332,78.0,78,78,78,0.41172725,4.7173777,0,1,261160620133219589,2023-08-20,Recife,0.0,0.96529806,1653461.0,21.7142857143,84.4285714286,0,0,1,69.6198851429,53.0,24.2589288571,26.5714285714,61.0,,,,,5067,2013-08-04
1376179200000,201333,54.0,54,54,54,0.008551876,3.2658768,0,1,261160620133319589,2023-08-20,Recife,0.0,0.661915,1653461.0,21.7142857143,88.1428571429,0,0,1,74.1107605714,56.4285714286,23.9280221429,26.7142857143,39.0,,,,,5067,2013-08-11
1376784000000,201334,73.0,73,73,73,0.45728627,4.414982,0,1,261160620133419589,2023-08-20,Recife,0.0,0.9825266,1653461.0,21.1428571429,91.0,0,0,1,76.528742,58.7142857143,23.4665935714,26.0,51.0,,,,,5067,2013-08-18
1377388800000,201335,70.0,70,70,70,0.60166407,4.233544,0,1,261160620133519589,2023-08-20,Recife,0.0,1.0448765,1653461.0,22.1428571429,87.8571428571,0,0,1,74.0793762857,58.4285714286,24.221426,26.4285714286,44.0,,,,,5067,2013-08-25
1377993600000,201336,33.0,33,33,33,0.0004467278,1.9958136,0,1,261160620133619589,2023-08-20,Recife,0.0,0.5036514,1653461.0,22.4285714286,84.1428571429,0,0,0,70.1589934286,55.4285714286,24.3931872857,26.4285714286,21.0,,,,,5067,2013-09-01
1378598400000,201337,49.0,49,49,49,0.15573928,2.963481,0,1,261160620133719589,2023-08-20,Recife,0.0,0.8236192,1653461.0,21.0,86.4285714286,0,0,0,73.0687805714,54.4285714286,23.3392148571,26.1428571429,28.0,,,,,5067,2013-09-08
1379203200000,201338,47.0,47,47,47,0.4311833,2.8425224,0,1,261160620133819589,2023-08-20,Recife,0.0,0.965322,1653461.0,23.1428571429,83.2857142857,1,0,0,68.9368625714,52.2857142857,24.8790117143,27.0,23.0,,,,,5067,2013-09-15
1379808000000,201339,52.0,52,52,52,0.7347865,3.1449184,0,1,261160620133919589,2023-08-20,Recife,0.0,1.1347865,1653461.0,23.4285714286,87.2857142857,1,0,0,74.8214202857,60.5714285714,25.8046948571,28.0,30.0,,,,,5067,2013-09-22
1380412800000,201340,80.0,80,80,80,0.99643433,4.838336,0,2,261160620134019589,2023-08-20,Recife,0.0,1.6125654,1653461.0,24.5714285714,86.8571428571,1,1,1,73.9471065714,61.2857142857,26.3990538571,28.1428571429,35.0,,,,,5067,2013-09-29
1381017600000,201341,65.0,65,65,65,0.7432633,3.931148,0,2,261160620134119589,2023-08-20,Recife,0.0,1.1248404,1653461.0,24.0,88.0,1,0,1,75.444798,61.2857142857,26.3638561429,28.2857142857,45.0,,,,,5067,2013-10-06
1381622400000,201342,40.0,40,40,40,0.0066778734,2.419168,0,2,261160620134219589,2023-08-20,Recife,0.0,0.6140163,1653461.0,24.8571428571,88.7142857143,1,0,0,74.14812,61.2857142857,26.679368,28.5714285714,22.0,,,,,5067,2013-10-13
1382227200000,201343,84.0,84,84,84,0.96265525,5.0802526,0,2,261160620134319589,2023-08-20,Recife,0.0,1.3434538,1653461.0,24.8571428571,85.5714285714,1,1,1,75.52575,60.1428571429,26.5266974286,28.7142857143,30.0,,,,,5067,2013-10-20
1382832000000,201344,51.0,51,51,51,0.2131315,3.0844393,0,2,261160620134419589,2023-08-20,Recife,0.0,0.85972977,1653461.0,24.5714285714,87.4285714286,1,0,0,75.46266,60.2857142857,26.5528591429,28.8571428571,33.0,,,,,5067,2013-10-27
1383436800000,201345,54.0,54,54,54,0.21938686,3.2658768,0,2,261160620134519589,2023-08-20,Recife,0.0,0.8665374,1653461.0,24.4285714286,88.4285714286,1,0,1,75.6526922857,62.0,26.8232742857,29.1428571429,34.0,,,,,5067,2013-11-03
1384041600000,201346,42.0,42,42,42,0.049141362,2.5401263,0,2,261160620134619589,2023-08-20,Recife,0.0,0.7183892,1653461.0,25.8571428571,78.5714285714,1,0,0,69.4883928571,57.1428571429,27.1586308571,29.2857142857,24.0,,,,,5067,2013-11-10
1384646400000,201347,71.0,71,71,71,0.9519127,4.294023,0,2,261160620134719589,2023-08-20,Recife,0.0,1.349788,1653461.0,24.1428571429,89.8571428571,1,1,1,76.9311222857,63.8571428571,26.2588484286,28.7142857143,42.0,,,,,5067,2013-11-17
1385251200000,201348,41.0,41,41,41,0.11876739,2.4796472,0,2,261160620134819589,2023-08-20,Recife,0.0,0.78323776,1653461.0,25.5714285714,84.8571428571,1,0,0,73.2728957143,59.0,27.0499714286,29.1428571429,18.0,,,,,5067,2013-11-24
1385856000000,201349,52.0,52,52,52,0.40881476,3.1449184,0,2,261160620134919589,2023-08-20,Recife,0.0,0.9564302,1653461.0,25.0,88.5714285714,1,0,0,75.6071428571,59.8571428571,27.2286865714,29.4285714286,25.0,,,,,5067,2013-12-01
1386460800000,201350,46.0,46,46,46,0.30099228,2.7820432,0,2,261160620135019589,2023-08-20,Recife,0.0,0.89990497,1653461.0,25.2857142857,84.8571428571,1,0,0,72.5299177143,56.7142857143,27.3742545714,30.1428571429,21.0,,,,,5067,2013-12-08
1387065600000,201351,35.0,35,35,35,0.07960013,2.116772,0,2,261160620135119589,2023-08-20,Recife,0.0,0.7335537,1653461.0,25.1428571429,85.8571428571,1,0,0,76.6478957143,62.1428571429,26.8626578571,29.1428571429,15.0,,,,,5067,2013-12-15
1387670400000,201352,39.0,39,39,39,0.28900295,2.3586888,0,2,261160620135219589,2023-08-20,Recife,0.0,0.88550955,1653461.0,25.8571428571,84.8571428571,1,0,0,75.3256057143,63.1428571429,27.5754604286,29.8571428571,23.0,,,,,5067,2013-12-22
1388275200000,201401,34.0,34,34,34,0.26427498,2.0562928,0,2,261160620140119589,2023-08-20,Recife,0.0,0.8637118,1653461.0,25.7142857143,82.5714285714,1,0,0,71.2181742857,56.1428571429,27.5249138571,29.7142857143,22.0,,,,,4498,2013-12-29
1388880000000,201402,42.0,42,42,42,0.70453465,2.5401263,0,2,261160620140219589,2023-08-20,Recife,0.0,1.1277595,1653461.0,23.8571428571,90.4285714286,1,0,0,77.7396222857,60.4285714286,26.0991947143,28.7142857143,17.0,,,,,4498,2014-01-05
1389484800000,201403,43.0,43,43,43,0.7279022,2.6006057,0,2,261160620140319589,2023-08-20,Recife,0.0,1.1440476,1653461.0,25.0,88.8571428571,1,0,0,75.6379422857,60.2857142857,27.2637787143,29.5714285714,13.0,,,,,4498,2014-01-12
1390089600000,201404,72.0,72,72,72,0.9980548,4.3545027,0,2,261160620140419589,2023-08-20,Recife,0.0,1.7331996,1653461.0,25.5714285714,83.5714285714,1,1,1,72.6425262857,59.1428571429,27.4413942857,29.5714285714,22.0,,,,,4498,2014-01-19
1390694400000,201405,62.0,62,62,62,0.870598,3.7497106,0,2,261160620140519589,2023-08-20,Recife,0.0,1.2375273,1653461.0,25.4285714286,84.5714285714,1,0,1,73.08943,59.4285714286,27.6021022857,29.8571428571,26.0,,,,,4498,2014-01-26
1391299200000,201406,52.0,52,52,52,0.24180777,3.1449184,0,2,261160620140619589,2023-08-20,Recife,0.0,0.8759831,1653461.0,23.8571428571,95.0,1,0,0,78.5391245714,62.7142857143,26.6289555714,29.1428571429,22.0,,,,,4498,2014-02-02
1391904000000,201407,63.0,63,63,63,0.5838763,3.8101897,0,2,261160620140719589,2023-08-20,Recife,0.0,1.0387027,1653461.0,24.0,95.1428571429,1,0,1,78.2781871429,63.5714285714,26.9272904286,29.4285714286,22.0,,,,,4498,2014-02-09
1392508800000,201408,68.0,68,68,68,0.7953239,4.1125855,0,2,261160620140819589,2023-08-20,Recife,0.0,1.1575195,1653461.0,24.8571428571,90.2857142857,1,0,1,74.4270657143,61.4285714286,27.6144392857,30.0,24.0,,,,,4498,2014-02-16
1393113600000,201409,56.0,56,56,56,0.32571825,3.3868353,0,2,261160620140919589,2023-08-20,Recife,0.0,0.9200585,1653461.0,24.7142857143,87.5714285714,1,0,1,73.8287814286,58.4285714286,27.5787441429,30.0,26.0,,,,,4498,2014-02-23
1393718400000,201410,56.0,56,56,56,0.28847265,3.3868353,0,2,261160620141019589,2023-08-20,Recife,0.0,0.9026712,1653461.0,24.8571428571,89.7142857143,1,0,1,73.9079828571,59.7142857143,27.6817697143,30.1428571429,28.0,,,,,4498,2014-03-02
1394323200000,201411,72.0,72,72,72,0.8554623,4.3545027,0,2,261160620141119589,2023-08-20,Recife,0.0,1.2025498,1653461.0,24.4285714286,93.5714285714,1,0,1,80.6125977143,64.4285714286,26.899211,29.1428571429,33.0,,,,,4498,2014-03-09
1394928000000,201412,70.0,70,70,70,0.7836602,4.233544,0,2,261160620141219589,2023-08-20,Recife,0.0,1.1466006,1653461.0,25.5714285714,92.0,1,0,1,79.2624878571,60.7142857143,27.7074637143,30.0,31.0,,,,,4498,2014-03-16
1395532800000,201413,60.0,60,60,60,0.30236414,3.628752,0,2,261160620141319589,2023-08-20,Recife,0.0,0.9120623,1653461.0,25.0,88.5714285714,1,0,1,74.7984368571,60.5714285714,27.8419687143,30.4285714286,29.0,,,,,4498,2014-03-23
1396137600000,201414,59.0,59,59,59,0.2554825,3.5682728,0,2,261160620141419589,2023-08-20,Recife,0.0,0.8894593,1653461.0,25.0,93.7142857143,1,0,1,78.7882194286,63.5714285714,27.5699692857,30.0,35.0,,,,,4498,2014-03-30
1396742400000,201415,79.0,79,79,79,0.9029078,4.777857,0,2,261160620141519589,2023-08-20,Recife,0.0,1.2429363,1653461.0,24.8571428571,94.4285714286,1,0,1,79.3409957143,61.5714285714,28.0125114286,30.5714285714,45.0,,,,,4498,2014-04-06
1397347200000,201416,57.0,57,57,57,0.25137508,3.4473145,0,2,261160620141619589,2023-08-20,Recife,0.0,0.8857114,1653461.0,25.4285714286,90.4285714286,1,0,1,74.7060228571,60.0,28.0205645714,30.1428571429,22.0,,,,,4498,2014-04-13
1397952000000,201417,87.0,87,87,87,0.93892074,5.2616906,0,2,261160620141719589,2023-08-20,Recife,0.0,1.2823977,1653461.0,24.7142857143,90.5714285714,1,0,1,76.2382285714,57.7142857143,27.8094705714,30.2857142857,48.0,,,,,4498,2014-04-20
1398556800000,201418,84.0,84,84,84,0.8544666,5.0802526,0,2,261160620141819589,2023-08-20,Recife,0.0,1.184718,1653461.0,23.4285714286,99.1428571429,1,0,1,86.7197128571,68.0,25.9546121429,29.1428571429,42.0,,,,,4498,2014-04-27
1399161600000,201419,144.0,144,144,144,0.9999881,8.709005,0,2,261160620141919589,2023-08-20,Recife,0.0,1.77481,1653461.0,23.2857142857,97.0,1,1,1,85.8376435714,67.8571428571,25.8228527143,29.0,71.0,,,,,4498,2014-05-04
1399766400000,201420,133.0,133,133,133,0.98491454,8.043734,0,3,261160620142019589,2023-08-20,Recife,0.0,1.3296971,1653461.0,24.0,97.5714285714,1,1,1,84.8390051429,61.2857142857,26.3402647143,29.2857142857,66.0,,,,,4498,2014-05-11
1400371200000,201421,126.0,126,126,126,0.6073746,7.6203794,0,3,261160620142119589,2023-08-20,Recife,0.0,1.0351738,1653461.0,23.5714285714,97.5714285714,1,0,1,83.818152,67.5714285714,26.2547822857,29.5714285714,61.0,,,,,4498,2014-05-18
1400976000000,201422,121.0,121,121,121,0.2877598,7.317983,0,1,261160620142219589,2023-08-20,Recife,0.0,0.93182373,1653461.0,22.7142857143,97.4285714286,0,0,1,83.2421985714,64.0,25.4048267143,28.7142857143,57.0,,,,,4498,2014-05-25
1401580800000,201423,172.0,172,172,172,0.993347,10.402423,0,1,261160620142319589,2023-08-20,Recife,0.0,1.3315533,1653461.0,23.7142857143,93.5714285714,1,1,1,77.5548677143,61.0,26.6988765714,29.2857142857,81.0,,,,,4498,2014-06-01
1402185600000,201424,120.0,120,120,120,0.17822228,7.257504,0,1,261160620142419589,2023-08-20,Recife,0.0,0.89094424,1653461.0,24.1428571429,90.5714285714,1,0,1,79.5613765714,64.2857142857,26.1857844286,28.7142857143,65.0,,,,,4498,2014-06-08
1402790400000,201425,86.0,86,86,86,0.0001882653,5.2012115,0,1,261160620142519589,2023-08-20,Recife,0.0,0.61875874,1653461.0,23.0,91.5714285714,0,0,1,78.0584005714,61.7142857143,26.0143721429,28.5714285714,44.0,,,,,4498,2014-06-15
1403395200000,201426,80.0,80,80,80,0.0015637196,4.838336,0,1,261160620142619589,2023-08-20,Recife,0.0,0.65719146,1653461.0,22.5714285714,99.0,0,0,1,87.6063331429,71.7142857143,24.7323258571,27.7142857143,40.0,,,,,4498,2014-06-22
1404000000000,201427,81.0,81,81,81,0.11568075,4.898815,0,1,261160620142719589,2023-08-20,Recife,0.0,0.83577347,1653461.0,22.0,96.7142857143,0,0,1,82.4504614286,66.2857142857,24.65769,27.5714285714,33.0,,,,,4498,2014-06-29
1404604800000,201428,107.0,107,107,107,0.9412551,6.4712744,0,1,261160620142819589,2023-08-20,Recife,0.0,1.2535278,1653461.0,23.1428571429,93.0,1,0,1,77.3196448571,61.0,25.7395901429,28.2857142857,42.0,,,,,4498,2014-07-06
1405209600000,201429,69.0,69,69,69,0.07962175,4.1730647,0,1,261160620142919589,2023-08-20,Recife,0.0,0.79781264,1653461.0,23.0,96.1428571429,0,0,1,81.4236535714,64.5714285714,25.3544354286,27.8571428571,33.0,,,,,4498,2014-07-13
1405814400000,201430,89.0,89,89,89,0.5148727,5.382649,0,1,261160620143019589,2023-08-20,Recife,0.0,1.0056002,1653461.0,23.1428571429,90.5714285714,1,0,1,77.4452594286,62.8571428571,25.630104,28.0,44.0,,,,,4498,2014-07-20
1406419200000,201431,66.0,66,66,66,0.07809176,3.9916272,0,1,261160620143119589,2023-08-20,Recife,0.0,0.79273385,1653461.0,22.1428571429,95.1428571429,0,0,1,81.621572,60.5714285714,24.483013,27.2857142857,22.0,,,,,4498,2014-07-27
1407024000000,201432,63.0,63,63,63,0.10643133,3.8101897,0,1,261160620143219589,2023-08-20,Recife,0.0,0.81060016,1653461.0,23.0,92.1428571429,0,0,1,80.3822688571,63.7142857143,25.1139691429,27.8571428571,27.0,,,,,4498,2014-08-03
1407628800000,201433,68.0,68,68,68,0.399543,4.1125855,0,1,261160620143319589,2023-08-20,Recife,0.0,0.95785886,1653461.0,21.7142857143,96.5714285714,0,0,1,77.5904994286,55.7142857143,24.7897628571,27.4285714286,37.0,,,,,4498,2014-08-10
1408233600000,201434,47.0,47,47,47,0.041790508,2.8425224,0,1,261160620143419589,2023-08-20,Recife,0.0,0.72063285,1653461.0,21.5714285714,95.8571428571,0,0,0,82.0206094286,63.4285714286,23.8741395714,26.8571428571,23.0,,,,,4498,2014-08-17
1408838400000,201435,37.0,37,37,37,0.009893748,2.2377305,0,1,261160620143519589,2023-08-20,Recife,0.0,0.61966425,1653461.0,23.1428571429,89.4285714286,1,0,0,76.9391228571,62.5714285714,25.6168831429,28.0,18.0,,,,,4498,2014-08-24
1409443200000,201436,75.0,75,75,75,0.9803943,4.53594,0,1,261160620143619589,2023-08-20,Recife,0.0,1.4447392,1653461.0,22.4285714286,94.2857142857,0,1,1,81.3455451429,64.5714285714,25.0273137143,27.7142857143,35.0,,,,,4498,2014-08-31
1410048000000,201437,63.0,63,63,63,0.85667914,3.8101897,0,1,261160620143719589,2023-08-20,Recife,0.0,1.2199306,1653461.0,22.0,98.2857142857,0,0,1,86.0267328571,71.4285714286,24.2376294286,27.0,25.0,,,,,4498,2014-09-07
1410652800000,201438,68.0,68,68,68,0.74264294,4.1125855,0,1,261160620143819589,2023-08-20,Recife,0.0,1.1214349,1653461.0,23.1428571429,91.8571428571,1,0,1,77.8272822857,61.8571428571,25.3224064286,27.8571428571,26.0,,,,,4498,2014-09-14
1411257600000,201439,65.0,65,65,65,0.48389497,3.931148,0,1,261160620143919589,2023-08-20,Recife,0.0,0.99297667,1653461.0,24.5714285714,84.7142857143,1,0,1,74.4464614286,60.4285714286,26.3068505714,28.4285714286,34.0,,,,,4498,2014-09-21
1411862400000,201440,50.0,50,50,50,0.07962593,3.02396,0,2,261160620144019589,2023-08-20,Recife,0.0,0.7689993,1653461.0,24.8571428571,88.0,1,0,0,75.5125671429,62.4285714286,26.5794645714,28.8571428571,20.0,,,,,4498,2014-09-28
1412467200000,201441,68.0,68,68,68,0.7045635,4.1125855,0,1,261160620144119589,2023-08-20,Recife,0.0,1.0986521,1653461.0,23.0,96.7142857143,0,0,1,82.2841558571,65.8571428571,25.3851158571,28.2857142857,28.0,,,,,4498,2014-10-05
1413072000000,201442,62.0,62,62,62,0.5922581,3.7497106,0,1,261160620144219589,2023-08-20,Recife,0.0,1.0431153,1653461.0,24.4285714286,88.7142857143,1,0,1,75.87765,61.7142857143,26.3763251429,28.7142857143,29.0,,,,,4498,2014-10-12
1413676800000,201443,81.0,81,81,81,0.9403919,4.898815,0,1,261160620144319589,2023-08-20,Recife,0.0,1.2976322,1653461.0,24.8571428571,84.7142857143,1,0,1,74.2866158571,62.0,26.4243762857,28.4285714286,48.0,,,,,4498,2014-10-19
1414281600000,201444,58.0,58,58,58,0.21162874,3.5077937,0,2,261160620144419589,2023-08-20,Recife,0.0,0.8667538,1653461.0,24.7142857143,85.7142857143,1,0,1,74.4698525714,61.7142857143,26.6454684286,28.8571428571,29.0,,,,,4498,2014-10-26
1414886400000,201445,90.0,90,90,90,0.9427072,5.443128,0,1,261160620144519589,2023-08-20,Recife,0.0,1.2836645,1653461.0,23.0,92.7142857143,0,0,1,75.6466817143,61.4285714286,26.0758125714,28.5714285714,54.0,,,,,4498,2014-11-02
1415491200000,201446,81.0,81,81,81,0.7531398,4.898815,0,1,261160620144619589,2023-08-20,Recife,0.0,1.1165559,1653461.0,25.7142857143,81.2857142857,1,0,1,72.813652,59.4285714286,27.1578338571,29.2857142857,57.0,,,,,4498,2014-11-09
1416096000000,201447,116.0,116,116,116,0.9945852,7.0155873,0,1,261160620144719589,2023-08-20,Recife,0.0,1.4417298,1653461.0,24.8571428571,88.7142857143,1,1,1,74.9041465714,58.7142857143,27.0919147143,29.7142857143,82.0,,,,,4498,2014-11-16
1416700800000,201448,135.0,135,135,135,0.99743265,8.164692,0,3,261160620144819589,2023-08-20,Recife,0.0,1.4524261,1653461.0,25.0,84.1428571429,1,1,1,73.4307637143,58.4285714286,26.7566531429,29.2857142857,77.0,,,,,4498,2014-11-23
1417305600000,201449,137.0,137,137,137,0.95061225,8.28565,0,3,261160620144919589,2023-08-20,Recife,0.0,1.2334907,1653461.0,24.1428571429,91.0,1,1,1,75.7403334286,56.5714285714,26.75,29.5714285714,90.0,,,,,4498,2014-11-30
1417910400000,201450,179.0,179,179,179,0.99765027,10.825777,0,3,261160620145019589,2023-08-20,Recife,0.0,1.3820238,1653461.0,25.4285714286,84.0,1,1,1,73.0727245714,59.8571428571,27.0491071429,29.5714285714,92.0,,,,,4498,2014-12-07
1418515200000,201451,179.0,179,179,179,0.96245944,10.825777,0,3,261160620145119589,2023-08-20,Recife,0.0,1.2182478,1653461.0,25.0,89.2857142857,1,1,1,74.3442757143,57.1428571429,27.2263654286,30.0,96.0,,,,,4498,2014-12-14
1419120000000,201452,149.0,149,149,149,0.2020502,9.011401,0,3,261160620145219589,2023-08-20,Recife,0.0,0.91002417,1653461.0,25.4285714286,83.2857142857,1,0,1,72.9170677143,58.8571428571,27.4091391429,29.7142857143,80.0,,,,,4498,2014-12-21
1419724800000,201453,117.0,117,117,117,0.0020177858,7.0760665,0,2,261160620145319589,2023-08-20,Recife,0.0,0.7086412,1653461.0,24.2857142857,90.7142857143,1,0,1,73.8811265714,57.7142857143,27.0092245714,29.8571428571,144.0,,,,,4498,2014-12-28
1420329600000,201501,355.0,355,355,355,1.0,21.470116,0,2,261160620150119589,2023-08-20,Recife,0.0,2.2115304,1653461.0,25.1428571429,83.5714285714,1,1,2,71.18945,56.1428571429,27.3751148571,29.8571428571,272.0,,,,,41361,2015-01-04
1420934400000,201502,461.0,461,461,461,1.0,27.88091,0,4,261160620150219589,2023-08-20,Recife,0.0,2.2598534,1653461.0,25.1428571429,85.0,1,1,2,72.2708702857,57.0,27.4122637143,30.0,358.0,,,,,41361,2015-01-11
1421539200000,201503,515.0,515,515,515,1.0,31.146788,0,4,261160620150319589,2023-08-20,Recife,0.0,1.6187279,1653461.0,25.5714285714,85.1428571429,1,1,2,71.9485885714,56.0,27.7667048571,30.4285714286,387.0,,,,,41361,2015-01-18
1422144000000,201504,578.0,578,578,578,0.9999977,34.956978,0,4,261160620150419589,2023-08-20,Recife,0.0,1.3359985,1653461.0,25.7142857143,85.2857142857,1,1,2,71.9278597143,53.5714285714,27.5873565714,30.4285714286,423.0,,,,,41361,2015-01-25
1422748800000,201505,590.0,590,590,590,0.9931201,35.682728,0,4,261160620150519589,2023-08-20,Recife,0.0,1.1604509,1653461.0,26.8571428571,80.4285714286,1,1,2,71.2157257143,56.7142857143,28.1336405714,30.5714285714,455.0,,,,,41361,2015-02-01
1423353600000,201506,543.0,543,543,543,0.37255138,32.840206,0,4,261160620150619589,2023-08-20,Recife,0.0,0.98056495,1653461.0,26.1428571429,85.2857142857,1,0,2,71.89533,55.7142857143,28.2739357143,31.2857142857,424.0,,,,,41361,2015-02-08
1423958400000,201507,646.0,646,646,646,0.9838021,39.069565,0,4,261160620150719589,2023-08-20,Recife,0.0,1.1305577,1653461.0,25.5714285714,89.7142857143,1,1,2,75.5935194286,59.5714285714,27.6729551429,30.5714285714,512.0,,,,,41361,2015-02-15
1424563200000,201508,892.0,892,892,892,1.0,53.94745,0,4,261160620150819589,2023-08-20,Recife,0.0,1.4931049,1653461.0,25.2857142857,87.1428571429,1,1,2,74.0157322857,55.8571428571,27.7583918571,30.2857142857,745.0,,,,,41361,2015-02-22
1425168000000,201509,1397.0,1397,1397,1397,1.0,84.48944,0,4,261160620150919589,2023-08-20,Recife,0.0,1.9542398,1653461.0,25.1428571429,91.2857142857,1,1,2,76.2003042857,61.8571428571,27.7158264286,30.1428571429,1166.0,,,,,41361,2015-03-01
1425772800000,201510,1576.0,1576,1576,1576,1.0,95.31522,0,4,261160620151019589,2023-08-20,Recife,0.0,1.6292732,1653461.0,25.2857142857,87.8571428571,1,1,2,77.5667805714,55.2857142857,27.2970874286,29.4285714286,1289.0,,,,,41361,2015-03-08
1426377600000,201511,1781.0,1781,1781,1781,1.0,107.713455,0,4,261160620151119589,2023-08-20,Recife,0.0,1.3827333,1653461.0,25.7142857143,86.8571428571,1,1,2,76.006358,61.4285714286,27.8639611429,30.0,1469.0,,,,,41361,2015-03-15
1426982400000,201512,1791.0,1791,1791,1791,0.99998945,108.31825,0,4,261160620151219589,2023-08-20,Recife,0.0,1.1588405,1653461.0,24.7142857143,90.0,1,1,2,77.245248,62.1428571429,27.376847,30.1428571429,1599.0,,,,,41361,2015-03-22
1427587200000,201513,1959.0,1959,1959,1959,0.9999798,118.47875,0,4,261160620151319589,2023-08-20,Recife,0.0,1.145302,1653461.0,24.2857142857,89.8571428571,1,1,2,73.430222,55.2857142857,27.3154221429,30.2857142857,1998.0,,,,,41361,2015-03-29
1428192000000,201514,1602.0,1602,1602,1602,0.0004008158,96.88768,0,4,261160620151419589,2023-08-20,Recife,0.0,0.89130175,1653461.0,24.8571428571,93.2857142857,1,0,2,76.7788585714,60.7142857143,27.9583331429,30.7142857143,1872.0,,,,,41361,2015-04-05
1428796800000,201515,1547.0,1547,1547,1547,1.34191e-05,93.561325,0,4,261160620151519589,2023-08-20,Recife,0.0,0.8645407,1653461.0,25.7142857143,86.8571428571,1,0,2,73.4604842857,58.1428571429,28.1475997143,30.5714285714,1747.0,,,,,41361,2015-04-12
1429401600000,201516,1661.0,1661,1661,1661,0.3586092,100.455956,0,4,261160620151619589,2023-08-20,Recife,0.0,0.9875514,1653461.0,25.1428571429,89.5714285714,1,0,2,76.9377305714,58.1428571429,27.6988192857,30.7142857143,1663.0,,,,,41361,2015-04-19
1430006400000,201517,1199.0,1199,1199,1199,0.0,72.514565,0,4,261160620151719589,2023-08-20,Recife,0.0,0.75627804,1653461.0,26.1428571429,83.1428571429,1,0,2,71.4003791429,56.8571428571,28.333601,30.5714285714,1131.0,,,,,41361,2015-04-26
1430611200000,201518,1020.0,1020,1020,1020,0.0,61.688786,0,4,261160620151819589,2023-08-20,Recife,0.0,0.6903164,1653461.0,24.4285714286,92.2857142857,1,0,2,76.3376122857,61.7142857143,27.5457398571,30.0,969.0,,,,,41361,2015-05-03
1431216000000,201519,812.0,812,812,812,0.0,49.10911,0,4,261160620151919589,2023-08-20,Recife,0.0,0.64353293,1653461.0,24.8571428571,88.1428571429,1,0,2,73.8689911429,58.0,27.5323188571,30.1428571429,674.0,,,,,41361,2015-05-10
1431820800000,201520,655.0,655,655,655,0.0,39.613876,0,4,261160620152019589,2023-08-20,Recife,0.0,0.6386252,1653461.0,24.0,94.1428571429,1,0,2,78.4848871429,60.2857142857,27.0589167143,30.0,559.0,,,,,41361,2015-05-17
1432425600000,201521,450.0,450,450,450,0.0,27.215641,0,4,261160620152119589,2023-08-20,Recife,0.0,0.54489714,1653461.0,24.5714285714,92.8571428571,1,0,2,78.6584437143,61.1428571429,27.1346751429,29.8571428571,358.0,,,,,41361,2015-05-24
1433030400000,201522,517.0,517,517,517,2.64338e-05,31.267746,0,4,261160620152219589,2023-08-20,Recife,0.0,0.789076,1653461.0,23.2857142857,96.7142857143,1,0,2,81.2657128571,56.7142857143,26.0725384286,29.0,300.0,,,,,41361,2015-05-31
1433635200000,201523,525.0,525,525,525,0.3230056,31.751581,0,4,261160620152319589,2023-08-20,Recife,0.0,0.9722527,1653461.0,23.0,95.7142857143,0,0,2,79.185388,60.5714285714,26.1350038571,29.0,290.0,,,,,41361,2015-06-07
1434240000000,201524,406.0,406,406,406,0.0006232774,24.554556,0,4,261160620152419589,2023-08-20,Recife,0.0,0.8068427,1653461.0,23.4285714286,93.0,1,0,2,78.07089,59.5714285714,26.226296,29.1428571429,202.0,,,,,41361,2015-06-14
1434844800000,201525,386.0,386,386,386,0.0006210792,23.34497,0,4,261160620152519589,2023-08-20,Recife,0.0,0.8026063,1653461.0,22.4285714286,97.4285714286,0,0,2,82.8241757143,56.1428571429,25.0718732857,27.8571428571,140.0,,,,,41361,2015-06-21
1435449600000,201526,535.0,535,535,535,0.99866253,32.356373,0,4,261160620152619589,2023-08-20,Recife,0.0,1.2123613,1653461.0,23.2857142857,98.2857142857,1,1,2,84.5312294286,70.0,25.5197467143,28.2857142857,136.0,,,,,41361,2015-06-28
1436054400000,201527,554.0,554,554,554,0.9998031,33.505478,0,4,261160620152719589,2023-08-20,Recife,0.0,1.252558,1653461.0,23.2857142857,93.7142857143,1,1,2,79.4147465714,60.5714285714,25.6136051429,28.7142857143,131.0,,,,,41361,2015-07-05
1436659200000,201528,281.0,281,281,281,0.0,16.994656,0,4,261160620152819589,2023-08-20,Recife,0.0,0.5849597,1653461.0,23.8571428571,89.4285714286,1,0,1,74.4303871429,58.0,26.136104,28.5714285714,122.0,,,,,41361,2015-07-12
1437264000000,201529,443.0,443,443,443,0.23164144,26.792286,0,1,261160620152919589,2023-08-20,Recife,0.0,0.9525018,1653461.0,22.1428571429,96.1428571429,0,0,2,83.7661308571,66.4285714286,24.2521391429,26.8571428571,85.0,,,,,41361,2015-07-19
1437868800000,201530,301.0,301,301,301,8.6154e-05,18.204239,0,1,261160620153019589,2023-08-20,Recife,0.0,0.75203025,1653461.0,22.4285714286,95.7142857143,0,0,1,83.0359805714,58.7142857143,24.4664752857,27.0,74.0,,,,,41361,2015-07-26
1438473600000,201531,430.0,430,430,430,0.97775245,26.006056,0,1,261160620153119589,2023-08-20,Recife,0.0,1.1524788,1653461.0,22.8571428571,86.8571428571,0,1,2,73.5926751429,58.0,25.4297011429,28.0,117.0,,,,,41361,2015-08-02
1439078400000,201532,307.0,307,307,307,0.011841515,18.567114,0,1,261160620153219589,2023-08-20,Recife,0.0,0.8397243,1653461.0,22.0,92.4285714286,0,0,1,77.3537071429,60.8571428571,24.9867494286,27.5714285714,151.0,,,,,41361,2015-08-09
1439683200000,201533,531.0,531,531,531,0.99999994,32.114456,0,1,261160620153319589,2023-08-20,Recife,0.0,1.4252322,1653461.0,23.5714285714,87.7142857143,1,1,2,73.2056448571,57.4285714286,25.8640814286,28.0,178.0,,,,,41361,2015-08-16
1440288000000,201534,604.0,604,604,604,1.0,36.529438,0,4,261160620153419589,2023-08-20,Recife,0.0,1.4881513,1653461.0,23.1428571429,86.8571428571,1,1,2,72.0089285714,57.0,25.9776785714,28.5714285714,146.0,,,,,41361,2015-08-23
1440892800000,201535,535.0,535,535,535,0.93844396,32.356373,0,4,261160620153519589,2023-08-20,Recife,0.0,1.1013473,1653461.0,22.4285714286,91.7142857143,0,0,2,75.9104937143,58.5714285714,25.5781868571,28.2857142857,153.0,,,,,41361,2015-08-30
1441497600000,201536,471.0,471,471,471,0.011957031,28.485704,0,4,261160620153619589,2023-08-20,Recife,0.0,0.86763734,1653461.0,25.0,82.0,1,0,2,68.9098178571,54.7142857143,26.643903,28.8571428571,198.0,,,,,41361,2015-09-06
1442102400000,201537,252.0,252,252,252,0.0,15.240759,0,4,261160620153719589,2023-08-20,Recife,0.0,0.4871955,1653461.0,24.1428571429,85.5714285714,1,0,1,70.4238194286,54.8571428571,26.4812788571,28.7142857143,166.0,,,,,41361,2015-09-13
1442707200000,201538,344.0,344,344,344,0.0007858521,20.804846,0,2,261160620153819589,2023-08-20,Recife,0.0,0.7964599,1653461.0,25.5714285714,75.7142857143,1,0,2,67.7678571429,55.0,26.9508928571,29.0,246.0,,,,,41361,2015-09-20
1443312000000,201539,508.0,508,508,508,0.9999999,30.723434,0,4,261160620153919589,2023-08-20,Recife,0.0,1.4237647,1653461.0,25.7142857143,75.8571428571,1,1,2,66.4792622857,51.7142857143,26.9160425714,29.0,403.0,,,,,41361,2015-09-27
1443916800000,201540,560.0,560,560,560,1.0,33.86835,0,4,261160620154019589,2023-08-20,Recife,0.0,1.4765937,1653461.0,24.8571428571,81.1428571429,1,1,2,68.6952114286,54.2857142857,26.7828734286,29.2857142857,457.0,,,,,41361,2015-10-04
1444521600000,201541,588.0,588,588,588,0.9998779,35.56177,0,4,261160620154119589,2023-08-20,Recife,0.0,1.2539545,1653461.0,24.2857142857,88.1428571429,1,1,2,70.6637237143,53.4285714286,26.5648951429,29.0,495.0,,,,,41361,2015-10-11
1445126400000,201542,655.0,655,655,655,0.9993532,39.613876,0,4,261160620154219589,2023-08-20,Recife,0.0,1.2046525,1653461.0,25.1428571429,78.5714285714,1,1,2,69.0105564286,56.5714285714,26.9526917143,29.0,504.0,,,,,41361,2015-10-18
1445731200000,201543,619.0,619,619,619,0.78983796,37.436626,0,4,261160620154319589,2023-08-20,Recife,0.0,1.0474141,1653461.0,25.8571428571,75.2857142857,1,0,2,65.9563657143,51.7142857143,27.2692971429,29.2857142857,511.0,,,,,41361,2015-10-25
1446336000000,201544,925.0,925,925,925,1.0,55.94326,0,4,261160620154419589,2023-08-20,Recife,0.0,1.454768,1653461.0,25.375,80.625,1,1,2,68.9501075,53.625,27.16364875,29.75,759.0,,,,,41361,2015-11-01
1446940800000,201545,1071.0,1071,1071,1071,1.0,64.773224,0,4,261160620154519589,2023-08-20,Recife,0.0,1.4846537,1653461.0,25.5714285714,78.7142857143,1,1,2,67.34375,50.8571428571,27.1964285714,29.8571428571,880.0,,,,,41361,2015-11-08
1447545600000,201546,1133.0,1133,1133,1133,1.0,68.522934,0,4,261160620154619589,2023-08-20,Recife,0.0,1.2916545,1653461.0,25.0,84.7142857143,1,1,2,70.7964572857,53.8571428571,27.2897455714,29.8571428571,986.0,,,,,41361,2015-11-15
1448150400000,201547,1094.0,1094,1094,1094,0.9445521,66.164246,0,4,261160620154719589,2023-08-20,Recife,0.0,1.0718011,1653461.0,25.2857142857,83.4285714286,1,0,2,69.9491991429,51.2857142857,27.7949507143,30.7142857143,890.0,,,,,41361,2015-11-22
1448755200000,201548,1340.0,1340,1340,1340,0.99999934,81.04213,0,4,261160620154819589,2023-08-20,Recife,0.0,1.2170869,1653461.0,24.8571428571,82.8571428571,1,1,2,68.8364534286,51.5714285714,27.5177804286,30.7142857143,1140.0,,,,,41361,2015-11-29
1449360000000,201549,1125.0,1125,1125,1125,0.24757382,68.0391,0,4,261160620154919589,2023-08-20,Recife,0.0,0.9718518,1653461.0,25.4285714286,82.2857142857,1,0,2,72.18894,60.2857142857,27.2395032857,29.0,895.0,,,,,41361,2015-12-06
1449964800000,201550,967.0,967,967,967,7.854e-07,58.483387,0,4,261160620155019589,2023-08-20,Recife,0.0,0.8127635,1653461.0,26.0,81.4285714286,1,0,2,76.2700215714,67.4285714286,26.5988455714,27.1428571429,753.0,,,,,41361,2015-12-13
1450569600000,201551,787.0,787,787,787,0.0,47.59713,0,4,261160620155119589,2023-08-20,Recife,0.0,0.70661575,1653461.0,25.8571428571,80.1428571429,1,0,2,74.87153,67.1428571429,26.6483135714,27.4285714286,584.0,,,,,41361,2015-12-20
1451174400000,201552,537.0,537,537,537,0.0,32.47733,0,4,261160620155219589,2023-08-20,Recife,0.0,0.56244034,1653461.0,26.0,82.7142857143,1,0,2,77.484618,70.0,26.6773724286,27.4285714286,634.0,,,,,41361,2015-12-27
1451779200000,201601,1245.0,1245,1245,1245,1.0,75.29661,0,4,261160620160119589,2023-08-20,Recife,0.0,1.5333704,1653461.0,26.1428571429,89.0,1,1,2,82.700844,73.4285714286,26.939068,28.0,898.0,,,,,24721,2016-01-03
1452384000000,201602,1438.0,1438,1438,1438,1.0,86.96909,0,4,261160620160219589,2023-08-20,Recife,0.0,1.7100083,1653461.0,25.7142857143,89.7142857143,1,1,2,84.597515,76.5714285714,26.3474011429,27.4285714286,989.0,,,,,24721,2016-01-10
1452988800000,201603,1317.0,1317,1317,1317,0.9999976,79.65111,0,4,261160620160319589,2023-08-20,Recife,0.0,1.2053701,1653461.0,25.4285714286,91.1428571429,1,1,2,85.4963905714,77.5714285714,26.2900431429,27.2857142857,799.0,,,,,24721,2016-01-17
1453593600000,201604,1682.0,1682,1682,1682,1.0,101.72601,0,4,261160620160419589,2023-08-20,Recife,0.0,1.2771131,1653461.0,25.1428571429,85.1428571429,1,1,2,76.5341964286,67.7142857143,26.8080358571,28.1428571429,1162.0,,,,,24721,2016-01-24
1454198400000,201605,1879.0,1879,1879,1879,1.0,113.64042,0,4,261160620160519589,2023-08-20,Recife,0.0,1.294514,1653461.0,25.5714285714,85.1428571429,1,1,2,72.61612,58.1428571429,27.9401682857,30.4285714286,1414.0,,,,,24721,2016-01-31
1454803200000,201606,2044.0,2044,2044,2044,1.0,123.619484,0,4,261160620160619589,2023-08-20,Recife,0.0,1.247904,1653461.0,24.8571428571,86.1428571429,1,1,2,73.131945,57.4285714286,27.5173612857,29.8571428571,1536.0,,,,,24721,2016-02-07
1455408000000,201607,2072.0,2072,2072,2072,0.9998918,125.312904,0,4,261160620160719589,2023-08-20,Recife,0.0,1.1256518,1653461.0,26.2857142857,83.8571428571,1,1,2,78.9255151429,70.1428571429,26.979085,28.1428571429,1670.0,,,,,24721,2016-02-14
1456012800000,201608,1578.0,1578,1578,1578,1e-10,95.43618,0,4,261160620160819589,2023-08-20,Recife,0.0,0.8077784,1653461.0,26.0,86.8571428571,1,0,2,77.9160711429,61.7142857143,27.0381494286,28.2857142857,1315.0,,,,,24721,2016-02-21
1456617600000,201609,1267.0,1267,1267,1267,0.0,76.627144,0,4,261160620160919589,2023-08-20,Recife,0.0,0.6737517,1653461.0,25.8571428571,86.2857142857,1,0,2,78.1070357143,68.8571428571,27.0232142857,28.0,1060.0,,,,,24721,2016-02-28
1457222400000,201610,985.0,985,985,985,0.0,59.572014,0,4,261160620161019589,2023-08-20,Recife,0.0,0.61196685,1653461.0,26.1428571429,86.0,1,0,2,77.6505668571,68.0,27.2329545714,28.1428571429,767.0,,,,,24721,2016-03-06
1457827200000,201611,786.0,786,786,786,0.0,47.53665,0,4,261160620161119589,2023-08-20,Recife,0.0,0.60965693,1653461.0,25.1428571429,90.0,1,0,2,81.1672065714,64.5714285714,26.3142171429,27.1428571429,629.0,,,,,24721,2016-03-13
1458432000000,201612,757.0,757,757,757,1e-10,45.782757,0,4,261160620161219589,2023-08-20,Recife,0.0,0.738355,1653461.0,25.7142857143,90.4285714286,1,0,2,83.0359842857,73.1428571429,26.8288694286,27.8571428571,560.0,,,,,24721,2016-03-20
1459036800000,201613,606.0,606,606,606,2e-10,36.650394,0,4,261160620161319589,2023-08-20,Recife,0.0,0.7184517,1653461.0,25.1428571429,90.4285714286,1,0,2,83.1436217143,72.2857142857,26.3567611429,28.0,471.0,,,,,24721,2016-03-27
1459641600000,201614,621.0,621,621,621,0.0013338871,37.557583,0,4,261160620161419589,2023-08-20,Recife,0.0,0.8491013,1653461.0,25.5714285714,89.0,1,0,2,82.7987028571,72.7142857143,26.4776785714,27.8571428571,495.0,,,,,24721,2016-04-03
1460246400000,201615,482.0,482,482,482,3.629e-07,29.150974,0,4,261160620161519589,2023-08-20,Recife,0.0,0.7436062,1653461.0,25.0,95.0,1,0,2,79.7178642857,65.5714285714,27.6041488571,29.7142857143,371.0,,,,,24721,2016-04-10
1460851200000,201616,487.0,487,487,487,0.0018511489,29.453371,0,4,261160620161619589,2023-08-20,Recife,0.0,0.8370729,1653461.0,25.5714285714,89.0,1,0,2,77.7660437143,64.4285714286,27.1420772857,28.8571428571,321.0,,,,,24721,2016-04-17
1461456000000,201617,341.0,341,341,341,1.2e-09,20.623407,0,4,261160620161719589,2023-08-20,Recife,0.0,0.6621555,1653461.0,26.0,84.0,1,0,2,76.3214282857,68.0,27.0750808571,28.0,224.0,,,,,24721,2016-04-24
1462060800000,201618,312.0,312,312,312,4.737e-07,18.86951,0,4,261160620161819589,2023-08-20,Recife,0.0,0.6986296,1653461.0,24.0,91.8571428571,1,0,2,86.4434254286,78.1428571429,24.8798702857,26.1428571429,197.0,,,,,24721,2016-05-01
1462665600000,201619,356.0,356,356,356,0.21399431,21.530596,0,4,261160620161919589,2023-08-20,Recife,0.0,0.94316435,1653461.0,24.4285714286,94.1428571429,1,0,2,88.8315757143,81.4285714286,25.2788151429,26.1428571429,209.0,,,,,24721,2016-05-08
1463270400000,201620,353.0,353,353,353,0.67990834,21.349157,0,4,261160620162019589,2023-08-20,Recife,0.0,1.0361139,1653461.0,24.4285714286,91.1428571429,1,0,2,82.0401785714,71.7142857143,25.741802,27.0,196.0,,,,,24721,2016-05-15
1463875200000,201621,263.0,263,263,263,0.0011195354,15.90603,0,4,261160620162119589,2023-08-20,Recife,0.0,0.77864033,1653461.0,23.7142857143,91.8571428571,1,0,1,86.6804651429,79.4285714286,24.65,25.8571428571,145.0,,,,,24721,2016-05-22
1464480000000,201622,236.0,236,236,236,0.0001354366,14.273091,0,2,261160620162219589,2023-08-20,Recife,0.0,0.73344153,1653461.0,23.8571428571,97.0,1,0,1,92.9054284286,79.4285714286,24.1954714286,25.1428571429,140.0,,,,,24721,2016-05-29
1465084800000,201623,297.0,297,297,297,0.7034593,17.962322,0,2,261160620162319589,2023-08-20,Recife,0.0,1.0453043,1653461.0,24.2857142857,92.8571428571,1,0,1,84.7873374286,75.4285714286,25.6903405714,27.0,166.0,,,,,24721,2016-06-05
1465689600000,201624,238.0,238,238,238,0.13007294,14.39405,0,1,261160620162419589,2023-08-20,Recife,0.0,0.90431494,1653461.0,22.5714285714,90.7142857143,0,0,1,82.6910162857,71.0,24.095238,25.7142857143,143.0,,,,,24721,2016-06-12
1466294400000,201625,226.0,226,226,226,0.055183884,13.6683,0,1,261160620162519589,2023-08-20,Recife,0.0,0.86525685,1653461.0,23.0,91.8571428571,0,0,1,84.8072242857,76.2857142857,24.1525971429,25.2857142857,145.0,,,,,24721,2016-06-19
1466899200000,201626,186.0,186,186,186,0.0020422766,11.249131,0,1,261160620162619589,2023-08-20,Recife,0.0,0.7576483,1653461.0,25.0,74.4285714286,1,0,1,69.337176,59.4285714286,25.75487,26.7142857143,102.0,,,,,24721,2016-06-26
1467504000000,201627,168.0,168,168,168,0.0047104093,10.160505,0,1,261160620162719589,2023-08-20,Recife,0.0,0.76731956,1653461.0,23.5714285714,87.8571428571,1,0,1,81.3511357143,73.0,24.7651785714,25.5714285714,94.0,,,,,24721,2016-07-03
1468108800000,201628,133.0,133,133,133,0.0006168244,8.043734,0,1,261160620162819589,2023-08-20,Recife,0.0,0.6966319,1653461.0,23.0,90.8571428571,0,0,1,83.570888,75.2857142857,24.0255142857,25.2857142857,119.0,,,,,24721,2016-07-10
1468713600000,201629,95.0,95,95,95,1.08943e-05,5.745524,0,1,261160620162919589,2023-08-20,Recife,0.0,0.58412313,1653461.0,21.8571428571,93.2857142857,0,0,1,86.8798697143,76.4285714286,23.2670454286,24.7142857143,76.0,,,,,24721,2016-07-17
1469318400000,201630,112.0,112,112,112,0.08150206,6.7736707,0,1,261160620163019589,2023-08-20,Recife,0.0,0.83694,1653461.0,23.4285714286,89.7142857143,1,0,1,79.7307911429,68.0,24.3713477143,26.1428571429,99.0,,,,,24721,2016-07-24
1469923200000,201631,123.0,123,123,123,0.7265448,7.4389415,0,1,261160620163119589,2023-08-20,Recife,0.0,1.0813316,1653461.0,23.1428571429,90.1428571429,1,0,1,79.2134751429,66.2857142857,24.7260548571,26.2857142857,105.0,,,,,24721,2016-07-31
1470528000000,201632,139.0,139,139,139,0.9504862,8.406609,0,1,261160620163219589,2023-08-20,Recife,0.0,1.2313255,1653461.0,22.8571428571,88.2857142857,0,1,1,81.0312491429,71.7142857143,23.8380682857,25.2857142857,108.0,,,,,24721,2016-08-07
1471132800000,201633,122.0,122,122,122,0.4966038,7.3784623,0,1,261160620163319589,2023-08-20,Recife,0.0,0.99891275,1653461.0,23.8571428571,90.1428571429,1,0,1,80.9820177143,70.8571428571,25.137425,26.4285714286,92.0,,,,,24721,2016-08-14
1471737600000,201634,102.0,102,102,102,0.05053369,6.1688786,0,1,261160620163419589,2023-08-20,Recife,0.0,0.8048674,1653461.0,24.2857142857,84.2857142857,1,0,1,75.9261357143,66.1428571429,25.573864,27.1428571429,80.0,,,,,24721,2016-08-21
1472342400000,201635,71.0,71,71,71,0.0002881178,4.294023,0,2,261160620163519589,2023-08-20,Recife,0.0,0.6018508,1653461.0,24.4285714286,87.5714285714,1,0,1,77.385146,68.0,25.8306277143,27.1428571429,56.0,,,,,24721,2016-08-28
1472947200000,201636,76.0,76,76,76,0.037120197,4.5964193,0,2,261160620163619589,2023-08-20,Recife,0.0,0.7633529,1653461.0,24.2857142857,82.7142857143,1,0,1,74.7743502857,64.5714285714,25.3993954286,26.8571428571,57.0,,,,,24721,2016-09-04
1473552000000,201637,96.0,96,96,96,0.81922925,5.806003,0,2,261160620163719589,2023-08-20,Recife,0.0,1.1456069,1653461.0,24.7142857143,85.7142857143,1,0,1,79.9573042857,72.7142857143,25.2081982857,26.2857142857,67.0,,,,,24721,2016-09-11
1474156800000,201638,75.0,75,75,75,0.31936136,4.53594,0,2,261160620163819589,2023-08-20,Recife,0.0,0.92770576,1653461.0,24.8571428571,82.5714285714,1,0,1,76.989448,69.4285714286,25.8603085714,27.0,43.0,,,,,24721,2016-09-18
1474761600000,201639,94.0,94,94,94,0.7688369,5.685045,0,2,261160620163919589,2023-08-20,Recife,0.0,1.1162155,1653461.0,25.5714285714,81.4285714286,1,0,1,74.4764888571,66.2857142857,26.3407971429,27.5714285714,42.0,,,,,24721,2016-09-25
1475366400000,201640,90.0,90,90,90,0.6422923,5.443128,0,2,261160620164019589,2023-08-20,Recife,0.0,1.0565103,1653461.0,24.8571428571,83.7142857143,1,0,1,76.2964914286,64.8571428571,25.9302397143,27.5714285714,62.0,,,,,24721,2016-10-02
1475971200000,201641,80.0,80,80,80,0.28639102,4.838336,0,2,261160620164119589,2023-08-20,Recife,0.0,0.9166467,1653461.0,25.4285714286,84.1428571429,1,0,1,75.972484,65.1428571429,26.3185877143,27.8571428571,59.0,,,,,24721,2016-10-09
1476576000000,201642,85.0,85,85,85,0.43679497,5.1407323,0,2,261160620164219589,2023-08-20,Recife,0.0,0.9760915,1653461.0,25.7142857143,82.0,1,0,1,76.69246,68.5714285714,26.2847221429,27.0,58.0,,,,,24721,2016-10-16
1477180800000,201643,73.0,73,73,73,0.19728717,4.414982,0,2,261160620164319589,2023-08-20,Recife,0.0,0.872975,1653461.0,25.8571428571,79.7142857143,1,0,1,75.19365,67.7142857143,26.4412697143,27.2857142857,47.0,,,,,24721,2016-10-23
1477785600000,201644,61.0,61,61,61,0.058374017,3.6892312,0,2,261160620164419589,2023-08-20,Recife,0.0,0.7671892,1653461.0,25.5714285714,83.5714285714,1,0,1,76.740574,69.0,26.5153767143,27.7142857143,53.0,,,,,24721,2016-10-30
1478390400000,201645,68.0,68,68,68,0.3408513,4.1125855,0,2,261160620164519589,2023-08-20,Recife,0.0,0.93338984,1653461.0,25.8571428571,82.8571428571,1,0,1,77.3160051429,68.8571428571,26.7020607143,27.7142857143,46.0,,,,,24721,2016-11-06
1478995200000,201646,72.0,72,72,72,0.6553259,4.3545027,0,2,261160620164619589,2023-08-20,Recife,0.0,1.0698895,1653461.0,25.8571428571,88.8571428571,1,0,1,79.3375928571,68.0,26.9334225714,28.5714285714,55.0,,,,,24721,2016-11-13
1479600000000,201647,71.0,71,71,71,0.61817634,4.294023,0,2,261160620164719589,2023-08-20,Recife,0.0,1.0522816,1653461.0,26.2857142857,80.0,1,0,1,76.2499998571,69.4285714286,26.8913692857,27.4285714286,54.0,,,,,24721,2016-11-20
1480204800000,201648,57.0,57,57,57,0.14032766,3.4473145,0,2,261160620164819589,2023-08-20,Recife,0.0,0.82532465,1653461.0,26.4285714286,81.7142857143,1,0,1,75.6168508571,66.5714285714,27.0248015714,27.8571428571,44.0,,,,,24721,2016-11-27
1480809600000,201649,69.0,69,69,69,0.5609252,4.1730647,0,2,261160620164919589,2023-08-20,Recife,0.0,1.0265393,1653461.0,26.2857142857,83.0,1,0,1,78.1507952857,69.4285714286,26.9747021429,27.7142857143,51.0,,,,,24721,2016-12-04
1481414400000,201650,67.0,67,67,67,0.58896935,4.0521064,0,2,261160620165019589,2023-08-20,Recife,0.0,1.0398884,1653461.0,26.2857142857,84.5714285714,1,0,1,78.4738514286,71.1428571429,26.9072421429,27.5714285714,51.0,,,,,24721,2016-12-11
1482019200000,201651,64.0,64,64,64,0.45962244,3.870669,0,2,261160620165119589,2023-08-20,Recife,0.0,0.98237175,1653461.0,25.2857142857,88.1428571429,1,0,1,79.6554842857,68.2857142857,26.6540814286,27.8571428571,41.0,,,,,24721,2016-12-18
1482624000000,201652,404.0,404,404,404,1.0,24.433598,0,2,261160620165219589,2023-08-20,Recife,0.0,4.8023505,1653461.0,26.2857142857,86.0,1,1,2,77.3266808571,67.8571428571,27.2061448571,28.0,45.0,,,,,24721,2016-12-25
1483228800000,201701,60.0,60,60,60,4e-10,3.628752,0,2,261160620170119589,2023-08-20,Recife,0.0,0.4089211,1653461.0,26.0,82.4285714286,1,0,1,76.8670628571,68.7142857143,26.9533728571,28.1428571429,36.0,,,,,3687,2017-01-01
1483833600000,201702,84.0,84,84,84,0.0,5.0802526,0,2,261160620170219589,2023-08-20,Recife,0.0,0.4207506,1653461.0,26.2857142857,83.0,1,0,1,77.4700457143,69.8571428571,27.0086405714,27.5714285714,48.0,,,,,3687,2017-01-08
1484438400000,201703,53.0,53,53,53,0.0,3.2053976,0,2,261160620170319589,2023-08-20,Recife,0.0,0.35656273,1653461.0,26.2857142857,82.1428571429,1,0,0,74.8456928571,65.5714285714,27.1529762857,28.2857142857,39.0,,,,,3687,2017-01-15
1485043200000,201704,63.0,63,63,63,0.027379842,3.8101897,0,2,261160620170419589,2023-08-20,Recife,0.0,0.7295016,1653461.0,26.4285714286,85.4285714286,1,0,1,77.450397,68.0,27.5586735714,28.7142857143,42.0,,,,,3687,2017-01-22
1485648000000,201705,83.0,83,83,83,0.9158682,5.0197735,0,2,261160620170519589,2023-08-20,Recife,0.0,1.2531427,1653461.0,26.5714285714,83.1428571429,1,0,1,77.4866071429,69.0,27.2808958571,28.0,40.0,,,,,3687,2017-01-29
1486252800000,201706,107.0,107,107,107,0.99819475,6.4712744,0,2,261160620170619589,2023-08-20,Recife,0.0,1.5580921,1653461.0,26.2857142857,84.0,1,1,1,77.7470092857,70.7142857143,27.2827332857,28.2857142857,50.0,,,,,3687,2017-02-05
1486857600000,201707,109.0,109,109,109,0.9681545,6.5922327,0,3,261160620170719589,2023-08-20,Recife,0.0,1.3073515,1653461.0,26.2857142857,82.5714285714,1,1,1,75.817035,68.2857142857,27.2631095714,28.0,44.0,,,,,3687,2017-02-12
1487462400000,201708,81.0,81,81,81,0.112217635,4.898815,0,3,261160620170819589,2023-08-20,Recife,0.0,0.8336239,1653461.0,26.1428571429,86.0,1,0,1,77.5147551429,68.5714285714,27.4523082857,28.4285714286,33.0,,,,,3687,2017-02-19
1488067200000,201709,69.0,69,69,69,0.013294533,4.1730647,0,2,261160620170919589,2023-08-20,Recife,0.0,0.7079228,1653461.0,26.4285714286,88.4285714286,1,0,1,81.3270885714,72.7142857143,27.3697938571,28.4285714286,28.0,,,,,3687,2017-02-26
1488672000000,201710,116.0,116,116,116,0.9762888,7.0155873,0,2,261160620171019589,2023-08-20,Recife,0.0,1.3211627,1653461.0,26.4285714286,84.5714285714,1,1,1,79.4028855714,71.4285714286,27.1645022857,27.8571428571,58.0,,,,,3687,2017-03-05
1489276800000,201711,95.0,95,95,95,0.73160094,5.745524,0,2,261160620171119589,2023-08-20,Recife,0.0,1.0957979,1653461.0,25.1428571429,94.0,1,0,1,86.0393948571,75.8571428571,26.3545454286,27.7142857143,44.0,,,,,3687,2017-03-12
1489881600000,201712,131.0,131,131,131,0.98593116,7.9227753,0,2,261160620171219589,2023-08-20,Recife,0.0,1.338044,1653461.0,26.0,88.2857142857,1,1,1,80.1607958571,70.8571428571,27.3589558571,28.4285714286,65.0,,,,,3687,2017-03-19
1490486400000,201713,116.0,116,116,116,0.70320606,7.0155873,0,2,261160620171319589,2023-08-20,Recife,0.0,1.0737923,1653461.0,27.2857142857,89.0,1,0,1,81.0016242857,74.5714285714,28.0209414286,28.8571428571,34.0,,,,,3687,2017-03-26
1491091200000,201714,97.0,97,97,97,0.10596401,5.8664823,0,2,261160620171419589,2023-08-20,Recife,0.0,0.84249556,1653461.0,26.5714285714,87.0,1,0,1,80.1307872857,70.5714285714,27.4377928571,28.2857142857,44.0,,,,,3687,2017-04-02
1491696000000,201715,61.0,61,61,61,6.96798e-05,3.6892312,0,2,261160620171519589,2023-08-20,Recife,0.0,0.5525729,1653461.0,25.5714285714,95.8571428571,1,0,1,88.3979577143,72.5714285714,26.5154792857,27.7142857143,17.0,,,,,3687,2017-04-09
1492300800000,201716,118.0,118,118,118,0.9395596,7.1365457,0,2,261160620171619589,2023-08-20,Recife,0.0,1.2368114,1653461.0,25.0,93.7142857143,1,0,1,88.0447094286,78.7142857143,26.0496947143,27.4285714286,51.0,,,,,3687,2017-04-16
1492905600000,201717,74.0,74,74,74,0.14829545,4.475461,0,2,261160620171719589,2023-08-20,Recife,0.0,0.84851754,1653461.0,26.0,89.7142857143,1,0,1,82.2630505714,75.1428571429,26.9483317143,27.7142857143,40.0,,,,,3687,2017-04-23
1493510400000,201718,91.0,91,91,91,0.5171149,5.5036073,0,2,261160620171819589,2023-08-20,Recife,0.0,1.0063777,1653461.0,25.2857142857,92.2857142857,1,0,1,84.9972044286,75.1428571429,26.1570617143,27.5714285714,34.0,,,,,3687,2017-04-30
1494115200000,201719,106.0,106,106,106,0.8808284,6.410795,0,2,261160620171919589,2023-08-20,Recife,0.0,1.1836208,1653461.0,24.4285714286,99.1428571429,1,0,1,91.7168115714,85.7142857143,25.2855792857,26.2857142857,51.0,,,,,3687,2017-05-07
1494720000000,201720,95.0,95,95,95,0.59729403,5.745524,0,2,261160620172019589,2023-08-20,Recife,0.0,1.036642,1653461.0,25.1428571429,95.0,1,0,1,87.1805592857,77.1428571429,26.484802,27.8571428571,57.0,,,,,3687,2017-05-14
1495324800000,201721,73.0,73,73,73,0.039269358,4.414982,0,2,261160620172119589,2023-08-20,Recife,0.0,0.7623036,1653461.0,24.4285714286,96.0,1,0,1,90.6946605714,85.1428571429,25.210678,25.8571428571,30.0,,,,,3687,2017-05-21
1495929600000,201722,70.0,70,70,70,0.0541487,4.233544,0,2,261160620172219589,2023-08-20,Recife,0.0,0.77563477,1653461.0,24.1428571429,99.5714285714,1,0,1,96.1880942857,90.4285714286,24.4051585714,24.8571428571,31.0,,,,,3687,2017-05-28
1496534400000,201723,114.0,114,114,114,0.9905476,6.894629,0,2,261160620172319589,2023-08-20,Recife,0.0,1.4015357,1653461.0,24.8571428571,92.7142857143,1,1,1,85.1487742857,72.7142857143,25.781818,26.7142857143,58.0,,,,,3687,2017-06-04
1497139200000,201724,91.0,91,91,91,0.71013886,5.5036073,0,1,261160620172419589,2023-08-20,Recife,0.0,1.0872309,1653461.0,23.0,97.7142857143,0,0,1,89.2225244286,78.1428571429,24.5837251429,26.0,54.0,,,,,3687,2017-06-11
1497744000000,201725,63.0,63,63,63,0.009177172,3.8101897,0,1,261160620172519589,2023-08-20,Recife,0.0,0.6831873,1653461.0,23.8571428571,97.7142857143,1,0,1,87.1483394286,77.4285714286,24.8957431429,25.8571428571,40.0,,,,,3687,2017-06-18
1498348800000,201726,67.0,67,67,67,0.053902116,4.0521064,0,1,261160620172619589,2023-08-20,Recife,0.0,0.7713054,1653461.0,23.8571428571,96.1428571429,1,0,1,92.4204895714,86.4285714286,24.2429291429,25.0,35.0,,,,,3687,2017-06-25
1498953600000,201727,46.0,46,46,46,0.007366833,2.7820432,0,1,261160620172719589,2023-08-20,Recife,0.0,0.63603175,1653461.0,22.5714285714,97.5714285714,0,0,0,93.6698422857,89.5714285714,23.1952385714,23.5714285714,25.0,,,,,3687,2017-07-02
1499558400000,201728,50.0,50,50,50,0.14234276,3.02396,0,1,261160620172819589,2023-08-20,Recife,0.0,0.8165748,1653461.0,23.7142857143,90.2857142857,1,0,0,82.3019488571,73.7142857143,24.4214285714,25.2857142857,24.0,,,,,3687,2017-07-09
1500163200000,201729,57.0,57,57,57,0.6287225,3.4473145,0,1,261160620172919589,2023-08-20,Recife,0.0,1.0642371,1653461.0,23.1428571429,93.5714285714,1,0,1,90.2296191429,84.2857142857,23.4813857143,24.0,26.0,,,,,3687,2017-07-16
1500768000000,201730,54.0,54,54,54,0.589066,3.2658768,0,1,261160620173019589,2023-08-20,Recife,0.0,1.0445974,1653461.0,22.4285714286,98.2857142857,0,0,1,91.0139972857,85.1428571429,23.3760461429,24.0,34.0,,,,,3687,2017-07-23
1501372800000,201731,90.0,90,90,90,0.9979942,5.443128,0,1,261160620173119589,2023-08-20,Recife,0.0,1.6200763,1653461.0,22.7142857143,96.0,0,1,1,89.4053388571,83.0,23.3503607143,24.1428571429,43.0,,,,,3687,2017-07-30
1501977600000,201732,90.0,90,90,90,0.97872347,5.443128,0,3,261160620173219589,2023-08-20,Recife,0.0,1.3870857,1653461.0,23.2857142857,92.0,1,1,1,87.3250727143,80.1428571429,23.8383478571,24.7142857143,38.0,,,,,3687,2017-08-06
1502582400000,201733,63.0,63,63,63,0.11039254,3.8101897,0,3,261160620173319589,2023-08-20,Recife,0.0,0.8133718,1653461.0,22.1428571429,97.4285714286,0,0,1,92.4431477143,78.7142857143,22.5064932857,23.1428571429,27.0,,,,,3687,2017-08-13
1503187200000,201734,61.0,61,61,61,0.05945857,3.6892312,0,1,261160620173419589,2023-08-20,Recife,0.0,0.7683136,1653461.0,23.0,89.4285714286,0,0,1,81.2682998571,73.0,23.8832831429,24.8571428571,24.0,,,,,3687,2017-08-20
1503792000000,201735,55.0,55,55,55,0.09236778,3.326356,0,1,261160620173519589,2023-08-20,Recife,0.0,0.78856826,1653461.0,22.7142857143,84.5714285714,0,0,1,76.3968257143,67.0,24.0011695714,25.1428571429,19.0,,,,,3687,2017-08-27
1504396800000,201736,63.0,63,63,63,0.551688,3.8101897,0,1,261160620173619589,2023-08-20,Recife,0.0,1.0234779,1653461.0,23.2,83.8,1,0,1,77.3356948,69.4,24.2586116,25.0,29.0,,,,,3687,2017-09-03
1505001600000,201737,56.0,56,56,56,0.397186,3.3868353,0,1,261160620173719589,2023-08-20,Recife,0.0,0.95267075,1653461.0,23.38,,1,0,1,,,,,31.0,,,,,3687,2017-09-10
1505606400000,201738,41.0,41,41,41,0.044503704,2.4796472,0,2,261160620173819589,2023-08-20,Recife,0.0,0.70945823,1653461.0,23.56,,1,0,0,,,,,20.0,,,,,3687,2017-09-17
1506211200000,201739,111.0,111,111,111,0.99998873,6.7131915,0,2,261160620173919589,2023-08-20,Recife,0.0,1.956046,1653461.0,23.74,,1,1,1,,,,,22.0,,,,,3687,2017-09-24
1506816000000,201740,43.0,43,43,43,0.026611853,2.6006057,0,2,261160620174019589,2023-08-20,Recife,0.0,0.6853595,1653461.0,23.92,,1,0,0,,,,,18.0,,,,,3687,2017-10-01
1507420800000,201741,53.0,53,53,53,0.05410333,3.2053976,0,2,261160620174119589,2023-08-20,Recife,0.0,0.7488011,1653461.0,24.1,,1,0,0,,,,,25.0,,,,,3687,2017-10-08
1508025600000,201742,50.0,50,50,50,0.1271602,3.02396,0,2,261160620174219589,2023-08-20,Recife,0.0,0.80635285,1653461.0,24.28,,1,0,0,,,,,21.0,,,,,3687,2017-10-15
1508630400000,201743,50.0,50,50,50,0.40098506,3.02396,0,2,261160620174319589,2023-08-20,Recife,0.0,0.9518541,1653461.0,24.46,,1,0,0,,,,,24.0,,,,,3687,2017-10-22
1509235200000,201744,56.0,56,56,56,0.6963532,3.3868353,0,2,261160620174419589,2023-08-20,Recife,0.0,1.1042596,1653461.0,24.64,,1,0,1,,,,,24.0,,,,,3687,2017-10-29
1509840000000,201745,46.0,46,46,46,0.29995295,2.7820432,0,2,261160620174519589,2023-08-20,Recife,0.0,0.8993755,1653461.0,24.82,,1,0,0,,,,,16.0,,,,,3687,2017-11-05
1510444800000,201746,26.0,26,26,26,0.0026838717,1.5724592,0,2,261160620174619589,2023-08-20,Recife,0.0,0.5208951,1653461.0,25.0,81.046242,1,0,0,71.859265,65.771194,26.666667,28.5,9.0,,,,,3687,2017-11-12
1511049600000,201747,47.0,47,47,47,0.637794,2.8425224,0,2,261160620174719589,2023-08-20,Recife,0.0,1.0765294,1653461.0,24.8571428571,83.56867,1,0,0,72.6840621429,61.6527985714,27.0476188571,29.2857142857,22.0,,,,,3687,2017-11-19
1511654400000,201748,33.0,33,33,33,0.27870765,1.9958136,0,2,261160620174819589,2023-08-20,Recife,0.0,0.870498,1653461.0,25.4285714286,78.6514751429,1,0,0,71.3448407143,62.0924414286,27.190476,29.4285714286,14.0,,,,,3687,2017-11-26
1512259200000,201749,43.0,43,43,43,0.7083655,2.6006057,0,2,261160620174919589,2023-08-20,Recife,0.0,1.1290029,1653461.0,25.4285714286,83.6118288571,1,0,0,76.8184814286,71.8055714286,26.5760204286,27.7142857143,24.0,,,,,3687,2017-12-03
1512864000000,201750,39.0,39,39,39,0.5153201,2.3586888,0,2,261160620175019589,2023-08-20,Recife,0.0,1.0087084,1653461.0,25.2857142857,81.7031408571,1,0,0,77.6816815714,74.1792538571,26.2428571429,27.0,23.0,,,,,3687,2017-12-10
1513468800000,201751,38.0,38,38,38,0.44148585,2.2982097,0,2,261160620175119589,2023-08-20,Recife,0.0,0.96723837,1653461.0,25.5714285714,83.7082634286,1,0,0,78.0358175714,73.0550177143,26.4785714286,27.4285714286,17.0,,,,,3687,2017-12-17
1514073600000,201752,39.0,39,39,39,0.48832384,2.3586888,0,2,261160620175219589,2023-08-20,Recife,0.0,0.9934389,1653461.0,25.7142857143,81.5888757143,1,0,0,75.6575844286,70.6502142857,26.859524,28.0,17.0,,,,,3687,2017-12-24
1514678400000,201801,44.0,44,44,44,0.713978,2.661085,0,2,261160620180119589,2023-08-20,Recife,0.0,1.1315907,1653461.0,25.5714285714,82.8852477143,1,0,0,77.385185,74.13724,26.5428571429,27.0,19.0,,,,,4145,2017-12-31
1515283200000,201802,26.0,26,26,26,0.05046604,1.5724592,0,2,261160620180219589,2023-08-20,Recife,0.0,0.66487974,1653461.0,25.0,85.1535165714,1,0,0,78.4127007143,74.251504,26.1857142857,27.0,15.0,,,,,4145,2018-01-07
1515888000000,201803,38.0,38,38,38,0.52013427,2.2982097,0,2,261160620180319589,2023-08-20,Recife,0.0,1.0116198,1653461.0,25.5714285714,83.878478,1,0,0,77.9043258571,73.02031,26.5187888571,27.5714285714,17.0,,,,,4145,2018-01-14
1516492800000,201804,39.0,39,39,39,0.69709426,2.3586888,0,2,261160620180419589,2023-08-20,Recife,0.0,1.1271974,1653461.0,25.2857142857,85.932586,1,0,0,79.373995,71.781216,26.2654762857,27.2857142857,16.0,,,,,4145,2018-01-21
1517097600000,201805,55.0,55,55,55,0.9750102,3.326356,0,2,261160620180519589,2023-08-20,Recife,0.0,1.5105327,1653461.0,26.2857142857,79.4717625714,1,1,1,76.4081607143,72.9470502857,26.8571428571,27.2857142857,26.0,,,,,4145,2018-01-28
1517702400000,201806,41.0,41,41,41,0.46131632,2.4796472,0,2,261160620180619589,2023-08-20,Recife,0.0,0.9789946,1653461.0,26.5714285714,81.6717404286,1,0,0,77.2419765714,73.0785235714,27.2011905714,28.0,25.0,,,,,4145,2018-02-04
1518307200000,201807,63.0,63,63,63,0.9390869,3.8101897,0,2,261160620180719589,2023-08-20,Recife,0.0,1.344036,1653461.0,24.8571428571,86.6083482857,1,0,1,81.7924557143,76.1656645714,25.8428571429,26.8571428571,35.0,,,,,4145,2018-02-11
1518912000000,201808,58.0,58,58,58,0.77073,3.5077937,0,2,261160620180819589,2023-08-20,Recife,0.0,1.1526631,1653461.0,24.8571428571,88.9507345714,1,0,1,81.2729164286,73.8233802857,26.4350648571,27.5714285714,35.0,,,,,4145,2018-02-18
1519516800000,201809,78.0,78,78,78,0.9691633,4.7173777,0,2,261160620180919589,2023-08-20,Recife,0.0,1.3818215,1653461.0,24.2857142857,89.4900442857,1,1,1,77.742245,67.2297777143,26.7667751429,29.0,43.0,,,,,4145,2018-02-25
1520121600000,201810,75.0,75,75,75,0.8306752,4.53594,0,2,261160620181019589,2023-08-20,Recife,0.0,1.1761292,1653461.0,24.7142857143,91.9104285714,1,0,1,83.5782628571,76.834179,26.2207791429,27.5714285714,46.0,,,,,4145,2018-03-04
1520726400000,201811,77.0,77,77,77,0.68816787,4.6568985,0,2,261160620181119589,2023-08-20,Recife,0.0,1.0837826,1653461.0,24.7142857143,88.1564458571,1,0,1,79.2477614286,71.831614,26.5108222857,27.7142857143,47.0,,,,,4145,2018-03-11
1521331200000,201812,73.0,73,73,73,0.4415088,4.414982,0,2,261160620181219589,2023-08-20,Recife,0.0,0.9761482,1653461.0,25.2857142857,84.5916545714,1,0,1,76.6150722857,71.7601024286,26.7889614286,27.8571428571,40.0,,,,,4145,2018-03-18
1521936000000,201813,86.0,86,86,86,0.79286844,5.2012115,0,2,261160620181319589,2023-08-20,Recife,0.0,1.1368101,1653461.0,23.5714285714,94.2084114286,1,0,1,89.9248305714,83.60381,24.2337662857,25.2857142857,44.0,,,,,4145,2018-03-25
1522540800000,201814,129.0,129,129,129,0.9996841,7.801817,0,2,261160620181419589,2023-08-20,Recife,0.0,1.6138777,1653461.0,24.8571428571,92.0168502857,1,1,1,86.1224564286,79.6425782857,26.0051945714,27.1428571429,81.0,,,,,4145,2018-04-01
1522800000000,201815,138.0,138,138,138,0.9976007,8.346129,0,3,261160620181519589,2023-08-20,Recife,0.0,1.450523,1653461.0,23.2857142857,95.86361,1,1,1,90.0094961429,79.5968652857,24.285714,25.8571428571,,,,,,4145,2018-04-04
1523750400000,201816,148.0,148,148,148,0.9676726,8.950922,0,3,261160620181619589,2023-08-20,Recife,0.0,1.2547859,1653461.0,23.1428571429,98.3342357143,1,1,1,91.2521665714,83.862176,24.2121211429,25.8571428571,80.0,,,,,4145,2018-04-15
1524355200000,201817,141.0,141,141,141,0.64871526,8.527567,0,3,261160620181719589,2023-08-20,Recife,0.0,1.0470052,1653461.0,23.4285714286,95.05649,1,0,1,85.2390037143,72.1022108571,25.7132502857,28.2857142857,84.0,,,,,4145,2018-04-22
1524960000000,201818,143.0,143,143,143,0.53241116,8.648526,0,2,261160620181819589,2023-08-20,Recife,0.0,1.0096741,1653461.0,23.8571428571,94.1607457143,1,0,1,82.9163368571,71.555944,26.0833331429,28.2857142857,80.0,,,,,4145,2018-04-29
1525564800000,201819,181.0,181,181,181,0.9787991,10.946735,0,1,261160620181919589,2023-08-20,Recife,0.0,1.2528484,1653461.0,22.8571428571,95.0154671429,0,1,1,82.8489987143,70.0786268571,25.684524,28.7142857143,107.0,,,,,4145,2018-05-06
1526169600000,201820,127.0,127,127,127,0.0792392,7.6808586,0,1,261160620182019589,2023-08-20,Recife,0.0,0.8441914,1653461.0,24.0,91.8499737143,1,0,1,80.1739587143,69.3292974286,26.4821431429,28.5714285714,71.0,,,,,4145,2018-05-13
1526774400000,201821,98.0,98,98,98,0.0003569306,5.926962,0,1,261160620182119589,2023-08-20,Recife,0.0,0.64849526,1653461.0,24.0,89.6106048571,1,0,1,82.613035,73.7680438571,25.3939391429,27.1428571429,53.0,,,,,4145,2018-05-20
1527379200000,201822,109.0,109,109,109,0.065332994,6.5922327,0,2,261160620182219589,2023-08-20,Recife,0.0,0.8231004,1653461.0,23.1428571429,90.3526128571,1,0,1,82.9116997143,74.8367637143,24.4675328571,26.1428571429,68.0,,,,,4145,2018-05-27
1527984000000,201823,120.0,120,120,120,0.6745128,7.257504,0,2,261160620182319589,2023-08-20,Recife,0.0,1.0609558,1653461.0,23.4285714286,92.6106457143,1,0,1,85.9874142857,78.0326122857,24.6623374286,26.0,81.0,,,,,4145,2018-06-03
1528588800000,201824,113.0,113,113,113,0.5793967,6.83415,0,2,261160620182419589,2023-08-20,Recife,0.0,1.027145,1653461.0,24.7142857143,86.7197968571,1,0,1,75.858248,69.0842854286,25.3896105714,26.4285714286,63.0,,,,,4145,2018-06-10
1529193600000,201825,87.0,87,87,87,0.036776066,5.2616906,0,1,261160620182519589,2023-08-20,Recife,0.0,0.7756348,1653461.0,22.8571428571,88.1766014286,0,0,1,81.9817958571,74.9941451429,23.7272725714,24.7142857143,44.0,,,,,4145,2018-06-17
1529798400000,201826,82.0,82,82,82,0.039883956,4.9592943,0,1,261160620182619589,2023-08-20,Recife,0.0,0.77407944,1653461.0,21.8571428571,91.7205128571,0,0,1,84.2969434286,73.9050157143,23.2467531429,25.0,34.0,,,,,4145,2018-06-24
1530403200000,201827,109.0,109,109,109,0.84148526,6.5922327,0,1,261160620182719589,2023-08-20,Recife,0.0,1.1503645,1653461.0,22.2857142857,92.6197214286,0,0,1,86.5729108571,80.6739608571,23.4285711429,24.7142857143,57.0,,,,,4145,2018-07-01
1531008000000,201828,77.0,77,77,77,0.14022428,4.6568985,0,1,261160620182819589,2023-08-20,Recife,0.0,0.84667146,1653461.0,22.4285714286,88.5925737143,0,0,1,81.8760831429,73.9764164286,23.6645025714,25.0,43.0,,,,,4145,2018-07-08
1531612800000,201829,101.0,101,101,101,0.72682434,6.1083994,0,1,261160620182919589,2023-08-20,Recife,0.0,1.0904139,1653461.0,21.7142857143,88.74367,0,0,1,75.8962748571,63.5860587143,24.2527057143,27.0,58.0,,,,,4145,2018-07-15
1532217600000,201830,96.0,96,96,96,0.627843,5.806003,0,1,261160620183019589,2023-08-20,Recife,0.0,1.0486798,1653461.0,22.4285714286,87.0395065714,0,0,1,76.492418,65.6439977143,24.6309522857,27.1428571429,56.0,,,,,4145,2018-07-22
1532822400000,201831,93.0,93,93,93,0.48724926,5.6245656,0,1,261160620183119589,2023-08-20,Recife,0.0,0.995339,1653461.0,22.2857142857,89.497,0,0,1,77.7056291429,67.3455677143,24.7380954286,27.1428571429,44.0,,,,,4145,2018-07-29
1533427200000,201832,70.0,70,70,70,0.03156239,4.233544,0,1,261160620183219589,2023-08-20,Recife,0.0,0.7472914,1653461.0,22.4285714286,90.1370357143,0,0,1,77.162392,66.8151508571,25.2916665714,27.8571428571,33.0,,,,,4145,2018-08-05
1534032000000,201833,72.0,72,72,72,0.1168357,4.3545027,0,1,261160620183319589,2023-08-20,Recife,0.0,0.82791764,1653461.0,24.1428571429,84.2889245714,1,0,1,78.2166498571,71.4841407143,25.2773811429,26.4285714286,40.0,,,,,4145,2018-08-12
1534636800000,201834,95.0,95,95,95,0.8937884,5.745524,0,1,261160620183419589,2023-08-20,Recife,0.0,1.2083211,1653461.0,23.1428571429,85.0057601429,1,0,1,77.0797708571,70.704935,24.3647185714,25.2857142857,49.0,,,,,4145,2018-08-19
1535241600000,201835,57.0,57,57,57,0.039934248,3.4473145,0,1,261160620183519589,2023-08-20,Recife,0.0,0.7384687,1653461.0,21.8571428571,88.6822564286,0,0,1,79.2243788571,70.7012085714,23.621212,25.1428571429,28.0,,,,,4145,2018-08-26
1535846400000,201836,53.0,53,53,53,0.020100616,3.2053976,0,1,261160620183619589,2023-08-20,Recife,0.0,0.6957226,1653461.0,23.4285714286,83.6233257143,1,0,0,77.9278714286,71.8704964286,24.3452382857,25.4285714286,36.0,,,,,4145,2018-09-02
1536451200000,201837,87.0,87,87,87,0.9428008,5.2616906,0,1,261160620183719589,2023-08-20,Recife,0.0,1.2896768,1653461.0,22.7142857143,87.3626351429,0,0,1,78.5584821429,72.5674021429,24.0573591429,25.1428571429,44.0,,,,,4145,2018-09-09
1537056000000,201838,58.0,58,58,58,0.2755157,3.5077937,0,1,261160620183819589,2023-08-20,Recife,0.0,0.89815336,1653461.0,24.4285714286,84.9666151429,1,0,1,78.7979872857,72.1845405714,25.2445885714,26.1428571429,31.0,,,,,4145,2018-09-16
1537660800000,201839,57.0,57,57,57,0.1584376,3.4473145,0,1,261160620183919589,2023-08-20,Recife,0.0,0.83636004,1653461.0,24.4285714286,84.2953642857,1,0,1,79.7669821429,74.5896277143,25.1255414286,26.0,31.0,,,,,4145,2018-09-23
1538265600000,201840,70.0,70,70,70,0.6705755,4.233544,0,2,261160620184019589,2023-08-20,Recife,0.0,1.0787692,1653461.0,24.5,82.1566815,1,0,1,75.202175,67.733797,25.2272725,26.75,51.0,,,,,4145,2018-09-30
1538870400000,201841,48.0,48,48,48,0.10141799,2.9030015,0,2,261160620184119589,2023-08-20,Recife,0.0,0.7837579,1653461.0,24.5,,1,0,0,,,,,23.0,,,,,4145,2018-10-07
1539475200000,201842,57.0,57,57,57,0.3926713,3.4473145,0,2,261160620184219589,2023-08-20,Recife,0.0,0.9510367,1653461.0,24.5,80.989322,1,0,1,73.755595,67.5633695,26.164773,27.5,36.0,,,,,4145,2018-10-14
1540080000000,201843,76.0,76,76,76,0.9478918,4.5964193,0,2,261160620184319589,2023-08-20,Recife,0.0,1.3256798,1653461.0,25.2857142857,82.8287385714,1,0,1,76.8309692857,70.4414194286,26.0308445714,27.2857142857,41.0,,,,,4145,2018-10-21
1540684800000,201844,50.0,50,50,50,0.18130945,3.02396,0,2,261160620184419589,2023-08-20,Recife,0.0,0.8405692,1653461.0,25.1428571429,83.6214942857,1,0,0,77.7253094286,72.3830081429,26.2234848571,27.5714285714,25.0,,,,,4145,2018-10-28
1541289600000,201845,73.0,73,73,73,0.80373627,4.414982,0,2,261160620184519589,2023-08-20,Recife,0.0,1.1576031,1653461.0,25.4285714286,82.9502177143,1,0,1,76.9057922857,71.7043148571,26.0630951429,27.0,47.0,,,,,4145,2018-11-04
1541894400000,201846,51.0,51,51,51,0.1481708,3.0844393,0,2,261160620184619589,2023-08-20,Recife,0.0,0.8218654,1653461.0,26.0,79.3636188571,1,0,0,75.2095147143,69.8272057143,26.5,27.4285714286,21.0,,,,,4145,2018-11-11
1542499200000,201847,60.0,60,60,60,0.45775595,3.628752,0,2,261160620184719589,2023-08-20,Recife,0.0,0.9809733,1653461.0,25.5714285714,82.8995225714,1,0,1,77.2064828571,70.4981974286,26.35,27.2857142857,27.0,,,,,4145,2018-11-18
1543104000000,201848,60.0,60,60,60,0.5435585,3.628752,0,2,261160620184819589,2023-08-20,Recife,0.0,1.0202054,1653461.0,25.7142857143,84.3813331429,1,0,1,80.051507,74.9758991429,26.2940477143,27.0,31.0,,,,,4145,2018-11-25
1543708800000,201849,71.0,71,71,71,0.8587938,4.294023,0,2,261160620184919589,2023-08-20,Recife,0.0,1.2074453,1653461.0,25.7142857143,85.7889234286,1,0,1,79.7486807143,76.2680511429,26.6916665714,27.4285714286,40.0,,,,,4145,2018-12-02
1544313600000,201850,62.0,62,62,62,0.49762776,3.7497106,0,2,261160620185019589,2023-08-20,Recife,0.0,0.9989364,1653461.0,25.5428571429,,1,0,1,,,,,32.0,,,,,4145,2018-12-09
1544918400000,201851,36.0,36,36,36,0.002836161,2.1772513,0,2,261160620185119589,2023-08-20,Recife,0.0,0.569041,1653461.0,25.3714285714,,1,0,0,,,,,15.0,,,,,4145,2018-12-16
1545523200000,201852,37.0,37,37,37,0.022806782,2.2377305,0,2,261160620185219589,2023-08-20,Recife,0.0,0.6591223,1653461.0,25.2,80.6307428,1,0,0,73.403039,67.5005358,26.535,28.0,17.0,,,,,4145,2018-12-23
1546128000000,201901,67.0,67,67,67,0.9763909,4.0521064,0,2,261160620190119589,2023-08-20,Recife,0.0,1.4551996,1653461.0,25.8571428571,82.8451254286,1,1,1,77.6700257143,72.9170557143,26.5857142857,27.1428571429,23.0,,,,,10335,2018-12-30
1546732800000,201902,45.0,45,45,45,0.46707392,2.721564,0,2,261160620190219589,2023-08-20,Recife,0.0,0.98288333,1653461.0,24.5714285714,88.1157694286,1,0,0,83.0786921429,77.5608402857,25.5428571429,26.4285714286,24.0,,,,,10335,2019-01-06
1547337600000,201903,37.0,37,37,37,0.06909576,2.2377305,0,2,261160620190319589,2023-08-20,Recife,0.0,0.7283975,1653461.0,24.7142857143,91.139918,1,0,0,79.947725,72.8375208571,26.7023805714,28.7142857143,16.0,,,,,10335,2019-01-13
1547942400000,201904,48.0,48,48,48,0.5051338,2.9030015,0,2,261160620190419589,2023-08-20,Recife,0.0,1.0026206,1653461.0,25.4285714286,86.7053082857,1,0,0,74.8740151429,64.4880311429,27.5059522857,29.7142857143,29.0,,,,,10335,2019-01-20
1548547200000,201905,45.0,45,45,45,0.56448805,2.721564,0,2,261160620190519589,2023-08-20,Recife,0.0,1.0349581,1653461.0,25.0,88.9900882857,1,0,0,77.1995358571,66.0608997143,27.065476,29.2857142857,28.0,,,,,10335,2019-01-27
1549152000000,201906,75.0,75,75,75,0.9963446,4.53594,0,2,261160620190619589,2023-08-20,Recife,0.0,1.6385676,1653461.0,24.8571428571,92.862418,1,1,1,83.8910014286,73.8868781429,26.5027774286,28.2857142857,41.0,,,,,10335,2019-02-03
1549756800000,201907,122.0,122,122,122,0.99999964,7.3784623,0,3,261160620190719589,2023-08-20,Recife,0.0,2.1589932,1653461.0,26.1428571429,86.689206,1,1,1,82.6125634286,79.1074057143,26.6857142857,27.2857142857,50.0,,,,,10335,2019-02-10
1550361600000,201908,85.0,85,85,85,0.71749854,5.1407323,0,3,261160620190819589,2023-08-20,Recife,0.0,1.0942231,1653461.0,25.8571428571,89.7863302857,1,0,1,83.1495,76.993866,26.9610388571,28.1428571429,52.0,,,,,10335,2019-02-17
1550966400000,201909,96.0,96,96,96,0.5226341,5.806003,0,2,261160620190919589,2023-08-20,Recife,0.0,1.008226,1653461.0,25.7142857143,88.940686,1,0,1,82.478117,76.9175742857,26.8831168571,28.0,63.0,,,,,10335,2019-02-24
1551571200000,201910,102.0,102,102,102,0.6542598,6.1688786,0,2,261160620191019589,2023-08-20,Recife,0.0,1.0578496,1653461.0,25.4285714286,89.025943,1,0,1,82.3299657143,74.9525921429,26.74026,27.8571428571,58.0,,,,,10335,2019-03-03
1552176000000,201911,134.0,134,134,134,0.99165595,8.104213,0,2,261160620191119589,2023-08-20,Recife,0.0,1.3714451,1653461.0,25.8571428571,86.5687902857,1,1,1,80.1828117143,74.424276,27.2207791429,28.1428571429,79.0,,,,,10335,2019-03-10
1552780800000,201912,115.0,115,115,115,0.6881166,6.955108,0,2,261160620191219589,2023-08-20,Recife,0.0,1.0678368,1653461.0,24.8571428571,92.6568392857,1,0,1,87.6587541429,80.3540258571,26.2077925714,28.0,67.0,,,,,10335,2019-03-17
1553385600000,201913,158.0,158,158,158,0.9887381,9.555714,0,2,261160620191319589,2023-08-20,Recife,0.0,1.3158687,1653461.0,24.5714285714,96.6805771429,1,1,1,87.593888,79.095958,25.9610385714,27.5714285714,88.0,,,,,10335,2019-03-24
1553990400000,201914,166.0,166,166,166,0.97772926,10.039547,0,3,261160620191419589,2023-08-20,Recife,0.0,1.2629298,1653461.0,24.5714285714,95.9105564286,1,1,1,89.2948135714,82.403386,25.7142857143,26.8571428571,108.0,,,,,10335,2019-03-31
1554595200000,201915,216.0,216,216,216,0.9997102,13.063507,0,3,261160620191519589,2023-08-20,Recife,0.0,1.4362799,1653461.0,24.8571428571,93.6691214286,1,1,1,87.0174862857,78.6907864286,26.2770562857,27.7142857143,128.0,,,,,10335,2019-04-07
1555200000000,201916,218.0,218,218,218,0.9845008,13.184465,0,3,261160620191619589,2023-08-20,Recife,0.0,1.2435248,1653461.0,24.1428571429,93.4863605714,1,1,1,82.8070265714,72.5556861429,26.4155842857,28.4285714286,151.0,,,,,10335,2019-04-14
1555804800000,201917,230.0,230,230,230,0.9222694,13.910216,0,3,261160620191719589,2023-08-20,Recife,0.0,1.1467631,1653461.0,24.4285714286,93.5225408571,1,0,1,84.4908494286,73.2363978571,26.1710575714,28.4285714286,150.0,,,,,10335,2019-04-21
1556409600000,201918,319.0,319,319,319,0.99998635,19.292866,0,2,261160620191819589,2023-08-20,Recife,0.0,1.4382988,1653461.0,24.8571428571,91.1814444286,1,1,2,80.3639785714,71.5842187143,26.904762,28.5714285714,228.0,,,,,10335,2019-04-28
1557014400000,201919,289.0,289,289,289,0.95491743,17.478489,0,3,261160620191919589,2023-08-20,Recife,0.0,1.157308,1653461.0,24.1428571429,92.7179858571,1,1,1,84.3118454286,77.4797208571,25.852814,27.4285714286,221.0,,,,,10335,2019-05-05
1557619200000,201920,344.0,344,344,344,0.99159044,20.804846,0,3,261160620192019589,2023-08-20,Recife,0.0,1.2105513,1653461.0,24.1428571429,91.0762028571,1,1,2,82.8237348571,73.0038925714,26.0259742857,28.0,288.0,,,,,10335,2019-05-12
1558224000000,201921,363.0,363,363,363,0.9819705,21.953949,0,3,261160620192119589,2023-08-20,Recife,0.0,1.1757739,1653461.0,24.7142857143,91.309273,1,1,2,84.0508798571,77.1154108571,26.0779217143,27.4285714286,272.0,,,,,10335,2019-05-19
1558828800000,201922,340.0,340,340,340,0.6267191,20.56293,0,4,261160620192219589,2023-08-20,Recife,0.0,1.0252392,1653461.0,23.8571428571,93.3672785714,1,0,2,85.0783658571,75.4611968571,25.2597402857,27.0,259.0,,,,,10335,2019-05-26
1559433600000,201923,314.0,314,314,314,0.11842937,18.990469,0,4,261160620192319589,2023-08-20,Recife,0.0,0.91192794,1653461.0,22.8571428571,90.9483457143,0,0,2,83.6673285714,71.7279465714,24.4935065714,26.8571428571,221.0,,,,,10335,2019-06-02
1560038400000,201924,279.0,279,279,279,0.01252999,16.873697,0,4,261160620192419589,2023-08-20,Recife,0.0,0.8342933,1653461.0,23.8571428571,93.4104957143,1,0,1,79.4873425714,69.9664578571,25.8912337143,27.4285714286,218.0,,,,,10335,2019-06-09
1560643200000,201925,263.0,263,263,263,0.023715016,15.90603,0,1,261160620192519589,2023-08-20,Recife,0.0,0.84726703,1653461.0,23.0,91.40738,0,0,1,85.0640992857,78.1384844286,24.1168834286,25.1428571429,190.0,,,,,10335,2019-06-16
1561248000000,201926,301.0,301,301,301,0.7156757,18.204239,0,1,261160620192619589,2023-08-20,Recife,0.0,1.0481032,1653461.0,22.8571428571,91.9575157143,0,0,1,83.7098192857,74.1642907143,24.2337662857,25.8571428571,206.0,,,,,10335,2019-06-23
1561852800000,201927,327.0,327,327,327,0.9678167,19.7767,0,1,261160620192719589,2023-08-20,Recife,0.0,1.1619272,1653461.0,23.0,94.1787142857,0,1,2,86.7509865714,76.1493298571,24.2857142857,25.8571428571,232.0,,,,,10335,2019-06-30
1562457600000,201928,329.0,329,329,329,0.8989613,19.897657,0,4,261160620192819589,2023-08-20,Recife,0.0,1.1073395,1653461.0,23.0,91.08853,0,0,2,84.5604664286,74.7388798571,24.2857145714,26.0,228.0,,,,,10335,2019-07-07
1563062400000,201929,332.0,332,332,332,0.7314041,20.079094,0,4,261160620192919589,2023-08-20,Recife,0.0,1.0496386,1653461.0,22.1428571429,90.2212785714,0,0,2,85.2407542857,76.1799841429,23.3766237143,25.1428571429,229.0,,,,,10335,2019-07-14
1563667200000,201930,247.0,247,247,247,0.0008697872,14.938363,0,4,261160620193019589,2023-08-20,Recife,0.0,0.76827097,1653461.0,21.7142857143,95.7836857143,0,0,1,91.1351165714,83.6404564286,22.6493508571,24.1428571429,185.0,,,,,10335,2019-07-21
1564272000000,201931,252.0,252,252,252,0.01297444,15.240759,0,1,261160620193119589,2023-08-20,Recife,0.0,0.82771033,1653461.0,21.5714285714,96.6516371429,0,0,1,89.5734492857,82.788426,22.8311688571,24.0,192.0,,,,,10335,2019-07-28
1564876800000,201932,266.0,266,266,266,0.37387055,16.087467,0,1,261160620193219589,2023-08-20,Recife,0.0,0.9727052,1653461.0,23.1428571429,84.1753851429,1,0,1,75.0460662857,67.605364,24.7142857143,25.5714285714,188.0,,,,,10335,2019-08-04
1565481600000,201933,266.0,266,266,266,0.6292257,16.087467,0,1,261160620193319589,2023-08-20,Recife,0.0,1.0291994,1653461.0,22.4285714286,91.9993751429,0,0,1,85.6511237143,79.4737835714,23.4025974286,24.5714285714,210.0,,,,,10335,2019-08-11
1566086400000,201934,371.0,371,371,371,0.9999839,22.437784,0,1,261160620193419589,2023-08-20,Recife,0.0,1.392947,1653461.0,22.5714285714,89.3636551429,0,1,2,82.8293707143,75.9318142857,23.636364,25.0,277.0,,,,,10335,2019-08-18
1566691200000,201935,254.0,254,254,254,0.0678853,15.361717,0,1,261160620193519589,2023-08-20,Recife,0.0,0.87976635,1653461.0,22.5714285714,88.6009294286,0,0,1,80.0780542857,73.2098721429,23.9610388571,25.0,202.0,,,,,10335,2019-08-25
1567296000000,201936,273.0,273,273,273,0.09762672,16.510822,0,1,261160620193619589,2023-08-20,Recife,0.0,0.89777863,1653461.0,22.5714285714,94.2165942857,0,0,1,87.5052342857,80.0755378571,23.4718611429,24.7142857143,199.0,,,,,10335,2019-09-01
1567900800000,201937,315.0,315,315,315,0.8480139,19.05095,0,1,261160620193719589,2023-08-20,Recife,0.0,1.0871733,1653461.0,24.5714285714,80.0227442857,1,0,2,76.9448825714,72.0024221429,25.1093074286,26.0,218.0,,,,,10335,2019-09-08
1568505600000,201938,255.0,255,255,255,0.12513898,15.422196,0,1,261160620193819589,2023-08-20,Recife,0.0,0.9055212,1653461.0,23.4285714286,86.4212814286,1,0,1,78.9029255714,72.0618928571,24.7283548571,25.8571428571,171.0,,,,,10335,2019-09-15
1569110400000,201939,252.0,252,252,252,0.09382495,15.240759,0,2,261160620193919589,2023-08-20,Recife,0.0,0.892266,1653461.0,24.2857142857,82.1650285714,1,0,1,77.223625,71.3988927143,24.9567102857,26.1428571429,158.0,,,,,10335,2019-09-22
1569715200000,201940,269.0,269,269,269,0.49369347,16.268906,0,2,261160620194019589,2023-08-20,Recife,0.0,0.9986393,1653461.0,25.0,80.65763,1,0,1,74.5606285714,69.6092351429,25.7911254286,26.5714285714,173.0,,,,,10335,2019-09-29
1570320000000,201941,234.0,234,234,234,0.1373168,14.152133,0,2,261160620194119589,2023-08-20,Recife,0.0,0.9062335,1653461.0,24.1428571429,85.0562714286,1,0,1,77.2813305714,71.4548092857,25.2932902857,26.0,158.0,,,,,10335,2019-10-06
1570924800000,201942,231.0,231,231,231,0.1629014,13.9706955,0,2,261160620194219589,2023-08-20,Recife,0.0,0.9145407,1653461.0,23.4285714286,88.77546,1,0,1,81.7298034286,74.6878491429,24.6742425714,25.8571428571,152.0,,,,,10335,2019-10-13
1571529600000,201943,156.0,156,156,156,1.81656e-05,9.434755,0,2,261160620194319589,2023-08-20,Recife,0.0,0.65673465,1653461.0,24.2857142857,85.7515931429,1,0,1,79.539598,73.4127428571,25.232684,26.4285714286,106.0,,,,,10335,2019-10-20
1572134400000,201944,179.0,179,179,179,0.04795281,10.825777,0,2,261160620194419589,2023-08-20,Recife,0.0,0.84488314,1653461.0,25.2857142857,75.9272022857,1,0,1,72.9072421429,67.3273967143,25.9361468571,27.1428571429,107.0,,,,,10335,2019-10-27
1572739200000,201945,159.0,159,159,159,0.08910931,9.616193,0,2,261160620194519589,2023-08-20,Recife,0.0,0.86465806,1653461.0,26.0,78.0167465714,1,0,1,74.3838198571,70.3733751429,26.6285714286,27.1428571429,100.0,,,,,10335,2019-11-03
1573344000000,201946,149.0,149,149,149,0.12809591,9.011401,0,2,261160620194619589,2023-08-20,Recife,0.0,0.88050306,1653461.0,26.0,78.0368697143,1,0,1,74.2252814286,71.5980785714,26.7571428571,27.1428571429,105.0,,,,,10335,2019-11-10
1573948800000,201947,107.0,107,107,107,0.0008143639,6.4712744,0,2,261160620194719589,2023-08-20,Recife,0.0,0.67698675,1653461.0,26.1428571429,76.0559385714,1,0,1,72.6488387143,68.6061637143,26.6064934286,27.1428571429,80.0,,,,,10335,2019-11-17
1574553600000,201948,81.0,81,81,81,4.5121e-05,4.898815,0,2,261160620194819589,2023-08-20,Recife,0.0,0.5845552,1653461.0,25.5714285714,81.513448,1,0,1,75.9943901429,70.4475485714,26.6636362857,27.4285714286,60.0,,,,,10335,2019-11-24
1575158400000,201949,83.0,83,83,83,0.017873665,5.0197735,0,2,261160620194919589,2023-08-20,Recife,0.0,0.7396158,1653461.0,25.4285714286,82.201148,1,0,1,75.7808114286,71.1059425714,26.7532468571,27.4285714286,64.0,,,,,10335,2019-12-01
1575763200000,201950,74.0,74,74,74,0.091387175,4.475461,0,2,261160620195019589,2023-08-20,Recife,0.0,0.81267244,1653461.0,26.7142857143,75.4873484286,1,0,1,72.2499285714,67.4971334286,27.2238094286,27.8571428571,48.0,,,,,10335,2019-12-08
1576368000000,201951,62.0,62,62,62,0.060506627,3.7497106,0,2,261160620195119589,2023-08-20,Recife,0.0,0.7709138,1653461.0,26.0,82.5283625714,1,0,1,75.7387478571,71.1091374286,26.8974025714,27.7142857143,46.0,,,,,10335,2019-12-15
1576972800000,201952,41.0,41,41,41,0.001747904,2.4796472,0,2,261160620195219589,2023-08-20,Recife,0.0,0.57191664,1653461.0,26.8571428571,75.4984611429,1,0,0,72.3954551429,68.6914547143,27.196104,27.7142857143,27.0,,,,,10335,2019-12-22
1577577600000,202001,37.0,37,37,37,0.010631216,2.2377305,0,2,261160620200119589,2023-08-20,Recife,0.0,0.62275416,1653461.0,26.3333333333,78.859221,1,0,0,71.304912,63.147401,27.9916666667,29.8333333333,33.0,,,,,4531,2019-12-29
1578182400000,202002,80.0,80,80,80,0.99703264,4.838336,0,2,261160620200219589,2023-08-20,Recife,0.0,1.6324803,1653461.0,26.8571428571,78.1847042857,1,1,1,70.3054285714,62.31463,28.2630954286,30.0,52.0,,,,,4531,2020-01-05
1578787200000,202003,77.0,77,77,77,0.98701984,4.6568985,0,3,261160620200319589,2023-08-20,Recife,0.0,1.4841013,1653461.0,27.1428571429,76.8777031429,1,1,1,68.2423621429,59.7940201429,28.7083331429,31.0,47.0,,,,,4531,2020-01-12
1579392000000,202004,75.0,75,75,75,0.7752572,4.53594,0,3,261160620200419589,2023-08-20,Recife,0.0,1.1355412,1653461.0,27.0,83.1012547143,1,0,1,73.3640978571,63.6625281429,28.7321428571,31.0,41.0,,,,,4531,2020-01-19
1579996800000,202005,57.0,57,57,57,0.07351838,3.4473145,0,2,261160620200519589,2023-08-20,Recife,0.0,0.7756233,1653461.0,27.2857142857,81.1172932857,1,0,1,71.9440042857,64.1697691429,28.970238,30.8571428571,24.0,,,,,4531,2020-01-26
1580601600000,202006,66.0,66,66,66,0.3528359,3.9916272,0,2,261160620200619589,2023-08-20,Recife,0.0,0.9375401,1653461.0,26.8571428571,83.2595075714,1,0,1,75.5165358571,67.9099777143,28.32971,29.8571428571,33.0,,,,,4531,2020-02-02
1581206400000,202007,76.0,76,76,76,0.8126385,4.5964193,0,2,261160620200719589,2023-08-20,Recife,0.0,1.1606995,1653461.0,27.1428571429,81.20595,1,0,1,75.9332035714,71.8790888571,27.9428571429,28.8571428571,34.0,,,,,4531,2020-02-09
1581811200000,202008,65.0,65,65,65,0.45044878,3.931148,0,2,261160620200819589,2023-08-20,Recife,0.0,0.978576,1653461.0,26.0,87.4972432857,1,0,1,80.1786737143,74.495355,27.12987,28.4285714286,37.0,,,,,4531,2020-02-16
1582416000000,202009,87.0,87,87,87,0.9115339,5.2616906,0,2,261160620200919589,2023-08-20,Recife,0.0,1.2404597,1653461.0,26.8571428571,84.5466217143,1,0,1,76.962045,72.0194442857,28.3246751429,29.1428571429,39.0,,,,,4531,2020-02-23
1583020800000,202010,94.0,94,94,94,0.93652207,5.685045,0,2,261160620201019589,2023-08-20,Recife,0.0,1.2655876,1653461.0,26.8571428571,84.6964528571,1,0,1,77.2263885714,70.1730057143,28.103896,29.1428571429,63.0,,,,,4531,2020-03-01
1583625600000,202011,68.0,68,68,68,0.13811563,4.1125855,0,2,261160620201119589,2023-08-20,Recife,0.0,0.8368586,1653461.0,26.2857142857,83.0857447143,1,0,1,72.6829992857,64.0831437143,28.5914502857,30.5714285714,37.0,,,,,4531,2020-03-08
1584230400000,202012,46.0,46,46,46,0.0007796066,2.7820432,0,2,261160620201219589,2023-08-20,Recife,0.0,0.56549424,1653461.0,24.8571428571,91.905425,1,0,0,78.2416611429,66.8603928571,27.8393091429,30.5714285714,21.0,,,,,4531,2020-03-15
1584835200000,202013,23.0,23,23,23,8.588e-07,1.3910216,0,2,261160620201319589,2023-08-20,Recife,0.0,0.34205157,1653461.0,25.2857142857,90.316955,1,0,0,76.840427,62.7478808571,28.565476,31.5714285714,15.0,,,,,4531,2020-03-22
1585440000000,202014,20.0,20,20,20,0.000389355,1.209584,0,2,261160620201419589,2023-08-20,Recife,0.0,0.42625716,1653461.0,25.1428571429,93.4612857143,1,0,0,82.682625,70.3705842857,27.7450831429,30.4285714286,9.0,,,,,4531,2020-03-29
1586044800000,202015,23.0,23,23,23,0.15067656,1.3910216,0,2,261160620201519589,2023-08-20,Recife,0.0,0.75441366,1653461.0,26.4285714286,88.1329931429,1,0,0,75.13154,65.3345242857,29.220238,31.2857142857,11.0,,,,,4531,2020-04-05
1586649600000,202016,33.0,33,33,33,0.8941185,1.9958136,0,2,261160620201619589,2023-08-20,Recife,0.0,1.3930598,1653461.0,26.0,87.5762167143,1,0,0,75.4022687143,65.1846922857,28.4523808571,30.8571428571,16.0,,,,,4531,2020-04-12
1587254400000,202017,20.0,20,20,20,0.24618095,1.209584,0,2,261160620201719589,2023-08-20,Recife,0.0,0.81516737,1653461.0,24.8571428571,93.5562028571,1,0,0,83.5591048571,71.5387094286,27.0178568571,29.4285714286,12.0,,,,,4531,2020-04-19
1587859200000,202018,28.0,28,28,28,0.5935659,1.6934177,0,2,261160620201819589,2023-08-20,Recife,0.0,1.0658711,1653461.0,24.7142857143,91.142973,1,0,0,80.6537485714,68.5570882857,27.3154762857,30.4285714286,14.0,,,,,4531,2020-04-26
1588464000000,202019,26.0,26,26,26,0.52932507,1.5724592,0,2,261160620201919589,2023-08-20,Recife,0.0,1.0205523,1653461.0,25.4285714286,87.4197901429,1,0,0,74.4694998571,66.1614085714,28.2083334286,30.2857142857,12.0,,,,,4531,2020-05-03
1589068800000,202020,38.0,38,38,38,0.9307293,2.2982097,0,2,261160620202019589,2023-08-20,Recife,0.0,1.4482237,1653461.0,24.2857142857,94.1789042857,1,0,0,81.8473578571,70.2940094286,26.8700978571,29.4285714286,13.0,,,,,4531,2020-05-10
1589673600000,202021,30.0,30,30,30,0.54214376,1.814376,0,2,261160620202119589,2023-08-20,Recife,0.0,1.0276973,1653461.0,24.5714285714,93.4920485714,1,0,0,83.7773802857,70.908275,26.9226188571,29.4285714286,20.0,,,,,4531,2020-05-17
1590278400000,202022,45.0,45,45,45,0.919303,2.721564,0,2,261160620202219589,2023-08-20,Recife,0.0,1.3742726,1653461.0,24.1428571429,95.0148128571,1,0,0,84.1533382857,69.1297742857,26.5833331429,29.7142857143,25.0,,,,,4531,2020-05-24
1590883200000,202023,83.0,83,83,83,0.99998325,5.0197735,0,2,261160620202319589,2023-08-20,Recife,0.0,2.1805568,1653461.0,24.1428571429,94.1727864286,1,1,1,82.7741468571,67.9171811429,26.7738094286,30.0,60.0,,,,,4531,2020-05-31
1591488000000,202024,104.0,104,104,104,0.99998033,6.289837,0,3,261160620202419589,2023-08-20,Recife,0.0,1.9592766,1653461.0,24.1428571429,92.7086822857,1,1,1,80.9049605714,68.9619604286,26.4793417143,29.2857142857,59.0,,,,,4531,2020-06-07
1592092800000,202025,131.0,131,131,131,0.9998885,7.9227753,0,3,261160620202519589,2023-08-20,Recife,0.0,1.6788344,1653461.0,24.0,93.6109691429,1,1,1,82.9012465714,71.3293764286,25.89184,28.5714285714,79.0,,,,,4531,2020-06-14
1592697600000,202026,160.0,160,160,160,0.9997007,9.676672,0,3,261160620202619589,2023-08-20,Recife,0.0,1.5314234,1653461.0,24.1428571429,85.1994122857,1,1,1,71.121387,59.4636724286,26.6040371429,29.0,91.0,,,,,4531,2020-06-21
1593302400000,202027,206.0,206,206,206,0.99997437,12.458715,0,3,261160620202719589,2023-08-20,Recife,0.0,1.561214,1653461.0,22.8571428571,90.9543985714,0,1,1,80.5573864286,66.4369338571,25.311943,28.7142857143,118.0,,,,,4531,2020-06-28
1593907200000,202028,208.0,208,208,208,0.99096775,12.579674,0,3,261160620202819589,2023-08-20,Recife,0.0,1.27926,1653461.0,23.2857142857,91.8368908571,1,1,1,82.2547678571,67.7106788571,25.2890424286,28.4285714286,119.0,,,,,4531,2020-07-05
1594512000000,202029,189.0,189,189,189,0.5004821,11.430569,0,3,261160620202919589,2023-08-20,Recife,0.0,1.0001242,1653461.0,22.1428571429,94.97915,0,0,1,77.9274794286,62.7149675714,25.3578014286,28.4285714286,105.0,,,,,4531,2020-07-12
1595116800000,202030,232.0,232,232,232,0.9364853,14.031175,0,1,261160620203019589,2023-08-20,Recife,0.0,1.1581614,1653461.0,23.0,85.9046457143,0,0,1,73.4994815714,60.684225,25.4981414286,28.2857142857,121.0,,,,,4531,2020-07-19
1595721600000,202031,175.0,175,175,175,0.07344774,10.58386,0,1,261160620203119589,2023-08-20,Recife,0.0,0.86137074,1653461.0,23.1428571429,88.1300642857,1,0,1,74.525965,61.9251805714,25.6689657143,28.2857142857,97.0,,,,,4531,2020-07-26
1596326400000,202032,156.0,156,156,156,0.008230106,9.434755,0,1,261160620203219589,2023-08-20,Recife,0.0,0.7752738,1653461.0,22.7142857143,85.6327108571,0,0,1,72.9200872857,62.9986384286,25.1680077143,27.2857142857,89.0,,,,,4531,2020-08-02
1596931200000,202033,145.0,145,145,145,0.018460874,8.7694845,0,1,261160620203319589,2023-08-20,Recife,0.0,0.7937283,1653461.0,22.7142857143,87.07309,0,0,1,76.6161714286,66.0261138571,25.0502068571,27.5714285714,83.0,,,,,4531,2020-08-09
1597536000000,202034,140.0,140,140,140,0.11679401,8.467088,0,1,261160620203419589,2023-08-20,Recife,0.0,0.871644,1653461.0,24.2857142857,85.3213742857,1,0,1,74.541355,64.2573554286,25.9961177143,28.4285714286,69.0,,,,,4531,2020-08-16
1598140800000,202035,124.0,124,124,124,0.08368411,7.499421,0,1,261160620203519589,2023-08-20,Recife,0.0,0.8454523,1653461.0,22.2857142857,86.317652,0,0,1,74.0739828571,63.6828837143,25.2458591429,27.8571428571,65.0,,,,,4531,2020-08-23
1598745600000,202036,131.0,131,131,131,0.35127842,7.9227753,0,1,261160620203619589,2023-08-20,Recife,0.0,0.9545019,1653461.0,23.2857142857,87.4296292857,1,0,1,74.5300695714,62.0057171429,25.591168,27.8571428571,77.0,,,,,4531,2020-08-30
1599350400000,202037,136.0,136,136,136,0.6220406,8.225171,0,1,261160620203719589,2023-08-20,Recife,0.0,1.0387269,1653461.0,24.1428571429,79.6083034286,1,0,1,70.3100585714,60.9203844286,26.04089,28.1428571429,85.0,,,,,4531,2020-09-06
1599955200000,202038,119.0,119,119,119,0.24595498,7.197025,0,2,261160620203819589,2023-08-20,Recife,0.0,0.91664505,1653461.0,24.0,81.5019458571,1,0,1,71.869538,63.6294821429,26.1112837143,28.4285714286,68.0,,,,,4531,2020-09-13
1600560000000,202039,133.0,133,133,133,0.59135336,8.043734,0,2,261160620203919589,2023-08-20,Recife,0.0,1.0288973,1653461.0,25.2857142857,77.4214004286,1,0,1,70.6728585714,62.1569482857,26.738354,28.7142857143,95.0,,,,,4531,2020-09-20
1601164800000,202040,102.0,102,102,102,0.057545345,6.1688786,0,2,261160620204019589,2023-08-20,Recife,0.0,0.8113742,1653461.0,24.7142857143,83.2669605714,1,0,1,72.866539,61.2336581429,26.6221534286,29.0,49.0,,,,,4531,2020-09-27
1601769600000,202041,80.0,80,80,80,0.002835615,4.838336,0,2,261160620204119589,2023-08-20,Recife,0.0,0.6734331,1653461.0,25.4285714286,81.5449125714,1,0,1,73.3656301429,65.0703888571,27.2000514286,29.2857142857,49.0,,,,,4531,2020-10-04
1602374400000,202042,74.0,74,74,74,0.013592293,4.475461,0,2,261160620204219589,2023-08-20,Recife,0.0,0.7165503,1653461.0,24.7142857143,83.7595151429,1,0,1,73.3895228571,62.4663505714,26.8259318571,29.0,38.0,,,,,4531,2020-10-11
1602979200000,202043,111.0,111,111,111,0.94727325,6.7131915,0,2,261160620204319589,2023-08-20,Recife,0.0,1.2581923,1653461.0,25.2857142857,83.0617388571,1,0,1,73.8503165714,64.8710518571,27.059524,29.2857142857,58.0,,,,,4531,2020-10-18
1603584000000,202044,79.0,79,79,79,0.28935248,4.777857,0,2,261160620204419589,2023-08-20,Recife,0.0,0.91736656,1653461.0,26.1428571429,78.900424,1,0,1,72.146735,64.573577,27.7259317143,29.5714285714,48.0,,,,,4531,2020-10-25
1604188800000,202045,71.0,71,71,71,0.067118384,4.294023,0,2,261160620204519589,2023-08-20,Recife,0.0,0.78953123,1653461.0,26.2857142857,81.6657051429,1,0,1,73.1673628571,64.1705114286,27.9715794286,30.0,50.0,,,,,4531,2020-11-01
1604793600000,202046,71.0,71,71,71,0.15186751,4.294023,0,2,261160620204619589,2023-08-20,Recife,0.0,0.8477389,1653461.0,25.7142857143,85.3503124286,1,0,1,75.3266445714,66.7759577143,27.4019151429,29.2857142857,42.0,,,,,4531,2020-11-08
1605398400000,202047,50.0,50,50,50,0.016142324,3.02396,0,2,261160620204719589,2023-08-20,Recife,0.0,0.67886937,1653461.0,26.2857142857,80.2739434286,1,0,0,73.3725342857,65.4871388571,27.6217468571,29.5714285714,32.0,,,,,4531,2020-11-15
1606003200000,202048,39.0,39,39,39,0.0057388647,2.3586888,0,2,261160620204819589,2023-08-20,Recife,0.0,0.6048739,1653461.0,24.7142857143,73.5025914286,1,0,0,65.5422747143,56.3616951429,26.3847637143,28.5714285714,32.0,,,,,4531,2020-11-22
1606608000000,202049,27.0,27,27,27,0.002025958,1.6329384,0,2,261160620204919589,2023-08-20,Recife,0.0,0.5170424,1653461.0,24.4714285714,,1,0,0,,,,,15.0,,,,,4531,2020-11-29
1607212800000,202050,41.0,41,41,41,0.51940054,2.4796472,0,2,261160620205019589,2023-08-20,Recife,0.0,1.0107763,1653461.0,24.2285714286,,1,0,0,,,,,32.0,,,,,4531,2020-12-06
1607817600000,202051,47.0,47,47,47,0.89471436,2.8425224,0,2,261160620205119589,2023-08-20,Recife,0.0,1.3168769,1653461.0,23.9857142857,,1,0,0,,,,,24.0,,,,,4531,2020-12-13
1608422400000,202052,32.0,32,32,32,0.2237825,1.9353344,0,2,261160620205219589,2023-08-20,Recife,0.0,0.83492,1653461.0,23.7428571429,,1,0,0,,,,,17.0,,,,,4531,2020-12-20
1609027200000,202053,21.0,21,21,21,0.008666038,1.2700632,0,2,261160620205319589,2023-08-20,Recife,1.0,0.5359145,1653461.0,23.5,83.281303,1,0,0,68.55788,58.347168,26.42663,29.0,6.0,,,,,4531,2020-12-27
1609632000000,202101,39.0,39,39,39,0.9920718,2.3586888,0,2,261160620210119684,2023-11-23,Recife,23.0,1.8882837,1653461.0,25.0,75.3652821429,1,0,0,66.7845164286,58.1733211429,26.7026397143,28.8571428571,28.0,,,,,13293,2021-01-03
1610236800000,202102,33.0,33,33,33,0.95743567,1.9958136,0,2,261160620210219684,2023-11-23,Recife,24.0,1.6052732,1653461.0,24.5714285714,76.63182,1,0,0,66.442822,55.8835621429,26.6417184286,29.0,22.0,,,,,13293,2021-01-10
1610841600000,202103,46.0,46,46,46,0.9757628,2.7820432,0,2,261160620210319684,2023-11-23,Recife,24.0,1.5822213,1653461.0,24.5714285714,79.2549728571,1,0,0,68.5804434286,58.3854845714,26.2397185714,28.8571428571,34.0,,,,,13293,2021-01-17
1611446400000,202104,57.0,57,57,57,0.9794414,3.4473145,0,2,261160620210419684,2023-11-23,Recife,16.0,1.5270913,1653461.0,24.2857142857,80.8352742857,1,0,0,70.3648765714,60.908493,26.2248101429,28.4285714286,36.0,,,,,13293,2021-01-24
1612051200000,202105,63.0,63,63,63,0.95274454,3.8101897,0,2,261160620210519684,2023-11-23,Recife,53.0,1.3793497,1653461.0,25.8571428571,73.3623792857,1,0,0,67.1380314286,59.3737352857,26.8409091429,28.4285714286,51.0,,,,,13293,2021-01-31
1612656000000,202106,60.0,60,60,60,0.703429,3.628752,0,2,261160620210619684,2023-11-23,Recife,21.0,1.1047766,1653461.0,25.2857142857,78.0018185714,1,0,0,69.283096,61.0756617143,26.8581782857,28.5714285714,44.0,,,,,13293,2021-02-07
1613260800000,202107,56.0,56,56,56,0.38581318,3.3868353,0,2,261160620210719684,2023-11-23,Recife,36.0,0.9475065,1653461.0,24.8571428571,81.5451442857,1,0,0,69.2731524286,59.3264807143,26.779762,28.7142857143,48.0,,,,,13293,2021-02-14
1613865600000,202108,56.0,56,56,56,0.38800874,3.3868353,0,2,261160620210819684,2023-11-23,Recife,39.0,0.9485035,1653461.0,24.5714285714,81.7780778571,1,0,0,73.4604091429,63.6553845714,25.9070477143,28.1428571429,44.0,,,,,13293,2021-02-21
1614470400000,202109,72.0,72,72,72,0.89196444,4.3545027,0,2,261160620210919684,2023-11-23,Recife,33.0,1.2423009,1653461.0,23.6666666667,84.68638,1,0,0,76.9762483333,67.2214528333,25.2050213333,27.1666666667,49.0,,,,,13293,2021-02-28
1615075200000,202110,94.0,94,94,94,0.99514264,5.685045,0,2,261160620211019684,2023-11-23,Recife,185.0,1.5182219,1653461.0,25.5,78.794935,1,0,0,71.8618325,65.8026675,26.558081,27.5,73.0,,,,,13293,2021-03-07
1615680000000,202111,71.0,71,71,71,0.4615778,4.294023,0,2,261160620211119684,2023-11-23,Recife,28.0,0.984051,1653461.0,23.25,82.0419865,1,0,0,70.1769035,62.176715,25.82430525,27.25,47.0,,,,,13293,2021-03-14
1616284800000,202112,86.0,86,86,86,0.6789981,5.2012115,0,1,261160620211219684,2023-11-23,Recife,42.0,1.0746586,1653461.0,23.0,88.59935,0,0,0,77.99321,65.771194,25.541666,28.0,62.0,,,,,13293,2021-03-21
1616889600000,202113,125.0,125,125,125,0.99838966,7.5599003,0,1,261160620211319684,2023-11-23,Recife,35.0,1.5101794,1653461.0,22.0,94.06252,0,1,1,80.335266,65.771194,25.047619,28.0,95.0,,,,,13293,2021-03-28
1617494400000,202114,160.0,160,160,160,0.9999737,9.676672,0,3,261160620211419684,2023-11-23,Recife,45.0,1.6705704,1653461.0,24.0,83.39571,1,1,1,70.0000325,60.092214,26.6130955,29.0,117.0,,,,,13293,2021-04-04
1618099200000,202115,182.0,182,182,182,0.99961495,11.007215,0,3,261160620211519684,2023-11-23,Recife,55.0,1.4739395,1653461.0,23.5,,1,1,1,,,,,124.0,,,,,13293,2021-04-11
1618704000000,202116,288.0,288,288,288,1.0,17.41801,0,3,261160620211619684,2023-11-23,Recife,45.0,1.8154799,1653461.0,23.0,94.1200933333,0,1,1,81.24065,68.6411433333,25.41799,28.0,212.0,,,,,13293,2021-04-18
1619308800000,202117,355.0,355,355,355,1.0,21.470116,0,3,261160620211719684,2023-11-23,Recife,67.0,1.712355,1653461.0,22.8333333333,,0,1,1,,,,,266.0,,,,,13293,2021-04-25
1619913600000,202118,445.0,445,445,445,1.0,26.913244,0,3,261160620211819684,2023-11-23,Recife,60.0,1.6003522,1653461.0,22.6666666667,,0,1,1,,,,,341.0,,,,,13293,2021-05-02
1620518400000,202119,672.0,672,672,672,1.0,40.64202,0,3,261160620211919684,2023-11-23,Recife,117.0,1.8369524,1653461.0,22.5,,0,1,2,,,,,488.0,,,,,13293,2021-05-09
1621123200000,202120,923.0,923,923,923,1.0,55.822304,0,3,261160620212019684,2023-11-23,Recife,154.0,1.8750844,1653461.0,22.3333333333,,0,1,2,,,,,632.0,,,,,13293,2021-05-16
1621728000000,202121,1011.0,1011,1011,1011,1.0,61.14447,0,4,261160620212119684,2023-11-23,Recife,268.0,1.4996489,1653461.0,22.1666666667,,0,1,2,,,,,677.0,,,,,13293,2021-05-23
1622332800000,202122,1010.0,1010,1010,1010,0.9998261,61.083992,0,4,261160620212219684,2023-11-23,Recife,191.0,1.1804175,1653461.0,22.0,94.08417,0,1,2,84.952505,74.0447275,23.53125,26.5,770.0,,,,,13293,2021-05-30
1622937600000,202123,847.0,847,847,847,0.005422747,51.225883,0,4,261160620212319684,2023-11-23,Recife,401.0,0.88682514,1653461.0,22.0,94.06252,0,0,2,80.6582075,69.579135,24.049679,26.0,650.0,,,,,13293,2021-06-06
1623542400000,202124,671.0,671,671,671,0.0,40.581543,0,4,261160620212419684,2023-11-23,Recife,134.0,0.71260685,1653461.0,21.5,92.2143733333,0,0,2,84.84261,74.9908831667,23.096619,25.3333333333,564.0,,,,,13293,2021-06-13
1624147200000,202125,666.0,666,666,666,3.8228e-06,40.27915,0,4,261160620212519684,2023-11-23,Recife,94.0,0.7934419,1653461.0,20.7142857143,91.6624885714,0,0,2,78.1447728571,61.6717605714,23.680124,26.8571428571,584.0,,,,,13293,2021-06-20
1624752000000,202126,616.0,616,616,616,0.0013052033,37.255188,0,4,261160620212619684,2023-11-23,Recife,149.0,0.848267,1653461.0,21.0,92.4424371429,0,0,2,81.3248662857,67.3001505714,23.165208,26.4285714286,530.0,,,,,13293,2021-06-27
1625356800000,202127,562.0,562,562,562,0.0030230696,33.98931,0,4,261160620212719684,2023-11-23,Recife,127.0,0.85436565,1653461.0,21.2857142857,90.0139828571,0,0,2,76.7723678571,63.7768242857,24.0947202857,27.0,470.0,,,,,13293,2021-07-04
1625961600000,202128,499.0,499,499,499,0.0004253597,30.179121,0,4,261160620212819684,2023-11-23,Recife,88.0,0.818102,1653461.0,21.5714285714,90.0671514286,0,0,2,79.219718,68.4589375714,23.8602488571,26.0,387.0,,,,,13293,2021-07-11
1626566400000,202129,417.0,417,417,417,4.2411e-06,25.219828,0,4,261160620212919684,2023-11-23,Recife,118.0,0.7505889,1653461.0,21.5714285714,88.650113,0,0,1,75.5088442857,63.186823,23.8486022857,26.4285714286,288.0,,,,,13293,2021-07-18
1627171200000,202130,390.0,390,390,390,0.0002488689,23.58689,0,1,261160620213019684,2023-11-23,Recife,69.0,0.7905633,1653461.0,21.1428571429,90.8404271429,0,0,1,77.6521862857,59.4576785714,23.9373705714,26.8571428571,231.0,,,,,13293,2021-07-25
1627776000000,202131,353.0,353,353,353,0.001981999,21.349157,0,1,261160620213119684,2023-11-23,Recife,54.0,0.8139402,1653461.0,21.6666666667,95.2701616667,0,0,1,84.7031556667,72.1286816667,23.8775253333,26.8333333333,252.0,,,,,13293,2021-08-01
1628380800000,202132,310.0,310,310,310,0.0015239734,18.748552,0,1,261160620213219684,2023-11-23,Recife,73.0,0.7986443,1653461.0,21.4285714286,95.7857771429,0,0,1,84.8702,70.1316201429,23.7880428571,27.0,202.0,,,,,13293,2021-08-08
1628985600000,202133,256.0,256,256,256,7.69479e-05,15.482676,0,1,261160620213319684,2023-11-23,Recife,69.0,0.7338825,1653461.0,20.7142857143,88.4682328571,0,0,1,76.3057178571,62.5568564286,23.1348342857,26.0,172.0,,,,,13293,2021-08-15
1629590400000,202134,295.0,295,295,295,0.27174392,17.841364,0,1,261160620213419684,2023-11-23,Recife,49.0,0.95182234,1653461.0,22.8571428571,83.3334811429,0,0,1,71.4611348571,62.116575,24.9001037143,27.1428571429,166.0,,,,,13293,2021-08-22
1630195200000,202135,201.0,201,201,201,0.0001458321,12.15632,0,1,261160620213519684,2023-11-23,Recife,35.0,0.7173,1653461.0,23.1428571429,80.0116278571,1,0,1,71.205398,63.3128535714,24.6759837143,26.7142857143,150.0,,,,,13293,2021-08-29
1630800000000,202136,220.0,220,220,220,0.038986906,13.305424,0,1,261160620213619684,2023-11-23,Recife,29.0,0.85106033,1653461.0,22.5714285714,83.4532528571,0,0,1,70.7998578571,58.292349,24.9950828571,27.4285714286,134.0,,,,,13293,2021-09-05
1631404800000,202137,152.0,152,152,152,4.28223e-05,9.192839,0,1,261160620213719684,2023-11-23,Recife,35.0,0.6659297,1653461.0,24.0,78.49765,1,0,1,70.28256,61.613747,25.782608,28.0,100.0,,,,,13293,2021-09-12
1632009600000,202138,111.0,111,111,111,4.697e-07,6.7131915,0,1,261160620213819684,2023-11-23,Recife,31.0,0.56551903,1653461.0,24.4,,1,0,1,,,,,83.0,,,,,13293,2021-09-19
1632614400000,202139,101.0,101,101,101,0.0001695752,6.1083994,0,2,261160620213919684,2023-11-23,Recife,24.0,0.6377111,1653461.0,24.8,,1,0,1,,,,,71.0,,,,,13293,2021-09-26
1633219200000,202140,97.0,97,97,97,0.036474418,5.8664823,0,2,261160620214019684,2023-11-23,Recife,15.0,0.7851264,1653461.0,25.2,,1,0,1,,,,,67.0,,,,,13293,2021-10-03
1633824000000,202141,105.0,105,105,105,0.4861966,6.350316,0,2,261160620214119684,2023-11-23,Recife,33.0,0.9952502,1653461.0,25.6,84.8882204,1,0,1,71.888466,63.6824236,27.6286232,29.8,68.0,,,,,13293,2021-10-10
1634428800000,202142,83.0,83,83,83,0.10735873,5.0197735,0,2,261160620214219684,2023-11-23,Recife,19.0,0.8323222,1653461.0,26.1666666667,81.946808,1,0,0,71.9935318333,61.1148065,27.8541663333,30.0,55.0,,,,,13293,2021-10-17
1635033600000,202143,86.0,86,86,86,0.22755,5.2012115,0,2,261160620214319684,2023-11-23,Recife,31.0,0.8953429,1653461.0,24.2857142857,85.8416482857,1,0,0,70.449054,59.4030874286,27.3322982857,29.7142857143,65.0,,,,,13293,2021-10-24
1635638400000,202144,57.0,57,57,57,0.004662409,3.4473145,0,2,261160620214419684,2023-11-23,Recife,14.0,0.6469485,1653461.0,26.0,81.6527105714,1,0,0,71.0914798571,59.3010505714,28.1283642857,30.5714285714,44.0,,,,,13293,2021-10-31
1636243200000,202145,62.0,62,62,62,0.091875084,3.7497106,0,2,261160620214519684,2023-11-23,Recife,11.0,0.798506,1653461.0,26.4285714286,81.6630291429,1,0,0,71.7132515714,59.9258251429,28.23059,30.5714285714,52.0,,,,,13293,2021-11-07
1636848000000,202146,42.0,42,42,42,0.010471859,2.5401263,0,2,261160620214619684,2023-11-23,Recife,23.0,0.6385043,1653461.0,26.0,84.6685487143,1,0,0,70.4202388571,57.1603784286,28.1535851429,30.2857142857,32.0,,,,,13293,2021-11-14
1637452800000,202147,47.0,47,47,47,0.18013316,2.8425224,0,2,261160620214719684,2023-11-23,Recife,29.0,0.83552045,1653461.0,27.0,78.780716,1,0,0,70.4514414286,60.7920681429,28.6221537143,30.8571428571,36.0,,,,,13293,2021-11-21
1638057600000,202148,53.0,53,53,53,0.63720787,3.2053976,0,2,261160620214819684,2023-11-23,Recife,15.0,1.0715342,1653461.0,26.7142857143,80.2944054286,1,0,0,71.4113578571,61.937779,28.7034162857,30.7142857143,36.0,,,,,13293,2021-11-28
1638662400000,202149,31.0,31,31,31,0.03359779,1.8748553,0,2,261160620214919684,2023-11-23,Recife,11.0,0.65925306,1653461.0,26.2857142857,83.3598474286,1,0,0,71.1186682857,60.232515,28.4296065714,30.4285714286,25.0,,,,,13293,2021-12-05
1639267200000,202150,48.0,48,48,48,0.6162517,2.9030015,0,2,261160620215019684,2023-11-23,Recife,250.0,1.0629022,1653461.0,25.0,89.1551151429,1,0,0,74.5876351429,62.811187,27.7761385714,29.8571428571,38.0,,,,,13293,2021-12-12
1639872000000,202151,9.0,9,9,9,1.632e-06,0.54431283,0,2,261160620215119684,2023-11-23,Recife,53.0,0.22486357,1653461.0,26.2857142857,86.065741,1,0,0,74.092435,63.9256904286,28.4081262857,30.1428571429,7.0,,,,,13293,2021-12-19
1640476800000,202152,2.0,2,2,2,3.9e-09,0.1209584,0,2,261160620215219684,2023-11-23,Recife,40.0,0.062477406,1653461.0,26.4285714286,81.9779095714,1,0,0,73.4132407143,64.1806915714,28.1032605714,29.8571428571,2.0,,,,,13293,2021-12-26
1641081600000,202201,31.0,31,31,31,0.95303094,1.8748553,0,2,261160620220119684,2023-11-23,Recife,71.0,1.6080759,1653461.0,25.4285714286,86.9876857143,1,0,0,73.3085635714,61.7743992857,27.9491032857,30.1428571429,15.0,,,,,3635,2022-01-02
1641686400000,202202,24.0,24,24,24,0.93997806,1.4515008,0,2,261160620220219684,2023-11-23,Recife,143.0,1.6541897,1653461.0,24.4285714286,99.1640914286,1,0,0,81.7625678571,67.9615165714,26.9642857143,29.1428571429,14.0,,,,,3635,2022-01-09
1642291200000,202203,37.0,37,37,37,0.9810172,2.2377305,0,2,261160620220319684,2023-11-23,Recife,27.0,1.7322916,1653461.0,25.2857142857,87.5319222857,1,0,0,74.7398947143,63.6498294286,27.6740197143,29.7142857143,24.0,,,,,3635,2022-01-16
1642896000000,202204,35.0,35,35,35,0.81029,2.116772,0,2,261160620220419684,2023-11-23,Recife,40.0,1.2467653,1653461.0,25.0,90.6041657143,1,0,0,75.5428365714,64.5267695714,27.5674601429,29.5714285714,18.0,,,,,3635,2022-01-23
1643500800000,202205,25.0,25,25,25,0.1725621,1.51198,0,2,261160620220519684,2023-11-23,Recife,30.0,0.779526,1653461.0,26.1428571429,83.730394,1,0,0,70.2005828571,61.959991,28.6556121429,30.7142857143,17.0,,,,,3635,2022-01-30
1644105600000,202206,30.0,30,30,30,0.3981856,1.814376,0,2,261160620220619684,2023-11-23,Recife,24.0,0.93696284,1653461.0,25.5714285714,83.101846,1,0,0,68.609638,57.8463322857,28.4999997143,30.4285714286,19.0,,,,,3635,2022-02-06
1644710400000,202207,27.0,27,27,27,0.3803385,1.6329384,0,2,261160620220719684,2023-11-23,Recife,12.0,0.92252207,1653461.0,25.4285714286,87.1334414286,1,0,0,75.9469648571,62.284748,27.6706348571,29.8571428571,21.0,,,,,3635,2022-02-13
1645315200000,202208,37.0,37,37,37,0.85187334,2.2377305,0,2,261160620220819684,2023-11-23,Recife,29.0,1.2934651,1653461.0,25.8571428571,86.7777974286,1,0,0,70.7842135714,60.7902532857,28.6265525714,30.7142857143,27.0,,,,,3635,2022-02-20
1645920000000,202209,43.0,43,43,43,0.92359114,2.6006057,0,2,261160620220919684,2023-11-23,Recife,18.0,1.3954258,1653461.0,25.8571428571,87.0499822857,1,0,0,75.9278177143,64.142584,28.0333334286,30.2857142857,28.0,,,,,3635,2022-02-27
1646524800000,202210,34.0,34,34,34,0.43900558,2.0562928,0,2,261160620221019684,2023-11-23,Recife,16.0,0.96399826,1653461.0,24.5714285714,94.28131,1,0,0,74.6856171429,63.2996277143,27.9940477143,30.0,24.0,,,,,3635,2022-03-06
1647129600000,202211,57.0,57,57,57,0.96784437,3.4473145,0,2,261160620221119684,2023-11-23,Recife,9.0,1.4613124,1653461.0,25.4285714286,94.3046921429,1,0,0,79.4585712857,68.6520865714,27.7629252857,29.5714285714,38.0,,,,,3635,2022-03-13
1647734400000,202212,48.0,48,48,48,0.72033197,2.9030015,0,2,261160620221219684,2023-11-23,Recife,19.0,1.1301017,1653461.0,24.7142857143,95.9105564286,1,0,0,83.6295418571,70.3736808571,27.0765307143,30.0,28.0,,,,,3635,2022-03-20
1648339200000,202213,66.0,66,66,66,0.948563,3.9916272,0,2,261160620221319684,2023-11-23,Recife,36.0,1.3570764,1653461.0,25.8571428571,89.9174022857,1,0,0,77.3155634286,66.8158138571,28.2291804286,30.2857142857,39.0,,,,,3635,2022-03-27
1648944000000,202214,78.0,78,78,78,0.97676176,4.7173777,0,2,261160620221419684,2023-11-23,Recife,57.0,1.4142175,1653461.0,24.5714285714,94.3752751429,1,0,0,79.1889171429,66.8326537143,27.3666665714,29.5714285714,52.0,,,,,3635,2022-04-03
1649548800000,202215,69.0,69,69,69,0.6753306,4.1730647,0,2,261160620221519684,2023-11-23,Recife,35.0,1.0818802,1653461.0,24.4285714286,92.5927457143,1,0,0,75.61411,61.9372068571,27.8619048571,30.5714285714,47.0,,,,,3635,2022-04-10
1650153600000,202216,77.0,77,77,77,0.69580424,4.6568985,0,2,261160620221619684,2023-11-23,Recife,39.0,1.0877297,1653461.0,24.5714285714,93.550643,1,0,0,78.7351707143,65.1195075714,27.4909417143,30.0,51.0,,,,,3635,2022-04-17
1650758400000,202217,93.0,93,93,93,0.93174815,5.6245656,0,2,261160620221719684,2023-11-23,Recife,18.0,1.2595234,1653461.0,24.1428571429,93.3793192857,1,0,0,77.8765071429,65.4571765714,27.1363637143,29.4285714286,66.0,,,,,3635,2022-04-24
1651363200000,202218,101.0,101,101,101,0.9424527,6.1083994,0,2,261160620221819684,2023-11-23,Recife,47.0,1.2643775,1653461.0,24.8571428571,94.4137851429,1,0,1,80.0782,69.6147042857,27.4388522857,29.7142857143,71.0,,,,,3635,2022-05-01
1651968000000,202219,115.0,115,115,115,0.95705366,6.955108,0,2,261160620221919684,2023-11-23,Recife,18.0,1.2712612,1653461.0,23.7142857143,96.6684714286,1,1,1,83.0606888571,68.4858032857,26.2152015714,29.1428571429,85.0,,,,,3635,2022-05-08
1652572800000,202220,104.0,104,104,104,0.59106845,6.289837,0,2,261160620222019684,2023-11-23,Recife,20.0,1.0326498,1653461.0,24.7142857143,91.868855,1,0,1,79.4043884286,63.963705,27.6130954286,30.8571428571,75.0,,,,,3635,2022-05-15
1653177600000,202221,104.0,104,104,104,0.43229303,6.289837,0,2,261160620222119684,2023-11-23,Recife,29.0,0.9768085,1653461.0,23.2857142857,99.1701442857,1,0,1,88.7982388571,76.6813922857,25.0629252857,27.4285714286,66.0,,,,,3635,2022-05-22
1653782400000,202222,109.0,109,109,109,0.574694,6.5922327,0,2,261160620222219684,2023-11-23,Recife,103.0,1.0259571,1653461.0,23.4285714286,100.0,1,0,1,91.7582875714,77.6833602857,25.1191212857,28.0,70.0,,,,,3635,2022-05-29
1654387200000,202223,151.0,151,151,151,0.9964544,9.1323595,0,2,261160620222319684,2023-11-23,Recife,25.0,1.4000728,1653461.0,23.1428571429,100.0,1,1,1,91.0741464286,78.3546514286,24.5460881429,26.8571428571,91.0,,,,,3635,2022-06-05
1654992000000,202224,126.0,126,126,126,0.6931133,7.6203794,0,1,261160620222419684,2023-11-23,Recife,22.0,1.0666353,1653461.0,23.0,94.6212,0,0,1,82.399495,65.7401917143,25.4821425714,28.4285714286,81.0,,,,,3635,2022-06-12
1655596800000,202225,90.0,90,90,90,0.0048177387,5.443128,0,1,261160620222519684,2023-11-23,Recife,16.0,0.70282793,1653461.0,23.0,93.7973971429,0,0,0,81.94087,67.7668914286,25.3988094286,28.0,66.0,,,,,3635,2022-06-19
1656201600000,202226,126.0,126,126,126,0.60673624,7.6203794,0,1,261160620222619684,2023-11-23,Recife,20.0,1.034954,1653461.0,22.7142857143,96.6380142857,0,0,1,87.0183957143,71.7343597143,24.6887252857,27.4285714286,83.0,,,,,3635,2022-06-26
1656806400000,202227,114.0,114,114,114,0.56131583,6.894629,0,1,261160620222719684,2023-11-23,Recife,58.0,1.0207171,1653461.0,23.8571428571,94.1607457143,1,0,1,81.7897364286,70.5366282857,25.6666665714,27.7142857143,63.0,,,,,3635,2022-07-03
1657411200000,202228,114.0,114,114,114,0.5193316,6.894629,0,1,261160620222819684,2023-11-23,Recife,21.0,1.00644,1653461.0,23.0,93.5539471429,0,0,1,83.5333894286,70.6709648571,24.7661064286,27.1428571429,58.0,,,,,3635,2022-07-10
1658016000000,202229,111.0,111,111,111,0.3953217,6.7131915,0,1,261160620222919684,2023-11-23,Recife,9.0,0.96535707,1653461.0,22.2857142857,91.6812771429,0,0,1,80.6473641429,67.9349878571,24.3710312857,26.5714285714,71.0,,,,,3635,2022-07-17
1658620800000,202230,122.0,122,122,122,0.70531356,7.3784623,0,1,261160620223019684,2023-11-23,Recife,15.0,1.0727298,1653461.0,22.4285714286,88.5812614286,0,0,1,78.6481085714,66.3641712857,24.5902362857,27.0,68.0,,,,,3635,2022-07-24
1659225600000,202231,157.0,157,157,157,0.99288356,9.4952345,0,1,261160620223119684,2023-11-23,Recife,10.0,1.3466005,1653461.0,23.0,88.9052357143,0,1,1,81.8012384286,72.3383038571,24.5392857143,26.2857142857,87.0,,,,,3635,2022-07-31
1659830400000,202232,150.0,150,150,150,0.9038335,9.07188,0,1,261160620223219684,2023-11-23,Recife,13.0,1.1691809,1653461.0,22.5714285714,88.0177571429,0,0,1,74.149656,61.327961,25.369048,27.8571428571,76.0,,,,,3635,2022-08-07
1660435200000,202233,116.0,116,116,116,0.05742929,7.0155873,0,1,261160620223319684,2023-11-23,Recife,16.0,0.821375,1653461.0,23.0,79.2984501429,0,0,1,67.9094765714,58.9063147143,25.1746337143,27.4285714286,71.0,,,,,3635,2022-08-14
1661040000000,202234,106.0,106,106,106,0.017946834,6.410795,0,1,261160620223419684,2023-11-23,Recife,13.0,0.76414764,1653461.0,21.8571428571,90.1097557143,0,0,1,78.3433471429,68.3551411429,23.8969784286,26.2857142857,66.0,,,,,3635,2022-08-21
1661644800000,202235,104.0,104,104,104,0.10459667,6.289837,0,1,261160620223519684,2023-11-23,Recife,0.0,0.8464288,1653461.0,22.1428571429,86.2999385714,0,0,1,77.5875134286,65.8290207143,24.0905842857,26.5714285714,75.0,,,,,3635,2022-08-28
1662249600000,202236,76.0,76,76,76,0.008195914,4.5964193,0,1,261160620223619684,2023-11-23,Recife,3.0,0.70087624,1653461.0,22.0,86.99251,0,0,0,75.448714,63.030527,24.5476191429,27.2857142857,63.0,,,,,3635,2022-09-04
1662854400000,202237,77.0,77,77,77,0.06742068,4.6568985,0,1,261160620223719684,2023-11-23,Recife,0.0,0.7968136,1653461.0,23.5714285714,80.6621872857,1,0,0,72.0467227143,65.5883595714,25.2738097143,26.5714285714,46.0,,,,,3635,2022-09-11
1663459200000,202238,59.0,59,59,59,0.019312093,3.5682728,0,1,261160620223819684,2023-11-23,Recife,0.0,0.706086,1653461.0,24.7142857143,78.5906318571,1,0,0,71.0353221429,64.0369602857,26.1298702857,27.7142857143,44.0,,,,,3635,2022-09-18
1664064000000,202239,56.0,56,56,56,0.071724355,3.3868353,0,2,261160620223919684,2023-11-23,Recife,0.0,0.7723213,1653461.0,24.2857142857,75.8722735714,1,0,0,68.2730994286,60.2439442857,26.2770145714,28.1428571429,41.0,,,,,3635,2022-09-25
1664668800000,202240,55.0,55,55,55,0.2226568,3.326356,0,2,261160620224019684,2023-11-23,Recife,0.0,0.8693207,1653461.0,24.4285714286,83.0130605714,1,0,0,72.240313,62.3286965714,26.4101731429,28.4285714286,35.0,,,,,3635,2022-10-02
1665273600000,202241,59.0,59,59,59,0.551057,3.5682728,0,2,261160620224119684,2023-11-23,Recife,0.0,1.0239661,1653461.0,24.7142857143,82.2923785714,1,0,0,72.1615535714,62.4939097143,26.4761902857,28.5714285714,47.0,,,,,3635,2022-10-09
1665878400000,202242,58.0,58,58,58,0.55829436,3.5077937,0,2,261160620224219684,2023-11-23,Recife,0.0,1.027695,1653461.0,25.1428571429,76.0600907143,1,0,0,68.9972602857,60.9925278571,26.725599,29.0,43.0,,,,,3635,2022-10-16
1666483200000,202243,52.0,52,52,52,0.31587797,3.1449184,0,2,261160620224319684,2023-11-23,Recife,0.0,0.91254956,1653461.0,26.0,74.7328677143,1,0,0,69.8300174286,63.6586497143,27.0357145714,28.4285714286,42.0,,,,,3635,2022-10-23
1667088000000,202244,59.0,59,59,59,0.5956517,3.5682728,0,2,261160620224419684,2023-11-23,Recife,0.0,1.0459404,1653461.0,25.1428571429,80.7579097143,1,0,0,69.5907564286,59.4672278571,27.2420635714,29.4285714286,26.0,,,,,3635,2022-10-30
1667692800000,202245,25.0,25,25,25,0.0004753459,1.51198,0,2,261160620224519684,2023-11-23,Recife,0.0,0.46432024,1653461.0,24.1428571429,88.0233157143,1,0,0,76.8394465714,66.775609,26.3732931429,28.7142857143,16.0,,,,,3635,2022-11-06
1668297600000,202246,26.0,26,26,26,0.006436314,1.5724592,0,2,261160620224619684,2023-11-23,Recife,0.0,0.5535035,1653461.0,24.8571428571,84.4394677143,1,0,0,73.8024064286,66.4988294286,26.8809528571,28.7142857143,10.0,,,,,3635,2022-11-13
1668902400000,202247,10.0,10,10,10,7.91475e-05,0.604792,0,2,261160620224719684,2023-11-23,Recife,0.0,0.29279548,1653461.0,24.8571428571,80.2030891429,1,0,0,72.1526962857,64.825027,26.7451814286,28.2857142857,8.0,,,,,3635,2022-11-20
1669507200000,202248,25.0,25,25,25,0.57940173,1.51198,0,2,261160620224819684,2023-11-23,Recife,0.0,1.0586482,1653461.0,25.2857142857,81.0222294286,1,0,0,72.5720375714,64.750912,26.8800725714,28.7142857143,13.0,,,,,3635,2022-11-27
1670112000000,202249,19.0,19,19,19,0.7692283,1.1491048,0,2,261160620224919708,2023-12-17,Recife,0.0,1.285604,1653461.0,25.4285714286,82.9599337143,1,0,0,72.1709708571,63.8236468571,27.2803028571,29.2857142857,12.0,,,,,3635,2022-12-04
1670716800000,202250,8.0,8,8,8,0.13691881,0.4838336,0,2,261160620225019718,2023-12-27,Recife,0.0,0.62132245,1653461.0,25.5,79.4981806667,1,0,0,70.22274,60.9731168333,27.7270298333,29.6666666667,14.0,,,,,3635,2022-12-11
1671321600000,202251,7.0,7,7,7,0.08038283,0.42335442,0,2,261160620225119718,2023-12-27,Recife,0.0,0.5341118,1653461.0,24.5,78.597223,1,0,0,66.4560735,56.5893175,27.094552,29.5,14.0,,,,,3635,2022-12-18
1671926400000,202252,33.0,33,33,33,0.9994138,1.9958136,0,2,261160620225219733,2024-01-11,Recife,0.0,2.7737265,1653461.0,26.0,77.49065,1,0,0,70.9022553333,67.1765966667,27.0126266667,27.6666666667,13.0,,,,,3635,2022-12-25
1672531200000,202301,70.0,70,70,70,0.9999999,4.233544,0,2,261160620230119740,2024-01-18,Recife,0.0,3.169345,1653461.0,25.0,83.081898,1,0,0,72.1169994286,63.8028641429,27.3463205714,29.4285714286,24.0,,,,,4740,2023-01-01
1673136000000,202302,56.0,56,56,56,0.97701335,3.3868353,0,2,261160620230219747,2024-01-25,Recife,0.0,1.5168421,1653461.0,26.8571428571,73.599946,1,0,0,69.2205991429,62.9186587143,27.8154762857,29.1428571429,23.0,,,,,4740,2023-01-08
1673740800000,202303,78.0,78,78,78,0.9806561,4.7173777,0,2,261160620230319747,2024-01-25,Recife,0.0,1.4350406,1653461.0,26.8571428571,74.1516305714,1,0,0,74.1516305714,74.1516305714,26.8571428571,26.8571428571,30.0,,,,,4740,2023-01-15
1674345600000,202304,65.0,65,65,65,0.55298716,3.931148,0,2,261160620230419752,2024-01-30,Recife,0.0,1.0237046,1653461.0,27.7142857143,71.1563145714,1,0,0,71.1563145714,71.1563145714,27.7142857143,27.7142857143,31.0,,,,,4740,2023-01-22
1674950400000,202305,77.0,77,77,77,0.7607073,4.6568985,0,2,261160620230519759,2024-02-06,Recife,0.0,1.1244097,1653461.0,27.7142857143,69.3387148571,1,0,0,67.6362685714,65.9930538571,28.0476191429,28.5714285714,35.0,,,,,4740,2023-01-29
1675555200000,202306,50.0,50,50,50,0.036569826,3.345408,0,2,261160620230619768,2024-02-15,Recife,0.0,0.71968937,1494586.0,26.8571428571,73.3432752857,1,0,0,72.1872738571,71.2893895714,27.095238,27.2857142857,28.0,,,,,4740,2023-02-05
1676160000000,202307,74.0,74,74,74,0.72259223,4.951204,0,2,261160620230719773,2024-02-20,Recife,0.0,1.1043224,1494586.0,27.7619047619,75.4874799524,1,0,0,74.7163019048,73.9451214286,27.9285714286,28.0952380952,32.0,,,,,4740,2023-02-12
1676764800000,202308,102.0,102,102,102,0.9975071,6.824632,0,2,261160620230819780,2024-02-27,Recife,0.0,1.5488698,1494586.0,26.0,83.3246614286,1,1,1,75.3662177143,67.8499231429,27.6190474286,29.2857142857,53.0,,,,,4740,2023-02-19
1677369600000,202309,109.0,109,109,109,0.99149215,7.2929897,0,3,261160620230919786,2024-03-04,Recife,0.0,1.4221932,1494586.0,28.0,72.4254245714,1,1,1,71.9249088571,71.7997794286,28.0,28.0,51.0,,,,,4740,2023-02-26
1677974400000,202310,191.0,191,191,191,1.0,12.779459,0,3,261160620231019794,2024-03-12,Recife,0.0,1.9423469,1494586.0,28.0,71.2204783704,1,1,1,70.2294016296,68.869290963,28.0555555556,28.1111111111,108.0,,,,,4740,2023-03-05
1678579200000,202311,251.0,251,251,251,1.0,16.79395,0,3,261160620231119800,2024-03-18,Recife,0.0,1.899196,1494586.0,26.5384615385,77.1136944615,1,1,1,75.3465044615,73.6169796923,26.8461538462,27.1538461538,156.0,,,,,4740,2023-03-12
1679184000000,202312,206.0,206,206,206,0.9050696,13.783081,0,3,261160620231219808,2024-03-26,Recife,0.0,1.1427214,1494586.0,24.2857142857,89.7035814286,1,0,1,80.2768564286,69.7261528571,26.2380951429,28.4285714286,106.0,,,,,4740,2023-03-19
1679788800000,202313,177.0,177,177,177,0.037329596,11.842745,0,2,261160620231319814,2024-04-01,Recife,0.0,0.8345107,1494586.0,25.7142857143,81.7221328571,1,0,1,73.268316,66.2369022857,27.2933674286,28.2857142857,81.0,,,,,4740,2023-03-26
1680393600000,202314,140.0,140,140,140,0.0002596724,9.367143,0,2,261160620231419821,2024-04-08,Recife,0.0,0.6858932,1494586.0,25.0,87.3779771429,1,0,1,74.4509642857,63.8651137143,27.6488094286,29.8571428571,69.0,,,,,4740,2023-04-02
1680998400000,202315,144.0,144,144,144,0.034340713,9.634775,0,2,261160620231519827,2024-04-14,Recife,0.0,0.8157609,1494586.0,24.7142857143,87.4232665714,1,0,1,73.6350322857,63.3953774286,27.5773811429,30.0,63.0,,,,,4740,2023-04-09
1681603200000,202316,133.0,133,133,133,0.11843096,8.898786,0,2,261160620231619835,2024-04-22,Recife,0.0,0.8694767,1494586.0,25.2857142857,88.8567694286,1,0,1,74.9836624286,62.4412692857,27.7976188571,30.2857142857,70.0,,,,,4740,2023-04-16
1682208000000,202317,117.0,117,117,117,0.072493136,7.8282547,0,2,261160620231719841,2024-04-28,Recife,0.0,0.8337735,1494586.0,24.5909090909,89.3786251818,1,0,1,78.2234577273,65.9292983636,27.1212120909,29.9090909091,55.0,,,,,4740,2023-04-23
1682812800000,202318,107.0,107,107,107,0.064222515,7.159173,0,2,261160620231819848,2024-05-05,Recife,0.0,0.8207924,1494586.0,27.5714285714,75.0340541429,1,0,1,73.4107367143,72.4594801429,27.9285714286,28.0,58.0,,,,,4740,2023-04-30
1683417600000,202319,96.0,96,96,96,0.062879786,6.4231834,0,2,261160620231919856,2024-05-13,Recife,0.0,0.81114304,1494586.0,26.8571428571,76.2197148571,1,0,1,73.6588022857,71.8318268571,27.4107142857,27.8571428571,56.0,,,,,4740,2023-05-07
1684022400000,202320,96.0,96,96,96,0.21453714,6.4231834,0,2,261160620232019862,2024-05-19,Recife,0.0,0.895124,1494586.0,25.8571428571,80.3434765714,1,0,1,76.1097912857,71.2625508571,27.0238094286,28.1428571429,52.0,,,,,4740,2023-05-14
1684627200000,202321,64.0,64,64,64,0.003747407,4.282122,0,2,261160620232119869,2024-05-26,Recife,0.0,0.6543981,1494586.0,24.5714285714,90.2980737143,1,0,0,82.8014828571,75.2480185714,26.0064934286,27.5714285714,42.0,,,,,4740,2023-05-21
1685232000000,202322,77.0,77,77,77,0.2061472,5.1519284,0,2,261160620232219876,2024-06-02,Recife,0.0,0.8801544,1494586.0,25.5925925926,84.9680394074,1,0,0,83.0800014074,80.9683962222,25.8111111111,26.0,36.0,,,,,4740,2023-05-28
1685836800000,202323,56.0,56,56,56,0.03945951,3.746857,0,1,261160620232319884,2024-06-10,Recife,,0.7359712,1494586.0,22.6922285714,94.0040142857,0,0,0,85.6744857143,73.8648571429,24.7936285714,27.4321285714,26.0,,,,,4740,2023-06-04
1686441600000,202324,77.0,77,77,77,0.73188865,5.1519284,0,1,261160620232419884,2024-06-10,Recife,,1.1073492,1494586.0,22.5646285714,94.7670285714,0,0,0,87.2063857143,75.9576571429,24.3298571429,26.6181857143,47.0,,,,,4740,2023-06-11
1687046400000,202325,54.0,54,54,54,0.12793472,3.6130407,0,2,261160620232519898,2024-06-24,Recife,0.0,0.81308573,1494586.0,24.8148148148,86.9184702963,1,0,0,85.811525037,84.0853135556,25.0222222222,25.2592592593,37.0,,,,,4740,2023-06-18
1687651200000,202326,64.0,64,64,64,0.4562682,4.282122,0,2,261160620232619905,2024-07-01,Recife,0.0,0.9809227,1494586.0,23.7142857143,94.2464042857,1,0,0,92.7613971429,91.0451122857,23.9870128571,24.2857142857,41.0,,,,,4740,2023-06-25
1688256000000,202327,86.0,86,86,86,0.9666094,5.7541018,0,2,261160620232719913,2024-07-09,Recife,0.0,1.350557,1494586.0,24.0,93.63986,1,0,0,91.4794692857,88.3637045714,24.2727271429,24.5714285714,49.0,,,,,4740,2023-07-02
1688860800000,202328,89.0,89,89,89,0.9483555,5.9548264,0,1,261160620232819919,2024-07-15,Recife,,1.2968223,1494586.0,21.9134,93.4502142857,0,0,1,84.4143285714,71.3083142857,24.3752142857,27.4329428571,60.0,,,,,4740,2023-07-09
1689465600000,202329,93.0,93,93,93,0.846532,6.222459,0,1,261160620232919929,2024-07-25,Recife,,1.1681056,1494586.0,21.7137142857,91.9443571429,0,0,1,83.2687,72.8341857143,23.8084428571,26.3786857143,55.0,,,,,4740,2023-07-16
1690070400000,202330,80.0,80,80,80,0.2976472,5.352653,0,1,261160620233019934,2024-07-30,Recife,,0.9212023,1494586.0,21.456,91.5377571429,0,0,0,82.4824142857,68.0608285714,23.8863142857,27.2630285714,37.0,,,,,4740,2023-07-23
1690675200000,202331,136.0,136,136,136,0.99887913,9.09951,0,1,261160620233119941,2024-08-06,Recife,,1.5065637,1494586.0,21.5317714286,92.0456714286,0,1,1,81.7217857143,66.8633428571,24.0193285714,27.1687428571,84.0,,,,,4740,2023-07-30
1691280000000,202332,112.0,112,112,112,0.82323164,7.493714,0,1,261160620233219948,2024-08-13,Recife,,1.136264,1494586.0,21.8006142857,92.1561571429,0,0,1,83.1618571429,69.8421142857,23.9577857143,26.8189857143,75.0,,,,,4740,2023-08-06
1691884800000,202333,115.0,115,115,115,0.5698647,7.6944385,0,1,261160620233319955,2024-08-20,Recife,,1.0235807,1494586.0,21.1501571429,92.7622714286,0,0,1,84.8980142857,75.4136142857,23.1133,25.526,83.0,,,,,4740,2023-08-13
1692489600000,202334,108.0,108,108,108,0.2963376,7.2260814,0,1,261160620233419962,2024-08-27,Recife,,0.9311092,1494586.0,21.8987428571,92.8932571429,0,0,1,84.6578714286,72.2147,24.2168,27.1664714286,74.0,,,,,4740,2023-08-20
1693094400000,202335,88.0,88,88,88,0.047054674,5.887918,0,1,261160620233519969,2024-09-03,Recife,,0.7887211,1494586.0,22.7506142857,93.0825142857,0,0,1,82.6748285714,65.8619428571,25.1182285714,28.5186714286,62.0,,,,,4740,2023-08-27
1693699200000,202336,80.0,80,80,80,0.042780157,5.352653,0,1,261160620233619978,2024-09-12,Recife,,0.7753015,1494586.0,21.8036428571,92.4308428571,0,0,0,82.8844428571,69.3062,24.0168571429,26.8312428571,57.0,,,,,4740,2023-09-03
1694304000000,202337,91.0,91,91,91,0.4635923,6.0886426,0,1,261160620233719983,2024-09-17,Recife,,0.9866184,1494586.0,22.0465428571,91.7251428571,0,0,1,83.9922,73.9447,24.0086428571,26.5362428571,67.0,,,,,4740,2023-09-10
1694908800000,202338,88.0,88,88,88,0.5502875,5.887918,0,1,261160620233819990,2024-09-24,Recife,,1.0192827,1494586.0,22.6449,91.4249285714,0,0,1,83.7365857143,72.0786285714,24.4319857143,26.9524142857,72.0,,,,,4740,2023-09-17
1695513600000,202339,92.0,92,92,92,0.6412866,6.155551,0,1,261160620233919997,2024-10-01,Recife,,1.0554404,1494586.0,22.5591714286,90.4098857143,0,0,1,78.8089428571,61.6060428571,25.1864857143,28.8472142857,64.0,,,,,4740,2023-09-24
1696118400000,202340,73.0,73,73,73,0.11700626,4.884296,0,1,261160620234020004,2024-10-08,Recife,,0.8290479,1494586.0,22.4765714286,87.6280571429,0,0,0,77.0756142857,62.4228857143,25.1710857143,28.6679571429,59.0,,,,,4740,2023-10-01
1696723200000,202341,93.0,93,93,93,0.70107263,6.222459,0,1,261160620234120011,2024-10-15,Recife,,1.0818884,1494586.0,23.0117571429,89.0514,1,0,1,78.5950142857,63.4982714286,25.4497857143,28.5537,61.0,,,,,4740,2023-10-08
1697328000000,202342,111.0,111,111,111,0.968583,7.426806,0,1,261160620234220019,2024-10-23,Recife,,1.3051804,1494586.0,22.4644285714,87.3316857143,0,1,1,75.7726142857,58.3358857143,25.1478,28.8651285714,77.0,,,,,4740,2023-10-15
1697932800000,202343,61.0,61,61,61,0.008303003,4.081398,0,1,261160620234320026,2024-10-30,Recife,,0.67562205,1494586.0,22.9323,88.2261142857,0,0,0,74.7251571429,55.5098142857,25.9315428571,29.9868428571,49.0,,,,,4740,2023-10-22
1698537600000,202344,56.0,56,56,56,0.0029305345,3.746857,0,1,261160620234420032,2024-11-05,Recife,,0.6297048,1494586.0,23.5049,86.5435571429,1,0,0,74.5585,57.3571142857,26.2979,29.9931571429,45.0,,,,,4740,2023-10-29
1699142400000,202345,60.0,60,60,60,0.1230349,4.0144897,0,1,261160620234520039,2024-11-12,Recife,,0.8180943,1494586.0,23.5938571429,86.5284,1,0,0,74.8342428571,57.9996428571,26.2009571429,29.6215714286,47.0,,,,,4740,2023-11-05
1699747200000,202346,43.0,43,43,43,0.042877577,2.8770509,0,2,261160620234620046,2024-11-19,Recife,,0.71244067,1494586.0,23.5620285714,86.2514428571,1,0,0,74.1716428571,55.4312714286,26.4809,30.4874,36.0,,,,,4740,2023-11-12
1700352000000,202347,61.0,61,61,61,0.7125478,4.081398,0,2,261160620234720056,2024-11-29,Recife,,1.1094333,1494586.0,24.8534714286,82.4928142857,1,0,0,69.2592285714,54.1422714286,27.1328142857,30.1454857143,56.0,,,,,4740,2023-11-19
1700956800000,202348,56.0,56,56,56,0.622243,3.746857,0,2,261160620234820060,2024-12-03,Recife,,1.0613035,1494586.0,24.3751285714,82.4823857143,1,0,0,70.4629285714,54.0964,26.6528857143,29.6001142857,52.0,,,,,4740,2023-11-26
1701561600000,202349,32.0,32,32,32,0.0093665,2.141061,0,2,261160620234920067,2024-12-10,Recife,,0.59797144,1494586.0,24.7556285714,86.1779428571,1,0,0,74.3003,59.0443285714,26.9602857143,30.0437285714,29.0,,,,,4740,2023-12-03
1702166400000,202350,32.0,32,32,32,0.027258037,2.141061,0,2,261160620235020074,2024-12-17,Recife,,0.6508448,1494586.0,24.8200571429,80.5778142857,1,0,0,69.8309857143,56.4673714286,26.9652428571,29.6999714286,28.0,,,,,4740,2023-12-10
1702771200000,202351,31.0,31,31,31,0.16143876,2.074153,0,2,261160620235120080,2024-12-23,Recife,,0.79030365,1494586.0,24.7817,87.3427,1,0,0,77.1367,63.2967285714,26.8007142857,29.5706857143,20.0,,,,,4740,2023-12-17
1703376000000,202352,42.0,42,42,42,0.83527225,2.8101428,0,2,261160620235220087,2024-12-30,Recife,,1.2508335,1494586.0,24.8882,88.1944,1,0,0,75.2591285714,58.4604285714,27.1267428571,30.1603571429,20.0,,,,,4740,2023-12-24
1703980800000,202401,93.0,93,93,93,0.9999997,6.222459,0,2,261160620240120095,2025-01-07,Recife,,2.4947472,1494586.0,25.1708,88.8234142857,1,1,1,75.1299571429,58.6317571429,27.6140142857,30.9190714286,16.0,,,,,15576,2023-12-31
1704585600000,202402,85.0,85,85,85,0.9967658,5.687194,0,3,261160620240220102,2025-01-14,Recife,,1.5969551,1494586.0,25.0414428571,86.0785,1,1,1,73.5840571429,58.2131,27.4324285714,30.4655714286,19.0,,,,,15576,2024-01-07
1705190400000,202403,90.0,90,90,90,0.8871632,6.021734,0,3,261160620240320109,2025-01-21,Recife,,1.2078753,1494586.0,25.1960571429,86.3408714286,1,0,1,72.7036857143,56.6213857143,27.5325857143,30.6776285714,29.0,,,,,15576,2024-01-14
1705795200000,202404,120.0,120,120,120,0.98919797,8.028979,0,2,261160620240420116,2025-01-28,Recife,,1.3780591,1494586.0,25.9173142857,86.3405,1,1,1,73.4709142857,57.3135428571,28.2702285714,31.4186285714,28.0,,,,,15576,2024-01-21
1706400000000,202405,164.0,164,164,164,0.99996763,10.972939,0,3,261160620240520122,2025-02-03,Recife,,1.6470028,1494586.0,25.6702142857,84.1740571429,1,1,1,71.6102285714,56.9891,27.8779714286,30.8514571429,51.0,,,,,15576,2024-01-28
1707004800000,202406,242.0,242,242,242,1.0,16.191774,0,3,261160620240620130,2025-02-11,Recife,,1.8978235,1494586.0,26.0835285714,83.0099428571,1,1,1,70.4713,54.5868285714,28.4076714286,31.6267285714,65.0,,,,,15576,2024-02-04
1707609600000,202407,472.0,472,472,472,1.0,31.580652,0,3,261160620240720137,2025-02-18,Recife,,2.5685546,1494586.0,25.2814,89.1084,1,1,2,79.6530142857,66.5952571429,27.2921571429,30.0085857143,139.0,,,,,15576,2024-02-11
1708214400000,202408,765.0,765,765,765,1.0,51.184742,0,3,261160620240820145,2025-02-26,Recife,,2.559624,1494586.0,25.2743571429,92.9002428571,1,1,2,82.7339714286,71.0914,27.2645428571,29.8103428571,221.0,,,,,15576,2024-02-18
1708819200000,202409,966.0,966,966,966,1.0,64.633286,0,4,261160620240920153,2025-03-06,Recife,,1.9571571,1494586.0,25.0480428571,92.4572142857,1,1,2,81.9243428571,69.0182571429,27.1303428571,30.0077571429,333.0,,,,,15576,2024-02-25
1709424000000,202410,960.0,960,960,960,1.0,64.231834,0,4,261160620241020157,2025-03-10,Recife,,1.335579,1494586.0,25.4601857143,90.4632285714,1,1,2,81.0710428571,69.7923428571,27.5752142857,30.0910714286,315.0,,,,,15576,2024-03-03
1710028800000,202411,904.0,904,904,904,0.7266231,60.484978,0,4,261160620241120165,2025-03-18,Recife,,1.028953,1494586.0,25.2962714286,91.7673714286,1,0,2,81.7721285714,69.4362571429,27.4290428571,30.0205714286,299.0,,,,,15576,2024-03-10
1710633600000,202412,808.0,808,808,808,0.0029378748,54.061794,0,4,261160620241220171,2025-03-24,Recife,,0.8758598,1494586.0,25.6161714286,90.3287,1,0,2,81.1856571429,70.2741571429,27.5410714286,30.0967857143,271.0,,,,,15576,2024-03-17
1711238400000,202413,544.0,544,544,544,0.0,36.39804,0,4,261160620241320178,2025-03-31,Recife,,0.622833,1494586.0,24.9745142857,93.9551142857,1,0,2,84.2795714286,74.3591428571,26.9718,29.2177714286,190.0,,,,,15576,2024-03-24
1711843200000,202414,640.0,640,640,640,0.0004844823,42.821224,0,4,261160620241420188,2025-04-10,Recife,,0.83825725,1494586.0,25.0172,93.4323714286,1,0,2,82.8469857143,69.1060857143,27.2937857143,30.2710142857,252.0,,,,,15576,2024-03-31
1712448000000,202415,599.0,599,599,599,0.06363164,40.077988,0,4,261160620241520192,2025-04-14,Recife,,0.9174008,1494586.0,25.1138571429,92.4785714286,1,0,2,82.5116714286,71.5692857143,27.1265714286,29.5064857143,202.0,,,,,15576,2024-04-07
1713052800000,202416,560.0,560,560,560,0.07222729,37.46857,0,4,261160620241620200,2025-04-22,Recife,,0.918196,1494586.0,25.1445857143,93.1904142857,1,0,2,84.1242857143,71.7897571429,27.0196571429,29.6188285714,213.0,,,,,15576,2024-04-14
1713657600000,202417,496.0,496,496,496,0.0023158798,33.186447,0,4,261160620241720206,2025-04-28,Recife,,0.8418405,1494586.0,25.0235714286,91.9511714286,1,0,2,82.8534285714,73.2801714286,27.1755285714,29.7661285714,181.0,,,,,15576,2024-04-21
1714262400000,202418,353.0,353,353,353,1e-10,23.61858,0,4,261160620241820213,2025-05-05,Recife,,0.6483023,1494586.0,24.9795285714,88.5749714286,1,0,1,78.6864857143,67.0244714286,27.0385714286,29.4592571429,140.0,,,,,15576,2024-04-28
1714867200000,202419,335.0,335,335,335,6.454e-07,22.414234,0,2,261160620241920223,2025-05-15,Recife,,0.70954645,1494586.0,24.7221857143,92.4212,1,0,1,83.7003285714,73.0781428571,26.4931428571,28.7552142857,142.0,,,,,15576,2024-05-05
1715472000000,202420,349.0,349,349,349,0.05024727,23.350948,0,2,261160620242020227,2025-05-19,Recife,,0.88640946,1494586.0,24.4243857143,91.9612,1,0,1,82.6064714286,71.3267428571,26.4019,28.8280285714,132.0,,,,,15576,2024-05-12
1716076800000,202421,317.0,317,317,317,0.10067147,21.209887,0,2,261160620242120236,2025-05-28,Recife,,0.90578896,1494586.0,24.0886714286,89.4841714286,1,0,1,81.8970714286,72.5453714286,25.8551571429,28.0187,129.0,,,,,15576,2024-05-19
1716681600000,202422,334.0,334,334,334,0.4636375,22.347326,0,2,261160620242220241,2025-06-02,Recife,,0.9929786,1494586.0,23.9968714286,90.8445142857,1,0,1,84.3257857143,75.1786857143,25.4837428571,27.6009857143,141.0,,,,,15576,2024-05-26
1717286400000,202423,310.0,310,310,310,0.23563138,20.74153,0,2,261160620242320248,2025-06-09,Recife,,0.9445847,1494586.0,23.7747571429,93.2197142857,1,0,1,86.2522571429,77.7393714286,25.5320857143,27.8105571429,130.0,,,,,15576,2024-06-02
1717891200000,202424,352.0,352,352,352,0.8563985,23.551672,0,2,261160620242420255,2025-06-16,Recife,,1.0852718,1494586.0,23.8353857143,90.0765428571,1,0,1,82.8419142857,73.1709,25.2838,27.3042,159.0,,,,,15576,2024-06-09
1718496000000,202425,294.0,294,294,294,0.111718684,19.671,0,2,261160620242520262,2025-06-23,Recife,,0.90672296,1494586.0,23.1272428571,89.7296571429,1,0,1,81.9929142857,73.3473857143,24.8697571429,26.9961714286,160.0,,,,,15576,2024-06-16
1719100800000,202426,359.0,359,359,359,0.9003584,24.02003,0,1,261160620242620269,2025-06-30,Recife,,1.1031021,1494586.0,22.4778714286,90.1773285714,0,0,1,81.4677285714,69.9057428571,24.6225714286,27.1272428571,184.0,,,,,15576,2024-06-23
1719705600000,202427,308.0,308,308,308,0.2592892,20.607714,0,1,261160620242720278,2025-07-09,Recife,,0.9499728,1494586.0,22.6248,90.9060571429,0,0,1,82.3851857143,71.2839,24.3238428571,26.5151571429,131.0,,,,,15576,2024-06-30
1720310400000,202428,231.0,231,231,231,5.37666e-05,15.455785,0,1,261160620242820283,2025-07-14,Recife,,0.7178764,1494586.0,22.5176,90.1951,0,0,1,82.3395857143,73.1600285714,24.2666,26.1853714286,96.0,,,,,15576,2024-07-07
1720915200000,202429,187.0,187,187,187,5.549e-07,12.511826,0,1,261160620242920291,2025-07-22,Recife,,0.6377712,1494586.0,22.6601857143,83.6414,0,0,1,75.7858857143,66.5497,24.3296428571,26.3974857143,86.0,,,,,15576,2024-07-14
1721520000000,202430,207.0,207,207,207,0.041137137,13.849989,0,1,261160620243020298,2025-07-29,Recife,,0.8489152,1494586.0,22.4150428571,83.7740285714,0,0,1,72.5853,60.5156857143,24.1168,26.5516571429,91.0,,,,,15576,2024-07-21
1722124800000,202431,181.0,181,181,181,0.08056835,12.110377,0,1,261160620243120305,2025-08-05,Recife,,0.86761504,1494586.0,23.0476857143,85.1205714286,1,0,1,76.0037857143,61.9397714286,24.7128285714,27.1305714286,97.0,,,,,15576,2024-07-28
1722729600000,202432,148.0,148,148,148,0.0067750337,9.902408,0,1,261160620243220312,2025-08-12,Recife,,0.7648486,1494586.0,22.0127857143,83.8519285714,0,0,1,74.4867285714,64.1487714286,24.0801857143,26.4909142857,60.0,,,,,15576,2024-08-04
1723334400000,202433,170.0,170,170,170,0.32521793,11.374388,0,1,261160620243320320,2025-08-20,Recife,,0.9526561,1494586.0,22.7604857143,83.5839857143,0,0,1,71.7991142857,58.5010285714,24.9446142857,27.8049142857,72.0,,,,,15576,2024-08-11
1723939200000,202434,177.0,177,177,177,0.73186964,11.842745,0,1,261160620243420328,2025-08-28,Recife,,1.0690482,1494586.0,22.7164571429,84.5741428571,0,0,1,76.0165285714,65.1606714286,24.4406285714,26.6607714286,86.0,,,,,15576,2024-08-18
1724544000000,202435,112.0,112,112,112,0.0009631039,7.493714,0,1,261160620243520332,2025-09-01,Recife,,0.6861787,1494586.0,22.2601,83.5812428571,0,0,1,72.4750571429,58.3299428571,24.2411857143,26.9807571429,54.0,,,,,15576,2024-08-25
1725148800000,202436,123.0,123,123,123,0.02971168,8.229704,0,1,261160620243620339,2025-09-08,Recife,,0.7970956,1494586.0,22.7314,76.4604857143,0,0,1,66.5669428571,53.0249142857,24.7101571429,27.4987857143,74.0,,,,,15576,2024-09-01
1725753600000,202437,105.0,105,105,105,0.035299063,7.025357,0,1,261160620243720346,2025-09-15,Recife,,0.7906584,1494586.0,22.6639285714,85.0467285714,0,0,1,75.7343571429,64.0300857143,24.3778714286,26.6599,74.0,,,,,15576,2024-09-08
1726358400000,202438,123.0,123,123,123,0.6129188,8.229704,0,1,261160620243820353,2025-09-22,Recife,,1.0375515,1494586.0,23.0549857143,82.5257,1,0,1,70.6000428571,56.4442,25.0418571429,27.8008285714,74.0,,,,,15576,2024-09-15
1726963200000,202439,110.0,110,110,110,0.3891624,7.3598976,0,1,261160620243920363,2025-10-02,Recife,,0.9631622,1494586.0,23.1413,84.5451,1,0,1,71.3298428571,56.5265285714,25.3050428571,28.2075142857,55.0,,,,,15576,2024-09-22
1727568000000,202440,131.0,131,131,131,0.8414902,8.764969,0,2,261160620244020367,2025-10-06,Recife,,1.1358944,1494586.0,23.3449,83.0958571429,1,0,1,71.0559714286,56.0782571429,25.3857571429,28.2001428571,68.0,,,,,15576,2024-09-29
1728172800000,202441,146.0,146,146,146,0.94877577,9.768592,0,2,261160620244120375,2025-10-14,Recife,,1.2222041,1494586.0,23.3294,83.8028285714,1,0,1,68.4409142857,49.7913571429,26.0502428571,29.6902428571,74.0,,,,,15576,2024-10-06
1728777600000,202442,130.0,130,130,130,0.54100627,8.698061,0,2,261160620244220381,2025-10-20,Recife,,1.0128741,1494586.0,24.1822285714,82.6436285714,1,0,1,69.0415428571,50.9879857143,26.5693714286,29.9511285714,60.0,,,,,15576,2024-10-13
1729382400000,202443,147.0,147,147,147,0.74695945,9.8355,0,2,261160620244320389,2025-10-28,Recife,,1.0821956,1494586.0,24.1317142857,79.3836571429,1,0,1,67.0858714286,51.3744714286,26.3025142857,29.3532714286,66.0,,,,,15576,2024-10-20
1729987200000,202444,193.0,193,193,193,0.9979421,12.913275,0,2,261160620244420395,2025-11-03,Recife,,1.3711563,1494586.0,24.0984714286,84.0256857143,1,1,1,71.0757,54.7844714286,26.2836428571,29.2716142857,91.0,,,,,15576,2024-10-27
1730592000000,202445,173.0,173,173,173,0.8454316,11.575111,0,2,261160620244520403,2025-11-11,Recife,,1.1188745,1494586.0,24.1025571429,81.2122428571,1,0,1,69.3443285714,55.4813714286,26.2288,29.1902285714,95.0,,,,,15576,2024-11-03
1731196800000,202446,181.0,181,181,181,0.6865026,12.110377,0,2,261160620244620410,2025-11-18,Recife,,1.0530454,1494586.0,24.1953571429,84.0050428571,1,0,1,69.6770857143,51.5413285714,26.5014,29.7969714286,104.0,,,,,15576,2024-11-10
1731801600000,202447,141.0,141,141,141,0.025454767,9.434051,0,2,261160620244720418,2025-11-26,Recife,,0.80269,1494586.0,24.0563,85.9265571429,1,0,1,71.7683428571,52.9278142857,26.5686714286,30.1393428571,71.0,,,,,15576,2024-11-17
1732406400000,202448,141.0,141,141,141,0.069659814,9.434051,0,2,261160620244820424,2025-12-02,Recife,,0.8448707,1494586.0,24.6890142857,81.2203714286,1,0,1,67.3342428571,48.3013857143,27.1462857143,30.7216571429,80.0,,,,,15576,2024-11-24
1733011200000,202449,112.0,112,112,112,0.008650752,7.493714,0,2,261160620244920431,2025-12-09,Recife,,0.7445419,1494586.0,24.4233571429,84.5528571429,1,0,1,73.5746571429,59.9023571429,26.5964571429,29.6091571429,44.0,,,,,15576,2024-12-01
1733616000000,202450,147.0,147,147,147,0.7443049,9.8355,0,2,261160620245020437,2025-12-15,Recife,,1.081111,1494586.0,24.7830857143,82.8427714286,1,0,1,70.3693428571,55.7192428571,27.0241571429,29.9942285714,70.0,,,,,15576,2024-12-08
1734220800000,202451,120.0,120,120,120,0.27785903,8.028979,0,2,261160620245120437,2025-12-15,Recife,,0.92817223,1494586.0,24.9889428571,87.4425285714,1,0,1,75.7581142857,62.2370285714,27.1125,29.7591,64.0,,,,,15576,2024-12-15
1734825600000,202452,121.0,121,121,121,0.2936438,8.095887,0,2,261160620245220437,2025-12-15,Recife,,0.93380964,1494586.0,24.6904571429,82.068,1,0,1,69.3362142857,54.5096857143,27.0391,30.0159857143,50.0,,,,,15576,2024-12-22
