data_iniSE,SE,casos_est,casos_est_min,casos_est_max,casos,p_rt1,p_inc100k,Localidade_id,nivel,id,versao_modelo,municipio_nome,tweet,Rt,pop,tempmin,umidmax,receptivo,transmissao,nivel_inc,umidmed,umidmin,tempmed,tempmax,casprov,casprov_est,casprov_est_min,casprov_est_max,casconf,notif_accum_year,date
1262476800000,201001,60.0,60,60,60,0.0,2.0784993,0,1,292740820100119589,2023-08-20,Salvador,0.0,0.0,2886698.0,24.1428571429,96.7142857143,1,,1,82.9896285714,67.2857142857,27.4443221429,30.4285714286,49.0,,,,,9227,2010-01-03
1263081600000,201002,52.0,52,52,52,0.0,1.8013661,0,1,292740820100219589,2023-08-20,Salvador,0.0,0.0,2886698.0,24.4285714286,96.7142857143,1,,1,82.6385277143,65.4285714286,27.5036442857,30.5714285714,36.0,,,,,9227,2010-01-10
1263686400000,201003,57.0,57,57,57,0.0,1.9745744,0,2,292740820100319589,2023-08-20,Salvador,0.0,0.0,2886698.0,25.2857142857,93.7142857143,1,,1,80.6232414286,66.8571428571,27.6983225714,30.1428571429,41.0,,,,,9227,2010-01-17
1264291200000,201004,69.0,69,69,69,0.0,2.3902743,0,2,292740820100419589,2023-08-20,Salvador,0.0,0.0,2886698.0,25.4285714286,88.1428571429,1,,1,76.2218385714,61.8571428571,28.1480111429,30.8571428571,45.0,,,,,9227,2010-01-24
1264896000000,201005,118.0,118,118,118,0.0,4.0877156,0,2,292740820100519589,2023-08-20,Salvador,0.0,0.0,2886698.0,26.7142857143,86.1428571429,1,,1,74.6974371429,60.1428571429,28.6552418571,31.2857142857,87.0,,,,,9227,2010-01-31
1265500800000,201006,84.0,84,84,84,0.6965259,2.9098992,0,2,292740820100619589,2023-08-20,Salvador,0.0,1.0841427,2886698.0,25.7142857143,91.4285714286,1,0.0,1,76.4776914286,60.8571428571,28.252259,31.0,68.0,,,,,9227,2010-02-07
1266105600000,201007,111.0,111,111,111,0.8913815,3.845224,0,2,292740820100719589,2023-08-20,Salvador,0.0,1.1883646,2886698.0,26.1428571429,90.5714285714,1,0.0,1,76.6888528571,60.2857142857,28.7869317143,31.4285714286,84.0,,,,,9227,2010-02-14
1266710400000,201008,151.0,151,151,151,0.9992146,5.2308903,0,2,292740820100819589,2023-08-20,Salvador,0.0,1.49416,2886698.0,26.1428571429,89.2857142857,1,1.0,1,78.2142857143,63.4285714286,28.5803571429,31.0,115.0,,,,,9227,2010-02-21
1267315200000,201009,160.0,160,160,160,0.99569935,5.542665,0,3,292740820100919589,2023-08-20,Salvador,0.0,1.3737596,2886698.0,25.4285714286,96.0,1,1.0,1,82.1489828571,64.8571428571,28.5495342857,31.7142857143,126.0,,,,,9227,2010-02-28
1267920000000,201010,139.0,139,139,139,0.51471144,4.8151903,0,3,292740820101019589,2023-08-20,Salvador,0.0,1.0044324,2886698.0,25.0,100.0,1,0.0,1,85.0153428571,63.8571428571,28.1269011429,31.4285714286,103.0,,,,,9227,2010-03-07
1268524800000,201011,178.0,178,178,178,0.93934655,6.166215,0,2,292740820101119589,2023-08-20,Salvador,0.0,1.1867155,2886698.0,25.2857142857,93.5714285714,1,0.0,1,78.1520071429,60.5714285714,28.3862331429,31.5714285714,130.0,,,,,9227,2010-03-14
1269129600000,201012,159.0,159,159,159,0.6008913,5.5080233,0,2,292740820101219589,2023-08-20,Salvador,0.0,1.029262,2886698.0,24.4285714286,87.5714285714,1,0.0,1,73.8206577143,54.4285714286,27.6523888571,30.5714285714,118.0,,,,,9227,2010-03-21
1269734400000,201013,160.0,160,160,160,0.47593153,5.542665,0,2,292740820101319589,2023-08-20,Salvador,0.0,0.9932934,2886698.0,24.8571428571,91.4285714286,1,0.0,1,76.47238,61.4285714286,27.7926632857,30.2857142857,109.0,,,,,9227,2010-03-28
1270339200000,201014,167.0,167,167,167,0.59869266,5.7851567,0,2,292740820101419589,2023-08-20,Salvador,0.0,1.0278907,2886698.0,24.1428571429,93.4285714286,1,0.0,1,79.6457062857,62.7142857143,26.8181951429,29.4285714286,118.0,,,,,9227,2010-04-04
1270944000000,201015,166.0,166,166,166,0.5891609,5.750515,0,2,292740820101519589,2023-08-20,Salvador,0.0,1.0251737,2886698.0,24.1428571429,93.1428571429,1,0.0,1,80.1497615714,64.7142857143,26.4815602857,28.7142857143,119.0,,,,,9227,2010-04-11
1271548800000,201016,181.0,181,181,181,0.8104415,6.2701397,0,2,292740820101619589,2023-08-20,Salvador,0.0,1.099165,2886698.0,24.8571428571,89.0,1,0.0,1,74.0369211429,59.7142857143,27.4263674286,29.7142857143,136.0,,,,,9227,2010-04-18
1272153600000,201017,265.0,265,265,265,0.99999344,9.180038,0,2,292740820101719589,2023-08-20,Salvador,0.0,1.5220692,2886698.0,24.8571428571,87.0,1,1.0,2,69.802612,56.4285714286,27.8208908571,29.8571428571,203.0,,,,,9227,2010-04-25
1272758400000,201018,302.0,302,302,302,0.99999565,10.461781,0,4,292740820101819589,2023-08-20,Salvador,0.0,1.4909874,2886698.0,23.4285714286,89.4285714286,1,1.0,2,74.319882,57.4285714286,26.6711311429,29.1428571429,233.0,,,,,9227,2010-05-02
1273363200000,201019,353.0,353,353,353,0.99998313,12.228505,0,4,292740820101919589,2023-08-20,Salvador,0.0,1.4042785,2886698.0,24.0,91.8571428571,1,1.0,2,76.7685037143,60.8571428571,27.1766958571,30.0,278.0,,,,,9227,2010-05-09
1273968000000,201020,406.0,406,406,406,0.99995166,14.064512,0,4,292740820102019589,2023-08-20,Salvador,0.0,1.3422843,2886698.0,24.2857142857,86.0,1,1.0,2,71.2915522857,56.2857142857,26.8583278571,29.2857142857,328.0,,,,,9227,2010-05-16
1274572800000,201021,479.0,479,479,479,0.9999939,16.593353,0,4,292740820102119589,2023-08-20,Salvador,0.0,1.3564186,2886698.0,24.2857142857,87.1428571429,1,1.0,2,73.7633294286,61.0,26.9411987143,29.1428571429,382.0,,,,,9227,2010-05-23
1275177600000,201022,527.0,527,527,527,0.9999422,18.256153,0,4,292740820102219589,2023-08-20,Salvador,0.0,1.2877289,2886698.0,24.5714285714,84.1428571429,1,1.0,2,70.0090622857,53.8571428571,26.6672045714,29.1428571429,415.0,,,,,9227,2010-05-30
1275782400000,201023,492.0,492,492,492,0.818857,17.043695,0,4,292740820102319589,2023-08-20,Salvador,0.0,1.060691,2886698.0,24.4285714286,82.4285714286,1,0.0,2,67.1333145714,52.2857142857,26.6649385714,28.7142857143,364.0,,,,,9227,2010-06-06
1276387200000,201024,406.0,406,406,406,0.0023266308,14.064512,0,4,292740820102419589,2023-08-20,Salvador,0.0,0.8274871,2886698.0,23.7142857143,82.5714285714,1,0.0,2,67.9911114286,50.5714285714,25.295402,27.2857142857,298.0,,,,,9227,2010-06-13
1276992000000,201025,350.0,350,350,350,1.61865e-05,12.124579,0,4,292740820102519589,2023-08-20,Salvador,0.0,0.7468358,2886698.0,23.4285714286,87.8571428571,1,0.0,2,72.08104,55.4285714286,25.5880735714,27.2857142857,281.0,,,,,9227,2010-06-20
1277596800000,201026,406.0,406,406,406,0.33458206,14.064512,0,4,292740820102619589,2023-08-20,Salvador,0.0,0.9706853,2886698.0,22.4285714286,90.2857142857,0,0.0,2,79.2217112857,63.7142857143,24.334203,26.2857142857,354.0,,,,,9227,2010-06-27
1278201600000,201027,452.0,452,452,452,0.9845123,15.658029,0,4,292740820102719589,2023-08-20,Salvador,0.0,1.1605283,2886698.0,21.8571428571,89.2857142857,0,1.0,2,77.2467894286,61.2857142857,24.3370345714,26.5714285714,333.0,,,,,9227,2010-07-04
1278806400000,201028,328.0,328,328,328,0.0046836524,11.362463,0,4,292740820102819589,2023-08-20,Salvador,0.0,0.8243025,2886698.0,21.8571428571,91.5714285714,0,0.0,2,79.4989284286,64.7142857143,24.3316555714,27.1428571429,257.0,,,,,9227,2010-07-11
1279411200000,201029,321.0,321,321,321,0.0025086622,11.119971,0,4,292740820102919589,2023-08-20,Salvador,0.0,0.81056035,2886698.0,21.5714285714,89.7142857143,0,0.0,2,71.7502194286,50.8571428571,23.8978565714,26.7142857143,225.0,,,,,9227,2010-07-18
1280016000000,201030,226.0,226,226,226,5e-08,7.8290143,0,4,292740820103019589,2023-08-20,Salvador,0.0,0.6390952,2886698.0,21.8571428571,89.2857142857,0,0.0,2,70.802481,54.0,24.2801058571,26.8571428571,164.0,,,,,9227,2010-07-25
1280620800000,201031,206.0,206,206,206,1.49966e-05,7.1361814,0,4,292740820103119589,2023-08-20,Salvador,0.0,0.68784726,2886698.0,20.5714285714,94.1428571429,0,0.0,1,74.9504317143,54.4285714286,23.5003705714,26.8571428571,147.0,,,,,9227,2010-08-01
1281225600000,201032,171.0,171,171,171,0.0001007967,5.923723,0,1,292740820103219589,2023-08-20,Salvador,0.0,0.6932084,2886698.0,21.2857142857,85.8571428571,0,0.0,1,69.341326,51.5714285714,24.0658691429,26.4285714286,127.0,,,,,9227,2010-08-08
1281830400000,201033,165.0,165,165,165,0.016456671,5.7158732,0,1,292740820103319589,2023-08-20,Salvador,0.0,0.8009754,2886698.0,19.4285714286,100.0,0,0.0,1,77.7682985714,57.7142857143,22.6484595714,25.1428571429,116.0,,,,,9227,2010-08-15
1282435200000,201034,120.0,120,120,120,0.0003588923,4.1569986,0,1,292740820103419589,2023-08-20,Salvador,0.0,0.67363375,2886698.0,21.2857142857,95.0,0,0.0,1,73.72721,54.0,24.1437372857,26.7142857143,64.0,,,,,9227,2010-08-22
1283040000000,201035,95.0,95,95,95,9.31516e-05,3.2909575,0,1,292740820103519589,2023-08-20,Salvador,0.0,0.6187503,2886698.0,22.0,90.0,0,0.0,1,70.6490044286,51.5714285714,24.830765,27.2857142857,62.0,,,,,9227,2010-08-29
1283644800000,201036,114.0,114,114,114,0.19867022,3.949149,0,1,292740820103619589,2023-08-20,Salvador,0.0,0.8968146,2886698.0,21.8571428571,91.8571428571,0,0.0,1,74.8756071429,56.7142857143,24.320734,26.7142857143,65.0,,,,,9227,2010-09-05
1284249600000,201037,75.0,75,75,75,0.0067613227,2.5981243,0,1,292740820103719589,2023-08-20,Salvador,0.0,0.69274944,2886698.0,22.2857142857,86.1428571429,0,0.0,1,71.5257068571,56.7142857143,24.7203725714,26.7142857143,40.0,,,,,9227,2010-09-12
1284854400000,201038,70.0,70,70,70,0.016012015,2.424916,0,1,292740820103819589,2023-08-20,Salvador,0.0,0.7170135,2886698.0,22.8571428571,88.4285714286,0,0.0,1,74.2448622857,57.4285714286,24.9679641429,27.2857142857,43.0,,,,,9227,2010-09-19
1285459200000,201039,83.0,83,83,83,0.4504587,2.8752575,0,1,292740820103919589,2023-08-20,Salvador,0.0,0.9809966,2886698.0,22.8571428571,91.0,0,0.0,1,77.3684657143,61.1428571429,25.4406641429,28.0,49.0,,,,,9227,2010-09-26
1286064000000,201040,76.0,76,76,76,0.4724237,2.6327658,0,1,292740820104019589,2023-08-20,Salvador,0.0,0.98890156,2886698.0,23.8571428571,92.5714285714,1,0.0,1,78.5828737143,61.7142857143,26.0741882857,28.5714285714,59.0,,,,,9227,2010-10-03
1286668800000,201041,64.0,64,64,64,0.14562307,2.217066,0,1,292740820104119589,2023-08-20,Salvador,0.0,0.8370083,2886698.0,25.0,81.7142857143,1,0.0,1,72.3568551429,58.5714285714,26.5848214286,28.5714285714,55.0,,,,,9227,2010-10-10
1287273600000,201042,88.0,88,88,88,0.85092676,3.0484657,0,2,292740820104219589,2023-08-20,Salvador,0.0,1.1769793,2886698.0,24.0,86.4285714286,1,0.0,1,74.1022677143,57.8571428571,26.0634667143,28.2857142857,70.0,,,,,9227,2010-10-17
1287878400000,201043,39.0,39,39,39,0.0007401778,1.3510246,0,2,292740820104319589,2023-08-20,Salvador,0.0,0.5407441,2886698.0,24.5714285714,91.0,1,0.0,0,78.836186,59.7142857143,26.7756084286,29.4285714286,30.0,,,,,9227,2010-10-24
1288483200000,201044,57.0,57,57,57,0.17045982,1.9745744,0,2,292740820104419589,2023-08-20,Salvador,0.0,0.8433446,2886698.0,24.4285714286,86.5714285714,1,0.0,1,74.47508,58.8571428571,26.7244058571,29.2857142857,44.0,,,,,9227,2010-10-31
1289088000000,201045,73.0,73,73,73,0.8997353,2.528841,0,2,292740820104519589,2023-08-20,Salvador,0.0,1.2502291,2886698.0,24.1428571429,86.4285714286,1,0.0,1,72.2236608571,55.4285714286,26.8444502857,29.7142857143,58.0,,,,,9227,2010-11-07
1289692800000,201046,76.0,76,76,76,0.9293079,2.6327658,0,2,292740820104619589,2023-08-20,Salvador,0.0,1.2883784,2886698.0,24.4285714286,83.2857142857,1,0.0,1,71.74064,54.4285714286,26.829637,29.5714285714,51.0,,,,,9227,2010-11-14
1290297600000,201047,64.0,64,64,64,0.38748994,2.217066,0,2,292740820104719589,2023-08-20,Salvador,0.0,0.95146567,2886698.0,24.4285714286,88.8571428571,1,0.0,1,75.2410714286,56.8571428571,26.8303571429,29.5714285714,39.0,,,,,9227,2010-11-21
1290902400000,201048,56.0,56,56,56,0.10898654,1.9399327,0,2,292740820104819589,2023-08-20,Salvador,0.0,0.80280644,2886698.0,24.0,92.0,1,0.0,1,76.2821334286,56.4285714286,26.5604192857,29.4285714286,43.0,,,,,9227,2010-11-28
1291507200000,201049,60.0,60,60,60,0.32962283,2.0784993,0,2,292740820104919589,2023-08-20,Salvador,0.0,0.92433965,2886698.0,23.5714285714,93.4285714286,1,0.0,1,79.53447,64.0,26.190989,29.0,38.0,,,,,9227,2010-12-05
1292112000000,201050,52.0,52,52,52,0.23538722,1.8013661,0,2,292740820105019589,2023-08-20,Salvador,0.0,0.87267077,2886698.0,25.3333333333,85.1666666667,1,0.0,1,74.2603416667,59.1666666667,27.0909496667,29.3333333333,33.0,,,,,9227,2010-12-12
1292716800000,201051,35.0,35,35,35,0.013932043,1.212458,0,2,292740820105119589,2023-08-20,Salvador,0.0,0.6276771,2886698.0,23.7142857143,88.8571428571,1,0.0,0,74.2364457143,58.8571428571,26.8438601429,29.4285714286,29.0,,,,,9227,2010-12-19
1293321600000,201052,63.0,63,63,63,0.88173914,2.1824243,0,2,292740820105219589,2023-08-20,Salvador,0.0,1.248735,2886698.0,24.1428571429,88.8571428571,1,0.0,1,74.4355894286,58.2857142857,27.1407162857,29.7142857143,39.0,,,,,9227,2010-12-26
1293926400000,201101,77.0,77,77,77,0.99322146,2.6674075,0,2,292740820110119589,2023-08-20,Salvador,0.0,1.5573413,2886698.0,24.8571428571,85.7142857143,1,1.0,1,74.3881478571,58.5714285714,27.006116,29.7142857143,45.0,,,,,9061,2011-01-02
1294531200000,201102,86.0,86,86,86,0.9849044,2.9791825,0,3,292740820110219589,2023-08-20,Salvador,0.0,1.4343293,2886698.0,23.2857142857,90.4285714286,1,1.0,1,76.7638307143,58.5714285714,26.4529775714,29.0,49.0,,,,,9061,2011-01-09
1295136000000,201103,88.0,88,88,88,0.8712237,3.0484657,0,3,292740820110319589,2023-08-20,Salvador,0.0,1.1948136,2886698.0,23.8571428571,89.5714285714,1,0.0,1,74.93685,57.5714285714,26.5201568571,29.1428571429,56.0,,,,,9061,2011-01-16
1295740800000,201104,80.0,80,80,80,0.43380156,2.7713325,0,2,292740820110419589,2023-08-20,Salvador,0.0,0.9742188,2886698.0,24.2857142857,87.1428571429,1,0.0,1,70.9838297143,53.2857142857,27.2799261429,29.8571428571,37.0,,,,,9061,2011-01-23
1296345600000,201105,83.0,83,83,83,0.4630426,2.8752575,0,2,292740820110519589,2023-08-20,Salvador,0.0,0.9857882,2886698.0,25.1428571429,81.8571428571,1,0.0,1,67.2772434286,52.5714285714,27.9533538571,30.5714285714,52.0,,,,,9061,2011-01-30
1296950400000,201106,88.0,88,88,88,0.6482047,3.0484657,0,2,292740820110619589,2023-08-20,Salvador,0.0,1.0597744,2886698.0,26.0,78.7142857143,1,0.0,1,66.586862,50.7142857143,28.109823,30.4285714286,46.0,,,,,9061,2011-02-06
1297555200000,201107,99.0,99,99,99,0.8627149,3.429524,0,2,292740820110719589,2023-08-20,Salvador,0.0,1.1750582,2886698.0,24.5714285714,86.5714285714,1,0.0,1,68.9476028571,52.4285714286,27.7380518571,30.7142857143,52.0,,,,,9061,2011-02-13
1298160000000,201108,106.0,106,106,106,0.88032377,3.6720157,0,2,292740820110819589,2023-08-20,Salvador,0.0,1.1831739,2886698.0,25.0,86.7142857143,1,0.0,1,71.2403388571,52.7142857143,27.8870291429,31.0,64.0,,,,,9061,2011-02-20
1298764800000,201109,95.0,95,95,95,0.45919633,3.2909575,0,2,292740820110919589,2023-08-20,Salvador,0.0,0.98532945,2886698.0,24.7142857143,85.1428571429,1,0.0,1,69.6121171429,51.2857142857,28.047235,31.0,57.0,,,,,9061,2011-02-27
1299369600000,201110,97.0,97,97,97,0.42636782,3.3602407,0,2,292740820111019589,2023-08-20,Salvador,0.0,0.97392285,2886698.0,25.1428571429,87.4285714286,1,0.0,1,72.74911,53.8571428571,28.1833534286,31.8571428571,64.0,,,,,9061,2011-03-06
1299974400000,201111,112.0,112,112,112,0.81867784,3.8798654,0,2,292740820111119589,2023-08-20,Salvador,0.0,1.1334553,2886698.0,24.7142857143,89.7142857143,1,0.0,1,76.5810821429,50.8571428571,27.4209222857,31.4285714286,72.0,,,,,9061,2011-03-13
1300579200000,201112,182.0,182,182,182,0.99999785,6.3047814,0,2,292740820111219589,2023-08-20,Salvador,0.0,1.7368833,2886698.0,24.2857142857,92.1428571429,1,1.0,1,80.1174711429,64.5714285714,26.7571614286,29.4285714286,107.0,,,,,9061,2011-03-20
1301184000000,201113,214.0,214,214,214,0.99999785,7.4133143,0,3,292740820111319589,2023-08-20,Salvador,0.0,1.654327,2886698.0,23.5714285714,93.4285714286,1,1.0,2,77.32958,59.0,27.2910387143,30.0,119.0,,,,,9061,2011-03-27
1301788800000,201114,213.0,213,213,213,0.98853403,7.3786726,0,3,292740820111419589,2023-08-20,Salvador,0.0,1.262877,2886698.0,23.7142857143,89.5714285714,1,1.0,2,74.34724,56.1428571429,27.2765422857,30.1428571429,128.0,,,,,9061,2011-04-03
1302393600000,201115,225.0,225,225,225,0.8915387,7.7943726,0,4,292740820111519589,2023-08-20,Salvador,0.0,1.1273121,2886698.0,24.8571428571,85.7142857143,1,0.0,2,70.3986537143,52.0,27.59174,30.2857142857,136.0,,,,,9061,2011-04-10
1302998400000,201116,246.0,246,246,246,0.9270926,8.521848,0,4,292740820111619589,2023-08-20,Salvador,0.0,1.1451582,2886698.0,24.1428571429,84.8571428571,1,0.0,2,72.1186654286,56.0,27.136115,29.8571428571,153.0,,,,,9061,2011-04-17
1303603200000,201117,309.0,309,309,309,0.9996833,10.704272,0,4,292740820111719589,2023-08-20,Salvador,0.0,1.344147,2886698.0,24.0,86.0,1,1.0,2,73.3522785714,56.5714285714,26.2552215714,28.7142857143,194.0,,,,,9061,2011-04-24
1304208000000,201118,320.0,320,320,320,0.99563867,11.08533,0,4,292740820111819589,2023-08-20,Salvador,0.0,1.2446408,2886698.0,23.7142857143,90.1428571429,1,1.0,2,73.9870557143,57.1428571429,26.5022434286,29.2857142857,213.0,,,,,9061,2011-05-01
1304812800000,201119,409.0,409,409,409,0.9999911,14.168437,0,4,292740820111919589,2023-08-20,Salvador,0.0,1.3844144,2886698.0,23.1428571429,86.8571428571,1,1.0,2,71.9541285714,53.5714285714,25.8847048571,29.0,265.0,,,,,9061,2011-05-08
1305417600000,201120,391.0,391,391,391,0.977815,13.544888,0,4,292740820112019589,2023-08-20,Salvador,0.0,1.1608756,2886698.0,23.0,87.7142857143,0,1.0,2,73.3405071429,56.5714285714,25.5707671429,28.0,265.0,,,,,9061,2011-05-15
1306022400000,201121,412.0,412,412,412,0.9049823,14.272363,0,4,292740820112119589,2023-08-20,Salvador,0.0,1.097915,2886698.0,23.5714285714,82.1428571429,1,0.0,2,68.1444031429,51.2857142857,25.8878842857,28.1428571429,293.0,,,,,9061,2011-05-22
1306627200000,201122,511.0,511,511,511,0.9998697,17.701887,0,4,292740820112219589,2023-08-20,Salvador,0.0,1.2745888,2886698.0,23.8571428571,82.2857142857,1,1.0,2,70.1601792857,51.2857142857,25.8441184286,29.1428571429,354.0,,,,,9061,2011-05-29
1307232000000,201123,405.0,405,405,405,0.21232188,14.029871,0,4,292740820112319589,2023-08-20,Salvador,0.0,0.9461945,2886698.0,21.4285714286,86.8571428571,0,0.0,2,71.4573565714,53.1428571429,24.7640141429,27.7142857143,277.0,,,,,9061,2011-06-05
1307836800000,201124,354.0,354,354,354,0.0007399793,12.263146,0,4,292740820112419589,2023-08-20,Salvador,0.0,0.79796445,2886698.0,22.1428571429,92.2857142857,0,0.0,2,77.9919855714,62.0,24.5473421429,26.7142857143,244.0,,,,,9061,2011-06-12
1308441600000,201125,215.0,215,215,215,0.0,7.447956,0,4,292740820112519589,2023-08-20,Salvador,0.0,0.5288836,2886698.0,23.4285714286,82.0,1,0.0,2,68.9689477143,53.8571428571,25.3165468571,27.2857142857,157.0,,,,,9061,2011-06-19
1309046400000,201126,325.0,325,325,325,0.30316457,11.258538,0,4,292740820112619589,2023-08-20,Salvador,0.0,0.96079165,2886698.0,22.1428571429,88.5714285714,0,0.0,2,73.5252091429,57.1428571429,25.1486121429,27.8571428571,203.0,,,,,9061,2011-06-26
1309651200000,201127,259.0,259,259,259,0.10542431,8.972189,0,4,292740820112719589,2023-08-20,Salvador,0.0,0.8985533,2886698.0,21.1428571429,86.8571428571,0,0.0,2,70.6090648571,54.8571428571,24.5563998571,27.1428571429,177.0,,,,,9061,2011-07-03
1310256000000,201128,267.0,267,267,267,0.29273745,9.249322,0,4,292740820112819589,2023-08-20,Salvador,0.0,0.95444864,2886698.0,23.7142857143,73.0,1,0.0,2,60.7821144286,46.0,25.4254034286,27.7142857143,170.0,,,,,9061,2011-07-10
1310860800000,201129,207.0,207,207,207,0.0016761326,7.1708226,0,4,292740820112919589,2023-08-20,Salvador,0.0,0.76389194,2886698.0,22.7142857143,81.2857142857,0,0.0,1,65.7562588571,48.0,24.5670645714,26.8571428571,150.0,,,,,9061,2011-07-17
1311465600000,201130,237.0,237,237,237,0.26850432,8.2100725,0,1,292740820113019589,2023-08-20,Salvador,0.0,0.94565594,2886698.0,21.5714285714,87.5714285714,0,0.0,2,68.9471865714,49.4285714286,24.4349585714,26.8571428571,147.0,,,,,9061,2011-07-24
1312070400000,201131,183.0,183,183,183,0.01040478,6.339423,0,1,292740820113119589,2023-08-20,Salvador,0.0,0.7961092,2886698.0,21.5714285714,86.8571428571,0,0.0,1,72.6265342857,53.1428571429,24.7848544286,27.8571428571,122.0,,,,,9061,2011-07-31
1312675200000,201132,170.0,170,170,170,0.012677042,5.8890815,0,1,292740820113219589,2023-08-20,Salvador,0.0,0.79549426,2886698.0,22.1428571429,85.4285714286,0,0.0,1,67.8706208571,49.2857142857,24.7441915714,26.8571428571,116.0,,,,,9061,2011-08-07
1313280000000,201133,133.0,133,133,133,0.0006010167,4.6073403,0,1,292740820113319589,2023-08-20,Salvador,0.0,0.6961022,2886698.0,22.2857142857,81.7142857143,0,0.0,1,65.7703051429,49.4285714286,24.7083814286,27.0,79.0,,,,,9061,2011-08-14
1313884800000,201134,102.0,102,102,102,7.24026e-05,3.533449,0,1,292740820113419589,2023-08-20,Salvador,0.0,0.62370294,2886698.0,22.8571428571,84.0,0,0.0,1,69.6916854286,53.7142857143,24.7758672857,26.7142857143,66.0,,,,,9061,2011-08-21
1314489600000,201135,96.0,96,96,96,0.0049699075,3.325599,0,1,292740820113519589,2023-08-20,Salvador,0.0,0.71102005,2886698.0,23.1428571429,79.1428571429,1,0.0,1,64.9419165714,50.1428571429,25.0851671429,26.8571428571,71.0,,,,,9061,2011-08-28
1315094400000,201136,64.0,64,64,64,0.0002427844,2.217066,0,1,292740820113619589,2023-08-20,Salvador,0.0,0.5840463,2886698.0,21.7142857143,78.0,0,0.0,1,61.8824212857,44.8571428571,24.7120871429,27.0,40.0,,,,,9061,2011-09-04
1315699200000,201137,56.0,56,56,56,0.0026025674,1.9399327,0,1,292740820113719589,2023-08-20,Salvador,0.0,0.626061,2886698.0,23.4285714286,75.4285714286,1,0.0,1,64.3412585714,49.7142857143,25.3430964286,27.5714285714,39.0,,,,,9061,2011-09-11
1316304000000,201138,53.0,53,53,53,0.04953592,1.8360078,0,1,292740820113819589,2023-08-20,Salvador,0.0,0.74341184,2886698.0,20.2857142857,84.5714285714,0,0.0,1,64.9687558571,44.2857142857,23.8151627143,26.7142857143,33.0,,,,,9061,2011-09-18
1316908800000,201139,56.0,56,56,56,0.3778824,1.9399327,0,1,292740820113919589,2023-08-20,Salvador,0.0,0.9439039,2886698.0,22.8571428571,82.4285714286,0,0.0,1,71.3115702857,55.4285714286,25.1079371429,27.4285714286,30.0,,,,,9061,2011-09-25
1317513600000,201140,53.0,53,53,53,0.42336687,1.8360078,0,1,292740820114019589,2023-08-20,Salvador,0.0,0.96362036,2886698.0,23.5714285714,81.1428571429,1,0.0,1,68.5499325714,52.5714285714,25.9938841429,28.4285714286,34.0,,,,,9061,2011-10-02
1318118400000,201141,80.0,80,80,80,0.9823492,2.7713325,0,1,292740820114119589,2023-08-20,Salvador,0.0,1.4380969,2886698.0,23.5714285714,81.5714285714,1,1.0,1,70.457076,55.7142857143,25.8498508571,28.1428571429,47.0,,,,,9061,2011-10-09
1318723200000,201142,70.0,70,70,70,0.78632075,2.424916,0,1,292740820114219589,2023-08-20,Salvador,0.0,1.1484872,2886698.0,23.0,87.7142857143,0,0.0,1,79.3792137143,66.5714285714,24.7300664286,27.0,41.0,,,,,9061,2011-10-16
1319328000000,201143,80.0,80,80,80,0.8110238,2.7713325,0,1,292740820114319589,2023-08-20,Salvador,0.0,1.1550173,2886698.0,21.4285714286,89.4285714286,0,0.0,1,77.0972978571,60.5714285714,23.6014538571,26.0,49.0,,,,,9061,2011-10-23
1319932800000,201144,118.0,118,118,118,0.9987511,4.0877156,0,1,292740820114419589,2023-08-20,Salvador,0.0,1.5499988,2886698.0,23.0,86.2857142857,0,1.0,1,73.1060428571,58.4285714286,25.4717922857,27.5714285714,86.0,,,,,9061,2011-10-30
1320537600000,201145,77.0,77,77,77,0.2368528,2.6674075,0,1,292740820114519589,2023-08-20,Salvador,0.0,0.8940502,2886698.0,24.0,88.2857142857,1,0.0,1,76.1937174286,63.0,25.4924977143,26.7142857143,49.0,,,,,9061,2011-11-06
1321142400000,201146,103.0,103,103,103,0.7213233,3.5680907,0,1,292740820114619589,2023-08-20,Salvador,0.0,1.086879,2886698.0,26.0,89.0,1,0.0,1,75.3290614286,59.5714285714,28.5961982857,30.8571428571,71.0,,,,,9061,2011-11-13
1321747200000,201147,109.0,109,109,109,0.84206843,3.7759407,0,2,292740820114719589,2023-08-20,Salvador,0.0,1.1507676,2886698.0,26.7142857143,87.5714285714,1,0.0,1,73.1909565714,56.1428571429,29.5789172857,31.7142857143,73.0,,,,,9061,2011-11-20
1322352000000,201148,159.0,159,159,159,0.999834,5.5080233,0,2,292740820114819589,2023-08-20,Salvador,0.0,1.5677823,2886698.0,25.1428571429,82.0,1,1.0,1,70.6756914286,55.0,27.24856,29.7142857143,99.0,,,,,9061,2011-11-27
1322956800000,201149,130.0,130,130,130,0.7657609,4.503415,0,2,292740820114919589,2023-08-20,Salvador,0.0,1.0962052,2886698.0,25.5714285714,82.4285714286,1,0.0,1,70.7993865714,51.7142857143,27.1539458571,29.1428571429,98.0,,,,,9061,2011-12-04
1323561600000,201150,147.0,147,147,147,0.7607083,5.0923233,0,2,292740820115019589,2023-08-20,Salvador,0.0,1.0879401,2886698.0,25.1428571429,89.0,1,0.0,1,77.4944671429,55.4285714286,27.0845448571,28.8571428571,92.0,,,,,9061,2011-12-11
1324166400000,201151,147.0,147,147,147,0.6562319,5.0923233,0,2,292740820115119589,2023-08-20,Salvador,0.0,1.0485456,2886698.0,25.5714285714,87.4285714286,1,0.0,1,74.4182948571,59.4285714286,27.6196627143,29.8571428571,101.0,,,,,9061,2011-12-18
1324771200000,201152,163.0,163,163,163,0.8670655,5.6465898,0,2,292740820115219589,2023-08-20,Salvador,0.0,1.1354734,2886698.0,26.5,87.75,1,0.0,1,75.825512,59.5,28.68677775,30.75,88.0,,,,,9061,2011-12-25
1325376000000,201201,206.0,206,206,206,0.99769646,7.1361814,0,2,292740820120119589,2023-08-20,Salvador,0.0,1.3506796,2886698.0,27.1428571429,86.1428571429,1,1.0,1,75.8504391429,56.7142857143,29.1532257143,31.7142857143,110.0,,,,,8774,2012-01-01
1325980800000,201202,200.0,200,200,200,0.94230455,6.9283314,0,2,292740820120219589,2023-08-20,Salvador,0.0,1.1780249,2886698.0,27.8571428571,86.8571428571,1,0.0,1,75.6017008571,58.4285714286,29.7701611429,32.1428571429,117.0,,,,,8774,2012-01-08
1326585600000,201203,220.0,220,220,220,0.92758775,7.6211643,0,2,292740820120319589,2023-08-20,Salvador,0.0,1.1548479,2886698.0,25.5714285714,82.8571428571,1,0.0,2,69.0152465714,52.7142857143,27.7842742857,30.1428571429,132.0,,,,,8774,2012-01-15
1327190400000,201204,237.0,237,237,237,0.935428,8.2100725,0,4,292740820120419589,2023-08-20,Salvador,0.0,1.1553327,2886698.0,25.7142857143,82.2857142857,1,0.0,2,68.617048,52.4285714286,28.0945477143,30.5714285714,147.0,,,,,8774,2012-01-22
1327795200000,201205,202.0,202,202,202,0.24229318,6.9976144,0,4,292740820120519589,2023-08-20,Salvador,0.0,0.9339783,2886698.0,24.7142857143,88.2857142857,1,0.0,1,75.5784074286,57.7142857143,27.0288272857,29.5714285714,124.0,,,,,8774,2012-01-29
1328400000000,201206,220.0,220,220,220,0.49482056,7.6211643,0,2,292740820120619589,2023-08-20,Salvador,0.0,0.9987644,2886698.0,25.8571428571,81.4285714286,1,0.0,2,70.3258928571,55.1428571429,28.2455357143,30.7142857143,123.0,,,,,8774,2012-02-05
1329004800000,201207,182.0,182,182,182,0.05477003,6.3047814,0,2,292740820120719589,2023-08-20,Salvador,0.0,0.85132056,2886698.0,25.2857142857,86.8571428571,1,0.0,1,72.128128,55.0,28.0608112857,30.7142857143,102.0,,,,,8774,2012-02-12
1329609600000,201208,278.0,278,278,278,0.9990667,9.630381,0,2,292740820120819589,2023-08-20,Salvador,0.0,1.3270229,2886698.0,25.0,86.5714285714,1,1.0,2,72.159244,55.2857142857,27.6467057143,30.1428571429,175.0,,,,,8774,2012-02-19
1330214400000,201209,320.0,320,320,320,0.99998707,11.08533,0,4,292740820120919589,2023-08-20,Salvador,0.0,1.4390283,2886698.0,25.5714285714,87.5714285714,1,1.0,2,70.76208,54.0,28.5945377143,31.2857142857,198.0,,,,,8774,2012-02-26
1330819200000,201210,316.0,316,316,316,0.9874161,10.946763,0,4,292740820121019589,2023-08-20,Salvador,0.0,1.2049953,2886698.0,25.8571428571,87.4285714286,1,1.0,2,71.8817728571,53.4285714286,28.5475028571,31.2857142857,169.0,,,,,8774,2012-03-04
1331424000000,201211,302.0,302,302,302,0.5564029,10.461781,0,4,292740820121119589,2023-08-20,Salvador,0.0,1.0116366,2886698.0,25.5714285714,84.4285714286,1,0.0,2,69.7029891429,53.7142857143,28.2892005714,31.0,178.0,,,,,8774,2012-03-11
1332028800000,201212,245.0,245,245,245,0.00481283,8.4872055,0,4,292740820121219589,2023-08-20,Salvador,0.0,0.8015831,2886698.0,23.4285714286,85.1428571429,1,0.0,2,68.4575171429,51.7142857143,27.0364344286,30.0,139.0,,,,,8774,2012-03-18
1332633600000,201213,229.0,229,229,229,0.0051848534,7.9329395,0,4,292740820121319589,2023-08-20,Salvador,0.0,0.79756504,2886698.0,25.2857142857,78.5714285714,1,0.0,2,65.1935477143,48.8571428571,27.8620392857,30.0,150.0,,,,,8774,2012-03-25
1333238400000,201214,307.0,307,307,307,0.97248393,10.634989,0,4,292740820121419589,2023-08-20,Salvador,0.0,1.1748078,2886698.0,25.7142857143,79.4285714286,1,1.0,2,64.3819128571,49.7142857143,28.080789,30.8571428571,178.0,,,,,8774,2012-04-01
1333843200000,201215,345.0,345,345,345,0.9996716,11.951371,0,4,292740820121519589,2023-08-20,Salvador,0.0,1.3203139,2886698.0,25.0,82.8571428571,1,1.0,2,65.508434,47.8571428571,27.8142038571,29.8571428571,217.0,,,,,8774,2012-04-08
1334448000000,201216,286.0,286,286,286,0.41076013,9.907514,0,4,292740820121619589,2023-08-20,Salvador,0.0,0.981412,2886698.0,25.1428571429,82.7142857143,1,0.0,2,68.9470051429,46.5714285714,27.6093028571,30.0,177.0,,,,,8774,2012-04-15
1335052800000,201217,298.0,298,298,298,0.3031805,10.323214,0,4,292740820121719589,2023-08-20,Salvador,0.0,0.95911324,2886698.0,23.8571428571,82.2857142857,1,0.0,2,65.8886805714,48.1428571429,27.4007775714,30.1428571429,170.0,,,,,8774,2012-04-22
1335657600000,201218,347.0,347,347,347,0.94567317,12.020655,0,4,292740820121819589,2023-08-20,Salvador,0.0,1.133828,2886698.0,24.2857142857,82.8571428571,1,0.0,2,65.079658,48.5714285714,27.3579227143,29.8571428571,210.0,,,,,8774,2012-04-29
1336262400000,201219,331.0,331,331,331,0.7974097,11.466389,0,4,292740820121919589,2023-08-20,Salvador,0.0,1.0679426,2886698.0,24.1428571429,86.5714285714,1,0.0,2,71.8566977143,53.7142857143,26.6467644286,28.8571428571,210.0,,,,,8774,2012-05-06
1336867200000,201220,302.0,302,302,302,0.1899733,10.461781,0,4,292740820122019589,2023-08-20,Salvador,0.0,0.9322436,2886698.0,24.0,86.5714285714,1,0.0,2,72.9520994286,57.8571428571,26.5822277143,28.5714285714,203.0,,,,,8774,2012-05-13
1337472000000,201221,221.0,221,221,221,1.27945e-05,7.655806,0,4,292740820122119589,2023-08-20,Salvador,0.0,0.6940424,2886698.0,23.8571428571,91.1428571429,1,0.0,2,77.251397,61.8571428571,25.8709117143,28.2857142857,152.0,,,,,8774,2012-05-20
1338076800000,201222,231.0,231,231,231,0.007166285,8.002223,0,4,292740820122219589,2023-08-20,Salvador,0.0,0.8059601,2886698.0,23.8571428571,87.2857142857,1,0.0,2,74.5920885714,58.7142857143,26.6267854286,29.0,143.0,,,,,8774,2012-05-27
1338681600000,201223,200.0,200,200,200,0.012402514,6.9283314,0,4,292740820122319589,2023-08-20,Salvador,0.0,0.8084597,2886698.0,23.5714285714,85.7142857143,1,0.0,1,69.7081398571,53.1428571429,26.7043817143,29.0,118.0,,,,,8774,2012-06-03
1339286400000,201224,249.0,249,249,249,0.8621377,8.625772,0,2,292740820122419589,2023-08-20,Salvador,0.0,1.105251,2886698.0,23.8571428571,83.2857142857,1,0.0,2,69.3864941429,54.1428571429,26.2722784286,28.7142857143,150.0,,,,,8774,2012-06-10
1339891200000,201225,184.0,184,184,184,0.039614905,6.374065,0,1,292740820122519589,2023-08-20,Salvador,0.0,0.8394774,2886698.0,22.8571428571,89.5714285714,0,0.0,1,74.4183642857,56.4285714286,25.9808297143,28.7142857143,109.0,,,,,8774,2012-06-17
1340496000000,201226,198.0,198,198,198,0.18229386,6.859048,0,1,292740820122619589,2023-08-20,Salvador,0.0,0.9148207,2886698.0,23.5714285714,84.5714285714,1,0.0,1,67.5024791429,50.8571428571,26.127117,28.4285714286,112.0,,,,,8774,2012-06-24
1341100800000,201227,208.0,208,208,208,0.56559086,7.2054644,0,1,292740820122719589,2023-08-20,Salvador,0.0,1.0163774,2886698.0,23.1428571429,84.2857142857,1,0.0,1,67.5974652857,51.0,25.8196,28.0,122.0,,,,,8774,2012-07-01
1341705600000,201228,184.0,184,184,184,0.23448841,6.374065,0,1,292740820122819589,2023-08-20,Salvador,0.0,0.928642,2886698.0,22.8571428571,87.1428571429,0,0.0,1,75.9016278571,59.4285714286,25.1890757143,27.5714285714,116.0,,,,,8774,2012-07-08
1342310400000,201229,198.0,198,198,198,0.51670986,6.859048,0,1,292740820122919589,2023-08-20,Salvador,0.0,1.0042198,2886698.0,23.2857142857,82.1428571429,1,0.0,1,65.9655148571,51.7142857143,26.1489137143,28.1428571429,124.0,,,,,8774,2012-07-15
1342915200000,201230,165.0,165,165,165,0.07548552,5.7158732,0,1,292740820123019589,2023-08-20,Salvador,0.0,0.8589576,2886698.0,22.4285714286,79.2857142857,0,0.0,1,62.0779762857,43.7142857143,25.8401785714,28.2857142857,100.0,,,,,8774,2012-07-22
1343520000000,201231,152.0,152,152,152,0.041136626,5.2655315,0,1,292740820123119589,2023-08-20,Salvador,0.0,0.8270866,2886698.0,23.5714285714,81.2857142857,1,0.0,1,64.0884847143,45.1428571429,25.9324427143,28.1428571429,97.0,,,,,8774,2012-07-29
1344124800000,201232,136.0,136,136,136,0.030058842,4.711265,0,1,292740820123219589,2023-08-20,Salvador,0.0,0.80596924,2886698.0,22.8571428571,81.5714285714,0,0.0,1,65.2640462857,48.4285714286,25.6384021429,27.8571428571,67.0,,,,,8774,2012-08-05
1344729600000,201233,106.0,106,106,106,0.002528775,3.6720157,0,1,292740820123319589,2023-08-20,Salvador,0.0,0.70324767,2886698.0,22.4285714286,85.2857142857,0,0.0,1,69.31929,44.5714285714,25.2361,27.5714285714,57.0,,,,,8774,2012-08-12
1345334400000,201234,105.0,105,105,105,0.03844884,3.637374,0,1,292740820123419589,2023-08-20,Salvador,0.0,0.7944639,2886698.0,22.5714285714,79.8571428571,0,0.0,1,66.0724242857,46.1428571429,24.9765271429,27.2857142857,62.0,,,,,8774,2012-08-19
1345939200000,201235,104.0,104,104,104,0.22454438,3.6027322,0,1,292740820123519589,2023-08-20,Salvador,0.0,0.9029146,2886698.0,21.8571428571,81.0,0,0.0,1,66.7543291429,49.5714285714,24.5656114286,27.0,67.0,,,,,8774,2012-08-26
1346544000000,201236,81.0,81,81,81,0.038021363,2.8059742,0,1,292740820123619589,2023-08-20,Salvador,0.0,0.7705857,2886698.0,22.4285714286,77.1428571429,0,0.0,1,63.5216445714,46.2857142857,24.9014037143,27.1428571429,46.0,,,,,8774,2012-09-02
1347148800000,201237,69.0,69,69,69,0.015660383,2.3902743,0,1,292740820123719589,2023-08-20,Salvador,0.0,0.7145203,2886698.0,22.2857142857,85.1428571429,0,0.0,1,71.6324397143,55.7142857143,25.1753248571,27.8571428571,46.0,,,,,8774,2012-09-09
1347753600000,201238,58.0,58,58,58,0.01565151,2.009216,0,1,292740820123819589,2023-08-20,Salvador,0.0,0.69491047,2886698.0,22.7142857143,80.2857142857,0,0.0,1,67.2678571429,48.2857142857,25.4375,28.4285714286,29.0,,,,,8774,2012-09-16
1348358400000,201239,45.0,45,45,45,0.0100974655,1.5588745,0,1,292740820123919589,2023-08-20,Salvador,0.0,0.64575994,2886698.0,22.4285714286,84.0,0,0.0,0,69.3490362857,46.2857142857,24.979403,27.4285714286,25.0,,,,,8774,2012-09-23
1348963200000,201240,49.0,49,49,49,0.18560903,1.6974411,0,1,292740820124019589,2023-08-20,Salvador,0.0,0.84167475,2886698.0,22.8571428571,78.8571428571,0,0.0,0,66.5198737143,50.7142857143,24.9307317143,26.7142857143,31.0,,,,,8774,2012-09-30
1349568000000,201241,51.0,51,51,51,0.5121041,1.7667245,0,1,292740820124119589,2023-08-20,Salvador,0.0,1.0060116,2886698.0,22.8571428571,83.8571428571,0,0.0,0,71.9944777143,49.7142857143,24.8508014286,27.0,34.0,,,,,8774,2012-10-07
1350172800000,201242,52.0,52,52,52,0.6165399,1.8013661,0,1,292740820124219589,2023-08-20,Salvador,0.0,1.0605068,2886698.0,23.8571428571,77.0,1,0.0,1,67.0688621429,52.2857142857,25.8918308571,28.1428571429,32.0,,,,,8774,2012-10-14
1350777600000,201243,40.0,40,40,40,0.15291353,1.3856663,0,1,292740820124319589,2023-08-20,Salvador,0.0,0.8057898,2886698.0,24.2857142857,77.7142857143,1,0.0,0,68.1576171429,57.1428571429,26.1715078571,28.2857142857,21.0,,,,,8774,2012-10-21
1351382400000,201244,31.0,31,31,31,0.031588856,1.0738914,0,2,292740820124419589,2023-08-20,Salvador,0.0,0.6555171,2886698.0,23.1428571429,83.1428571429,1,0.0,0,71.4802628571,55.1428571429,26.222899,28.8571428571,17.0,,,,,8774,2012-10-28
1351987200000,201245,27.0,27,27,27,0.048818484,0.9353247,0,1,292740820124519589,2023-08-20,Salvador,0.0,0.66706485,2886698.0,23.0,88.7142857143,0,0.0,0,75.0591368571,57.1428571429,25.8660798571,29.0,19.0,,,,,8774,2012-11-04
1352592000000,201246,32.0,32,32,32,0.4334012,1.108533,0,1,292740820124619589,2023-08-20,Salvador,0.0,0.95960253,2886698.0,23.8571428571,87.1428571429,1,0.0,0,75.0136808571,57.5714285714,26.2288307143,29.0,24.0,,,,,8774,2012-11-11
1353196800000,201247,32.0,32,32,32,0.5938746,1.108533,0,1,292740820124719589,2023-08-20,Salvador,0.0,1.0617014,2886698.0,24.8571428571,84.8571428571,1,0.0,0,73.2092645714,56.2857142857,26.755866,29.4285714286,22.0,,,,,8774,2012-11-18
1353801600000,201248,36.0,36,36,36,0.73725224,1.2470996,0,2,292740820124819589,2023-08-20,Salvador,0.0,1.1671588,2886698.0,24.7142857143,85.1428571429,1,0.0,0,71.9776785714,52.4285714286,26.8482142857,29.7142857143,28.0,,,,,8774,2012-11-25
1354406400000,201249,42.0,42,42,42,0.8497597,1.4549496,0,2,292740820124919589,2023-08-20,Salvador,0.0,1.2693287,2886698.0,24.7142857143,80.2857142857,1,0.0,0,67.7559734286,50.8571428571,26.9860221429,29.7142857143,31.0,,,,,8774,2012-12-02
1355011200000,201250,38.0,38,38,38,0.58456343,1.3163829,0,2,292740820125019589,2023-08-20,Salvador,0.0,1.0505656,2886698.0,24.5714285714,83.0,1,0.0,0,70.3001157143,52.2857142857,27.3100517143,30.4285714286,24.0,,,,,8774,2012-12-09
1355616000000,201251,35.0,35,35,35,0.3438514,1.212458,0,2,292740820125119589,2023-08-20,Salvador,0.0,0.9108823,2886698.0,23.7142857143,82.5714285714,1,0.0,0,65.0240648571,45.1428571429,27.1689965714,30.1428571429,20.0,,,,,8774,2012-12-16
1356220800000,201252,42.0,42,42,42,0.6673058,1.4549496,0,2,292740820125219589,2023-08-20,Salvador,0.0,1.1009465,2886698.0,25.0,81.0,1,0.0,0,66.84159,49.4285714286,27.8065954286,30.2857142857,22.0,,,,,8774,2012-12-23
1356825600000,201301,48.0,48,48,48,0.8520673,1.6627995,0,2,292740820130119589,2023-08-20,Salvador,0.0,1.2518353,2886698.0,25.5714285714,77.7142857143,1,0.0,0,66.0529227143,49.5714285714,27.8109207143,30.2857142857,27.0,,,,,2838,2012-12-30
1357430400000,201302,36.0,36,36,36,0.28233072,1.2470996,0,2,292740820130219589,2023-08-20,Salvador,0.0,0.87750345,2886698.0,25.4285714286,77.1428571429,1,0.0,0,64.5250552857,48.0,28.0021354286,30.8571428571,21.0,,,,,2838,2013-01-06
1358035200000,201303,34.0,34,34,34,0.18007207,1.1778163,0,2,292740820130319589,2023-08-20,Salvador,0.0,0.8110221,2886698.0,25.4285714286,82.2857142857,1,0.0,0,71.5711465714,52.7142857143,27.714456,30.7142857143,18.0,,,,,2838,2013-01-13
1358640000000,201304,35.0,35,35,35,0.3397786,1.212458,0,2,292740820130419589,2023-08-20,Salvador,0.0,0.90859324,2886698.0,25.0,87.4285714286,1,0.0,0,75.2612734286,57.5714285714,27.5481607143,30.1428571429,22.0,,,,,2838,2013-01-20
1359244800000,201305,32.0,32,32,32,0.3448171,1.108533,0,2,292740820130519589,2023-08-20,Salvador,0.0,0.9076955,2886698.0,24.5714285714,86.4285714286,1,0.0,0,70.5084971429,51.1428571429,27.7164458571,30.5714285714,16.0,,,,,2838,2013-01-27
1359849600000,201306,36.0,36,36,36,0.5931904,1.2470996,0,2,292740820130619589,2023-08-20,Salvador,0.0,1.0576166,2886698.0,25.4285714286,79.7142857143,1,0.0,0,66.5692814286,49.8571428571,28.4538034286,31.0,17.0,,,,,2838,2013-02-03
1360454400000,201307,56.0,56,56,56,0.9869646,1.9399327,0,2,292740820130719589,2023-08-20,Salvador,0.0,1.6013134,2886698.0,26.4285714286,72.4285714286,1,1.0,1,61.6061085714,45.4285714286,28.5325065714,31.0,35.0,,,,,2838,2013-02-10
1361059200000,201308,52.0,52,52,52,0.8852791,1.8013661,0,2,292740820130819589,2023-08-20,Salvador,0.0,1.2836928,2886698.0,25.1428571429,81.7142857143,1,0.0,1,67.0508087143,51.0,28.06829,30.8571428571,43.0,,,,,2838,2013-02-17
1361664000000,201309,73.0,73,73,73,0.9838601,2.528841,0,2,292740820130919589,2023-08-20,Salvador,0.0,1.4758518,2886698.0,24.8571428571,83.5714285714,1,1.0,1,68.5911581429,45.2857142857,28.2079492857,31.8571428571,49.0,,,,,2838,2013-02-24
1362268800000,201310,70.0,70,70,70,0.86012006,2.424916,0,2,292740820131019589,2023-08-20,Salvador,0.0,1.2104691,2886698.0,26.0,77.1428571429,1,0.0,1,65.2098214286,49.7142857143,28.71875,31.2857142857,54.0,,,,,2838,2013-03-03
1362873600000,201311,67.0,67,67,67,0.55380625,2.320991,0,2,292740820131119589,2023-08-20,Salvador,0.0,1.0237137,2886698.0,25.5714285714,82.0,1,0.0,1,69.3040042857,53.1428571429,28.2684721429,31.1428571429,48.0,,,,,2838,2013-03-10
1363478400000,201312,73.0,73,73,73,0.63812304,2.528841,0,2,292740820131219589,2023-08-20,Salvador,0.0,1.0609882,2886698.0,25.4285714286,83.0,1,0.0,1,70.6946428571,53.8571428571,28.1340727143,30.7142857143,49.0,,,,,2838,2013-03-17
1364083200000,201313,74.0,74,74,74,0.64665264,2.5634825,0,2,292740820131319589,2023-08-20,Salvador,0.0,1.0646621,2886698.0,25.5714285714,84.1428571429,1,0.0,1,67.1829005714,50.0,28.567776,31.4285714286,48.0,,,,,2838,2013-03-24
1364688000000,201314,119.0,119,119,119,0.9994804,4.122357,0,2,292740820131419589,2023-08-20,Salvador,0.0,1.6130012,2886698.0,25.4285714286,84.8571428571,1,1.0,1,68.1010011429,51.1428571429,28.2805194286,30.7142857143,79.0,,,,,2838,2013-03-31
1365292800000,201315,84.0,84,84,84,0.4860497,2.9098992,0,2,292740820131519589,2023-08-20,Salvador,0.0,0.9946382,2886698.0,26.5714285714,77.7142857143,1,0.0,1,66.4863094286,49.5714285714,28.746726,31.4285714286,59.0,,,,,2838,2013-04-07
1365897600000,201316,64.0,64,64,64,0.009205609,2.217066,0,2,292740820131619589,2023-08-20,Salvador,0.0,0.6851612,2886698.0,24.8571428571,87.7142857143,1,0.0,1,74.8459735714,52.8571428571,27.5690707143,30.2857142857,37.0,,,,,2838,2013-04-14
1366502400000,201317,56.0,56,56,56,0.0067686923,1.9399327,0,2,292740820131719589,2023-08-20,Salvador,0.0,0.6577153,2886698.0,23.7142857143,85.4285714286,1,0.0,1,69.989918,52.5714285714,26.5824651429,29.1428571429,39.0,,,,,2838,2013-04-21
1367107200000,201318,69.0,69,69,69,0.46959677,2.3902743,0,2,292740820131819589,2023-08-20,Salvador,0.0,0.98717624,2886698.0,24.4285714286,84.1428571429,1,0.0,1,72.8516742857,57.5714285714,26.5961845714,29.0,41.0,,,,,2838,2013-04-28
1367712000000,201319,74.0,74,74,74,0.8134085,2.5634825,0,2,292740820131919589,2023-08-20,Salvador,0.0,1.1636895,2886698.0,24.1428571429,85.8571428571,1,0.0,1,70.8825042857,54.1428571429,26.9238317143,29.0,46.0,,,,,2838,2013-05-05
1368316800000,201320,58.0,58,58,58,0.2365432,2.009216,0,2,292740820132019589,2023-08-20,Salvador,0.0,0.87934184,2886698.0,24.4285714286,84.7142857143,1,0.0,1,73.1921271429,60.4285714286,26.8317958571,29.0,33.0,,,,,2838,2013-05-12
1368921600000,201321,66.0,66,66,66,0.4607332,2.2863493,0,2,292740820132119589,2023-08-20,Salvador,0.0,0.9831089,2886698.0,23.2857142857,87.4285714286,1,0.0,1,74.0146448571,57.1428571429,26.0956897143,28.4285714286,43.0,,,,,2838,2013-05-19
1369526400000,201322,64.0,64,64,64,0.48403424,2.217066,0,2,292740820132219589,2023-08-20,Salvador,0.0,0.9929835,2886698.0,23.5714285714,88.0,1,0.0,1,74.8116031429,59.8571428571,26.4557524286,29.0,54.0,,,,,2838,2013-05-26
1370131200000,201323,52.0,52,52,52,0.15213402,1.8013661,0,2,292740820132319589,2023-08-20,Salvador,0.0,0.8258311,2886698.0,23.4285714286,91.8571428571,1,0.0,1,77.2489128571,62.0,26.161986,28.4285714286,40.0,,,,,2838,2013-06-02
1370736000000,201324,60.0,60,60,60,0.47113863,2.0784993,0,2,292740820132419589,2023-08-20,Salvador,0.0,0.98695475,2886698.0,23.8571428571,85.1428571429,1,0.0,1,73.70277,59.8571428571,26.0472695714,28.2857142857,42.0,,,,,2838,2013-06-09
1371340800000,201325,81.0,81,81,81,0.96947473,2.8059742,0,1,292740820132519589,2023-08-20,Salvador,0.0,1.3739737,2886698.0,22.7142857143,92.5714285714,0,1.0,1,80.8358834286,64.8571428571,24.943745,27.4285714286,63.0,,,,,2838,2013-06-16
1371945600000,201326,58.0,58,58,58,0.32394,2.009216,0,1,292740820132619589,2023-08-20,Salvador,0.0,0.9205485,2886698.0,23.7142857143,85.0,1,0.0,1,70.2117491429,54.0,25.9425018571,28.0,44.0,,,,,2838,2013-06-23
1372550400000,201327,84.0,84,84,84,0.89607555,2.9098992,0,1,292740820132719589,2023-08-20,Salvador,0.0,1.226238,2886698.0,23.5714285714,85.2857142857,1,0.0,1,68.9040608571,53.7142857143,26.1756801429,28.5714285714,60.0,,,,,2838,2013-06-30
1373155200000,201328,70.0,70,70,70,0.48913258,2.424916,0,1,292740820132819589,2023-08-20,Salvador,0.0,0.99542433,2886698.0,23.0,85.2857142857,0,0.0,1,69.38621,51.8571428571,25.5289111429,27.8571428571,53.0,,,,,2838,2013-07-07
1373760000000,201329,59.0,59,59,59,0.12167347,2.0438578,0,1,292740820132919589,2023-08-20,Salvador,0.0,0.8158738,2886698.0,23.1428571429,83.5714285714,1,0.0,1,71.7380471429,53.4285714286,25.3479262857,27.7142857143,44.0,,,,,2838,2013-07-14
1374364800000,201330,47.0,47,47,47,0.021733372,1.6281579,0,1,292740820133019589,2023-08-20,Salvador,0.0,0.6854918,2886698.0,22.4285714286,87.7142857143,0,0.0,0,73.9115181429,58.1428571429,25.0632028571,27.4285714286,28.0,,,,,2838,2013-07-21
1374969600000,201331,47.0,47,47,47,0.1172531,1.6281579,0,1,292740820133119589,2023-08-20,Salvador,0.0,0.79406697,2886698.0,23.1428571429,85.7142857143,1,0.0,0,67.9300197143,47.2857142857,25.3746194286,27.7142857143,32.0,,,,,2838,2013-07-28
1375574400000,201332,58.0,58,58,58,0.7273876,2.009216,0,1,292740820133219589,2023-08-20,Salvador,0.0,1.1220698,2886698.0,22.0,93.2857142857,0,0.0,1,77.2971284286,61.0,24.9614068571,27.4285714286,41.0,,,,,2838,2013-08-04
1376179200000,201333,45.0,45,45,45,0.29986718,1.5588745,0,1,292740820133319589,2023-08-20,Salvador,0.0,0.8983142,2886698.0,22.4285714286,91.1428571429,0,0.0,0,76.5933162857,59.7142857143,25.0393802857,27.8571428571,36.0,,,,,2838,2013-08-11
1376784000000,201334,50.0,50,50,50,0.46383727,1.7320828,0,1,292740820133419589,2023-08-20,Salvador,0.0,0.98216283,2886698.0,21.8571428571,93.2857142857,0,0.0,0,77.9322165714,60.5714285714,24.4871468571,27.0,32.0,,,,,2838,2013-08-18
1377388800000,201335,37.0,37,37,37,0.09923492,1.2817413,0,1,292740820133519589,2023-08-20,Salvador,0.0,0.7576257,2886698.0,22.7142857143,91.7142857143,0,0.0,0,79.4392754286,65.1428571429,24.9861204286,27.2857142857,28.0,,,,,2838,2013-08-25
1377993600000,201336,37.0,37,37,37,0.18334551,1.2817413,0,1,292740820133619589,2023-08-20,Salvador,0.0,0.81980777,2886698.0,23.0,88.8571428571,0,0.0,0,76.9359905714,61.8571428571,25.1775761429,27.4285714286,30.0,,,,,2838,2013-09-01
1378598400000,201337,44.0,44,44,44,0.6331681,1.5242329,0,1,292740820133719589,2023-08-20,Salvador,0.0,1.0762967,2886698.0,22.1428571429,92.1428571429,0,0.0,0,74.4992272857,58.8571428571,25.112556,27.8571428571,34.0,,,,,2838,2013-09-08
1379203200000,201338,40.0,40,40,40,0.5257693,1.3856663,0,1,292740820133819589,2023-08-20,Salvador,0.0,1.0145346,2886698.0,23.7142857143,88.5714285714,1,0.0,0,76.3109951429,56.2857142857,25.7013312857,28.1428571429,31.0,,,,,2838,2013-09-15
1379808000000,201339,44.0,44,44,44,0.6371278,1.5242329,0,1,292740820133919589,2023-08-20,Salvador,0.0,1.0787969,2886698.0,22.8571428571,92.7142857143,0,0.0,0,78.1461505714,62.7142857143,25.5211981429,28.4285714286,29.0,,,,,2838,2013-09-22
1380412800000,201340,39.0,39,39,39,0.38863233,1.3510246,0,1,292740820134019589,2023-08-20,Salvador,0.0,0.9391895,2886698.0,23.7142857143,85.0,1,0.0,0,73.2712454286,60.0,26.100125,28.2857142857,26.0,,,,,2838,2013-09-29
1381017600000,201341,51.0,51,51,51,0.8268482,1.7667245,0,1,292740820134119589,2023-08-20,Salvador,0.0,1.215232,2886698.0,23.1428571429,91.1428571429,1,0.0,0,77.7106594286,63.7142857143,25.4234981429,27.4285714286,36.0,,,,,2838,2013-10-06
1381622400000,201342,30.0,30,30,30,0.06902799,1.0392497,0,2,292740820134219589,2023-08-20,Salvador,0.0,0.7054617,2886698.0,23.2857142857,90.2857142857,1,0.0,0,77.6363091429,60.1428571429,25.6276785714,28.0,23.0,,,,,2838,2013-10-13
1382227200000,201343,36.0,36,36,36,0.2632659,1.2470996,0,2,292740820134319589,2023-08-20,Salvador,0.0,0.86654,2886698.0,24.2857142857,87.8571428571,1,0.0,0,75.0134505714,58.5714285714,26.3682891429,28.8571428571,23.0,,,,,2838,2013-10-20
1382832000000,201344,31.0,31,31,31,0.23192629,1.0738914,0,2,292740820134419589,2023-08-20,Salvador,0.0,0.83784896,2886698.0,24.0,91.1428571429,1,0.0,0,78.4440471429,63.4285714286,26.3887192857,28.7142857143,24.0,,,,,2838,2013-10-27
1383436800000,201345,35.0,35,35,35,0.5509,1.212458,0,1,292740820134519589,2023-08-20,Salvador,0.0,1.0311055,2886698.0,22.8571428571,92.7142857143,0,0.0,0,80.6842448571,66.5714285714,25.3039147143,27.7142857143,25.0,,,,,2838,2013-11-03
1384041600000,201346,54.0,54,54,54,0.9827348,1.8706495,0,1,292740820134619589,2023-08-20,Salvador,0.0,1.5737163,2886698.0,24.2857142857,88.7142857143,1,1.0,1,77.6628391429,66.8571428571,26.5848214286,28.7142857143,50.0,,,,,2838,2013-11-10
1384646400000,201347,52.0,52,52,52,0.907198,1.8013661,0,1,292740820134719589,2023-08-20,Salvador,0.0,1.319076,2886698.0,23.2857142857,90.2857142857,1,0.0,1,76.614678,59.2857142857,26.1597027143,29.1428571429,39.0,,,,,2838,2013-11-17
1385251200000,201348,56.0,56,56,56,0.8006581,1.9399327,0,2,292740820134819589,2023-08-20,Salvador,0.0,1.1800606,2886698.0,24.4285714286,92.8571428571,1,0.0,1,83.251872,69.0,26.2987992857,28.5714285714,43.0,,,,,2838,2013-11-24
1385856000000,201349,61.0,61,61,61,0.7831452,2.113141,0,2,292740820134919589,2023-08-20,Salvador,0.0,1.1577773,2886698.0,24.8571428571,92.5714285714,1,0.0,1,80.7962277143,67.1428571429,26.9867512857,29.1428571429,44.0,,,,,2838,2013-12-01
1386460800000,201350,64.0,64,64,64,0.762039,2.217066,0,2,292740820135019589,2023-08-20,Salvador,0.0,1.1385123,2886698.0,24.2857142857,91.8571428571,1,0.0,1,80.7577562857,64.2857142857,26.7700847143,29.5714285714,40.0,,,,,2838,2013-12-08
1387065600000,201351,40.0,40,40,40,0.029694283,1.3856663,0,2,292740820135119589,2023-08-20,Salvador,0.0,0.6827898,2886698.0,24.4285714286,94.8571428571,1,0.0,0,84.3557691429,66.2857142857,26.254897,29.2857142857,29.0,,,,,2838,2013-12-15
1387670400000,201352,36.0,36,36,36,0.02142356,1.2470996,0,2,292740820135219589,2023-08-20,Salvador,0.0,0.6524546,2886698.0,24.5714285714,94.0,1,0.0,0,84.4516134286,68.5714285714,26.6651787143,29.1428571429,24.0,,,,,2838,2013-12-22
1388275200000,201401,35.0,35,35,35,0.11744367,1.212458,0,2,292740820140119589,2023-08-20,Salvador,0.0,0.76765966,2886698.0,24.0,92.5714285714,1,0.0,0,77.9722071429,61.5714285714,26.9629897143,30.0,27.0,,,,,8052,2013-12-29
1388880000000,201402,64.0,64,64,64,0.99196744,2.217066,0,2,292740820140219589,2023-08-20,Salvador,0.0,1.6121522,2886698.0,24.2857142857,89.7142857143,1,1.0,1,74.3219142857,58.7142857143,26.9402492857,29.7142857143,27.0,,,,,8052,2014-01-05
1389484800000,201403,79.0,79,79,79,0.999021,2.7366908,0,3,292740820140319589,2023-08-20,Salvador,0.0,1.7603726,2886698.0,24.5714285714,88.8571428571,1,1.0,1,74.4528614286,58.7142857143,27.4549924286,29.8571428571,41.0,,,,,8052,2014-01-12
1390089600000,201404,88.0,88,88,88,0.98970294,3.0484657,0,3,292740820140419589,2023-08-20,Salvador,0.0,1.4667209,2886698.0,24.8571428571,87.2857142857,1,1.0,1,75.471758,59.8571428571,27.41991,30.2857142857,43.0,,,,,8052,2014-01-19
1390694400000,201405,117.0,117,117,117,0.99822265,4.053074,0,3,292740820140519589,2023-08-20,Salvador,0.0,1.5260681,2886698.0,26.0,83.2857142857,1,1.0,1,71.4953442857,57.1428571429,27.6664791429,29.7142857143,59.0,,,,,8052,2014-01-26
1391299200000,201406,129.0,129,129,129,0.9921927,4.468774,0,3,292740820140619589,2023-08-20,Salvador,0.0,1.385407,2886698.0,24.1428571429,91.8571428571,1,1.0,1,76.4830877143,60.8571428571,26.9794578571,29.4285714286,60.0,,,,,8052,2014-02-02
1391904000000,201407,137.0,137,137,137,0.95014846,4.745907,0,3,292740820140719589,2023-08-20,Salvador,0.0,1.2327425,2886698.0,25.0,86.7142857143,1,1.0,1,72.8238328571,59.8571428571,27.6035042857,30.0,64.0,,,,,8052,2014-02-09
1392508800000,201408,141.0,141,141,141,0.8268927,4.8844733,0,3,292740820140819589,2023-08-20,Salvador,0.0,1.1221935,2886698.0,25.1428571429,86.4285714286,1,0.0,1,74.7421371429,60.4285714286,27.8135384286,30.2857142857,72.0,,,,,8052,2014-02-16
1393113600000,201409,130.0,130,130,130,0.409178,4.503415,0,2,292740820140919589,2023-08-20,Salvador,0.0,0.9721543,2886698.0,24.4285714286,91.1428571429,1,0.0,1,80.04143,66.8571428571,26.952462,29.1428571429,68.0,,,,,8052,2014-02-23
1393718400000,201410,133.0,133,133,133,0.4384811,4.6073403,0,2,292740820141019589,2023-08-20,Salvador,0.0,0.9813101,2886698.0,24.1428571429,92.8571428571,1,0.0,1,78.0438128571,62.5714285714,27.1179952857,29.7142857143,80.0,,,,,8052,2014-03-02
1394323200000,201411,184.0,184,184,184,0.99639493,6.374065,0,2,292740820141119589,2023-08-20,Salvador,0.0,1.3521352,2886698.0,24.8571428571,88.1428571429,1,1.0,1,75.5573814286,62.1428571429,27.5248394286,29.8571428571,96.0,,,,,8052,2014-03-09
1394928000000,201412,207.0,207,207,207,0.9990841,7.1708226,0,3,292740820141219589,2023-08-20,Salvador,0.0,1.3943939,2886698.0,25.7142857143,85.8571428571,1,1.0,1,73.7230377143,59.4285714286,28.0672692857,30.1428571429,110.0,,,,,8052,2014-03-16
1395532800000,201413,269.0,269,269,269,0.99999255,9.318605,0,3,292740820141319589,2023-08-20,Salvador,0.0,1.5124149,2886698.0,25.7142857143,87.2857142857,1,1.0,2,75.4379508571,61.7142857143,28.1502102857,30.1428571429,154.0,,,,,8052,2014-03-23
1396137600000,201414,347.0,347,347,347,1.0,12.020655,0,3,292740820141419589,2023-08-20,Salvador,0.0,1.5866145,2886698.0,25.4285714286,90.4285714286,1,1.0,2,75.7819865714,61.7142857143,28.0170797143,30.1428571429,176.0,,,,,8052,2014-03-30
1396742400000,201415,448.0,448,448,448,1.0,15.519462,0,4,292740820141519589,2023-08-20,Salvador,0.0,1.6226206,2886698.0,25.5714285714,90.7142857143,1,1.0,2,77.7995291429,63.5714285714,27.9682794286,30.1428571429,218.0,,,,,8052,2014-04-06
1397347200000,201416,371.0,371,371,371,0.84416896,12.852055,0,4,292740820141619589,2023-08-20,Salvador,0.0,1.0785943,2886698.0,26.0,87.0,1,0.0,2,75.3134162857,59.8571428571,28.0086518571,29.8571428571,207.0,,,,,8052,2014-04-13
1397952000000,201417,381.0,381,381,381,0.39341602,13.198471,0,4,292740820141719589,2023-08-20,Salvador,0.0,0.9807014,2886698.0,24.7142857143,88.2857142857,1,0.0,2,74.3018714286,59.1428571429,27.7877554286,30.4285714286,206.0,,,,,8052,2014-04-20
1398556800000,201418,329.0,329,329,329,0.01595462,11.397105,0,4,292740820141819589,2023-08-20,Salvador,0.0,0.851627,2886698.0,24.5714285714,85.1428571429,1,0.0,2,70.30866,53.8571428571,27.046494,29.0,171.0,,,,,8052,2014-04-27
1399161600000,201419,327.0,327,327,327,0.07519731,11.327822,0,4,292740820141919589,2023-08-20,Salvador,0.0,0.8963971,2886698.0,24.0,90.2857142857,1,0.0,2,76.9319485714,59.8571428571,26.7176815714,29.4285714286,136.0,,,,,8052,2014-05-04
1399766400000,201420,275.0,275,275,275,0.004590117,9.526456,0,4,292740820142019589,2023-08-20,Salvador,0.0,0.81006783,2886698.0,23.8571428571,90.4285714286,1,0.0,2,78.4481545714,64.0,25.9624047143,28.1428571429,113.0,,,,,8052,2014-05-11
1400371200000,201421,316.0,316,316,316,0.50093955,10.946763,0,4,292740820142119589,2023-08-20,Salvador,0.0,1.0001873,2886698.0,23.8571428571,97.0,1,0.0,2,84.0132035714,67.7142857143,26.0557375714,28.5714285714,176.0,,,,,8052,2014-05-18
1400976000000,201422,286.0,286,286,286,0.2780784,9.907514,0,4,292740820142219589,2023-08-20,Salvador,0.0,0.9525725,2886698.0,22.8571428571,95.7142857143,0,0.0,2,80.2876,63.0,25.8684434286,28.7142857143,121.0,,,,,8052,2014-05-25
1401580800000,201423,254.0,254,254,254,0.04099924,8.798981,0,4,292740820142319589,2023-08-20,Salvador,0.0,0.8619236,2886698.0,23.4285714286,85.8571428571,1,0.0,2,72.3139408571,57.0,26.0112322857,28.7142857143,98.0,,,,,8052,2014-06-01
1402185600000,201424,216.0,216,216,216,0.0019811317,7.482598,0,4,292740820142419589,2023-08-20,Salvador,0.0,0.77136195,2886698.0,22.7142857143,93.4285714286,0,0.0,2,79.6478168571,65.1428571429,25.5535158571,28.1428571429,79.0,,,,,8052,2014-06-08
1402790400000,201425,174.0,174,174,174,9.66153e-05,6.027648,0,4,292740820142519589,2023-08-20,Salvador,0.0,0.6945575,2886698.0,23.5714285714,87.1428571429,1,0.0,1,74.6244541429,58.4285714286,25.7862208571,27.8571428571,81.0,,,,,8052,2014-06-15
1403395200000,201426,171.0,171,171,171,0.011151336,5.923723,0,1,292740820142619589,2023-08-20,Salvador,0.0,0.7922292,2886698.0,22.7142857143,91.8571428571,0,0.0,1,78.9965137143,63.0,24.943471,27.2857142857,71.0,,,,,8052,2014-06-22
1404000000000,201427,138.0,138,138,138,0.0040141908,4.7805486,0,1,292740820142719589,2023-08-20,Salvador,0.0,0.74380183,2886698.0,23.1428571429,87.8571428571,1,0.0,1,75.049912,60.8571428571,25.5109394286,27.7142857143,61.0,,,,,8052,2014-06-29
1404604800000,201428,153.0,153,153,153,0.2536892,5.3001733,0,1,292740820142819589,2023-08-20,Salvador,0.0,0.9283919,2886698.0,22.4285714286,88.0,0,0.0,1,74.3413008571,58.5714285714,25.1735311429,27.8571428571,60.0,,,,,8052,2014-07-06
1405209600000,201429,148.0,148,148,148,0.4123669,5.126965,0,1,292740820142919589,2023-08-20,Salvador,0.0,0.97477865,2886698.0,22.5714285714,92.5714285714,0,0.0,1,76.4193705714,62.1428571429,25.0206434286,27.0,54.0,,,,,8052,2014-07-13
1405814400000,201430,142.0,142,142,142,0.36337936,4.919115,0,1,292740820143019589,2023-08-20,Salvador,0.0,0.9598395,2886698.0,22.4285714286,93.5714285714,0,0.0,1,80.5350398571,65.0,24.8604005714,27.2857142857,60.0,,,,,8052,2014-07-20
1406419200000,201431,143.0,143,143,143,0.42119035,4.953757,0,1,292740820143119589,2023-08-20,Salvador,0.0,0.97692454,2886698.0,22.8571428571,92.5714285714,0,0.0,1,81.7593068571,70.2857142857,24.4660305714,26.2857142857,57.0,,,,,8052,2014-07-27
1407024000000,201432,134.0,134,134,134,0.29010805,4.641982,0,1,292740820143219589,2023-08-20,Salvador,0.0,0.9357971,2886698.0,21.7142857143,90.1428571429,0,0.0,1,74.6704214286,57.8571428571,24.6732082857,27.1428571429,40.0,,,,,8052,2014-08-03
1407628800000,201433,115.0,115,115,115,0.06768741,3.9837904,0,1,292740820143319589,2023-08-20,Salvador,0.0,0.82895374,2886698.0,22.7142857143,87.8571428571,0,0.0,1,75.0494694286,58.8571428571,24.2917158571,26.1428571429,28.0,,,,,8052,2014-08-10
1408233600000,201434,103.0,103,103,103,0.039115485,3.5680907,0,1,292740820143419589,2023-08-20,Salvador,0.0,0.793583,2886698.0,23.4285714286,82.2857142857,1,0.0,1,71.0514885714,56.4285714286,25.0556547143,27.1428571429,27.0,,,,,8052,2014-08-17
1408838400000,201435,78.0,78,78,78,0.003162825,2.7020493,0,1,292740820143519589,2023-08-20,Salvador,0.0,0.67353565,2886698.0,21.4285714286,92.4285714286,0,0.0,1,76.918636,61.8571428571,24.469326,27.0,17.0,,,,,8052,2014-08-24
1409443200000,201436,85.0,85,85,85,0.13031286,2.9445407,0,1,292740820143619589,2023-08-20,Salvador,0.0,0.8477247,2886698.0,22.1428571429,92.4285714286,0,0.0,1,77.3951625714,61.8571428571,25.0017281429,27.5714285714,25.0,,,,,8052,2014-08-31
1410048000000,201437,66.0,66,66,66,0.04413275,2.2863493,0,1,292740820143719589,2023-08-20,Salvador,0.0,0.7586767,2886698.0,22.4285714286,86.2857142857,0,0.0,1,71.9711731429,57.7142857143,24.5566052857,26.8571428571,26.0,,,,,8052,2014-09-07
1410652800000,201438,58.0,58,58,58,0.04259308,2.009216,0,1,292740820143819589,2023-08-20,Salvador,0.0,0.74383545,2886698.0,22.4285714286,85.5714285714,0,0.0,1,74.4737155714,59.7142857143,24.665963,26.7142857143,27.0,,,,,8052,2014-09-14
1411257600000,201439,81.0,81,81,81,0.8156757,2.8059742,0,1,292740820143919589,2023-08-20,Salvador,0.0,1.1573308,2886698.0,21.8571428571,87.5714285714,0,0.0,1,76.1206908571,59.5714285714,24.7383804286,27.5714285714,44.0,,,,,8052,2014-09-21
1411862400000,201440,101.0,101,101,101,0.99302185,3.4988072,0,1,292740820144019589,2023-08-20,Salvador,0.0,1.4614317,2886698.0,22.8571428571,83.0,0,1.0,1,72.849678,58.1428571429,25.1730325714,27.5714285714,36.0,,,,,8052,2014-09-28
1412467200000,201441,102.0,102,102,102,0.9470723,3.533449,0,1,292740820144119589,2023-08-20,Salvador,0.0,1.2711,2886698.0,23.2857142857,73.0,1,0.0,1,62.9758455714,47.4285714286,25.0014688571,26.8571428571,30.0,,,,,8052,2014-10-05
1413072000000,201442,85.0,85,85,85,0.283795,2.9445407,0,1,292740820144219589,2023-08-20,Salvador,0.0,0.9179413,2886698.0,23.5714285714,81.7142857143,1,0.0,1,70.2582762857,54.4285714286,25.7250577143,28.1428571429,22.0,,,,,8052,2014-10-12
1413676800000,201443,69.0,69,69,69,0.024321565,2.3902743,0,2,292740820144319589,2023-08-20,Salvador,0.0,0.7335484,2886698.0,24.1428571429,78.2857142857,1,0.0,1,66.917542,52.0,26.0072167143,28.1428571429,29.0,,,,,8052,2014-10-19
1414281600000,201444,59.0,59,59,59,0.016805891,2.0438578,0,2,292740820144419589,2023-08-20,Salvador,0.0,0.6999438,2886698.0,24.5714285714,79.4285714286,1,0.0,1,70.6002428571,56.0,26.4357414286,29.0,27.0,,,,,8052,2014-10-26
1414886400000,201445,72.0,72,72,72,0.4925453,2.4941993,0,2,292740820144519589,2023-08-20,Salvador,0.0,0.9969017,2886698.0,23.1428571429,84.7142857143,1,0.0,1,71.81234,54.8571428571,25.6270242857,28.2857142857,33.0,,,,,8052,2014-11-02
1415491200000,201446,70.0,70,70,70,0.6184441,2.424916,0,2,292740820144619589,2023-08-20,Salvador,0.0,1.0527939,2886698.0,24.7142857143,83.8571428571,1,0.0,1,74.1591611429,55.5714285714,26.5557315714,29.8571428571,27.0,,,,,8052,2014-11-09
1416096000000,201447,72.0,72,72,72,0.63463056,2.4941993,0,1,292740820144719589,2023-08-20,Salvador,0.0,1.0597383,2886698.0,22.8571428571,89.5714285714,0,0.0,1,79.3890202857,64.7142857143,24.5727901429,26.1428571429,35.0,,,,,8052,2014-11-16
1416700800000,201448,53.0,53,53,53,0.07117756,1.8360078,0,1,292740820144819589,2023-08-20,Salvador,0.0,0.7666265,2886698.0,23.5714285714,84.7142857143,1,0.0,1,72.6320757143,57.5714285714,26.1962078571,28.8571428571,20.0,,,,,8052,2014-11-23
1417305600000,201449,89.0,89,89,89,0.95821255,3.0831075,0,1,292740820144919589,2023-08-20,Salvador,0.0,1.3195032,2886698.0,23.8571428571,81.0,1,1.0,1,68.0468028571,53.1428571429,26.328485,28.7142857143,53.0,,,,,8052,2014-11-30
1417910400000,201450,71.0,71,71,71,0.5993641,2.4595575,0,2,292740820145019589,2023-08-20,Salvador,0.0,1.0434878,2886698.0,24.1428571429,84.7142857143,1,0.0,1,72.2887385714,56.5714285714,26.4583812857,29.0,28.0,,,,,8052,2014-12-07
1418515200000,201451,77.0,77,77,77,0.6006928,2.6674075,0,2,292740820145119589,2023-08-20,Salvador,0.0,1.0423034,2886698.0,23.7142857143,89.4285714286,1,0.0,1,80.45598,65.8571428571,25.5228532857,28.0,39.0,,,,,8052,2014-12-14
1419120000000,201452,66.0,66,66,66,0.21754238,2.2863493,0,2,292740820145219589,2023-08-20,Salvador,0.0,0.8771284,2886698.0,24.0,87.2857142857,1,0.0,1,73.1419928571,58.2857142857,26.4480128571,29.0,29.0,,,,,8052,2014-12-21
1419724800000,201453,14.0,14,14,14,1e-10,0.48498318,0,2,292740820145319589,2023-08-20,Salvador,0.0,0.20093508,2886698.0,24.0,81.5714285714,1,0.0,0,68.8264694286,53.5714285714,26.7587844286,29.2857142857,14.0,,,,,8052,2014-12-28
1420329600000,201501,73.0,73,73,73,0.9270525,2.528841,0,2,292740820150119589,2023-08-20,Salvador,0.0,1.2914443,2886698.0,23.1428571429,86.8571428571,1,0.0,1,72.2313378571,56.0,26.3636178571,29.1428571429,25.0,,,,,8696,2015-01-04
1420934400000,201502,60.0,60,60,60,0.8978145,2.0784993,0,2,292740820150219589,2023-08-20,Salvador,0.0,1.2781584,2886698.0,24.4285714286,80.2857142857,1,0.0,1,68.1014737143,54.0,27.226207,29.7142857143,21.0,,,,,8696,2015-01-11
1421539200000,201503,48.0,48,48,48,0.29059416,1.6627995,0,2,292740820150319589,2023-08-20,Salvador,0.0,0.8966184,2886698.0,25.1428571429,79.0,1,0.0,0,68.2512045714,53.2857142857,27.2193825714,30.0,18.0,,,,,8696,2015-01-18
1422144000000,201504,52.0,52,52,52,0.31260723,1.8013661,0,2,292740820150419589,2023-08-20,Salvador,0.0,0.9109812,2886698.0,24.7142857143,82.5714285714,1,0.0,1,68.5227112857,51.5714285714,27.4216672857,30.0,25.0,,,,,8696,2015-01-25
1422748800000,201505,61.0,61,61,61,0.75750923,2.113141,0,2,292740820150519589,2023-08-20,Salvador,0.0,1.1390004,2886698.0,25.1428571429,79.8571428571,1,0.0,1,68.6162157143,53.4285714286,27.6203915714,30.1428571429,27.0,,,,,8696,2015-02-01
1423353600000,201506,59.0,59,59,59,0.68606174,2.0438578,0,2,292740820150619589,2023-08-20,Salvador,0.0,1.0952246,2886698.0,24.8571428571,81.7142857143,1,0.0,1,69.4419758571,53.0,27.5194694286,30.0,18.0,,,,,8696,2015-02-08
1423958400000,201507,82.0,82,82,82,0.9769378,2.8406157,0,2,292740820150719589,2023-08-20,Salvador,0.0,1.4019789,2886698.0,24.4285714286,85.7142857143,1,1.0,1,72.8478,56.5714285714,27.0195354286,29.4285714286,32.0,,,,,8696,2015-02-15
1424563200000,201508,75.0,75,75,75,0.79643786,2.5981243,0,2,292740820150819589,2023-08-20,Salvador,0.0,1.1500046,2886698.0,23.1428571429,88.2857142857,1,0.0,1,75.4448234286,57.7142857143,26.2898837143,29.4285714286,32.0,,,,,8696,2015-02-22
1425168000000,201509,102.0,102,102,102,0.9823883,3.533449,0,2,292740820150919589,2023-08-20,Salvador,0.0,1.3751293,2886698.0,24.0,84.0,1,1.0,1,70.5304935714,57.7142857143,27.2439815714,29.8571428571,45.0,,,,,8696,2015-03-01
1425772800000,201510,129.0,129,129,129,0.99879485,4.468774,0,3,292740820151019589,2023-08-20,Salvador,0.0,1.5199546,2886698.0,24.4285714286,82.7142857143,1,1.0,1,67.6866362857,52.2857142857,27.5774172857,30.1428571429,74.0,,,,,8696,2015-03-08
1426377600000,201511,172.0,172,172,172,0.99998087,5.958365,0,3,292740820151119589,2023-08-20,Salvador,0.0,1.653249,2886698.0,24.4285714286,83.4285714286,1,1.0,1,66.2953457143,50.8571428571,27.8152767143,30.4285714286,93.0,,,,,8696,2015-03-15
1426982400000,201512,152.0,152,152,152,0.90120476,5.2655315,0,3,292740820151219589,2023-08-20,Salvador,0.0,1.1657257,2886698.0,25.2857142857,83.2857142857,1,0.0,1,70.5506211429,51.1428571429,27.638903,30.1428571429,82.0,,,,,8696,2015-03-22
1427587200000,201513,201.0,201,201,201,0.9944603,6.962973,0,2,292740820151319589,2023-08-20,Salvador,0.0,1.31103,2886698.0,23.7142857143,78.8571428571,1,1.0,1,63.1960828571,46.8571428571,27.41754,29.8571428571,100.0,,,,,8696,2015-03-29
1428192000000,201514,280.0,280,280,280,0.99999976,9.699664,0,3,292740820151419589,2023-08-20,Salvador,0.0,1.6144022,2886698.0,24.7142857143,86.4285714286,1,1.0,2,73.1428798571,56.0,27.194317,29.4285714286,129.0,,,,,8696,2015-04-05
1428796800000,201515,269.0,269,269,269,0.9969725,9.318605,0,3,292740820151519589,2023-08-20,Salvador,0.0,1.2863783,2886698.0,24.8571428571,86.0,1,1.0,2,69.9063165714,55.0,27.614179,29.7142857143,153.0,,,,,8696,2015-04-12
1429401600000,201516,258.0,258,258,258,0.66618,8.937548,0,4,292740820151619589,2023-08-20,Salvador,0.0,1.0388728,2886698.0,24.5714285714,87.5714285714,1,0.0,2,73.4424248571,56.5714285714,27.6243288571,30.2857142857,144.0,,,,,8696,2015-04-19
1430006400000,201517,272.0,272,272,272,0.63966805,9.42253,0,4,292740820151719589,2023-08-20,Salvador,0.0,1.0313567,2886698.0,23.2857142857,92.5714285714,1,0.0,2,80.2065948571,63.5714285714,25.5124037143,27.8571428571,161.0,,,,,8696,2015-04-26
1430611200000,201518,307.0,307,307,307,0.9550404,10.634989,0,4,292740820151819589,2023-08-20,Salvador,0.0,1.1522408,2886698.0,23.0,91.8571428571,0,1.0,2,76.4100342857,61.0,26.2576924286,28.8571428571,220.0,,,,,8696,2015-05-03
1431216000000,201519,282.0,282,282,282,0.5963272,9.768947,0,4,292740820151919589,2023-08-20,Salvador,0.0,1.020841,2886698.0,23.4285714286,92.5714285714,1,0.0,2,79.0923028571,62.5714285714,25.8918162857,28.5714285714,213.0,,,,,8696,2015-05-10
1431820800000,201520,200.0,200,200,200,8.23705e-05,6.9283314,0,4,292740820152019589,2023-08-20,Salvador,0.0,0.7080025,2886698.0,23.5714285714,88.7142857143,1,0.0,1,73.2592574286,56.0,26.0750967143,28.0,142.0,,,,,8696,2015-05-17
1432425600000,201521,230.0,230,230,230,0.065739445,7.967581,0,2,292740820152119589,2023-08-20,Salvador,0.0,0.87298393,2886698.0,23.8571428571,85.0,1,0.0,2,73.1597571429,57.7142857143,26.1731411429,28.7142857143,150.0,,,,,8696,2015-05-24
1433030400000,201522,237.0,237,237,237,0.5497348,8.2100725,0,4,292740820152219589,2023-08-20,Salvador,0.0,1.0115714,2886698.0,23.4285714286,90.2857142857,1,0.0,2,74.5224214286,58.2857142857,25.970449,28.5714285714,178.0,,,,,8696,2015-05-31
1433635200000,201523,215.0,215,215,215,0.30447894,7.447956,0,4,292740820152319589,2023-08-20,Salvador,0.0,0.95247036,2886698.0,23.2857142857,89.4285714286,1,0.0,2,76.4171134286,61.1428571429,25.4421212857,28.0,172.0,,,,,8696,2015-06-07
1434240000000,201524,281.0,281,281,281,0.98880684,9.734305,0,4,292740820152419589,2023-08-20,Salvador,0.0,1.2244691,2886698.0,23.2857142857,86.5714285714,1,1.0,2,72.1217928571,54.4285714286,25.5232268571,27.8571428571,209.0,,,,,8696,2015-06-14
1434844800000,201525,212.0,212,212,212,0.12908901,7.3440313,0,4,292740820152519589,2023-08-20,Salvador,0.0,0.89867824,2886698.0,22.7142857143,88.7142857143,0,0.0,2,73.1614114286,56.1428571429,24.9407468571,27.4285714286,155.0,,,,,8696,2015-06-21
1435449600000,201526,241.0,241,241,241,0.47679225,8.3486395,0,4,292740820152619589,2023-08-20,Salvador,0.0,0.99472314,2886698.0,23.0,87.0,0,0.0,2,73.7072654286,58.2857142857,24.9338085714,27.4285714286,157.0,,,,,8696,2015-06-28
1436054400000,201527,334.0,334,334,334,0.9999438,11.570313,0,4,292740820152719589,2023-08-20,Salvador,0.0,1.3824105,2886698.0,22.5714285714,90.1428571429,0,1.0,2,77.4641278571,60.7142857143,24.8107645714,27.1428571429,185.0,,,,,8696,2015-07-05
1436659200000,201528,335.0,335,335,335,0.9985184,11.604955,0,4,292740820152819589,2023-08-20,Salvador,0.0,1.2761688,2886698.0,22.4285714286,90.0,0,1.0,2,72.121432,55.7142857143,24.7833357143,27.4285714286,203.0,,,,,8696,2015-07-12
1437264000000,201529,272.0,272,272,272,0.12040411,9.42253,0,4,292740820152919589,2023-08-20,Salvador,0.0,0.9065822,2886698.0,21.4285714286,87.8571428571,0,0.0,2,71.5739971429,54.4285714286,24.268544,27.0,187.0,,,,,8696,2015-07-19
1437868800000,201530,270.0,270,270,270,0.05300358,9.353248,0,4,292740820153019589,2023-08-20,Salvador,0.0,0.8742199,2886698.0,22.7142857143,83.0,0,0.0,2,68.8141851429,52.1428571429,24.8349655714,27.2857142857,210.0,,,,,8696,2015-07-26
1438473600000,201531,226.0,226,226,226,0.0038294795,7.8290143,0,4,292740820153119589,2023-08-20,Salvador,0.0,0.78955716,2886698.0,21.7142857143,82.1428571429,0,0.0,2,64.5852835714,44.0,24.3042261429,26.8571428571,185.0,,,,,8696,2015-08-02
1439078400000,201532,237.0,237,237,237,0.14467354,8.2100725,0,4,292740820153219589,2023-08-20,Salvador,0.0,0.9093997,2886698.0,21.7142857143,84.7142857143,0,0.0,2,66.7274482857,51.1428571429,24.2313731429,26.7142857143,159.0,,,,,8696,2015-08-09
1439683200000,201533,223.0,223,223,223,0.2002211,7.7250896,0,4,292740820153319589,2023-08-20,Salvador,0.0,0.9249452,2886698.0,21.7142857143,85.5714285714,0,0.0,2,71.2739908571,56.7142857143,24.2462948571,26.5714285714,162.0,,,,,8696,2015-08-16
1440288000000,201534,223.0,223,223,223,0.3524464,7.7250896,0,4,292740820153419589,2023-08-20,Salvador,0.0,0.9651068,2886698.0,21.8571428571,86.1428571429,0,0.0,2,72.2026885714,55.8571428571,24.7179692857,27.1428571429,178.0,,,,,8696,2015-08-23
1440892800000,201535,211.0,211,211,211,0.24958044,7.3093896,0,4,292740820153519589,2023-08-20,Salvador,0.0,0.93736863,2886698.0,21.4285714286,86.1428571429,0,0.0,2,70.5063771429,52.0,24.666454,27.5714285714,175.0,,,,,8696,2015-08-30
1441497600000,201536,244.0,244,244,244,0.8573261,8.452564,0,4,292740820153619589,2023-08-20,Salvador,0.0,1.1041362,2886698.0,22.2857142857,86.7142857143,0,0.0,2,72.8220328571,56.0,25.2074921429,28.0,191.0,,,,,8696,2015-09-06
1442102400000,201537,219.0,219,219,219,0.4408579,7.5865226,0,4,292740820153719589,2023-08-20,Salvador,0.0,0.985944,2886698.0,23.1428571429,84.1428571429,1,0.0,2,70.8057285714,53.2857142857,25.3640422857,28.1428571429,162.0,,,,,8696,2015-09-13
1442707200000,201538,173.0,173,173,173,0.0052947896,5.9930067,0,4,292740820153819589,2023-08-20,Salvador,0.0,0.7730458,2886698.0,22.5714285714,85.4285714286,0,0.0,1,70.0625,51.4285714286,25.7857142857,28.5714285714,138.0,,,,,8696,2015-09-20
1443312000000,201539,137.0,137,137,137,6.03479e-05,4.745907,0,1,292740820153919589,2023-08-20,Salvador,0.0,0.6584085,2886698.0,22.7142857143,84.4285714286,0,0.0,1,70.8660714286,54.1428571429,25.8883928571,29.1428571429,104.0,,,,,8696,2015-09-27
1443916800000,201540,112.0,112,112,112,8.56977e-05,3.8798654,0,1,292740820154019589,2023-08-20,Salvador,0.0,0.63874197,2886698.0,23.4285714286,83.8571428571,1,0.0,1,70.5660385714,50.7142857143,26.0537591429,29.2857142857,86.0,,,,,8696,2015-10-04
1444521600000,201541,83.0,83,83,83,4.67598e-05,2.8752575,0,1,292740820154119589,2023-08-20,Salvador,0.0,0.5885191,2886698.0,24.7142857143,77.5714285714,1,0.0,1,66.4513242857,51.7142857143,26.6923961429,29.0,62.0,,,,,8696,2015-10-11
1445126400000,201542,107.0,107,107,107,0.3176804,3.7066572,0,2,292740820154219589,2023-08-20,Salvador,0.0,0.9382993,2886698.0,24.7142857143,78.2857142857,1,0.0,1,68.2241592857,54.4285714286,26.8843452857,29.4285714286,78.0,,,,,8696,2015-10-18
1445731200000,201543,87.0,87,87,87,0.18895586,3.013824,0,2,292740820154319589,2023-08-20,Salvador,0.0,0.87883973,2886698.0,24.4285714286,81.0,1,0.0,1,67.5125285714,49.7142857143,26.9114344286,29.5714285714,65.0,,,,,8696,2015-10-25
1446336000000,201544,89.0,89,89,89,0.3207867,3.0831075,0,2,292740820154419589,2023-08-20,Salvador,0.0,0.9338472,2886698.0,24.5,80.5,1,0.0,1,67.490625,50.375,27.195572875,30.0,77.0,,,,,8696,2015-11-01
1446940800000,201545,73.0,73,73,73,0.078401886,2.528841,0,2,292740820154519589,2023-08-20,Salvador,0.0,0.8015654,2886698.0,24.7142857143,79.0,1,0.0,1,66.1116071429,46.8571428571,27.2142857143,30.1428571429,52.0,,,,,8696,2015-11-08
1447545600000,201546,70.0,70,70,70,0.12622774,2.424916,0,2,292740820154619589,2023-08-20,Salvador,0.0,0.83174294,2886698.0,24.8571428571,84.8571428571,1,0.0,1,72.06873,53.1428571429,27.4336104286,30.5714285714,61.0,,,,,8696,2015-11-15
1448150400000,201547,60.0,60,60,60,0.08390058,2.0784993,0,2,292740820154719589,2023-08-20,Salvador,0.0,0.78928375,2886698.0,25.5714285714,84.8571428571,1,0.0,1,72.2767857143,52.8571428571,27.6684908571,30.5714285714,46.0,,,,,8696,2015-11-22
1448755200000,201548,88.0,88,88,88,0.9239152,3.0484657,0,2,292740820154819589,2023-08-20,Salvador,0.0,1.2559859,2886698.0,24.0,88.0,1,0.0,1,71.6357917143,51.1428571429,27.1692205714,30.4285714286,76.0,,,,,8696,2015-11-29
1449360000000,201549,95.0,95,95,95,0.9653742,3.2909575,0,2,292740820154919589,2023-08-20,Salvador,0.0,1.3259891,2886698.0,24.5714285714,86.4285714286,1,1.0,1,77.8780422857,67.8571428571,26.5711567143,29.0,77.0,,,,,8696,2015-12-06
1449964800000,201550,69.0,69,69,69,0.1736337,2.3902743,0,2,292740820155019589,2023-08-20,Salvador,0.0,0.8576469,2886698.0,24.1428571429,85.8571428571,1,0.0,1,77.172122,67.8571428571,25.686508,27.0,51.0,,,,,8696,2015-12-13
1450569600000,201551,78.0,78,78,78,0.32767597,2.7020493,0,2,292740820155119589,2023-08-20,Salvador,0.0,0.93234736,2886698.0,25.7142857143,79.2857142857,1,0.0,1,71.1857118571,61.4285714286,26.5650788571,27.7142857143,59.0,,,,,8696,2015-12-20
1451174400000,201552,31.0,31,31,31,4.4051e-06,1.0738914,0,2,292740820155219589,2023-08-20,Salvador,0.0,0.40742156,2886698.0,25.5714285714,80.1428571429,1,0.0,0,72.9195464286,63.1428571429,26.6177032857,27.8571428571,27.0,,,,,8696,2015-12-27
1451779200000,201601,78.0,78,78,78,0.861345,2.7020493,0,2,292740820160119589,2023-08-20,Salvador,0.0,1.1990197,2886698.0,25.2857142857,86.5714285714,1,0.0,1,80.2885308571,73.5714285714,26.160778,27.1428571429,51.0,,,,,4309,2016-01-03
1452384000000,201602,85.0,85,85,85,0.98579895,2.9445407,0,2,292740820160219589,2023-08-20,Salvador,0.0,1.444052,2886698.0,25.0,87.4285714286,1,1.0,1,81.4736571429,73.4285714286,26.2054534286,27.2857142857,39.0,,,,,4309,2016-01-10
1452988800000,201603,88.0,88,88,88,0.94153273,3.0484657,0,2,292740820160319589,2023-08-20,Salvador,0.0,1.2852861,2886698.0,24.0,88.7142857143,1,0.0,1,82.8487105714,73.8571428571,24.956845,26.4285714286,58.0,,,,,4309,2016-01-17
1453593600000,201604,81.0,81,81,81,0.51638526,2.8059742,0,2,292740820160419589,2023-08-20,Salvador,0.0,1.0064702,2886698.0,25.5714285714,86.0,1,0.0,1,79.5823407143,70.8571428571,26.2782737143,27.2857142857,50.0,,,,,4309,2016-01-24
1454198400000,201605,87.0,87,87,87,0.58099747,3.013824,0,2,292740820160519589,2023-08-20,Salvador,0.0,1.0316552,2886698.0,25.2857142857,82.7142857143,1,0.0,1,68.9739257143,54.1428571429,27.9754224286,30.5714285714,52.0,,,,,4309,2016-01-31
1454803200000,201606,179.0,179,179,179,1.0,6.2008567,0,2,292740820160619589,2023-08-20,Salvador,0.0,2.0053153,2886698.0,25.5714285714,81.5714285714,1,1.0,1,67.2182542857,48.7142857143,28.3427578571,31.1428571429,139.0,,,,,4309,2016-02-07
1455408000000,201607,177.0,177,177,177,0.9999345,6.131573,0,3,292740820160719589,2023-08-20,Salvador,0.0,1.5759225,2886698.0,25.5714285714,84.2857142857,1,1.0,1,77.8387091429,67.4285714286,26.674603,27.8571428571,135.0,,,,,4309,2016-02-14
1456012800000,201608,164.0,164,164,164,0.803384,5.6812315,0,3,292740820160819589,2023-08-20,Salvador,0.0,1.1012608,2886698.0,26.0,86.1428571429,1,0.0,1,76.7348948571,66.0,27.1985478571,28.8571428571,124.0,,,,,4309,2016-02-21
1456617600000,201609,189.0,189,189,189,0.856565,6.547273,0,2,292740820160919589,2023-08-20,Salvador,0.0,1.1191304,2886698.0,25.8571428571,85.2857142857,1,0.0,1,75.7392857143,65.7142857143,27.24724,28.8571428571,129.0,,,,,4309,2016-02-28
1457222400000,201610,167.0,167,167,167,0.3709591,5.7851567,0,2,292740820161019589,2023-08-20,Salvador,0.0,0.964954,2886698.0,25.7142857143,79.8571428571,1,0.0,1,71.3368511429,61.4285714286,27.2800322857,28.8571428571,105.0,,,,,4309,2016-03-06
1457827200000,201611,111.0,111,111,111,0.0001376002,3.845224,0,2,292740820161119589,2023-08-20,Salvador,0.0,0.6459239,2886698.0,26.0,78.2857142857,1,0.0,1,69.1237822857,59.2857142857,27.5296265714,28.8571428571,66.0,,,,,4309,2016-03-13
1458432000000,201612,96.0,96,96,96,0.0001100549,3.325599,0,2,292740820161219589,2023-08-20,Salvador,0.0,0.6231308,2886698.0,26.5714285714,82.5714285714,1,0.0,1,72.8890417143,63.7142857143,27.5333602857,29.0,65.0,,,,,4309,2016-03-20
1459036800000,201613,137.0,137,137,137,0.74610066,4.745907,0,2,292740820161319589,2023-08-20,Salvador,0.0,1.0849532,2886698.0,25.4285714286,85.2857142857,1,0.0,1,76.1015962857,67.1428571429,26.755682,28.0,113.0,,,,,4309,2016-03-27
1459641600000,201614,109.0,109,109,109,0.36692384,3.7759407,0,2,292740820161419589,2023-08-20,Salvador,0.0,0.95556587,2886698.0,25.8571428571,82.8571428571,1,0.0,1,75.5478908571,64.8571428571,27.0495131429,28.5714285714,85.0,,,,,4309,2016-04-03
1460246400000,201615,92.0,92,92,92,0.047625706,3.1870325,0,2,292740820161519589,2023-08-20,Salvador,0.0,0.7932066,2886698.0,24.8571428571,84.5714285714,1,0.0,1,68.4621858571,50.0,27.8988775714,30.7142857143,76.0,,,,,4309,2016-04-10
1460851200000,201616,75.0,75,75,75,0.0062913815,2.5981243,0,2,292740820161619589,2023-08-20,Salvador,0.0,0.6903342,2886698.0,24.4285714286,82.4285714286,1,0.0,1,67.8887477143,54.0,26.8722797143,28.8571428571,66.0,,,,,4309,2016-04-17
1461456000000,201617,90.0,90,90,90,0.38596597,3.117749,0,2,292740820161719589,2023-08-20,Salvador,0.0,0.95824385,2886698.0,24.7142857143,82.0,1,0.0,1,73.4446808571,62.4285714286,26.1008992857,27.5714285714,80.0,,,,,4309,2016-04-24
1462060800000,201618,103.0,103,103,103,0.8921772,3.5680907,0,2,292740820161819589,2023-08-20,Salvador,0.0,1.197318,2886698.0,23.7142857143,88.0,1,0.0,1,81.2258397143,72.7142857143,25.0068544286,26.4285714286,96.0,,,,,4309,2016-05-01
1462665600000,201619,90.0,90,90,90,0.5207898,3.117749,0,2,292740820161919589,2023-08-20,Salvador,0.0,1.0077993,2886698.0,24.4285714286,80.1428571429,1,0.0,1,70.2577102857,58.2857142857,25.9618505714,27.4285714286,79.0,,,,,4309,2016-05-08
1463270400000,201620,79.0,79,79,79,0.13593495,2.7366908,0,2,292740820162019589,2023-08-20,Salvador,0.0,0.84597915,2886698.0,23.2857142857,89.2857142857,1,0.0,1,80.9021911429,70.8571428571,24.6826877143,26.0,64.0,,,,,4309,2016-05-15
1463875200000,201621,65.0,65,65,65,0.027587084,2.2517076,0,2,292740820162119589,2023-08-20,Salvador,0.0,0.7331631,2886698.0,24.1428571429,87.8571428571,1,0.0,1,78.288798,68.4285714286,25.2827108571,26.2857142857,59.0,,,,,4309,2016-05-22
1464480000000,201622,84.0,84,84,84,0.63708663,2.9098992,0,1,292740820162219589,2023-08-20,Salvador,0.0,1.0562416,2886698.0,22.5714285714,89.4285714286,0,0.0,1,81.878928,71.7142857143,24.1885207143,26.0,76.0,,,,,4309,2016-05-29
1465084800000,201623,111.0,111,111,111,0.9940792,3.845224,0,1,292740820162319589,2023-08-20,Salvador,0.0,1.4473233,2886698.0,23.1428571429,91.0,1,1.0,1,84.616882,75.0,24.1810062857,25.8571428571,91.0,,,,,4309,2016-06-05
1465689600000,201624,87.0,87,87,87,0.54638505,3.013824,0,1,292740820162419589,2023-08-20,Salvador,0.0,1.0178618,2886698.0,23.4285714286,81.5714285714,1,0.0,1,71.2029211429,59.5714285714,24.9235662857,26.0,80.0,,,,,4309,2016-06-12
1466294400000,201625,60.0,60,60,60,0.003802878,2.0784993,0,2,292740820162519589,2023-08-20,Salvador,0.0,0.6467554,2886698.0,23.7142857143,80.5714285714,1,0.0,1,72.1095228571,62.1428571429,24.8913417143,26.1428571429,56.0,,,,,4309,2016-06-19
1466899200000,201626,69.0,69,69,69,0.102638856,2.3902743,0,2,292740820162619589,2023-08-20,Salvador,0.0,0.81517535,2886698.0,23.2857142857,82.5714285714,1,0.0,1,71.8039475714,60.8571428571,24.4750104286,25.5714285714,67.0,,,,,4309,2016-06-26
1467504000000,201627,56.0,56,56,56,0.089499116,1.9399327,0,1,292740820162719589,2023-08-20,Salvador,0.0,0.7878275,2886698.0,22.4285714286,86.8571428571,0,0.0,1,76.8825477143,66.4285714286,24.1694808571,25.2857142857,50.0,,,,,4309,2016-07-03
1468108800000,201628,69.0,69,69,69,0.6512978,2.3902743,0,1,292740820162819589,2023-08-20,Salvador,0.0,1.0694112,2886698.0,21.4285714286,85.5714285714,0,0.0,1,75.4796621429,64.0,23.1550328571,24.7142857143,64.0,,,,,4309,2016-07-10
1468713600000,201629,67.0,67,67,67,0.6379035,2.320991,0,1,292740820162919589,2023-08-20,Salvador,0.0,1.0636587,2886698.0,22.7142857143,84.7142857143,0,0.0,1,75.1935868571,65.7142857143,23.9492697143,24.8571428571,59.0,,,,,4309,2016-07-17
1469318400000,201630,64.0,64,64,64,0.47363698,2.217066,0,1,292740820163019589,2023-08-20,Salvador,0.0,0.9884485,2886698.0,22.7142857143,81.5714285714,0,0.0,1,70.3403242857,59.8571428571,24.4462035714,25.2857142857,58.0,,,,,4309,2016-07-24
1469923200000,201631,69.0,69,69,69,0.60305893,2.3902743,0,1,292740820163119589,2023-08-20,Salvador,0.0,1.0458655,2886698.0,22.4285714286,83.7142857143,0,0.0,1,71.155168,57.7142857143,24.1984574286,25.4285714286,64.0,,,,,4309,2016-07-31
1470528000000,201632,52.0,52,52,52,0.109787084,1.8013661,0,1,292740820163219589,2023-08-20,Salvador,0.0,0.79717016,2886698.0,21.1428571429,87.8571428571,0,0.0,1,75.0710217143,57.8571428571,22.9504874286,24.7142857143,46.0,,,,,4309,2016-08-07
1471132800000,201633,49.0,49,49,49,0.1046568,1.6974411,0,1,292740820163319589,2023-08-20,Salvador,0.0,0.78813654,2886698.0,21.8571428571,86.7142857143,0,0.0,0,78.3603885714,65.4285714286,23.2589285714,24.8571428571,45.0,,,,,4309,2016-08-14
1471737600000,201634,61.0,61,61,61,0.6666147,2.113141,0,1,292740820163419589,2023-08-20,Salvador,0.0,1.0824687,2886698.0,22.5714285714,88.5714285714,0,0.0,1,77.7303834286,65.8571428571,23.6492808571,25.0,53.0,,,,,4309,2016-08-21
1472342400000,201635,48.0,48,48,48,0.29172394,1.6627995,0,1,292740820163519589,2023-08-20,Salvador,0.0,0.89718765,2886698.0,22.4285714286,87.4285714286,0,0.0,0,75.1229294286,63.4285714286,23.946298,25.5714285714,47.0,,,,,4309,2016-08-28
1472947200000,201636,62.0,62,62,62,0.7639725,2.1477828,0,1,292740820163619589,2023-08-20,Salvador,0.0,1.1423081,2886698.0,23.5714285714,76.5714285714,1,0.0,1,67.8265697143,58.2857142857,24.3530845714,25.5714285714,50.0,,,,,4309,2016-09-04
1473552000000,201637,69.0,69,69,69,0.8874437,2.3902743,0,1,292740820163719589,2023-08-20,Salvador,0.0,1.2427428,2886698.0,23.0,82.8571428571,0,0.0,1,75.9409091429,67.1428571429,24.0438311429,25.4285714286,61.0,,,,,4309,2016-09-11
1474156800000,201638,57.0,57,57,57,0.40309477,1.9745744,0,1,292740820163819589,2023-08-20,Salvador,0.0,0.9557319,2886698.0,22.8571428571,85.0,0,0.0,1,78.4789697143,69.8571428571,23.9813994286,25.2857142857,49.0,,,,,4309,2016-09-18
1474761600000,201639,39.0,39,39,39,0.012380484,1.3510246,0,1,292740820163919589,2023-08-20,Salvador,0.0,0.6362597,2886698.0,23.5714285714,88.7142857143,1,0.0,0,80.6716737143,71.4285714286,24.6964285714,25.7142857143,32.0,,,,,4309,2016-09-25
1475366400000,201640,54.0,54,54,54,0.44819963,1.8706495,0,1,292740820164019589,2023-08-20,Salvador,0.0,0.9754958,2886698.0,23.7142857143,87.5714285714,1,0.0,1,80.7365251429,71.8571428571,24.8620547143,26.4285714286,36.0,,,,,4309,2016-10-02
1475971200000,201641,54.0,54,54,54,0.6773759,1.8706495,0,2,292740820164119589,2023-08-20,Salvador,0.0,1.0944538,2886698.0,24.5714285714,84.1428571429,1,0.0,1,77.169238,69.1428571429,25.3092531429,26.8571428571,42.0,,,,,4309,2016-10-09
1476576000000,201642,85.0,85,85,85,0.99774075,2.9445407,0,2,292740820164219589,2023-08-20,Salvador,0.0,1.6337657,2886698.0,23.5714285714,86.1428571429,1,1.0,1,78.998017,69.8571428571,24.7504951429,25.8571428571,68.0,,,,,4309,2016-10-16
1477180800000,201643,63.0,63,63,63,0.57343876,2.1824243,0,2,292740820164319589,2023-08-20,Salvador,0.0,1.0337048,2886698.0,24.0,81.0,1,0.0,1,74.5873011429,65.8571428571,25.0666664286,26.1428571429,44.0,,,,,4309,2016-10-23
1477785600000,201644,68.0,68,68,68,0.46625635,2.3556325,0,2,292740820164419589,2023-08-20,Salvador,0.0,0.98567665,2886698.0,24.1428571429,84.8571428571,1,0.0,1,76.5196087143,67.5714285714,25.1886088571,26.2857142857,40.0,,,,,4309,2016-10-30
1478390400000,201645,57.0,57,57,57,0.15351248,1.9745744,0,2,292740820164519589,2023-08-20,Salvador,0.0,0.8334246,2886698.0,24.1428571429,85.4285714286,1,0.0,1,76.8759992857,67.1428571429,25.296286,26.2857142857,42.0,,,,,4309,2016-11-06
1478995200000,201646,55.0,55,55,55,0.20449871,1.9052911,0,2,292740820164619589,2023-08-20,Salvador,0.0,0.85977936,2886698.0,24.8571428571,84.8571428571,1,0.0,1,78.2581284286,68.5714285714,26.0693798571,27.5714285714,43.0,,,,,4309,2016-11-13
1479600000000,201647,61.0,61,61,61,0.55158734,2.113141,0,2,292740820164719589,2023-08-20,Salvador,0.0,1.0238162,2886698.0,23.8571428571,88.2857142857,1,0.0,1,81.0576385714,73.8571428571,24.7574405714,25.5714285714,47.0,,,,,4309,2016-11-20
1480204800000,201648,72.0,72,72,72,0.885144,2.4941993,0,2,292740820164819589,2023-08-20,Salvador,0.0,1.2340649,2886698.0,23.2857142857,89.1428571429,1,0.0,1,79.1841148571,67.4285714286,25.0636454286,26.4285714286,53.0,,,,,4309,2016-11-27
1480809600000,201649,45.0,45,45,45,0.060259674,1.5588745,0,2,292740820164919589,2023-08-20,Salvador,0.0,0.73912543,2886698.0,24.4285714286,85.4285714286,1,0.0,0,78.0532821429,68.8571428571,25.7767215714,27.0,39.0,,,,,4309,2016-12-04
1481414400000,201650,47.0,47,47,47,0.10094315,1.6281579,0,2,292740820165019589,2023-08-20,Salvador,0.0,0.78148866,2886698.0,24.8571428571,83.0,1,0.0,0,76.3169658571,68.5714285714,25.7574405714,26.5714285714,45.0,,,,,4309,2016-12-11
1482019200000,201651,54.0,54,54,54,0.53062934,1.8706495,0,2,292740820165119589,2023-08-20,Salvador,0.0,1.0148971,2886698.0,24.5714285714,85.5714285714,1,0.0,1,76.408758,65.4285714286,25.7372025714,26.7142857143,47.0,,,,,4309,2016-12-18
1482624000000,201652,79.0,79,79,79,0.99305457,2.7366908,0,2,292740820165219589,2023-08-20,Salvador,0.0,1.5449055,2886698.0,25.0,81.4285714286,1,1.0,1,74.2534724286,66.0,26.1309522857,27.2857142857,51.0,,,,,4309,2016-12-25
1483228800000,201701,64.0,64,64,64,0.69934666,2.217066,0,2,292740820170119589,2023-08-20,Salvador,0.0,1.0988342,2886698.0,24.7142857143,82.7142857143,1,0.0,1,73.6007582857,61.2857142857,25.9721425714,27.2857142857,41.0,,,,,3001,2017-01-01
1483833600000,201702,73.0,73,73,73,0.70185745,2.528841,0,2,292740820170219589,2023-08-20,Salvador,0.0,1.0935173,2886698.0,24.5714285714,83.2857142857,1,0.0,1,75.2193178571,66.1428571429,25.7078982857,26.8571428571,44.0,,,,,3001,2017-01-08
1484438400000,201703,66.0,66,66,66,0.39764315,2.2863493,0,2,292740820170319589,2023-08-20,Salvador,0.0,0.9564497,2886698.0,24.7142857143,81.1428571429,1,0.0,1,72.2326391429,61.7142857143,26.0173608571,27.2857142857,49.0,,,,,3001,2017-01-15
1485043200000,201704,69.0,69,69,69,0.5062947,2.3902743,0,2,292740820170419589,2023-08-20,Salvador,0.0,1.0026836,2886698.0,25.4285714286,79.0,1,0.0,1,71.0982142857,60.1428571429,26.5848214286,27.8571428571,45.0,,,,,3001,2017-01-22
1485648000000,201705,40.0,40,40,40,0.004582925,1.3856663,0,2,292740820170519589,2023-08-20,Salvador,0.0,0.60003746,2886698.0,24.7142857143,82.4285714286,1,0.0,0,74.2579371429,63.8571428571,26.1220237143,27.2857142857,25.0,,,,,3001,2017-01-29
1486252800000,201706,65.0,65,65,65,0.64234805,2.2517076,0,2,292740820170619589,2023-08-20,Salvador,0.0,1.0669563,2886698.0,25.8571428571,77.0,1,0.0,1,72.2388734286,64.8571428571,26.606009,27.4285714286,34.0,,,,,3001,2017-02-05
1486857600000,201707,43.0,43,43,43,0.11889481,1.4895912,0,2,292740820170719589,2023-08-20,Salvador,0.0,0.78756034,2886698.0,25.1428571429,80.1428571429,1,0.0,0,71.9588284286,61.5714285714,26.3298612857,27.2857142857,26.0,,,,,3001,2017-02-12
1487462400000,201708,41.0,41,41,41,0.120540045,1.4203079,0,2,292740820170819589,2023-08-20,Salvador,0.0,0.784596,2886698.0,24.8571428571,82.0,1,0.0,0,73.3383022857,60.4285714286,26.4192725714,28.7142857143,25.0,,,,,3001,2017-02-19
1488067200000,201709,59.0,59,59,59,0.8464235,2.0438578,0,2,292740820170919589,2023-08-20,Salvador,0.0,1.2174171,2886698.0,25.2857142857,82.1428571429,1,0.0,1,74.5619778571,65.8571428571,26.4790134286,27.7142857143,33.0,,,,,3001,2017-02-26
1488672000000,201710,52.0,52,52,52,0.67323357,1.8013661,0,2,292740820171019589,2023-08-20,Salvador,0.0,1.0937881,2886698.0,25.0,81.2857142857,1,0.0,1,70.5985577143,60.5714285714,26.5607501429,27.4285714286,32.0,,,,,3001,2017-03-05
1489276800000,201711,52.0,52,52,52,0.52111554,1.8013661,0,2,292740820171119589,2023-08-20,Salvador,0.0,1.010424,2886698.0,24.4285714286,85.2857142857,1,0.0,1,77.1370128571,67.0,25.9348911429,26.8571428571,39.0,,,,,3001,2017-03-12
1489881600000,201712,50.0,50,50,50,0.39392003,1.7320828,0,2,292740820171219589,2023-08-20,Salvador,0.0,0.94847405,2886698.0,26.0,80.5714285714,1,0.0,0,75.2384914286,67.2857142857,26.7919178571,27.8571428571,39.0,,,,,3001,2017-03-19
1490486400000,201713,60.0,60,60,60,0.7749628,2.0784993,0,2,292740820171319589,2023-08-20,Salvador,0.0,1.1529926,2886698.0,25.0,87.2857142857,1,0.0,1,78.6465085714,64.2857142857,26.3357954286,27.4285714286,51.0,,,,,3001,2017-03-26
1491091200000,201714,100.0,100,100,100,0.99984187,3.4641657,0,2,292740820171419589,2023-08-20,Salvador,0.0,1.8011043,2886698.0,24.5714285714,88.8571428571,1,1.0,1,79.3608762857,67.4285714286,25.9771914286,27.2857142857,80.0,,,,,3001,2017-04-02
1491696000000,201715,70.0,70,70,70,0.5995264,2.424916,0,2,292740820171519589,2023-08-20,Salvador,0.0,1.0438809,2886698.0,25.5714285714,82.5714285714,1,0.0,1,74.9139694286,59.1428571429,26.7655557143,27.5714285714,54.0,,,,,3001,2017-04-09
1492300800000,201716,57.0,57,57,57,0.038716078,1.9745744,0,2,292740820171619589,2023-08-20,Salvador,0.0,0.73676765,2886698.0,24.4285714286,89.5714285714,1,0.0,1,81.5408194286,71.0,25.4468617143,26.4285714286,46.0,,,,,3001,2017-04-16
1492905600000,201717,73.0,73,73,73,0.4892591,2.528841,0,2,292740820171719589,2023-08-20,Salvador,0.0,0.99557054,2886698.0,25.7142857143,85.4285714286,1,0.0,1,77.9899348571,68.0,26.5604165714,27.4285714286,53.0,,,,,3001,2017-04-23
1493510400000,201718,67.0,67,67,67,0.5127827,2.320991,0,2,292740820171819589,2023-08-20,Salvador,0.0,1.0055425,2886698.0,24.4285714286,85.2857142857,1,0.0,1,76.627006,67.1428571429,25.5090742857,26.4285714286,39.0,,,,,3001,2017-04-30
1494115200000,201719,62.0,62,62,62,0.3386532,2.1477828,0,1,292740820171919589,2023-08-20,Salvador,0.0,0.929462,2886698.0,22.7142857143,89.1428571429,0,0.0,1,77.9846942857,61.7142857143,24.4800845714,25.5714285714,40.0,,,,,3001,2017-05-07
1494720000000,201720,83.0,83,83,83,0.90100455,2.8752575,0,1,292740820172019589,2023-08-20,Salvador,0.0,1.2336941,2886698.0,22.2857142857,96.5714285714,0,0.0,1,86.580938,77.1428571429,23.5659902857,24.5714285714,55.0,,,,,3001,2017-05-14
1495324800000,201721,70.0,70,70,70,0.5334619,2.424916,0,1,292740820172119589,2023-08-20,Salvador,0.0,1.0143036,2886698.0,23.8571428571,82.5714285714,1,0.0,1,75.5067094286,68.1428571429,24.2709957143,24.7142857143,46.0,,,,,3001,2017-05-21
1495929600000,201722,66.0,66,66,66,0.2879285,2.2863493,0,1,292740820172219589,2023-08-20,Salvador,0.0,0.9095369,2886698.0,21.7142857143,94.2857142857,0,0.0,1,84.1070728571,73.5714285714,22.7887447143,23.8571428571,50.0,,,,,3001,2017-05-28
1496534400000,201723,54.0,54,54,54,0.0680986,1.8706495,0,1,292740820172319589,2023-08-20,Salvador,0.0,0.7654218,2886698.0,22.0,91.5714285714,0,0.0,1,84.9827251429,77.5714285714,23.0864151429,23.8571428571,33.0,,,,,3001,2017-06-04
1497139200000,201724,40.0,40,40,40,0.010492003,1.3856663,0,1,292740820172419589,2023-08-20,Salvador,0.0,0.6323181,2886698.0,23.7142857143,77.7142857143,1,0.0,0,72.3656751429,64.1428571429,24.0909721429,24.7142857143,27.0,,,,,3001,2017-06-11
1497744000000,201725,49.0,49,49,49,0.31062433,1.6974411,0,1,292740820172519589,2023-08-20,Salvador,0.0,0.90752596,2886698.0,22.2857142857,80.8571428571,0,0.0,0,71.9541127143,62.2857142857,23.4148631429,24.0,35.0,,,,,3001,2017-06-18
1498348800000,201726,68.0,68,68,68,0.96591467,2.3556325,0,1,292740820172619589,2023-08-20,Salvador,0.0,1.4038885,2886698.0,21.4285714286,85.5714285714,0,1.0,1,76.8739162857,67.7142857143,22.8476548571,23.5714285714,52.0,,,,,3001,2017-06-25
1498953600000,201727,83.0,83,83,83,0.9946823,2.8752575,0,3,292740820172719589,2023-08-20,Salvador,0.0,1.5548962,2886698.0,21.7142857143,77.1428571429,0,1.0,1,69.5253967143,59.4285714286,22.5603175714,23.1428571429,58.0,,,,,3001,2017-07-02
1499558400000,201728,88.0,88,88,88,0.9608742,3.0484657,0,3,292740820172819589,2023-08-20,Salvador,0.0,1.3287569,2886698.0,21.5714285714,85.0,0,1.0,1,75.9795101429,64.7142857143,22.3204908571,23.0,67.0,,,,,3001,2017-07-09
1500163200000,201729,56.0,56,56,56,0.035348907,1.9399327,0,3,292740820172919589,2023-08-20,Salvador,0.0,0.72999084,2886698.0,21.2857142857,83.1428571429,0,0.0,1,76.2503622857,67.7142857143,22.0461762857,22.7142857143,32.0,,,,,3001,2017-07-16
1500768000000,201730,70.0,70,70,70,0.29747054,2.424916,0,1,292740820173019589,2023-08-20,Salvador,0.0,0.9160601,2886698.0,22.1428571429,75.2857142857,0,0.0,1,70.1343434286,62.5714285714,22.5222584286,23.0,49.0,,,,,3001,2017-07-23
1501372800000,201731,63.0,63,63,63,0.30723187,2.1824243,0,1,292740820173119589,2023-08-20,Salvador,0.0,0.91619295,2886698.0,19.4285714286,87.7142857143,0,0.0,1,80.5507935714,72.4285714286,20.6320345714,21.7142857143,45.0,,,,,3001,2017-07-30
1501977600000,201732,55.0,55,55,55,0.18390192,1.9052911,0,1,292740820173219589,2023-08-20,Salvador,0.0,0.8485271,2886698.0,20.8571428571,81.8571428571,0,0.0,1,78.2085491429,71.0,21.400397,22.0,40.0,,,,,3001,2017-08-06
1502582400000,201733,76.0,76,76,76,0.8675789,2.6327658,0,1,292740820173319589,2023-08-20,Salvador,0.0,1.2081188,2886698.0,23.1428571429,74.2857142857,1,0.0,1,66.0793651429,56.5714285714,23.8398267143,24.5714285714,42.0,,,,,3001,2017-08-13
1503187200000,201734,46.0,46,46,46,0.059695978,1.5935162,0,1,292740820173419589,2023-08-20,Salvador,0.0,0.74075514,2886698.0,23.8571428571,78.0,1,0.0,0,71.19091,61.3333333333,24.6437228571,25.2857142857,33.0,,,,,3001,2017-08-20
1503792000000,201735,64.0,64,64,64,0.57329696,2.217066,0,2,292740820173519589,2023-08-20,Salvador,0.0,1.0333687,2886698.0,23.1428571429,69.0,1,0.0,1,63.1981808,55.8,23.9692642857,24.8571428571,42.0,,,,,3001,2017-08-27
1504396800000,201736,48.0,48,48,48,0.16279985,1.6627995,0,1,292740820173619589,2023-08-20,Salvador,0.0,0.8264893,2886698.0,22.4,85.6,0,0.0,0,77.8521588,68.2,23.2563636,24.2,26.0,,,,,3001,2017-09-03
1505001600000,201737,42.0,42,42,42,0.09371942,1.4549496,0,1,292740820173719589,2023-08-20,Salvador,0.0,0.7650165,2886698.0,22.36,,0,0.0,0,,,,,24.0,,,,,3001,2017-09-10
1505606400000,201738,44.0,44,44,44,0.26697752,1.5242329,0,1,292740820173819589,2023-08-20,Salvador,0.0,0.87997204,2886698.0,22.32,,0,0.0,0,,,,,24.0,,,,,3001,2017-09-17
1506211200000,201739,40.0,40,40,40,0.29845616,1.3856663,0,1,292740820173919589,2023-08-20,Salvador,0.0,0.8919401,2886698.0,22.28,,0,0.0,0,,,,,28.0,,,,,3001,2017-09-24
1506816000000,201740,47.0,47,47,47,0.6714159,1.6281579,0,1,292740820174019589,2023-08-20,Salvador,0.0,1.0977689,2886698.0,22.24,,0,0.0,0,,,,,35.0,,,,,3001,2017-10-01
1507420800000,201741,39.0,39,39,39,0.34548074,1.3510246,0,1,292740820174119589,2023-08-20,Salvador,0.0,0.91610247,2886698.0,22.2,,0,0.0,0,,,,,22.0,,,,,3001,2017-10-08
1508025600000,201742,71.0,71,71,71,0.99397284,2.4595575,0,1,292740820174219589,2023-08-20,Salvador,0.0,1.6038821,2886698.0,22.16,,0,1.0,1,,,,,45.0,,,,,3001,2017-10-15
1508630400000,201743,64.0,64,64,64,0.9074193,2.217066,0,1,292740820174319589,2023-08-20,Salvador,0.0,1.2818702,2886698.0,22.12,,0,0.0,1,,,,,47.0,,,,,3001,2017-10-22
1509235200000,201744,51.0,51,51,51,0.2295482,1.7667245,0,1,292740820174419589,2023-08-20,Salvador,0.0,0.8684957,2886698.0,22.08,,0,0.0,0,,,,,38.0,,,,,3001,2017-10-29
1509840000000,201745,44.0,44,44,44,0.059930995,1.5242329,0,1,292740820174519589,2023-08-20,Salvador,0.0,0.73643,2886698.0,22.04,,0,0.0,0,,,,,36.0,,,,,3001,2017-11-05
1510444800000,201746,46.0,46,46,46,0.24060321,1.5935162,0,1,292740820174619589,2023-08-20,Salvador,0.0,0.86833364,2886698.0,22.0,91.290415,0,0.0,0,76.425383,61.8224235,25.229167,28.0,32.0,,,,,3001,2017-11-12
1511049600000,201747,31.0,31,31,31,0.038065184,1.0738914,0,1,292740820174719589,2023-08-20,Salvador,0.0,0.66704375,2886698.0,23.7142857143,90.1900842857,1,0.0,0,79.1923931429,68.2019688571,26.3095237143,29.0,23.0,,,,,3001,2017-11-19
1511654400000,201748,35.0,35,35,35,0.22947335,1.212458,0,1,292740820174819589,2023-08-20,Salvador,0.0,0.8446849,2886698.0,23.8571428571,87.1285042857,1,0.0,0,75.7460757143,62.6148532857,26.4761905714,29.1428571429,31.0,,,,,3001,2017-11-26
1512259200000,201749,43.0,43,43,43,0.75379735,1.4895912,0,2,292740820174919589,2023-08-20,Salvador,0.0,1.1653512,2886698.0,25.0,90.327638,1,0.0,0,86.0314912857,80.4351011429,25.6292517143,26.8571428571,34.0,,,,,3001,2017-12-03
1512864000000,201750,47.0,47,47,47,0.86151165,1.6281579,0,2,292740820175019589,2023-08-20,Salvador,0.0,1.2671231,2886698.0,24.2857142857,89.5748285714,1,0.0,0,81.8501365714,71.8826642857,25.8168828571,27.7142857143,42.0,,,,,3001,2017-12-10
1513468800000,201751,58.0,58,58,58,0.9461912,2.009216,0,2,292740820175119589,2023-08-20,Salvador,0.0,1.3805861,2886698.0,24.8571428571,85.8233488571,1,0.0,1,78.2988792857,71.1917054286,26.1464285714,27.4285714286,46.0,,,,,3001,2017-12-17
1514073600000,201752,57.0,57,57,57,0.8028015,1.9745744,0,2,292740820175219589,2023-08-20,Salvador,0.0,1.1801215,2886698.0,24.5714285714,82.7599562857,1,0.0,1,76.6821505714,72.8395598571,25.6535714286,26.5714285714,30.0,,,,,3001,2017-12-24
1514678400000,201801,51.0,51,51,51,0.40158612,1.7667245,0,2,292740820180119589,2023-08-20,Salvador,0.0,0.9525928,2886698.0,24.4285714286,91.0687408571,1,0.0,0,86.3496794286,81.5188528571,25.4857142857,26.2857142857,19.0,,,,,1990,2017-12-31
1515283200000,201802,62.0,62,62,62,0.7359914,2.1477828,0,2,292740820180219589,2023-08-20,Salvador,0.0,1.1232935,2886698.0,23.8571428571,90.9935242857,1,0.0,1,76.7512887143,66.7218865714,26.9357142857,29.4285714286,30.0,,,,,1990,2018-01-07
1515888000000,201803,64.0,64,64,64,0.7699417,2.217066,0,2,292740820180319589,2023-08-20,Salvador,0.0,1.1440507,2886698.0,25.1428571429,84.33767,1,0.0,1,77.7829528571,72.0834772857,26.4559522857,27.4285714286,41.0,,,,,1990,2018-01-14
1516492800000,201804,52.0,52,52,52,0.26099655,1.8013661,0,2,292740820180419589,2023-08-20,Salvador,0.0,0.8857174,2886698.0,24.1428571429,87.254198,1,0.0,1,76.4312257143,66.4672804286,26.5321425714,28.5714285714,35.0,,,,,1990,2018-01-21
1517097600000,201805,42.0,42,42,42,0.04976149,1.4549496,0,2,292740820180519589,2023-08-20,Salvador,0.0,0.7191956,2886698.0,24.5714285714,87.9258051429,1,0.0,0,80.9138161429,73.4426727143,26.2464282857,27.7142857143,26.0,,,,,1990,2018-01-28
1517702400000,201806,34.0,34,34,34,0.026234109,1.1778163,0,2,292740820180619589,2023-08-20,Salvador,0.0,0.65623426,2886698.0,25.4285714286,88.7749351429,1,0.0,0,84.17588,79.6346937143,26.3023808571,27.4285714286,19.0,,,,,1990,2018-02-04
1518307200000,201807,49.0,49,49,49,0.70074123,1.6974411,0,2,292740820180719589,2023-08-20,Salvador,0.0,1.114961,2886698.0,24.8571428571,88.1108705714,1,0.0,0,81.8889787143,76.704238,25.8142857143,26.4285714286,25.0,,,,,1990,2018-02-11
1518912000000,201808,47.0,47,47,47,0.7318672,1.6281579,0,2,292740820180819589,2023-08-20,Salvador,0.0,1.1402096,2886698.0,24.8571428571,85.0575534286,1,0.0,0,78.2169372857,72.382358,26.3349565714,27.4285714286,29.0,,,,,1990,2018-02-18
1519516800000,201809,61.0,61,61,61,0.94164306,2.113141,0,2,292740820180919589,2023-08-20,Salvador,0.0,1.3571243,2886698.0,25.0,86.6086668571,1,0.0,1,75.9673764286,65.1437907143,27.0059525714,29.2857142857,27.0,,,,,1990,2018-02-25
1520121600000,201810,55.0,55,55,55,0.6748572,1.9052911,0,2,292740820181019589,2023-08-20,Salvador,0.0,1.0920184,2886698.0,25.2857142857,88.8199108571,1,0.0,1,82.7870605714,76.8957914286,26.4025971429,27.5714285714,31.0,,,,,1990,2018-03-04
1520726400000,201811,62.0,62,62,62,0.73689497,2.1477828,0,2,292740820181119589,2023-08-20,Salvador,0.0,1.1238832,2886698.0,25.0,90.3162965714,1,0.0,1,85.155185,81.0539891429,26.2088742857,27.2857142857,28.0,,,,,1990,2018-03-11
1521331200000,201812,48.0,48,48,48,0.18739574,1.6627995,0,2,292740820181219589,2023-08-20,Salvador,0.0,0.8412914,2886698.0,25.1428571429,86.5099534286,1,0.0,0,79.435445,74.2693028571,26.655844,27.7142857143,29.0,,,,,1990,2018-03-18
1521936000000,201813,59.0,59,59,59,0.59774995,2.0438578,0,2,292740820181319589,2023-08-20,Salvador,0.0,1.0470047,2886698.0,23.7142857143,91.9640177143,1,0.0,1,79.8106135714,71.0466068571,25.974026,27.2857142857,35.0,,,,,1990,2018-03-25
1522540800000,201814,55.0,55,55,55,0.51363546,1.9052911,0,2,292740820181419589,2023-08-20,Salvador,0.0,1.006526,2886698.0,24.5714285714,86.5853778571,1,0.0,1,77.3070672857,72.3795074286,26.4025971429,27.2857142857,29.0,,,,,1990,2018-04-01
1522800000000,201815,39.0,39,39,39,0.05684233,1.3510246,0,2,292740820181519589,2023-08-20,Salvador,0.0,0.7200135,2886698.0,25.1428571429,86.8073942857,1,0.0,0,78.3492058571,71.7601057143,26.7142857143,27.8571428571,,,,,,1990,2018-04-04
1523750400000,201816,26.0,26,26,26,0.0026687603,0.90068305,0,2,292740820181619589,2023-08-20,Salvador,0.0,0.5207028,2886698.0,25.4285714286,89.1908094286,1,0.0,0,79.0733507143,71.1603205714,26.8647185714,28.0,20.0,,,,,1990,2018-04-15
1524355200000,201817,39.0,39,39,39,0.42537785,1.3510246,0,2,292740820181719589,2023-08-20,Salvador,0.0,0.95892364,2886698.0,24.7142857143,92.0710577143,1,0.0,0,80.3263534286,67.6907175714,26.8273811429,29.2857142857,22.0,,,,,1990,2018-04-22
1524960000000,201818,32.0,32,32,32,0.39222786,1.108533,0,2,292740820181819589,2023-08-20,Salvador,0.0,0.93536,2886698.0,25.7142857143,88.858696,1,0.0,0,77.009025,67.2704048571,27.8095237143,29.7142857143,18.0,,,,,1990,2018-04-29
1525564800000,201819,27.0,27,27,27,0.20298278,0.9353247,0,2,292740820181919589,2023-08-20,Salvador,0.0,0.80818546,2886698.0,25.1428571429,88.4895738571,1,0.0,0,77.8792648571,66.7417037143,26.9404762857,29.1428571429,16.0,,,,,1990,2018-05-06
1526169600000,201820,35.0,35,35,35,0.6340108,1.212458,0,2,292740820182019589,2023-08-20,Salvador,0.0,1.0866205,2886698.0,24.7142857143,90.6657188571,1,0.0,0,76.9427158571,65.1287861429,27.3511902857,30.0,24.0,,,,,1990,2018-05-13
1526774400000,201821,46.0,46,46,46,0.94914687,1.5935162,0,2,292740820182119589,2023-08-20,Salvador,0.0,1.4514135,2886698.0,24.8571428571,87.5348445714,1,0.0,0,78.9586705714,64.2542054286,26.6076837143,28.4285714286,32.0,,,,,1990,2018-05-20
1527379200000,201822,45.0,45,45,45,0.8439677,1.5588745,0,2,292740820182219589,2023-08-20,Salvador,0.0,1.2513721,2886698.0,23.8571428571,90.3514274286,1,0.0,0,79.2464337143,71.7346087143,25.7402597143,26.5714285714,20.0,,,,,1990,2018-05-27
1527984000000,201823,32.0,32,32,32,0.14334883,1.108533,0,2,292740820182319589,2023-08-20,Salvador,0.0,0.7796977,2886698.0,24.4285714286,92.1007522857,1,0.0,0,84.7810702857,76.889064,25.467532,26.5714285714,20.0,,,,,1990,2018-06-03
1528588800000,201824,39.0,39,39,39,0.4134295,1.3510246,0,2,292740820182419589,2023-08-20,Salvador,0.0,0.95248675,2886698.0,25.0,83.8832614286,1,0.0,0,77.4057285714,71.6784222857,26.0,26.8571428571,24.0,,,,,1990,2018-06-10
1529193600000,201825,29.0,29,29,29,0.1521766,1.004608,0,2,292740820182519589,2023-08-20,Salvador,0.0,0.77748424,2886698.0,24.4285714286,83.16793,1,0.0,0,75.3478942857,69.7758645714,25.8051948571,26.4285714286,20.0,,,,,1990,2018-06-17
1529798400000,201826,18.0,18,18,18,0.012317683,0.6235498,0,2,292740820182619589,2023-08-20,Salvador,0.0,0.5305199,2886698.0,23.2857142857,90.3723205714,1,0.0,0,80.2174165714,72.353168,24.818182,25.7142857143,14.0,,,,,1990,2018-06-24
1530403200000,201827,32.0,32,32,32,0.64944583,1.108533,0,2,292740820182719589,2023-08-20,Salvador,0.0,1.1025845,2886698.0,24.1428571429,85.1141985714,1,0.0,0,78.7171637143,72.8748601429,25.1850645714,26.0,20.0,,,,,1990,2018-07-01
1531008000000,201828,33.0,33,33,33,0.82178724,1.1431746,0,1,292740820182819589,2023-08-20,Salvador,0.0,1.2703822,2886698.0,22.5714285714,88.8743785714,0,0.0,0,80.070745,70.4386692857,24.327922,26.0,18.0,,,,,1990,2018-07-08
1531612800000,201829,41.0,41,41,41,0.9248105,1.4203079,0,1,292740820182919589,2023-08-20,Salvador,0.0,1.4107177,2886698.0,24.2857142857,82.951592,1,0.0,0,70.5132405714,60.7498974286,25.8571425714,27.7142857143,27.0,,,,,1990,2018-07-15
1532217600000,201830,40.0,40,40,40,0.75501156,1.3856663,0,1,292740820183019589,2023-08-20,Salvador,0.0,1.1732192,2886698.0,24.5714285714,77.9642042857,1,0.0,0,66.2105688571,56.1793385714,26.2440477143,28.0,25.0,,,,,1990,2018-07-22
1532822400000,201831,32.0,32,32,32,0.2511162,1.108533,0,2,292740820183119589,2023-08-20,Salvador,0.0,0.85197854,2886698.0,23.7142857143,83.6513784286,1,0.0,0,71.5632208571,61.2786978571,25.785714,27.8571428571,15.0,,,,,1990,2018-07-29
1533427200000,201832,25.0,25,25,25,0.06333845,0.8660414,0,1,292740820183219589,2023-08-20,Salvador,0.0,0.67755634,2886698.0,23.0,88.7392085714,0,0.0,0,75.6728644286,64.1207288571,25.8571425714,28.5714285714,20.0,,,,,1990,2018-08-05
1534032000000,201833,26.0,26,26,26,0.20407924,0.90068305,0,1,292740820183319589,2023-08-20,Salvador,0.0,0.8058966,2886698.0,24.7142857143,85.1573571429,1,0.0,0,79.1544662857,73.6686014286,25.8269481429,27.1428571429,13.0,,,,,1990,2018-08-12
1534636800000,201834,33.0,33,33,33,0.7345935,1.1431746,0,1,292740820183419589,2023-08-20,Salvador,0.0,1.1729009,2886698.0,23.2857142857,89.44884,1,0.0,0,80.9175778571,72.7118385714,24.8160174286,25.7142857143,13.0,,,,,1990,2018-08-19
1535241600000,201835,30.0,30,30,30,0.6075791,1.0392497,0,2,292740820183519589,2023-08-20,Salvador,0.0,1.0738428,2886698.0,23.4285714286,85.7141965714,1,0.0,0,76.8402271429,69.2740632857,24.7175325714,25.7142857143,19.0,,,,,1990,2018-08-26
1535846400000,201836,25.0,25,25,25,0.26672298,0.8660414,0,2,292740820183619589,2023-08-20,Salvador,0.0,0.84567344,2886698.0,23.5714285714,85.6185764286,1,0.0,0,79.0637362857,71.4485842857,24.7056274286,26.2857142857,12.0,,,,,1990,2018-09-02
1536451200000,201837,20.0,20,20,20,0.10604406,0.6928331,0,2,292740820183719589,2023-08-20,Salvador,0.0,0.69926906,2886698.0,23.7142857143,81.5270492857,1,0.0,0,72.1698498571,65.8717357143,25.0119045714,25.8571428571,16.0,,,,,1990,2018-09-09
1537056000000,201838,19.0,19,19,19,0.1802544,0.65819144,0,2,292740820183819589,2023-08-20,Salvador,0.0,0.76005334,2886698.0,24.5714285714,86.52639,1,0.0,0,81.3181692857,76.7373611429,25.5725111429,26.2857142857,12.0,,,,,1990,2018-09-16
1537660800000,201839,37.0,37,37,37,0.9725033,1.2817413,0,2,292740820183919589,2023-08-20,Salvador,0.0,1.6523226,2886698.0,25.5714285714,81.406114,1,0.0,0,77.7591668571,73.495777,26.0227271429,26.8571428571,26.0,,,,,1990,2018-09-23
1538265600000,201840,35.0,35,35,35,0.9096939,1.212458,0,2,292740820184019589,2023-08-20,Salvador,0.0,1.4141927,2886698.0,25.0,84.2516842857,1,0.0,0,75.5849494286,69.4490957143,26.3160177143,27.8571428571,26.0,,,,,1990,2018-09-30
1538870400000,201841,35.0,35,35,35,0.6939031,1.212458,0,2,292740820184119589,2023-08-20,Salvador,0.0,1.1322592,2886698.0,25.2857142857,80.0532064286,1,0.0,0,71.72735,62.7501137143,27.0773808571,29.4285714286,23.0,,,,,1990,2018-10-07
1539475200000,201842,38.0,38,38,38,0.6579692,1.3163829,0,2,292740820184219589,2023-08-20,Salvador,0.0,1.0997157,2886698.0,24.8571428571,88.7914888571,1,0.0,0,79.394073,67.9259105714,26.9656592857,29.4285714286,22.0,,,,,1990,2018-10-14
1540080000000,201843,45.0,45,45,45,0.8388039,1.5588745,0,2,292740820184319589,2023-08-20,Salvador,0.0,1.2451226,2886698.0,24.7142857143,90.3214815714,1,0.0,0,84.3361477143,76.331799,25.7911257143,27.0,27.0,,,,,1990,2018-10-21
1540684800000,201844,44.0,44,44,44,0.7114166,1.5242329,0,2,292740820184419589,2023-08-20,Salvador,0.0,1.1296736,2886698.0,25.5714285714,87.2923161429,1,0.0,0,82.9484085714,78.3105754286,26.4437231429,27.4285714286,31.0,,,,,1990,2018-10-28
1541289600000,201845,34.0,34,34,34,0.1871566,1.1778163,0,2,292740820184519589,2023-08-20,Salvador,0.0,0.8157493,2886698.0,25.2857142857,85.1934091429,1,0.0,0,81.3933322857,76.794162,26.2324674286,27.0,25.0,,,,,1990,2018-11-04
1541894400000,201846,27.0,27,27,27,0.05038542,0.9353247,0,2,292740820184619589,2023-08-20,Salvador,0.0,0.66933715,2886698.0,26.2857142857,83.6716037143,1,0.0,0,80.8984712857,77.4540085714,26.7272728571,27.1428571429,17.0,,,,,1990,2018-11-11
1542499200000,201847,29.0,29,29,29,0.22814983,1.004608,0,2,292740820184719589,2023-08-20,Salvador,0.0,0.83064955,2886698.0,26.1428571429,83.7140842857,1,0.0,0,79.3545555714,75.5111245714,26.7766234286,27.2857142857,21.0,,,,,1990,2018-11-18
1543104000000,201848,35.0,35,35,35,0.71283185,1.212458,0,2,292740820184819589,2023-08-20,Salvador,0.0,1.1480885,2886698.0,24.2857142857,91.1892802857,1,0.0,0,86.0560108571,80.8857137143,25.3071428571,26.2857142857,29.0,,,,,1990,2018-11-25
1543708800000,201849,28.0,28,28,28,0.38969174,0.96996635,0,2,292740820184919589,2023-08-20,Salvador,0.0,0.9296139,2886698.0,25.1428571429,94.2268728571,1,0.0,0,89.8585022857,84.7959222857,26.0785714286,27.1428571429,23.0,,,,,1990,2018-12-02
1544313600000,201850,40.0,40,40,40,0.8434237,1.3856663,0,2,292740820185019589,2023-08-20,Salvador,0.0,1.2686595,2886698.0,25.5714285714,88.8394144286,1,0.0,0,76.1627035714,66.33612,28.0833334286,30.0,32.0,,,,,1990,2018-12-09
1544918400000,201851,39.0,39,39,39,0.7572744,1.3510246,0,2,292740820185119589,2023-08-20,Salvador,0.0,1.1777549,2886698.0,24.5714285714,87.2721742857,1,0.0,0,72.3174412857,59.0759454286,27.5357142857,30.0,33.0,,,,,1990,2018-12-16
1545523200000,201852,20.0,20,20,20,0.018592736,0.6928331,0,2,292740820185219589,2023-08-20,Salvador,0.0,0.5670313,2886698.0,24.8571428571,89.4946471429,1,0.0,0,80.8372208571,71.6819371429,26.8738097143,29.0,18.0,,,,,1990,2018-12-23
1546128000000,201901,94.0,94,94,94,0.9999998,3.2563157,0,2,292740820190119589,2023-08-20,Salvador,0.0,2.5527575,2886698.0,26.0,87.3301268571,1,1.0,1,82.3346027143,78.1969955714,26.7714285714,27.4285714286,36.0,,,,,11239,2018-12-30
1546732800000,201902,49.0,49,49,49,0.6570473,1.6974411,0,2,292740820190219589,2023-08-20,Salvador,0.0,1.0865958,2886698.0,26.4285714286,81.6528484286,1,0.0,0,76.6442201429,71.1505457143,27.2571428571,28.0,32.0,,,,,11239,2019-01-06
1547337600000,201903,40.0,40,40,40,0.029324302,1.3856663,0,2,292740820190319589,2023-08-20,Salvador,0.0,0.68209434,2886698.0,26.2857142857,83.2771518571,1,0.0,0,73.264528,65.145253,28.1809525714,30.0,27.0,,,,,11239,2019-01-13
1547942400000,201904,70.0,70,70,70,0.87646157,2.424916,0,2,292740820190419589,2023-08-20,Salvador,0.0,1.2278618,2886698.0,26.5714285714,81.6823615714,1,0.0,1,72.1157902857,62.4925245714,28.8095237143,31.0,48.0,,,,,11239,2019-01-20
1548547200000,201905,50.0,50,50,50,0.39751598,1.7320828,0,2,292740820190519589,2023-08-20,Salvador,0.0,0.9501942,2886698.0,26.8571428571,83.3075815714,1,0.0,0,72.9151462857,62.4968617143,28.9583328571,31.2857142857,40.0,,,,,11239,2019-01-27
1549152000000,201906,43.0,43,43,43,0.10981939,1.4895912,0,2,292740820190619589,2023-08-20,Salvador,0.0,0.78054345,2886698.0,26.8571428571,83.0394427143,1,0.0,0,75.3276837143,65.7898425714,28.6626981429,30.5714285714,27.0,,,,,11239,2019-02-03
1549756800000,201907,74.0,74,74,74,0.96474415,2.5634825,0,2,292740820190719589,2023-08-20,Salvador,0.0,1.3786795,2886698.0,26.7142857143,85.928321,1,1.0,1,80.650405,76.3515978571,27.8428571429,28.7142857143,46.0,,,,,11239,2019-02-10
1550361600000,201908,74.0,74,74,74,0.9525564,2.5634825,0,3,292740820190819589,2023-08-20,Salvador,0.0,1.3425848,2886698.0,26.4285714286,89.6416094286,1,1.0,1,83.4638951429,78.4570622857,27.931818,29.1428571429,56.0,,,,,11239,2019-02-17
1550966400000,201909,42.0,42,42,42,0.018999431,1.4549496,0,3,292740820190919589,2023-08-20,Salvador,0.0,0.6654506,2886698.0,26.7142857143,88.875633,1,0.0,0,82.6473312857,77.1168875714,28.1818185714,29.2857142857,28.0,,,,,11239,2019-02-24
1551571200000,201910,79.0,79,79,79,0.889355,2.7366908,0,2,292740820191019589,2023-08-20,Salvador,0.0,1.2265509,2886698.0,26.2857142857,91.1819615714,1,0.0,1,82.5830527143,68.6098948571,27.7142857143,29.1428571429,53.0,,,,,11239,2019-03-03
1552176000000,201911,76.0,76,76,76,0.8829438,2.6327658,0,2,292740820191119589,2023-08-20,Salvador,0.0,1.2243627,2886698.0,26.2857142857,86.847316,1,0.0,1,80.3619378571,73.9621714286,27.7662337143,29.1428571429,53.0,,,,,11239,2019-03-10
1552780800000,201912,77.0,77,77,77,0.7587083,2.6674075,0,2,292740820191219589,2023-08-20,Salvador,0.0,1.1231791,2886698.0,25.7142857143,94.2747321429,1,0.0,1,86.4587608571,80.5362915714,27.4805194286,29.0,51.0,,,,,11239,2019-03-17
1553385600000,201913,73.0,73,73,73,0.44701174,2.528841,0,2,292740820191319589,2023-08-20,Salvador,0.0,0.97836953,2886698.0,26.0,92.1128821429,1,0.0,1,84.8257207143,77.1433951429,27.61039,29.0,52.0,,,,,11239,2019-03-24
1553990400000,201914,105.0,105,105,105,0.9817932,3.637374,0,2,292740820191419589,2023-08-20,Salvador,0.0,1.365362,2886698.0,25.5714285714,94.4295737143,1,1.0,1,86.9597031429,78.4226988571,26.8311688571,28.2857142857,83.0,,,,,11239,2019-03-31
1554595200000,201915,121.0,121,121,121,0.9951284,4.1916404,0,3,292740820191519589,2023-08-20,Salvador,0.0,1.4378482,2886698.0,25.5714285714,91.1646322857,1,1.0,1,83.0369248571,75.8041985714,27.2602814286,28.8571428571,97.0,,,,,11239,2019-04-07
1555200000000,201916,155.0,155,155,155,0.9995872,5.369457,0,3,292740820191619589,2023-08-20,Salvador,0.0,1.5240213,2886698.0,25.2857142857,90.4010295714,1,1.0,1,83.091605,70.9770928571,26.9266425714,29.7142857143,118.0,,,,,11239,2019-04-14
1555804800000,201917,187.0,187,187,187,0.9997589,6.4779897,0,3,292740820191719589,2023-08-20,Salvador,0.0,1.4891665,2886698.0,26.1428571429,86.000381,1,1.0,1,78.4083412857,72.1559214286,27.4956708571,28.8571428571,134.0,,,,,11239,2019-04-21
1556409600000,201918,168.0,168,168,168,0.8233384,5.8197985,0,3,292740820191819589,2023-08-20,Salvador,0.0,1.1093758,2886698.0,25.2857142857,90.46408,1,0.0,1,83.4901627143,75.236801,26.8988094286,28.7142857143,120.0,,,,,11239,2019-04-28
1557014400000,201919,201.0,201,201,201,0.9427905,6.962973,0,2,292740820191919589,2023-08-20,Salvador,0.0,1.1780629,2886698.0,25.0,91.252066,1,0.0,1,85.3876731429,75.6589145714,26.2272728571,27.7142857143,148.0,,,,,11239,2019-05-05
1557619200000,201920,246.0,246,246,246,0.99883485,8.521848,0,2,292740820192019589,2023-08-20,Salvador,0.0,1.3434714,2886698.0,25.0,93.4868121429,1,1.0,2,87.8006841429,79.7822895714,26.181818,27.2857142857,196.0,,,,,11239,2019-05-12
1558224000000,201921,294.0,294,294,294,0.99995154,10.184647,0,4,292740820192119589,2023-08-20,Salvador,0.0,1.4200414,2886698.0,24.7142857143,95.1725165714,1,1.0,2,86.1329678571,78.9429302857,26.2597405714,27.7142857143,249.0,,,,,11239,2019-05-19
1558828800000,201922,260.0,260,260,260,0.7910026,9.00683,0,4,292740820192219589,2023-08-20,Salvador,0.0,1.0749438,2886698.0,23.8571428571,93.3794485714,1,0.0,2,86.15217,77.4412217143,25.2467531429,26.7142857143,219.0,,,,,11239,2019-05-26
1559433600000,201923,253.0,253,253,253,0.29873502,8.764339,0,4,292740820192319589,2023-08-20,Salvador,0.0,0.95468843,2886698.0,24.4285714286,83.9862314286,1,0.0,2,79.6224001429,73.7910367143,25.2129868571,26.2857142857,211.0,,,,,11239,2019-06-02
1560038400000,201924,258.0,258,258,258,0.39285624,8.937548,0,4,292740820192419589,2023-08-20,Salvador,0.0,0.9765034,2886698.0,23.8571428571,88.8186777143,1,0.0,2,79.9503884286,69.3586054286,25.2602817143,27.0,223.0,,,,,11239,2019-06-09
1560643200000,201925,258.0,258,258,258,0.5141814,8.937548,0,4,292740820192519589,2023-08-20,Salvador,0.0,1.0031352,2886698.0,24.5714285714,83.0241877143,1,0.0,2,75.3374114286,70.3281877143,25.5584414286,26.1428571429,218.0,,,,,11239,2019-06-16
1561248000000,201926,296.0,296,296,296,0.94732255,10.25393,0,4,292740820192619589,2023-08-20,Salvador,0.0,1.1476012,2886698.0,23.7142857143,85.2597357143,1,0.0,2,78.6908987143,72.9220178571,24.8961037143,25.5714285714,273.0,,,,,11239,2019-06-23
1561852800000,201927,455.0,455,455,455,1.0,15.761953,0,4,292740820192719589,2023-08-20,Salvador,0.0,1.6461859,2886698.0,23.2857142857,94.4301542857,1,1.0,2,87.4676464286,80.1982114286,24.3766231429,26.0,389.0,,,,,11239,2019-06-30
1562457600000,201928,436.0,436,436,436,0.9999451,15.103763,0,4,292740820192819589,2023-08-20,Salvador,0.0,1.3242689,2886698.0,24.0,84.4484894286,1,1.0,2,78.5258935714,72.0720601429,24.844156,25.4285714286,367.0,,,,,11239,2019-07-07
1563062400000,201929,425.0,425,425,425,0.8384333,14.722704,0,4,292740820192919589,2023-08-20,Salvador,0.0,1.0713526,2886698.0,22.1428571429,89.6873392857,0,0.0,2,83.9299187143,77.3239217143,23.4155845714,24.4285714286,365.0,,,,,11239,2019-07-14
1563667200000,201930,457.0,457,457,457,0.82925403,15.831237,0,4,292740820193019589,2023-08-20,Salvador,0.0,1.0659971,2886698.0,22.4285714286,92.5322871429,0,0.0,2,82.4264171429,74.5724364286,24.155844,25.0,398.0,,,,,11239,2019-07-21
1564272000000,201931,428.0,428,428,428,0.41038215,14.826629,0,4,292740820193119589,2023-08-20,Salvador,0.0,0.9846979,2886698.0,21.8571428571,95.89446,0,0.0,2,84.443638,76.5938235714,23.6493508571,24.7142857143,372.0,,,,,11239,2019-07-28
1564876800000,201932,430.0,430,430,430,0.3990568,14.895912,0,4,292740820193219589,2023-08-20,Salvador,0.0,0.98278904,2886698.0,23.2857142857,89.8044814286,1,0.0,2,82.8384891429,75.166954,24.1688314286,24.7142857143,361.0,,,,,11239,2019-08-04
1565481600000,201933,389.0,389,389,389,0.06962522,13.475604,0,4,292740820193319589,2023-08-20,Salvador,0.0,0.9018876,2886698.0,22.8571428571,91.8978071429,0,0.0,2,85.0448522857,78.708975,24.1688311429,24.8571428571,333.0,,,,,11239,2019-08-11
1566086400000,201934,303.0,303,303,303,2.11939e-05,10.496422,0,4,292740820193419589,2023-08-20,Salvador,0.0,0.7350605,2886698.0,22.5714285714,93.48128,0,0.0,2,89.3236715714,85.0778814286,23.5324671429,24.5714285714,255.0,,,,,11239,2019-08-18
1566691200000,201935,297.0,297,297,297,0.001490796,10.288572,0,4,292740820193519589,2023-08-20,Salvador,0.0,0.7945863,2886698.0,22.8571428571,92.69471,0,0.0,2,86.035769,79.9052878571,23.8268397143,24.7142857143,254.0,,,,,11239,2019-08-25
1567296000000,201936,358.0,358,358,358,0.84489894,12.401713,0,4,292740820193619589,2023-08-20,Salvador,0.0,1.0803473,2886698.0,23.5714285714,91.4159357143,1,0.0,2,84.2696662857,78.8372307143,24.5671,25.2857142857,308.0,,,,,11239,2019-09-01
1567900800000,201937,332.0,332,332,332,0.69047385,11.50103,0,4,292740820193719589,2023-08-20,Salvador,0.0,1.0397105,2886698.0,23.2857142857,86.3977285714,1,0.0,2,81.8453202857,77.2922044286,24.3885285714,25.4285714286,294.0,,,,,11239,2019-09-08
1568505600000,201938,313.0,313,313,313,0.25038308,10.842838,0,4,292740820193819589,2023-08-20,Salvador,0.0,0.94830805,2886698.0,23.7142857143,83.4558817143,1,0.0,2,76.3228508571,70.241703,25.079004,25.8571428571,281.0,,,,,11239,2019-09-15
1569110400000,201939,262.0,262,262,262,0.003918878,9.076114,0,4,292740820193919589,2023-08-20,Salvador,0.0,0.8027263,2886698.0,24.0,84.4070385714,1,0.0,2,78.128558,72.7383162857,24.975108,25.8571428571,239.0,,,,,11239,2019-09-22
1569715200000,201940,219.0,219,219,219,0.0001526068,7.5865226,0,4,292740820194019589,2023-08-20,Salvador,0.0,0.72730964,2886698.0,24.4285714286,84.3153742857,1,0.0,2,81.2800042857,77.3283978571,25.2619048571,26.0,198.0,,,,,11239,2019-09-29
1570320000000,201941,241.0,241,241,241,0.13492696,8.3486395,0,4,292740820194119589,2023-08-20,Salvador,0.0,0.90664583,2886698.0,24.0,87.8869028571,1,0.0,2,81.718808,76.0407302857,25.0757571429,26.2857142857,214.0,,,,,11239,2019-10-06
1570924800000,201942,234.0,234,234,234,0.38901636,8.106148,0,4,292740820194219589,2023-08-20,Salvador,0.0,0.97446233,2886698.0,25.0,80.8376851429,1,0.0,2,76.6529978571,72.2022097143,25.7294377143,26.5714285714,195.0,,,,,11239,2019-10-13
1571529600000,201943,268.0,268,268,268,0.9245027,9.283964,0,4,292740820194319589,2023-08-20,Salvador,0.0,1.1365315,2886698.0,24.7142857143,88.7360328571,1,0.0,2,84.6623975714,80.7914097143,25.7099568571,26.7142857143,243.0,,,,,11239,2019-10-20
1572134400000,201944,252.0,252,252,252,0.65472716,8.729697,0,4,292740820194419589,2023-08-20,Salvador,0.0,1.0364021,2886698.0,25.1428571429,85.7684934286,1,0.0,2,81.3932811429,77.4420105714,26.0216451429,26.7142857143,234.0,,,,,11239,2019-10-27
1572739200000,201945,228.0,228,228,228,0.14801948,7.898298,0,4,292740820194519589,2023-08-20,Salvador,0.0,0.90893805,2886698.0,25.0,87.9487237143,1,0.0,2,82.1516627143,78.1013017143,26.0376622857,26.8571428571,211.0,,,,,11239,2019-11-03
1573344000000,201946,227.0,227,227,227,0.18438202,7.863656,0,4,292740820194619589,2023-08-20,Salvador,0.0,0.92074853,2886698.0,25.2857142857,85.7616377143,1,0.0,2,81.6785364286,78.0972391429,26.3610388571,27.0,207.0,,,,,11239,2019-11-10
1573948800000,201947,199.0,199,199,199,0.04998189,6.8936896,0,4,292740820194719589,2023-08-20,Salvador,0.0,0.85354155,2886698.0,25.5714285714,85.8496011429,1,0.0,1,80.8566315714,76.1034997143,26.4831168571,27.0,180.0,,,,,11239,2019-11-17
1574553600000,201948,193.0,193,193,193,0.098749004,6.6858397,0,2,292740820194819589,2023-08-20,Salvador,0.0,0.8807686,2886698.0,25.1428571429,86.5282417143,1,0.0,1,82.817123,78.155601,26.1311688571,27.0,166.0,,,,,11239,2019-11-24
1575158400000,201949,196.0,196,196,196,0.3252705,6.7897644,0,2,292740820194919589,2023-08-20,Salvador,0.0,0.9558065,2886698.0,24.5714285714,83.5808137143,1,0.0,1,81.0651177143,77.3530094286,25.9584414286,27.0,178.0,,,,,11239,2019-12-01
1575763200000,201950,162.0,162,162,162,0.04175638,5.6119485,0,2,292740820195019589,2023-08-20,Salvador,0.0,0.8323855,2886698.0,25.8571428571,80.90349,1,0.0,1,77.3745665714,73.0490542857,26.6610388571,27.1428571429,143.0,,,,,11239,2019-12-08
1576368000000,201951,150.0,150,150,150,0.031239048,5.1962485,0,2,292740820195119589,2023-08-20,Salvador,0.0,0.8153412,2886698.0,25.0,82.1981508571,1,0.0,1,79.61133,76.0495058571,26.251948,27.2857142857,137.0,,,,,11239,2019-12-15
1576972800000,201952,142.0,142,142,142,0.0743609,4.919115,0,2,292740820195219589,2023-08-20,Salvador,0.0,0.8485203,2886698.0,26.0,81.5626231429,1,0.0,1,79.2627094286,76.1854034286,26.6415585714,27.4285714286,132.0,,,,,11239,2019-12-22
1577577600000,202001,131.0,131,131,131,0.10616776,4.538057,0,2,292740820200119589,2023-08-20,Salvador,0.0,0.8621949,2886698.0,24.8333333333,83.7497296667,1,0.0,1,80.5450558333,75.072288,26.5916666667,28.6666666667,179.0,,,,,11864,2019-12-29
1578182400000,202002,283.0,283,283,283,1.0,9.803589,0,2,292740820200219589,2023-08-20,Salvador,0.0,1.8921624,2886698.0,24.7142857143,83.7710662857,1,1.0,2,80.0581157143,71.1111292857,27.0845237143,29.1428571429,262.0,,,,,11864,2020-01-05
1578787200000,202003,313.0,313,313,313,1.0,10.842838,0,4,292740820200319589,2023-08-20,Salvador,0.0,1.7307994,2886698.0,25.4285714286,83.8961468571,1,1.0,2,80.6283585714,75.1746821429,28.1488094286,30.1428571429,282.0,,,,,11864,2020-01-12
1579392000000,202004,312.0,312,312,312,0.9976015,10.808197,0,4,292740820200419589,2023-08-20,Salvador,0.0,1.2706982,2886698.0,24.7142857143,83.9120874286,1,1.0,2,79.7798877143,72.7414535714,27.2202382857,29.7142857143,277.0,,,,,11864,2020-01-19
1579996800000,202005,342.0,342,342,342,0.968775,11.847446,0,4,292740820200519589,2023-08-20,Salvador,0.0,1.1592085,2886698.0,25.4285714286,83.9588357143,1,1.0,2,81.5266342857,76.743575,27.7634577143,30.1428571429,309.0,,,,,11864,2020-01-26
1580601600000,202006,373.0,373,373,373,0.9801039,12.921338,0,4,292740820200619589,2023-08-20,Salvador,0.0,1.1693571,2886698.0,25.5714285714,83.8808205714,1,1.0,2,81.8634492857,76.7137965714,27.5071428571,29.2857142857,321.0,,,,,11864,2020-02-02
1581206400000,202007,426.0,426,426,426,0.998577,14.757345,0,4,292740820200719589,2023-08-20,Salvador,0.0,1.2406822,2886698.0,26.1428571429,83.787476,1,1.0,2,82.6888785714,78.8399612857,27.5142857143,28.1428571429,391.0,,,,,11864,2020-02-09
1581811200000,202008,481.0,481,481,481,0.999757,16.662636,0,4,292740820200819589,2023-08-20,Salvador,0.0,1.2695343,2886698.0,24.8571428571,83.7716874286,1,1.0,2,82.206113,78.7002234286,26.8961037143,28.2857142857,442.0,,,,,11864,2020-02-16
1582416000000,202009,535.0,535,535,535,0.9998023,18.533287,0,4,292740820200919589,2023-08-20,Salvador,0.0,1.2577358,2886698.0,26.1428571429,84.0200094286,1,1.0,2,82.1488884286,78.8200257143,28.3349565714,30.4285714286,489.0,,,,,11864,2020-02-23
1583020800000,202010,646.0,646,646,646,0.9999996,22.37851,0,4,292740820201019589,2023-08-20,Salvador,0.0,1.3430358,2886698.0,25.7142857143,84.0509757143,1,1.0,2,82.0895592857,78.8203995714,28.5535711429,30.8571428571,603.0,,,,,11864,2020-03-01
1583625600000,202011,581.0,581,581,581,0.8766011,20.126802,0,4,292740820201119589,2023-08-20,Salvador,0.0,1.0715537,2886698.0,25.4285714286,83.8326802857,1,0.0,2,82.2922692857,78.6996524286,27.3214285714,29.0,547.0,,,,,11864,2020-03-08
1584230400000,202012,325.0,325,325,325,0.0,11.258538,0,4,292740820201219589,2023-08-20,Salvador,0.0,0.5669813,2886698.0,26.0,89.7933424286,1,0.0,2,82.4556678571,73.4556941429,27.9686145714,30.1428571429,305.0,,,,,11864,2020-03-15
1584835200000,202013,240.0,240,240,240,0.0,8.313997,0,4,292740820201319589,2023-08-20,Salvador,0.0,0.4698776,2886698.0,25.4285714286,94.2739807143,1,0.0,2,82.1389884286,69.94502,27.5416662857,30.1428571429,230.0,,,,,11864,2020-03-22
1585440000000,202014,305.0,305,305,305,0.0016091838,10.565705,0,4,292740820201419589,2023-08-20,Salvador,0.0,0.7982294,2886698.0,25.5714285714,92.781838,1,0.0,2,78.2314057143,65.7508328571,28.3749997143,31.1428571429,270.0,,,,,11864,2020-03-29
1586044800000,202015,479.0,479,479,479,1.0,16.593353,0,4,292740820201519589,2023-08-20,Salvador,0.0,1.5534123,2886698.0,25.7142857143,94.2910771429,1,1.0,2,81.8710308571,70.0056374286,28.2619045714,30.7142857143,433.0,,,,,11864,2020-04-05
1586649600000,202016,742.0,742,742,742,1.0,25.70411,0,4,292740820201619589,2023-08-20,Salvador,0.0,2.0847096,2886698.0,25.4285714286,94.2628207143,1,1.0,2,81.267155,69.7768285714,27.8392854286,30.1428571429,685.0,,,,,11864,2020-04-12
1587254400000,202017,589.0,589,589,589,0.9986249,20.403936,0,4,292740820201719589,2023-08-20,Salvador,0.0,1.2002912,2886698.0,24.8571428571,94.3606894286,1,1.0,2,84.5973112857,73.6640514286,26.5357142857,28.2857142857,522.0,,,,,11864,2020-04-19
1587859200000,202018,531.0,531,531,531,0.019092608,18.39472,0,4,292740820201819589,2023-08-20,Salvador,0.0,0.8839917,2886698.0,23.8571428571,95.8871742857,1,0.0,2,84.2521485714,72.0101734286,26.2976191429,28.2857142857,480.0,,,,,11864,2020-04-26
1588464000000,202019,561.0,561,561,561,0.12287949,19.43397,0,4,292740820201919589,2023-08-20,Salvador,0.0,0.9341582,2886698.0,24.1428571429,99.1701442857,1,0.0,2,85.1176087143,68.9803045714,26.4880954286,29.0,526.0,,,,,11864,2020-05-03
1589068800000,202020,510.0,510,510,510,0.06358011,17.667244,0,4,292740820202019589,2023-08-20,Salvador,0.0,0.9109332,2886698.0,23.7142857143,98.3462764286,1,0.0,2,86.0906648571,74.0813855714,25.740896,27.8571428571,458.0,,,,,11864,2020-05-10
1589673600000,202021,377.0,377,377,377,1.435e-07,13.059904,0,4,292740820202119589,2023-08-20,Salvador,0.0,0.7097053,2886698.0,24.1428571429,97.50438,1,0.0,2,84.6167078571,71.32808,26.1666662857,28.1428571429,349.0,,,,,11864,2020-05-17
1590278400000,202022,388.0,388,388,388,0.0006501807,13.440963,0,4,292740820202219589,2023-08-20,Salvador,0.0,0.8037167,2886698.0,24.0,95.167295,1,0.0,2,81.5250565714,67.9477481429,26.4583334286,28.8571428571,358.0,,,,,11864,2020-05-24
1590883200000,202023,312.0,312,312,312,4.6757e-05,10.808197,0,4,292740820202319589,2023-08-20,Salvador,0.0,0.74773824,2886698.0,24.0,95.0086307143,1,0.0,2,83.3823538571,73.7919757143,26.125,27.8571428571,288.0,,,,,11864,2020-05-31
1591488000000,202024,303.0,303,303,303,0.006013194,10.496422,0,4,292740820202419589,2023-08-20,Salvador,0.0,0.8234584,2886698.0,24.4285714286,89.7679115714,1,0.0,2,80.0088305714,69.4025092857,26.4390757143,28.4285714286,281.0,,,,,11864,2020-06-07
1592092800000,202025,257.0,257,257,257,0.0015862847,8.902905,0,4,292740820202519589,2023-08-20,Salvador,0.0,0.7829681,2886698.0,23.7142857143,91.173336,1,0.0,2,76.284458,63.2647917143,26.4810245714,28.8571428571,239.0,,,,,11864,2020-06-14
1592697600000,202026,175.0,175,175,175,3.44e-08,6.0622897,0,4,292740820202619589,2023-08-20,Salvador,0.0,0.602,2886698.0,23.2857142857,95.0330428571,1,0.0,1,79.767285,65.820472,25.40295,27.5714285714,158.0,,,,,11864,2020-06-21
1593302400000,202027,176.0,176,176,176,0.0002987804,6.0969315,0,1,292740820202719589,2023-08-20,Salvador,0.0,0.714551,2886698.0,21.4285714286,95.0110857143,0,0.0,1,79.3628062857,63.2163941429,24.895889,27.8571428571,160.0,,,,,11864,2020-06-28
1593907200000,202028,124.0,124,124,124,1.32501e-05,4.2955656,0,1,292740820202819589,2023-08-20,Salvador,0.0,0.6228727,2886698.0,23.5714285714,86.9884978571,1,0.0,1,78.3682407143,67.6613727143,25.1110317143,26.8571428571,112.0,,,,,11864,2020-07-05
1594512000000,202029,100.0,100,100,100,4.38492e-05,3.4641657,0,1,292740820202919589,2023-08-20,Salvador,0.0,0.61265856,2886698.0,22.4285714286,93.0961435714,0,0.0,1,80.8310028571,68.0378105714,24.6537265714,27.0,92.0,,,,,11864,2020-07-12
1595116800000,202030,88.0,88,88,88,0.001539819,3.0484657,0,1,292740820203019589,2023-08-20,Salvador,0.0,0.6685285,2886698.0,22.8571428571,90.6254535714,0,0.0,1,75.1374721429,65.5163725714,25.054479,26.8571428571,77.0,,,,,11864,2020-07-19
1595721600000,202031,63.0,63,63,63,0.0005580537,2.1824243,0,1,292740820203119589,2023-08-20,Salvador,0.0,0.600536,2886698.0,23.1428571429,173.1676714286,1,0.0,1,76.5058485714,62.696854,25.4057734286,27.4285714286,56.0,,,,,11864,2020-07-26
1596326400000,202032,78.0,78,78,78,0.2591007,2.7020493,0,1,292740820203219589,2023-08-20,Salvador,0.0,0.90426254,2886698.0,22.4285714286,89.3939374286,0,0.0,1,77.2111031429,67.6354561429,24.334886,26.1428571429,61.0,,,,,11864,2020-08-02
1596931200000,202033,65.0,65,65,65,0.20320696,2.2517076,0,1,292740820203319589,2023-08-20,Salvador,0.0,0.8691887,2886698.0,23.0,90.2965,0,0.0,1,77.4026642857,67.9777651429,25.062112,26.8571428571,54.0,,,,,11864,2020-08-09
1597536000000,202034,44.0,44,44,44,0.0075964495,1.5242329,0,1,292740820203419589,2023-08-20,Salvador,0.0,0.6314889,2886698.0,22.7142857143,88.0862371429,0,0.0,0,77.6648657143,69.1906077143,25.2308488571,27.1428571429,38.0,,,,,11864,2020-08-16
1598140800000,202035,43.0,43,43,43,0.033706795,1.4895912,0,1,292740820203519589,2023-08-20,Salvador,0.0,0.69829804,2886698.0,22.7142857143,88.8030365714,0,0.0,0,77.160172,68.0279028571,24.3310042857,25.8571428571,36.0,,,,,11864,2020-08-23
1598745600000,202036,60.0,60,60,60,0.7926042,2.0784993,0,1,292740820203619589,2023-08-20,Salvador,0.0,1.1666754,2886698.0,23.4285714286,89.0019935714,1,0.0,1,75.4567685714,64.3872955714,25.3083777143,27.0,48.0,,,,,11864,2020-08-30
1599350400000,202037,56.0,56,56,56,0.7470324,1.9399327,0,1,292740820203719589,2023-08-20,Salvador,0.0,1.1380581,2886698.0,23.5714285714,86.4931364286,1,0.0,1,75.7613107143,66.0260062857,25.3304862857,27.1428571429,43.0,,,,,11864,2020-09-06
1599955200000,202038,43.0,43,43,43,0.15504152,1.4895912,0,1,292740820203819589,2023-08-20,Salvador,0.0,0.81304723,2886698.0,21.8571428571,90.3528371429,0,0.0,0,75.3852008571,65.6144587143,24.9466877143,27.0,34.0,,,,,11864,2020-09-13
1600560000000,202039,38.0,38,38,38,0.07077711,1.3163829,0,1,292740820203919589,2023-08-20,Salvador,0.0,0.73301286,2886698.0,23.7142857143,89.5683014286,1,0.0,0,78.1126371429,69.3515908571,25.4849897143,27.4285714286,35.0,,,,,11864,2020-09-20
1601164800000,202040,49.0,49,49,49,0.62214863,1.6974411,0,1,292740820204019589,2023-08-20,Salvador,0.0,1.0656497,2886698.0,24.5714285714,83.1143127143,1,0.0,0,74.3822257143,64.2751704286,26.1632652857,28.4285714286,35.0,,,,,11864,2020-09-27
1601769600000,202041,35.0,35,35,35,0.1924881,1.212458,0,2,292740820204119589,2023-08-20,Salvador,0.0,0.8214801,2886698.0,24.0,88.8483465714,1,0.0,0,78.1731954286,66.7809674286,26.0830745714,28.2857142857,32.0,,,,,11864,2020-10-04
1602374400000,202042,17.0,17,17,17,0.000705741,0.58890814,0,2,292740820204219589,2023-08-20,Salvador,0.0,0.4176107,2886698.0,24.2857142857,87.2571762857,1,0.0,0,77.9095771429,67.7016785714,26.2945137143,28.5714285714,13.0,,,,,11864,2020-10-11
1602979200000,202043,37.0,37,37,37,0.63163835,1.2817413,0,2,292740820204319589,2023-08-20,Salvador,0.0,1.0824878,2886698.0,25.0,87.5154065714,1,0.0,0,79.2119837143,69.6267517143,26.2727745714,28.0,32.0,,,,,11864,2020-10-18
1603584000000,202044,19.0,19,19,19,0.09087201,0.65819144,0,2,292740820204419589,2023-08-20,Salvador,0.0,0.6773728,2886698.0,25.1428571429,88.8611454286,1,0.0,0,80.6888421429,71.3588714286,26.7163562857,28.8571428571,13.0,,,,,11864,2020-10-25
1604188800000,202045,17.0,17,17,17,0.07205602,0.58890814,0,2,292740820204519589,2023-08-20,Salvador,0.0,0.6414695,2886698.0,24.2857142857,96.7404121429,1,0.0,0,89.1486755714,79.9263151429,25.5646525714,27.2857142857,14.0,,,,,11864,2020-11-01
1604793600000,202046,26.0,26,26,26,0.660242,0.90068305,0,2,292740820204619589,2023-08-20,Salvador,0.0,1.1240977,2886698.0,25.0,84.2266174286,1,0.0,0,73.9163571429,66.0135085714,26.9060554286,28.5714285714,24.0,,,,,11864,2020-11-08
1605398400000,202047,24.0,24,24,24,0.67172056,0.83139974,0,2,292740820204719589,2023-08-20,Salvador,0.0,1.140454,2886698.0,24.5714285714,93.4627307143,1,0.0,0,83.78673,74.127865,26.8742,29.1428571429,20.0,,,,,11864,2020-11-15
1606003200000,202048,39.0,39,39,39,0.97564584,1.3510246,0,2,292740820204819589,2023-08-20,Salvador,0.0,1.6531671,2886698.0,24.8571428571,85.2704217143,1,0.0,0,73.3471011429,63.7430567143,26.9780017143,29.1428571429,35.0,,,,,11864,2020-11-22
1606608000000,202049,25.0,25,25,25,0.3558813,0.8660414,0,2,292740820204919589,2023-08-20,Salvador,0.0,0.9038481,2886698.0,24.9857142857,,1,0.0,0,,,,,20.0,,,,,11864,2020-11-29
1607212800000,202050,17.0,17,17,17,0.028563239,0.58890814,0,2,292740820205019589,2023-08-20,Salvador,0.0,0.57018536,2886698.0,25.1142857143,,1,0.0,0,,,,,16.0,,,,,11864,2020-12-06
1607817600000,202051,29.0,29,29,29,0.6322278,1.004608,0,2,292740820205119589,2023-08-20,Salvador,0.0,1.094217,2886698.0,25.2428571429,,1,0.0,0,,,,,22.0,,,,,11864,2020-12-13
1608422400000,202052,20.0,20,20,20,0.31437013,0.6928331,0,2,292740820205219589,2023-08-20,Salvador,0.0,0.8641633,2886698.0,25.3714285714,,1,0.0,0,,,,,17.0,,,,,11864,2020-12-20
1609027200000,202053,15.0,15,15,15,0.09744672,0.5196248,0,2,292740820205319589,2023-08-20,Salvador,1.0,0.6562261,2886698.0,25.5,83.508988,1,0.0,0,68.693465,56.9457065,28.3125,31.0,7.0,,,,,11864,2020-12-27
1609632000000,202101,16.0,16,16,16,0.42598784,0.5542665,0,2,292740820210119684,2023-11-23,Salvador,22.0,0.937904,2886698.0,26.2857142857,79.0014317143,1,0.0,0,69.9679837143,60.8753958571,28.3734471429,30.7142857143,13.0,,,,,911,2021-01-03
1610236800000,202102,25.0,25,25,25,0.9657201,0.8660414,0,2,292740820210219684,2023-11-23,Salvador,22.0,1.8048259,2886698.0,25.4285714286,88.8020651429,1,0.0,0,75.8075142857,61.9329807143,27.797412,30.1428571429,23.0,,,,,911,2021-01-10
1610841600000,202103,18.0,18,18,18,0.6232028,0.6235498,0,2,292740820210319684,2023-11-23,Salvador,22.0,1.1119791,2886698.0,25.5714285714,80.8663154286,1,0.0,0,68.5150642857,56.55788,27.8333334286,30.2857142857,17.0,,,,,911,2021-01-17
1611446400000,202104,19.0,19,19,19,0.4555101,0.65819144,0,2,292740820210419684,2023-11-23,Salvador,19.0,0.96507424,2886698.0,26.2857142857,77.4589988571,1,0.0,0,68.9314405714,60.2742725714,28.0859211429,30.1428571429,19.0,,,,,911,2021-01-24
1612051200000,202105,31.0,31,31,31,0.93271655,1.0738914,0,2,292740820210519684,2023-11-23,Salvador,28.0,1.5197033,2886698.0,25.4285714286,88.4669752857,1,0.0,0,77.4349891429,67.9284588571,27.645186,30.0,28.0,,,,,911,2021-01-31
1612656000000,202106,37.0,37,37,37,0.96784496,1.2817413,0,2,292740820210619684,2023-11-23,Salvador,20.0,1.6188464,2886698.0,26.8571428571,76.3484624286,1,0.0,0,67.8126797143,59.8535648571,28.5297617143,30.4285714286,33.0,,,,,911,2021-02-07
1613260800000,202107,28.0,28,28,28,0.4725369,0.96996635,0,2,292740820210719684,2023-11-23,Salvador,36.0,0.9819702,2886698.0,26.5714285714,80.4146082857,1,0.0,0,70.5238298571,59.8555221429,28.6130951429,30.7142857143,25.0,,,,,911,2021-02-14
1613865600000,202108,12.0,12,12,12,0.0015698188,0.41569987,0,2,292740820210819684,2023-11-23,Salvador,43.0,0.38968632,2886698.0,25.5714285714,83.5921482857,1,0.0,0,71.9438092857,61.8813958571,28.193888,30.4285714286,11.0,,,,,911,2021-02-21
1614470400000,202109,10.0,10,10,10,0.0039541502,0.34641656,0,2,292740820210919684,2023-11-23,Salvador,15.0,0.39483196,2886698.0,25.5714285714,81.2191285714,1,0.0,0,69.7643228571,60.2238087143,27.3624848571,29.1428571429,8.0,,,,,911,2021-02-28
1615075200000,202110,19.0,19,19,19,0.6225153,0.65819144,0,2,292740820211019684,2023-11-23,Salvador,135.0,1.1081531,2886698.0,23.8571428571,84.8814614286,1,0.0,0,69.5154364286,57.6914845714,27.2863874286,29.7142857143,16.0,,,,,911,2021-03-07
1615680000000,202111,16.0,16,16,16,0.6420155,0.5542665,0,2,292740820211119684,2023-11-23,Salvador,30.0,1.1400661,2886698.0,25.1428571429,79.644652,1,0.0,0,69.4807831429,60.0899364286,27.1123191429,28.8571428571,13.0,,,,,911,2021-03-14
1616284800000,202112,20.0,20,20,20,0.76547766,0.6928331,0,2,292740820211219684,2023-11-23,Salvador,15.0,1.2716222,2886698.0,24.0,83.0383451429,1,0.0,0,65.3774854286,56.5297247143,27.5675468571,29.8571428571,18.0,,,,,911,2021-03-21
1616889600000,202113,9.0,9,9,9,0.05573004,0.3117749,0,2,292740820211319684,2023-11-23,Salvador,38.0,0.5324578,2886698.0,24.7142857143,83.5420011429,1,0.0,0,70.5073064286,59.6279261429,27.7083334286,30.1428571429,9.0,,,,,911,2021-03-28
1617494400000,202114,18.0,18,18,18,0.63100463,0.6235498,0,2,292740820211419684,2023-11-23,Salvador,33.0,1.119978,2886698.0,24.5714285714,85.2883328571,1,0.0,0,73.7643122857,63.8716622857,26.9121695714,29.0,16.0,,,,,911,2021-04-04
1618099200000,202115,17.0,17,17,17,0.66384596,0.58890814,0,2,292740820211519684,2023-11-23,Salvador,48.0,1.1602012,2886698.0,24.2857142857,84.582432,1,0.0,0,71.80662,57.8795448571,26.4761905714,28.5714285714,14.0,,,,,911,2021-04-11
1618704000000,202116,20.0,20,20,20,0.7667293,0.6928331,0,2,292740820211619684,2023-11-23,Salvador,18.0,1.273455,2886698.0,24.4285714286,90.304838,1,0.0,0,83.023485,73.999997,25.9560045714,28.0,16.0,,,,,911,2021-04-18
1619308800000,202117,19.0,19,19,19,0.5939056,0.65819144,0,2,292740820211719684,2023-11-23,Salvador,16.0,1.0808069,2886698.0,24.5714285714,88.1417628571,1,0.0,0,73.2689837143,62.679514,26.9800725714,29.0,14.0,,,,,911,2021-04-25
1619913600000,202118,16.0,16,16,16,0.32913116,0.5542665,0,2,292740820211819684,2023-11-23,Salvador,20.0,0.8616942,2886698.0,23.7142857143,89.47851,1,0.0,0,74.3108031429,62.583431,26.1428571429,28.4285714286,13.0,,,,,911,2021-05-02
1620518400000,202119,26.0,26,26,26,0.86558646,0.90068305,0,2,292740820211919684,2023-11-23,Salvador,30.0,1.3908601,2886698.0,24.0,83.0303007143,1,0.0,0,68.8519148571,58.2739507143,26.0714285714,27.8571428571,25.0,,,,,911,2021-05-09
1621123200000,202120,30.0,30,30,30,0.9226734,1.0392497,0,1,292740820212019684,2023-11-23,Salvador,29.0,1.4963287,2886698.0,22.8571428571,82.4102092857,0,0.0,0,69.0123378571,59.6440135714,25.8214288571,28.4285714286,26.0,,,,,911,2021-05-16
1621728000000,202121,21.0,21,21,21,0.33884203,0.7274748,0,1,292740820212119684,2023-11-23,Salvador,63.0,0.88407165,2886698.0,22.1428571429,86.40436,0,0.0,0,71.5050965714,58.7569417143,25.7023814286,28.2857142857,20.0,,,,,911,2021-05-23
1622332800000,202122,15.0,15,15,15,0.052507583,0.5196248,0,1,292740820212219684,2023-11-23,Salvador,36.0,0.5975734,2886698.0,24.1428571429,85.1503648571,1,0.0,0,73.7361594286,65.8361304286,26.0472308571,27.8571428571,11.0,,,,,911,2021-05-30
1622937600000,202123,19.0,19,19,19,0.3305502,0.65819144,0,1,292740820212319684,2023-11-23,Salvador,112.0,0.8727789,2886698.0,22.7142857143,87.0499028571,0,0.0,0,73.589718,61.8054804286,25.7119965714,28.0,22.0,,,,,911,2021-06-06
1623542400000,202124,26.0,26,26,26,0.86161524,0.90068305,0,1,292740820212419684,2023-11-23,Salvador,19.0,1.3826952,2886698.0,23.5714285714,77.6154378571,1,0.0,0,67.5168661429,61.6832834286,25.4575568571,26.8571428571,24.0,,,,,911,2021-06-13
1624147200000,202125,12.0,12,12,12,0.088824384,0.41569987,0,1,292740820212519684,2023-11-23,Salvador,6.0,0.6179558,2886698.0,23.2857142857,86.48143,1,0.0,0,72.4616885714,60.152548,25.3222045714,27.1428571429,12.0,,,,,911,2021-06-20
1624752000000,202126,13.0,13,13,13,0.12379106,0.45034152,0,1,292740820212619684,2023-11-23,Salvador,18.0,0.66726685,2886698.0,22.2857142857,86.5147071429,0,0.0,0,74.2426247143,63.1155768571,24.2831971429,26.0,11.0,,,,,911,2021-06-27
1625356800000,202127,8.0,8,8,8,0.051031504,0.27713326,0,1,292740820212719684,2023-11-23,Salvador,22.0,0.50789607,2886698.0,22.1428571429,87.8229692857,0,0.0,0,78.0207222857,67.9492991429,24.0163042857,25.7142857143,9.0,,,,,911,2021-07-04
1625961600000,202128,16.0,16,16,16,0.75512433,0.5542665,0,1,292740820212819684,2023-11-23,Salvador,9.0,1.2924563,2886698.0,22.8571428571,83.8351768571,0,0.0,0,70.7006167143,61.4180002857,24.9337477143,26.8571428571,14.0,,,,,911,2021-07-11
1626566400000,202129,11.0,11,11,11,0.45150223,0.38105822,0,1,292740820212919684,2023-11-23,Salvador,33.0,0.9508765,2886698.0,22.4285714286,86.1381304286,0,0.0,0,74.8316718571,64.8127734286,24.4886125714,26.4285714286,6.0,,,,,911,2021-07-18
1627171200000,202130,17.0,17,17,17,0.7911376,0.58890814,0,1,292740820213019684,2023-11-23,Salvador,20.0,1.3431367,2886698.0,22.2857142857,90.9477708571,0,0.0,0,79.6640457143,67.5439991429,24.209086,26.5714285714,16.0,,,,,911,2021-07-25
1627776000000,202131,22.0,22,22,22,0.9106682,0.76211643,0,1,292740820213119684,2023-11-23,Salvador,8.0,1.5655704,2886698.0,22.5714285714,78.5828608571,0,0.0,0,69.3791795714,58.3732511429,24.0753811429,25.7142857143,17.0,,,,,911,2021-08-01
1628380800000,202132,19.0,19,19,19,0.6519809,0.65819144,0,1,292740820213219684,2023-11-23,Salvador,31.0,1.138137,2886698.0,22.5714285714,79.6229064286,0,0.0,0,69.1076967143,59.8802957143,24.4461697143,26.0,18.0,,,,,911,2021-08-08
1628985600000,202133,20.0,20,20,20,0.549225,0.6928331,0,1,292740820213319684,2023-11-23,Salvador,11.0,1.039858,2886698.0,22.8571428571,77.6010514286,0,0.0,0,69.6329442857,63.2664331429,24.506564,26.4285714286,16.0,,,,,911,2021-08-15
1629590400000,202134,14.0,14,14,14,0.16872601,0.48498318,0,1,292740820213419684,2023-11-23,Salvador,8.0,0.7191548,2886698.0,22.2857142857,87.999788,0,0.0,0,77.4180977143,68.0293534286,24.0333851429,26.0,14.0,,,,,911,2021-08-22
1630195200000,202135,14.0,14,14,14,0.23737589,0.48498318,0,1,292740820213519684,2023-11-23,Salvador,10.0,0.7784528,2886698.0,23.7142857143,82.7233707143,1,0.0,0,73.7151762857,65.7249105714,24.7725157143,26.1428571429,11.0,,,,,911,2021-08-29
1630800000000,202136,17.0,17,17,17,0.5801267,0.58890814,0,1,292740820213619684,2023-11-23,Salvador,8.0,1.072172,2886698.0,22.5714285714,86.3566,0,0.0,0,73.6958478571,63.4881911429,25.1283645714,27.2857142857,13.0,,,,,911,2021-09-05
1631404800000,202137,18.0,18,18,18,0.6871541,0.6235498,0,1,292740820213719684,2023-11-23,Salvador,10.0,1.182257,2886698.0,24.0,78.858915,1,0.0,0,67.7466255714,59.0059534286,25.737578,27.8571428571,13.0,,,,,911,2021-09-12
1632009600000,202138,30.0,30,30,30,0.9730487,1.0392497,0,1,292740820213819684,2023-11-23,Salvador,10.0,1.7655474,2886698.0,22.8571428571,80.6430451429,0,0.0,0,66.7467628571,56.0047278571,25.4107142857,27.5714285714,15.0,,,,,911,2021-09-19
1632614400000,202139,22.0,22,22,22,0.5880814,0.76211643,0,1,292740820213919684,2023-11-23,Salvador,5.0,1.0699342,2886698.0,24.2857142857,78.6554464286,1,0.0,0,69.9822457143,60.8013564286,25.9583331429,28.1428571429,21.0,,,,,911,2021-09-26
1633219200000,202140,15.0,15,15,15,0.083502896,0.5196248,0,1,292740820214019684,2023-11-23,Salvador,13.0,0.63996565,2886698.0,24.0,83.632034,1,0.0,0,69.8078464286,58.737294,26.2261908571,28.4285714286,12.0,,,,,911,2021-10-03
1633824000000,202141,15.0,15,15,15,0.13674338,0.5196248,0,2,292740820214119684,2023-11-23,Salvador,21.0,0.6968851,2886698.0,25.0,80.0187931429,1,0.0,0,71.0279632857,60.9937612857,26.7841611429,29.2857142857,10.0,,,,,911,2021-10-10
1634428800000,202142,12.0,12,12,12,0.16014788,0.41569987,0,2,292740820214219684,2023-11-23,Salvador,8.0,0.69417363,2886698.0,24.7142857143,82.1729957143,1,0.0,0,73.4719164286,64.9264331429,26.4099377143,28.2857142857,11.0,,,,,911,2021-10-17
1635033600000,202143,14.0,14,14,14,0.45494553,0.48498318,0,2,292740820214319684,2023-11-23,Salvador,16.0,0.95914006,2886698.0,24.2857142857,83.1665785714,1,0.0,0,72.3469785714,59.7830518571,26.266822,28.1428571429,10.0,,,,,911,2021-10-24
1635638400000,202144,22.0,22,22,22,0.9151596,0.76211643,0,2,292740820214419684,2023-11-23,Salvador,3.0,1.5823164,2886698.0,23.8571428571,89.4499171429,1,0.0,0,77.7665685714,64.572968,26.3721534286,29.1428571429,18.0,,,,,911,2021-10-31
1636243200000,202145,22.0,22,22,22,0.8432324,0.76211643,0,2,292740820214519684,2023-11-23,Salvador,27.0,1.3854489,2886698.0,24.8571428571,85.0278862857,1,0.0,0,77.6811197143,67.8598097143,26.539648,28.2857142857,20.0,,,,,911,2021-11-07
1636848000000,202146,22.0,22,22,22,0.6589647,0.76211643,0,2,292740820214619684,2023-11-23,Salvador,17.0,1.134495,2886698.0,23.5714285714,87.4102414286,1,0.0,0,76.4963094286,66.4464451429,25.6402457143,27.7142857143,18.0,,,,,911,2021-11-14
1637452800000,202147,12.0,12,12,12,0.057147354,0.41569987,0,2,292740820214719684,2023-11-23,Salvador,10.0,0.57464606,2886698.0,25.4285714286,81.004996,1,0.0,0,71.8921948571,59.5832078571,26.9057965714,29.0,12.0,,,,,911,2021-11-21
1638057600000,202148,18.0,18,18,18,0.41941187,0.6235498,0,2,292740820214819684,2023-11-23,Salvador,7.0,0.9361812,2886698.0,25.5714285714,87.3079407143,1,0.0,0,79.9181228571,69.6659484286,27.1048137143,29.4285714286,16.0,,,,,911,2021-11-28
1638662400000,202149,12.0,12,12,12,0.2004797,0.41569987,0,2,292740820214919684,2023-11-23,Salvador,13.0,0.7316528,2886698.0,25.4285714286,90.5111878571,1,0.0,0,80.601535,71.6876487143,27.6812768571,29.7142857143,10.0,,,,,911,2021-12-05
1639267200000,202150,6.0,6,6,6,0.024604464,0.20784993,0,2,292740820215019684,2023-11-23,Salvador,261.0,0.41094562,2886698.0,26.0,85.8661777143,1,0.0,0,77.299437,67.4752132857,28.0344202857,30.1428571429,6.0,,,,,911,2021-12-12
1639872000000,202151,1.0,1,1,1,0.0003708273,0.034641657,0,2,292740820215119684,2023-11-23,Salvador,13.0,0.08774266,2886698.0,25.5714285714,91.9086328571,1,0.0,0,84.2555812857,72.7254142857,27.3618014286,29.5714285714,1.0,,,,,911,2021-12-19
1640476800000,202152,0.0,0,0,0,0.0,0.0,0,1,292740820215219684,2023-11-23,Salvador,16.0,0.0,2886698.0,25.1428571429,89.6441194286,0,0.0,0,78.066015,65.261275,27.4655794286,29.7142857143,0.0,,,,,911,2021-12-26
1641081600000,202201,17.0,17,17,17,0.99929243,0.58890814,0,1,292740820220119684,2023-11-23,Salvador,62.0,4.8600354,2886698.0,25.0,87.9954744286,1,0.0,0,75.9277262857,63.3621675714,27.8022777143,30.2857142857,14.0,,,,,2884,2022-01-02
1641686400000,202202,14.0,14,14,14,0.97759515,0.48498318,0,1,292740820220219684,2023-11-23,Salvador,84.0,2.5496724,2886698.0,25.2857142857,87.4800508571,1,0.0,0,72.9464058571,59.9166028571,28.4821425714,31.1428571429,13.0,,,,,2884,2022-01-09
1642291200000,202203,6.0,6,6,6,0.12280353,0.20784993,0,2,292740820220319684,2023-11-23,Salvador,22.0,0.5673346,2886698.0,26.4285714286,82.6491708571,1,0.0,0,73.3104002857,63.2042327143,28.640056,30.8571428571,7.0,,,,,2884,2022-01-16
1642896000000,202204,9.0,9,9,9,0.27617383,0.3117749,0,2,292740820220419684,2023-11-23,Salvador,22.0,0.7730836,2886698.0,25.1428571429,91.0869757143,1,0.0,0,78.3488237143,65.8369907143,27.8948414286,30.2857142857,7.0,,,,,2884,2022-01-23
1643500800000,202205,10.0,10,10,10,0.55378443,0.34641656,0,2,292740820220519684,2023-11-23,Salvador,8.0,1.0619229,2886698.0,26.4285714286,85.257396,1,0.0,0,72.6204912857,62.5590391429,29.1947277143,31.7142857143,9.0,,,,,2884,2022-01-30
1644105600000,202206,15.0,15,15,15,0.89044213,0.5196248,0,2,292740820220619684,2023-11-23,Salvador,24.0,1.6477915,2886698.0,26.4285714286,87.4403944286,1,0.0,0,76.5179451429,67.6417914286,28.8869051429,30.7142857143,12.0,,,,,2884,2022-02-06
1644710400000,202207,24.0,24,24,24,0.9842639,0.83139974,0,2,292740820220719684,2023-11-23,Salvador,12.0,2.0904522,2886698.0,25.4285714286,89.6019472857,1,0.0,0,76.5807608571,66.6086722857,28.434524,30.5714285714,19.0,,,,,2884,2022-02-13
1645315200000,202208,14.0,14,14,14,0.39096838,0.48498318,0,2,292740820220819684,2023-11-23,Salvador,24.0,0.90430975,2886698.0,25.8571428571,88.8760252857,1,0.0,0,74.973572,62.0882678571,28.779762,31.1428571429,11.0,,,,,2884,2022-02-20
1645920000000,202209,13.0,13,13,13,0.18642157,0.45034152,0,2,292740820220919684,2023-11-23,Salvador,4.0,0.7273025,2886698.0,26.1428571429,85.6983558571,1,0.0,0,76.8253941429,66.463642,27.9928572857,30.0,11.0,,,,,2884,2022-02-27
1646524800000,202210,20.0,20,20,20,0.7227954,0.6928331,0,2,292740820221019684,2023-11-23,Salvador,5.0,1.214084,2886698.0,25.5714285714,90.3654237143,1,0.0,0,76.0723772857,63.5785857143,28.4583334286,31.0,22.0,,,,,2884,2022-03-06
1647129600000,202211,22.0,22,22,22,0.83953863,0.76211643,0,2,292740820221119684,2023-11-23,Salvador,15.0,1.378043,2886698.0,26.0,90.4694335714,1,0.0,0,77.1010407143,66.4023951429,28.4124151429,30.7142857143,19.0,,,,,2884,2022-03-13
1647734400000,202212,33.0,33,33,33,0.9746782,1.1431746,0,2,292740820221219684,2023-11-23,Salvador,14.0,1.7283112,2886698.0,25.8571428571,86.6614895714,1,0.0,0,71.725702,61.0140774286,28.8894558571,30.8571428571,29.0,,,,,2884,2022-03-20
1648339200000,202213,31.0,31,31,31,0.82800174,1.0738914,0,2,292740820221319684,2023-11-23,Salvador,17.0,1.2894069,2886698.0,25.5714285714,88.0507965714,1,0.0,0,72.9896114286,62.4322305714,28.6084245714,30.7142857143,23.0,,,,,2884,2022-03-27
1648944000000,202214,38.0,38,38,38,0.8608913,1.3163829,0,2,292740820221419684,2023-11-23,Salvador,23.0,1.3022376,2886698.0,24.8571428571,89.5295287143,1,0.0,0,73.3074307143,62.0077708571,28.2541125714,30.7142857143,29.0,,,,,2884,2022-04-03
1649548800000,202215,40.0,40,40,40,0.795738,1.3856663,0,2,292740820221519684,2023-11-23,Salvador,13.0,1.2126735,2886698.0,24.8571428571,87.9846085714,1,0.0,0,74.447988,61.7746765714,28.5011902857,31.2857142857,36.0,,,,,2884,2022-04-10
1650153600000,202216,48.0,48,48,48,0.8892454,1.6627995,0,2,292740820221619684,2023-11-23,Salvador,15.0,1.3038803,2886698.0,24.8571428571,92.6447985714,1,0.0,0,82.8208685714,72.056905,27.0929091429,29.4285714286,34.0,,,,,2884,2022-04-17
1650758400000,202217,84.0,84,84,84,0.9998788,2.9098992,0,2,292740820221719684,2023-11-23,Salvador,14.0,1.9478098,2886698.0,26.2857142857,85.9846278571,1,1.0,1,73.2188907143,61.9025988571,28.5833331429,30.8571428571,60.0,,,,,2884,2022-04-24
1651363200000,202218,88.0,88,88,88,0.9962802,3.0484657,0,3,292740820221819684,2023-11-23,Salvador,26.0,1.568675,2886698.0,26.3333333333,86.4230763333,1,1.0,1,74.5489775,64.8790611667,28.290404,30.1666666667,67.0,,,,,2884,2022-05-01
1651968000000,202219,63.0,63,63,63,0.2147506,2.1824243,0,3,292740820221919684,2023-11-23,Salvador,25.0,0.8731464,2886698.0,23.5,94.12723,1,0.0,0,84.179695,69.870912,25.206731,27.5,57.0,,,,,2884,2022-05-08
1652572800000,202220,69.0,69,69,69,0.24877448,2.3902743,0,2,292740820222019684,2023-11-23,Salvador,20.0,0.89406073,2886698.0,24.0,,1,0.0,0,,,,,44.0,,,,,2884,2022-05-15
1653177600000,202221,72.0,72,72,72,0.5078914,2.4941993,0,2,292740820222119684,2023-11-23,Salvador,20.0,1.0032955,2886698.0,24.5,,1,0.0,0,,,,,60.0,,,,,2884,2022-05-22
1653782400000,202222,71.0,71,71,71,0.5620596,2.4595575,0,2,292740820222219684,2023-11-23,Salvador,67.0,1.0266587,2886698.0,25.0,86.122453,1,0.0,0,77.056843,70.459526,26.7589285,28.5,57.0,,,,,2884,2022-05-29
1654387200000,202223,55.0,55,55,55,0.09774509,1.9052911,0,1,292740820222319684,2023-11-23,Salvador,22.0,0.7928271,2886698.0,23.0,84.7788375,0,0.0,0,72.990394,63.49092775,25.046266,27.0,45.0,,,,,2884,2022-06-05
1654992000000,202224,54.0,54,54,54,0.1358678,1.8706495,0,1,292740820222419684,2023-11-23,Salvador,19.0,0.8183408,2886698.0,25.5,81.4084,1,0.0,0,75.0357,70.05682,27.020833,28.5,45.0,,,,,2884,2022-06-12
1655596800000,202225,59.0,59,59,59,0.4788571,2.0438578,0,1,292740820222519684,2023-11-23,Salvador,14.0,0.9903426,2886698.0,25.5,77.081833,1,0.0,0,69.778133,65.564316,26.833333,28.0,53.0,,,,,2884,2022-06-19
1656201600000,202226,60.0,60,60,60,0.6265537,2.0784993,0,1,292740820222619684,2023-11-23,Salvador,16.0,1.0614061,2886698.0,23.0,78.4258725,0,0.0,0,66.5218175,56.7220735,25.752451,27.5,51.0,,,,,2884,2022-06-26
1656806400000,202227,82.0,82,82,82,0.97509056,2.8406157,0,1,292740820222719684,2023-11-23,Salvador,39.0,1.3935288,2886698.0,23.875,,1,1.0,1,,,,,75.0,,,,,2884,2022-07-03
1657411200000,202228,83.0,83,83,83,0.92276525,2.8752575,0,1,292740820222819684,2023-11-23,Salvador,16.0,1.2632309,2886698.0,24.75,81.0529975,1,0.0,1,70.629604,61.89926625,26.227941,27.5,77.0,,,,,2884,2022-07-10
1658016000000,202229,101.0,101,101,101,0.96929187,3.4988072,0,2,292740820222919684,2023-11-23,Salvador,16.0,1.325452,2886698.0,23.375,,1,1.0,1,,,,,95.0,,,,,2884,2022-07-17
1658620800000,202230,82.0,82,82,82,0.3982213,2.8406157,0,1,292740820223019684,2023-11-23,Salvador,12.0,0.9609935,2886698.0,22.0,91.312065,0,0.0,1,80.6369725,65.667755,24.7172615,27.5,75.0,,,,,2884,2022-07-24
1659225600000,202231,112.0,112,112,112,0.93066514,3.8798654,0,1,292740820223119684,2023-11-23,Salvador,11.0,1.2312229,2886698.0,24.5,83.7141025,1,0.0,1,74.72989,68.68266875,25.40625,26.5,104.0,,,,,2884,2022-07-31
1659830400000,202232,122.0,122,122,122,0.9631631,4.226282,0,1,292740820223219684,2023-11-23,Salvador,10.0,1.2749143,2886698.0,24.5833333333,,1,1.0,1,,,,,113.0,,,,,2884,2022-08-07
1660435200000,202233,97.0,97,97,97,0.28369388,3.3602407,0,2,292740820223319684,2023-11-23,Salvador,9.0,0.9228192,2886698.0,24.6666666667,76.9326033333,1,0.0,1,70.3867036667,66.548855,25.092949,25.6666666667,92.0,,,,,2884,2022-08-14
1661040000000,202234,104.0,104,104,104,0.34690934,3.6027322,0,1,292740820223419684,2023-11-23,Salvador,10.0,0.94765997,2886698.0,22.5,87.3146025,0,0.0,1,75.61359625,64.310964,24.46607925,26.0,97.0,,,,,2884,2022-08-21
1661644800000,202235,63.0,63,63,63,0.000837846,2.1824243,0,1,292740820223519684,2023-11-23,Salvador,0.0,0.6104163,2886698.0,22.75,84.871454,0,0.0,0,74.45342525,66.37715375,24.1477275,25.5,65.0,,,,,2884,2022-08-28
1662249600000,202236,69.0,69,69,69,0.04019322,2.3902743,0,1,292740820223619684,2023-11-23,Salvador,3.0,0.75803286,2886698.0,22.125,,0,0.0,0,,,,,64.0,,,,,2884,2022-09-04
1662854400000,202237,65.0,65,65,65,0.17012455,2.2517076,0,1,292740820223719684,2023-11-23,Salvador,0.0,0.851938,2886698.0,21.5,92.6635475,0,0.0,0,79.061255,66.779615,23.71180525,26.0,59.0,,,,,2884,2022-09-11
1663459200000,202238,66.0,66,66,66,0.42701223,2.2863493,0,1,292740820223819684,2023-11-23,Salvador,0.0,0.96881986,2886698.0,22.5,94.094995,0,0.0,0,86.6036275,77.424376,23.8486745,25.5,54.0,,,,,2884,2022-09-18
1664064000000,202239,69.0,69,69,69,0.5955009,2.3902743,0,1,292740820223919684,2023-11-23,Salvador,0.0,1.0423248,2886698.0,24.0,86.8562033333,1,0.0,0,77.0543613333,68.4482993333,25.627137,27.6666666667,54.0,,,,,2884,2022-09-25
1664668800000,202240,81.0,81,81,81,0.8733286,2.8059742,0,1,292740820224019684,2023-11-23,Salvador,0.0,1.2063233,2886698.0,24.0,88.63863,1,0.0,1,80.0220295,70.349462,26.026515,27.5,56.0,,,,,2884,2022-10-02
1665273600000,202241,75.0,75,75,75,0.6310174,2.5981243,0,2,292740820224119684,2023-11-23,Salvador,0.0,1.056787,2886698.0,25.5,86.122453,1,0.0,0,78.428785,72.480338,27.083333,28.5,63.0,,,,,2884,2022-10-09
1665878400000,202242,76.0,76,76,76,0.52854025,2.6327658,0,2,292740820224219684,2023-11-23,Salvador,0.0,1.0116847,2886698.0,25.0,78.49765,1,0.0,0,70.35085,62.05907,27.022645,29.0,61.0,,,,,2884,2022-10-16
1666483200000,202243,58.0,58,58,58,0.06859412,2.009216,0,2,292740820224319684,2023-11-23,Salvador,0.0,0.77263045,2886698.0,25.0,87.1816406667,1,0.0,0,82.757132,77.2974423333,26.275,27.6666666667,36.0,,,,,2884,2022-10-23
1667088000000,202244,57.0,57,57,57,0.11880427,1.9745744,0,1,292740820224419684,2023-11-23,Salvador,0.0,0.8111893,2886698.0,22.5,94.08417,0,0.0,0,85.163877,75.9934825,23.728832,25.5,12.0,,,,,2884,2022-10-30
1667692800000,202245,80.0,80,80,80,0.90881526,2.7713325,0,1,292740820224519684,2023-11-23,Salvador,0.0,1.2488747,2886698.0,25.5,71.7584475,1,0.0,1,69.545952,65.35576,25.979167,26.5,16.0,,,,,2884,2022-11-06
1668297600000,202246,42.0,42,42,42,0.020137481,1.4549496,0,1,292740820224619684,2023-11-23,Salvador,0.0,0.668301,2886698.0,26.5,83.769833,1,0.0,0,78.470295,72.480338,27.333333,28.5,13.0,,,,,2884,2022-11-13
1668902400000,202247,52.0,52,52,52,0.16986246,1.8013661,0,2,292740820224719684,2023-11-23,Salvador,0.0,0.83659834,2886698.0,24.5,90.11796,1,0.0,0,80.562686,72.0348635,26.4652775,28.0,21.0,,,,,2884,2022-11-20
1669507200000,202248,31.0,31,31,31,0.0062864856,1.0738914,0,1,292740820224819684,2023-11-23,Salvador,0.0,0.57712805,2886698.0,23.0,100.0,0,0.0,0,91.7476475,79.354045,24.483333,26.5,12.0,,,,,2884,2022-11-27
1670112000000,202249,31.0,31,31,31,0.0838433,1.0738914,0,1,292740820224919708,2023-12-17,Salvador,0.0,0.72504014,2886698.0,22.5,94.08417,0,0.0,0,81.968072,69.829102,25.363636,28.0,10.0,,,,,2884,2022-12-04
1670716800000,202250,54.0,54,54,54,0.97664905,1.8706495,0,1,292740820225019718,2023-12-27,Salvador,0.0,1.5273175,2886698.0,23.75,,1,0.0,0,,,,,21.0,,,,,2884,2022-12-11
1671321600000,202251,47.0,47,47,47,0.8646081,1.6281579,0,1,292740820225119718,2023-12-27,Salvador,0.0,1.2712733,2886698.0,25.0,91.435285,1,0.0,0,81.822285,64.127799,26.5560905,29.5,15.0,,,,,2884,2022-12-18
1671926400000,202252,56.0,56,56,56,0.8638748,1.9399327,0,2,292740820225219733,2024-01-11,Salvador,0.0,1.2438465,2886698.0,25.0,90.649122,1,0.0,0,81.9915466667,74.2802666667,26.45,27.6666666667,30.0,,,,,2884,2022-12-25
1672531200000,202301,135.0,135,135,135,1.0,4.676624,0,2,292740820230119740,2024-01-18,Salvador,0.0,2.3467417,2886698.0,25.0,91.2725494286,1,1.0,1,81.4517512857,67.9483695714,27.0416668571,29.8571428571,108.0,,,,,16749,2023-01-01
1673136000000,202302,142.0,142,142,142,0.99998957,4.919115,0,3,292740820230219747,2024-01-25,Salvador,0.0,1.7916787,2886698.0,25.8571428571,86.7975951429,1,1.0,1,76.8413294286,67.4684162857,27.7619045714,29.7142857143,118.0,,,,,16749,2023-01-08
1673740800000,202303,128.0,128,128,128,0.8438851,4.434132,0,3,292740820230319747,2024-01-25,Salvador,0.0,1.1391411,2886698.0,27.0,78.8168251429,1,0.0,1,78.4969428571,78.17706,27.0714285714,27.1428571429,106.0,,,,,16749,2023-01-15
1674345600000,202304,159.0,159,159,159,0.93986154,5.5080233,0,2,292740820230419752,2024-01-30,Salvador,0.0,1.1997328,2886698.0,27.2857142857,81.6142915714,1,0.0,1,81.6142915714,81.6142915714,27.2857142857,27.2857142857,133.0,,,,,16749,2023-01-22
1674950400000,202305,213.0,213,213,213,0.9999027,7.3786726,0,2,292740820230519759,2024-02-06,Salvador,0.0,1.4894178,2886698.0,26.8571428571,78.3692944286,1,1.0,1,75.6698612857,72.9236652857,27.6190477143,28.1428571429,175.0,,,,,16749,2023-01-29
1675555200000,202306,225.0,225,225,225,0.9985229,8.617431,0,3,292740820230619768,2024-02-15,Salvador,0.0,1.3524135,2610987.0,28.0,76.4177407143,1,1.0,1,75.7782448571,75.1589514286,28.0476191429,28.1428571429,180.0,,,,,16749,2023-02-05
1676160000000,202307,184.0,184,184,184,0.27830172,7.0471435,0,3,292740820230719773,2024-02-20,Salvador,0.0,0.94147384,2610987.0,28.0,77.8707411364,1,0.0,1,77.0311211364,76.1915029545,28.0,28.0,156.0,,,,,16749,2023-02-12
1676764800000,202308,163.0,163,163,163,0.015898207,6.24285,0,2,292740820230819780,2024-02-27,Salvador,0.0,0.7988537,2610987.0,25.7777777778,88.3436620741,1,0.0,1,78.43058,68.8341471111,27.8148148148,29.8888888889,125.0,,,,,16749,2023-02-19
1677369600000,202309,228.0,228,228,228,0.95978236,8.73233,0,2,292740820230919786,2024-03-04,Salvador,0.0,1.186134,2610987.0,28.0,78.3000628571,1,1.0,1,76.6591755714,75.0231377143,28.1904762857,28.2857142857,156.0,,,,,16749,2023-02-26
1677974400000,202310,226.0,226,226,226,0.9591865,8.65573,0,3,292740820231019794,2024-03-12,Salvador,0.0,1.1862344,2610987.0,27.7142857143,77.6903608571,1,1.0,1,77.4427537143,77.075328,27.8428571429,28.0,159.0,,,,,16749,2023-03-05
1678579200000,202311,243.0,243,243,243,0.9419097,9.306826,0,3,292740820231119800,2024-03-18,Salvador,0.0,1.1592246,2610987.0,28.0,77.9846092308,1,0.0,2,75.7634121538,74.4043098462,28.1153846154,28.1538461538,185.0,,,,,16749,2023-03-12
1679184000000,202312,210.0,210,210,210,0.23057838,8.042935,0,2,292740820231219808,2024-03-26,Salvador,0.0,0.9318415,2610987.0,26.0,89.151641,1,0.0,1,80.8573414286,73.4167814286,27.3154762857,29.1428571429,155.0,,,,,16749,2023-03-19
1679788800000,202313,263.0,263,263,263,0.93313736,10.072819,0,2,292740820231319814,2024-04-01,Salvador,0.0,1.1447064,2610987.0,26.2857142857,84.271637,1,0.0,2,75.8103477143,69.6157935714,27.7049321429,28.8571428571,201.0,,,,,16749,2023-03-26
1680393600000,202314,263.0,263,263,263,0.9063008,10.072819,0,4,292740820231419821,2024-04-08,Salvador,0.0,1.1255977,2610987.0,24.8571428571,92.0512164286,1,0.0,2,79.26771,66.4128828571,27.5595237143,29.8571428571,201.0,,,,,16749,2023-04-02
1680998400000,202315,341.0,341,341,341,0.99987733,13.060195,0,4,292740820231519827,2024-04-14,Salvador,0.0,1.3535119,2610987.0,24.4285714286,93.5225135714,1,1.0,2,77.0811422857,63.4530284286,27.6607142857,30.1428571429,270.0,,,,,16749,2023-04-09
1681603200000,202316,348.0,348,348,348,0.9956134,13.328293,0,4,292740820231619834,2024-04-21,Salvador,0.0,1.2327023,2610987.0,25.2857142857,91.1362594286,1,1.0,2,78.4018885714,64.7393521429,28.3630951429,31.2857142857,277.0,,,,,16749,2023-04-16
1682208000000,202317,420.0,420,420,420,0.99984473,16.08587,0,4,292740820231719841,2024-04-28,Salvador,0.0,1.3044906,2610987.0,25.2272727273,89.0700185909,1,1.0,2,78.8053823182,67.8363253182,27.4545459091,29.4090909091,336.0,,,,,16749,2023-04-23
1682812800000,202318,562.0,562,562,562,1.0,21.524427,0,4,292740820231819848,2024-05-05,Salvador,0.0,1.522593,2610987.0,26.4285714286,86.779903,1,1.0,2,84.9822815714,83.2850158571,26.7532468571,27.0,424.0,,,,,16749,2023-04-30
1683417600000,202319,585.0,585,585,585,0.9999975,22.405321,0,4,292740820231919855,2024-05-12,Salvador,0.0,1.3320042,2610987.0,25.5714285714,91.2248974286,1,1.0,2,87.1536938571,83.3700605714,26.2142857143,26.8571428571,448.0,,,,,16749,2023-05-07
1684022400000,202320,616.0,616,616,616,0.9975912,23.592611,0,4,292740820232019862,2024-05-19,Salvador,0.0,1.1822639,2610987.0,26.2083333333,83.882468375,1,1.0,2,77.1755109583,72.20481875,27.1718748333,27.9583333333,478.0,,,,,16749,2023-05-14
1684627200000,202321,650.0,650,650,650,0.9804064,24.8948,0,4,292740820232119869,2024-05-26,Salvador,0.0,1.1249844,2610987.0,25.5652173913,85.5412066957,1,1.0,2,77.4868563478,70.578493087,26.7246373043,28.0,558.0,,,,,16749,2023-05-21
1685232000000,202322,680.0,680,680,680,0.96774584,26.04379,0,4,292740820232219876,2024-06-02,Salvador,0.0,1.1083083,2610987.0,26.7777777778,79.1171261481,1,1.0,2,78.0584962222,76.4370206667,26.7777777778,26.7777777778,596.0,,,,,16749,2023-05-28
1685836800000,202323,672.0,672,672,672,0.78554523,25.737394,0,4,292740820232319884,2024-06-10,Salvador,,1.0445802,2610987.0,24.2699571429,89.0212,1,0.0,2,83.1433285714,77.5783142857,24.9205142857,25.4688142857,605.0,,,,,16749,2023-06-04
1686441600000,202324,748.0,748,748,748,0.98388094,28.64817,0,4,292740820232419884,2024-06-10,Salvador,,1.1206359,2610987.0,24.8398571429,84.2022,1,1.0,2,80.5585571429,76.1721428571,25.4717,26.0737,645.0,,,,,16749,2023-06-11
1687046400000,202325,694.0,694,694,694,0.5535307,26.579987,0,4,292740820232519897,2024-06-23,Salvador,0.0,1.0072621,2610987.0,25.0,79.964167037,1,0.0,2,77.5568075556,75.4157733333,25.2929293333,25.5555555556,581.0,,,,,16749,2023-06-18
1687651200000,202326,756.0,756,756,756,0.8881646,28.954567,0,4,292740820232619904,2024-06-30,Salvador,0.0,1.0656354,2610987.0,25.7142857143,76.8337814286,1,0.0,2,74.4867322857,72.8347571429,25.9642857143,26.0,587.0,,,,,16749,2023-06-25
1688256000000,202327,743.0,743,743,743,0.72370875,28.456673,0,4,292740820232719912,2024-07-08,Salvador,0.0,1.0315309,2610987.0,24.7037037037,76.6274914815,1,0.0,2,75.3815403704,73.0140803704,24.9753087407,25.2962962963,546.0,,,,,16749,2023-07-02
1688860800000,202328,813.0,813,813,813,0.97381645,31.13765,0,4,292740820232819919,2024-07-15,Salvador,,1.1036264,2610987.0,23.8139571429,85.4071428571,1,1.0,2,81.9071857143,77.6452285714,24.6419714286,25.3435857143,586.0,,,,,16749,2023-07-09
1689465600000,202329,694.0,694,694,694,0.056138225,26.579987,0,4,292740820232919928,2024-07-24,Salvador,,0.91992223,2610987.0,23.9236142857,83.7378857143,1,0.0,2,79.2418428571,74.4753142857,24.4902714286,25.0970285714,560.0,,,,,16749,2023-07-16
1690070400000,202330,506.0,506,506,506,0.0,19.379644,0,4,292740820233019933,2024-07-29,Salvador,,0.6806881,2610987.0,23.5293714286,87.4428571429,1,0.0,2,81.9266571429,74.3435857143,24.3434857143,25.2004714286,400.0,,,,,16749,2023-07-23
1690675200000,202331,537.0,537,537,537,7.39307e-05,20.566935,0,4,292740820233119941,2024-08-06,Salvador,,0.80319697,2610987.0,23.6738571429,81.9379857143,1,0.0,2,77.7395428571,72.8414428571,24.3081714286,24.9235714286,417.0,,,,,16749,2023-07-30
1691280000000,202332,426.0,426,426,426,2.3998e-06,16.31567,0,4,292740820233219948,2024-08-13,Salvador,,0.74734133,2610987.0,24.132,78.0642,1,0.0,2,72.9927571429,68.5761142857,24.8326571429,25.3623142857,342.0,,,,,16749,2023-08-06
1691884800000,202333,349.0,349,349,349,1.044e-07,13.366592,0,4,292740820233319955,2024-08-20,Salvador,,0.69832826,2610987.0,23.3248428571,85.1914,1,0.0,2,79.4457428571,72.0103142857,24.1062857143,24.9431428571,295.0,,,,,16749,2023-08-13
1692489600000,202334,300.0,300,300,300,5.798e-07,11.489908,0,4,292740820233419962,2024-08-27,Salvador,,0.6959946,2610987.0,24.5383571429,86.3008714286,1,0.0,2,81.7063142857,76.0727285714,25.3091,26.1322428571,231.0,,,,,16749,2023-08-20
1693094400000,202335,293.0,293,293,293,0.0034444886,11.22181,0,4,292740820233519969,2024-09-03,Salvador,,0.8092789,2610987.0,24.8761428571,86.7970285714,1,0.0,2,83.171,78.5752714286,25.5439142857,26.1302857143,222.0,,,,,16749,2023-08-27
1693699200000,202336,205.0,205,205,205,1.2469e-06,7.851437,0,2,292740820233619978,2024-09-12,Salvador,,0.6580112,2610987.0,23.6833285714,86.5111285714,1,0.0,1,81.5624428571,75.4331714286,24.4960142857,25.4208285714,157.0,,,,,16749,2023-09-03
1694304000000,202337,179.0,179,179,179,8.759e-06,6.855645,0,2,292740820233719983,2024-09-17,Salvador,,0.664062,2610987.0,24.4159571429,81.1540571429,1,0.0,1,75.3704285714,70.1658571429,25.1101857143,25.7824857143,136.0,,,,,16749,2023-09-10
1694908800000,202338,195.0,195,195,195,0.07578594,7.46844,0,2,292740820233819989,2024-09-23,Salvador,,0.8692807,2610987.0,24.3264,82.4098857143,1,0.0,1,77.6258571429,73.2347428571,25.0485,25.6397857143,137.0,,,,,16749,2023-09-17
1695513600000,202339,144.0,144,144,144,0.0036166557,5.515156,0,2,292740820233919997,2024-10-01,Salvador,,0.7454577,2610987.0,25.0197142857,85.0641857143,1,0.0,1,80.5934571429,72.4248714286,25.7198285714,26.7896714286,103.0,,,,,16749,2023-09-24
1696118400000,202340,186.0,186,186,186,0.6549067,7.123743,0,2,292740820234020004,2024-10-08,Salvador,,1.0426011,2610987.0,25.0624857143,84.4034428571,1,0.0,1,80.6457142857,74.4474428571,25.7326285714,26.6919571429,146.0,,,,,16749,2023-10-01
1696723200000,202341,156.0,156,156,156,0.24060525,5.974752,0,2,292740820234120011,2024-10-15,Salvador,,0.9248626,2610987.0,24.9809857143,83.3825714286,1,0.0,1,78.6962857143,73.4598857143,25.7370142857,26.5469285714,103.0,,,,,16749,2023-10-08
1697328000000,202342,141.0,141,141,141,0.078359656,5.4002566,0,2,292740820234220018,2024-10-22,Salvador,,0.85064477,2610987.0,24.9964,76.7318571429,1,0.0,1,72.0402285714,67.5387428571,25.5757714286,26.0630285714,86.0,,,,,16749,2023-10-15
1697932800000,202343,143.0,143,143,143,0.19724494,5.476856,0,2,292740820234320026,2024-10-30,Salvador,,0.9065361,2610987.0,25.5124857143,83.0161285714,1,0.0,1,78.3950428571,71.2873285714,26.2681571429,27.2882285714,94.0,,,,,16749,2023-10-22
1698537600000,202344,131.0,131,131,131,0.17746294,5.0172596,0,2,292740820234420032,2024-11-05,Salvador,,0.89493227,2610987.0,25.8849,79.0987857143,1,0.0,1,74.5469571429,68.8276857143,26.5020857143,27.2568,95.0,,,,,16749,2023-10-29
1699142400000,202345,152.0,152,152,152,0.7527419,5.821553,0,2,292740820234520038,2024-11-11,Salvador,,1.0831002,2610987.0,25.5224714286,84.5013285714,1,0.0,1,79.9645857143,73.5304571429,26.1807142857,27.0048571429,119.0,,,,,16749,2023-11-05
1699747200000,202346,125.0,125,125,125,0.19865444,4.7874618,0,2,292740820234620046,2024-11-19,Salvador,,0.90109,2610987.0,25.8490428571,80.6054571429,1,0.0,1,76.1645285714,69.9334428571,26.6379285714,27.5715142857,98.0,,,,,16749,2023-11-12
1700352000000,202347,131.0,131,131,131,0.33400226,5.0172596,0,2,292740820234720055,2024-11-28,Salvador,,0.9491151,2610987.0,25.0204,83.8269142857,1,0.0,1,73.0873571429,57.0866428571,27.0626,30.0603428571,101.0,,,,,16749,2023-11-19
1700956800000,202348,112.0,112,112,112,0.09842822,4.2895656,0,2,292740820234820059,2024-12-02,Salvador,,0.847726,2610987.0,25.0974571429,80.7595571429,1,0.0,1,70.1553142857,54.9037857143,26.9111714286,29.6517714286,94.0,,,,,16749,2023-11-26
1701561600000,202349,90.0,90,90,90,0.011079911,3.4469724,0,2,292740820234920066,2024-12-09,Salvador,,0.7300796,2610987.0,25.2638571429,83.3064142857,1,0.0,1,73.4927857143,60.9883285714,27.0942714286,29.6244714286,75.0,,,,,16749,2023-12-03
1702166400000,202350,51.0,51,51,51,2.039e-06,1.9532844,0,2,292740820235020073,2024-12-16,Salvador,,0.47069308,2610987.0,25.151,81.5802428571,1,0.0,0,71.7223142857,61.0527714286,26.8958714286,29.0246857143,40.0,,,,,16749,2023-12-10
1702771200000,202351,40.0,40,40,40,2.09762e-05,1.5319877,0,2,292740820235120080,2024-12-23,Salvador,,0.46974266,2610987.0,25.1406428571,86.948,1,0.0,0,78.5017571429,66.3371142857,26.7972428571,28.9134285714,30.0,,,,,16749,2023-12-17
1703376000000,202352,53.0,53,53,53,0.21761234,2.0298836,0,2,292740820235220087,2024-12-30,Salvador,,0.8644835,2610987.0,25.5676571429,86.2002428571,1,0.0,0,75.9170428571,62.7289857143,27.3731857143,29.8713428571,38.0,,,,,16749,2023-12-24
1703980800000,202401,126.0,126,126,126,1.0,4.8257613,0,2,292740820240120095,2025-01-07,Salvador,,2.3640316,2610987.0,26.0569428571,85.1868285714,1,1.0,1,74.5562571429,58.9757714286,28.0354142857,30.9085857143,92.0,,,,,17222,2023-12-31
1704585600000,202402,126.0,126,126,126,0.9999575,4.8257613,0,3,292740820240220102,2025-01-14,Salvador,,1.7676388,2610987.0,25.5721,84.1215142857,1,1.0,1,74.3122857143,60.6804,27.3352857143,29.6953714286,98.0,,,,,17222,2024-01-07
1705190400000,202403,139.0,139,139,139,0.98812956,5.3236575,0,3,292740820240320108,2025-01-20,Salvador,,1.3380688,2610987.0,25.6126571429,84.7590714286,1,1.0,1,75.0153285714,62.6563,27.5742,30.0636285714,97.0,,,,,17222,2024-01-14
1705795200000,202404,166.0,166,166,166,0.98949206,6.357749,0,3,292740820240420116,2025-01-28,Salvador,,1.3108106,2610987.0,26.0176,89.2396,1,1.0,1,81.1155571429,66.1037285714,27.9300428571,30.9846142857,117.0,,,,,17222,2024-01-21
1706400000000,202405,335.0,335,335,335,1.0,12.830397,0,3,292740820240520122,2025-02-03,Salvador,,2.2142527,2610987.0,25.466,87.8387285714,1,1.0,2,78.3293428571,66.0400714286,27.2082571429,29.4117285714,241.0,,,,,17222,2024-01-28
1707004800000,202406,395.0,395,395,395,1.0,15.128379,0,3,292740820240620130,2025-02-11,Salvador,,1.8843817,2610987.0,25.9285571429,86.5152142857,1,1.0,2,78.3435285714,69.5427142857,27.4345285714,29.2269714286,264.0,,,,,17222,2024-02-04
1707609600000,202407,813.0,813,813,813,1.0,31.13765,0,4,292740820240720137,2025-02-18,Salvador,,2.5298247,2610987.0,25.9297571429,88.1508285714,1,1.0,2,80.0616571429,70.5311571429,27.6211857143,29.5697142857,577.0,,,,,17222,2024-02-11
1708214400000,202408,1264.0,1264,1264,1264,1.0,48.410812,0,4,292740820240820145,2025-02-26,Salvador,,2.4629545,2610987.0,25.9963857143,89.8472857143,1,1.0,2,83.2997285714,75.4399285714,27.2933428571,28.8278142857,945.0,,,,,17222,2024-02-18
1708819200000,202409,1418.0,1418,1418,1418,1.0,54.308964,0,4,292740820240920153,2025-03-06,Salvador,,1.7268041,2610987.0,26.1004571429,86.7617857143,1,1.0,2,78.2721285714,68.3025,27.8196285714,29.8194,951.0,,,,,17222,2024-02-25
1709424000000,202410,1155.0,1155,1155,1155,0.704703,44.236145,0,4,292740820241020157,2025-03-10,Salvador,,1.022764,2610987.0,26.0115571429,89.6788142857,1,0.0,2,82.1002,73.6627285714,27.5891428571,29.1240428571,758.0,,,,,17222,2024-03-03
1710028800000,202411,955.0,955,955,955,2e-10,36.576206,0,4,292740820241120165,2025-03-18,Salvador,,0.76505333,2610987.0,26.2294428571,87.8952714286,1,0.0,2,78.7986,68.9688142857,28.0401,30.0118142857,614.0,,,,,17222,2024-03-10
1710633600000,202412,772.0,772,772,772,0.0,29.567364,0,4,292740820241220171,2025-03-24,Salvador,,0.6721478,2610987.0,26.6486428571,84.5410714286,1,0.0,2,74.1321857143,62.8689,28.5354285714,30.7057,519.0,,,,,17222,2024-03-17
1711238400000,202413,693.0,693,693,693,0.0,26.541687,0,4,292740820241320178,2025-03-31,Salvador,,0.7166838,2610987.0,25.9420285714,88.3079142857,1,0.0,2,79.6910857143,71.2508571429,27.6798285714,29.4117,470.0,,,,,17222,2024-03-24
1711843200000,202414,756.0,756,756,756,0.063834704,28.954567,0,4,292740820241420188,2025-04-10,Salvador,,0.9260363,2610987.0,26.1557142857,89.2133142857,1,0.0,2,81.3531,72.7686571429,27.7429285714,29.4584142857,504.0,,,,,17222,2024-03-31
1712448000000,202415,603.0,603,603,603,0.0001422325,23.094715,0,4,292740820241520192,2025-04-14,Salvador,,0.8197093,2610987.0,25.2693285714,91.3166428571,1,0.0,2,86.8797,81.6704142857,26.3854142857,27.5043857143,384.0,,,,,17222,2024-04-07
1713052800000,202416,576.0,576,576,576,0.0005363765,22.060623,0,4,292740820241620200,2025-04-22,Salvador,,0.83193314,2610987.0,25.4596857143,89.1698571429,1,0.0,2,82.6098142857,76.4005571429,26.6622142857,27.8651857143,398.0,,,,,17222,2024-04-14
1713657600000,202417,529.0,529,529,529,0.0011944793,20.260538,0,4,292740820241720206,2025-04-28,Salvador,,0.8365024,2610987.0,24.9111428571,93.4149142857,1,0.0,2,87.5177142857,82.0251,26.2306428571,27.6042714286,362.0,,,,,17222,2024-04-21
1714262400000,202418,473.0,473,473,473,0.0009597112,18.115755,0,4,292740820241820213,2025-05-05,Salvador,,0.82514507,2610987.0,25.4964142857,86.9183285714,1,0.0,2,81.3168142857,74.1794571429,26.6136714286,27.6871857143,311.0,,,,,17222,2024-04-28
1714867200000,202419,475.0,475,475,475,0.05167413,18.192354,0,4,292740820241920223,2025-05-15,Salvador,,0.9021596,2610987.0,25.4097714286,87.9399285714,1,0.0,2,80.4943,72.7956142857,26.5117857143,27.6644714286,309.0,,,,,17222,2024-05-05
1715472000000,202420,409.0,409,409,409,0.0042984425,15.664575,0,4,292740820242020227,2025-05-19,Salvador,,0.8388126,2610987.0,25.0883,88.661,1,0.0,2,81.4440571429,74.3201,26.4564571429,27.7034714286,270.0,,,,,17222,2024-05-12
1716076800000,202421,309.0,309,309,309,1.221e-07,11.834605,0,4,292740820242120236,2025-05-28,Salvador,,0.68545604,2610987.0,25.0522285714,83.2759285714,1,0.0,1,76.9148285714,70.3156,25.9420285714,26.9466,217.0,,,,,17222,2024-05-19
1716681600000,202422,239.0,239,239,239,3e-10,9.153626,0,2,292740820242220241,2025-06-02,Salvador,,0.607005,2610987.0,23.9400857143,85.9167142857,1,0.0,1,79.1346285714,71.3921428571,25.1463285714,26.2116285714,176.0,,,,,17222,2024-05-26
1717286400000,202423,243.0,243,243,243,0.0004969361,9.306826,0,2,292740820242320248,2025-06-09,Salvador,,0.7570008,2610987.0,24.2498714286,88.6667714286,1,0.0,1,82.1204285714,76.4161142857,25.2514857143,26.2808428571,195.0,,,,,17222,2024-06-02
1717891200000,202424,256.0,256,256,256,0.31529766,9.804722,0,2,292740820242420255,2025-06-16,Salvador,,0.95884365,2610987.0,24.0508285714,87.3036,1,0.0,1,79.2099857143,70.3919142857,25.0393571429,26.2867571429,204.0,,,,,17222,2024-06-09
1718496000000,202425,212.0,212,212,212,0.05223607,8.1195345,0,2,292740820242520262,2025-06-23,Salvador,,0.8592574,2610987.0,23.3683714286,86.7429285714,1,0.0,1,78.7550857143,68.5467285714,24.5503,25.8759285714,169.0,,,,,17222,2024-06-16
1719100800000,202426,206.0,206,206,206,0.066044234,7.8897367,0,1,292740820242620269,2025-06-30,Salvador,,0.8667233,2610987.0,22.7376142857,89.1593714286,0,0.0,1,80.3933714286,71.2670285714,24.3413285714,25.8178857143,163.0,,,,,17222,2024-06-23
1719705600000,202427,230.0,230,230,230,0.6289049,8.808929,0,1,292740820242720277,2025-07-08,Salvador,,1.0313663,2610987.0,23.1182428571,83.5114,1,0.0,1,75.6051285714,66.9363285714,24.4626857143,25.7951285714,163.0,,,,,17222,2024-06-30
1720310400000,202428,184.0,184,184,184,0.06603505,7.0471435,0,1,292740820242820283,2025-07-14,Salvador,,0.85981876,2610987.0,23.4765714286,81.7881285714,1,0.0,1,73.2011714286,63.5033,24.7319142857,25.915,131.0,,,,,17222,2024-07-07
1720915200000,202429,182.0,182,182,182,0.08912485,6.970544,0,2,292740820242920291,2025-07-22,Salvador,,0.87262887,2610987.0,23.4377857143,79.3418428571,1,0.0,1,72.8399285714,65.5411,24.3529571429,25.5196428571,126.0,,,,,17222,2024-07-14
1721520000000,202430,172.0,172,172,172,0.119799465,6.5875473,0,1,292740820243020298,2025-07-29,Salvador,,0.88440937,2610987.0,22.5878428571,84.8345142857,0,0.0,1,76.7239571429,67.2215285714,23.7952571429,25.1574285714,117.0,,,,,17222,2024-07-21
1722124800000,202431,187.0,187,187,187,0.59864163,7.1620426,0,1,292740820243120305,2025-08-05,Salvador,,1.0263164,2610987.0,22.9369285714,87.3292571429,0,0.0,1,80.3091142857,73.1900285714,24.0864285714,25.3192571429,141.0,,,,,17222,2024-07-28
1722729600000,202432,185.0,185,185,185,0.6260692,7.085443,0,1,292740820243220312,2025-08-12,Salvador,,1.034241,2610987.0,22.1367571429,87.8019142857,0,0.0,1,80.0090142857,70.6371285714,23.6984571429,25.3264,116.0,,,,,17222,2024-08-04
1723334400000,202433,196.0,196,196,196,0.7606284,7.5067396,0,1,292740820243320320,2025-08-20,Salvador,,1.0754995,2610987.0,22.5327571429,91.1704285714,0,0.0,1,83.7799428571,75.1072,24.0834428571,25.8441285714,137.0,,,,,17222,2024-08-11
1723939200000,202434,165.0,165,165,165,0.13634275,6.3194494,0,1,292740820243420327,2025-08-27,Salvador,,0.88946086,2610987.0,22.9526142857,83.8351,0,0.0,1,76.5578857143,67.2998142857,24.1868714286,25.7087285714,110.0,,,,,17222,2024-08-18
1724544000000,202435,157.0,157,157,157,0.08490672,6.013052,0,1,292740820243520332,2025-09-01,Salvador,,0.8614907,2610987.0,22.6267285714,84.8378142857,0,0.0,1,77.8541142857,70.1971571429,23.8692714286,25.2451714286,94.0,,,,,17222,2024-08-25
1725148800000,202436,171.0,171,171,171,0.49322206,6.5492473,0,1,292740820243620339,2025-09-08,Salvador,,0.9981673,2610987.0,22.7109285714,85.1004285714,0,0.0,1,74.8348142857,61.8253285714,24.2222142857,26.2147571429,118.0,,,,,17222,2024-09-01
1725753600000,202437,184.0,184,184,184,0.8418553,7.0471435,0,1,292740820243720346,2025-09-15,Salvador,,1.1131421,2610987.0,22.7320857143,85.1614571429,0,0.0,1,75.7169857143,66.5829857143,24.2151285714,25.8608142857,123.0,,,,,17222,2024-09-08
1726358400000,202438,123.0,123,123,123,0.0046335687,4.710862,0,1,292740820243820353,2025-09-22,Salvador,,0.7357594,2610987.0,23.0090571429,82.3258714286,1,0.0,1,71.9225857143,58.3494428571,24.7403285714,27.085,82.0,,,,,17222,2024-09-15
1726963200000,202439,117.0,117,117,117,0.004686408,4.481064,0,1,292740820243920363,2025-10-02,Salvador,,0.73081124,2610987.0,23.1173428571,84.5914714286,1,0.0,1,77.2554571429,68.6523714286,24.6093142857,26.4475714286,79.0,,,,,17222,2024-09-22
1727568000000,202440,126.0,126,126,126,0.21788155,4.8257613,0,2,292740820244020367,2025-10-06,Salvador,,0.90871996,2610987.0,23.3611714286,86.3176714286,1,0.0,1,77.1088285714,66.8015285714,24.9531142857,27.0062857143,71.0,,,,,17222,2024-09-29
1728172800000,202441,103.0,103,103,103,0.08906017,3.9448683,0,2,292740820244120375,2025-10-14,Salvador,,0.836029,2610987.0,24.2118571429,85.4576285714,1,0.0,1,75.0691,59.5474714286,26.0519285714,28.8836857143,69.0,,,,,17222,2024-10-06
1728777600000,202442,126.0,126,126,126,0.70098984,4.8257613,0,2,292740820244220381,2025-10-20,Salvador,,1.0697674,2610987.0,24.5189285714,87.2004857143,1,0.0,1,78.8970857143,67.7654142857,26.0379,28.2151,84.0,,,,,17222,2024-10-13
1729382400000,202443,128.0,128,128,128,0.7818746,4.902361,0,2,292740820244320389,2025-10-28,Salvador,,1.1047295,2610987.0,24.3791571429,83.8587714286,1,0.0,1,73.6402,59.6374428571,26.1919571429,28.7965428571,81.0,,,,,17222,2024-10-20
1729987200000,202444,114.0,114,114,114,0.35545495,4.366165,0,2,292740820244420395,2025-11-03,Salvador,,0.95273864,2610987.0,24.6627,83.8388,1,0.0,1,73.7338428571,59.2430857143,26.4566,29.0916428571,85.0,,,,,17222,2024-10-27
1730592000000,202445,104.0,104,104,104,0.1294974,3.9831681,0,2,292740820244520403,2025-11-11,Salvador,,0.86030066,2610987.0,24.5593714286,82.0783,1,0.0,1,71.8834714286,58.4202142857,26.4071714286,28.9065,70.0,,,,,17222,2024-11-03
1731196800000,202446,77.0,77,77,77,0.004284321,2.9490764,0,2,292740820244620410,2025-11-18,Salvador,,0.68111265,2610987.0,25.0990571429,81.0752285714,1,0.0,0,72.1157285714,58.1121714286,26.7096,29.2461571429,51.0,,,,,17222,2024-11-10
1731801600000,202447,88.0,88,88,88,0.19126517,3.370373,0,2,292740820244720418,2025-11-26,Salvador,,0.88052094,2610987.0,24.8529285714,83.0620428571,1,0.0,1,72.0384428571,55.0931571429,26.8888,30.0889285714,68.0,,,,,17222,2024-11-17
1732406400000,202448,89.0,89,89,89,0.5083564,3.4086726,0,2,292740820244820424,2025-12-02,Salvador,,1.0031402,2610987.0,24.4082142857,89.7839857143,1,0.0,1,83.3548428571,75.8178571429,25.6531,27.2815428571,55.0,,,,,17222,2024-11-24
1733011200000,202449,100.0,100,100,100,0.83336365,3.8299692,0,2,292740820244920431,2025-12-09,Salvador,,1.1519308,2610987.0,24.7061857143,86.4438428571,1,0.0,1,76.6855142857,61.3951714286,26.4186714286,28.9974714286,54.0,,,,,17222,2024-12-01
1733616000000,202450,95.0,95,95,95,0.6224294,3.638471,0,2,292740820245020437,2025-12-15,Salvador,,1.0467262,2610987.0,25.0491428571,85.4342571429,1,0.0,1,75.2475142857,60.1794857143,26.8385428571,29.4484714286,60.0,,,,,17222,2024-12-08
1734220800000,202451,95.0,95,95,95,0.5100869,3.638471,0,2,292740820245120437,2025-12-15,Salvador,,1.003671,2610987.0,25.5866,86.0150285714,1,0.0,1,76.1529142857,61.8992142857,27.3408714286,29.8814285714,56.0,,,,,17222,2024-12-15
1734825600000,202452,81.0,81,81,81,0.1506072,3.1022751,0,2,292740820245220437,2025-12-15,Salvador,,0.8556693,2610987.0,25.4615571429,81.6948,1,0.0,0,71.7986142857,57.2088571429,27.2107857143,29.8656571429,54.0,,,,,17222,2024-12-22
