data_iniSE,SE,casos_est,casos_est_min,casos_est_max,casos,p_rt1,p_inc100k,Localidade_id,nivel,id,versao_modelo,municipio_nome,tweet,Rt,pop,tempmin,umidmax,receptivo,transmissao,nivel_inc,umidmed,umidmin,tempmed,tempmax,casprov,casprov_est,casprov_est_min,casprov_est_max,casconf,notif_accum_year,date
1262476800000,201001,339.0,339,339.0,339,0.0,13.444037,0,1,310620020100119589,2023-08-20,Belo Horizonte,0.0,0.0,2521564.0,19.4285714286,88.4285714286,1,,1,66.1235997143,47.2857142857,25.230602,29.7142857143,215.0,,,,,71049,2010-01-03
1263081600000,201002,490.0,490,490.0,490,0.0,19.432384,0,1,310620020100219589,2023-08-20,Belo Horizonte,0.0,0.0,2521564.0,21.0,87.4285714286,1,,1,63.838935,44.0,26.2324932857,30.8571428571,319.0,,,,,71049,2010-01-10
1263686400000,201003,587.0,587,587.0,587,0.0,23.279203,0,2,310620020100319589,2023-08-20,Belo Horizonte,0.0,0.0,2521564.0,19.8571428571,86.8571428571,1,,1,63.0000002857,44.0,25.6218485714,30.8571428571,416.0,,,,,71049,2010-01-17
1264291200000,201004,903.0,903,903.0,903,0.0,35.811108,0,2,310620020100419589,2023-08-20,Belo Horizonte,0.0,0.0,2521564.0,20.0,87.4285714286,1,,2,65.7584032857,48.0,25.0709035714,29.0,662.0,,,,,71049,2010-01-24
1264896000000,201005,1140.0,1140,1140.0,1140,0.0,45.210037,0,4,310620020100519589,2023-08-20,Belo Horizonte,0.0,0.0,2521564.0,20.4285714286,82.2857142857,1,,2,57.6239491429,40.7142857143,26.3497901429,30.1428571429,840.0,,,,,71049,2010-01-31
1265500800000,201006,1233.0,1233,1233.0,1233,1.0,48.898224,0,4,310620020100619589,2023-08-20,Belo Horizonte,0.0,1.4129261,2521564.0,20.0,84.5714285714,1,1.0,2,63.7435921429,43.0,24.9432071429,29.7142857143,992.0,,,,,71049,2010-02-07
1266105600000,201007,1659.0,1659,1659.0,1659,1.0,65.7925,0,4,310620020100719589,2023-08-20,Belo Horizonte,0.0,1.5148965,2521564.0,20.4285714286,85.2857142857,1,1.0,2,58.7623041429,40.2857142857,26.8711737143,31.2857142857,1320.0,,,,,71049,2010-02-14
1266710400000,201008,2697.0,2697,2697.0,2697,1.0,106.95743,0,4,310620020100819589,2023-08-20,Belo Horizonte,0.0,1.9740787,2521564.0,20.5714285714,88.4285714286,1,1.0,2,63.3392855714,45.7142857143,26.1260504286,30.5714285714,2204.0,,,,,71049,2010-02-21
1267315200000,201009,2998.0,2998,2998.0,2998,1.0,118.89446,0,4,310620020100919589,2023-08-20,Belo Horizonte,0.0,1.6290946,2521564.0,20.5714285714,94.8571428571,1,1.0,2,82.8840332857,68.7142857143,22.9519958571,25.8571428571,2515.0,,,,,71049,2010-02-28
1267920000000,201010,3373.0,3373,3373.0,3373,1.0,133.76619,0,4,310620020101019589,2023-08-20,Belo Horizonte,0.0,1.3730016,2521564.0,20.4285714286,91.4285714286,1,1.0,2,66.0672264286,46.7142857143,26.3613441429,30.5714285714,2668.0,,,,,71049,2010-03-07
1268524800000,201011,4333.0,4333,4333.0,4333,1.0,171.8378,0,4,310620020101119589,2023-08-20,Belo Horizonte,0.0,1.4472648,2521564.0,19.2857142857,92.2857142857,1,1.0,2,72.9764721429,54.0,24.0095237143,28.4285714286,3508.0,,,,,71049,2010-03-14
1269129600000,201012,4550.0,4550,4550.0,4550,1.0,180.44357,0,4,310620020101219589,2023-08-20,Belo Horizonte,0.0,1.293234,2521564.0,19.8571428571,90.0,1,1.0,2,69.8602935714,49.5714285714,24.5367645714,28.8571428571,3715.0,,,,,71049,2010-03-21
1269734400000,201013,4631.0,4631,4631.0,4631,1.0,183.65585,0,4,310620020101319589,2023-08-20,Belo Horizonte,0.0,1.1378869,2521564.0,20.2857142857,89.0,1,1.0,2,71.3440132857,54.8571428571,24.5026262857,28.4285714286,3854.0,,,,,71049,2010-03-28
1270339200000,201014,5737.0,5737,5737.0,5737,1.0,227.51753,0,4,310620020101419589,2023-08-20,Belo Horizonte,0.0,1.2778077,2521564.0,16.7142857143,91.4285714286,1,1.0,2,69.34874,49.5714285714,21.8093488571,26.0,4781.0,,,,,71049,2010-04-04
1270944000000,201015,4934.0,4934,4934.0,4934,0.79545003,195.67221,0,4,310620020101519589,2023-08-20,Belo Horizonte,0.0,1.0168284,2521564.0,16.1428571429,89.0,1,0.0,2,64.7563028571,45.7142857143,22.0714285714,26.2857142857,4238.0,,,,,71049,2010-04-11
1271548800000,201016,4548.0,4548,4548.0,4548,4.2e-09,180.36424,0,4,310620020101619589,2023-08-20,Belo Horizonte,0.0,0.8893146,2521564.0,18.8571428571,88.8571428571,1,0.0,2,63.6532217143,42.5714285714,24.4216155714,28.7142857143,3858.0,,,,,71049,2010-04-18
1272153600000,201017,5465.0,5465,5465.0,5465,0.99999213,216.73058,0,4,310620020101719589,2023-08-20,Belo Horizonte,0.0,1.0880184,2521564.0,19.0,89.0,1,1.0,2,65.8792018571,46.0,24.0136555714,28.2857142857,4622.0,,,,,71049,2010-04-25
1272758400000,201018,5334.0,5334,5334.0,5334,0.9999253,211.53539,0,4,310620020101819589,2023-08-20,Belo Horizonte,0.0,1.0776811,2521564.0,16.4285714286,87.4285714286,1,1.0,2,61.5162111429,40.2857142857,22.5032914286,27.2857142857,4457.0,,,,,71049,2010-05-02
1273363200000,201019,3884.0,3884,3884.0,3884,0.0,154.03139,0,4,310620020101919589,2023-08-20,Belo Horizonte,0.0,0.76554364,2521564.0,14.5714285714,86.5714285714,0,0.0,2,67.5109794286,49.1428571429,20.2607294286,25.2857142857,3190.0,,,,,71049,2010-05-09
1273968000000,201020,2845.0,2845,2845.0,2845,0.0,112.8268,0,4,310620020102019589,2023-08-20,Belo Horizonte,0.0,0.5912377,2521564.0,16.0,95.0,0,0.0,2,69.6649157143,46.2857142857,21.7536765714,26.2857142857,2201.0,,,,,71049,2010-05-16
1274572800000,201021,2120.0,2120,2120.0,2120,0.0,84.07481,0,4,310620020102119589,2023-08-20,Belo Horizonte,0.0,0.5355,2521564.0,16.8571428571,92.2857142857,1,0.0,2,71.0719528571,51.5714285714,21.4369747143,25.5714285714,1498.0,,,,,71049,2010-05-23
1275177600000,201022,1308.0,1308,1308.0,1308,0.0,51.872566,0,4,310620020102219589,2023-08-20,Belo Horizonte,0.0,0.44022214,2521564.0,14.5714285714,91.4285714286,0,0.0,2,73.7379151429,57.7142857143,18.7037514286,22.1428571429,780.0,,,,,71049,2010-05-30
1275782400000,201023,847.0,847,847.0,847,0.0,33.590263,0,4,310620020102319589,2023-08-20,Belo Horizonte,0.0,0.39756468,2521564.0,14.0,84.3333333333,0,0.0,1,64.546842,43.0,19.0620918333,23.5,435.0,,,,,71049,2010-06-06
1276387200000,201024,550.0,550,550.0,550,0.0,21.81186,0,1,310620020102419589,2023-08-20,Belo Horizonte,0.0,0.38168514,2521564.0,11.1428571429,88.7142857143,0,0.0,1,56.7968835714,34.2857142857,19.084944,24.4285714286,245.0,,,,,71049,2010-06-13
1276992000000,201025,426.0,426,426.0,426,0.0,16.894278,0,1,310620020102519589,2023-08-20,Belo Horizonte,0.0,0.45411757,2521564.0,14.1428571429,89.7142857143,0,0.0,1,61.3380944286,40.7142857143,20.637815,25.8571428571,171.0,,,,,71049,2010-06-20
1277596800000,201026,305.0,305,305.0,305,0.0,12.095668,0,1,310620020102619589,2023-08-20,Belo Horizonte,0.0,0.48853427,2521564.0,12.5714285714,86.2857142857,0,0.0,1,61.6769957143,39.2857142857,19.0656512857,24.0,117.0,,,,,71049,2010-06-27
1278201600000,201027,253.0,253,253.0,253,0.0,10.033456,0,1,310620020102719589,2023-08-20,Belo Horizonte,0.0,0.57199794,2521564.0,14.5714285714,85.4285714286,0,0.0,1,59.4375,38.2857142857,20.4863445714,25.1428571429,88.0,,,,,71049,2010-07-04
1278806400000,201028,244.0,244,244.0,244,0.0001050362,9.676534,0,1,310620020102819589,2023-08-20,Belo Horizonte,0.0,0.7332252,2521564.0,17.2857142857,85.8571428571,1,0.0,1,61.1890754286,39.4285714286,22.3337332857,27.0,75.0,,,,,71049,2010-07-11
1279411200000,201029,190.0,190,190.0,190,9.75946e-05,7.535006,0,1,310620020102919589,2023-08-20,Belo Horizonte,0.0,0.70478547,2521564.0,14.6666666667,87.0,0,0.0,1,63.565285,43.5,20.3172346667,24.6666666667,59.0,,,,,71049,2010-07-18
1280016000000,201030,160.0,160,160.0,160,0.0001403584,6.3452682,0,1,310620020103019589,2023-08-20,Belo Horizonte,0.0,0.6908356,2521564.0,15.3333333333,80.8333333333,0,0.0,1,57.7414626667,41.0,20.3752451667,24.5,45.0,,,,,71049,2010-07-25
1280620800000,201031,141.0,141,141.0,141,0.0012703162,5.591768,0,1,310620020103119589,2023-08-20,Belo Horizonte,0.0,0.7185182,2521564.0,14.1428571429,81.4285714286,0,0.0,1,50.1787117143,30.0,21.5459385714,26.7142857143,24.0,,,,,71049,2010-08-01
1281225600000,201032,115.0,115,115.0,115,0.0014821494,4.560662,0,1,310620020103219589,2023-08-20,Belo Horizonte,0.0,0.69922185,2521564.0,14.5714285714,81.5714285714,0,0.0,0,51.2001165714,31.7142857143,21.8909198571,27.1428571429,13.0,,,,,71049,2010-08-08
1281830400000,201033,108.0,108,108.0,108,0.020767385,4.2830563,0,1,310620020103319589,2023-08-20,Belo Horizonte,0.0,0.7714407,2521564.0,11.8571428571,78.2857142857,0,0.0,0,50.5368164286,31.5714285714,18.3127321429,23.1428571429,7.0,,,,,71049,2010-08-15
1282435200000,201034,149.0,149,149.0,149,0.93777084,5.909031,0,1,310620020103419589,2023-08-20,Belo Horizonte,0.0,1.2046502,2521564.0,14.8571428571,70.8571428571,0,0.0,1,40.1376048571,20.7142857143,22.8634452857,28.5714285714,14.0,,,,,71049,2010-08-22
1283040000000,201035,134.0,134,134.0,134,0.7630783,5.3141623,0,1,310620020103519589,2023-08-20,Belo Horizonte,0.0,1.0934452,2521564.0,15.7142857143,73.0,0,0.0,1,44.5252098571,26.4285714286,22.9569328571,27.8571428571,15.0,,,,,71049,2010-08-29
1283644800000,201036,128.0,128,128.0,128,0.40748322,5.076215,0,1,310620020103619589,2023-08-20,Belo Horizonte,0.0,0.9714212,2521564.0,15.8571428571,77.8571428571,0,0.0,1,49.8669818571,32.7142857143,22.4481442857,26.8571428571,11.0,,,,,71049,2010-09-05
1284249600000,201037,157.0,157,157.0,157,0.8980281,6.2262945,0,1,310620020103719589,2023-08-20,Belo Horizonte,0.0,1.1602082,2521564.0,15.8571428571,76.5714285714,0,0.0,1,46.7394951429,27.8571428571,23.4963234286,29.0,18.0,,,,,71049,2010-09-12
1284854400000,201038,125.0,125,125.0,125,0.23315234,4.957241,0,1,310620020103819589,2023-08-20,Belo Horizonte,0.0,0.91397077,2521564.0,17.1428571429,78.2857142857,1,0.0,0,53.2156862857,35.4285714286,23.4416437143,28.2857142857,11.0,,,,,71049,2010-09-19
1285459200000,201039,108.0,108,108.0,108,0.029119905,4.2830563,0,1,310620020103919589,2023-08-20,Belo Horizonte,0.0,0.7849218,2521564.0,18.8333333333,88.8333333333,1,0.0,0,67.0977903333,51.1666666667,23.7330115,27.0,10.0,,,,,71049,2010-09-26
1286064000000,201040,83.0,83,83.0,83,0.0013910665,3.2916079,0,2,310620020104019589,2023-08-20,Belo Horizonte,0.0,0.6587506,2521564.0,19.1428571429,85.2857142857,1,0.0,0,62.6549365714,41.8571428571,24.5325631429,29.4285714286,13.0,,,,,71049,2010-10-03
1286668800000,201041,92.0,92,92.0,92,0.1364349,3.6485293,0,2,310620020104119589,2023-08-20,Belo Horizonte,0.0,0.85625315,2521564.0,16.8571428571,85.7142857143,1,0.0,0,68.0466264286,53.5714285714,21.3909312857,25.2857142857,9.0,,,,,71049,2010-10-10
1287273600000,201042,112.0,112,112.0,112,0.88169885,4.4416876,0,2,310620020104219589,2023-08-20,Belo Horizonte,0.0,1.178757,2521564.0,18.2857142857,86.0,1,0.0,0,64.8681722857,43.4285714286,23.6642407143,28.5714285714,12.0,,,,,71049,2010-10-17
1287878400000,201043,92.0,92,92.0,92,0.40563333,3.6485293,0,2,310620020104319589,2023-08-20,Belo Horizonte,0.0,0.96577424,2521564.0,18.8571428571,86.1428571429,1,0.0,0,60.5057767143,37.7142857143,24.8046218571,29.5714285714,6.0,,,,,71049,2010-10-24
1288483200000,201044,99.0,99,99.0,99,0.48507595,3.9261348,0,2,310620020104419589,2023-08-20,Belo Horizonte,0.0,0.9947139,2521564.0,18.7142857143,93.1428571429,1,0.0,0,77.687535,61.4285714286,22.3352587143,25.5714285714,16.0,,,,,71049,2010-10-31
1289088000000,201045,90.0,90,90.0,90,0.28011233,3.5692134,0,2,310620020104519589,2023-08-20,Belo Horizonte,0.0,0.9186734,2521564.0,19.2857142857,91.7142857143,1,0.0,0,79.1174752857,62.8571428571,22.0581958571,25.5714285714,9.0,,,,,71049,2010-11-07
1289692800000,201046,117.0,117,117.0,117,0.9221999,4.6399775,0,2,310620020104619589,2023-08-20,Belo Horizonte,0.0,1.2147403,2521564.0,17.7142857143,92.2857142857,1,0.0,0,69.2804822857,49.8571428571,22.9465238571,27.2857142857,12.0,,,,,71049,2010-11-14
1290297600000,201047,153.0,153,153.0,153,0.99935085,6.0676627,0,2,310620020104719589,2023-08-20,Belo Horizonte,0.0,1.5013678,2521564.0,19.4285714286,92.4285714286,1,1.0,1,79.8303571429,63.4285714286,22.868172,26.4285714286,14.0,,,,,71049,2010-11-21
1290902400000,201048,185.0,185,185.0,185,0.9998751,7.3367167,0,3,310620020104819589,2023-08-20,Belo Horizonte,0.0,1.5260069,2521564.0,20.4285714286,89.7142857143,1,1.0,1,69.425824,50.2857142857,25.0162411429,29.1428571429,13.0,,,,,71049,2010-11-28
1291507200000,201049,193.0,193,193.0,193,0.9902722,7.65398,0,3,310620020104919589,2023-08-20,Belo Horizonte,0.0,1.2880062,2521564.0,20.8571428571,90.0,1,1.0,1,70.0964348571,49.8571428571,25.4390755714,30.1428571429,11.0,,,,,71049,2010-12-05
1292112000000,201050,221.0,221,221.0,221,0.9878805,8.764401,0,3,310620020105019589,2023-08-20,Belo Horizonte,0.0,1.2543463,2521564.0,20.4285714286,87.5714285714,1,1.0,1,63.7955175714,45.7142857143,25.845028,30.0,19.0,,,,,71049,2010-12-12
1292716800000,201051,164.0,164,164.0,164,0.06282666,6.5039,0,3,310620020105119589,2023-08-20,Belo Horizonte,0.0,0.8502615,2521564.0,20.2857142857,83.2857142857,1,0.0,1,59.793869,42.7142857143,25.8924178571,29.7142857143,20.0,,,,,71049,2010-12-19
1293321600000,201052,200.0,200,200.0,200,0.5791405,7.9315853,0,2,310620020105219589,2023-08-20,Belo Horizonte,0.0,1.020251,2521564.0,19.8571428571,95.7142857143,1,0.0,1,88.4753908571,76.1428571429,21.5018757143,24.1428571429,24.0,,,,,71049,2010-12-26
1293926400000,201101,242.0,242,242.0,242,0.9923312,9.5972185,0,2,310620020110119589,2023-08-20,Belo Horizonte,0.0,1.2628976,2521564.0,19.2857142857,93.1428571429,1,1.0,1,77.3888817143,59.5714285714,22.787365,26.4285714286,51.0,,,,,9001,2011-01-02
1294531200000,201102,222.0,222,222.0,222,0.824149,8.80406,0,2,310620020110219589,2023-08-20,Belo Horizonte,0.0,1.0945294,2521564.0,20.0,91.7142857143,1,0.0,1,76.2091728571,58.7142857143,23.5133404286,27.2857142857,54.0,,,,,9001,2011-01-09
1295136000000,201103,327.0,327,327.0,327,0.99999154,12.968142,0,2,310620020110319589,2023-08-20,Belo Horizonte,0.0,1.4458101,2521564.0,20.5714285714,88.4285714286,1,1.0,1,61.957458,42.8571428571,26.2972687143,30.5714285714,65.0,,,,,9001,2011-01-16
1295740800000,201104,289.0,289,289.0,289,0.9370041,11.461141,0,2,310620020110419589,2023-08-20,Belo Horizonte,0.0,1.1404678,2521564.0,20.1428571429,83.0,1,0.0,1,57.697179,40.8571428571,26.0396158571,30.1428571429,67.0,,,,,9001,2011-01-23
1296345600000,201105,292.0,292,292.0,292,0.6331687,11.580114,0,2,310620020110519589,2023-08-20,Belo Horizonte,0.0,1.028745,2521564.0,20.4285714286,77.4285714286,1,0.0,1,52.7551772857,34.0,26.6362544286,30.8571428571,84.0,,,,,9001,2011-01-30
1296950400000,201106,275.0,275,275.0,275,0.22477072,10.90593,0,2,310620020110619589,2023-08-20,Belo Horizonte,0.0,0.9385434,2521564.0,20.5714285714,78.1428571429,1,0.0,1,53.1722685714,33.2857142857,26.6454832857,31.5714285714,69.0,,,,,9001,2011-02-06
1297555200000,201107,286.0,286,286.0,286,0.4820673,11.342167,0,2,310620020110719589,2023-08-20,Belo Horizonte,0.0,0.9962531,2521564.0,20.2857142857,78.7142857143,1,0.0,1,54.1874134286,35.7142857143,25.9180065714,30.5714285714,54.0,,,,,9001,2011-02-13
1298160000000,201108,243.0,243,243.0,243,0.05368014,9.636876,0,2,310620020110819589,2023-08-20,Belo Horizonte,0.0,0.8685685,2521564.0,21.0,82.4285714286,1,0.0,1,60.1439078571,41.2857142857,26.4112397143,31.0,54.0,,,,,9001,2011-02-20
1298764800000,201109,206.0,206,206.0,206,0.0022606854,8.169533,0,2,310620020110919589,2023-08-20,Belo Horizonte,0.0,0.76965976,2521564.0,19.5714285714,93.1428571429,1,0.0,1,77.9718492857,64.0,22.8434172857,26.4285714286,67.0,,,,,9001,2011-02-27
1299369600000,201110,220.0,220,220.0,220,0.13183704,8.724744,0,2,310620020111019589,2023-08-20,Belo Horizonte,0.0,0.90144956,2521564.0,19.7142857143,95.7142857143,1,0.0,1,81.0606242857,63.1428571429,22.9026111429,26.4285714286,57.0,,,,,9001,2011-03-06
1299974400000,201111,352.0,352,352.0,352,0.9999998,13.95959,0,2,310620020111119589,2023-08-20,Belo Horizonte,0.0,1.5309736,2521564.0,19.8571428571,94.8571428571,1,1.0,1,81.6829127143,65.4285714286,23.053749,26.7142857143,79.0,,,,,9001,2011-03-13
1300579200000,201112,476.0,476,476.0,476,1.0,18.877172,0,3,310620020111219589,2023-08-20,Belo Horizonte,0.0,1.810497,2521564.0,19.8571428571,83.7142857143,1,1.0,1,65.21166,49.8571428571,24.0183824286,27.5714285714,105.0,,,,,9001,2011-03-20
1301184000000,201113,392.0,392,392.0,392,0.9669736,15.545907,0,3,310620020111319589,2023-08-20,Belo Horizonte,0.0,1.1453899,2521564.0,20.5714285714,87.4285714286,1,1.0,1,64.551186,45.0,25.6760754286,30.4285714286,78.0,,,,,9001,2011-03-27
1301788800000,201114,374.0,374,374.0,374,0.1494235,14.832065,0,3,310620020111419589,2023-08-20,Belo Horizonte,0.0,0.92817956,2521564.0,19.2857142857,91.4285714286,1,0.0,1,72.7239507143,55.4285714286,23.4696777143,27.4285714286,111.0,,,,,9001,2011-04-03
1302393600000,201115,397.0,397,397.0,397,0.40906432,15.744197,0,2,310620020111519589,2023-08-20,Belo Horizonte,0.0,0.98388445,2521564.0,18.7142857143,88.1428571429,1,0.0,1,67.8339294286,50.2857142857,23.5480392857,27.4285714286,124.0,,,,,9001,2011-04-10
1302998400000,201116,274.0,274,274.0,274,1.13606e-05,10.866272,0,2,310620020111619589,2023-08-20,Belo Horizonte,0.0,0.71689785,2521564.0,18.5714285714,87.2857142857,1,0.0,1,65.1064071429,45.8571428571,23.5877802857,27.7142857143,97.0,,,,,9001,2011-04-17
1303603200000,201117,342.0,342,342.0,342,0.28557968,13.563011,0,2,310620020111719589,2023-08-20,Belo Horizonte,0.0,0.9580812,2521564.0,17.8571428571,85.8571428571,1,0.0,1,65.8002451429,48.1428571429,22.5946075714,26.5714285714,113.0,,,,,9001,2011-04-24
1304208000000,201118,276.0,276,276.0,276,0.022635784,10.945588,0,2,310620020111819589,2023-08-20,Belo Horizonte,0.0,0.8491728,2521564.0,18.4285714286,89.0,1,0.0,1,62.3896652857,40.1428571429,24.223271,28.8571428571,88.0,,,,,9001,2011-05-01
1304812800000,201119,247.0,247,247.0,247,0.0059795594,9.795507,0,2,310620020111919589,2023-08-20,Belo Horizonte,0.0,0.8071816,2521564.0,16.4285714286,88.1428571429,1,0.0,1,64.3001157143,44.7142857143,21.8259604286,25.7142857143,92.0,,,,,9001,2011-05-08
1305417600000,201120,194.0,194,194.0,194,3.87106e-05,7.693638,0,1,310620020112019589,2023-08-20,Belo Horizonte,0.0,0.6935837,2521564.0,15.0,88.0,0,0.0,1,69.1138508571,51.5714285714,19.4407161429,23.2857142857,74.0,,,,,9001,2011-05-15
1306022400000,201121,165.0,165,165.0,165,7.75807e-05,6.543558,0,1,310620020112119589,2023-08-20,Belo Horizonte,0.0,0.6849133,2521564.0,13.4285714286,86.4285714286,0,0.0,1,58.1171217143,35.5714285714,20.092437,25.0,55.0,,,,,9001,2011-05-22
1306627200000,201122,149.0,149,149.0,149,0.0024224692,5.909031,0,1,310620020112219589,2023-08-20,Belo Horizonte,0.0,0.73913914,2521564.0,15.8571428571,86.5714285714,0,0.0,1,61.3922621429,40.8571428571,21.1096641429,25.5714285714,51.0,,,,,9001,2011-05-29
1307232000000,201123,95.0,95,95.0,95,2.4554e-06,3.767503,0,1,310620020112319589,2023-08-20,Belo Horizonte,0.0,0.56361187,2521564.0,14.1428571429,88.1428571429,0,0.0,0,66.2536765714,47.7142857143,19.5325631429,23.8571428571,33.0,,,,,9001,2011-06-05
1307836800000,201124,80.0,80,80.0,80,3.49589e-05,3.1726341,0,1,310620020112419589,2023-08-20,Belo Horizonte,0.0,0.57853454,2521564.0,13.1428571429,88.0,0,0.0,0,62.6134454286,41.7142857143,18.9579834286,23.5714285714,22.0,,,,,9001,2011-06-12
1308441600000,201125,65.0,65,65.0,65,0.0006847736,2.5777652,0,1,310620020112519589,2023-08-20,Belo Horizonte,0.0,0.6096304,2521564.0,14.1428571429,89.7142857143,0,0.0,0,61.6722677143,40.4285714286,20.7121851429,25.4285714286,13.0,,,,,9001,2011-06-19
1309046400000,201126,72.0,72,72.0,72,0.1811003,2.8553708,0,1,310620020112619589,2023-08-20,Belo Horizonte,0.0,0.86413527,2521564.0,15.2857142857,90.5714285714,0,0.0,0,64.8172267143,42.8571428571,20.9317227143,25.7142857143,19.0,,,,,9001,2011-06-26
1309651200000,201127,78.0,78,78.0,78,0.66645867,3.0933182,0,1,310620020112719589,2023-08-20,Belo Horizonte,0.0,1.0724015,2521564.0,14.8,88.2,0,0.0,0,55.3090198,33.0,21.8631372,27.0,8.0,,,,,9001,2011-07-03
1310256000000,201128,71.0,71,71.0,71,0.46925622,2.8157127,0,1,310620020112819589,2023-08-20,Belo Horizonte,0.0,0.9872148,2521564.0,15.0,71.1666666667,0,0.0,0,53.5875,36.8333333333,19.5755953333,23.8333333333,9.0,,,,,9001,2011-07-10
1310860800000,201129,56.0,56,56.0,56,0.070471056,2.2208438,0,1,310620020112919589,2023-08-20,Belo Horizonte,0.0,0.7711406,2521564.0,15.0,83.7142857143,0,0.0,0,60.9845467143,38.8571428571,20.4569357143,26.1428571429,8.0,,,,,9001,2011-07-17
1311465600000,201130,68.0,68,68.0,68,0.47923985,2.696739,0,1,310620020113019589,2023-08-20,Belo Horizonte,0.0,0.9911578,2521564.0,14.0,83.7142857143,0,0.0,0,59.8857188571,43.7142857143,19.4367795714,23.8571428571,7.0,,,,,9001,2011-07-24
1312070400000,201131,70.0,70,70.0,70,0.6893661,2.7760549,0,1,310620020113119589,2023-08-20,Belo Horizonte,0.0,1.0887609,2521564.0,15.7142857143,80.4285714286,0,0.0,0,47.5593141429,29.8571428571,23.0108542857,28.0,11.0,,,,,9001,2011-07-31
1312675200000,201132,71.0,71,71.0,71,0.6772883,2.8157127,0,1,310620020113219589,2023-08-20,Belo Horizonte,0.0,1.0816818,2521564.0,15.5714285714,84.0,0,0.0,0,51.18855,28.5714285714,23.1827732857,28.7142857143,10.0,,,,,9001,2011-08-07
1313280000000,201133,66.0,66,66.0,66,0.41533554,2.617423,0,1,310620020113319589,2023-08-20,Belo Horizonte,0.0,0.9638977,2521564.0,15.5714285714,72.4285714286,0,0.0,0,42.4226444286,23.0,23.1676924286,28.8571428571,9.0,,,,,9001,2011-08-14
1313884800000,201134,67.0,67,67.0,67,0.43912545,2.6570811,0,1,310620020113419589,2023-08-20,Belo Horizonte,0.0,0.9741274,2521564.0,16.1428571429,79.8571428571,1,0.0,0,53.882353,34.2857142857,22.2599438571,27.1428571429,6.0,,,,,9001,2011-08-21
1314489600000,201135,50.0,50,50.0,50,0.062064312,1.9828963,0,1,310620020113519589,2023-08-20,Belo Horizonte,0.0,0.75176626,2521564.0,15.0,76.2857142857,0,0.0,0,46.579832,27.8571428571,22.7111344286,28.1428571429,8.0,,,,,9001,2011-08-28
1315094400000,201136,69.0,69,69.0,69,0.70986027,2.736397,0,1,310620020113619589,2023-08-20,Belo Horizonte,0.0,1.1009018,2521564.0,16.7142857143,60.8571428571,1,0.0,0,33.4526264286,16.2857142857,25.3726194286,31.4285714286,4.0,,,,,9001,2011-09-04
1315699200000,201137,80.0,80,80.0,80,0.94538814,3.1726341,0,1,310620020113719589,2023-08-20,Belo Horizonte,0.0,1.310145,2521564.0,17.2857142857,76.7142857143,1,0.0,0,54.8236464286,40.4285714286,22.3964752857,26.2857142857,5.0,,,,,9001,2011-09-11
1316304000000,201138,63.0,63,63.0,63,0.38532448,2.4984493,0,1,310620020113819589,2023-08-20,Belo Horizonte,0.0,0.9501668,2521564.0,14.8571428571,67.8571428571,0,0.0,0,40.9527305714,23.7142857143,22.7706851429,28.1428571429,4.0,,,,,9001,2011-09-18
1316908800000,201139,103.0,103,103.0,103,0.98983437,4.0847664,0,1,310620020113919589,2023-08-20,Belo Horizonte,0.0,1.4222196,2521564.0,17.2857142857,72.7142857143,1,0.0,0,46.5268908571,29.5714285714,23.8837535714,28.8571428571,13.0,,,,,9001,2011-09-25
1317513600000,201140,81.0,81,81.0,81,0.602248,3.212292,0,1,310620020114019589,2023-08-20,Belo Horizonte,0.0,1.0418903,2521564.0,17.4285714286,84.7142857143,1,0.0,0,64.6419111429,51.0,21.8602237143,25.1428571429,11.0,,,,,9001,2011-10-02
1318118400000,201141,90.0,90,90.0,90,0.63540065,3.5692134,0,2,310620020114119589,2023-08-20,Belo Horizonte,0.0,1.0535448,2521564.0,19.5714285714,86.8571428571,1,0.0,0,66.3672674286,46.4285714286,24.1266604286,29.1428571429,7.0,,,,,9001,2011-10-09
1318723200000,201142,111.0,111,111.0,111,0.94266146,4.40203,0,2,310620020114219589,2023-08-20,Belo Horizonte,0.0,1.2503808,2521564.0,16.7142857143,86.5714285714,1,0.0,0,71.9668025714,57.7142857143,20.0695678571,23.1428571429,8.0,,,,,9001,2011-10-16
1319328000000,201143,75.0,75,75.0,75,0.09022333,2.9743445,0,2,310620020114319589,2023-08-20,Belo Horizonte,0.0,0.8128884,2521564.0,17.8571428571,88.4285714286,1,0.0,0,68.4413714286,51.8571428571,22.9937724286,26.5714285714,11.0,,,,,9001,2011-10-23
1319932800000,201144,120.0,120,120.0,120,0.95275706,4.758951,0,1,310620020114419589,2023-08-20,Belo Horizonte,0.0,1.2562159,2521564.0,15.5714285714,83.2857142857,0,0.0,0,62.9275051429,48.7142857143,20.8419178571,24.2857142857,9.0,,,,,9001,2011-10-30
1320537600000,201145,107.0,107,107.0,107,0.7624817,4.243398,0,1,310620020114519589,2023-08-20,Belo Horizonte,0.0,1.1050867,2521564.0,18.1428571429,79.4285714286,1,0.0,0,53.7411492857,35.7142857143,23.8631358571,28.2857142857,13.0,,,,,9001,2011-11-06
1321142400000,201146,107.0,107,107.0,107,0.5794847,4.243398,0,1,310620020114619589,2023-08-20,Belo Horizonte,0.0,1.0279404,2521564.0,18.5714285714,91.7142857143,1,0.0,0,73.433496,51.5714285714,22.6267314286,27.0,11.0,,,,,9001,2011-11-13
1321747200000,201147,119.0,119,119.0,119,0.75529724,4.719293,0,2,310620020114719589,2023-08-20,Belo Horizonte,0.0,1.0958397,2521564.0,18.7142857143,90.5714285714,1,0.0,0,73.0766108571,57.2857142857,22.9450628571,26.4285714286,16.0,,,,,9001,2011-11-20
1322352000000,201148,151.0,151,151.0,151,0.9915694,5.988347,0,2,310620020114819589,2023-08-20,Belo Horizonte,0.0,1.3440006,2521564.0,18.1428571429,92.2857142857,1,1.0,1,83.4458578571,69.8571428571,20.6550307143,23.8571428571,14.0,,,,,9001,2011-11-27
1322956800000,201149,115.0,115,115.0,115,0.31450582,4.560662,0,2,310620020114919589,2023-08-20,Belo Horizonte,0.0,0.9393077,2521564.0,19.2857142857,89.0,1,0.0,0,76.1280754286,62.7142857143,22.527513,25.7142857143,10.0,,,,,9001,2011-12-04
1323561600000,201150,125.0,125,125.0,125,0.37978813,4.957241,0,2,310620020115019589,2023-08-20,Belo Horizonte,0.0,0.96244377,2521564.0,19.1428571429,92.2857142857,1,0.0,0,77.5210422857,62.2857142857,22.7081827143,25.8571428571,6.0,,,,,9001,2011-12-11
1324166400000,201151,157.0,157,157.0,157,0.9571513,6.2262945,0,2,310620020115119589,2023-08-20,Belo Horizonte,0.0,1.2260597,2521564.0,19.1428571429,91.5714285714,1,1.0,1,76.6622171429,60.7142857143,22.8502237143,26.2857142857,15.0,,,,,9001,2011-12-18
1324771200000,201152,179.0,179,179.0,179,0.994595,7.0987687,0,3,310620020115219589,2023-08-20,Belo Horizonte,0.0,1.3353952,2521564.0,19.375,91.875,1,1.0,1,76.4710475,62.0,23.001838125,26.625,6.0,,,,,9001,2011-12-25
1325376000000,201201,272.0,272,272.0,272,1.0,10.786956,0,3,310620020120119589,2023-08-20,Belo Horizonte,0.0,1.7239976,2521564.0,19.2857142857,94.8571428571,1,1.0,1,83.2846637143,65.4285714286,22.0119045714,25.5714285714,18.0,,,,,5541,2012-01-01
1325980800000,201202,251.0,251,251.0,251,0.9954035,9.95414,0,3,310620020120219589,2023-08-20,Belo Horizonte,0.0,1.2803068,2521564.0,19.0,90.7142857143,1,1.0,1,76.5252647143,64.7142857143,22.0650462857,24.8571428571,24.0,,,,,5541,2012-01-08
1326585600000,201203,295.0,295,295.0,295,0.99369574,11.699088,0,3,310620020120319589,2023-08-20,Belo Horizonte,0.0,1.2419316,2521564.0,19.4285714286,84.4285714286,1,1.0,1,57.5205184286,39.0,25.4523808571,29.8571428571,24.0,,,,,5541,2012-01-15
1327190400000,201204,240.0,240,240.0,240,0.17760418,9.517902,0,3,310620020120419589,2023-08-20,Belo Horizonte,0.0,0.9207155,2521564.0,19.4285714286,86.0,1,0.0,1,60.8916051429,40.2857142857,25.3495472857,30.4285714286,14.0,,,,,5541,2012-01-22
1327795200000,201205,216.0,216,216.0,216,0.014638424,8.5661125,0,2,310620020120519589,2023-08-20,Belo Horizonte,0.0,0.8192441,2521564.0,18.1428571429,89.8571428571,1,0.0,1,69.930532,50.2857142857,23.0495101429,27.5714285714,21.0,,,,,5541,2012-01-29
1328400000000,201206,212.0,212,212.0,212,0.057768587,8.40748,0,2,310620020120619589,2023-08-20,Belo Horizonte,0.0,0.8631196,2521564.0,20.0,84.4285714286,1,0.0,1,59.9596637143,40.4285714286,25.6825631429,29.7142857143,17.0,,,,,5541,2012-02-05
1329004800000,201207,150.0,150,150.0,150,0.0001128574,5.948689,0,2,310620020120719589,2023-08-20,Belo Horizonte,0.0,0.67960227,2521564.0,19.4285714286,86.0,1,0.0,1,62.3861688571,43.1428571429,24.2092434286,28.2857142857,11.0,,,,,5541,2012-02-12
1329609600000,201208,174.0,174,174.0,174,0.11755623,6.9004793,0,2,310620020120819589,2023-08-20,Belo Horizonte,0.0,0.8840084,2521564.0,19.5714285714,86.0,1,0.0,1,62.1086642857,45.7142857143,24.6453834286,28.7142857143,16.0,,,,,5541,2012-02-19
1330214400000,201209,209.0,209,209.0,209,0.94694805,8.2885065,0,2,310620020120919589,2023-08-20,Belo Horizonte,0.0,1.1788481,2521564.0,19.8571428571,72.2857142857,1,0.0,1,46.6436622857,30.5714285714,26.8913864286,31.2857142857,18.0,,,,,5541,2012-02-26
1330819200000,201210,162.0,162,162.0,162,0.2002878,6.424584,0,2,310620020121019589,2023-08-20,Belo Horizonte,0.0,0.9128514,2521564.0,20.2857142857,74.2857142857,1,0.0,1,50.1250585714,35.1428571429,25.5992845714,29.4285714286,19.0,,,,,5541,2012-03-04
1331424000000,201211,147.0,147,147.0,147,0.027593767,5.8297153,0,2,310620020121119589,2023-08-20,Belo Horizonte,0.0,0.8090916,2521564.0,19.5714285714,93.1428571429,1,0.0,1,74.298865,55.0,23.6889002857,27.5714285714,25.0,,,,,5541,2012-03-11
1332028800000,201212,146.0,146,146.0,146,0.099555545,5.790057,0,2,310620020121219589,2023-08-20,Belo Horizonte,0.0,0.8652323,2521564.0,18.8571428571,91.7142857143,1,0.0,1,75.2616715714,60.8571428571,22.5368347143,25.5714285714,21.0,,,,,5541,2012-03-18
1332633600000,201213,150.0,150,150.0,150,0.42372736,5.948689,0,2,310620020121319589,2023-08-20,Belo Horizonte,0.0,0.9781814,2521564.0,19.4285714286,89.8571428571,1,0.0,1,72.0989442857,53.7142857143,23.6177411429,27.7142857143,26.0,,,,,5541,2012-03-25
1333238400000,201214,124.0,124,124.0,124,0.08517689,4.917583,0,2,310620020121419589,2023-08-20,Belo Horizonte,0.0,0.8464045,2521564.0,18.8571428571,90.5714285714,1,0.0,0,68.9517971429,50.1428571429,23.995728,28.2857142857,21.0,,,,,5541,2012-04-01
1333843200000,201215,161.0,161,161.0,161,0.85561335,6.3849263,0,2,310620020121519589,2023-08-20,Belo Horizonte,0.0,1.1294374,2521564.0,19.0,85.1428571429,1,0.0,1,65.7988051429,50.5714285714,23.6278511429,27.1428571429,33.0,,,,,5541,2012-04-08
1334448000000,201216,138.0,138,138.0,138,0.43498948,5.472794,0,2,310620020121619589,2023-08-20,Belo Horizonte,0.0,0.9806106,2521564.0,17.7142857143,86.4285714286,1,0.0,1,62.3030121429,45.8571428571,23.2329831429,26.8571428571,39.0,,,,,5541,2012-04-15
1335052800000,201217,141.0,141,141.0,141,0.42927334,5.591768,0,2,310620020121719589,2023-08-20,Belo Horizonte,0.0,0.97913694,2521564.0,18.8571428571,90.7142857143,1,0.0,1,71.5018921429,53.1428571429,23.73736,27.2857142857,35.0,,,,,5541,2012-04-22
1335657600000,201218,106.0,106,106.0,106,0.012277829,4.20374,0,2,310620020121819589,2023-08-20,Belo Horizonte,0.0,0.75053996,2521564.0,17.2857142857,86.2857142857,1,0.0,0,68.2087885714,53.2857142857,21.9027312857,25.5714285714,18.0,,,,,5541,2012-04-29
1336262400000,201219,104.0,104,104.0,104,0.043175727,4.1244245,0,1,310620020121919589,2023-08-20,Belo Horizonte,0.0,0.7989603,2521564.0,15.1428571429,89.7142857143,0,0.0,0,65.4690124286,45.2857142857,20.6948531429,24.5714285714,19.0,,,,,5541,2012-05-06
1336867200000,201220,91.0,91,91.0,91,0.04892594,3.6088712,0,1,310620020122019589,2023-08-20,Belo Horizonte,0.0,0.7936163,2521564.0,15.8571428571,89.7142857143,0,0.0,0,75.5036764286,63.0,19.0259685714,21.8571428571,11.0,,,,,5541,2012-05-13
1337472000000,201221,70.0,70,70.0,70,0.008288312,2.7760549,0,1,310620020122119589,2023-08-20,Belo Horizonte,0.0,0.6918114,2521564.0,15.0,92.2857142857,0,0.0,0,72.9822244286,55.5714285714,19.3426121429,23.1428571429,7.0,,,,,5541,2012-05-20
1338076800000,201222,86.0,86,86.0,86,0.39797974,3.4105816,0,1,310620020122219589,2023-08-20,Belo Horizonte,0.0,0.961791,2521564.0,16.8571428571,91.4285714286,1,0.0,0,63.8755251429,42.2857142857,23.2153362857,28.0,11.0,,,,,5541,2012-05-27
1338681600000,201223,90.0,90,90.0,90,0.7368568,3.5692134,0,1,310620020122319589,2023-08-20,Belo Horizonte,0.0,1.1013502,2521564.0,17.2857142857,93.1428571429,1,0.0,0,72.4985994286,53.5714285714,21.6925771429,25.8571428571,17.0,,,,,5541,2012-06-03
1339286400000,201224,97.0,97,97.0,97,0.8403786,3.846819,0,1,310620020122419589,2023-08-20,Belo Horizonte,0.0,1.159594,2521564.0,15.8571428571,88.1428571429,0,0.0,0,66.956474,47.1428571429,20.5847442857,24.4285714286,18.0,,,,,5541,2012-06-10
1339891200000,201225,81.0,81,81.0,81,0.27531594,3.212292,0,1,310620020122519589,2023-08-20,Belo Horizonte,0.0,0.91261995,2521564.0,17.0,86.5714285714,1,0.0,0,62.9670514286,43.1428571429,22.5542015714,27.0,12.0,,,,,5541,2012-06-17
1340496000000,201226,88.0,88,88.0,88,0.44643822,3.4898975,0,1,310620020122619589,2023-08-20,Belo Horizonte,0.0,0.9800495,2521564.0,15.0,86.2857142857,0,0.0,0,65.2660762857,48.1428571429,20.0934722857,24.1428571429,18.0,,,,,5541,2012-06-24
1341100800000,201227,70.0,70,70.0,70,0.097859114,2.7760549,0,1,310620020122719589,2023-08-20,Belo Horizonte,0.0,0.8129316,2521564.0,14.5,88.1666666667,0,0.0,0,60.5067708333,39.0,20.2538458333,24.8333333333,8.0,,,,,5541,2012-07-01
1341705600000,201228,82.0,82,82.0,82,0.50877154,3.25195,0,1,310620020122819589,2023-08-20,Belo Horizonte,0.0,1.0034342,2521564.0,14.2857142857,84.0,0,0.0,0,58.5058477143,40.2857142857,20.7332634286,25.0,5.0,,,,,5541,2012-07-08
1342310400000,201229,74.0,74,74.0,74,0.37636355,2.9346867,0,1,310620020122919589,2023-08-20,Belo Horizonte,0.0,0.95028174,2521564.0,14.1428571429,88.1428571429,0,0.0,0,60.2465324286,40.0,20.0078784286,24.1428571429,5.0,,,,,5541,2012-07-15
1342915200000,201230,62.0,62,62.0,62,0.11532894,2.4587915,0,1,310620020123019589,2023-08-20,Belo Horizonte,0.0,0.81549126,2521564.0,14.2857142857,80.1428571429,0,0.0,0,44.60936,25.8571428571,22.4902541429,27.8571428571,3.0,,,,,5541,2012-07-22
1343520000000,201231,47.0,47,47.0,47,0.012805149,1.8639226,0,1,310620020123119589,2023-08-20,Belo Horizonte,16.0,0.66119474,2521564.0,14.5714285714,83.7142857143,0,0.0,0,55.3055225714,37.4285714286,20.8043214286,25.0,4.0,,,,,5541,2012-07-29
1344124800000,201232,30.0,30,30.0,30,0.0005918802,1.1897378,0,1,310620020123219589,2023-08-20,Belo Horizonte,17.0,0.49683684,2521564.0,14.7142857143,82.1428571429,0,0.0,0,54.6862741429,38.1428571429,20.2257701429,24.2857142857,2.0,,,,,5541,2012-08-05
1344729600000,201233,26.0,26,26.0,26,0.0067979414,1.0311061,0,1,310620020123319589,2023-08-20,Belo Horizonte,20.0,0.5557503,2521564.0,15.0,83.0,0,0.0,0,63.0519964286,45.7142857143,19.702206,23.4285714286,2.0,,,,,5541,2012-08-12
1345334400000,201234,42.0,42,42.0,42,0.76806974,1.665633,0,1,310620020123419589,2023-08-20,Belo Horizonte,10.0,1.1802319,2521564.0,14.0,82.8571428571,0,0.0,0,57.4973737143,39.1428571429,19.754727,24.1428571429,5.0,,,,,5541,2012-08-19
1345939200000,201235,50.0,50,50.0,50,0.96736014,1.9828963,0,1,310620020123519589,2023-08-20,Belo Horizonte,19.0,1.5007662,2521564.0,15.1428571429,79.2857142857,0,0.0,0,46.394433,21.0,22.8602937143,28.2857142857,4.0,,,,,5541,2012-08-26
1346544000000,201236,46.0,46,46.0,46,0.76135284,1.8242646,0,1,310620020123619589,2023-08-20,Belo Horizonte,23.0,1.1655788,2521564.0,15.5714285714,78.7142857143,0,0.0,0,46.326155,27.7142857143,23.399685,28.7142857143,6.0,,,,,5541,2012-09-02
1347148800000,201237,67.0,67,67.0,67,0.9742313,2.6570811,0,1,310620020123719589,2023-08-20,Belo Horizonte,17.0,1.4439332,2521564.0,19.4285714286,68.8571428571,1,0.0,0,40.5351081429,25.0,26.9059872857,31.8571428571,3.0,,,,,5541,2012-09-09
1347753600000,201238,74.0,74,74.0,74,0.9692339,2.9346867,0,1,310620020123819589,2023-08-20,Belo Horizonte,16.0,1.3950634,2521564.0,18.7142857143,76.7142857143,1,0.0,0,46.9220932857,30.2857142857,25.5642855714,30.2857142857,2.0,,,,,5541,2012-09-16
1348358400000,201239,62.0,62,62.0,62,0.4999184,2.4587915,0,1,310620020123919589,2023-08-20,Belo Horizonte,5.0,0.9999634,2521564.0,14.1428571429,80.7142857143,0,0.0,0,56.6695324286,38.4285714286,20.3144721429,25.1428571429,6.0,,,,,5541,2012-09-23
1348963200000,201240,61.0,61,61.0,61,0.30515411,2.4191334,0,1,310620020124019589,2023-08-20,Belo Horizonte,8.0,0.91399133,2521564.0,15.8571428571,71.7142857143,0,0.0,0,43.0068277143,27.4285714286,23.4415517143,28.0,3.0,,,,,5541,2012-09-30
1349568000000,201241,45.0,45,45.0,45,0.035823677,1.7846067,0,1,310620020124119589,2023-08-20,Belo Horizonte,14.0,0.70690167,2521564.0,17.8571428571,76.4285714286,1,0.0,0,47.8610358571,32.0,24.4255871429,28.7142857143,5.0,,,,,5541,2012-10-07
1350172800000,201242,56.0,56,56.0,56,0.4420238,2.2208438,0,1,310620020124219589,2023-08-20,Belo Horizonte,11.0,0.973095,2521564.0,18.1428571429,81.4285714286,1,0.0,0,59.7954128571,43.1428571429,23.1242994286,27.0,8.0,,,,,5541,2012-10-14
1350777600000,201243,66.0,66,66.0,66,0.8744104,2.617423,0,2,310620020124319589,2023-08-20,Belo Horizonte,16.0,1.2333956,2521564.0,23.0,65.1428571429,1,0.0,0,51.2238091429,37.2857142857,26.2380954286,30.0,10.0,,,,,5541,2012-10-21
1351382400000,201244,45.0,45,45.0,45,0.15272038,1.7846067,0,2,310620020124419589,2023-08-20,Belo Horizonte,14.0,0.815109,2521564.0,21.8571428571,73.5714285714,1,0.0,0,52.1598161429,31.7142857143,27.3944005714,33.0,4.0,,,,,5541,2012-10-28
1351987200000,201245,46.0,46,46.0,46,0.16076013,1.8242646,0,2,310620020124519589,2023-08-20,Belo Horizonte,11.0,0.82199866,2521564.0,19.2857142857,90.0,1,0.0,0,75.2563021429,57.5714285714,22.6715104286,26.0,6.0,,,,,5541,2012-11-04
1352592000000,201246,45.0,45,45.0,45,0.2786784,1.7846067,0,2,310620020124619589,2023-08-20,Belo Horizonte,17.0,0.88733065,2521564.0,19.1428571429,90.7142857143,1,0.0,0,74.939075,56.8571428571,22.9745097143,27.0,3.0,,,,,5541,2012-11-11
1353196800000,201247,76.0,76,76.0,76,0.99428016,3.0140023,0,2,310620020124719589,2023-08-20,Belo Horizonte,15.0,1.5816948,2521564.0,18.1428571429,86.0,1,0.0,0,60.998949,41.2857142857,24.3707984286,28.8571428571,10.0,,,,,5541,2012-11-18
1353801600000,201248,75.0,75,75.0,75,0.9667412,2.9743445,0,2,310620020124819589,2023-08-20,Belo Horizonte,25.0,1.3824424,2521564.0,20.8571428571,88.5714285714,1,0.0,0,76.4915272857,62.0,23.2180672857,26.7142857143,6.0,,,,,5541,2012-11-25
1354406400000,201249,62.0,62,62.0,62,0.38138852,2.4587915,0,2,310620020124919589,2023-08-20,Belo Horizonte,28.0,0.94807786,2521564.0,21.1428571429,81.4285714286,1,0.0,0,62.0421461429,44.2857142857,25.4179651429,29.7142857143,11.0,,,,,5541,2012-12-02
1355011200000,201250,56.0,56,56.0,56,0.12187993,2.2208438,0,2,310620020125019589,2023-08-20,Belo Horizonte,22.0,0.81188005,2521564.0,21.0,94.0,1,0.0,0,78.71429,52.0,23.857143,31.0,8.0,,,,,5541,2012-12-09
1355616000000,201251,67.0,67,67.0,67,0.5914104,2.6570811,0,2,310620020125119589,2023-08-20,Belo Horizonte,25.0,1.0410362,2521564.0,25.0,65.0,1,0.0,0,65.0,65.0,25.0,25.0,15.0,,,,,5541,2012-12-16
1356220800000,201252,108.0,108,108.0,108,0.999665,4.2830563,0,2,310620020125219589,2023-08-20,Belo Horizonte,21.0,1.6933672,2521564.0,23.4666666667,,1,0.0,0,,,,,53.0,,,,,5541,2012-12-23
1356825600000,201301,275.0,275,275.0,275,1.0,10.90593,0,2,310620020130119589,2023-08-20,Belo Horizonte,26.0,3.2372017,2521564.0,21.9333333333,,1,1.0,1,,,,,160.0,,,,,137777,2012-12-30
1357430400000,201302,304.0,304,304.0,304,1.0,12.056009,0,3,310620020130219589,2023-08-20,Belo Horizonte,44.0,2.0884655,2521564.0,20.4,87.2,1,1.0,1,78.67311,67.4,22.1422686,24.8,177.0,,,,,137777,2013-01-06
1358035200000,201303,399.0,399,399.0,399,1.0,15.823513,0,3,310620020130319589,2023-08-20,Belo Horizonte,63.0,1.6991923,2521564.0,19.7142857143,90.0,1,1.0,1,73.0353237143,55.1428571429,23.6513788571,27.5714285714,264.0,,,,,137777,2013-01-13
1358640000000,201304,558.0,558,558.0,558,1.0,22.129124,0,3,310620020130419589,2023-08-20,Belo Horizonte,82.0,1.740328,2521564.0,19.5714285714,90.0,1,1.0,1,77.3518857143,60.0,22.7769757143,26.8571428571,359.0,,,,,137777,2013-01-20
1359244800000,201305,789.0,789,789.0,789,1.0,31.290104,0,3,310620020130519589,2023-08-20,Belo Horizonte,64.0,1.8534579,2521564.0,20.2857142857,93.1428571429,1,1.0,1,82.9004897143,68.7142857143,22.9851541429,26.1428571429,528.0,,,,,137777,2013-01-27
1359849600000,201306,1153.0,1153,1153.0,1153,1.0,45.72559,0,3,310620020130619589,2023-08-20,Belo Horizonte,62.0,1.9543394,2521564.0,19.8571428571,87.5714285714,1,1.0,2,68.1502762857,51.5714285714,24.3803664286,28.4285714286,774.0,,,,,137777,2013-02-03
1360454400000,201307,1739.0,1739,1739.0,1739,1.0,68.96513,0,3,310620020130719589,2023-08-20,Belo Horizonte,73.0,2.0565417,2521564.0,19.7142857143,83.0,1,1.0,2,57.8949581429,37.2857142857,25.6682772857,30.4285714286,1226.0,,,,,137777,2013-02-10
1361059200000,201308,3537.0,3537,3537.0,3537,1.0,140.27008,0,4,310620020130819589,2023-08-20,Belo Horizonte,103.0,2.73215,2521564.0,19.7142857143,80.8571428571,1,1.0,2,53.2858192857,36.0,26.1469887143,30.5714285714,2805.0,,,,,137777,2013-02-17
1361664000000,201309,6156.0,6156,6156.0,6156,1.0,244.1342,0,4,310620020130919589,2023-08-20,Belo Horizonte,259.0,2.790448,2521564.0,20.0,87.5714285714,1,1.0,2,67.6985994286,50.2857142857,24.5804172857,28.7142857143,5110.0,,,,,137777,2013-02-24
1362268800000,201310,7412.0,7412,7412.0,7412,1.0,293.94455,0,4,310620020131019589,2023-08-20,Belo Horizonte,271.0,1.9570038,2521564.0,20.1428571429,88.2857142857,1,1.0,2,64.8317681429,45.8571428571,25.7729642857,30.2857142857,6206.0,,,,,137777,2013-03-03
1362873600000,201311,11247.0,11247,,11247,1.0,446.0327,0,4,310620020131119589,2023-08-20,Belo Horizonte,438.0,1.9352777,2521564.0,21.5714285714,84.5714285714,1,1.0,2,63.9227938571,45.2857142857,26.2211134286,30.7142857143,9248.0,,,,,137777,2013-03-10
1363478400000,201312,14866.0,14866,,14866,1.0,589.55475,0,4,310620020131219589,2023-08-20,Belo Horizonte,651.0,1.8197097,2521564.0,19.7142857143,88.2857142857,1,1.0,2,68.381378,46.2857142857,23.9750148571,28.2857142857,12269.0,,,,,137777,2013-03-17
1364083200000,201313,13837.0,13837,,13837,1.0,548.7467,0,4,310620020131319589,2023-08-20,Belo Horizonte,821.0,1.2610182,2521564.0,19.1428571429,91.5714285714,1,1.0,2,80.0910708571,67.4285714286,21.9696077143,24.4285714286,11166.0,,,,,137777,2013-03-24
1364688000000,201314,15871.0,15871,,15871,1.0,629.41095,0,4,310620020131419589,2023-08-20,Belo Horizonte,842.0,1.1946467,2521564.0,19.2857142857,92.2857142857,1,1.0,2,75.0145651429,58.7142857143,23.4380954286,26.8571428571,12101.0,,,,,137777,2013-03-31
1365292800000,201315,15887.0,15887,,15887,1.0,630.0455,0,4,310620020131519589,2023-08-20,Belo Horizonte,913.0,1.0989681,2521564.0,19.5714285714,90.5714285714,1,1.0,2,79.2999692857,63.2857142857,22.6433824286,26.2857142857,12513.0,,,,,137777,2013-04-07
1365897600000,201316,13665.0,13665,,13665,0.0,541.92554,0,4,310620020131619589,2023-08-20,Belo Horizonte,694.0,0.9040561,2521564.0,17.4285714286,90.5714285714,1,0.0,2,67.6110457143,46.2857142857,22.6170472857,27.0,10447.0,,,,,137777,2013-04-14
1366502400000,201317,9406.0,9406,9406.0,9406,0.0,373.02246,0,4,310620020131719589,2023-08-20,Belo Horizonte,499.0,0.6352334,2521564.0,14.8571428571,85.4285714286,0,0.0,2,62.7352937143,43.7142857143,20.220063,24.1428571429,6570.0,,,,,137777,2013-04-21
1367107200000,201318,4581.0,4581,4581.0,4581,0.0,181.67296,0,4,310620020131819589,2023-08-20,Belo Horizonte,334.0,0.35959688,2521564.0,15.7142857143,86.2857142857,0,0.0,2,59.2581037143,37.7142857143,22.1056422857,27.1428571429,3228.0,,,,,137777,2013-04-28
1367712000000,201319,3186.0,3186,3186.0,3186,0.0,126.35015,0,4,310620020131919589,2023-08-20,Belo Horizonte,169.0,0.34371042,2521564.0,14.5714285714,85.5714285714,0,0.0,2,55.4477118571,35.5714285714,21.753501,26.8571428571,2111.0,,,,,137777,2013-05-05
1368316800000,201320,3304.0,3304,3304.0,3304,0.0,131.02979,0,4,310620020132019589,2023-08-20,Belo Horizonte,151.0,0.5635171,2521564.0,16.2857142857,87.2857142857,1,0.0,2,63.2140407143,40.1428571429,22.2331228571,27.2857142857,1989.0,,,,,137777,2013-05-12
1368921600000,201321,2448.0,2448,2448.0,2448,0.0,97.0826,0,4,310620020132119589,2023-08-20,Belo Horizonte,168.0,0.63065326,2521564.0,16.8571428571,88.1428571429,1,0.0,2,69.4873947143,52.7142857143,21.5361347143,25.5714285714,1558.0,,,,,137777,2013-05-19
1369526400000,201322,1421.0,1421,1421.0,1421,0.0,56.353912,0,4,310620020132219589,2023-08-20,Belo Horizonte,71.0,0.46606046,2521564.0,16.2857142857,92.2857142857,1,0.0,2,79.1311848571,63.0,19.6479924286,23.2857142857,859.0,,,,,137777,2013-05-26
1370131200000,201323,1131.0,1131,1131.0,1131,0.0,44.853115,0,4,310620020132319589,2023-08-20,Belo Horizonte,67.0,0.47629416,2521564.0,15.8571428571,92.2857142857,0,0.0,2,73.3011198571,55.0,20.6526611429,25.0,627.0,,,,,137777,2013-06-02
1370736000000,201324,887.0,887,887.0,887,0.0,35.176582,0,4,310620020132419589,2023-08-20,Belo Horizonte,88.0,0.5298897,2521564.0,15.4285714286,91.4285714286,0,0.0,2,65.8739504286,43.0,20.8319328571,25.7142857143,433.0,,,,,137777,2013-06-09
1371340800000,201325,477.0,477,477.0,477,0.0,18.91683,0,4,310620020132519589,2023-08-20,Belo Horizonte,56.0,0.40332407,2521564.0,15.8571428571,89.8571428571,0,0.0,1,63.5630254286,42.5714285714,21.7899161429,26.4285714286,183.0,,,,,137777,2013-06-16
1371945600000,201326,273.0,273,273.0,273,0.0,10.826614,0,1,310620020132619589,2023-08-20,Belo Horizonte,35.0,0.32280663,2521564.0,16.7142857143,88.2857142857,1,0.0,1,64.9495808571,43.2857142857,21.9243692857,26.7142857143,118.0,,,,,137777,2013-06-23
1372550400000,201327,191.0,191,191.0,191,0.0,7.574664,0,1,310620020132719589,2023-08-20,Belo Horizonte,43.0,0.34791303,2521564.0,15.5714285714,85.0,0,0.0,1,61.2668061429,43.5714285714,20.484769,24.4285714286,62.0,,,,,137777,2013-06-30
1373155200000,201328,127.0,127,127.0,127,0.0,5.0365567,0,1,310620020132819589,2023-08-20,Belo Horizonte,26.0,0.38426536,2521564.0,14.4285714286,83.1428571429,0,0.0,1,58.4621852857,38.7142857143,20.2689072857,25.1428571429,53.0,,,,,137777,2013-07-07
1373760000000,201329,100.0,100,100.0,100,2e-10,3.9657927,0,1,310620020132919589,2023-08-20,Belo Horizonte,20.0,0.48025298,2521564.0,15.5714285714,84.7142857143,0,0.0,0,54.190651,30.5714285714,22.5157564286,28.0,31.0,,,,,137777,2013-07-14
1374364800000,201330,81.0,81,81.0,81,1.70611e-05,3.212292,0,1,310620020133019589,2023-08-20,Belo Horizonte,21.0,0.56871504,2521564.0,16.8571428571,83.4285714286,1,0.0,0,57.4201682857,36.0,23.1512607143,28.1428571429,35.0,,,,,137777,2013-07-21
1374969600000,201331,86.0,86,86.0,86,0.06956307,3.4105816,0,1,310620020133119589,2023-08-20,Belo Horizonte,63.0,0.8078554,2521564.0,13.2857142857,83.1428571429,0,0.0,0,49.2899161429,26.1428571429,20.970063,26.5714285714,22.0,,,,,137777,2013-07-28
1375574400000,201332,72.0,72,72.0,72,0.09001079,2.8553708,0,1,310620020133219589,2023-08-20,Belo Horizonte,71.0,0.80945426,2521564.0,14.7142857143,81.4285714286,0,0.0,0,48.655462,28.0,22.159664,27.2857142857,20.0,,,,,137777,2013-08-04
1376179200000,201333,56.0,56,56.0,56,0.018007023,2.2208438,0,1,310620020133319589,2023-08-20,Belo Horizonte,23.0,0.6970206,2521564.0,15.8571428571,75.8571428571,0,0.0,0,52.7394965714,35.0,22.252101,27.1428571429,8.0,,,,,137777,2013-08-11
1376784000000,201334,88.0,88,88.0,88,0.8875504,3.4898975,0,1,310620020133419589,2023-08-20,Belo Horizonte,23.0,1.2109765,2521564.0,15.4285714286,78.5714285714,0,0.0,0,55.0924375714,35.7142857143,20.9411767143,25.4285714286,7.0,,,,,137777,2013-08-18
1377388800000,201335,134.0,134,134.0,134,0.99998957,5.3141623,0,1,310620020133519589,2023-08-20,Belo Horizonte,23.0,1.8279378,2521564.0,15.4285714286,75.4285714286,0,1.0,1,47.0934875714,27.7142857143,22.5724792857,28.0,20.0,,,,,137777,2013-08-25
1377993600000,201336,109.0,109,109.0,109,0.89581954,4.322714,0,1,310620020133619589,2023-08-20,Belo Horizonte,23.0,1.1945748,2521564.0,15.4285714286,78.2857142857,0,0.0,0,54.5882347143,36.8571428571,21.2016807143,25.8571428571,19.0,,,,,137777,2013-09-01
1378598400000,201337,185.0,185,185.0,185,0.99997944,7.3367167,0,1,310620020133719589,2023-08-20,Belo Horizonte,20.0,1.6161574,2521564.0,15.7142857143,78.4285714286,0,1.0,1,49.3445381429,30.8571428571,22.2184871429,27.0,16.0,,,,,137777,2013-09-08
1379203200000,201338,91.0,91,91.0,91,0.003768293,3.6088712,0,1,310620020133819589,2023-08-20,Belo Horizonte,33.0,0.696807,2521564.0,18.1428571429,81.4285714286,1,0.0,0,55.404236,36.2857142857,24.0929037143,28.8571428571,18.0,,,,,137777,2013-09-15
1379808000000,201339,106.0,106,106.0,106,0.028244622,4.20374,0,1,310620020133919589,2023-08-20,Belo Horizonte,18.0,0.78197676,2521564.0,18.7142857143,74.2857142857,1,0.0,0,46.6134454286,27.8571428571,26.159664,31.8571428571,21.0,,,,,137777,2013-09-22
1380412800000,201340,72.0,72,72.0,72,0.0004788345,2.8553708,0,2,310620020134019589,2023-08-20,Belo Horizonte,27.0,0.61488366,2521564.0,18.0,92.4285714286,1,0.0,0,73.3158827143,51.0,21.7482704286,26.2857142857,14.0,,,,,137777,2013-09-29
1381017600000,201341,81.0,81,81.0,81,0.12029499,3.212292,0,1,310620020134119589,2023-08-20,Belo Horizonte,20.0,0.83858013,2521564.0,14.7142857143,85.7142857143,0,0.0,0,65.8333338571,51.7142857143,19.0896357143,22.4285714286,21.0,,,,,137777,2013-10-06
1381622400000,201342,102.0,102,102.0,102,0.8905317,4.0451083,0,1,310620020134219589,2023-08-20,Belo Horizonte,18.0,1.1967995,2521564.0,16.8571428571,83.7142857143,1,0.0,0,63.4115072857,44.4285714286,22.3549752857,26.7142857143,15.0,,,,,137777,2013-10-13
1382227200000,201343,110.0,110,110.0,110,0.9536628,4.362372,0,1,310620020134319589,2023-08-20,Belo Horizonte,17.0,1.271566,2521564.0,19.7142857143,80.0,1,0.0,0,51.4065125714,33.4285714286,25.9690124286,30.5714285714,25.0,,,,,137777,2013-10-20
1382832000000,201344,95.0,95,95.0,95,0.4594028,3.767503,0,2,310620020134419589,2023-08-20,Belo Horizonte,14.0,0.9854031,2521564.0,18.4285714286,83.0,1,0.0,0,59.527201,42.2857142857,23.9088901429,28.4285714286,15.0,,,,,137777,2013-10-27
1383436800000,201345,110.0,110,110.0,110,0.70427555,4.362372,0,2,310620020134519589,2023-08-20,Belo Horizonte,11.0,1.0763465,2521564.0,17.7142857143,85.2857142857,1,0.0,0,65.297853,49.0,22.4313724286,26.5714285714,22.0,,,,,137777,2013-11-03
1384041600000,201346,96.0,96,96.0,96,0.329679,3.8071609,0,2,310620020134619589,2023-08-20,Belo Horizonte,14.0,0.9394076,2521564.0,20.5714285714,78.1428571429,1,0.0,0,53.016987,35.0,26.2420817143,30.5714285714,11.0,,,,,137777,2013-11-10
1384646400000,201347,137.0,137,137.0,137,0.98381394,5.433136,0,2,310620020134719589,2023-08-20,Belo Horizonte,29.0,1.3185905,2521564.0,18.7142857143,80.8571428571,1,1.0,1,58.0643102857,41.1428571429,24.3340917143,28.4285714286,29.0,,,,,137777,2013-11-17
1385251200000,201348,125.0,125,125.0,125,0.8290924,4.957241,0,2,310620020134819589,2023-08-20,Belo Horizonte,18.0,1.13179,2521564.0,19.2857142857,89.0,1,0.0,0,77.8418834286,63.2857142857,22.1573054286,25.1428571429,17.0,,,,,137777,2013-11-24
1385856000000,201349,159.0,159,159.0,159,0.98398966,6.30561,0,2,310620020134919589,2023-08-20,Belo Horizonte,31.0,1.2917368,2521564.0,19.8571428571,90.1428571429,1,1.0,1,65.223623,43.7142857143,25.6437911429,30.4285714286,29.0,,,,,137777,2013-12-01
1386460800000,201350,155.0,155,155.0,155,0.8735931,6.146979,0,2,310620020135019589,2023-08-20,Belo Horizonte,22.0,1.1435466,2521564.0,19.5714285714,91.4285714286,1,0.0,1,78.3591611429,62.2857142857,23.0310277143,26.7142857143,31.0,,,,,137777,2013-12-08
1387065600000,201351,149.0,149,149.0,149,0.5448241,5.909031,0,2,310620020135119589,2023-08-20,Belo Horizonte,20.0,1.013155,2521564.0,19.1428571429,89.7142857143,1,0.0,1,75.359538,58.8571428571,22.7613794286,26.8571428571,33.0,,,,,137777,2013-12-15
1387670400000,201352,151.0,151,151.0,151,0.47970042,5.988347,0,2,310620020135219589,2023-08-20,Belo Horizonte,19.0,0.9941751,2521564.0,19.7142857143,93.1428571429,1,0.0,1,78.842105,63.4285714286,23.2865097143,27.1428571429,35.0,,,,,137777,2013-12-22
1388275200000,201401,199.0,199,199.0,199,0.99257827,7.8919272,0,2,310620020140119589,2023-08-20,Belo Horizonte,17.0,1.2973748,2521564.0,20.7142857143,87.7142857143,1,1.0,1,63.6886084286,44.5714285714,26.1197602857,30.7142857143,31.0,,,,,13439,2013-12-29
1388880000000,201402,379.0,379,379.0,379,1.0,15.0303545,0,3,310620020140219589,2023-08-20,Belo Horizonte,23.0,2.178175,2521564.0,19.5714285714,82.4285714286,1,1.0,1,55.3961594286,37.0,25.5900358571,30.0,61.0,,,,,13439,2014-01-05
1389484800000,201403,353.0,353,353.0,353,0.9999994,13.9992485,0,3,310620020140319589,2023-08-20,Belo Horizonte,27.0,1.4992831,2521564.0,19.7142857143,82.4285714286,1,1.0,1,56.0084032857,33.1428571429,25.7536485714,31.2857142857,44.0,,,,,13439,2014-01-12
1390089600000,201404,304.0,304,304.0,304,0.40405053,12.056009,0,3,310620020140419589,2023-08-20,Belo Horizonte,17.0,0.9806003,2521564.0,19.2857142857,89.0,1,0.0,1,63.9634101429,41.0,24.893149,30.1428571429,52.0,,,,,13439,2014-01-19
1390694400000,201405,379.0,379,379.0,379,0.9373514,15.0303545,0,2,310620020140519589,2023-08-20,Belo Horizonte,30.0,1.121339,2521564.0,19.5714285714,78.7142857143,1,0.0,1,52.0588238571,34.0,25.5882357143,30.0,78.0,,,,,13439,2014-01-26
1391299200000,201406,448.0,448,448.0,448,0.9998941,17.76675,0,2,310620020140619589,2023-08-20,Belo Horizonte,19.0,1.3025,2521564.0,19.8571428571,77.2857142857,1,1.0,1,48.6554625714,31.5714285714,26.4789914286,31.1428571429,97.0,,,,,13439,2014-02-02
1391904000000,201407,539.0,539,539.0,539,0.9999999,21.375622,0,3,310620020140719589,2023-08-20,Belo Horizonte,21.0,1.4072094,2521564.0,19.7142857143,75.8571428571,1,1.0,1,50.7169118571,31.2857142857,25.957458,30.7142857143,110.0,,,,,13439,2014-02-09
1392508800000,201408,503.0,503,503.0,503,0.96786356,19.947937,0,3,310620020140819589,2023-08-20,Belo Horizonte,23.0,1.127698,2521564.0,19.7142857143,83.0,1,1.0,1,58.3420282857,38.0,24.872899,29.4285714286,126.0,,,,,13439,2014-02-16
1393113600000,201409,430.0,430,430.0,430,0.023477916,17.052908,0,3,310620020140919589,2023-08-20,Belo Horizonte,25.0,0.8771611,2521564.0,19.5714285714,83.7142857143,1,0.0,1,56.4435704286,35.5714285714,25.772876,31.0,106.0,,,,,13439,2014-02-23
1393718400000,201410,379.0,379,379.0,379,0.0002323224,15.0303545,0,2,310620020141019589,2023-08-20,Belo Horizonte,16.0,0.78710884,2521564.0,19.2857142857,86.1428571429,1,0.0,1,67.5232197143,50.5714285714,23.764706,27.7142857143,109.0,,,,,13439,2014-03-02
1394323200000,201411,614.0,614,614.0,614,0.9999998,24.349966,0,2,310620020141119589,2023-08-20,Belo Horizonte,18.0,1.3667175,2521564.0,19.1428571429,87.5714285714,1,1.0,1,61.453781,43.1428571429,24.966387,29.1428571429,181.0,,,,,13439,2014-03-09
1394928000000,201412,673.0,673,673.0,673,1.0,26.689785,0,3,310620020141219589,2023-08-20,Belo Horizonte,40.0,1.4326488,2521564.0,19.7142857143,82.2857142857,1,1.0,1,56.8354344286,37.4285714286,25.7972964286,30.2857142857,189.0,,,,,13439,2014-03-16
1395532800000,201413,577.0,577,577.0,577,0.7320063,22.882624,0,3,310620020141319589,2023-08-20,Belo Horizonte,31.0,1.0374439,2521564.0,19.2857142857,84.5714285714,1,0.0,1,69.699684,55.2857142857,22.9777312857,26.2857142857,170.0,,,,,13439,2014-03-23
1396137600000,201414,575.0,575,575.0,575,0.15347326,22.803308,0,2,310620020141419589,2023-08-20,Belo Horizonte,23.0,0.9423812,2521564.0,19.8571428571,88.2857142857,1,0.0,1,73.3681841429,55.5714285714,23.4674604286,27.5714285714,205.0,,,,,13439,2014-03-30
1396742400000,201415,631.0,631,631.0,631,0.8027275,25.02415,0,2,310620020141519589,2023-08-20,Belo Horizonte,35.0,1.0496969,2521564.0,19.1428571429,84.4285714286,1,0.0,1,58.9921222857,39.7142857143,25.167017,29.8571428571,197.0,,,,,13439,2014-04-06
1397347200000,201416,495.0,495,495.0,495,0.002438826,19.630674,0,2,310620020141619589,2023-08-20,Belo Horizonte,29.0,0.8425153,2521564.0,20.1428571429,84.4285714286,1,0.0,1,67.1781214286,50.7142857143,24.3383851429,28.1428571429,196.0,,,,,13439,2014-04-13
1397952000000,201417,549.0,549,549.0,549,0.22329903,21.772202,0,2,310620020141719589,2023-08-20,Belo Horizonte,35.0,0.95561284,2521564.0,18.7142857143,90.5714285714,1,0.0,1,68.7494752857,48.2857142857,23.2157445714,27.5714285714,206.0,,,,,13439,2014-04-20
1398556800000,201418,431.0,431,431.0,431,0.0002307933,17.092566,0,1,310620020141819589,2023-08-20,Belo Horizonte,35.0,0.79819995,2521564.0,13.4285714286,80.8571428571,0,0.0,1,55.0541667143,35.7142857143,20.034629,24.8571428571,184.0,,,,,13439,2014-04-27
1399161600000,201419,370.0,370,370.0,370,5.166e-06,14.673433,0,1,310620020141919589,2023-08-20,Belo Horizonte,43.0,0.74036175,2521564.0,17.4285714286,82.5714285714,1,0.0,1,59.3917667143,41.2857142857,23.0388655714,27.5714285714,103.0,,,,,13439,2014-05-04
1399766400000,201420,323.0,323,323.0,323,8.8576e-06,12.80951,0,1,310620020142019589,2023-08-20,Belo Horizonte,37.0,0.7318386,2521564.0,14.2857142857,80.5714285714,0,0.0,1,54.4600037143,35.0,20.6180105714,25.4285714286,116.0,,,,,13439,2014-05-11
1400371200000,201421,343.0,343,343.0,343,0.08150159,13.602669,0,1,310620020142119589,2023-08-20,Belo Horizonte,22.0,0.90146065,2521564.0,17.0,83.2857142857,1,0.0,1,56.8910571429,38.1428571429,22.862245,27.5714285714,140.0,,,,,13439,2014-05-18
1400976000000,201422,279.0,279,279.0,279,0.0055380627,11.064562,0,1,310620020142219589,2023-08-20,Belo Horizonte,19.0,0.8152714,2521564.0,17.0,87.1428571429,1,0.0,1,66.3435598571,48.4285714286,21.2253857143,25.5714285714,122.0,,,,,13439,2014-05-25
1401580800000,201423,276.0,276,276.0,276,0.037593316,10.945588,0,1,310620020142319589,2023-08-20,Belo Horizonte,25.0,0.864212,2521564.0,16.0,89.0,0,0.0,1,60.3513654286,35.4285714286,21.9036415714,27.2857142857,108.0,,,,,13439,2014-06-01
1402185600000,201424,226.0,226,226.0,226,0.0017295349,8.962691,0,1,310620020142419589,2023-08-20,Belo Horizonte,26.0,0.7728501,2521564.0,16.1428571429,84.5714285714,1,0.0,1,61.6655462857,43.1428571429,20.9658262857,25.2857142857,101.0,,,,,13439,2014-06-08
1402790400000,201425,173.0,173,173.0,173,9.7287e-06,6.8608212,0,1,310620020142519589,2023-08-20,Belo Horizonte,7.0,0.6612031,2521564.0,15.4285714286,85.4285714286,0,0.0,1,61.6404565714,40.1428571429,20.782093,25.4285714286,45.0,,,,,13439,2014-06-15
1403395200000,201426,186.0,186,186.0,186,0.025615724,7.3763742,0,1,310620020142619589,2023-08-20,Belo Horizonte,25.0,0.8249233,2521564.0,14.1428571429,86.2857142857,0,0.0,1,58.662885,36.7142857143,20.2864844286,25.2857142857,59.0,,,,,13439,2014-06-22
1404000000000,201427,132.0,132,132.0,132,0.0004064533,5.234846,0,1,310620020142719589,2023-08-20,Belo Horizonte,20.0,0.6874279,2521564.0,16.1428571429,81.2857142857,1,0.0,1,51.5210084286,29.1428571429,22.445378,27.5714285714,36.0,,,,,13439,2014-06-29
1404604800000,201428,113.0,113,113.0,113,0.0005318437,4.4813457,0,1,310620020142819589,2023-08-20,Belo Horizonte,22.0,0.6743518,2521564.0,15.5714285714,81.4285714286,0,0.0,0,59.2402974286,38.8571428571,20.5310122857,25.0,34.0,,,,,13439,2014-07-06
1405209600000,201429,99.0,99,99.0,99,0.0033941143,3.9261348,0,1,310620020142919589,2023-08-20,Belo Horizonte,18.0,0.70345414,2521564.0,13.8571428571,82.1428571429,0,0.0,0,55.1739042857,36.0,19.8735792857,24.5714285714,28.0,,,,,13439,2014-07-13
1405814400000,201430,80.0,80,80.0,80,0.004755378,3.1726341,0,1,310620020143019589,2023-08-20,Belo Horizonte,12.0,0.6888554,2521564.0,14.7142857143,88.0,0,0.0,0,66.2579182857,48.5714285714,19.251067,23.2857142857,15.0,,,,,13439,2014-07-20
1406419200000,201431,83.0,83,83.0,83,0.12207489,3.2916079,0,1,310620020143119589,2023-08-20,Belo Horizonte,16.0,0.8413455,2521564.0,14.4285714286,81.5714285714,0,0.0,0,64.1871721429,50.1428571429,18.6047227143,21.7142857143,13.0,,,,,13439,2014-07-27
1407024000000,201432,64.0,64,64.0,64,0.034855895,2.5381074,0,1,310620020143219589,2023-08-20,Belo Horizonte,18.0,0.74314386,2521564.0,12.5714285714,77.1428571429,0,0.0,0,44.3430322857,24.1428571429,20.7819675714,26.5714285714,6.0,,,,,13439,2014-08-03
1407628800000,201433,71.0,71,71.0,71,0.29208216,2.8157127,0,1,310620020143319589,2023-08-20,Belo Horizonte,9.0,0.9143216,2521564.0,14.1428571429,77.7142857143,0,0.0,0,52.4444025714,32.1428571429,20.7516508571,26.2857142857,15.0,,,,,13439,2014-08-10
1408233600000,201434,71.0,71,71.0,71,0.48650685,2.8157127,0,1,310620020143419589,2023-08-20,Belo Horizonte,10.0,0.99436283,2521564.0,15.7142857143,80.8571428571,0,0.0,0,51.4573684286,31.2857142857,21.8204484286,26.8571428571,11.0,,,,,13439,2014-08-17
1408838400000,201435,97.0,97,97.0,97,0.97770697,3.846819,0,1,310620020143519589,2023-08-20,Belo Horizonte,16.0,1.3647115,2521564.0,16.7142857143,71.5714285714,1,0.0,0,43.177015,22.4285714286,24.4156352857,30.1428571429,10.0,,,,,13439,2014-08-24
1409443200000,201436,73.0,73,73.0,73,0.37925833,2.8950286,0,1,310620020143619589,2023-08-20,Belo Horizonte,28.0,0.95112216,2521564.0,16.0,78.8571428571,0,0.0,0,49.1362832857,31.1428571429,22.8807195714,28.1428571429,9.0,,,,,13439,2014-08-31
1410048000000,201437,83.0,83,83.0,83,0.5264138,3.2916079,0,1,310620020143719589,2023-08-20,Belo Horizonte,11.0,1.0103388,2521564.0,14.7142857143,76.4285714286,0,0.0,0,44.1612398571,23.7142857143,22.2331182857,27.4285714286,12.0,,,,,13439,2014-09-07
1410652800000,201438,79.0,79,79.0,79,0.43393505,3.1329763,0,1,310620020143819589,2023-08-20,Belo Horizonte,27.0,0.9741119,2521564.0,17.7142857143,65.7142857143,1,0.0,0,40.7523011429,24.8571428571,25.2113121429,30.4285714286,13.0,,,,,13439,2014-09-14
1411257600000,201439,113.0,113,113.0,113,0.9882226,4.4813457,0,1,310620020143919589,2023-08-20,Belo Horizonte,20.0,1.3855829,2521564.0,18.1428571429,64.7142857143,1,0.0,0,41.3215711429,25.8571428571,24.6920142857,29.5714285714,10.0,,,,,13439,2014-09-21
1411862400000,201440,142.0,142,142.0,142,0.99961245,5.6314254,0,2,310620020144019589,2023-08-20,Belo Horizonte,26.0,1.5606066,2521564.0,19.1428571429,72.5714285714,1,1.0,1,45.6665732857,29.8571428571,25.0116714286,30.0,14.0,,,,,13439,2014-09-28
1412467200000,201441,129.0,129,129.0,129,0.88666195,5.1158724,0,1,310620020144119589,2023-08-20,Belo Horizonte,25.0,1.1691273,2521564.0,14.8571428571,70.8571428571,0,0.0,1,39.1612392857,22.7142857143,22.2064077143,26.7142857143,7.0,,,,,13439,2014-10-05
1413072000000,201442,115.0,115,115.0,115,0.23772886,4.560662,0,1,310620020144219589,2023-08-20,Belo Horizonte,50.0,0.9122732,2521564.0,21.1428571429,59.7142857143,1,0.0,0,33.5940125714,20.4285714286,29.1897172857,34.0,7.0,,,,,13439,2014-10-12
1413676800000,201443,116.0,116,116.0,116,0.25216812,4.6003194,0,1,310620020144319589,2023-08-20,Belo Horizonte,48.0,0.9179009,2521564.0,19.4285714286,78.5714285714,1,0.0,0,52.9072628571,36.0,25.1296918571,29.5714285714,12.0,,,,,13439,2014-10-19
1414281600000,201444,116.0,116,116.0,116,0.40706116,4.6003194,0,2,310620020144419589,2023-08-20,Belo Horizonte,36.0,0.9698806,2521564.0,18.1428571429,89.7142857143,1,0.0,0,69.5631732857,53.0,22.4253281429,25.8571428571,18.0,,,,,13439,2014-10-26
1414886400000,201445,150.0,150,150.0,150,0.9754592,5.948689,0,2,310620020144519589,2023-08-20,Belo Horizonte,31.0,1.2724742,2521564.0,20.0,75.1428571429,1,1.0,1,50.9627852857,35.2857142857,26.0654262857,30.2857142857,20.0,,,,,13439,2014-11-02
1415491200000,201446,128.0,128,128.0,128,0.59095913,5.076215,0,2,310620020144619589,2023-08-20,Belo Horizonte,40.0,1.0293344,2521564.0,19.7142857143,89.1428571429,1,0.0,1,70.9995807143,50.0,23.2738792857,27.8571428571,16.0,,,,,13439,2014-11-09
1416096000000,201447,167.0,167,167.0,167,0.96888345,6.622874,0,2,310620020144719589,2023-08-20,Belo Horizonte,21.0,1.2398953,2521564.0,17.4285714286,78.0,1,1.0,1,51.1260498571,31.8571428571,24.1932774286,28.8571428571,10.0,,,,,13439,2014-11-16
1416700800000,201448,110.0,110,110.0,110,0.026633773,4.362372,0,2,310620020144819589,2023-08-20,Belo Horizonte,22.0,0.78291273,2521564.0,20.0,93.1428571429,1,0.0,0,80.4767814286,58.8571428571,22.6314895714,26.2857142857,14.0,,,,,13439,2014-11-23
1417305600000,201449,124.0,124,124.0,124,0.16883141,4.917583,0,2,310620020144919589,2023-08-20,Belo Horizonte,14.0,0.8886614,2521564.0,18.4285714286,88.1428571429,1,0.0,0,71.6908968571,50.5714285714,22.3426701429,25.8571428571,21.0,,,,,13439,2014-11-30
1417910400000,201450,129.0,129,129.0,129,0.50365084,5.1158724,0,2,310620020145019589,2023-08-20,Belo Horizonte,23.0,1.0011386,2521564.0,19.5714285714,83.1428571429,1,0.0,1,62.3636792857,46.1428571429,24.3963582857,28.0,25.0,,,,,13439,2014-12-07
1418515200000,201451,97.0,97,97.0,97,0.04424207,3.846819,0,2,310620020145119589,2023-08-20,Belo Horizonte,33.0,0.79416424,2521564.0,20.0,86.8571428571,1,0.0,0,64.5831002857,41.1428571429,24.7239144286,28.7142857143,17.0,,,,,13439,2014-12-14
1419120000000,201452,81.0,81,81.0,81,0.0061014807,3.212292,0,2,310620020145219589,2023-08-20,Belo Horizonte,20.0,0.6982227,2521564.0,20.7142857143,84.0,1,0.0,0,63.5152575714,46.2857142857,25.5501992857,29.2857142857,15.0,,,,,13439,2014-12-21
1419724800000,201453,43.0,43,43.0,43,8.697e-07,1.7052908,0,2,310620020145319589,2023-08-20,Belo Horizonte,15.0,0.4341777,2521564.0,21.5714285714,74.8571428571,1,0.0,0,48.9495801429,30.0,28.1736695714,33.4285714286,13.0,,,,,13439,2014-12-28
1420329600000,201501,120.0,120,120.0,120,0.9976607,4.758951,0,2,310620020150119589,2023-08-20,Belo Horizonte,33.0,1.4962873,2521564.0,20.2857142857,80.8571428571,1,0.0,0,54.2488318571,36.8571428571,25.9453781429,30.1428571429,21.0,,,,,34571,2015-01-04
1420934400000,201502,150.0,150,150.0,150,0.99999857,5.948689,0,2,310620020150219589,2023-08-20,Belo Horizonte,26.0,1.8817066,2521564.0,21.0,65.5714285714,1,1.0,1,42.5798322857,26.2857142857,27.6638658571,32.0,32.0,,,,,34571,2015-01-11
1421539200000,201503,157.0,157,157.0,157,0.9987866,6.2262945,0,3,310620020150319589,2023-08-20,Belo Horizonte,12.0,1.4554474,2521564.0,20.5714285714,69.1428571429,1,1.0,1,47.7526257143,30.5714285714,27.0189074286,31.7142857143,45.0,,,,,34571,2015-01-18
1422144000000,201504,165.0,165,165.0,165,0.9364989,6.543558,0,3,310620020150419589,2023-08-20,Belo Horizonte,13.0,1.191598,2521564.0,20.2857142857,86.1428571429,1,0.0,1,63.6669622857,38.0,25.4275761429,30.5714285714,50.0,,,,,34571,2015-01-25
1422748800000,201505,150.0,150,150.0,150,0.4172908,5.948689,0,2,310620020150519589,2023-08-20,Belo Horizonte,20.0,0.97634745,2521564.0,20.0,86.2857142857,1,0.0,1,69.4296618571,42.5714285714,23.7360921429,26.7142857143,52.0,,,,,34571,2015-02-01
1423353600000,201506,178.0,178,178.0,178,0.8582897,7.059111,0,2,310620020150619589,2023-08-20,Belo Horizonte,22.0,1.124041,2521564.0,20.1428571429,87.5714285714,1,0.0,1,64.5181568571,40.4285714286,24.9480877143,28.5714285714,66.0,,,,,34571,2015-02-08
1423958400000,201507,223.0,223,223.0,223,0.99867797,8.843718,0,2,310620020150719589,2023-08-20,Belo Horizonte,18.0,1.3594679,2521564.0,20.1428571429,84.0,1,1.0,1,64.3463107143,45.1428571429,24.7551938571,28.7142857143,89.0,,,,,34571,2015-02-15
1424563200000,201508,250.0,250,250.0,250,0.99920326,9.914482,0,3,310620020150819589,2023-08-20,Belo Horizonte,35.0,1.3558284,2521564.0,19.8571428571,86.1428571429,1,1.0,1,63.0939852857,44.2857142857,25.0528777143,29.5714285714,78.0,,,,,34571,2015-02-22
1425168000000,201509,419.0,419,419.0,419,1.0,16.61667,0,3,310620020150919589,2023-08-20,Belo Horizonte,44.0,1.8705277,2521564.0,20.2857142857,83.7142857143,1,1.0,1,66.0147177143,48.7142857143,24.653909,28.4285714286,187.0,,,,,34571,2015-03-01
1425772800000,201510,615.0,615,615.0,615,1.0,24.389626,0,3,310620020151019589,2023-08-20,Belo Horizonte,58.0,2.0597308,2521564.0,19.8571428571,89.8571428571,1,1.0,1,72.467845,54.2857142857,24.2327844286,28.4285714286,282.0,,,,,34571,2015-03-08
1426377600000,201511,802.0,802,802.0,802,1.0,31.805656,0,3,310620020151119589,2023-08-20,Belo Horizonte,46.0,1.8538576,2521564.0,19.8571428571,86.1428571429,1,1.0,1,64.550991,48.4285714286,24.3917911429,27.5714285714,395.0,,,,,34571,2015-03-15
1426982400000,201512,979.0,979,979.0,979,1.0,38.82511,0,3,310620020151219589,2023-08-20,Belo Horizonte,60.0,1.6097658,2521564.0,19.8571428571,88.2857142857,1,1.0,2,69.061345,50.4285714286,24.5537814286,28.2857142857,494.0,,,,,34571,2015-03-22
1427587200000,201513,1105.0,1105,1105.0,1105,1.0,43.82201,0,3,310620020151319589,2023-08-20,Belo Horizonte,71.0,1.4003768,2521564.0,20.2857142857,85.8571428571,1,1.0,2,69.9184421429,55.5714285714,24.439076,28.1428571429,676.0,,,,,34571,2015-03-29
1428192000000,201514,1812.0,1812,1812.0,1812,1.0,71.86016,0,4,310620020151419589,2023-08-20,Belo Horizonte,91.0,1.8397256,2521564.0,18.1428571429,89.7142857143,1,1.0,2,72.6782662857,55.2857142857,22.1760562857,25.5714285714,1152.0,,,,,34571,2015-04-05
1428796800000,201515,1972.0,1972,1972.0,1972,1.0,78.20543,0,4,310620020151519589,2023-08-20,Belo Horizonte,124.0,1.554317,2521564.0,18.4285714286,82.0,1,1.0,2,60.5730051429,43.8571428571,23.8933822857,27.5714285714,1231.0,,,,,34571,2015-04-12
1429401600000,201516,2138.0,2138,2138.0,2138,1.0,84.78865,0,4,310620020151619589,2023-08-20,Belo Horizonte,119.0,1.3041719,2521564.0,20.2857142857,89.8571428571,1,1.0,2,70.0616231429,52.1428571429,24.799428,28.7142857143,1430.0,,,,,34571,2015-04-19
1430006400000,201517,2996.0,2996,2996.0,2996,1.0,118.81515,0,4,310620020151719589,2023-08-20,Belo Horizonte,116.0,1.5220773,2521564.0,17.1428571429,84.1428571429,1,1.0,2,67.2006307143,50.2857142857,21.5787815714,25.5714285714,2193.0,,,,,34571,2015-04-26
1430611200000,201518,3102.0,3102,3102.0,3102,1.0,123.01889,0,4,310620020151819589,2023-08-20,Belo Horizonte,430.0,1.3339697,2521564.0,17.5714285714,89.0,1,1.0,2,73.0883104286,56.2857142857,21.4663114286,25.0,2182.0,,,,,34571,2015-05-03
1431216000000,201519,2709.0,2709,2709.0,2709,0.41899815,107.43333,0,4,310620020151919589,2023-08-20,Belo Horizonte,170.0,0.9944681,2521564.0,16.2857142857,86.5714285714,1,0.0,2,71.6306592857,57.1428571429,20.0259681429,23.2857142857,1838.0,,,,,34571,2015-05-10
1431820800000,201520,2085.0,2085,2085.0,2085,0.0,82.686775,0,4,310620020152019589,2023-08-20,Belo Horizonte,121.0,0.7303106,2521564.0,16.8571428571,86.5714285714,1,0.0,2,69.8071081429,55.5714285714,20.0311624286,23.0,1360.0,,,,,34571,2015-05-17
1432425600000,201521,1536.0,1536,1536.0,1536,0.0,60.914574,0,4,310620020152119589,2023-08-20,Belo Horizonte,105.0,0.5929893,2521564.0,15.8571428571,91.4285714286,0,0.0,2,64.3571437143,41.8571428571,21.8844535714,26.5714285714,761.0,,,,,34571,2015-05-24
1433030400000,201522,1214.0,1214,1214.0,1214,0.0,48.144722,0,4,310620020152219589,2023-08-20,Belo Horizonte,83.0,0.5765708,2521564.0,16.7142857143,89.8571428571,1,0.0,2,70.936449,51.8571428571,20.8571431429,24.7142857143,644.0,,,,,34571,2015-05-31
1433635200000,201523,1160.0,1160,1160.0,1160,0.0,46.003197,0,4,310620020152319589,2023-08-20,Belo Horizonte,59.0,0.70987976,2521564.0,14.8571428571,87.1428571429,0,0.0,2,58.4528722857,36.4285714286,21.4282565714,26.4285714286,626.0,,,,,34571,2015-06-07
1434240000000,201524,868.0,868,868.0,868,0.0,34.42308,0,4,310620020152419589,2023-08-20,Belo Horizonte,52.0,0.66333985,2521564.0,16.7142857143,85.5714285714,1,0.0,2,65.0306014286,49.4285714286,21.5990545714,25.4285714286,409.0,,,,,34571,2015-06-14
1434844800000,201525,563.0,563,563.0,563,0.0,22.327414,0,4,310620020152519589,2023-08-20,Belo Horizonte,25.0,0.5167552,2521564.0,14.5714285714,84.5714285714,0,0.0,1,65.8982252857,50.1428571429,18.4967321429,22.0,257.0,,,,,34571,2015-06-21
1435449600000,201526,423.0,423,423.0,423,0.0,16.775303,0,1,310620020152619589,2023-08-20,Belo Horizonte,33.0,0.4926217,2521564.0,14.7142857143,86.2857142857,0,0.0,1,62.3328587143,43.8571428571,20.3694978571,24.5714285714,162.0,,,,,34571,2015-06-28
1436054400000,201527,300.0,300,300.0,300,0.0,11.897378,0,1,310620020152719589,2023-08-20,Belo Horizonte,33.0,0.48277736,2521564.0,16.0,84.8571428571,0,0.0,1,64.142857,45.7142857143,20.848739,25.0,92.0,,,,,34571,2015-07-05
1436659200000,201528,256.0,256,256.0,256,0.0,10.15243,0,1,310620020152819589,2023-08-20,Belo Horizonte,24.0,0.5771422,2521564.0,15.5714285714,84.5714285714,0,0.0,1,58.9769545714,37.2857142857,21.0678635714,25.7142857143,80.0,,,,,34571,2015-07-12
1437264000000,201529,177.0,177,177.0,177,0.0,7.019453,0,1,310620020152919589,2023-08-20,Belo Horizonte,14.0,0.53973615,2521564.0,15.1428571429,80.8571428571,0,0.0,1,60.134454,45.5714285714,19.9663864286,23.4285714286,52.0,,,,,34571,2015-07-19
1437868800000,201530,149.0,149,149.0,149,1.405e-07,5.909031,0,1,310620020153019589,2023-08-20,Belo Horizonte,23.0,0.5935188,2521564.0,16.3333333333,82.5,1,0.0,1,59.2409701667,37.6666666667,21.4545925,25.6666666667,46.0,,,,,34571,2015-07-26
1438473600000,201531,144.0,144,144.0,144,0.0029338025,5.7107415,0,1,310620020153119589,2023-08-20,Belo Horizonte,15.0,0.7402296,2521564.0,14.8571428571,73.5714285714,0,0.0,1,47.5546215714,29.1428571429,21.8319325714,26.8571428571,23.0,,,,,34571,2015-08-02
1439078400000,201532,126.0,126,126.0,126,0.024596348,4.9968987,0,1,310620020153219589,2023-08-20,Belo Horizonte,17.0,0.79182255,2521564.0,15.0,81.5714285714,0,0.0,0,56.5936368571,39.7142857143,20.0780312857,24.1428571429,24.0,,,,,34571,2015-08-09
1439683200000,201533,93.0,93,93.0,93,0.001035195,3.6881871,0,1,310620020153319589,2023-08-20,Belo Horizonte,22.0,0.66550964,2521564.0,16.2857142857,79.4285714286,1,0.0,0,54.1344545714,36.4285714286,22.5462182857,27.1428571429,8.0,,,,,34571,2015-08-16
1440288000000,201534,104.0,104,104.0,104,0.11388384,4.1244245,0,1,310620020153419589,2023-08-20,Belo Horizonte,13.0,0.8518121,2521564.0,17.4285714286,76.8571428571,1,0.0,0,51.921219,33.8571428571,23.9059877143,28.8571428571,6.0,,,,,34571,2015-08-23
1440892800000,201535,147.0,147,147.0,147,0.9911806,5.8297153,0,2,310620020153519589,2023-08-20,Belo Horizonte,26.0,1.3467621,2521564.0,17.7142857143,77.5714285714,1,1.0,1,43.9905695714,23.1428571429,25.5848737143,31.4285714286,6.0,,,,,34571,2015-08-30
1441497600000,201536,83.0,83,83.0,83,0.020083448,3.2916079,0,2,310620020153619589,2023-08-20,Belo Horizonte,66.0,0.74435806,2521564.0,18.7142857143,86.2857142857,1,0.0,0,67.715219,49.5714285714,22.8986595714,26.8571428571,12.0,,,,,34571,2015-09-06
1442102400000,201537,129.0,129,129.0,129,0.78876317,5.1158724,0,2,310620020153719589,2023-08-20,Belo Horizonte,26.0,1.1077056,2521564.0,18.0,80.1428571429,1,0.0,1,53.9210907143,34.8571428571,24.5891455714,29.7142857143,14.0,,,,,34571,2015-09-13
1442707200000,201538,130.0,130,130.0,130,0.8633701,5.1555305,0,2,310620020153819589,2023-08-20,Belo Horizonte,53.0,1.1508574,2521564.0,20.4285714286,58.7142857143,1,0.0,1,34.4873945714,20.8571428571,28.7394957143,33.7142857143,7.0,,,,,34571,2015-09-20
1443312000000,201539,124.0,124,124.0,124,0.64777184,4.917583,0,2,310620020153919589,2023-08-20,Belo Horizonte,19.0,1.0498829,2521564.0,21.4285714286,61.2857142857,1,0.0,0,38.9929967143,24.8571428571,28.0901027143,32.7142857143,11.0,,,,,34571,2015-09-27
1443916800000,201540,103.0,103,103.0,103,0.08318353,4.0847664,0,2,310620020154019589,2023-08-20,Belo Horizonte,11.0,0.83206135,2521564.0,19.7142857143,70.4285714286,1,0.0,0,43.7310922857,27.0,26.6134452857,31.5714285714,10.0,,,,,34571,2015-10-04
1444521600000,201541,102.0,102,102.0,102,0.1298101,4.0451083,0,2,310620020154119589,2023-08-20,Belo Horizonte,15.0,0.8592541,2521564.0,21.7142857143,49.4285714286,1,0.0,0,30.7909497143,19.5714285714,28.6813185714,33.2857142857,14.0,,,,,34571,2015-10-11
1445126400000,201542,104.0,104,104.0,104,0.36586285,4.1244245,0,2,310620020154219589,2023-08-20,Belo Horizonte,30.0,0.95418656,2521564.0,22.0,70.8571428571,1,0.0,0,49.3294111429,33.0,27.4907561429,32.1428571429,25.0,,,,,34571,2015-10-18
1445731200000,201543,124.0,124,124.0,124,0.89883304,4.917583,0,2,310620020154319589,2023-08-20,Belo Horizonte,34.0,1.1836201,2521564.0,19.8571428571,84.5714285714,1,0.0,0,57.892625,39.8571428571,25.2399625714,29.5714285714,18.0,,,,,34571,2015-10-25
1446336000000,201544,141.0,141,141.0,141,0.9754729,5.591768,0,2,310620020154419589,2023-08-20,Belo Horizonte,26.0,1.2827941,2521564.0,23.0,64.25,1,1.0,1,40.552941875,26.375,29.31715725,33.625,21.0,,,,,34571,2015-11-01
1446940800000,201545,177.0,177,177.0,177,0.99885154,7.019453,0,3,310620020154519589,2023-08-20,Belo Horizonte,22.0,1.424107,2521564.0,21.5714285714,75.7142857143,1,1.0,1,53.1221982857,37.0,27.1760621429,31.8571428571,48.0,,,,,34571,2015-11-08
1447545600000,201546,226.0,226,226.0,226,0.99997836,8.962691,0,3,310620020154619589,2023-08-20,Belo Horizonte,25.0,1.5335853,2521564.0,21.1666666667,90.1666666667,1,1.0,1,73.5569441667,58.3333333333,24.4289355,27.6666666667,78.0,,,,,34571,2015-11-15
1448150400000,201547,329.0,329,329.0,329,1.0,13.047458,0,3,310620020154719589,2023-08-20,Belo Horizonte,42.0,1.7846617,2521564.0,19.7142857143,85.2857142857,1,1.0,1,65.76669,51.5714285714,24.9834957143,28.5714285714,118.0,,,,,34571,2015-11-22
1448755200000,201548,383.0,383,383.0,383,1.0,15.188986,0,3,310620020154819589,2023-08-20,Belo Horizonte,52.0,1.5862298,2521564.0,20.5714285714,91.4285714286,1,1.0,1,68.555881,45.7142857143,25.5210361429,30.8571428571,144.0,,,,,34571,2015-11-29
1449360000000,201549,544.0,544,544.0,544,1.0,21.573912,0,3,310620020154919589,2023-08-20,Belo Horizonte,68.0,1.709717,2521564.0,20.7142857143,89.1428571429,1,1.0,1,78.2296931429,65.4285714286,23.0443514286,26.0,278.0,,,,,34571,2015-12-06
1449964800000,201550,827.0,827,827.0,827,1.0,32.797104,0,3,310620020155019589,2023-08-20,Belo Horizonte,170.0,1.9611502,2521564.0,20.4,83.6,1,1.0,1,78.435294,73.4,21.3058822,22.8,466.0,,,,,34571,2015-12-13
1450569600000,201551,888.0,888,888.0,888,1.0,35.21624,0,3,310620020155119589,2023-08-20,Belo Horizonte,70.0,1.5402182,2521564.0,21.0,76.5714285714,1,1.0,2,73.5408161429,70.4285714286,21.5816325714,22.2857142857,567.0,,,,,34571,2015-12-20
1451174400000,201552,770.0,770,770.0,770,0.7787299,30.536604,0,3,310620020155219589,2023-08-20,Belo Horizonte,88.0,1.040305,2521564.0,20.8571428571,82.2857142857,1,0.0,1,78.0336134286,75.8571428571,21.8235294286,22.4285714286,803.0,,,,,34571,2015-12-27
1451779200000,201601,2807.0,2807,2807.0,2807,1.0,111.3198,0,2,310620020160119589,2023-08-20,Belo Horizonte,141.0,3.040006,2521564.0,20.2857142857,83.7142857143,1,1.0,2,80.4285714286,79.0,21.0225562857,21.4285714286,1997.0,,,,,193667,2016-01-03
1452384000000,201602,3258.0,3258,3258.0,3258,1.0,129.20552,0,4,310620020160219589,2023-08-20,Belo Horizonte,204.0,2.2874665,2521564.0,21.5714285714,85.5714285714,1,1.0,2,85.1857142857,84.7142857143,21.6642857143,21.8571428571,2577.0,,,,,193667,2016-01-10
1452988800000,201603,3988.0,3988,3988.0,3988,1.0,158.1558,0,4,310620020160319589,2023-08-20,Belo Horizonte,227.0,1.6887661,2521564.0,20.0,89.8571428571,1,1.0,2,87.6476185714,86.0,20.5619045714,21.0,3100.0,,,,,193667,2016-01-17
1453593600000,201604,5420.0,5420,5420.0,5420,1.0,214.94597,0,4,310620020160419589,2023-08-20,Belo Horizonte,230.0,1.6513335,2521564.0,21.0,87.5714285714,1,1.0,2,80.8776848571,74.0,22.4201681429,23.7142857143,4316.0,,,,,193667,2016-01-24
1454198400000,201605,7204.0,7204,7204.0,7204,1.0,285.6957,0,4,310620020160519589,2023-08-20,Belo Horizonte,424.0,1.7011268,2521564.0,20.5714285714,79.4285714286,1,1.0,2,54.8314077143,35.8571428571,26.8991598571,31.1428571429,6137.0,,,,,193667,2016-01-31
1454803200000,201606,8792.0,8792,8792.0,8792,1.0,348.6725,0,4,310620020160619589,2023-08-20,Belo Horizonte,447.0,1.5888566,2521564.0,21.0,78.8571428571,1,1.0,2,59.5378148571,42.1428571429,26.0504202857,30.4285714286,7298.0,,,,,193667,2016-02-07
1455408000000,201607,13206.0,13206,,13206,1.0,523.7226,0,4,310620020160719589,2023-08-20,Belo Horizonte,483.0,1.8200098,2521564.0,21.7142857143,83.0,1,1.0,2,79.4910714286,77.5714285714,22.2767857143,22.8571428571,11112.0,,,,,193667,2016-02-14
1456012800000,201608,16228.0,16228,,16228,1.0,643.56885,0,4,310620020160819589,2023-08-20,Belo Horizonte,646.0,1.6846198,2521564.0,21.0,79.4285714286,1,1.0,2,76.6587307143,74.1428571429,21.7380951429,22.4285714286,13880.0,,,,,193667,2016-02-21
1456617600000,201609,14230.0,14230,,14230,1.0,564.3323,0,4,310620020160919589,2023-08-20,Belo Horizonte,675.0,1.1380048,2521564.0,20.5714285714,86.8571428571,1,1.0,2,84.7928571429,81.1428571429,20.9642857143,21.8571428571,12141.0,,,,,193667,2016-02-28
1457222400000,201610,14993.0,14993,,14993,0.9994898,594.5913,0,4,310620020161019589,2023-08-20,Belo Horizonte,621.0,1.0390464,2521564.0,21.1428571429,83.0,1,1.0,2,80.3619042857,78.0,21.5238094286,22.0,12790.0,,,,,193667,2016-03-06
1457827200000,201611,14783.0,14783,,14783,0.50091225,586.2631,0,4,310620020161119589,2023-08-20,Belo Horizonte,509.0,1.0000266,2521564.0,20.2857142857,85.1428571429,1,0.0,2,81.9159665714,79.0,20.9243698571,21.5714285714,12984.0,,,,,193667,2016-03-13
1458432000000,201612,10991.0,10991,,10991,0.0,435.88028,0,4,310620020161219589,2023-08-20,Belo Horizonte,668.0,0.7563864,2521564.0,20.2857142857,85.2857142857,1,0.0,2,82.9075628571,80.7142857143,20.8403361429,21.4285714286,9713.0,,,,,193667,2016-03-20
1459036800000,201613,13344.0,13344,,13344,0.007126511,529.1954,0,4,310620020161319589,2023-08-20,Belo Horizonte,521.0,0.97065777,2521564.0,20.4285714286,83.1428571429,1,0.0,2,78.1809522857,74.7142857143,21.4095238571,22.0,11235.0,,,,,193667,2016-03-27
1459641600000,201614,14271.0,14271,,14271,1.0,565.95825,0,4,310620020161419589,2023-08-20,Belo Horizonte,463.0,1.1118007,2521564.0,19.8571428571,82.2857142857,1,1.0,2,72.3769842857,66.0,21.9186507143,23.2857142857,12163.0,,,,,193667,2016-04-03
1460246400000,201615,11257.0,11257,,11257,0.0,446.4293,0,4,310620020161519589,2023-08-20,Belo Horizonte,160.0,0.8719293,2521564.0,20.0,76.0,1,0.0,2,59.7031976,45.0,24.1670588,27.6,9679.0,,,,,193667,2016-04-10
1460851200000,201616,8773.0,8773,8773.0,8773,0.0,347.91898,0,4,310620020161619589,2023-08-20,Belo Horizonte,3.0,0.6864284,2521564.0,19.1666666667,,1,0.0,2,,,,,7830.0,,,,,193667,2016-04-17
1461456000000,201617,8031.0,8031,8031.0,8031,0.0,318.4928,0,4,310620020161719589,2023-08-20,Belo Horizonte,2.0,0.71249646,2521564.0,18.3333333333,84.8333333333,1,0.0,2,83.7129633333,83.0,18.5462965,18.6666666667,7171.0,,,,,193667,2016-04-24
1462060800000,201618,6266.0,6266,6266.0,6266,0.0,248.49657,0,4,310620020161819589,2023-08-20,Belo Horizonte,1.0,0.6711297,2521564.0,16.5,82.5,1,0.0,2,82.5,82.5,16.5,16.5,5511.0,,,,,193667,2016-05-01
1462665600000,201619,3732.0,3732,3732.0,3732,0.0,148.00339,0,4,310620020161919589,2023-08-20,Belo Horizonte,0.0,0.48359364,2521564.0,18.0,82.8,1,0.0,2,79.1333328,77.4,18.84,19.4,3181.0,,,,,193667,2016-05-08
1463270400000,201620,2426.0,2426,2426.0,2426,0.0,96.21013,0,4,310620020162019589,2023-08-20,Belo Horizonte,2.0,0.40416238,2521564.0,17.8333333333,86.5,1,0.0,2,84.21875,82.1666666667,18.2395833333,18.6666666667,2037.0,,,,,193667,2016-05-15
1463875200000,201621,1493.0,1493,1493.0,1493,0.0,59.209286,0,4,310620020162119589,2023-08-20,Belo Horizonte,0.0,0.36004704,2521564.0,16.0,86.2857142857,0,0.0,2,82.4285714286,78.8571428571,16.9183674286,17.5714285714,1157.0,,,,,193667,2016-05-22
1464480000000,201622,1329.0,1329,1329.0,1329,0.0,52.705383,0,4,310620020162219589,2023-08-20,Belo Horizonte,1.0,0.49608517,2521564.0,16.4285714286,88.1428571429,1,0.0,2,86.8739492857,85.8571428571,16.5798318571,16.7142857143,812.0,,,,,193667,2016-05-29
1465084800000,201623,715.0,715,715.0,715,0.0,28.355417,0,4,310620020162319589,2023-08-20,Belo Horizonte,0.0,0.40323114,2521564.0,17.6666666667,88.3333333333,1,0.0,1,86.137255,82.6666666667,18.5098038333,19.3333333333,523.0,,,,,193667,2016-06-05
1465689600000,201624,476.0,476,476.0,476,0.0,18.877172,0,1,310620020162419589,2023-08-20,Belo Horizonte,1.0,0.3843242,2521564.0,12.4285714286,85.4285714286,0,0.0,1,81.6390974286,78.5714285714,13.4360901429,14.2857142857,369.0,,,,,193667,2016-06-12
1466294400000,201625,305.0,305,305.0,305,0.0,12.095668,0,1,310620020162519589,2023-08-20,Belo Horizonte,0.0,0.3673207,2521564.0,15.0,83.8571428571,0,0.0,1,79.9375,76.4285714286,15.9285714286,16.5714285714,211.0,,,,,193667,2016-06-19
1466899200000,201626,242.0,242,242.0,242,0.0,9.5972185,0,1,310620020162619589,2023-08-20,Belo Horizonte,0.0,0.4579227,2521564.0,14.7142857143,83.8571428571,0,0.0,1,80.1176471429,77.5714285714,15.4033614286,15.8571428571,122.0,,,,,193667,2016-06-26
1467504000000,201627,186.0,186,186.0,186,0.0,7.3763742,0,1,310620020162719589,2023-08-20,Belo Horizonte,0.0,0.5311985,2521564.0,15.0,79.8571428571,0,0.0,1,76.4201681429,73.2857142857,15.8655461429,16.7142857143,105.0,,,,,193667,2016-07-03
1468108800000,201628,169.0,169,169.0,169,1.81311e-05,6.7021894,0,1,310620020162819589,2023-08-20,Belo Horizonte,0.0,0.6666017,2521564.0,15.0,78.5714285714,0,0.0,1,73.4789914286,70.7142857143,16.2436975714,17.1428571429,75.0,,,,,193667,2016-07-10
1468713600000,201629,123.0,123,123.0,123,1.02468e-05,4.877925,0,1,310620020162919589,2023-08-20,Belo Horizonte,0.0,0.618188,2521564.0,15.0,80.0,0,0.0,0,77.0,74.1428571429,15.6517857143,16.2857142857,69.0,,,,,193667,2016-07-17
1469318400000,201630,113.0,113,113.0,113,0.0013059077,4.4813457,0,1,310620020163019589,2023-08-20,Belo Horizonte,0.0,0.69421625,2521564.0,15.6666666667,75.3333333333,0,0.0,0,71.6053925,68.3333333333,16.3406861667,17.0,41.0,,,,,193667,2016-07-24
1469923200000,201631,106.0,106,106.0,106,0.034082677,4.20374,0,1,310620020163119589,2023-08-20,Belo Horizonte,1.0,0.7899539,2521564.0,14.7142857143,78.7142857143,0,0.0,0,69.1225487143,64.0,16.9492297143,18.4285714286,24.0,,,,,193667,2016-07-31
1470528000000,201632,127.0,127,127.0,127,0.7322923,5.0365567,0,1,310620020163219589,2023-08-20,Belo Horizonte,0.0,1.0824146,2521564.0,16.1428571429,70.0,1,0.0,1,66.5714285714,62.2857142857,17.34127,18.2857142857,22.0,,,,,193667,2016-08-07
1471132800000,201633,113.0,113,113.0,113,0.47674337,4.4813457,0,1,310620020163319589,2023-08-20,Belo Horizonte,0.0,0.9922991,2521564.0,17.5714285714,79.0,1,0.0,0,76.0089285714,73.5714285714,18.2232142857,18.8571428571,37.0,,,,,193667,2016-08-14
1471737600000,201634,93.0,93,93.0,93,0.060231946,3.6881871,0,1,310620020163419589,2023-08-20,Belo Horizonte,0.0,0.80626,2521564.0,15.4285714286,73.8571428571,0,0.0,0,67.1764705714,62.8571428571,17.5882352857,19.0,21.0,,,,,193667,2016-08-21
1472342400000,201635,91.0,91,91.0,91,0.09543747,3.6088712,0,1,310620020163519589,2023-08-20,Belo Horizonte,0.0,0.8312949,2521564.0,17.2857142857,77.5714285714,1,0.0,0,68.9564102857,61.5714285714,19.0482294286,20.7142857143,17.0,,,,,193667,2016-08-28
1472947200000,201636,102.0,102,102.0,102,0.5752661,4.0451083,0,1,310620020163619589,2023-08-20,Belo Horizonte,0.0,1.0270592,2521564.0,18.1666666667,70.5,1,0.0,0,67.125,62.8333333333,18.9583333333,20.1666666667,25.0,,,,,193667,2016-09-04
1473552000000,201637,111.0,111,111.0,111,0.84934616,4.40203,0,2,310620020163719589,2023-08-20,Belo Horizonte,0.0,1.1543355,2521564.0,18.8571428571,67.8571428571,1,0.0,0,65.8739492857,63.2857142857,19.3445377143,20.1428571429,22.0,,,,,193667,2016-09-11
1474156800000,201638,100.0,100,100.0,100,0.48564953,3.9657927,0,2,310620020163819589,2023-08-20,Belo Horizonte,0.0,0.99494165,2521564.0,18.0,75.5,1,0.0,0,69.9052283333,66.6666666667,19.5620915,20.5,19.0,,,,,193667,2016-09-18
1474761600000,201639,112.0,112,112.0,112,0.6940652,4.4416876,0,2,310620020163919589,2023-08-20,Belo Horizonte,0.0,1.071275,2521564.0,17.6,83.8,1,0.0,0,83.8,83.8,17.6,17.6,14.0,,,,,193667,2016-09-25
1475366400000,201640,98.0,98,98.0,98,0.30957696,3.8864768,0,2,310620020164019589,2023-08-20,Belo Horizonte,0.0,0.932731,2521564.0,16.5,74.5,1,0.0,0,58.5714285,52.5,19.9285715,22.0,14.0,,,,,193667,2016-10-02
1475971200000,201641,144.0,144,144.0,144,0.9907546,5.7107415,0,2,310620020164119589,2023-08-20,Belo Horizonte,0.0,1.3480142,2521564.0,19.0,82.2857142857,1,1.0,1,78.92437,76.8571428571,19.8655461429,20.4285714286,23.0,,,,,193667,2016-10-09
1476576000000,201642,188.0,188,188.0,188,0.9999778,7.4556904,0,3,310620020164219589,2023-08-20,Belo Horizonte,0.0,1.6055207,2521564.0,21.8571428571,71.8571428571,1,1.0,1,68.1530614286,66.0,22.9081632857,23.5714285714,28.0,,,,,193667,2016-10-16
1477180800000,201643,207.0,207,207.0,207,0.9996051,8.20919,0,3,310620020164319589,2023-08-20,Belo Horizonte,0.0,1.4341872,2521564.0,22.0,71.0,1,1.0,1,70.2714285714,69.7142857143,22.2285714286,22.4285714286,31.0,,,,,193667,2016-10-23
1477785600000,201644,170.0,170,170.0,170,0.39556986,6.7418475,0,3,310620020164419589,2023-08-20,Belo Horizonte,0.0,0.97191525,2521564.0,18.8571428571,84.4285714286,1,0.0,1,81.0982142857,78.2857142857,19.3214285714,19.8571428571,36.0,,,,,193667,2016-10-30
1478390400000,201645,191.0,191,191.0,191,0.56652844,7.574664,0,2,310620020164519589,2023-08-20,Belo Horizonte,0.0,1.0173482,2521564.0,18.7142857143,88.4285714286,1,0.0,1,83.2079085714,76.5714285714,19.9056121429,21.4285714286,29.0,,,,,193667,2016-11-06
1478995200000,201646,180.0,180,180.0,180,0.4038038,7.138427,0,2,310620020164619589,2023-08-20,Belo Horizonte,0.0,0.9748453,2521564.0,18.6666666667,94.0,1,0.0,1,87.2393793333,79.5,20.3084148333,22.0,40.0,,,,,193667,2016-11-13
1479600000000,201647,261.0,261,261.0,261,0.99977344,10.3507185,0,2,310620020164719589,2023-08-20,Belo Horizonte,0.0,1.3956615,2521564.0,18.1428571429,87.4285714286,1,1.0,1,84.9159665714,82.4285714286,18.7815127143,19.2857142857,40.0,,,,,193667,2016-11-20
1480204800000,201648,300.0,300,300.0,300,0.99998116,11.897378,0,3,310620020164819589,2023-08-20,Belo Horizonte,0.0,1.4457908,2521564.0,19.4,87.0,1,1.0,1,84.2125,80.6,20.45,21.4,41.0,,,,,193667,2016-11-27
1480809600000,201649,333.0,333,333.0,333,0.9997448,13.20609,0,3,310620020164919589,2023-08-20,Belo Horizonte,0.0,1.3355122,2521564.0,20.1428571429,92.5714285714,1,1.0,1,89.8571428571,87.4285714286,20.6923075714,21.2857142857,55.0,,,,,193667,2016-12-04
1481414400000,201650,296.0,296,296.0,296,0.5982275,11.738747,0,3,310620020165019589,2023-08-20,Belo Horizonte,0.0,1.0207511,2521564.0,19.6666666667,90.3333333333,1,0.0,1,88.1818186667,85.3333333333,20.5454546667,21.0,44.0,,,,,193667,2016-12-11
1482019200000,201651,353.0,353,353.0,353,0.94845223,13.9992485,0,2,310620020165119589,2023-08-20,Belo Horizonte,0.0,1.1349156,2521564.0,19.0,86.0,1,0.0,1,73.0153846,66.0,21.476923,23.0,63.0,,,,,193667,2016-12-18
1482624000000,201652,840.0,840,840.0,840,1.0,33.31266,0,2,310620020165219589,2023-08-20,Belo Horizonte,0.0,2.4220781,2521564.0,20.6,85.0,1,1.0,1,74.3371426,65.4,22.755238,24.8,40.0,,,,,193667,2016-12-25
1483228800000,201701,568.0,568,568.0,568,0.99927676,22.525702,0,3,310620020170119589,2023-08-20,Belo Horizonte,0.0,1.2196275,2521564.0,21.7142857143,78.0,1,1.0,1,70.9625854286,66.1428571429,23.5986395714,24.8571428571,63.0,,,,,12229,2017-01-01
1483833600000,201702,573.0,573,573.0,573,0.16527721,22.723991,0,3,310620020170219589,2023-08-20,Belo Horizonte,0.0,0.9449192,2521564.0,21.0,81.2857142857,1,0.0,1,79.5428571429,77.4285714286,21.5571428571,22.0,74.0,,,,,12229,2017-01-08
1484438400000,201703,580.0,580,580.0,580,0.122645766,23.001598,0,2,310620020170319589,2023-08-20,Belo Horizonte,0.0,0.93513054,2521564.0,19.6,81.0,1,0.0,1,71.9259742,67.2,22.1272728,23.4,93.0,,,,,12229,2017-01-15
1485043200000,201704,625.0,625,625.0,625,0.86208177,24.786203,0,2,310620020170419589,2023-08-20,Belo Horizonte,0.0,1.0645951,2521564.0,20.1666666667,78.8333333333,1,0.0,1,70.30625,65.3333333333,22.3479166667,23.8333333333,72.0,,,,,12229,2017-01-22
1485648000000,201705,501.0,501,501.0,501,0.006467988,19.868622,0,2,310620020170519589,2023-08-20,Belo Horizonte,0.0,0.85971063,2521564.0,20.4,84.4,1,0.0,1,82.738462,80.2,20.753846,21.2,57.0,,,,,12229,2017-01-29
1486252800000,201706,458.0,458,458.0,458,0.000255879,18.16333,0,2,310620020170619589,2023-08-20,Belo Horizonte,0.0,0.8046321,2521564.0,20.5,85.5,1,0.0,1,77.625,73.0,22.8125,24.0,71.0,,,,,12229,2017-02-05
1486857600000,201707,470.0,470,470.0,470,0.05173243,18.639225,0,2,310620020170719589,2023-08-20,Belo Horizonte,0.0,0.90171045,2521564.0,19.8333333333,83.8333333333,1,0.0,1,80.0833333333,78.0,21.05,21.6666666667,49.0,,,,,12229,2017-02-12
1487462400000,201708,412.0,412,412.0,412,0.015403841,16.339066,0,2,310620020170819589,2023-08-20,Belo Horizonte,0.0,0.86499053,2521564.0,19.3333333333,86.3333333333,1,0.0,1,75.5333333333,69.6666666667,21.9666666667,23.3333333333,53.0,,,,,12229,2017-02-19
1488067200000,201709,418.0,418,418.0,418,0.13503264,16.577013,0,2,310620020170919589,2023-08-20,Belo Horizonte,0.0,0.92789197,2521564.0,20.25,87.0,1,0.0,1,82.5,79.0,21.11111125,22.0,64.0,,,,,12229,2017-02-26
1488672000000,201710,405.0,405,405.0,405,0.21130262,16.06146,0,2,310620020171019589,2023-08-20,Belo Horizonte,0.0,0.9459671,2521564.0,20.7142857143,84.4285714286,1,0.0,1,81.5324671429,79.5714285714,21.4805194286,21.8571428571,60.0,,,,,12229,2017-03-05
1489276800000,201711,428.0,428,428.0,428,0.67254287,16.973593,0,2,310620020171119589,2023-08-20,Belo Horizonte,0.0,1.0312517,2521564.0,19.8333333333,80.5,1,0.0,1,75.4791666667,73.0,21.1041666667,21.8333333333,65.0,,,,,12229,2017-03-12
1489881600000,201712,392.0,392,392.0,392,0.24199076,15.545907,0,2,310620020171219589,2023-08-20,Belo Horizonte,0.0,0.951843,2521564.0,16.5,88.0,1,0.0,1,74.1538465,62.5,19.730769,22.5,60.0,,,,,12229,2017-03-19
1490486400000,201713,306.0,306,306.0,306,0.0001052024,12.135325,0,2,310620020171319589,2023-08-20,Belo Horizonte,0.0,0.7563456,2521564.0,18.1666666667,86.6666666667,1,0.0,1,83.3333333333,80.1666666667,19.0,19.6666666667,53.0,,,,,12229,2017-03-26
1491091200000,201714,315.0,315,315.0,315,0.011341603,12.492247,0,2,310620020171419589,2023-08-20,Belo Horizonte,0.0,0.84050715,2521564.0,18.5,87.1666666667,1,0.0,1,82.5,80.6666666667,19.4722223333,20.0,38.0,,,,,12229,2017-04-02
1491696000000,201715,261.0,261,261.0,261,0.001700435,10.3507185,0,2,310620020171519589,2023-08-20,Belo Horizonte,0.0,0.7856692,2521564.0,19.2,88.2,1,0.0,1,79.2333328,73.0,21.425,23.0,30.0,,,,,12229,2017-04-09
1492300800000,201716,236.0,236,236.0,236,0.0032871172,9.359271,0,2,310620020171619589,2023-08-20,Belo Horizonte,0.0,0.7900317,2521564.0,18.2,86.0,1,0.0,1,82.246154,78.0,19.3384616,20.4,33.0,,,,,12229,2017-04-16
1492905600000,201717,202.0,202,202.0,202,0.0013731665,8.010901,0,2,310620020171719589,2023-08-20,Belo Horizonte,0.0,0.7574838,2521564.0,18.6666666667,91.1666666667,1,0.0,1,90.4222216667,88.5,18.888889,19.1666666667,30.0,,,,,12229,2017-04-23
1493510400000,201718,211.0,211,211.0,211,0.11831092,8.367823,0,2,310620020171819589,2023-08-20,Belo Horizonte,0.0,0.89410067,2521564.0,17.0,86.1666666667,1,0.0,1,82.9166666667,79.0,17.6666666667,18.6666666667,35.0,,,,,12229,2017-04-30
1494115200000,201719,214.0,214,214.0,214,0.4647876,8.486796,0,1,310620020171919589,2023-08-20,Belo Horizonte,0.0,0.9915187,2521564.0,16.0,87.0,0,0.0,1,84.141025,81.1666666667,16.8333333333,17.5,23.0,,,,,12229,2017-05-07
1494720000000,201720,167.0,167,167.0,167,0.017358905,6.622874,0,1,310620020172019589,2023-08-20,Belo Horizonte,0.0,0.8036793,2521564.0,17.5,91.0,1,0.0,1,88.7727275,85.75,18.090909,18.75,20.0,,,,,12229,2017-05-14
1495324800000,201721,140.0,140,140.0,140,0.0010163373,5.5521097,0,1,310620020172119589,2023-08-20,Belo Horizonte,0.0,0.7128861,2521564.0,16.0,88.0,0,0.0,1,88.0,88.0,16.0,16.0,21.0,,,,,12229,2017-05-21
1495929600000,201722,143.0,143,143.0,143,0.049003173,5.6710835,0,1,310620020172219589,2023-08-20,Belo Horizonte,0.0,0.8298466,2521564.0,15.0,88.0,0,0.0,1,88.0,88.0,15.0,15.0,22.0,,,,,12229,2017-05-28
1496534400000,201723,115.0,115,115.0,115,0.01646954,4.560662,0,1,310620020172319589,2023-08-20,Belo Horizonte,0.0,0.7687763,2521564.0,15.75,91.0,0,0.0,0,91.0,91.0,15.75,15.75,15.0,,,,,12229,2017-06-04
1497139200000,201724,111.0,111,111.0,111,0.064503066,4.40203,0,1,310620020172419589,2023-08-20,Belo Horizonte,0.0,0.82382274,2521564.0,15.4,92.8,0,0.0,0,88.892308,85.8,16.4923076,17.2,21.0,,,,,12229,2017-06-11
1497744000000,201725,130.0,130,130.0,130,0.67757666,5.1555305,0,1,310620020172519589,2023-08-20,Belo Horizonte,0.0,1.0596194,2521564.0,13.6,91.6,0,0.0,1,91.6,91.6,13.6,13.6,14.0,,,,,12229,2017-06-18
1498348800000,201726,84.0,84,84.0,84,0.0106446035,3.331266,0,1,310620020172619589,2023-08-20,Belo Horizonte,0.0,0.7212498,2521564.0,12.75,91.0,0,0.0,0,91.0,91.0,12.75,12.75,14.0,,,,,12229,2017-06-25
1498953600000,201727,52.0,52,52.0,52,2.8832e-06,2.0622122,0,1,310620020172719589,2023-08-20,Belo Horizonte,0.0,0.47831038,2521564.0,12.4,84.6,0,0.0,0,84.6,84.6,12.4,12.4,5.0,,,,,12229,2017-07-02
1499558400000,201728,61.0,61,61.0,61,0.014759472,2.4191334,0,1,310620020172819589,2023-08-20,Belo Horizonte,0.0,0.69821787,2521564.0,13.3333333333,90.0,0,0.0,0,90.0,90.0,13.3333333333,13.3333333333,12.0,,,,,12229,2017-07-09
1500163200000,201729,63.0,63,63.0,63,0.37030762,2.4984493,0,1,310620020172919589,2023-08-20,Belo Horizonte,0.0,0.94369936,2521564.0,13.6,84.4,0,0.0,0,84.4,84.4,13.6,13.6,5.0,,,,,12229,2017-07-16
1500768000000,201730,62.0,62,62.0,62,0.5491818,2.4587915,0,1,310620020173019589,2023-08-20,Belo Horizonte,0.0,1.0224955,2521564.0,13.6,80.0,0,0.0,0,80.0,80.0,13.6,13.6,6.0,,,,,12229,2017-07-23
1501372800000,201731,60.0,60,60.0,60,0.45168862,2.3794756,0,1,310620020173119589,2023-08-20,Belo Horizonte,0.0,0.97827274,2521564.0,13.8,80.6,0,0.0,0,80.6,80.6,13.8,13.8,4.0,,,,,12229,2017-07-30
1501977600000,201732,65.0,65,65.0,65,0.6211397,2.5777652,0,1,310620020173219589,2023-08-20,Belo Horizonte,0.0,1.0561966,2521564.0,15.3333333333,80.6666666667,0,0.0,0,80.6666666667,80.6666666667,15.3333333333,15.3333333333,10.0,,,,,12229,2017-08-06
1502582400000,201733,90.0,90,90.0,90,0.9852363,3.5692134,0,1,310620020173319589,2023-08-20,Belo Horizonte,0.0,1.423941,2521564.0,17.0,77.3333333333,1,0.0,0,77.3333333333,77.3333333333,17.0,17.0,10.0,,,,,12229,2017-08-13
1503187200000,201734,80.0,80,80.0,80,0.7892295,3.1726341,0,1,310620020173419589,2023-08-20,Belo Horizonte,0.0,1.1399093,2521564.0,14.75,81.0,0,0.0,0,81.0,81.0,14.75,14.75,9.0,,,,,12229,2017-08-20
1503792000000,201735,107.0,107,107.0,107,0.97496766,4.243398,0,1,310620020173519589,2023-08-20,Belo Horizonte,0.0,1.3326633,2521564.0,14.6666666667,77.1666666667,0,0.0,0,76.25,74.3333333333,15.0,15.6666666667,13.0,,,,,12229,2017-08-27
1504396800000,201736,113.0,113,113.0,113,0.951449,4.4813457,0,1,310620020173619589,2023-08-20,Belo Horizonte,0.0,1.263017,2521564.0,12.75,81.0,0,0.0,0,74.541667,68.0,14.4583335,16.25,11.0,,,,,12229,2017-09-03
1505001600000,201737,160.0,160,160.0,160,0.9997858,6.3452682,0,1,310620020173719589,2023-08-20,Belo Horizonte,0.0,1.5506715,2521564.0,13.375,,0,1.0,1,,,,,10.0,,,,,12229,2017-09-10
1505606400000,201738,155.0,155,155.0,155,0.9736976,6.146979,0,3,310620020173819589,2023-08-20,Belo Horizonte,0.0,1.262398,2521564.0,14.0,,0,1.0,1,,,,,18.0,,,,,12229,2017-09-17
1506211200000,201739,143.0,143,143.0,143,0.5107954,5.6710835,0,3,310620020173919589,2023-08-20,Belo Horizonte,0.0,1.0032036,2521564.0,14.625,,0,0.0,1,,,,,16.0,,,,,12229,2017-09-24
1506816000000,201740,165.0,165,165.0,165,0.79075307,6.543558,0,1,310620020174019589,2023-08-20,Belo Horizonte,0.0,1.0952705,2521564.0,15.25,,0,0.0,1,,,,,11.0,,,,,12229,2017-10-01
1507420800000,201741,162.0,162,162.0,162,0.7065518,6.424584,0,1,310620020174119589,2023-08-20,Belo Horizonte,0.0,1.0631337,2521564.0,15.875,,0,0.0,1,,,,,21.0,,,,,12229,2017-10-08
1508025600000,201742,199.0,199,199.0,199,0.98181534,7.8919272,0,1,310620020174219589,2023-08-20,Belo Horizonte,0.0,1.2479327,2521564.0,16.5,,1,1.0,1,,,,,30.0,,,,,12229,2017-10-15
1508630400000,201743,241.0,241,241.0,241,0.9995019,9.55756,0,3,310620020174319589,2023-08-20,Belo Horizonte,0.0,1.383888,2521564.0,17.125,,1,1.0,1,,,,,19.0,,,,,12229,2017-10-22
1509235200000,201744,199.0,199,199.0,199,0.53584176,7.8919272,0,3,310620020174419589,2023-08-20,Belo Horizonte,0.0,1.0090706,2521564.0,17.75,,1,0.0,1,,,,,31.0,,,,,12229,2017-10-29
1509840000000,201745,168.0,168,168.0,168,0.013400033,6.662532,0,2,310620020174519589,2023-08-20,Belo Horizonte,0.0,0.79614407,2521564.0,18.375,,1,0.0,1,,,,,21.0,,,,,12229,2017-11-05
1510444800000,201746,199.0,199,199.0,199,0.4683835,7.8919272,0,2,310620020174619589,2023-08-20,Belo Horizonte,0.0,0.9921021,2521564.0,19.0,85.847905,1,0.0,1,55.4114115,34.57278,25.5588235,31.5,28.0,,,,,12229,2017-11-12
1511049600000,201747,175.0,175,175.0,175,0.2691196,6.9401374,0,2,310620020174719589,2023-08-20,Belo Horizonte,0.0,0.937379,2521564.0,18.8571428571,93.1409834286,1,0.0,1,80.1641222857,63.115982,22.0672271429,26.1428571429,25.0,,,,,12229,2017-11-19
1511654400000,201748,204.0,204,204.0,204,0.829488,8.090217,0,2,310620020174819589,2023-08-20,Belo Horizonte,0.0,1.1012813,2521564.0,19.0,89.0754208571,1,0.0,1,73.6277721429,57.8703917143,22.7549015714,26.4285714286,17.0,,,,,12229,2017-11-26
1512259200000,201749,196.0,196,196.0,196,0.66058517,7.7729535,0,2,310620020174919589,2023-08-20,Belo Horizonte,0.0,1.0431286,2521564.0,19.8571428571,90.8614442857,1,0.0,1,88.7852521429,84.7610664286,21.1564628571,23.0,22.0,,,,,12229,2017-12-03
1512864000000,201750,248.0,248,248.0,248,0.99324256,9.835166,0,2,310620020175019589,2023-08-20,Belo Horizonte,0.0,1.2649133,2521564.0,18.8571428571,91.5319577143,1,1.0,1,85.1051921429,77.2639882857,20.2492997143,22.0,32.0,,,,,12229,2017-12-10
1513468800000,201751,204.0,204,204.0,204,0.40404353,8.090217,0,2,310620020175119589,2023-08-20,Belo Horizonte,0.0,0.9764001,2521564.0,19.1428571429,86.7007828571,1,0.0,1,74.5776982857,62.4586481429,21.7422968571,24.4285714286,18.0,,,,,12229,2017-12-17
1514073600000,201752,193.0,193,193.0,193,0.10878552,7.65398,0,2,310620020175219589,2023-08-20,Belo Horizonte,0.0,0.885472,2521564.0,21.2857142857,82.3576342857,1,0.0,1,73.6301712857,60.147819,23.3361342857,26.0,18.0,,,,,12229,2017-12-24
1514678400000,201801,268.0,268,268.0,268,0.9930693,10.6283245,0,2,310620020180119589,2023-08-20,Belo Horizonte,8.0,1.2519097,2521564.0,19.8571428571,92.3445914286,1,1.0,1,88.9750705714,83.86671,20.3809522857,21.2857142857,31.0,,,,,7944,2017-12-31
1515283200000,201802,268.0,268,268.0,268,0.9853086,10.6283245,0,3,310620020180219589,2023-08-20,Belo Horizonte,29.0,1.2183945,2521564.0,19.1428571429,83.674676,1,1.0,1,77.1615892857,68.4651208571,20.5,22.5714285714,26.0,,,,,7944,2018-01-07
1515888000000,201803,398.0,398,398.0,398,1.0,15.7838545,0,3,310620020180319589,2023-08-20,Belo Horizonte,16.0,1.578781,2521564.0,19.8571428571,80.1735671429,1,1.0,1,70.5416535714,59.7248511429,22.042017,24.5714285714,25.0,,,,,7944,2018-01-14
1516492800000,201804,347.0,347,347.0,347,0.9728809,13.7613,0,3,310620020180419589,2023-08-20,Belo Horizonte,8.0,1.1637979,2521564.0,20.5714285714,72.2436085714,1,1.0,1,65.4639601429,53.7199315714,22.0476185714,24.7142857143,29.0,,,,,7944,2018-01-21
1517097600000,201805,254.0,254,254.0,254,0.0003259285,10.073113,0,3,310620020180519589,2023-08-20,Belo Horizonte,21.0,0.75447637,2521564.0,19.8571428571,88.7378114286,1,0.0,1,85.2855208571,77.4067894286,20.8263307143,23.0,19.0,,,,,7944,2018-01-28
1517702400000,201806,217.0,217,217.0,217,2.0787e-06,8.60577,0,2,310620020180619589,2023-08-20,Belo Horizonte,74.0,0.6705864,2521564.0,18.8571428571,92.3116602857,1,0.0,1,87.457145,78.5355614286,20.1120447143,22.1428571429,12.0,,,,,7944,2018-02-04
1518307200000,201807,256.0,256,256.0,256,0.21273921,10.15243,0,2,310620020180719589,2023-08-20,Belo Horizonte,32.0,0.9331595,2521564.0,19.1428571429,84.3573917143,1,0.0,1,77.5303234286,66.0759244286,20.5714282857,23.0,23.0,,,,,7944,2018-02-11
1518912000000,201808,243.0,243,243.0,243,0.488592,9.636876,0,2,310620020180819589,2023-08-20,Belo Horizonte,22.0,0.9974127,2521564.0,19.5714285714,90.7696828571,1,0.0,1,85.3459985714,77.3905614286,20.8347337143,22.4285714286,18.0,,,,,7944,2018-02-18
1519516800000,201809,259.0,259,259.0,259,0.7664704,10.271403,0,2,310620020180919589,2023-08-20,Belo Horizonte,31.0,1.0670527,2521564.0,20.5714285714,90.81046,1,0.0,1,74.2670042857,59.4072021429,24.1806725714,27.7142857143,23.0,,,,,7944,2018-02-25
1520121600000,201810,271.0,271,271.0,271,0.83201927,10.747298,0,2,310620020181019589,2023-08-20,Belo Horizonte,23.0,1.0880116,2521564.0,20.1428571429,93.1715328571,1,0.0,1,87.7728185714,82.4368057143,21.2857142857,22.4285714286,23.0,,,,,7944,2018-03-04
1520726400000,201811,225.0,225,225.0,225,0.08753448,8.923034,0,2,310620020181119589,2023-08-20,Belo Horizonte,18.0,0.88351405,2521564.0,20.1428571429,90.76235,1,0.0,1,84.22169,77.1488068571,21.75,23.1428571429,26.0,,,,,7944,2018-03-11
1521331200000,201812,203.0,203,203.0,203,0.012763486,8.050559,0,2,310620020181219589,2023-08-20,Belo Horizonte,28.0,0.8104726,2521564.0,19.4285714286,91.5104385714,1,0.0,1,85.9993781429,79.6904271429,20.65,22.1428571429,22.0,,,,,7944,2018-03-18
1521936000000,201813,167.0,167,167.0,167,0.0009507758,6.622874,0,2,310620020181319589,2023-08-20,Belo Horizonte,30.0,0.73063654,2521564.0,18.0,88.9508834286,1,0.0,1,80.7182365714,73.2251728571,19.6428571429,21.0,27.0,,,,,7944,2018-03-25
1522540800000,201814,189.0,189,189.0,189,0.25753975,7.495348,0,2,310620020181419589,2023-08-20,Belo Horizonte,19.0,0.93631846,2521564.0,19.2857142857,87.4624142857,1,0.0,1,81.6843128571,76.0882742857,20.5357142857,21.7142857143,29.0,,,,,7944,2018-04-01
1522800000000,201815,190.0,190,190.0,190,0.5996107,7.535006,0,2,310620020181519589,2023-08-20,Belo Horizonte,16.0,1.0263714,2521564.0,18.1428571429,86.579308,1,0.0,1,81.0778122857,75.1541078571,19.5238094286,21.0,,,,,,7944,2018-04-04
1523750400000,201816,128.0,128,128.0,128,0.0013048681,5.076215,0,2,310620020181619589,2023-08-20,Belo Horizonte,20.0,0.7084016,2521564.0,16.7142857143,86.4354257143,1,0.0,1,77.7821275714,68.9871258571,18.6743698571,20.5714285714,26.0,,,,,7944,2018-04-15
1524355200000,201817,143.0,143,143.0,143,0.06197527,5.6710835,0,2,310620020181719589,2023-08-20,Belo Horizonte,17.0,0.84033054,2521564.0,17.0,88.8579128571,1,0.0,1,68.352467,53.038447,21.5478994286,25.1428571429,16.0,,,,,7944,2018-04-22
1524960000000,201818,121.0,121,121.0,121,0.043022264,4.7986093,0,2,310620020181819589,2023-08-20,Belo Horizonte,16.0,0.8112873,2521564.0,16.1428571429,82.5684157143,1,0.0,0,56.0887268571,35.6219764286,22.5042018571,27.2857142857,22.0,,,,,7944,2018-04-29
1525564800000,201819,122.0,122,122.0,122,0.2081928,4.838267,0,1,310620020181919589,2023-08-20,Belo Horizonte,21.0,0.90367085,2521564.0,15.5714285714,87.9969,0,0.0,0,65.5702574286,48.5149855714,21.184874,25.2857142857,25.0,,,,,7944,2018-05-06
1526169600000,201820,117.0,117,117.0,117,0.2711734,4.6399775,0,1,310620020182019589,2023-08-20,Belo Horizonte,16.0,0.92497694,2521564.0,17.5714285714,88.22916,1,0.0,0,68.0155801429,47.9207411429,22.1428571429,26.7142857143,24.0,,,,,7944,2018-05-13
1526774400000,201821,89.0,89,89.0,89,0.017322121,3.5295556,0,1,310620020182119589,2023-08-20,Belo Horizonte,17.0,0.7455255,2521564.0,13.7142857143,87.8611492857,0,0.0,0,75.9661827143,64.8321127143,16.2533611429,18.5714285714,11.0,,,,,7944,2018-05-20
1527379200000,201822,83.0,83,83.0,83,0.028049285,3.2916079,0,1,310620020182219589,2023-08-20,Belo Horizonte,32.0,0.7587018,2521564.0,14.0,87.8148314286,0,0.0,0,80.7692937143,73.1920642857,15.2142857143,16.4285714286,15.0,,,,,7944,2018-05-27
1527984000000,201823,85.0,85,85.0,85,0.21385564,3.3709238,0,1,310620020182319589,2023-08-20,Belo Horizonte,11.0,0.88882643,2521564.0,15.7142857143,87.9897357143,0,0.0,0,79.1039442857,68.7766707143,17.6428571429,19.8571428571,8.0,,,,,7944,2018-06-03
1528588800000,201824,99.0,99,99.0,99,0.80212194,3.9261348,0,1,310620020182419589,2023-08-20,Belo Horizonte,0.0,1.1322793,2521564.0,15.8571428571,90.4931585714,0,0.0,0,83.1853312857,76.458113,17.5357142857,19.2857142857,17.0,,,,,7944,2018-06-10
1529193600000,201825,83.0,83,83.0,83,0.35720062,3.2916079,0,1,310620020182519589,2023-08-20,Belo Horizonte,13.0,0.94565076,2521564.0,14.7142857143,88.7333542857,0,0.0,0,81.8965657143,74.1889565714,16.0,17.5714285714,9.0,,,,,7944,2018-06-17
1529798400000,201826,71.0,71,71.0,71,0.07800698,2.8157127,0,1,310620020182619589,2023-08-20,Belo Horizonte,15.0,0.79890853,2521564.0,15.7142857143,84.0511142857,0,0.0,0,76.119418,66.3642307143,17.1785714286,18.8571428571,7.0,,,,,7944,2018-06-24
1530403200000,201827,79.0,79,79.0,79,0.36222503,3.1329763,0,1,310620020182719589,2023-08-20,Belo Horizonte,9.0,0.9463154,2521564.0,14.2857142857,84.5846822857,0,0.0,0,76.2672457143,67.0893717143,16.2857142857,18.4285714286,11.0,,,,,7944,2018-07-01
1531008000000,201828,78.0,78,78.0,78,0.51704586,3.0933182,0,1,310620020182819589,2023-08-20,Belo Horizonte,16.0,1.0068607,2521564.0,13.8571428571,84.7197537143,0,0.0,0,74.5457907143,63.2103435714,16.2928571429,18.7142857143,4.0,,,,,7944,2018-07-08
1531612800000,201829,66.0,66,66.0,66,0.19841863,2.617423,0,1,310620020182919589,2023-08-20,Belo Horizonte,16.0,0.8676791,2521564.0,13.8571428571,86.9830094286,0,0.0,0,64.0911092857,46.8574411429,19.0693277143,23.1428571429,9.0,,,,,7944,2018-07-15
1532217600000,201830,61.0,61,61.0,61,0.13579488,2.4191334,0,1,310620020183019589,2023-08-20,Belo Horizonte,16.0,0.82755315,2521564.0,13.5714285714,82.243966,0,0.0,0,57.2658288571,36.9271882857,19.6134448571,24.2857142857,10.0,,,,,7944,2018-07-22
1532822400000,201831,71.0,71,71.0,71,0.58778435,2.8157127,0,1,310620020183119589,2023-08-20,Belo Horizonte,29.0,1.0381835,2521564.0,15.4285714286,87.2505357143,0,0.0,0,65.1102378571,45.820395,20.7226891429,25.4285714286,13.0,,,,,7944,2018-07-29
1533427200000,201832,78.0,78,78.0,78,0.83649415,3.0933182,0,1,310620020183219589,2023-08-20,Belo Horizonte,24.0,1.1770422,2521564.0,16.1428571429,89.6940628571,1,0.0,0,65.0554451429,46.3190181429,21.747899,26.1428571429,9.0,,,,,7944,2018-08-05
1534032000000,201833,67.0,67,67.0,67,0.41515648,2.6570811,0,1,310620020183319589,2023-08-20,Belo Horizonte,3.0,0.9640843,2521564.0,14.2857142857,78.1187554286,0,0.0,0,68.7035847143,59.533156,17.2310924286,20.1428571429,10.0,,,,,7944,2018-08-12
1534636800000,201834,68.0,68,68.0,68,0.37430492,2.696739,0,1,310620020183419589,2023-08-20,Belo Horizonte,0.0,0.94737405,2521564.0,14.7142857143,80.8558128571,0,0.0,0,70.8800557143,60.4811601429,16.7,18.8571428571,11.0,,,,,7944,2018-08-19
1535241600000,201835,62.0,62,62.0,62,0.25535575,2.4587915,0,1,310620020183519589,2023-08-20,Belo Horizonte,0.0,0.8918688,2521564.0,16.1428571429,81.9082785714,1,0.0,0,74.8442335714,67.4166017143,17.6428571429,19.2857142857,11.0,,,,,7944,2018-08-26
1535846400000,201836,74.0,74,74.0,74,0.7265734,2.9346867,0,1,310620020183619589,2023-08-20,Belo Horizonte,11.0,1.1065942,2521564.0,15.5714285714,75.7656121429,0,0.0,0,64.2398694286,52.1605128571,18.0714285714,20.7142857143,10.0,,,,,7944,2018-09-02
1536451200000,201837,85.0,85,85.0,85,0.9206006,3.3709238,0,1,310620020183719589,2023-08-20,Belo Horizonte,0.0,1.2563525,2521564.0,15.5714285714,78.2477792857,0,0.0,0,71.4492085714,62.5428794286,17.5714285714,19.5714285714,8.0,,,,,7944,2018-09-09
1537056000000,201838,111.0,111,111.0,111,0.99596196,4.40203,0,1,310620020183819589,2023-08-20,Belo Horizonte,0.0,1.4787521,2521564.0,17.8571428571,89.8019928571,1,0.0,0,83.9929551429,77.1296161429,19.0,20.1428571429,8.0,,,,,7944,2018-09-16
1537660800000,201839,93.0,93,93.0,93,0.6632843,3.6881871,0,1,310620020183919589,2023-08-20,Belo Horizonte,0.0,1.064637,2521564.0,18.2857142857,74.2355444286,1,0.0,0,65.644298,55.814983,20.5119048571,22.7142857143,14.0,,,,,7944,2018-09-23
1538265600000,201840,121.0,121,121.0,121,0.93904126,4.7986093,0,2,310620020184019589,2023-08-20,Belo Horizonte,0.0,1.2326111,2521564.0,18.8571428571,84.449292,1,0.0,0,72.2346708571,61.255801,21.7436972857,24.2857142857,21.0,,,,,7944,2018-09-30
1538870400000,201841,127.0,127,127.0,127,0.9259948,5.0365567,0,2,310620020184119589,2023-08-20,Belo Horizonte,0.0,1.2092787,2521564.0,19.1428571429,74.7134561429,1,0.0,1,53.0068445714,36.5499881429,24.92437,29.7142857143,19.0,,,,,7944,2018-10-07
1539475200000,201842,134.0,134,134.0,134,0.88468957,5.3141623,0,2,310620020184219589,2023-08-20,Belo Horizonte,0.0,1.1640021,2521564.0,18.8571428571,91.5389125714,1,0.0,1,76.515822,58.4767728571,22.2521008571,26.4285714286,18.0,,,,,7944,2018-10-14
1540080000000,201843,134.0,134,134.0,134,0.70956403,5.3141623,0,2,310620020184319589,2023-08-20,Belo Horizonte,0.0,1.070907,2521564.0,16.7142857143,87.4055277143,1,0.0,1,82.287606,77.6371708571,18.1785714286,19.4285714286,12.0,,,,,7944,2018-10-21
1540684800000,201844,116.0,116,116.0,116,0.18830624,4.6003194,0,2,310620020184419589,2023-08-20,Belo Horizonte,0.0,0.8934374,2521564.0,18.0,87.505738,1,0.0,0,81.8107944286,76.937742,19.4928571429,20.7142857143,21.0,,,,,7944,2018-10-28
1541289600000,201845,135.0,135,135.0,135,0.6524698,5.3538203,0,2,310620020184519589,2023-08-20,Belo Horizonte,0.0,1.0493959,2521564.0,17.1428571429,89.0412648571,1,0.0,1,83.5407012857,77.4525577143,18.1690477143,19.4285714286,23.0,,,,,7944,2018-11-04
1541894400000,201846,113.0,113,113.0,113,0.21265367,4.4813457,0,2,310620020184619589,2023-08-20,Belo Horizonte,0.0,0.90196246,2521564.0,18.4285714286,88.2053051429,1,0.0,0,85.1203387143,80.4463428571,19.2380951429,20.4285714286,23.0,,,,,7944,2018-11-11
1542499200000,201847,160.0,160,160.0,160,0.97889096,6.3452682,0,2,310620020184719589,2023-08-20,Belo Horizonte,0.0,1.2723365,2521564.0,18.0,89.8264491429,1,1.0,1,86.354937,81.0870934286,18.5952382857,19.5714285714,28.0,,,,,7944,2018-11-18
1543104000000,201848,208.0,208,208.0,208,0.9999667,8.248849,0,3,310620020184819589,2023-08-20,Belo Horizonte,0.0,1.5456995,2521564.0,17.0,88.2062862857,1,1.0,1,80.4110942857,68.7207211429,18.2857142857,20.2857142857,25.0,,,,,7944,2018-11-25
1543708800000,201849,181.0,181,181.0,181,0.8828927,7.178085,0,3,310620020184919589,2023-08-20,Belo Horizonte,0.0,1.1376725,2521564.0,18.1428571429,90.6608448571,1,0.0,1,85.971622,80.1682128571,19.669468,21.5714285714,22.0,,,,,7944,2018-12-02
1544313600000,201850,250.0,250,250.0,250,0.9989953,9.914482,0,2,310620020185019589,2023-08-20,Belo Horizonte,0.0,1.3462229,2521564.0,16.8571428571,86.5556614286,1,1.0,1,60.7639374286,44.9705455714,23.1436975714,27.2857142857,38.0,,,,,7944,2018-12-09
1544918400000,201851,217.0,217,217.0,217,0.7385815,8.60577,0,2,310620020185119589,2023-08-20,Belo Horizonte,0.0,1.0642222,2521564.0,19.8571428571,82.2061765714,1,0.0,1,56.4431897143,38.4554277143,26.0672271429,31.0,48.0,,,,,7944,2018-12-16
1545523200000,201852,159.0,159,159.0,159,0.0014399323,6.30561,0,2,310620020185219589,2023-08-20,Belo Horizonte,0.0,0.73414314,2521564.0,18.0,93.0833222857,1,0.0,1,82.9161445714,71.6621522857,20.6633054286,23.5714285714,33.0,,,,,7944,2018-12-23
1546128000000,201901,278.0,278,278.0,278,0.9987548,11.024903,0,2,310620020190119589,2023-08-20,Belo Horizonte,22.0,1.3159031,2521564.0,18.2857142857,92.2812502857,1,1.0,1,87.9951594286,81.0764528571,19.2857142857,20.8571428571,61.0,,,,,150461,2018-12-30
1546732800000,201902,355.0,355,355.0,355,1.0,14.078564,0,3,310620020190219589,2023-08-20,Belo Horizonte,49.0,1.6381936,2521564.0,18.5714285714,84.252826,1,1.0,1,75.6726087143,64.1803781429,20.3333331429,22.7142857143,95.0,,,,,150461,2019-01-06
1547337600000,201903,381.0,381,381.0,381,0.99999505,15.10967,0,3,310620020190319589,2023-08-20,Belo Horizonte,47.0,1.4179487,2521564.0,19.5714285714,82.1505122857,1,1.0,1,62.3699637143,46.595693,24.5154061429,28.5714285714,109.0,,,,,150461,2019-01-13
1547942400000,201904,412.0,412,412.0,412,0.99814767,16.339066,0,3,310620020190419589,2023-08-20,Belo Horizonte,45.0,1.237581,2521564.0,20.0,79.932318,1,1.0,1,56.0776215714,39.3088274286,25.6218488571,30.1428571429,126.0,,,,,150461,2019-01-20
1548547200000,201905,476.0,476,476.0,476,0.99955213,18.877172,0,3,310620020190519589,2023-08-20,Belo Horizonte,46.0,1.2558312,2521564.0,19.4285714286,76.605186,1,1.0,1,49.0552715714,29.7968912857,26.5882354286,31.7142857143,177.0,,,,,150461,2019-01-27
1549152000000,201906,529.0,529,529.0,529,0.9997835,20.979044,0,3,310620020190619589,2023-08-20,Belo Horizonte,38.0,1.2573838,2521564.0,19.1428571429,84.9995857143,1,1.0,1,72.2705754286,58.6767427143,22.4280615714,25.8571428571,283.0,,,,,150461,2019-02-03
1549756800000,201907,852.0,852,852.0,852,1.0,33.788555,0,3,310620020190719589,2023-08-20,Belo Horizonte,43.0,1.7539071,2521564.0,19.5714285714,86.0348571429,1,1.0,1,81.7683741429,73.9636172857,20.5238097143,22.1428571429,438.0,,,,,150461,2019-02-10
1550361600000,201908,1078.0,1078,1078.0,1078,1.0,42.751244,0,3,310620020190819589,2023-08-20,Belo Horizonte,148.0,1.7540988,2521564.0,19.2857142857,91.5662757143,1,1.0,2,87.8753708571,83.226572,20.1309522857,21.0,540.0,,,,,150461,2019-02-17
1550966400000,201909,1302.0,1302,1302.0,1302,1.0,51.63462,0,3,310620020190919589,2023-08-20,Belo Horizonte,151.0,1.5750905,2521564.0,19.4285714286,89.1686377143,1,1.0,2,81.5556792857,73.4409697143,21.1071428571,22.8571428571,799.0,,,,,150461,2019-02-24
1551571200000,201910,1649.0,1649,1649.0,1649,1.0,65.39592,0,4,310620020191019589,2023-08-20,Belo Horizonte,84.0,1.5396504,2521564.0,19.0,87.4263242857,1,1.0,2,79.1332385714,72.8963685714,20.8928571429,22.4285714286,1112.0,,,,,150461,2019-03-03
1552176000000,201911,2823.0,2823,2823.0,2823,1.0,111.95433,0,4,310620020191119589,2023-08-20,Belo Horizonte,315.0,2.0455,2521564.0,19.4285714286,85.9971834286,1,1.0,2,79.0641328571,72.339497,21.1785714286,23.0,2087.0,,,,,150461,2019-03-10
1552780800000,201912,4256.0,4256,4256.0,4256,1.0,168.78413,0,4,310620020191219589,2023-08-20,Belo Horizonte,186.0,2.1850064,2521564.0,19.0,91.4798305714,1,1.0,2,85.30701,78.2061608571,20.4642857143,22.0,3241.0,,,,,150461,2019-03-17
1553385600000,201913,6017.0,6017,6017.0,6017,1.0,238.62175,0,4,310620020191319589,2023-08-20,Belo Horizonte,262.0,2.0361385,2521564.0,17.5714285714,86.49554,1,1.0,2,78.9545964286,69.7116952857,19.3214285714,21.4285714286,4680.0,,,,,150461,2019-03-24
1553990400000,201914,7482.0,7482,7482.0,7482,1.0,296.7206,0,4,310620020191419589,2023-08-20,Belo Horizonte,366.0,1.7256224,2521564.0,18.7142857143,87.5116511429,1,1.0,2,80.8368191429,73.3996214286,20.2857142857,21.8571428571,5986.0,,,,,150461,2019-03-31
1554595200000,201915,9504.0,9504,9504.0,9504,1.0,376.90894,0,4,310620020191519589,2023-08-20,Belo Horizonte,460.0,1.6071106,2521564.0,18.4285714286,89.8022791429,1,1.0,2,81.0959902857,72.1025598571,20.52479,22.7142857143,7782.0,,,,,150461,2019-04-07
1555200000000,201916,11006.0,11006,,11006,1.0,436.47513,0,4,310620020191619589,2023-08-20,Belo Horizonte,506.0,1.4525044,2521564.0,18.0,91.4963785714,1,1.0,2,82.4005554286,74.1472777143,20.154762,22.1428571429,9322.0,,,,,150461,2019-04-14
1555804800000,201917,14743.0,14743,,14743,1.0,584.6768,0,4,310620020191719589,2023-08-20,Belo Horizonte,883.0,1.5675377,2521564.0,18.1428571429,88.1122114286,1,1.0,2,78.8708885714,69.7055218571,20.1885355714,22.2857142857,12449.0,,,,,150461,2019-04-21
1556409600000,201918,15494.0,15494,,15494,1.0,614.4599,0,4,310620020191819589,2023-08-20,Belo Horizonte,944.0,1.3443165,2521564.0,18.1428571429,92.2504454286,1,1.0,2,82.9923227143,74.2218885714,19.9761905714,21.8571428571,13195.0,,,,,150461,2019-04-28
1557014400000,201919,15886.0,15886,,15886,1.0,630.0058,0,4,310620020191919589,2023-08-20,Belo Horizonte,950.0,1.1596779,2521564.0,17.4285714286,88.154,1,1.0,2,82.9988942857,77.8399551429,18.7785714286,19.8571428571,13785.0,,,,,150461,2019-05-05
1557619200000,201920,13582.0,13582,,13582,2.220446e-16,538.634,0,4,310620020192019589,2023-08-20,Belo Horizonte,1082.0,0.9076939,2521564.0,17.1428571429,89.7148414286,1,0.0,2,85.0358868571,80.0742742857,18.0714285714,19.0,12267.0,,,,,150461,2019-05-12
1558224000000,201921,11923.0,11923,,11923,0.0,472.84146,0,4,310620020192119589,2023-08-20,Belo Horizonte,869.0,0.80219764,2521564.0,15.1428571429,88.7667942857,0,0.0,2,79.5738014286,70.1419967143,17.2857142857,19.5714285714,10960.0,,,,,150461,2019-05-19
1558828800000,201922,9441.0,9441,9441.0,9441,0.0,374.4105,0,4,310620020192219589,2023-08-20,Belo Horizonte,490.0,0.69621384,2521564.0,15.8571428571,86.4018257143,0,0.0,2,79.7098514286,71.1151878571,17.7857142857,20.0,8909.0,,,,,150461,2019-05-26
1559433600000,201923,6442.0,6442,6442.0,6442,0.0,255.47636,0,4,310620020192319589,2023-08-20,Belo Horizonte,396.0,0.55517024,2521564.0,12.8571428571,86.8914328571,0,0.0,2,79.267395,69.0966158571,14.75,17.2857142857,6014.0,,,,,150461,2019-06-02
1560038400000,201924,3995.0,3995,3995.0,3995,0.0,158.43341,0,4,310620020192419589,2023-08-20,Belo Horizonte,316.0,0.43274778,2521564.0,14.4285714286,88.6969457143,0,0.0,2,80.2290635714,71.6664704286,16.1092437143,17.7142857143,3640.0,,,,,150461,2019-06-09
1560643200000,201925,2390.0,2390,2390.0,2390,0.0,94.78245,0,4,310620020192519589,2023-08-20,Belo Horizonte,188.0,0.35906264,2521564.0,13.8571428571,84.5792485714,0,0.0,2,76.3987165714,68.1923367143,15.7857142857,17.7142857143,2165.0,,,,,150461,2019-06-16
1561248000000,201926,2078.0,2078,2078.0,2078,0.0,82.40917,0,4,310620020192619589,2023-08-20,Belo Horizonte,140.0,0.47147292,2521564.0,15.0,88.7403214286,0,0.0,2,79.1461271429,69.4566145714,16.8095238571,18.8571428571,1811.0,,,,,150461,2019-06-23
1561852800000,201927,1370.0,1370,1370.0,1370,0.0,54.33136,0,4,310620020192719589,2023-08-20,Belo Horizonte,107.0,0.47434476,2521564.0,13.5714285714,83.0072645714,0,0.0,2,72.9492192857,61.894749,16.0357142857,18.7142857143,1036.0,,,,,150461,2019-06-30
1562457600000,201928,671.0,671,671.0,671,0.0,26.610468,0,4,310620020192819589,2023-08-20,Belo Horizonte,63.0,0.3320853,2521564.0,9.4285714286,82.4146035714,0,0.0,1,73.087669,61.3082232857,11.8714285714,14.7142857143,500.0,,,,,150461,2019-07-07
1563062400000,201929,404.0,404,404.0,404,0.0,16.021803,0,1,310620020192919589,2023-08-20,Belo Horizonte,82.0,0.2925076,2521564.0,12.0,81.4294157143,0,0.0,1,68.006839,54.0784524286,14.5928571429,17.4285714286,236.0,,,,,150461,2019-07-14
1563667200000,201930,302.0,302,302.0,302,0.0,11.976694,0,1,310620020193019589,2023-08-20,Belo Horizonte,83.0,0.36099303,2521564.0,13.0,82.9338222857,0,0.0,1,76.1888257143,66.9434071429,14.5357142857,16.2857142857,139.0,,,,,150461,2019-07-21
1564272000000,201931,244.0,244,244.0,244,0.0,9.676534,0,1,310620020193119589,2023-08-20,Belo Horizonte,57.0,0.4946412,2521564.0,14.1428571429,77.7044785714,0,0.0,1,67.9098675714,56.3342451429,16.2,18.5714285714,100.0,,,,,150461,2019-07-28
1564876800000,201932,204.0,204,204.0,204,1.73e-08,8.090217,0,1,310620020193219589,2023-08-20,Belo Horizonte,108.0,0.61655074,2521564.0,15.0,83.2050057143,0,0.0,1,76.147083,68.3468835714,16.4642857143,18.1428571429,81.0,,,,,150461,2019-08-04
1565481600000,201933,159.0,159,159.0,159,1.4973e-06,6.30561,0,1,310620020193319589,2023-08-20,Belo Horizonte,34.0,0.6276244,2521564.0,13.5714285714,79.1857128571,0,0.0,1,68.9226514286,58.9852671429,16.0357142857,18.4285714286,46.0,,,,,150461,2019-08-11
1566086400000,201934,151.0,151,151.0,151,0.001971553,5.988347,0,1,310620020193419589,2023-08-20,Belo Horizonte,39.0,0.73572886,2521564.0,14.8571428571,78.9973678571,0,0.0,1,66.8908931429,55.4583411429,17.4929972857,20.0,43.0,,,,,150461,2019-08-18
1566691200000,201935,122.0,122,122.0,122,0.0022156881,4.838267,0,1,310620020193519589,2023-08-20,Belo Horizonte,33.0,0.7156029,2521564.0,13.8571428571,79.9327608571,0,0.0,0,70.779315,61.8378364286,15.6309524286,17.7142857143,36.0,,,,,150461,2019-08-25
1567296000000,201936,155.0,155,155.0,155,0.6404797,6.146979,0,1,310620020193619589,2023-08-20,Belo Horizonte,621.0,1.0420924,2521564.0,17.5714285714,72.9400337143,1,0.0,1,64.4974184286,54.2557464286,19.6309522857,22.0,26.0,,,,,150461,2019-09-01
1567900800000,201937,132.0,132,132.0,132,0.32719916,5.234846,0,1,310620020193719589,2023-08-20,Belo Horizonte,44.0,0.94716966,2521564.0,18.0,69.379525,1,0.0,1,60.4015998571,48.9859877143,20.2,22.5714285714,22.0,,,,,150461,2019-09-08
1568505600000,201938,121.0,121,121.0,121,0.13536,4.7986093,0,2,310620020193819589,2023-08-20,Belo Horizonte,56.0,0.8722953,2521564.0,19.4285714286,66.2594904286,1,0.0,0,56.1767904286,46.9753845714,22.0071428571,24.4285714286,28.0,,,,,150461,2019-09-15
1569110400000,201939,125.0,125,125.0,125,0.29882246,4.957241,0,2,310620020193919589,2023-08-20,Belo Horizonte,36.0,0.936534,2521564.0,17.1428571429,79.3740657143,1,0.0,0,73.5641614286,67.3395468571,18.75,20.4285714286,30.0,,,,,150461,2019-09-22
1569715200000,201940,120.0,120,120.0,120,0.35389382,4.758951,0,2,310620020194019589,2023-08-20,Belo Horizonte,38.0,0.95338625,2521564.0,17.8571428571,78.5509557143,1,0.0,0,69.0265604286,60.409722,20.1428571429,22.0,14.0,,,,,150461,2019-09-29
1570320000000,201941,117.0,117,117.0,117,0.36499295,4.6399775,0,2,310620020194119589,2023-08-20,Belo Horizonte,59.0,0.95642954,2521564.0,19.2857142857,74.3711885714,1,0.0,0,64.8154598571,57.6718515714,21.5,23.1428571429,23.0,,,,,150461,2019-10-06
1570924800000,201942,154.0,154,154.0,154,0.9737332,6.107321,0,2,310620020194219589,2023-08-20,Belo Horizonte,139.0,1.2635022,2521564.0,19.5714285714,63.7381781429,1,1.0,1,51.5373798571,40.954717,22.3214285714,24.4285714286,28.0,,,,,150461,2019-10-13
1571529600000,201943,125.0,125,125.0,125,0.44908857,4.957241,0,2,310620020194319589,2023-08-20,Belo Horizonte,56.0,0.9840341,2521564.0,20.0,81.6477265714,1,0.0,0,74.0994255714,65.283618,21.7857142857,23.4285714286,16.0,,,,,150461,2019-10-20
1572134400000,201944,127.0,127,127.0,127,0.33436215,5.0365567,0,2,310620020194419589,2023-08-20,Belo Horizonte,43.0,0.94846785,2521564.0,19.5714285714,85.4308005714,1,0.0,1,78.9385654286,74.8987447143,20.5714285714,21.4285714286,20.0,,,,,150461,2019-10-27
1572739200000,201945,130.0,130,130.0,130,0.45695955,5.1555305,0,2,310620020194519589,2023-08-20,Belo Horizonte,96.0,0.9867468,2521564.0,21.8571428571,73.4897277143,1,0.0,1,66.5227391429,61.3006265714,23.6666665714,24.8571428571,17.0,,,,,150461,2019-11-03
1573344000000,201946,125.0,125,125.0,125,0.42590025,4.957241,0,2,310620020194619589,2023-08-20,Belo Horizonte,125.0,0.9768185,2521564.0,20.7142857143,80.5526414286,1,0.0,0,74.6660022857,71.2083574286,22.1904762857,23.0,19.0,,,,,150461,2019-11-10
1573948800000,201947,171.0,171,171.0,171,0.99180305,6.7815056,0,2,310620020194719589,2023-08-20,Belo Horizonte,39.0,1.3202717,2521564.0,19.5714285714,88.3565651429,1,1.0,1,84.7542815714,82.3501428571,20.4166668571,21.1428571429,38.0,,,,,150461,2019-11-17
1574553600000,201948,131.0,131,131.0,131,0.35215205,5.1951885,0,2,310620020194819589,2023-08-20,Belo Horizonte,82.0,0.9547729,2521564.0,19.1428571429,88.325608,1,0.0,1,84.2174964286,81.270528,20.2142854286,20.8571428571,27.0,,,,,150461,2019-11-24
1575158400000,201949,155.0,155,155.0,155,0.6956194,6.146979,0,2,310620020194919589,2023-08-20,Belo Horizonte,84.0,1.0606931,2521564.0,19.8571428571,93.1595157143,1,0.0,1,87.7762492857,84.0054628571,20.7142854286,21.5714285714,29.0,,,,,150461,2019-12-01
1575763200000,201950,220.0,220,220.0,220,0.9998601,8.724744,0,2,310620020195019589,2023-08-20,Belo Horizonte,42.0,1.4631152,2521564.0,19.7142857143,90.7018362857,1,1.0,1,85.7047025714,81.6631022857,20.559524,21.2857142857,35.0,,,,,150461,2019-12-08
1576368000000,201951,204.0,204,204.0,204,0.9707996,8.090217,0,3,310620020195119589,2023-08-20,Belo Horizonte,59.0,1.2172858,2521564.0,21.0,77.4378194286,1,1.0,1,70.0308285714,62.8124695714,22.654762,24.0,35.0,,,,,150461,2019-12-15
1576972800000,201952,148.0,148,148.0,148,0.010319454,5.8693733,0,3,310620020195219589,2023-08-20,Belo Horizonte,21.0,0.7770128,2521564.0,20.2857142857,85.3363085714,1,0.0,1,76.4065055714,70.1407894286,22.3333334286,23.5714285714,17.0,,,,,150461,2019-12-22
1577577600000,202001,176.0,176,176.0,176,0.24940498,6.979795,0,2,310620020200119589,2023-08-20,Belo Horizonte,25.0,0.9316897,2521564.0,19.6666666667,88.490585,1,0.0,1,75.3816363333,61.0656771667,23.1045755,26.8333333333,54.0,,,,,21481,2019-12-29
1578182400000,202002,374.0,374,374.0,374,1.0,14.832065,0,2,310620020200219589,2023-08-20,Belo Horizonte,62.0,2.0351782,2521564.0,20.7142857143,90.2474857143,1,1.0,1,70.8832757143,56.045135,25.5574228571,29.7142857143,88.0,,,,,21481,2020-01-05
1578787200000,202003,436.0,436,436.0,436,1.0,17.290855,0,3,310620020200319589,2023-08-20,Belo Horizonte,41.0,1.8787215,2521564.0,21.2857142857,87.8181,1,1.0,1,65.500207,48.1979932857,26.630252,31.1428571429,119.0,,,,,21481,2020-01-12
1579392000000,202004,407.0,407,407.0,407,0.9981989,16.140776,0,3,310620020200419589,2023-08-20,Belo Horizonte,22.0,1.240138,2521564.0,19.7142857143,92.4291128571,1,1.0,1,82.986704,69.1731565714,22.7394961429,25.8571428571,108.0,,,,,21481,2020-01-19
1579996800000,202005,492.0,492,492.0,492,0.99902034,19.5117,0,3,310620020200519589,2023-08-20,Belo Horizonte,128.0,1.2310233,2521564.0,21.2857142857,90.8288514286,1,1.0,1,72.25081,54.2273091429,25.6302522857,29.8571428571,146.0,,,,,21481,2020-01-26
1580601600000,202006,585.0,585,585.0,585,0.9999974,23.199886,0,3,310620020200619589,2023-08-20,Belo Horizonte,119.0,1.3310708,2521564.0,20.5714285714,87.7334277143,1,1.0,1,74.6389645714,64.0773218571,23.6783018571,26.2857142857,199.0,,,,,21481,2020-02-02
1581206400000,202007,678.0,678,678.0,678,0.99999994,26.888075,0,3,310620020200719589,2023-08-20,Belo Horizonte,101.0,1.3610582,2521564.0,19.5714285714,93.1714628571,1,1.0,1,89.2076358571,85.796317,20.6190471429,21.2857142857,275.0,,,,,21481,2020-02-09
1581811200000,202008,830.0,830,830.0,830,1.0,32.91608,0,3,310620020200819589,2023-08-20,Belo Horizonte,63.0,1.4181818,2521564.0,20.8571428571,86.0765642857,1,1.0,1,80.1092464286,74.4593028571,22.1785714286,23.4285714286,296.0,,,,,21481,2020-02-16
1582416000000,202009,875.0,875,875.0,875,0.9999988,34.700687,0,3,310620020200919589,2023-08-20,Belo Horizonte,255.0,1.2708054,2521564.0,20.5714285714,92.3873942857,1,1.0,2,84.1561264286,76.086935,22.0840335714,23.8571428571,339.0,,,,,21481,2020-02-23
1583020800000,202010,1311.0,1311,1311.0,1311,1.0,51.991543,0,3,310620020201019589,2023-08-20,Belo Horizonte,97.0,1.6155167,2521564.0,19.0,92.36261,1,1.0,2,84.0151942857,73.4911628571,21.1780462857,23.5714285714,485.0,,,,,21481,2020-03-01
1583625600000,202011,1534.0,1534,1534.0,1534,1.0,60.83526,0,4,310620020201119589,2023-08-20,Belo Horizonte,401.0,1.5507153,2521564.0,19.2857142857,87.5384457143,1,1.0,2,66.8607122857,51.0592175714,24.4117647143,28.2857142857,568.0,,,,,21481,2020-03-08
1584230400000,202012,1051.0,1051,1051.0,1051,0.0003935966,41.68048,0,4,310620020201219589,2023-08-20,Belo Horizonte,682.0,0.8681921,2521564.0,19.5714285714,89.9296057143,1,0.0,2,78.2849807143,65.349105,22.3739495714,24.8571428571,376.0,,,,,21481,2020-03-15
1584835200000,202013,611.0,611,611.0,611,0.0,24.230993,0,4,310620020201319589,2023-08-20,Belo Horizonte,358.0,0.48204637,2521564.0,17.8571428571,84.3573637143,1,0.0,1,70.5432142857,58.0418644286,21.9831937143,24.7142857143,247.0,,,,,21481,2020-03-22
1585440000000,202014,628.0,628,628.0,628,0.0,24.905178,0,2,310620020201419589,2023-08-20,Belo Horizonte,246.0,0.59981245,2521564.0,20.4285714286,87.6974471429,1,0.0,1,70.0415562857,52.7785302857,24.8571428571,28.7142857143,253.0,,,,,21481,2020-03-29
1586044800000,202015,733.0,733,733.0,733,0.12162525,29.06926,0,2,310620020201519589,2023-08-20,Belo Horizonte,295.0,0.9417374,2521564.0,19.4285714286,93.1529848571,1,0.0,1,73.7286587143,56.952256,24.268908,28.5714285714,317.0,,,,,21481,2020-04-05
1586649600000,202016,708.0,708,708.0,708,0.79232806,28.077812,0,2,310620020201619589,2023-08-20,Belo Horizonte,199.0,1.0447259,2521564.0,18.7142857143,90.6655628571,1,0.0,1,76.2647114286,61.6860572857,22.1932775714,25.5714285714,280.0,,,,,21481,2020-04-12
1587254400000,202017,628.0,628,628.0,628,0.050488405,24.905178,0,2,310620020201719589,2023-08-20,Belo Horizonte,131.0,0.913511,2521564.0,17.2857142857,85.7585737143,1,0.0,1,66.7349682857,51.2904871429,21.9831934286,25.4285714286,263.0,,,,,21481,2020-04-19
1587859200000,202018,548.0,548,548.0,548,9.93283e-05,21.732544,0,1,310620020201819589,2023-08-20,Belo Horizonte,107.0,0.8081196,2521564.0,15.2857142857,87.8755714286,0,0.0,1,59.2748422857,41.3545347143,21.630252,25.5714285714,236.0,,,,,21481,2020-04-26
1588464000000,202019,481.0,481,481.0,481,9.456e-06,19.075462,0,1,310620020201919589,2023-08-20,Belo Horizonte,200.0,0.772241,2521564.0,15.5714285714,88.1027742857,0,0.0,1,67.5208172857,48.7378952857,20.6890752857,24.5714285714,196.0,,,,,21481,2020-05-03
1589068800000,202020,432.0,432,432.0,432,6.47722e-05,17.132225,0,1,310620020202019589,2023-08-20,Belo Horizonte,104.0,0.78282267,2521564.0,15.1428571429,91.2287914286,0,0.0,1,71.9645314286,56.0245637143,19.8664801429,23.8571428571,127.0,,,,,21481,2020-05-10
1589673600000,202021,431.0,431,431.0,431,0.026950229,17.092566,0,1,310620020202119589,2023-08-20,Belo Horizonte,203.0,0.8806059,2521564.0,15.8571428571,90.4412114286,0,0.0,1,69.8057262857,51.9683617143,20.697479,24.5714285714,142.0,,,,,21481,2020-05-17
1590278400000,202022,339.0,339,339.0,339,8.73614e-05,13.444037,0,1,310620020202219589,2023-08-20,Belo Horizonte,136.0,0.76387584,2521564.0,12.5714285714,87.7429435714,0,0.0,1,66.3614752857,47.5176231429,18.2935177143,22.5714285714,83.0,,,,,21481,2020-05-24
1590883200000,202023,433.0,433,433.0,433,0.78226113,17.171883,0,1,310620020202319589,2023-08-20,Belo Horizonte,67.0,1.0551581,2521564.0,14.2857142857,88.7251428571,0,0.0,1,65.5634574286,46.6648927143,20.3529412857,25.0,75.0,,,,,21481,2020-05-31
1591488000000,202024,454.0,454,454.0,454,0.9798157,18.004698,0,1,310620020202419589,2023-08-20,Belo Horizonte,118.0,1.1512729,2521564.0,16.1428571429,84.9340042857,1,1.0,1,60.0991895714,39.7203328571,22.1624651429,27.1428571429,71.0,,,,,21481,2020-06-07
1592092800000,202025,478.0,478,478.0,478,0.98152906,18.95649,0,3,310620020202519589,2023-08-20,Belo Horizonte,176.0,1.1499165,2521564.0,15.4285714286,115.3684305714,0,1.0,1,73.2381765714,55.9319891429,19.2553921429,22.7142857143,79.0,,,,,21481,2020-06-14
1592697600000,202026,449.0,449,449.0,449,0.539044,17.80641,0,3,310620020202619589,2023-08-20,Belo Horizonte,807.0,1.0065715,2521564.0,13.4285714286,85.3842321429,0,0.0,1,61.224151,43.6762834286,19.5908612857,24.2857142857,63.0,,,,,21481,2020-06-21
1593302400000,202027,414.0,414,414.0,414,0.074798994,16.41838,0,1,310620020202719589,2023-08-20,Belo Horizonte,40.0,0.90693,2521564.0,15.4285714286,89.757282,0,0.0,1,68.0697407143,49.2892587143,20.3364145714,24.5714285714,52.0,,,,,21481,2020-06-28
1593907200000,202028,336.0,336,336.0,336,9.69173e-05,13.325064,0,1,310620020202819589,2023-08-20,Belo Horizonte,114.0,0.76436454,2521564.0,15.0,86.54427,0,0.0,1,62.541671,43.1351005714,20.4388004286,25.1428571429,34.0,,,,,21481,2020-07-05
1594512000000,202029,303.0,303,303.0,303,0.0001345373,12.016352,0,1,310620020202919589,2023-08-20,Belo Horizonte,371.0,0.7587394,2521564.0,15.0,88.78699,0,0.0,1,62.1656574286,40.7658664286,20.8726191429,25.4285714286,19.0,,,,,21481,2020-07-12
1595116800000,202030,246.0,246,246.0,246,1.52442e-05,9.75585,0,1,310620020203019589,2023-08-20,Belo Horizonte,134.0,0.7084414,2521564.0,14.7142857143,86.3303928571,0,0.0,1,61.7738648571,43.5370975714,20.335234,24.4285714286,24.0,,,,,21481,2020-07-19
1595721600000,202031,216.0,216,216.0,216,0.0001482195,8.5661125,0,1,310620020203119589,2023-08-20,Belo Horizonte,61.0,0.7253791,2521564.0,15.2857142857,85.5265328571,0,0.0,1,60.01284,43.1083215714,21.1004552857,25.4285714286,30.0,,,,,21481,2020-07-26
1596326400000,202032,142.0,142,142.0,142,1.35e-08,5.6314254,0,1,310620020203219589,2023-08-20,Belo Horizonte,45.0,0.5647788,2521564.0,12.2857142857,83.5307901429,0,0.0,1,56.031504,37.9346988571,18.7787112857,23.2857142857,20.0,,,,,21481,2020-08-02
1596931200000,202033,207.0,207,207.0,207,0.45824724,8.20919,0,1,310620020203319589,2023-08-20,Belo Horizonte,199.0,0.98978305,2521564.0,15.5714285714,83.2960564286,0,0.0,1,58.3149032857,38.8612647143,21.4914964286,26.1428571429,28.0,,,,,21481,2020-08-09
1597536000000,202034,174.0,174,174.0,174,0.3154454,6.9004793,0,1,310620020203419589,2023-08-20,Belo Horizonte,52.0,0.95046616,2521564.0,16.5714285714,84.27048,1,0.0,1,62.5075562857,47.5003217143,22.2825631429,26.5714285714,16.0,,,,,21481,2020-08-16
1598140800000,202035,143.0,143,143.0,143,0.020657087,5.6710835,0,1,310620020203519589,2023-08-20,Belo Horizonte,33.0,0.7964007,2521564.0,12.5714285714,82.1092322857,0,0.0,1,55.92023,38.8293854286,19.3665967143,24.0,14.0,,,,,21481,2020-08-23
1598745600000,202036,149.0,149,149.0,149,0.11094405,5.909031,0,1,310620020203619589,2023-08-20,Belo Horizonte,33.0,0.87232584,2521564.0,16.5714285714,78.1097014286,1,0.0,1,48.8765637143,30.979559,23.4591237143,28.4285714286,21.0,,,,,21481,2020-08-30
1599350400000,202037,169.0,169,169.0,169,0.7620189,6.7021894,0,1,310620020203719589,2023-08-20,Belo Horizonte,67.0,1.0821922,2521564.0,17.0,71.8399528571,1,0.0,1,41.971548,22.8797148571,25.214811,30.8571428571,20.0,,,,,21481,2020-09-06
1599955200000,202038,140.0,140,140.0,140,0.2263926,5.5521097,0,2,310620020203819589,2023-08-20,Belo Horizonte,21.0,0.9160676,2521564.0,18.0,68.368037,1,0.0,1,41.726638,25.4730718571,25.6917018571,31.7142857143,23.0,,,,,21481,2020-09-13
1600560000000,202039,138.0,138,138.0,138,0.18428658,5.472794,0,2,310620020203919589,2023-08-20,Belo Horizonte,52.0,0.9000706,2521564.0,18.0,84.6400542857,1,0.0,1,61.0520578571,43.4311182857,23.4065127143,27.8571428571,11.0,,,,,21481,2020-09-20
1601164800000,202040,160.0,160,160.0,160,0.7627605,6.3452682,0,2,310620020204019589,2023-08-20,Belo Horizonte,57.0,1.0849113,2521564.0,20.7142857143,63.489812,1,0.0,1,38.7750028571,23.9353088571,29.0868697143,34.7142857143,18.0,,,,,21481,2020-09-27
1601769600000,202041,186.0,186,186.0,186,0.982729,7.3763742,0,2,310620020204119589,2023-08-20,Belo Horizonte,54.0,1.2610872,2521564.0,22.4285714286,71.7033277143,1,1.0,1,46.309957,29.8097905714,29.4189075714,34.8571428571,26.0,,,,,21481,2020-10-04
1602374400000,202042,137.0,137,137.0,137,0.1107928,5.433136,0,2,310620020204219589,2023-08-20,Belo Horizonte,34.0,0.8673416,2521564.0,18.4285714286,85.2713691429,1,0.0,1,69.9624847143,54.1459104286,22.7237395714,27.0,13.0,,,,,21481,2020-10-11
1602979200000,202043,127.0,127,127.0,127,0.022225503,5.0365567,0,2,310620020204319589,2023-08-20,Belo Horizonte,33.0,0.7887245,2521564.0,17.7142857143,90.6538622857,1,0.0,1,77.852158,65.0052682857,20.380182,22.8571428571,18.0,,,,,21481,2020-10-18
1603584000000,202044,121.0,121,121.0,121,0.061191503,4.7986093,0,2,310620020204419589,2023-08-20,Belo Horizonte,49.0,0.8276675,2521564.0,19.1428571429,92.6046265714,1,0.0,0,73.057208,56.4122151429,23.6805971429,27.4285714286,11.0,,,,,21481,2020-10-25
1604188800000,202045,189.0,189,189.0,189,0.99892104,7.495348,0,2,310620020204519589,2023-08-20,Belo Horizonte,22.0,1.4097271,2521564.0,17.5714285714,87.6268491429,1,1.0,1,66.226338,51.7101394286,22.4879995714,26.0,38.0,,,,,21481,2020-11-01
1604793600000,202046,205.0,205,205.0,205,0.99947155,8.129875,0,3,310620020204619589,2023-08-20,Belo Horizonte,28.0,1.4231603,2521564.0,20.4285714286,91.0634942857,1,1.0,1,75.1335662857,58.2406185714,24.07507,28.0,39.0,,,,,21481,2020-11-08
1605398400000,202047,227.0,227,227.0,227,0.99599755,9.002349,0,3,310620020204719589,2023-08-20,Belo Horizonte,12.0,1.3043904,2521564.0,20.4285714286,91.1778657143,1,1.0,1,74.5305384286,59.6220188571,24.3140405714,27.8571428571,36.0,,,,,21481,2020-11-15
1606003200000,202048,243.0,243,243.0,243,0.97213453,9.636876,0,3,310620020204819589,2023-08-20,Belo Horizonte,0.0,1.1989511,2521564.0,19.4285714286,82.5079974286,1,1.0,1,65.1489388571,53.3691864286,23.3303571429,26.1428571429,34.0,,,,,21481,2020-11-22
1606608000000,202049,242.0,242,242.0,242,0.81384206,9.5972185,0,3,310620020204919589,2023-08-20,Belo Horizonte,0.0,1.0862426,2521564.0,19.3428571429,,1,0.0,1,,,,,39.0,,,,,21481,2020-11-29
1607212800000,202050,222.0,222,222.0,222,0.2816293,8.80406,0,2,310620020205019589,2023-08-20,Belo Horizonte,0.0,0.9473601,2521564.0,19.2571428571,,1,0.0,1,,,,,38.0,,,,,21481,2020-12-06
1607817600000,202051,210.0,210,210.0,210,0.13108075,8.328165,0,2,310620020205119589,2023-08-20,Belo Horizonte,0.0,0.899017,2521564.0,19.1714285714,,1,0.0,1,,,,,30.0,,,,,21481,2020-12-13
1608422400000,202052,159.0,159,159.0,159,0.0007473359,6.30561,0,2,310620020205219589,2023-08-20,Belo Horizonte,0.0,0.72051966,2521564.0,19.0857142857,,1,0.0,1,,,,,20.0,,,,,21481,2020-12-20
1609027200000,202053,174.0,174,174.0,174,0.092871435,6.9004793,0,2,310620020205319589,2023-08-20,Belo Horizonte,6.0,0.8720205,2521564.0,19.0,96.964885,1,0.0,1,68.479372,49.2981815,25.235294,30.0,23.0,,,,,21481,2020-12-27
1609632000000,202101,281.0,281,281.0,281,1.0,11.143877,0,2,310620020210119684,2023-11-23,Belo Horizonte,68.0,1.808175,2521564.0,19.4285714286,97.43029,1,1.0,1,75.095415,55.4300382857,24.4737395714,29.2857142857,36.0,,,,,7668,2021-01-03
1610236800000,202102,276.0,276,276.0,276,0.99999994,10.945588,0,3,310620020210219684,2023-11-23,Belo Horizonte,61.0,1.6566694,2521564.0,20.4285714286,91.6599785714,1,1.0,1,75.12756,61.1150105714,24.6349791429,28.0,51.0,,,,,7668,2021-01-10
1610841600000,202103,259.0,259,259.0,259,0.9404411,10.271403,0,3,310620020210319684,2023-11-23,Belo Horizonte,82.0,1.1523122,2521564.0,19.1428571429,80.7811965714,1,0.0,1,58.65596,43.08938,24.8918068571,29.1428571429,48.0,,,,,7668,2021-01-17
1611446400000,202104,213.0,213,213.0,213,0.018531393,8.447139,0,2,310620020210419684,2023-11-23,Belo Horizonte,76.0,0.8249887,2521564.0,19.8571428571,79.0638907143,1,0.0,0,58.8122181429,45.9982384286,25.1721417143,28.5714285714,44.0,,,,,7668,2021-01-24
1612051200000,202105,215.0,215,215.0,215,0.057600256,8.526454,0,2,310620020210519684,2023-11-23,Belo Horizonte,84.0,0.8638638,2521564.0,20.2857142857,85.6624357143,1,0.0,0,67.9806072857,53.5247017143,24.876751,28.2857142857,55.0,,,,,7668,2021-01-31
1612656000000,202106,197.0,197,197.0,197,0.075807154,7.8126116,0,2,310620020210619684,2023-11-23,Belo Horizonte,43.0,0.86989075,2521564.0,18.7142857143,95.8333637143,1,0.0,0,83.4771337143,70.321018,21.7226892857,24.5714285714,44.0,,,,,7668,2021-02-07
1613260800000,202107,187.0,187,187.0,187,0.120685846,7.4160323,0,2,310620020210719684,2023-11-23,Belo Horizonte,70.0,0.889115,2521564.0,19.8571428571,98.2973257143,1,0.0,0,86.5942787143,70.6408244286,22.8387954286,26.2857142857,36.0,,,,,7668,2021-02-14
1613865600000,202108,282.0,282,282.0,282,0.99981457,11.183536,0,2,310620020210819684,2023-11-23,Belo Horizonte,88.0,1.383882,2521564.0,19.5714285714,93.31116,1,1.0,1,76.5386591429,61.3034388571,23.270756,26.4285714286,57.0,,,,,7668,2021-02-21
1614470400000,202109,342.0,342,342.0,342,0.9999998,13.563011,0,3,310620020210919684,2023-11-23,Belo Horizonte,63.0,1.5436124,2521564.0,19.2857142857,87.9104917143,1,1.0,1,70.7396008571,58.1288767143,23.1725921429,25.8571428571,82.0,,,,,7668,2021-02-28
1615075200000,202110,304.0,304,304.0,304,0.931057,12.056009,0,3,310620020211019684,2023-11-23,Belo Horizonte,299.0,1.1320665,2521564.0,19.2857142857,97.4112557143,1,0.0,1,79.6091342857,62.2864192857,23.1013657143,26.8571428571,69.0,,,,,7668,2021-03-07
1615680000000,202111,348.0,348,348.0,348,0.94090223,13.800959,0,2,310620020211119684,2023-11-23,Belo Horizonte,65.0,1.1297952,2521564.0,19.4285714286,83.8891937143,1,0.0,1,67.3023324286,54.9359592857,23.4844185714,26.2857142857,78.0,,,,,7668,2021-03-14
1616284800000,202112,241.0,241,241.0,241,0.0006020903,9.55756,0,2,310620020211219684,2023-11-23,Belo Horizonte,61.0,0.75945944,2521564.0,19.5714285714,89.1038757143,1,0.0,0,61.5666374286,43.4702575714,25.6554622857,29.5714285714,34.0,,,,,7668,2021-03-21
1616889600000,202113,185.0,185,185.0,185,6.86e-08,7.3367167,0,2,310620020211319684,2023-11-23,Belo Horizonte,81.0,0.6157752,2521564.0,19.4285714286,91.6663771429,1,0.0,0,69.0312397143,47.1097504286,24.7964437143,29.5714285714,40.0,,,,,7668,2021-03-28
1617494400000,202114,209.0,209,209.0,209,0.017380875,8.2885065,0,2,310620020211419684,2023-11-23,Belo Horizonte,70.0,0.8216489,2521564.0,17.7142857143,89.0841422857,1,0.0,0,67.8123201429,49.4554004286,22.3917261429,26.2857142857,42.0,,,,,7668,2021-04-04
1618099200000,202115,190.0,190,190.0,190,0.12433278,7.535006,0,2,310620020211519684,2023-11-23,Belo Horizonte,163.0,0.89146733,2521564.0,16.2857142857,86.4032857143,1,0.0,0,60.8354942857,41.6474958571,22.380719,27.0,51.0,,,,,7668,2021-04-11
1618704000000,202116,189.0,189,189.0,189,0.3070921,7.495348,0,2,310620020211619684,2023-11-23,Belo Horizonte,22.0,0.9501424,2521564.0,17.8571428571,85.3261877143,1,0.0,0,62.9629921429,46.900225,22.7454228571,26.5714285714,57.0,,,,,7668,2021-04-18
1619308800000,202117,159.0,159,159.0,159,0.03970127,6.30561,0,2,310620020211719684,2023-11-23,Belo Horizonte,34.0,0.8290258,2521564.0,17.0,89.7657628571,1,0.0,0,66.3955902857,45.632646,22.5204834286,26.8571428571,34.0,,,,,7668,2021-04-25
1619913600000,202118,158.0,158,158.0,158,0.11015638,6.2659526,0,1,310620020211819684,2023-11-23,Belo Horizonte,44.0,0.87527245,2521564.0,15.5714285714,92.1644671429,0,0.0,0,62.6639072857,42.9317145714,22.05042,26.2857142857,42.0,,,,,7668,2021-05-02
1620518400000,202119,157.0,157,157.0,157,0.28746653,6.2262945,0,1,310620020211919684,2023-11-23,Belo Horizonte,47.0,0.9396589,2521564.0,14.5714285714,88.64391,0,0.0,0,64.4934135714,45.7294032857,20.537373,24.8571428571,35.0,,,,,7668,2021-05-09
1621123200000,202120,137.0,137,137.0,137,0.110653795,5.433136,0,1,310620020212019684,2023-11-23,Belo Horizonte,31.0,0.8672698,2521564.0,15.0,88.0750171429,0,0.0,0,57.6192385714,37.2007027143,22.0358247143,27.1428571429,33.0,,,,,7668,2021-05-16
1621728000000,202121,160.0,160,160.0,160,0.6728142,6.3452682,0,1,310620020212119684,2023-11-23,Belo Horizonte,114.0,1.0519272,2521564.0,18.0,90.7498291429,1,0.0,0,65.1100445714,47.4206007143,23.7695707143,28.5714285714,26.0,,,,,7668,2021-05-23
1622332800000,202122,126.0,126,126.0,126,0.097100645,4.9968987,0,1,310620020212219684,2023-11-23,Belo Horizonte,116.0,0.85468066,2521564.0,17.1428571429,91.4395668571,1,0.0,0,69.7665278571,49.6029004286,21.9057541429,26.0,27.0,,,,,7668,2021-05-30
1622937600000,202123,134.0,134,134.0,134,0.2759365,5.3141623,0,2,310620020212319684,2023-11-23,Belo Horizonte,426.0,0.9311878,2521564.0,16.2857142857,93.03393,1,0.0,0,72.1442672857,55.2845061429,20.7344538571,24.4285714286,30.0,,,,,7668,2021-06-06
1623542400000,202124,96.0,96,96.0,96,0.005251303,3.8071609,0,1,310620020212419684,2023-11-23,Belo Horizonte,38.0,0.71267796,2521564.0,14.2857142857,89.63528,0,0.0,0,65.5479922857,46.4223542857,19.282563,23.1428571429,19.0,,,,,7668,2021-06-13
1624147200000,202125,86.0,86,86.0,86,0.0071625146,3.4105816,0,1,310620020212519684,2023-11-23,Belo Horizonte,19.0,0.7102393,2521564.0,14.0,91.1545771429,0,0.0,0,61.5263135714,42.1920181429,20.8581932857,25.5714285714,24.0,,,,,7668,2021-06-20
1624752000000,202126,89.0,89,89.0,89,0.14154035,3.5295556,0,1,310620020212619684,2023-11-23,Belo Horizonte,43.0,0.8568589,2521564.0,12.5714285714,85.2164164286,0,0.0,0,59.6715022857,41.0781904286,18.859769,23.4285714286,28.0,,,,,7668,2021-06-27
1625356800000,202127,83.0,83,83.0,83,0.26256022,3.2916079,0,1,310620020212719684,2023-11-23,Belo Horizonte,78.0,0.9083975,2521564.0,12.0,81.2852742857,0,0.0,0,55.4915834286,37.7181641429,18.2373948571,22.5714285714,17.0,,,,,7668,2021-07-04
1625961600000,202128,96.0,96,96.0,96,0.7383958,3.8071609,0,1,310620020212819684,2023-11-23,Belo Horizonte,27.0,1.098698,2521564.0,13.7142857143,81.7358794286,0,0.0,0,55.2987155714,35.9074125714,20.6574627143,25.7142857143,19.0,,,,,7668,2021-07-11
1626566400000,202129,59.0,59,59.0,59,0.011704556,2.3398178,0,1,310620020212919684,2023-11-23,Belo Horizonte,47.0,0.68485945,2521564.0,14.0,77.4883445714,0,0.0,0,51.5171934286,31.2982467143,20.5166318571,25.7142857143,12.0,,,,,7668,2021-07-18
1627171200000,202130,61.0,61,61.0,61,0.044753093,2.4191334,0,1,310620020213019684,2023-11-23,Belo Horizonte,42.0,0.7516839,2521564.0,12.5714285714,83.0218385714,0,0.0,0,51.5047671429,31.8463285714,19.3329832857,24.2857142857,9.0,,,,,7668,2021-07-25
1627776000000,202131,71.0,71,71.0,71,0.52531075,2.8157127,0,1,310620020213119684,2023-11-23,Belo Horizonte,12.0,1.0107093,2521564.0,13.0,80.530328,0,0.0,0,57.884385,40.2332061429,18.377311,22.8571428571,15.0,,,,,7668,2021-08-01
1628380800000,202132,90.0,90,90.0,90,0.97205925,3.5692134,0,1,310620020213219684,2023-11-23,Belo Horizonte,46.0,1.3592317,2521564.0,14.8571428571,86.36652,0,0.0,0,58.9188084286,37.9495941429,20.9396008571,25.7142857143,23.0,,,,,7668,2021-08-08
1628985600000,202133,93.0,93,93.0,93,0.9352768,3.6881871,0,1,310620020213319684,2023-11-23,Belo Horizonte,24.0,1.2652062,2521564.0,15.7142857143,84.9776014286,0,0.0,0,56.1645174286,35.9204235714,22.2153944286,27.0,17.0,,,,,7668,2021-08-15
1629590400000,202134,91.0,91,91.0,91,0.70025814,3.6088712,0,1,310620020213419684,2023-11-23,Belo Horizonte,31.0,1.0824431,2521564.0,16.0,73.1523878571,0,0.0,0,49.6755815714,33.2728557143,22.6964288571,27.8571428571,29.0,,,,,7668,2021-08-22
1630195200000,202135,69.0,69,69.0,69,0.057324763,2.736397,0,1,310620020213519684,2023-11-23,Belo Horizonte,27.0,0.77759224,2521564.0,16.0,82.6223714286,0,0.0,0,58.7681361429,40.2574025714,21.5692171429,26.2857142857,23.0,,,,,7668,2021-08-29
1630800000000,202136,100.0,100,100.0,100,0.8468213,3.9657927,0,1,310620020213619684,2023-11-23,Belo Horizonte,16.0,1.1616533,2521564.0,19.4285714286,74.4575778571,1,0.0,0,45.9015927143,28.754278,27.3110644286,32.8571428571,31.0,,,,,7668,2021-09-05
1631404800000,202137,108.0,108,108.0,108,0.9516269,4.2830563,0,1,310620020213719684,2023-11-23,Belo Horizonte,29.0,1.2705274,2521564.0,20.1428571429,70.1433264286,1,0.0,0,44.396655,26.9165791429,26.8604322857,32.0,30.0,,,,,7668,2021-09-12
1632009600000,202138,112.0,112,112.0,112,0.89428073,4.4416876,0,2,310620020213819684,2023-11-23,Belo Horizonte,24.0,1.190128,2521564.0,18.0,74.4572175714,1,0.0,0,51.7300995714,36.4284944286,24.7058824286,29.8571428571,41.0,,,,,7668,2021-09-19
1632614400000,202139,119.0,119,119.0,119,0.82663184,4.719293,0,2,310620020213919684,2023-11-23,Belo Horizonte,22.0,1.1338761,2521564.0,18.8571428571,83.7125942857,1,0.0,0,55.0145558571,34.5633822857,26.0168062857,31.7142857143,43.0,,,,,7668,2021-09-26
1633219200000,202140,81.0,81,81.0,81,0.018453095,3.212292,0,2,310620020214019684,2023-11-23,Belo Horizonte,38.0,0.7383816,2521564.0,20.5714285714,85.4185057143,1,0.0,0,63.6834518571,47.151799,25.4318394286,29.7142857143,20.0,,,,,7668,2021-10-03
1633824000000,202141,84.0,84,84.0,84,0.062757075,3.331266,0,2,310620020214119684,2023-11-23,Belo Horizonte,50.0,0.80005103,2521564.0,18.0,94.0205642857,1,0.0,0,74.2412462857,58.4672368571,22.8371097143,26.8571428571,26.0,,,,,7668,2021-10-10
1634428800000,202142,96.0,96,96.0,96,0.5820729,3.8071609,0,2,310620020214219684,2023-11-23,Belo Horizonte,33.0,1.0305225,2521564.0,18.2857142857,94.0811857143,1,0.0,0,79.575078,63.9707348571,21.8247547143,25.7142857143,37.0,,,,,7668,2021-10-17
1635033600000,202143,98.0,98,98.0,98,0.75562704,3.8864768,0,2,310620020214319684,2023-11-23,Belo Horizonte,29.0,1.1065072,2521564.0,20.1428571429,86.3890751429,1,0.0,0,67.7383614286,55.4879724286,23.9956932857,27.0,40.0,,,,,7668,2021-10-24
1635638400000,202144,94.0,94,94.0,94,0.5488505,3.7278452,0,2,310620020214419684,2023-11-23,Belo Horizonte,34.0,1.0181084,2521564.0,20.1428571429,89.7306,1,0.0,0,74.2714861429,61.4089792857,23.7080878571,26.5714285714,41.0,,,,,7668,2021-10-31
1636243200000,202145,106.0,106,106.0,106,0.7662659,4.20374,0,2,310620020214519684,2023-11-23,Belo Horizonte,26.0,1.1075801,2521564.0,19.1428571429,94.1452614286,1,0.0,0,80.9677138571,66.1366391429,21.9594957143,24.8571428571,69.0,,,,,7668,2021-11-07
1636848000000,202146,124.0,124,124.0,124,0.9525629,4.917583,0,2,310620020214619684,2023-11-23,Belo Horizonte,21.0,1.2509595,2521564.0,18.0,91.4165328571,1,0.0,0,73.9170514286,61.966334,22.2372202857,25.8571428571,88.0,,,,,7668,2021-11-14
1637452800000,202147,155.0,155,155.0,155,0.9977003,6.146979,0,2,310620020214719684,2023-11-23,Belo Horizonte,34.0,1.4202719,2521564.0,20.2857142857,84.4107885714,1,0.0,0,65.4046781429,49.8287795714,24.722794,28.0,102.0,,,,,7668,2021-11-21
1638057600000,202148,111.0,111,111.0,111,0.19529067,4.40203,0,2,310620020214819684,2023-11-23,Belo Horizonte,38.0,0.8941615,2521564.0,19.5714285714,95.8818337143,1,0.0,0,79.283297,59.331196,23.2192112857,27.7142857143,83.0,,,,,7668,2021-11-28
1638662400000,202149,108.0,108,108.0,108,0.07052304,4.2830563,0,2,310620020214919684,2023-11-23,Belo Horizonte,40.0,0.82642674,2521564.0,18.4285714286,91.1330171429,1,0.0,0,76.6250515714,61.7680477143,22.0462182857,25.1428571429,92.0,,,,,7668,2021-12-05
1639267200000,202150,113.0,113,113.0,113,0.2957085,4.4813457,0,2,310620020215019684,2023-11-23,Belo Horizonte,415.0,0.93234897,2521564.0,20.5714285714,96.6273128571,1,0.0,0,85.0361614286,72.7716924286,23.172794,26.0,101.0,,,,,7668,2021-12-12
1639872000000,202151,68.0,68,68.0,68,0.0007802161,2.696739,0,2,310620020215119684,2023-11-23,Belo Horizonte,38.0,0.6187946,2521564.0,19.0,90.7523994286,1,0.0,0,76.5842507143,65.314879,22.442752,25.2857142857,55.0,,,,,7668,2021-12-19
1640476800000,202152,58.0,58,58.0,58,0.0007028064,2.3001597,0,2,310620020215219684,2023-11-23,Belo Horizonte,49.0,0.5948993,2521564.0,19.1428571429,93.2999242857,1,0.0,0,78.2371094286,66.2276255714,22.9443277143,25.8571428571,9.0,,,,,7668,2021-12-26
1641081600000,202201,256.0,256,256.0,256,1.0,10.15243,0,2,310620020220119684,2023-11-23,Belo Horizonte,201.0,2.8870885,2521564.0,20.1428571429,99.1455371429,1,1.0,1,91.2079382857,76.6509292857,22.2376815714,25.4285714286,44.0,,,,,12525,2022-01-02
1641686400000,202202,279.0,279,279.0,279,1.0,11.064562,0,3,310620020220219684,2023-11-23,Belo Horizonte,277.0,2.264696,2521564.0,20.0,95.04116,1,1.0,1,77.0338991429,59.7190188571,24.4369745714,28.2857142857,35.0,,,,,12525,2022-01-09
1642291200000,202203,273.0,273,273.0,273,0.9993959,10.826614,0,3,310620020220319684,2023-11-23,Belo Horizonte,97.0,1.3474847,2521564.0,21.2857142857,84.8744428571,1,1.0,1,66.8227412857,52.637099,25.7546218571,29.4285714286,37.0,,,,,12525,2022-01-16
1642896000000,202204,184.0,184,184.0,184,0.0004885105,7.2970586,0,3,310620020220419684,2023-11-23,Belo Horizonte,54.0,0.7281653,2521564.0,19.7142857143,87.1522685714,1,0.0,0,64.7663137143,49.674138,25.1611914286,28.8571428571,15.0,,,,,12525,2022-01-23
1643500800000,202205,195.0,195,195.0,195,0.007894261,7.733296,0,2,310620020220519684,2023-11-23,Belo Horizonte,46.0,0.7941035,2521564.0,19.5714285714,97.4428628571,1,0.0,0,84.067885,66.8896731429,23.2005848571,27.1428571429,21.0,,,,,12525,2022-01-30
1644105600000,202206,168.0,168,168.0,168,0.011957483,6.662532,0,2,310620020220619684,2023-11-23,Belo Horizonte,44.0,0.7927368,2521564.0,19.4285714286,100.0,1,0.0,0,93.7551062857,83.7447271429,21.2689074286,23.8571428571,20.0,,,,,12525,2022-02-06
1644710400000,202207,195.0,195,195.0,195,0.61044776,7.733296,0,2,310620020220719684,2023-11-23,Belo Horizonte,26.0,1.0289909,2521564.0,19.2857142857,98.34806,1,0.0,0,82.5910615714,65.479635,22.8941175714,26.8571428571,24.0,,,,,12525,2022-02-13
1645315200000,202208,219.0,219,219.0,219,0.9577996,8.685086,0,2,310620020220819684,2023-11-23,Belo Horizonte,47.0,1.1876558,2521564.0,19.8571428571,94.1478057143,1,0.0,0,71.8389104286,49.9612858571,24.865546,29.1428571429,35.0,,,,,12525,2022-02-20
1645920000000,202209,261.0,261,261.0,261,0.9986623,10.3507185,0,2,310620020220919684,2023-11-23,Belo Horizonte,24.0,1.3254874,2521564.0,18.8571428571,89.8386914286,1,1.0,1,65.6682594286,50.1449684286,24.7710082857,28.8571428571,39.0,,,,,12525,2022-02-27
1646524800000,202210,290.0,290,290.0,290,0.9984083,11.500799,0,3,310620020221019684,2023-11-23,Belo Horizonte,30.0,1.2985611,2521564.0,19.2857142857,87.5354285714,1,1.0,1,62.8840727143,43.8964034286,25.5210085714,30.2857142857,58.0,,,,,12525,2022-03-06
1647129600000,202211,275.0,275,275.0,275,0.8261444,10.90593,0,3,310620020221119684,2023-11-23,Belo Horizonte,32.0,1.0850964,2521564.0,19.8571428571,87.4985042857,1,0.0,1,65.4450994286,50.4809672857,25.2100838571,29.0,55.0,,,,,12525,2022-03-13
1647734400000,202212,290.0,290,290.0,290,0.75320613,11.500799,0,2,310620020221219684,2023-11-23,Belo Horizonte,32.0,1.05933,2521564.0,18.4285714286,90.7997942857,1,0.0,1,66.0830582857,48.4156321429,24.3313325714,29.0,81.0,,,,,12525,2022-03-20
1648339200000,202213,332.0,332,332.0,332,0.9758943,13.166431,0,2,310620020221319684,2023-11-23,Belo Horizonte,32.0,1.1728725,2521564.0,20.7142857143,85.3807257143,1,1.0,1,62.9539467143,45.511881,26.1495797143,30.5714285714,79.0,,,,,12525,2022-03-27
1648944000000,202214,357.0,357,357.0,357,0.9887022,14.15788,0,3,310620020221419684,2023-11-23,Belo Horizonte,90.0,1.1952273,2521564.0,20.2857142857,90.8111485714,1,1.0,1,72.5848262857,57.4061764286,24.2591037143,27.7142857143,101.0,,,,,12525,2022-04-03
1649548800000,202215,333.0,333,333.0,333,0.64978874,13.20609,0,3,310620020221519684,2023-11-23,Belo Horizonte,33.0,1.0304784,2521564.0,19.1428571429,92.2829214286,1,0.0,1,68.9588594286,49.1491262857,24.5042017143,29.0,102.0,,,,,12525,2022-04-10
1650153600000,202216,438.0,438,438.0,438,0.99962586,17.370173,0,1,310620020221619684,2023-11-23,Belo Horizonte,48.0,1.2736397,2521564.0,15.8571428571,84.7868371429,0,1.0,1,55.7435537143,36.4484661429,23.365021,28.2857142857,111.0,,,,,12525,2022-04-17
1650758400000,202217,457.0,457,457.0,457,0.9988984,18.123672,0,3,310620020221719684,2023-11-23,Belo Horizonte,64.0,1.2380266,2521564.0,19.0,85.1277185714,1,1.0,1,62.6860574286,43.7866755714,23.8214281429,28.0,126.0,,,,,12525,2022-04-24
1651363200000,202218,492.0,492,492.0,492,0.99561,19.5117,0,3,310620020221819684,2023-11-23,Belo Horizonte,97.0,1.1905842,2521564.0,18.1428571429,93.1699985714,1,1.0,1,71.1062854286,55.0936937143,22.6386551429,26.2857142857,117.0,,,,,12525,2022-05-01
1651968000000,202219,479.0,479,479.0,479,0.8046018,18.996147,0,3,310620020221919684,2023-11-23,Belo Horizonte,56.0,1.0578222,2521564.0,15.8571428571,90.4336405714,0,0.0,1,67.3163587143,48.6394314286,21.1114551429,25.2857142857,105.0,,,,,12525,2022-05-08
1652572800000,202220,336.0,336,336.0,336,2.0569e-06,13.325064,0,1,310620020222019684,2023-11-23,Belo Horizonte,35.0,0.7209105,2521564.0,11.8571428571,92.9180328571,0,0.0,1,66.690369,47.2080375714,17.1596637143,21.2857142857,93.0,,,,,12525,2022-05-15
1653177600000,202221,290.0,290,290.0,290,4.05e-08,11.500799,0,1,310620020222119684,2023-11-23,Belo Horizonte,53.0,0.66856843,2521564.0,13.5714285714,88.721305,0,0.0,1,62.8940945714,44.5901892857,19.2039217143,23.2857142857,44.0,,,,,12525,2022-05-22
1653782400000,202222,342.0,342,342.0,342,0.1715271,13.563011,0,1,310620020222219684,2023-11-23,Belo Horizonte,189.0,0.9312888,2521564.0,15.2857142857,93.10858,0,0.0,1,66.6646702857,47.7760598571,21.5618245714,26.2857142857,61.0,,,,,12525,2022-05-29
1654387200000,202223,295.0,295,295.0,295,0.12343445,11.699088,0,1,310620020222319684,2023-11-23,Belo Horizonte,56.0,0.9111105,2521564.0,14.1428571429,88.7669134286,0,0.0,1,69.295999,53.0965171429,18.7053621429,22.7142857143,49.0,,,,,12525,2022-06-05
1654992000000,202224,236.0,236,236.0,236,0.0006480825,9.359271,0,1,310620020222419684,2023-11-23,Belo Horizonte,47.0,0.7586879,2521564.0,13.1428571429,85.0928478571,0,0.0,0,60.0575875714,41.400243,18.8613448571,23.4285714286,33.0,,,,,12525,2022-06-12
1655596800000,202225,238.0,238,238.0,238,0.015111251,9.438586,0,1,310620020222519684,2023-11-23,Belo Horizonte,39.0,0.8275146,2521564.0,14.5714285714,87.1911014286,0,0.0,0,63.2529767143,44.571056,20.1260501429,24.0,35.0,,,,,12525,2022-06-19
1656201600000,202226,180.0,180,180.0,180,0.0002293498,7.138427,0,1,310620020222619684,2023-11-23,Belo Horizonte,24.0,0.71249044,2521564.0,13.1428571429,87.7635334286,0,0.0,0,64.4180032857,45.5385785714,18.767227,23.7142857143,35.0,,,,,12525,2022-06-26
1656806400000,202227,186.0,186,186.0,186,0.032961994,7.3763742,0,1,310620020222719684,2023-11-23,Belo Horizonte,98.0,0.8335845,2521564.0,13.4285714286,87.8251422857,0,0.0,0,64.437556,47.1366947143,18.7515478571,23.0,23.0,,,,,12525,2022-07-03
1657411200000,202228,177.0,177,177.0,177,0.13812192,7.019453,0,1,310620020222819684,2023-11-23,Belo Horizonte,52.0,0.8936818,2521564.0,14.1428571429,87.0124794286,0,0.0,0,63.8385868571,45.659615,19.129412,23.1428571429,25.0,,,,,12525,2022-07-10
1658016000000,202229,164.0,164,164.0,164,0.14889795,6.5039,0,1,310620020222919684,2023-11-23,Belo Horizonte,61.0,0.894332,2521564.0,14.8571428571,85.6754542857,0,0.0,0,62.9725124286,47.226238,19.9663862857,23.7142857143,33.0,,,,,12525,2022-07-17
1658620800000,202230,151.0,151,151.0,151,0.09818827,5.988347,0,1,310620020223019684,2023-11-23,Belo Horizonte,18.0,0.8665196,2521564.0,14.2857142857,79.2199122857,0,0.0,0,56.9453668571,40.019944,20.1408962857,24.8571428571,26.0,,,,,12525,2022-07-24
1659225600000,202231,180.0,180,180.0,180,0.784521,7.138427,0,1,310620020223119684,2023-11-23,Belo Horizonte,21.0,1.088379,2521564.0,17.0,76.6540885714,1,0.0,0,59.7348715714,46.5346152857,21.3039218571,24.5714285714,32.0,,,,,12525,2022-07-31
1659830400000,202232,116.0,116,116.0,116,0.0038338343,4.6003194,0,1,310620020223219684,2023-11-23,Belo Horizonte,20.0,0.7243375,2521564.0,14.8571428571,83.0890507143,0,0.0,0,55.6302865714,36.2548257143,21.5210082857,26.5714285714,16.0,,,,,12525,2022-08-07
1660435200000,202233,112.0,112,112.0,112,0.0066101984,4.4416876,0,1,310620020223319684,2023-11-23,Belo Horizonte,14.0,0.73622745,2521564.0,14.4285714286,80.7913507143,0,0.0,0,57.5972291429,42.5367082857,19.8535015714,24.0,18.0,,,,,12525,2022-08-14
1661040000000,202234,122.0,122,122.0,122,0.2563556,4.838267,0,1,310620020223419684,2023-11-23,Belo Horizonte,10.0,0.92128956,2521564.0,14.4285714286,79.2027585714,0,0.0,0,59.3454031429,46.555799,19.2619042857,22.5714285714,16.0,,,,,12525,2022-08-21
1661644800000,202235,124.0,124,124.0,124,0.616754,4.917583,0,1,310620020223519684,2023-11-23,Belo Horizonte,0.0,1.0387414,2521564.0,13.4285714286,75.52927,0,0.0,0,54.3091338571,40.1377122857,18.5537945714,22.2857142857,20.0,,,,,12525,2022-08-28
1662249600000,202236,152.0,152,152.0,152,0.9697418,6.0280046,0,1,310620020223619684,2023-11-23,Belo Horizonte,9.0,1.2555362,2521564.0,15.2857142857,79.5755158571,0,0.0,0,51.226897,33.8927092857,22.4537817143,27.4285714286,25.0,,,,,12525,2022-09-04
1662854400000,202237,143.0,143,143.0,143,0.783332,5.6710835,0,1,310620020223719684,2023-11-23,Belo Horizonte,0.0,1.0993663,2521564.0,19.8571428571,71.2529374286,1,0.0,0,57.5004927143,48.325115,23.4691875714,26.2857142857,21.0,,,,,12525,2022-09-11
1663459200000,202238,174.0,174,174.0,174,0.9655881,6.9004793,0,1,310620020223819684,2023-11-23,Belo Horizonte,0.0,1.2276094,2521564.0,17.1428571429,86.21029,1,0.0,0,69.0223528571,54.7264104286,21.265406,24.8571428571,26.0,,,,,12525,2022-09-18
1664064000000,202239,209.0,209,209.0,209,0.9979423,8.2885065,0,2,310620020223919684,2023-11-23,Belo Horizonte,0.0,1.3530482,2521564.0,18.0,91.7014108571,1,0.0,0,74.9986285714,59.3819464286,21.7739495714,25.2857142857,32.0,,,,,12525,2022-09-25
1664668800000,202240,216.0,216,216.0,216,0.9810663,8.5661125,0,2,310620020224019684,2023-11-23,Belo Horizonte,0.0,1.2341138,2521564.0,18.7142857143,93.33914,1,0.0,0,68.9185848571,46.0468151429,24.1365548571,28.8571428571,31.0,,,,,12525,2022-10-02
1665273600000,202241,218.0,218,218.0,218,0.83777165,8.645428,0,2,310620020224119684,2023-11-23,Belo Horizonte,0.0,1.1014068,2521564.0,20.0,77.9274514286,1,0.0,0,57.6329128571,41.433287,25.029412,29.1428571429,42.0,,,,,12525,2022-10-09
1665878400000,202242,229.0,229,229.0,229,0.79245675,9.081665,0,2,310620020224219684,2023-11-23,Belo Horizonte,0.0,1.0806695,2521564.0,18.7142857143,82.3047042857,1,0.0,0,60.9750738571,46.4661805714,23.9177171429,27.8571428571,44.0,,,,,12525,2022-10-16
1666483200000,202243,208.0,208,208.0,208,0.3146702,8.248849,0,2,310620020224319684,2023-11-23,Belo Horizonte,0.0,0.95434237,2521564.0,19.1428571429,88.378022,1,0.0,0,68.5430292857,53.3474537143,23.5084032857,27.2857142857,39.0,,,,,12525,2022-10-23
1667088000000,202244,171.0,171,171.0,171,0.010553025,6.7815056,0,2,310620020224419684,2023-11-23,Belo Horizonte,0.0,0.790636,2521564.0,16.5714285714,94.8881985714,1,0.0,0,77.0345925714,61.1009037143,20.5756302857,24.2857142857,22.0,,,,,12525,2022-10-30
1667692800000,202245,240.0,240,240.0,240,0.9492679,9.517902,0,2,310620020224519684,2023-11-23,Belo Horizonte,0.0,1.1679875,2521564.0,17.5714285714,87.6974962857,1,0.0,0,69.7560957143,53.2710741429,22.2703082857,26.5714285714,15.0,,,,,12525,2022-11-06
1668297600000,202246,271.0,271,271.0,271,0.99886245,10.747298,0,2,310620020224619684,2023-11-23,Belo Horizonte,0.0,1.3244524,2521564.0,19.0,92.6247814286,1,1.0,1,78.336124,61.3010725714,22.3114495714,26.1428571429,14.0,,,,,12525,2022-11-13
1668902400000,202247,260.0,260,260.0,260,0.9197062,10.311061,0,2,310620020224719684,2023-11-23,Belo Horizonte,0.0,1.1353247,2521564.0,18.7142857143,88.9551705714,1,0.0,1,72.8165285714,60.4029921429,22.5191407143,25.7142857143,21.0,,,,,12525,2022-11-20
1669507200000,202248,193.0,193,193.0,193,0.0034538365,7.65398,0,2,310620020224819684,2023-11-23,Belo Horizonte,0.0,0.7729144,2521564.0,18.8571428571,96.5631842857,1,0.0,0,77.8445528571,57.8944707143,22.8804268571,27.1428571429,6.0,,,,,12525,2022-11-27
1670112000000,202249,189.0,189,189.0,189,0.011899251,7.495348,0,2,310620020224919708,2023-12-17,Belo Horizonte,0.0,0.8026246,2521564.0,19.7142857143,96.5631842857,1,0.0,0,79.9800725714,64.0829381429,23.285714,26.2857142857,3.0,,,,,12525,2022-12-04
1670716800000,202250,186.0,186,186.0,186,0.13214293,7.3763742,0,2,310620020225019718,2023-12-27,Belo Horizonte,0.0,0.8936604,2521564.0,19.0,96.957019,1,0.0,0,83.4048386667,68.8072046667,21.772549,24.8333333333,6.0,,,,,12525,2022-12-11
1671321600000,202251,167.0,167,167.0,167,0.11192824,6.622874,0,2,310620020225119718,2023-12-27,Belo Horizonte,0.0,0.8791996,2521564.0,19.0,100.0,1,0.0,0,85.3505775,71.886743,21.921568,25.0,3.0,,,,,12525,2022-12-18
1671926400000,202252,277.0,277,277.0,277,0.9999875,10.985246,0,2,310620020225219734,2024-01-12,Belo Horizonte,0.0,1.4842906,2521564.0,18.6666666667,95.9680933333,1,1.0,1,90.6906413333,83.3224723333,20.3415036667,22.3333333333,16.0,,,,,12525,2022-12-25
1672531200000,202301,464.0,464,464.0,464,1.0,18.401278,0,3,310620020230119740,2024-01-18,Belo Horizonte,0.0,2.1475081,2521564.0,19.1428571429,100.0,1,1.0,1,88.3807742857,71.2474151429,21.9731092857,25.4285714286,94.0,,,,,65991,2023-01-01
1673136000000,202302,542.0,542,542.0,542,1.0,21.494596,0,3,310620020230219747,2024-01-25,Belo Horizonte,0.0,1.7982165,2521564.0,19.2857142857,98.34806,1,1.0,1,89.5748041429,73.1061571429,21.7016805714,24.8571428571,107.0,,,,,65991,2023-01-08
1673740800000,202303,638.0,638,638.0,638,1.0,25.301758,0,3,310620020230319747,2024-01-25,Belo Horizonte,0.0,1.4941833,2521564.0,22.7142857143,78.7611492857,1,1.0,1,78.7611492857,78.7611492857,22.7142857143,22.7142857143,133.0,,,,,65991,2023-01-15
1674345600000,202304,680.0,680,680.0,680,0.99997556,26.96739,0,3,310620020230419752,2024-01-30,Belo Horizonte,0.0,1.2628565,2521564.0,21.1428571429,94.3523417143,1,1.0,1,93.1457474286,91.9391545714,21.2857142857,21.4285714286,144.0,,,,,65991,2023-01-22
1674950400000,202305,921.0,921,921.0,921,1.0,36.524952,0,3,310620020230519759,2024-02-06,Belo Horizonte,0.0,1.4651064,2521564.0,22.0,80.5448068571,1,1.0,1,74.6444375714,68.859215,23.5,25.0,231.0,,,,,65991,2023-01-29
1675555200000,202306,1021.0,1021,1021.0,1021,1.0,42.671852,0,3,310620020230619768,2024-02-15,Belo Horizonte,0.0,1.3862457,2392678.0,22.8571428571,79.9873392857,1,1.0,1,79.5798778571,79.172415,22.8571428571,22.8571428571,267.0,,,,,65991,2023-02-05
1676160000000,202307,951.0,951,951.0,951,0.97252053,39.746258,0,3,310620020230719773,2024-02-20,Belo Horizonte,0.0,1.0941684,2392678.0,21.3529411765,86.6140576471,1,1.0,1,85.09513,83.5762044118,21.7941176471,22.2352941176,307.0,,,,,65991,2023-02-12
1676764800000,202308,1394.0,1394,1394.0,1394,1.0,58.261078,0,3,310620020230819780,2024-02-27,Belo Horizonte,0.0,1.4259201,2392678.0,20.2857142857,90.0406971429,1,1.0,1,73.5648905714,60.7775267143,24.2689075714,27.1428571429,409.0,,,,,65991,2023-02-19
1677369600000,202309,2121.0,2121,2121.0,2121,1.0,88.64544,0,3,310620020230919787,2024-03-05,Belo Horizonte,0.0,1.8721247,2392678.0,23.7407407407,71.5983392593,1,1.0,2,70.4161414815,69.2339437037,23.962962963,24.1851851852,700.0,,,,,65991,2023-02-26
1677974400000,202310,2348.0,2348,2348.0,2348,1.0,98.13272,0,3,310620020231019794,2024-03-12,Belo Horizonte,0.0,1.5795002,2392678.0,22.8518518519,80.1171434815,1,1.0,2,78.3835018519,76.6498614815,23.1296296296,23.4074074074,910.0,,,,,65991,2023-03-05
1678579200000,202311,2678.0,2678,2678.0,2678,1.0,111.9248,0,4,310620020231119801,2024-03-19,Belo Horizonte,0.0,1.3715377,2392678.0,22.28,76.54554856,1,1.0,2,73.3652404,70.18493768,22.72,23.16,974.0,,,,,65991,2023-03-12
1679184000000,202312,3328.0,3328,3328.0,3328,1.0,139.091,0,4,310620020231219808,2024-03-26,Belo Horizonte,0.0,1.4117875,2392678.0,20.7142857143,77.4269508571,1,1.0,2,58.7231175714,46.5660285714,25.2226892857,28.5714285714,1097.0,,,,,65991,2023-03-19
1679788800000,202313,4193.0,4193,4193.0,4193,1.0,175.24297,0,4,310620020231319815,2024-04-02,Belo Horizonte,0.0,1.5033752,2392678.0,21.92,67.13542992,1,1.0,2,56.77042752,50.13275448,24.89882344,27.12,1398.0,,,,,65991,2023-03-26
1680393600000,202314,3653.0,3653,3653.0,3653,0.9999595,152.67412,0,4,310620020231419821,2024-04-08,Belo Horizonte,0.0,1.0990257,2392678.0,19.4285714286,81.4709045714,1,1.0,2,61.3822124286,45.0425321429,24.5714287143,28.5714285714,1377.0,,,,,65991,2023-04-02
1680998400000,202315,4910.0,4910,4910.0,4910,1.0,205.2094,0,4,310620020231519828,2024-04-15,Belo Horizonte,0.0,1.2981389,2392678.0,18.8571428571,90.7240914286,1,1.0,2,72.1067662857,56.1635272857,22.9747897143,26.8571428571,2074.0,,,,,65991,2023-04-09
1681603200000,202316,4140.0,4140,4140.0,4140,0.7620501,173.02788,0,4,310620020231619835,2024-04-22,Belo Horizonte,0.0,1.0158547,2392678.0,17.7142857143,85.8301271429,1,0.0,2,66.1555124286,48.590536,22.4705885714,26.4285714286,1735.0,,,,,65991,2023-04-16
1682208000000,202317,3784.0,3784,3784.0,3784,8.7e-09,158.14915,0,4,310620020231719842,2024-04-29,Belo Horizonte,0.0,0.8819934,2392678.0,18.2857142857,86.0231085714,1,0.0,2,68.9673728571,55.6621497143,22.4201677143,25.8571428571,1487.0,,,,,65991,2023-04-23
1682812800000,202318,3884.0,3884,3884.0,3884,0.0004652786,162.32857,0,4,310620020231819849,2024-05-06,Belo Horizonte,0.0,0.9289029,2392678.0,19.4,74.40289376,1,0.0,2,73.31531776,72.22774272,19.72,20.04,1493.0,,,,,65991,2023-04-30
1683417600000,202319,3932.0,3932,3932.0,3932,0.43929887,164.33469,0,4,310620020231919856,2024-05-13,Belo Horizonte,0.0,0.99656415,2392678.0,19.84,71.94215976,1,0.0,2,67.81735836,63.18877908,20.8682352,21.84,1358.0,,,,,65991,2023-05-07
1684022400000,202320,3071.0,3071,3071.0,3071,0.0,128.34991,0,4,310620020232019863,2024-05-20,Belo Horizonte,0.0,0.8022097,2392678.0,16.4285714286,73.8385245714,1,0.0,2,62.6718122857,55.0943697143,19.2100841429,21.1428571429,1067.0,,,,,65991,2023-05-14
1684627200000,202321,1991.0,1991,1991.0,1991,0.0,83.2122,0,4,310620020232119870,2024-05-27,Belo Horizonte,0.0,0.55577886,2392678.0,15.4074074074,82.2303551852,0,0.0,1,66.989443,56.2710687407,19.3050109259,21.962962963,618.0,,,,,65991,2023-05-21
1685232000000,202322,1633.0,1633,1633.0,1633,0.0,68.249886,0,1,310620020232219877,2024-06-03,Belo Horizonte,0.0,0.54917634,2392678.0,18.4583333333,70.4512139167,1,0.0,1,69.7616470833,69.07207975,18.625,18.7916666667,591.0,,,,,65991,2023-05-28
1685836800000,202323,1242.0,1242,1242.0,1242,0.0,51.908363,0,1,310620020232319884,2024-06-10,Belo Horizonte,,0.5570507,2392678.0,10.3159571429,91.4476857143,0,0.0,1,70.3547285714,40.6101285714,16.2680285714,23.7151857143,472.0,,,,,65991,2023-06-04
1686441600000,202324,1124.0,1124,1124.0,1124,0.0,46.97665,0,1,310620020232419884,2024-06-10,Belo Horizonte,,0.66976213,2392678.0,14.7742714286,90.3298,0,0.0,1,73.4561142857,52.0543857143,19.0711142857,24.4066857143,367.0,,,,,65991,2023-06-11
1687046400000,202325,827.0,827,827.0,827,0.0,34.56378,0,1,310620020232519898,2024-06-24,Belo Horizonte,0.0,0.6222994,2392678.0,15.8571428571,71.8127874286,0,0.0,1,70.8830712857,69.9533558571,16.1428571429,16.4285714286,266.0,,,,,65991,2023-06-18
1687651200000,202326,528.0,528,528.0,528,0.0,22.067324,0,1,310620020232619905,2024-07-01,Belo Horizonte,0.0,0.49117735,2392678.0,17.2857142857,66.8733322857,1,0.0,1,65.4322764286,63.9912174286,17.7142857143,18.1428571429,145.0,,,,,65991,2023-06-25
1688256000000,202327,361.0,361,361.0,361,0.0,15.087697,0,1,310620020232719913,2024-07-09,Belo Horizonte,0.0,0.43825743,2392678.0,15.1428571429,63.0143128571,0,0.0,1,60.0012557143,56.9881992857,15.6428571429,16.1428571429,106.0,,,,,65991,2023-07-02
1688860800000,202328,443.0,443,443.0,443,2.8427e-06,18.514818,0,1,310620020232819919,2024-07-15,Belo Horizonte,,0.7528477,2392678.0,13.9663285714,81.6063285714,0,0.0,1,61.9394857143,40.4970857143,19.2195285714,25.7384428571,120.0,,,,,65991,2023-07-09
1689465600000,202329,391.0,391,391.0,391,0.02105545,16.341522,0,1,310620020232919929,2024-07-25,Belo Horizonte,,0.8691153,2392678.0,14.7732,89.4788428571,0,0.0,1,72.7575142857,49.6650857143,18.7028,24.0926571429,117.0,,,,,65991,2023-07-16
1690070400000,202330,371.0,371,371.0,371,0.07590435,15.505638,0,1,310620020233019934,2024-07-30,Belo Horizonte,,0.9025694,2392678.0,14.0075714286,90.9546142857,0,0.0,1,73.4815142857,49.9767428571,18.3951285714,23.9352142857,136.0,,,,,65991,2023-07-23
1690675200000,202331,361.0,361,361.0,361,0.11207932,15.087697,0,1,310620020233119941,2024-08-06,Belo Horizonte,,0.9153505,2392678.0,12.3055857143,89.1080428571,0,0.0,1,66.4794285714,37.7641571429,18.3221,25.8105571429,93.0,,,,,65991,2023-07-30
1691280000000,202332,352.0,352,352.0,352,0.20111139,14.711549,0,1,310620020233219949,2024-08-14,Belo Horizonte,,0.93975884,2392678.0,13.4877,85.0842142857,0,0.0,1,62.7679428571,36.4982285714,19.3709428571,26.4500857143,103.0,,,,,65991,2023-08-06
1691884800000,202333,298.0,298,298.0,298,0.009329311,12.454664,0,1,310620020233319956,2024-08-21,Belo Horizonte,,0.8319951,2392678.0,14.9573142857,88.4767285714,0,0.0,1,68.1627714286,45.6093,19.5953285714,25.0084714286,95.0,,,,,65991,2023-08-13
1692489600000,202334,294.0,294,294.0,294,0.041277517,12.287487,0,1,310620020233419962,2024-08-27,Belo Horizonte,,0.87089676,2392678.0,15.563,78.2022,0,0.0,1,57.9994857143,35.9343285714,21.4909285714,28.1155857143,78.0,,,,,65991,2023-08-20
1693094400000,202335,337.0,337,337.0,337,0.8102819,14.084637,0,1,310620020233519969,2024-09-03,Belo Horizonte,,1.071267,2392678.0,16.0167714286,91.1254285714,1,0.0,1,80.0449857143,63.4400714286,19.2117857143,23.8831714286,97.0,,,,,65991,2023-08-27
1693699200000,202336,254.0,254,254.0,254,0.014901701,10.61572,0,1,310620020233619978,2024-09-12,Belo Horizonte,,0.83194375,2392678.0,16.6836,87.8344428571,1,0.0,1,70.1350285714,47.4281142857,20.8744,26.3904142857,66.0,,,,,65991,2023-09-03
1694304000000,202337,361.0,361,361.0,361,0.9862269,15.087697,0,2,310620020233719984,2024-09-18,Belo Horizonte,,1.1865928,2392678.0,16.0385285714,85.0075428571,1,1.0,1,62.5682285714,37.7227285714,21.2299857143,27.8941,107.0,,,,,65991,2023-09-10
1694908800000,202338,370.0,370,370.0,370,0.9919487,15.463844,0,3,310620020233819990,2024-09-24,Belo Horizonte,,1.2034663,2392678.0,16.3706,83.9037142857,1,1.0,1,61.1732285714,36.2223714286,22.263,29.241,114.0,,,,,65991,2023-09-17
1695513600000,202339,377.0,377,377.0,377,0.9428583,15.756404,0,3,310620020233919998,2024-10-02,Belo Horizonte,,1.1257064,2392678.0,19.6504,79.0000285714,1,0.0,1,60.1669714286,40.3504857143,24.6557428571,30.6342,104.0,,,,,65991,2023-09-24
1696118400000,202340,422.0,422,422.0,422,0.9804386,17.637142,0,2,310620020234020005,2024-10-09,Belo Horizonte,,1.1586586,2392678.0,19.6164428571,90.8247571429,1,1.0,1,75.3414285714,55.3923857143,23.3545571429,28.2439571429,129.0,,,,,65991,2023-10-01
1696723200000,202341,348.0,348,348.0,348,0.107306525,14.544373,0,2,310620020234120012,2024-10-16,Belo Horizonte,,0.91220605,2392678.0,20.2129428571,82.5281857143,1,0.0,1,67.4760285714,50.2635714286,24.3387142857,29.2541,134.0,,,,,65991,2023-10-08
1697328000000,202342,431.0,431,431.0,431,0.9305417,18.013288,0,2,310620020234220019,2024-10-23,Belo Horizonte,,1.1089282,2392678.0,19.4484285714,84.6964428571,1,0.0,1,68.8256571429,49.9126428571,23.1805571429,27.8852428571,191.0,,,,,65991,2023-10-15
1697932800000,202343,389.0,389,389.0,389,0.51032865,16.257933,0,2,310620020234320026,2024-10-30,Belo Horizonte,,1.0018582,2392678.0,19.5360857143,86.3817142857,1,0.0,1,67.8469714286,45.8225428571,23.7573285714,29.4175142857,187.0,,,,,65991,2023-10-22
1698537600000,202344,353.0,353,353.0,353,0.06737374,14.753344,0,2,310620020234420032,2024-11-05,Belo Horizonte,,0.89630216,2392678.0,20.1380428571,91.4109142857,1,0.0,1,77.5494428571,56.2910428571,23.6337142857,28.8764571429,207.0,,,,,65991,2023-10-29
1699142400000,202345,502.0,502,502.0,502,0.99987394,20.980675,0,2,310620020234520039,2024-11-12,Belo Horizonte,,1.2783062,2392678.0,17.4412428571,79.6095428571,1,1.0,1,57.0598285714,32.2256857143,23.2231142857,30.0732857143,252.0,,,,,65991,2023-11-05
1699747200000,202346,342.0,342,342.0,342,0.016879521,14.293608,0,2,310620020234620046,2024-11-19,Belo Horizonte,,0.85552,2392678.0,22.1484714286,65.9012714286,1,0.0,1,47.2476428571,27.8381142857,28.0674142857,34.9656571429,203.0,,,,,65991,2023-11-12
1700352000000,202347,429.0,429,429.0,429,0.69055045,17.9297,0,2,310620020234720056,2024-11-29,Belo Horizonte,,1.0348306,2392678.0,20.7196857143,85.4544857143,1,0.0,1,68.0070571429,49.6032571429,24.5658571429,29.1248571429,281.0,,,,,65991,2023-11-19
1700956800000,202348,440.0,440,440.0,440,0.87673044,18.389437,0,2,310620020234820060,2024-12-03,Belo Horizonte,,1.0829169,2392678.0,19.8202285714,83.6272285714,1,0.0,1,64.8908,46.8351571429,23.9231142857,28.7535142857,349.0,,,,,65991,2023-11-26
1701561600000,202349,390.0,390,390.0,390,0.23805976,16.299728,0,2,310620020234920067,2024-12-10,Belo Horizonte,,0.9508845,2392678.0,20.5366428571,85.5522142857,1,0.0,1,64.4494142857,41.9133857143,25.0263428571,30.2248428571,324.0,,,,,65991,2023-12-03
1702166400000,202350,373.0,373,373.0,373,0.068799295,15.589227,0,2,310620020235020074,2024-12-17,Belo Horizonte,,0.8995781,2392678.0,19.6185857143,84.7835428571,1,0.0,1,63.9150142857,42.2483571429,24.0094857143,29.2690285714,324.0,,,,,65991,2023-12-10
1702771200000,202351,339.0,339,339.0,339,0.018667845,14.168225,0,2,310620020235120081,2024-12-24,Belo Horizonte,,0.85744077,2392678.0,19.9006142857,83.0505428571,1,0.0,1,66.3766285714,49.1085,23.6562,28.1210571429,315.0,,,,,65991,2023-12-17
1703376000000,202352,665.0,665,665.0,665,1.0,27.793125,0,2,310620020235220088,2024-12-31,Belo Horizonte,,1.71919,2392678.0,20.3058285714,91.9355857143,1,1.0,1,77.4651571429,59.3793285714,23.7856428571,28.2496571429,492.0,,,,,65991,2023-12-24
1703980800000,202401,3331.0,3331,3331.0,3331,1.0,139.2164,0,3,310620020240120096,2025-01-08,Belo Horizonte,,5.652323,2392678.0,19.2435428571,94.8494142857,1,1.0,2,85.4367,74.3926,21.3942142857,24.0604571429,2293.0,,,,,342814,2023-12-31
1704585600000,202402,4387.0,4387,4387.0,4387,1.0,183.35104,0,3,310620020240220102,2025-01-14,Belo Horizonte,,3.1066895,2392678.0,19.9603285714,94.5506714286,1,1.0,2,80.9994142857,64.8197142857,22.9885714286,26.6670571429,3008.0,,,,,342814,2024-01-07
1705190400000,202403,6877.0,6877,6877.0,6877,1.0,287.41852,0,4,310620020240320109,2025-01-21,Belo Horizonte,,2.337035,2392678.0,20.2856857143,91.4125857143,1,1.0,2,76.0363857143,59.2513142857,24.064,28.2661142857,4724.0,,,,,342814,2024-01-14
1705795200000,202404,11958.0,11958,,11958,1.0,499.77472,0,4,310620020240420117,2025-01-29,Belo Horizonte,,2.4387767,2392678.0,18.9140142857,94.3111857143,1,1.0,2,81.6935571429,64.9131714286,22.1430142857,25.7068857143,8840.0,,,,,342814,2024-01-21
1706400000000,202405,17395.0,17395,,17395,1.0,727.00964,0,4,310620020240520123,2025-02-04,Belo Horizonte,,2.2242,2392678.0,19.3863285714,93.2810714286,1,1.0,2,79.8810142857,63.7780285714,22.4734285714,26.0205571429,13691.0,,,,,342814,2024-01-28
1707004800000,202406,20999.0,20999,,20999,1.0,877.63586,0,4,310620020240620130,2025-02-11,Belo Horizonte,,1.7454628,2392678.0,18.5945571429,94.2000571429,1,1.0,2,77.6358285714,58.7671571429,22.2874142857,26.1391428571,17529.0,,,,,342814,2024-02-04
1707609600000,202407,22365.0,22365,,22365,1.0,934.7267,0,4,310620020240720137,2025-02-18,Belo Horizonte,,1.3542706,2392678.0,18.8399714286,93.0703285714,1,1.0,2,77.0328142857,58.8276285714,22.7228142857,26.9856857143,18693.0,,,,,342814,2024-02-11
1708214400000,202408,29815.0,29815,,29815,1.0,1246.0933,0,4,310620020240820145,2025-02-26,Belo Horizonte,,1.4697789,2392678.0,19.071,97.2212142857,1,1.0,2,88.0511571429,75.3408142857,21.4281714286,24.4206714286,26034.0,,,,,342814,2024-02-18
1708819200000,202409,30283.0,30283,,30283,1.0,1265.653,0,4,310620020240920154,2025-03-07,Belo Horizonte,,1.2699131,2392678.0,19.1509428571,93.4118142857,1,1.0,2,75.7216857143,55.1041,23.5800857143,28.2871857143,26797.0,,,,,342814,2024-02-25
1709424000000,202410,28890.0,28890,,28890,1.0,1207.4337,0,4,310620020241020158,2025-03-11,Belo Horizonte,,1.054139,2392678.0,19.7649142857,93.0800142857,1,1.0,2,78.1004571429,59.9002857143,23.1735285714,27.1962,26199.0,,,,,342814,2024-03-03
1710028800000,202411,27870.0,27870,,27870,1.467e-07,1164.8036,0,4,310620020241120165,2025-03-18,Belo Horizonte,,0.95793736,2392678.0,19.4988285714,92.8358,1,0.0,2,74.9673571429,55.8630285714,23.5915571429,27.6785428571,24859.0,,,,,342814,2024-03-10
1710633600000,202412,26397.0,26397,,26397,0.0,1103.2408,0,4,310620020241220172,2025-03-25,Belo Horizonte,,0.91867846,2392678.0,20.3100857143,92.7059571429,1,0.0,2,78.9558571429,62.7966571429,23.5653714286,26.9526857143,23891.0,,,,,342814,2024-03-17
1711238400000,202413,19283.0,19283,,19283,0.0,805.91705,0,4,310620020241320179,2025-04-01,Belo Horizonte,,0.70604986,2392678.0,18.6773714286,92.757,1,0.0,2,81.4087857143,65.4412714286,21.5153857143,24.9636571429,17327.0,,,,,342814,2024-03-24
1711843200000,202414,20013.0,20013,,20013,0.0,836.4268,0,4,310620020241420188,2025-04-10,Belo Horizonte,,0.80946374,2392678.0,18.2378285714,94.3263142857,1,0.0,2,76.878,54.8243857143,22.6103285714,27.1767142857,17783.0,,,,,342814,2024-03-31
1712448000000,202415,15458.0,15458,,15458,0.0,646.0543,0,4,310620020241520192,2025-04-14,Belo Horizonte,,0.72247297,2392678.0,17.6956,89.7362,1,0.0,2,70.7368142857,48.3936285714,21.9633,26.8106,13517.0,,,,,342814,2024-04-07
1713052800000,202416,11908.0,11908,,11908,0.0,497.68503,0,4,310620020241620201,2025-04-23,Belo Horizonte,,0.64069617,2392678.0,17.3072142857,90.3588857143,1,0.0,2,71.4634714286,47.9065142857,21.5012285714,26.5608714286,10372.0,,,,,342814,2024-04-14
1713657600000,202417,8999.0,8999,8999.0,8999,0.0,376.10577,0,4,310620020241720207,2025-04-29,Belo Horizonte,,0.5791265,2392678.0,16.5666285714,91.7173,1,0.0,2,69.5779714286,43.7826571429,21.6512285714,27.116,7747.0,,,,,342814,2024-04-21
1714262400000,202418,7520.0,7520,7520.0,7520,0.0,314.29218,0,4,310620020241820214,2025-05-06,Belo Horizonte,,0.61417603,2392678.0,16.3765714286,90.1962571429,1,0.0,2,63.3237,35.7930571429,22.6657,28.8954714286,6418.0,,,,,342814,2024-04-28
1714867200000,202419,5555.0,5555,5555.0,5555,0.0,232.16664,0,4,310620020241920224,2025-05-16,Belo Horizonte,,0.5836975,2392678.0,15.7816,92.5287,0,0.0,2,68.9985714286,43.2747428571,21.2236,26.9003285714,4721.0,,,,,342814,2024-05-05
1715472000000,202420,3959.0,3959,3959.0,3959,0.0,165.46313,0,4,310620020242020227,2025-05-19,Belo Horizonte,,0.53143954,2392678.0,15.7257,85.2127,0,0.0,2,59.8503,35.1047571429,21.7276857143,27.5767,3288.0,,,,,342814,2024-05-12
1716076800000,202421,2912.0,2912,2912.0,2912,0.0,121.704636,0,4,310620020242120236,2025-05-28,Belo Horizonte,,0.51162803,2392678.0,14.6053428571,88.5730857143,0,0.0,2,64.1295142857,39.6714285714,20.4932,26.2585571429,2345.0,,,,,342814,2024-05-19
1716681600000,202422,1756.0,1756,1756.0,1756,0.0,73.39057,0,4,310620020242220242,2025-06-03,Belo Horizonte,,0.4210737,2392678.0,14.1884571429,90.6061571429,0,0.0,1,68.6846428571,45.6415285714,19.0871571429,24.1515714286,1303.0,,,,,342814,2024-05-26
1717286400000,202423,1389.0,1389,1389.0,1389,0.0,58.05211,0,1,310620020242320249,2025-06-10,Belo Horizonte,,0.47023326,2392678.0,13.1830571429,89.6114142857,0,0.0,1,64.6711,40.6078571429,18.6199571429,24.2521571429,852.0,,,,,342814,2024-06-02
1717891200000,202424,1196.0,1196,1196.0,1196,0.0,49.985832,0,1,310620020242420256,2025-06-17,Belo Horizonte,,0.5847921,2392678.0,11.6049285714,89.4749857143,0,0.0,1,64.3781142857,36.6678571429,18.0606428571,24.9135142857,720.0,,,,,342814,2024-06-09
1718496000000,202425,999.0,999,999.0,999,0.0,41.75238,0,1,310620020242520263,2025-06-24,Belo Horizonte,,0.6669412,2392678.0,12.1427428571,91.1704,0,0.0,1,63.6540428571,36.2403428571,18.2451428571,24.3832,591.0,,,,,342814,2024-06-16
1719100800000,202426,790.0,790,790.0,790,0.0,33.0174,0,1,310620020242620270,2025-07-01,Belo Horizonte,,0.65513104,2392678.0,14.2769285714,80.0614,0,0.0,1,57.7994714286,37.7805142857,19.8134428571,25.2424714286,451.0,,,,,342814,2024-06-23
1719705600000,202427,535.0,535,535.0,535,0.0,22.359882,0,1,310620020242720278,2025-07-09,Belo Horizonte,,0.53977495,2392678.0,12.7465,87.7943571429,0,0.0,1,61.3447857143,37.4669714286,18.6975142857,24.3492571429,299.0,,,,,342814,2024-06-30
1720310400000,202428,380.0,380,380.0,380,0.0,15.881786,0,1,310620020242820284,2025-07-15,Belo Horizonte,,0.48853707,2392678.0,13.7564857143,86.6859428571,0,0.0,1,59.9038857143,34.6099714286,19.7133142857,25.9067428571,182.0,,,,,342814,2024-07-07
1720915200000,202429,231.0,231,231.0,231,0.0,9.654454,0,1,310620020242920291,2025-07-22,Belo Horizonte,,0.40637693,2392678.0,11.5890857143,87.0595571429,0,0.0,0,60.1604571429,36.1801285714,17.8395571429,24.0331,102.0,,,,,342814,2024-07-14
1721520000000,202430,229.0,229,229.0,229,0.0,9.570866,0,1,310620020243020298,2025-07-29,Belo Horizonte,,0.57747495,2392678.0,10.7447285714,87.4565,0,0.0,0,57.6256857143,32.2849,17.7254571429,24.5298571429,96.0,,,,,342814,2024-07-21
1722124800000,202431,234.0,234,234.0,234,0.012923275,9.779837,0,1,310620020243120305,2025-08-05,Belo Horizonte,,0.82199997,2392678.0,13.3922857143,82.3773,0,0.0,0,59.9464714286,37.2825142857,18.8438,24.3727857143,116.0,,,,,342814,2024-07-28
1722729600000,202432,258.0,258,258.0,258,0.7796209,10.782897,0,1,310620020243220312,2025-08-12,Belo Horizonte,,1.0714345,2392678.0,14.9371714286,82.7718857143,0,0.0,1,57.6165571429,33.4511428571,19.9252428571,25.5321714286,105.0,,,,,342814,2024-08-04
1723334400000,202433,232.0,232,232.0,232,0.39182168,9.696248,0,1,310620020243320321,2025-08-21,Belo Horizonte,,0.9750073,2392678.0,11.5783142857,80.2148571429,0,0.0,0,49.6270857143,25.4103,18.9225714286,26.4101142857,110.0,,,,,342814,2024-08-11
1723939200000,202434,270.0,270,270.0,270,0.8772748,11.284427,0,1,310620020243420328,2025-08-28,Belo Horizonte,,1.1079088,2392678.0,13.8057142857,71.9243428571,0,0.0,1,43.7092428571,22.2510428571,21.5910142857,29.0395428571,124.0,,,,,342814,2024-08-18
1724544000000,202435,224.0,224,224.0,224,0.15388726,9.361895,0,1,310620020243520333,2025-09-02,Belo Horizonte,,0.9102383,2392678.0,13.1819142857,79.7467,0,0.0,0,56.1297714286,33.3608285714,19.2072142857,25.4911285714,72.0,,,,,342814,2024-08-25
1725148800000,202436,268.0,268,268.0,268,0.81669295,11.200838,0,1,310620020243620340,2025-09-09,Belo Horizonte,,1.0827392,2392678.0,15.8779,63.9500857143,0,0.0,1,39.4438571429,20.8556285714,23.6857428571,31.0221285714,59.0,,,,,342814,2024-09-01
1725753600000,202437,270.0,270,270.0,270,0.8353571,11.284427,0,1,310620020243720347,2025-09-16,Belo Horizonte,,1.0894923,2392678.0,15.6042857143,70.7157428571,0,0.0,1,44.7526571429,23.8910142857,22.6974714286,29.5638571429,61.0,,,,,342814,2024-09-08
1726358400000,202438,300.0,300,300.0,300,0.9614277,12.538252,0,1,310620020243820354,2025-09-23,Belo Horizonte,,1.1614943,2392678.0,16.7323285714,72.5690714286,1,1.0,1,50.0056285714,31.2238,22.8904857143,28.9507714286,70.0,,,,,342814,2024-09-15
1726963200000,202439,302.0,302,302.0,302,0.87168336,12.6218405,0,1,310620020243920363,2025-10-02,Belo Horizonte,,1.0990568,2392678.0,18.1680714286,70.4590142857,1,0.0,1,45.3062285714,29.2508142857,24.3953142857,30.2936,73.0,,,,,342814,2024-09-22
1727568000000,202440,379.0,379,379.0,379,0.99948245,15.839992,0,2,310620020244020368,2025-10-07,Belo Horizonte,,1.2888907,2392678.0,18.2200142857,74.4629142857,1,1.0,1,50.7142142857,30.5949142857,23.9386285714,29.8284,122.0,,,,,342814,2024-09-29
1728172800000,202441,363.0,363,363.0,363,0.9495034,15.171285,0,2,310620020244120376,2025-10-15,Belo Horizonte,,1.1337618,2392678.0,18.9078857143,81.3417142857,1,0.0,1,61.571,40.6757142857,24.0474285714,30.2,93.0,,,,,342814,2024-10-06
1728777600000,202442,322.0,322,322.0,322,0.16741857,13.457724,0,2,310620020244220381,2025-10-20,Belo Horizonte,,0.92815495,2392678.0,18.5391142857,81.8147,1,0.0,1,65.0058428571,46.2948571429,22.6919142857,27.5079142857,87.0,,,,,342814,2024-10-13
1729382400000,202443,364.0,364,364.0,364,0.67642474,15.213079,0,2,310620020244320389,2025-10-28,Belo Horizonte,,1.0347917,2392678.0,18.7724857143,92.5661428571,1,0.0,1,81.3443714286,67.1946285714,21.7299857143,25.5041285714,107.0,,,,,342814,2024-10-20
1729987200000,202444,377.0,377,377.0,377,0.8712128,15.756404,0,2,310620020244420395,2025-11-03,Belo Horizonte,,1.0878087,2392678.0,17.9954142857,92.2352571429,1,0.0,1,80.2874428571,67.3085857143,20.8223428571,24.3629428571,118.0,,,,,342814,2024-10-27
1730592000000,202445,506.0,506,506.0,506,0.9999994,21.147852,0,2,310620020244520404,2025-11-12,Belo Horizonte,,1.3939731,2392678.0,18.5728714286,93.2274285714,1,1.0,1,83.6160857143,71.2462857143,20.7188857143,23.6140428571,127.0,,,,,342814,2024-11-03
1731196800000,202446,575.0,575,575.0,575,0.99999994,24.03165,0,3,310620020244620411,2025-11-19,Belo Horizonte,,1.3990077,2392678.0,17.9078142857,93.0334,1,1.0,1,80.9090571429,65.5381428571,20.8139857143,24.3663857143,171.0,,,,,342814,2024-11-10
1731801600000,202447,666.0,666,666.0,666,0.9999999,27.834919,0,3,310620020244720418,2025-11-26,Belo Horizonte,,1.3611064,2392678.0,18.5697428571,93.1565285714,1,1.0,1,80.5762428571,66.9470714286,21.4276714286,24.8513571429,198.0,,,,,342814,2024-11-17
1732406400000,202448,726.0,726,726.0,726,0.9999876,30.34257,0,3,310620020244820425,2025-12-03,Belo Horizonte,,1.264389,2392678.0,17.1866,84.9200714286,1,1.0,1,66.1830857143,46.0067857143,21.8929714286,26.6850857143,193.0,,,,,342814,2024-11-24
1733011200000,202449,773.0,773,773.0,773,0.9993774,32.306896,0,3,310620020244920432,2025-12-10,Belo Horizonte,,1.1869045,2392678.0,19.1905571429,91.9036857143,1,1.0,1,75.6147428571,55.6660714286,23.0138285714,27.3670142857,206.0,,,,,342814,2024-12-01
1733616000000,202450,716.0,716,716.0,716,0.56245184,29.92463,0,3,310620020245020438,2025-12-16,Belo Horizonte,,1.0083573,2392678.0,19.1241428571,86.6336142857,1,0.0,1,68.9363428571,50.3745428571,23.2463,27.7558,229.0,,,,,342814,2024-12-08
1734220800000,202451,561.0,561,561.0,561,1.9002e-06,23.446531,0,2,310620020245120438,2025-12-16,Belo Horizonte,,0.77212465,2392678.0,19.0047714286,94.5635285714,1,0.0,1,80.0222,63.3528857143,22.2863285714,26.3336571429,213.0,,,,,342814,2024-12-15
1734825600000,202452,449.0,449,449.0,449,0.0,18.765585,0,2,310620020245220438,2025-12-16,Belo Horizonte,,0.66504496,2392678.0,19.3763,94.1596,1,0.0,1,84.7801857143,71.0238142857,21.5064571429,24.4226857143,160.0,,,,,342814,2024-12-22
